time,atmospheric-pressure,atmospheric-temperature,latitude,longitude,mean-displacement,speed
2024-04-25 00:00:17.181697+00:00,1.0065572133333334,25.72666666666667,-21.3132555,55.3206951,947.6811289293488,0.0
2024-04-25 00:05:19.871412+00:00,1.006753,25.6875,-21.3132555,55.3206951,947.6811289293488,0.0
2024-04-25 00:10:22.799583+00:00,1.00693829,25.74,-21.3132555,55.3206951,947.6811289293488,0.0
2024-04-25 00:15:25.592354+00:00,1.0071498719999998,25.683999999999997,-21.3132555,55.3206951,947.6811289293488,0.0
2024-04-25 00:20:28.898619+00:00,1.0075812499999999,25.660000000000004,-21.3132555,55.3206951,947.6811289293488,0.0
2024-04-25 00:25:21.426687+00:00,1.007965992,25.631999999999998,-21.3132555,55.3206951,947.6811289293488,0.0
2024-04-25 00:30:24.271478+00:00,1.0083923719999999,25.688,-21.3132555,55.3206951,947.6811289293488,0.0
2024-04-25 00:35:27.178331+00:00,1.008291596,25.625999999999998,-21.3132555,55.3206951,947.6811289293488,0.0
2024-04-25 00:40:30.593853+00:00,1.00765361,25.616000000000003,-21.3132555,55.3206951,947.6811289293488,0.0
2024-04-25 00:45:33.437965+00:00,1.007228928,25.644,-21.3132555,55.3206951,947.6811289293488,0.0
2024-04-25 00:50:26.233921+00:00,1.007723274,25.766000000000002,-21.3132555,55.3206951,947.6811289293488,0.0
2024-04-25 00:55:29.007658+00:00,1.007450634,25.758000000000003,-21.3132555,55.3206951,947.6811289293488,0.0
2024-04-25 01:00:32.403568+00:00,1.0077366060000001,25.772000000000002,-21.3132555,55.3206951,947.6811289293488,0.0
2024-04-25 01:05:35.230515+00:00,1.00832823,25.79,-21.3132555,55.3206951,947.6811289293488,0.0
2024-04-25 01:10:38.193713+00:00,1.009040814,25.869999999999997,-21.3132555,55.3206951,947.6811289293488,0.0
2024-04-25 01:15:31.231460+00:00,1.008581258,25.828000000000003,-21.3132555,55.3206951,947.6811289293488,0.0
2024-04-25 01:20:34.660918+00:00,1.008341996,25.827999999999996,-21.3132555,55.3206951,947.6811289293488,0.0
2024-04-25 01:25:37.439960+00:00,1.008455326,25.844,-21.3132555,55.3206951,947.6811289293488,0.0
2024-04-25 01:30:40.263825+00:00,1.008643412,25.941999999999997,-21.3132555,55.3206951,947.6811289293488,0.0
2024-04-25 01:35:43.280998+00:00,1.008436848,25.918,-21.3132555,55.3206951,947.6811289293488,0.0
2024-04-25 01:40:36.540078+00:00,1.008609804,25.926,-21.3132555,55.3206951,947.6811289293488,0.0
2024-04-25 01:45:39.362708+00:00,1.009294438,25.93,-21.3132555,55.3206951,947.6811289293488,0.0
2024-04-25 01:50:42.139610+00:00,1.009973724,25.982,-21.3132555,55.3206951,947.6811289293488,0.0
2024-04-25 01:55:45.271237+00:00,1.010529622,25.875999999999998,-21.3132555,55.3206951,947.6811289293488,0.0
2024-04-25 02:00:48.585588+00:00,1.010780318,25.79,-21.3132555,55.3206951,947.6811289293488,0.0
2024-04-25 02:05:41.188576+00:00,1.010731726,25.692,-21.3132555,55.3206951,947.6811289293488,0.0
2024-04-25 02:10:43.756278+00:00,1.0107977719999999,25.674,-21.3132555,55.3206951,947.6811289293488,0.0
2024-04-25 02:15:46.528083+00:00,1.009811928,25.577999999999996,-21.3132555,55.3206951,947.6811289293488,0.0
2024-04-25 02:20:49.886468+00:00,1.009120566,25.562,-21.3132555,55.3206951,947.6811289293488,0.0
2024-04-25 02:25:52.714437+00:00,1.009366688,25.574,-21.3132555,55.3206951,947.6811289293488,0.0
2024-04-25 02:30:45.617773+00:00,1.0099475,25.688,-21.3132555,55.3206951,947.6811289293488,0.0
2024-04-25 02:35:48.328263+00:00,1.01022042,25.706,-21.3132555,55.3206951,947.6811289293488,0.0
2024-04-25 02:40:51.584118+00:00,1.0107996240000001,25.758,-21.3132555,55.3206951,947.6811289293488,0.0
2024-04-25 02:45:54.208956+00:00,1.00909268,25.833999999999996,-21.3132555,55.3206951,947.6811289293488,0.0
2024-04-25 02:50:56.889350+00:00,1.00685952,26.157999999999998,-21.3132555,55.3206951,947.6811289293488,0.0
2024-04-25 02:55:59.610505+00:00,1.00327332,26.604000000000003,-21.3132555,55.3206951,947.6811289293488,0.0
2024-04-25 03:00:52.723282+00:00,1.0011732119999999,27.324,-21.3132555,55.3206951,947.6811289293488,0.0
2024-04-25 03:05:55.521059+00:00,0.999809626,28.242,-21.3132555,55.3206951,947.6811289293488,0.0
2024-04-25 03:10:58.304336+00:00,1.00095439,29.451999999999998,-21.3132555,55.3206951,947.6811289293488,0.0
2024-04-25 03:16:01.296840+00:00,1.003541264,30.576,-21.3132555,55.3206951,947.6811289293488,0.0
2024-04-25 03:21:04.353087+00:00,1.009313912,31.648000000000003,-21.3132555,55.3206951,947.6811289293488,0.0
2024-04-25 03:25:57.237727+00:00,1.013439714,32.528,-21.3132555,55.3206951,947.6811289293488,0.0
2024-04-25 03:30:59.995229+00:00,1.017557938,33.38,-21.3132555,55.3206951,947.6811289293488,0.0
2024-04-25 03:36:02.770156+00:00,1.0210516479999998,33.988,-21.3132555,55.3206951,947.6811289293488,0.0
2024-04-25 03:41:06.108313+00:00,1.0234104099999999,34.53,-21.3132555,55.3206951,947.6811289293488,0.0
2024-04-25 03:46:09.033411+00:00,1.023371382,35.047999999999995,-21.3132555,55.3206951,947.6811289293488,0.0
2024-04-25 03:51:01.769929+00:00,1.02357275,35.81,-21.3132555,55.3206951,947.6811289293488,0.0
2024-04-25 03:56:04.495685+00:00,1.024119612,36.592,-21.3132555,55.3206951,947.6811289293488,0.0
2024-04-25 04:01:08.005748+00:00,1.025071388,37.418,-21.3132555,55.3206951,947.6811289293488,0.0
2024-04-25 04:06:10.764517+00:00,1.027137814,38.194,-21.3132555,55.3206951,947.6811289293488,0.0
2024-04-25 04:11:13.634746+00:00,1.030537488,38.834,-21.3132555,55.3206951,947.6811289293488,0.0
2024-04-25 04:16:16.475082+00:00,1.031997442,39.136,-21.3132555,55.3206951,947.6811289293488,0.0
2024-04-25 04:21:09.646857+00:00,1.03277969,39.361999999999995,-21.3132555,55.3206951,947.6811289293488,0.0
2024-04-25 04:26:12.512178+00:00,1.033960118,39.57,-21.3132555,55.3206951,947.6811289293488,0.0
2024-04-25 04:31:15.321255+00:00,1.034334438,39.806,-21.3132555,55.3206951,947.6811289293488,0.0
2024-04-25 04:36:18.086064+00:00,1.036477134,40.074,-21.3132555,55.3206951,947.6811289293488,0.0
2024-04-25 04:41:11.349496+00:00,1.04052535,40.268,-21.3132555,55.3206951,947.6811289293488,0.0
2024-04-25 04:46:14.266112+00:00,1.050302268,40.06400000000001,-21.3132555,55.3206951,947.6811289293488,0.0
2024-04-25 04:51:17.175253+00:00,1.0569831559999998,39.18,-21.3132555,55.3206951,947.6811289293488,0.0
2024-04-25 04:56:19.883600+00:00,1.061793316,37.768,-21.3132555,55.3206951,947.6811289293488,0.0
2024-04-25 05:01:23.292705+00:00,1.0622258439999999,35.986,-21.3132555,55.3206951,947.6811289293488,0.0
2024-04-25 05:06:26.054463+00:00,1.061022474,34.098,-21.3132555,55.3206951,947.6811289293488,0.0
2024-04-25 05:11:18.833128+00:00,1.053226042,32.462,-21.3132555,55.3206951,947.6811289293488,0.0
2024-04-25 05:16:21.781559+00:00,1.04740507,31.308,-21.3132555,55.3206951,947.6811289293488,0.0
2024-04-25 05:21:25.299900+00:00,1.04262214,30.558,-21.3132555,55.3206951,947.6811289293488,0.0
2024-04-25 05:26:28.173525+00:00,1.03904826,30.116000000000003,-21.3132555,55.3206951,947.6811289293488,0.0
2024-04-25 05:31:31.070839+00:00,1.037362202,29.924,-21.3132555,55.3206951,947.6811289293488,0.0
2024-04-25 05:36:23.643202+00:00,1.036198926,29.701999999999998,-21.3132555,55.3206951,947.6811289293488,0.0
2024-04-25 05:41:27.136802+00:00,1.035066578,29.546,-21.3132555,55.3206951,947.6811289293488,0.0
2024-04-25 05:46:29.916362+00:00,1.0344573760000002,29.4,-21.3132555,55.3206951,947.6811289293488,0.0
2024-04-25 05:51:32.828841+00:00,1.0339654680000003,29.324,-21.3132555,55.3206951,947.6811289293488,0.0
2024-04-25 05:56:35.759048+00:00,1.032639954,29.162,-21.3132555,55.3206951,947.6811289293488,0.0
2024-04-25 06:01:29.326936+00:00,1.0319792920000002,29.05,-21.3132555,55.3206951,947.6811289293488,0.0
2024-04-25 06:06:32.319377+00:00,1.030256822,28.958,-21.3132555,55.3206951,947.6811289293488,0.0
2024-04-25 06:11:34.963586+00:00,1.029307422,28.974,-21.3132555,55.3206951,947.6811289293488,0.0
2024-04-25 06:16:37.811654+00:00,1.028783138,28.912,-21.3132555,55.3206951,947.6811289293488,0.0
2024-04-25 06:21:41.303452+00:00,1.027732388,28.886000000000003,-21.3132555,55.3206951,947.6811289293488,0.0
2024-04-25 06:26:34.340310+00:00,1.0269624480000001,28.862000000000002,-21.3132555,55.3206951,947.6811289293488,0.0
2024-04-25 06:31:37.449174+00:00,1.028067372,28.903999999999996,-21.3132555,55.3206951,947.6811289293488,0.0
2024-04-25 06:36:40.411699+00:00,1.027890998,28.834000000000003,-21.3132555,55.3206951,947.6811289293488,0.0
2024-04-25 06:41:43.831613+00:00,1.027355038,28.806,-21.3132555,55.3206951,947.6811289293488,0.0
2024-04-25 06:46:36.575483+00:00,1.027061174,28.82,-21.3132555,55.3206951,947.6811289293488,0.0
2024-04-25 06:51:39.459134+00:00,1.0275843679999999,28.862000000000002,-21.3132555,55.3206951,947.6811289293488,0.00023017171219082044
2024-04-25 06:56:42.378852+00:00,1.0269511560000002,28.734,-21.3132555,55.3206951,947.6811289293488,0.0005182628101966655
2024-04-25 07:01:45.853011+00:00,1.025869022,28.54,-21.313257836570155,55.32069735312122,948.0299773347085,0.0008063539058636441
2024-04-25 07:06:48.790385+00:00,1.024592532,28.296000000000003,-21.313260755931534,55.320700168219695,948.4658365091046,0.0010944449983020905
2024-04-25 07:11:41.745951+00:00,1.023436908,28.012,-21.31326357909975,55.320702890560476,948.8873345334143,0.006522778303194936
2024-04-25 07:16:44.834845+00:00,1.02000215,27.7,-21.313266499921305,55.32070570706697,949.3234126212129,0.012122226717170193
2024-04-25 07:21:48.257490+00:00,1.0171941859999998,27.522000000000002,-21.31321077497109,55.3207580739599,948.7700323989206,0.01766375677175965
2024-04-25 07:26:51.264848+00:00,1.014684544,27.466,-21.313150824334276,55.32081400351741,948.2239093501602,0.023205287834194056
2024-04-25 07:31:54.171134+00:00,1.0130909559999999,27.502,-21.313090893694746,55.32086991441893,947.7599265762406,0.028746819905793607
2024-04-25 07:36:47.115391+00:00,1.0118582159999998,27.588,-21.313032934063408,55.32092398651401,947.3892630770185,0.029148110794872062
2024-04-25 07:41:50.484124+00:00,1.011379438,27.722,-21.312972911927805,55.320979982774666,947.086406920256,0.029148115879589754
2024-04-25 07:46:53.404217+00:00,1.0113611800000002,27.868000000000002,-21.312912978556508,55.32103589622472,946.866307182632,0.029148120965226405
2024-04-25 07:51:56.242409+00:00,1.0123907820000002,28.018,-21.312853061389557,55.3210917945573,946.7285386467202,0.03010882678396739
2024-04-25 07:56:58.886806+00:00,1.01324032,28.136000000000003,-21.312793182565315,55.32114765711894,946.673075822492,0.031135794371528656
2024-04-25 08:01:52.224934+00:00,1.015150604,28.192,-21.312705173031354,55.32116550388704,941.6740073791711,0.03216276104997297
2024-04-25 08:06:55.136481+00:00,1.0166393580000002,28.186,-21.312613139287077,55.321182538053336,936.4018957498855,0.03318972683613448
2024-04-25 08:11:57.946017+00:00,1.015550728,28.194,-21.312521136536887,55.32119956648305,931.2174813656148,0.0342166917207094
2024-04-25 08:17:00.901879+00:00,1.01533664,28.166000000000004,-21.3124290893284,55.32121660314139,926.1179754747254,0.034282954981494626
2024-04-25 08:22:04.225840+00:00,1.014174156,28.133999999999997,-21.312336930280214,55.321233660499686,921.1013230347703,0.034282955595413965
2024-04-25 08:26:57.251292+00:00,1.012030618,28.156,-21.312247900232496,55.32125013872352,916.3409875535168,0.03428295621208958
2024-04-25 08:31:59.934536+00:00,1.01064224,28.194,-21.31215593585365,55.321267160051235,911.5139078564606,0.034282956829683485
2024-04-25 08:37:03.122952+00:00,1.0114102959999998,28.186,-21.312063817988186,55.321284209787194,906.7720657538375,0.03428295744301488
2024-04-25 08:42:06.591435+00:00,1.01072251,28.194,-21.311971615029826,55.32130127527266,902.1208185589553,0.034282958063342174
2024-04-25 08:47:09.402803+00:00,1.0099343959999998,28.232,-21.311879611723036,55.3213183038054,897.5758243904221,0.034282958680539447
2024-04-25 08:52:02.133393+00:00,1.010663124,28.308000000000003,-21.311790671263314,55.32133476544773,893.2748485450783,0.03428295929517503
2024-04-25 08:57:05.062697+00:00,1.01003513,28.407999999999998,-21.31169863212394,55.32135180061258,888.9214138261405,0.034282959910557
2024-04-25 09:02:08.540550+00:00,1.010710842,28.52,-21.311606426318733,55.321368866624965,884.6608697870895,0.034282960527518294
2024-04-25 09:07:11.421905+00:00,1.011874844,28.653999999999996,-21.31151440174774,55.32138589909341,880.5107259659128,0.044547968405923836
2024-04-25 09:12:14.299835+00:00,1.012790382,28.733999999999998,-21.311422378217376,55.32140293136925,876.4640017578395,0.06494153499436846
2024-04-25 09:22:10.141734+00:00,1.0131113500000002,28.744,-21.31096431461817,55.321376331025114,847.8567453629265,0.08533510227383463
2024-04-25 09:27:12.991025+00:00,1.0146822759999998,28.727999999999998,-21.310595397032323,55.32133328163052,824.3956002339517,0.1057286702084295
2024-04-25 09:32:15.929815+00:00,1.0133785620000002,28.708,-21.31022637042259,55.32129021951381,802.3654902224256,0.10079564044078204
2024-04-25 09:37:18.995359+00:00,1.0128030899999998,28.660000000000004,-21.309857189407005,55.32124713937932,781.8869003902671,0.08371649924917919
2024-04-25 09:42:12.378868+00:00,1.012508896,28.612000000000002,-21.309832023262448,55.32124364170123,780.4970286992323,0.05650879922190109
2024-04-25 09:47:15.420791+00:00,1.011332324,28.583999999999996,-21.3098320491127,55.32124302129524,780.438535808962,0.03091058030459532
2024-04-25 09:52:19.073408+00:00,1.010215974,28.566000000000003,-21.30983207501504,55.321242399639004,780.3799259660527,0.051100634057094266
2024-04-25 09:57:22.477096+00:00,1.010998004,28.544,-21.30981044996646,55.32123558692557,778.8257114421241,0.09661729860181731
2024-04-25 10:02:25.218486+00:00,1.010456548,28.534,-21.309186555030653,55.321056543060884,737.979419001269,0.1440150803962303
2024-04-25 10:07:17.966978+00:00,1.010770704,28.552,-21.30858325364,55.32088340908215,703.2148270342869,0.19056077469652272
2024-04-25 10:12:20.893962+00:00,1.011318704,28.546,-21.307958976229017,55.32070425545567,672.9183087858894,0.21308572670125964
2024-04-25 10:17:24.396265+00:00,1.01073058,28.542,-21.307345560598808,55.32052475294472,649.1874042147739,0.18982241728987373
2024-04-25 10:22:27.349681+00:00,1.009935284,28.536,-21.307061775014272,55.3203453395757,630.574960782985,0.16655910649297492
2024-04-25 10:27:30.182013+00:00,1.010269374,28.522,-21.30677810285267,55.32016599791431,613.5922861153306,0.14329579432744516
2024-04-25 10:32:23.177683+00:00,1.010737088,28.504,-21.3065036449885,55.31999248166561,598.8351395014885,0.1208845817015626
2024-04-25 10:37:26.611411+00:00,1.0107836940000001,28.476,-21.30621940948119,55.319812783848874,585.4218061106903,0.12088464146323363
2024-04-25 10:42:29.623883+00:00,1.0106234459999999,28.445999999999998,-21.305935568577002,55.31963333550597,574.0567380070553,0.1208847012242332
2024-04-25 10:47:32.498950+00:00,1.01101774,28.451999999999998,-21.305651856384387,55.319453968536386,564.846087851368,0.1211932594720783
2024-04-25 10:52:35.254492+00:00,1.01056336,28.476,-21.305368256154306,55.31927467235115,557.8929627456735,0.13017008426813756
2024-04-25 10:57:28.711478+00:00,1.00984835,28.5,-21.305091050784426,55.319096510593134,553.0831105848889,0.1391469284291856
2024-04-25 11:02:31.663906+00:00,1.00928048,28.528,-21.304740449034597,55.318790921762954,543.1075786213921,0.14812379203847154
2024-04-25 11:07:34.426993+00:00,1.009540912,28.580000000000002,-21.304390066406132,55.31848552392167,537.6586273705635,0.15719571323785625
2024-04-25 11:12:37.415084+00:00,1.008812136,28.618000000000002,-21.304039423383994,55.31817989911803,536.8674375655502,0.16882007584806522
2024-04-25 11:17:30.965545+00:00,1.0095278460000001,28.688,-21.303700291420007,55.317880891321856,540.3130733806609,0.17177620433082513
2024-04-25 11:22:33.872053+00:00,1.0097418580000002,28.788,-21.30336639839936,55.31749327215357,541.9247572772789,0.1747323456731376
2024-04-25 11:27:37.180201+00:00,1.0102300100000001,28.916000000000004,-21.3030320626521,55.317105139020306,549.0196462208983,0.1778067186788109
2024-04-25 11:32:40.006655+00:00,1.0112398859999998,29.024,-21.302698257874777,55.316717622294426,561.3677167849285,0.18291815780639206
2024-04-25 11:37:43.572542+00:00,1.0123699179999999,29.070000000000004,-21.302367040918053,55.3163234783503,578.1178349508268,0.1851686965769324
2024-04-25 11:42:36.394217+00:00,1.0118883159999998,29.089999999999996,-21.302092308118617,55.315868557401316,591.6464119179027,0.18741924335796448
2024-04-25 11:47:39.360785+00:00,1.009256878,29.154000000000003,-21.301808057120656,55.315397875582455,610.785666817636,0.1896698241774984
2024-04-25 11:52:42.171716+00:00,1.010127546,29.272,-21.30152395214507,55.31492743555721,634.6723494715122,0.19180221932434477
2024-04-25 12:02:47.747578+00:00,1.00939059,29.390000000000004,-21.300955785352645,55.31398662697185,694.6514418855626,0.1918025301153321
2024-04-25 12:07:40.641907+00:00,1.010824838,29.644,-21.300680984387526,55.31353159314958,728.5496784147349,0.19180284181296386
2024-04-25 12:12:43.553926+00:00,1.0119635260000002,29.798000000000002,-21.300396784568832,55.31306099607676,766.366741315764,0.18583055115496103
2024-04-25 12:17:46.701822+00:00,1.016229912,29.926,-21.30011236344418,55.31259003255073,806.6313763467836,0.17964388126537284
2024-04-25 12:22:50.000067+00:00,1.016156308,29.959999999999997,-21.299876853840306,55.312188941827195,841.8484440099028,0.17345716994179874
2024-04-25 12:27:52.926406+00:00,1.018522304,30.03,-21.299643392162004,55.311790857105144,878.0923083965125,0.16592096075460205
2024-04-25 12:32:45.807995+00:00,1.018930164,29.927999999999997,-21.299417671851327,55.31140597249457,914.2385660138618,0.13421714819109054
2024-04-25 12:37:49.492247+00:00,1.019030092,29.854000000000003,-21.299194618751997,55.311022838934775,951.0038041057688,0.10848588471705829
2024-04-25 12:42:52.459290+00:00,1.018653622,29.712,-21.29927134272695,55.31107473421102,941.1268008219596,0.08296892118721648
2024-04-25 12:47:55.349542+00:00,1.0187402639999998,29.612000000000002,-21.299348047255123,55.31112661633367,931.2567379843792,0.05745192066015714
2024-04-25 12:52:58.383212+00:00,1.0180881960000001,29.419999999999998,-21.299424788102847,55.31117852302247,921.3865839033901,0.03328436564034246
2024-04-25 12:57:51.657746+00:00,1.017737802,29.272,-21.299499057527544,55.311228758067166,911.8388004938279,0.03328436072533976
2024-04-25 13:02:54.562989+00:00,1.01793019,29.144,-21.299575765852158,55.31128064275769,901.982284003373,0.033284355820421246
2024-04-25 13:07:58.425488+00:00,1.017928624,29.018,-21.2996527165941,55.311332691416695,892.0996823650264,0.03328435092310523
2024-04-25 13:13:01.774823+00:00,1.0181542499999998,28.854000000000003,-21.299729537381427,55.311384652175796,882.2389992093385,0.03328434602691745
2024-04-25 13:17:55.340001+00:00,1.0186533460000002,28.718,-21.29980388040945,55.31143493700499,872.7015012819229,0.033284341111607184
2024-04-25 13:22:58.031644+00:00,1.018370386,28.592000000000002,-21.29988053464151,55.31148678510789,862.8729724295147,0.03328433621025319
2024-04-25 13:28:01.013478+00:00,1.0179208379999998,28.484,-21.299957262362142,55.31153868291767,853.0407776066094,0.03328433129671671
2024-04-25 13:33:03.890511+00:00,1.017524906,28.374000000000002,-21.30003396354282,55.31159056277611,843.2179413741869,0.03328432638577923
2024-04-25 13:38:08.136492+00:00,1.017042178,28.26,-21.30011101139853,55.31164267712183,833.3569171768657,0.03328432147281972
2024-04-25 13:43:01.128752+00:00,1.0157643159999998,28.137999999999998,-21.300185209339656,55.31169286381581,823.8667319440545,0.033284316564479
2024-04-25 13:48:04.089169+00:00,1.014767712,28.026,-21.30026193163655,55.31174475795703,814.0601818023688,0.033284311648330456
2024-04-25 13:53:07.206369+00:00,1.0137645800000001,27.889999999999997,-21.30033869363757,55.3117966789537,804.255419683295,0.0332843067356484
2024-04-25 13:58:10.755224+00:00,1.0129085359999999,27.756,-21.30041556495174,55.31184867388861,794.4438291957305,0.03328430182425274
2024-04-25 14:03:13.756360+00:00,1.011799558,27.637999999999998,-21.30049229756042,55.311900575004614,784.6573292402272,0.033284296920317556
2024-04-25 14:08:06.526195+00:00,1.011038552,27.618000000000002,-21.300566439174176,55.31195072359935,775.2085585608052,0.03328429201005121
2024-04-25 14:13:09.438301+00:00,1.010057296,27.546000000000003,-21.300643149236752,55.31200260946541,765.4402679716698,0.033284287103916
2024-04-25 14:18:12.437300+00:00,1.00907661,27.494,-21.300719881304296,55.3120545102154,755.6774251466445,0.033284282211018784
2024-04-25 14:23:16.021349+00:00,1.0083426580000001,27.436,-21.300796761531092,55.31210651117872,745.9043316144349,0.03328427732096918
2024-04-25 14:28:09.050068+00:00,1.008376228,27.464,-21.3008709687051,55.31215670411771,736.4795248693358,0.03328427240975641
2024-04-25 14:33:11.993006+00:00,1.0076019500000002,27.351999999999997,-21.300947686575668,55.31220859526501,726.7449549460571,0.03328426750095959
2024-04-25 14:38:14.933940+00:00,1.006681916,27.278,-21.301024403938676,55.31226048606901,717.020086085547,0.033284262585585866
2024-04-25 14:43:18.541848+00:00,1.00621524,27.212,-21.30110129020756,55.31231249111913,707.2838738480066,0.03328425768285028
2024-04-25 14:48:21.337503+00:00,1.0056553520000002,27.254,-21.301177970779833,55.31236435703826,697.5841669927263,0.03328425277169356
2024-04-25 14:53:14.273933+00:00,1.0044083639999999,27.145999999999997,-21.301252154582457,55.31241453416911,688.2106441418797,0.03328424786481061
2024-04-25 14:58:17.174946+00:00,1.0037685699999999,27.084000000000003,-21.30132886183582,55.312466418135045,678.529432817828,0.033284242951456725
2024-04-25 15:03:20.802498+00:00,1.003815174,27.026,-21.30140575307936,55.31251842654997,668.8368803182369,0.033284238043968316
2024-04-25 15:08:23.927893+00:00,1.004001786,27.05,-21.301482517155655,55.31257034895033,659.1727454842732,0.03328423313506226
2024-04-25 15:13:26.922772+00:00,1.0031757479999999,26.932,-21.301559248179828,55.31262224899459,649.5256932979975,0.0332842282218716
2024-04-25 15:18:19.717081+00:00,1.002882762,26.862000000000002,-21.301633395991455,55.312672401781505,640.2162393681049,0.033284223310207195
2024-04-25 15:23:23.327464+00:00,1.0025564880000002,26.806,-21.301710282887047,55.31272440725553,630.5767995031756,0.03328421840138797
2024-04-25 15:28:26.404966+00:00,1.0024765759999998,26.857999999999997,-21.301787034834827,55.31277632145229,620.9690563040214,0.0332842134981591
2024-04-25 15:33:29.385104+00:00,1.002156582,26.744,-21.301863762125958,55.31282821897156,611.3798535556156,0.0332842085841934
2024-04-25 15:38:32.377434+00:00,1.00251617,26.660000000000004,-21.301940492504684,55.31288011857925,601.8064560001304,0.03328420367336925
2024-04-25 15:43:26.084164+00:00,1.0018773479999998,26.608000000000004,-21.30201487137958,55.31293042765489,592.5426439099776,0.03328419876636151
2024-04-25 15:48:29.046004+00:00,1.001963888,26.622000000000003,-21.302091594036863,55.31298232203987,583.004434721817,0.033284193858469105
2024-04-25 15:53:31.904194+00:00,1.0015711,26.52,-21.302168290445668,55.31303419867067,573.4881479287537,0.03328418895133737
2024-04-25 15:58:35.574192+00:00,1.00095209,26.51,-21.302245192438342,55.3130862143562,563.9660329576284,0.03328418406117374
2024-04-25 16:03:28.688635+00:00,1.0006859,26.528000000000002,-21.302319421321243,55.313136421978854,554.7945474693208,0.03328417915110624
2024-04-25 16:08:31.837016+00:00,1.001624364,26.6,-21.30239619121862,55.31318834831653,545.3304460069821,0.0332841742382898
2024-04-25 16:13:34.998782+00:00,1.001717536,26.565999999999995,-21.302472964505565,55.31324027694688,535.8887681712506,0.03328416933886822
2024-04-25 16:18:38.731468+00:00,1.0017241980000002,26.560000000000002,-21.30254988237347,55.31329230337024,526.453449263089,0.03328416444915551
2024-04-25 16:23:31.608543+00:00,1.001697586,26.556,-21.30262405114488,55.31334247033413,517.3794736206981,0.03328415953522398
2024-04-25 16:28:34.508082+00:00,1.002017118,26.607999999999997,-21.30270075802495,55.31339435404758,508.021255505016,0.03612000278593066
2024-04-25 16:33:37.601801+00:00,1.00146456,26.560000000000002,-21.302777514079576,55.31344627102217,498.6852704845544,0.06441276843835923
2024-04-25 16:38:41.152803+00:00,1.001238264,26.565999999999995,-21.30288273321819,55.3135274297669,485.7733489535247,0.09270549836713224
2024-04-25 16:43:44.190227+00:00,1.0014978419999998,26.576,-21.303238878917014,55.313866785462416,442.0868847923621,0.1209981925569625
2024-04-25 16:48:37.173866+00:00,1.001444458,26.609999999999996,-21.303583208873146,55.31419488245232,401.97403222973605,0.14929085035237188
2024-04-25 16:53:40.160056+00:00,1.001277996,26.595999999999997,-21.303939294359292,55.31453418077381,363.4329438809651,0.1747476236124325
2024-04-25 16:58:43.672843+00:00,1.001464338,26.619999999999997,-21.304295998730076,55.31487406880346,328.86737879582796,0.1747474386491223
2024-04-25 17:03:46.814657+00:00,1.0009782680000001,26.648000000000003,-21.30465226711375,55.31521354140003,299.78148467297495,0.1747472536198099
2024-04-25 17:08:40.862343+00:00,1.0009982640000001,26.71,-21.304997847594336,55.315542829960116,278.37901607132693,0.17474706792224354
2024-04-25 17:13:43.772775+00:00,1.00145765,26.71,-21.305353844045552,55.315882043444105,265.0840089278994,0.17474688220870466
2024-04-25 17:18:47.609107+00:00,1.001637396,26.688,-21.305710928663736,55.316222293794915,262.0142322537358,0.17474669653890207
2024-04-25 17:23:50.635911+00:00,1.0014643739999998,26.660000000000004,-21.306067061881482,55.31656163759776,269.5424118966619,0.17474651097682556
2024-04-25 17:28:53.585856+00:00,1.00186388,26.65,-21.306423104770584,55.31690089533038,286.8092141726342,0.1747463254039035
2024-04-25 17:33:46.328015+00:00,1.001337992,26.596000000000004,-21.306767150926653,55.31722872189959,311.2349466365261,0.17474613986133805
2024-04-25 17:38:49.935208+00:00,1.0010983359999999,26.586000000000002,-21.30712396624826,55.31756871564944,342.8493320133651,0.17474595439490967
2024-04-25 17:43:52.772434+00:00,1.00088532,26.579999999999995,-21.307479876663876,55.31790784715386,379.1828783382421,0.17474576887220783
2024-04-25 17:48:55.919981+00:00,1.001317994,26.607999999999997,-21.307836151785413,55.31824732617064,419.10614673144966,0.17474558327423909
2024-04-25 17:53:59.029472+00:00,1.00159092,26.583999999999996,-21.30819238218129,55.318586762570284,461.6573405179989,0.17474539771635916
2024-04-25 17:58:52.646022+00:00,1.001843896,26.548000000000002,-21.30853745596792,55.31891556832382,504.75867933847707,0.17474521215289734
2024-04-25 18:03:55.614485+00:00,1.001903824,26.486,-21.308893520620376,55.31925484679379,550.7095086556002,0.17474502654020913
2024-04-25 18:08:58.783064+00:00,1.0022032920000001,26.464,-21.309249820459762,55.31959434936313,597.849310156317,0.17474484154888215
2024-04-25 18:14:01.796490+00:00,1.002196358,26.368000000000002,-21.309605937954913,55.319933678184604,645.8696550547024,0.17474465660098454
2024-04-25 18:18:55.276263+00:00,1.002535164,26.274,-21.30995085099398,55.32026233076879,693.0640135263288,0.17474447104739563
2024-04-25 18:23:58.117481+00:00,1.00293378,26.169999999999998,-21.310306766101284,55.32060146674372,742.3326510219152,0.17474428548323273
2024-04-25 18:29:01.250230+00:00,1.003086424,26.082,-21.31066302383133,55.3209409291889,792.1204446914118,0.16650532002128923
2024-04-25 18:34:04.308800+00:00,1.002341262,25.954,-21.311019194382187,55.32128030856484,842.2842015459523,0.13585046000132278
2024-04-25 18:39:07.729174+00:00,1.0016828500000001,25.889999999999997,-21.31128897807568,55.32154327857267,881.0226016785147,0.10519563606575659
2024-04-25 18:44:00.575096+00:00,1.000638948,25.875999999999998,-21.311319927814353,55.321594074131184,887.3058669230174,0.0745408488164325
2024-04-25 18:49:03.697481+00:00,0.99984126,25.918,-21.311351963632138,55.32164665219248,893.8096836024736,0.0428967919609896
2024-04-25 18:54:06.650523+00:00,0.9992961899999999,25.967999999999996,-21.311383981552726,55.3216992008804,900.3099274393958,0.018526157406724374
2024-04-25 18:59:10.235198+00:00,0.9990700779999999,26.028,-21.31140119543075,55.321743961181745,905.2688368741779,0.016571454334877535
2024-04-25 19:04:13.370130+00:00,0.998624356,26.098000000000003,-21.31137761674614,55.3217670036063,905.9661268784456,0.014616752077802553
2024-04-25 19:09:06.532629+00:00,0.9987970660000001,26.188,-21.311354813745307,55.32178928798877,906.6531578042483,0.012662050646886419
2024-04-25 19:14:09.352096+00:00,0.9992360619999999,26.25,-21.311331259598443,55.32181230643365,907.3758804926308,0.011696656354597407
2024-04-25 19:19:13.037498+00:00,0.999475472,26.292,-21.31130763809672,55.3218353907015,908.1139674571353,0.011696657197584674
2024-04-25 19:24:16.257899+00:00,0.999980912,26.316000000000003,-21.311284052764098,55.321858439622865,908.8641779599554,0.011696658040016598
2024-04-25 19:29:09.318880+00:00,1.00103196,26.344,-21.311261257659623,55.32188071628857,909.6018071927339,0.011696658884311538
2024-04-25 19:34:12.207254+00:00,1.001424504,26.298000000000002,-21.311237698152983,55.321903739971326,910.3771079201354,0.011696659729347688
2024-04-25 19:39:15.624614+00:00,1.0011916580000002,26.25,-21.311214097500336,55.32192680386428,911.1669132868352,0.011696660576627913
2024-04-25 19:44:18.633992+00:00,1.001431092,26.218,-21.31119052858166,55.321949836745006,911.9687581105903,0.011696661422278909
2024-04-25 19:49:21.730487+00:00,1.00175042,26.228,-21.311166952886772,55.32197287624783,912.7838972159534,0.01191377661483423
2024-04-25 19:54:14.422821+00:00,1.001544112,26.194,-21.31114418645669,55.321995124891295,913.5834234435711,0.013812571126851664
2024-04-25 19:59:17.920050+00:00,1.001238142,26.201999999999998,-21.31111266074406,55.32201116509711,913.365309651143,0.015711365484966686
2024-04-25 20:04:20.813294+00:00,1.0013645279999999,26.226,-21.311055304963734,55.32200418769212,909.7055689195831,0.017610159692456794
2024-04-25 20:09:23.832726+00:00,1.00143784,26.284000000000002,-21.31099792528853,55.32199720738029,906.0750083013812,0.02194899467044816
2024-04-25 20:14:26.761350+00:00,1.000965486,26.298000000000002,-21.31094056280871,55.321990229160306,902.4766034514759,0.033883006889442034
2024-04-25 20:19:20.352476+00:00,1.0010786299999999,26.326,-21.31085457029369,55.32196936096874,896.1803385951721,0.04413534146125151
2024-04-25 20:24:23.219066+00:00,1.001797094,26.336000000000002,-21.310667423579638,55.321902157507196,880.6692963569162,0.05438767788125056
2024-04-25 20:29:26.085481+00:00,1.001896892,26.345999999999997,-21.310480276973944,55.32183495408456,865.4366719201332,0.06464001611988798
2024-04-25 20:34:29.149545+00:00,1.001916756,26.306,-21.310293008237284,55.321767706805296,850.4877655754565,0.07245231523728948
2024-04-25 20:39:22.852794+00:00,1.002329168,26.272000000000002,-21.3101115237165,55.32170253660941,836.2957495668264,0.07245232446310272
2024-04-25 20:44:25.938900+00:00,1.002395604,26.244,-21.309924241359784,55.32163528443925,821.9710590825904,0.07245233371053882
2024-04-25 20:49:28.956465+00:00,1.00308699,26.21,-21.309737001355735,55.321568047477726,807.9923910743007,0.07245234295250791
2024-04-25 20:54:31.689768+00:00,1.0040106999999998,26.119999999999997,-21.309549937002224,55.32150087359145,794.3871630714992,0.07245235218322965
2024-04-25 20:59:35.275839+00:00,1.004169628,26.014,-21.309362345708024,55.32143351048336,781.1242138662333,0.07245236142575875
2024-04-25 21:04:27.997215+00:00,1.004375026,25.912,-21.309181467904324,55.321368558156585,768.7152855624678,0.0724523706662782
2024-04-25 21:09:30.801685+00:00,1.0046138980000001,25.838,-21.308994359575454,55.32130136847897,756.2905930493189,0.07245237989646894
2024-04-25 21:14:33.656398+00:00,1.003709048,25.772000000000002,-21.30880722020049,55.321234167652854,744.3033213584271,0.07245238913257807
2024-04-25 21:19:37.125345+00:00,1.00323026,25.752,-21.308619701279376,55.321166830533585,732.7542443569195,0.07245239835867259
2024-04-25 21:24:40.098958+00:00,1.003349972,25.764,-21.30843248843398,55.3210996033246,721.7080057498762,0.07245240759585043
2024-04-25 21:29:33.098365+00:00,1.003469894,25.796,-21.30825143883002,55.3210345893052,711.5066031720842,0.08316528652066343
2024-04-25 21:34:35.856523+00:00,1.0036892160000002,25.796,-21.30806435911813,55.3209674099038,701.4846296784511,0.11399536720033263
2024-04-25 21:39:39.326364+00:00,1.00380893,25.806,-21.307783893808303,55.32075375435967,675.851631283308,0.1448255128368756
2024-04-25 21:44:42.327404+00:00,1.003961972,25.821999999999996,-21.307343946328732,55.3202886850223,624.7355877315526,0.17565572236177146
2024-04-25 21:49:45.405219+00:00,1.0041550099999998,25.85,-21.306903887374528,55.31982349784489,577.259657835373,0.19057579842497327
2024-04-25 21:54:38.381438+00:00,1.0045738759999998,25.860000000000003,-21.30647849560354,55.31937381537541,535.7533201064448,0.18145930927368356
2024-04-25 21:59:41.832979+00:00,1.004613876,25.869999999999997,-21.306254944473036,55.319016089062586,503.7219315891577,0.15222560780654315
2024-04-25 22:04:44.439730+00:00,1.0051723200000002,25.880000000000003,-21.306404957706434,55.318844986435636,483.07798510267645,0.12299183077951674
2024-04-25 22:09:47.328311+00:00,1.005558324,25.916000000000004,-21.306555110653342,55.31867372445375,462.7747584675505,0.09375797933621152
2024-04-25 22:14:50.281296+00:00,1.005565008,25.918,-21.30670529552752,55.31850242605614,442.8769749492249,0.08043425093090882
2024-04-25 22:19:53.696802+00:00,1.00567826,25.936,-21.30685570969045,55.31833086613557,423.4174890159002,0.08043420761659135
2024-04-25 22:24:46.243940+00:00,1.005877938,25.958,-21.30700073600582,55.3181654515053,405.16238910113367,0.08043416428841636
2024-04-25 22:29:49.069571+00:00,1.0058254420000001,26.014,-21.307150857746038,55.31799422511725,386.86662272377254,0.07967999372485633
2024-04-25 22:34:51.854964+00:00,1.005639342,26.02,-21.307300959538768,55.31782302148098,369.27401631284977,0.08979527560792411
2024-04-25 22:39:55.185377+00:00,1.0056197040000001,26.052,-21.307349852607874,55.31760476703909,346.8982514068622,0.09991058984101328
2024-04-25 22:44:48.023279+00:00,1.0050282640000001,26.086000000000002,-21.307169326726008,55.317289167616366,313.80746040078577,0.11002593687259485
2024-04-25 22:49:50.988284+00:00,1.004922412,26.133999999999997,-21.306982557785652,55.31696265393783,280.9873621178179,0.12014131680073922
2024-04-25 22:54:53.854213+00:00,1.005155146,26.130000000000003,-21.30679584992246,55.31663624703577,250.1765776438885,0.1310108569257212
2024-04-25 22:59:57.231807+00:00,1.005161834,26.134000000000004,-21.306608826633187,55.31630928869871,222.15272834609277,0.13101097708472606
2024-04-25 23:05:00.103064+00:00,1.0055673879999998,26.125999999999998,-21.306422115485518,55.315982876054655,198.21440279218248,0.13101109726711102
2024-04-25 23:09:52.808514+00:00,1.006199014,26.112000000000002,-21.306241671256437,55.315667419379174,180.43265768181672,0.13101121741060323
2024-04-25 23:14:55.798372+00:00,1.006610904,26.077999999999996,-21.306054886994794,55.31534087891561,169.36424162228369,0.13101133760148723
2024-04-25 23:19:59.018344+00:00,1.006763486,26.053999999999995,-21.30586796087482,55.315014090452124,167.2260984779097,0.13101145772925393
2024-04-25 23:25:01.749434+00:00,1.006896172,26.029999999999994,-21.305681336135894,55.31468782886978,174.340434766209,0.13101157827115867
2024-04-25 23:30:04.649241+00:00,1.007115436,26.02,-21.305494607388066,55.31436138545673,189.66970442250943,0.1310116988134799
2024-04-25 23:35:07.543959+00:00,1.006882492,26.002,-21.30530788177747,55.31403494752825,211.4330986718597,0.13101181899472794
2024-04-25 23:40:00.779387+00:00,1.0067028199999999,25.99,-21.30512711083276,55.31371891968113,236.97111402730658,0.13101193913962755
2024-04-25 23:45:03.695498+00:00,1.0065032,25.98,-21.30494037203392,55.31339245869667,266.6163085951588,0.1310120592842853
2024-04-25 23:50:06.515237+00:00,1.006536672,25.996,-21.304753692645537,55.31306610157492,298.5914222313813,0.13101217904672996
2024-04-25 23:55:09.349890+00:00,1.0063640020000002,26.01,-21.304567004063248,55.312739728380166,332.2324986904918,0.1310122988414136
2024-04-26 00:00:02.896049+00:00,1.00647725,26.028,-21.304386041562086,55.31242336564973,365.99723069845624,0.13101241899308463
2024-04-26 00:05:05.692796+00:00,1.0063045540000002,26.042,-21.304199376347672,55.312097033307225,401.7110991801916,0.1310125391353906
2024-04-26 00:10:08.461439+00:00,1.0059392839999999,26.080000000000002,-21.3040127284585,55.3117707312531,438.10283970899087,0.13101265934677067
2024-04-26 00:15:11.604636+00:00,1.0057666600000001,26.106,-21.303825849667984,55.31144402553203,475.0651571492414,0.13101277953305776
2024-04-26 00:20:14.966988+00:00,1.005467746,26.137999999999998,-21.303638835774784,55.311117083621404,512.4667751360488,0.13101289970861876
2024-04-26 00:25:07.728989+00:00,1.0056011120000001,26.165999999999997,-21.303458356683745,55.310801565999455,548.8737900016407,0.13101301988417227
2024-04-26 00:30:10.800463+00:00,1.00552832,26.201999999999998,-21.30327152210818,55.31047493757596,586.8244494421903,0.1310131400882376
2024-04-26 00:35:13.874457+00:00,1.005275676,26.216,-21.303084685979226,55.3101483064368,624.993620880764,0.13101326025699014
2024-04-26 00:40:17.067695+00:00,1.0054087779999998,26.222,-21.30289777633986,55.30982154678509,663.3584518952699,0.1310133808307951
2024-04-26 00:45:20.026457+00:00,1.005688022,26.212,-21.302711011248018,55.3094950398346,701.8445049141911,0.13101350135864193
2024-04-26 00:50:22.770991+00:00,1.005748024,26.222,-21.302524378221364,55.309168763763466,740.4305277310839,0.1310136214791763
2024-04-26 00:55:15.361701+00:00,1.006007184,26.2,-21.30234400472607,55.308853430746396,777.8254415115445,0.13101374160727822
2024-04-26 01:00:18.561921+00:00,1.0062330940000002,26.172000000000004,-21.302157090782583,55.308526663570106,816.6681513040245,0.13101386170274862
2024-04-26 01:05:21.469360+00:00,1.006206206,26.148000000000003,-21.301970357329772,55.3082002119317,855.5541327120276,0.13101398182183643
2024-04-26 01:10:24.374677+00:00,1.0059668720000001,26.157999999999998,-21.301783625185262,55.307873762580485,894.510053188273,0.11941204140792176
2024-04-26 01:15:27.502913+00:00,1.005434634,26.151999999999997,-21.301596755617695,55.30754707298318,933.55613494421,0.09995559397860626
2024-04-26 01:20:20.991822+00:00,1.0051954300000001,26.174,-21.30151772124197,55.30735845388161,953.9975830430938,0.08049912216888422
2024-04-26 01:25:23.917768+00:00,1.004896368,26.206,-21.301607659858924,55.30737869442102,945.824702920276,0.0610426259344116
2024-04-26 01:30:26.709655+00:00,1.00423821,26.248,-21.301697558673876,55.30739892600305,937.6955303089759,0.04158610523411821
2024-04-26 01:40:32.362608+00:00,1.0045309799999997,26.254,-21.30187737684297,55.30743939378942,921.5598350407732,0.033731621128013055
2024-04-26 01:45:25.124195+00:00,1.0049232700000001,26.24,-21.301964297664995,55.307458955178994,913.8217388526322,0.03373162009972068
2024-04-26 01:50:27.907088+00:00,1.004889626,26.201999999999998,-21.302054193809543,55.30747918616006,905.8624823183018,0.03373161905821537
2024-04-26 01:55:30.809349+00:00,1.0051285399999998,26.137999999999998,-21.302144125394545,55.30749942511693,897.9457363768721,0.03373161810332199
2024-04-26 02:00:34.305378+00:00,1.005952232,26.048000000000002,-21.30223423326898,55.30751970374746,890.0604858342327,0.033731617243581744
2024-04-26 02:05:37.097969+00:00,1.005425794,25.951999999999998,-21.302324132292874,55.30753993537652,882.2416640919707,0.03373161638318898
2024-04-26 02:10:30.209409+00:00,1.005252176,25.892000000000003,-21.3024111569862,55.30755952014215,874.7198635948371,0.03373161551441052
2024-04-26 02:15:32.924607+00:00,1.0050188859999998,25.832,-21.30250103303217,55.30757974660006,867.001469684921,0.03373161465194637
2024-04-26 02:20:36.402080+00:00,1.004686118,25.784000000000002,-21.302591135397364,55.307600023990744,859.3158492656069,0.03373161378875589
2024-04-26 02:25:39.291264+00:00,1.004599174,25.748,-21.302681063099733,55.30762026207384,851.6986594537368,0.033731612921909446
2024-04-26 02:30:42.105318+00:00,1.00487799,25.726,-21.302770968496,55.30764049513699,844.1382673282512,0.03373161206086446
2024-04-26 02:35:34.918470+00:00,1.004890496,25.669999999999998,-21.302857904627672,55.307660059971965,836.8811800915387,0.03373161119706051
2024-04-26 02:40:38.247039+00:00,1.005062812,25.636000000000003,-21.302947962783335,55.307680327413365,829.420556131486,0.033731610333513976
2024-04-26 02:45:41.124054+00:00,1.00538162,25.625999999999998,-21.303037886872747,55.30770056468337,822.030552120063,0.03373160947303509
2024-04-26 02:50:43.890497+00:00,1.003148744,25.677999999999997,-21.303127778133355,55.30772079456531,814.704300711513,0.03373160860673711
2024-04-26 02:55:46.727501+00:00,0.999066822,25.956,-21.30321769034351,55.30774102916191,807.4390693297887,0.03373160774017465
2024-04-26 03:00:40.248456+00:00,0.9957932639999999,26.57,-21.303304836621635,55.30776064129001,800.4588183027627,0.03373160687615381
2024-04-26 03:05:43.122247+00:00,0.9974862339999999,27.334000000000003,-21.30339475975382,55.307780878344595,793.321302872402,0.03373160601254879
2024-04-26 03:10:46.025619+00:00,1.00050335,28.046,-21.303484691668615,55.307801117375696,786.2510620627281,0.03373160514601329
2024-04-26 03:15:48.681961+00:00,1.0037616539999998,28.589999999999996,-21.303574550240274,55.30782133990104,779.2563266312492,0.03373160428658828
2024-04-26 03:20:52.090150+00:00,1.0031661,29.130000000000003,-21.30366463203504,55.30784161266238,772.3160892075233,0.033731603426262864
2024-04-26 03:25:44.721609+00:00,1.0044749000000002,29.804000000000002,-21.303751514222146,55.307861165357224,765.6923664877128,0.03373160256069703
2024-04-26 03:30:47.661913+00:00,1.00379295,30.660000000000004,-21.303841457102067,55.307881406856005,758.9096585950224,0.03373160169324617
2024-04-26 03:35:50.428162+00:00,1.00464032,31.662,-21.30393134830506,55.30790163672498,752.2084461469262,0.033731600833919184
2024-04-26 03:40:53.705158+00:00,1.009290288,32.666000000000004,-21.304021391148645,55.307921900720416,745.5758003398336,0.03373159997065186
2024-04-26 03:45:56.543681+00:00,1.0190730220000002,33.312,-21.30411130380982,55.307942135418514,739.0346544505011,0.03373159909919064
2024-04-26 03:50:49.281210+00:00,1.0255965759999999,33.52,-21.304198217489077,55.30796169520062,732.7915476736047,0.04157837412108236
2024-04-26 03:55:52.005905+00:00,1.0292029,33.477999999999994,-21.30428809635465,55.307981922293074,726.4201979504813,0.055956734460114156
2024-04-26 04:00:55.362814+00:00,1.029825588,33.38,-21.30444999941566,55.30810623031576,706.9480152609824,0.07033508147645877
2024-04-26 04:05:58.000584+00:00,1.026386246,33.456,-21.304666259811988,55.308309523649086,677.6798258713468,0.08471341535647589
2024-04-26 04:11:00.921871+00:00,1.0241532919999998,33.822,-21.30488272280543,55.30851300743172,648.6393196574908,0.10507183872872332
2024-04-26 04:15:53.873781+00:00,1.02591867,34.188,-21.30509206183189,55.308709794403384,620.8310025003312,0.12224528709463325
2024-04-26 04:20:57.223216+00:00,1.024937166,34.372,-21.305389915967012,55.30894489632804,586.1767633006305,0.13288712620509985
2024-04-26 04:25:59.890198+00:00,1.02580162,34.556,-21.305748972604313,55.30920337631216,548.0632057347626,0.14352895470548743
2024-04-26 04:31:03.259015+00:00,1.027788208,34.608,-21.30610886183497,55.3094624556689,511.54807253141524,0.15417077277742303
2024-04-26 04:36:06.067307+00:00,1.030900956,34.466,-21.30646808610988,55.30972105633305,477.1707122229979,0.15883247783942217
2024-04-26 04:40:59.259069+00:00,1.0320298319999999,34.122,-21.306815902206182,55.309971444404766,446.3073424146951,0.15883235806132956
2024-04-26 04:46:02.175289+00:00,1.031259586,33.702,-21.30717525451715,55.31023013724033,417.4910358491995,0.15883223829985035
2024-04-26 04:51:04.950901+00:00,1.034922218,33.136,-21.307534440023243,55.31048870999534,392.4862008381147,0.16204824759245812
2024-04-26 04:56:07.683387+00:00,1.0344614559999998,32.39,-21.307893574368546,55.310747245920396,372.0476585706076,0.16743106344163358
2024-04-26 05:01:11.103125+00:00,1.0339804559999999,31.637999999999998,-21.308280736874377,55.311046847147715,353.9890909134323,0.17281386668368565
2024-04-26 05:06:04.009925+00:00,1.030742166,31.014,-21.308672027808957,55.31136216231814,342.05366294843316,0.17819665716325755
2024-04-26 05:11:06.889378+00:00,1.034017518,30.492,-21.309076641099427,55.311688213083364,338.57983499411836,0.18357943484181488
2024-04-26 05:16:09.746908+00:00,1.0309428619999998,29.926,-21.30948122510311,55.31201424024832,344.3858229350703,0.18574607065044196
2024-04-26 05:21:13.182610+00:00,1.03139313,29.486,-21.309886581480548,55.31234088981758,359.0569123255876,0.18574588734696304
2024-04-26 05:26:16.059124+00:00,1.029169684,29.016,-21.310291190845003,55.31266693741908,381.52196769358665,0.1857457040565782
2024-04-26 05:31:09.043849+00:00,1.028480786,28.55,-21.310682585878542,55.3129823364759,409.482723069555,0.18574552071570544
2024-04-26 05:36:11.984659+00:00,1.0249302459999998,28.130000000000003,-21.311087281135222,55.313308453292194,443.59148046616855,0.1857453373615892
2024-04-26 05:41:15.685874+00:00,1.021446534,27.824,-21.311492992208468,55.31363538868706,481.9753974462169,0.18574515404053824
2024-04-26 05:46:18.414263+00:00,1.019837404,27.606,-21.31189740369448,55.31396127683158,523.4952823737419,0.18574497071337778
2024-04-26 05:51:21.260645+00:00,1.0183122980000001,27.439999999999998,-21.312301972805976,55.31428729199591,567.5720859240937,0.1845395082479036
2024-04-26 05:56:14.012501+00:00,1.0162749239999997,27.298000000000002,-21.31269305675225,55.31460244036832,612.0797628985872,0.1836877892888897
2024-04-26 06:01:17.628691+00:00,1.015458674,27.166000000000004,-21.3130138978273,55.31500099932171,651.2656362493678,0.1828360614564914
2024-04-26 06:06:20.759834+00:00,1.014143506,27.044,-21.313260062264366,55.315461674123945,685.495144570015,0.18198432477212215
2024-04-26 06:11:23.533750+00:00,1.0121092919999999,26.954,-21.313505936607026,55.31592180604036,722.2526637544585,0.15848073321554482
2024-04-26 06:16:26.606647+00:00,1.010735792,26.883999999999997,-21.313752053744007,55.31638239232469,761.2445481855946,0.1280306836630601
2024-04-26 06:21:20.136337+00:00,1.009702744,26.846000000000004,-21.3138714156024,55.31652716396125,778.3537906290983,0.09722692650422712
2024-04-26 06:26:22.995991+00:00,1.008403746,26.833999999999996,-21.3139078802255,55.31645704260487,780.0703469291077,0.0664232140899592
2024-04-26 06:31:26.006313+00:00,1.007870966,26.836000000000002,-21.313944362989158,55.31638688636424,781.8725708835018,0.03561954637412193
2024-04-26 06:36:28.923036+00:00,1.0070117660000002,26.824,-21.3139808344834,55.31631675179467,783.7584487735427,0.027467768798233545
2024-04-26 06:41:32.484193+00:00,1.006219244,26.827999999999996,-21.314017383568196,55.3162464680187,785.7321964893948,0.027467763630461762
2024-04-26 06:46:25.358736+00:00,1.005326822,26.832,-21.31405264597332,55.316178658523725,787.715435550353,0.027467758460140906
2024-04-26 06:51:28.338969+00:00,1.004301088,26.85,-21.314089125114265,55.31610850924957,789.8480981816621,0.027467753289784062
2024-04-26 06:56:31.493152+00:00,1.003215406,26.868000000000002,-21.31412562519894,55.31603831970069,792.063762461689,0.027467748119050905
2024-04-26 07:01:34.871176+00:00,1.002189592,26.908000000000005,-21.31416215223431,55.315968078325696,794.3622687059047,0.027467742950620426
2024-04-26 07:06:37.781474+00:00,1.0023495160000002,26.938,-21.314198622954994,55.31589794524367,796.7375785022725,0.027467737778584217
2024-04-26 07:11:30.652094+00:00,1.0021163640000001,26.962,-21.31423388488779,55.315830136656984,799.10982533504,0.027467732091020436
2024-04-26 07:16:33.703745+00:00,1.001456964,26.951999999999998,-21.314270372627522,55.31575997084739,801.6421403940017,0.027467725881914002
2024-04-26 07:26:39.676194+00:00,1.000624232,26.956,-21.31434333235213,55.31561966952472,806.9394056114437,0.027467719688893034
2024-04-26 07:31:42.728757+00:00,1.0007306560000002,26.98,-21.31437982020165,55.315549503504,809.7039783937466,0.052650765098706954
2024-04-26 07:36:35.762871+00:00,0.999597824,27.004,-21.314415101819318,55.31548165706337,812.4493243589013,0.09588692760039194
2024-04-26 07:41:39.266670+00:00,0.9987979320000001,27.046,-21.31430140831763,55.31591416188712,808.2627519817514,0.13912314920559538
2024-04-26 07:46:42.396981+00:00,0.999190488,27.115999999999996,-21.31411266794724,55.31659775284277,806.1366693377826,0.18235942894399115
2024-04-26 07:51:45.094985+00:00,0.999156316,27.182,-21.313924196747465,55.31728036890047,810.7502154364942,0.22559576636938017
2024-04-26 07:56:37.879053+00:00,0.9981293920000001,27.22,-21.31374189833827,55.31794062798279,821.5119230967094,0.24364911081144172
2024-04-26 08:01:41.853552+00:00,0.9983354419999999,27.276,-21.313552632344475,55.31862612267215,838.9806292458637,0.2436493967096835
2024-04-26 08:06:44.686144+00:00,0.998061296,27.332,-21.313364077345195,55.31930904223982,862.3779755171452,0.24364968262871467
2024-04-26 08:11:47.634555+00:00,0.997453844,27.389999999999997,-21.313175450232627,55.31999222299164,891.2988363837704,0.21668063969174972
2024-04-26 08:16:50.486410+00:00,0.99774683,27.418,-21.31298688323933,55.32067518599994,925.2067599518812,0.17260569906618992
2024-04-26 08:21:43.914583+00:00,0.9979330479999999,27.442,-21.31287655900191,55.32095972232258,938.3015060324143,0.12853070098545183
2024-04-26 08:26:46.808432+00:00,0.9975396020000001,27.445999999999998,-21.312815511667356,55.320978089432316,935.1619157060793,0.08445564552255133
2024-04-26 08:31:49.680210+00:00,0.997686252,27.448,-21.3127544687812,55.32099645520368,932.0652978309187,0.04038053263453442
2024-04-26 08:36:52.679331+00:00,0.9971994439999999,27.444,-21.31269340022938,55.32101482869698,929.0105748072436,0.023274692172649016
2024-04-26 08:41:56.139540+00:00,0.996812218,27.472,-21.312632238746726,55.32103323015008,925.9949365806391,0.02327469287031942
2024-04-26 08:46:49.179243+00:00,0.9969250759999999,27.5,-21.31257317748535,55.32105099971654,923.1247925047142,0.02327469357400774
2024-04-26 08:51:52.117095+00:00,0.99651736,27.548000000000002,-21.31251212128216,55.32106936949455,920.2014358123688,0.02327469427428122
2024-04-26 08:56:55.047602+00:00,0.995669202,27.598000000000003,-21.312451066559312,55.32108773882718,917.3230287647832,0.023274694974356795
2024-04-26 09:01:58.538498+00:00,0.995421508,27.637999999999998,-21.31238989889174,55.32110614214112,914.4847250159688,0.02327469567427511
2024-04-26 09:07:01.548273+00:00,0.99422683,27.662,-21.312328828192697,55.32112451628045,911.6967059443224,0.023274696378996873
2024-04-26 09:11:54.331314+00:00,0.9940182959999999,27.742,-21.312269818660774,55.32114227028324,909.0466383758791,0.02928727341852335
2024-04-26 09:16:57.209028+00:00,0.994364378,27.788,-21.31220877457816,55.321160636414575,906.3509643565931,0.04016178227061975
2024-04-26 09:22:00.729386+00:00,0.995031086,27.812,-21.31207605114631,55.3210963987631,892.06175121516,0.051036296230819324
2024-04-26 09:27:03.536757+00:00,0.9955099000000001,27.884000000000004,-21.311896035005464,55.32097732703248,870.1382808533358,0.061910817825447294
2024-04-26 09:32:06.858209+00:00,0.9969429200000001,27.964,-21.31171571324827,55.32085805315183,848.2628879007109,0.07278534704515886
2024-04-26 09:42:02.569602+00:00,0.996842266,27.984,-21.31136156841463,55.32062380394487,805.575662112623,0.07764730503710454
2024-04-26 09:47:05.411688+00:00,0.9970217179999998,28.026,-21.31118153163611,55.320504718563456,784.0299185733634,0.07764733631007181
2024-04-26 09:52:08.321697+00:00,0.996312288,28.095999999999997,-21.311001454477886,55.32038560647287,762.595724156895,0.0776473674898525
2024-04-26 09:57:11.257484+00:00,0.996458412,28.131999999999998,-21.310821361994932,55.320266484245735,741.2862133503887,0.07764739608014447
2024-04-26 10:02:04.738759+00:00,0.9960037740000001,28.156,-21.310646890130727,55.32015107977857,720.7730072424464,0.0776474221375602
2024-04-26 10:07:08.939972+00:00,0.9960164060000001,28.184000000000005,-21.310466045363786,55.320031459952965,699.6591105704316,0.07764744820552541
2024-04-26 10:12:11.971079+00:00,0.996049054,28.222,-21.310285896214097,55.31991230024361,678.7906640585303,0.07764747417601789
2024-04-26 10:17:14.922692+00:00,0.996355874,28.236,-21.31010579432263,55.31979317179321,658.1071540438224,0.07764750016542023
2024-04-26 10:22:08.367505+00:00,0.996956658,28.256,-21.30993134413479,55.31967778166388,638.2602471677309,0.07764752621781039
2024-04-26 10:27:11.480999+00:00,0.99638776,28.294,-21.309751146006686,55.31955858955773,617.9722586929438,0.0776475522637479
2024-04-26 10:32:14.499159+00:00,0.9972950340000001,28.35,-21.309571004553682,55.31943943493935,597.9286212840335,0.07764757830608959
2024-04-26 10:37:17.261373+00:00,0.997054082,28.369999999999997,-21.30939101525832,55.31932038096568,578.1642568716607,0.07764760435331033
2024-04-26 10:42:20.798861+00:00,0.9966588680000001,28.404000000000003,-21.309210565069694,55.31920102213402,558.6404958128554,0.07764763039146258
2024-04-26 10:47:13.497832+00:00,0.9954816839999999,28.45,-21.309036558277878,55.31908592528912,540.1196004191683,0.07764765642128327
2024-04-26 10:52:16.489664+00:00,0.995613088,28.52,-21.308856432476663,55.31896678102362,521.2981107265374,0.07764768245546215
2024-04-26 10:57:19.305411+00:00,0.994307528,28.594,-21.308676411356323,55.31884770599931,502.8835653533299,0.07764770848843597
2024-04-26 11:02:22.734375+00:00,0.994432408,28.682,-21.30849602568437,55.31872838984222,484.8741087817744,0.0776477345231073
2024-04-26 11:07:25.615039+00:00,0.995459798,28.748,-21.308315965971488,55.31860928929086,467.38981164919596,0.07764776056302235
2024-04-26 11:12:18.447004+00:00,0.99599291,28.806,-21.308141880115958,55.31849414014925,451.0074127240742,0.077647786591912
2024-04-26 11:17:21.442138+00:00,0.996447066,28.824,-21.30796175235165,55.318374994585255,434.6589451586809,0.07764781264682104
2024-04-26 11:22:24.931072+00:00,0.996587144,28.834000000000003,-21.307781331028064,55.31825565484639,418.96924505885676,0.0776478385924973
2024-04-26 11:27:27.980762+00:00,0.997181744,28.862000000000002,-21.307601170830782,55.31813648782959,404.06639497702434,0.07764786454482961
2024-04-26 11:32:21.010861+00:00,0.996879328,28.914000000000005,-21.307426967186437,55.31802126077653,390.46472126013725,0.07764789057964121
2024-04-26 11:37:24.001651+00:00,0.996871534,28.951999999999998,-21.307246842004787,55.31790211692084,377.3290051336355,0.07764791663526588
2024-04-26 11:42:27.285982+00:00,0.9971048259999999,28.98,-21.307066542315695,55.31778285763714,365.22660868425896,0.07764794267052542
2024-04-26 11:47:30.350830+00:00,0.9971982240000001,28.986,-21.306886373107115,55.31766368465982,354.28547808055964,0.07764796870546938
2024-04-26 11:52:33.342949+00:00,0.996321232,29.009999999999998,-21.306706247135295,55.31754454028147,344.6083835883327,0.08202420526012444
2024-04-26 11:57:26.178284+00:00,0.996053058,29.028000000000002,-21.30653215927634,55.31742938981469,336.55659861434856,0.09043117848874506
2024-04-26 12:02:29.797861+00:00,0.9962121140000001,29.080000000000002,-21.306456344730982,55.3171492667346,310.44533375199654,0.09883815143367
2024-04-26 12:07:32.816240+00:00,0.9967389799999999,29.145999999999997,-21.306425585786897,55.31680075067816,276.8455246488917,0.10724512410866549
2024-04-26 12:12:35.917157+00:00,0.9969707979999999,29.215999999999998,-21.306394818464504,55.3164521396908,244.00147791363946,0.11565209652034467
2024-04-26 12:17:38.942639+00:00,0.997806272,29.253999999999998,-21.306364058799407,55.31610361546489,212.2855278751842,0.11968285815455278
2024-04-26 12:22:32.335190+00:00,0.998816272,29.268,-21.306334276958786,55.31576617053773,183.19406938023073,0.11968288284442075
2024-04-26 12:27:35.460277+00:00,0.998784822,29.2,-21.306303507182932,55.31541753175131,155.7670538473948,0.11968290752392821
2024-04-26 12:32:38.463962+00:00,0.9983184439999999,29.121999999999996,-21.306272749730404,55.31506903259502,132.6692212289861,0.11968293211188566
2024-04-26 12:37:41.576601+00:00,0.99826064,29.05,-21.30624198121813,55.314720408125645,116.48211558124531,0.1196829567310584
2024-04-26 12:42:35.140048+00:00,0.9980349159999999,28.974,-21.306212182030123,55.31438276664289,110.32275170577242,0.11968298142143963
2024-04-26 12:47:38.540221+00:00,0.99709372,28.9,-21.306181384330692,55.3140338114667,115.41948915940216,0.11968300610727525
2024-04-26 12:52:41.589714+00:00,0.997703238,28.860000000000003,-21.306150622228273,55.31368525962457,130.77993192037584,0.11968303080470469
2024-04-26 12:57:44.612736+00:00,0.9978857999999999,28.778,-21.306119862812878,55.31333673822791,153.3474488871452,0.11968305550684252
2024-04-26 13:02:48.098455+00:00,0.9980492680000002,28.672000000000004,-21.3060890564298,55.31298768466115,180.48225081375176,0.11968308018572063
2024-04-26 13:07:41.027146+00:00,0.996949364,28.556,-21.306059321674915,55.31265077324172,209.33139961179037,0.11968310485996117
2024-04-26 13:12:44.129429+00:00,0.9972930459999999,28.451999999999998,-21.30602855421386,55.312302160683245,240.92269326620064,0.11968312954859668
2024-04-26 13:17:47.135239+00:00,0.996233146,28.338,-21.305997796545643,55.311953659083116,273.6676547565491,0.11968315423008065
2024-04-26 13:22:50.721517+00:00,0.995880638,28.268,-21.305966979954963,55.31160448985848,307.26911896010444,0.11968317892436764
2024-04-26 13:27:53.855757+00:00,0.99614282,28.196000000000005,-21.305936209250003,55.31125584054473,341.37956692622953,0.11968320359822467
2024-04-26 13:32:46.937253+00:00,0.9978473319999999,28.092000000000002,-21.305906458984097,55.310918753376754,374.74648989864517,0.11968322828190259
2024-04-26 13:37:49.791510+00:00,0.998091174,27.894,-21.305875716699802,55.31057042608507,409.5263714561092,0.11968325294811648
2024-04-26 13:42:52.840159+00:00,0.998576306,27.633999999999997,-21.30584495468306,55.310221875213706,444.5631820680141,0.11968327762824874
2024-04-26 13:47:55.786261+00:00,0.998248652,27.324,-21.305814203075702,55.309873442286516,479.77133045214174,0.11968330227524468
2024-04-26 13:52:58.788634+00:00,0.9976209340000001,27.014,-21.30578344575635,55.30952494463922,515.1316619386008,0.11968332697842646
2024-04-26 13:57:52.076668+00:00,0.995698674,26.73,-21.30575367452511,55.30918761992225,549.4705665898526,0.11968335165952533
2024-04-26 14:02:55.891044+00:00,0.99457624,26.528,-21.305722834780536,55.30883818835105,585.1373771701896,0.11968337874603914
2024-04-26 14:07:58.753994+00:00,0.993758758,26.422000000000004,-21.305692091613828,55.30848985106113,620.7727218023405,0.11968340821775994
2024-04-26 14:17:54.263909+00:00,0.99324065,26.360000000000003,-21.305631642289793,55.307804926378104,691.0271435332535,0.11968343778790971
2024-04-26 14:22:57.719257+00:00,0.99300819,26.332,-21.305600838989637,55.307455907742586,726.9030979906108,0.11968346741880971
2024-04-26 14:28:00.616135+00:00,0.9930416799999999,26.318,-21.305570092378957,55.30710753143052,762.7548041070158,0.11968349706250436
2024-04-26 14:33:03.796469+00:00,0.993021544,26.327999999999996,-21.305539316995056,55.30675882910174,798.6762248958869,0.12002284741034146
2024-04-26 14:38:06.796042+00:00,0.992742268,26.318,-21.30550855995994,55.30641033467501,834.6077132041371,0.12683218727175158
2024-04-26 14:43:00.210293+00:00,0.992522522,26.327999999999996,-21.305274610315447,55.30664513627943,817.3438101508168,0.13364155484002177
2024-04-26 14:48:03.166436+00:00,0.992449094,26.342000000000002,-21.304998829275753,55.30698350081664,792.4844338592935,0.14045095015340997
2024-04-26 14:53:06.194694+00:00,0.992275688,26.365999999999996,-21.304722982590043,55.30732194589704,769.6377239256894,0.1472603727088238
2024-04-26 14:58:09.275060+00:00,0.992448396,26.383999999999997,-21.30444708847015,55.30766044917594,748.9912464821954,0.15373049938373934
2024-04-26 15:03:03.090049+00:00,0.9929074699999999,26.383999999999997,-21.304179628624876,55.30798860417481,731.2568307355893,0.15373066187135562
2024-04-26 15:08:06.135405+00:00,0.9931404020000001,26.380000000000003,-21.303903766374635,55.30832706835182,715.4963039673034,0.15373082441709257
2024-04-26 15:13:09.229511+00:00,0.9935330480000001,26.375999999999998,-21.30362785974742,55.30866558697636,702.4751315388094,0.15373098695483578
2024-04-26 15:18:12.285609+00:00,0.993586158,26.381999999999998,-21.30335198771872,55.30900406315088,692.3518834444961,0.15373114948728311
2024-04-26 15:23:15.933202+00:00,0.993652312,26.406,-21.303075577252077,55.309343199952046,685.2422966738178,0.15373131193612627
2024-04-26 15:28:08.709432+00:00,0.993711478,26.458,-21.302809062989258,55.3096701947857,681.35171917113,0.15373147442623153
2024-04-26 15:33:11.716329+00:00,0.9938900820000001,26.522,-21.302533235748374,55.310008616008616,680.4438193354794,0.13708264356712296
2024-04-26 15:38:14.802736+00:00,0.994009162,26.576,-21.302257336129276,55.31034712603467,682.7212680133249,0.12127253893139267
2024-04-26 15:43:18.213736+00:00,0.9944345780000001,26.612000000000002,-21.302321955764118,55.31054156406481,665.0867017526305,0.10546239447636027
2024-04-26 15:48:21.330753+00:00,0.994687262,26.630000000000003,-21.302455327435997,55.310706650607536,643.1137157965416,0.08965221030341208
2024-04-26 15:53:14.385275+00:00,0.9945672720000001,26.641999999999996,-21.30258427160386,55.31086625681608,621.9154510340455,0.07239824763118279
2024-04-26 15:58:17.298459+00:00,0.9946270079999999,26.651999999999997,-21.302717553589055,55.311031232345236,600.0559225340986,0.07163032156060806
2024-04-26 16:03:20.892874+00:00,0.9943736,26.676,-21.302837703360765,55.31118107838141,580.3361818614591,0.07002363047117457
2024-04-26 16:08:24.082365+00:00,0.994253058,26.718,-21.302956179058675,55.31132897760336,560.9367233210728,0.06841694093265673
2024-04-26 16:13:16.964115+00:00,0.9943121899999999,26.77,-21.30307062685708,55.31147184859409,542.2527992360348,0.07053544068546344
2024-04-26 16:18:19.810004+00:00,0.994224758,26.818,-21.30318896828755,55.311619580203185,522.9974424810065,0.07455933981530437
2024-04-26 16:23:23.344837+00:00,0.9943638760000001,26.860000000000003,-21.303376272364865,55.31176792410476,497.21302971155717,0.07874615520785185
2024-04-26 16:28:26.404032+00:00,0.9943433159999999,26.889999999999997,-21.30357102559772,55.31191606668526,470.74042605240123,0.0829329690617587
2024-04-26 16:33:29.365510+00:00,0.994376304,26.906,-21.30376571603525,55.31206416149934,444.2846879499135,0.09598435406268717
2024-04-26 16:38:22.252037+00:00,0.9941165319999999,26.906,-21.303953932063678,55.31220733143667,418.71813238937716,0.10596503918152518
2024-04-26 16:43:26.019618+00:00,0.994423042,26.898000000000003,-21.30423383346501,55.3124509167055,379.13765254589356,0.11548404970649147
2024-04-26 16:48:29.299916+00:00,0.9947364540000001,26.872000000000003,-21.30451950204947,55.31270109099355,338.7823150482976,0.12500304697653247
2024-04-26 16:53:32.304549+00:00,0.9949569520000001,26.830000000000002,-21.304804910977104,55.31295103788711,298.6381147003319,0.13846871345797945
2024-04-26 16:58:35.316423+00:00,0.995430472,26.786,-21.30509032672497,55.31320099075349,258.74852678602383,0.14322055041311174
2024-04-26 17:03:29.014285+00:00,0.9957575540000001,26.738,-21.30541060795395,55.313474291735844,214.74826669396853,0.14731787835578342
2024-04-26 17:08:31.881576+00:00,0.995631734,26.694,-21.305742606612224,55.31375734704109,169.97973333089158,0.15141520003848546
2024-04-26 17:13:34.857973+00:00,0.9957186459999999,26.668,-21.306074724871085,55.31404050431535,126.92896161862875,0.16340575442368363
2024-04-26 17:18:37.956155+00:00,0.9959919380000001,26.644,-21.306406976628683,55.31432377540793,88.17545818285565,0.17177482397974
2024-04-26 17:23:31.454373+00:00,0.995832536,26.612000000000002,-21.306725618470765,55.31475810477771,73.60217669420733,0.17999310308441513
2024-04-26 17:28:34.500902+00:00,0.9961789879999999,26.584000000000003,-21.30705450822607,55.31521270222383,99.95859649620397,0.1882113544073815
2024-04-26 17:33:37.522382+00:00,0.996425766,26.546000000000003,-21.307383370796703,55.315667262094806,147.22551683867917,0.19642957793602786
2024-04-26 17:38:40.534657+00:00,0.996193388,26.496,-21.307712223377084,55.31612180815707,201.16548264487176,0.19675453566610818
2024-04-26 17:43:44.555978+00:00,0.9960341420000001,26.453999999999997,-21.30804217105299,55.31657786788043,257.81128995167273,0.19675426259127532
2024-04-26 17:48:37.398049+00:00,0.995934688,26.422000000000004,-21.30835998613399,55.31701715770881,313.4901185957096,0.19675398945214556
2024-04-26 17:53:40.434393+00:00,0.995841674,26.404000000000003,-21.308688864836057,55.31747173987695,371.72980184647287,0.17111943235234
2024-04-26 17:58:43.400344+00:00,0.9956356919999999,26.380000000000003,-21.30901766714205,55.31792621644903,430.3348862771456,0.1436213714558653
2024-04-26 18:03:46.932707+00:00,0.995755788,26.35,-21.309113366682254,55.31809892480188,451.12973884897565,0.1161233599205023
2024-04-26 18:08:49.985547+00:00,0.99572945,26.326,-21.3091916998775,55.31825054324515,469.0880070129094,0.0886253976598373
2024-04-26 18:13:43.213795+00:00,0.99582958,26.296000000000003,-21.309267493609088,55.318397246409205,486.46421291292654,0.06112748552589894
2024-04-26 18:18:46.448154+00:00,0.9957368600000001,26.248,-21.30934587372345,55.31854895566715,504.43347617530014,0.05926390750297276
2024-04-26 18:23:49.427949+00:00,0.99598999,26.212,-21.309424188038005,55.318700537565746,522.3877559577056,0.059263883571888866
2024-04-26 18:28:52.544906+00:00,0.995777438,26.183999999999997,-21.30950253780623,55.318852188086986,540.3502546255961,0.059263859631643656
2024-04-26 18:33:45.602596+00:00,0.9959107059999999,26.160000000000004,-21.309578287451945,55.31899880592027,557.7167256210179,0.059263835620467865
2024-04-26 18:38:48.403872+00:00,0.9955916759999999,26.137999999999998,-21.30965655562284,55.31915029850514,575.6606691680942,0.059263811614628445
2024-04-26 18:43:51.350698+00:00,0.995112794,26.137999999999998,-21.309734861415567,55.319301863909246,593.6133038965104,0.059263787613272945
2024-04-26 18:48:54.376404+00:00,0.994873136,26.160000000000004,-21.30981318759722,55.3194534687773,611.5706725573864,0.05926376360234581
2024-04-26 18:53:57.412972+00:00,0.9947596439999999,26.194,-21.30989151658651,55.31960507907969,629.5287387012552,0.05926373959801945
2024-04-26 18:58:50.292063+00:00,0.99440671,26.23,-21.309967220067854,55.31975160755917,646.8849150953818,0.0592637155905424
2024-04-26 19:03:53.396114+00:00,0.9944660539999999,26.272,-21.31004556650014,55.319903251623494,664.8470717954145,0.05926369158253488
2024-04-26 19:08:56.622047+00:00,0.9947117560000001,26.306,-21.31012394443655,55.320054956665885,682.8164915966119,0.0592636675601634
2024-04-26 19:13:59.655779+00:00,0.994645148,26.312,-21.310202272692795,55.32020656554944,700.7745580040213,0.05926364355208574
2024-04-26 19:19:02.728540+00:00,0.994638542,26.308,-21.3102806110372,55.32035819395921,718.7349705872074,0.05926361952442364
2024-04-26 19:23:56.211290+00:00,0.994831638,26.294,-21.310356470552588,55.32050502445161,736.1270979211506,0.05926359549811801
2024-04-26 19:28:59.353150+00:00,0.995018116,26.278,-21.310434826757728,55.32065668743187,754.0916625308568,0.05926357148036926
2024-04-26 19:34:02.467591+00:00,0.994792368,26.244,-21.310513175875624,55.32080833669436,772.0546275457343,0.059263547467187615
2024-04-26 19:39:05.388709+00:00,0.9945399800000001,26.216,-21.310591475023397,55.32095988923677,790.0061590301674,0.05926352343538721
2024-04-26 19:44:08.421605+00:00,0.994008114,26.2,-21.31066980306353,55.32111149770202,807.9643356402868,0.059263499431496405
2024-04-26 19:49:01.401800+00:00,0.993748538,26.21,-21.310745532678236,55.32125807676413,825.3267925875115,0.05926347542362255
2024-04-26 19:54:04.407646+00:00,0.993282786,26.215999999999998,-21.31082385372648,55.32140967169617,843.2834022662247,0.059263451394930555
2024-04-26 19:59:08.070735+00:00,0.993062976,26.236,-21.310902344659137,55.32156159544935,861.2789772459361,0.05926342744777602
2024-04-26 20:04:11.263524+00:00,0.99318241,26.258000000000003,-21.31098071402846,55.32171328390965,879.2466960389296,0.05926340351574103
2024-04-26 20:09:04.077802+00:00,0.9939136040000001,26.296,-21.311056400756907,55.321859779962914,896.5993792519864,0.05926337949855538
2024-04-26 20:14:06.972617+00:00,0.993793854,26.296000000000003,-21.31113469310581,55.32201131934573,914.5494644586071,0.049026832408453
2024-04-26 20:19:10.270905+00:00,0.994199738,26.29,-21.311213089744584,55.32216306058762,932.5234711532664,0.038577643879556055
2024-04-26 20:24:13.880859+00:00,0.9945191900000001,26.28,-21.311234356874042,55.322169367101466,934.2308926334204,0.02812846010797861
2024-04-26 20:29:16.807631+00:00,0.994565708,26.282,-21.311253456158727,55.322170264383296,935.334487017635,0.017684117877177545
2024-04-26 20:34:09.813261+00:00,0.99445968,26.246,-21.31127192992352,55.322171132278285,936.4052915138092,0.008312520956914591
2024-04-26 20:39:13.286586+00:00,0.9946130180000001,26.222,-21.31129106577065,55.3221730383903,937.6091485264647,0.009177451726264187
2024-04-26 20:44:16.280306+00:00,0.994067776,26.208,-21.311310229803016,55.32220292818083,941.3506787023426,0.010255028559693017
2024-04-26 20:49:19.426072+00:00,0.9940344720000001,26.212,-21.31132940345215,55.32223283297046,945.094222703803,0.010969657451788968
2024-04-26 20:54:22.422219+00:00,0.9935090040000001,26.21,-21.311348567638024,55.32226272300042,948.8360536546891,0.012397568399422415
2024-04-26 20:59:15.702568+00:00,0.993155926,26.246,-21.311365180055297,55.322286827565726,951.916371776529,0.01275273903096435
2024-04-26 21:04:18.880118+00:00,0.992869114,26.294,-21.311356155718634,55.32224647012718,947.776693031263,0.01310791004420225
2024-04-26 21:09:21.835330+00:00,0.993007968,26.345999999999997,-21.311347138000052,55.32220614228514,943.6414772598098,0.013557760906689137
2024-04-26 21:14:24.714443+00:00,0.9929610219999999,26.372000000000003,-21.311338122546623,55.32216582457302,939.5087450871873,0.015659052291036535
2024-04-26 21:19:18.170404+00:00,0.99435132,26.368000000000002,-21.3113295943787,55.322125332540644,935.3883578229533,0.01704222499896265
2024-04-26 21:24:21.167494+00:00,0.9945520140000002,26.284,-21.311323620876728,55.3220639592187,929.5275498923967,0.018425397713673443
2024-04-26 21:29:24.048797+00:00,0.9948063919999999,26.166000000000004,-21.31131764965746,55.32200260934986,923.6760295901174,0.019661320143825146
2024-04-26 21:34:27.002209+00:00,0.994761824,26.026,-21.311311677016583,55.32194124487502,917.8303001912966,0.020086509212989535
2024-04-26 21:39:30.535325+00:00,0.9948032680000001,25.892000000000003,-21.311303200786185,55.321882283504756,912.0680064447383,0.019223206080027408
2024-04-26 21:44:23.451524+00:00,0.9939929839999999,25.77,-21.311273718654636,55.3218469293123,907.257130869947,0.01835990316406632
2024-04-26 21:49:26.326088+00:00,0.993767768,25.704,-21.311243234209737,55.32181037317218,902.2838811483995,0.017919343624269893
2024-04-26 21:54:29.113740+00:00,0.9933628240000001,25.668,-21.31121275851254,55.32177382752206,897.3132802679436,0.021428063230665866
2024-04-26 21:59:32.706365+00:00,0.993223274,25.668,-21.31117942155318,55.32173157026994,891.6723620247517,0.025652838573975757
2024-04-26 22:04:35.564623+00:00,0.992631686,25.682,-21.311121584349948,55.32163977638119,880.2254628958798,0.029877615561346976
2024-04-26 22:09:28.396796+00:00,0.9922989619999999,25.727999999999998,-21.311065661840214,55.32155102131783,869.1583301945519,0.03429259098082207
2024-04-26 22:14:31.141641+00:00,0.9920390940000001,25.78,-21.311007846295624,55.32145926180368,857.7174429720592,0.03997298994451065
2024-04-26 22:19:34.964354+00:00,0.9925435279999999,25.836000000000002,-21.31094838651332,55.321364852690095,845.9485478914651,0.04185136306345717
2024-04-26 22:24:37.829338+00:00,0.992888604,25.881999999999998,-21.310876387453263,55.321250188453746,831.6679570248547,0.04372973732464934
2024-04-26 22:29:40.715623+00:00,0.993293452,25.926,-21.310804383329458,55.321135516152964,817.3878885169477,0.04623409384226949
2024-04-26 22:34:33.481197+00:00,0.993426046,25.951999999999998,-21.310734785167686,55.32102467553832,803.5865052855668,0.05410392528072614
2024-04-26 22:39:36.710835+00:00,0.993658456,25.97,-21.310658117133467,55.32090214018748,788.3456262005147,0.060285598316902646
2024-04-26 22:44:39.475619+00:00,0.9932394920000001,25.98,-21.310540965874765,55.320711274927945,764.7325006426248,0.06646727687086475
2024-04-26 22:49:42.208800+00:00,0.993006606,25.994,-21.31042382684455,55.32052042959131,741.1259368816613,0.07264896085935786
2024-04-26 22:54:45.044700+00:00,0.9929667139999999,25.994,-21.310306648068437,55.32032951949984,717.5158681004069,0.07820466911340421
2024-04-26 22:59:38.430095+00:00,0.992860386,25.992,-21.310193126053548,55.320144567079566,694.647322973427,0.078204712342738
2024-04-26 23:04:41.136199+00:00,0.992820496,25.992,-21.310075997500505,55.319953738812565,671.0576474252467,0.07820475556812437
2024-04-26 23:09:43.941838+00:00,0.993192734,26.0,-21.309958830433427,55.3197628477977,647.4662882942904,0.07820479880815454
2024-04-26 23:14:46.741758+00:00,0.9938180360000001,25.962,-21.309841665579363,55.319571960388316,623.8821391748978,0.07820484204572971
2024-04-26 23:19:50.155740+00:00,0.9941045500000001,25.891999999999996,-21.30972426312123,55.319380685869454,600.257749465369,0.07820488528850564
2024-04-26 23:24:43.052900+00:00,0.9940457699999999,25.808,-21.309610930023112,55.3191960412363,577.4602986060684,0.07820492851690024
2024-04-26 23:29:45.938755+00:00,0.9935353039999999,25.727999999999998,-21.309493731917474,55.31900509965277,553.8947880986418,0.07929208780900643
2024-04-26 23:34:48.733316+00:00,0.9932438900000001,25.637999999999998,-21.309376569136955,55.31881421562165,530.3471990713908,0.08743843174284918
2024-04-26 23:39:51.931383+00:00,0.992427206,25.574,-21.30925483786635,55.31860720203182,505.0920444992712,0.09558478618573987
2024-04-26 23:44:54.621748+00:00,0.9917898020000001,25.544,-21.30910511012967,55.318299073455236,469.0933413853983,0.10373115081456585
2024-04-26 23:49:57.605178+00:00,0.992374084,25.59,-21.308955237426396,55.317990646548154,433.0601308309521,0.11034757761703533
2024-04-26 23:54:50.239552+00:00,0.99232799,25.566,-21.30881048395039,55.31769275463108,398.25813755917625,0.16927822897520511
2024-04-26 23:59:53.452827+00:00,0.9921289660000001,25.544,-21.308701060839496,55.31738893390069,364.6919156342692,0.22114967474877661
2024-04-27 00:04:56.287284+00:00,0.99119262,25.534,-21.30971923916656,55.31722002571658,415.4895595668747,0.2730210891778474
2024-04-27 00:09:59.176398+00:00,0.990833606,25.554000000000002,-21.310737601259365,55.317051087047105,488.3907778799718,0.31167838994888886
2024-04-27 00:15:02.114469+00:00,0.989717684,25.522000000000002,-21.311756127953267,55.31688212107154,575.0602990056468,0.32206368720821005
2024-04-27 00:19:55.503167+00:00,0.990075754,25.562,-21.312561783953566,55.31669753624538,647.6983894531006,0.2790476686807025
2024-04-27 00:24:58.346102+00:00,0.9900752159999999,25.603999999999996,-21.31223601241285,55.31637289699162,601.4659711373622,0.23603169586678518
2024-04-27 00:30:01.126382+00:00,0.9912770099999999,25.637999999999998,-21.311910308270793,55.316048324902276,555.7932599945849,0.19301576887641647
2024-04-27 00:35:03.934075+00:00,0.991263662,25.642000000000003,-21.31158457464055,55.31572372342723,510.81419654536074,0.16321396980063924
2024-04-27 00:40:07.265628+00:00,0.991449628,25.645999999999997,-21.311258277487987,55.31539856038851,466.6594151754799,0.16321413631829512
2024-04-27 00:44:59.996778+00:00,0.9914031700000001,25.644,-21.310943383307727,55.31508476068868,425.1673983752306,0.163214302834257
2024-04-27 00:50:03.005696+00:00,0.9911175240000001,25.639999999999997,-21.31061743321726,55.31475994350576,383.7618715373019,0.16321446946458526
2024-04-27 00:55:05.939547+00:00,0.990519562,25.639999999999997,-21.310291563877357,55.314435206792744,344.4956238142829,0.16321463607656145
2024-04-27 01:00:09.628834+00:00,0.990426488,25.644,-21.309964881906165,55.31410966027291,308.08700718330687,0.16321480264656163
2024-04-27 01:05:12.440591+00:00,0.9902072439999999,25.644,-21.309639143903958,55.31378505444109,275.89689472212723,0.16321496919868322
2024-04-27 01:10:05.196207+00:00,0.990140538,25.660000000000004,-21.30932422340543,55.31347122851447,250.17915670681072,0.16321513581183614
2024-04-27 01:15:08.126418+00:00,0.9906124220000001,25.645999999999997,-21.30899835798118,55.3131464957035,231.07801077706583,0.163215302383176
2024-04-27 01:20:11.602974+00:00,0.991184162,25.612000000000002,-21.308671904847262,55.312821177225565,221.5635271840936,0.1632154688868488
2024-04-27 01:25:14.344239+00:00,0.99175618,25.556,-21.308346242673984,55.31249664695912,222.8974779568834,0.16321563540117093
2024-04-27 01:30:17.187638+00:00,0.9920024,25.528,-21.308020470634276,55.31217200720811,234.86599627596667,0.16321580198157412
2024-04-27 01:35:09.973918+00:00,0.9921624340000001,25.488,-21.307705517150207,55.31185814841059,255.15607834485803,0.16321596852606465
2024-04-27 01:40:13.479180+00:00,0.9917241539999999,25.478,-21.30737903313687,55.31153279916057,283.253320878591,0.16321613503468338
2024-04-27 01:45:16.405664+00:00,0.991637508,25.506,-21.307053171721634,55.31120807034468,316.58379176828566,0.16321630157017117
2024-04-27 01:50:19.293866+00:00,0.9923010979999999,25.582,-21.306727351486757,55.31088338256601,353.7003308222637,0.16321646812636267
2024-04-27 01:55:21.967051+00:00,0.9927127219999999,25.598,-21.306401762548035,55.31055892527958,393.50691508157536,0.1632166346576361
2024-04-27 02:00:15.276057+00:00,0.9931975700000001,25.6,-21.3060862467616,55.31024450613409,433.96790383953453,0.16321680113742448
2024-04-27 02:05:18.271428+00:00,0.9940876660000001,25.598000000000003,-21.3057603112438,55.3099197034732,477.2081014456078,0.1632169676338238
2024-04-27 02:10:20.951666+00:00,0.9945593819999999,25.594,-21.305434714718302,55.309595238626365,521.5073410221862,0.15826314801863056
2024-04-27 02:15:23.841336+00:00,0.9942541980000001,25.538,-21.305108892904112,55.30927054927387,566.6826952669928,0.1308976589427549
2024-04-27 02:20:27.134938+00:00,0.9945599640000001,25.512,-21.304838925128752,55.308987135495876,605.9622983624882,0.10353213656654489
2024-04-27 02:25:19.663086+00:00,0.994785892,25.496000000000002,-21.304847688662647,55.30891321483992,612.458125561719,0.0761665803858886
2024-04-27 02:30:22.742897+00:00,0.994971898,25.488000000000003,-21.30485676830238,55.3088366278223,619.2178926702063,0.04805725125070664
2024-04-27 02:35:25.648941+00:00,0.995310782,25.458,-21.304865842736422,55.3087600847148,626.0029501475734,0.03103543760404235
2024-04-27 02:40:28.858900+00:00,0.995908508,25.458,-21.30490597459548,55.30870961393063,628.9442395133456,0.036425259936954946
2024-04-27 02:45:31.843025+00:00,0.9948920539999999,25.478,-21.30504759233616,55.30874467805973,619.3775496936431,0.04181508206933112
2024-04-27 02:50:24.633369+00:00,0.9933676659999999,25.630000000000003,-21.30518444540411,55.30877856247012,610.3968504896816,0.04920487674310749
2024-04-27 02:55:27.525368+00:00,0.99213983,25.898000000000003,-21.305326020084216,55.30881361593755,601.3920205778854,0.0640359509938097
2024-04-27 03:00:31.526014+00:00,0.990328706,26.3,-21.305491756686667,55.30886746531426,589.9800834065782,0.07273345720481277
2024-04-27 03:05:34.332629+00:00,0.990983524,26.822000000000003,-21.305733145669894,55.30898134752418,570.5880836769047,0.08143095885049105
2024-04-27 03:10:37.131434+00:00,0.9902464759999999,27.374000000000002,-21.305974528427164,55.309095226796835,552.0732289622033,0.09080472387027587
2024-04-27 03:15:29.968159+00:00,0.9915539900000001,28.014,-21.30620796969227,55.30920535944168,535.0870067368351,0.10065499631240651
2024-04-27 03:20:33.316836+00:00,0.993714046,28.657999999999998,-21.306452776744525,55.309335951137896,516.7992804193403,0.10380771641467716
2024-04-27 03:25:36.057493+00:00,0.99628871,29.256,-21.30670682454148,55.30952007405521,494.0675890158046,0.1069604294594525
2024-04-27 03:30:38.803246+00:00,0.995258982,29.838,-21.30696087661495,55.309704200071955,472.70227534830207,0.10756530182109662
2024-04-27 03:35:41.545042+00:00,0.99770815,30.5,-21.307214925367663,55.30988832368196,452.897448741859,0.10110681170368092
2024-04-27 03:40:34.602669+00:00,0.999655748,31.008,-21.307419963718885,55.31006538663827,435.25241374052223,0.09217183594092038
2024-04-27 03:45:37.470348+00:00,1.001213256,31.488,-21.30749962217105,55.31024458943473,417.3381214370103,0.08323686635517055
2024-04-27 03:50:40.191084+00:00,1.0017769820000002,32.02,-21.307579241975155,55.31042370528698,399.6880642312249,0.07430190298843282
2024-04-27 03:55:42.949393+00:00,1.002289272,32.604,-21.30765887166145,55.31060284337059,382.3267422958034,0.06791477946254225
2024-04-27 04:00:46.371275+00:00,1.005221806,33.093999999999994,-21.30773867587682,55.310782374081704,365.26092218574473,0.06791474966009542
2024-04-27 04:05:39.195671+00:00,1.007153428,33.577999999999996,-21.307815692804557,55.31095563440059,349.1536438384165,0.06791471984834366
2024-04-27 04:10:41.902551+00:00,1.0084473680000001,34.032,-21.307895308964337,55.31113474205443,332.93263150093105,0.06791469005019266
2024-04-27 04:15:44.858225+00:00,1.014473366,34.364000000000004,-21.307974990560393,55.31131399691629,317.20223009736964,0.06791466023235988
2024-04-27 04:20:48.212004+00:00,1.021385146,34.374,-21.308054776863745,55.31149348733182,302.03524775947227,0.0679146303121497
2024-04-27 04:25:51.118437+00:00,1.022314478,34.236000000000004,-21.308134445508774,55.311672713058535,287.5660156675753,0.06791460040554557
2024-04-27 04:30:54.038791+00:00,1.0251487879999999,34.11800000000001,-21.308214117815158,55.311851947021985,273.8780975780736,0.06791457058868008
2024-04-27 04:35:46.950167+00:00,1.0257491779999999,33.944,-21.308291157619877,55.312025258805846,261.501684835819,0.06791454076435328
2024-04-27 04:40:50.387337+00:00,1.023991188,33.832,-21.30837096585616,55.31220479856256,249.70700046509583,0.06791451094406162
2024-04-27 04:45:53.216867+00:00,1.022038454,33.828,-21.30845061427464,55.31238397878684,239.12954896459001,0.06791448114853071
2024-04-27 04:50:56.055198+00:00,1.0235481519999998,34.032,-21.30853026500785,55.31256316421842,229.9090231722238,0.06791445132631113
2024-04-27 04:55:58.835994+00:00,1.0216237019999999,34.254,-21.308609900608616,55.312742315607466,222.21606901112202,0.06791442151070426
2024-04-27 05:00:52.082627+00:00,1.023484744,34.55800000000001,-21.30868702859059,55.31291582575835,216.37352583356628,0.06791439170241845
2024-04-27 05:05:54.899761+00:00,1.025087014,34.694,-21.308766673748675,55.31309499864792,212.14129765341872,0.06791436190553964
2024-04-27 05:10:57.695624+00:00,1.0267287619999999,34.798,-21.308846313312245,55.313274158951835,209.8482743522081,0.06791433208621991
2024-04-27 05:16:00.780258+00:00,1.0293462500000001,34.808,-21.308926028826658,55.31345349011778,209.55843142294853,0.06791430226174819
2024-04-27 05:21:04.125893+00:00,1.032804324,34.612,-21.30900581298799,55.31363297571453,211.2854930553453,0.0679142724588965
2024-04-27 05:25:56.995122+00:00,1.03459646,34.198,-21.309082841707372,55.31380626256038,214.822408975569,0.06791424263238095
2024-04-27 05:31:00.071650+00:00,1.03647567,33.802,-21.309162555089802,55.313985588930116,220.3210858544521,0.06791421279574175
2024-04-27 05:36:03.105428+00:00,1.037496456,33.339999999999996,-21.309242257228323,55.314164890005124,227.55422241990635,0.0679141830701441
2024-04-27 05:41:06.533371+00:00,1.037479242,32.846,-21.309322063037772,55.314344424302334,236.3756355934955,0.06791415336016098
2024-04-27 05:45:59.414047+00:00,1.036811014,32.38,-21.309399094767954,55.31451771792139,246.2300564744637,0.06791412352901169
2024-04-27 05:51:02.207660+00:00,1.036370764,31.970000000000006,-21.309478733739745,55.314696876894025,257.63913584951274,0.06791409371828848
2024-04-27 05:56:05.137947+00:00,1.0339972720000001,31.552,-21.309558408658663,55.31487611673474,270.1398459563743,0.06791406389126461
2024-04-27 06:01:08.879610+00:00,1.032497228,31.218,-21.309638296980964,55.31505583665611,283.6207805665946,0.06791403406601118
2024-04-27 06:06:11.922508+00:00,1.0315993540000001,30.883999999999997,-21.309718001518174,55.315235143127296,297.88741595528893,0.06791400424145058
2024-04-27 06:11:04.690318+00:00,1.029842404,30.676,-21.309795003563,55.315408369965006,312.3400983122905,0.06791397441741705
2024-04-27 06:16:07.615812+00:00,1.027991182,30.45,-21.309874677221337,55.31558760696986,327.89336006988725,0.0679139445700855
2024-04-27 06:21:11.112356+00:00,1.026612738,30.3,-21.309954501073836,55.31576718185743,344.0049897026117,0.06791391475986709
2024-04-27 06:26:14.038363+00:00,1.0239224180000002,30.188,-21.310034174867035,55.315946419165684,360.5436880713522,0.06791388493389641
2024-04-27 06:31:17.045526+00:00,1.021923208,30.163999999999998,-21.310113870005495,55.31612570449307,377.4838061111212,0.06791385509578805
2024-04-27 06:36:10.166506+00:00,1.020299436,30.064,-21.310190964938972,55.31629914029675,394.20087867145253,0.06791382526473473
2024-04-27 06:41:13.720529+00:00,1.0206687259999998,30.088,-21.31027080390923,55.31647874919383,411.8120914954999,0.06791379544347492
2024-04-27 06:46:16.818111+00:00,1.02054145,30.096000000000004,-21.310350522829143,55.31665808802091,429.66359775476553,0.06791376561422438
2024-04-27 06:51:19.770335+00:00,1.023235686,30.096000000000004,-21.31043020351784,55.316837340841545,447.7410521796212,0.06791373577604198
2024-04-27 06:56:22.632880+00:00,1.025423902,29.982,-21.31050986061974,55.317016540600385,466.0202303498066,0.0679137059668895
2024-04-27 07:01:15.701030+00:00,1.02758268,29.738,-21.31058694165813,55.31718994514513,483.88328184080314,0.06791367615001127
2024-04-27 07:06:18.682916+00:00,1.025907552,29.32,-21.3106666301484,55.31736921551649,502.51182946054433,0.06791364633043932
2024-04-27 07:11:21.487855+00:00,1.023640896,28.842000000000002,-21.310746272099077,55.31754838119055,521.2759060477778,0.06791361651769201
2024-04-27 07:16:24.323676+00:00,1.019768264,28.346000000000004,-21.310825922172096,55.31772756513694,540.1730247130948,0.06791358370711205
2024-04-27 07:21:27.825498+00:00,1.014204568,27.875999999999998,-21.31090574741284,55.31790714314756,559.2299224357886,0.06791354788874529
2024-04-27 07:31:23.366132+00:00,1.009513214,27.594,-21.311062382961595,55.31825951665718,596.9243622421205,0.06791351206771326
2024-04-27 07:36:26.273304+00:00,1.007136018,27.471999999999998,-21.311142051801006,55.31843874282119,616.2305583417935,0.06791347334719418
2024-04-27 07:41:29.825592+00:00,1.005314882,27.419999999999998,-21.31122189031496,55.31861835069175,635.6575078322205,0.0679134317163436
2024-04-27 07:51:25.263453+00:00,1.00399437,27.45,-21.311378498832976,55.31897066339196,673.969856744998,0.06791339299400631
2024-04-27 07:56:28.175462+00:00,1.002360578,27.496000000000002,-21.31145816894455,55.31914989241788,693.5528092963807,0.0679133571584029
2024-04-27 08:01:32.157233+00:00,1.001927128,27.5,-21.311538120418568,55.319329754407846,713.260885526684,0.0679133213229057
2024-04-27 08:06:35.073580+00:00,1.0008938200000002,27.442,-21.311617791671143,55.31950898600061,732.9511670671304,0.06791328849715109
2024-04-27 08:11:37.974515+00:00,0.9996411679999999,27.383999999999997,-21.31169745887009,55.31968820847417,752.6876104260859,0.06791325866097507
2024-04-27 08:16:30.979390+00:00,0.9977022340000001,27.302,-21.31177452326633,55.31986157558008,771.8207160649358,0.06791322882621639
2024-04-27 08:21:34.659627+00:00,0.996775794,27.278,-21.311854395432682,55.3200412591564,791.6907623905532,0.06791319898942598
2024-04-27 08:26:37.568846+00:00,0.9960490200000001,27.274,-21.31193406481048,55.32022048653158,811.5478314735386,0.06791316915866885
2024-04-27 08:31:40.552236+00:00,0.9944817,27.312,-21.31201375369626,55.32039975779269,831.4445145470828,0.06791313932976917
2024-04-27 08:36:43.483964+00:00,0.994386928,27.387999999999998,-21.312093428994185,55.320578998486035,851.3701156730443,0.06791310949180521
2024-04-27 08:41:36.825333+00:00,0.994611502,27.474,-21.312170581893092,55.32075256469104,870.6936001271175,0.06791307966929573
2024-04-27 08:46:39.905958+00:00,0.9946502819999999,27.526,-21.312250296353028,55.320931893484776,890.6863300225502,0.06791304984648652
2024-04-27 08:51:42.867862+00:00,0.9950493079999999,27.6,-21.312329979587734,55.32111115203301,910.697516037157,0.06370611231777193
2024-04-27 08:56:46.040952+00:00,0.99588305,27.586000000000002,-21.312409718367302,55.32129053553716,930.7472629295905,0.05646696455353913
2024-04-27 09:01:39.898889+00:00,0.9955843160000001,27.524,-21.31243850656764,55.3214198765233,943.2428357355986,0.049227823104776976
2024-04-27 09:06:42.982713+00:00,0.995092402,27.466,-21.312357176509547,55.32145134317034,940.2632898533171,0.041988688061492786
2024-04-27 09:11:46.016209+00:00,0.995026038,27.451999999999998,-21.312275859956642,55.321482804592215,937.3733372353507,0.03474955941530515
2024-04-27 09:16:49.039717+00:00,0.9937047979999999,27.451999999999998,-21.312194546083827,55.321514264977154,934.5733930578598,0.03171734488472439
2024-04-27 09:21:42.584231+00:00,0.9934417139999999,27.598000000000003,-21.31211577582141,55.32154474123775,931.9475367885684,0.031717346889307045
2024-04-27 09:26:45.572470+00:00,0.99418425,27.82,-21.312034471412776,55.321576197960994,929.327255613005,0.031717348899232535
2024-04-27 09:31:48.480962+00:00,0.996782906,28.048000000000002,-21.31195318840361,55.32160764640478,926.7998733338306,0.03171735090082232
2024-04-27 09:36:51.623308+00:00,0.9972279079999999,28.134000000000004,-21.311871842641654,55.321639119127646,924.363601140293,0.031717353112855076
2024-04-27 09:41:55.044661+00:00,0.999156026,28.168,-21.311790422010464,55.32167062081747,922.0190514602948,0.031717355522076114
2024-04-27 09:51:50.376617+00:00,0.999223654,28.130000000000003,-21.311630669563417,55.32173242913265,917.6948100084363,0.03171735793205309
2024-04-27 09:56:53.421144+00:00,0.998864932,28.046,-21.31154935005036,55.32176389169981,915.6353510489682,0.031717360337603265
2024-04-27 10:01:56.836282+00:00,0.99641447,27.992,-21.31146793108689,55.32179539274439,913.6700323853919,0.03171736274094883
2024-04-27 10:06:59.767612+00:00,0.99705423,28.053999999999995,-21.3113866419494,55.32182684355922,911.8049576392091,0.03171736494329188
2024-04-27 10:11:52.857212+00:00,0.996792066,28.168,-21.31130799375937,55.32185727258994,910.093393470366,0.03411448930079417
2024-04-27 10:16:55.909875+00:00,0.9965547359999999,28.306,-21.311226672063096,55.32188873600178,908.420298672644,0.04069618354969695
2024-04-27 10:21:59.639082+00:00,0.9969787459999999,28.456,-21.31110745685576,55.32188211238033,901.3557708170252,0.04727787870772774
2024-04-27 10:27:02.519535+00:00,0.9990468379999999,28.604000000000003,-21.310939429145204,55.3218257813076,887.3362298617876,0.053859574750860374
2024-04-27 10:32:05.496227+00:00,0.999914064,28.701999999999998,-21.310771348044632,55.32176943233595,873.5259569623768,0.0604412717039259
2024-04-27 10:36:58.504988+00:00,0.999024438,28.73,-21.310608796811145,55.321714937245076,860.3830492093851,0.06462584721047224
2024-04-27 10:42:02.145111+00:00,1.001116434,28.744,-21.310440347661665,55.321658464885495,846.9947814756254,0.06462585374173298
2024-04-27 10:47:05.265889+00:00,1.0013383500000002,28.682,-21.310272186627103,55.32160208911607,833.8756242983982,0.06462586027518061
2024-04-27 10:52:08.245818+00:00,0.9999983779999999,28.526,-21.310104103730687,55.32154573954236,821.0201818637179,0.06462586681252722
2024-04-27 10:57:11.363150+00:00,0.9993656900000001,28.383999999999997,-21.309935944607858,55.32148936441384,808.4289428304123,0.06462587333946714
2024-04-27 11:02:04.570228+00:00,0.999021562,28.266000000000002,-21.30977328335485,55.321434832439074,796.5184156744539,0.0646258798747725
2024-04-27 11:07:07.654217+00:00,0.9985013779999999,28.162,-21.309605142729563,55.32137846351183,784.4977204973602,0.06462588639918461
2024-04-27 11:12:10.612449+00:00,0.9983020239999998,28.110000000000003,-21.309437071869915,55.32132211797342,772.7913410163109,0.06462589290893876
2024-04-27 11:17:13.633939+00:00,0.9998980740000001,28.106,-21.309268965916974,55.321265760670045,761.40615017951,0.06462589942707078
2024-04-27 11:22:07.105606+00:00,0.9996847019999999,28.088,-21.309106157879015,55.32121117948581,750.7021865073348,0.06462590596037673
2024-04-27 11:27:10.071091+00:00,1.000439466,28.074,-21.308938082995653,55.32115483259846,739.9995225497672,0.06462591248611732
2024-04-27 11:32:13.222345+00:00,0.999631502,28.07,-21.30876990505403,55.321098451160964,729.6591160870762,0.06462591902628032
2024-04-27 11:37:16.026491+00:00,0.999691794,28.058000000000003,-21.308601919676104,55.3210421342802,719.7147146622073,0.06462592556268862
2024-04-27 11:42:19.596980+00:00,0.998517088,28.03,-21.308433509157208,55.32098567487147,710.1467604918063,0.06462593208822906
2024-04-27 11:47:12.643157+00:00,0.998549996,28.058,-21.308270937166498,55.32093117282177,701.3073892952413,0.06462593862570717
2024-04-27 11:52:15.715996+00:00,0.9993969440000001,28.134000000000004,-21.308102802726893,55.32087480596827,692.5917605724147,0.06462594515577073
2024-04-27 11:57:18.771063+00:00,0.9996831839999999,28.189999999999998,-21.30793467814646,55.32081844242005,684.326324274513,0.06462595169377286
2024-04-27 12:02:22.299600+00:00,1.000549736,28.310000000000002,-21.30776629090124,55.32076199081379,676.5152265009312,0.06462595822029463
2024-04-27 12:07:25.180291+00:00,1.002177814,28.45,-21.307598263058612,55.32070565969679,669.2032234791208,0.06462596475179898
2024-04-27 12:12:17.969482+00:00,1.002769944,28.603999999999996,-21.307435833635,55.32065120544252,662.6079519422163,0.06765583314442161
2024-04-27 12:17:21.124753+00:00,1.00316964,28.71,-21.30726765346494,55.32059482325795,656.2843801169483,0.07472608719184735
2024-04-27 12:22:24.620951+00:00,1.003923884,28.779999999999994,-21.307078090903733,55.32047983533636,644.4639971789892,0.08179635095309357
2024-04-27 12:27:27.705653+00:00,1.0050402200000002,28.786,-21.30686456469989,55.32029809836205,626.5963506363516,0.08886662445034799
2024-04-27 12:32:20.687269+00:00,1.0040446219999999,28.758,-21.306658156221058,55.32012241944424,610.25788125942,0.09508702421257306
2024-04-27 12:37:23.603202+00:00,1.0046807340000001,28.68,-21.306444748916682,55.31994078366795,594.4117616289477,0.09769758929253591
2024-04-27 12:42:27.136953+00:00,1.0044347459999998,28.572000000000003,-21.30622504313988,55.31978893475492,582.8778033326572,0.09626777346467588
2024-04-27 12:47:30.287528+00:00,1.0039283879999998,28.454,-21.30600048551399,55.31966365948344,575.3903414908083,0.09483795251355984
2024-04-27 12:52:33.241613+00:00,1.0023192920000001,28.336000000000002,-21.305776073437116,55.31953846541024,569.2006779809093,0.09416399671497921
2024-04-27 12:57:26.237344+00:00,1.001993108,28.27,-21.305559037972913,55.31941738657094,564.4840518316552,0.09501516784006495
2024-04-27 13:02:29.826403+00:00,1.001639316,28.232,-21.305329024422438,55.319278827198886,559.8981177893428,0.0964463188160519
2024-04-27 13:07:32.894741+00:00,1.002568018,28.204,-21.305094931940452,55.31912908200804,555.9599427829385,0.0978774720972447
2024-04-27 13:12:35.860917+00:00,1.002775692,28.134000000000004,-21.30486091836918,55.31897938729511,553.6550595360967,0.09930862765974677
2024-04-27 13:17:38.695792+00:00,1.003064204,27.98,-21.30462700621577,55.31882975745755,553.0021974398442,0.09998391943467742
2024-04-27 13:22:32.124281+00:00,1.002820634,27.767999999999994,-21.304400359632574,55.31868477528825,553.9497894051946,0.09998396925935518
2024-04-27 13:32:37.638225+00:00,1.001635606,27.536,-21.30393265567196,55.318385592596655,560.772912678945,0.08941827350755666
2024-04-27 13:37:40.657324+00:00,0.999822638,27.278000000000002,-21.30369860122242,55.31823587173455,566.5902999121013,0.07138248857477979
2024-04-27 13:42:44.123248+00:00,0.9984451460000001,27.058,-21.303583005925688,55.31817515687118,571.0084545383374,0.05334669539846639
2024-04-27 13:47:37.057970+00:00,0.996601748,26.910000000000004,-21.30358610635382,55.318202681435146,572.7955316905766,0.03531088980116006
2024-04-27 13:52:40.088113+00:00,0.9958176759999999,26.782,-21.303589313632127,55.31823115457927,574.6534550004965,0.017275071628639702
2024-04-27 13:57:43.200324+00:00,0.994933978,26.642000000000003,-21.30359252177905,55.31825963543465,576.5212101210363,0.009804990635370641
2024-04-27 14:02:46.987726+00:00,0.994202722,26.542,-21.303595737072204,55.31828817973192,578.4023960693595,0.009804990428651641
2024-04-27 14:07:40.058215+00:00,0.9936113859999999,26.474,-21.303598838937294,55.318315717052755,580.2259290152973,0.00980499021901932
2024-04-27 14:12:43.231992+00:00,0.993838322,26.433999999999997,-21.30360204773583,55.31834420369296,582.1212415847858,0.009804990007292796
2024-04-27 14:17:46.248821+00:00,0.993526016,26.406,-21.303605254873222,55.31837267558608,584.0245450975996,0.00980498979699074
2024-04-27 14:22:49.699902+00:00,0.993399992,26.382000000000005,-21.303608466606747,55.318401188282145,585.9394776547156,0.009804989589679309
2024-04-27 14:27:52.738013+00:00,0.99304098,26.360000000000003,-21.30361167396939,55.31842966217496,587.8606069924044,0.009804989379002647
2024-04-27 14:32:45.374765+00:00,0.9927880700000001,26.362000000000002,-21.3036147712438,55.318457158741275,589.7240646720447,0.009804989169829432
2024-04-27 14:37:48.328578+00:00,0.992022944,26.360000000000003,-21.303617977714232,55.31848562471333,591.6616954552869,0.009804988961089318
2024-04-27 14:42:51.711735+00:00,0.9917434860000001,26.359999999999996,-21.303621188728847,55.318514131027165,593.6106296313925,0.009804988750793176
2024-04-27 14:47:54.866904+00:00,0.9911247119999999,26.360000000000003,-21.303624397330434,55.31854261591892,595.5665691022309,0.009804988541108839
2024-04-27 14:52:57.743612+00:00,0.9906586180000001,26.378000000000004,-21.303627602984783,55.318571074646066,597.5290839752352,0.009804988331514237
2024-04-27 14:57:50.702734+00:00,0.990512084,26.386000000000003,-21.303630703671164,55.31859860150273,599.4352212983669,0.009804988120851673
2024-04-27 15:02:54.453304+00:00,0.9906783540000001,26.387999999999998,-21.30363391857449,55.31862714233921,601.4196801431164,0.009804987911329627
2024-04-27 15:07:57.505595+00:00,0.9906384320000001,26.387999999999998,-21.303637126087214,55.31865561756438,603.4077220544369,0.009804987703632069
2024-04-27 15:13:01.084851+00:00,0.990651576,26.394,-21.30364033917735,55.318684142303965,605.4072973382184,0.009804987493319003
2024-04-27 15:17:54.056980+00:00,0.990658378,26.386000000000003,-21.303643440001395,55.31871167038277,607.344596977582,0.009804987284469014
2024-04-27 15:22:57.423699+00:00,0.99055856,26.386000000000003,-21.303646650842033,55.31874017515206,609.3584113326762,0.009804987074585768
2024-04-27 15:28:00.475936+00:00,0.9906316079999999,26.394,-21.303649858354184,55.318768650372185,611.3779639409845,0.009804986865796231
2024-04-27 15:33:03.537938+00:00,0.9902321200000002,26.404000000000003,-21.30365306596969,55.31879712650982,613.4053265035079,0.009804986656397601
2024-04-27 15:38:06.534082+00:00,0.990358234,26.418,-21.303656272888155,55.31882559645938,615.4399144786736,0.00980498644560782
2024-04-27 15:42:59.901134+00:00,0.9899253680000001,26.432,-21.303659377892075,55.31885316164571,617.4170762656003,0.009804986235706262
2024-04-27 15:48:02.972371+00:00,0.989905168,26.442,-21.303662585605323,55.31888163865108,619.4670391121184,0.00980498602811183
2024-04-27 15:53:05.959316+00:00,0.9899310440000001,26.476,-21.303665792426422,55.31891010773627,621.5238747127465,0.016523347152437008
2024-04-27 15:58:08.965583+00:00,0.9902565620000001,26.5,-21.30366899945203,55.318938578636995,623.58821040273,0.02962375281252757
2024-04-27 16:03:02.653602+00:00,0.990149662,26.518,-21.303719141435522,55.31904920824477,629.0933544987229,0.04272415080108324
2024-04-27 16:08:05.699559+00:00,0.990328832,26.54,-21.303816174407576,55.319243324805974,638.659591161002,0.055824541112257556
2024-04-27 16:13:08.716318+00:00,0.9901951239999999,26.564,-21.30391319803071,55.319437422664464,648.8867181463585,0.06892492372904294
2024-04-27 16:18:11.592141+00:00,0.9900755419999999,26.553999999999995,-21.30401017652725,55.319631430246226,659.7396556545991,0.07530693745679604
2024-04-27 16:23:15.097983+00:00,0.989835924,26.554000000000002,-21.304107356750944,55.31982584138752,671.2168549491299,0.07530689910379153
2024-04-27 16:28:07.930654+00:00,0.990035372,26.564,-21.30420111950783,55.32001341581248,682.8329373571011,0.07530686074197399
2024-04-27 16:33:10.950817+00:00,0.990434308,26.583999999999996,-21.304298144220912,55.320207515851436,695.3852697950421,0.07784767540560608
2024-04-27 16:38:14.044229+00:00,0.9906539819999999,26.583999999999996,-21.304395192387762,55.32040166281016,708.4535939070313,0.08376642892016153
2024-04-27 16:43:17.736653+00:00,0.9907470139999999,26.592000000000002,-21.304583347410656,55.32056222441404,714.6650442186952,0.08968518313408061
2024-04-27 16:48:20.747198+00:00,0.99127936,26.6,-21.30484036089582,55.32069653972691,716.4553327734999,0.09560393449008976
2024-04-27 16:53:13.583108+00:00,0.991386018,26.594,-21.30508874425777,55.320826344935185,719.5167292861695,0.10152268303705411
2024-04-27 17:03:19.410856+00:00,0.991286616,26.574,-21.305602607235496,55.32109488985834,729.924580857442,0.10490057923002445
2024-04-27 17:08:22.375224+00:00,0.991552818,26.577999999999996,-21.305859581553538,55.32122918470246,737.1320172622216,0.1049005373871503
2024-04-27 17:13:25.522444+00:00,0.991758888,26.592000000000002,-21.30611671096647,55.32136356059921,745.6309701984267,0.10490049553000955
2024-04-27 17:18:18.578484+00:00,0.9919118579999999,26.598000000000003,-21.30636528104247,55.32149346338429,755.030171947325,0.10490045705048731
2024-04-27 17:23:22.362480+00:00,0.991792044,26.598000000000003,-21.306622950568848,55.321628121544464,765.9549639754975,0.10490042208898834
2024-04-27 17:28:25.347378+00:00,0.992018292,26.601999999999997,-21.306879942300142,55.32176242548875,777.9991521023976,0.1049003872462243
2024-04-27 17:33:28.515883+00:00,0.99160547,26.606,-21.307137089767114,55.32189681082055,791.1458340876835,0.10490035240493438
2024-04-27 17:38:21.484511+00:00,0.991771842,26.607999999999997,-21.307385585700295,55.32202667485858,804.8406770522729,0.10490031743474604
2024-04-27 17:43:24.986165+00:00,0.991771642,26.618000000000002,-21.307643015744123,55.3221612078651,820.0018895762744,0.10490028249717986
2024-04-27 17:48:28.137046+00:00,0.9921374740000001,26.631999999999998,-21.307900148262366,55.32229558538469,836.0818498706924,0.10490024753859999
2024-04-27 17:53:31.168130+00:00,0.992143854,26.645999999999997,-21.308157179168823,55.322429909801926,853.0377336811237,0.10490021259038218
2024-04-27 17:58:34.168312+00:00,0.9928828120000001,26.645999999999997,-21.308414183864194,55.322564220521244,870.8223338942773,0.10490017765106097
2024-04-27 18:03:26.860887+00:00,0.992703268,26.636000000000003,-21.308662445649283,55.32269396219342,888.743656491919,0.1049001426998355
2024-04-27 18:08:30.031481+00:00,0.992336928,26.644,-21.30891959488811,55.32282834845118,908.0284598285527,0.10490010776665204
2024-04-27 18:13:33.116519+00:00,0.9925025140000001,26.688,-21.309176671558163,55.322962696784494,927.9968629955899,0.09518177229715408
2024-04-27 18:18:36.063573+00:00,0.992681672,26.718,-21.30943363119043,55.32309698395382,948.6011745008014,0.0834341140082255
2024-04-27 18:23:39.643537+00:00,0.992308106,26.752,-21.30958724567897,55.3230905544923,952.5804414631637,0.07168645974026197
2024-04-27 18:28:32.653860+00:00,0.992160782,26.79,-21.309668484067448,55.32299337328874,945.5017891205971,0.059938809609114796
2024-04-27 18:33:35.798886+00:00,0.9923932180000001,26.818,-21.30975253234637,55.3228928307613,938.3273275723009,0.04543701503086882
2024-04-27 18:38:38.769046+00:00,0.9922201959999999,26.812,-21.30983653214302,55.322792346230635,931.3118948567777,0.04007927860848516
2024-04-27 18:43:42.624987+00:00,0.99216026,26.812,-21.309917889953187,55.322754923703386,930.5342881034143,0.03675087187842076
2024-04-27 18:48:35.544832+00:00,0.992273548,26.808,-21.309995120253532,55.32274516294307,932.4074957151063,0.03342246799393801
2024-04-27 18:53:38.649005+00:00,0.9925866219999999,26.804000000000002,-21.310075035720892,55.32273506281763,934.4261208590948,0.03009406698098613
2024-04-27 18:58:41.744132+00:00,0.99274729,26.762,-21.31015494880321,55.32272496299361,936.5258209985608,0.029519817384800234
2024-04-27 19:03:45.563888+00:00,0.9926752540000001,26.701999999999998,-21.310235052938864,55.3227148390233,938.7114193989509,0.02951981716273718
2024-04-27 19:08:48.641631+00:00,0.992443432,26.644,-21.31031496143772,55.322704739778565,940.9717972143966,0.029519816944515838
2024-04-27 19:13:41.365820+00:00,0.9921250020000001,26.592000000000002,-21.310392140151986,55.32269498553797,943.2303828570227,0.029519816726896197
2024-04-27 19:18:44.501674+00:00,0.992052914,26.534000000000002,-21.31047206397226,55.32268488435684,945.6468451297345,0.029519816504496376
2024-04-27 19:23:47.922381+00:00,0.9916741420000001,26.502,-21.310552062895955,55.32267477368375,948.1439896213336,0.029519816291740792
2024-04-27 19:28:51.042960+00:00,0.99155455,26.491999999999997,-21.310631982688804,55.32266467301163,950.7163791882969,0.029519816072800787
2024-04-27 19:33:54.174709+00:00,0.991221436,26.506,-21.31071190542678,55.322654571967284,953.365915498025,0.032009290407820065
2024-04-27 19:38:47.022662+00:00,0.991341018,26.517999999999994,-21.310789116772252,55.32264481360259,955.9981410833177,0.037087709370877193
2024-04-27 19:43:50.556088+00:00,0.9910279080000001,26.532,-21.310864006030325,55.322551758787114,950.7886368864891,0.042166124252124335
2024-04-27 19:48:53.534184+00:00,0.9908676920000001,26.553999999999995,-21.31093578198483,55.32241084228032,941.1189276778853,0.047244535108861285
2024-04-27 19:53:56.720593+00:00,0.99075402,26.577999999999996,-21.311007607289014,55.32226982888615,931.6395516868848,0.048055338826378226
2024-04-27 19:58:49.773565+00:00,0.9910004640000001,26.57,-21.311077031967148,55.322133528600126,922.6699937572532,0.04567664597226407
2024-04-27 20:03:53.590447+00:00,0.990814162,26.565999999999995,-21.311155049248832,55.32208173410489,922.0386127801489,0.040709008378628155
2024-04-27 20:08:56.637165+00:00,0.990720892,26.57,-21.311235072167577,55.322062711024394,924.5947018805689,0.035741374769694426
2024-04-27 20:13:59.641350+00:00,0.9908136759999999,26.586000000000002,-21.31131508385497,55.32204369061382,927.232952872923,0.029042468679982496
2024-04-27 20:19:02.863236+00:00,0.990560096,26.609999999999996,-21.31139515302888,55.32202465653753,929.9549999444632,0.029307849332095535
2024-04-27 20:23:56.171926+00:00,0.9903728019999999,26.648000000000003,-21.31137162600968,55.32207978896194,933.5960846160749,0.030273253768677132
2024-04-27 20:28:59.081509+00:00,0.990431726,26.689999999999998,-21.31131402639411,55.32216098076035,937.760746356112,0.03123866009842194
2024-04-27 20:34:02.161116+00:00,0.990577386,26.724,-21.311256394447778,55.32224221813186,942.0280716420413,0.032204068281240235
2024-04-27 20:39:05.113265+00:00,0.9904772600000001,26.734,-21.311198786738114,55.322323421339625,946.3925369875415,0.03490075471564595
2024-04-27 20:43:58.729394+00:00,0.9907103880000001,26.732,-21.311142954314512,55.32240212212325,950.7156054643658,0.034900763325865544
2024-04-27 20:49:01.832385+00:00,0.990896992,26.726,-21.311085317921545,55.322483365762686,955.2731556666323,0.03490077194680553
2024-04-27 20:54:04.838933+00:00,0.9908572940000001,26.714,-21.311027699867672,55.32256458355153,959.924161692072,0.0349007805572639
2024-04-27 20:59:07.897840+00:00,0.9907976100000001,26.703999999999997,-21.310970071857472,55.32264581537471,964.6695138757602,0.03490078917022664
2024-04-27 21:04:11.441512+00:00,0.9912838180000001,26.698,-21.310912351667092,55.32272717713408,969.5148541806154,0.03490079778583115
2024-04-27 21:09:04.566160+00:00,0.991224144,26.688,-21.310856612700825,55.32280574618125,974.2803513407109,0.03490080639798494
2024-04-27 21:14:07.454457+00:00,0.9912842959999999,26.678000000000004,-21.31079901713286,55.3228869322742,979.2925024821058,0.03535921888900907
2024-04-27 21:19:10.530295+00:00,0.9912516760000001,26.651999999999997,-21.31074138590319,55.32296816863551,984.3958490411873,0.037181499137054784
2024-04-27 21:24:13.842157+00:00,0.991272128,26.629999999999995,-21.310643518499976,55.32293947392158,977.3555346631832,0.03900377889314775
2024-04-27 21:29:16.826634+00:00,0.990806658,26.606,-21.31053566457029,55.32288319025133,967.3299656965374,0.040826058155299536
2024-04-27 21:34:09.409142+00:00,0.990527586,26.583999999999996,-21.310431513448197,55.32282883889456,957.7252013465998,0.03834585377779444
2024-04-27 21:39:12.535173+00:00,0.9900621900000001,26.558,-21.310323609129213,55.32277252892862,947.8561796059145,0.03432617342014691
2024-04-27 21:44:16.149756+00:00,0.989936056,26.544,-21.310268746691825,55.32274285238954,942.7701364705551,0.028942623782669437
2024-04-27 21:49:19.048400+00:00,0.98969035,26.52,-21.310227358028722,55.32271994719214,938.8978526735691,0.023559073124223236
2024-04-27 21:54:21.998551+00:00,0.989490926,26.51,-21.310185962327576,55.32269703809976,935.0375494226167,0.018175521448303165
2024-04-27 21:59:15.144011+00:00,0.989431562,26.490000000000002,-21.31014590635861,55.3226748704382,931.3143622912396,0.017094451888962817
2024-04-27 22:04:18.667294+00:00,0.98948565,26.456,-21.310104432343614,55.32265191800559,927.4721483100142,0.017094452894753094
2024-04-27 22:09:21.585101+00:00,0.9895399319999999,26.410000000000004,-21.310063041062023,55.32262901135907,923.6507220935559,0.0170944538958669
2024-04-27 22:14:24.248632+00:00,0.9894944139999999,26.366000000000003,-21.310021684525214,55.322606123940915,919.8457605412989,0.017094454902416505
2024-04-27 22:19:27.178747+00:00,0.98954898,26.310000000000002,-21.309980291561875,55.32258321636369,916.050881867806,0.017094455909488385
2024-04-27 22:24:20.709179+00:00,0.9895568279999999,26.26,-21.309940182989575,55.32256101959053,912.386734663401,0.017094456912590532
2024-04-27 22:29:23.760438+00:00,0.989371392,26.226,-21.30989877347284,55.32253810285237,908.6173074831268,0.017094457918803374
2024-04-27 22:34:26.817299+00:00,0.9891854499999999,26.212,-21.30985736319066,55.322515185690605,904.8617667617066,0.017094458923654906
2024-04-27 22:39:29.671882+00:00,0.9889593659999999,26.208,-21.309815980548127,55.322492283825085,901.1228492846418,0.017094459924593745
2024-04-27 22:44:22.906892+00:00,0.989112212,26.214000000000006,-21.309775912342865,55.322470109391745,897.5163040291196,0.01709446092854498
2024-04-27 22:49:25.689449+00:00,0.989245084,26.222,-21.30973453954212,55.32244721297285,893.8065602588158,0.017094461935280577
2024-04-27 22:54:28.599370+00:00,0.989244574,26.242,-21.3096931493381,55.32242430692267,890.1099003569539,0.020840359711089426
2024-04-27 22:59:31.509111+00:00,0.98942394,26.252,-21.30965175915867,55.32240140088611,886.428073304987,0.025741014419778534
2024-04-27 23:04:35.084422+00:00,0.9894635940000001,26.262,-21.309562183651398,55.322359253841476,879.2456420494661,0.030641669823883454
2024-04-27 23:09:28.183618+00:00,0.9895633779999999,26.262,-21.30946141383576,55.322312861044956,871.358397900504,0.035542325951299164
2024-04-27 23:14:31.087665+00:00,0.9894171199999999,26.258000000000003,-21.309357273035108,55.32226491630135,863.3125166140551,0.04027996468068082
2024-04-27 23:19:33.886000+00:00,0.989869974,26.234,-21.309253168578948,55.32221698829016,855.3793106502852,0.04152086907514165
2024-04-27 23:24:37.275005+00:00,0.989677708,26.206,-21.30918779723574,55.322120334208364,843.7996592226824,0.04160701874880422
2024-04-27 23:29:40.147161+00:00,0.989837846,26.186,-21.309130410170447,55.32201401125935,831.5039193209244,0.04169316995091481
2024-04-27 23:34:33.063498+00:00,0.98957207,26.172000000000004,-21.309074909495955,55.321911183290126,819.6249417377617,0.041779322689335305
2024-04-27 23:39:36.059946+00:00,0.9897453159999999,26.157999999999998,-21.309017498880316,55.32180481670859,807.3507820984171,0.04202849508465071
2024-04-27 23:44:39.511724+00:00,0.9892667020000001,26.148000000000003,-21.308960001990467,55.321698290283926,795.0726829478125,0.04202850729774339
2024-04-27 23:49:42.275172+00:00,0.9894995380000001,26.145999999999997,-21.30890263552277,55.32159200549677,782.8375817679474,0.04202851951675866
2024-04-27 23:54:45.206041+00:00,0.9894532939999999,26.131999999999998,-21.308845237332793,55.32148566193668,770.6115794890458,0.044998981593690514
2024-04-27 23:59:37.809506+00:00,0.98908127,26.115999999999996,-21.308789795940086,55.32138294380081,758.8181681921232,0.048482281474168755
2024-04-28 00:04:41.420412+00:00,0.988735522,26.112000000000002,-21.308680581506533,55.321264417769996,744.0992954137565,0.05196558341402145
2024-04-28 00:09:44.256427+00:00,0.9888218959999999,26.113999999999997,-21.308563563883258,55.32114432670215,729.1525327340877,0.05544888742487151
2024-04-28 00:14:47.204545+00:00,0.98857568,26.119999999999997,-21.308446502942754,55.321024191179355,714.341238005119,0.0625298931374916
2024-04-28 00:19:50.261934+00:00,0.988355966,26.130000000000003,-21.308329399779275,55.320904012324604,699.6746657774012,0.06706629480643307
2024-04-28 00:24:43.687582+00:00,0.988395602,26.139999999999997,-21.30819231017721,55.320741371174705,680.4647328318969,0.0710898649008552
2024-04-28 00:29:46.494411+00:00,0.98834204,26.153999999999996,-21.308047968735853,55.32056792965222,660.2542955379429,0.07511343917122666
2024-04-28 00:34:49.313610+00:00,0.98791593,26.172000000000004,-21.307903621398022,55.32039448104451,640.3116460222733,0.0780031429427422
2024-04-28 00:39:52.206781+00:00,0.987855824,26.182,-21.307759238799363,55.32022099006717,620.658748888686,0.07732188148426039
2024-04-28 00:44:55.507940+00:00,0.9876562980000001,26.182000000000006,-21.30769323328957,55.32001657485186,598.8741071674608,0.07621477699666232
2024-04-28 00:49:48.455092+00:00,0.9873900640000001,26.188,-21.307638030719463,55.31981579835185,577.6137060160255,0.07510766911579406
2024-04-28 00:54:51.146439+00:00,0.9874564900000001,26.192,-21.307580991966248,55.31960834349578,555.6806731785954,0.07167666218978055
2024-04-28 00:59:54.039863+00:00,0.987390074,26.188,-21.307523915133878,55.319400750142556,533.772431363464,0.06920385327141869
2024-04-28 01:04:57.427390+00:00,0.987190532,26.188,-21.307526924735896,55.319218009784585,514.9106359746888,0.06670430467210062
2024-04-28 01:09:59.985990+00:00,0.986964196,26.194,-21.307536721894504,55.3190386134844,496.45651226760396,0.06420475004479965
2024-04-28 01:14:52.677189+00:00,0.987316542,26.202000000000005,-21.30754619953653,55.3188650678696,478.6161928582979,0.06012811251965654
2024-04-28 01:19:55.485257+00:00,0.9871700179999999,26.21,-21.30755600477317,55.31868552365223,460.1730698049608,0.058224176666389384
2024-04-28 01:24:58.709408+00:00,0.9872426919999999,26.228,-21.307591247226423,55.31853312976497,444.8156540297541,0.056495906219478864
2024-04-28 01:30:02.008408+00:00,0.988380076,26.228,-21.307629366706376,55.318383789216306,429.8751120139174,0.054767634060327565
2024-04-28 01:35:04.913459+00:00,0.989265466,26.190000000000005,-21.307667436673675,55.318234642643176,415.0359756275926,0.05303936021959575
2024-04-28 01:39:57.799474+00:00,0.9892139560000001,26.119999999999997,-21.30770424742008,55.31809042931519,400.7741554548899,0.052888161420583814
2024-04-28 01:45:01.178468+00:00,0.989129516,26.042,-21.30774237695392,55.31794104937845,386.1012157758302,0.05288814874481239
2024-04-28 01:50:04.021839+00:00,0.9893511119999999,25.958,-21.307780439169118,55.317791933175705,371.5673521562665,0.05288813607795427
2024-04-28 01:55:06.835456+00:00,0.988195098,25.906,-21.307818497644735,55.3176428316235,357.1617793244631,0.05288812341297555
2024-04-28 02:00:09.758204+00:00,0.987670432,25.881999999999998,-21.307856569836247,55.31749367633658,342.8939393832835,0.052888110733653036
2024-04-28 02:05:03.131532+00:00,0.987510902,25.881999999999998,-21.307893441829556,55.31734922306184,329.2296729890429,0.05288809807221909
2024-04-28 02:10:05.953970+00:00,0.9877832660000001,25.889999999999997,-21.30793150141382,55.31720011716629,315.3050985526562,0.052888085403536275
2024-04-28 02:15:08.740644+00:00,0.9876633659999999,25.901999999999997,-21.3079695565032,55.317051028880336,301.5898111689573,0.05576246783006269
2024-04-28 02:20:11.588275+00:00,0.987537148,25.9,-21.308007619253786,55.3169019105801,288.10912100955665,0.059104690808462965
2024-04-28 02:25:14.943463+00:00,0.987224358,25.913999999999998,-21.30817063863659,55.31681149830893,285.58955642550507,0.06244691342468926
2024-04-28 02:30:07.624069+00:00,0.9870240859999999,25.945999999999998,-21.30833667020024,55.31672839728279,285.3419629454498,0.06578913568341319
2024-04-28 02:35:10.391537+00:00,0.9865645479999999,25.976,-21.308508423828705,55.31664243228641,286.6131769878337,0.06639067132188001
2024-04-28 02:40:13.083408+00:00,0.9863443159999999,26.006,-21.30868013457269,55.31655648875429,289.4162708322183,0.06394483675946248
2024-04-28 02:45:16.408892+00:00,0.9863366600000001,26.044,-21.30882922691386,55.31652219888513,296.3519682421072,0.061031163755521534
2024-04-28 02:50:19.292607+00:00,0.986076102,26.086000000000002,-21.30897641813192,55.316491757695026,304.24109381030735,0.058117493233251896
2024-04-28 02:55:22.129679+00:00,0.985868462,26.134000000000004,-21.30912358668309,55.31646132119275,312.8187708307436,0.0575479509104288
2024-04-28 03:00:14.945610+00:00,0.985712408,26.232,-21.30926588529932,55.31643189186072,321.71661611818996,0.05999297425421231
2024-04-28 03:05:18.240809+00:00,0.985514242,26.392000000000003,-21.309439790595484,55.3164897640943,339.8572453644544,0.06261097356535793
2024-04-28 03:10:21.065371+00:00,0.984705692,26.651999999999997,-21.30961537659574,55.31655404651202,358.8031065266743,0.06522897156505673
2024-04-28 03:15:24.096642+00:00,0.985687456,26.982,-21.309791082451696,55.31661837280917,377.93832303419185,0.06459350804937364
2024-04-28 03:20:26.937091+00:00,0.986668574,27.334000000000003,-21.30996667766373,55.31668265859933,397.2123363221728,0.061502999010600946
2024-04-28 03:25:20.485730+00:00,0.9878700180000001,27.686,-21.310084979253777,55.31675658824086,412.2543209315426,0.05813861129009057
2024-04-28 03:30:23.363767+00:00,0.9893196879999999,28.009999999999998,-21.310205042375017,55.31683331467346,427.64276547388715,0.05477422306093671
2024-04-28 03:35:26.109557+00:00,0.991465388,28.288,-21.310325053072543,55.31691000760464,443.0348712356341,0.05377548818185949
2024-04-28 03:40:28.876902+00:00,0.9932764799999999,28.494,-21.310445072314607,55.316986705996214,458.43740611437056,0.05621459880442643
2024-04-28 03:45:32.209747+00:00,0.9945468460000001,28.678000000000004,-21.31060649887982,55.31705108016388,476.7195784443747,0.05876462803722142
2024-04-28 03:50:24.876394+00:00,0.9953638039999999,28.833999999999996,-21.310765129685738,55.31711231868761,494.6238949516268,0.06131465782439495
2024-04-28 03:55:27.703373+00:00,0.9965699459999999,28.971999999999998,-21.310929267581976,55.31717568319235,513.2129815819148,0.05895437982530277
2024-04-28 04:00:30.611972+00:00,0.9980789139999999,29.080000000000002,-21.311093449717763,55.31723906477553,531.8647117185161,0.05421873807577808
2024-04-28 04:05:34.180556+00:00,0.9976530739999999,29.226,-21.311183527086314,55.317302690093726,543.8468921495484,0.04929871130306379
2024-04-28 04:10:37.025419+00:00,0.997404246,29.444,-21.311273231226785,55.31736616395117,555.7864937425798,0.04437868470553992
2024-04-28 04:15:29.710295+00:00,0.9962477240000001,29.694,-21.311359925929064,55.31742750835674,567.3258299362687,0.03945865828315862
2024-04-28 04:20:32.675160+00:00,0.996984072,29.956,-21.311449665614735,55.317491007365646,579.2707448663277,0.03944894039114845
2024-04-28 04:25:36.096401+00:00,0.9984665659999999,30.227999999999998,-21.311539540481167,55.31755460202727,591.233923269199,0.03944893313636266
2024-04-28 04:30:38.870542+00:00,0.9990866820000001,30.512,-21.311629223673496,55.317618061062,603.1718413336911,0.03944892587986916
2024-04-28 04:35:41.810709+00:00,1.00123266,30.764,-21.31171895604346,55.317681554894385,615.116543852526,0.03944891862866648
2024-04-28 04:40:34.705031+00:00,1.004008842,31.008,-21.311805712784647,55.31774294319813,626.6653599937921,0.039448911381574706
2024-04-28 04:45:37.579127+00:00,1.006065422,31.252,-21.31189542558412,55.31780642318261,638.6078869908558,0.03944890412405677
2024-04-28 04:50:40.539449+00:00,1.0057657939999998,31.422000000000004,-21.311985163924138,55.31786992123935,650.5540144354735,0.039448896166492345
2024-04-28 04:55:43.510179+00:00,1.0088343180000001,31.53,-21.312074905347036,55.31793342147751,662.5007418525234,0.03944888748599003
2024-04-28 05:05:39.123261+00:00,1.00747119,31.65,-21.31225132887635,55.31805825720851,685.9874426378354,0.03944887876787076
2024-04-28 05:10:41.885092+00:00,1.009266134,31.956,-21.31234100842239,55.31812171366315,697.9264373706079,0.039448870058317306
2024-04-28 05:15:44.766835+00:00,1.0070048200000001,32.263999999999996,-21.312430723486862,55.31818519525032,709.8703136412148,0.03944886134653749
2024-04-28 05:20:47.570668+00:00,1.0078588700000002,32.532,-21.31252041547408,55.31824866050823,721.8112628646962,0.03944885336448904
2024-04-28 05:25:50.998059+00:00,1.004539238,32.88,-21.312610292162212,55.31831225645888,733.7769403062189,0.039448846109241056
2024-04-28 05:30:43.895497+00:00,1.011862254,33.354,-21.312697049826383,55.318373645415726,745.32749353283,0.03870886347117274
2024-04-28 05:35:46.757837+00:00,1.0146276300000001,33.414,-21.312786759143663,55.31843712293623,757.2711406289437,0.03822676697568496
2024-04-28 05:45:52.467278+00:00,1.0212650399999998,33.28,-21.312901007528502,55.31860639810125,777.7492677697023,0.037744670689234684
2024-04-28 05:50:55.506725+00:00,1.025219782,33.05800000000001,-21.31292765086155,55.31871090640147,786.4644394728874,0.0372625746188659
2024-04-28 05:55:58.292883+00:00,1.0259400159999998,32.80800000000001,-21.31295427192532,55.3188153273506,795.2351609358406,0.03678047874408471
2024-04-28 06:00:51.899557+00:00,1.023785268,32.554,-21.312980085925716,55.31891658259888,803.798019311635,0.03703835847173569
2024-04-28 06:05:54.942648+00:00,1.024519718,32.38,-21.313006729579136,55.31902109215576,812.6940781296469,0.03703835225676795
2024-04-28 06:10:57.726798+00:00,1.02395174,32.254,-21.313033350466384,55.31912551241246,821.6394795582322,0.03703834607184535
2024-04-28 06:16:00.828083+00:00,1.020312632,32.227999999999994,-21.313059999236234,55.3192300420385,830.6494164323282,0.03703833987972198
2024-04-28 06:20:53.986784+00:00,1.0274432399999998,32.106,-21.313085773850677,55.31933114279565,839.4146388414786,0.037038333668247325
2024-04-28 06:25:56.827876+00:00,1.0283397380000001,31.621999999999996,-21.313112399744288,55.31943558268979,848.5201874485992,0.03703832745706681
2024-04-28 06:30:59.933993+00:00,1.0275862400000002,31.151999999999997,-21.31313904893897,55.31954011398223,857.6837978002118,0.03703832125267649
2024-04-28 06:36:03.047335+00:00,1.025960372,30.741999999999997,-21.313165698768884,55.31964464776636,866.8961545861745,0.03703831503467709
2024-04-28 06:41:06.506829+00:00,1.027840396,30.381999999999998,-21.31319237903262,55.31974930092696,876.1661095115526,0.03703830882146775
2024-04-28 06:45:59.537947+00:00,1.0248790460000001,30.072000000000003,-21.3132181424299,55.31985035768486,885.1608191020646,0.03703830261764229
2024-04-28 06:51:02.471431+00:00,1.023354196,29.95,-21.313244776446645,55.31995482944193,894.5028455876034,0.03769967288838556
2024-04-28 06:56:05.477316+00:00,1.0220465600000002,29.940000000000005,-21.313271416828922,55.32005932616777,903.8898482264393,0.046144794534740685
2024-04-28 07:01:09.060310+00:00,1.0219336380000001,30.006,-21.313289207016457,55.3201760102807,913.4342044333482,0.05458992336890156
2024-04-28 07:06:12.130402+00:00,1.020284748,30.130000000000003,-21.313228268535227,55.32039849370183,924.1259576932256,0.06303505938373544
2024-04-28 07:11:05.127743+00:00,1.019870982,30.312,-21.31316935538797,55.32061358272746,934.93308775228,0.06983523375411842
2024-04-28 07:16:08.148852+00:00,1.019443098,30.528,-21.313108426755786,55.3208360301902,946.5796773595114,0.0621258090293366
2024-04-28 07:21:11.613678+00:00,1.021339854,30.798000000000002,-21.313053735595766,55.321035685759455,957.4251370082692,0.046632634173314993
2024-04-28 07:26:14.683571+00:00,1.022733286,31.016,-21.31305507025383,55.3210306241317,957.1417802699843,0.031139453365306297
2024-04-28 07:31:07.569715+00:00,1.024506132,31.183999999999997,-21.313056360064742,55.321025732584665,956.8681600384695,0.01608216537094314
2024-04-28 07:36:10.512773+00:00,1.022892742,31.339999999999996,-21.31305769416425,55.3210206730752,956.5853671275405,0.011611161811310939
2024-04-28 07:41:15.112199+00:00,1.02413012,31.458,-21.313046993885944,55.32102287868185,955.942748098895,0.020988383825369866
2024-04-28 07:46:18.049941+00:00,1.023707054,31.5,-21.312929821498333,55.32108959014905,952.2495058924295,0.030365607515631506
2024-04-28 07:51:21.119458+00:00,1.021979676,31.607999999999997,-21.312812598141868,55.321156330635084,948.7697116126046,0.03940842165650336
2024-04-28 07:56:14.259433+00:00,1.02383001,31.698,-21.312699215403455,55.32122088448594,945.6108077247175,0.0387249023575418
2024-04-28 08:01:17.768934+00:00,1.028530654,31.708,-21.312585849621247,55.321285417992414,942.6569801017624,0.029100061515161573
2024-04-28 08:06:20.801830+00:00,1.0289807400000002,31.669999999999998,-21.312584401690888,55.321285935110396,942.5960243924789,0.019475218967313683
2024-04-28 08:11:23.748637+00:00,1.027864224,31.656,-21.31258295417187,55.32128645208147,942.5351125945868,0.010979978656066836
2024-04-28 08:16:16.753919+00:00,1.028591014,31.677999999999997,-21.312581554154747,55.32128695208759,942.4762249835671,0.010061515940397399
2024-04-28 08:21:20.294382+00:00,1.028632024,31.708000000000006,-21.312567181847324,55.32129659015652,942.2341298802654,0.018433489576197105
2024-04-28 08:26:23.431675+00:00,1.026184142,31.715999999999998,-21.312470338655434,55.321364435386975,940.9347741812899,0.02680546487447803
2024-04-28 08:31:26.437347+00:00,1.0239450639999998,31.748,-21.312373537512347,55.32143225115939,939.8100426660695,0.03430900061975935
2024-04-28 08:36:29.342326+00:00,1.0246379740000002,31.784,-21.312276768537703,55.32150004439563,938.8602456477714,0.03331976338807465
2024-04-28 08:41:22.732993+00:00,1.0262783020000001,31.704,-21.312192713654895,55.32155911833955,938.192972689142,0.025088158115683563
2024-04-28 08:46:25.749737+00:00,1.0252876780000002,31.589999999999996,-21.312190884301163,55.32156224348551,938.3335352580075,0.01685655116334048
2024-04-28 08:51:28.706571+00:00,1.027248452,31.477999999999998,-21.312189055309116,55.321565368013594,938.4742047200547,0.010037207413777227
2024-04-28 08:56:31.759264+00:00,1.029732666,31.272,-21.312187225738352,55.321568493530314,938.6150533644176,0.011406176817671731
2024-04-28 09:01:35.315893+00:00,1.030701672,30.971999999999998,-21.312165863717354,55.32157680374145,937.908575333132,0.020138315762764137
2024-04-28 09:06:28.297027+00:00,1.029264644,30.668,-21.312051531174315,55.32160967901736,933.2537029226605,0.028870455187041056
2024-04-28 09:11:31.351374+00:00,1.028662552,30.389999999999997,-21.31193326767492,55.32164368460377,928.6105288640439,0.037602595095296586
2024-04-28 09:16:34.398411+00:00,1.026878254,30.145999999999997,-21.311815007028205,55.32167768936993,924.1447064492974,0.044922470615597614
2024-04-28 09:21:37.886410+00:00,1.0263983239999999,29.994,-21.31169657430108,55.32171174361623,919.8525987209609,0.04492247300994735
2024-04-28 09:26:30.910165+00:00,1.025202376,29.875999999999998,-21.31158222512571,55.321744623674604,915.8819841463763,0.04492247541950993
2024-04-28 09:31:34.091687+00:00,1.02497263,29.79,-21.31146391199776,55.32177864353126,911.955549387751,0.04492247782363244
2024-04-28 09:36:36.954188+00:00,1.02483679,29.7,-21.311345723364035,55.32181262759074,908.2202408232264,0.044922480238625995
2024-04-28 09:41:40.421520+00:00,1.0240111299999999,29.606,-21.311227298702025,55.32184667951798,904.6672534516912,0.04492248264335051
2024-04-28 09:46:43.389349+00:00,1.0218931660000001,29.518,-21.3111090689652,55.32188067539628,901.3118539216528,0.04492248504795734
2024-04-28 09:51:36.158862+00:00,1.0203455460000002,29.486,-21.310994819004886,55.32191352692628,898.2534377513399,0.043418178494177444
2024-04-28 09:56:39.186388+00:00,1.018979144,29.486,-21.31087656597213,55.32194752950311,895.2803624159912,0.034952364844336704
2024-04-28 10:01:42.862420+00:00,1.018598318,29.538,-21.310777601628104,55.32197466815031,892.8219709858423,0.02648655070364319
2024-04-28 10:06:45.967290+00:00,1.0187266240000001,29.604000000000003,-21.31077582278984,55.32196732408948,892.0528095872235,0.0180207361009757
2024-04-28 10:11:49.162271+00:00,1.0189413520000001,29.663999999999998,-21.31077404342274,55.32195997784531,891.28344905037,0.012538189215736384
2024-04-28 10:16:42.317131+00:00,1.019490754,29.688,-21.31077232297832,55.321952874867634,890.539593583306,0.02177341972385886
2024-04-28 10:21:45.801064+00:00,1.020261088,29.691999999999997,-21.310725068945274,55.321945218687596,887.4954081404333,0.03797015688338283
2024-04-28 10:26:48.760501+00:00,1.01988527,29.642000000000003,-21.31049750560967,55.32193637399932,875.7750063980872,0.05416689406834435
2024-04-28 10:31:51.907531+00:00,1.019529578,29.594,-21.310269801366495,55.321927523834404,864.6307112669858,0.0676205874080869
2024-04-28 10:36:44.938549+00:00,1.0198436640000001,29.528000000000002,-21.310049695610637,55.32191896899936,854.4344278576638,0.06451980298458285
2024-04-28 10:41:48.355118+00:00,1.0194076779999999,29.448,-21.309859184516792,55.32191169839305,846.0953678608631,0.048205549636352894
2024-04-28 10:46:51.541684+00:00,1.0180006760000002,29.354000000000003,-21.309853742578603,55.32191228327426,845.9406968181668,0.03189129625690003
2024-04-28 10:51:54.466104+00:00,1.017223454,29.296,-21.30984830534571,55.32191286764976,845.7865679678999,0.01953692109286411
2024-04-28 10:56:57.447251+00:00,1.016225388,29.226,-21.309842867094616,55.32191345213469,845.6328188739458,0.025710089434891246
2024-04-28 11:01:50.669009+00:00,1.0154551779999998,29.169999999999998,-21.30980667326663,55.32186549295296,839.5775425160291,0.045454481824738456
2024-04-28 11:06:53.824642+00:00,1.01527414,29.129999999999995,-21.30964766570097,55.321625159771884,810.1445939522415,0.06519888871571564
2024-04-28 11:11:56.728116+00:00,1.01512028,29.144,-21.30948879039486,55.321385026495484,780.8207184080037,0.08157475716755944
2024-04-28 11:16:59.867885+00:00,1.014263628,29.116000000000003,-21.30932979115003,55.32114470589099,751.5685393043004,0.07724663496588854
2024-04-28 11:22:03.477121+00:00,1.0142567759999999,29.091999999999995,-21.309197221495854,55.320944222614926,727.2485266473559,0.05713401309816868
2024-04-28 11:26:56.342690+00:00,1.014530838,29.068,-21.309197345377605,55.320943776640625,727.2087500316502,0.0370213767540606
2024-04-28 11:31:59.213019+00:00,1.014243008,29.042,-21.309197473491356,55.32094331543112,727.1676156553729,0.022351437648897403
2024-04-28 11:37:02.119312+00:00,1.014249352,28.972,-21.30919760162032,55.32094285416685,727.1264774867218,0.02893570951199796
2024-04-28 11:42:05.707512+00:00,1.014643858,28.926,-21.309143153468042,55.32088788280683,719.8644229240782,0.05226411072568797
2024-04-28 11:46:58.704735+00:00,1.014035034,28.892000000000003,-21.308918091261177,55.32066252904763,690.2841888545955,0.0755925291715196
2024-04-28 11:52:01.791154+00:00,1.0131654239999999,28.877999999999997,-21.308685279162685,55.32042941535736,660.1577480572112,0.09892096485433362
2024-04-28 11:57:04.721300+00:00,1.0123828799999999,28.858000000000004,-21.308452587103293,55.32019642186169,630.5948554207725,0.11680670603987306
2024-04-28 12:02:08.256268+00:00,1.0119481140000002,28.839999999999996,-21.30821943045732,55.3199629631776,601.6035409138619,0.11680679160801925
2024-04-28 12:07:11.333285+00:00,1.0110386359999999,28.826,-21.30798662558075,55.3197298567186,573.3812034930488,0.11680687719331631
2024-04-28 12:12:04.086568+00:00,1.01059059,28.822000000000003,-21.307761750753464,55.31950469058172,546.9136922270827,0.11680696275976685
2024-04-28 12:17:07.133178+00:00,1.01052365,28.798000000000002,-21.307528969233587,55.31927160750967,520.4651837066335,0.11680704835784714
2024-04-28 12:22:10.783474+00:00,1.0102161440000001,28.764,-21.307295724000028,55.31903806012324,495.08650075316757,0.11680713393508368
2024-04-28 12:27:14.072351+00:00,1.0095208759999998,28.715999999999998,-21.307062756385832,55.3188047907158,471.04078807204115,0.1168072195523113
2024-04-28 12:32:17.100455+00:00,1.00960114,28.695999999999998,-21.306829989081294,55.31857172187751,448.5252741798125,0.11720570624097437
2024-04-28 12:37:10.044503+00:00,1.009133362,28.639999999999997,-21.306604967719984,55.318346409016776,428.4173182674156,0.11923618840743717
2024-04-28 12:42:13.478784+00:00,1.0084849200000001,28.583999999999996,-21.30636469249584,55.31811280893248,409.7253949278495,0.12126667177211377
2024-04-28 12:47:16.495889+00:00,1.00821101,28.544,-21.3060961537351,55.3178786604172,394.3661920850727,0.12329715636540524
2024-04-28 12:52:19.578387+00:00,1.008237792,28.516,-21.30582755702187,55.31764446137108,382.27310901192715,0.1238633444795422
2024-04-28 12:57:22.509514+00:00,1.007950486,28.45,-21.30555909445613,55.31741037929293,373.7706145588973,0.11947308910026903
2024-04-28 13:02:16.050595+00:00,1.008591898,28.387999999999998,-21.30531363884763,55.31719705241753,369.4045948540884,0.11345083163129455
2024-04-28 13:07:19.235475+00:00,1.008258046,28.298000000000002,-21.305107338533134,55.31702012273317,368.4841603704499,0.10742856628194916
2024-04-28 13:12:21.997589+00:00,1.00757735,28.194,-21.304901325887084,55.31684343976238,369.8960169151535,0.10343333382201758
2024-04-28 13:17:25.007083+00:00,1.006796386,28.080000000000002,-21.304695144912827,55.316666612427994,373.6148155829082,0.10725646513932807
2024-04-28 13:22:18.421899+00:00,1.005928796,27.962,-21.304477209635674,55.31647401045541,379.62104280846177,0.11563764528109977
2024-04-28 13:27:21.507160+00:00,1.004513834,27.830000000000002,-21.304193085378074,55.316206079018066,390.20947382826955,0.12401883819680797
2024-04-28 13:32:24.385186+00:00,1.003560086,27.718,-21.303909155390926,55.31593833077931,404.8982403240249,0.13338724987011413
2024-04-28 13:37:27.445658+00:00,1.003067238,27.595999999999997,-21.30362505437152,55.315670421255774,423.2779137120329,0.14339526915631198
2024-04-28 13:42:30.762273+00:00,1.00224104,27.466,-21.303346977118576,55.31537393062474,443.4593393671545,0.14704923856531962
2024-04-28 13:47:23.679280+00:00,1.000901906,27.339999999999996,-21.303092505220754,55.315023909983886,463.2878446305435,0.15070321959452565
2024-04-28 13:52:26.801687+00:00,1.00020915,27.248,-21.30282916737321,55.314661694419236,487.54090916126756,0.15435721223267496
2024-04-28 13:57:29.788087+00:00,0.999376874,27.148000000000003,-21.302565947681792,55.3142996413758,515.0477614079335,0.15702401056365725
2024-04-28 14:02:33.347953+00:00,0.9984780520000001,27.065999999999995,-21.302302229791422,55.313936903070385,545.3844569421308,0.15702418429507733
2024-04-28 14:07:36.371012+00:00,0.9974459939999999,27.008000000000003,-21.302038978252288,55.3135748062211,578.0046205386077,0.1570243580488826
2024-04-28 14:12:29.262485+00:00,0.997659288,27.003999999999998,-21.301784528537333,55.3132248160923,611.4022437763257,0.14623320006110552
2024-04-28 14:17:32.279456+00:00,0.997013392,26.97,-21.30152128228732,55.3128627265181,647.5812973566336,0.16092030791661474
2024-04-28 14:22:35.936594+00:00,0.996767084,26.956,-21.301436979955344,55.31257449202212,663.9427858347115,0.17560738068541676
2024-04-28 14:27:38.983094+00:00,0.9963608159999999,26.951999999999998,-21.302065017499924,55.312582893775726,596.5954026071005,0.1902944190824085
2024-04-28 14:32:31.940298+00:00,0.996480716,26.951999999999998,-21.302672145854775,55.312591015810604,532.1014791090295,0.18843185706378499
2024-04-28 14:37:34.882945+00:00,0.9961480739999999,26.913999999999998,-21.30329996817292,55.312599414684954,466.309571447925,0.18183507887498745
2024-04-28 14:42:38.416335+00:00,0.9958354380000001,26.886000000000003,-21.303701454906093,55.31255938385608,426.8299333528681,0.1497600065916091
2024-04-28 14:47:41.517390+00:00,0.995695996,26.854000000000003,-21.3035737583177,55.31240687194013,446.3663343962859,0.11768494099657674
2024-04-28 14:52:44.624328+00:00,0.9959298600000001,26.798000000000002,-21.30344605925085,55.31225435706408,466.05243482007927,0.08560988204599297
2024-04-28 14:57:37.541858+00:00,0.995651896,26.682,-21.303322652985308,55.31210696921108,485.2015602725804,0.07008439585507222
2024-04-28 15:02:41.065315+00:00,0.99476891,26.534,-21.303194778438776,55.31195424475431,505.1583843130559,0.0700844293345723
2024-04-28 15:07:44.239583+00:00,0.99455811,26.381999999999998,-21.303067051005748,55.31180169599967,525.1953464422542,0.07008446281854823
2024-04-28 15:12:47.262409+00:00,0.9937752920000001,26.221999999999998,-21.302939387375257,55.311649223446345,545.313909919942,0.07008449630117963
2024-04-28 15:17:50.394397+00:00,0.993238346,26.065999999999995,-21.302811677754782,55.31149669596578,565.5215762472374,0.07008452978412888
2024-04-28 15:22:43.906442+00:00,0.9925220940000001,25.942,-21.302688021019875,55.3113490089696,585.1579684895178,0.07008456327399862
2024-04-28 15:27:47.046076+00:00,0.991859314,25.833999999999996,-21.30256030817816,55.31119647764181,605.5035894862554,0.07008459675709741
2024-04-28 15:32:50.100405+00:00,0.9912023120000001,25.76,-21.302432631275398,55.31104398923701,625.9032556751416,0.07008463012008578
2024-04-28 15:37:53.111330+00:00,0.9910040280000001,25.686,-21.302304972658774,55.310891522671895,646.3540929808961,0.07008466348610731
2024-04-28 15:42:46.278822+00:00,0.990107984,25.624000000000002,-21.302181461084263,55.310744009045195,666.1873692607262,0.07008469695791701
2024-04-28 15:47:49.242742+00:00,0.989085848,25.578,-21.302053822270835,55.310591566131635,686.7274610147392,0.07008473042129607
2024-04-28 15:52:52.324545+00:00,0.988229094,25.566,-21.3019261337933,55.31043906390273,707.3165035177112,0.07008476388476279
2024-04-28 15:57:55.285848+00:00,0.987053352,25.556,-21.30179849608245,55.31028662230601,727.9348301087407,0.0700847973754468
2024-04-28 16:02:58.942227+00:00,0.985910284,25.574,-21.30167056553589,55.310133830966706,748.6349444034718,0.07008483084306727
2024-04-28 16:07:51.873935+00:00,0.985497914,25.598,-21.301547153297133,55.30998643597972,768.6340693714768,0.07008486430757659
2024-04-28 16:12:54.930329+00:00,0.9857224280000001,25.654000000000003,-21.301419475524433,55.30983394653592,789.3531254408887,0.07008489779145136
2024-04-28 16:17:58.050512+00:00,0.986220418,25.666000000000004,-21.301291770877487,55.30968142499539,810.1035203678704,0.0700849311706842
2024-04-28 16:23:01.636808+00:00,0.986533,25.651999999999997,-21.30116386985684,55.30952866891978,830.9108403145383,0.07008496453707744
2024-04-28 16:27:54.773097+00:00,0.986108514,25.628000000000004,-21.301040371428087,55.30938117099346,851.0239705929763,0.07008499800621598
2024-04-28 16:32:57.746842+00:00,0.985869066,25.637999999999998,-21.30091272847537,55.30922872313622,871.8332269025767,0.06527635464135761
2024-04-28 16:38:00.811068+00:00,0.985849884,25.606,-21.300785047403128,55.30907622975168,892.6687123701912,0.05408792067730724
2024-04-28 16:43:04.470538+00:00,0.985398866,25.578,-21.3007071905496,55.3089702618221,906.195545258693,0.04289948007795972
2024-04-28 16:48:07.551374+00:00,0.985226598,25.560000000000002,-21.300745646992997,55.30897312127344,902.613782281312,0.03171103284243938
2024-04-28 16:53:00.329999+00:00,0.9850413760000001,25.536,-21.30078279623927,55.308975883527374,899.1596246092173,0.02052257888312017
2024-04-28 16:58:03.422029+00:00,0.984657024,25.502000000000002,-21.300821254103003,55.30897874308433,895.5899244618378,0.014142795026804485
2024-04-28 17:03:07.124647+00:00,0.984072516,25.497999999999998,-21.300859789441247,55.30898160840194,892.0193659158849,0.014142795009866978
2024-04-28 17:08:10.084383+00:00,0.9839190519999998,25.522,-21.300898230518854,55.308984466710754,888.463933287607,0.01414279499001902
2024-04-28 17:13:13.112282+00:00,0.9839914180000001,25.55,-21.300936680245343,55.30898732566266,884.914164129441,0.01314760520117606
2024-04-28 17:18:05.933212+00:00,0.984150176,25.57,-21.300973834859462,55.308990088315724,881.4901773492408,0.010619624705144461
2024-04-28 17:23:09.523931+00:00,0.9842831140000001,25.566000000000003,-21.30099886049744,55.308990445058086,879.2841483144083,0.008091644207940467
2024-04-28 17:28:12.650429+00:00,0.9841840919999999,25.546,-21.301000655087037,55.30898649194114,879.3820929050019,0.005563663711110169
2024-04-28 17:33:15.731143+00:00,0.984709582,25.518,-21.30100244940558,55.30898253942128,879.4802477102081,0.0030356832181419146
2024-04-28 17:38:08.737518+00:00,0.984537864,25.48,-21.301004184081354,55.30897871828233,879.5753536979074,0.001502892494492875
2024-04-28 17:43:12.361477+00:00,0.9847582000000001,25.438000000000002,-21.30100598161605,55.30897475867793,879.6741277160371,0.0015028924799194456
2024-04-28 17:48:15.392543+00:00,0.984845266,25.41,-21.301007775640663,55.30897080680553,879.7729337688048,0.0015028924656853417
2024-04-28 17:53:18.318441+00:00,0.984858344,25.418,-21.30100956904265,55.30896685630464,879.8719300323554,0.003284167185402055
2024-04-28 17:58:21.307246+00:00,0.98441373,25.404,-21.30101136281707,55.308962904983375,879.9711713098093,0.009108419727861436
2024-04-28 18:03:14.683772+00:00,0.983749772,25.4,-21.301034414847766,55.30897892823784,876.9322410529494,0.014932671218629748
2024-04-28 18:08:17.556453+00:00,0.9837429480000001,25.407999999999998,-21.301099941378038,55.309034328628975,867.6572190674169,0.02075692167390504
2024-04-28 18:13:20.417275+00:00,0.9838826340000001,25.398,-21.30116546534251,55.309089726850814,858.3825661579947,0.026581171080799992
2024-04-28 18:18:23.323458+00:00,0.984162948,25.344,-21.30123099912093,55.30914513337,849.1065301644129,0.03062414472703178
2024-04-28 18:23:27.071893+00:00,0.984044274,25.312,-21.301296715120593,55.309200693950885,839.8047077184591,0.03062413952526749
2024-04-28 18:28:20.185452+00:00,0.98456987,25.274,-21.301360130263948,55.30925430923818,830.8285678189974,0.03062413432963672
2024-04-28 18:33:23.301498+00:00,0.98414628,25.228,-21.301425709446228,55.30930975414474,821.5461239502602,0.030624129121324922
2024-04-28 18:38:27.032250+00:00,0.98363555,25.21,-21.30149142162018,55.30936531149112,812.2448623932166,0.03062412393839764
2024-04-28 18:43:30.616779+00:00,0.98321732,25.21,-21.301557102158757,55.309420842090894,802.948085557286,0.030624118752605338
2024-04-28 18:48:23.664005+00:00,0.9833038000000001,25.204,-21.301620502950982,55.3094744452448,793.9740029814003,0.030624113549128817
2024-04-28 18:53:26.751140+00:00,0.9828924579999999,25.198,-21.301686075878337,55.30952988486305,784.6924720463994,0.03062410834860103
2024-04-28 18:58:29.719513+00:00,0.9832639459999999,25.206,-21.30175162311153,55.30958530275778,775.4145854184193,0.03062410314644732
2024-04-28 19:03:33.242672+00:00,0.982700176,25.192,-21.301817290372732,55.309640822131996,766.1197170737003,0.030624097944919992
2024-04-28 19:08:36.386237+00:00,0.9822822920000001,25.182,-21.301882875508685,55.30969627207219,756.8364810107674,0.030624092750381547
2024-04-28 19:13:29.065798+00:00,0.982088802,25.216,-21.301946196756525,55.3097498079741,747.8736942579519,0.0336739011887581
2024-04-28 19:18:31.902636+00:00,0.9821211679999999,25.244,-21.30201171553214,55.30980520180894,738.5998672865925,0.044429999581975944
2024-04-28 19:23:35.395470+00:00,0.981848326,25.268,-21.30213689093227,55.30980227533603,727.9768903020065,0.05518609573317401
2024-04-28 19:28:38.438082+00:00,0.982212638,25.291999999999998,-21.30235095267716,55.309711889154514,715.865546589357,0.06594218966115518
2024-04-28 19:33:41.529410+00:00,0.982783306,25.3,-21.302565048833838,55.309621488442836,704.4732562453206,0.08690244669446527
2024-04-28 19:38:34.592008+00:00,0.982711664,25.252,-21.302772060945628,55.30953407892311,694.1769823032146,0.1180033016756056
2024-04-28 19:43:38.157636+00:00,0.9832174159999999,25.201999999999998,-21.30314141561961,55.309516551328876,667.0282294474315,0.14139786591118342
2024-04-28 19:48:41.198795+00:00,0.983703684,25.131999999999998,-21.303686801389933,55.309582317250246,622.2922960271023,0.1647924315702502
2024-04-28 19:53:44.108122+00:00,0.983918182,25.056,-21.304231949901425,55.30964805456151,580.5491215197981,0.1951283192317394
2024-04-28 19:58:36.877213+00:00,0.9840593739999999,24.982,-21.304758848942782,55.30971159124106,543.6727181484977,0.22323403509303635
2024-04-28 20:03:40.577507+00:00,0.9838421540000001,24.919999999999998,-21.305401907015245,55.30976246777584,506.92178341453115,0.23814933997532148
2024-04-28 20:08:43.508382+00:00,0.9834516360000001,24.882,-21.30615304047379,55.30979612355277,476.81344132129703,0.25306464617017926
2024-04-28 20:13:46.492921+00:00,0.982722066,24.875999999999998,-21.306904306995758,55.309829785291825,460.11646258473615,0.2191123026809625
2024-04-28 20:18:49.471575+00:00,0.9825426719999999,24.886000000000003,-21.30765555892509,55.30986344637704,458.3059891657687,0.22508714850847727
2024-04-28 20:23:42.646025+00:00,0.9821642879999999,24.896,-21.307697986031695,55.309940463290886,450.93528789880435,0.2230880111520525
2024-04-28 20:28:45.722856+00:00,0.982562012,24.906,-21.30698309456225,55.31006934678847,434.7963658351009,0.22108888136456403
2024-04-28 20:33:48.674694+00:00,0.9827610119999999,24.906,-21.306268497923806,55.310198177132726,433.2960350666888,0.21908975918346246
2024-04-28 20:38:51.658794+00:00,0.9830202760000001,24.884,-21.305553825186077,55.31032702119648,446.57443214900525,0.26595829909040375
2024-04-28 20:43:55.150611+00:00,0.9832528239999998,24.87,-21.304837954856126,55.31045608116695,473.4456275395374,0.2659583414621358
2024-04-28 20:53:50.350226+00:00,0.983352058,24.882,-21.303434010100624,55.310709189950906,557.1985357981703,0.24116755642150717
2024-04-28 20:58:53.324682+00:00,0.9833452579999999,24.888,-21.30271936011104,55.310838029913526,611.2753962876632,0.19407399861418365
2024-04-28 21:03:57.052008+00:00,0.982913698,24.902,-21.302333344234597,55.310878827839524,644.4148129520433,0.1469804324253379
2024-04-28 21:08:59.928721+00:00,0.982859704,24.938000000000002,-21.30237899352998,55.31080435954453,644.4138698003591,0.0998868544054987
2024-04-28 21:13:53.004573+00:00,0.982666676,24.962,-21.302423165648758,55.31073230098713,644.5389267046294,0.05132668888342885
2024-04-28 21:18:56.022959+00:00,0.9833898,24.964,-21.302468836297,55.31065779785894,644.7984225306329,0.03538042461982975
2024-04-28 21:23:59.277443+00:00,0.983244466,24.939999999999998,-21.30240841531467,55.310638064542616,651.4643244685034,0.041736926522336584
2024-04-28 21:29:02.250948+00:00,0.9830333119999999,24.901999999999997,-21.30224192315086,55.310673177345095,664.6429676351487,0.04809343023521838
2024-04-28 21:34:05.182362+00:00,0.9825559439999999,24.889999999999997,-21.302075454117205,55.310708285269484,678.0886009580851,0.05444993576991132
2024-04-28 21:38:58.059232+00:00,0.9819986039999999,24.89,-21.30191451032843,55.310742227932835,691.3287857097031,0.06227301878516607
2024-04-28 21:44:01.490201+00:00,0.9804188440000001,24.908,-21.301747766775705,55.310777393752645,705.281410687151,0.06227302139295682
2024-04-28 21:49:04.286193+00:00,0.9797203619999999,24.972,-21.301581372160225,55.31081248598242,719.4298478821363,0.06227302399461252
2024-04-28 21:54:07.204831+00:00,0.979597968,25.066000000000003,-21.301414910147294,55.31084759242616,733.7959068038867,0.058588405355292625
2024-04-28 21:59:10.057681+00:00,0.9794040020000001,25.112,-21.30124848428674,55.31088269124544,748.3585118454585,0.05489632013843817
2024-04-28 22:04:03.796275+00:00,0.978965694,25.124,-21.30113630690246,55.31085168909943,760.8923262898296,0.051204236935094884
2024-04-28 22:09:06.679205+00:00,0.9789059699999999,25.124,-21.30108332524798,55.310736912744524,771.6681826335406,0.04751215573828667
2024-04-28 22:14:09.643112+00:00,0.9787865099999999,25.124000000000002,-21.301030329428695,55.310622105703814,782.523595482611,0.04329115519832865
2024-04-28 22:19:12.710204+00:00,0.979006222,25.104000000000003,-21.300977315559795,55.31050725956148,793.4562815623273,0.04232624064977076
2024-04-28 22:24:06.161275+00:00,0.978900536,25.09,-21.30093046921131,55.31040204528017,803.3680525612184,0.04136879410621128
2024-04-28 22:29:09.058229+00:00,0.97928456,25.114,-21.30088587806971,55.310298467921406,813.0363962257479,0.04041134698284092
2024-04-28 22:34:11.933432+00:00,0.9795625600000001,25.134,-21.300841290130197,55.310194898000525,822.7602533606836,0.03945389926892835
2024-04-28 22:39:14.711436+00:00,0.97942319,25.134,-21.300796716499907,55.31009136131745,832.5352004058158,0.039025372309364176
2024-04-28 22:44:18.245062+00:00,0.9787458520000001,25.144,-21.300752031630324,55.309987566245105,842.3870513999588,0.03902538200427775
2024-04-28 22:49:10.905304+00:00,0.9786654340000001,25.163999999999998,-21.3007089474919,55.30988748938896,851.9340613948827,0.03902539169463999
2024-04-28 22:54:13.905018+00:00,0.97887725,25.18,-21.300664341222436,55.30978387689084,861.8664003377164,0.0367814804179988
2024-04-28 22:59:16.867220+00:00,0.978266444,25.184,-21.30061974047535,55.30968027722023,871.8447235785936,0.03315322713156864
2024-04-28 23:04:20.272857+00:00,0.977940108,25.21,-21.30056993702838,55.3096188443574,879.957297106889,0.029524971989293845
2024-04-28 23:09:23.118150+00:00,0.9784770440000001,25.23,-21.300514355257015,55.30960588038135,885.8702457009044,0.02589671500300701
2024-04-28 23:14:15.944561+00:00,0.978403488,25.244,-21.300460612270037,55.309593345286125,891.5929531645121,0.022268456137138033
2024-04-28 23:19:18.718082+00:00,0.9780645299999999,25.255999999999997,-21.30040504367106,55.309580384382414,897.5155042624106,0.02088411636569141
2024-04-28 23:24:21.922321+00:00,0.978229922,25.27,-21.30034939602164,55.309567405040866,903.4519226508606,0.02088411672268468
2024-04-28 23:29:24.710476+00:00,0.978701004,25.278,-21.30029382473686,55.30955444351071,909.385522916415,0.020884117075748592
2024-04-28 23:34:27.740760+00:00,0.977817744,25.286,-21.300238209013703,55.30954147161569,915.3290954084786,0.021464322448311746
2024-04-28 23:39:20.759788+00:00,0.9775982360000001,25.298000000000002,-21.30018443067537,55.309528928275064,921.0811871710765,0.026286625978427413
2024-04-28 23:44:24.072139+00:00,0.977505152,25.3,-21.30019851767944,55.30946095262645,923.5272647826139,0.03110892655632811
2024-04-28 23:49:26.938806+00:00,0.9778831840000001,25.309999999999995,-21.300265878830864,55.309351061316136,923.4443111719501,0.03593122418633237
2024-04-28 23:54:29.670679+00:00,0.9781221880000001,25.31,-21.300333210002503,55.309241218914096,923.5623462412984,0.04075351890625354
2024-04-28 23:59:32.578329+00:00,0.9788797920000001,25.288,-21.30040058026904,55.309131312733605,923.8814545993819,0.04499560571598342
2024-04-29 00:04:25.662715+00:00,0.9792456100000001,25.27,-21.300465765724695,55.30902497079936,924.3814072164768,0.044995591411395065
2024-04-29 00:09:28.552409+00:00,0.9793057620000001,25.259999999999998,-21.300533131997643,55.30891507113392,925.095341788139,0.04499557710895419
2024-04-29 00:14:31.469034+00:00,0.979697606,25.258,-21.300600504260295,55.30880516169702,926.0094076385448,0.0449955628006886
2024-04-29 00:19:34.322080+00:00,0.980236828,25.206,-21.300667862382248,55.30869527532891,927.1227036258655,0.04499554846309468
2024-04-29 00:24:37.516348+00:00,0.980902436,25.136,-21.300735296396013,55.308585265152786,928.4362730688075,0.04499553410431896
2024-04-29 00:29:40.195397+00:00,0.981522818,25.032,-21.300802615819006,55.30847544191719,929.9453931778331,0.044995519809710574
2024-04-29 00:34:32.955104+00:00,0.9826146720000001,24.904,-21.300867729062205,55.30836921778855,931.5921597672633,0.04499550550545815
2024-04-29 00:39:35.741848+00:00,0.98195688,24.732,-21.300935072437817,55.30825935547726,933.4878268246894,0.04499549120602301
2024-04-29 00:44:39.115765+00:00,0.9805675199999999,24.628,-21.30100254640766,55.308149280117775,935.5822972801757,0.044995476899028705
2024-04-29 00:49:42.034976+00:00,0.9789366320000001,24.608,-21.301069919245492,55.30803936974254,937.8672015370593,0.04499546259436077
2024-04-29 00:54:44.860781+00:00,0.97816543,24.663999999999998,-21.301137271308733,55.307929493258456,940.3433296089592,0.04499544828701792
2024-04-29 00:59:37.811132+00:00,0.976949162,24.748,-21.30120242695342,55.307823199957085,942.9199000299304,0.04499543397810426
2024-04-29 01:04:41.203519+00:00,0.977395796,24.881999999999998,-21.301269905031244,55.30771311789594,945.7745681912788,0.04499541968092706
2024-04-29 01:09:44.043408+00:00,0.9777293159999999,25.006,-21.301337260226898,55.30760323630172,948.811352864122,0.044995405374088415
2024-04-29 01:14:46.708656+00:00,0.978667802,25.104,-21.301404576580392,55.30749341807363,952.0315786160647,0.07877572267599334
2024-04-29 01:19:49.549465+00:00,0.979011618,25.137999999999998,-21.30147193198068,55.307383536145586,955.4370977547962,0.14427196577336873
2024-04-29 01:24:42.637785+00:00,0.9792436240000001,25.144,-21.301870076960277,55.30695508945821,961.0692736295508,0.20976803406891023
2024-04-29 01:29:45.424149+00:00,0.9788193960000001,25.13,-21.302602415926074,55.30620191220934,978.7665110704924,0.2752639275565386
2024-04-29 01:34:48.158825+00:00,0.97894614,25.113999999999997,-21.303334629876037,55.30544886353355,1008.8302842457854,0.28696376503989807
2024-04-29 01:39:50.836712+00:00,0.978436498,25.076,-21.30406670647242,55.30469595611966,1050.1920158263863,0.25468091370715
2024-04-29 01:44:54.197247+00:00,0.9778196720000001,25.066,-21.304271853042117,55.30448772167678,1063.3679160612776,0.19068214295893743
2024-04-29 01:49:46.934268+00:00,0.97826419,25.07,-21.304174060579534,55.30459248832864,1056.4508204958888,0.12668355349880156
2024-04-29 01:54:49.713856+00:00,0.978489684,25.072,-21.304072913271806,55.30470084908054,1049.4850836714322,0.06268514532868194
2024-04-29 01:59:52.408669+00:00,0.978907396,25.082,-21.303971794284283,55.304809179492544,1042.7168525651816,0.05248279966012072
2024-04-29 02:04:55.878837+00:00,0.97931893,25.078000000000003,-21.303870416279683,55.304917787393755,1036.131414761299,0.052482817639805016
2024-04-29 02:09:58.599224+00:00,0.9800161060000001,25.068,-21.303769288748796,55.3050261269584,1029.7657157470762,0.0524828356144517
2024-04-29 02:15:01.599563+00:00,0.979531022,25.084,-21.303668067696485,55.30513456671407,1023.601429583748,0.05248285354159861
2024-04-29 02:19:54.212521+00:00,0.9797362780000001,25.098000000000003,-21.303570316678694,55.30523928896546,1017.8488543388434,0.05248287146385374
2024-04-29 02:24:57.516054+00:00,0.9795440619999999,25.09,-21.303468994340598,55.30534783723023,1012.0975537094262,0.05248288938088328
2024-04-29 02:30:00.662231+00:00,0.9797496499999999,25.094,-21.303367724569256,55.305456329179385,1006.5679485644071,0.05248290724912771
2024-04-29 02:35:03.597351+00:00,0.97965663,25.095999999999997,-21.303266525304192,55.305564745594026,1001.2642388371115,0.052482925134405035
2024-04-29 02:39:57.022374+00:00,0.980015734,25.076,-21.303168503005924,55.30566975847259,996.3420009859742,0.0524829430773915
2024-04-29 02:45:01.003799+00:00,0.9798767180000001,25.066,-21.3030669542095,55.305778549345845,991.4691731321454,0.05248296100935142
2024-04-29 02:50:03.935609+00:00,0.97931238,25.074,-21.30296575605012,55.30588696457594,986.8458278321496,0.05248297895356942
2024-04-29 02:55:06.624956+00:00,0.9793048280000001,25.099999999999998,-21.30286463888862,55.3059952930317,982.461437386623,0.05248299689082999
2024-04-29 03:00:09.509527+00:00,0.97905135,25.136000000000003,-21.302763456509997,55.306103691355624,978.3127734425043,0.052483014807956384
2024-04-29 03:05:02.752569+00:00,0.9792893140000001,25.168,-21.30266549500473,55.306208639105655,974.5264028127378,0.052483032724979894
2024-04-29 03:10:05.654751+00:00,0.979487718,25.188,-21.302564306743015,55.30631704373223,970.8559788820928,0.05248305064966556
2024-04-29 03:15:08.486878+00:00,0.98052922,25.201999999999998,-21.302463141884015,55.30642542328709,967.4336361814674,0.05248306856594689
2024-04-29 03:20:11.298749+00:00,0.980210614,25.202,-21.302361983791787,55.3065337955926,964.2613336228585,0.052483086490104414
2024-04-29 03:25:14.507761+00:00,0.9799712059999999,25.212,-21.302260693029645,55.30664231002954,961.3376442521507,0.05248310440826185
2024-04-29 03:30:07.409718+00:00,0.9797380480000001,25.235999999999997,-21.302162845468068,55.306747135709855,958.7557019539669,0.05248312232891489
2024-04-29 03:35:10.185275+00:00,0.980068106,25.296,-21.30206169950702,55.30685549501903,956.3391472288865,0.0434539807310323
2024-04-29 03:40:13.066546+00:00,0.9795756859999999,25.330000000000002,-21.301960518230835,55.306963892161896,954.1804192222082,0.03917516260715427
2024-04-29 03:45:16.313859+00:00,0.97978636,25.38,-21.301966218030813,55.30698448007552,952.1043959316652,0.03489634036562268
2024-04-29 03:50:19.267481+00:00,0.980283908,25.39,-21.302043169438395,55.30694648569802,950.0366166282882,0.030617514032176153
2024-04-29 03:55:11.848936+00:00,0.98029397,25.48,-21.30211748627486,55.306909792127,948.1241631295383,0.026338683514602456
2024-04-29 04:00:15.234253+00:00,0.982191364,25.619999999999997,-21.30219454733469,55.30687174360924,946.2293516147262,0.031089008339504363
2024-04-29 04:05:18.582584+00:00,0.98349029,25.718,-21.302271598999905,55.306833699730035,944.4251500096124,0.031089005512935818
2024-04-29 04:10:21.378551+00:00,0.983834804,25.742,-21.30234851036249,55.30679572512455,942.714877526344,0.031089002690115282
2024-04-29 04:15:24.215029+00:00,0.984212928,25.752,-21.30242543201502,55.30675774543846,941.0954498116125,0.031088999861668437
2024-04-29 04:20:17.162324+00:00,0.9840174420000001,25.648000000000003,-21.302499841776307,55.30672100598627,939.6160151120503,0.031088997037047948
2024-04-29 04:25:20.473854+00:00,0.981142842,25.528,-21.302576884093916,55.30668296672239,938.1749401524243,0.03108899421422621
2024-04-29 04:30:23.332139+00:00,0.9792974640000001,25.618000000000002,-21.302653811285538,55.30664498430141,936.8285089726905,0.031088991391580084
2024-04-29 04:35:25.987757+00:00,0.98035452,25.829999999999995,-21.302730686998945,55.30660702729753,935.5757059662255,0.031088988553377744
2024-04-29 04:40:28.797018+00:00,0.9809608800000001,25.984,-21.302807601738277,55.3065690510248,934.4154069507905,0.031088985721044283
2024-04-29 04:45:32.206502+00:00,0.9820732400000001,26.098000000000003,-21.302884668936535,55.30653099947623,933.3465974214103,0.031088982897378527
2024-04-29 04:50:25.057780+00:00,0.98281677,26.112000000000002,-21.302959054309156,55.30649427206582,932.4043221970953,0.03108898006950936
2024-04-29 04:55:27.972781+00:00,0.98366519,26.022,-21.30303599590687,55.30645628253189,931.5222876487173,0.03108897724268502
2024-04-29 05:00:30.819775+00:00,0.9824997160000001,25.869999999999997,-21.303112920230497,55.30641830152696,930.7348700245656,0.03108897443218687
2024-04-29 05:05:34.110654+00:00,0.98071851,25.845999999999997,-21.30318995730267,55.30638026485299,930.0411546600268,0.031088971615648043
2024-04-29 05:10:26.753002+00:00,0.978584734,25.976,-21.30326428960624,55.306343563645164,929.4619799395143,0.031088968790411765
2024-04-29 05:15:29.676373+00:00,0.980521282,26.157999999999998,-21.30334123332995,55.30630557306154,928.9559315523792,0.027395956955040164
2024-04-29 05:20:32.598423+00:00,0.97987374,26.356,-21.30341817671813,55.306267582643585,928.5451255115763,0.022377258812172514
2024-04-29 05:25:35.868595+00:00,0.9802764679999999,26.601999999999997,-21.303450578281804,55.30625508508612,928.0766061389279,0.01735856122217138
2024-04-29 05:30:38.814969+00:00,0.9821895279999999,26.844,-21.303466645597688,55.306251927201714,927.5684180259871,0.012339864187814912
2024-04-29 05:35:41.715081+00:00,0.983706346,27.014,-21.303482710459967,55.30624876979954,927.0635866570859,0.00732116771846605
2024-04-29 05:40:35.036624+00:00,0.9820691800000001,27.163999999999998,-21.303498267305297,55.30624571224346,926.5778495529742,0.00599548082504867
2024-04-29 05:45:38.575429+00:00,0.9847448560000001,27.226,-21.303514366041853,55.3062425481836,926.0784405469288,0.005995480803603029
2024-04-29 05:50:41.540934+00:00,0.985130792,27.24,-21.303530434372362,55.30623939009977,925.5832740644805,0.005995480783546632
2024-04-29 05:55:44.503718+00:00,0.9853565019999999,27.266,-21.303546502558575,55.306236232044306,925.091413440501,0.005995480762649806
2024-04-29 06:00:37.578924+00:00,0.9876918399999999,27.177999999999997,-21.303562046338982,55.30623317705602,924.6187518137658,0.005995480740672745
2024-04-29 06:05:40.981406+00:00,0.98857641,27.041999999999994,-21.303578137845378,55.30623001441718,924.1326996039753,0.005995480720204694
2024-04-29 06:10:44.179371+00:00,0.986587932,26.951999999999998,-21.30359421850485,55.30622685391021,923.6502982682557,0.0059954806989316115
2024-04-29 06:15:47.372511+00:00,0.9876043259999999,26.824,-21.30361029890841,55.30622369345354,923.1712318579637,0.010879249635693363
2024-04-29 06:20:50.164221+00:00,0.9882696980000001,26.636000000000003,-21.303626358021397,55.30622053718133,922.6961255217243,0.01711228544137964
2024-04-29 06:25:43.396922+00:00,0.986948252,26.498,-21.30369859305731,55.30625795156694,915.7573771326942,0.023345320299726018
2024-04-29 06:30:46.288352+00:00,0.986931622,26.381999999999998,-21.303788627034084,55.30630760777915,906.8728636791454,0.02957835421749755
2024-04-29 06:35:49.345649+00:00,0.987602276,26.240000000000002,-21.30387871031455,55.306357291183694,898.0367123932799,0.035811387180979475
2024-04-29 06:40:52.196578+00:00,0.9840407600000001,26.137999999999998,-21.30396873225255,55.30640694075618,889.2613505415408,0.03716065025877955
2024-04-29 06:45:55.838004+00:00,0.982273066,26.078000000000003,-21.304058989164403,55.30645671992321,880.5196969220088,0.03716064553338284
2024-04-29 06:50:48.748206+00:00,0.9809629339999999,26.07,-21.304146056237723,55.306504739806634,872.1423012268117,0.03716064080708287
2024-04-29 06:55:51.658041+00:00,0.9804962319999999,26.110000000000003,-21.304236095685386,55.30655439903618,863.5377429495455,0.03716063607629104
2024-04-29 07:00:54.603127+00:00,0.9805478759999999,26.158000000000005,-21.304326145611338,55.3066040640448,854.9938000736169,0.03716063136504865
2024-04-29 07:05:58.096858+00:00,0.983831202,26.208000000000006,-21.304416358621143,55.30665381899863,846.4980435469871,0.0371606266448262
2024-04-29 07:10:51.060452+00:00,0.985326522,26.25,-21.30450344156511,55.30670184763515,838.3593138122066,0.037160621918186545
2024-04-29 07:15:54.025926+00:00,0.986037286,26.278000000000002,-21.30459349755131,55.306751515986164,830.0089844061529,0.0371606171898606
2024-04-29 07:20:56.868669+00:00,0.985584014,26.302000000000003,-21.304683517056,55.306801164216616,821.7313978225657,0.03716061198592955
2024-04-29 07:26:00.358865+00:00,0.986194634,26.35,-21.304773729015,55.30685091859091,813.5078084021951,0.037160606313427734
2024-04-29 07:36:05.613321+00:00,0.9859799,26.415999999999997,-21.30495363990142,55.30695014438848,797.3304931954832,0.03716060064072099
2024-04-29 07:40:58.308079+00:00,0.9858526919999999,26.444,-21.305040642934376,55.30699812895188,789.6182530156385,0.037160594960832946
2024-04-29 07:46:01.811982+00:00,0.9866379559999998,26.438,-21.30513085896776,55.30704788557331,781.7006826332283,0.03716058928074362
2024-04-29 07:51:04.782946+00:00,0.9869653140000001,26.4,-21.30522091658591,55.30709755482438,773.8801701090251,0.0371605840813515
2024-04-29 07:56:07.819965+00:00,0.9849219100000001,26.407999999999998,-21.30531099383877,55.307147234904534,766.1436082601169,0.03716057934722402
2024-04-29 08:01:10.701688+00:00,0.984559926,26.48,-21.30540102493023,55.30719688952541,758.4992289533559,0.03716057461945384
2024-04-29 08:06:04.129258+00:00,0.983517792,26.574,-21.305488245790276,55.30724499422644,751.180111870253,0.03716056989451997
2024-04-29 08:11:06.973365+00:00,0.9843131359999999,26.72,-21.3055782657004,55.307294642680496,743.7182354986154,0.03716056516887442
2024-04-29 08:16:09.854840+00:00,0.9837947079999999,26.868000000000002,-21.30566829671812,55.307344297260705,736.3518484949254,0.0371605604518046
2024-04-29 08:21:12.656490+00:00,0.986148168,26.962,-21.30575830400795,55.30739393875432,729.0867016975903,0.037160555740837736
2024-04-29 08:26:06.041895+00:00,0.984698382,26.914000000000005,-21.30584551233452,55.307442036542795,722.1450112881995,0.03716055101750736
2024-04-29 08:31:09.518737+00:00,0.9865117060000002,26.857999999999997,-21.305935720324072,55.30749178872783,715.0685580429451,0.037160546282475185
2024-04-29 08:36:12.567216+00:00,0.9862141879999999,26.764,-21.306025800983505,55.3075414706868,708.110762341387,0.03512992124402206
2024-04-29 08:41:15.530003+00:00,0.986877436,26.660000000000004,-21.306115856171008,55.3075911385973,701.2667123687372,0.032527239276904776
2024-04-29 08:46:19.062998+00:00,0.98684791,26.517999999999994,-21.30618623542549,55.30761470057438,697.5574545405271,0.02992455814989702
2024-04-29 08:51:11.727430+00:00,0.988853102,26.48,-21.306248237954332,55.307629687054124,694.9443665241611,0.027321877865105322
2024-04-29 08:56:14.759596+00:00,0.988101576,26.451999999999998,-21.306312436943262,55.30764520443486,692.3043384356258,0.024719198440106678
2024-04-29 09:01:17.756448+00:00,0.9880014819999999,26.462,-21.306376628450693,55.30766072000726,689.7321356633187,0.024147140170199553
2024-04-29 09:06:21.157951+00:00,0.988833612,26.448,-21.306440905685612,55.30767625630065,687.2249067185891,0.02414713966819755
2024-04-29 09:11:24.042448+00:00,0.988574724,26.426,-21.30650507339002,55.30769176611969,684.790979160885,0.024147139160127635
2024-04-29 09:16:16.935168+00:00,0.987619598,26.332,-21.306567124282953,55.30770676428939,682.5036332104886,0.024147138652778493
2024-04-29 09:21:19.928533+00:00,0.9874030140000001,26.227999999999998,-21.30663131505165,55.30772227968324,680.2067019949471,0.024147138147921902
2024-04-29 09:26:23.562704+00:00,0.9864620399999999,26.089999999999996,-21.30669564157851,55.30773782789086,677.9763178555348,0.024147137642890806
2024-04-29 09:31:26.406994+00:00,0.9854671939999999,25.996000000000002,-21.306759800764883,55.30775333565102,675.8236413665827,0.02414713713594485
2024-04-29 09:36:29.364945+00:00,0.98471789,25.926,-21.30682398403093,55.30776884923142,673.7426986342839,0.02414713663009925
2024-04-29 09:41:22.794376+00:00,0.9844273920000001,25.865999999999996,-21.30688614862895,55.30778387488451,671.7970092471445,0.024147136124329244
2024-04-29 09:46:26.267380+00:00,0.983797002,25.827999999999996,-21.30695044101175,55.307799414839245,669.8576218936134,0.0241471356179293
2024-04-29 09:51:29.334267+00:00,0.983538386,25.806,-21.30701464735646,55.30781493399793,667.9954440746765,0.024147135114094782
2024-04-29 09:56:32.373255+00:00,0.983930358,25.814,-21.307078847790645,55.307830451728,666.2086170507614,0.022614658207334427
2024-04-29 10:01:25.337874+00:00,0.9842487839999998,25.836000000000002,-21.30714091391574,55.30784545357944,664.5532311260157,0.02198124985214537
2024-04-29 10:06:28.842064+00:00,0.984213974,25.881999999999998,-21.307161303416013,55.30780240092343,668.9954223656902,0.021347841402993672
2024-04-29 10:11:31.817641+00:00,0.9833097759999999,25.887999999999998,-21.307168220511475,55.307741492639074,675.3008652332795,0.020714432866122068
2024-04-29 10:16:35.891899+00:00,0.983382364,25.905999999999995,-21.30717516269041,55.30768036348291,681.6301257091175,0.02008102423455832
2024-04-29 10:21:28.868567+00:00,0.981880218,25.901999999999997,-21.3071818515054,55.30762146531565,687.7292692273512,0.02098009191002204
2024-04-29 10:26:32.257088+00:00,0.9816608559999999,25.901999999999997,-21.307188778028593,55.30756047401569,694.0460484479116,0.02098009094074097
2024-04-29 10:31:35.054514+00:00,0.9815822080000001,25.869999999999997,-21.30719569105677,55.30749960154571,700.3513927991179,0.020980089975154805
2024-04-29 10:36:38.065149+00:00,0.9826792579999999,25.860000000000003,-21.307202608952622,55.30743868621354,706.6620258086634,0.02098008900661954
2024-04-29 10:41:40.875795+00:00,0.982447818,25.821999999999996,-21.30720952228262,55.30737781108587,712.9693195647019,0.020980088039497385
2024-04-29 10:46:34.543980+00:00,0.983081272,25.766000000000002,-21.307216226885313,55.30731877390045,719.0869514375322,0.02098008707247071
2024-04-29 10:51:37.424853+00:00,0.98249827,25.71,-21.30722314181863,55.30725788465481,725.3972717109148,0.020980086106317544
2024-04-29 10:56:40.358366+00:00,0.9830640039999998,25.682,-21.307230057953742,55.30719698482676,731.7094524307859,0.02098008513932529
2024-04-29 11:01:43.409121+00:00,0.982467692,25.630000000000003,-21.30723697676556,55.307136061429105,738.0248207261058,0.020980084168320416
2024-04-29 11:06:46.842980+00:00,0.982714608,25.592000000000002,-21.307243904323844,55.30707506101465,744.3488998142893,0.020980083201482598
2024-04-29 11:11:39.564819+00:00,0.98247007,25.558,-21.307250587320944,55.30701621407666,750.4503944582119,0.020980082234485314
2024-04-29 11:16:42.448135+00:00,0.9821592240000001,25.52,-21.307257502310037,55.306955324339896,756.7643727564316,0.020980081268614646
2024-04-29 11:21:45.404539+00:00,0.9813377040000001,25.454,-21.307264418967765,55.30689441990999,763.0805473456428,0.020980080299555573
2024-04-29 11:26:48.916514+00:00,0.980814694,25.408,-21.307271348309484,55.30683340379157,769.4089627231535,0.020980079334717044
2024-04-29 11:31:51.928031+00:00,0.9806951359999999,25.408,-21.30727826622547,55.3067724882821,775.7275841238903,0.020980078368512962
2024-04-29 11:36:45.070795+00:00,0.980826614,25.446,-21.30728495883252,55.306713556723984,781.8410097413704,0.020980077400608945
2024-04-29 11:41:47.898146+00:00,0.981429228,25.502000000000002,-21.3072918725439,55.30665267823805,788.1570048475389,0.02098007642907725
2024-04-29 11:46:51.972950+00:00,0.982350122,25.578,-21.307298814735304,55.306591548972115,794.4996164210035,0.0209800754648062
2024-04-29 11:51:55.019238+00:00,0.983470066,25.656,-21.30730573344513,55.30653062647251,800.8213571537832,0.020980074500160237
2024-04-29 11:56:48.006032+00:00,0.983322774,25.694,-21.3073124224913,55.30647172626963,806.9337905464549,0.02693885493183461
2024-04-29 12:01:50.977159+00:00,0.9838602599999999,25.714,-21.307319339485165,55.30641081887988,813.2550675974279,0.034981790190984116
2024-04-29 12:06:54.439498+00:00,0.984298524,25.724,-21.307181569994114,55.306394880591874,814.7961316559853,0.04302472566699979
2024-04-29 12:11:57.553184+00:00,0.984092946,25.71,-21.307014877685265,55.30638801827772,815.7589507101869,0.051067661345421914
2024-04-29 12:17:00.576503+00:00,0.9838540659999999,25.698,-21.306848235072227,55.30638115800942,817.1413282850839,0.059110597248031874
2024-04-29 12:21:53.341467+00:00,0.98463854,25.68,-21.306687233870292,55.3063745299842,818.8736232124111,0.06119475195956638
2024-04-29 12:26:56.458615+00:00,0.9845871840000001,25.622000000000003,-21.306520539657495,55.306367667591665,821.0753189986996,0.06119475205321208
2024-04-29 12:31:59.435149+00:00,0.983321432,25.532,-21.306353922773102,55.30636080838255,823.6876477803472,0.06119475215979873
2024-04-29 12:37:02.351771+00:00,0.9827925900000001,25.451999999999998,-21.306187338836413,55.30635395052981,826.7069962056503,0.06119475226488963
2024-04-29 12:42:05.380962+00:00,0.981932224,25.366,-21.306020692994096,55.30634709012857,830.1307400114955,0.06119475236213824
2024-04-29 12:46:58.956671+00:00,0.9808452539999999,25.285999999999998,-21.30585924593644,55.30634044374856,833.8276602190066,0.06119475245601371
2024-04-29 12:52:01.987287+00:00,0.980925818,25.253999999999998,-21.305692599310525,55.30633358331506,838.030565642474,0.06119475257064029
2024-04-29 12:57:04.899216+00:00,0.9815037600000001,25.241999999999997,-21.305526017954673,55.30632672556857,842.6188276492362,0.06119475266753442
2024-04-29 13:02:07.814881+00:00,0.9815834219999999,25.241999999999997,-21.30535943454409,55.306319867737486,847.5877957688298,0.061194752772514446
2024-04-29 13:07:11.552025+00:00,0.982015344,25.228,-21.305192399374903,55.30631299130861,852.9457549095805,0.061194752862172117
2024-04-29 13:12:04.624143+00:00,0.9817711899999999,25.182,-21.30503122925866,55.3063063563296,858.4654465718868,0.0611947529759713
2024-04-29 13:17:07.477659+00:00,0.9813545399999999,25.130000000000003,-21.30486468002609,55.30629949990555,864.5232913941196,0.061194753067295674
2024-04-29 13:22:10.610262+00:00,0.9812167620000001,25.078,-21.30469797731409,55.30629263716312,870.9395147633592,0.06119475317249784
2024-04-29 13:27:14.298909+00:00,0.980615032,25.012,-21.3045309688151,55.30628576183219,877.7136734136484,0.06119475327043331
2024-04-29 13:32:07.356270+00:00,0.9805964279999999,24.97,-21.304369806814144,55.30627912718727,884.5717378299414,0.06119475338176633
2024-04-29 13:37:10.369953+00:00,0.9808557820000001,24.95,-21.304203169500315,55.306272267137125,891.9865528203429,0.06119475348005789
2024-04-29 13:42:13.432450+00:00,0.9798288239999999,24.912,-21.304036505342,55.306265405981854,899.7237502511796,0.061194753582453465
2024-04-29 13:47:17.253807+00:00,0.979086998,24.878,-21.303869423861283,55.30625852764645,907.794492009772,0.0611947536765312
2024-04-29 13:52:20.108023+00:00,0.9797577040000001,24.854000000000003,-21.303702874243672,55.30625167120654,916.1443475794425,0.06119475377401382
2024-04-29 13:57:13.129089+00:00,0.9798450540000001,24.816000000000003,-21.30354173220264,55.30624503738332,924.5049871392555,0.049802797240954905
2024-04-29 14:02:16.468048+00:00,0.9789181259999999,24.768,-21.30337491600876,55.30623816996912,933.4440476342627,0.03819867978891905
2024-04-29 14:07:20.037385+00:00,0.979741396,24.74,-21.30336592087979,55.30624596641879,933.1813319737707,0.026594562312294134
2024-04-29 14:12:22.961948+00:00,0.979868024,24.722,-21.303368513938068,55.30625482076414,932.2336127879174,0.014990444802126746
2024-04-29 14:17:16.155450+00:00,0.9795232439999999,24.718,-21.303371023697697,55.30626339067506,931.3163648317121,0.0033863272682185764
2024-04-29 14:22:19.220699+00:00,0.978747336,24.718,-21.303373617960258,55.30627224913258,930.3682613568936,0.003174166330777636
2024-04-29 14:27:22.808488+00:00,0.979071424,24.742,-21.303376216695806,55.30628112286372,929.4185517728924,0.003174166280029544
2024-04-29 14:32:25.841422+00:00,0.97828105,24.776,-21.30337881068175,55.306289980376704,928.4706065644028,0.0031741662284123797
2024-04-29 14:37:28.803067+00:00,0.9784069320000001,24.78,-21.30338140405745,55.30629883580593,927.5229130432537,0.003174166178515735
2024-04-29 14:42:22.176457+00:00,0.977956188,24.774,-21.303383915356935,55.306307410974895,926.605239930837,0.0031741661276941877
2024-04-29 14:47:25.241513+00:00,0.978168166,24.78,-21.303386509617845,55.30631626942679,925.6572796593025,0.003174166076792117
2024-04-29 14:52:28.363233+00:00,0.9778352779999999,24.814,-21.303389104363806,55.30632512953494,924.7091711158023,0.0031741660268957603
2024-04-29 14:57:31.390568+00:00,0.9783855960000001,24.822,-21.30339169830182,55.30633398688426,923.7613868376575,0.0031741659756849617
2024-04-29 15:02:34.516741+00:00,0.9779873,24.832,-21.303394293085898,55.30634284712258,922.8133225662242,0.0031741659253067015
2024-04-29 15:07:27.953831+00:00,0.977330762,24.832,-21.303396804930653,55.306351424153455,921.8955899437628,0.003174165874192955
2024-04-29 15:12:31.036599+00:00,0.9771582000000001,24.836000000000002,-21.30339939934318,55.30636028312306,920.947719048111,0.0032117440964167304
2024-04-29 15:17:33.905525+00:00,0.977470844,24.812,-21.303401991925202,55.30636913584216,920.0005463083929,0.017261156106128033
2024-04-29 15:22:37.425334+00:00,0.9775308840000001,24.802,-21.303410228643497,55.30637347940216,919.180722123013,0.031310562926996396
2024-04-29 15:27:30.306479+00:00,0.977417998,24.806,-21.3035696689893,55.30625601117802,922.1207524554012,0.045359964465458695
2024-04-29 15:32:33.758884+00:00,0.978391856,24.838,-21.30373486417922,55.306134303052644,925.6840686760686,0.05940936074311102
2024-04-29 15:37:36.799304+00:00,0.978551034,24.838,-21.30389983509026,55.30601276016551,929.761837674354,0.07342117346100255
2024-04-29 15:42:40.410210+00:00,0.9784584159999999,24.830000000000002,-21.304065116565944,55.305890988468796,934.3608658249985,0.07342114720978862
2024-04-29 15:47:43.660788+00:00,0.97834623,24.812,-21.304230201884064,55.305769361291844,939.460057358575,0.07342112096970958
2024-04-29 15:52:36.530195+00:00,0.9795062659999999,24.836000000000002,-21.304389635839804,55.305651897775604,944.8566835727786,0.07342109474098649
2024-04-29 15:57:39.509225+00:00,0.979281906,24.8,-21.304554573331096,55.30553037951058,950.9191590894688,0.0734210684894644
2024-04-29 16:02:43.136089+00:00,0.9786923200000001,24.784,-21.304719863494096,55.30540860141346,957.4746573990222,0.07342104233961809
2024-04-29 16:07:46.204940+00:00,0.978732466,24.774,-21.304884849882626,55.30528704712323,964.4875966586696,0.07342101618461169
2024-04-29 16:12:39.362740+00:00,0.9784072619999999,24.78,-21.30504444083541,55.305169467938875,971.7079370252543,0.07074057190785034
2024-04-29 16:17:42.551025+00:00,0.977997148,24.742,-21.305209492242106,55.30504786574628,979.6168811211709,0.08053941495348341
2024-04-29 16:22:46.237068+00:00,0.977772174,24.728,-21.30534446045733,55.304948021765554,986.4516520295604,0.0903382775370857
2024-04-29 16:27:49.056668+00:00,0.978369332,24.716,-21.305067059929094,55.30514648687712,973.4001366014749,0.10013715931169705
2024-04-29 16:32:52.249566+00:00,0.9780181219999999,24.71,-21.304789317437816,55.305345196644794,961.5874975172846,0.10993606029596732
2024-04-29 16:37:45.269769+00:00,0.978025376,24.694,-21.304520893732306,55.30553723932402,951.4084132265472,0.12241539884478933
2024-04-29 16:42:48.994325+00:00,0.9778466619999999,24.683999999999997,-21.304242664211106,55.305736297535326,942.1836254035553,0.12241546956776679
2024-04-29 16:47:52.128068+00:00,0.9776412459999999,24.682,-21.30396497590923,55.30593496853341,934.3621112995098,0.12241554003653925
2024-04-29 16:52:55.092641+00:00,0.9775081499999999,24.696,-21.303687442577164,55.30613352865895,927.9627740512466,0.12071442881818462
2024-04-29 16:57:48.114748+00:00,0.9779924339999999,24.688,-21.303419017127595,55.306325572585955,923.1496456798513,0.09744628243485606
2024-04-29 17:02:51.741317+00:00,0.9777476139999999,24.674,-21.303160728619964,55.30651158243483,919.7058022726334,0.0741781217784954
2024-04-29 17:07:54.720209+00:00,0.977476348,24.656,-21.303175895989757,55.3065186961091,918.2400636592694,0.05090994688554866
2024-04-29 17:12:57.699774+00:00,0.978172526,24.656,-21.303191063393253,55.30652580979918,916.7756735106622,0.02845057638838633
2024-04-29 17:18:00.939027+00:00,0.977702792,24.627999999999997,-21.30320624379694,55.30653292958651,915.3113881720672,0.014597301280838536
2024-04-29 17:22:54.560935+00:00,0.9772850679999999,24.628,-21.30323099710932,55.306543728424415,913.0001833598069,0.022311046478940208
2024-04-29 17:27:57.560408+00:00,0.977708926,24.642000000000003,-21.303345020615353,55.30658923538344,902.7900676303559,0.030024790850966952
2024-04-29 17:33:00.645081+00:00,0.97762097,24.69,-21.303459076183447,55.30663475513848,892.6653269480151,0.03773853441784133
2024-04-29 17:38:03.503380+00:00,0.977163844,24.678,-21.30357304656336,55.30668024089479,882.6393407397638,0.04464345877707324
2024-04-29 17:42:56.812691+00:00,0.977237296,24.664,-21.303683423507724,55.30672429250537,873.0193248378308,0.04464345458567025
2024-04-29 17:48:00.030469+00:00,0.977635784,24.644,-21.303797529165397,55.30676983225125,863.1704523079002,0.044643450404224336
2024-04-29 17:53:03.270345+00:00,0.9776086640000001,24.660000000000004,-21.303911643138772,55.306815375315935,853.4219390062905,0.044643446226449925
2024-04-29 17:58:06.204053+00:00,0.9773917799999999,24.607999999999997,-21.30402564189635,55.30686087239781,843.7876928079374,0.0446434420382905
2024-04-29 18:03:09.855096+00:00,0.9773917799999999,24.607999999999997,-21.304139910598472,55.30690647721498,834.2390087280743,0.04464343785041408
2024-04-29 18:08:02.662118+00:00,0.977550868,24.607999999999997,-21.30425009852346,55.306950453387635,825.1376115102395,0.04464343367676625
2024-04-29 18:13:05.710630+00:00,0.9770468040000001,24.613999999999997,-21.30436414048359,55.30699596771172,815.8315308881402,0.044643429488617395
2024-04-29 18:18:08.848470+00:00,0.976882238,24.58,-21.30447821605931,55.30704149545184,806.6423251611019,0.04464342530423428
2024-04-29 18:23:12.544710+00:00,0.97741238,24.588,-21.304592501769704,55.307087107057036,797.5603073998826,0.04464342113080406
2024-04-29 18:28:15.454599+00:00,0.977206608,24.596,-21.30470649156381,55.30713260056158,788.6298215671587,0.04464341694517997
2024-04-29 18:33:08.551938+00:00,0.9774239079999999,24.637999999999998,-21.304816788739803,55.30717662033648,780.1144759782655,0.04464341275810489
2024-04-29 18:38:11.497331+00:00,0.977616286,24.636000000000003,-21.304930791894577,55.30722211917329,771.4474986412962,0.04464340857931546
2024-04-29 18:43:15.178174+00:00,0.97798146,24.618000000000002,-21.30504507181089,55.30726772846606,762.901312907764,0.04464340441341366
2024-04-29 18:48:18.401802+00:00,0.9773388839999999,24.604000000000003,-21.30515917966996,55.307313269090514,754.5144857188372,0.04464340023303147
2024-04-29 18:53:11.432133+00:00,0.977622402,24.648,-21.305269451629783,55.3073572788016,746.5533143610431,0.04484342948562639
2024-04-29 18:58:14.465222+00:00,0.977000052,24.624,-21.305383487785903,55.30740279080929,738.473878638867,0.04777052330322755
2024-04-29 19:03:18.270549+00:00,0.9763234259999999,24.633999999999997,-21.305500416844282,55.30744932255626,730.3703966928013,0.050697616562155524
2024-04-29 19:08:21.239323+00:00,0.9752422339999999,24.651999999999997,-21.30565239554254,55.307508010470514,720.2810005881543,0.05362470926795565
2024-04-29 19:13:24.330374+00:00,0.975500394,24.662,-21.305804435578864,55.30756672207101,710.4985020119072,0.05579324585546854
2024-04-29 19:18:17.151051+00:00,0.974892558,24.604,-21.305951323671525,55.30762344420303,701.3551121055849,0.05788007710582414
2024-04-29 19:23:20.622373+00:00,0.975158014,24.598,-21.306085558498808,55.30769867569614,690.8893830327081,0.05723984151995061
2024-04-29 19:28:23.477186+00:00,0.975543208,24.580000000000002,-21.30613007354228,55.30785549864216,674.0224876478156,0.056599604221580904
2024-04-29 19:33:26.504938+00:00,0.9757887860000001,24.574,-21.306174614005155,55.3080124111387,657.1519743112239,0.057741758805211305
2024-04-29 19:38:29.528656+00:00,0.97564306,24.57,-21.306219153875084,55.30816932154634,640.2881756987899,0.06859784788428767
2024-04-29 19:43:23.038731+00:00,0.975496934,24.576,-21.306280858977548,55.30834112904262,621.5938119986602,0.07933559274228838
2024-04-29 19:48:26.032816+00:00,0.9755562080000001,24.586,-21.306435694259704,55.3086158093076,590.8279975174947,0.0900733237989798
2024-04-29 19:53:28.979506+00:00,0.9747657780000001,24.621999999999996,-21.30659050532202,55.30889044660619,560.3518749145555,0.1008110412767976
2024-04-29 19:58:31.889014+00:00,0.9746257,24.642000000000003,-21.306745297383838,55.3091650501976,530.2134062909792,0.10976635156989023
2024-04-29 20:03:25.741939+00:00,0.97370337,24.66,-21.306895461373102,55.30943144351433,501.3520785633167,0.10976626740064384
2024-04-29 20:08:28.685328+00:00,0.973848662,24.674,-21.30705027074862,55.30970607782051,472.05818474831585,0.10976618325214098
2024-04-29 20:13:31.614707+00:00,0.973536478,24.688,-21.30720507296485,55.30998069942601,443.3245847406319,0.10976609905059975
2024-04-29 20:18:34.746412+00:00,0.9735101159999999,24.684,-21.30735997857322,55.310255504450815,415.24746042193294,0.10976601490243898
2024-04-29 20:23:38.033500+00:00,0.9738145899999999,24.698,-21.307514963584918,55.31053045033839,387.9792196796557,0.10976593076211834
2024-04-29 20:28:30.754904+00:00,0.974510392,24.708000000000002,-21.307664549347255,55.310795817871316,362.6160678992722,0.1097658466305516
2024-04-29 20:33:33.715922+00:00,0.9740783040000001,24.732,-21.30781936773146,55.31107046815906,337.5817446124274,0.1097657624820105
2024-04-29 20:38:36.611948+00:00,0.973733178,24.738,-21.30797415290375,55.31134505952833,314.0816865030092,0.10976567836125725
2024-04-29 20:43:39.891999+00:00,0.974243476,24.744,-21.30812913431945,55.31161999903655,292.45309865995165,0.1097655942197862
2024-04-29 20:48:42.783734+00:00,0.9739052600000001,24.744,-21.308283917298926,55.311894586515734,273.2019718384016,0.10976551007751376
2024-04-29 20:53:35.841612+00:00,0.9738382160000001,24.762,-21.308433675005297,55.31216025908012,257.3084526054553,0.10976542591226743
2024-04-29 20:58:38.806928+00:00,0.97405753,24.752,-21.308588495585848,55.31243491326422,244.26745547301468,0.10976534174220583
2024-04-29 21:03:42.499860+00:00,0.9740246899999999,24.746000000000002,-21.308743687991047,55.31271022707118,235.22254044562678,0.10976525756094926
2024-04-29 21:08:45.486775+00:00,0.9737267380000001,24.736,-21.308898519609183,55.31298490083613,230.6891975175894,0.1097651733914542
2024-04-29 21:13:48.495850+00:00,0.973633742,24.740000000000002,-21.309053362551403,55.31325959469018,230.90604164889953,0.109765089210168
2024-04-29 21:18:41.575216+00:00,0.97323027,24.716,-21.309203131238583,55.3135252867347,235.6253587116856,0.10976500501407689
2024-04-29 21:23:44.965498+00:00,0.9734426199999999,24.714,-21.309358168984275,55.31380032617322,244.9057272642079,0.10976492083806015
2024-04-29 21:28:47.916087+00:00,0.973694744,24.71,-21.309512982039116,55.31407496700659,258.15704681338883,0.10976483669860204
2024-04-29 21:33:50.809137+00:00,0.9734620140000001,24.723999999999997,-21.309667765690484,55.31434955567773,274.8108498753911,0.10976475252146292
2024-04-29 21:38:53.689325+00:00,0.97387333,24.72,-21.309822542769304,55.314624132689055,294.2909711882097,0.10976466838761115
2024-04-29 21:43:46.895975+00:00,0.974118528,24.723999999999997,-21.30997237650069,55.31488994012303,315.3490959376991,0.10976458424868274
2024-04-29 21:48:49.937125+00:00,0.9742378899999998,24.723999999999997,-21.31012723583393,55.315164663055015,338.95504040719214,0.10976450013573043
2024-04-29 21:53:52.699552+00:00,0.9745012799999999,24.77,-21.310281952734673,55.315439133309475,364.0489301097204,0.10976441624511916
2024-04-29 21:58:55.572420+00:00,0.9751249439999998,24.764,-21.31043672607281,55.31571370368477,390.37058371721946,0.10976433237988821
2024-04-29 22:03:48.997426+00:00,0.9744624139999999,24.75,-21.310586671387917,55.31597970907006,416.81578235425155,0.10976424822486415
2024-04-29 22:08:51.932380+00:00,0.974197324,24.746000000000002,-21.31074147645303,55.31625433572951,444.9157821263352,0.10976416408586191
2024-04-29 22:13:54.988629+00:00,0.9739114360000001,24.762,-21.310896343502062,55.31652907234944,473.6951106618573,0.10976407990798487
2024-04-29 22:18:57.811745+00:00,0.973587918,24.726000000000003,-21.311051091416022,55.31680359762184,503.00523093063475,0.10976399575545852
2024-04-29 22:24:01.262858+00:00,0.97359483,24.717999999999996,-21.31120616024741,55.317078692206884,532.8389944017763,0.10976391159656393
2024-04-29 22:28:54.291364+00:00,0.97399916,24.722,-21.31135590294422,55.317344338144075,562.0186314844026,0.10976382742604147
2024-04-29 22:33:57.118169+00:00,0.974277212,24.732,-21.311510652743305,55.31761886676072,592.4987170806259,0.10976374323832509
2024-04-29 22:39:00.299789+00:00,0.973927456,24.694,-21.311665583859053,55.317893717036014,623.2971631197123,0.10976365903948875
2024-04-29 22:44:03.853176+00:00,0.9738224279999999,24.669999999999998,-21.31182070495427,55.318168904337924,654.3766991160201,0.10976357486782325
2024-04-29 22:49:06.741479+00:00,0.9735513100000001,24.652,-21.311975486179833,55.31844348870565,685.5978458149384,0.1097634907341611
2024-04-29 22:53:59.234267+00:00,0.973200182,24.644,-21.312124955115294,55.318708648985826,715.9205241100221,0.10976340657542154
2024-04-29 22:59:02.062274+00:00,0.973127992,24.625999999999998,-21.31227970552871,55.31898317869231,747.471507465532,0.10976332244194094
2024-04-29 23:04:05.322267+00:00,0.973300064,24.634,-21.312434676694366,55.31925810001678,779.2081997659226,0.10976323833052419
2024-04-29 23:09:08.312914+00:00,0.973266762,24.637999999999998,-21.312589510219603,55.31953277716496,811.0408213129275,0.10976315420918178
2024-04-29 23:14:11.200199+00:00,0.9734647979999999,24.66,-21.312744290925025,55.319807360609936,842.9725287868577,0.1110211869019309
2024-04-29 23:19:04.166637+00:00,0.9742271779999999,24.663999999999998,-21.31289400190402,55.32007295027921,873.9515795042987,0.1539204994417847
2024-04-29 23:24:07.624549+00:00,0.9741411339999999,24.662,-21.313195091248893,55.32017842366327,905.8704627360144,0.19681975181583322
2024-04-29 23:29:10.543177+00:00,0.9737298899999999,24.663999999999998,-21.313973001723333,55.319729166962546,942.6298551002768,0.2397189439125198
2024-04-29 23:34:13.771171+00:00,0.973391258,24.674,-21.314751706666126,55.31927945144266,987.8747565674418,0.27127624746958007
2024-04-29 23:39:16.848256+00:00,0.9726751119999999,24.674,-21.315530024066444,55.31882995973523,1040.4423409357685,0.2776013010382792
2024-04-29 23:44:10.224201+00:00,0.9719724060000001,24.669999999999998,-21.316116776919284,55.318408691066075,1080.861260114246,0.24228506500378783
2024-04-29 23:49:12.869554+00:00,0.971733718,24.669999999999998,-21.31627345200664,55.31801135609407,1081.4048380309318,0.20696887932805358
2024-04-29 23:54:15.691690+00:00,0.9722037240000001,24.688,-21.316430218612037,55.31761378902826,1083.794908992503,0.17165274409525577
2024-04-29 23:59:18.462775+00:00,0.972655216,24.674,-21.31658695878907,55.317216288985954,1088.01865472473,0.14767848770803182
2024-04-30 00:04:22.089273+00:00,0.9729947879999999,24.642000000000003,-21.31674414180094,55.31681766589485,1094.0746738896376,0.1476783548184241
2024-04-30 00:09:14.942714+00:00,0.972717284,24.622,-21.31689574775823,55.31643318646157,1101.6148003423582,0.14767822192756164
2024-04-30 00:14:17.576172+00:00,0.972578546,24.61,-21.3170524166877,55.316035867106244,1111.1230162505647,0.13676581399026622
2024-04-30 00:19:20.324331+00:00,0.972307934,24.582,-21.317209144996237,55.31563839716297,1122.3363385000832,0.22684211183483788
2024-04-30 00:24:23.837974+00:00,0.97141936,24.586,-21.316969941957062,55.31573063145161,1097.24513931597,0.316918895109063
2024-04-30 00:29:26.875939+00:00,0.971411962,24.603999999999996,-21.315811487834424,55.316961347181,997.8437002169801,0.4069961637794579
2024-04-30 00:34:19.754743+00:00,0.971623318,24.622,-21.314691870172567,55.31815080392376,925.6606032260288,0.4623185375774682
2024-04-30 00:39:22.743811+00:00,0.9711325460000001,24.625999999999998,-21.313533602973568,55.319381321069656,881.9236590994366,0.4498794106499968
2024-04-30 00:44:25.949960+00:00,0.971305074,24.622,-21.312697607213856,55.32023981708039,870.4719488313254,0.3364516047561417
2024-04-30 00:49:28.758669+00:00,0.971471696,24.604,-21.31261387737324,55.320230235512156,863.2450311963223,0.22302333981182412
2024-04-30 00:54:31.523375+00:00,0.971551256,24.603999999999996,-21.312530159699946,55.32022065533628,856.0605528941732,0.10959461581314978
2024-04-30 00:59:24.345146+00:00,0.970954532,24.604,-21.312449191354332,55.32021138977787,849.1523744263477,0.030920813456519158
2024-04-30 01:04:27.833377+00:00,0.9718227300000001,24.612000000000002,-21.31236527361869,55.32020178670799,842.0354895305893,0.0309208136514346
2024-04-30 01:09:30.753519+00:00,0.9718426179999999,24.612,-21.31228151296567,55.32019220161376,834.9766064084774,0.03092081384630734
2024-04-30 01:14:33.674757+00:00,0.9726372040000001,24.634,-21.312197752009613,55.32018261648485,827.9634784901192,0.030920814042043998
2024-04-30 01:19:36.372131+00:00,0.973022838,24.605999999999998,-21.31211405295436,55.32017303843951,821.0024350981547,0.03092081424065698
2024-04-30 01:24:29.588439+00:00,0.97372125,24.552,-21.312032975515066,55.320163760397044,814.3052644630195,0.030920814433158705
2024-04-30 01:29:32.363702+00:00,0.973385532,24.497999999999998,-21.311949254922666,55.32015417988712,807.4383071763151,0.03092081462952555
2024-04-30 01:34:35.258609+00:00,0.9733730279999999,24.482,-21.311865501247453,55.32014459559139,800.6192442497004,0.03152951891406926
2024-04-30 01:39:38.247505+00:00,0.973494058,24.439999999999998,-21.31178172158324,55.32013500832162,793.850011772319,0.035933265900192385
2024-04-30 01:44:41.608442+00:00,0.9728258700000001,24.412,-21.311699544036756,55.320089052837034,784.34323221319,0.04033701675930714
2024-04-30 01:49:34.427766+00:00,0.972819822,24.4,-21.311624041290166,55.31996325587558,768.954912418718,0.04474077156609844
2024-04-30 01:54:37.186067+00:00,0.9730856300000001,24.384000000000004,-21.31154597580265,55.31983318906918,753.0491643837361,0.049144530304462884
2024-04-30 01:59:39.864911+00:00,0.972981534,24.338,-21.31146793080287,55.319703156397885,737.1528762308452,0.05293958889535666
2024-04-30 02:04:43.329581+00:00,0.9724063519999999,24.306,-21.311389683179833,55.31957278613106,721.2209745412779,0.0529396086687353
2024-04-30 02:09:46.192967+00:00,0.971823942,24.292,-21.31131159059643,55.319442674179534,705.3266702973684,0.052939628435963684
2024-04-30 02:14:39.134498+00:00,0.97205516,24.308,-21.311236056339,55.31931682471711,689.9591897617265,0.054828968603953684
2024-04-30 02:19:41.950122+00:00,0.9721273160000001,24.324,-21.311157976070888,55.3191867332844,674.0804947790789,0.05999458781907692
2024-04-30 02:24:45.111443+00:00,0.971961376,24.332,-21.3110615197658,55.3190363552935,655.2826759005903,0.06516021188729387
2024-04-30 02:29:47.943407+00:00,0.9720334919999999,24.35,-21.310933670308565,55.3188514542602,631.5017548332969,0.0703258408677733
2024-04-30 02:34:50.733198+00:00,0.972952976,24.383999999999997,-21.310805838655988,55.3186665789767,607.7298134698937,0.07549147465819575
2024-04-30 02:39:53.628178+00:00,0.972402782,24.387999999999998,-21.31067796259482,55.31848163946773,583.9559784889735,0.07876779274705892
2024-04-30 02:44:46.693965+00:00,0.9723094060000002,24.402,-21.310554236217644,55.31830270139883,560.9604470271878,0.07876783667183491
2024-04-30 02:49:49.542865+00:00,0.9718216500000001,24.482,-21.31042637961051,55.318117790025056,537.205256885254,0.07876788060003431
2024-04-30 02:54:52.390646+00:00,0.9725782580000001,24.619999999999997,-21.31029852347568,55.31793287933434,513.4593779495762,0.07847847286748587
2024-04-30 02:59:55.342644+00:00,0.973224426,24.712,-21.310170623342636,55.31774790501164,489.7159002300309,0.07775848429870386
2024-04-30 03:04:58.768197+00:00,0.974163438,24.767999999999997,-21.310043176100628,55.317567414848696,466.3599654422443,0.07703849491094349
2024-04-30 03:09:51.454180+00:00,0.974128752,24.804,-21.30992118321823,55.31740021132014,444.43553674491045,0.07631850468527632
2024-04-30 03:14:54.193533+00:00,0.9746797920000001,24.79,-21.309795000044396,55.31722726457527,421.76636974380824,0.07559851364099263
2024-04-30 03:19:57.070656+00:00,0.974503704,24.718,-21.309668759447284,55.317054239126016,399.09680114216883,0.07516797342761394
2024-04-30 03:25:00.464516+00:00,0.9733321140000001,24.666,-21.309542303471773,55.31688091847897,376.4002977700614,0.07516801322446023
2024-04-30 03:30:03.479902+00:00,0.972967118,24.672,-21.30941600524609,55.31670781404396,353.7460951317366,0.07516805301821827
2024-04-30 03:34:56.136484+00:00,0.973137336,24.72,-21.30929402461809,55.3165406273113,331.8823032467067,0.07516809282156575
2024-04-30 03:39:58.972087+00:00,0.9734468140000001,24.768,-21.309167801326762,55.316367625581364,309.27815328000395,0.07516813262673458
2024-04-30 03:45:03.094221+00:00,0.973119702,24.816000000000003,-21.309041041803287,55.31619388889127,286.60336712028396,0.07516817244260979
2024-04-30 03:50:06.115900+00:00,0.973540528,24.892000000000003,-21.308914740954652,55.316020780861244,264.04244366930715,0.0751682122529941
2024-04-30 03:55:08.936475+00:00,0.9737879020000001,25.003999999999998,-21.308788523927053,55.31584778771637,241.53712099907474,0.07610748168399495
2024-04-30 04:00:01.542970+00:00,0.973545506,25.078000000000003,-21.308666564175514,55.315680629597004,219.84120389295458,0.07892696954684159
2024-04-30 04:05:05.167099+00:00,0.9730571299999999,25.157999999999998,-21.308530897223143,55.315497364387554,195.9666822601731,0.08174646059214705
2024-04-30 04:10:07.893625+00:00,0.9724414959999998,25.256,-21.308377457687154,55.31529507559102,169.41925825204405,0.08456595483780793
2024-04-30 04:15:10.691639+00:00,0.9732468859999999,25.356,-21.30822398191699,55.31509273902473,143.04386518107697,0.08738545243266009
2024-04-30 04:20:13.602344+00:00,0.9728868760000001,25.387999999999998,-21.30807044902845,55.31489032715577,116.9578641613806,0.08926572359908196
2024-04-30 04:25:17.052678+00:00,0.9732831980000001,25.43,-21.3079166426243,55.31468755469432,91.38291942330461,0.08926577934828392
2024-04-30 04:30:10.166748+00:00,0.9740122080000001,25.458,-21.307768075244166,55.31449168916111,67.80407408554376,0.08926583510334052
2024-04-30 04:35:12.967254+00:00,0.9758247899999999,25.467999999999996,-21.307614598210826,55.314289350929506,46.45161279054843,0.09194340713373636
2024-04-30 04:40:15.945148+00:00,0.97581356,25.42,-21.307461031266975,55.314086894163324,34.339276708561805,0.09935731430303146
2024-04-30 04:45:09.364704+00:00,0.976067502,25.384,-21.307313606120903,55.31384297141435,45.09435615417559,0.10677123132089558
2024-04-30 04:50:12.255144+00:00,0.975344958,25.357999999999997,-21.30716360849199,55.31351052517037,77.7468322606393,0.11418515820053124
2024-04-30 04:55:15.051060+00:00,0.9757559520000001,25.375999999999998,-21.307013657673274,55.31317818267386,113.93667488823961,0.12159909478581957
2024-04-30 05:00:18.149367+00:00,0.9747074120000001,25.358,-21.30686355710424,55.31284550827924,151.1840084966119,0.1263355244557217
2024-04-30 05:05:21.610804+00:00,0.9740361959999999,25.372,-21.30671327670577,55.31251243532084,188.89502662760097,0.12633562830118827
2024-04-30 05:10:14.428159+00:00,0.9737957039999999,25.404,-21.306568267477466,55.31219104508527,225.4839048002382,0.126335732158068
2024-04-30 05:15:17.396957+00:00,0.974530178,25.455999999999996,-21.306418231044034,55.31185851283716,263.46021291940696,0.12337507581367368
2024-04-30 05:20:20.268856+00:00,0.974661392,25.494,-21.30626824259691,55.311526086943175,301.50013767690086,0.11723650230257557
2024-04-30 05:25:23.758026+00:00,0.975164092,25.54,-21.306096432509833,55.31125636183892,334.4030519090839,0.11109791836588334
2024-04-30 05:30:27.462978+00:00,0.975785836,25.595999999999997,-21.305892233706782,55.311081490678454,359.8675531388849,0.10495932402944466
2024-04-30 05:35:20.374880+00:00,0.976480932,25.648000000000003,-21.305695291709718,55.310912834079794,384.90809495706105,0.09843204971068528
2024-04-30 05:40:23.235106+00:00,0.977403764,25.662,-21.305491660865933,55.310738449306584,411.20287654517875,0.094767675654368
2024-04-30 05:45:27.080462+00:00,0.977000064,25.625999999999998,-21.305311780048775,55.31054287861675,438.4864926283228,0.09428121025136577
2024-04-30 05:50:29.973039+00:00,0.976243244,25.615999999999996,-21.305164220367054,55.3103210991803,466.5237043529672,0.0937947468877832
2024-04-30 05:55:32.939204+00:00,0.976141162,25.668,-21.305016624835606,55.31009926586238,494.5900050206791,0.09330828558354476
2024-04-30 06:00:25.640962+00:00,0.97631094,25.738,-21.304874029798558,55.30988494819383,521.7232146897941,0.09321049574939959
2024-04-30 06:05:29.139470+00:00,0.976447526,25.812,-21.30472617492642,55.30966272509171,549.8729385629373,0.093210557377609
2024-04-30 06:10:32.166279+00:00,0.976436028,25.913999999999998,-21.30457854985121,55.30944084737007,577.9925297017143,0.09321061878518366
2024-04-30 06:15:35.374904+00:00,0.977207426,26.038,-21.30443083620084,55.30921883652162,606.1407178230633,0.09321068022232379
2024-04-30 06:20:28.126257+00:00,0.977464278,26.089999999999996,-21.304288217002735,55.30900448253946,633.3277762225571,0.09321074184613459
2024-04-30 06:25:31.530721+00:00,0.9778827619999999,26.1,-21.304140407945813,55.30878232829675,661.5129184610964,0.09321080348609642
2024-04-30 06:30:34.429500+00:00,0.977743132,26.1,-21.303992845242746,55.30856054431927,689.6589012187277,0.09321086508742212
2024-04-30 06:35:37.402339+00:00,0.9784547480000001,26.096000000000004,-21.303845246459847,55.30833870611448,717.818661509926,0.09321092671777817
2024-04-30 06:40:40.342455+00:00,0.978644158,26.028,-21.303697663618657,55.30811689186978,745.9814971206803,0.09321098833358459
2024-04-30 06:45:33.888853+00:00,0.977777234,25.948,-21.303554657099724,55.30790195575167,773.2762513735288,0.09321104997340364
2024-04-30 06:50:36.831665+00:00,0.976650258,25.877999999999997,-21.30340707294516,55.30768013953299,801.4495239784361,0.09321111158669333
2024-04-30 06:55:39.754255+00:00,0.9762787239999999,25.860000000000003,-21.303259498641964,55.30745833812074,829.625314146144,0.08706361040841887
2024-04-30 07:00:42.895812+00:00,0.97590117,25.828000000000003,-21.30311181766508,55.307236376379926,857.8254417933175,0.07288602583781748
2024-04-30 07:05:46.525603+00:00,0.975270618,25.810000000000002,-21.30301411428803,55.30708628067829,876.7695052650855,0.058708429757088884
2024-04-30 07:10:40.538013+00:00,0.9754500439999999,25.810000000000002,-21.302983086774162,55.30703238624419,883.3326717267073,0.044530821960072985
2024-04-30 07:15:43.522432+00:00,0.9751892400000001,25.842000000000002,-21.30295111243244,55.30697684718101,890.0961208630201,0.030353202476060326
2024-04-30 07:20:46.411062+00:00,0.97379383,25.832,-21.302919148199457,55.306921325676605,896.857434453562,0.022323134080474264
2024-04-30 07:25:49.868272+00:00,0.974364768,25.85,-21.302887123963476,55.30686569994768,903.6314430269109,0.022323137566580636
2024-04-30 07:30:42.456914+00:00,0.974430008,25.874000000000002,-21.302856246701715,55.30681206649976,910.1628374639765,0.02232314105705514
2024-04-30 07:35:45.457786+00:00,0.9750526300000001,25.918,-21.30282427062367,55.306756524420614,916.9266644986845,0.01997647206209887
2024-04-30 07:40:48.305848+00:00,0.975231572,25.927999999999997,-21.302792310671894,55.306701010352604,923.6870829691427,0.0175972503055568
2024-04-30 07:45:52.118129+00:00,0.9764729079999999,25.962,-21.30276741881062,55.30668517841089,926.5466752065569,0.015218028013225327
2024-04-30 07:50:55.101207+00:00,0.9761069579999999,25.968,-21.302749727183603,55.30670903980699,925.5038560012448,0.01283880517370794
2024-04-30 07:55:47.930138+00:00,0.976051988,26.002000000000002,-21.302732628472146,55.306732101514456,924.5051263181367,0.015853506820552525
2024-04-30 08:00:50.653876+00:00,0.975473566,26.002,-21.30271495198839,55.30675594248625,923.482125830971,0.02947801677006981
2024-04-30 08:05:54.342416+00:00,0.9750477,26.008,-21.302612824094552,55.3067546153289,929.776101066791,0.04313507927305295
2024-04-30 08:10:57.154230+00:00,0.9752257480000001,26.040000000000003,-21.30240086113608,55.306720350133155,945.8354850472984,0.05679214212264534
2024-04-30 08:16:00.065441+00:00,0.9750113599999999,26.076,-21.302188828601544,55.306686073689995,962.2227446125121,0.07044920531377355
2024-04-30 08:20:52.850104+00:00,0.9742545659999999,26.056,-21.301983884472964,55.30665294313392,978.3535899210854,0.07871234382085464
2024-04-30 08:25:56.229697+00:00,0.974447548,26.054000000000002,-21.301771524079278,55.30661861369018,995.3553261590564,0.07871234632149647
2024-04-30 08:30:59.222760+00:00,0.97581816,26.03,-21.301559434249846,55.30658432798492,1012.6125955872044,0.07871234882679945
2024-04-30 08:36:02.104012+00:00,0.975144158,25.945999999999998,-21.301347422686025,55.30655005493181,1030.1264429169646,0.07871235132269382
2024-04-30 08:41:05.099715+00:00,0.9745235319999999,25.857999999999997,-21.30113533100855,55.3065157689278,1047.896762668479,0.07871235383132766
2024-04-30 08:45:57.955135+00:00,0.9751574380000001,25.812,-21.300930337351407,55.30648263036511,1065.2981143891632,0.07871235633078011
2024-04-30 08:51:01.079767+00:00,0.975160494,25.748,-21.300718155425876,55.30644832977192,1083.531850366986,0.07871235884216954
2024-04-30 08:56:04.221019+00:00,0.9742926539999999,25.689999999999998,-21.300505961866794,55.30641402729808,1101.9815300886912,0.07871236132855645
2024-04-30 09:01:07.558277+00:00,0.974029792,25.636000000000003,-21.30029363110667,55.306379702644804,1120.6476687765414,0.07871236383175877
2024-04-30 09:06:01.466111+00:00,0.974132008,25.583999999999996,-21.30008790077822,55.30634644499439,1138.9192207799279,0.07871236633262044
2024-04-30 09:11:04.679658+00:00,0.9738502800000001,25.508,-21.299875656613786,55.30631213433987,1157.951529582558,0.07871236885413734
2024-04-30 09:16:07.650579+00:00,0.97352647,25.474,-21.299663582283333,55.30627785114012,1177.1445967785776,0.07871237134258757
2024-04-30 09:21:10.805881+00:00,0.97294375,25.438,-21.299451378889284,55.3062435470764,1196.516945141691,0.07871237385524327
2024-04-30 09:26:14.364085+00:00,0.973715758,25.402,-21.29923889347107,55.30620919742163,1216.074995889769,0.0787123763605582
2024-04-30 09:31:07.262794+00:00,0.973644524,25.364,-21.299033869512325,55.30617605396049,1235.0908725841357,0.0787123788616798
2024-04-30 09:36:10.354155+00:00,0.9733592019999999,25.360000000000003,-21.298821710875938,55.30614175713214,1254.9110539646713,0.07871238136661396
2024-04-30 09:41:13.246375+00:00,0.973074338,25.346,-21.298609691634844,55.306107482837945,1274.8563951588485,0.07871238386168475
2024-04-30 09:46:17.432653+00:00,0.9732396379999999,25.36,-21.29839676657568,55.30607306211235,1295.0195389701496,0.07871238636007608
2024-04-30 09:51:10.340157+00:00,0.971955382,25.407999999999998,-21.298191736460673,55.306039917656,1314.5549384108267,0.07871238886283276
2024-04-30 09:56:13.457310+00:00,0.97129293,25.502,-21.297979559770337,55.306005617909115,1334.889529848208,0.11711885721271642
2024-04-30 10:01:16.565960+00:00,0.9726555579999999,25.624000000000002,-21.297767389031982,55.3059713191244,1355.3384800431368,0.20907471152830048
2024-04-30 10:06:20.216438+00:00,0.973296122,25.7,-21.29850654159851,55.30598957151153,1291.5417181267514,0.30103056386182614
2024-04-30 10:11:23.185292+00:00,0.9733074179999999,25.738,-21.299972738052652,55.30604806744519,1170.1231033215079,0.3929864143310808
2024-04-30 10:16:16.320488+00:00,0.974343238,25.75,-21.30139134521019,55.30610466473809,1063.3284193460463,0.4283740605435069
2024-04-30 10:21:19.306234+00:00,0.97500319,25.708,-21.302857623412756,55.30616316393321,967.7320642336449,0.37608863459965713
2024-04-30 10:26:22.648513+00:00,0.973785902,25.6,-21.303554781688373,55.306183697209896,929.583165960424,0.27025382211064714
2024-04-30 10:31:25.877630+00:00,0.9728933699999999,25.518,-21.303577242078156,55.30617094497394,929.6881337946415,0.16441901106099094
2024-04-30 10:36:28.959089+00:00,0.9729547779999999,25.488,-21.303599691530806,55.306158198947706,929.8016174073389,0.05858420130961561
2024-04-30 10:41:21.975742+00:00,0.9721727359999999,25.452,-21.30362139547635,55.30614587619475,929.919472374249,0.0093175952520879
2024-04-30 10:46:25.600763+00:00,0.971230334,25.438,-21.30364388519101,55.30613310730913,930.0500332117617,0.009317594942527065
2024-04-30 10:51:28.824694+00:00,0.971600302,25.476,-21.303666345196675,55.30612035529126,930.1889900961124,0.009317594635669115
2024-04-30 10:56:31.890588+00:00,0.9720827699999999,25.520000000000003,-21.303688793496413,55.306107609919614,930.3364268831468,0.009317594326896739
2024-04-30 11:01:24.641455+00:00,0.971915802,25.536,-21.30371047775501,55.306095298344225,930.4869602949065,0.009317594018109292
2024-04-30 11:06:28.219500+00:00,0.972671936,25.558,-21.303732963990132,55.30608253143417,930.6514789631403,0.009317593707879882
2024-04-30 11:11:31.411960+00:00,0.973954502,25.542,-21.30375542166471,55.30606978073981,930.8243385909492,0.00931759339831895
2024-04-30 11:16:34.772620+00:00,0.97240343,25.490000000000002,-21.303777891797974,55.30605702297184,931.0058409464891,0.009317593089140883
2024-04-30 11:21:37.791516+00:00,0.972358696,25.456,-21.303800336616536,55.30604427957669,931.1956685940231,0.009317592779546325
2024-04-30 11:26:31.297122+00:00,0.972147646,25.43,-21.30382207677917,55.30603193626091,931.3876593806908,0.009317592469328732
2024-04-30 11:31:34.366840+00:00,0.971955348,25.422,-21.303844525362162,55.30601919072844,931.5942892251005,0.0093175921613659
2024-04-30 11:36:37.612724+00:00,0.971356132,25.451999999999998,-21.303866986993885,55.30600643778735,931.8095582689705,0.010755358954992193
2024-04-30 11:41:40.714340+00:00,0.9723620820000001,25.512,-21.303889437939596,55.30599369091341,932.033234488195,0.013215406969581834
2024-04-30 11:46:34.355122+00:00,0.972519404,25.554,-21.303932996857448,55.30599193122691,930.2999017183026,0.015675455034234415
2024-04-30 11:51:37.218454+00:00,0.9731843419999999,25.536,-21.30399170223313,55.30599680641382,927.305696207516,0.018135503151806714
2024-04-30 11:56:40.451741+00:00,0.9729747659999999,25.478,-21.30405047931884,55.30600168755589,924.344577461677,0.020455693686257093
2024-04-30 12:01:43.559345+00:00,0.973282628,25.43,-21.304109232042848,55.30600656667484,921.4217839136758,0.02138198746212277
2024-04-30 12:06:37.003648+00:00,0.9742027520000001,25.356,-21.30416132775874,55.30602616931907,917.3898026696959,0.02128599976651172
2024-04-30 12:11:40.216819+00:00,0.973829484,25.252,-21.30421254507652,55.30605455056898,912.569583380986,0.021190011775454435
2024-04-30 12:16:43.424690+00:00,0.9734670380000001,25.195999999999998,-21.30426376149905,55.306082931322806,907.7691072576977,0.018773479877840706
2024-04-30 12:21:46.345569+00:00,0.9738273740000001,25.154000000000003,-21.304314929444292,55.30611128521372,902.9931186882731,0.016600163478634508
2024-04-30 12:26:49.970068+00:00,0.9729345180000001,25.092,-21.304339804775115,55.30610303295609,902.8149846015821,0.014382976669481462
2024-04-30 12:31:43.147438+00:00,0.9720878300000001,25.034,-21.304350988796763,55.3060772428453,904.880402798685,0.01216579004218531
2024-04-30 12:36:46.529619+00:00,0.97149871,25.006,-21.304362562107748,55.30605055504176,907.0228419657374,0.00994860359149044
2024-04-30 12:41:49.780773+00:00,0.9714404999999999,24.974,-21.304374130420378,55.30602387876432,909.1695324056752,0.010051960928603085
2024-04-30 12:46:53.498170+00:00,0.970785154,24.942,-21.304385716519064,55.30599716147262,911.3246740442737,0.010051960284421083
2024-04-30 12:51:46.519415+00:00,0.97122406,24.92,-21.304396894584904,55.30597138509579,913.4087684872436,0.010051959638414282
2024-04-30 12:56:49.544741+00:00,0.9712514640000001,24.902,-21.30440845428273,55.305944728683905,915.568992484871,0.010051958991155666
2024-04-30 13:01:52.916161+00:00,0.9713650000000001,24.887999999999998,-21.30442002718321,55.305918041826985,917.736716695645,0.010051958344453315
2024-04-30 13:06:56.650383+00:00,0.9709276960000001,24.878000000000004,-21.304431613923732,55.30589132305522,919.9120424931922,0.01005195769841876
2024-04-30 13:11:59.661749+00:00,0.97109983,24.886000000000003,-21.30444317308901,55.30586466787138,922.0871502514932,0.01005195705207268
2024-04-30 13:16:52.858102+00:00,0.9710326439999999,24.904000000000003,-21.304454357834807,55.30583887609072,924.1964849459633,0.010051956405857126
2024-04-30 13:21:56.120536+00:00,0.971364472,24.9,-21.304465926577738,55.305812198821016,926.3830488056319,0.010051955759461339
2024-04-30 13:26:59.782882+00:00,0.971206396,24.878,-21.30447751057636,55.305785486372024,928.5773637217017,0.010051955115998264
2024-04-30 13:32:03.002668+00:00,0.9711940259999998,24.86,-21.304489077692367,55.305758812853966,930.7733064836831,0.010051954471417181
2024-04-30 13:36:56.165422+00:00,0.970936872,24.828,-21.304500261156445,55.30573302402892,932.9009684249291,0.012696405417629241
2024-04-30 13:41:59.755104+00:00,0.9704356219999999,24.772000000000002,-21.304511842383103,55.30570631797201,935.1089899201993,0.01895412375844983
2024-04-30 13:47:03.463030+00:00,0.969455844,24.738,-21.304453479661863,55.305733361787325,934.553508968464,0.025211843495222486
2024-04-30 13:52:06.785195+00:00,0.9695892220000001,24.724,-21.30435460283788,55.30579156614336,932.5264212633658,0.03146956462412487
2024-04-30 13:57:00.092599+00:00,0.969482742,24.732,-21.304258990621204,55.30584784877136,930.722736415042,0.037727287167680285
2024-04-30 14:02:03.435948+00:00,0.9691246299999999,24.732,-21.30416010689167,55.30590605719239,929.0201344282085,0.04134055953875754
2024-04-30 14:07:07.226803+00:00,0.969588616,24.735999999999997,-21.304061077284352,55.30596435148513,927.4818274737895,0.04134056590512065
2024-04-30 14:12:10.295489+00:00,0.97029827,24.732,-21.303962283089312,55.30602250720122,926.1143402421136,0.04134057227842005
2024-04-30 14:17:03.394747+00:00,0.9703520360000001,24.718,-21.303866738724032,55.30607874988814,924.9513503690193,0.03591589837364008
2024-04-30 14:22:06.459630+00:00,0.9706057960000001,24.684,-21.30376794576865,55.306136904874485,923.9143913906582,0.02795097419943604
2024-04-30 14:27:10.226460+00:00,0.9706197919999999,24.669999999999998,-21.30373380041403,55.30615677103584,923.617245087948,0.019986048731535477
2024-04-30 14:32:13.300289+00:00,0.970527296,24.662,-21.303737268915494,55.30615436093739,923.6834381358381,0.012021122002816466
2024-04-30 14:37:16.823778+00:00,0.969725196,24.660000000000004,-21.303740742563054,55.306151947263174,923.7499536466896,0.004056193998692844
2024-04-30 14:42:10.057123+00:00,0.969837566,24.668,-21.30374409844597,55.30614961541806,923.8144272208458,0.0015159450067166037
2024-04-30 14:47:13.960699+00:00,0.96948598,24.669999999999998,-21.3037475764434,55.30614719872131,923.881467811786,0.001515944995656914
2024-04-30 14:52:17.086572+00:00,0.969665534,24.66,-21.30375104554048,55.306144788209004,923.9485608184858,0.0015159449852640914
2024-04-30 14:57:20.408829+00:00,0.969042456,24.657999999999998,-21.303754516885054,55.30614237613502,924.0159211507319,0.008326153392057686
2024-04-30 15:02:13.518059+00:00,0.969306932,24.671999999999997,-21.30375787134755,55.306140045276884,924.0812261262815,0.017696713546033076
2024-04-30 15:07:17.171981+00:00,0.969108004,24.672,-21.303833359683498,55.30620564419992,914.433103285905,0.027067270992274996
2024-04-30 15:12:20.461085+00:00,0.96947846,24.689999999999998,-21.303934987525512,55.306295937703965,901.2976571579992,0.03643782575815855
2024-04-30 15:17:23.537679+00:00,0.969139202,24.71,-21.304036544158567,55.306386167940836,888.2194046966024,0.04392922515561194
2024-04-30 15:22:16.598432+00:00,0.969403138,24.734,-21.30413474462642,55.306473416318504,875.6209954342547,0.044033192013590725
2024-04-30 15:27:20.673539+00:00,0.969905932,24.758000000000003,-21.3042159234466,55.30654753502688,865.0524232081028,0.041576805570187794
2024-04-30 15:32:23.757484+00:00,0.969884378,24.788,-21.304290491976378,55.30661638495657,855.3005270775034,0.03912042027569535
2024-04-30 15:37:26.834947+00:00,0.970293786,24.826,-21.30436505891139,55.306685233413795,845.5778494652327,0.03498952664373166
2024-04-30 15:42:29.982038+00:00,0.970570122,24.868000000000002,-21.304439642977137,55.30675409768801,835.8829704769012,0.03246718420374324
2024-04-30 15:47:24.005278+00:00,0.970958978,24.916000000000004,-21.30447441595742,55.30682333624947,827.7922419486962,0.030522065087379847
2024-04-30 15:52:26.988626+00:00,0.971228636,24.964,-21.304500073142027,55.306895347582135,819.8055745061181,0.028576946721162934
2024-04-30 15:57:30.167287+00:00,0.97161107,25.01,-21.304525746866112,55.3069674053357,811.8137665901126,0.025286594397618635
2024-04-30 16:02:33.372917+00:00,0.9715503679999999,25.032000000000004,-21.304551422873967,55.30703946949907,803.8212559764717,0.025696619547241638
2024-04-30 16:07:27.047127+00:00,0.971807506,25.064,-21.304502545028686,55.30702087324307,807.6154505360104,0.02637724957974419
2024-04-30 16:12:30.025897+00:00,0.9720782,25.092000000000002,-21.304432115642598,55.30697771167815,814.6931221054799,0.027057881112783743
2024-04-30 16:17:33.195842+00:00,0.9726347499999999,25.112,-21.304361641816598,55.30693452287892,821.8133017764251,0.02773851414533344
2024-04-30 16:22:36.301984+00:00,0.97305283,25.112,-21.304291182822052,55.306891343168914,828.9690452161814,0.029764383380967686
2024-04-30 16:27:29.747012+00:00,0.9734241220000002,25.118,-21.304222969616273,55.30684953975597,835.9311170009292,0.029764386870766556
2024-04-30 16:32:33.055549+00:00,0.9740158639999998,25.094,-21.304152463573722,55.30680633121332,843.1618796850819,0.029764390356599633
2024-04-30 16:37:36.325982+00:00,0.974488168,25.07,-21.304081966388647,55.30676312809884,850.4260875046964,0.03268450327339147
2024-04-30 16:42:39.636733+00:00,0.9740062359999999,25.016,-21.304011459831404,55.30671991924076,857.7247462666188,0.03696235692816925
2024-04-30 16:47:33.492880+00:00,0.9739882700000001,24.974,-21.30389484636206,55.30670688787843,864.3838616532241,0.04124020989475362
2024-04-30 16:52:36.790210+00:00,0.97361895,24.926000000000002,-21.30375533137083,55.30670487042026,871.2765602958426,0.04551806215554101
2024-04-30 16:57:39.587299+00:00,0.9730895499999999,24.898000000000003,-21.30361604648759,55.30670285628958,878.3773239732485,0.04453916433313014
2024-04-30 17:02:42.694531+00:00,0.972839128,24.86,-21.303476618940405,55.306700840095914,885.6996639030876,0.039707435289461114
2024-04-30 17:07:46.499401+00:00,0.972859974,24.838,-21.303411271006023,55.30672082653924,887.2945310724792,0.03351796504752023
2024-04-30 17:12:39.736710+00:00,0.9727813380000001,24.818,-21.303362727347533,55.306744416027904,887.7245545869073,0.027328495043317337
2024-04-30 17:17:43.130795+00:00,0.9729146180000001,24.804,-21.30331250229633,55.30676882257889,888.2108574098052,0.01817631599016855
2024-04-30 17:22:46.262287+00:00,0.973101636,24.776000000000003,-21.30326232071581,55.30679320800557,888.7387056701044,0.014838827636508766
2024-04-30 17:27:49.949583+00:00,0.9728240320000001,24.754,-21.303258481034536,55.30677794617979,890.3251524577288,0.012434060319414447
2024-04-30 17:32:42.882034+00:00,0.9724201319999999,24.74,-21.303263788889364,55.306755521710535,892.0587885840647,0.010029292709392582
2024-04-30 17:37:46.019065+00:00,0.9723937639999999,24.735999999999997,-21.30326928164836,55.30673231606358,893.8560442890598,0.011060233369345588
2024-04-30 17:42:49.159782+00:00,0.972453908,24.726,-21.30327477447414,55.306709110134484,895.6565843260926,0.01584647086362232
2024-04-30 17:47:52.883022+00:00,0.9724543860000001,24.716,-21.303333776385784,55.306670151768614,896.0191215184818,0.02007476638507274
2024-04-30 17:52:55.892233+00:00,0.972057024,24.705999999999996,-21.303403430203097,55.30662811673021,896.1704520382067,0.024303061304052465
2024-04-30 17:57:49.092519+00:00,0.972209222,24.714,-21.303470829207555,55.30658744243769,896.4007040986339,0.06987320340168965
2024-04-30 18:02:52.332241+00:00,0.97175216,24.704,-21.303540536013283,55.30654537542157,896.7254958144897,0.1276231923567573
2024-04-30 18:07:56.379991+00:00,0.971128998,24.7,-21.302933821864396,55.30630914086055,950.3985889475534,0.18458062858182886
2024-04-30 18:12:59.516110+00:00,0.9707236800000001,24.716,-21.30212270449334,55.30601446862023,1023.7880472094448,0.24153810048793867
2024-04-30 18:17:52.627973+00:00,0.971007642,24.740000000000002,-21.301338409555047,55.30572954074816,1097.9432493303773,0.24902840567631132
2024-04-30 18:22:55.793494+00:00,0.9706081020000001,24.770000000000003,-21.300527213511884,55.305434839926924,1177.3061775950223,0.23040511901717792
2024-04-30 18:27:59.412957+00:00,0.971156742,24.808,-21.30070616278257,55.305472358820595,1161.8237635632443,0.1961662724845577
2024-04-30 18:33:02.659151+00:00,0.971208406,24.836000000000002,-21.301083643329488,55.30557652461439,1127.5931413501867,0.16192738646094273
2024-04-30 18:37:55.560913+00:00,0.9711481860000001,24.846,-21.30144824713774,55.30567713707089,1095.1429279858498,0.12768846082170088
2024-04-30 18:42:58.684996+00:00,0.971519754,24.842000000000002,-21.30182557568104,55.30578126091927,1062.2536355912557,0.14291669803374646
2024-04-30 18:48:02.287890+00:00,0.9713364200000001,24.798000000000002,-21.302203500247305,55.30588554924024,1030.086379925404,0.1429166753881455
2024-04-30 18:53:05.588121+00:00,0.9707942379999999,24.764,-21.302581048059412,55.305989733595865,998.7992986617521,0.1429166528161182
2024-04-30 18:58:08.740497+00:00,0.9709275720000001,24.75,-21.302958411821322,55.30609386716282,968.4566469717033,0.14291663017822726
2024-04-30 19:03:01.937402+00:00,0.970967896,24.74,-21.3033233830238,55.3061945810018,940.0788043506059,0.14291660757841332
2024-04-30 19:08:05.398191+00:00,0.970503814,24.738,-21.30370113069812,55.30629882050942,911.8061067222379,0.1429165849346871
2024-04-30 19:13:08.336484+00:00,0.970715652,24.744,-21.304078227969963,55.30640288053842,884.8022147821875,0.1429165624302048
2024-04-30 19:18:11.344753+00:00,0.970841474,24.746000000000002,-21.304455412347618,55.306506964604274,859.1266588609237,0.1589361525367685
2024-04-30 19:23:04.413013+00:00,0.97025161,24.738,-21.304820223412783,55.30660763425334,835.6789480402688,0.18317869051672903
2024-04-30 19:28:07.926445+00:00,0.9704774159999999,24.732000000000003,-21.30523148170497,55.30612591328203,870.5651637835863,0.20742113344077265
2024-04-30 19:33:10.976633+00:00,0.9708956900000001,24.722,-21.305650518062336,55.30549765349906,923.9060587533857,0.23166348132627337
2024-04-30 19:38:13.953135+00:00,0.971062324,24.705999999999996,-21.30606945253189,55.304869546476134,980.8703240344023,0.22310153544336542
2024-04-30 19:43:16.988154+00:00,0.9708902580000001,24.7,-21.306488467914605,55.30424131814039,1040.8854773573348,0.2035843678954028
2024-04-30 19:48:10.336202+00:00,0.971394078,24.704,-21.30664155561035,55.30447230575579,1015.8480339122556,0.1758442382469642
2024-04-30 19:53:13.408947+00:00,0.971525382,24.732,-21.30676907567917,55.30481277195895,979.8529279296732,0.14810418943911122
2024-04-30 19:58:16.467898+00:00,0.971191634,24.776,-21.306896589944152,55.305153222666426,944.0178005488729,0.1203642214951254
2024-04-30 20:03:19.432330+00:00,0.9717125020000001,24.842000000000002,-21.30702406443945,55.305493567192705,908.3708375699631,0.1254285333203356
2024-04-30 20:08:22.952460+00:00,0.97175607,24.898000000000003,-21.30715177274881,55.305834535979834,872.8576909976862,0.12542844018737945
2024-04-30 20:13:15.905806+00:00,0.9723177639999999,24.944,-21.307275035006704,55.3061636342412,838.7937165204137,0.12542834704713318
2024-04-30 20:18:18.991219+00:00,0.9730397500000001,24.968,-21.307402560405638,55.30650411467524,803.8002478117294,0.12542825391141196
2024-04-30 20:23:22.069171+00:00,0.9733581960000001,24.968,-21.30753008266536,55.3068445867279,769.0946225359785,0.125428161082491
2024-04-30 20:28:25.487131+00:00,0.9734641959999999,24.97,-21.307657747985896,55.30718544073905,734.678274919606,0.12542806823953687
2024-04-30 20:33:18.676683+00:00,0.9740807479999999,24.98,-21.30778110962922,55.307514804349864,701.7794680902329,0.12542797511194145
2024-04-30 20:38:21.819656+00:00,0.9741923,25.008000000000003,-21.307908659246973,55.3078553494458,668.188891628131,0.1254278819638218
2024-04-30 20:43:24.874295+00:00,0.974250276,25.05,-21.30803617169762,55.30819579530918,635.107894868916,0.12542778880908906
2024-04-30 20:48:28.160900+00:00,0.9745076359999999,25.082,-21.308163781749638,55.308536501758745,602.5842948938254,0.1254276956696422
2024-04-30 20:53:31.287765+00:00,0.974865064,25.104000000000003,-21.308291324589817,55.30887702875922,570.7598397357543,0.12542760255223429
2024-04-30 20:58:24.068395+00:00,0.975574376,25.122000000000003,-21.308414514176178,55.30920593299465,540.7819612843657,0.12542750943412817
2024-04-30 21:03:27.023067+00:00,0.975919338,25.124000000000002,-21.308541984564883,55.30954626655673,510.6906718099265,0.12542741631653634
2024-04-30 21:08:30.377950+00:00,0.976291166,25.119999999999997,-21.308669623345374,55.30988704970852,481.6810393878855,0.12542732323587663
2024-04-30 21:13:33.344725+00:00,0.9766227000000001,25.126,-21.308797098826577,55.31022739686708,454.04305081965305,0.12542723013669513
2024-04-30 21:18:36.240986+00:00,0.976594972,25.154,-21.308924544638533,55.31056766481162,428.0031428798173,0.1260951349619675
2024-04-30 21:23:29.085454+00:00,0.97669329,25.183999999999997,-21.30904776108518,55.310896640761406,404.6296678391709,0.12704517688512204
2024-04-30 21:28:32.531339+00:00,0.9771041219999999,25.201999999999998,-21.309264929897395,55.31119317272758,392.14781073190704,0.12799521398800678
2024-04-30 21:33:35.664349+00:00,0.9766530940000001,25.195999999999998,-21.309495736159185,55.311482529051624,384.82221651597945,0.1289452462113591
2024-04-30 21:38:38.600538+00:00,0.97711831,25.18,-21.309726392561156,55.31177169749998,381.45965932921246,0.12989527364071876
2024-04-30 21:43:41.626756+00:00,0.9769816139999999,25.116,-21.309957117511285,55.312060951885535,382.1594065685191,0.13017729837597228
2024-04-30 21:48:35.071296+00:00,0.976261496,25.04,-21.310180546946818,55.312341060057854,386.6903493737585,0.13017718117387966
2024-04-30 21:53:37.918753+00:00,0.97581214,24.992,-21.31041113578789,55.312630143806714,395.20242497584684,0.13017706394440579
2024-04-30 21:58:40.665509+00:00,0.975713496,24.970000000000002,-21.310641647955016,55.31291913143127,407.3637967312601,0.13017694670240715
2024-04-30 22:03:43.653964+00:00,0.975069534,24.976000000000003,-21.310872344152244,55.313208349769994,422.8753315725372,0.13017682949139053
2024-04-30 22:08:47.275825+00:00,0.9748352920000001,25.022,-21.311103522626414,55.313498172727854,441.4180926981472,0.13017671229257277
2024-04-30 22:13:40.043947+00:00,0.974825472,25.092000000000002,-21.31132643703568,55.31377763522399,461.8033203553416,0.13017659506734933
2024-04-30 22:18:42.841646+00:00,0.97588531,25.145999999999997,-21.31155698799092,55.31406667147628,485.1406670050029,0.13017647784720096
2024-04-30 22:23:45.695038+00:00,0.976408968,25.159999999999997,-21.3117875813508,55.314355760890265,510.46353899854205,0.13017636063822996
2024-04-30 22:28:49.169471+00:00,0.976555252,25.154,-21.312018647573026,55.31464544312054,537.5448456957573,0.13017624342962217
2024-04-30 22:33:52.099755+00:00,0.977027062,25.14,-21.3122492994788,55.314934605932116,566.0370853887458,0.13017612619779537
2024-04-30 22:38:44.985122+00:00,0.97771922,25.094,-21.31247230315866,55.31521418034467,594.7739469793348,0.13017600897892262
2024-04-30 22:43:47.905841+00:00,0.9768194259999999,25.018,-21.312702947781474,55.31550333402578,625.5521877644851,0.13017589172032412
2024-04-30 22:48:51.338689+00:00,0.976954138,24.962,-21.312933982340855,55.315792976561085,657.3099582025699,0.13017577451556792
2024-04-30 22:53:54.280475+00:00,0.97711579,24.898,-21.313164643004143,55.316082150351754,689.8146083011528,0.1301756572964971
2024-04-30 22:58:57.076910+00:00,0.9770122960000001,24.832,-21.313395192997067,55.316371185397614,722.9931769923181,0.11884775968935843
2024-04-30 23:03:49.925133+00:00,0.976762508,24.774,-21.31361816839534,55.31665072435422,755.6520006409337,0.10625115454989591
2024-04-30 23:08:53.364104+00:00,0.9766183380000001,24.73,-21.313737064276847,55.31682425105804,774.1370147571415,0.09365456661060625
2024-04-30 23:13:56.306854+00:00,0.975837176,24.695999999999998,-21.31384312938108,55.31698440936543,790.9917926014866,0.08100700287646187
2024-04-30 23:18:59.126594+00:00,0.97539993,24.686,-21.31394915141762,55.31714450264061,808.0008703025853,0.06880296511149983
2024-04-30 23:28:54.727265+00:00,0.9750089620000001,24.68,-21.314095245614347,55.317495970869075,837.0207625973001,0.06792672706808345
2024-04-30 23:33:57.487901+00:00,0.9748429,24.686,-21.31413885856066,55.317692594458336,849.7860924346311,0.06784137012157741
2024-04-30 23:39:00.409521+00:00,0.9746565500000001,24.701999999999998,-21.314182494696873,55.317889322596415,862.8777342586063,0.05440282670731569
2024-04-30 23:44:03.882964+00:00,0.974814834,24.722,-21.3142247,55.3180796,875.8306797847576,0.04101528264739276
2024-04-30 23:49:06.966859+00:00,0.9748442475,24.7325,-21.3142247,55.3180796,875.8306797847576,0.033980294791966015
2024-04-30 23:53:59.790779+00:00,0.9751700466666667,24.736666666666668,-21.3142247,55.3180796,875.8306797847576,0.022255321508284198
