index,fish-a1-002,fish-a2-029,fish-b1-158,fish-b2-171,fish-c1-008,fish-c2-018,larvae-18BG,larvae-23BGD
1,0.760766,0.824273,0.807407,0.787879,0.75885,0.759259,0.86875,0.84
2,0.472915,0.548209,0.392752,0.270125,0.363006,0.319712,0.590099,0.610236
3,0.361466,0.450627,0.336548,0.211849,0.344457,0.330455,0.441006,0.379845
4,0.311433,0.383878,0.20804,0.140713,0.243996,0.237232,0.338144,0.312741
5,0.418084,0.449004,0.273389,0.212598,0.258698,0.233444,0.284264,0.2287
6,0.266364,0.337607,0.143008,0.081511,0.171268,0.170492,0.251397,0.240385
7,0.226582,0.308998,0.161708,0.077562,0.164863,0.110518,0.173729,0.191667
8,0.963907,0.948413,0.958015,0.959322,0.954639,0.901809,0.953757,0.92517
9,0.934903,0.903017,0.881013,0.922535,0.875688,0.830345,0.908228,0.876847
10,0.925466,0.868202,0.864111,0.937294,0.874078,0.81794,0.869801,0.875776
11,0.906278,0.885017,0.853488,0.927302,0.863611,0.826058,0.860254,0.867692
12,0.87234,0.828054,0.758065,0.83871,0.677419,0.5,0.744186,0.714286
13,0.891156,0.900662,0.964706,0.956989,0.915254,0.938776,0.74026,0.6
14,0.906077,0.874674,0.869159,0.90678,0.880734,0.965517,0.643678,0.571429
15,0.912181,0.881779,0.906606,0.93913,0.899886,0.814917,0.774752,0.775281
16,0.551527,0.512907,0.432071,0.548611,0.364952,0.424731,0.642157,0.68
17,0.434783,0.542373,0.521127,0.454545,0.4375,0.54717,0.558824,0.423077
18,0.437956,0.47619,0.294737,0.353659,0.442857,0.555556,0.413043,0.363636
19,0.35545,0.422857,0.32,0.336,0.451807,0.557576,0.6,0.277778
20,0.24,0.360544,0.184685,0.144578,0.298182,0.474916,0.152941,0.173077
21,0.35443,0.427515,0.319277,0.280992,0.454183,0.572093,0.504132,0.488095
22,0.511571,0.460892,0.473748,0.457627,0.45976,0.465712,0.524664,0.486239
23,0.488834,0.460017,0.554591,0.479012,0.496938,0.480217,0.629808,0.653465
24,0.606061,0.58467,0.672727,0.659091,0.546831,0.554506,0.687179,0.583333
25,0.383663,0.389474,0.379679,0.409283,0.410319,0.445161,0.526316,0.714286
26,0.733668,0.70904,0.630769,0.792,0.552795,0.47205,0.603774,0.769231
27,0.014706,0.014218,0.033333,0,0,0.016129,0,0
28,0.012658,0.021834,0.009901,0.018182,0.010526,0.044118,0.052632,0
29,0.01087,0.011719,0.00885,0.029851,0.019048,0,0,0
30,0.010309,0.011194,0,0.028986,0.008929,0,0,0.071429
31,0.008621,0.012698,0.033333,0.02381,0.0375,0.006803,0,0
32,0,0.008299,0.017937,0,0.011594,0.00303,0,0
33,0.011407,0.005725,0.012605,0.013245,0.005333,0.01061,0,0
34,0.007143,0.003571,0.008264,0.006024,0,0.002347,0.036364,0
35,0.007444,0.004093,0.004673,0.004149,0.010989,0.001441,0,0
36,0.008475,0.018219,0.043614,0.017857,0.011282,0.012206,0,0.014925
37,0.003241,0.014778,0.006135,0.011594,0.004941,0.005872,0.007576,0
38,0.003067,0.008443,0.010029,0.013587,0.00551,0.006149,0,0
39,0.007134,0.01487,0.00925,0.004505,0.006277,0.008301,0,0
40,0.009574,0.016578,0.015238,0.016667,0.018777,0.012195,0.007968,0
41,0.005336,0.015082,0.008555,0.00404,0.011622,0.009567,0.011538,0
42,0.00565,0.023256,0.016048,0.016807,0.013084,0.0104,0.00885,0.01
43,0.004082,0.017949,0.003492,0.009732,0.010417,0.007388,0,0
44,0.005137,0.009657,0.006202,0,0.005631,0.006352,0,0.018868
45,0.007194,0.012304,0.013136,0.006061,0.013597,0.006067,0.008772,0
46,0.005758,0.012972,0.010187,0.006557,0.012346,0.006565,0.010204,0
47,0.014184,0.003215,0.006061,0,0.006024,0,0,0
48,0,0.008889,0,0,0.011765,0.009709,0,0
49,0.909091,0.969231,0.945455,0.921569,0.969697,0.923077,0.44,0.380952
50,0.851562,0.901887,0.935897,0.830769,0.929577,0.928571,0.580645,0.37037
51,0.543243,0.568662,0.611374,0.568966,0.572559,0.639785,0.388235,0.392857
52,0.65748,0.653997,0.613187,0.660517,0.57536,0.632783,0.491379,0.425
53,0.46473,0.442897,0.355353,0.368821,0.446959,0.52957,0.315315,0.285714
54,0.480813,0.476471,0.369458,0.390041,0.445338,0.552023,0.361905,0.318841
55,0.426901,0.441606,0.358974,0.383784,0.417051,0.533333,0.273684,0.290909
56,0.365672,0.490842,0.284483,0.326531,0.362319,0.340909,0.244444,0.368421
57,0.619469,0.818182,0.826923,0.875,0.764706,0.785714,0.344828,0.533333
58,0.915049,0.919786,0.897019,0.901099,0.890777,0.857798,0.819149,0.886792
59,0.929455,0.875447,0.857687,0.926566,0.860668,0.824417,0.751323,0.838983
60,0.875,0.86343,0.875386,0.930057,0.879162,0.773295,0.691667,0.806667
61,0.782609,0.772755,0.772685,0.823024,0.792723,0.732458,0.457143,0.491124
62,0.646685,0.644048,0.670251,0.686179,0.65929,0.630292,0.273273,0.254054
63,0.457944,0.637765,0.611111,0.761111,0.644444,0.632432,0.161765,0.25
64,0.647619,0.667323,0.668103,0.730769,0.551331,0.706522,0.30137,0.269231
65,0.357143,0.003448,0.698113,0.601504,0.416459,0.082192,0,0
66,0.635036,0.634177,0.580442,0.63197,0.598437,0.584665,0.697802,0.782609
67,0.822857,0.743227,0.800487,0.833935,0.79564,0.679195,0.492537,0.525773
68,0.801181,0.754258,0.787286,0.788235,0.797203,0.691884,0.365854,0.318182
69,0.721992,0.731305,0.737624,0.81405,0.764957,0.671368,0.324074,0.2625
70,0.758929,0.690367,0.70566,0.805556,0.70318,0.5,0.242424,0.159091
71,0.727778,0.693215,0.71564,0.75,0.668449,0.513393,0.446809,0.655172
72,0.778761,0.635945,0.5625,0.721311,0.671429,0.3625,0.555556,0.785714
73,0.734043,0.595628,0.522727,0.648148,0.462963,0.410714,0.4375,0.571429
74,0.935428,0.935401,0.924528,0.943218,0.947536,0.926606,0.964,0.952
75,0.953887,0.937543,0.934831,0.924485,0.925224,0.885609,0.953125,0.946237
76,0.888783,0.857505,0.865325,0.906149,0.829268,0.781493,0.92976,0.939597
77,0.84542,0.803,0.571848,0.88254,0.709234,0.598802,0.843066,0.879699
78,0.809045,0.785523,0.511521,0.834061,0.693215,0.48773,0.895833,0.883721
79,0.740541,0.74934,0.552239,0.875,0.674699,0.5,0.913462,0.833333
80,0.791111,0.859756,0.921788,0.893333,0.851852,0.77707,0.92,0.93617
81,0.797048,0.854054,0.898551,0.872832,0.830097,0.802817,0.905983,0.90566
82,0.585106,0.731409,0.789165,0.767442,0.633377,0.690367,0.853448,0.820896
83,0.732759,0.767262,0.67357,0.78,0.662703,0.670928,0.9,0.912844
84,0.794163,0.756467,0.587057,0.821809,0.693957,0.520334,0.853081,0.883333
85,0.401961,0.463054,0.333333,0.492063,0.333333,0.210526,0.8,0.705882
86,0.84467,0.802122,0.786003,0.878229,0.760608,0.684904,0.9,0.932075
87,0.828601,0.833567,0.832226,0.864341,0.768838,0.747925,0.373494,0.416216
88,0.715031,0.766807,0.736364,0.79572,0.660748,0.628983,0.25387,0.177778
89,0.748132,0.802726,0.792363,0.811359,0.666866,0.67319,0.173611,0.148148
90,0.720129,0.808602,0.78695,0.816327,0.67772,0.690874,0.176895,0.166667
91,0.504283,0.609286,0.584261,0.603272,0.467659,0.489075,0.075188,0.03876
92,0.519084,0.616912,0.583936,0.628151,0.458824,0.519139,0.076628,0.048
93,0.347639,0.394892,0.44593,0.444142,0.343416,0.244959,0.108247,0.076087
94,0.686486,0.706052,0.656442,0.742574,0.636015,0.466667,0.163265,0.148148
95,0.01,0.013636,0.013699,0.012821,0,0,0,0
96,0,0.010135,0.026786,0.009346,0,0.032258,0,0.025641
97,0.002198,0.028571,0.014368,0.021053,0.020045,0.024609,0.004367,0.007407
98,0.043478,0.044726,0.028818,0.02439,0.032115,0.035565,0.00974,0.006061
99,0.005688,0.020466,0.007282,0.008403,0.012068,0.008507,0.005556,0.004762
100,0.076023,0.118603,0.067327,0.116236,0.081645,0.062161,0.004684,0
101,0.042711,0.06338,0.029356,0.053286,0.048623,0.040299,0.008772,0.003774
102,0.029617,0.053834,0.027337,0.035,0.023219,0.029827,0.002096,0
103,0.008651,0.027702,0.010563,0.0199,0.015898,0.013655,0.002096,0
104,0.012177,0.050847,0.019512,0.041322,0.037225,0.019108,0.003891,0
105,0.010327,0.015106,0.00277,0.003135,0.007449,0.016275,0,0.00813
106,0.030769,0.037394,0.017361,0.02518,0.023136,0.010025,0.005405,0
107,0.009132,0.023171,0.010949,0.029304,0.007853,0.007692,0,0.021505
108,0.017544,0.016713,0,0.00823,0.006734,0.006173,0,0.025316
109,0,0.024779,0.019608,0.017544,0.022523,0.003802,0.007576,0
110,0.011673,0.034884,0.016129,0.02454,0.008696,0.00722,0.017857,0
111,0.016949,0.008584,0.016393,0.022059,0.011811,0.01278,0,0.025641
112,0,0.004274,0.005618,0.014815,0.00692,0,0.010638,0
113,0.007229,0.027508,0.013289,0.004444,0.019956,0.008097,0.01,0.020408
114,0.004926,0.025707,0.006494,0,0.032468,0.017316,0.02,0
115,0.016,0.019231,0,0,0.023256,0.04902,0,0.05
116,0,0,0,0,0.026316,0,0,0
117,0,0.007194,0,0,0,0,0,0
118,0.875,0.831884,0.652174,0.818792,0.836066,0.736,0.971429,0.833333
119,0.918478,0.851282,0.511905,0.853503,0.921687,0.820359,0.973684,0.931034
120,0.911765,0.921147,0.573561,0.852507,0.897397,0.844136,0.945578,0.912088
121,0.70319,0.809683,0.266055,0.552106,0.66778,0.676174,0.832599,0.824818
122,0.778285,0.771445,0.604839,0.752981,0.653827,0.615808,0.867036,0.796117
123,0.661088,0.738333,0.523156,0.74677,0.530269,0.552093,0.883721,0.82
124,0.689243,0.73221,0.605,0.762238,0.647577,0.488889,0.860215,0.90566
125,0.719298,0.705769,0.575758,0.737226,0.626794,0.523013,0.894118,0.884615
126,0.697561,0.731111,0.607362,0.719298,0.589474,0.545894,0.851852,0.823529
127,0.630435,0.705128,0.451389,0.78,0.585034,0.54717,0.714286,0.805556
128,0.542299,0.48563,0.367876,0.417323,0.565414,0.648216,0.934426,0.896552
129,0.462049,0.449367,0.31068,0.335079,0.492225,0.565645,0.860465,0.850575
130,0.24505,0.304154,0.185792,0.22,0.225,0.334091,0.804233,0.73494
131,0.559524,0.425414,0.44,0.333333,0.32,0.25,0.87234,0.733333
132,0.628319,0.365854,0.625,0.555556,0.62,0.546875,0.5,0.428571
133,0.723519,0.568817,0.713626,0.71521,0.609108,0.577617,0.362319,0.466165
134,0.810147,0.620623,0.730223,0.811209,0.663987,0.629338,0.618834,0.597222
135,0.908587,0.717282,0.891501,0.928191,0.836218,0.711082,0.797872,0.832298
136,0.892427,0.840648,0.813187,0.877551,0.856246,0.786585,0.585714,0.594488
137,0.896651,0.877353,0.830657,0.930097,0.899508,0.837723,0.911964,0.896104
138,0.819706,0.728691,0.635628,0.821429,0.656716,0.497826,0.726619,0.733333
139,0.72,0.727273,0.695652,0.87931,0.583333,0.529412,0.979592,0.954545
140,0.791667,0.734884,0.722222,0.833333,0.65,0.555556,0.9,0.857143
141,0.8,0.751479,0.869565,0.891892,0.666667,0.444444,1,0.913043
142,0.901176,0.897243,0.815789,0.823755,0.904051,0.916844,0.625,0.626506
143,0.715356,0.63997,0.504318,0.489607,0.695952,0.754792,0.599206,0.635762
144,0.830583,0.80915,0.718289,0.703934,0.834862,0.836571,0.854237,0.850829
145,0.66266,0.579,0.403651,0.415361,0.610276,0.618389,0.800847,0.81685
146,0.808874,0.792079,0.653846,0.828571,0.73854,0.320721,0.858025,0.871795
147,0.784091,0.712,0.684211,0.784615,0.56,0.541667,0.875,0.741935
148,0.805274,0.717161,0.752747,0.816609,0.748503,0.830123,0.581699,0.552083
149,0.832027,0.764834,0.822785,0.866228,0.725748,0.699726,0.563636,0.547826
150,0.522727,0.567227,0.439252,0.511364,0.531915,0.457143,0.5,0.5
151,0.954545,0.950413,0.961538,0.983607,1,0.956522,0.958333,0.962963
152,0.909091,0.953191,0.958824,0.951049,0.92029,0.929688,0.979381,0.977778
153,0.943101,0.91784,0.888136,0.964912,0.888009,0.881033,0.937778,0.950704
154,0.917808,0.887668,0.844015,0.924125,0.875923,0.83126,0.944282,0.942308
155,0.839858,0.853389,0.811512,0.909402,0.822453,0.769432,0.96882,0.966912
156,0.896622,0.847619,0.822193,0.906067,0.8502,0.787855,0.911483,0.906504
157,0.736,0.747532,0.721014,0.867257,0.72591,0.662338,0.815789,0.830986
158,0.680203,0.748166,0.708571,0.808511,0.647321,0.538889,0.928571,0.8125
159,0.675862,0.711039,0.601351,0.616071,0.543478,0.514851,0.909091,0.846154
160,0.708955,0.742647,0.633588,0.677778,0.553719,0.506024,0.761905,0.736842
161,0.828877,0.896154,0.955752,0.94382,0.925743,0.92,0.591549,0.869565
162,0.938406,0.922693,0.915493,0.944056,0.945559,0.930693,0.825688,0.9375
163,0.947573,0.945013,0.936538,0.965278,0.950324,0.952677,0.719048,0.885246
164,0.941818,0.933174,0.932971,0.923588,0.944388,0.928251,0.692982,0.854962
165,0.942105,0.942263,0.966252,0.974522,0.952195,0.933696,0.844828,0.898551
166,0.909763,0.925532,0.909091,0.927978,0.918826,0.866729,0.82377,0.938776
167,0.921429,0.902713,0.888169,0.95664,0.906352,0.826786,0.832653,0.924138
168,0.866667,0.819835,0.817829,0.926316,0.740519,0.666667,0.684685,0.724638
169,0.816901,0.769231,0.711864,0.888889,0.578947,0.439024,0.84375,0.681818
170,0.89759,0.937322,0.923977,0.976,0.905172,0.88,0.934211,0.815789
171,0.757463,0.817121,0.878676,0.859551,0.669014,0.846405,0.870968,0.862745
172,0.840625,0.885852,0.905363,0.910891,0.775068,0.841727,0.457944,0.910714
173,0.894309,0.933526,0.951841,0.964286,0.883772,0.911937,0.901639,0.909091
174,0.875325,0.913043,0.924581,0.902128,0.803347,0.845574,0.906977,0.835616
175,0.893191,0.883074,0.873147,0.899244,0.846672,0.794851,0.905579,0.882353
176,0.839357,0.762286,0.756839,0.854599,0.692192,0.563973,0.846512,0.858268
177,0.851351,0.77013,0.786441,0.840136,0.685662,0.600868,0.892655,0.891892
178,0.648889,0.717703,0.646341,0.736842,0.522727,0.398844,0.72043,0.737705
179,0.928826,0.859086,0.89172,0.929936,0.853168,0.804207,0.92233,0.892157
180,0.910638,0.896552,0.90027,0.908377,0.881007,0.855247,0.832143,0.85443
181,0.575581,0.555281,0.466135,0.650538,0.428854,0.352941,0.634961,0.618257
182,0.679518,0.606789,0.604651,0.59292,0.588123,0.606977,0.572368,0.722772
183,0.894549,0.86217,0.888119,0.924272,0.843844,0.792754,0.792608,0.825
184,0.71416,0.658509,0.678128,0.709924,0.568718,0.595136,0.527725,0.491639
185,0.715661,0.696167,0.725604,0.836576,0.612568,0.644434,0.6673,0.607018
186,0.816081,0.8213,0.79334,0.806706,0.731306,0.69358,0.819149,0.832714
187,0.813594,0.784974,0.681761,0.862745,0.679154,0.618962,0.793201,0.805
188,0.725971,0.747212,0.557229,0.802752,0.611418,0.453184,0.587413,0.611111
189,0.744526,0.745731,0.543478,0.863309,0.556863,0.457983,0.351351,0.448276
190,0.741667,0.751527,0.551136,0.857143,0.613043,0.485577,0.419355,0.37931
191,0.852535,0.864693,0.920635,0.894366,0.840164,0.834171,0.858824,0.961538
192,0.903199,0.8823,0.878844,0.914596,0.832033,0.805748,0.908108,0.887043
193,0.856095,0.834974,0.775984,0.876543,0.752667,0.63207,0.930526,0.902174
194,0.704415,0.695399,0.656292,0.74,0.585682,0.55162,0.853763,0.8
195,0.801358,0.81412,0.86014,0.860825,0.746988,0.718857,0.860465,0.856
196,0.787273,0.780579,0.71243,0.845506,0.665242,0.65119,0.815451,0.794393
197,0.80829,0.779559,0.695,0.867133,0.666667,0.53125,0.766667,0.72973
198,0.834286,0.862385,0.838583,0.848485,0.829876,0.823188,0.946809,0.878378
199,0.93311,0.908444,0.776,0.87988,0.890135,0.875,0.934911,0.954955
200,0.879391,0.809725,0.558468,0.780851,0.763604,0.784168,0.892857,0.901478
201,0.859583,0.772894,0.48722,0.717241,0.679883,0.735831,0.882793,0.866397
202,0.825714,0.739634,0.450158,0.688928,0.652027,0.711913,0.861314,0.839357
203,0.765698,0.668342,0.3974,0.6234,0.588901,0.602527,0.84009,0.847826
204,0.729039,0.687885,0.309813,0.552529,0.587842,0.585799,0.797101,0.826923
205,0.795111,0.690476,0.398022,0.628062,0.597781,0.582981,0.839695,0.825843
206,0.732771,0.624204,0.506579,0.625683,0.490732,0.566285,0.852041,0.905512
207,0.9,0.931034,0.918367,0.931818,0.833333,0.807692,0.125,0.411765
208,0.970588,0.931034,0.932203,0.945455,0.903226,0.916667,0.173913,0.238095
209,0.9375,0.925101,0.925373,0.959391,0.918519,0.909894,0.651163,0.606061
210,0.876254,0.886617,0.915567,0.933014,0.862013,0.834437,0.271186,0.210526
211,0.87234,0.403846,0.443936,0.912442,0.406045,0.807353,0.102041,0.202128
212,0.920918,0.907984,0.910638,0.942857,0.873827,0.823681,0.21466,0.198347
213,0.909292,0.895933,0.880952,0.928302,0.830882,0.786041,0.342857,0.23622
214,0.945783,0.866295,0.910112,0.916667,0.814815,0.885714,0.942308,1
215,0.954861,0.918773,0.945783,0.9625,0.93311,0.924107,0.942029,0.959184
216,0.980066,0.9046,0.92,0.947977,0.929012,0.902439,0.986486,0.979592
217,0.888889,0.822847,0.699104,0.798932,0.740342,0.759259,0.95679,0.964602
218,0.853229,0.8125,0.698241,0.783835,0.731824,0.720539,0.98,0.947368
219,0.763693,0.76313,0.490909,0.768072,0.614355,0.625821,0.818182,0.858586
220,0.74735,0.77458,0.613995,0.818505,0.69163,0.630864,0.902439,0.833333
221,0.559633,0.680365,0.444444,0.584615,0.414634,0.530864,0.8,0.681818
222,0.92,0.857143,0.6625,0.780822,0.875,0.818182,0.804348,0.722222
223,0.95814,0.91924,0.759259,0.883495,0.886598,0.868852,0.913793,0.86
224,0.937282,0.913628,0.844156,0.899281,0.895425,0.861538,0.844156,0.836066
225,0.803125,0.730357,0.584337,0.565217,0.811518,0.79661,0.862069,0.852941
226,0.920405,0.885274,0.805288,0.903047,0.85913,0.880058,0.793103,0.746753
227,0.733184,0.688172,0.48227,0.59919,0.676502,0.707411,0.787425,0.806763
228,0.723817,0.655189,0.513917,0.580966,0.693431,0.662424,0.82449,0.759615
229,0.755935,0.727961,0.471002,0.675787,0.642955,0.668556,0.896309,0.88169
230,0.752878,0.725112,0.454628,0.681058,0.586703,0.617968,0.788927,0.745205
231,0.499497,0.491131,0.337004,0.413919,0.473282,0.500279,0.652819,0.615044
232,0.627753,0.593668,0.401973,0.584646,0.551181,0.560807,0.692833,0.683938
233,0.621723,0.558419,0.268182,0.52514,0.427835,0.366197,0.623188,0.645833
234,0.66877,0.657895,0.575163,0.554795,0.701342,0.717742,0.873874,0.869565
235,0.870192,0.787958,0.748744,0.703125,0.775414,0.811856,0.701299,0.714286
236,0.483005,0.383715,0.346795,0.362393,0.404571,0.484546,0.158416,0.148014
237,0.802945,0.69377,0.491569,0.654945,0.627755,0.576895,0.262626,0.17561
238,0.801471,0.788732,0.612188,0.721545,0.727533,0.701554,0.321622,0.302326
239,0.603279,0.567627,0.509346,0.414634,0.517685,0.445183,0.757143,0.736842
240,0.562044,0.613281,0.390476,0.34375,0.414414,0.356436,0.869565,0.740741
241,0.918478,0.859044,0.852349,0.89749,0.842105,0.794224,0.846491,0.856061
242,0.885305,0.865404,0.884366,0.905967,0.85689,0.804562,0.539924,0.88172
243,0.893258,0.918367,0.913043,0.911504,0.896104,0.87037,0.898305,0.916667
244,0.921053,0.888889,0.815603,0.882353,0.91358,0.887097,0.903226,0.944444
245,0.67031,0.72619,0.609712,0.701299,0.656584,0.665248,0.843373,0.791304
246,0.841814,0.824169,0.807783,0.868201,0.79465,0.749671,0.878613,0.87619
247,0.82568,0.832817,0.394393,0.851211,0.73789,0.345794,0.89749,0.901754
248,0.818182,0.802083,0.749067,0.840391,0.738318,0.640611,0.818854,0.751497
249,0.860689,0.84817,0.776105,0.889068,0.785179,0.682769,0.888686,0.895044
250,0.804719,0.803343,0.737452,0.878247,0.722578,0.638442,0.905028,0.846847
251,0.892308,0.905882,0.909091,0.940299,0.918033,0.859155,0.948276,0.827586
252,0.889655,0.895775,0.886792,0.898551,0.9,0.878378,0.915254,0.806452
253,0.648438,0.745552,0.653846,0.677165,0.612245,0.663717,0.838384,0.885246
254,0.807747,0.826024,0.790349,0.848315,0.787234,0.774691,0.904382,0.928144
255,0.560091,0.611386,0.385042,0.426174,0.451524,0.482759,0.841176,0.873786
256,0.613079,0.733931,0.448763,0.623016,0.524528,0.531157,0.830065,0.833333
257,0.59292,0.711388,0.446721,0.686441,0.491379,0.52381,0.833333,0.837838
258,0.780822,0.778302,0.704225,0.858824,0.391304,0.5,0.931818,0.821429
259,0.774648,0.798077,0.704225,0.892857,0.428571,0.5,0.930233,0.884615
260,0.774648,0.804878,0.720588,0.869048,0.578947,0.508772,0.97561,0.956522
261,0.811594,0.809756,0.757576,0.888889,0.526316,0.54717,0.904762,0.869565
262,0.761194,0.790816,0.454545,0.85,0.315789,0.254902,0.878049,0.809524
263,0.956204,0.954386,0.876712,0.91358,0.882353,0.939759,0.918919,0.974359
264,0.850299,0.861027,0.813725,0.851852,0.805825,0.872881,0.952941,0.95
265,0.9375,0.920181,0.930314,0.935961,0.907527,0.908549,0.903226,0.907407
266,0.417127,0.457467,0.558442,0.4125,0.387097,0.38125,0.226087,0.413333
267,0.694118,0.711443,0.660194,0.628571,0.456,0.655172,0.653846,0.846154
268,0.529412,0.662651,0.725,0.6875,0.4,0.416667,0.75,0.666667
269,0.797297,0.848485,0.793651,0.731707,0.717949,0.784091,0.944444,0.866667
270,0.71875,0.751678,0.822485,0.766082,0.679487,0.769231,0.928571,0.923077
271,0.825613,0.851604,0.868421,0.770642,0.765432,0.851648,0.914062,0.926471
272,0.825939,0.816176,0.817949,0.820988,0.720524,0.766716,0.895238,0.945455
273,0.809475,0.742034,0.762655,0.8413,0.735503,0.694629,0.887052,0.857868
274,0.673152,0.659274,0.594982,0.523529,0.553254,0.527624,0.776316,0.813953
275,0.759434,0.736607,0.598214,0.661972,0.607004,0.462069,0.833333,0.828571
276,0.396552,0.576471,0.333333,0.5,0.368421,0.428571,0.709677,0.692308
277,0.509091,0.371429,0.346154,0.348837,0.189655,0.62069,0.5,0.555556
278,0.47486,0.588235,0.445946,0.485149,0.345528,0.613043,0.327273,0.516129
279,0.362445,0.329268,0.17734,0.2,0.228883,0.441791,0.121622,0.078947
280,0.21021,0.122517,0.085911,0.144578,0.122066,0.184801,0.059406,0
281,0.446023,0.540157,0.333333,0.413408,0.370739,0.565978,0.327103,0.612245
282,0.470284,0.522759,0.326371,0.454545,0.352594,0.606771,0.621849,0.622951
283,0.365,0.394521,0.215938,0.348018,0.284404,0.55303,0.520325,0.460317
284,0.684507,0.676768,0.659884,0.723214,0.55414,0.598592,0.806818,0.793103
285,0.565731,0.520258,0.676617,0.740113,0.55776,0.275381,0.037815,0.051471
286,0.24183,0.197824,0.212329,0.343558,0.183673,0.077922,0.004115,0
287,0.393939,0.351852,0.391892,0.57377,0.289855,0.118644,0.026316,0.033333
288,0.375,0.489164,0.442396,0.593548,0.441001,0.427892,0.771028,0.731544
289,0.505338,0.691406,0.575916,0.793333,0.612903,0.521368,0.851064,0.857143
290,0.446009,0.635714,0.594406,0.702479,0.564202,0.639241,0.871795,0.94
291,0.453125,0.693931,0.738462,0.72973,0.668122,0.642384,0.882353,0.906977
292,0.73251,0.802198,0.839506,0.842105,0.730924,0.804878,0.894118,0.882353
293,0.831266,0.903084,0.906383,0.904977,0.838565,0.853333,0.671533,0.711111
294,0.874558,0.908619,0.871795,0.935065,0.8659,0.854257,0.642157,0.748252
295,0.421525,0.446034,0.381443,0.398524,0.341751,0.323826,0.493056,0.5
296,0.802281,0.827195,0.870968,0.918519,0.802372,0.870722,0.308824,0.195122
297,0.503106,0.502691,0.496252,0.498339,0.428571,0.491087,0.470588,0.504274
298,0.268817,0.4,0.1875,0.230769,0.285714,0.53125,0.765625,0.653846
299,0.431138,0.519481,0.274854,0.320144,0.552632,0.68985,0.535,0.598214
300,0.450617,0.536272,0.453933,0.309942,0.571429,0.650331,0.829431,0.787097
301,0.55973,0.53487,0.501377,0.360656,0.49865,0.542475,0.867621,0.88
302,0.355556,0.342342,0.391304,0.335766,0.310924,0.460094,0.718519,0.703704
303,0.95302,0.87585,0.910714,0.881988,0.915743,0.907173,0.938776,0.921569
304,0.894872,0.844875,0.851675,0.845411,0.871961,0.813846,0.982759,0.945205
305,0.924554,0.894904,0.869565,0.853535,0.892857,0.839429,0.916031,0.935065
306,0.922563,0.904724,0.876393,0.868159,0.89582,0.843246,0.941818,0.949686
307,0.861675,0.841592,0.828735,0.829439,0.841907,0.774841,0.927869,0.931818
308,0.83375,0.826291,0.787004,0.869458,0.774356,0.68199,0.925208,0.896175
309,0.851796,0.822535,0.67206,0.893372,0.763622,0.636917,0.957295,0.936306
310,0.803448,0.822771,0.662977,0.890675,0.739806,0.65221,0.93361,0.932836
311,0.597701,0.678571,0.378378,0.639344,0.5,0.346154,0.72973,0.615385
312,0.38911,0.360884,0.258794,0.241814,0.34315,0.457951,0.783251,0.703947
313,0.430291,0.404118,0.300752,0.365201,0.432,0.524103,0.761733,0.755981
314,0.398496,0.378508,0.342508,0.356557,0.506045,0.541266,0.8,0.751938
315,0.391645,0.379401,0.30742,0.321596,0.443723,0.481941,0.735043,0.712644
316,0.428571,0.38009,0.345763,0.314815,0.433898,0.41866,0.716216,0.583333
317,0.419689,0.387464,0.316964,0.340909,0.406114,0.474474,0.612903,0.645161
318,0.393548,0.37987,0.320856,0.302752,0.449198,0.475836,0.638298,0.458333
319,0.508772,0.484,0.510638,0.506024,0.503876,0.505376,0.880952,0.8
320,0.482456,0.547718,0.572464,0.688312,0.653226,0.452514,0.853659,0.866667
321,0.478261,0.432432,0.53012,0.735849,0.422222,0.409836,0.733333,0.727273
322,0.65625,0.597122,0.531646,0.895833,0.542857,0.509804,0.714286,0.818182
323,0.103659,0.196931,0.035294,0.058252,0.082474,0.155844,0.042254,0
324,0.123779,0.266983,0.042781,0.092896,0.138182,0.293532,0.101852,0.140351
325,0.086792,0.246766,0.0317,0.081761,0.168519,0.280435,0.069124,0.067308
326,0.193246,0.29778,0.126516,0.160976,0.228605,0.307645,0.050314,0.081851
327,0.120287,0.240256,0.14298,0.126761,0.213258,0.30321,0.048077,0.075
328,0.108604,0.21142,0.111675,0.134897,0.225536,0.271019,0.04721,0.036765
329,0.096552,0.174559,0.09949,0.054945,0.160763,0.229851,0.021978,0.048544
330,0.108059,0.246589,0.141732,0.108949,0.22792,0.306854,0.05848,0.077778
331,0.118712,0.291447,0.409091,0.145833,0.235484,0.364111,0.098039,0.089744
332,0.009174,0.491071,0.606061,0.575758,0.240741,0.247934,0.153846,0.125
333,0.337079,0.325707,0.670588,0.529183,0.331956,0.509412,0.158333,0.060241
334,0.336134,0.320823,0.577778,0.334532,0.297899,0.50496,0.15,0.037037
335,0.343284,0.35528,0.747104,0.483755,0.31901,0.529352,0.131579,0.025641
336,0.473934,0.527152,0.769392,0.651163,0.409673,0.562099,0.15534,0.046154
337,0.33887,0.335106,0.748538,0.67027,0.307517,0.36748,0.083333,0.057143
338,0.492908,0.51215,0.725309,0.640449,0.358911,0.455856,0.155556,0.03125
339,0.320312,0.247984,0.603226,0.432927,0.202667,0.220703,0.139535,0.058824
340,0.789116,0.792507,0.724138,0.850467,0.771242,0.852459,0.840909,0.766667
341,0.895833,0.895556,0.895288,0.872,0.917323,0.887931,0.814815,0.6875
342,0.925253,0.904811,0.898148,0.942446,0.887776,0.853714,0.868217,0.891892
343,0.939338,0.914692,0.894992,0.913043,0.906028,0.857143,0.838028,0.894118
344,0.925515,0.905741,0.908555,0.923077,0.877389,0.822124,0.937888,0.907216
345,0.877947,0.855172,0.853786,0.896,0.817167,0.749812,0.822917,0.854839
346,0.855042,0.786624,0.799349,0.895397,0.782536,0.712854,0.936975,0.914634
347,0.702671,0.726285,0.631793,0.805687,0.617978,0.54878,0.820084,0.841463
348,0.512397,0.616,0.228916,0.741379,0.676923,0.364865,0.728814,0.833333
349,0.917614,0.907285,0.855219,0.920455,0.890756,0.865044,0.942029,1
350,0.906888,0.903045,0.906336,0.932642,0.899614,0.845967,0.973856,0.991453
351,0.922693,0.925692,0.914778,0.941327,0.908414,0.855209,0.987578,0.991667
352,0.909091,0.895375,0.888792,0.918854,0.884753,0.834553,0.964497,0.95935
353,0.862233,0.827457,0.736842,0.869048,0.778223,0.692058,0.936782,0.944
354,0.812214,0.79867,0.662085,0.857585,0.743094,0.621517,0.857143,0.900901
355,0.735915,0.698925,0.551813,0.697143,0.575221,0.458065,0.846154,0.84127
356,0.670213,0.560621,0.581481,0.487106,0.641975,0.663551,0.814286,0.843137
357,0.802407,0.763502,0.700899,0.805243,0.723639,0.638033,0.856618,0.873171
358,0.648052,0.511299,0.578014,0.565111,0.562791,0.546703,0.869748,0.795455
359,0.551724,0.654788,0.579439,0.682171,0.5,0.177632,0.774194,0.8
360,0.696203,0.685333,0.622642,0.680556,0.648936,0.593496,0.888889,0.853659
361,0.781732,0.753886,0.700255,0.763092,0.744289,0.692096,0.874439,0.906977
362,0.665152,0.639647,0.62892,0.71028,0.593395,0.558049,0.779006,0.779817
363,0.577143,0.465659,0.605016,0.780899,0.61809,0.515284,0.551402,0.648148
364,0.753086,0.670498,0.446429,0.733333,0.631579,0.408163,0.655172,0.785714
365,0.764706,0.790323,0.8,0.75,0.779412,0.714286,0.090909,0
366,0.821577,0.768262,0.76259,0.827586,0.784689,0.728659,0.025,0.06
367,0.712846,0.642857,0.618557,0.587571,0.541455,0.53,0.27027,0.377358
368,0.815972,0.785714,0.660099,0.866667,0.692935,0.669811,0.044444,0.111111
369,0.689655,0.741463,0.571429,0.893617,0.675,0.5,0.8,0.875
370,0.746667,0.708333,0.611111,0.9,0.526316,0.447368,0.642857,0.875
371,0.806723,0.810036,0.884058,0.852459,0.622951,0.855422,1,0.888889
372,0.469003,0.545229,0.622166,0.552381,0.432,0.459357,0.845528,0.870968
373,0.586957,0.638554,0.612488,0.651357,0.532652,0.533136,0.735294,0.747475
374,0.736327,0.800097,0.790113,0.85906,0.692,0.675313,0.865979,0.882353
375,0.802003,0.818945,0.850153,0.913043,0.725827,0.757629,0.912162,0.90099
376,0.766254,0.826753,0.822273,0.87013,0.76341,0.772766,0.914474,0.919463
377,0.795707,0.877143,0.847639,0.92635,0.800507,0.814216,0.926829,0.921147
378,0.822415,0.889571,0.860044,0.925081,0.794181,0.807209,0.9511,0.916667
379,0.757886,0.83174,0.847116,0.9,0.743131,0.789431,0.910448,0.883636
380,0.823176,0.868728,0.846327,0.907216,0.798319,0.779684,0.943396,0.930894
381,0.799308,0.840535,0.82475,0.901213,0.756307,0.745152,0.934247,0.900415
382,0.892157,0.930886,0.927273,0.928571,0.882353,0.89881,0.942857,0.948718
383,0.88755,0.947664,0.93617,0.949367,0.890625,0.918182,0.961039,0.954545
384,0.88189,0.948052,0.948454,0.926829,0.920792,0.913043,0.95,0.978723
385,0.838356,0.918654,0.874172,0.960526,0.847262,0.882629,0.884615,0.971429
386,0.881944,0.934757,0.881007,0.970696,0.877016,0.896839,0.907563,0.953488
387,0.845011,0.905935,0.885714,0.889273,0.8327,0.863208,0.970803,0.96875
388,0.874818,0.89198,0.878706,0.911616,0.873539,0.847534,0.920792,0.961538
389,0.838501,0.886765,0.787703,0.946759,0.845343,0.813127,0.93617,0.935484
390,0.866417,0.903109,0.856487,0.945824,0.863131,0.82003,0.940476,0.945122
391,0.79011,0.738683,0.469461,0.733813,0.744961,0.689455,0.843206,0.865922
392,0.839879,0.796143,0.72973,0.86,0.76533,0.642534,0.904192,0.87069
393,0.766234,0.737888,0.428934,0.791367,0.736243,0.563433,0.814815,0.793651
394,0.728232,0.707627,0.457576,0.780702,0.704036,0.488938,0.841584,0.77193
395,0.641026,0.643052,0.468085,0.756522,0.560284,0.428571,0.833333,0.793103
396,0.989583,0.942387,0.961538,0.983333,0.914894,0.975309,0.933333,0.833333
397,0.983193,0.93985,0.975806,0.958333,0.959016,0.964286,0.394737,0.869565
398,0.922535,0.915033,0.861111,0.942529,0.909639,0.935065,0.780488,0.870968
399,0.950311,0.937685,0.961039,0.96,0.944444,0.927374,0.948276,0.794118
400,0.946237,0.944444,0.94012,0.964286,0.912134,0.921659,0.890625,0.9
401,0.884477,0.92668,0.870079,0.922581,0.848958,0.855586,0.853659,0.84
402,0.871166,0.893728,0.843648,0.907104,0.825708,0.810044,0.908163,0.811321
403,0.750355,0.795282,0.740385,0.691892,0.704671,0.663166,0.887417,0.922652
404,0.730469,0.738516,0.686192,0.755162,0.656294,0.6139,0.746269,0.764151
405,0.557692,0.702703,0.629213,0.831579,0.555556,0.471264,0.763158,0.866667
406,0.528736,0.883117,0.77551,0.808219,0.65,0.678571,0.807229,0.8
407,0.474886,0.69877,0.394444,0.642857,0.650273,0.662069,0.842466,0.813559
408,0.318702,0.408185,0.22547,0.322148,0.334946,0.464724,0.577586,0.652174
409,0.340409,0.484115,0.444444,0.394904,0.312528,0.423256,0.528428,0.403042
410,0.573226,0.649326,0.566278,0.696858,0.526741,0.566974,0.652807,0.656522
411,0.576923,0.597826,0.506329,0.774869,0.419708,0.43038,0.606061,0.657143
412,0.688235,0.727273,0.6125,0.784314,0.525641,0.549296,0.682927,0.709677
413,0.785235,0.760618,0.679487,0.9,0.680556,0.57377,0.445946,0.888889
414,0.793103,0.407843,0.638889,0.872093,0.666667,0.596491,0.760563,0.925926
415,0.782609,0.752381,0.721311,0.919355,0.682927,0.435897,0.75,0.833333
416,0.738739,0.748744,0.639344,0.9,0.588235,0.46875,0.72549,0.863636
417,0.859155,0.936306,0.910448,0.945652,0.84466,0.926829,0.224138,0.1
418,0.868966,0.925697,0.934783,0.978947,0.866667,0.909091,0.2,0.133333
419,0.83125,0.877551,0.82,0.811881,0.857143,0.867769,0.206349,0.179487
420,0.938326,0.946309,0.923077,0.93985,0.947566,0.935223,0.197183,0.166667
421,0.917073,0.893683,0.891827,0.942675,0.879237,0.863471,0.122867,0.136646
422,0.87931,0.866174,0.791246,0.872642,0.814471,0.733974,0.147887,0.133758
423,0.879617,0.871689,0.793515,0.889976,0.813039,0.718622,0.151515,0.126667
424,0.846918,0.841492,0.656891,0.870175,0.702128,0.578538,0.140449,0.149425
425,0.737609,0.732743,0.513812,0.777108,0.615108,0.561224,0.175926,0.153846
426,0.823171,0.759322,0.641791,0.784615,0.638554,0.653333,0.2,0.09375
427,0.773109,0.772532,0.701754,0.8,0.677419,0.685185,0.125,0.037037
428,0.855556,0.738462,0.644444,0.777778,0.512195,0.676471,0.185185,0.043478
429,0.271605,0.629032,0.878788,0.571429,0.064516,0.65625,0.391304,0
430,0.889435,0.908966,0.925697,0.882883,0.852989,0.910256,0.427184,0.488372
431,0.830369,0.865497,0.801653,0.846591,0.77699,0.765032,0.471655,0.463415
432,0.72973,0.812332,0.756522,0.889908,0.625,0.437037,0.626506,0.702128
433,0.763033,0.811475,0.72973,0.88785,0.626087,0.444444,0.407407,0.466667
434,0.742718,0.781163,0.759259,0.897196,0.654545,0.42735,0.486486,0.510638
435,0.790698,0.769608,0.813953,0.813559,0.805556,0.821229,0.774194,0.783784
436,0.754153,0.799242,0.856611,0.83125,0.787206,0.815824,0.73913,0.777778
437,0.605749,0.743421,0.812346,0.810078,0.730198,0.754331,0.554286,0.528
438,0.719247,0.815637,0.811951,0.829333,0.745559,0.697466,0.819853,0.791209
439,0.854473,0.869838,0.840407,0.882952,0.814164,0.780198,0.92233,0.892157
440,0.76516,0.730612,0.716303,0.806452,0.651543,0.677815,0.839827,0.755396
441,0.742009,0.682997,0.611111,0.816092,0.562396,0.53523,0.769231,0.651515
442,0.591463,0.610507,0.5625,0.739583,0.384615,0.454545,0.472973,0.204082
443,0.8125,0.728448,0.716418,0.719512,0.666667,0.435484,0.575758,0.791667
444,0.052632,0.080569,0.029412,0.038462,0.108911,0.059524,0.023256,0
445,0.066176,0.075908,0.019737,0.009901,0.034826,0.014706,0.033333,0
446,0.025862,0.053714,0.029752,0.018116,0.018088,0.029319,0.152866,0.126316
447,0.037951,0.0659,0.011817,0.029126,0.024599,0.044658,0.169492,0.141509
448,0.025408,0.034274,0.008746,0.012539,0.009414,0.017722,0.126316,0.064815
449,0.014754,0.034039,0.020528,0.011364,0.018573,0.025368,0.015152,0.034965
450,0.017442,0.035775,0.026279,0.035422,0.021664,0.090909,0.012097,0.016807
451,0.05852,0.10455,0.041885,0.06087,0.084175,0.067404,0.026042,0.050505
452,0.016162,0.04077,0.020595,0.013514,0.021116,0.012016,0.030864,0.012048
453,0.006849,0.04902,0.034091,0.031915,0.035714,0.017857,0.017544,0
454,0,0.030612,0.034884,0.011111,0.018519,0.009709,0.019231,0.04
455,0.03125,0.032727,0.023529,0.011765,0.010204,0.021739,0,0
456,0.017857,0.023438,0.066667,0.05,0.026667,0.026667,0,0
457,0.097826,0.045455,0.112676,0.037736,0.028571,0.068966,0,0
458,0.016129,0.021127,0.06422,0,0.010101,0.033333,0,0
459,0.042553,0.036697,0.032787,0,0.032258,0.054795,0,0
460,0,0.02346,0.032,0,0.013793,0.012195,0,0
461,0.010101,0.013274,0.010526,0.008621,0.004032,0,0.011765,0
462,0.008427,0.013318,0.009346,0.008389,0.009987,0.011676,0,0.00995
463,0.014041,0.023256,0.008606,0.031655,0.016058,0.022801,0.005769,0
464,0.01403,0.015648,0.00786,0.010057,0.007585,0.019737,0,0
465,0.009486,0.014536,0.011586,0.017192,0.0114,0.015417,0.007561,0.003788
466,0.038631,0.037364,0.03251,0.034413,0.051422,0.039715,0.006645,0.007194
467,0.018018,0.007776,0.00774,0.009547,0.011889,0.013447,0.004167,0
468,0.008086,0.012955,0.011532,0.007732,0.015647,0.01328,0.004545,0
469,0.008708,0.022727,0.005236,0.011019,0.02765,0.030129,0.004975,0
470,0.002155,0.005794,0.004762,0.004032,0.006536,0.006522,0.015267,0.018182
471,0.017857,0.035124,0.015,0.034188,0.037209,0.013793,0,0.032258
472,0.005102,0.019139,0.012346,0,0.006098,0,0.017857,0
473,0.037037,0.020833,0.027972,0.013333,0.029126,0,0.018182,0
474,0.04878,0.019455,0.020202,0.015625,0,0.039216,0,0
475,0.185185,0.13369,0.08,0.116279,0.043478,0.083333,0,0
476,0.882353,0.765152,0.868421,0.7,0.882353,0.87234,0.909091,0.869565
477,0.533981,0.438903,0.35,0.453901,0.55914,0.700508,0.859375,0.809524
478,0.910412,0.86755,0.899749,0.855932,0.897436,0.920561,0.888889,0.875
479,0.79017,0.735016,0.809709,0.68662,0.796594,0.889491,0.950704,0.888889
480,0.780193,0.668613,0.793711,0.697674,0.708493,0.804634,0.953488,0.857955
481,0.598131,0.565056,0.633155,0.548638,0.567713,0.714435,0.871166,0.837963
482,0.712341,0.661208,0.722793,0.59322,0.674606,0.688629,0.879607,0.886275
483,0.721479,0.666338,0.757282,0.679825,0.678412,0.714607,0.889503,0.927215
484,0.560127,0.534389,0.695538,0.585401,0.584795,0.66,0.907579,0.906452
485,0.850546,0.800407,0.875983,0.815267,0.767123,0.735749,0.922078,0.948718
486,0.855649,0.821935,0.814549,0.833648,0.767905,0.651572,0.875648,0.909483
487,0.893773,0.893458,0.881481,0.888889,0.871508,0.810127,0.864583,0.79661
488,0.815934,0.809202,0.759657,0.79717,0.767705,0.865625,0.85124,0.844156
489,0.644275,0.624722,0.619614,0.819407,0.583411,0.473632,0.72973,0.738739
490,0.862069,0.800505,0.751852,0.913947,0.777123,0.597468,0.83871,0.737374
491,0.573171,0.387615,0.408,0.565657,0.487179,0.207317,0.126984,0.192308
492,0.33758,0.195652,0.260504,0.293478,0.263889,0.192308,0.145455,0.076923
493,0.920553,0.870519,0.799555,0.913189,0.813033,0.751253,0.92278,0.913534
494,0.941272,0.908275,0.90099,0.920962,0.930052,0.887346,0.37156,0.467626
495,0.693611,0.567463,0.552923,0.563187,0.559865,0.561404,0.153527,0.096552
496,0.621212,0.561848,0.456897,0.496599,0.510101,0.490854,0.42,0.346154
497,0.712871,0.578454,0.414815,0.536082,0.520408,0.453237,0.316456,0.157895
498,0.723077,0.741772,0.734426,0.706093,0.680791,0.685131,0.871508,0.816514
499,0.822261,0.796045,0.79697,0.830104,0.795041,0.722222,0.917117,0.908127
500,0.741667,0.749491,0.614943,0.795775,0.624535,0.547511,0.882759,0.851064
501,0.722127,0.669872,0.664577,0.743902,0.698925,0.691992,0.863636,0.842767
502,0.909682,0.846273,0.822362,0.902411,0.79868,0.771008,0.573099,0.525126
503,0.806107,0.760687,0.778799,0.83494,0.752339,0.672254,0.877493,0.853026
504,0.83209,0.802606,0.795918,0.864865,0.808582,0.69962,0.903401,0.869806
505,0.8082,0.770229,0.715435,0.858164,0.740596,0.578488,0.935835,0.88642
506,0.789116,0.769334,0.678515,0.842313,0.712507,0.59922,0.931777,0.944251
507,0.652872,0.642321,0.574884,0.766234,0.57556,0.473199,0.847423,0.869198
508,0.851613,0.830671,0.819048,0.866667,0.752941,0.808511,0.566038,0.5625
509,0.836364,0.848024,0.836364,0.756098,0.67033,0.806122,0.328358,0.325
510,0.72,0.698871,0.676157,0.764957,0.621622,0.638462,0.253012,0.150685
511,0.567568,0.542979,0.456751,0.568067,0.458748,0.447115,0.240093,0.2
512,0.85434,0.836128,0.764973,0.869632,0.765513,0.697517,0.366197,0.400673
513,0.753521,0.688581,0.618421,0.752941,0.602564,0.584615,0.615385,0.5
514,0.451852,0.477419,0.494624,0.378947,0.494253,0.651685,0.918033,0.923077
515,0.360313,0.34214,0.246914,0.224066,0.291892,0.413534,0.814286,0.74026
516,0.348712,0.357724,0.220524,0.266272,0.352453,0.390103,0.729805,0.748603
517,0.411924,0.362385,0.259928,0.303483,0.47541,0.338983,0.772059,0.8
518,0.90937,0.82599,0.863063,0.901449,0.88022,0.776511,0.871245,0.830508
519,0.877589,0.824316,0.816953,0.87344,0.812643,0.748044,0.847784,0.790614
520,0.856459,0.826992,0.835661,0.898182,0.861132,0.816313,0.683652,0.629771
521,0.877451,0.853406,0.845905,0.903285,0.851907,0.785714,0.753846,0.699219
522,0.873958,0.835279,0.777523,0.890152,0.849754,0.738381,0.654501,0.64557
523,0.748377,0.721311,0.608527,0.773006,0.621859,0.526027,0.863014,0.822034
524,0.733553,0.757877,0.593156,0.790123,0.569343,0.491453,0.872549,0.827586
525,0.813953,0.791237,0.679389,0.778947,0.606838,0.4875,0.864865,0.852941
526,0.683196,0.631579,0.571839,0.728033,0.526923,0.414815,0.662651,0.69697
527,0.681529,0.74359,0.666667,0.926316,0.815476,0.76699,0.961538,0.678571
528,0.85219,0.819747,0.784181,0.896211,0.732808,0.675635,0.89604,0.898305
529,0.504225,0.398331,0.323194,0.397183,0.485014,0.432319,0.815789,0.907407
530,0.783542,0.564632,0.772152,0.766667,0.667107,0.555404,0.857143,0.884615
531,0.712855,0.509721,0.768595,0.729805,0.583333,0.525749,0.829787,0.867925
532,0.706522,0.480226,0.760062,0.684073,0.55499,0.480493,0.893333,0.95082
533,0.661397,0.449568,0.686649,0.665929,0.525203,0.459528,0.861272,0.949367
534,0.593946,0.367288,0.530405,0.624254,0.359172,0.284537,0.85,0.925
535,0.669617,0.494685,0.685157,0.740541,0.512334,0.418627,0.880435,0.885057
536,0.743842,0.535912,0.706271,0.773292,0.585177,0.45039,0.894737,0.930556
537,0.694624,0.496027,0.614224,0.780392,0.479514,0.340176,0.888889,0.829787
538,0.710106,0.505682,0.685535,0.781991,0.482323,0.357843,0.79798,0.807692
539,0.631579,0.474057,0.489051,0.70229,0.31405,0.148936,0.85,0.8125
540,0.903361,0.929476,0.934911,0.934783,0.911111,0.837209,0.87156,0.981481
541,0.928302,0.943802,0.966102,0.96732,0.928571,0.866667,0.870968,1
542,0.883959,0.927162,0.939891,0.964912,0.944206,0.872727,0.869231,0.970149
543,0.946203,0.923184,0.969072,0.978836,0.939929,0.850575,0.854167,0.932432
544,0.892754,0.905318,0.915888,0.971292,0.884375,0.839465,0.886792,1
545,0.831921,0.805645,0.730827,0.853547,0.725979,0.651188,0.795539,0.798507
546,0.803993,0.780673,0.695918,0.830946,0.662409,0.556667,0.727749,0.765957
547,0.712575,0.743516,0.653465,0.70297,0.690476,0.380531,0.847059,0.707317
548,0.955056,0.921397,0.956522,0.965517,0.964286,0.854167,1,1
549,0.943548,0.925267,0.954128,0.9,1,0.790698,0.967742,0.954545
550,0.916793,0.880407,0.908755,0.842857,0.853909,0.820244,0.908571,0.873563
551,0.933566,0.863004,0.873181,0.728324,0.866914,0.817572,0.918033,0.914062
552,0.942438,0.867886,0.866,0.829222,0.867898,0.832643,0.927126,0.954198
553,0.893894,0.817052,0.700951,0.663823,0.757305,0.69985,0.803987,0.796512
554,0.830754,0.8044,0.711211,0.585409,0.718593,0.687377,0.921951,0.885321
555,0.832681,0.792814,0.767504,0.696364,0.750427,0.738784,0.940898,0.493274
556,0.687825,0.604153,0.395853,0.394175,0.60061,0.587137,0.834146,0.853774
557,0.600457,0.579873,0.338843,0.368635,0.494888,0.545872,0.84097,0.814634
558,0.791908,0.758669,0.568134,0.555785,0.671358,0.669006,0.869806,0.90099
559,0.783883,0.782743,0.742232,0.790433,0.731538,0.693985,0.836538,0.811765
560,0.682831,0.540917,0.32967,0.314496,0.524744,0.526968,0.754789,0.763889
561,0.754438,0.692308,0.641414,0.738532,0.640257,0.52583,0.82,0.857143
562,0.739535,0.703163,0.654135,0.820896,0.667774,0.575,0.825397,0.8
563,0.619565,0.663265,0.601208,0.635897,0.511345,0.509913,0.25,0.282051
564,0.311475,0.401575,0.46875,0.434783,0.318182,0.282051,0,0.1
565,0.978261,0.915344,0.862069,0.955224,0.941176,0.888889,0.636364,0.578947
566,0.862667,0.81445,0.757342,0.781915,0.746004,0.666416,0.605072,0.548148
567,0.916256,0.881024,0.853254,0.904306,0.822807,0.787202,0.841328,0.801653
568,0.864474,0.844869,0.807882,0.879093,0.797129,0.732157,0.754941,0.73913
569,0.839357,0.789474,0.750627,0.801567,0.725919,0.690476,0.704453,0.684685
570,0,0.009112,0.00578,0,0,0,0,0.030303
571,0.001938,0.005629,0.001724,0,0.001585,0.003106,0.004651,0.008475
572,0,0.007417,0.005734,0.007916,0.004407,0.002438,0.003115,0.010811
573,0.007843,0.008701,0.006857,0.020997,0.004866,0.004816,0.009346,0
574,0.003645,0.010019,0.005453,0.00978,0.00684,0.004467,0.005666,0.023474
575,0.00681,0.003704,0.001175,0.00489,0.004537,0.003309,0.002513,0
576,0.001131,0.005013,0.004678,0.007353,0.004724,0.003968,0.014888,0
577,0.004348,0.007463,0.005988,0,0,0.00542,0.011111,0
578,0.066667,0.01105,0.042553,0,0.030769,0.050847,0,0
579,0.029412,0.017241,0.015625,0.013333,0,0,0,0
580,0.002114,0.004004,0.002755,0.00627,0.010965,0.012963,0.004975,0
581,0.004049,0.027965,0.005376,0.009119,0.008368,0.015598,0.004695,0.008
582,0.025063,0.018608,0.022191,0.014706,0.022923,0.030303,0.005634,0
583,0.015713,0.011642,0.008838,0.007707,0.007103,0.008462,0.013021,0.004082
584,0.005629,0.013699,0.029787,0.009259,0.010767,0.011364,0.005464,0
585,0.005682,0.007673,0,0,0,0,0,0
586,0.870478,0.897644,0.888985,0.89016,0.869877,0.843198,0.958209,0.958716
587,0.92584,0.904799,0.918963,0.895692,0.881314,0.852788,0.951613,0.956731
588,0.909091,0.909233,0.913355,0.944812,0.859971,0.822162,0.952862,0.919192
589,0.919674,0.887755,0.857588,0.944206,0.858187,0.811371,0.967857,0.967914
590,0.866995,0.853288,0.818951,0.828508,0.834888,0.777685,0.898876,0.904762
591,0.783102,0.83101,0.769097,0.824885,0.761499,0.719983,0.913725,0.918239
592,0.864198,0.859213,0.747001,0.890411,0.788889,0.694383,0.943878,0.952381
593,0.858824,0.849377,0.748815,0.896875,0.744646,0.654489,0.83908,0.844828
594,0.756055,0.789352,0.66226,0.828025,0.725875,0.630039,0.847134,0.869159
595,0.817851,0.783394,0.659873,0.874576,0.736559,0.590444,0.908451,0.920792
596,0.684211,0.76555,0.680412,0.805031,0.683168,0.462745,0.837838,0.902439
597,0.801587,0.788698,0.677193,0.849673,0.689567,0.485597,0.833333,0.85
598,0.405797,0.488095,0.285714,0.471154,0.379085,0.173184,0.771429,0.708333
599,0.962025,0.917476,0.955056,0.962264,0.971014,0.928571,0.97619,0.941176
600,0.942029,0.954248,0.965035,0.966292,0.965753,0.902098,0.983333,0.96
601,0.953642,0.971338,0.938356,0.947368,0.935484,0.938776,0.956522,0.843137
602,0.932203,0.932961,0.896341,0.927273,0.953608,0.91623,0.987654,0.925926
603,0.882353,0.808717,0.824176,0.869231,0.862348,0.86,0.942529,0.830508
604,0.899563,0.932243,0.926316,0.940741,0.94902,0.94052,0.966292,0.951613
605,0.940171,0.943052,0.953125,0.944444,0.958491,0.896797,0.945055,0.952381
606,0.797697,0.766507,0.647826,0.794643,0.787517,0.758621,0.918919,0.837209
607,0.845036,0.786996,0.734353,0.809843,0.757299,0.767888,0.89426,0.901042
608,0.854875,0.853436,0.829989,0.895753,0.815618,0.77973,0.911111,0.913978
609,0.823022,0.789739,0.664524,0.864486,0.680912,0.629046,0.869369,0.92126
610,0.764249,0.806993,0.759901,0.822222,0.754237,0.651303,0.913043,0.810811
611,0.819945,0.796243,0.732824,0.849802,0.712389,0.633475,0.935185,0.969231
612,0.834783,0.835115,0.792553,0.889344,0.740826,0.639269,0.904762,0.887097
613,0.815217,0.769821,0.642105,0.835714,0.660377,0.554217,0.904762,0.95122
614,0.807692,0.648649,0.565217,0.777778,0.9375,0.761905,0.916667,0.833333
615,0.885714,0.837398,0.495575,0.746479,0.87156,0.821053,0.913043,0.666667
616,0.796992,0.734396,0.447084,0.560386,0.833856,0.760355,0.880435,0.931818
617,0.864368,0.79471,0.528926,0.722222,0.876289,0.820194,0.89899,0.897959
618,0.901532,0.84881,0.609615,0.756198,0.925666,0.855297,0.875,0.927273
619,0.830909,0.735714,0.46167,0.587591,0.870455,0.717058,0.824427,0.892308
620,0.932149,0.893082,0.652819,0.858974,0.897996,0.821248,0.842466,0.928571
621,0.730226,0.59434,0.381963,0.48,0.706977,0.61238,0.837209,0.868132
622,0.682642,0.525969,0.351454,0.468254,0.65448,0.596114,0.828729,0.84
623,0.771684,0.632491,0.372818,0.527415,0.75889,0.638239,0.836066,0.872549
624,0.663793,0.599185,0.364557,0.563452,0.608611,0.512448,0.741935,0.672727
625,0.580402,0.576244,0.354749,0.554286,0.569476,0.534351,0.621053,0.534884
626,0.890909,0.847273,0.8,0.886076,0.848101,0.9,0.910714,0.818182
627,0.875,0.944444,0.892655,0.936937,0.925134,0.905983,0.938462,0.931034
628,0.891403,0.907407,0.861607,0.928,0.946154,0.89939,0.916667,0.857143
629,0.857558,0.857143,0.856287,0.893617,0.854664,0.86422,0.824,0.90566
630,0.906699,0.907895,0.865229,0.935,0.84375,0.842382,0.91791,0.830769
631,0.82996,0.824156,0.77533,0.850704,0.784768,0.716887,0.5,0.452174
632,0.709589,0.735081,0.72265,0.72549,0.695132,0.610744,0.185,0.176471
633,0.77451,0.787342,0.726115,0.787879,0.659763,0.496855,0.357143,0.325581
634,0.76875,0.794479,0.646018,0.847619,0.697368,0.5,0.576271,0.514286
635,0.80137,0.825243,0.642857,0.891089,0.764706,0.574586,0.642857,0.633333
636,0.75,0.794964,0.6,0.882353,0.666667,0.642336,0.770833,0.846154
637,0.705357,0.795455,0.613636,0.911392,0.626984,0.629921,0.731707,0.666667
638,0.777778,0.813636,0.627119,0.9,0.657143,0.731707,0.851852,0.833333
639,0.746479,0.791667,0.551724,0.791045,0.698413,0.615385,0.5,0.555556
640,0.683453,0.625514,0.678571,0.588235,0.875,0.773196,0.728814,0.780488
641,0.889881,0.852252,0.846011,0.905,0.869277,0.833631,0.865591,0.913793
642,0.764912,0.745562,0.719243,0.847619,0.704663,0.595238,0.863636,0.8
643,0.714286,0.666667,0.633333,0.77686,0.708134,0.595628,0.386364,0.882353
644,0.924528,0.939394,0.909091,0.916667,0.857143,0.969697,0.96875,1
645,0.952381,0.924658,0.929293,0.984375,0.948905,0.905263,1,1
646,0.869792,0.863839,0.902778,0.961538,0.873016,0.887701,0.969231,0.969697
647,0.978947,0.953608,0.921348,0.967213,1,0.953488,0.978261,1
648,0.828054,0.831579,0.848039,0.811321,0.778302,0.800995,0.954545,0.909091
649,0.942888,0.922039,0.904803,0.962185,0.905577,0.846923,0.96988,0.96729
650,0.877973,0.864189,0.8,0.930612,0.81756,0.743919,0.937008,0.955285
651,0.789247,0.799145,0.600423,0.846809,0.670347,0.610286,0.870968,0.872727
652,0.844869,0.835987,0.626904,0.851852,0.733083,0.622069,0.952055,0.957895
653,0.676923,0.712032,0.523297,0.707006,0.575916,0.504931,0.896552,0.84058
654,0.705607,0.778481,0.708955,0.851852,0.660819,0.553571,0.866667,0.928571
655,0.747423,0.778157,0.722222,0.808081,0.673469,0.542105,0.857143,0.894737
656,0.721088,0.762097,0.769231,0.782051,0.675439,0.606299,0.763158,0.848485
657,0.75,0.772222,0.764706,0.789474,0.705882,0.575758,0.954545,0.96
658,0.833333,0.838323,0.941176,0.923077,0.914286,0.95,0.896552,0.6875
659,0.858824,0.888099,0.909747,0.893082,0.840173,0.842752,0.550847,0.492754
660,0.782609,0.798305,0.773256,0.811518,0.72912,0.735981,0.481132,0.392857
661,0.84,0.883598,0.877907,0.789916,0.793103,0.846154,0.166667,0.25
662,0.332016,0.666667,0.69962,0.371795,0.512953,0.789916,0.111111,0.171429
663,0.453333,0.664247,0.618182,0.426966,0.550661,0.717489,0.08046,0.205128
664,0.488746,0.598949,0.561594,0.385475,0.54,0.613169,0.089888,0.210526
665,0.358896,0.582322,0.560976,0.296296,0.363636,0.639216,0.126316,0.170732
666,0.418919,0.547436,0.424165,0.308244,0.479167,0.627551,0.058333,0.070175
667,0.5,0.543568,0.529698,0.467372,0.514754,0.592254,0.049342,0.083871
668,0.360606,0.450621,0.439243,0.363799,0.402431,0.532913,0.04644,0.095808
669,0.604055,0.667696,0.544532,0.671815,0.603717,0.602874,0.075908,0.092593
670,0.838044,0.807387,0.764884,0.845688,0.7491,0.685936,0.905248,0.899736
671,0.854788,0.826248,0.771889,0.877086,0.757597,0.696599,0.908772,0.896657
672,0.706897,0.730415,0.634409,0.791209,0.627119,0.4,0.928571,0.825
673,0.8,0.812785,0.802817,0.877551,0.823529,0.806452,0.941176,1
674,0.926316,0.914365,0.915493,0.970297,0.912281,0.908451,0.951613,0.86
675,0.805477,0.77884,0.746198,0.74954,0.763733,0.705823,0.827982,0.865724
676,0.862583,0.83364,0.760246,0.896848,0.794769,0.639391,0.846442,0.883041
677,0.846024,0.85076,0.438819,0.913174,0.80597,0.646766,0.888889,0.8875
678,0.833929,0.830558,0.728448,0.8625,0.754945,0.616339,0.855967,0.879195
679,0.852459,0.803483,0.720635,0.903614,0.656307,0.614311,0.89011,0.930693
680,0.831707,0.785436,0.712375,0.860262,0.635827,0.575045,0.888889,0.927083
681,0.823077,0.812155,0.670213,0.8875,0.688136,0.514469,0.860465,0.863636
682,0.695652,0.779167,0.779221,0.84375,0.830189,0.690909,0.927273,0.90625
683,0.716981,0.765182,0.781818,0.769784,0.752294,0.637209,0.906977,0.857143
684,0.508197,0.570735,0.569479,0.577011,0.622258,0.61128,0.909774,0.875776
685,0.432574,0.412903,0.311962,0.353251,0.473836,0.487603,0.868766,0.792969
686,0.426624,0.429494,0.430894,0.444079,0.535827,0.515331,0.746479,0.70979
687,0.476984,0.501435,0.52193,0.542265,0.576768,0.55933,0.84375,0.818493
688,0.516129,0.520134,0.549518,0.572337,0.624301,0.575786,0.781737,0.797203
689,0.503987,0.516559,0.464688,0.532042,0.542991,0.478282,0.879397,0.911538
690,0.369565,0.372514,0.257732,0.323251,0.391097,0.391922,0.71746,0.751196
691,0.5625,0.523973,0.548673,0.5,0.541667,0.813559,0.916667,1
692,0.607595,0.524862,0.507463,0.5,0.617978,0.784314,0.932203,1
693,0.418079,0.464191,0.388489,0.443299,0.518519,0.719298,0.875,1
694,0.926577,0.87475,0.871981,0.924569,0.880672,0.834116,0.943925,0.947826
695,0.902488,0.877137,0.836449,0.916836,0.86041,0.808432,0.929577,0.974138
696,0.815498,0.751563,0.697232,0.840686,0.691903,0.607107,0.932692,0.921053
697,0.694656,0.723485,0.523077,0.695122,0.625,0.353846,0.784314,0.75
698,0.831169,0.804233,0.545455,0.84,0.5,0.55,0.967742,0.833333
699,0.831461,0.885714,0.874126,0.92233,0.843284,0.79845,0.790698,0.72973
700,0.939148,0.890606,0.884422,0.908,0.846281,0.821596,0.733333,0.675325
701,0.879728,0.861493,0.877836,0.87796,0.819131,0.80031,0.252964,0.174359
702,0.77877,0.843256,0.878049,0.883117,0.789562,0.788836,0.251121,0.211111
703,0.94012,0.936982,0.969811,0.972826,0.962466,0.910941,0.943182,0.916667
704,0.962766,0.941529,0.968085,0.990099,0.965278,0.918322,0.967391,0.946429
705,0.811594,0.740223,0.751678,0.890511,0.606667,0.557692,0.88,0.848485
706,0.77551,0.711443,0.69697,0.893939,0.571429,0.566667,0.966667,0.95
707,0.735695,0.74883,0.617747,0.780822,0.681159,0.47352,0.879121,0.896552
708,0.71063,0.722738,0.668203,0.740351,0.558333,0.458787,0.789474,0.820225
709,0.741233,0.7445,0.604651,0.718821,0.629115,0.624454,0.869091,0.863388
710,0.591097,0.581829,0.364608,0.436399,0.510276,0.499083,0.866499,0.847909
711,0.539815,0.526559,0.371227,0.448445,0.462052,0.545609,0.660167,0.62931
712,0.383838,0.437241,0.246006,0.3,0.47619,0.558511,0.843284,0.9375
713,0.420635,0.464748,0.280936,0.338843,0.538462,0.566952,0.860465,0.945205
714,0.46875,0.491473,0.291096,0.360515,0.554348,0.603896,0.966942,0.985294
715,0.598726,0.540541,0.385321,0.417391,0.559322,0.619048,0.904762,0.918919
716,0.809091,0.786667,0.672727,0.723684,0.56,0.704545,0.781818,0.833333
717,0.927199,0.88495,0.819261,0.916667,0.86904,0.856727,0.898396,0.932773
718,0.854342,0.78341,0.629586,0.750859,0.768063,0.739699,0.892683,0.905882
719,0.812044,0.794398,0.60739,0.814338,0.737783,0.725913,0.876404,0.876448
720,0.878618,0.850935,0.790671,0.890173,0.84491,0.789318,0.870192,0.902041
721,0.826467,0.780016,0.699523,0.852055,0.726562,0.664038,0.835821,0.88024
722,0.816832,0.811747,0.637874,0.807107,0.702948,0.582437,0.813433,0.855263
723,0.759563,0.786982,0.717557,0.697674,0.69281,0.55102,0.859375,0.711111
724,0.722973,0.791096,0.710526,0.837838,0.663866,0.504762,0.724138,0.875
725,0.735632,0.780488,0.407407,0.86,0.540541,0.485714,0.771429,0.909091
726,0.892157,0.877119,0.869565,0.84507,0.933333,0.785714,0.981818,0.862069
727,0.898148,0.848606,0.909091,0.894737,0.903226,0.9,0.948276,0.806452
728,0.79845,0.879433,0.434783,0.47191,0.826923,0.894118,0.953125,0.886364
729,0.895062,0.905405,0.904,0.901639,0.95082,0.810606,0.902439,0.981481
730,0.900262,0.895397,0.911348,0.926267,0.864929,0.793367,0.916667,0.891566
731,0.775652,0.678751,0.61,0.741525,0.64364,0.524625,0.767241,0.832061
732,0.53125,0.617391,0.452381,0.684211,0.42,0.305085,0.806452,0.791667
733,0.864516,0.850909,0.895349,0.884615,0.847619,0.940171,0.947368,0.897436
734,0.906077,0.905085,0.909091,0.929412,0.909091,0.918367,0.902439,0.97561
735,0.90625,0.900596,0.908654,0.902778,0.839713,0.851175,0.925373,0.957447
736,0.737952,0.722282,0.650407,0.765306,0.673591,0.724199,0.73262,0.786164
737,0.730399,0.835132,0.822581,0.848765,0.795165,0.807425,0.716895,0.777174
738,0.760479,0.800566,0.811693,0.786177,0.742609,0.746798,0.245763,0.261719
739,0.869442,0.882114,0.902602,0.89375,0.858793,0.829719,0.44186,0.423387
740,0.874178,0.875,0.888393,0.938144,0.861607,0.812674,0.380117,0.379592
741,0.84382,0.838499,0.765118,0.908676,0.735112,0.683224,0.343478,0.309211
742,0.717546,0.72547,0.732627,0.7851,0.701439,0.614178,0.205128,0.184
743,0.769572,0.824427,0.750605,0.887879,0.769692,0.638889,0.232804,0.226891
744,0.720779,0.681672,0.637011,0.731092,0.633017,0.498458,0.157143,0.172414
745,0.639676,0.686901,0.362319,0.642336,0.578571,0.313514,0.088608,0.162791
746,0.93662,0.834532,0.852273,0.875,0.821053,0.873874,0.435484,0.481481
747,0.834123,0.848718,0.832258,0.821656,0.87,0.748503,0.195652,0.156863
748,0.944231,0.939832,0.914989,0.956395,0.928469,0.863248,0.221557,0.123596
749,0.935043,0.950873,0.919476,0.940701,0.92,0.893204,0.265193,0.207921
750,0.888214,0.87722,0.792476,0.904665,0.846099,0.764539,0.189091,0.151685
751,0.920281,0.871212,0.840855,0.912871,0.848295,0.788066,0.201389,0.155914
752,0.8706,0.812718,0.808554,0.837838,0.814381,0.747594,0.258621,0.219231
753,0.79403,0.752571,0.794941,0.755963,0.778228,0.770346,0.168919,0.127586
754,0.869141,0.838896,0.859459,0.857407,0.820948,0.792479,0.173913,0.141343
755,0.874713,0.849868,0.849914,0.895551,0.817094,0.734735,0.256849,0.197861
756,0.893993,0.866756,0.845217,0.915521,0.828818,0.755476,0.238434,0.176471
757,0.841545,0.828253,0.809387,0.88326,0.724814,0.65,0.324111,0.25
758,0.826705,0.774219,0.741489,0.838407,0.722263,0.620734,0.205021,0.190141
759,0.73125,0.655987,0.643636,0.740741,0.578947,0.461538,0.1875,0.177419
760,0.705426,0.621359,0.548673,0.708738,0.433333,0.43299,0.065217,0.107143
761,0.786517,0.616071,0.603448,0.728571,0.389831,0.415094,0.096774,0.090909
762,0.571721,0.669988,0.634989,0.578182,0.550296,0.549669,0.863636,0.909091
763,0.619835,0.711911,0.681686,0.584699,0.522262,0.593184,0.923077,0.877049
764,0.631206,0.817315,0.778935,0.668293,0.624198,0.647699,0.918819,0.928105
765,0.624429,0.794872,0.712542,0.602771,0.548918,0.657009,0.942568,0.947059
766,0.625806,0.763859,0.720339,0.622472,0.575163,0.60767,0.947531,0.923913
767,0.632933,0.649358,0.654399,0.678967,0.546321,0.464609,0.952941,0.963415
768,0.597066,0.668499,0.532655,0.590106,0.546829,0.563688,0.928571,0.898496
769,0.512554,0.557404,0.494898,0.438938,0.434953,0.447719,0.89823,0.916667
770,0.611979,0.706345,0.673633,0.684211,0.569036,0.507506,0.937063,0.954357
771,0.653165,0.727664,0.741862,0.823529,0.65273,0.620146,0.923077,0.930328
772,0.654269,0.759487,0.77283,0.781915,0.701105,0.672624,0.932401,0.955823
773,0.639884,0.766242,0.726788,0.829126,0.672049,0.637821,0.898551,0.897959
774,0.742616,0.755267,0.684783,0.836957,0.694861,0.605311,0.9,0.887324
775,0.817915,0.803018,0.699443,0.892045,0.733032,0.649952,0.895735,0.9
776,0.801724,0.808129,0.693227,0.90566,0.766074,0.668611,0.89071,0.889908
777,0.811861,0.801282,0.648402,0.90681,0.742623,0.642216,0.935673,0.88172
778,0.810044,0.785961,0.723164,0.893939,0.739623,0.66782,0.941176,0.918605
779,0.822727,0.788509,0.728659,0.878661,0.739308,0.685606,0.9,0.853659
780,0.771429,0.770167,0.683333,0.84058,0.686275,0.613699,0.87619,0.884058
781,0.801242,0.736334,0.649351,0.850267,0.658462,0.571865,0.872549,0.896552
782,0.651007,0.715026,0.686364,0.827778,0.637931,0.553333,0.868132,0.909091
783,0.5625,0.600694,0.430769,0.725806,0.481928,0.298851,0.557377,0.527778
784,0.856799,0.848392,0.737157,0.744136,0.791703,0.820685,0.950617,0.964912
785,0.833004,0.794381,0.579634,0.699482,0.810651,0.801715,0.966746,0.965066
786,0.872865,0.853598,0.700669,0.786311,0.833333,0.832218,0.959732,0.978992
787,0.859155,0.829354,0.738636,0.861244,0.79868,0.73831,0.947653,0.973154
788,0.809963,0.794621,0.613674,0.791803,0.744544,0.705376,0.936685,0.947883
789,0.669429,0.642372,0.465289,0.571901,0.593412,0.60556,0.95229,0.961165
790,0.831705,0.829354,0.802968,0.847909,0.762722,0.732134,0.919444,0.880952
791,0.826573,0.814783,0.750464,0.786492,0.796875,0.756961,0.934028,0.885542
792,0.84058,0.848379,0.793922,0.856818,0.78986,0.728138,0.897059,0.901961
793,0.762617,0.787529,0.631285,0.764205,0.685615,0.60274,0.905213,0.87619
794,0.79065,0.798005,0.651652,0.76875,0.71278,0.655602,0.877551,0.867347
795,0.75419,0.722314,0.634497,0.717213,0.64271,0.603333,0.916667,0.811594
796,0.345351,0.409534,0.189922,0.253623,0.322835,0.516456,0.782258,0.730769
797,0.387797,0.400518,0.251874,0.244856,0.4,0.514335,0.208333,0.263158
798,0.394183,0.391333,0.207635,0.244048,0.389351,0.46703,0.13986,0.140351
799,0.326945,0.327068,0.190091,0.223656,0.307995,0.390812,0.125926,0.10828
800,0.340741,0.349096,0.161644,0.280992,0.326821,0.351767,0.228571,0.446154
801,0.375335,0.350954,0.164596,0.256637,0.345188,0.358333,0.208333,0.416667
802,0.34375,0.360987,0.165138,0.195652,0.363281,0.380368,0.313725,0.5
803,0.34555,0.339109,0.164948,0.233871,0.331858,0.31,0.156863,0.363636
804,0.347518,0.302083,0.188406,0.291139,0.316667,0.308176,0.148148,0.44
805,0.932692,0.940179,0.913894,0.954248,0.891892,0.896465,0.945455,0.926829
806,0.878735,0.92803,0.898396,0.92515,0.875862,0.863122,0.957895,0.897959
807,0.943372,0.938578,0.918951,0.939732,0.89241,0.863309,0.981618,0.959732
808,0.902052,0.902636,0.807087,0.912892,0.842569,0.735397,0.956522,0.951923
809,0.866999,0.834156,0.816139,0.885093,0.814304,0.755806,0.918322,0.918919
810,0.752018,0.767846,0.683805,0.822176,0.66988,0.622505,0.887665,0.931193
811,0.780531,0.775665,0.721063,0.84985,0.669604,0.599042,0.889734,0.921986
812,0.735772,0.700837,0.596,0.803333,0.552,0.493783,0.525822,0.863248
813,0.321827,0.271106,0.270023,0.258845,0.279584,0.37299,0.091346,0.058824
814,0.39851,0.40542,0.369634,0.421144,0.411164,0.504108,0.114014,0.085034
815,0.292835,0.216936,0.185218,0.195719,0.207736,0.261583,0.085239,0.082803
816,0.173913,0.112573,0.048957,0.057353,0.091539,0.183878,0.040359,0.041667
817,0.275173,0.249158,0.190902,0.16092,0.195011,0.363232,0.084706,0.05
818,0.220015,0.1513,0.125184,0.083906,0.129074,0.257299,0.071429,0.068182
819,0.191118,0.159497,0.055944,0.09905,0.135823,0.247213,0.029289,0.021352
820,0.254664,0.295271,0.114433,0.129082,0.2318,0.371204,0.066116,0.046948
821,0.336198,0.283951,0.240719,0.246824,0.192681,0.326701,0.093496,0.128788
822,0.336134,0.314974,0.439776,0.401914,0.267218,0.324056,0.094118,0.147059
823,0.732394,0.679745,0.632404,0.698413,0.629754,0.514061,0.171429,0.155844
824,0.747277,0.719697,0.595699,0.813433,0.658754,0.538941,0.126761,0.118421
825,0.764368,0.743349,0.639474,0.851852,0.680672,0.569536,0.174757,0.177419
826,0.090909,0.004338,0.02649,0,0.011976,0.004587,0.211765,0.147541
827,0.272069,0.313908,0.264249,0.316568,0.221274,0.330126,0.400709,0.444444
828,0.23589,0.297508,0.214099,0.304478,0.198819,0.294118,0.293907,0.251462
829,0.692913,0.673684,0.451327,0.804878,0.632911,0.441176,0.791667,0.736842
830,0.757282,0.704918,0.476744,0.80597,0.633333,0.488889,0.852941,0.941176
831,0,0,0,0,0,0,0,0
832,0,0.00369,0,0,0,0,0,0
833,0.00692,0,0,0,0,0,0,0
834,0,0.002625,0,0,0.003195,0.003883,0,0
835,0.006098,0.001104,0.003731,0.006734,0.002488,0.003155,0,0
836,0.001631,0.001828,0.002558,0,0.001709,0.001233,0.004739,0.006757
837,0.003165,0.003552,0.002475,0.002695,0.005,0.003593,0.004367,0.01875
838,0.002509,0.002807,0.007782,0,0.001119,0.002742,0.004049,0.010811
839,0.001221,0.002745,0.003795,0,0.001081,0.007036,0,0.010638
840,0.002255,0.005112,0.001838,0,0,0.002483,0.003953,0.005348
841,0.003151,0.001729,0.001821,0,0.002938,0.004773,0,0.005464
842,0.001348,0.002152,0,0.005236,0.001629,0.001178,0,0
843,0.001429,0.001512,0,0,0.001805,0.010403,0.005208,0.013889
844,0.004975,0.001747,0.00361,0,0.002247,0.003322,0,0.007874
845,0,0.001359,0,0,0.004831,0.004082,0.011905,0
846,0.003623,0.002972,0,0,0,0.004673,0.014286,0
847,0,0.008602,0,0.022727,0,0.007874,0,0.033333
848,0,0.006289,0,0.018182,0.018868,0,0,0
849,0,0,0,0,0,0.019231,0.037037,0
850,0.848552,0.791721,0.810916,0.890244,0.728982,0.755754,0.844828,0.805556
851,0.812371,0.819831,0.828678,0.835206,0.769152,0.743259,0.843284,0.819277
852,0.666667,0.697452,0.661972,0.730263,0.690265,0.668616,0.831522,0.839286
853,0.872131,0.882917,0.916667,0.907514,0.851485,0.877841,0.962025,0.830508
854,0.764192,0.804651,0.729282,0.798561,0.742958,0.83691,0.954545,0.888889
855,0.482143,0.337989,0.380597,0.401786,0.336957,0.233871,0.545455,0.567568
856,0.661765,0.473684,0.5625,0.654135,0.441667,0.289474,0.701493,0.767442
857,0.612903,0.385488,0.502994,0.531915,0.386861,0.273743,0.648649,0.636364
858,0.634831,0.433934,0.503704,0.576923,0.519062,0.335938,0.574074,0.462687
859,0.641096,0.431315,0.484211,0.570093,0.546961,0.334129,0.567797,0.478261
860,0.511396,0.284683,0.32358,0.300254,0.399024,0.32549,0.11583,0.079545
861,0.819464,0.732818,0.695896,0.854545,0.801259,0.642369,0.314961,0.293413
862,0.509294,0.269162,0.260465,0.297297,0.465116,0.294737,0.159292,0.150943
863,0.817308,0.677686,0.590164,0.823529,0.5,0.545455,0.595745,0.7
864,0.853846,0.787671,0.647727,0.808989,0.670588,0.589041,0.854545,0.896552
865,0.798817,0.709141,0.342593,0.777778,0.625,0.484848,0.760563,0.864865
866,0.793939,0.784181,0.751678,0.839733,0.733647,0.645653,0.863636,0.854839
867,0.852133,0.852846,0.836572,0.878165,0.809606,0.739751,0.929461,0.923664
868,0.944598,0.930414,0.895666,0.965116,0.891827,0.854043,0.931408,0.964789
869,0.951788,0.93874,0.902946,0.948925,0.879668,0.84581,0.951111,0.958678
870,0.864238,0.826364,0.806738,0.835165,0.752174,0.731361,0.923858,0.896226
871,0.948177,0.920467,0.921415,0.941748,0.932874,0.894322,0.940789,0.888889
872,0.95112,0.940022,0.949799,0.963211,0.944938,0.915309,0.985714,0.885714
873,0.711281,0.752954,0.62,0.701149,0.59168,0.449168,0.748792,0.711712
874,0.783582,0.855908,0.870588,0.804878,0.763158,0,0.877551,0.948718
875,0.585586,0.657643,0.644366,0.770492,0.55,0.466281,0.723577,0.716981
876,0.69898,0.73401,0.771084,0.867987,0.625864,0.582775,0.829384,0.81
877,0.583333,0.555748,0.665102,0.773109,0.240854,0.546828,0.838057,0.759124
878,0.530423,0.598879,0.712188,0.827586,0.535374,0.54533,0.853571,0.839744
879,0.50283,0.439976,0.572149,0.600375,0.422414,0.487121,0.86911,0.835681
880,0.474886,0.43301,0.635815,0.632047,0.479718,0.58876,0.877049,0.95
881,0.408304,0.38,0.541667,0.480583,0.264085,0.385496,0.823009,0.885246
882,0.72,0.700658,0.653543,0.771429,0.588235,0.530973,0.846154,0.916667
883,0.571429,0.505988,0.363636,0.531532,0.445545,0.445378,0.789474,0.888889
884,0.418079,0.436782,0.278146,0.393162,0.282759,0.226667,0.387097,0.617647
885,0.794872,0.716114,0.761341,0.844681,0.659562,0.595142,0.843956,0.823529
886,0.818994,0.746914,0.847782,0.922912,0.732958,0.695334,0.835955,0.87395
887,0.798267,0.730263,0.753656,0.843182,0.688287,0.666458,0.823529,0.859031
888,0.853081,0.784044,0.804805,0.904762,0.771341,0.71405,0.885714,0.858974
889,0.529954,0.601108,0.575163,0.576923,0.562016,0.660714,0.715909,0.688889
890,0.562092,0.611765,0.61165,0.655172,0.494118,0.708661,0.735849,0.689655
891,0.682119,0.759615,0.608108,0.793103,0.684211,0.482353,0.829268,0.684211
892,0.758065,0.728997,0.62,0.872727,0.638889,0.448819,0.92,0.909091
893,0.800654,0.755208,0.635359,0.835227,0.666667,0.542553,0.885714,0.933333
894,0.858051,0.88306,0.857143,0.875,0.832727,0.79685,0.947368,0.914286
895,0.845588,0.822222,0.849057,0.891304,0.802198,0.693694,0.957143,0.96
896,0.66285,0.699013,0.595611,0.652381,0.608225,0.608939,0.9,0.6
897,0.935199,0.949664,0.920074,0.96978,0.920661,0.925373,0.910112,0.979592
898,0.795238,0.841463,0.831169,0.782689,0.794533,0.836806,0.882784,0.933333
899,0.914056,0.933654,0.844068,0.925633,0.875093,0.835014,0.929012,0.945205
900,0.81073,0.80575,0.723856,0.841991,0.74969,0.58625,0.711765,0.825243
901,0.75419,0.789869,0.674242,0.873418,0.603053,0.517241,0.891892,0.903226
902,0.78125,0.773006,0.63964,0.876712,0.612245,0.545455,0.918367,0.870968
903,0.956522,0.95122,0.917526,0.974026,0.9375,0.9375,0.948718,1
904,0.913333,0.897059,0.727273,0.886364,0.891892,0.8,0.878049,0.857143
905,0.967949,0.949008,0.92,0.969388,0.952381,0.934426,0.955556,0.942857
906,0.868778,0.822816,0.503788,0.75493,0.829545,0.74553,0.920732,0.893617
907,0.910714,0.819005,0.608066,0.82459,0.835495,0.737589,0.93586,0.926108
908,0.867834,0.795388,0.822545,0.879941,0.809847,0.688165,0.859122,0.876866
909,0.716763,0.679666,0.479167,0.691489,0.419355,0.402778,0.857143,0.785714
910,0.950617,0.929577,0.909091,0.956522,1,0.9,0.761905,0.727273
911,0.932755,0.893588,0.923744,0.916031,0.929752,0.943038,0.719008,0.708861
912,0.951673,0.928571,0.939908,0.931373,0.940088,0.932914,0.726619,0.783133
913,0.820073,0.735731,0.744313,0.810185,0.838628,0.787002,0.584475,0.691781
914,0.895323,0.823662,0.842017,0.9117,0.844028,0.780706,0.47541,0.537143
915,0.887931,0.832225,0.866834,0.946429,0.809127,0.740235,0.623016,0.663212
916,0.824754,0.724398,0.776392,0.829157,0.749117,0.691514,0.276923,0.283582
917,0.861364,0.803175,0.821369,0.894366,0.771429,0.688136,0.641434,0.725
918,0.851459,0.764126,0.75266,0.867008,0.763881,0.671525,0.665289,0.729167
919,0.848392,0.788423,0.781746,0.925595,0.778406,0.668819,0.607143,0.712707
920,0.860317,0.817623,0.806385,0.953704,0.784655,0.660428,0.626728,0.711864
921,0.833616,0.798292,0.794549,0.883281,0.77304,0.619903,0.586854,0.623529
922,0.662921,0.556897,0.568849,0.555556,0.594436,0.505666,0.30719,0.34375
923,0.504478,0.412429,0.399485,0.477528,0.447761,0.420965,0.266667,0.196721
924,0.59901,0.509804,0.395973,0.479339,0.410256,0.385542,0.239669,0.21
925,0.785235,0.917012,0.891566,0.860465,0.884615,0.947368,0.833333,0.666667
926,0.874101,0.583607,0.845304,0.724551,0.578378,0.561497,1,0.947368
927,0.80659,0.54095,0.6337,0.75,0.540262,0.40146,0.538462,0.590909
928,0.451791,0.288802,0.284698,0.343109,0.297368,0.246988,0.219653,0.216216
929,0.690722,0.521311,0.643216,0.631068,0.479495,0.286207,0.555556,0.434783
930,0.405172,0.481818,0.393048,0.425373,0.515432,0.580318,0.747899,0.8
931,0.392628,0.462046,0.304615,0.361765,0.438454,0.505991,0.803279,0.869919
932,0.405777,0.477654,0.336145,0.381443,0.449299,0.515942,0.84,0.857143
933,0.436965,0.467755,0.390841,0.420561,0.506443,0.524827,0.903704,0.8875
934,0.536458,0.626344,0.565217,0.615385,0.507937,0.413223,0.827586,0.9
935,0.360294,0.359259,0.648649,0.473684,0.313869,0.428571,0,0.952381
936,0.307692,0,0.646154,0.411765,0.594059,0,0.384615,0
937,0.905172,0.867704,0.824427,0.744681,0.853933,0.880952,0.878788,0.986301
938,0.904988,0.906699,0.926923,0.841004,0.897436,0.866667,0.926702,0.943548
939,0.835983,0.872362,0.831579,0.825806,0.816877,0.749557,0.942922,0.928826
940,0.856844,0.888749,0.889557,0.880299,0.870981,0.813738,0.91833,0.91092
941,0.87047,0.864208,0.867347,0.88543,0.85892,0.750529,0.932203,0.92328
942,0.872964,0.81861,0.774795,0.870504,0.807779,0.709495,0.934605,0.903302
943,0.790713,0.79,0.728193,0.808354,0.734949,0.662393,0.874224,0.847545
944,0.794175,0.764985,0.567385,0.753899,0.674743,0.552583,0.831633,0.861111
945,0.747596,0.72963,0.615063,0.730612,0.601476,0.418868,0.846774,0.84
946,0.906977,0.884932,0.827869,0.804878,0.896552,0.891566,0.94,0.971429
947,0.645349,0.718884,0.674779,0.693277,0.63099,0.697289,0.933824,0.94382
948,0.709112,0.723922,0.661747,0.737838,0.667123,0.676393,0.932773,0.91195
949,0.258621,0.353333,0.265306,0.477273,0.275,0.4,0.777778,0.85
950,0.947761,0.929712,0.934066,0.949495,0.925926,0.880952,0.817204,0.774194
951,0.967105,0.967164,0.947368,0.952381,0.945652,0.879121,0.845361,0.823529
952,0.967532,0.963989,0.980769,0.971963,0.95098,0.913462,0.88,0.885714
953,0.933481,0.92437,0.886473,0.898833,0.910979,0.907436,0.874346,0.847059
954,0.921844,0.892135,0.90724,0.905923,0.873385,0.890789,0.903382,0.833333
955,0.934823,0.879007,0.915584,0.954248,0.902878,0.909314,0.899543,0.839623
956,0.964346,0.909796,0.955078,0.958457,0.917943,0.919203,0.89823,0.873874
957,0.928077,0.886364,0.90411,0.916031,0.855963,0.846975,0.887681,0.863309
958,0.874477,0.848078,0.773913,0.907197,0.782911,0.742163,0.872611,0.881857
959,0.626506,0.652174,0.465116,0.72,0.37037,0.3,0.724138,0.285714
960,0.333333,0.262295,0.055556,0.15942,0.440367,0.37931,0.55,0.75
961,0.74569,0.601942,0.479167,0.448,0.646226,0.693046,0.826087,0.735294
962,0.753695,0.662058,0.40501,0.487685,0.669211,0.691193,0.779221,0.640625
963,0.652174,0.55325,0.362573,0.380753,0.552511,0.639228,0.658537,0.546875
964,0.642405,0.61687,0.291139,0.403175,0.500417,0.487677,0.571429,0.52459
965,0.562264,0.646809,0.548117,0.435115,0.434679,0.521739,0.55,0.68
966,0.606061,0.785953,0.732558,0.733333,0.609649,0.580882,0.652174,0.794872
967,0.507042,0.608871,0.522059,0.308642,0.402174,0.447005,0.5625,0.705882
968,0.84058,0.871134,0.863636,0.850746,0.84375,0.851852,0.967742,0.9375
969,0.89117,0.861809,0.895556,0.910853,0.866878,0.84585,0.763889,0.779221
970,0.929688,0.936959,0.917197,0.937729,0.924499,0.886957,0.883117,0.897727
971,0.937143,0.945107,0.925,0.957143,0.922619,0.877427,0.878049,0.866667
972,0.932692,0.922449,0.86789,0.946875,0.907117,0.869828,0.912195,0.867257
973,0.88189,0.837112,0.738235,0.84399,0.818182,0.761089,0.923611,0.910345
974,0.69168,0.69537,0.575693,0.782748,0.636624,0.578667,0.761682,0.8
975,0.751244,0.724731,0.661972,0.86087,0.661765,0.5,0.484848,0.5
976,0.792453,0.728682,0.65,0.828283,0.450549,0.517647,0.15,0.482759
977,0.085106,0.035948,0.045045,0.021505,0.044118,0.028169,0,0
978,0.443182,0.354974,0.12724,0.252396,0.251497,0.242378,0.02451,0.037879
979,0.351938,0.261775,0.079316,0.13624,0.16771,0.180737,0.037815,0.046053
980,0.401891,0.319763,0.115713,0.226782,0.270962,0.180815,0.045181,0.057143
981,0.243569,0.176854,0.066489,0.096639,0.131349,0.092705,0.016854,0.039216
982,0.245283,0.082474,0.054054,0.10084,0.061538,0.068182,0,0
983,0.086093,0.0625,0.018182,0.06087,0.068966,0.037037,0,0
984,0.152174,0.036474,0.009901,0.07619,0.140351,0.013158,0,0
985,0.229167,0.034091,0.04878,0.082353,0.133333,0.052632,0.029412,0.071429
986,0.914894,0.959184,0.941176,0.93617,0.966667,0.926829,0.98913,0.967742
987,0.924242,0.926718,0.921348,0.923497,0.910072,0.90411,0.933333,0.944444
988,0.928144,0.921776,0.891566,0.930328,0.905967,0.913323,0.937888,0.990196
989,0.77526,0.729791,0.728962,0.827112,0.721142,0.703855,0.867876,0.830275
990,0.762295,0.729378,0.749196,0.432203,0.70516,0.567358,0.811881,0.885246
991,0.72973,0.756335,0.669528,0.851282,0.704545,0.558491,0.808219,0.857143
992,0.772727,0.747634,0.676923,0.778689,0.6875,0.604167,0.444444,0.7
993,0.780952,0.645669,0.533898,0.534247,0.55,0.506329,0.702703,0.733333
994,0.862416,0.830054,0.843949,0.82967,0.812709,0.831492,0.921569,0.922078
995,0.833724,0.759945,0.774026,0.688034,0.799097,0.817814,0.929936,0.972222
996,0.818015,0.773714,0.719917,0.57931,0.767642,0.782344,0.943925,0.954887
997,0.711712,0.703704,0.688742,0.715447,0.574257,0.502439,0.847222,0.883721
998,0.940789,0.983819,0.991071,0.95098,0.979592,0.934066,0.979167,0.851852
999,0.929648,0.926316,0.927152,0.937008,0.943662,0.924242,0.95082,0.882353
1000,0.832599,0.930905,0.891954,0.951311,0.880899,0.83816,0.906977,0.967213
1001,0.789216,0.814026,0.762141,0.843243,0.763625,0.732152,0.908012,0.875676
1002,0.519757,0.589568,0.48873,0.563218,0.561069,0.2655,0.874627,0.865591
1003,0.809701,0.783956,0.723173,0.849438,0.736123,0.613941,0.825911,0.80315
1004,0.717647,0.739394,0.518519,0.769231,0.619048,0.586207,0.809524,0.4
1005,0.446328,0.507463,0.309309,0.304348,0.435673,0.635611,0.139344,0.072727
1006,0.31068,0.408108,0.231733,0.258182,0.34647,0.488636,0.088235,0.101124
1007,0.296684,0.371046,0.204239,0.24026,0.327323,0.459641,0.074257,0.042373
1008,0.321937,0.337748,0.1481,0.230321,0.354598,0.423502,0.144444,0.125
1009,0.370651,0.37749,0.171771,0.268139,0.373391,0.469472,0.14,0.145833
1010,0.359425,0.378804,0.176871,0.224422,0.358676,0.462393,0.166667,0.123596
1011,0.494949,0.448426,0.285915,0.322695,0.478053,0.535584,0.178862,0.180723
1012,0.398058,0.422256,0.243243,0.317308,0.392297,0.468571,0.194805,0.384615
1013,0.41604,0.409657,0.21135,0.282178,0.366959,0.440476,0.208333,0.22
1014,0.467742,0.382353,0.193989,0.214765,0.345382,0.412301,0.285714,0.27907
1015,0.204819,0.36,0.086957,0.102941,0.22807,0.357143,0.666667,0.416667
1016,0.879444,0.881198,0.829921,0.82906,0.852476,0.816042,0.857143,0.877193
1017,0.86244,0.808065,0.784314,0.792208,0.759854,0.772503,0.838356,0.839827
1018,0.79863,0.79926,0.730399,0.805797,0.724029,0.687454,0.696552,0.650602
1019,0.774359,0.741123,0.653028,0.727599,0.638235,0.610154,0.693069,0.726562
1020,0.65567,0.77292,0.625688,0.758893,0.63806,0.653979,0.648855,0.655556
1021,0.740223,0.780277,0.662447,0.744076,0.72344,0.648318,0.705882,0.661017
1022,0.696711,0.741473,0.661743,0.758197,0.638786,0.656225,0.715054,0.663415
1023,0.810273,0.80464,0.739558,0.78022,0.801374,0.725775,0.636,0.625
1024,0.850318,0.865239,0.802713,0.858473,0.844139,0.751186,0.82636,0.815217
1025,0.52439,0.542484,0.575758,0.444444,0.526316,0.306122,0.717949,0.666667
1026,0.342342,0.37659,0.268085,0.264706,0.289474,0.319797,0.818182,0.846154
1027,0.361702,0.425787,0.441589,0.258278,0.293388,0.39399,0.791667,0.825397
1028,0.312298,0.400438,0.258752,0.251295,0.290196,0.429314,0.849206,0.864583
1029,0.343915,0.443291,0.370595,0.274468,0.40776,0.477328,0.896552,0.936709
1030,0.371891,0.499579,0.514085,0.340426,0.518063,0.644503,0.912088,0.931579
1031,0.373891,0.488964,0.513545,0.3309,0.513576,0.665104,0.913208,0.912568
1032,0.358839,0.48569,0.452153,0.315,0.500397,0.648907,0.937743,0.934524
1033,0.340568,0.445629,0.302425,0.272455,0.464948,0.589474,0.79602,0.815385
1034,0.40625,0.432292,0.44697,0.338462,0.534591,0.697802,0.820513,0.72973
1035,0.398693,0.508197,0.392344,0.306931,0.5,0.61828,0.829268,0.703704
1036,0.376923,0.466135,0.388489,0.280899,0.495413,0.617391,0.777778,0.791667
1037,0.528455,0.530612,0.301075,0.4,0.338983,0.246377,0.179487,0.304348
1038,0.786364,0.705036,0.667969,0.816794,0.576779,0.454006,0.327869,0.16
1039,0.588785,0.624079,0.579365,0.730159,0.483271,0.405882,0.349206,0.107143
1040,0.794192,0.750207,0.603672,0.701571,0.701691,0.583236,0.310105,0.283133
1041,0.836735,0.738786,0.809942,0.755319,0.798521,0.618302,0.117904,0.161765
1042,0.812,0.696396,0.774257,0.696133,0.756051,0.603086,0.123853,0.166667
1043,0.822873,0.683712,0.785641,0.72,0.792568,0.643229,0.123077,0.154472
1044,0.804185,0.712702,0.79314,0.720238,0.795584,0.672211,0.123529,0.156522
1045,0.882775,0.778774,0.870518,0.810345,0.89125,0.800747,0.196262,0.290323
1046,0.861111,0.815412,0.853881,0.781095,0.887283,0.780415,0.150538,0.196429
1047,0.812698,0.755814,0.785146,0.703297,0.819489,0.755932,0.13253,0.177778
1048,0.790698,0.757576,0.771739,0.822581,0.811966,0.797619,0.225806,0.391304
1049,0.930233,0.739496,0.828125,0.8,0.829787,0.794118,0.157895,0.133333
1050,0.846154,0.774775,0.796875,0.810811,0.863636,0.787879,0.210526,0.266667
1051,0.584615,0.438202,0.43617,0.16129,0.377358,0.364865,0.083333,0.5625
1052,0.64557,0.544643,0.536364,0.209302,0.508197,0.358696,0.214286,0.666667
1053,0.604396,0.410853,0.460317,0.215686,0.432432,0.378378,0.105263,0.526316
1054,0.773109,0.608974,0.571429,0.384615,0.666667,0.478261,0.181818,0.407407
1055,0.684211,0.552846,0.548246,0.390909,0.483696,0.359073,0.186047,0.35
1056,0.709677,0.625743,0.776596,0.563452,0.670391,0.623249,0.12963,0.238806
1057,0.822542,0.733981,0.825996,0.68932,0.764065,0.675787,0.159292,0.260274
1058,0.819672,0.721805,0.823651,0.643836,0.761062,0.713704,0.115702,0.287671
1059,0.600806,0.491729,0.500952,0.411255,0.572759,0.567619,0.098039,0.202128
1060,0.681624,0.561208,0.64728,0.425926,0.666667,0.619374,0.105634,0.228916
1061,0.643533,0.448113,0.523342,0.382166,0.59176,0.63925,0.107143,0.137255
1062,0.617647,0.461905,0.520885,0.381579,0.623327,0.625183,0.0875,0.156863
1063,0.702381,0.503226,0.732558,0.583333,0.636364,0.568627,0.142857,0.428571
1064,0.929577,0.842105,0.928571,0.888889,0.870968,0.833333,0.3,0.6
1065,0.557018,0.537713,0.351852,0.490741,0.342282,0.255172,0.738318,0.729167
1066,0.848812,0.82067,0.762869,0.843982,0.760663,0.705735,0.893836,0.904321
1067,0.903521,0.881671,0.821192,0.899705,0.83313,0.776587,0.921797,0.946429
1068,0.911765,0.912979,0.88383,0.95315,0.879433,0.850218,0.962901,0.975
1069,0.89755,0.903394,0.880756,0.950644,0.904151,0.858273,0.960422,0.978378
1070,0.930759,0.883117,0.877221,0.900243,0.841021,0.830189,0.926282,0.928144
1071,0.957704,0.941426,0.956274,0.944444,0.916667,0.896406,0.9375,0.971223
1072,0.894515,0.876277,0.893443,0.844444,0.865979,0.840868,0.915094,0.918605
1073,0.520833,0.615,0.74,0.449275,0.661017,0.771429,0.965517,0.961538
1074,0.468254,0.534351,0.612903,0.409091,0.634409,0.8,0.514706,1
1075,0.509506,0.522073,0.705263,0.462857,0.602076,0.629747,0.863636,0.866667
1076,0.630952,0.503684,0.698925,0.599628,0.640625,0.562251,0.94695,0.919598
1077,0.551106,0.431012,0.577706,0.242144,0.572655,0.53043,0.927136,0.87619
1078,0.697148,0.680458,0.764641,0.747826,0.724075,0.71857,0.951417,0.930769
1079,0.730385,0.736413,0.656352,0.729927,0.684793,0.599442,0.860294,0.897436
1080,0.72293,0.704174,0.694981,0.780749,0.652632,0.526992,0.854369,0.916667
1081,0.81,0.737288,0.555556,0.742857,0.44186,0.385417,0.842105,0.875
1082,0.937008,0.953488,0.96,0.918919,0.986111,0.940299,0.967742,0.882353
1083,0.892045,0.923267,0.933333,0.945736,0.931624,0.936937,0.913043,0.75
1084,0.865435,0.892562,0.846154,0.867257,0.857759,0.846939,0.87013,0.939394
1085,0.705882,0.629808,0.439024,0.73913,0.538462,0.352941,0.62069,0.777778
1086,0.769231,0.859316,0.729167,0.828947,0.8,0.783784,0.935897,0.851064
1087,0.94382,0.949609,0.925217,0.955975,0.931915,0.903156,0.947955,0.947368
1088,0.929012,0.940185,0.927365,0.942073,0.930931,0.89243,0.968531,0.957447
1089,0.882282,0.864626,0.829096,0.882222,0.816692,0.790323,0.882641,0.881517
1090,0.853791,0.828149,0.788578,0.842271,0.79939,0.744958,0.885281,0.849593
1091,0.704545,0.744939,0.612903,0.833333,0.592308,0.493827,0.839506,0.902439
1092,0.935065,0.921053,0.885714,0.928571,0.884615,0.83871,0.891892,0.916667
1093,0.894737,0.897338,0.893617,0.918033,0.9,0.913793,0.913793,0.888889
1094,0.886525,0.864407,0.73913,0.847222,0.772152,0.84,0.910448,0.869565
1095,0.894886,0.848485,0.820513,0.847368,0.813411,0.801187,0.936364,0.9
1096,0.934118,0.921403,0.859195,0.911765,0.880435,0.886555,0.957447,0.935897
1097,0.904992,0.879893,0.892454,0.934524,0.887207,0.843845,0.867003,0.897833
1098,0.89444,0.871526,0.89983,0.928779,0.872051,0.824941,0.948675,0.942122
1099,0.908027,0.854861,0.869857,0.922059,0.859813,0.805385,0.935018,0.949091
1100,0.623729,0.694064,0.542308,0.687764,0.581994,0.418675,0.849206,0.871795
1101,0.937824,0.913758,0.861111,0.878049,0.945946,0.937931,0.897436,0.904762
1102,0.899346,0.897568,0.887246,0.916877,0.836399,0.858998,0.904382,0.902985
1103,0.903423,0.85446,0.853312,0.912946,0.819549,0.820809,0.904605,0.923077
1104,0.796117,0.880368,0.868421,0.858974,0.918919,0.820513,0.944444,0.958333
1105,0.953368,0.930041,0.928571,0.953488,0.946565,0.865854,0.939024,0.885714
1106,0.867925,0.867232,0.844444,0.876289,0.851351,0.756677,0.860465,0.912281
1107,0.865169,0.839168,0.835106,0.898039,0.806584,0.791745,0.729885,0.585366
1108,0.891725,0.85495,0.835507,0.883573,0.825416,0.8,0.791228,0.735395
1109,0.909091,0.877333,0.887476,0.928687,0.876319,0.845335,0.912249,0.906716
1110,0.819747,0.816425,0.738444,0.842412,0.726708,0.673436,0.794344,0.757576
1111,0.835821,0.763514,0.659091,0.844203,0.644737,0.579817,0.818182,0.791209
1112,0.825175,0.764543,0.719512,0.867257,0.7125,0.537634,0.851351,0.866667
1113,0.719626,0.738182,0.696429,0.809524,0.666667,0.535714,0.864407,0.909091
1114,0.611215,0.822266,0.748252,0.749235,0.670455,0.44012,0.093284,0.047244
1115,0.519494,0.495044,0.48145,0.558943,0.466351,0.348397,0.020408,0.017857
1116,0.561774,0.569767,0.638072,0.660494,0.558868,0.412691,0.057407,0.018248
1117,0.540598,0.548929,0.549201,0.612288,0.54259,0.382366,0.045276,0.05283
1118,0.59235,0.528762,0.583618,0.625,0.54012,0.374884,0.040568,0.047619
1119,0.536375,0.529449,0.5,0.653846,0.503919,0.307849,0.057339,0.043269
1120,0.47914,0.475228,0.37688,0.523256,0.41638,0.258719,0.035211,0.019608
1121,0.535608,0.548606,0.502738,0.593434,0.505602,0.288232,0.050602,0.030928
1122,0.140351,0.100775,0.120482,0.212963,0.117021,0.060403,0.017751,0
1123,0.333333,0.217687,0.083333,0.230769,0.142857,0.181818,0,0
1124,0.919431,0.899018,0.89375,0.887892,0.873188,0.82563,0.899083,0.901639
1125,0.850559,0.846416,0.879282,0.91689,0.809274,0.798535,0.911504,0.900826
1126,0.764706,0.764867,0.683305,0.78869,0.682857,0.680872,0.864734,0.875
1127,0.816327,0.845238,0.859649,0.890995,0.775463,0.72837,0.930435,0.859375
1128,0.828804,0.832298,0.870769,0.88,0.724051,0.692784,0.866667,0.929825
1129,0.795053,0.806061,0.779116,0.886076,0.686695,0.613333,0.869565,0.913043
1130,0.75,0.782051,0.709677,0.841463,0.473684,0.45122,0.857143,0.8
1131,0.77,0.73913,0.666667,0.823529,0.538462,0.328358,0.782609,0.782609
1132,0.776812,0.785489,0.771429,0.792952,0.769231,0.739377,0.905512,0.890625
1133,0.913941,0.84205,0.810811,0.876582,0.837662,0.782554,0.931373,0.897196
1134,0.823052,0.781873,0.729478,0.822289,0.768187,0.711165,0.913793,0.918699
1135,0.804688,0.816231,0.764787,0.820856,0.772912,0.723507,0.868085,0.85124
1136,0.642651,0.608919,0.555556,0.627706,0.62449,0.471459,0.832061,0.915254
1137,0.768398,0.655381,0.648551,0.690083,0.663685,0.564626,0.862832,0.826446
1138,0.902778,0.849085,0.760736,0.810345,0.820755,0.846512,0.909774,0.807018
1139,0.912134,0.865487,0.837398,0.818898,0.839506,0.82243,0.810811,0.888889
1140,0.909804,0.89491,0.856061,0.915493,0.910891,0.867769,0.937008,0.984615
1141,0.874667,0.836524,0.738462,0.895595,0.80075,0.714186,0.900621,0.922509
1142,0.757353,0.770128,0.742268,0.814229,0.654018,0.5,0.803922,0.805195
1143,0.704545,0.746445,0.698925,0.701754,0.491803,0.505051,0.851852,0.795918
1144,0.649351,0.534247,0.232558,0.301887,0.523256,0.786517,1,1
1145,0.646465,0.513089,0.257143,0.307692,0.605634,0.671329,0.928571,1
1146,0.60274,0.567568,0.379085,0.333333,0.626168,0.718894,0.944444,0.75
1147,0.414286,0.395778,0.258065,0.255319,0.410188,0.472155,0.75,0.666667
1148,0.398773,0.356401,0.179592,0.180952,0.38403,0.425926,0.538462,0.375
1149,0.698389,0.878543,0.840194,0.923288,0.891034,0.84,0.886463,0.834483
1150,0.701754,0.890749,0.886179,0.910714,0.884674,0.858995,0.845411,0.828358
1151,0.824,0.433071,0.87037,0.876712,0.920635,0.84375,0.961538,0.857143
1152,0.028846,0.014815,0,0.041667,0.020408,0,0.043478,0
1153,0.043478,0.054983,0,0.025,0,0.042105,0,0
1154,0.015748,0.056291,0.0375,0.069767,0.045455,0.035088,0.019608,0
1155,0,0.008357,0,0,0.009346,0.0125,0,0.027027
1156,0.038889,0.022727,0.016949,0.037383,0.027586,0.015625,0,0.026316
1157,0.014925,0.005059,0.009479,0.006667,0.013928,0.002762,0.008696,0
1158,0,0.00471,0.0181,0.011976,0.007143,0.009975,0,0
1159,0.038328,0.026114,0.008772,0.04,0.027907,0.019324,0.038168,0.033898
1160,0.053512,0.067873,0.025862,0.027473,0.047297,0.021687,0.007246,0.016129
1161,0.003205,0.007463,0.012821,0.005102,0.004425,0.009501,0.007246,0
1162,0.004329,0.013873,0.00641,0.00369,0.013908,0.012327,0.009524,0
1163,0.019305,0.01658,0.014245,0.070946,0.015971,0.021305,0.004464,0.007752
1164,0.010368,0.016959,0.009547,0.009756,0.01155,0.015094,0,0.003448
1165,0.017065,0.014878,0.018927,0.010355,0.018589,0.010503,0.012,0.00639
1166,0.030126,0.024881,0.017801,0.014472,0.02451,0.01427,0,0
1167,0.104167,0.081152,0.067427,0.099662,0.067206,0.096587,0.010178,0.004484
1168,0.071658,0.062327,0.061269,0.072072,0.04641,0.070077,0.013514,0
1169,0.036398,0.023256,0.016667,0.014451,0.023109,0.02924,0,0.020202
1170,0.003012,0.001862,0.002786,0.0125,0.004,0.005917,0.014706,0.018182
1171,0.010695,0.005865,0.005917,0,0,0,0.012346,0
1172,0.015748,0.029536,0.019231,0.011905,0.039216,0.036145,0,0.033333
1173,0.206731,0.346056,0.191176,0.282051,0.278978,0.225806,0,0
1174,0.043307,0.216842,0.041667,0.113333,0.097372,0.083086,0.010638,0
1175,0.076733,0.303519,0.098958,0.161572,0.185078,0.204606,0,0
1176,0.079665,0.264706,0.078103,0.131387,0.103365,0.150398,0.012658,0.011236
1177,0.091248,0.329532,0.115482,0.184211,0.177419,0.213519,0.005682,0.019417
1178,0.058288,0.286034,0.064039,0.13355,0.098106,0.124235,0,0.009174
1179,0.099596,0.335993,0.108844,0.163366,0.196487,0.257373,0.009901,0.007407
1180,0.160112,0.391115,0.185882,0.234536,0.335157,0.422308,0.038251,0.015873
1181,0.130882,0.38117,0.136306,0.15508,0.259955,0.324438,0,0.008264
1182,0.121528,0.3796,0.10687,0.142045,0.180513,0.248634,0,0.010309
1183,0.144231,0.415584,0.151104,0.16242,0.243309,0.342541,0.017544,0.012658
1184,0.159884,0.414826,0.168605,0.161435,0.268293,0.45738,0.048387,0.068182
1185,0.167969,0.432432,0.168033,0.152047,0.296417,0.492401,0.022222,0
1186,0.141304,0.425837,0.132275,0.143939,0.223404,0.395,0,0.038462
1187,0.158537,0.482234,0.185393,0.165289,0.341317,0.617978,0.035714,0.047619
1188,0.168919,0.501393,0.183432,0.134615,0.260274,0.521739,0,0
1189,0.12766,0.488636,0.207317,0.137255,0.319149,0.54902,0,0
1190,0.147059,0.498551,0.196203,0.163265,0.373134,0.636986,0.055556,0
1191,0.116667,0.496835,0.151316,0.086957,0.274336,0.439024,0.055556,0
1192,0.117117,0.440141,0.120301,0.08046,0.183908,0.354545,0,0
1193,0.119266,0.496324,0.148438,0.1625,0.25,0.401869,0,0
1194,0.127451,0.493724,0.208333,0.148649,0.253731,0.54878,0,0
1195,0.088235,0.301205,0.144928,0.035088,0.086957,0.166667,0,0
1196,0.810056,0.743017,0.654206,0.75,0.686192,0.571429,0.737705,0.666667
1197,0.790393,0.810875,0.688889,0.746032,0.754777,0.653117,0.887324,0.916667
1198,0.912281,0.884835,0.903571,0.934694,0.869482,0.819959,0.96875,0.97561
1199,0.924419,0.870495,0.899115,0.948413,0.862326,0.805777,0.981595,0.988095
1200,0.909774,0.892039,0.880342,0.954023,0.876476,0.824832,0.981595,1
1201,0.915315,0.874207,0.857143,0.87594,0.878814,0.831012,0.955696,0.906977
1202,0.903285,0.850159,0.86907,0.897338,0.875648,0.795283,0.974522,0.976471
1203,0.934524,0.900344,0.881288,0.958848,0.919807,0.87234,1,0.97619
1204,0.824242,0.719685,0.802676,0.802198,0.796694,0.656364,0.990291,0.894737
1205,0.556213,0.345865,0.39521,0.485714,0.450331,0.460526,0.839286,0.433333
1206,0.522436,0.423701,0.65374,0.65625,0.440909,0.446585,0.853659,0.86
1207,0.767442,0.672,0.836364,0.766234,0.710843,0.59375,0.818182,0.894737
1208,0.68,0.72,0.643836,0.836066,0.584906,0.507042,0.923077,0.875
1209,0.443478,0.529412,0.545455,0.614286,0.380952,0.47561,0.790698,0.793103
1210,0.633333,0.615721,0.479592,0.561798,0.436782,0.41129,0.698113,0.864865
1211,0.672029,0.659944,0.692448,0.772313,0.643771,0.695279,0.93318,0.870968
1212,0.394928,0.404694,0.654611,0.538889,0.397024,0.593285,0.884532,0.851695
1213,0.357069,0.391215,0.560738,0.504237,0.345026,0.553803,0.908434,0.893878
1214,0.526696,0.57685,0.782805,0.722543,0.644841,0.721943,0.917266,0.930233
1215,0.379688,0.443,0.64139,0.513678,0.483351,0.635874,0.869565,0.888158
1216,0.422222,0.520936,0.7473,0.652344,0.508006,0.69172,0.888325,0.926829
1217,0.384224,0.483582,0.661247,0.555556,0.505725,0.693356,0.896552,0.919192
1218,0.426829,0.588983,0.849785,0.809859,0.625418,0.826531,0.916667,0.873016
1219,0.432258,0.762058,0.876923,0.75,0.649573,0.855072,0.964706,0.960784
1220,0.789855,0.859206,0.862385,0.8375,0.769231,0.828283,0.895522,0.97619
1221,0.458564,0.501529,0.403101,0.514851,0.392157,0.370732,0.423729,0.344828
1222,0.517766,0.611276,0.47482,0.654206,0.433962,0.344037,0.333333,0.333333
1223,0.631783,0.67907,0.639594,0.731034,0.462366,0.389381,0.629213,0.638298
1224,0.596726,0.651978,0.625659,0.764706,0.495146,0.476538,0.221198,0.213592
1225,0.700124,0.723358,0.695712,0.844444,0.633959,0.537066,0.327338,0.34058
1226,0.849647,0.781323,0.769312,0.873626,0.735941,0.612147,0.669173,0.690722
1227,0.604706,0.555402,0.462745,0.526012,0.549745,0.496696,0.751111,0.735955
1228,0.72,0.698492,0.762712,0.692308,0.513514,0.527778,0.833333,0.769231
1229,0.803163,0.774226,0.718992,0.814815,0.634641,0.599402,0.834171,0.88
1230,0.850314,0.835938,0.844928,0.857143,0.780045,0.786425,0.866242,0.873134
1231,0.884298,0.88764,0.89738,0.917355,0.849116,0.85958,0.882576,0.878261
1232,0.865942,0.866545,0.9,0.910112,0.774278,0.795918,0.902439,0.918033
1233,0.944,0.925197,0.872,0.939394,0.886364,0.90583,0.896226,0.88
1234,0.851282,0.836676,0.740933,0.844749,0.746377,0.648396,0.824561,0.805556
1235,0.822323,0.819923,0.809524,0.856631,0.724758,0.667092,0.910714,0.820896
1236,0.956522,0.965812,0.98,0.977273,0.947368,1,1,0.9
1237,0.671875,0.628378,0.659341,0.666667,0.583333,0.434783,0.636364,0.666667
1238,0.728571,0.624242,0.676471,0.612903,0.55814,0.482143,0.632653,0.75
1239,0.6,0.654206,0.8,0.764706,0.643678,0.613793,0.5,0.222222
1240,0.600416,0.548531,0.590487,0.588785,0.569075,0.568525,0.580392,0.607914
1241,0.808943,0.789636,0.769759,0.814882,0.75431,0.728954,0.901887,0.874564
1242,0.824766,0.832378,0.701538,0.816794,0.716931,0.727891,0.877419,0.873418
1243,0.482987,0.423358,0.646435,0.542339,0.42326,0.507843,0.865031,0.791506
1244,0.700474,0.71754,0.742661,0.724138,0.596407,0.621779,0.879276,0.888889
1245,0.495263,0.481903,0.469012,0.485294,0.453505,0.522175,0.807692,0.742647
1246,0.440778,0.416461,0.504512,0.421329,0.405385,0.528009,0.870637,0.840426
1247,0.528889,0.509924,0.556338,0.51773,0.470099,0.573366,0.902597,0.896679
1248,0.419289,0.442699,0.41989,0.417191,0.425481,0.520159,0.864721,0.867647
1249,0.434498,0.474164,0.422274,0.411111,0.45069,0.548691,0.805797,0.864407
1250,0.396783,0.424981,0.469003,0.411765,0.436811,0.569629,0.901186,0.904762
1251,0.444284,0.447908,0.472701,0.402899,0.430425,0.590609,0.868996,0.878788
1252,0.591522,0.672632,0.676245,0.605634,0.615982,0.709302,0.748538,0.72549
1253,0.414868,0.497076,0.573529,0.466102,0.499213,0.589783,0.797101,0.844156
1254,0.487952,0.659639,0.683721,0.561983,0.622727,0.64,0.769231,0.780488
1255,0.546763,0.614545,0.646409,0.520833,0.636905,0.680556,0.864865,0.810811
1256,0.733333,0.714859,0.666667,0.825397,0.597561,0.306122,0.885246,0.827586
1257,0.714689,0.6304,0.542289,0.716867,0.540984,0.410749,0.717742,0.670732
1258,0.744409,0.656221,0.48,0.791809,0.491394,0.411862,0.727273,0.710345
1259,0.605759,0.580666,0.433722,0.591398,0.50997,0.366204,0.668498,0.77972
1260,0.780196,0.735145,0.663866,0.783439,0.625782,0.558599,0.767918,0.789474
1261,0.771221,0.716945,0.631306,0.766784,0.618927,0.46463,0.788051,0.817694
1262,0.712681,0.675625,0.583084,0.744755,0.634513,0.451857,0.726891,0.705263
1263,0.766021,0.743766,0.677442,0.818781,0.712385,0.529705,0.752022,0.799486
1264,0.737809,0.713752,0.664719,0.761171,0.720319,0.511746,0.6983,0.71466
1265,0.792832,0.762247,0.714925,0.779845,0.743094,0.564453,0.700637,0.75976
1266,0.666985,0.60044,0.517937,0.62069,0.627607,0.435897,0.711172,0.778802
1267,0.654167,0.7625,0.715116,0.611511,0.670968,0.65109,0.826087,0.8
1268,0.781513,0.830189,0.825581,0.789474,0.627451,0.650794,0.80303,0.818182
1269,0.009412,0.013699,0.015936,0.004132,0.011605,0.011364,0.025862,0.031746
1270,0.013675,0.011706,0.021782,0.003247,0.013464,0.008646,0.02439,0.022989
1271,0.00674,0.014867,0.009819,0.008666,0.012766,0.015365,0.022277,0.008734
1272,0.006672,0.013573,0.008574,0.005119,0.009335,0.01445,0.017588,0.008929
1273,0.004983,0.013496,0.013127,0.001701,0.010671,0.011599,0.022444,0.008696
1274,0.002407,0.007917,0.007114,0.002364,0.005828,0.003484,0.004762,0
1275,0.001351,0.009377,0.008761,0,0.004788,0.007399,0.015625,0
1276,0.004637,0.006865,0.01037,0.002924,0.009967,0.006601,0.006369,0
1277,0.007634,0.003472,0,0,0,0.004292,0,0
1278,0.641651,0.62593,0.510689,0.675472,0.515646,0.44713,0.740506,0.735849
1279,0.691617,0.704956,0.683761,0.684739,0.647635,0.633846,0.818182,0.437838
1280,0.805134,0.824601,0.844702,0.861432,0.786127,0.794964,0.829201,0.859375
1281,0.70568,0.767666,0.75,0.807692,0.733255,0.731861,0.842697,0.869565
1282,0.578616,0.56,0.505495,0.617021,0.397436,0.333333,0.774194,0.741935
1283,0.381132,0.454064,0.317647,0.480769,0.290909,0.266304,0.666667,0.647059
1284,0.414439,0.527248,0.406699,0.523585,0.306785,0.290123,0.662069,0.585714
1285,0.577795,0.670523,0.5727,0.706667,0.533439,0.484802,0.736842,0.712644
1286,0.552311,0.644138,0.481598,0.643987,0.515438,0.461312,0.779141,0.736842
1287,0.353043,0.503883,0.355653,0.520938,0.363006,0.367762,0.779545,0.696809
1288,0.832037,0.819657,0.767341,0.837037,0.721818,0.719016,0.637931,0.625
1289,0.718615,0.706186,0.685039,0.865248,0.665441,0.723301,0.72043,0.903226
1290,0.811765,0.808219,0.542169,0.913043,0.511628,0.378788,0.705882,0.727273
1291,0.784314,0.808743,0.638889,0.839286,0.630252,0.45,0.809524,0.75
1292,0.764151,0.821622,0.72807,0.836066,0.685484,0.495238,0.863636,0.916667
1293,0.751938,0.792271,0.671875,0.794872,0.681818,0.54386,0.888889,0.8
1294,0.728223,0.748184,0.663717,0.801075,0.662222,0.604369,0.728814,0.6875
1295,0.77724,0.863711,0.894397,0.897321,0.787411,0.781796,0.774194,0.794872
1296,0.720109,0.801444,0.833333,0.814815,0.729167,0.755216,0.751592,0.794872
1297,0.509804,0.30038,0.449438,0.402597,0.388889,0.178571,0.815789,0.931034
1298,0.708571,0.401869,0.41875,0.446154,0.473684,0.251852,0.813559,0.933333
1299,0.542056,0.338217,0.326923,0.480427,0.353511,0.217593,0.784483,0.824176
1300,0.63843,0.338554,0.299611,0.422857,0.392226,0.230059,0.852217,0.83871
1301,0.698833,0.431407,0.526364,0.62426,0.493243,0.268622,0.843352,0.825926
1302,0.69078,0.474453,0.400858,0.53186,0.592883,0.517049,0.829401,0.822642
1303,0.786999,0.646824,0.786443,0.766367,0.774464,0.658009,0.834131,0.806557
1304,0.806349,0.587993,0.740125,0.760584,0.741404,0.457822,0.899381,0.884354
1305,0.828612,0.709104,0.790361,0.842995,0.819793,0.759536,0.85258,0.86413
1306,0.95122,0.899263,0.880952,0.94382,0.871429,0.843373,0.974576,0.97561
1307,0.684211,0.64532,0.692771,0.727811,0.569378,0.428571,0.346154,0.387097
1308,0.71087,0.758242,0.714286,0.758993,0.636872,0.545763,0.587629,0.754386
1309,0.78865,0.800261,0.735897,0.864238,0.73951,0.623234,0.563636,0.634921
1310,0.810089,0.819081,0.788086,0.810376,0.769841,0.685441,0.29927,0.365385
1311,0.570717,0.588662,0.4363,0.425676,0.573661,0.545815,0.163324,0.166667
1312,0.945813,0.875969,0.947867,0.934783,0.912195,0.882353,0.892857,0.962963
1313,0.022059,0.029304,0.034783,0,0.022222,0.016949,0,0.04
1314,0.02381,0.012232,0.021583,0.034091,0.022556,0.012821,0,0
1315,0.004926,0.006555,0.002981,0.006881,0.015254,0.011458,0,0.005556
1316,0.014431,0.018929,0.01,0.01497,0.022569,0.010824,0.003604,0
1317,0.010127,0.012439,0.008016,0.00304,0.02208,0.007794,0.001802,0.003788
1318,0.009885,0.01009,0.004836,0.011887,0.012277,0.013618,0.001992,0.004016
1319,0.015127,0.012333,0.005993,0.005865,0.009585,0.007092,0.00207,0
1320,0.0152,0.009927,0.007463,0.004405,0.012732,0.005914,0.008197,0.00369
1321,0.013578,0.018037,0.011783,0.00761,0.00582,0.014626,0.006452,0.011407
1322,0.010381,0.012638,0.007181,0.008183,0.009164,0.007386,0,0.009709
1323,0.006585,0.019157,0.008457,0,0.009753,0.013708,0.001773,0.006803
1324,0.048897,0.043673,0.032644,0.039252,0.037433,0.050102,0.005263,0.027875
1325,0.012109,0.017493,0,0.013699,0.014239,0.016236,0.00713,0
1326,0.026786,0.024118,0.009036,0.009158,0.014695,0.016744,0.001555,0.006515
1327,0.049211,0.045589,0.02578,0.026316,0.058663,0.042678,0.00813,0.00974
1328,0.02716,0.038401,0.030201,0.009631,0.024941,0.035859,0.00554,0.005587
1329,0.11171,0.09638,0.036008,0.03139,0.083333,0.074119,0.006596,0.03
1330,0.023827,0.029957,0.014832,0.005772,0.033028,0.02329,0.002642,0.010025
1331,0.017267,0.020794,0.00936,0.010086,0.025653,0.017358,0.005398,0.005195
1332,0.110626,0.184466,0.084444,0.130319,0.179215,0.208477,0.031963,0.02027
1333,0.129032,0.197253,0.100324,0.123894,0.186893,0.268882,0.007353,0.010638
1334,0.717112,0.696136,0.490453,0.575884,0.71731,0.656658,0.761404,0.801347
1335,0.805375,0.746006,0.519042,0.635659,0.763929,0.717365,0.830508,0.882911
1336,0.689143,0.614416,0.474892,0.542035,0.703992,0.623814,0.757261,0.791045
1337,0.769231,0.753582,0.592841,0.681818,0.78392,0.743865,0.852507,0.878947
1338,0.576923,0.485199,0.351064,0.364017,0.609091,0.61519,0.715385,0.735294
1339,0.2,0.09434,0.066667,0.104478,0.047619,0.017544,0.823529,0.555556
1340,0.161905,0.098592,0.054795,0.132353,0.054795,0.024194,0.861111,0.5
1341,0.226586,0.057143,0.05298,0.062176,0.073129,0.044313,0.643411,0.569231
1342,0.200542,0.058302,0.049536,0.061611,0.053161,0.031766,0.714286,0.676056
1343,0.231325,0.052693,0.046512,0.058824,0.055034,0.027397,0.729885,0.702381
1344,0.197368,0.041096,0.024465,0.041096,0.040166,0.018735,0.614525,0.568421
1345,0.246914,0.283683,0.080597,0.127615,0.150218,0.215385,0.541667,0.431818
1346,0.309038,0.353868,0.133779,0.200893,0.202505,0.212553,0.637795,0.690909
1347,0.34375,0.359477,0.128788,0.187166,0.191489,0.221416,0.601942,0.6
1348,0.331797,0.331373,0.113636,0.206452,0.153846,0.229426,0.6,0.7
1349,0.338462,0.371245,0.149038,0.201389,0.177033,0.244444,0.692308,0.777778
1350,0.321839,0.329439,0.117021,0.18254,0.117978,0.251656,0.724138,0.741935
1351,0.589404,0.583333,0.572848,0.608696,0.56927,0.521895,0.837681,0.879433
1352,0.876138,0.873016,0.849741,0.873684,0.869852,0.812274,0.928251,0.932584
1353,0.848185,0.800303,0.836364,0.865854,0.839721,0.711207,0.923077,0.916667
1354,0.692629,0.641803,0.575856,0.753425,0.624742,0.529794,0.764331,0.751592
1355,0.875195,0.829636,0.824427,0.894022,0.854645,0.798947,0.858369,0.872
1356,0.866242,0.850408,0.817054,0.865014,0.855219,0.797195,0.859091,0.848739
1357,0.355372,0.220952,0.37561,0.293333,0.263158,0.168831,0.166667,0.14
1358,0.541353,0.434164,0.513761,0.544304,0.430851,0.25731,0.223776,0.173077
1359,0.394322,0.266768,0.416961,0.385417,0.365942,0.235294,0.09375,0.169014
1360,0.52648,0.326154,0.480427,0.533679,0.458182,0.300847,0.238579,0.189873
1361,0.663731,0.452029,0.566992,0.638331,0.586604,0.399327,0.212155,0.283372
1362,0.787371,0.536313,0.716565,0.749693,0.675458,0.499757,0.422602,0.4859
1363,0.786408,0.525822,0.712268,0.735915,0.689171,0.485589,0.379981,0.450331
1364,0.721581,0.590111,0.715902,0.665517,0.671543,0.522824,0.469081,0.470085
1365,0.828804,0.794677,0.798995,0.872774,0.760442,0.724832,0.927577,0.931677
1366,0.851085,0.797027,0.772606,0.88978,0.770346,0.685814,0.912955,0.903084
1367,0.890639,0.862425,0.83253,0.912886,0.831958,0.760225,0.894831,0.888031
1368,0.791851,0.783659,0.695698,0.80198,0.731212,0.651038,0.625954,0.646643
1369,0.852609,0.864831,0.86344,0.901333,0.830761,0.791766,0.665806,0.658046
1370,0.642857,0.66087,0.507042,0.770492,0.590909,0.387755,0.791667,0.777778
1371,0.832474,0.765753,0.746556,0.794258,0.790698,0.756563,0.851064,0.881579
1372,0.851182,0.816034,0.793831,0.874659,0.821853,0.767139,0.877193,0.880952
1373,0.930769,0.922652,0.914286,0.97479,0.89604,0.875,0.943925,0.946429
1374,0.698157,0.715348,0.622896,0.662937,0.660577,0.65031,0.916388,0.861111
1375,0.621178,0.623888,0.428456,0.553547,0.565136,0.579206,0.85444,0.869863
1376,0.571176,0.586,0.387234,0.467187,0.494857,0.576218,0.685767,0.607595
1377,0.381481,0.521222,0.363971,0.374302,0.40367,0.515152,0.427481,0.430556
1378,0.498054,0.536341,0.526471,0.624709,0.512374,0.532495,0.903333,0.895706
1379,0.832375,0.82075,0.816547,0.858491,0.776334,0.749109,0.893312,0.895385
1380,0.900457,0.84449,0.795479,0.849573,0.846457,0.748786,0.933213,0.960289
1381,0.895932,0.878853,0.875276,0.899833,0.883486,0.845194,0.914081,0.922705
1382,0.809524,0.806653,0.842424,0.808696,0.84,0.758242,0.961538,0.97561
1383,0.785498,0.726859,0.70979,0.835556,0.631325,0.508658,0.580645,0.666667
1384,0.692623,0.683706,0.648148,0.722045,0.553846,0.6,0.494949,0.563636
1385,0.949622,0.937793,0.91411,0.934066,0.937916,0.888,0.917293,0.905405
1386,0.97035,0.947696,0.945338,0.928,0.954436,0.92219,0.953846,0.971014
1387,0.922509,0.915994,0.921053,0.926136,0.931559,0.894009,0.961165,0.966102
1388,0.740385,0.728814,0.719298,0.857143,0.649123,0.533784,0.142857,0.142857
1389,0.75,0.785455,0.643836,0.835165,0.708861,0.543147,0.290323,0.666667
1390,0.818713,0.79868,0.63522,0.836735,0.702703,0.519651,0.424242,0.583333
1391,0.896067,0.808099,0.783641,0.913295,0.76616,0.7017,0.061728,0.181818
1392,0.916898,0.828473,0.794486,0.902703,0.778378,0.693908,0.071429,0.12766
1393,0.903002,0.833091,0.855603,0.902954,0.820359,0.748436,0.142857,0.21875
1394,0.931095,0.8707,0.903678,0.928328,0.871905,0.79206,0.151724,0.235294
1395,0.925311,0.841642,0.849345,0.926357,0.873656,0.796203,0.118881,0.197368
1396,0.900398,0.819407,0.816143,0.910714,0.875839,0.83631,0.094737,0.155556
1397,0.684211,0.541516,0.642424,0.653543,0.608392,0.689655,0.052632,0.071429
1398,0.722581,0.700637,0.634783,0.852632,0.238095,0.490741,0.71875,0.878788
1399,0.601604,0.680887,0.576101,0.617117,0.522412,0.47705,0.625418,0.594286
1400,0.638207,0.669173,0.57931,0.597701,0.566471,0.569179,0.715818,0.742574
1401,0.93068,0.921955,0.917526,0.936652,0.918706,0.866503,0.836858,0.822086
1402,0.920635,0.87953,0.882645,0.904225,0.866569,0.850192,0.875,0.941176
1403,0.878465,0.869615,0.877895,0.936242,0.853175,0.856899,0.686747,0.779221
1404,0.887446,0.866397,0.897561,0.948718,0.834356,0.882629,0.83,0.918367
1405,0.776042,0.719626,0.542553,0.791045,0.710526,0.551948,0.896774,0.895833
1406,0.850816,0.805609,0.733447,0.873762,0.747801,0.658026,0.888889,0.885496
1407,0.845865,0.812247,0.832437,0.890071,0.810355,0.741667,0.939583,0.926267
1408,0.883355,0.866178,0.866841,0.874074,0.815039,0.840634,0.948424,0.925466
1409,0.966837,0.907552,0.90303,0.935484,0.931873,0.881818,0.954286,0.930556
1410,0.929231,0.893023,0.887967,0.942197,0.919861,0.847826,0.968354,0.919355
1411,0.945736,0.902017,0.913043,0.928571,0.893939,0.858586,0.904255,0.897436
1412,0.740157,0.740741,0.609375,0.802469,0.636364,0.52381,0.813559,0.883721
1413,0.501235,0.616954,0.555804,0.673077,0.493927,0.468705,0.836364,0.837838
1414,0.54223,0.639773,0.58669,0.631399,0.50852,0.505429,0.83682,0.772358
1415,0.69863,0.819892,0.764045,0.863636,0.727815,0.675735,0.864516,0.862069
1416,0.896024,0.94636,0.93733,0.931034,0.893993,0.83953,0.960938,0.953125
1417,0.89527,0.923554,0.927954,0.932432,0.926931,0.834483,0.98,0.964912
1418,0.90106,0.926004,0.910448,0.930556,0.914607,0.83693,0.945055,0.960784
1419,0.916495,0.862408,0.77474,0.933735,0.809066,0.75641,0.977995,0.950311
1420,0.890796,0.82,0.793241,0.938235,0.752,0.675758,0.955381,0.927536
1421,0.77381,0.733656,0.542857,0.882353,0.731278,0.607843,0.753247,0.705882
1422,0.81893,0.742782,0.539568,0.889706,0.701031,0.647887,0.82439,0.828947
1423,0.618357,0.524217,0.372727,0.553719,0.594771,0.35,0.828431,0.76
1424,0,0.003185,0,0,0,0,0,0
1425,0,0,0,0,0,0,0,0
1426,0,0.004255,0,0,0,0.009524,0,0
1427,0,0.004144,0,0,0.00085,0.00085,0,0.012048
1428,0.005059,0.004079,0,0.006135,0.003344,0.001675,0,0
1429,0.00312,0.003914,0.004847,0.005634,0.002308,0.006977,0,0
1430,0.002959,0.003788,0.001563,0.002681,0.000741,0.005993,0.006061,0.009615
1431,0,0,0,0.002625,0.00147,0.000744,0.006061,0
1432,0.002743,0.003047,0.004552,0.002506,0.003487,0,0,0.008621
1433,0.003968,0.003582,0.004511,0,0.006916,0.004249,0,0.016393
1434,0.002392,0.00279,0.00274,0.006696,0.003197,0,0,0
1435,0.004362,0.001578,0.001256,0.002041,0.004199,0.003639,0.008696,0
1436,0.002735,0.001855,0.002304,0.00361,0.005252,0.003101,0.009317,0.005464
1437,0.005425,0.002865,0.003348,0.003656,0.004543,0.002674,0.005797,0
1438,0.000894,0.000469,0.001115,0,0.003378,0.004202,0.005571,0
1439,0.00095,0.002005,0.004362,0.001786,0.003866,0.003337,0.008333,0
1440,0.000921,0.003893,0.006198,0.010563,0.003785,0.0021,0.002703,0.004673
1441,0.002765,0.004401,0.001049,0.00349,0.003173,0.001591,0.008357,0
1442,0.00277,0.000486,0.002053,0.001783,0.003211,0.004222,0.002786,0.004695
1443,0.000951,0.003526,0.002868,0.001859,0.00611,0.005771,0.003185,0
1444,0.001036,0.002744,0.000904,0.001972,0.003008,0.000563,0.00365,0
1445,0.001125,0.001796,0.002882,0.002146,0.005696,0.00423,0.004292,0.041958
1446,0.003425,0.001205,0.000967,0.002193,0.000825,0.004902,0.017778,0
1447,0.001182,0,0.001008,0.002242,0.002639,0.001965,0.009174,0
1448,0.003565,0.001018,0.002155,0,0,0,0,0
1449,0,0.005313,0.004444,0.00722,0,0.004872,0,0
1450,0,0.001106,0.006897,0.00369,0.00189,0,0.011111,0
1451,0,0.005682,0.002353,0,0.001988,0.001302,0,0
1452,0.007335,0.01016,0.021875,0.004739,0.002907,0.012216,0,0
1453,0.007519,0.001493,0.003155,0,0.003003,0.005367,0,0
1454,0.002717,0.009662,0,0,0.006734,0.002058,0.015625,0
1455,0.00304,0.007005,0,0.005556,0.003745,0.002326,0,0
1456,0.009146,0.003656,0,0,0.012,0.007389,0,0
1457,0.021505,0.059783,0.028986,0,0.016949,0.032787,0.023256,0
1458,0,0.019231,0.028369,0.015385,0.017241,0.015873,0,0
1459,0.012821,0.024735,0.052632,0.042254,0.023077,0.076433,0.019231,0
1460,0.02809,0.018237,0.020833,0,0.010152,0.017467,0.016949,0
1461,0.00495,0.019022,0.027397,0,0.009132,0.007143,0,0.025
1462,0,0.023707,0.013986,0.007463,0.013477,0.009259,0,0
1463,0.003344,0.019011,0.012539,0.013793,0.026253,0.007619,0,0
1464,0.011461,0.030151,0.013333,0.028902,0.031873,0.018987,0,0
1465,0.010076,0.035714,0.027897,0.009756,0.024,0.031414,0,0.012821
1466,0.009569,0.021368,0.018595,0.004651,0.022866,0.019876,0.007194,0
1467,0.004662,0.017981,0.016,0.017778,0.017467,0.00949,0.013423,0.010638
1468,0.012069,0.047468,0.021277,0.014085,0.016807,0.01981,0.004975,0
1469,0.018336,0.027586,0.025843,0.020772,0.032542,0.027149,0.004049,0.007092
1470,0.02008,0.036484,0.022246,0.025568,0.029145,0.028276,0.01145,0
1471,0.015544,0.043407,0.035197,0.027548,0.028037,0.032478,0.007407,0.012422
1472,0.007752,0.017799,0.010428,0.022039,0.030675,0.018305,0.01107,0
1473,0.012422,0.034402,0.0222,0.020619,0.017668,0.015787,0.007326,0.005882
1474,0.010651,0.020787,0.007,0.00978,0.009004,0.006951,0.007435,0.005848
1475,0.012465,0.019851,0.012865,0.015748,0.012373,0.010215,0,0.007463
1476,0.004267,0.02294,0.012941,0.008108,0.01203,0.014795,0.00495,0
1477,0.007812,0.019892,0.016209,0.011299,0.013333,0.017921,0,0
1478,0.021442,0.037204,0.021544,0.013889,0.021302,0.022932,0.023622,0
1479,0.008734,0.024272,0.011881,0.007812,0.017083,0.010027,0,0
1480,0.011682,0.032134,0.021142,0.017094,0.017192,0.026919,0,0.016129
1481,0.016173,0.039548,0.026895,0.009901,0.014109,0.035323,0,0
1482,0.013333,0.025773,0.003067,0.011628,0.007538,0.005236,0.013699,0
1483,0.017937,0.042644,0.023697,0.028571,0.015267,0.036517,0.057971,0.022222
1484,0.005263,0.014742,0.011299,0.008403,0.005319,0.01845,0,0
1485,0.005882,0.01897,0.018868,0,0.011905,0.020325,0,0
1486,0.047619,0.045181,0.014286,0.030928,0.02,0.034483,0,0.055556
1487,0.089286,0.097744,0.043478,0.050633,0.078125,0.027027,0.02381,0.033333
1488,0.051948,0.040816,0.016949,0,0,0.02,0,0
1489,0.026316,0.041026,0.034483,0.015385,0.032258,0.020833,0.027778,0
1490,0.341772,0.478723,0.481013,0.32,0.347826,0.589744,0.384615,0.583333
1491,0.391753,0.520179,0.573034,0.383333,0.571429,0.627451,0.4375,0.833333
1492,0.307692,0.478632,0.514085,0.302752,0.434426,0.642336,0.333333,0.235294
1493,0.289206,0.29274,0.357853,0.103896,0.31068,0.288243,0.195876,0.111111
1494,0.864662,0.823308,0.75,0.805556,0.884021,0.806154,0.93617,0.847826
1495,0.858961,0.869734,0.794425,0.84493,0.808858,0.788109,0.914397,0.91
1496,0.762408,0.748201,0.582744,0.768657,0.672401,0.599275,0.85782,0.883721
1497,0.832757,0.788112,0.688958,0.847107,0.758592,0.694719,0.914286,0.930769
1498,0.837662,0.819018,0.744068,0.839729,0.763132,0.719282,0.901408,0.864865
1499,0.717073,0.5,0.598214,0.692308,0.517857,0.347458,0.785714,0.913043
1500,0.615854,0.564024,0.617978,0.681034,0.5,0.292683,0.8,0.789474
1501,0.764259,0.714643,0.634527,0.769547,0.678408,0.6349,0.285171,0.246753
1502,0.817797,0.851464,0.831169,0.906475,0.878613,0.827338,0.873684,0.875
1503,0.796992,0.863192,0.819672,0.923077,0.73913,0.895833,0.923077,0.973684
1504,0.829268,0.848921,0.926829,0.896552,0.848485,0.871795,0.90566,0.939394
1505,0.330846,0.2287,0.544529,0.323944,0.398196,0.437799,0.126582,0.09375
1506,0.419831,0.336761,0.702479,0.539062,0.44666,0.61684,0.188119,0.125
1507,0.374582,0.29697,0.767606,0.678322,0.506969,0.619273,0.191781,0.138889
1508,0.375,0.391421,0.570048,0.181818,0.402746,0.644068,0.145161,0.111111
1509,0.755245,0.753425,0.75,0.84,0.601852,0.602564,0.510204,0.466667
1510,0.78903,0.751004,0.75817,0.85,0.664948,0.635762,0.556962,0.340909
1511,0.703759,0.715919,0.536199,0.804813,0.617211,0.579968,0.347418,0.314961
1512,0.735053,0.759394,0.702128,0.697769,0.680894,0.748477,0.513072,0.420732
1513,0.753181,0.7827,0.772321,0.432609,0.759101,0.786055,0.283688,0.483221
1514,0.848039,0.903587,0.890625,0.818182,0.893617,0.895522,0.904762,0.782609
1515,0.931707,0.894737,0.856209,0.866667,0.917847,0.887538,0.825397,0.820513
1516,0.87472,0.848238,0.801394,0.889952,0.825193,0.81844,0.855491,0.892157
1517,0.90625,0.877444,0.805774,0.910588,0.839769,0.821517,0.821101,0.839286
1518,0.746411,0.702256,0.580603,0.71028,0.664,0.680175,0.62212,0.504505
1519,0.8,0.867647,0.847222,0.841121,0.793893,0.911504,0.909091,0.954545
1520,0.543605,0.94494,0.952899,0.975124,0.914425,0.935754,0.953642,0.977011
1521,0.938998,0.958383,0.919897,0.976,0.921927,0.92599,0.978378,0.969388
1522,0.9,0.897509,0.887689,0.91224,0.8734,0.840833,0.957447,0.945355
1523,0.867692,0.850607,0.7897,0.910798,0.753774,0.678832,0.871287,0.896296
1524,0.687773,0.752632,0.712941,0.743243,0.598007,0.582938,0.875,0.780488
1525,0.921495,0.889119,0.889157,0.913433,0.87988,0.865889,0.90873,0.940171
1526,0.86877,0.811373,0.778409,0.853988,0.777439,0.740296,0.933852,0.94802
1527,0.889783,0.86026,0.806864,0.891727,0.829341,0.787796,0.950187,0.956627
1528,0.772455,0.707116,0.750749,0.795343,0.70412,0.668031,0.858683,0.871332
1529,0.748729,0.730508,0.656224,0.768156,0.712676,0.657114,0.811744,0.821918
1530,0.756711,0.721163,0.708122,0.835749,0.754634,0.691352,0.853616,0.862816
1531,0.685289,0.650986,0.617801,0.71875,0.595923,0.570288,0.855478,0.855856
1532,0.707042,0.688464,0.611521,0.731707,0.632525,0.541045,0.80916,0.827338
1533,0.682432,0.630372,0.572222,0.73822,0.592199,0.464945,0.864865,0.83871
1534,0.194444,0.1375,0.121622,0.075758,0.015873,0.043478,0.040816,0
1535,0.139175,0.160763,0.060606,0.083333,0.053571,0.078125,0,0.030303
1536,0.026316,0.034707,0.006536,0.014815,0.013274,0.041916,0,0
1537,0.143852,0.126628,0.076638,0.091603,0.04499,0.042776,0.007576,0
1538,0.199552,0.228723,0.129412,0.168182,0.05719,0.059353,0,0
1539,0.066445,0.054108,0.016484,0.033784,0.016997,0.012422,0,0
1540,0.164336,0.182203,0.046512,0.134328,0.046154,0.038462,0,0.022222
1541,0.131687,0.126794,0.027397,0.078947,0.010453,0.032922,0,0
1542,0.959459,0.930348,0.914286,0.934783,1,0.875,0.810811,0.823529
1543,0.963855,0.923077,0.918919,0.962264,0.9,0.833333,0.804878,0.882353
1544,0.970464,0.911236,0.890977,0.96063,0.918403,0.880808,0.953642,0.868421
1545,0.947001,0.916084,0.901532,0.948187,0.903,0.870436,0.937238,0.917293
1546,0.812865,0.811659,0.770925,0.784753,0.716113,0.762014,0.915584,0.91358
1547,0.774286,0.774096,0.710462,0.857143,0.632323,0.504098,0.841667,0.838235
1548,0.815476,0.803709,0.737101,0.882022,0.666667,0.543668,0.887931,0.84375
1549,0.780328,0.796694,0.724675,0.860759,0.360775,0.497512,0.779817,0.894737
1550,0.72028,0.769461,0.625,0.835165,0.505495,0.455556,0.909091,0.904762
1551,0.731343,0.772308,0.738739,0.848837,0.594595,0.493827,0.904762,0.894737
1552,0.837349,0.846154,0.769231,0.835165,0.753731,0.792857,0.6875,0.724138
1553,0.942197,0.881048,0.830357,0.9375,0.908416,0.885305,0.261261,0.27451
1554,0.93617,0.885455,0.873278,0.890995,0.923423,0.900826,0.233871,0.193548
1555,0.914948,0.894552,0.840426,0.894977,0.920259,0.875776,0.208,0.209677
1556,0.941606,0.930979,0.9025,0.948276,0.903808,0.882526,0.307692,0.308642
1557,0.78,0.739451,0.618799,0.719577,0.751423,0.698378,0.087963,0.119403
1558,0.856049,0.863686,0.839106,0.898907,0.802292,0.760965,0.42246,0.484375
1559,0.855285,0.875429,0.804651,0.875,0.76324,0.718676,0.413793,0.565574
1560,0.778598,0.799213,0.599432,0.83045,0.715385,0.615385,0.315068,0.46875
1561,0.742268,0.732632,0.641791,0.837349,0.612195,0.480447,0.685393,0.764706
1562,0.783626,0.794613,0.7,0.842593,0.624339,0.504274,0.887097,0.846154
1563,0.94086,0.428571,0.945652,0.969388,0.910714,0.833333,0.882353,0.92
1564,0.841667,0.806846,0.845528,0.857143,0.771186,0.765517,0.904762,0.842105
1565,0.937186,0.925868,0.904564,0.969565,0.96587,0.894737,0.954887,0.935484
1566,0.798068,0.810182,0.788462,0.798574,0.799464,0.755432,0.842105,0.845161
1567,0.843416,0.843254,0.808307,0.904459,0.815758,0.75,0.895425,0.862069
1568,0.846899,0.861259,0.778746,0.9,0.803618,0.745562,0.92437,0.945946
1569,0.833333,0.826237,0.624758,0.88015,0.731003,0.614679,0.857143,0.884058
1570,0.844498,0.817602,0.672131,0.870079,0.721519,0.611198,0.907216,0.966102
1571,0.751381,0.799694,0.562674,0.874439,0.657343,0.571429,0.964706,0.88
1572,0.796825,0.795645,0.62701,0.91133,0.643454,0.539446,0.932432,0.979592
1573,0.770548,0.754098,0.612457,0.854839,0.590323,0.455882,0.791667,0.906977
1574,0.628571,0.578231,0.454545,0.684211,0.608696,0.666667,0.9375,0.777778
1575,0.49923,0.569767,0.5,0.498891,0.447955,0.665362,0.807547,0.8
1576,0.540603,0.640079,0.619048,0.623188,0.496192,0.700365,0.919094,0.852941
1577,0.527072,0.622108,0.528986,0.558824,0.488442,0.704444,0.905063,0.85
1578,0.473214,0.537391,0.490909,0.505587,0.521267,0.490072,0.856502,0.904255
1579,0.354892,0.465138,0.364504,0.384615,0.411822,0.471163,0.864583,0.83908
1580,0.361217,0.464961,0.437908,0.377104,0.429688,0.448747,0.878049,0.82716
1581,0.313152,0.405141,0.360577,0.276224,0.421717,0.432911,0.843537,0.791667
1582,0.282297,0.393151,0.299233,0.12549,0.378187,0.389458,0.762963,0.3125
1583,0.263158,0.405995,0.333333,0.210526,0.363636,0.377863,0.868852,0.969697
1584,0.508287,0.591463,0.583815,0.403361,0.561224,0.413333,0.842105,0.965517
1585,0.533333,0.599338,0.515528,0.513761,0.519337,0.355,0.811321,0.833333
1586,0.341176,0.466019,0.42268,0.3,0.433962,0.5,0.864865,0.727273
1587,0.320513,0.443299,0.382716,0.276596,0.5,0.47619,0.777778,0.888889
1588,0.797297,0.864078,0.8875,0.919355,0.870968,0.860465,0.980769,1
1589,0.898113,0.848485,0.94,0.904762,0.886486,0.899543,0.959016,1
1590,0.894915,0.925532,0.938679,0.9375,0.933649,0.910569,0.958904,0.970149
1591,0.895706,0.888889,0.970954,0.910053,0.897638,0.919861,0.410714,0.9875
1592,0.919765,0.92779,0.929952,0.957655,0.894,0.890071,0.972603,0.948276
1593,0.933213,0.928571,0.927739,0.960123,0.893116,0.909836,0.978448,1
1594,0.878444,0.891743,0.917722,0.921283,0.849624,0.876902,0.946768,0.972973
1595,0.92,0.907137,0.913043,0.92246,0.868,0.868516,0.958188,0.981481
1596,0.880711,0.840849,0.842402,0.889483,0.80938,0.770588,0.926276,0.904762
1597,0.895189,0.861978,0.862488,0.901639,0.835381,0.801828,0.932406,0.915789
1598,0.836522,0.829887,0.768407,0.898734,0.763043,0.669238,0.931174,0.912698
1599,0.840708,0.840952,0.794038,0.909091,0.756876,0.645731,0.939914,0.940171
1600,0.821691,0.814995,0.763661,0.885906,0.737613,0.62129,0.884259,0.910714
1601,0.733624,0.691781,0.497041,0.859375,0.52973,0.393519,0.897436,0.885714
1602,0.736504,0.751927,0.63621,0.658199,0.701671,0.702419,0.6,0.8
1603,0.736785,0.769552,0.756863,0.833333,0.723684,0.680802,0.684211,0.944444
1604,0.683297,0.671569,0.644699,0.679842,0.497992,0.671727,0.770492,0.864407
1605,0.664251,0.672969,0.579856,0.586057,0.593092,0.717518,0.886463,0.870968
1606,0.815914,0.810118,0.853308,0.904366,0.739354,0.778149,0.913669,0.908497
1607,0.833803,0.766776,0.676009,0.875283,0.686512,0.662116,0.848101,0.904
1608,0.77892,0.704394,0.585859,0.843882,0.596107,0.51801,0.846847,0.876923
1609,0.72028,0.701449,0.661538,0.780952,0.505155,0.401869,0.732143,0.702703
1610,0.761062,0.716895,0.755319,0.863636,0.625,0.816901,0.888889,1
1611,0.906077,0.850932,0.914894,0.885057,0.781726,0.788462,0.947368,1
1612,0.831633,0.821165,0.801439,0.797222,0.777165,0.716452,0.923077,0.917647
1613,0.866359,0.847826,0.830508,0.849383,0.791845,0.729922,0.929577,0.929412
1614,0.807818,0.829606,0.718519,0.895105,0.74424,0.60917,0.929688,0.957746
1615,0.75,0.737265,0.588415,0.810427,0.645591,0.541528,0.893617,0.888889
1616,0.803398,0.776488,0.608844,0.865285,0.690522,0.542533,0.926829,0.945946
1617,0.814371,0.763478,0.66055,0.893082,0.721354,0.549367,0.902778,0.90625
1618,0.02381,0.03139,0.1,0.035714,0.041667,0.038462,0,0
1619,0.108051,0.141304,0.350242,0.091667,0.109204,0.051408,0,0
1620,0.032213,0.048469,0.135664,0.042216,0.092793,0.05031,0.007435,0
1621,0.026316,0.057983,0.076823,0.061125,0.083536,0.069834,0.009868,0.005714
1622,0.170398,0.196255,0.34901,0.171021,0.167916,0.144414,0.012121,0.005263
1623,0.020997,0.025411,0.052147,0.051282,0.012797,0.015842,0,0
1624,0.009009,0.018425,0.023411,0.027624,0.016563,0.026906,0.005464,0.011765
1625,0.022222,0.010616,0.008333,0.02069,0.002639,0.020134,0,0
1626,0,0.02509,0.104,0.042105,0.005102,0.016129,0.025,0
1627,0,0.02,0.082353,0.054795,0.01,0.017857,0,0
1628,0.034483,0.031579,0.086207,0.071429,0.074074,0,0.020833,0
1629,0.021277,0.045918,0.083333,0.041667,0.074074,0,0.041667,0
1630,0.009009,0.023839,0.032258,0.00813,0.019956,0.020316,0,0
1631,0.004367,0.021014,0.031348,0.02,0.023656,0.019694,0.006098,0.018182
1632,0.025381,0.052993,0.04798,0.041534,0.034328,0.044006,0,0
1633,0.030817,0.040925,0.053571,0.038889,0.056304,0.038605,0.007722,0.005814
1634,0.009501,0.019081,0.008791,0.018789,0.047468,0.021807,0,0
1635,0.00823,0.012924,0.019231,0.014493,0.018553,0.009083,0.004651,0
1636,0.027714,0.045623,0.061386,0.0369,0.037099,0.057047,0.008929,0.012987
1637,0.019126,0.02969,0.012793,0.017544,0.024299,0.01341,0.021053,0
1638,0.023256,0.061876,0.079051,0.080292,0.02952,0.024896,0,0
1639,0.008475,0.024911,0.04386,0,0.035294,0.034483,0.020408,0
1640,0.824818,0.868339,0.875,0.825,0.913043,0.897959,0.909091,0.941176
1641,0.874702,0.84047,0.772655,0.87689,0.805511,0.744141,0.907051,0.926829
1642,0.660714,0.649533,0.557692,0.716418,0.642857,0.266667,0.827586,0.954545
1643,0.678322,0.772603,0.688889,0.864198,0.754545,0.757009,0.891089,0.901961
1644,0.803213,0.796491,0.770492,0.837838,0.76,0.827715,0.700637,0.723684
1645,0.705556,0.682945,0.654275,0.670644,0.669819,0.682816,0.459064,0.417647
1646,0.795956,0.731429,0.680813,0.786596,0.699566,0.690755,0.510638,0.482201
1647,0.772229,0.789958,0.745098,0.852792,0.753764,0.681976,0.656593,0.62234
1648,0.757835,0.759825,0.649606,0.784314,0.684066,0.58427,0.77451,0.692308
1649,0.78607,0.785417,0.672727,0.858586,0.731844,0.48,0.831169,0.902439
1650,0.802139,0.815385,0.699387,0.861702,0.754386,0.528302,0.828947,0.885714
1651,0.643252,0.575653,0.563839,0.559659,0.536805,0.59695,0.750413,0.693548
1652,0.865637,0.833333,0.799281,0.853261,0.793473,0.785647,0.905123,0.865455
1653,0.779349,0.763914,0.748276,0.779018,0.669613,0.55567,0.916667,0.884892
1654,0.74188,0.739037,0.703759,0.819149,0.620199,0.503958,0.846154,0.915254
1655,0.359848,0.33698,0.396296,0.360406,0.297674,0.355,0.525424,0.615385
1656,0.851485,0.857708,0.834783,0.85,0.878788,0.711864,0.911111,0.727273
1657,0.857143,0.808126,0.772487,0.84466,0.836842,0.657754,0.857143,0.92
1658,0.822785,0.67426,0.568306,0.688679,0.719608,0.64494,0.818841,0.870968
1659,0.71869,0.62605,0.472371,0.415534,0.610294,0.613948,0.859606,0.865741
1660,0.712352,0.642227,0.547154,0.552083,0.645194,0.547677,0.857418,0.873684
1661,0.701493,0.592622,0.365408,0.46247,0.572435,0.516779,0.807273,0.815029
1662,0.809172,0.691252,0.48996,0.556136,0.679262,0.632554,0.873016,0.833333
1663,0.456221,0.470443,0.312775,0.331984,0.432812,0.393782,0.77027,0.67033
1664,0.57485,0.500816,0.517572,0.592391,0.498701,0.404959,0.843478,0.824561
1665,0.455,0.558891,0.317365,0.353448,0.430052,0.425,0.525,0.526316
1666,0.4,0.404624,0.321739,0.260417,0.39604,0.364706,0.540984,0.72
1667,0.852941,0.871537,0.876623,0.846154,0.887574,0.850932,0.953125,0.90625
1668,0.842262,0.823256,0.872774,0.900901,0.865854,0.842011,0.888889,0.903614
1669,0.754868,0.78331,0.701312,0.786638,0.697226,0.655452,0.917683,0.865
1670,0.727784,0.672448,0.710562,0.771058,0.662402,0.584098,0.830357,0.761589
1671,0.684615,0.696673,0.748918,0.762431,0.615385,0.544643,0.833333,0.862069
1672,0.72381,0.632479,0.620253,0.679487,0.466667,0.4375,0.85,0.583333
1673,0.861314,0.849162,0.857143,0.89,0.790123,0.786408,0.908046,0.842105
1674,0.782123,0.760159,0.725322,0.773134,0.696615,0.710667,0.8,0.868687
1675,0.765499,0.768997,0.789581,0.818575,0.708642,0.645038,0.836013,0.82659
1676,0.324841,0.351351,0.209402,0.236364,0.257862,0.468401,0.166667,0.115385
1677,0.425076,0.579041,0.417453,0.423469,0.461654,0.581871,0.482759,0.45098
1678,0.702448,0.659367,0.619565,0.733333,0.586592,0.531469,0.896774,0.922222
1679,0.793296,0.719403,0.759398,0.838462,0.612121,0.452941,0.85,0.903226
1680,0.780822,0.870283,0.840376,0.829787,0.778261,0.84375,0.883117,0.928571
1681,0.648,0.77666,0.750973,0.648045,0.729642,0.711039,0.757895,0.779661
1682,0.567308,0.586626,0.554495,0.550228,0.610808,0.644628,0.375,0.428571
1683,0.670534,0.671761,0.663587,0.707048,0.723085,0.703302,0.414286,0.463542
1684,0.677565,0.700646,0.690964,0.732609,0.726796,0.706349,0.371105,0.470297
1685,0.682672,0.672142,0.626101,0.711382,0.665161,0.617925,0.347826,0.337719
1686,0.650602,0.659588,0.609132,0.662447,0.581858,0.549839,0.329741,0.362869
1687,0.728938,0.698545,0.680818,0.753333,0.680272,0.626344,0.436548,0.358025
1688,0.684825,0.681985,0.552419,0.723684,0.687023,0.556314,0.304348,0.147059
1689,0.66805,0.632381,0.555102,0.650685,0.642023,0.522807,0.340909,0.193548
1690,0.605505,0.528226,0.449339,0.647059,0.583673,0.481618,0.255814,0.230769
1691,0.849558,0.79476,0.726027,0.736842,0.865385,0.898551,0.979167,0.966667
1692,0.892562,0.797665,0.695652,0.759036,0.880597,0.881579,0.981481,0.933333
1693,0.914729,0.85283,0.768421,0.694118,0.819444,0.910256,0.964286,1
1694,0.817073,0.774611,0.613636,0.557692,0.791667,0.806202,0.932203,0.945946
1695,0.513057,0.479638,0.33107,0.410615,0.586735,0.65643,0.913223,0.905983
1696,0.620741,0.56752,0.412354,0.452575,0.657974,0.710526,0.935361,0.91129
1697,0.290881,0.135674,0.076583,0.102941,0.17006,0.093968,0.826087,0.893204
1698,0.278116,0.132519,0.074242,0.096096,0.149055,0.104878,0.75,0.881188
1699,0.359006,0.216238,0.09952,0.190931,0.337127,0.284763,0.837209,0.88535
1700,0.373081,0.196456,0.100802,0.180139,0.333112,0.209752,0.838235,0.893491
1701,0.367769,0.224967,0.088057,0.21822,0.352299,0.257766,0.868421,0.877907
1702,0.401795,0.301352,0.108981,0.26694,0.366906,0.32098,0.852459,0.892216
1703,0.78726,0.685652,0.52381,0.700913,0.731966,0.624795,0.965157,0.95679
1704,0.516556,0.423077,0.189744,0.36646,0.47546,0.464286,0.40708,0.906667
1705,0.483395,0.438697,0.321637,0.395973,0.469314,0.475771,0.849057,0.939394
1706,0.502392,0.476959,0.333333,0.479675,0.53202,0.496552,0.8125,0.935484
1707,0.745665,0.641873,0.588785,0.623762,0.597122,0.555556,0.872093,0.851064
1708,0.877698,0.838174,0.737288,0.830189,0.769737,0.828125,0.928571,0.888889
1709,0.661417,0.645161,0.382353,0.639053,0.700599,0.682143,0.795181,0.885714
1710,0.573585,0.614796,0.32381,0.636364,0.670423,0.647436,0.860215,0.783784
1711,0.859296,0.867615,0.635889,0.830334,0.791232,0.752677,0.90625,0.909091
1712,0.852535,0.841945,0.66248,0.817757,0.806268,0.754485,0.887538,0.857143
1713,0.555917,0.567164,0.240674,0.456835,0.440689,0.41516,0.419565,0.369099
1714,0.729858,0.743396,0.553161,0.759104,0.700181,0.643449,0.855814,0.841121
1715,0.641337,0.607204,0.387195,0.679144,0.541237,0.38448,0.802326,0.829787
1716,0.518272,0.456604,0.348684,0.573099,0.461111,0.321012,0.8,0.761905
1717,0.603571,0.544379,0.33887,0.576923,0.470363,0.340164,0.736842,0.763158
1718,0.730159,0.590361,0.5,0.837209,0.294118,0.263158,0.913043,0.846154
1719,0.916058,0.911232,0.889655,0.913386,0.873239,0.837662,0.287356,0.289474
1720,0.660517,0.540323,0.562963,0.752747,0.373239,0.28,0.878981,0.952381
1721,0.424658,0.421053,0.26087,0.224138,0.5,0.583333,0.181818,0.076923
1722,0.478261,0.541219,0.32,0.361702,0.412698,0.625,0.266667,0.208333
1723,0.221698,0.295844,0.164384,0.123188,0.197605,0.403409,0.019608,0.142857
1724,0.293279,0.386266,0.223301,0.206215,0.390706,0.539039,0.177305,0.112676
1725,0.343137,0.438743,0.262082,0.218579,0.39187,0.547753,0.2,0.16
1726,0.357692,0.412731,0.246777,0.235772,0.416139,0.563014,0.228758,0.152941
1727,0.389587,0.418489,0.260949,0.259067,0.438623,0.56533,0.205882,0.12766
1728,0.376989,0.458069,0.286822,0.257634,0.401594,0.505666,0.22449,0.152672
1729,0.437908,0.480595,0.315488,0.306759,0.410761,0.495695,0.187279,0.170886
1730,0.681818,0.62585,0.5,0.636364,0.38806,0.448276,0.145833,0.3
1731,0.848837,0.83268,0.82876,0.857414,0.796667,0.798898,0.942857,0.84472
1732,0.844517,0.830741,0.790541,0.865546,0.73174,0.620959,0.8375,0.892157
1733,0.803797,0.737003,0.559633,0.858586,0.676768,0.424779,0.843137,0.708333
1734,0.743421,0.711538,0.509804,0.808989,0.708333,0.471154,0.693878,0.5
1735,0.77193,0.710744,0.454545,0.855072,0.577465,0.553571,0.864865,0.833333
1736,0.651515,0.583942,0.621053,0.72,0.506494,0.885057,0.738739,0.681818
1737,0.552995,0.542601,0.522936,0.638889,0.535912,0.849558,0.782258,0.863636
1738,0.790196,0.712657,0.830986,0.815574,0.776699,0.853234,0.873984,0.883495
1739,0.79792,0.76178,0.752907,0.858521,0.775978,0.860972,0.913174,0.908537
1740,0.734788,0.666217,0.590047,0.728571,0.676806,0.713661,0.859213,0.891566
1741,0.711435,0.622384,0.709147,0.776025,0.61007,0.625349,0.47832,0.391304
1742,0.704984,0.618277,0.666397,0.732824,0.615739,0.624684,0.495298,0.422969
1743,0.802135,0.682632,0.760705,0.804044,0.659491,0.652365,0.479687,0.483051
1744,0.596154,0.546431,0.442379,0.559194,0.463466,0.408759,0.286957,0.259259
1745,0.735632,0.613734,0.542857,0.77551,0.631579,0.393939,0.767857,0.818182
1746,0.011834,0.020408,0.03252,0.00885,0,0.015152,0,0
1747,0.0125,0.020921,0.006494,0,0.048193,0,0,0
1748,0.020202,0.006351,0.012092,0.049911,0.032062,0.014693,0.018957,0.008197
1749,0.013033,0.041948,0.027083,0.011583,0.021821,0.016308,0,0
1750,0.001319,0.006639,0.007786,0.014925,0.005937,0.008368,0,0.015504
1751,0.808,0.816667,0.851852,0.805195,0.678571,0.925,0.924528,0.888889
1752,0.770925,0.778325,0.733333,0.803279,0.685315,0.808696,0.961538,0.970588
1753,0.603951,0.624316,0.506699,0.553606,0.463675,0.532235,0.876847,0.854749
1754,0.730447,0.687053,0.562842,0.734375,0.502297,0.50416,0.817259,0.805556
1755,0.714625,0.643189,0.547458,0.502183,0.570997,0.702321,0.800562,0.804348
1756,0.607595,0.459688,0.364915,0.375335,0.443032,0.569573,0.808801,0.812987
1757,0.638776,0.503079,0.380682,0.363636,0.465875,0.552632,0.58642,0.676617
1758,0.69962,0.659851,0.5,0.522222,0.56044,0.416667,0.794118,0.756757
1759,0.729084,0.639155,0.43379,0.482143,0.533074,0.434783,0.728814,0.7
1760,0.674009,0.569472,0.429907,0.409091,0.538776,0.45,0.804348,0.888889
1761,0.66562,0.719671,0.591652,0.750341,0.618942,0.578789,0.77758,0.803125
1762,0.610837,0.595338,0.482477,0.636986,0.491905,0.451847,0.82732,0.837321
1763,0.740181,0.67134,0.611621,0.719149,0.622642,0.478673,0.82963,0.803922
1764,0.677249,0.705736,0.672414,0.721805,0.641304,0.457711,0.929412,0.827586
1765,0.658228,0.654321,0.598425,0.736264,0.584071,0.426087,0.811321,0.727273
1766,0.609195,0.551546,0.523077,0.586207,0.515152,0.131579,0.793103,0.538462
1767,0.706667,0.554217,0.566038,0.56,0.75,0.185185,0.9,0.642857
1768,0.433697,0.442487,0.448037,0.474138,0.384154,0.551336,0.405028,0.383784
1769,0.245243,0.304645,0.106383,0.151639,0.17148,0.274223,0.618785,0.454545
1770,0.574468,0.663636,0.646552,0.509804,0.488,0.575472,0.894737,0.928571
1771,0.684713,0.723935,0.637255,0.64497,0.548387,0.604563,0.891473,0.925373
1772,0.432916,0.580917,0.530333,0.550279,0.42638,0.449016,0.630901,0.581967
1773,0.746835,0.782923,0.736544,0.841202,0.61976,0.565517,0.77931,0.793651
1774,0.699301,0.748447,0.75,0.837209,0.615385,0.560484,0.748031,0.824561
1775,0.705224,0.779935,0.757098,0.816425,0.695489,0.542373,0.783333,0.745455
1776,0.715128,0.661795,0.58351,0.735507,0.618705,0.518672,0.84669,0.857143
1777,0.727273,0.699301,0.515284,0.680473,0.597484,0.458084,0.767045,0.852459
1778,0.785714,0.748879,0.547945,0.783333,0.485714,0.522727,0.92,0.95
1779,0.77551,0.840183,0.935897,0.836735,0.75,0.666667,0.107692,0.3
1780,0.531746,0.625984,0.8,0.661765,0.584615,0.663043,0.114286,0.153846
1781,0.706977,0.734536,0.848624,0.826446,0.68,0.795302,0.135922,0.086957
1782,0.479798,0.509091,0.726852,0.678414,0.477237,0.662275,0.092715,0.079545
1783,0.683784,0.762887,0.826879,0.832432,0.707574,0.749554,0.134185,0.10241
1784,0.625333,0.701192,0.770925,0.740157,0.658237,0.719441,0.129747,0.104046
1785,0.707751,0.641373,0.668585,0.745407,0.63259,0.60363,0.177515,0.169312
1786,0.469565,0.640449,0.513514,0.568182,0.416667,0.403846,0.30303,0.272727
1787,0.901639,0.889952,0.954545,0.962963,0.894737,1,0.972973,0.875
1788,0.148148,0.827586,0.875,0.772277,0.841463,0.826667,0.881579,0.836735
1789,0.630872,0.665768,0.669725,0.62963,0.720721,0.659574,0.857143,0.833333
1790,0.608696,0.646154,0.527027,0.58,0.434783,0.276596,0.95122,0.705882
1791,0.810036,0.841837,0.797688,0.769737,0.814141,0.889558,0.794521,0.75
1792,0.750898,0.753434,0.698754,0.752941,0.697426,0.640388,0.697628,0.638655
1793,0.721836,0.003757,0.547059,0.590793,0.668111,0.579439,0.413699,0.80625
1794,0.918841,0.855945,0.862745,0.875339,0.883516,0.866379,0.885135,0.915493
1795,0.708895,0.700997,0.590094,0.602367,0.596974,0.613768,0.836735,0.896321
1796,0.870266,0.790889,0.695975,0.788301,0.734734,0.612773,0.858974,0.877451
1797,0.767221,0.752554,0.670068,0.815498,0.643326,0.54712,0.472441,0.837209
1798,0.710327,0.693128,0.626761,0.698039,0.574371,0.461538,0.877049,0.809524
1799,0.738794,0.779297,0.811744,0.791176,0.724771,0.784188,0.132867,0.132353
1800,0.765152,0.834765,0.797456,0.841004,0.77305,0.778287,0.238095,0.221698
1801,0.686452,0.744094,0.714442,0.736842,0.662267,0.615986,0.152905,0.141104
1802,0.753296,0.800895,0.686495,0.806122,0.640992,0.597376,0.295082,0.255556
1803,0.876712,0.848101,0.8125,0.876712,0.866667,0.816901,0.868132,0.837838
1804,0.942595,0.917586,0.897778,0.930886,0.904092,0.873858,0.9375,0.970874
1805,0.92235,0.896614,0.877,0.942913,0.878425,0.837018,0.936937,0.945701
1806,0.951124,0.931133,0.833485,0.960748,0.908901,0.837287,0.972689,0.958159
1807,0.933707,0.907982,0.838854,0.965517,0.883593,0.809827,0.960986,0.975904
1808,0.926131,0.905025,0.825269,0.938849,0.879362,0.783491,0.945344,0.949416
1809,0.730382,0.732026,0.664596,0.803883,0.702932,0.623599,0.866667,0.863971
1810,0.826707,0.800602,0.731985,0.863813,0.762483,0.660573,0.894094,0.870588
1811,0.836795,0.807246,0.730216,0.857143,0.8,0.656676,0.88,0.828571
1812,0.794118,0.797203,0.748691,0.777778,0.727941,0.689531,0.847619,0.851064
1813,0.791667,0.754167,0.619048,0.755102,0.632653,0.660377,0.87037,0.928571
1814,0.95114,0.932743,0.943662,0.922156,0.93578,0.888889,0.888889,0.906667
1815,0.809339,0.816803,0.799435,0.763514,0.745297,0.73823,0.905941,0.928
1816,0.84507,0.769536,0.751756,0.859023,0.748055,0.696783,0.848138,0.841346
1817,0.775956,0.736416,0.684314,0.775801,0.728288,0.545573,0.822086,0.883495
1818,0.52795,0.561462,0.377953,0.525253,0.369565,0.19375,0.771429,0.7
1819,0.522222,0.586854,0.596154,0.534483,0.387097,0.6,0.848485,0.9375
1820,0.605769,0.701493,0.742857,0.742424,0.552632,0.716981,0.795455,0.823529
1821,0.299401,0.473262,0.428571,0.346939,0.4,0.583333,0.625,0.5
1822,0.629518,0.759831,0.796721,0.748634,0.683511,0.768293,0.601852,0.5
1823,0.709571,0.790274,0.821472,0.833693,0.70073,0.724306,0.763298,0.779661
1824,0.804805,0.806499,0.684444,0.882629,0.666667,0.554645,0.868852,0.930556
1825,0.8125,0.804511,0.610526,0.88189,0.6,0.446281,0.862069,0.978723
1826,0.836364,0.893103,0.795455,0.97561,0.882353,0.851852,0.954545,0.909091
1827,0.829146,0.815145,0.829268,0.872881,0.643478,0.785714,0.905882,0.914894
1828,0.91629,0.916758,0.898058,0.919431,0.9075,0.898123,0.94186,0.94186
1829,0.859649,0.886266,0.440758,0.869955,0.844125,0.895561,0.944134,0.930233
1830,0.625668,0.611979,0.572917,0.706897,0.56338,0.416,0.778846,0.767442
1831,0.608696,0.692833,0.68,0.793103,0.57971,0.614286,0.7,0.823529
1832,0.69697,0.697368,0.716981,0.887324,0.625,0.541667,0.891304,0.941176
1833,0.827068,0.802867,0.904255,0.814815,0.851351,0.837209,0.943396,0.941176
1834,0.804035,0.788018,0.738938,0.798611,0.761494,0.735016,0.928571,0.886364
1835,0.765323,0.717204,0.73979,0.718799,0.731183,0.679908,0.777778,0.81295
1836,0.761338,0.741429,0.681196,0.747445,0.703103,0.620565,0.86064,0.868966
1837,0.878875,0.836255,0.71393,0.864672,0.773448,0.715577,0.927305,0.908257
1838,0.607367,0.542061,0.545889,0.64467,0.564826,0.491963,0.836228,0.84058
1839,0.952229,0.924162,0.927681,0.936275,0.929897,0.916388,0.681818,0.862069
1840,0.943503,0.915423,0.906977,0.942222,0.914855,0.891892,0.675,0.753846
1841,0.934307,0.911765,0.896226,0.957364,0.913103,0.892308,0.702703,0.792208
1842,0.885714,0.865753,0.861456,0.916364,0.88024,0.87343,0.584337,0.593023
1843,0.895349,0.885301,0.872077,0.917808,0.89701,0.842987,0.655502,0.704762
1844,0.765006,0.741217,0.620968,0.783908,0.705399,0.636019,0.19244,0.254658
1845,0.720755,0.738449,0.694444,0.729216,0.644928,0.578885,0.350746,0.431507
1846,0.677419,0.704287,0.653789,0.738579,0.619143,0.566075,0.180392,0.188406
1847,0.656818,0.675287,0.691689,0.684874,0.616402,0.560155,0.77027,0.739726
1848,0.645833,0.677515,0.650273,0.705357,0.593834,0.512516,0.694444,0.757576
1849,0.662338,0.462025,0.396825,0.472222,0.464646,0.407767,0.444444,0.461538
1850,0.531915,0.255102,0.615385,0.52,0.171429,0.384615,0.076923,0
1851,0.013699,0.008475,0.014286,0,0,0.02,0.071429,0
1852,0.025316,0.015873,0.041096,0,0.022222,0.019608,0,0.111111
1853,0.012195,0.030534,0.026316,0,0,0.018868,0,0
1854,0.022727,0.028986,0.036145,0.025641,0.015625,0.046875,0,0
1855,0.033708,0.021583,0,0,0,0.044776,0,0
1856,0.009009,0.018868,0.010638,0.021277,0.021053,0,0,0
1857,0.064748,0.082524,0.035971,0,0.044304,0.006289,0,0
1858,0.027778,0.037383,0.021429,0.016393,0.030303,0.017964,0,0
1859,0.053892,0.059761,0.025157,0.013889,0.021739,0.030172,0,0
1860,0.007732,0.016484,0.013592,0.014925,0.008475,0.011299,0.013514,0
1861,0.007246,0.015491,0.010989,0,0.011628,0.006186,0,0
1862,0.011966,0.022005,0.07266,0.027397,0.018644,0.018906,0,0.010417
1863,0.017742,0.032295,0.021028,0.013289,0.029553,0.025757,0.013333,0.009615
1864,0.0078,0.01009,0.002252,0.003165,0.010046,0.012555,0.013158,0
1865,0.030172,0.032096,0.02381,0.034884,0.022001,0.024096,0.006452,0
1866,0.012712,0.019399,0.007246,0.008646,0.00904,0.010656,0,0
1867,0.020492,0.021179,0.027455,0.029333,0.017973,0.017751,0.012987,0
1868,0.026316,0.040394,0.02662,0.036011,0.028846,0.029492,0,0
1869,0.022272,0.034934,0.040984,0.044715,0.031148,0.03198,0.010309,0
1870,0.016,0.045558,0.028689,0.012422,0.035294,0.015974,0,0
1871,0.932039,0.916,0.893939,0.909091,0.84,0.985075,0.940299,0.96
1872,0.818182,0.825243,0.762376,0.792683,0.833333,0.811475,0.91358,0.8
1873,0.835821,0.798956,0.795031,0.813559,0.827586,0.725322,0.877419,0.85
1874,0.863946,0.84466,0.849057,0.77193,0.823834,0.869565,0.909091,0.878788
1875,0.887633,0.84334,0.799038,0.88875,0.822139,0.745665,0.924192,0.891954
1876,0.728311,0.656525,0.684636,0.733333,0.654269,0.653333,0.516779,0.486486
1877,0.789474,0.726415,0.664062,0.838983,0.659686,0.513966,0.893939,0.878788
1878,0.752809,0.34466,0.590909,0.86,0.6,0.423077,0.904762,0.933333
1879,0.809257,0.795966,0.78125,0.796748,0.746939,0.724712,0.851449,0.780488
1880,0.86075,0.809482,0.746544,0.886905,0.761905,0.736842,0.843985,0.81203
1881,0.797571,0.788538,0.753582,0.833333,0.710145,0.634228,0.761905,0.855422
1882,0.719557,0.748428,0.701422,0.794702,0.630952,0.49789,0.741935,0.698113
1883,0.601351,0.637681,0.82243,0.462963,0.65625,0.62069,0.873418,0.925926
1884,0.603248,0.620642,0.627078,0.701271,0.575862,0.557763,0.32981,0.264214
1885,0.559105,0.633588,0.616393,0.582873,0.586652,0.526437,0.687345,0.651822
1886,0.38764,0.416465,0.458015,0.458333,0.447619,0.382979,0.567568,0.647059
1887,0.63,0.65,0.586207,0.711538,0.409091,0.372093,0.862069,0.758621
1888,0.881783,0.883484,0.733184,0.87234,0.816803,0.76213,0.396552,0.383178
1889,0.871269,0.849666,0.708333,0.808,0.825647,0.751142,0.255144,0.294118
1890,0.734242,0.796334,0.655602,0.817204,0.744376,0.63963,0.204633,0.181102
1891,0.866187,0.86036,0.797834,0.872727,0.771044,0.692907,0.283133,0.306358
1892,0.685246,0.69488,0.627698,0.662461,0.62598,0.612871,0.116162,0.196429
1893,0.766332,0.732374,0.584184,0.752101,0.618519,0.519757,0.155039,0.192982
1894,0.54386,0.484252,0.552239,0.461538,0.416667,0.378378,0.916667,0.833333
1895,0.633028,0.434211,0.573991,0.349462,0.426724,0.271111,0.935897,0.890625
1896,0.771892,0.519874,0.692231,0.700803,0.683358,0.51548,0.699758,0.611814
1897,0.787975,0.524428,0.692384,0.762183,0.708333,0.525804,0.543578,0.493878
1898,0.784846,0.54411,0.715196,0.795812,0.733739,0.557533,0.521825,0.465455
1899,0.79927,0.554047,0.75045,0.800344,0.741859,0.570088,0.526012,0.508651
1900,0.798753,0.564775,0.728251,0.816327,0.715113,0.543492,0.541353,0.518395
1901,0.680278,0.4389,0.527845,0.676768,0.580024,0.380442,0.572727,0.501441
1902,0.624227,0.397924,0.55259,0.56,0.558025,0.414681,0.435185,0.426136
1903,0.912281,0.903114,0.85,0.941748,0.84,0.851852,0.80597,0.823529
1904,0.871094,0.851027,0.888031,0.91573,0.886957,0.861818,0.686131,0.672727
1905,0.603254,0.587149,0.538776,0.662162,0.546087,0.592047,0.217507,0.202073
1906,0.841612,0.758462,0.734531,0.883072,0.72402,0.662407,0.628763,0.638095
1907,0.669007,0.710172,0.694534,0.76,0.608812,0.634117,0.461089,0.467153
1908,0.78536,0.755572,0.69927,0.865801,0.680664,0.649123,0.600473,0.638655
1909,0.028571,0.061033,0.064516,0,0,0.047619,0.071429,0
1910,0.165854,0.324121,0.211009,0.241071,0.22351,0.372642,0,0
1911,0.065523,0.177703,0.074227,0.196629,0.131068,0.220994,0.003745,0
1912,0.05457,0.108425,0.047297,0.119107,0.081103,0.102181,0.00597,0.005814
1913,0.075404,0.12895,0.038283,0.1216,0.115824,0.09607,0.007313,0.019608
1914,0.020372,0.045086,0.012644,0.045886,0.028846,0.039258,0.003509,0
1915,0.166098,0.365059,0.191456,0.248239,0.303607,0.491837,0.008772,0.014815
1916,0.035897,0.100295,0.055394,0.081579,0.150538,0.253359,0.007722,0
1917,0.07438,0.274709,0.149038,0.153846,0.227053,0.522523,0.019108,0.009709
1918,0.857143,0.922581,0.8,0.909091,0.818182,0.8125,0.914286,0.944444
1919,0.848224,0.816092,0.820144,0.92963,0.747594,0.697642,0.867322,0.867841
1920,0.821297,0.815928,0.778234,0.904192,0.69554,0.692982,0.849162,0.850515
1921,0.563786,0.531323,0.586854,0.596273,0.559091,0.409756,0.784946,0.837838
1922,0.684729,0.725686,0.60804,0.758865,0.642105,0.431818,0.858974,0.763158
1923,0.694737,0.780172,0.613208,0.810127,0.6,0.571429,0.785714,0.777778
1924,0.12253,0.084034,0.003571,0.022346,0.010714,0.012232,0,0
1925,0.006192,0.01773,0,0.014218,0.010753,0.004545,0.022989,0.018868
1926,0.030581,0.034965,0.020349,0.018692,0.018182,0.00883,0.033708,0
1927,0.061977,0.067623,0.012064,0.016949,0.014563,0.016919,0.006061,0.009091
1928,0.017825,0.018041,0.007722,0.008375,0.011594,0.018653,0.00241,0
1929,0.076343,0.062665,0.012275,0.02109,0.011201,0.019305,0.002591,0.008929
1930,0.013769,0.018498,0.00713,0.010899,0.009383,0.01003,0.013216,0
1931,0.142105,0.158186,0.030741,0.044693,0.049798,0.056008,0,0
1932,0.009317,0.018587,0.014151,0,0.003077,0.007212,0,0
1933,0.049123,0.035714,0.016043,0,0.006969,0.017192,0,0
1934,0.030075,0.016327,0,0.013158,0,0.008403,0,0.035714
1935,0,0.00495,0,0,0.013889,0.012987,0,0
1936,0.042254,0.012579,0.016129,0,0,0.018868,0,0
1937,0.519481,0.702703,0.540541,0.711111,0.458333,0.371429,0.857143,0.842105
1938,0.644444,0.732323,0.540541,0.7,0.548387,0.380952,0.78,0.818182
1939,0.409471,0.432432,0.609428,0.492308,0.394737,0.542735,0.042553,0.095745
1940,0.479798,0.432,0.614379,0.567797,0.398907,0.367089,0.025641,0.107143
1941,0.246914,0.236559,0.408451,0.346154,0.302632,0.236364,0.069767,0
1942,0.680851,0.67735,0.655502,0.751724,0.567708,0.542289,0.611111,0.836735
1943,0.796729,0.790191,0.725753,0.727273,0.725589,0.797373,0.348148,0.32
1944,0.85213,0.839489,0.796226,0.789238,0.807252,0.797521,0.657143,0.525
1945,0.812169,0.829341,0.735294,0.79717,0.690722,0.772234,0.526882,0.5
1946,0.786704,0.844136,0.752174,0.773399,0.80131,0.790646,0.546512,0.492754
1947,0.89726,0.884273,0.866197,0.924051,0.876106,0.904,0.581395,0.633333
1948,0.256158,0.304545,0.111111,0.151261,0.202247,0.286517,0.811111,0.886364
1949,0.321839,0.398907,0.238579,0.318182,0.269939,0.389776,0.913043,0.898305
1950,0.313869,0.40177,0.247475,0.259259,0.238235,0.389937,0.880342,0.868852
1951,0.334448,0.399334,0.248804,0.317365,0.271739,0.394813,0.882353,0.934426
1952,0.396247,0.495979,0.434399,0.495726,0.429993,0.569782,0.90113,0.873737
1953,0.424539,0.552527,0.471491,0.548319,0.468586,0.614223,0.89415,0.877451
1954,0.404517,0.477358,0.385641,0.440239,0.44303,0.592571,0.861893,0.878378
1955,0.390735,0.45098,0.383686,0.406977,0.430211,0.583285,0.851415,0.824786
1956,0.582406,0.632099,0.587318,0.582329,0.608196,0.672657,0.933687,0.917098
1957,0.57931,0.628265,0.589202,0.600446,0.60396,0.732695,0.844884,0.86875
1958,0.776224,0.822742,0.86385,0.90303,0.88417,0.818792,0.870588,0.962264
1959,0.366038,0.297405,0.075893,0.2,0.209459,0.229682,0.666667,0.8
1960,0.665971,0.641154,0.203661,0.542955,0.591398,0.476331,0.857143,0.814815
1961,0.78854,0.823723,0.56215,0.810304,0.738645,0.667435,0.823899,0.803738
1962,0.772397,0.8,0.55523,0.793617,0.747561,0.683901,0.863095,0.834711
1963,0.799763,0.847716,0.618726,0.839662,0.793165,0.743191,0.832402,0.888889
1964,0.851175,0.876006,0.730422,0.893939,0.868336,0.795775,0.856209,0.892157
1965,0.817053,0.862315,0.695238,0.868114,0.83843,0.757652,0.786744,0.83945
1966,0.8285,0.846512,0.650915,0.86872,0.832939,0.813494,0.820513,0.826613
1967,0.832645,0.849102,0.706468,0.860902,0.834711,0.829904,0.830986,0.846154
1968,0.914286,0.886978,0.88,0.905512,0.850932,0.87234,0.786667,0.897436
1969,0.72028,0.825949,0.814433,0.818182,0.712644,0.883333,0.767857,0.866667
1970,0.701571,0.684752,0.597338,0.630319,0.625974,0.571429,0.728682,0.725581
1971,0.777647,0.769494,0.713831,0.799499,0.713287,0.612903,0.744292,0.741379
1972,0.708085,0.747154,0.694175,0.614525,0.683239,0.676235,0.840074,0.802432
1973,0.890879,0.893398,0.810435,0.903571,0.869732,0.809339,0.878683,0.878963
1974,0.897354,0.895778,0.803697,0.911917,0.869306,0.809111,0.929701,0.913043
1975,0.890805,0.88131,0.78081,0.898067,0.840052,0.792907,0.950092,0.945619
1976,0.93469,0.922095,0.851936,0.897561,0.887601,0.861111,0.966887,0.933333
1977,0.94508,0.926264,0.826506,0.923885,0.913309,0.896249,0.941606,0.912195
1978,0.91762,0.900913,0.908416,0.924107,0.889073,0.873418,0.954955,0.944444
1979,0.85119,0.917355,0.921569,0.939394,0.908333,0.889831,0.870968,0.833333
1980,0.845633,0.837967,0.80133,0.869626,0.792222,0.800966,0.324149,0.299233
1981,0.882955,0.876367,0.826491,0.898649,0.822278,0.828221,0.535885,0.515228
1982,0.944792,0.917935,0.886694,0.941696,0.883994,0.859242,0.389474,0.362903
1983,0.941909,0.94514,0.915948,0.936508,0.914716,0.889943,0.287958,0.260504
1984,0.916462,0.924888,0.909548,0.949275,0.931818,0.893519,0.358824,0.321101
1985,0.915493,0.918421,0.926829,0.990196,0.941176,0.895833,0.391304,0.380952
1986,0.869159,0.911661,0.880952,0.985507,0.974359,0.891304,0.782051,0.777778
1987,0.846422,0.819433,0.758308,0.795796,0.80083,0.697446,0.614679,0.580645
1988,0.914524,0.878636,0.857816,0.926009,0.8565,0.803748,0.645115,0.548926
1989,0.841188,0.767902,0.781847,0.840136,0.77707,0.70733,0.431918,0.346247
1990,0.968059,0.949359,0.944012,0.959759,0.968017,0.957309,0.894022,0.867299
1991,0.237113,0.114943,0.25,0.111111,0.192308,0.095238,0.081081,0.05
1992,0.283282,0.098667,0.175989,0.1475,0.140681,0.092127,0.040816,0.03876
1993,0.308762,0.119281,0.216837,0.169336,0.187399,0.101295,0.047619,0.033784
1994,0.396205,0.205398,0.361607,0.27619,0.263907,0.175616,0.158621,0.170616
1995,0.457516,0.24903,0.38106,0.32037,0.304514,0.177064,0.271642,0.296137
1996,0.048193,0,0.011236,0.052632,0.034653,0,0,0
1997,0.655332,0.456382,0.512048,0.495327,0.495477,0.39422,0.770774,0.737624
1998,0.774834,0.718644,0.765957,0.722222,0.684659,0.54417,0.778689,0.816667
1999,0.846154,0.80177,0.865922,0.863636,0.771429,0.671756,0.823529,0.851064
2000,0.89,0.872428,0.819672,0.912281,0.925,0.686275,0.872727,0.666667
2001,0.804173,0.780258,0.745042,0.853165,0.748466,0.615529,0.685315,0.845455
2002,0.814577,0.728059,0.805672,0.862254,0.743917,0.623337,0.679245,0.694215
2003,0.817444,0.8041,0.759162,0.780645,0.811321,0.729078,0.895833,0.80303
2004,0.883562,0.840295,0.854093,0.88843,0.78733,0.784566,0.911894,0.953846
2005,0.823529,0.793651,0.736842,0.868421,0.402299,0.638889,0,0.269231
2006,0.89455,0.849007,0.828221,0.862471,0.858088,0.774816,0.911839,0.916667
2007,0.879075,0.809721,0.760234,0.86558,0.834632,0.697062,0.911111,0.896266
2008,0.927835,0.913943,0.859316,0.942652,0.922374,0.901763,0.95,0.940678
2009,0.938111,0.946667,0.908451,0.928962,0.954774,0.912621,0.954248,0.928571
2010,0.936842,0.900474,0.916667,0.971429,0.928571,0.791667,0.945946,0.944444
2011,0.915663,0.943005,0.909091,0.90625,0.727273,0.6,0.914286,0.90625
2012,0.151079,0.282443,0.131579,0.172043,0.19,0.25,0.254545,0.3
2013,0.19084,0.356371,0.134969,0.25,0.250923,0.27686,0.28,0.232558
2014,0.229682,0.399594,0.171271,0.209581,0.271478,0.318182,0.269231,0.222222
2015,0.338275,0.445803,0.187801,0.295739,0.343259,0.400361,0.231405,0.278571
2016,0.347483,0.467598,0.239407,0.321285,0.376966,0.483407,0.177143,0.236453
2017,0.320413,0.435268,0.222222,0.276896,0.351213,0.492551,0.188209,0.215385
2018,0.238673,0.376665,0.180103,0.194352,0.305297,0.463383,0.245203,0.224806
2019,0.347021,0.433209,0.209344,0.241206,0.367136,0.502522,0.169336,0.153543
2020,0.791391,0.796029,0.651568,0.805556,0.674699,0.496795,0.280374,0.253165
2021,0.722388,0.77371,0.674342,0.791045,0.656593,0.464986,0.209524,0.170455
2022,0.786517,0.75068,0.668122,0.791045,0.644958,0.549892,0.310345,0.288591
2023,0.769841,0.747392,0.622642,0.734177,0.647407,0.587726,0.079585,0.133333
2024,0.306878,0.082212,0.161644,0.191111,0.190019,0.086207,0.006536,0
2025,0.387671,0.1525,0.199734,0.275676,0.221519,0.190541,0.016892,0.006494
2026,0.375474,0.166793,0.229358,0.288835,0.256065,0.253239,0.018519,0.018072
2027,0.319861,0.108957,0.180483,0.22695,0.22031,0.163494,0.005634,0.010309
2028,0.435606,0.505639,0.341772,0.328767,0.446089,0.375,0.128571,0
2029,0.407895,0.379009,0.244048,0.313953,0.284483,0.317073,0.086957,0.064516
2030,0.537313,0.577889,0.37931,0.642857,0.44,0.289474,0.659574,0.590909
2031,0.679641,0.66,0.6,0.745614,0.537897,0.429194,0.486301,0.529412
2032,0.746753,0.703551,0.616137,0.821333,0.633428,0.500435,0.528958,0.525547
2033,0.787572,0.733859,0.709916,0.823944,0.673801,0.541209,0.565217,0.577381
2034,0.816068,0.759793,0.794677,0.815972,0.737844,0.657501,0.529954,0.512821
2035,0.8125,0.764045,0.829833,0.844007,0.788224,0.706013,0.575824,0.59144
2036,0.867347,0.8,0.865987,0.882068,0.837656,0.727648,0.639405,0.585106
2037,0.806533,0.757576,0.769543,0.835962,0.759834,0.699513,0.611486,0.594855
2038,0.809295,0.724215,0.705515,0.778098,0.688969,0.651241,0.909621,0.915094
2039,0.915348,0.866697,0.884872,0.90896,0.857616,0.788618,0.944521,0.916418
2040,0.854251,0.839277,0.842207,0.837758,0.807821,0.749686,0.842179,0.862805
2041,0.80226,0.840749,0.768519,0.794643,0.852941,0.81982,0.919643,0.928571
2042,0.263636,0.341772,0.182796,0.35443,0.357143,0.382716,0.754098,0.7
2043,0.393103,0.377104,0.222973,0.484848,0.354545,0.376068,0.857143,0.714286
2044,0.546893,0.570793,0.551546,0.640244,0.623385,0.578847,0.859296,0.852632
2045,0.56202,0.584615,0.566937,0.654618,0.596919,0.58505,0.841969,0.839572
2046,0.641184,0.648298,0.704762,0.767896,0.716605,0.717916,0.926667,0.890244
2047,0.846154,0.783217,0.834395,0.854167,0.767677,0.797619,0.85,0.810811
2048,0.024691,0.006944,0,0,0.055556,0.038462,0,0
2049,0.009709,0,0,0,0,0,0,0
2050,0.009009,0.005236,0,0,0.028571,0,0,0
2051,0.037267,0.019892,0.007407,0.037037,0.048232,0.026393,0,0
2052,0.027473,0.030894,0.01278,0.01105,0.050667,0.030303,0.009615,0.048193
2053,0.015831,0.006369,0.003115,0.005376,0.03886,0.014706,0.009091,0
2054,0.014545,0.010944,0.004296,0.009852,0.011716,0.007827,0.003484,0
2055,0.008557,0.004885,0.003102,0.002545,0.005093,0.00171,0.018382,0
2056,0.023729,0.024518,0.010753,0.012384,0.022239,0.012308,0.009804,0
2057,0.033457,0.033557,0.029703,0.013699,0.038429,0.028244,0.011494,0.019802
2058,0.017751,0.018538,0.009105,0.018587,0.019249,0.012671,0.006098,0
2059,0.006928,0.008454,0.001848,0,0.005855,0.006053,0,0
2060,0.004963,0.011494,0.012,0,0.006954,0.007003,0,0.015385
2061,0.008646,0.018466,0.006757,0.009479,0.004847,0.012324,0.010417,0.016129
2062,0.006024,0.016129,0.007126,0,0.008726,0.017613,0.011364,0
2063,0.018349,0.012712,0.007752,0.007299,0.022642,0.004115,0,0.023256
2064,0.01227,0.011204,0.011696,0,0.006667,0.020134,0,0
2065,0.018349,0,0,0,0,0,0,0
2066,0.006757,0.006601,0,0.009009,0,0,0,0
2067,0.00578,0.013774,0.009346,0.007812,0,0.012987,0,0.025641
2068,0,0.021569,0.006061,0,0.020202,0.007576,0,0.023256
2069,0.00838,0.021802,0.003984,0.015957,0.005,0.008969,0.009174,0.021277
2070,0.004815,0.015929,0.004274,0.003125,0.012539,0.01157,0.004098,0.020408
2071,0.005868,0.00444,0.00496,0.004967,0.002161,0.005638,0.001821,0.004348
2072,0.010561,0.020499,0.023295,0.015198,0.016812,0.034984,0.011647,0.007463
2073,0.012976,0.010337,0.016681,0.003012,0.013529,0.026301,0.006838,0
2074,0.012924,0.016216,0.010815,0.021148,0.017039,0.030956,0.025554,0.007752
2075,0.011327,0.018527,0.027754,0.004573,0.014979,0.036599,0.008757,0.007722
2076,0.004971,0.013731,0.009718,0.006339,0.009496,0.007576,0.003663,0.008065
2077,0.014468,0.01633,0.008009,0.014925,0.013501,0.014655,0.001988,0
2078,0.012163,0.013739,0.01224,0.003328,0.012133,0.010784,0.006148,0.013514
2079,0.005947,0.006645,0.002688,0.004732,0.00155,0.00764,0.00641,0
2080,0.002204,0.004337,0.00203,0.004292,0.002857,0.002078,0,0
2081,0.00218,0.003478,0.002788,0.004196,0.004748,0.004946,0.005042,0.003185
2082,0.00143,0.00664,0.003487,0.00266,0.004536,0.004995,0.001597,0
2083,0.007925,0.017906,0.009091,0.027697,0.021164,0.00958,0,0.003268
2084,0.010116,0.017939,0.008145,0.020498,0.018118,0.010655,0.003515,0.006623
2085,0.013428,0.026906,0.013979,0.023006,0.013542,0.015142,0.005882,0.011236
2086,0.014493,0.02658,0.023585,0.031008,0.018248,0.018114,0.00396,0.007576
2087,0.003367,0.009615,0.007426,0.002849,0,0.004065,0.003322,0.012346
2088,0.005976,0.003413,0,0.01,0,0.002506,0.011811,0.015385
2089,0,0.002967,0,0,0,0,0.013158,0
2090,0,0.003185,0,0.028986,0.022727,0.055556,0,0
2091,0.009434,0.011321,0,0,0,0,0,0
2092,0.597484,0.60105,0.366197,0.320388,0.520833,0.158537,0.766234,0.756757
2093,0.884615,0.921053,0.848485,0.897059,0.95,1,0.974026,0.923077
2094,0.700565,0.669118,0.567198,0.724265,0.558981,0.508772,0.816216,0.757895
2095,0.799043,0.806164,0.72093,0.871875,0.730684,0.666667,0.885167,0.833333
2096,0.925847,0.952539,0.932907,0.98008,0.882904,0.922141,0.902222,0.886364
2097,0.946629,0.960396,0.95122,0.946237,0.924242,0.921875,0.942675,0.939394
2098,0.969432,0.973274,0.951456,0.984375,0.930435,0.927928,0.935185,0.952381
2099,0.913669,0.951368,0.940299,0.957895,0.930233,0.875,0.934066,0.972222
2100,0.810606,0.951923,0.923077,0.944444,0.944444,0.891892,0.939024,0.971429
2101,0.568038,0.422642,0.465473,0.60678,0.56538,0.53417,0.934028,0.902439
2102,0.624324,0.473854,0.495637,0.653731,0.598743,0.521696,0.958466,0.90604
2103,0.38345,0.200137,0.343832,0.383292,0.488814,0.452238,0.943878,0.928934
2104,0.506098,0.257586,0.39781,0.486911,0.551817,0.520521,0.95935,0.953846
2105,0.374185,0.145089,0.282742,0.346883,0.465605,0.425303,0.981982,0.944751
2106,0.569182,0.678637,0.617518,0.666667,0.659475,0.668036,0.950192,0.89781
2107,0.863436,0.829322,0.864198,0.854962,0.888889,0.856287,0.886598,0.945455
2108,0.010204,0,0,0,0,0,0,0
2109,0,0.002494,0,0.0125,0.00565,0.023952,0.011628,0
2110,0.010638,0.002262,0,0.011494,0,0,0,0.018182
2111,0,0.005576,0,0,0.00678,0.003597,0,0
2112,0,0,0,0,0.002519,0.002817,0.008621,0
2113,0,0.002663,0,0,0.001996,0.010025,0.015748,0
2114,0.002865,0.006143,0.004651,0,0.003604,0.004274,0,0.013889
2115,0,0.000929,0,0,0.003521,0.001522,0.005348,0.011905
2116,0.006073,0.002681,0.002959,0,0.003337,0.001458,0.019704,0.010417
2117,0,0.003265,0.005602,0,0.005831,0,0.004425,0
2118,0.005263,0.005443,0.005222,0,0.00266,0.003654,0.003968,0
2119,0.003098,0.004405,0.00495,0.00311,0.003321,0.007733,0.001379,0
2120,0.00289,0.001981,0.004699,0,0.001905,0.002943,0.0016,0.003215
2121,0.001721,0.006228,0.003578,0.003058,0.002894,0.003704,0,0
2122,0.641304,0.686327,0.619048,0.726316,0.504425,0.447368,0.852941,0.875
2123,0.765854,0.791837,0.72449,0.844221,0.719723,0.624615,0.928,0.849057
2124,0.775176,0.835997,0.772246,0.806971,0.720407,0.753299,0.942748,0.92029
2125,0.881538,0.912587,0.84715,0.946667,0.866445,0.868316,0.958333,0.938931
2126,0.89948,0.907336,0.905797,0.97026,0.860465,0.91004,0.953488,0.9375
2127,0.869198,0.883878,0.858537,0.891775,0.830739,0.894142,0.951613,0.969697
2128,0.934473,0.930636,0.904661,0.953757,0.922741,0.92393,0.955556,0.962025
2129,0.909938,0.949074,0.924574,0.980769,0.929032,0.935875,0.943089,0.946667
2130,0.920455,0.952941,0.909375,0.944,0.881944,0.91954,0.944444,0.890909
2131,0.936709,0.941558,0.902098,0.958333,0.911846,0.926573,0.932432,0.977273
2132,0.793578,0.886105,0.827206,0.827273,0.817073,0.873134,0.857143,0.95122
2133,0.888889,0.954054,0.911215,0.934783,0.868085,0.891304,0.910714,0.902439
2134,0.611452,0.576305,0.647436,0.625,0.464912,0.381232,0.880829,0.883721
2135,0.607606,0.641589,0.642119,0.630745,0.531056,0.474002,0.881783,0.892857
2136,0.660714,0.747222,0.73494,0.821429,0.807229,0.904762,0.884615,0.962264
2137,0.761787,0.805428,0.772497,0.778481,0.731589,0.69191,0.112108,0.096774
2138,0.8867,0.896451,0.866999,0.937309,0.864377,0.84106,0.263713,0.286996
2139,0.867725,0.908847,0.918033,0.909871,0.819242,0.884735,0.513043,0.52381
2140,0.91358,0.938389,0.928571,1,0.857143,0.897436,0.705882,0.5
2141,0.763855,0.788438,0.758491,0.820961,0.627002,0.539589,0.869565,0.875
2142,0.778884,0.804167,0.752294,0.872587,0.681132,0.622426,0.877095,0.824176
2143,0.715774,0.805324,0.746102,0.813889,0.683089,0.668693,0.816143,0.721311
2144,0.005556,0.006593,0,0,0.017857,0.01,0,0
2145,0.014286,0.006421,0,0.011905,0.021277,0.006135,0.010101,0
2146,0.006144,0.003445,0.005168,0.002874,0.004762,0.005562,0.00939,0
2147,0.002634,0.002084,0.005115,0,0.005423,0.005774,0.00303,0.005618
2148,0.000939,0.001114,0.001361,0.003876,0.004046,0.002533,0,0
2149,0.002367,0.001405,0,0.007126,0.00232,0.004405,0,0
2150,0.002008,0,0.002994,0,0.001337,0.001618,0,0
2151,0,0.002116,0.003145,0.003937,0,0.005146,0.006329,0
2152,0,0.003839,0,0,0,0.004367,0,0
2153,0.62069,0.643678,0.404762,0.705882,0.466667,0.322581,0.933333,1
2154,0.888,0.779412,0.669118,0.767123,0.683333,0.494118,0.823529,0.6875
2155,0.861244,0.815476,0.675585,0.830769,0.741036,0.565757,0.864407,0.814815
2156,0.83045,0.80303,0.684597,0.824242,0.685422,0.553285,0.855556,0.893617
2157,0.85473,0.806653,0.690698,0.858824,0.720874,0.571031,0.835052,0.916667
2158,0.814465,0.790875,0.661123,0.808511,0.693966,0.612739,0.817391,0.830508
2159,0.832877,0.410596,0.70568,0.86758,0.699301,0.650313,0.913669,0.958333
2160,0.839286,0.818697,0.766197,0.880952,0.740053,0.654545,0.932961,0.944444
2161,0.839552,0.829298,0.824791,0.873288,0.785047,0.729502,0.946078,0.951923
2162,0.843694,0.826437,0.817722,0.844765,0.814509,0.722567,0.931034,0.942308
2163,0.852321,0.842105,0.807284,0.852679,0.809224,0.752115,0.871921,0.957895
2164,0.914835,0.92671,0.911628,0.955307,0.914286,0.86194,0.895706,0.987805
2165,0.918728,0.927022,0.884726,0.931973,0.88866,0.851133,0.93913,0.913793
2166,0.937238,0.911905,0.930909,0.920635,0.921875,0.854305,0.860215,0.925
2167,0.957672,0.941349,0.939252,0.927083,0.938144,0.883721,0.905405,0.918919
2168,0.980892,0.945946,0.932203,0.928571,0.948276,0.862222,0.873016,0.789474
2169,0.96748,0.950207,0.952381,0.934426,0.923077,0.916031,0.933333,0.971429
2170,0.946667,0.913333,0.902778,0.935484,0.934783,0.96,0.925926,1
2171,0.882189,0.833237,0.824349,0.898333,0.812958,0.778638,0.453048,0.396667
2172,0.900834,0.851513,0.826047,0.899506,0.817367,0.789392,0.376013,0.361564
2173,0.89753,0.863713,0.83874,0.929967,0.838423,0.797116,0.410742,0.397554
2174,0.907895,0.884672,0.880531,0.909574,0.83642,0.806084,0.775956,0.693333
2175,0.952381,0.951807,0.990196,0.989011,0.963415,0.893333,0.885417,0.894737
2176,0.860759,0.825112,0.840909,0.827586,0.851852,0.821429,0.859649,0.852941
2177,0.79257,0.693642,0.571429,0.778378,0.640693,0.549784,0.84106,0.876404
2178,0.845869,0.85011,0.823529,0.850679,0.792918,0.795191,0.92246,0.859873
2179,0.95539,0.937618,0.94152,0.96129,0.885593,0.892857,0.965986,0.982456
2180,0.951807,0.942346,0.934132,0.966667,0.897778,0.910448,0.978102,1
2181,0.948276,0.951681,0.937107,0.978571,0.907407,0.92607,0.992,1
2182,0.963918,0.946136,0.972603,1,0.899408,0.908654,0.981818,0.978723
2183,0.895062,0.891599,0.833333,0.958333,0.859649,0.822785,0.955556,0.948718
2184,0.931034,0.976608,0.951456,0.977011,0.89899,0.940741,1,1
2185,0.976923,0.974843,0.977778,0.986667,0.957746,0.898148,0.96,1
2186,0.973214,0.952899,0.961538,0.985294,0.9375,0.904762,0.983051,0.972222
2187,0.978947,0.95122,0.971429,0.968254,0.823529,0.952381,0.966102,0.965517
2188,0.00885,0.006116,0,0,0,0.012821,0,0
2189,0,0,0,0,0.002915,0.003413,0,0
2190,0.013072,0.005038,0,0.009174,0.002825,0.003333,0,0
2191,0,0.006048,0.006042,0,0,0.002404,0,0
2192,0,0.002045,0.003012,0,0.006849,0.004819,0,0
2193,0,0.002421,0.010033,0,0.004988,0,0,0
2194,0,0.002114,0.002755,0.008475,0,0.006424,0.014706,0
2195,0.01444,0.010582,0.018561,0.012739,0.011679,0.01374,0.012195,0
2196,0.006734,0.001669,0.004484,0,0.00137,0.004329,0,0
2197,0.020997,0.036984,0.028681,0.019802,0.023411,0.021127,0.008264,0.014085
2198,0.012285,0.018229,0.013986,0.018182,0.008205,0.011866,0.007042,0
2199,0.002326,0.003704,0.005085,0,0.006803,0.003064,0.006098,0
2200,0.002066,0.004535,0.001603,0.003861,0.00089,0.004655,0,0
2201,0,0.00159,0,0,0.003399,0.00411,0.006579,0.007353
2202,0.004231,0.009658,0.007682,0.005882,0.006698,0.010451,0.003012,0.00625
2203,0.002759,0.003626,0.001264,0.002849,0.00939,0.012804,0.005848,0
2204,0,0.006,0.004505,0,0.006834,0.005722,0.002915,0.005682
2205,0.002567,0.002008,0.008392,0,0.00774,0.004473,0.003021,0.005917
2206,0.001325,0.002104,0.002985,0,0.002492,0.00334,0.003175,0.006289
2207,0.001458,0.004615,0.00173,0.003003,0.002812,0.002948,0,0
2208,0,0.002415,0,0.003247,0.003,0.003861,0,0
2209,0,0.00163,0.001869,0,0.003052,0.00468,0.003846,0
2210,0,0.001899,0.002268,0.003968,0,0.000959,0,0
2211,0.001923,0.002915,0.00232,0,0,0.00198,0.010309,0.011111
2212,0.002092,0.002151,0.005391,0,0.001876,0.001143,0,0.011765
2213,0.005195,0.003788,0.007143,0,0,0.005666,0,0
2214,0,0.001377,0.004082,0.012048,0.00551,0,0.014388,0
2215,0.003067,0.00299,0.004587,0.013793,0,0.005146,0.015873,0
2216,0,0.004717,0,0,0.00625,0,0,0
2217,0,0,0,0.0125,0,0.006873,0,0
2218,0,0.002625,0.009346,0,0,0,0,0
2219,0,0.002857,0,0,0,0,0,0
2220,0.901899,0.868263,0.875,0.889524,0.862825,0.831388,0.918605,0.936759
2221,0.837709,0.808688,0.793345,0.86057,0.76905,0.711268,0.924632,0.926282
2222,0.844125,0.8586,0.831551,0.894737,0.829813,0.731122,0.936803,0.930233
2223,0.6974,0.679479,0.600829,0.698795,0.604103,0.505213,0.905028,0.898058
2224,0.564516,0.58626,0.47234,0.545977,0.376106,0.396739,0.79,0.773333
2225,0.517857,0.566502,0.455357,0.481013,0.402062,0.406667,0.862069,0.84375
2226,0.761194,0.724928,0.704762,0.777778,0.666667,0.433962,0.854167,0.833333
2227,0.776892,0.712531,0.715385,0.872,0.654762,0.423913,0.9,0.827586
2228,0.767584,0.787356,0.788235,0.88961,0.753138,0.637037,0.864407,0.861111
2229,0.833333,0.792028,0.79096,0.890173,0.739777,0.621359,0.911765,0.897436
2230,0.823678,0.810373,0.790816,0.875,0.746753,0.629526,0.858974,0.95122
2231,0.83125,0.75491,0.800366,0.842541,0.752193,0.702065,0.822115,0.842975
2232,0.826653,0.771225,0.779053,0.888158,0.726772,0.749235,0.794702,0.820359
2233,0.590078,0.546199,0.250896,0.58365,0.467257,0.501769,0.82618,0.834025
2234,0.564952,0.54498,0.320602,0.56699,0.450867,0.516999,0.796875,0.794872
2235,0.494269,0.447546,0.263736,0.373529,0.372372,0.535849,0.831897,0.811475
2236,0.6875,0.64186,0.700855,0.632911,0.426829,0.472727,0.046512,0
2237,0.519841,0.599147,0.679167,0.694268,0.473404,0.481586,0.028986,0
2238,0.352778,0.497645,0.612069,0.412322,0.321755,0.391555,0.058824,0.018182
2239,0.726073,0.759131,0.778584,0.801749,0.66605,0.683422,0.088235,0.008696
2240,0.85026,0.833874,0.856489,0.879093,0.789588,0.743039,0.121849,0.057325
2241,0.841285,0.81835,0.844988,0.889796,0.781286,0.765057,0.104623,0.083665
2242,0.862791,0.844916,0.852103,0.870748,0.823752,0.813056,0.088235,0.104712
2243,0.806763,0.770574,0.833333,0.708333,0.644928,0.831395,0.098039,0.034483
2244,0.97973,0.959677,0.96129,0.964286,0.922414,0.958333,0.986111,1
2245,0.902321,0.875,0.837373,0.924915,0.861055,0.801744,0.956627,0.94686
2246,0.885981,0.862757,0.850153,0.938918,0.84267,0.810256,0.975824,0.969163
2247,0.861742,0.860012,0.833203,0.925606,0.821752,0.793296,0.946352,0.960699
2248,0.839806,0.820051,0.686957,0.855124,0.789206,0.72983,0.926407,0.960177
2249,0.825147,0.804036,0.667712,0.838078,0.747481,0.72412,0.916479,0.897778
2250,0.890086,0.851095,0.802426,0.906883,0.804423,0.730248,0.942598,0.934211
2251,0.787197,0.757174,0.669202,0.853801,0.656334,0.467403,0.910798,0.958763
2252,0.749129,0.728489,0.508721,0.786458,0.575972,0.325843,0.857143,0.852941
2253,0.938596,0.94052,0.919355,0.986111,0.846154,0.923077,0.925,1
2254,0.354483,0.367181,0.259043,0.24826,0.366693,0.37836,0.884273,0.861878
2255,0.444286,0.453255,0.392557,0.374101,0.413708,0.432161,0.861111,0.876471
2256,0.315884,0.351515,0.168693,0.188088,0.291011,0.3279,0.846154,0.877049
2257,0.274194,0.370229,0.233645,0.226667,0.224719,0.151163,0.862069,0.857143
2258,0.3875,0.473684,0.391304,0.490566,0.285714,0.361111,0.921053,0.9375
2259,0.385965,0.541353,0.490909,0.195122,0.125,0.416667,0.972973,1
2260,0.685714,0.931579,0.820513,0.882353,0.859375,0.970588,0.731343,0.761905
2261,0.943182,0.943396,0.909091,0.956989,0.965116,0.9,0.918919,0.891304
2262,0.938462,0.933824,0.932584,0.906832,0.953846,0.953307,0.961905,0.9375
2263,0.908213,0.929907,0.888889,0.9375,0.941558,0.9,0.974138,0.910448
2264,0.940075,0.922642,0.900293,0.949772,0.92654,0.916067,0.947761,0.9375
2265,0.940133,0.888041,0.833031,0.936508,0.880056,0.849502,0.949541,0.934783
2266,0.903475,0.858116,0.809917,0.872464,0.863362,0.846895,0.967347,0.934211
2267,0.942446,0.900862,0.863208,0.929775,0.919868,0.866667,0.981273,0.96988
2268,0.930723,0.893953,0.821082,0.918919,0.87478,0.833863,0.967164,0.94686
2269,0.883354,0.877246,0.758831,0.91023,0.844138,0.757862,0.959811,0.958015
2270,0.884337,0.857349,0.721831,0.891784,0.828729,0.750975,0.971366,0.956835
2271,0.801181,0.764246,0.654952,0.8,0.615147,0.60601,0.833333,0.905512
2272,0.692308,0.691395,0.487805,0.457447,0.430233,0.393443,0.790323,0.709677
2273,0.795139,0.786942,0.775862,0.787671,0.772388,0.768966,0.863309,0.714286
2274,0.68487,0.637351,0.624327,0.679715,0.569813,0.619805,0.933775,0.923729
2275,0.444444,0.426096,0.386117,0.407216,0.359551,0.504149,0.953782,0.944664
2276,0.752475,0.71028,0.506024,0.71875,0.55,0.482143,0.846154,1
2277,0.844622,0.816826,0.764103,0.863281,0.781991,0.713068,0.908953,0.923636
2278,0.779545,0.780371,0.654609,0.813063,0.733057,0.645485,0.816092,0.880383
2279,0.714286,0.588235,0.487179,0.589286,0.382022,0.272031,0.745763,0.825
2280,0.669444,0.711656,0.700865,0.674134,0.648728,0.714706,0.857143,0.813084
2281,0.332268,0.436548,0.277778,0.309942,0.297352,0.310744,0.747826,0.716981
2282,0.039256,0.082907,0.072351,0.055794,0.060645,0.060498,0,0
2283,0.039394,0.079051,0.051002,0.057508,0.039391,0.040816,0,0.007874
2284,0.035361,0.055261,0.063683,0.05,0.027546,0.035181,0.007168,0
2285,0.032922,0.074926,0.09029,0.039886,0.0489,0.05318,0.010033,0.013245
2286,0.032468,0.056253,0.041397,0.018975,0.024662,0.015475,0.010225,0
2287,0.026581,0.039481,0.016667,0.01676,0.009895,0.021183,0.008097,0.003802
2288,0.069245,0.075673,0.092428,0.06175,0.054523,0.050667,0.003795,0.01845
2289,0.344007,0.326659,0.416397,0.375862,0.271628,0.183322,0.006224,0.011719
2290,0.073499,0.104245,0.090909,0.07197,0.058046,0.05035,0.004717,0.004739
2291,0.176042,0.183249,0.180828,0.133333,0.125647,0.114951,0.007317,0
2292,0.121088,0.120853,0.117978,0.104651,0.078895,0.06758,0,0.0125
2293,0.023965,0.028474,0.020501,0.021583,0.013468,0.010638,0,0
2294,0.004494,0.023337,0.021327,0,0.012346,0.008,0,0
2295,0.070423,0.084507,0.04375,0.034188,0.043956,0.037234,0,0.035714
2296,0.008547,0.022026,0.08,0,0,0,0,0
2297,0.958266,0.930277,0.943396,0.938889,0.937841,0.894802,0.959514,0.94
2298,0.840628,0.814423,0.693548,0.845486,0.738193,0.671828,0.901961,0.916107
2299,0.865693,0.8,0.734737,0.880368,0.698324,0.605121,0.847328,0.868217
2300,0.608896,0.586726,0.45951,0.52819,0.440378,0.575248,0.084249,0.10084
2301,0.693548,0.696429,0.606112,0.642659,0.524731,0.597967,0.097484,0.152174
2302,0.75601,0.75779,0.79115,0.82243,0.704569,0.710655,0.087912,0.123656
2303,0.688925,0.638814,0.60929,0.769231,0.649457,0.60733,0.092511,0.114035
2304,0.668998,0.686675,0.555556,0.701357,0.648995,0.597765,0.16,0.150685
2305,0.846154,0.721925,0.45,0.847826,0.588235,0.666667,0.821429,0.857143
2306,0.660282,0.6321,0.712794,0.614314,0.603402,0.558248,0.497059,0.516129
2307,0.687956,0.616801,0.673664,0.647458,0.611807,0.412478,0.430052,0.568627
2308,0.721014,0.721739,0.695082,0.736264,0.637681,0.607527,0.816327,0.864865
2309,0.741818,0.740614,0.738562,0.773481,0.620192,0.532995,0.932039,0.897436
2310,0.611111,0.529032,0.477707,0.669355,0.490446,0.396341,0.911765,0.827586
2311,0.688042,0.566779,0.651805,0.590361,0.612725,0.547859,0.730769,0.886525
2312,0.812601,0.741935,0.645094,0.75,0.717982,0.668235,0.730392,0.867925
2313,0.829465,0.828105,0.724638,0.836397,0.757848,0.669776,0.846154,0.878431
2314,0.813402,0.815824,0.758267,0.857407,0.742896,0.706375,0.831551,0.881226
2315,0.828017,0.778163,0.773463,0.813953,0.703364,0.656104,0.710938,0.8
2316,0.579261,0.732031,0.737624,0.688453,0.673853,0.603312,0.759843,0.784722
2317,0.171717,0.461686,0.470238,0.424084,0.339233,0.351254,0.632184,0.679245
2318,0.167421,0.383562,0.242424,0.192857,0.28169,0.284024,0.68254,0.52381
2319,0.884615,0.847107,0.887179,0.905882,0.880383,0.896996,0.122449,0.173913
2320,0.752365,0.670725,0.624772,0.772425,0.646617,0.614665,0.114068,0.180328
2321,0.724395,0.682152,0.703244,0.797557,0.715348,0.672289,0.136719,0.184874
2322,0.815301,0.71914,0.760043,0.854617,0.680064,0.661808,0.128405,0.214286
2323,0.662531,0.533181,0.598027,0.686534,0.572387,0.511149,0.124514,0.231481
2324,0.290909,0.342697,0.143885,0.150442,0.121212,0.247191,0.113208,0.21875
2325,0.283465,0.346939,0.2,0.188889,0.170732,0.186441,0.195122,0.4
2326,0.914286,0.929487,0.875,0.97561,0.833333,0.9,0.98,1
2327,0.932432,0.932927,0.94,0.955556,0.884615,0.928571,0.981481,1
2328,0.647059,0.752941,0.587629,0.683544,0.635135,0.830357,0.917808,0.939394
2329,0.846715,0.870968,0.894231,0.870588,0.886364,0.930769,0.841463,0.785714
2330,0.945946,0.9125,0.932299,0.961538,0.92228,0.866071,0.835391,0.868056
2331,0.946541,0.927577,0.92689,0.957317,0.911688,0.870795,0.838384,0.909091
2332,0.884422,0.829826,0.699279,0.855102,0.814368,0.679872,0.804301,0.836576
2333,0.740977,0.683879,0.619863,0.71564,0.570513,0.47205,0.761194,0.761468
2334,0.781818,0.707904,0.613861,0.809524,0.595642,0.529412,0.760479,0.784091
2335,0.716418,0.694496,0.610795,0.650334,0.720882,0.547059,0.029316,0.020833
2336,0.529595,0.412571,0.445479,0.504082,0.476424,0.295664,0.009554,0
2337,0.708889,0.755448,0.737518,0.843267,0.741705,0.647218,0.015674,0.026667
2338,0.685009,0.680976,0.60628,0.796078,0.617827,0.476959,0.019417,0.019231
2339,0.653595,0.653846,0.625616,0.776398,0.58309,0.36962,0.009009,0
2340,0.649351,0.651765,0.634483,0.809917,0.520548,0.399209,0.027027,0
2341,0.646465,0.675603,0.635036,0.761468,0.572327,0.442308,0,0
2342,0.64486,0.686364,0.583333,0.73913,0.489796,0.427184,0,0
2343,0.961326,0.940909,0.974843,0.96124,0.962121,0.9625,0.942529,0.978261
2344,0.93401,0.929638,0.923529,0.941606,0.921569,0.945652,0.933962,0.981481
2345,0.870175,0.887122,0.886121,0.908537,0.865455,0.907895,0.985185,0.987179
2346,0.96934,0.936095,0.925831,0.964444,0.940816,0.947653,0.983607,1
2347,0.975207,0.926645,0.913349,0.948,0.919298,0.938679,0.985915,0.983607
2348,0.949219,0.927007,0.904018,0.941406,0.907407,0.93646,0.969432,0.952381
2349,0.977702,0.958812,0.921941,0.965636,0.937407,0.941734,0.969112,0.993197
2350,0.96384,0.928144,0.899506,0.957333,0.92189,0.874644,0.959569,0.983784
2351,0.925094,0.885475,0.821871,0.911885,0.846203,0.773379,0.956088,0.97619
2352,0.859116,0.82935,0.761647,0.878728,0.797526,0.728711,0.93,0.960938
2353,0.457237,0.470693,0.385093,0.440559,0.273077,0.403727,0.889831,0.928571
2354,0.81761,0.773292,0.678899,0.761364,0.45098,0.539683,0.915663,0.840909
2355,0.80916,0.791925,0.783133,0.676923,0.828125,0.829268,0.897959,1
2356,0.802548,0.77933,0.763441,0.730769,0.837838,0.836735,0.875,0.827586
2357,0.725849,0.610284,0.66,0.663717,0.671827,0.634286,0.848485,0.876923
2358,0.607828,0.544345,0.430592,0.464345,0.610521,0.627649,0.867816,0.892989
2359,0.56454,0.529717,0.417369,0.480392,0.622803,0.643753,0.907015,0.910256
2360,0.567666,0.517515,0.40894,0.455574,0.593681,0.622531,0.884013,0.884375
2361,0.561314,0.510033,0.407285,0.4512,0.59583,0.61192,0.908946,0.908517
2362,0.540113,0.484375,0.390487,0.44877,0.61399,0.585312,0.891753,0.895028
2363,0.745283,0.672802,0.511628,0.765957,0.630435,0.42439,0.9375,0.871795
2364,0.858974,0.82235,0.810345,0.825243,0.756944,0.712,0.886076,0.975
2365,0.760731,0.808212,0.665064,0.754967,0.691029,0.661553,0.896266,0.924242
2366,0.900981,0.888417,0.860112,0.931596,0.871912,0.812329,0.94,0.907801
2367,0.822412,0.833831,0.752542,0.875439,0.778367,0.693973,0.913889,0.954545
2368,0.844262,0.825573,0.735683,0.849462,0.774917,0.683535,0.83165,0.914634
2369,0.780635,0.733977,0.578723,0.725275,0.594303,0.570175,0.802326,0.877551
2370,0.643636,0.662745,0.547619,0.691781,0.580769,0.438735,0.907692,0.878049
2371,0.696203,0.728643,0.641509,0.728814,0.513514,0.382353,1,0.85
2372,0.423729,0.438247,0.43617,0.5,0.44898,0.339286,0,0.0625
2373,0.421384,0.468439,0.569231,0.6,0.430052,0.326425,0,0.105263
2374,0.447205,0.495082,0.603053,0.595506,0.39196,0.35122,0,0.05
2375,0.351585,0.424837,0.513011,0.497238,0.386023,0.268877,0.032967,0
2376,0.35535,0.393455,0.361111,0.394444,0.192654,0.162958,0.010101,0.013245
2377,0.280514,0.295383,0.28046,0.343891,0.186681,0.143262,0.020725,0.00905
2378,0.391084,0.415737,0.536217,0.54071,0.368865,0.236753,0.022523,0.023256
2379,0.433161,0.472206,0.550962,0.575053,0.423286,0.28555,0.028169,0.024291
2380,0.371636,0.378315,0.437321,0.492723,0.36588,0.250573,0.019185,0.028571
2381,0.371795,0.340391,0.32381,0.446701,0.236702,0.187192,0.008065,0.015152
2382,0.346614,0.341463,0.359788,0.452381,0.245098,0.207101,0.018018,0.037736
2383,0.244275,0.182119,0.151515,0.25641,0.07874,0.075188,0.012195,0
2384,0.396871,0.408279,0.476415,0.524051,0.289474,0.182153,0.018927,0.019048
2385,0.437695,0.409051,0.509901,0.571816,0.333693,0.190041,0.021127,0.005263
2386,0.234899,0.222222,0.247492,0.26455,0.109756,0.091525,0.03252,0
2387,0.311558,0.338129,0.281553,0.373239,0.186275,0.193548,0.035294,0
2388,0.340909,0.305851,0.189024,0.362903,0.208333,0.162393,0.052632,0
2389,0.056995,0.049689,0.086538,0.053191,0.034483,0.017123,0,0
2390,0.025424,0.059952,0.054264,0.036364,0.02027,0.011848,0,0
2391,0.007463,0.015656,0.019737,0.007937,0.008772,0.00713,0,0.025641
2392,0.004246,0.002336,0,0,0.00519,0.00206,0,0
2393,0,0.003033,0.0033,0,0.004231,0.001789,0,0
2394,0,0.008,0.008403,0.003236,0.005701,0.005271,0,0.00885
2395,0.001468,0.003317,0.002632,0,0.005192,0.003472,0.005208,0.008403
2396,0.002389,0.003451,0.011696,0,0.003298,0.003511,0,0.006098
2397,0.00452,0.008678,0.009124,0,0.004789,0.003599,0.003497,0
2398,0.013636,0.022334,0.017305,0.017167,0.019132,0.013978,0.004032,0.006061
2399,0.025463,0.032187,0.03375,0.017279,0.019697,0.014388,0.008333,0.006135
2400,0.022222,0.042035,0.026415,0.017316,0.026697,0.020507,0,0
2401,0.009146,0.012821,0.020528,0.02439,0.009728,0.005576,0,0.019608
2402,0.262626,0.176245,0.227273,0.246575,0.099174,0.118812,0.03125,0
2403,0.007576,0.018817,0.020408,0.014085,0.00641,0,0,0
2404,0.16947,0.250188,0.303483,0.266304,0.132226,0.122918,0.012712,0
2405,0.074873,0.115815,0.124378,0.114362,0.061644,0.059211,0.004367,0.007463
2406,0.124834,0.180369,0.131034,0.118132,0.061611,0.053128,0.013393,0
2407,0.033766,0.041739,0.046332,0.055319,0.036269,0.026834,0,0.035294
2408,0.134375,0.18427,0.195349,0.195238,0.098765,0.066327,0.009174,0
2409,0.030075,0.027701,0,0.058824,0.044025,0.016502,0.010638,0
2410,0.134146,0.149847,0.153061,0.212903,0.16,0.091633,0,0.054545
2411,0.081218,0.097656,0.102564,0.129032,0.033708,0.050633,0,0
2412,0.1875,0.131148,0.137931,0.135593,0.086957,0.173913,0.029412,0.045455
2413,0.103448,0.049505,0.076923,0.019231,0,0.138889,0,0
2414,0.351499,0.276276,0.312883,0.307692,0.170732,0.110727,0.013158,0.019231
2415,0.218468,0.135492,0.120968,0.071146,0.066116,0.060386,0.025316,0.008696
2416,0.209797,0.193895,0.133983,0.131849,0.097264,0.080235,0.0271,0.024896
2417,0.242023,0.230487,0.178082,0.19494,0.141219,0.103293,0.052036,0.036364
2418,0.334572,0.346121,0.295151,0.356534,0.239229,0.183385,0.049801,0.036923
2419,0.230769,0.217652,0.14644,0.187879,0.128109,0.121172,0.027668,0.021875
2420,0.234043,0.197488,0.166129,0.192604,0.140359,0.111111,0.02454,0.022222
2421,0.226721,0.173392,0.147595,0.182677,0.103791,0.093407,0.034557,0.010676
2422,0.237358,0.210526,0.112617,0.188716,0.083078,0.086774,0.01662,0.029703
2423,0.303191,0.469526,0.46875,0.308943,0.385621,0.408451,0.880597,0.846154
2424,0.270758,0.362538,0.305556,0.184524,0.228022,0.369231,0.880734,0.844828
2425,0.228417,0.281481,0.260997,0.188153,0.190332,0.301798,0.949686,0.894118
2426,0.283725,0.232591,0.263768,0.218115,0.192815,0.278417,0.807851,0.813853
2427,0.297994,0.353618,0.212871,0.240909,0.267477,0.295987,0.821138,0.836066
2428,0.295374,0.361781,0.224242,0.214689,0.251852,0.290598,0.86,0.769231
2429,0.328467,0.38343,0.248366,0.245614,0.281853,0.315668,0.845361,0.822222
2430,0.361905,0.335013,0.218182,0.237705,0.36875,0.29682,0.821918,0.810811
2431,0.365269,0.364943,0.284091,0.252632,0.353982,0.362694,0.833333,0.9375
2432,0.424528,0.404348,0.25,0.274194,0.34,0.31,0.816327,0.954545
2433,0.341176,0.368687,0.227273,0.254902,0.230769,0.333333,0,0.941176
2434,0.328767,0.285714,0.153846,0.173913,0.21875,0.278689,0.8,0.866667
2435,0.287879,0.352564,0.352941,0.205128,0.259259,0.196078,0.970588,1
2436,0.787234,0.850746,0.826087,0.8125,0.558824,0.546667,0.934783,0.958333
2437,0.631268,0.71148,0.584314,0.56,0.509235,0.575099,0.911504,0.955056
2438,0.715203,0.776102,0.700565,0.702509,0.616341,0.605517,0.96988,0.961165
2439,0.815789,0.851443,0.755218,0.72752,0.694224,0.663402,0.968,0.944056
2440,0.791086,0.832424,0.763025,0.735149,0.687861,0.674884,0.941176,0.940476
2441,0.826172,0.809284,0.704897,0.835979,0.676582,0.656385,0.919087,0.924242
2442,0.72807,0.635714,0.529412,0.666667,0.490196,0.336207,0.862069,0.884615
2443,0.40367,0.385093,0.308943,0.177778,0.207317,0.190265,0.883333,0.722222
2444,0.411348,0.42246,0.302632,0.216216,0.228972,0.227758,0.867647,0.8
2445,0.423358,0.464698,0.312343,0.322449,0.330925,0.427632,0.88024,0.910448
2446,0.401361,0.408926,0.282051,0.308271,0.302387,0.404505,0.883978,0.883117
2447,0.374194,0.393498,0.255765,0.272727,0.286245,0.355072,0.842105,0.86747
2448,0.330241,0.360947,0.266544,0.263492,0.265159,0.359602,0.903226,0.858586
2449,0.306024,0.328685,0.179032,0.219027,0.286381,0.281626,0.773585,0.8
2450,0.27533,0.316631,0.164948,0.221429,0.231858,0.189427,0.771739,0.733333
2451,0.166065,0.255887,0.101695,0.192308,0.071429,0.087129,0.669291,0.769231
2452,0.271028,0.279693,0.192308,0.272059,0.173554,0.171582,0.828571,0.75
2453,0.381773,0.360759,0.179601,0.306034,0.262217,0.338304,0.840278,0.878378
2454,0.4038,0.373599,0.205021,0.312757,0.275862,0.361252,0.874214,0.822785
2455,0.42348,0.371882,0.174397,0.347656,0.302007,0.383431,0.899441,0.858696
2456,0.410788,0.367946,0.190128,0.341085,0.290118,0.38064,0.888889,0.861702
2457,0.374532,0.367647,0.18,0.326007,0.297319,0.359025,0.865979,0.8125
2458,0.382189,0.356549,0.154098,0.285199,0.285375,0.343689,0.850515,0.8
2459,0.349638,0.304965,0.157468,0.271429,0.254767,0.305764,0.865672,0.793388
2460,0.373849,0.327641,0.142599,0.259928,0.255068,0.303584,0.689655,0.697479
2461,0.394422,0.321974,0.158009,0.268293,0.249284,0.278235,0.732984,0.719298
2462,0.72619,0.705577,0.619048,0.676724,0.541463,0.490872,0.887179,0.86087
2463,0.595062,0.572543,0.526412,0.481481,0.520974,0.580144,0.082645,0.140845
2464,0.537797,0.519499,0.448675,0.440816,0.472385,0.561508,0.10596,0.08046
2465,0.365385,0.380653,0.286154,0.327068,0.37069,0.481842,0.078313,0.07767
2466,0.584548,0.52011,0.475967,0.498525,0.518649,0.527446,0.081197,0.107143
2467,0.611331,0.595159,0.534807,0.570652,0.556681,0.558392,0.082707,0.08125
2468,0.752795,0.776167,0.758581,0.789744,0.698403,0.708048,0.093426,0.074286
2469,0.788265,0.763955,0.781641,0.86423,0.718644,0.653382,0.106996,0.086667
2470,0.566728,0.612311,0.728571,0.796226,0.49537,0.54224,0.093168,0.115385
2471,0.6,0.678284,0.466667,0.742574,0.447761,0.462069,0.216216,0.357143
2472,0.698113,0.729508,0.646259,0.861702,0.557769,0.49635,0.27027,0.347826
2473,0.900452,0.872527,0.90411,0.885965,0.886792,0.884615,0.861538,0.766667
2474,0.929797,0.917903,0.901754,0.904153,0.893293,0.883281,0.846154,0.91129
2475,0.890547,0.875602,0.912378,0.894089,0.835385,0.852584,0.832599,0.807692
2476,0.721402,0.665867,0.676684,0.637765,0.606653,0.662265,0.495298,0.541284
2477,0.691723,0.728795,0.639525,0.748239,0.581705,0.601529,0.306977,0.328467
2478,0.747348,0.741916,0.707865,0.708333,0.641339,0.71308,0.147059,0.169725
2479,0.65153,0.670831,0.666978,0.671315,0.525053,0.621986,0.093458,0.081633
2480,0.74763,0.76791,0.61479,0.74463,0.614119,0.628049,0.2,0.13986
2481,0.587542,0.687625,0.611746,0.698675,0.49085,0.555144,0.105263,0.061224
2482,0.745562,0.823988,0.740437,0.857868,0.658747,0.682396,0.617284,0.745763
2483,0.742647,0.719626,0.669291,0.785714,0.58,0.517949,0.111111,0.12
2484,0.773585,0.788321,0.77551,0.918919,0.592593,0.444444,0.470588,0.181818
2485,0.94382,0.930233,0.857143,0.789474,0.934211,0.842105,0.833333,1
2486,0.918033,0.844584,0.916955,0.90184,0.863139,0.811688,0.89899,0.903846
2487,0.924078,0.895541,0.891813,0.933649,0.88092,0.827471,0.927928,0.90566
2488,0.884021,0.809249,0.815094,0.885714,0.758148,0.665245,0.946429,0.894737
2489,0.85159,0.808743,0.720379,0.859259,0.67027,0.624183,0.851852,0.8
2490,0.814516,0.708812,0.493671,0.84,0.546296,0.521739,0.878788,0.904762
2491,0.485507,0.647059,0.455224,0.483516,0.375,0.614458,0.488372,0.461538
2492,0.580189,0.707983,0.558036,0.592593,0.560811,0.807292,0.636364,0.673913
2493,0.824903,0.932174,0.878327,0.869048,0.825641,0.861423,0.821429,0.84
2494,0.821369,0.860759,0.802131,0.780822,0.811869,0.760893,0.635417,0.736842
2495,0.81941,0.846262,0.720848,0.774451,0.701389,0.701887,0.646341,0.643411
2496,0.884781,0.862584,0.832767,0.846405,0.805556,0.7462,0.865633,0.837607
2497,0.859143,0.827282,0.755102,0.699346,0.753357,0.683007,0.872679,0.849558
2498,0.676236,0.575045,0.450166,0.566572,0.512883,0.311111,0.885,0.845455
2499,0.548428,0.591219,0.442308,0.543641,0.482069,0.5522,0.84058,0.86802
2500,0.653386,0.641586,0.45776,0.589333,0.525371,0.543053,0.911585,0.936047
2501,0.628684,0.537332,0.257576,0.444015,0.417407,0.424547,0.842593,0.850877
2502,0.676471,0.711475,0.836207,0.685393,0.694915,0.652174,0.534483,0.481481
2503,0.72093,0.78877,0.876812,0.697248,0.640449,0.668712,0.366197,0.322581
2504,0.398936,0.506203,0.69863,0.626087,0.423077,0.545946,0.28,0.264706
2505,0.538462,0.568794,0.64966,0.55,0.471459,0.610994,0.543307,0.328767
2506,0.793057,0.775253,0.801429,0.763926,0.74252,0.7408,0.515873,0.383117
2507,0.513545,0.507761,0.552189,0.477647,0.467824,0.564185,0.108844,0.069364
2508,0.56592,0.590909,0.560137,0.519068,0.445504,0.439511,0.186364,0.149123
2509,0.809295,0.789941,0.797858,0.846774,0.676525,0.625106,0.395522,0.405063
2510,0.714286,0.749084,0.490085,0.711443,0.495468,0.392308,0.507463,0.52381
2511,0.803419,0.785377,0.595349,0.792208,0.600962,0.413043,0.806452,0.764706
2512,0.757991,0.788945,0.627451,0.878571,0.57377,0.459596,0.896552,0.870968
2513,0.8,0.759259,0.609137,0.842105,0.604651,0.273743,0.827586,0.870968
2514,0.936975,0.88345,0.896552,0.934109,0.888641,0.862205,0.934783,0.965116
2515,0.92221,0.914015,0.926402,0.945946,0.930041,0.889758,0.778426,0.755682
2516,0.866025,0.836544,0.828814,0.914149,0.826039,0.732721,0.866038,0.858462
2517,0.891344,0.840883,0.819247,0.891847,0.82041,0.772421,0.872774,0.879004
2518,0.824873,0.752688,0.741333,0.861538,0.672165,0.501718,0.649718,0.619565
2519,0.86,0.789157,0.753894,0.913043,0.686131,0.561587,0.875,0.783133
2520,0.827465,0.82,0.748175,0.908602,0.672673,0.554017,0.730159,0.714286
2521,0.794872,0.768025,0.656,0.790909,0.675926,0.536,0.690909,0.529412
2522,0.825581,0.777778,0.71875,0.8125,0.666667,0.666667,0.222222,0.55
2523,0.682927,0.787879,0.758065,0.806452,0.684211,0.702703,0.4,0.55
2524,0.730496,0.870293,0.950413,0.9,0.758621,0.8,0.25,0.454545
2525,0.646739,0.719595,0.851613,0.855556,0.737705,0.689655,0.150943,0.148148
2526,0.792453,0.799505,0.757709,0.8,0.755793,0.764075,0.092593,0.087379
2527,0.678947,0.753902,0.712766,0.741379,0.638655,0.692695,0.070175,0.061404
2528,0.846529,0.855501,0.801453,0.854737,0.801146,0.772244,0.21374,0.209302
2529,0.807018,0.851133,0.785093,0.871854,0.830472,0.760777,0.359431,0.365591
2530,0.80803,0.841076,0.80803,0.866972,0.81196,0.754854,0.314488,0.360215
2531,0.712329,0.733333,0.676724,0.813725,0.689769,0.625089,0.091371,0.114286
2532,0.45679,0.621053,0.333333,0.4375,0.424242,0.766667,0.512821,0.486486
2533,0.896373,0.879607,0.90566,0.916667,0.912,0.871287,0.853211,0.791045
2534,0.89372,0.944373,0.891566,0.912821,0.930636,0.914286,0.909091,0.919355
2535,0.942982,0.936095,0.940741,0.949772,0.916877,0.909621,0.862832,0.829932
2536,0.952703,0.964717,0.950392,0.966667,0.924409,0.914286,0.936782,0.95283
2537,0.846645,0.824612,0.86032,0.861646,0.818099,0.749361,0.824104,0.762032
2538,0.898678,0.885314,0.903877,0.927644,0.876901,0.808131,0.876518,0.896321
2539,0.913978,0.888303,0.911526,0.933702,0.871733,0.807229,0.897655,0.834507
2540,0.908509,0.885561,0.910729,0.922787,0.883698,0.82602,0.916667,0.865455
2541,0.849398,0.80656,0.723577,0.873563,0.673712,0.587822,0.857143,0.846715
2542,0.857143,0.796889,0.689412,0.853659,0.656693,0.588643,0.849558,0.900901
2543,0.90991,0.927481,0.940299,0.967213,0.981818,0.925926,0.882353,0.724138
2544,0.934363,0.924303,0.962963,0.985185,0.940711,0.934426,0.597826,0.489796
2545,0.952381,0.933712,0.951807,0.945205,0.943396,0.923372,0.897959,0.854545
2546,0.889934,0.833645,0.883632,0.92922,0.859748,0.788221,0.871658,0.936073
2547,0.882729,0.871777,0.902331,0.931907,0.868217,0.808861,0.853755,0.889571
2548,0.863962,0.880971,0.878132,0.938559,0.847708,0.813352,0.866667,0.870504
2549,0.866417,0.846964,0.869767,0.930649,0.823529,0.757801,0.873016,0.891473
2550,0.872423,0.868771,0.874413,0.911628,0.829228,0.760787,0.870056,0.915966
2551,0.859327,0.850139,0.860728,0.920513,0.804695,0.737633,0.897436,0.819048
2552,0.87017,0.851782,0.846641,0.934896,0.805637,0.737273,0.944828,0.904255
2553,0.736842,0.758503,0.679452,0.815166,0.67979,0.565947,0.822785,0.9
2554,0.90412,0.888558,0.901998,0.927322,0.860992,0.848301,0.900917,0.889571
2555,0.838412,0.819321,0.853178,0.870064,0.815163,0.808013,0.769475,0.784367
2556,0.783069,0.756757,0.736505,0.787921,0.753838,0.72962,0.808679,0.791391
2557,0.951002,0.931384,0.935,0.956349,0.931034,0.892421,0.97619,0.919192
2558,0.917927,0.920393,0.931116,0.947368,0.904348,0.91954,0.930108,0.909091
2559,0.939791,0.90504,0.905473,0.911483,0.903955,0.874142,0.794304,0.753247
2560,0.900175,0.846195,0.782377,0.885965,0.792285,0.706144,0.926778,0.903084
2561,0.846047,0.808208,0.789157,0.897019,0.784524,0.691283,0.829596,0.920792
2562,0.802469,0.771642,0.753425,0.878307,0.724907,0.573427,0.842593,0.897959
2563,0.743119,0.744361,0.787879,0.865169,0.576923,0.5,0.873016,0.888889
2564,0.78022,0.754032,0.745455,0.835443,0.625,0.538462,0.839286,0.941176
2565,0.830645,0.873646,0.877193,0.776471,0.770833,0.868421,0.911111,0.821429
2566,0.756345,0.794686,0.81203,0.761538,0.771812,0.725926,0.827586,0.8
2567,0.633831,0.656847,0.595596,0.615942,0.610682,0.627817,0.857724,0.850153
2568,0.711712,0.742563,0.636364,0.717268,0.651217,0.637417,0.829876,0.81877
2569,0.523077,0.488462,0.368613,0.428082,0.431818,0.429487,0.669291,0.708029
2570,0.586957,0.61086,0.708861,0.826087,0.387755,0.306122,0.75,0.736842
2571,0.831933,0.728682,0.782051,0.792683,0.723077,0.7,0.885714,1
2572,0.84101,0.874302,0.928571,0.957105,0.869686,0.875389,0.979899,0.942623
2573,0.825073,0.877384,0.936585,0.94026,0.844873,0.84493,0.951456,0.929134
2574,0.711596,0.731498,0.787773,0.796407,0.663916,0.6754,0.832797,0.841837
2575,0.716034,0.696455,0.737575,0.836493,0.629579,0.603795,0.770642,0.786667
2576,0.76234,0.724653,0.718935,0.84326,0.675466,0.587532,0.897638,0.807229
2577,0.7125,0.712264,0.657143,0.807018,0.701754,0.370968,0.870968,0.722222
2578,0.828125,0.693122,0.686567,0.787234,0.604651,0.35,0.931034,0.785714
2579,0.655462,0.693215,0.611429,0.676471,0.612766,0.684874,0.698413,0.880952
2580,0.433442,0.40264,0.374022,0.406832,0.328893,0.459757,0.770492,0.795455
2581,0.55144,0.565186,0.580713,0.599182,0.481548,0.462121,0.434932,0.462687
2582,0.862167,0.860272,0.872186,0.907236,0.841695,0.804598,0.7471,0.710938
2583,0.796117,0.777159,0.737342,0.847458,0.709091,0.610687,0.888889,0.884615
2584,0.779793,0.73538,0.668831,0.814159,0.6875,0.569201,0.821429,0.851064
2585,0.805755,0.775362,0.677083,0.826667,0.716814,0.46789,0.836735,0.705882
2586,0.796992,0.765385,0.623656,0.788732,0.656863,0.5,0.906977,0.846154
2587,0.837758,0.81051,0.566667,0.628743,0.706767,0.77305,0.971831,0.97619
2588,0.519814,0.485294,0.294118,0.309623,0.448692,0.511579,0.923077,0.966102
2589,0.858885,0.860487,0.721491,0.817629,0.76779,0.808673,0.9375,0.969388
2590,0.774235,0.700523,0.512774,0.676471,0.610743,0.592346,0.874525,0.891026
2591,0.866557,0.792089,0.696721,0.880503,0.683084,0.602774,0.900552,0.826923
2592,0.669903,0.677543,0.458333,0.459893,0.55848,0.391586,0.78022,0.695652
2593,0.572193,0.520349,0.336283,0.416667,0.38674,0.22449,0.843137,0.777778
2594,0.92,0.896226,0.842105,0.866667,0.972222,0.837209,0.868421,0.956522
2595,0.94,0.893836,0.924731,0.921875,0.969231,0.869565,0.877551,0.884615
2596,0.955556,0.948328,0.93311,0.941176,0.905237,0.854701,0.932203,0.961039
2597,0.936118,0.933054,0.885387,0.926829,0.901674,0.859745,0.966667,0.967742
2598,0.883186,0.899676,0.895745,0.922034,0.864092,0.80375,0.938389,0.95122
2599,0.950617,0.917085,0.885609,0.93188,0.902863,0.82567,0.926573,0.91018
2600,0.913545,0.884801,0.793065,0.930018,0.849341,0.766304,0.953744,0.957854
2601,0.898866,0.871658,0.783814,0.918919,0.840615,0.765125,0.937634,0.951493
2602,0.914634,0.94382,0.947368,0.95,0.942857,0.940299,0.727273,0.625
2603,0.446629,0.369565,0.310078,0.369748,0.30303,0.340299,0.36747,0.5
2604,0.914118,0.867925,0.844444,0.863813,0.798954,0.716719,0.667797,0.616883
2605,0.577053,0.562827,0.470525,0.620253,0.515334,0.515482,0.295858,0.279188
2606,0.838428,0.781696,0.784773,0.888889,0.705933,0.618938,0.427419,0.435897
2607,0.850891,0.788018,0.798701,0.851266,0.74269,0.650133,0.411765,0.457364
2608,0.859766,0.788023,0.785832,0.886288,0.706058,0.618705,0.373134,0.470588
2609,0.782123,0.718954,0.535948,0.777778,0.59799,0.427746,0.509434,0.454545
2610,0.690789,0.67623,0.509259,0.857143,0.598361,0.415254,0.5,0.384615
2611,0.850746,0.739437,0.566038,0.621622,0.84375,0.705882,0.944444,0.769231
2612,0.760563,0.782051,0.666667,0.634146,0.756757,0.666667,0.833333,0.769231
2613,0.773196,0.772727,0.720588,0.66,0.557377,0.762712,0.913043,0.882353
2614,0.78,0.758454,0.661765,0.75,0.786885,0.790323,0.934783,0.852941
2615,0.827273,0.693396,0.623188,0.54,0.61194,0.738462,0.489362,0.933333
2616,0.706349,0.730412,0.643172,0.679245,0.650562,0.644737,0.916168,0.850467
2617,0.488439,0.514981,0.37013,0.489362,0.452297,0.386926,0.515152,0.587302
2618,0.875289,0.905615,0.915094,0.952381,0.859023,0.884112,0.955556,0.961538
2619,0.452539,0.775029,0.88685,0.885932,0.710575,0.778793,0.971223,0.975
2620,0.619308,0.640947,0.621918,0.511785,0.576453,0.668571,0.931429,0.924528
2621,0.740859,0.786517,0.753363,0.713467,0.729801,0.749696,0.938679,0.875969
2622,0.878758,0.86459,0.82699,0.897666,0.802761,0.765403,0.908284,0.898148
2623,0.494273,0.509746,0.435146,0.406863,0.415842,0.505914,0.841871,0.855263
2624,0.888093,0.84629,0.833012,0.896211,0.803533,0.753822,0.933638,0.926573
2625,0.85803,0.836601,0.822286,0.902156,0.779935,0.722605,0.930456,0.927007
2626,0.764846,0.761236,0.669975,0.787072,0.63956,0.531621,0.882629,0.892157
2627,0.521169,0.484097,0.402159,0.392931,0.464132,0.546012,0.915601,0.902778
2628,0.885714,0.843232,0.788526,0.880342,0.811461,0.783278,0.969512,0.978261
2629,0.688153,0.608696,0.530495,0.56912,0.592313,0.601966,0.879271,0.895753
2630,0.303371,0.306773,0.291667,0.320755,0.418605,0.666667,0.783784,0.806452
2631,0.705521,0.773936,0.71,0.714286,0.634409,0.757282,0.757576,0.807018
2632,0.655914,0.741056,0.661191,0.607903,0.602782,0.788966,0.55814,0.639456
2633,0.720635,0.718171,0.706786,0.745698,0.673483,0.660116,0.681818,0.68617
2634,0.640506,0.668937,0.677656,0.703557,0.549451,0.55198,0.732877,0.783784
2635,0.523148,0.520725,0.466019,0.527397,0.462687,0.494186,0.835294,0.833333
2636,0.391304,0.473118,0.456311,0.309859,0.387597,0.463855,0.759494,0.804348
2637,0.505102,0.517143,0.477273,0.392,0.410714,0.477124,0.615385,0.795455
2638,0.609467,0.610063,0.518987,0.605505,0.477778,0.525926,0.71875,0.714286
2639,0.556962,0.513333,0.472222,0.421569,0.472973,0.475,0.666667,0.738095
2640,0.173228,0.372549,0.102041,0.125,0.163934,0.252874,0.395833,0.3125
2641,0.428571,0.273543,0.138889,0.126761,0.132075,0.169231,0.609756,0.714286
2642,0.910112,0.889213,0.910941,0.883178,0.844402,0.85327,0.855932,0.892857
2643,0.915217,0.900701,0.901575,0.928315,0.912607,0.894673,0.844595,0.816901
2644,0.949515,0.937434,0.951424,0.95098,0.890777,0.90234,0.912088,0.875
2645,0.884507,0.847987,0.868664,0.865337,0.848485,0.802013,0.864662,0.890511
2646,0.873541,0.850332,0.739094,0.889081,0.750908,0.667422,0.831776,0.769231
2647,0.838621,0.81675,0.738827,0.853081,0.724977,0.724456,0.799257,0.812081
2648,0.654036,0.70794,0.686657,0.756684,0.57329,0.625743,0.778846,0.741667
2649,0.719697,0.780065,0.675485,0.816265,0.643617,0.627219,0.795812,0.798165
2650,0.718605,0.809291,0.674847,0.784512,0.643333,0.650307,0.80137,0.768293
2651,0.859729,0.740385,0.747525,0.866197,0.712963,0.5,0.789474,0.863636
2652,0.6875,0.525039,0.683646,0.70603,0.53135,0.351176,0.806084,0.723926
2653,0.721007,0.539929,0.713924,0.740319,0.534513,0.351064,0.825,0.779487
2654,0.869763,0.814095,0.832797,0.864286,0.817427,0.68218,0.912941,0.944853
2655,0.719797,0.641801,0.672686,0.709302,0.618029,0.482328,0.764411,0.772727
2656,0.841779,0.699794,0.748565,0.815109,0.70465,0.541667,0.895141,0.918288
2657,0.55163,0.45572,0.462857,0.546875,0.41387,0.123324,0.696429,0.763636
2658,0.470588,0.443137,0.42029,0.381818,0.356808,0.220859,0.643836,0.652174
2659,0.880282,0.8,0.912088,0.880597,0.928,0.621622,0.716667,0.90625
2660,0.913043,0.880597,0.893548,0.879581,0.928429,0.796905,0.792308,0.904762
2661,0.667164,0.395062,0.580595,0.411429,0.494182,0.349049,0.84585,0.858268
2662,0.831186,0.721781,0.754814,0.756614,0.758044,0.570404,0.80198,0.772414
2663,0.693227,0.595528,0.529167,0.618056,0.604167,0.451613,0.561798,0.53125
2664,0.742991,0.567198,0.559633,0.710938,0.572954,0.473684,0.55,0.535714
2665,0.977011,0.942342,0.946524,0.986667,0.94709,0.918033,0.93578,0.931818
2666,0.98556,0.942857,0.964646,0.966887,0.953271,0.930693,0.932773,0.978723
2667,0.697284,0.755779,0.771605,0.834739,0.694586,0.713989,0.750779,0.752542
2668,0.81431,0.810399,0.858766,0.892734,0.759061,0.761973,0.889105,0.906615
2669,0.708054,0.73913,0.682796,0.735763,0.675715,0.69709,0.839674,0.86413
2670,0.795167,0.805858,0.709052,0.841121,0.727407,0.715047,0.867435,0.869318
2671,0.777293,0.72661,0.523148,0.847584,0.571161,0.452012,0.817308,0.789474
2672,0.705357,0.626556,0.594203,0.780822,0.475,0.477273,0.709677,0.710526
2673,0.612245,0.67757,0.615385,0.734375,0.478261,0.575,0.745098,0.6875
2674,0.962025,0.953301,0.933333,0.970414,0.948718,0.94152,0.920792,0.928571
2675,0.840361,0.837328,0.82149,0.834862,0.800236,0.808376,0.913223,0.874126
2676,0.914016,0.861011,0.832669,0.916667,0.834838,0.824083,0.940063,0.928571
2677,0.914122,0.877846,0.853997,0.951111,0.835487,0.800098,0.956716,0.928775
2678,0.890429,0.874162,0.837344,0.948454,0.848674,0.78597,0.955657,0.929204
2679,0.91,0.867324,0.838095,0.937716,0.8496,0.779173,0.957944,0.93617
2680,0.757895,0.694974,0.631818,0.793296,0.616379,0.39834,0.784173,0.815789
2681,0.911392,0.956,0.945946,0.936508,0.96875,0.709677,0.773585,0.666667
2682,0.965116,0.949612,0.92,0.984615,0.941176,0.8,0.684211,0.777778
2683,0.942308,0.93311,0.962025,0.972603,0.977778,0.875,0.873016,0.833333
2684,0.840206,0.853717,0.89881,0.868852,0.798611,0.758621,0.693069,0.68254
2685,0.771907,0.708584,0.724196,0.751825,0.619048,0.647208,0.633053,0.602041
2686,0.945455,0.918934,0.8948,0.94697,0.88685,0.839967,0.917031,0.946939
2687,0.917051,0.892916,0.879475,0.932234,0.857352,0.819984,0.830472,0.833992
2688,0.819983,0.818228,0.815287,0.906752,0.762443,0.711316,0.833766,0.889764
2689,0.776433,0.779183,0.715517,0.792248,0.721073,0.688279,0.882562,0.862745
2690,0.910646,0.864997,0.861336,0.903654,0.831959,0.769565,0.919321,0.910853
2691,0.856674,0.825711,0.815657,0.898662,0.732861,0.682417,0.916449,0.870968
2692,0.853301,0.813038,0.854286,0.865613,0.784897,0.742382,0.774011,0.825688
2693,0.904313,0.882954,0.898098,0.898936,0.859599,0.843895,0.858586,0.830303
2694,0.912048,0.879021,0.867397,0.917258,0.895944,0.84715,0.845201,0.857895
2695,0.851064,0.834364,0.788024,0.816279,0.807339,0.797732,0.83792,0.8125
2696,0.686373,0.658265,0.620253,0.644101,0.655362,0.63523,0.807074,0.795699
2697,0.758376,0.744707,0.705941,0.75534,0.717887,0.653786,0.712871,0.727273
2698,0.708,0.69795,0.66092,0.749153,0.579208,0.504447,0.730496,0.759494
2699,0.73822,0.741844,0.724036,0.784753,0.634429,0.5,0.774775,0.759259
2700,0.921053,0.914573,0.921569,0.92,0.9,0.813953,0.894737,0.870968
2701,0.913462,0.926407,0.911765,0.95082,0.920635,0.873016,0.756098,0.606061
2702,0.944681,0.897092,0.882353,0.92029,0.879725,0.828671,0.544643,0.571429
2703,0.788512,0.74398,0.675325,0.856061,0.610887,0.519824,0.612903,0.654762
2704,0.896104,0.852632,0.836207,0.892857,0.842105,0.925926,0.703704,0.885714
2705,0.938312,0.921922,0.949309,0.930233,0.921233,0.866109,0.722772,0.827586
2706,0.889173,0.865347,0.836969,0.893964,0.842035,0.753112,0.815508,0.852174
2707,0.881748,0.829935,0.776712,0.874598,0.79014,0.736842,0.815217,0.782258
2708,0.852695,0.822751,0.841816,0.879913,0.808349,0.701689,0.865546,0.834646
2709,0.820276,0.783654,0.744526,0.671642,0.630435,0.479452,0.785714,0.8
2710,0.578947,0.626911,0.560345,0.642857,0.460317,0.347826,0.796296,0.823529
2711,0.58231,0.232117,0.384615,0.301205,0.506726,0.35443,0.888889,0.871795
2712,0.526,0.209096,0.300188,0.309481,0.362667,0.258081,0.881098,0.828571
2713,0.709416,0.723159,0.619217,0.781646,0.633909,0.529809,0.888889,0.896825
2714,0.954918,0.924296,0.902256,0.960317,0.911917,0.858824,0.819444,0.869565
2715,0.825636,0.763581,0.736323,0.843478,0.758956,0.723203,0.894089,0.85
2716,0.852806,0.858556,0.8,0.918228,0.80415,0.745819,0.889423,0.848168
2717,0.833333,0.808219,0.755633,0.830795,0.766399,0.709864,0.877358,0.839196
2718,0.850649,0.847654,0.82069,0.891566,0.772663,0.720952,0.883295,0.888889
2719,0.847966,0.82381,0.794304,0.843511,0.726236,0.67101,0.898649,0.923077
2720,0.862162,0.800305,0.675,0.870813,0.703046,0.613687,0.733333,0.787879
2721,0.84593,0.788851,0.67619,0.825397,0.713092,0.63747,0.823009,0.639344
2722,0.926941,0.804147,0.717742,0.857143,0.774775,0.591093,0.880952,0.878049
2723,0.882353,0.803571,0.779817,0.886179,0.731707,0.683168,0.898551,0.857143
2724,0.894472,0.808399,0.770642,0.921739,0.678218,0.668394,0.924242,0.666667
2725,0.932292,0.808625,0.796296,0.954545,0.686567,0.638298,0.953846,0.884615
2726,0.891304,0.801676,0.771429,0.926606,0.675393,0.640449,0.951613,0.730769
2727,0.866279,0.774566,0.787879,0.942308,0.642857,0.568966,0.915254,0.913043
2728,0.885906,0.725753,0.777778,0.915789,0.577465,0.51145,0.77551,0.727273
2729,0.924242,0.888252,0.896552,0.9125,0.803922,0.909091,0.960784,0.807692
2730,0.883743,0.874052,0.854545,0.893116,0.852941,0.76023,0.907407,0.892562
2731,0.875244,0.808195,0.801867,0.830882,0.815586,0.738128,0.924623,0.846847
2732,0.900097,0.862917,0.792924,0.910781,0.832303,0.765242,0.929648,0.953704
2733,0.862631,0.866788,0.849779,0.906445,0.840453,0.778095,0.935223,0.96875
2734,0.866516,0.831081,0.811392,0.870902,0.81083,0.758509,0.933086,0.957746
2735,0.871224,0.831544,0.827939,0.848315,0.82755,0.741082,0.921875,0.950355
2736,0.860714,0.817431,0.787879,0.832797,0.744982,0.680574,0.90991,0.925
2737,0.900391,0.833168,0.838384,0.877256,0.773087,0.715758,0.915842,0.902913
2738,0.846154,0.828162,0.829213,0.859438,0.767802,0.666667,0.893491,0.905263
2739,0.71223,0.779221,0.785047,0.828571,0.658915,0.602632,0.80597,0.9
2740,0.767857,0.790625,0.736111,0.824176,0.706667,0.564444,0.868421,0.92
2741,0.439716,0.634981,0.47541,0.652174,0.373563,0.450549,0.576923,0.733333
2742,0.924731,0.883178,0.958333,0.954545,0.888889,0.815789,0.907407,0.3
2743,0.942982,0.91048,0.934783,0.959459,0.904306,0.876777,0.941748,0.918367
2744,0.946117,0.930255,0.95369,0.961003,0.937759,0.914491,0.89434,0.892086
2745,0.941007,0.940299,0.948413,0.968668,0.944591,0.911742,0.871972,0.90411
2746,0.920954,0.921401,0.882943,0.921801,0.910569,0.860776,0.830189,0.888889
2747,0.918519,0.925645,0.875551,0.935035,0.916667,0.839704,0.860947,0.911602
2748,0.873016,0.879056,0.811475,0.854978,0.841333,0.755191,0.850123,0.867769
2749,0.85553,0.838412,0.817073,0.907725,0.808064,0.741474,0.804734,0.861244
2750,0.752941,0.704944,0.604938,0.695652,0.56872,0.448529,0.810526,0.805556
2751,0.90678,0.841751,0.902913,0.890411,0.833333,0.857143,0.9,0.909091
2752,0.915385,0.914224,0.895216,0.937107,0.866782,0.840456,0.80226,0.87963
2753,0.892057,0.839873,0.779056,0.909894,0.808943,0.760494,0.657817,0.656716
2754,0.896359,0.828112,0.815405,0.889688,0.81475,0.723932,0.853556,0.896825
2755,0.844106,0.8188,0.785473,0.902821,0.764706,0.608021,0.647727,0.8
2756,0.839344,0.797153,0.739255,0.887179,0.731183,0.567797,0.824561,0.847458
2757,0.77305,0.754864,0.666667,0.803279,0.691083,0.526144,0.677083,0.793103
2758,0.790123,0.773852,0.678899,0.693182,0.663366,0.536842,0.853659,0.851852
2759,0.945946,0.917031,1,0.970588,1,0.933333,0.94,0.942857
2760,0.969388,0.920863,0.942308,0.9625,0.95,0.931818,0.919355,0.871795
2761,0.952,0.953488,0.95082,0.947917,0.945946,0.986667,0.958333,0.976744
2762,0.929245,0.889091,0.89781,0.929577,0.920168,0.879121,0.92562,1
2763,0.906487,0.878211,0.892086,0.92891,0.84902,0.825261,0.752708,0.733333
2764,0.842324,0.859339,0.8356,0.888446,0.810888,0.742809,0.865031,0.836735
2765,0.805049,0.822378,0.813099,0.850633,0.74711,0.635572,0.808163,0.741259
2766,0.748718,0.802875,0.619835,0.826923,0.696078,0.429688,0.846154,0.765957
2767,0.804688,0.756906,0.695652,0.852941,0.627907,0.464286,0.888889,0.84375
2768,0.797297,0.789398,0.602985,0.809091,0.728281,0.601476,0.815603,0.843373
2769,0.796875,0.739203,0.601351,0.739583,0.689655,0.601351,0.839286,0.911765
2770,0.745283,0.742627,0.69375,0.822034,0.728205,0.439759,0.855072,0.945946
2771,0.737003,0.742402,0.683398,0.729469,0.609091,0.665689,0.91453,0.934426
2772,0.785888,0.798611,0.719101,0.743083,0.661258,0.722533,0.890411,0.945946
2773,0.79291,0.814563,0.717489,0.774603,0.668648,0.740896,0.927885,0.880435
2774,0.727372,0.73711,0.695322,0.709981,0.620631,0.6456,0.942792,0.911504
2775,0.761653,0.733935,0.627619,0.753165,0.611855,0.628383,0.889789,0.885714
2776,0.771478,0.790084,0.671906,0.758462,0.648544,0.716838,0.89948,0.908197
2777,0.467391,0.666667,0.680556,0.576271,0.609756,0.673469,0.835616,0.611111
2778,0.459016,0.688406,0.741071,0.6,0.71875,0.78481,0.895349,0.954545
2779,0.555556,0.683099,0.7,0.653846,0.746667,0.714286,0.786517,0.761905
2780,0.497487,0.59466,0.740331,0.507692,0.603175,0.758621,0.946903,0.85
2781,0.788732,0.809709,0.873874,0.796296,0.825871,0.832117,0.893939,0.884615
2782,0.725,0.774716,0.827957,0.760417,0.759717,0.737374,0.790123,0.77027
2783,0.753304,0.803538,0.835681,0.801187,0.739573,0.774411,0.875,0.846667
2784,0.598002,0.706161,0.818735,0.719697,0.628272,0.683398,0.869565,0.846995
2785,0.549681,0.714454,0.768061,0.643002,0.563581,0.648586,0.635974,0.628821
2786,0.58669,0.712968,0.686736,0.659533,0.589935,0.607779,0.73161,0.753138
2787,0.56684,0.737724,0.730009,0.680851,0.601893,0.645706,0.713733,0.713693
2788,0.731749,0.753386,0.616667,0.794971,0.629565,0.524969,0.841046,0.848
2789,0.565428,0.568429,0.67423,0.689349,0.533276,0.616633,0.850394,0.844595
2790,0.155797,0.017375,0.028886,0.023585,0.025019,0.020342,0.2,0.194872
2791,0.855362,0.858191,0.778846,0.869748,0.782609,0.753846,0.815217,0.698413
2792,0.909207,0.904601,0.889816,0.911422,0.869359,0.852459,0.910769,0.931973
2793,0.859756,0.835492,0.846645,0.837363,0.795735,0.764479,0.898551,0.908571
2794,0.431559,0.307692,0.565553,0.35,0.356818,0.290631,0.876847,0.926829
2795,0.338875,0.092521,0.114286,0.132468,0.167243,0.12408,0.768546,0.77931
2796,0.416859,0.192308,0.25,0.236659,0.280718,0.233188,0.860825,0.882353
2797,0.799427,0.650151,0.707233,0.798198,0.626855,0.490323,0.916667,0.92735
2798,0.379551,0.182669,0.123541,0.244083,0.213172,0.177527,0.867624,0.830904
2799,0.434439,0.219764,0.211679,0.296584,0.325025,0.25152,0.853659,0.883495
2800,0.431239,0.310797,0.311526,0.266116,0.313758,0.19816,0.894977,0.905738
2801,0.466135,0.38558,0.534447,0.431579,0.366483,0.229039,0.811966,0.851351
2802,0.789905,0.770335,0.777778,0.810624,0.773295,0.751046,0.72695,0.763889
2803,0.624043,0.578849,0.743056,0.604863,0.679881,0.593849,0.698795,0.759259
2804,0.709428,0.730459,0.764614,0.77795,0.728004,0.671897,0.812844,0.864078
2805,0.858393,0.819894,0.771641,0.418384,0.800542,0.729287,0.889597,0.906716
2806,0.773566,0.741856,0.574545,0.798387,0.684474,0.60044,0.609231,0.72449
2807,0.560718,0.547893,0.421446,0.489496,0.578902,0.539454,0.593333,0.661202
2808,0.561892,0.585703,0.601411,0.571809,0.534524,0.467996,0.574074,0.650794
2809,0.753049,0.750789,0.704918,0.830769,0.686007,0.58363,0.747573,0.814815
2810,0.758958,0.734095,0.676596,0.760638,0.600707,0.52381,0.703297,0.714286
2811,0.744898,0.773973,0.672727,0.88764,0.710317,0.565041,0.738636,0.869565
2812,0.356083,0.400859,0.216628,0.203593,0.381366,0.489547,0.828571,0.839572
2813,0.3168,0.331489,0.181594,0.203869,0.296166,0.392373,0.714035,0.760563
2814,0.71519,0.527778,0.591549,0.477064,0.650602,0.457516,0.451613,0.483871
2815,0.711268,0.509091,0.618321,0.42,0.63354,0.435374,0.396552,0.413793
2816,0.924051,0.916667,0.963415,0.91411,0.887931,0.81295,0.898734,0.883721
2817,0.923077,0.902237,0.868476,0.908602,0.915803,0.884668,0.872247,0.872549
2818,0.952756,0.931433,0.906542,0.945679,0.925843,0.897343,0.808429,0.854839
2819,0.941327,0.93025,0.927273,0.951691,0.934995,0.879433,0.820513,0.782946
2820,0.91778,0.88221,0.778761,0.932238,0.874247,0.775362,0.772959,0.78125
2821,0.671875,0.584835,0.723171,0.732584,0.605429,0.564885,0.222973,0.162281
2822,0.610446,0.510137,0.606838,0.655814,0.518887,0.513812,0.208955,0.170854
2823,0.638889,0.51149,0.697468,0.621176,0.604265,0.61448,0.169139,0.103896
2824,0.471895,0.40834,0.411458,0.431078,0.414802,0.47469,0.101695,0.088889
2825,0.344086,0.370036,0.276498,0.299435,0.331361,0.315508,0.142857,0.093023
2826,0.442953,0.349057,0.271186,0.326316,0.354167,0.254237,0.2,0.238095
2827,0.731959,0.77451,0.823529,0.790323,0.689655,0.675,0.924528,0.954545
2828,0.4575,0.468274,0.447917,0.427948,0.418699,0.455247,0.912088,0.92562
2829,0.415,0.515038,0.568384,0.401899,0.459288,0.511211,0.834081,0.832
2830,0.753927,0.626263,0.634831,0.631579,0.586854,0.492537,0.87931,0.882353
2831,0.709924,0.55414,0.58042,0.57971,0.507042,0.451852,0.857143,0.888889
2832,0.818875,0.755451,0.756236,0.784832,0.771784,0.68275,0.945652,0.945701
2833,0.6,0.486827,0.522388,0.566724,0.526726,0.425936,0.90297,0.896266
2834,0.560362,0.484385,0.438475,0.466797,0.437701,0.373482,0.822751,0.777174
2835,0.632743,0.663717,0.535849,0.736111,0.460733,0.409836,0.863158,0.842105
2836,0.72093,0.728324,0.654762,0.724638,0.633333,0.588235,0.898551,0.8
2837,0.87799,0.841332,0.779188,0.876245,0.784022,0.695469,0.93207,0.934959
2838,0.812746,0.811367,0.743333,0.838802,0.757802,0.678555,0.907378,0.902174
2839,0.843393,0.793722,0.774578,0.884558,0.771487,0.692226,0.911824,0.892857
2840,0.765381,0.700899,0.654179,0.815534,0.654385,0.594968,0.858824,0.885572
2841,0.703704,0.663218,0.628986,0.657895,0.631016,0.521576,0.801471,0.868421
2842,0.836555,0.822289,0.858051,0.45768,0.729974,0.733742,0.570707,0.666667
2843,0.822733,0.762243,0.756933,0.832099,0.705,0.614837,0.710317,0.643939
2844,0.640097,0.59915,0.518717,0.688525,0.546256,0.473804,0.111111,0.103448
2845,0.757669,0.774557,0.696113,0.849765,0.68984,0.51462,0.39759,0.309524
2846,0.777027,0.750865,0.719231,0.846535,0.682493,0.503226,0.594595,0.472222
2847,0.933481,0.891278,0.915493,0.902357,0.894273,0.834356,0.877551,0.87931
2848,0.792663,0.753996,0.722222,0.701571,0.64194,0.666667,0.518349,0.44
2849,0.891613,0.810044,0.831361,0.839286,0.798117,0.762906,0.575251,0.643411
2850,0.778788,0.734911,0.648485,0.738574,0.704996,0.679422,0.42246,0.4
2851,0.651501,0.580732,0.480543,0.559242,0.563348,0.508078,0.572748,0.564315
2852,0.955752,0.964126,0.884615,0.986301,0.942857,0.958333,0.807692,0.909091
2853,0.803109,0.93808,0.841584,0.918033,0.895652,0.888,0.985294,0.926829
2854,0.877049,0.926009,0.877551,0.96875,0.957983,0.850679,0.976744,0.934426
2855,0.855643,0.840809,0.837696,0.846348,0.831198,0.819176,0.876984,0.928571
2856,0.872996,0.829716,0.787625,0.830549,0.801682,0.788889,0.893382,0.877907
2857,0.832432,0.780471,0.784091,0.778226,0.799791,0.740675,0.883978,0.886364
2858,0.621384,0.607674,0.636724,0.576037,0.67541,0.667604,0.837121,0.862069
2859,0.662667,0.591169,0.614152,0.538824,0.632461,0.607631,0.797468,0.857143
2860,0.826248,0.83976,0.801296,0.851964,0.722938,0.709893,0.873984,0.856
2861,0.920378,0.903226,0.864062,0.908257,0.828152,0.760563,0.934097,0.886905
2862,0.793468,0.748006,0.761963,0.78607,0.681922,0.620605,0.873905,0.859779
2863,0.688679,0.57847,0.528302,0.643777,0.52573,0.37733,0.768617,0.797688
2864,0.418919,0.416275,0.300546,0.352381,0.432812,0.515988,0.655462,0.666667
2865,0.475285,0.521346,0.398718,0.465995,0.455669,0.467773,0.745308,0.773399
2866,0.452862,0.452498,0.497696,0.517241,0.411315,0.412371,0.784672,0.75
2867,0.492754,0.495227,0.510145,0.583942,0.4,0.339216,0.825137,0.84375
2868,0.640316,0.653768,0.42069,0.656627,0.483146,0.344086,0.876404,0.885714
2869,0.645833,0.63747,0.433628,0.714286,0.421053,0.375887,0.794118,0.896552
2870,0.777778,0.72541,0.466667,0.745455,0.428571,0.388889,0.818182,0.733333
2871,0.921588,0.87563,0.900857,0.931153,0.888438,0.821483,0.87146,0.856522
2872,0.679221,0.664173,0.599222,0.716749,0.638211,0.575342,0.794944,0.827225
2873,0.732092,0.732611,0.692632,0.784,0.678363,0.606145,0.831804,0.840909
2874,0.71223,0.624,0.566879,0.710843,0.593583,0.494624,0.811594,0.875
2875,0.771654,0.775362,0.689655,0.855072,0.636364,0.54386,0.761194,0.852941
2876,0.767635,0.802691,0.835821,0.838926,0.785714,0.74902,0.77,0.770833
2877,0.597096,0.57611,0.618956,0.580292,0.62649,0.606729,0.522843,0.485981
2878,0.62012,0.588235,0.601218,0.636364,0.631256,0.646637,0.581301,0.590909
2879,0.555098,0.537962,0.531568,0.570281,0.522208,0.52,0.412533,0.348066
2880,0.631667,0.622951,0.678543,0.757188,0.596693,0.523231,0.523179,0.524017
2881,0.522727,0.476723,0.466729,0.486085,0.474374,0.484143,0.246862,0.218623
2882,0.570755,0.511687,0.525376,0.552045,0.543728,0.526817,0.272527,0.238494
2883,0.637638,0.591061,0.634078,0.655242,0.612492,0.597137,0.767624,0.794393
2884,0.602285,0.600958,0.611798,0.673729,0.58655,0.554675,0.773224,0.760204
2885,0.614112,0.61935,0.625,0.647059,0.592369,0.56018,0.759312,0.781915
2886,0.54717,0.577327,0.546488,0.595023,0.528694,0.485629,0.638365,0.653846
2887,0.502762,0.531168,0.499323,0.577128,0.453297,0.435496,0.468401,0.544118
2888,0.672606,0.686486,0.629073,0.793388,0.588235,0.529172,0.55,0.481481
2889,0.553846,0.633888,0.619835,0.729469,0.563877,0.440789,0.366906,0.373134
2890,0.952381,0.96875,1,0.960784,0.903226,0.763158,1,0.857143
2891,0.833333,0.970588,1,0.903846,0.580645,0.794872,1,1
2892,0.962963,0.946667,0.925926,0.967213,0.973684,0.734694,0.977778,1
2893,0.944444,0.900383,0.953488,0.902256,0.913223,0.818182,0.934579,0.913793
2894,0.960573,0.925859,0.956204,0.971831,0.90458,0.825203,0.964602,0.951613
2895,0.865591,0.842029,0.862245,0.817757,0.762376,0.704835,0.909091,0.88764
2896,0.728898,0.742317,0.787554,0.773333,0.691885,0.649196,0.915521,0.868243
2897,0.6897,0.706471,0.661616,0.735084,0.58985,0.527138,0.80429,0.810924
2898,0.824742,0.77907,0.787234,0.883392,0.704545,0.568376,0.868687,0.891089
2899,0.76738,0.674648,0.750742,0.75,0.615385,0.548708,0.769231,0.833333
2900,0.627451,0.64455,0.672222,0.654206,0.736434,0.771654,0.897727,0.98
2901,0.618605,0.667442,0.719388,0.732143,0.728261,0.778547,0.913043,0.964286
2902,0.55082,0.537893,0.490566,0.541935,0.685315,0.736196,0.933824,0.938272
2903,0.723164,0.71405,0.787062,0.828729,0.805861,0.787066,0.976048,0.96875
2904,0.530255,0.502657,0.45962,0.477204,0.550571,0.619016,0.877966,0.916129
2905,0.561208,0.528796,0.568235,0.551515,0.622951,0.670256,0.931973,0.935897
2906,0.571885,0.541226,0.580092,0.59824,0.588235,0.65458,0.929032,0.91411
2907,0.762768,0.760893,0.819728,0.848138,0.711094,0.702703,0.932099,0.944785
2908,0.677796,0.678344,0.754913,0.790087,0.691076,0.68899,0.895899,0.912281
2909,0.661102,0.658004,0.759465,0.82029,0.684132,0.698261,0.933121,0.923077
2910,0.552189,0.567539,0.575461,0.589235,0.623443,0.646448,0.942598,0.921788
2911,0.529118,0.54395,0.531283,0.52514,0.610638,0.650532,0.960486,0.930481
2912,0.520064,0.532533,0.492585,0.502732,0.595918,0.633612,0.948949,0.945946
2913,0.547923,0.553678,0.49736,0.522911,0.622766,0.627883,0.951368,0.934426
2914,0.550314,0.514457,0.514706,0.513369,0.605921,0.621788,0.941538,0.955556
2915,0.581236,0.655556,0.595825,0.738806,0.572241,0.50221,0.884298,0.873239
2916,0.678571,0.662289,0.618687,0.747619,0.602716,0.46056,0.831579,0.725
2917,0.681319,0.661191,0.674352,0.765625,0.602317,0.478979,0.872727,0.831579
2918,0.585799,0.628571,0.6,0.720588,0.415902,0.4,0.827869,0.783333
2919,0.639344,0.625,0.5625,0.661017,0.605263,0.232558,0.833333,0.615385
2920,0.692053,0.644042,0.56135,0.648352,0.615094,0.697417,0.507463,0.48
2921,0.751256,0.730933,0.725034,0.783133,0.704015,0.571157,0.785326,0.78022
2922,0.803235,0.823973,0.794677,0.824945,0.779006,0.736148,0.890295,0.892562
2923,0.567329,0.586797,0.50565,0.529412,0.485064,0.514545,0.787611,0.724138
2924,0.777778,0.678733,0.542857,0.761194,0.36,0.444444,0.785714,0.866667
2925,0.857923,0.791862,0.846154,0.868545,0.713615,0.82716,0.921875,0.9
2926,0.758186,0.758671,0.73817,0.669643,0.630901,0.737668,0.902439,0.932432
2927,0.967626,0.921769,0.924312,0.95053,0.902579,0.902332,0.965909,0.99
2928,0.938944,0.913758,0.901288,0.956954,0.913043,0.887342,0.98995,0.974138
2929,0.930233,0.897436,0.842756,0.933962,0.872748,0.852144,0.900452,0.955224
2930,0.875507,0.880498,0.829822,0.909333,0.841193,0.82637,0.973282,0.962963
2931,0.862515,0.847015,0.78626,0.8125,0.729412,0.736447,0.929448,0.970732
2932,0.858874,0.854691,0.706202,0.879406,0.810075,0.70682,0.932504,0.930636
2933,0.768362,0.777778,0.607143,0.876404,0.622449,0.348485,0.879121,0.882353
2934,0.834862,0.779904,0.6,0.806452,0.560976,0.448276,0.894737,0.9
2935,0.7625,0.77439,0.634146,0.833333,0.384615,0.466667,0.884615,0.84
2936,0.769231,0.765823,0.684211,0.8,0.454545,0.636364,0.866667,0.791667
2937,0.613497,0.622549,0.546012,0.72043,0.55,0.583333,0.740741,0.84375
2938,0.633174,0.64433,0.616129,0.564179,0.602163,0.673319,0.780347,0.807018
2939,0.741784,0.715584,0.682809,0.732426,0.623123,0.62635,0.877049,0.910256
2940,0.854795,0.84072,0.839286,0.844828,0.851852,0.764368,0.913793,0.927536
2941,0.926174,0.917087,0.913559,0.902632,0.916558,0.888244,0.949612,0.972028
2942,0.824675,0.863168,0.836638,0.8864,0.843675,0.799611,0.94162,0.923345
2943,0.737113,0.766082,0.6663,0.797753,0.702255,0.631389,0.893092,0.884848
2944,0.857488,0.836123,0.834725,0.852732,0.815595,0.78556,0.890756,0.893491
2945,0.856489,0.850515,0.846602,0.89644,0.809272,0.786561,0.910156,0.926606
2946,0.860063,0.852373,0.853119,0.899666,0.816044,0.777476,0.915179,0.939394
2947,0.811787,0.788718,0.808559,0.868726,0.785358,0.681301,0.786982,0.858974
2948,0.785714,0.790922,0.726073,0.845771,0.717617,0.539642,0.853448,0.909091
2949,0.937391,0.916988,0.896313,0.960486,0.918764,0.87234,0.934343,0.953704
2950,0.930743,0.917847,0.88914,0.942693,0.906011,0.87788,0.932692,0.981818
2951,0.892934,0.868339,0.815931,0.881226,0.833051,0.771495,0.904891,0.941176
2952,0.822826,0.803413,0.696335,0.881764,0.738095,0.62749,0.898396,0.92228
2953,0.781008,0.742344,0.67378,0.877698,0.6976,0.613821,0.870968,0.850575
2954,0.832402,0.759722,0.726496,0.842593,0.671512,0.592982,0.821782,0.9
2955,0.835714,0.802292,0.777778,0.834951,0.666667,0.548387,0.925926,0.904762
2956,0.830882,0.798271,0.813953,0.86,0.651515,0.542373,0.92,0.926829
2957,0.888889,0.804924,0.79803,0.859873,0.840909,0.843575,0.861538,0.926829
2958,0.635174,0.643456,0.511905,0.539379,0.546443,0.498881,0.687023,0.666667
2959,0.820155,0.778297,0.652681,0.856716,0.65641,0.579646,0.855263,0.871795
2960,0.618454,0.677419,0.572464,0.776316,0.527187,0.488571,0.851852,0.846154
2961,0.955793,0.9343,0.915371,0.980892,0.933185,0.936866,0.968553,0.967391
2962,0.963977,0.923643,0.915858,0.951841,0.928786,0.904954,0.984456,0.944954
2963,0.945285,0.929151,0.924411,0.970252,0.908527,0.896018,0.969697,0.993056
2964,0.952586,0.932469,0.914607,0.967462,0.912621,0.887173,0.963696,0.971264
2965,0.910584,0.892435,0.877571,0.9375,0.855478,0.800224,0.9683,0.970874
2966,0.854093,0.854503,0.837275,0.880734,0.793502,0.761114,0.946565,0.911504
2967,0.874542,0.864475,0.829314,0.902527,0.793047,0.764062,0.966981,0.953782
2968,0.889418,0.847892,0.85389,0.914122,0.814381,0.762473,0.923596,0.878543
2969,0.883675,0.858887,0.842918,0.907407,0.804852,0.765925,0.918033,0.884793
2970,0.874633,0.860149,0.856586,0.906054,0.83771,0.782609,0.91922,0.885572
2971,0.870553,0.84464,0.855686,0.892857,0.83011,0.782981,0.866667,0.883598
2972,0.863426,0.877692,0.841443,0.899123,0.84859,0.775587,0.923588,0.86755
2973,0.536905,0.679202,0.61901,0.694143,0.565739,0.584326,0.764526,0.743421
2974,0.823178,0.871757,0.776722,0.884937,0.805599,0.744916,0.879656,0.893082
2975,0.863527,0.838996,0.84507,0.925532,0.839773,0.758213,0.901408,0.903614
2976,0.776029,0.842183,0.829308,0.82227,0.797581,0.731523,0.851852,0.846154
2977,0.866017,0.857781,0.828873,0.918803,0.837648,0.723891,0.940678,0.912791
2978,0.864385,0.829176,0.790657,0.917226,0.780774,0.682769,0.910663,0.917722
2979,0.805663,0.793369,0.756852,0.798643,0.709933,0.658726,0.871642,0.855263
2980,0.81638,0.810957,0.760753,0.903226,0.753408,0.678851,0.887147,0.909722
2981,0.833102,0.815409,0.763107,0.857809,0.74586,0.695416,0.871429,0.888
2982,0.85205,0.796334,0.68595,0.894879,0.672182,0.577365,0.878505,0.905263
2983,0.813149,0.740283,0.567213,0.757848,0.547315,0.470046,0.826087,0.928571
2984,0.786232,0.741636,0.570934,0.785714,0.583106,0.454094,0.87,0.941176
2985,0.839827,0.779915,0.651982,0.854054,0.653571,0.448845,0.846154,0.938776
2986,0.508408,0.516705,0.419795,0.444254,0.380857,0.38648,0.04157,0.020408
2987,0.702955,0.70431,0.606287,0.634703,0.601279,0.618636,0.127273,0.084746
2988,0.616279,0.532642,0.535922,0.518006,0.489666,0.469281,0.13125,0.117647
2989,0.729792,0.698595,0.642643,0.66242,0.641463,0.669355,0.162162,0.114286
2990,0.770764,0.664286,0.553571,0.662037,0.672414,0.679715,0.141509,0.083333
2991,0.569106,0.426174,0.454545,0.51087,0.368421,0.454545,0.566038,0.32
2992,0.384615,0.674772,0.615854,0.605505,0.53304,0.689076,0.888889,0.736842
2993,0.620352,0.751147,0.673375,0.722846,0.659512,0.686131,0.88,0.928571
2994,0.455067,0.632911,0.66863,0.585366,0.560429,0.651625,0.931818,0.962963
2995,0.308057,0.379263,0.248201,0.270161,0.376793,0.414894,0.733333,0.62963
2996,0.246094,0.331976,0.15534,0.219512,0.223919,0.333333,0.73913,0.5
2997,0.285714,0.343529,0.241877,0.281879,0.203762,0.421965,0.5,0.6
2998,0.442105,0.447489,0.382812,0.418605,0.52,0.639344,0.0625,0.103448
2999,0.539216,0.544643,0.465649,0.473118,0.555556,0.703125,0.083333,0.107143
3000,0.740741,0.825444,0.775148,0.78125,0.57554,0.753521,0.083333,0.073171
3001,0.553073,0.56,0.494737,0.534722,0.568306,0.633721,0.111111,0.145833
3002,0.5,0.54798,0.374359,0.428571,0.477612,0.641304,0.108108,0.1
3003,0.415858,0.233397,0.282493,0.287129,0.32451,0.33427,0.029851,0.039735
3004,0.664442,0.453116,0.469551,0.530717,0.42173,0.410057,0.023188,0.020161
3005,0.439195,0.210497,0.297872,0.315236,0.312017,0.323018,0.035955,0.036364
3006,0.399054,0.217105,0.340741,0.277778,0.34204,0.370701,0.02,0.028037
3007,0.706494,0.667111,0.622691,0.663366,0.627907,0.543624,0.050505,0.12
3008,0.5625,0.505747,0.359447,0.467213,0.545833,0.441315,0.150685,0.243243
3009,0.557895,0.609929,0.506944,0.564356,0.561644,0.3,0.358491,0.310345
3010,0.147541,0.011628,0.046512,0.25,0.04,0.102564,0,0
3011,0.329412,0.144928,0.228571,0.166667,0.064516,0.075758,0,0.133333
3012,0.295276,0.141717,0.152249,0.107692,0.087193,0.058824,0,0
3013,0.56213,0.594828,0.468571,0.526316,0.457831,0.345382,0.160714,0.102564
3014,0.871658,0.825991,0.910995,0.818182,0.819048,0.827068,0.883333,0.897959
3015,0.780844,0.749113,0.766892,0.757412,0.754183,0.717185,0.748503,0.727273
3016,0.898565,0.862225,0.781646,0.9,0.827238,0.782965,0.902141,0.884956
3017,0.881679,0.842671,0.788565,0.87395,0.82236,0.774154,0.917889,0.927966
3018,0.825,0.76772,0.724891,0.888636,0.70181,0.615311,0.722727,0.642384
3019,0.777778,0.64878,0.622449,0.71875,0.7375,0.46875,0.530612,0.375
3020,0.882883,0.888112,0.983051,0.912088,0.869565,0.858974,0.967213,0.9
3021,0.942509,0.907063,0.916143,0.957295,0.897727,0.876957,0.965517,0.965517
3022,0.901449,0.879845,0.861352,0.911932,0.850242,0.838542,0.965368,0.971631
3023,0.878378,0.870007,0.8203,0.849866,0.838798,0.803497,0.907258,0.903226
3024,0.876033,0.851339,0.420777,0.862992,0.831806,0.781943,0.921212,0.908257
3025,0.902326,0.862006,0.829233,0.88959,0.85211,0.792516,0.836614,0.858407
3026,0.89429,0.860909,0.797183,0.892283,0.822775,0.783735,0.84981,0.904478
3027,0.905098,0.873441,0.847183,0.928339,0.830261,0.779592,0.91945,0.939655
3028,0.900171,0.863825,0.785655,0.921708,0.808356,0.745237,0.872294,0.872964
3029,0.852234,0.841361,0.748117,0.878735,0.786636,0.712169,0.875556,0.907216
3030,0.86757,0.818406,0.729143,0.921109,0.763475,0.673147,0.92437,0.915179
3031,0.842166,0.817623,0.73957,0.919169,0.736311,0.698208,0.911043,0.882051
3032,0.784111,0.764526,0.638202,0.817544,0.691995,0.541364,0.873239,0.921429
3033,0.802632,0.772786,0.618297,0.806034,0.678058,0.539235,0.900585,0.915888
3034,0.744361,0.72885,0.503268,0.677419,0.571429,0.434211,0.690722,0.757143
3035,0.763948,0.744526,0.595238,0.77451,0.635,0.25,0.724138,0.777778
3036,0.202128,0.284047,0.161765,0.153846,0.142857,0.107143,0,0
3037,0.047244,0.064897,0.018692,0.022472,0.012346,0.029412,0.022727,0
3038,0.10687,0.154519,0.108108,0.076087,0.022989,0.038462,0.023256,0
3039,0.019355,0.042857,0.008403,0.049505,0,0.026087,0.020833,0
3040,0.132296,0.221366,0.153086,0.158088,0.067138,0.097959,0,0.011765
3041,0.017222,0.021549,0.011494,0.010893,0.008447,0.014074,0.003378,0
3042,0.009772,0.034373,0.014303,0.025424,0.02237,0.021017,0.00627,0.02439
3043,0.011329,0.020142,0.007937,0.013972,0.008586,0.010076,0.008242,0.004348
3044,0.048801,0.098522,0.034348,0.046368,0.026074,0.027986,0.002033,0
3045,0.13882,0.237983,0.138184,0.139673,0.12115,0.107957,0.004525,0.003802
3046,0.094799,0.192399,0.072241,0.073463,0.064549,0.059925,0.004566,0
3047,0.035176,0.077512,0.038229,0.033233,0.02686,0.028129,0.004556,0.007634
3048,0.047859,0.090778,0.035302,0.029985,0.031029,0.038905,0,0
3049,0.039396,0.084534,0.031508,0.033973,0.02104,0.020916,0.002674,0.004367
3050,0.074744,0.16619,0.086709,0.087819,0.07362,0.051924,0,0
3051,0.093272,0.215566,0.075833,0.107843,0.053406,0.047509,0,0.004
3052,0.031947,0.098754,0.063694,0.035411,0.03402,0.030582,0.004348,0.003521
3053,0.05597,0.148181,0.079545,0.052408,0.04386,0.047934,0.006479,0
3054,0.032641,0.076542,0.043011,0.038244,0.036665,0.026531,0,0.006623
3055,0.010703,0.026914,0.016854,0.013158,0.012495,0.01346,0.002004,0.00303
3056,0.057676,0.138788,0.064319,0.056426,0.049539,0.052708,0.004914,0.003534
3057,0.010782,0.029105,0.011391,0.00995,0.011099,0.009067,0.002591,0
3058,0.024742,0.040884,0.029851,0.022222,0.026585,0.018349,0,0
3059,0.051948,0.070938,0.028125,0.032573,0.021505,0.016627,0,0.008621
3060,0.078603,0.179191,0.03125,0.085714,0.018072,0.014388,0,0
3061,0,0.011976,0.013889,0.019231,0,0,0,0
3062,0.008264,0,0,0.01087,0,0.02,0,0.023256
3063,0.462963,0.632653,0.267857,0.729167,0.346154,0.263158,0.914286,0.782609
3064,0.617647,0.600858,0.259259,0.727273,0.39726,0.234043,0.7,0.243902
3065,0.801205,0.7851,0.350877,0.86036,0.730858,0.644711,0.881988,0.939394
3066,0.795876,0.785282,0.352399,0.822222,0.72,0.665803,0.832536,0.815789
3067,0.850534,0.827239,0.384743,0.859155,0.769231,0.676243,0.862903,0.902985
3068,0.811667,0.814236,0.398104,0.87013,0.779747,0.688139,0.802198,0.842105
3069,0.851948,0.810579,0.424967,0.899796,0.788555,0.7498,0.911475,0.912088
3070,0.805063,0.809187,0.432935,0.891784,0.780888,0.762282,0.887147,0.915344
3071,0.872659,0.841857,0.450549,0.861635,0.87027,0.815553,0.856757,0.896373
3072,0.932907,0.915896,0.466258,0.946524,0.921283,0.885897,0.882591,0.900763
3073,0.905482,0.865348,0.444954,0.920732,0.879781,0.866562,0.949074,0.904348
3074,0.345455,0.596059,0.535135,0.480519,0.450704,0.435374,0.776119,0.710526
3075,0.625,0.783439,0.777108,0.807692,0.496183,0.503937,0.857143,0.615385
3076,0.621359,0.697802,0.736655,0.770701,0.5,0.477901,0.827957,0.872727
3077,0.617788,0.665529,0.626966,0.732759,0.604466,0.589286,0.715976,0.676768
3078,0.723256,0.695161,0.704017,0.829167,0.644042,0.621212,0.872093,0.807692
3079,0.701075,0.793675,0.769857,0.828794,0.683544,0.697889,0.875676,0.839286
3080,0.682105,0.715116,0.70099,0.793103,0.652646,0.620865,0.838863,0.809917
3081,0.703434,0.703476,0.568807,0.617778,0.654616,0.587243,0.835544,0.933993
3082,0.678611,0.680316,0.502098,0.563246,0.658604,0.575138,0.831884,0.920139
3083,0.774423,0.779235,0.796143,0.79562,0.74875,0.705793,0.889535,0.94382
3084,0.65894,0.775304,0.626609,0.677019,0.656716,0.685606,0.901235,0.988372
3085,0.726908,0.800905,0.681081,0.68254,0.670807,0.684729,0.810526,0.919192
3086,0.258065,0.352332,0.134146,0.076271,0.337449,0.427632,0.659091,0.804598
3087,0.721839,0.744681,0.679912,0.783133,0.685304,0.515648,0.82659,0.864
3088,0.781971,0.792135,0.705128,0.849624,0.735207,0.557084,0.906977,0.942623
3089,0.753564,0.753304,0.689873,0.832727,0.719477,0.567347,0.889535,0.931034
3090,0.842105,0.792035,0.804264,0.855903,0.77182,0.765357,0.87963,0.88961
3091,0.924936,0.868364,0.842881,0.884804,0.854086,0.812677,0.933775,0.936585
3092,0.934046,0.933953,0.914894,0.923333,0.906298,0.883657,0.943966,0.967532
3093,0.938298,0.914191,0.908377,0.931727,0.891213,0.861742,0.960227,0.940171
3094,0.935743,0.919743,0.896552,0.955696,0.933594,0.875,0.927835,0.9375
3095,0.910345,0.919598,0.951807,0.907216,0.905263,0.832061,0.933333,0.975
3096,0.951456,0.902913,0.983871,0.972603,0.964286,0.923913,0.945946,1
3097,0.72,0.69697,0.76,0.839286,0.595238,0.4375,0.811321,0.896552
3098,0.820225,0.764977,0.69697,0.857143,0.734694,0.380952,0.916667,0.923077
3099,0.831683,0.75,0.72973,0.773333,0.637931,0.436364,0.852941,0.822222
3100,0.705502,0.63881,0.630332,0.673575,0.568807,0.412903,0.795918,0.747368
3101,0.843478,0.837889,0.86964,0.875831,0.830022,0.784014,0.906516,0.925926
3102,0.905109,0.870279,0.9,0.913043,0.871166,0.787879,0.921739,0.949153
3103,0.528571,0.684685,0.525424,0.630435,0.55814,0.16,0.916667,0.666667
3104,0.75,0.766871,0.643478,0.815385,0.692308,0.560976,0.894737,0.9
3105,0.724014,0.728211,0.677698,0.731118,0.668626,0.62275,0.613527,0.578947
3106,0.869792,0.878331,0.830018,0.848387,0.857031,0.764393,0.709091,0.655629
3107,0.626866,0.723866,0.731602,0.637427,0.72337,0.793226,0.415842,0.381818
3108,0.705085,0.760626,0.719048,0.827815,0.731707,0.788382,0.576087,0.55102
3109,0.556962,0.739394,0.870968,0.8,0.897436,0.885714,0.789474,0.5
3110,0.696429,0.696133,0.572961,0.751656,0.628613,0.536814,0.78169,0.777778
3111,0.784797,0.732943,0.783432,0.791111,0.748309,0.734022,0.917808,0.902564
3112,0.713826,0.68254,0.785973,0.744344,0.70816,0.676529,0.874172,0.904523
3113,0.670262,0.677253,0.750916,0.778135,0.685959,0.70367,0.885,0.795276
3114,0.742574,0.725543,0.752399,0.812287,0.72948,0.72448,0.888889,0.840336
3115,0.811765,0.747292,0.818462,0.846535,0.765957,0.763407,0.865385,0.775281
3116,0.823529,0.862213,0.886905,0.883333,0.805405,0.852018,0.907692,0.862069
3117,0.923077,0.884804,0.97931,0.960396,0.963235,0.88535,0.931034,0.897959
3118,0.862069,0.443038,0.971223,0.94898,0.924242,0.936306,0.480769,0.893617
3119,0.927711,0.938144,0.964029,0.968085,0.937008,0.926667,0.471698,0.844444
3120,0.88189,0.936306,0.978723,0.907895,0.911392,0.913978,0.941176,0.888889
3121,0.754386,0.829861,0.88764,0.901408,0.80597,0.802469,0.875,0.896552
3122,0.795181,0.869565,0.96875,0.929825,0.864865,0.836364,0.878049,0.88
3123,0.710145,0.729885,0.514706,0.688889,0.681818,0.522727,0.942857,0.9375
3124,0.518987,0.703297,0.542857,0.607843,0.576271,0.45283,0.973684,0.823529
3125,0.760684,0.785223,0.768293,0.844086,0.666667,0.651584,0.882759,0.877778
3126,0.717762,0.68209,0.632576,0.716279,0.573013,0.624746,0.809524,0.764706
3127,0.927861,0.891353,0.814935,0.900943,0.883721,0.851574,0.897297,0.828054
3128,0.942181,0.922487,0.87316,0.941176,0.917247,0.887059,0.938596,0.882075
3129,0.954942,0.933735,0.911361,0.962567,0.920916,0.916517,0.945513,0.9
3130,0.861492,0.885894,0.869898,0.92562,0.857301,0.857553,0.863333,0.784431
3131,0.806147,0.869792,0.770455,0.843049,0.767123,0.864528,0.928962,0.896226
3132,0.813953,0.815584,0.873832,0.918919,0.730496,0.819588,0.489362,0.938776
3133,0.868217,0.834891,0.826087,0.813187,0.795699,0.819549,0.948052,0.926829
3134,0.890909,0.882353,0.900621,0.835443,0.878049,0.865385,0.939394,0.914286
3135,0.926829,0.918803,0.846774,0.920635,0.961538,0.903226,0.932203,0.913043
3136,0.540984,0.459547,0.480916,0.453333,0.378151,0.29932,0.066667,0.055556
3137,0.490494,0.362702,0.592453,0.507246,0.302977,0.271637,0.01626,0.015625
3138,0.450237,0.382812,0.58642,0.564544,0.339578,0.35047,0.027682,0.033557
3139,0.670651,0.758436,0.74846,0.765101,0.568293,0.654494,0.073529,0.076923
3140,0.611111,0.758709,0.736553,0.776119,0.550366,0.620556,0.063291,0.047619
3141,0.601562,0.666971,0.653846,0.710306,0.522097,0.555462,0.078947,0.064516
3142,0.629371,0.656566,0.588869,0.746939,0.426945,0.463722,0.08547,0.039216
3143,0.88023,0.821192,0.758454,0.88685,0.811003,0.736808,0.856338,0.808917
3144,0.788599,0.794836,0.678201,0.869266,0.757789,0.688372,0.81749,0.786408
3145,0.765182,0.763304,0.622309,0.782946,0.703991,0.644995,0.765766,0.630952
3146,0.687179,0.725,0.544402,0.726027,0.651551,0.502326,0.908537,0.865385
3147,0.865089,0.790257,0.77455,0.843058,0.803426,0.768519,0.56213,0.517442
3148,0.887189,0.861298,0.800231,0.856661,0.832258,0.784676,0.762332,0.697872
3149,0.887466,0.847538,0.762538,0.931373,0.79587,0.755891,0.560976,0.549488
3150,0.898338,0.845367,0.850543,0.913043,0.812092,0.807064,0.738041,0.683544
3151,0.874237,0.850649,0.820189,0.87033,0.838346,0.785047,0.54,0.464286
3152,0.856613,0.855062,0.818085,0.885906,0.826616,0.772237,0.565371,0.503268
3153,0.875,0.841791,0.824919,0.856481,0.821767,0.768698,0.55914,0.548611
3154,0.767123,0.717791,0.630233,0.775934,0.60644,0.457757,0.660256,0.547368
3155,0.778462,0.741351,0.678445,0.786885,0.650667,0.48,0.741071,0.746269
3156,0.758065,0.72449,0.625,0.7,0.68,0.472222,0.820513,0.933333
3157,0.893333,0.927027,0.89011,0.857143,0.830189,0.939394,0.972477,0.851064
3158,0.964824,0.967816,0.943396,0.97,0.915663,0.917526,0.953125,0.945455
3159,0.953728,0.955263,0.944915,0.959184,0.947712,0.933993,0.974359,0.934579
3160,0.955556,0.922286,0.937956,0.960526,0.940887,0.892031,0.953488,0.965217
3161,0.835694,0.81231,0.745575,0.827273,0.78481,0.780637,0.93787,0.945455
3162,0.76884,0.759705,0.706877,0.746429,0.728465,0.722533,0.891709,0.902821
3163,0.762195,0.760234,0.589844,0.787879,0.675294,0.584416,0.848958,0.86747
3164,0.814685,0.754045,0.594017,0.798851,0.717949,0.641975,0.833333,0.883117
3165,0.776423,0.777336,0.668367,0.791667,0.673152,0.625,0.836735,0.866667
3166,0.679012,0.713415,0.575472,0.791667,0.582677,0.417219,0.733333,0.75
3167,0.729508,0.730994,0.641711,0.807407,0.543131,0.50165,0.78481,0.82
3168,0.86039,0.855009,0.830795,0.847507,0.813127,0.709565,0.937037,0.959459
3169,0.846561,0.880038,0.851429,0.861842,0.837553,0.73913,0.937238,0.925373
3170,0.897527,0.867857,0.827004,0.80226,0.770548,0.8157,0.867769,0.876923
3171,0.901408,0.944751,0.8,0.90625,1,0.842105,0.981818,0.962963
3172,0.93787,0.88752,0.88491,0.918826,0.855216,0.861138,0.958743,0.973214
3173,0.713223,0.710598,0.615318,0.692982,0.637375,0.633537,0.837259,0.817352
3174,0.771107,0.737925,0.574468,0.760417,0.59,0.462825,0.857143,0.947368
3175,0.715026,0.716714,0.769912,0.677083,0.795122,0.757895,0.882353,0.896552
3176,0.897727,0.865306,0.907801,0.843284,0.916462,0.796562,0.923077,0.875
3177,0.616041,0.616803,0.6469,0.619377,0.656009,0.651914,0.850299,0.903226
3178,0.667571,0.617814,0.766607,0.690104,0.683706,0.68954,0.935345,0.893443
3179,0.491184,0.46194,0.61022,0.488839,0.545153,0.588011,0.834532,0.767296
3180,0.484268,0.478884,0.414973,0.417073,0.476398,0.529446,0.721393,0.752066
3181,0.533557,0.454206,0.422872,0.417614,0.468126,0.497627,0.901316,0.883721
3182,0.477169,0.474471,0.404124,0.410646,0.388982,0.438719,0.872549,0.803279
3183,0.485795,0.467164,0.356201,0.417431,0.389908,0.422932,0.833333,0.860465
3184,0.5125,0.453271,0.425926,0.533333,0.323529,0.34375,0.961538,1
3185,0.487179,0.444444,0.37037,0.508475,0.272727,0.370968,0.961538,0.888889
3186,0.459459,0.438776,0.283019,0.5,0.258065,0.403509,0.84,0.75
3187,0.410959,0.429319,0.372549,0.584906,0.258065,0.392857,0.956522,1
3188,0.752101,0.895807,0.85138,0.895522,0.746403,0.916811,0.658915,0.623656
3189,0.912424,0.946979,0.892057,0.929889,0.875,0.947899,0.849624,0.854167
3190,0.778947,0.828976,0.8,0.845161,0.748212,0.77915,0.63871,0.66087
3191,0.843373,0.891674,0.412043,0.9,0.84565,0.840247,0.573529,0.589928
3192,0.774406,0.837862,0.733026,0.877984,0.782098,0.812081,0.502392,0.475862
3193,0.713987,0.765415,0.717773,0.722944,0.659076,0.682338,0.460481,0.494845
3194,0.714786,0.697445,0.635484,0.700717,0.615291,0.635349,0.454023,0.540856
3195,0.780513,0.807898,0.798765,0.868852,0.716518,0.704953,0.831615,0.876106
3196,0.744681,0.75,0.702087,0.860335,0.639222,0.558667,0.885057,0.868852
3197,0.827869,0.844106,0.738776,0.875817,0.797909,0.742049,0.841463,0.909091
3198,0.86191,0.796038,0.716556,0.802691,0.749787,0.6992,0.893372,0.876068
3199,0.734308,0.681543,0.647936,0.732743,0.741431,0.67657,0.893671,0.850365
3200,0.794167,0.771586,0.683374,0.856899,0.756915,0.677177,0.840708,0.884462
3201,0.855313,0.805717,0.743982,0.830216,0.764925,0.706631,0.903846,0.912548
3202,0.902788,0.870763,0.833165,0.890859,0.85022,0.801208,0.932136,0.895765
3203,0.808032,0.792666,0.784166,0.852647,0.733524,0.635465,0.915114,0.923077
3204,0.69898,0.637391,0.549683,0.679452,0.435726,0.387097,0.841629,0.846154
3205,0.697885,0.673669,0.497992,0.718447,0.485507,0.39916,0.835821,0.819444
3206,0.647482,0.649315,0.577586,0.635593,0.457627,0.353846,0.839506,0.818182
3207,0.718182,0.750842,0.564706,0.730337,0.384615,0.391304,0.803279,0.870968
3208,0.925,0.935484,0.923077,0.942308,1,0.888889,0.853659,0.8125
3209,0.876712,0.888179,0.88172,0.8875,0.835821,0.865385,0.62069,0.707317
3210,0.907216,0.94695,0.929134,0.95,0.888,0.941176,0.625,0.661538
3211,0.832536,0.873134,0.847328,0.891473,0.789474,0.85567,0.296703,0.333333
3212,0.921348,0.925926,0.898204,0.940828,0.919149,0.858896,0.686957,0.670886
3213,0.880992,0.821848,0.770661,0.864865,0.806117,0.750149,0.787879,0.826797
3214,0.722034,0.616415,0.26943,0.701299,0.586319,0.385135,0.444444,0.430556
3215,0.759124,0.652038,0.641975,0.784091,0.614458,0.347826,0.442308,0.368421
3216,0.755501,0.761299,0.685547,0.75,0.685751,0.695028,0.8125,0.933333
3217,0.761021,0.759511,0.683019,0.771574,0.709046,0.659958,0.87037,0.913043
3218,0.559194,0.566917,0.480167,0.568182,0.505095,0.570037,0.75,0.772727
3219,0.653846,0.670229,0.519068,0.66474,0.562408,0.517199,0.792453,0.844444
3220,0.721649,0.692308,0.65,0.833333,0.554217,0.473118,0.666667,0.666667
3221,0.649886,0.667104,0.473282,0.574219,0.529412,0.620053,0.944099,0.916667
3222,0.726547,0.772254,0.630058,0.765886,0.679417,0.636364,0.955,0.896
3223,0.75939,0.792297,0.659151,0.762749,0.64721,0.677281,0.92381,0.905759
3224,0.825815,0.832366,0.699115,0.871359,0.745587,0.628688,0.882075,0.910569
3225,0.83378,0.834233,0.718608,0.886598,0.778539,0.668934,0.943005,0.880734
3226,0.984615,0.980263,0.959184,0.978723,1,0.961538,0.98,1
3227,0.964286,0.94709,0.972973,0.929825,0.978723,0.95122,0.967213,0.956522
3228,0.961538,0.973783,0.964602,0.952381,0.95122,0.978723,0.948454,0.974359
3229,0.965753,0.987013,0.992188,0.968421,0.954545,0.975,0.982609,1
3230,0.870796,0.904954,0.820926,0.932384,0.897934,0.869288,0.983444,0.971223
3231,0.92261,0.922113,0.844133,0.946541,0.910367,0.847286,0.974432,0.982143
3232,0.80033,0.760563,0.68866,0.8625,0.681544,0.608222,0.927318,0.944444
3233,0.761468,0.713555,0.5,0.448276,0.382883,0.39645,0.857143,0.942029
3234,0.007692,0,0,0,0,0,0,0
3235,0.007463,0.003195,0.006944,0,0,0,0,0
3236,0,0.002915,0.012987,0,0,0.008658,0,0
3237,0,0,0,0,0,0,0,0
3238,0.003086,0.001653,0,0,0.010736,0.001862,0,0
3239,0.002681,0.001486,0,0.006061,0.01061,0.00319,0.010309,0
3240,0.005115,0.001447,0.002294,0,0.01423,0.001543,0,0
3241,0,0.003659,0,0.004762,0.00111,0.004932,0.008333,0
3242,0,0.003525,0,0,0.00432,0.003555,0.007874,0
3243,0.001887,0.001116,0.005367,0,0.003112,0.006726,0,0
3244,0.005642,0.003231,0.005995,0,0.005654,0.003008,0.01005,0
3245,0.004825,0.002774,0.001002,0,0.002361,0.001318,0,0
3246,0.001144,0.00456,0.001847,0.002584,0.003876,0.004279,0,0
3247,0.004376,0.001865,0.005063,0.002469,0.007209,0.003432,0.007519,0
3248,0,0.00183,0.004874,0.002433,0.002534,0.000557,0,0
3249,0.00211,0.003542,0.001589,0,0.004004,0.007646,0,0
3250,0.002092,0.002948,0.002326,0,0.003519,0.008552,0,0
3251,0.001038,0.006418,0.009195,0,0.006481,0.012665,0.011194,0
3252,0.002055,0.002332,0.00307,0.004587,0.002033,0.004274,0,0
3253,0.001025,0.004089,0.001519,0.002304,0.004038,0.004253,0,0.016949
3254,0.004215,0.004279,0.003241,0.004662,0.004115,0.005767,0.016,0.009346
3255,0.003405,0.002582,0.001721,0,0.003289,0.002525,0.004255,0
3256,0,0.002654,0,0,0.002016,0.001982,0,0
3257,0.004773,0.004043,0,0.002545,0.000692,0.002712,0,0.021053
3258,0.004464,0.009197,0.005102,0.003003,0.004608,0.002783,0,0
3259,0.010917,0.002833,0,0,0.002618,0.007143,0.008929,0
3260,0.002304,0,0,0.012931,0.002793,0,0,0
3261,0.02069,0.004329,0,0,0,0.01,0,0
3262,0,0.013761,0.009346,0,0.014493,0.025316,0,0.125
3263,0,0,0.006579,0,0,0.004444,0,0
3264,0.004348,0.005935,0,0,0.008734,0.003717,0,0
3265,0.007042,0.009479,0.004762,0,0.013699,0.014706,0.016393,0
3266,0.016471,0.020134,0.010309,0.004484,0.015686,0.01034,0.022222,0.068182
3267,0.013274,0.023474,0.02148,0.017021,0.027915,0.031646,0.010101,0.035714
3268,0.004141,0.007386,0.006356,0.008197,0.020896,0.013953,0,0
3269,0.007533,0.013643,0.005682,0.003953,0.014218,0.017258,0,0.029851
3270,0.003697,0.024194,0.009158,0,0.010526,0.018993,0,0.014286
3271,0.016949,0.014833,0.008251,0.028674,0.003009,0.009151,0.015504,0
3272,0.009724,0.022432,0.019316,0.010169,0.010949,0.018279,0,0.012821
3273,0.008547,0.008147,0.002275,0.002994,0.00733,0.006515,0.005882,0.01
3274,0.002762,0.010163,0.009112,0.003086,0.002973,0.005348,0,0.010101
3275,0.007062,0.00611,0.004561,0,0.001799,0.00533,0,0
3276,0.001462,0.004188,0,0,0.007975,0.003247,0.012121,0
3277,0.014337,0.015487,0.003257,0.014493,0.011164,0.00289,0,0.026316
3278,0.020576,0.012438,0.007547,0.008264,0.005725,0.003604,0.018868,0
3279,0.012552,0.007712,0.004065,0,0.004008,0.005859,0.019231,0
3280,0.004386,0.02122,0.008333,0,0.002079,0.010142,0,0
3281,0.00905,0.035422,0,0.018182,0.002165,0.006263,0,0
3282,0,0.025714,0.004405,0.010204,0.009524,0.006757,0,0
3283,0.013889,0.018939,0,0.013889,0.009434,0.004082,0,0.071429
3284,0.014085,0.019608,0,0,0,0.012448,0,0
3285,0.030612,0.005263,0.010101,0,0,0.006711,0,0
3286,0.592258,0.634211,0.654701,0.665761,0.532855,0.584318,0.741071,0.720339
3287,0.693421,0.761864,0.747711,0.763593,0.719706,0.65021,0.698718,0.695652
3288,0.675237,0.745629,0.718266,0.74092,0.694396,0.642202,0.802721,0.747573
3289,0.723077,0.797824,0.769068,0.796482,0.783413,0.733558,0.766423,0.788889
3290,0.688596,0.750933,0.746417,0.784416,0.733004,0.674664,0.76,0.753086
3291,0.73221,0.785635,0.722607,0.820513,0.746536,0.648031,0.836957,0.87931
3292,0.672872,0.754747,0.703499,0.815451,0.707224,0.548837,0.854545,0.777778
3293,0.667582,0.738562,0.681298,0.780172,0.663588,0.553885,0.759259,0.828571
3294,0.652632,0.703557,0.648193,0.73057,0.602131,0.544538,0.844444,0.896552
3295,0.689796,0.768675,0.676157,0.754386,0.679558,0.546632,0.852941,0.884615
3296,0.76087,0.772727,0.709924,0.810458,0.721739,0.511936,0.848485,0.88
3297,0.723982,0.759067,0.730159,0.80137,0.704478,0.48468,0.896552,0.869565
3298,0.568627,0.612403,0.571429,0.565217,0.516129,0.377778,0.857143,0.769231
3299,0.90824,0.900546,0.88,0.899351,0.849132,0.812942,0.969512,0.944954
3300,0.932231,0.90404,0.907721,0.943787,0.89581,0.857143,0.988636,0.967213
3301,0.944046,0.923982,0.897181,0.933687,0.905696,0.851163,0.974874,0.970588
3302,0.910857,0.870849,0.753213,0.934211,0.839514,0.737033,0.966184,0.966443
3303,0.865585,0.797459,0.739075,0.904762,0.791811,0.680958,0.95122,0.945205
3304,0.835862,0.744898,0.697232,0.838875,0.641987,0.60101,0.892655,0.887097
3305,0.774684,0.774295,0.693811,0.811927,0.662083,0.588652,0.849462,0.861538
3306,0.831288,0.796964,0.720165,0.866242,0.690998,0.635294,0.84058,0.913043
3307,0.830721,0.810277,0.729958,0.879195,0.678133,0.622549,0.857143,0.822222
3308,0.59633,0.62931,0.597701,0.619048,0.52381,0.44,0.846154,0.933333
3309,0.694118,0.705882,0.652778,0.782609,0.698113,0.423077,0.848485,0.636364
3310,0.446154,0.550369,0.511628,0.471698,0.458918,0.645533,0.787234,0.857143
3311,0.349442,0.443678,0.283262,0.298137,0.421053,0.609043,0.625,0.716981
3312,0.364985,0.49353,0.342373,0.425743,0.419973,0.664207,0.76,0.7125
3313,0.601336,0.652616,0.625935,0.572414,0.501611,0.662228,0.8,0.758333
3314,0.512012,0.547643,0.492308,0.435443,0.496136,0.63796,0.820388,0.797297
3315,0.405844,0.425946,0.327769,0.346734,0.443532,0.512871,0.659574,0.586466
3316,0.930769,0.918605,0.924051,0.911392,0.904762,0.886364,0.833333,0.666667
3317,0.811728,0.760345,0.733945,0.809249,0.708075,0.740991,0.7,0.5625
3318,0.799127,0.75406,0.702602,0.8,0.705036,0.572271,0.333333,0.583333
3319,0.314583,0.365854,0.239437,0.291815,0.284274,0.389452,0.84252,0.839506
3320,0.426156,0.345543,0.205345,0.329918,0.366965,0.35634,0.84104,0.780749
3321,0.820707,0.778484,0.824795,0.81803,0.798791,0.704997,0.895299,0.95082
3322,0.583911,0.641215,0.630648,0.614555,0.724691,0.746165,0.935018,0.942029
3323,0.79929,0.832988,0.871465,0.854237,0.831261,0.801782,0.918269,0.896552
3324,0.952663,0.955446,0.93985,0.932836,0.91358,0.964602,0.512195,0.45098
3325,0.629132,0.686844,0.642241,0.641166,0.567017,0.617506,0.073563,0.11215
3326,0.635152,0.663209,0.640577,0.657084,0.561164,0.632406,0.05178,0.155844
3327,0.661017,0.677558,0.611111,0.726804,0.565116,0.573273,0.079439,0.147368
3328,0.803618,0.758419,0.649667,0.867521,0.678182,0.570968,0.12987,0.205128
3329,0.744604,0.74761,0.630986,0.843575,0.640751,0.497462,0.144928,0.259259
3330,0.701299,0.620915,0.519481,0.741935,0.511111,0.378378,0.166667,0.227273
3331,0.909091,0.944742,0.958188,0.958042,0.941176,0.903614,0.142857,0.156863
3332,0.871186,0.939542,0.941748,0.941935,0.921147,0.908772,0.122137,0.172414
3333,0.892183,0.902145,0.867925,0.882653,0.919799,0.861905,0.107383,0.157895
3334,0.879121,0.919697,0.878628,0.923469,0.897521,0.864093,0.171103,0.17037
3335,0.818543,0.890855,0.847607,0.870416,0.877095,0.837716,0.178571,0.157534
3336,0.767507,0.809809,0.792581,0.824532,0.75,0.726827,0.15443,0.148649
3337,0.7944,0.823559,0.785397,0.866366,0.731903,0.690951,0.119241,0.122363
3338,0.636735,0.715173,0.661924,0.690096,0.599506,0.653535,0.121387,0.12844
3339,0.667782,0.790673,0.742994,0.794118,0.662342,0.690842,0.130699,0.140097
3340,0.59767,0.689714,0.538946,0.641476,0.537225,0.50861,0.119691,0.126582
3341,0.708494,0.772196,0.656364,0.764706,0.680108,0.545098,0.115385,0.101449
3342,0.66087,0.731079,0.628743,0.713514,0.637188,0.475,0.1,0.057692
3343,0.730337,0.728205,0.634615,0.690909,0.648649,0.352941,0.12,0.125
3344,0.695122,0.701149,0.565217,0.702128,0.592593,0.414634,0.173913,0.166667
3345,0.804781,0.923603,0.909385,0.946309,0.899582,0.898585,0.518293,0.380952
3346,0.610738,0.806202,0.662088,0.738506,0.710356,0.756098,0.2,0.151786
3347,0.857835,0.885666,0.852632,0.899749,0.79682,0.824532,0.128571,0.18797
3348,0.89879,0.924,0.926182,0.953757,0.888229,0.842058,0.16338,0.162011
3349,0.904714,0.920097,0.891919,0.935201,0.882532,0.843511,0.15641,0.15942
3350,0.789798,0.84456,0.820786,0.866667,0.778502,0.766068,0.150776,0.128631
3351,0.840525,0.815026,0.761386,0.898164,0.7852,0.786813,0.184343,0.172589
3352,0.246269,0.446429,0.198113,0.247525,0.238095,0.317647,0.113208,0.071429
3353,0.793478,0.775424,0.893333,0.868132,0.807692,0.871795,0.980392,0.958333
3354,0.835443,0.744681,0.843284,0.804688,0.828283,0.791667,0.951613,0.6
3355,0.834764,0.800771,0.739583,0.819188,0.773469,0.748908,0.920863,0.946667
3356,0.884615,0.84873,0.864286,0.879195,0.861204,0.862745,0.933775,0.955556
3357,0.831522,0.748963,0.815678,0.840625,0.758226,0.766117,0.920213,0.936937
3358,0.809469,0.768737,0.766467,0.734568,0.783133,0.754035,0.930328,0.907143
3359,0.798408,0.803398,0.775978,0.840095,0.76087,0.7,0.936709,0.933824
3360,0.681159,0.703744,0.606557,0.679487,0.591864,0.615282,0.847059,0.82243
3361,0.722513,0.68299,0.563981,0.804688,0.570213,0.531008,0.871429,0.866667
3362,0.845238,0.733333,0.61039,0.857143,0.555556,0.395833,0.918919,0.857143
3363,0.848485,0.689441,0.603448,0.826087,0.727273,0.5,0.9,0.894737
3364,0.967836,0.965232,0.9683,0.970443,0.960094,0.977324,0.992647,0.936508
3365,0.969388,0.95858,0.972292,0.969298,0.953271,0.952555,0.966102,0.961039
3366,0.90678,0.859316,0.760563,0.90625,0.729412,0.647887,0.84375,0.8
3367,0.626344,0.781291,0.756637,0.759615,0.675615,0.695793,0.907317,0.941176
3368,0.879958,0.85034,0.75814,0.899177,0.776748,0.719282,0.94802,0.947619
3369,0.418699,0.451172,0.321839,0.37594,0.294872,0.450704,0.784173,0.651515
3370,0.819048,0.805705,0.752756,0.844398,0.739683,0.712059,0.89916,0.893258
3371,0.663683,0.687023,0.638171,0.726027,0.59667,0.595392,0.840979,0.88535
3372,0.782748,0.762357,0.732143,0.794258,0.711712,0.562334,0.860465,0.902778
3373,0.780142,0.794549,0.736641,0.852459,0.75,0.531915,0.844828,0.940299
3374,0.808943,0.755656,0.616327,0.80814,0.670455,0.494624,0.873786,0.887097
3375,0.719745,0.697068,0.604027,0.72807,0.666667,0.460123,0.84058,0.883721
3376,0.911628,0.866242,0.909091,0.937984,0.905797,0.89441,0.567901,0.510638
3377,0.437333,0.162703,0.442786,0.445498,0.443694,0.704415,0.398305,0.459459
3378,0.875186,0.85977,0.851544,0.864706,0.821881,0.764574,0.645631,0.695312
3379,0.880985,0.857951,0.851852,0.893899,0.834267,0.749517,0.668142,0.678322
3380,0.784238,0.756884,0.753299,0.789082,0.774596,0.724221,0.532258,0.573171
3381,0.673098,0.627521,0.625825,0.618736,0.614622,0.581032,0.542208,0.562814
3382,0.833026,0.794709,0.735264,0.856354,0.757835,0.656566,0.561321,0.584229
3383,0.737794,0.728928,0.635802,0.735507,0.648045,0.614464,0.559551,0.591973
3384,0.879496,0.872911,0.815789,0.89404,0.832322,0.81075,0.894737,0.903571
3385,0.921461,0.911616,0.869101,0.939044,0.865833,0.836395,0.92402,0.909091
3386,0.921369,0.912405,0.863879,0.94,0.875858,0.842197,0.949749,0.927481
3387,0.926512,0.915945,0.869955,0.943144,0.870819,0.836937,0.937984,0.920455
3388,0.930123,0.900256,0.871171,0.923333,0.862595,0.820265,0.860963,0.819923
3389,0.911932,0.908904,0.852995,0.932432,0.858921,0.809231,0.850543,0.857708
3390,0.875895,0.847637,0.71147,0.906926,0.809361,0.649871,0.858736,0.844444
3391,0.87886,0.864798,0.720074,0.88412,0.827586,0.701228,0.887681,0.828402
3392,0.858639,0.843607,0.70073,0.878453,0.848384,0.807492,0.902141,0.897959
3393,0.900205,0.8665,0.857036,0.885117,0.841235,0.823479,0.957576,0.943894
3394,0.88941,0.848347,0.843542,0.89392,0.839771,0.796731,0.934524,0.925926
3395,0.880905,0.836312,0.821168,0.883268,0.811984,0.779026,0.950213,0.967456
3396,0.876881,0.863265,0.809077,0.888102,0.775597,0.740154,0.925329,0.944444
3397,0.848872,0.853594,0.813247,0.863142,0.758477,0.679089,0.893142,0.911681
3398,0.77842,0.792812,0.706485,0.861017,0.705195,0.571272,0.806818,0.752688
3399,0.770619,0.804408,0.733333,0.81068,0.676357,0.594178,0.910569,0.918033
3400,0.691176,0.724771,0.5,0.692308,0.579832,0.522124,0.888889,0.967742
3401,0.802817,0.803828,0.655172,0.915493,0.647059,0.591837,0.956522,0.95
3402,0.761905,0.838889,0.607143,0.857143,0.595238,0.545455,0.902439,0.947368
3403,0.875,0.823129,0.695652,0.843137,0.52381,0.514286,0.941176,0.9375
3404,0.680851,0.833333,0.725,0.780488,0.5,0.428571,0.882353,0.714286
3405,0.780488,0.867769,0.657895,0.72973,0.727273,0.608696,0.807692,0.9
3406,0.230769,0.624535,0.733871,0.686869,0.036585,0.673913,0.083333,0
3407,0.843284,0.86255,0.901186,0.936047,0.835088,0.855978,0.255814,0.342857
3408,0.827586,0.879102,0.894737,0.925743,0.827397,0.874468,0.236364,0.236842
3409,0.860526,0.85,0.883721,0.901709,0.765199,0.868421,0.205479,0.217391
3410,0.78626,0.856157,0.868132,0.938356,0.772981,0.831088,0.215385,0.232877
3411,0.934256,0.897655,0.911817,0.970968,0.890137,0.87384,0.239726,0.24359
3412,0.873711,0.873449,0.831447,0.941476,0.846915,0.787416,0.2287,0.239316
3413,0.857778,0.863112,0.835202,0.905128,0.834591,0.759611,0.144487,0.183673
3414,0.84289,0.86686,0.801317,0.916883,0.836478,0.783876,0.162455,0.164474
3415,0.815193,0.839711,0.745911,0.883721,0.800337,0.742898,0.170819,0.163399
3416,0.879331,0.856255,0.80778,0.909314,0.824862,0.757433,0.184397,0.176471
3417,0.875321,0.819967,0.782723,0.89433,0.812838,0.721937,0.235537,0.177419
3418,0.655391,0.646232,0.736961,0.728938,0.572343,0.589377,0.156716,0.046875
3419,0.720698,0.652111,0.791667,0.811715,0.616352,0.655,0.165217,0.020833
3420,0.5919,0.598527,0.702532,0.688995,0.532922,0.525876,0.208791,0.090909
3421,0.436508,0.465394,0.628692,0.550296,0.424138,0.518325,0.228571,0.16
3422,0.813953,0.836806,0.869048,0.808989,0.807692,0.78125,0.97561,0.939394
3423,0.956679,0.966667,0.954733,0.971751,0.961905,0.915385,0.964912,0.956522
3424,0.967341,0.944251,0.920304,0.935976,0.960309,0.920455,0.962264,0.992754
3425,0.848168,0.846847,0.794643,0.876812,0.875,0.867188,0.968504,0.966102
3426,0.928082,0.930192,0.890173,0.902564,0.924883,0.916335,0.945122,0.9625
3427,0.825902,0.869034,0.821637,0.860806,0.839416,0.847896,0.850877,0.813725
3428,0.924377,0.907567,0.851921,0.909556,0.881485,0.872386,0.962521,0.948339
3429,0.850242,0.84368,0.805858,0.87931,0.821313,0.793712,0.954058,0.947195
3430,0.863749,0.843846,0.818469,0.893683,0.778407,0.781311,0.922237,0.932749
3431,0.841756,0.822545,0.831373,0.843318,0.76714,0.76935,0.910591,0.926901
3432,0.143617,0.096059,0.135135,0.159664,0.149068,0.045802,0.762376,0.704545
3433,0.546235,0.568224,0.702347,0.620939,0.52994,0.471585,0.859031,0.868421
3434,0.562943,0.516667,0.700692,0.618487,0.512547,0.435821,0.841176,0.879668
3435,0.521497,0.467492,0.709208,0.551724,0.450185,0.42382,0.882051,0.88
3436,0.601724,0.494618,0.676874,0.639024,0.501527,0.46114,0.808279,0.785088
3437,0.023622,0.238636,0,0.282051,0.329949,0.007143,0.426357,0.471698
3438,0.805128,0.628647,0.771739,0.76699,0.878049,0.75641,0.941176,0.930233
3439,0.790123,0.883249,0.928571,0.949153,0.833333,0.913043,0.979592,0.952381
3440,0.928962,0.923483,0.948187,0.921739,0.941176,0.95098,0.959596,0.969697
3441,0.918067,0.922424,0.88117,0.923875,0.92557,0.877712,0.981221,0.957895
3442,0.939929,0.93659,0.897181,0.957055,0.937736,0.8784,0.968379,0.965517
3443,0.889269,0.866078,0.872007,0.914894,0.84017,0.745204,0.932515,0.900709
3444,0.87886,0.864656,0.845124,0.912955,0.826749,0.720611,0.916667,0.95
3445,0.882199,0.862828,0.823289,0.911308,0.817786,0.700117,0.919231,0.880734
3446,0.888131,0.857899,0.874605,0.908884,0.821873,0.738168,0.933333,0.882979
3447,0.859175,0.844216,0.831878,0.89372,0.813712,0.708605,0.879227,0.831325
3448,0.83038,0.846922,0.762208,0.833333,0.748784,0.646875,0.96,0.833333
3449,0.812689,0.820158,0.701754,0.77027,0.715726,0.639839,0.929825,0.965517
3450,0.833948,0.734694,0.679612,0.790698,0.666667,0.558974,0.884615,0.916667
3451,0.790087,0.785414,0.731481,0.868932,0.614525,0.488491,0.846715,0.87013
3452,0.752841,0.774629,0.740299,0.861111,0.573232,0.508314,0.866197,0.82716
3453,0.775401,0.755784,0.708092,0.827586,0.544662,0.469008,0.87013,0.811111
3454,0.776147,0.785371,0.748393,0.810767,0.72,0.707859,0.770925,0.797619
3455,0.769863,0.764768,0.799815,0.814696,0.655873,0.705173,0.783439,0.802281
3456,0.574257,0.735354,0.751187,0.803125,0.577227,0.668797,0.733333,0.770909
3457,0.84885,0.912198,0.888626,0.922297,0.837079,0.843109,0.742297,0.801843
3458,0.739316,0.759494,0.666667,0.830986,0.59375,0.587859,0.787879,0.967742
3459,0.696697,0.783871,0.745399,0.846154,0.650485,0.542593,0.913978,0.805556
3460,0.665714,0.748056,0.737143,0.860825,0.597753,0.517647,0.917526,0.833333
3461,0.669468,0.766369,0.726343,0.827586,0.625259,0.510324,0.814815,0.916667
3462,0.775157,0.811676,0.745656,0.789474,0.715543,0.642693,0.86758,0.821429
3463,0.799058,0.876382,0.828927,0.899023,0.833004,0.763636,0.92278,0.905797
3464,0.824793,0.891282,0.841853,0.89769,0.825,0.800169,0.945148,0.92126
3465,0.748264,0.898734,0.875828,0.877622,0.798067,0.80158,0.969432,0.913793
3466,0.79596,0.915294,0.878229,0.936759,0.874842,0.82563,0.917526,0.865979
3467,0.424603,0.665953,0.701613,0.711111,0.573477,0.690554,0.833333,0.775
3468,0.823529,0.536388,0.932584,0.619048,0.89,0.904762,0.333333,0.769231
3469,0.88,0.862222,0.848101,0.876923,0.806818,0.84058,0.956522,0.866667
3470,0.735465,0.714286,0.569507,0.881773,0.641337,0.490964,0.813725,0.793103
3471,0.798061,0.743945,0.611765,0.854545,0.732194,0.604782,0.879195,0.818182
3472,0.70431,0.70688,0.625604,0.747508,0.654584,0.606329,0.891437,0.885542
3473,0.638376,0.722404,0.676292,0.675214,0.626692,0.643295,0.911765,0.881279
3474,0.7,0.713369,0.67867,0.618519,0.619601,0.692913,0.911628,0.881188
3475,0.872549,0.835526,0.833333,0.854545,0.852941,0.777778,0.95082,0.952381
3476,0.903614,0.906015,0.916667,0.934783,0.954545,0.764706,0.980769,1
3477,0.938596,0.488746,0.935065,0.970149,0.910714,0.85,0.901408,0.515152
3478,0.941176,0.923478,0.96861,0.858156,0.897436,0.872807,0.972727,0.926471
3479,0.964539,0.935691,0.964912,0.912162,0.961415,0.925094,0.956522,0.931507
3480,0.646667,0.661121,0.612975,0.594595,0.628571,0.623397,0.768473,0.836478
3481,0.741408,0.710619,0.626374,0.743363,0.647222,0.578333,0.726829,0.711111
3482,0.163265,0.181467,0.14,0.134146,0.152174,0.189189,0.681818,0.916667
3483,0.870968,0.910204,0.829545,0.954545,0.878788,0.829268,0.672414,0.846154
3484,0.867435,0.910995,0.875796,0.88601,0.826972,0.893082,0.220339,0.24
3485,0.906077,0.914676,0.882716,0.975962,0.838554,0.867692,0.292683,0.283951
3486,0.685022,0.745997,0.626437,0.628205,0.599711,0.562855,0.123684,0.185654
3487,0.666667,0.699413,0.695833,0.707547,0.621212,0.604752,0.355,0.278195
3488,0.688525,0.727575,0.69869,0.763441,0.658199,0.608173,0.4,0.453782
3489,0.693642,0.717466,0.683258,0.702247,0.638095,0.589286,0.474286,0.421053
3490,0.685921,0.768916,0.712264,0.775,0.678063,0.567657,0.55414,0.619565
3491,0.522727,0.558887,0.492611,0.458904,0.420118,0.427562,0.386667,0.373626
3492,0.622093,0.664723,0.531915,0.767241,0.558685,0.443709,0.490196,0.639344
3493,0.164948,0.108491,0.079365,0.1,0,0.043478,0.047619,0
3494,0.211009,0.133621,0.113924,0.145161,0.025641,0.058824,0.022222,0
3495,0.342105,0.236364,0.1875,0.245098,0.210526,0.188119,0.026667,0.030303
3496,0.206439,0.104287,0.08587,0.185792,0.150507,0.080645,0.006726,0.011494
3497,0.172168,0.076087,0.066598,0.153184,0.122876,0.048525,0.008299,0.010753
3498,0.160653,0.066807,0.066869,0.101667,0.127331,0.051232,0.003914,0
3499,0.131045,0.044173,0.049383,0.095808,0.118138,0.054276,0.009132,0
3500,0.262735,0.210904,0.131004,0.228856,0.270023,0.071651,0,0.012658
3501,0.197101,0.116208,0.103139,0.102151,0.151741,0.050336,0.016807,0
3502,0.155556,0.103226,0.138889,0.129771,0.134503,0.147887,0.011628,0.020408
3503,0.204918,0.144444,0.086957,0.235294,0.102041,0.095238,0,0
3504,0.347107,0.300752,0.217391,0.393939,0.25,0.195122,0.02381,0
3505,0,0.063492,0.619048,0.552632,0.027027,0.073171,0.032258,0
3506,0.027778,0.064286,0.697674,0.613636,0.051282,0.04,0.055556,0
3507,0.034483,0.068571,0.641509,0.714286,0.022222,0.112903,0.026316,0
3508,0.036232,0.07393,0.638554,0.638889,0.009709,0.103774,0,0
3509,0.016129,0.093583,0.544776,0.626374,0.045113,0.110553,0.016393,0
3510,0.020513,0.083123,0.503497,0.581633,0.062092,0.071429,0.015152,0
3511,0.046595,0.09596,0.613636,0.664234,0.086142,0.157025,0,0
3512,0.060317,0.106796,0.687732,0.698225,0.10104,0.194726,0,0.014286
3513,0.061947,0.107417,0.645833,0.715847,0.086207,0.1875,0,0
3514,0.057395,0.103896,0.690544,0.71875,0.088521,0.2125,0.007576,0
3515,0.078652,0.127273,0.683495,0.678457,0.108365,0.234317,0.011111,0.013514
3516,0.043702,0.097701,0.622875,0.63038,0.091041,0.194933,0.038136,0.025773
3517,0.059333,0.108899,0.678679,0.599526,0.108577,0.179435,0.008163,0.019324
3518,0.040698,0.0945,0.653941,0.681382,0.09396,0.18409,0.024862,0.045977
3519,0.057864,0.105603,0.565868,0.61086,0.137741,0.185464,0.007974,0.002732
3520,0.051378,0.065051,0.439723,0.523664,0.10585,0.150943,0.006421,0.00831
3521,0.044215,0.05631,0.365877,0.391831,0.081197,0.130593,0.003306,0.005682
3522,0.058981,0.119413,0.699482,0.732984,0.156846,0.232609,0.006329,0.006024
3523,0.068413,0.138988,0.747126,0.738235,0.170152,0.236508,0.014388,0
3524,0.062818,0.121872,0.751101,0.706294,0.160947,0.208211,0.013216,0.017857
3525,0.043478,0.076292,0.476298,0.519856,0.10184,0.157685,0.009479,0
3526,0.084577,0.098532,0.801527,0.723404,0.162602,0.140351,0,0
3527,0.099379,0.107914,0.817308,0.728395,0.191489,0.144928,0,0.023256
3528,0.45122,0.572254,0.382979,0.642857,0.241935,0.229167,0,0
3529,0.423529,0.516484,0.44898,0.702128,0.283582,0.28,0,0
3530,0.278788,0.347458,0.32381,0.459459,0.20524,0.211921,0,0
3531,0.220588,0.251208,0.34188,0.565217,0.12892,0.137056,0.021739,0
3532,0.326034,0.343284,0.34296,0.539216,0.227769,0.242857,0.012121,0.020408
3533,0.289362,0.294713,0.32,0.471366,0.218623,0.222576,0.010582,0
3534,0.189516,0.265284,0.314935,0.508264,0.158031,0.178306,0,0.016529
3535,0.176367,0.202569,0.317221,0.505535,0.155505,0.175,0.008197,0.006757
3536,0.41527,0.373667,0.139122,0.350649,0.317671,0.26119,0.00463,0.01444
3537,0.365922,0.291401,0.182983,0.367347,0.275845,0.236047,0.013986,0.007143
3538,0.531116,0.492034,0.492611,0.638655,0.487624,0.443769,0.017442,0.013043
3539,0.674672,0.703406,0.606965,0.712446,0.690566,0.637042,0.011765,0.013158
3540,0.609234,0.60641,0.425181,0.699552,0.557528,0.573445,0.057751,0.013761
3541,0.501882,0.44775,0.423709,0.579747,0.434382,0.42515,0.003497,0.005236
3542,0.22291,0.213115,0.465517,0.580838,0.265,0.365922,0.008333,0.012658
3543,0.327434,0.335498,0.333333,0.542056,0.365639,0.410405,0,0
3544,0.285024,0.249412,0.234375,0.371134,0.217391,0.217687,0,0
3545,0.615854,0.664756,0.703297,0.8125,0.605263,0.71875,0.016393,0
3546,0.752475,0.875502,0.792453,0.836735,0.790698,0.853659,0.026316,0
3547,0.157895,0.306452,0.079365,0.102041,0.311111,0.114583,0,0
3548,0.62585,0.764706,0.711268,0.822917,0.640884,0.4125,0.058824,0
3549,0.475309,0.698113,0.606667,0.636364,0.617801,0.364662,0.055556,0
3550,0.51626,0.680653,0.565401,0.65493,0.552239,0.35446,0.025641,0
3551,0.342205,0.465753,0.365546,0.395833,0.335092,0.222222,0.043478,0
3552,0.172876,0.391037,0.314685,0.31405,0.39225,0.339646,0.008929,0
3553,0.192112,0.371223,0.286689,0.242991,0.437722,0.339577,0.009009,0.0125
3554,0.451136,0.617276,0.328629,0.375796,0.646773,0.449612,0.00885,0.012987
3555,0.524444,0.720466,0.398734,0.380952,0.753601,0.554521,0.009524,0.028571
3556,0.700837,0.847652,0.437126,0.450172,0.848601,0.682303,0.022472,0.05
3557,0.707143,0.851613,0.40724,0.4375,0.844376,0.667098,0.02439,0.019608
3558,0.640777,0.794906,0.342365,0.40081,0.79046,0.61354,0.02439,0.02
3559,0.208,0.513834,0.277778,0.236559,0.553191,0.385965,0.030303,0.052632
3560,0.290323,0.510638,0.282609,0.255319,0.592593,0.403846,0,0
3561,0.015152,0.023077,0.019231,0.021277,0,0.017241,0,0.058824
3562,0,0.032432,0,0.015152,0.014706,0,0,0
3563,0,0.020833,0,0.028571,0.013889,0,0,0
3564,0.006993,0.008772,0.0125,0,0.011765,0.008403,0,0
3565,0.013136,0.016199,0.018844,0.009934,0.016489,0.016254,0,0
3566,0.015601,0.016598,0.012019,0.009317,0.015357,0.019135,0,0.00813
3567,0.01372,0.023398,0.014118,0.012158,0.020761,0.025763,0.005208,0
3568,0.010448,0.022931,0.012644,0.008746,0.017559,0.014203,0,0.043796
3569,0.022535,0.03235,0.025584,0.013812,0.030928,0.023356,0.004608,0
3570,0.022646,0.042642,0.011572,0.026895,0.018927,0.020243,0.008439,0.006098
3571,0.019002,0.033003,0.03861,0.026895,0.03444,0.025202,0,0.012048
3572,0.004706,0.018212,0.001903,0.00241,0.006219,0.011817,0.004167,0
3573,0.024096,0.04878,0.071839,0.021531,0.044136,0.038133,0.00813,0.017857
3574,0.01487,0.033362,0.052376,0.031941,0.022786,0.022449,0.00813,0
3575,0.009831,0.020657,0.020563,0.008287,0.009673,0.013756,0.008811,0
3576,0.015601,0.032096,0.034826,0.027864,0.016225,0.016866,0,0.006849
3577,0.030303,0.039007,0.021739,0.057692,0.05102,0.030303,0,0
3578,0.025316,0.048689,0.032967,0.068627,0.022989,0.016529,0,0
3579,0.049587,0.088785,0.075,0.072917,0.095238,0.078125,0,0
3580,0.022472,0.069364,0.034483,0.031746,0,0,0,0
3581,0.77261,0.740474,0.679799,0.786555,0.710388,0.622348,0.919643,0.928814
3582,0.761946,0.71518,0.637658,0.709677,0.682459,0.576599,0.927007,0.955882
3583,0.926316,0.889989,0.882143,0.892473,0.884758,0.837563,0.98773,0.959184
3584,0.934343,0.904412,0.89441,0.930328,0.938073,0.901031,0.962687,0.988235
3585,0.804805,0.83427,0.849188,0.830918,0.794643,0.857923,0.922414,0.915493
3586,0.832,0.849206,0.853211,0.871429,0.865672,0.873239,0.847458,0.904762
3587,0.72093,0.759259,0.784722,0.757576,0.773723,0.880282,0.797297,0.90625
3588,0.846774,0.901288,0.865854,0.911111,0.875502,0.896825,0.903226,0.866667
3589,0.90566,0.937374,0.92126,0.97931,0.927536,0.905923,0.969697,0.977273
3590,0.782723,0.839046,0.882834,0.84466,0.806742,0.865191,0.919708,0.95
3591,0.902613,0.916209,0.873874,0.933921,0.847059,0.818662,0.9375,0.871429
3592,0.87526,0.91492,0.88,0.879167,0.846287,0.875946,0.945545,0.963855
3593,0.799622,0.83008,0.83559,0.88417,0.765766,0.801926,0.882353,0.89899
3594,0.74397,0.836712,0.837165,0.868914,0.752924,0.806579,0.919492,0.897196
3595,0.732246,0.7511,0.772321,0.780534,0.668113,0.706029,0.924406,0.935185
3596,0.670374,0.718206,0.726145,0.74498,0.644652,0.642509,0.886621,0.834171
3597,0.786555,0.749462,0.711462,0.791531,0.62425,0.588452,0.864629,0.862385
3598,0.712919,0.735905,0.648438,0.77305,0.540323,0.364341,0.864407,0.897436
3599,0.925581,0.957763,0.946154,0.992063,0.957983,0.957792,0.966981,0.980769
3600,0.976445,0.952233,0.97193,0.97193,0.963942,0.932615,0.962185,0.966102
3601,0.841935,0.815642,0.680556,0.868852,0.625954,0.557377,0.903846,0.944444
3602,0.879245,0.87234,0.755102,0.89697,0.619048,0.583333,0.967532,1
3603,0.81194,0.755961,0.631111,0.857143,0.686567,0.577855,0.899371,0.893333
3604,0.441558,0.45583,0.264151,0.22314,0.43038,0.8,0.977778,0.925926
3605,0.489736,0.459813,0.21164,0.237209,0.485955,0.663462,0.947368,0.97619
3606,0.434555,0.451049,0.169014,0.183036,0.416,0.546269,0.976744,0.980769
3607,0.408297,0.334333,0.14,0.154472,0.36105,0.438389,0.95283,0.942029
3608,0.5,0.468235,0.175719,0.239203,0.478056,0.668966,0.952381,0.945652
3609,0.443443,0.452659,0.202305,0.222649,0.399055,0.564435,0.927215,0.908602
3610,0.276923,0.335219,0.156164,0.207792,0.216518,0.353881,0.861111,0.847222
3611,0.327273,0.377672,0.169811,0.233577,0.275362,0.367347,0.882353,0.818182
3612,0.255814,0.466912,0.141414,0.097561,0.378378,0.271186,0.888889,0.966667
3613,0.428571,0.553299,0.227273,0.216667,0.5,0.333333,0.942857,0.958333
3614,0.474359,0.617801,0.206349,0.310345,0.48,0.413793,0.942857,0.916667
3615,0.952055,0.908602,0.934066,0.90625,0.863636,0.927536,0.976471,1
3616,0.820728,0.742541,0.752014,0.736842,0.758242,0.706462,0.893528,0.925094
3617,0.762431,0.734501,0.6231,0.71179,0.593886,0.490644,0.009009,0.893939
3618,0.706485,0.660407,0.489051,0.705263,0.472296,0.467568,0.79798,0.836735
3619,0.716895,0.696774,0.568862,0.776978,0.629268,0.4375,0.926829,0.916667
3620,0.70122,0.715942,0.396226,0.809524,0.37037,0.410256,0.958333,0.878788
3621,0.807692,0.803279,0.517241,0.733333,0.785714,0.904762,0.944444,1
3622,0.805104,0.807377,0.778884,0.824268,0.75,0.767269,0.97541,0.973684
3623,0.847619,0.859375,0.782609,0.884956,0.780872,0.736035,0.922414,0.945205
3624,0.836186,0.815089,0.777533,0.827273,0.755968,0.746145,0.88785,0.928571
3625,0.792233,0.681296,0.839836,0.787879,0.810427,0.686104,0.890511,0.888889
3626,0.787823,0.700508,0.814,0.789668,0.773303,0.668246,0.811189,0.843137
3627,0.764706,0.625237,0.819521,0.75,0.77001,0.614148,0.85,0.817391
3628,0.669604,0.551073,0.738983,0.701587,0.675199,0.569356,0.840206,0.770992
3629,0.751256,0.664139,0.819876,0.80109,0.751479,0.632148,0.895161,0.848485
3630,0.743415,0.70882,0.743199,0.75265,0.684925,0.586047,0.840355,0.857143
3631,0.742204,0.826232,0.722222,0.857732,0.721793,0.682257,0.856061,0.860335
3632,0.809783,0.844898,0.786154,0.895884,0.769311,0.699905,0.762376,0.845588
3633,0.810659,0.83612,0.771739,0.889435,0.767343,0.679412,0.817143,0.825397
3634,0.861538,0.903743,0.5,0.915254,0.666667,0.894737,0.933333,0
3635,0.894737,0.908759,0.887324,0.949367,0.862745,0.951613,0.928571,0.961538
3636,0.75,0.713826,0.790123,0.83,0.564516,0.807229,0.98,1
3637,0.708543,0.719258,0.714286,0.679389,0.713178,0.808917,0.968254,0.956522
3638,0.746606,0.758333,0.758621,0.836879,0.752874,0.827586,0.966667,0.925926
3639,0.882353,0.842045,0.885922,0.944223,0.881141,0.868673,0.926829,0.964706
3640,0.840278,0.806706,0.82037,0.857143,0.814994,0.766702,0.902597,0.922414
3641,0.897375,0.858946,0.870478,0.894089,0.863319,0.823417,0.929412,0.963415
3642,0.871412,0.826487,0.838453,0.8627,0.832046,0.780326,0.912088,0.92973
3643,0.830044,0.8282,0.8386,0.876087,0.83867,0.765882,0.895105,0.912371
3644,0.57,0.554502,0.43956,0.686869,0.359223,0.310811,0.878788,0.75
3645,0.532258,0.477273,0.357143,0.714286,0.404762,0.384615,0.958333,0.6
3646,0.8,0.816832,0.820896,0.854839,0.391304,0.884615,0.888889,1
3647,0.752941,0.772947,0.782609,0.75,0.769231,0.814815,0.9375,0.888889
3648,0.742105,0.807267,0.809524,0.798387,0.777778,0.808559,0.962963,0.949367
3649,0.773537,0.823349,0.804598,0.77821,0.814917,0.832244,0.934783,0.927711
3650,0.675991,0.751412,0.761644,0.677536,0.743341,0.766537,0.955414,0.932584
3651,0.655084,0.752988,0.685446,0.663551,0.698864,0.721627,0.929012,0.895028
3652,0.485468,0.518213,0.344595,0.405172,0.362353,0.445572,0.802899,0.825137
3653,0.594872,0.700713,0.575163,0.642202,0.49505,0.422925,0.854545,0.875
3654,0.605405,0.721519,0.638889,0.776699,0.509363,0.461538,0.849057,0.861111
3655,0.68595,0.686131,0.6,0.64,0.373984,0.293578,0.805556,0.818182
3656,0.819328,0.835556,0.835106,0.872,0.859779,0.885246,0.962963,0.949153
3657,0.804781,0.905063,0.880829,0.879699,0.82807,0.862069,0.97,0.936508
3658,0.728665,0.755348,0.713004,0.785859,0.7138,0.667306,0.906433,0.885057
3659,0.795455,0.780172,0.754934,0.798343,0.76584,0.766022,0.873016,0.917431
3660,0.798206,0.83138,0.734349,0.848837,0.766981,0.816153,0.888235,0.92
3661,0.843798,0.84143,0.838983,0.912913,0.844679,0.82684,0.904459,0.864583
3662,0.868132,0.859434,0.834768,0.889908,0.880509,0.831285,0.906667,0.923077
3663,0.810897,0.812798,0.777778,0.870253,0.795229,0.802721,0.883212,0.924051
3664,0.758264,0.741935,0.631336,0.791165,0.748677,0.618619,0.865979,0.890625
3665,0.488688,0.590498,0.444444,0.520833,0.455128,0.672515,0.853933,0.790323
3666,0.727381,0.749114,0.712513,0.776371,0.673959,0.664214,0.917722,0.910615
3667,0.627907,0.680153,0.670576,0.731207,0.589443,0.595225,0.905085,0.888889
3668,0.725762,0.721498,0.546948,0.783654,0.564602,0.474277,0.863248,0.904762
3669,0.344828,0.488584,0.311111,0.359375,0.223214,0.313043,0.702703,0.653846
3670,0.728033,0.655512,0.745902,0.638298,0.689873,0.710843,0.341463,0.238095
3671,0.946565,0.924569,0.87605,0.919003,0.88266,0.8677,0.695187,0.709402
3672,0.886548,0.826454,0.838235,0.854497,0.822072,0.804728,0.44206,0.474453
3673,0.823113,0.673231,0.787413,0.693676,0.702614,0.735,0.221574,0.254902
3674,0.669903,0.598784,0.530284,0.615512,0.468175,0.540508,0.128266,0.174603
3675,0.370198,0.373596,0.164313,0.282895,0.340729,0.334096,0.174497,0.227848
3676,0.582126,0.481187,0.222678,0.399083,0.464824,0.511401,0.330961,0.321918
3677,0.527523,0.440402,0.23614,0.407407,0.312709,0.401007,0.566176,0.528571
3678,0.432836,0.352782,0.225877,0.333333,0.297872,0.298279,0.227642,0.301587
3679,0.743119,0.640553,0.65411,0.65,0.570342,0.390909,0.190476,0.083333
3680,0.820513,0.798701,0.815385,0.898551,0.928571,0.931034,0.863636,0.9375
3681,0.895105,0.864706,0.85,0.924051,0.921569,0.915493,0.892308,1
3682,0.931818,0.877717,0.892473,0.898876,0.891892,0.93617,0.902778,0.944444
3683,0.260579,0.099462,0.121813,0.07037,0.141748,0.161793,0.782946,0.740741
3684,0.330606,0.381918,0.256034,0.194492,0.351812,0.468575,0.632979,0.672646
3685,0.443609,0.412946,0.31447,0.249561,0.371306,0.483425,0.528736,0.502392
3686,0.327745,0.349252,0.2384,0.202822,0.328947,0.463469,0.449541,0.454106
3687,0.558824,0.486402,0.318717,0.318627,0.479705,0.513106,0.730088,0.736486
3688,0.451613,0.431341,0.274123,0.248062,0.429254,0.462762,0.557078,0.601399
3689,0.449062,0.449774,0.291399,0.282192,0.43561,0.441433,0.597938,0.544
3690,0.853968,0.86261,0.802198,0.808824,0.806711,0.881423,0.98062,0.941606
3691,0.672666,0.745787,0.48834,0.54721,0.692197,0.79442,0.946479,0.974359
3692,0.566426,0.667539,0.473225,0.50099,0.597345,0.710561,0.950777,0.95122
3693,0.608122,0.602989,0.391048,0.415842,0.541367,0.640559,0.953659,0.955357
3694,0.584211,0.579681,0.388181,0.392544,0.538184,0.587292,0.909091,0.920354
3695,0.714286,0.689567,0.490566,0.442667,0.66506,0.648431,0.940299,0.929487
3696,0.690244,0.611028,0.541147,0.545455,0.562823,0.517304,0.927536,0.879518
3697,0.746224,0.653631,0.491429,0.598726,0.505543,0.457143,0.958333,0.875
3698,0.629283,0.573585,0.382353,0.542484,0.484234,0.435961,0.973684,0.927536
3699,0.756098,0.760684,0.6,0.631579,0.722222,0.366667,0.62069,0.9
3700,0.368306,0.473461,0.483354,0.389362,0.399265,0.543404,0.906615,0.928571
3701,0.310811,0.342195,0.276394,0.277778,0.292203,0.419962,0.858657,0.89172
3702,0.351942,0.401264,0.521164,0.501144,0.434909,0.417286,0.725979,0.753425
3703,0.280639,0.358553,0.487719,0.399361,0.346109,0.371517,0.730769,0.784946
3704,0.575221,0.55641,0.551546,0.614754,0.613027,0.462451,0.909091,0.875
3705,0.755981,0.704485,0.72043,0.817391,0.688976,0.542169,0.921875,0.941176
3706,0.575,0.705128,0.6875,0.811594,0.532787,0.433962,0.804348,0.9
3707,0.864583,0.887139,0.86383,0.916667,0.775943,0.857527,0.175,0.122222
3708,0.837563,0.857143,0.883817,0.90625,0.820796,0.844828,0.147826,0.091954
3709,0.899522,0.912322,0.89243,0.930818,0.843424,0.856813,0.190909,0.117647
3710,0.880184,0.913242,0.886598,0.925,0.85098,0.862366,0.210526,0.114943
3711,0.817043,0.895028,0.856897,0.873518,0.819731,0.838678,0.175532,0.078125
3712,0.886,0.915704,0.878561,0.877023,0.839363,0.815192,0.150685,0.071856
3713,0.77261,0.746959,0.67552,0.78066,0.592105,0.591703,0.124365,0.083969
3714,0.771429,0.778096,0.653105,0.786008,0.669825,0.621915,0.128603,0.098684
3715,0.745531,0.752033,0.67189,0.737673,0.607312,0.628763,0.136,0.096154
3716,0.672786,0.641678,0.60325,0.630303,0.525748,0.555187,0.144022,0.1
3717,0.773796,0.74929,0.687259,0.747412,0.629823,0.650849,0.134986,0.101852
3718,0.70229,0.683239,0.583333,0.803922,0.479757,0.443058,0.094595,0.125
3719,0,0,0,0,0,0,0,0
3720,0.853881,0.850427,0.866953,0.872611,0.818182,0.782609,0.940476,0.904762
3721,0.877996,0.892231,0.41844,0.872727,0.863085,0.83045,0.954545,0.96
3722,0.870518,0.880615,0.838202,0.85906,0.868132,0.805556,0.94012,0.933333
3723,0.877404,0.886997,0.840614,0.919037,0.809067,0.771281,0.946541,0.931217
3724,0.883817,0.88941,0.849495,0.914611,0.8,0.786477,0.944598,0.919811
3725,0.913498,0.914604,0.856333,0.951699,0.85705,0.793464,0.959494,0.952381
3726,0.904675,0.900763,0.864105,0.95288,0.835766,0.780745,0.966184,0.97619
3727,0.818686,0.793814,0.748718,0.82931,0.7375,0.671745,0.860215,0.819905
3728,0.704918,0.67341,0.526882,0.761905,0.461538,0.477612,0.740741,0.78125
3729,0.857143,0.84322,0.719101,0.746032,0.789474,0.851064,0.934211,0.923077
3730,0.745,0.86165,0.832432,0.76378,0.742515,0.818182,0.934426,0.971831
3731,0.897959,0.94929,0.92562,0.90411,0.855372,0.941463,0.941606,0.97561
3732,0.861386,0.918919,0.872414,0.822222,0.802589,0.887372,0.949367,0.955056
3733,0.828402,0.8854,0.860119,0.825641,0.781609,0.879518,0.918129,0.907216
3734,0.861305,0.877276,0.853782,0.903756,0.853394,0.886128,0.912145,0.928571
3735,0.930649,0.943979,0.917722,0.965909,0.926919,0.924402,0.965686,0.940678
3736,0.919913,0.935422,0.919003,0.962138,0.927984,0.926134,0.964371,0.95082
3737,0.911937,0.9014,0.874361,0.935091,0.881258,0.856538,0.971175,0.973783
3738,0.903288,0.894493,0.864745,0.931452,0.871795,0.834602,0.962882,0.956044
3739,0.877833,0.882904,0.854985,0.926295,0.851064,0.815431,0.965293,0.96
3740,0.817,0.827117,0.755164,0.896414,0.778235,0.736196,0.939262,0.904412
3741,0.846154,0.83293,0.671888,0.886,0.792891,0.683272,0.887356,0.896414
3742,0.669291,0.657061,0.553746,0.57619,0.538341,0.457912,0.835821,0.773333
3743,0.856089,0.787659,0.653465,0.865772,0.63113,0.542289,0.87619,0.931818
3744,0.841121,0.764569,0.714286,0.848214,0.606557,0.476534,0.933333,0.909091
3745,0.956731,0.927098,0.900958,0.957082,0.922787,0.907986,0.976378,0.910448
3746,0.949799,0.916963,0.934524,0.967033,0.923328,0.901345,0.9625,0.91954
3747,0.939168,0.922611,0.84984,0.961014,0.864309,0.793589,0.932927,0.923077
3748,0.773399,0.74124,0.82243,0.846774,0.659218,0.638889,0.741573,0.717949
3749,0.732877,0.778626,0.71831,0.9,0.647059,0.670588,0.807018,0.785714
3750,0.819277,0.751351,0.73913,0.814286,0.52,0.633333,0.761905,0.75
3751,0.8125,0.75419,0.847826,0.8125,0.577778,0.740741,0.815789,0.8125
3752,0.863747,0.773743,0.803419,0.832967,0.731191,0.747517,0.34748,0.460526
3753,0.640221,0.591205,0.564279,0.566553,0.476087,0.482353,0.28401,0.308271
3754,0.802653,0.810092,0.742038,0.842246,0.693258,0.639363,0.600917,0.604478
3755,0.821747,0.793436,0.775475,0.859944,0.718104,0.620146,0.658291,0.705426
3756,0.707407,0.7,0.619224,0.707463,0.575521,0.483574,0.540816,0.584
3757,0.202899,0.049342,0.12,0.058824,0.072917,0.109756,0.816667,0.823529
3758,0.53871,0.332046,0.339552,0.3125,0.369681,0.342282,0.688679,0.612245
3759,0.216097,0.046494,0.072316,0.059896,0.071093,0.095936,0.44,0.478788
3760,0.198925,0.042062,0.055077,0.049281,0.053912,0.057005,0.418764,0.368421
3761,0.296848,0.118757,0.147217,0.145488,0.168607,0.20317,0.5918,0.623762
3762,0.5192,0.295726,0.34067,0.393414,0.415562,0.388308,0.921818,0.899676
3763,0.45873,0.253953,0.282587,0.286656,0.344568,0.393716,0.868369,0.855124
3764,0.419152,0.222545,0.237395,0.289308,0.267971,0.316342,0.845214,0.851986
3765,0.336973,0.224471,0.24355,0.233025,0.223746,0.283907,0.813008,0.815217
3766,0.471452,0.335766,0.329073,0.349379,0.411587,0.406743,0.881188,0.868327
3767,0.294118,0.138573,0.167965,0.157119,0.217021,0.179823,0.761815,0.763251
3768,0.306548,0.15493,0.106897,0.147632,0.178969,0.109603,0.817035,0.83432
3769,0.262595,0.088763,0.094406,0.108571,0.160896,0.091966,0.802589,0.818182
3770,0.265509,0.121951,0.116418,0.143478,0.142322,0.095652,0.80597,0.798319
3771,0.719512,0.840426,0.923077,0.770833,0.809524,0.894737,0.733333,0.809524
3772,0.892086,0.881757,0.775,0.83908,0.90566,0.981818,0.814815,1
3773,0.949219,0.95112,0.960396,0.941606,0.920863,0.902778,0.964286,0.928571
3774,0.923636,0.949416,0.945455,0.986014,0.86875,0.947368,0.946809,0.869565
3775,0.933333,0.898416,0.899533,0.9,0.85008,0.876161,0.938931,0.889831
3776,0.942731,0.930709,0.932862,0.965854,0.900693,0.913341,0.93865,0.921569
3777,0.92735,0.918836,0.916376,0.95933,0.894972,0.903761,0.903904,0.9125
3778,0.87108,0.833248,0.780255,0.868771,0.758499,0.756274,0.791498,0.75
3779,0.895743,0.888211,0.846154,0.923203,0.858343,0.797632,0.824869,0.809524
3780,0.8,0.783343,0.624013,0.747984,0.648,0.580386,0.841232,0.798283
3781,0.00905,0.012165,0,0,0,0.015707,0,0
3782,0.023499,0.058824,0.052632,0.044643,0.034682,0.057692,0,0
3783,0.039216,0.068657,0.060976,0.069869,0.063636,0.05157,0.026667,0.014286
3784,0.039049,0.043433,0.03071,0.026393,0.035842,0.06158,0.004348,0.008696
3785,0.02234,0.028417,0.014493,0.021505,0.028616,0.033361,0.005333,0
3786,0.023555,0.024188,0.021739,0.008658,0.020033,0.025416,0.005376,0
3787,0.023918,0.030483,0.013997,0.014118,0.02741,0.03714,0.009404,0
3788,0.015152,0.040089,0.011236,0.025641,0.046358,0.030675,0,0
3789,0.023529,0.049887,0.019157,0.020134,0.049669,0.037152,0.017241,0.025
3790,0.006494,0.026119,0,0.021978,0.007143,0.031447,0.05,0
3791,0.009615,0.017751,0.010309,0.014085,0.013514,0.056818,0,0
3792,0.836364,0.869159,0.840909,0.878788,0.770833,0.897436,0.875,0.857143
3793,0.839286,0.819672,0.88,0.888889,0.779412,0.8,0.764706,0.888889
3794,0.867347,0.896175,0.908163,0.924528,0.811475,0.938931,0.909091,0.9
3795,0.794521,0.822835,0.909605,0.885714,0.762411,0.823151,0.894737,0.888889
3796,0.77193,0.864662,0.86413,0.863014,0.692308,0.793846,0.829268,0.944444
3797,0.897436,0.895487,0.795181,0.935185,0.84264,0.829499,0.940299,1
3798,0.527157,0.678497,0.625,0.677686,0.611026,0.627358,0.828125,0.76
3799,0.860759,0.884937,0.790361,0.869919,0.787136,0.767981,0.890625,1
3800,0.858086,0.865342,0.813131,0.888889,0.808581,0.742462,0.954545,1
3801,0.701818,0.772616,0.672,0.803738,0.619485,0.640227,0.936508,0.913043
3802,0.383838,0.515789,0.340426,0.455696,0.366102,0.397647,0.73913,0.705882
3803,0.602837,0.685714,0.521127,0.647059,0.571429,0.45,0.794118,0.769231
3804,0.432927,0.646497,0.781065,0.442105,0.470339,0.67052,0.225,0.125
3805,0.560694,0.679525,0.840659,0.476636,0.611765,0.785714,0.404494,0.382353
3806,0.327628,0.416667,0.42623,0.262548,0.314129,0.443069,0.086735,0.117647
3807,0.774691,0.777982,0.717576,0.765013,0.686289,0.698953,0.702341,0.710526
3808,0.444679,0.508804,0.643788,0.372263,0.449161,0.534351,0.278261,0.303279
3809,0.418239,0.487255,0.600655,0.347748,0.419502,0.466434,0.270103,0.212355
3810,0.862573,0.876232,0.861251,0.892797,0.836211,0.76778,0.865031,0.822134
3811,0.849952,0.87541,0.882779,0.878788,0.839631,0.788749,0.894845,0.84
3812,0.776504,0.824932,0.827611,0.740803,0.748401,0.759984,0.743215,0.72332
3813,0.800575,0.849652,0.83248,0.706282,0.727234,0.763314,0.792735,0.736
3814,0.780952,0.850938,0.828996,0.653716,0.735516,0.744168,0.780851,0.751037
3815,0.74067,0.814178,0.805027,0.659054,0.668087,0.705221,0.781513,0.774194
3816,0.845872,0.81306,0.807474,0.815789,0.722586,0.689768,0.900407,0.919414
3817,0.570953,0.576895,0.562236,0.584493,0.497549,0.502175,0.82881,0.827586
3818,0.579498,0.553219,0.420168,0.515152,0.472403,0.463636,0.738516,0.744526
3819,0.644737,0.661479,0.582492,0.657005,0.572207,0.533693,0.726368,0.710843
3820,0.798479,0.727891,0.708333,0.770115,0.661184,0.540984,0.823529,0.865672
3821,0.010101,0.029851,0,0,0,0.03125,0.02381,0
3822,0,0.008439,0,0,0,0.02381,0,0
3823,0,0.007692,0,0,0,0.039216,0,0
3824,0,0.003559,0,0,0,0.017241,0,0
3825,0.01227,0.010169,0,0.012346,0,0.014925,0,0
3826,0,0.003356,0.022222,0,0,0.014925,0.017544,0
3827,0,0.009464,0,0.010526,0.014706,0,0.016667,0
3828,0.076364,0.055202,0.008772,0.051613,0.014925,0.014184,0.079545,0.046512
3829,0.042042,0.053763,0.006452,0.02809,0.028571,0,0,0.037037
3830,0.147477,0.27335,0.096059,0.097826,0.077303,0.088496,0.006667,0.012195
3831,0.037447,0.052007,0.021454,0.024119,0.024316,0.046216,0.007229,0
3832,0.203125,0.222864,0.169689,0.126531,0.077653,0.057165,0.002445,0
3833,0.283405,0.308782,0.21398,0.230425,0.165524,0.121447,0.016901,0
3834,0.105948,0.083056,0.020737,0.027778,0.035433,0.022187,0.009346,0.008772
3835,0.027778,0.018779,0.013468,0.020725,0.003236,0.01061,0.012987,0
3836,0.122581,0.075075,0.027778,0.038961,0.03125,0.031008,0,0
3837,0.062992,0.01073,0.04,0,0.010309,0.011662,0,0
3838,0.050139,0.010036,0.054656,0.019553,0.030421,0.021825,0.004926,0.019048
3839,0.055556,0.01731,0.043636,0.010363,0.025892,0.018868,0,0.007874
3840,0.089184,0.026984,0.096807,0.065401,0.040692,0.045049,0.013245,0.006211
3841,0.071362,0.025441,0.087398,0.04321,0.044892,0.041221,0.006601,0
3842,0.074517,0.022751,0.096872,0.034694,0.045496,0.040157,0,0.006211
3843,0.037135,0.011219,0.038603,0.021113,0.015322,0.019481,0.003333,0
3844,0.048358,0.009621,0.031489,0.02004,0.016068,0.015785,0.010274,0
3845,0.072727,0.012665,0.053838,0.02079,0.029791,0.020165,0,0
3846,0.087291,0.033426,0.051724,0.057065,0.041791,0.041457,0.010638,0.020833
3847,0.04142,0.006289,0.022258,0.018018,0.0125,0.014019,0,0
3848,0.064463,0.005515,0.024857,0.033223,0.022624,0.012295,0.016529,0.014925
3849,0.0475,0.010101,0.006309,0.014423,0.016878,0.005457,0,0
3850,0.086957,0.005222,0.036364,0.057692,0.037634,0.009934,0,0
3851,0.088889,0.055172,0.058824,0.074074,0,0.044776,0,0
3852,0.333333,0.411255,0.257812,0.246154,0.307692,0.5,0.536585,0.5
3853,0.317857,0.368217,0.230769,0.28,0.355967,0.380583,0.191176,0.25641
3854,0.325581,0.398907,0.237952,0.29375,0.355513,0.400359,0.222222,0.093023
3855,0.331019,0.380567,0.224949,0.247863,0.370146,0.442117,0.160714,0.057143
3856,0.414784,0.404028,0.268382,0.284585,0.424615,0.505859,0.142857,0.135802
3857,0.377246,0.463987,0.259843,0.282759,0.463492,0.570093,0.210526,0.14
3858,0.46875,0.493976,0.331126,0.293103,0.506024,0.673854,0.36,0.096774
3859,0.404878,0.452381,0.313901,0.288462,0.451389,0.607843,0.290323,0.148148
3860,0.417178,0.470414,0.310127,0.267442,0.478261,0.632768,0.340426,0.055556
3861,0.288732,0.445513,0.30303,0.24359,0.442953,0.594595,0.244444,0.066667
3862,0.410959,0.647059,0.52381,0.584615,0.666667,0.24,0.724138,0.785714
3863,0.466,0.514518,0.335821,0.308571,0.39292,0.431138,0.647059,0.714286
3864,0.452381,0.491386,0.284916,0.312227,0.461101,0.535514,0.729839,0.751825
3865,0.540046,0.598566,0.307463,0.311355,0.514493,0.668763,0.644295,0.728395
3866,0.416382,0.184162,0.201923,0.235955,0.446721,0.593284,0.722772,0.733333
3867,0.519608,0.593583,0.34058,0.23913,0.612245,0.717647,0.763889,0.787234
3868,0.556338,0.612782,0.527027,0.4,0.719298,0.835616,0.759259,0.857143
3869,0.899281,0.875,0.875,0.910112,0.863636,0.827273,0.764706,0.888889
3870,0.86711,0.882246,0.864407,0.884817,0.884615,0.792135,0.693069,0.653061
3871,0.697368,0.759036,0.761658,0.778195,0.732517,0.696825,0.536,0.546667
3872,0.732687,0.775387,0.705975,0.748718,0.749138,0.641509,0.51634,0.46
3873,0.489297,0.515435,0.319685,0.276276,0.46217,0.46901,0.418919,0.407407
3874,0.722555,0.737986,0.641221,0.736641,0.667901,0.56875,0.66055,0.673077
3875,0.56338,0.578378,0.412698,0.571429,0.419355,0.205128,0.769231,0.5625
3876,0.765625,0.628159,0.505155,0.617978,0.823529,0.741573,0.814815,0.833333
3877,0.566265,0.537791,0.479339,0.372727,0.792793,0.661871,0.6875,0.692308
3878,0.480702,0.185771,0.319249,0.333333,0.571984,0.373737,0.8,0.818182
3879,0.533742,0.298456,0.406504,0.372973,0.694864,0.539801,0.944444,0.875
3880,0.561275,0.368946,0.38961,0.393013,0.665138,0.546642,0.919355,0.928571
3881,0.438095,0.242838,0.353312,0.318182,0.53913,0.420495,0.75,0.827586
3882,0.454728,0.267539,0.319797,0.326389,0.528399,0.432624,0.894118,0.804878
3883,0.727273,0.314286,0.62,0.794872,0.636364,0.407407,0.666667,1
3884,0.914286,0.890756,0.928177,0.874172,0.886364,0.861224,0.880952,0.857143
3885,0.903614,0.922141,0.912154,0.888889,0.905963,0.853065,0.916279,0.941667
3886,0.833756,0.773157,0.857006,0.813449,0.867243,0.819284,0.940711,0.910256
3887,0.81625,0.718954,0.822474,0.755839,0.845503,0.795535,0.92126,0.893082
3888,0.742206,0.667577,0.747222,0.665979,0.794796,0.740909,0.929368,0.883436
3889,0.768367,0.663243,0.713483,0.739927,0.768711,0.682762,0.865229,0.884793
3890,0.697168,0.602126,0.652937,0.636542,0.724103,0.663257,0.865922,0.836634
3891,0.758427,0.655839,0.733741,0.694561,0.759507,0.693041,0.89521,0.895954
3892,0.706221,0.592271,0.617247,0.608051,0.709959,0.64878,0.869427,0.875
3893,0.810365,0.717028,0.787714,0.744035,0.79187,0.684165,0.920139,0.895833
3894,0.796186,0.701178,0.761605,0.743421,0.7759,0.665511,0.900356,0.911765
3895,0.596421,0.53186,0.420155,0.48,0.58061,0.456747,0.80226,0.771739
3896,0.62963,0.552632,0.442341,0.489286,0.584123,0.468261,0.883871,0.84
3897,0.5575,0.51875,0.407982,0.471545,0.571875,0.427896,0.856061,0.84375
3898,0.617729,0.530579,0.415525,0.476793,0.597293,0.439356,0.869919,0.793103
3899,0.626316,0.523416,0.42381,0.523077,0.579592,0.307463,0.863014,0.75
3900,0.542254,0.477941,0.311111,0.411215,0.508982,0.215311,0.783333,0.814815
3901,0.53913,0.450644,0.278261,0.455556,0.532258,0.298611,0.843137,0.730769
3902,0.568807,0.450237,0.285714,0.454545,0.54955,0.324786,0.74,0.714286
3903,0.481481,0.463636,0.222222,0.395349,0.3,0.290323,0.757576,0.615385
3904,0.864198,0.692708,0.780488,0.737705,0.772727,0.833333,0.75,0.931034
3905,0.896774,0.872928,0.883117,0.9,0.882716,0.902778,0.824561,0.846154
3906,0.601523,0.532819,0.544872,0.47619,0.561338,0.677193,0.858407,0.829545
3907,0.510433,0.452586,0.392022,0.33526,0.486542,0.561129,0.728448,0.790541
3908,0.374352,0.336483,0.255896,0.258907,0.429589,0.513124,0.856757,0.800905
3909,0.464072,0.497031,0.321014,0.359116,0.508978,0.593854,0.82716,0.810945
3910,0.492372,0.483746,0.359677,0.356061,0.440476,0.552165,0.817352,0.79021
3911,0.749326,0.659905,0.616766,0.669456,0.662983,0.641577,0.837398,0.813187
3912,0.77931,0.75841,0.672065,0.807229,0.707254,0.539409,0.76087,0.84507
3913,0.777778,0.757951,0.668224,0.746377,0.69279,0.501493,0.797101,0.796296
3914,0.726496,0.753012,0.744681,0.764045,0.630435,0.537037,0.723404,0.777778
3915,0.638554,0.581281,0.414634,0.327586,0.777778,0.648649,0.850575,0.794118
3916,0.661808,0.651289,0.374582,0.388128,0.781457,0.669697,0.852761,0.825397
3917,0.725762,0.714286,0.455414,0.413223,0.836923,0.69657,0.819277,0.814286
3918,0.654676,0,0.195592,0.407407,0.752632,0.355649,0.36,0.77551
3919,0.501597,0.490279,0.385522,0.326371,0.623437,0.615012,0.710145,0.728
3920,0.452695,0.433287,0.287234,0.308534,0.477522,0.462284,0.343849,0.267045
3921,0.407407,0.355839,0.159236,0.260274,0.412037,0.336842,0.289474,0.277778
3922,0.914894,0.879195,0.912664,0.872483,0.844869,0.838875,0.606742,0.654545
3923,0.869173,0.831094,0.876016,0.901316,0.80758,0.788093,0.478992,0.541667
3924,0.847893,0.807766,0.803222,0.881391,0.775941,0.68743,0.40617,0.4375
3925,0.769912,0.751592,0.727869,0.880597,0.348189,0.574822,0.385827,0.333333
3926,0.948207,0.908445,0.919643,0.95045,0.883673,0.865745,0.909091,0.888889
3927,0.908521,0.881648,0.895921,0.929185,0.858077,0.827094,0.896465,0.87234
3928,0.780718,0.799562,0.815271,0.810169,0.728716,0.675914,0.730769,0.819549
3929,0.828488,0.768161,0.77044,0.867347,0.729075,0.62069,0.840278,0.878049
3930,0.791667,0.835913,0.661765,0.805556,0.724868,0.533333,0.848837,0.846154
3931,0.797468,0.803859,0.703125,0.785714,0.775862,0.569697,0.884615,0.777778
3932,0.615385,0.69378,0.565789,0.811321,0.508197,0.38806,0.791667,0.625
3933,0.649425,0.683544,0.636364,0.59,0.485714,0.545455,0.973333,0.884615
3934,0.73494,0.592798,0.615842,0.732087,0.618331,0.481429,0.751111,0.736
3935,0.903549,0.84507,0.793909,0.865248,0.83433,0.802058,0.719697,0.711864
3936,0.7728,0.762323,0.606401,0.75663,0.75932,0.712788,0.45082,0.446602
3937,0.78744,0.741573,0.613636,0.745161,0.732787,0.721286,0.422319,0.388316
3938,0.718036,0.679533,0.532972,0.666667,0.652226,0.674959,0.237986,0.222222
3939,0.814961,0.797532,0.756005,0.880157,0.809008,0.715311,0.488673,0.441341
3940,0.816964,0.813253,0.763485,0.9,0.689076,0.636704,0.526316,0.638889
3941,0.842593,0.805907,0.753247,0.9,0.638767,0.638211,0.581818,0.705882
3942,0.829146,0.803532,0.686364,0.862069,0.696517,0.637615,0.647059,0.457143
3943,0.65625,0.613003,0.44,0.6,0.32,0.427273,0.125,0.173913
3944,0.720339,0.731132,0.511628,0.8,0.534884,0.592105,0.561404,0.740741
3945,0.806283,0.764331,0.695312,0.866667,0.668269,0.544186,0.447761,0.526316
3946,0.816514,0.80814,0.707792,0.855072,0.779528,0.592308,0.441558,0.333333
3947,0.81685,0.789247,0.623853,0.830357,0.782493,0.591892,0.166667,0.133333
3948,0.78125,0.736082,0.595652,0.806723,0.720874,0.589552,0.262712,0.220588
3949,0.881463,0.873839,0.819202,0.934783,0.868406,0.752504,0.30094,0.274286
3950,0.67063,0.735055,0.657647,0.708333,0.598939,0.579444,0.116071,0.125
3951,0.595843,0.72892,0.663814,0.62256,0.58329,0.619899,0.165192,0.129353
3952,0.832335,0.886819,0.879653,0.84738,0.842912,0.80861,0.22291,0.282828
3953,0.821705,0.892704,0.7,0.851852,0.8,0.862069,0.380952,0.47619
3954,0.880734,0.832173,0.81037,0.883178,0.776547,0.735727,0.895013,0.904762
3955,0.926398,0.883694,0.85906,0.925144,0.883364,0.84556,0.967177,0.943478
3956,0.872906,0.868032,0.817778,0.910985,0.849725,0.828811,0.947712,0.930435
3957,0.889749,0.900789,0.907514,0.920455,0.883141,0.858344,0.916849,0.943231
3958,0.790476,0.778656,0.701149,0.875,0.473684,0.387755,0.770833,0.909091
3959,0.655462,0.657673,0.608466,0.661692,0.583026,0.665158,0.918182,0.813953
3960,0.743697,0.71831,0.72973,0.728571,0.649682,0.705882,0.933333,0.975
3961,0.697183,0.588496,0.508876,0.631579,0.595238,0.490494,0.10101,0.076923
3962,0.45677,0.527957,0.31811,0.192737,0.371017,0.505906,0.131004,0.08642
3963,0.563025,0.562084,0.392971,0.456338,0.48601,0.577451,0.148148,0.088435
3964,0.597826,0.718293,0.46831,0.639144,0.455388,0.616905,0.12,0.089431
3965,0.685259,0.742782,0.264706,0.539062,0.515723,0.703947,0.119048,0.046512
3966,0.873643,0.791299,0.764706,0.88,0.738698,0.672241,0.80916,0.851648
3967,0.901132,0.843506,0.871622,0.916538,0.853005,0.769016,0.849095,0.813456
3968,0.954704,0.906147,0.896887,0.966321,0.908503,0.832009,0.966443,0.956522
3969,0.956221,0.931845,0.937037,0.955752,0.926829,0.900524,0.934211,0.962963
3970,0.95122,0.918396,0.94958,0.973958,0.936548,0.855219,0.932836,0.986111
3971,0.951754,0.920668,0.976744,0.985075,0.965753,0.81295,0.897959,0.882353
3972,0.927632,0.866469,0.930233,0.90625,0.860465,0.923077,0.893333,0.947368
3973,0.879121,0.868313,0.941176,0.803279,0.608696,0.808511,0.830189,0.862069
3974,0.701711,0.708716,0.614078,0.735577,0.630493,0.59497,0.170455,0.076923
3975,0.734524,0.726451,0.641916,0.707944,0.648806,0.595772,0.258824,0.092308
3976,0.526439,0.462642,0.464494,0.392771,0.524707,0.548047,0.322222,0.179104
3977,0.840136,0.867589,0.810289,0.844068,0.822502,0.788335,0.469136,0.266667
3978,0.797422,0.835631,0.775041,0.797834,0.809524,0.764944,0.394737,0.219178
3979,0.773585,0.793737,0.734797,0.792453,0.714908,0.720711,0.333333,0.147059
3980,0.85214,0.876106,0.830156,0.87251,0.829689,0.820399,0.514706,0.34375
3981,0.949807,0.896861,0.92803,0.92029,0.884615,0.860987,0.846154,0.782609
3982,0.644118,0.670014,0.655172,0.825243,0.632948,0.438053,0.564356,0.6
3983,0.745699,0.863369,0.842204,0.867841,0.845794,0.758877,0.605505,0.571078
3984,0.802385,0.910929,0.90333,0.9375,0.913382,0.858282,0.793269,0.757143
3985,0.817906,0.927328,0.937768,0.964467,0.935294,0.869369,0.723473,0.746667
3986,0.617486,0.746835,0.542017,0.767932,0.614601,0.480342,0.083333,0.056338
3987,0.704633,0.807903,0.688478,0.86859,0.74921,0.633229,0.239437,0.28125
3988,0.719189,0.825425,0.817352,0.880886,0.752366,0.666667,0.229787,0.222222
3989,0.636268,0.80855,0.840619,0.83368,0.775938,0.653556,0.089674,0.073733
3990,0.744164,0.877101,0.844037,0.900735,0.857207,0.793422,0.127315,0.130081
3991,0.823529,0.933921,0.976744,0.963636,0.956522,0.833333,0.625,0.444444
3992,0.757895,0.944444,0.964286,0.866667,0.88,0.785714,0.392857,0.375
3993,0.761194,0.942529,1,0.975,0.727273,0.833333,0.592593,0.461538
3994,0.824427,0.788501,0.589474,0.842697,0.672489,0.5,0.2875,0.372093
3995,0.776536,0.813272,0.750877,0.880851,0.783237,0.522472,0.255556,0.271186
3996,0.84271,0.818915,0.776567,0.883871,0.766129,0.661371,0.218605,0.232394
3997,0.872521,0.864596,0.816484,0.903288,0.813257,0.719626,0.373377,0.324176
3998,0.904215,0.896142,0.863454,0.934701,0.802395,0.763294,0.292899,0.252525
3999,0.880077,0.909478,0.871443,0.933078,0.832891,0.776005,0.329446,0.28934
4000,0.938462,0.910966,0.91182,0.919643,0.888769,0.86988,0.607143,0.614679
4001,0.788732,0.8,0.705882,0.823529,0.692308,0.37037,0.981481,0.947368
4002,0.721893,0.777778,0.787234,0.84507,0.677686,0.583333,0.78481,0.862069
4003,0.83908,0.831978,0.768421,0.822785,0.705426,0.580645,0.862069,0.882353
4004,0.844538,0.837627,0.790566,0.853333,0.715328,0.611907,0.880503,0.897959
4005,0.881944,0.845659,0.800201,0.906205,0.833235,0.771739,0.923461,0.923547
4006,0.94358,0.929845,0.927409,0.52302,0.91286,0.891867,0.925558,0.9163
4007,0.879093,0.821622,0.816794,0.822511,0.821561,0.761317,0.912409,0.826087
4008,0.972603,0.913313,0.886076,0.935065,0.857143,0.857143,0.953846,0.931034
4009,0.941176,0.921233,0.796875,0.956522,0.826087,0.818182,0.921569,0.958333
4010,0.794872,0.668246,0.647887,0.780303,0.614213,0.354067,0.84127,0.896552
4011,0.909396,0.803419,0.746667,0.93617,0.738532,0.496063,0.852941,0.914286
4012,0.80916,0.765101,0.615385,0.794444,0.707792,0.526882,0.909091,0.85
4013,0.778027,0.671554,0.58046,0.658768,0.67624,0.443459,0.382979,0.795455
4014,0.826357,0.660269,0.528777,0.716783,0.636,0.452571,0.863946,0.842857
4015,0.747807,0.554017,0.514218,0.599542,0.603916,0.520529,0.899123,0.894737
4016,0.730932,0.610092,0.535017,0.59695,0.628331,0.560576,0.890625,0.936937
4017,0.59397,0.337051,0.308197,0.3286,0.444874,0.410163,0.858156,0.861789
4018,0.506024,0.400624,0.352087,0.425982,0.419608,0.340476,0.164444,0.2
4019,0.630631,0.465536,0.522073,0.504823,0.491892,0.41502,0.143541,0.315789
4020,0.359797,0.227141,0.19788,0.202247,0.189119,0.23125,0.136905,0.089109
4021,0.913177,0.912678,0.858268,0.869565,0.804264,0.868272,0.231844,0.272727
4022,0.552083,0.529167,0.470948,0.464865,0.427184,0.399533,0.114943,0
4023,0.32839,0.356071,0.265038,0.25,0.344697,0.449799,0.145038,0.087719
4024,0.359807,0.358505,0.217259,0.300683,0.364969,0.47157,0.120192,0.053435
4025,0.591362,0.477051,0.431102,0.429806,0.485059,0.55864,0.240343,0.164286
4026,0.39607,0.382517,0.22619,0.319838,0.363142,0.361588,0.307918,0.213974
4027,0.463277,0.486811,0.345133,0.329545,0.453014,0.450755,0.584615,0.612676
4028,0.590164,0.5359,0.468927,0.434109,0.58466,0.530565,0.310924,0.270833
4029,0.774457,0.717988,0.767932,0.680203,0.760108,0.697479,0.538462,0.507246
4030,0.944444,0.843972,0.958904,0.85,0.87931,0.8125,0.769231,0.75
4031,0.645161,0.658477,0.673913,0.721429,0.539062,0.450593,0.621951,0.6
4032,0.535971,0.611111,0.661765,0.655629,0.416918,0.439252,0.769231,0.725
4033,0.513423,0.640086,0.740741,0.632911,0.487179,0.556548,0.79798,0.727273
4034,0.694352,0.743271,0.726027,0.8,0.544199,0.534819,0.788462,0.847826
4035,0.546061,0.605598,0.626522,0.801402,0.458537,0.593207,0.85342,0.828025
4036,0.85056,0.823119,0.822904,0.864407,0.727077,0.735294,0.806667,0.794702
4037,0.870968,0.829225,0.881016,0.86921,0.780533,0.760794,0.840708,0.833333
4038,0.747727,0.752443,0.741333,0.744361,0.669725,0.697105,0.913669,0.898734
4039,0.677083,0.720676,0.732484,0.780822,0.572398,0.61596,0.896175,0.891089
4040,0.601942,0.543514,0.291881,0.443124,0.402349,0.496144,0.907563,0.948339
4041,0.527439,0.530348,0.226957,0.321117,0.365446,0.470588,0.916462,0.920561
4042,0.551181,0.53304,0.247163,0.352201,0.429722,0.473282,0.848993,0.798701
4043,0.374545,0.452427,0.139683,0.251366,0.278075,0.410579,0.83,0.897436
4044,0.311609,0.420106,0.121784,0.209581,0.205207,0.362464,0.853933,0.90625
4045,0.453202,0.462705,0.172131,0.289562,0.383268,0.432892,0.777778,0.829545
4046,0.502304,0.424051,0.186957,0.352601,0.402235,0.497207,0.82243,0.897059
4047,0.662791,0.768844,0.712121,0.84058,0.677966,0.517241,0.4,0.615385
4048,0.715686,0.746411,0.706667,0.783784,0.670588,0.493333,0.296296,0.384615
4049,0.831758,0.730676,0.732804,0.785211,0.728947,0.692857,0.189781,0.160714
4050,0.865116,0.8,0.589552,0.844444,0.752852,0.554487,0.146341,0.128205
4051,0.822157,0.788785,0.771484,0.845238,0.726755,0.626707,0.122951,0.096154
4052,0.625,0.628743,0.534483,0.431034,0.535354,0.60479,0.036364,0.025641
4053,0.306122,0.473054,0.078431,0.241379,0.344828,0.606557,0.121951,0.041667
4054,0.233333,0.371069,0.152174,0.092593,0.153846,0.566038,0.083333,0.045455
4055,0.732394,0.749231,0.713147,0.819588,0.62419,0.5625,0.417391,0.479452
4056,0.724247,0.753153,0.655536,0.803519,0.669118,0.561497,0.640351,0.592105
4057,0.770174,0.775424,0.789695,0.855769,0.785867,0.708287,0.780781,0.757282
4058,0.776074,0.766913,0.800857,0.840551,0.761932,0.73962,0.829721,0.820896
4059,0.713755,0.830688,0.854545,0.835526,0.836538,0.848837,0.853211,0.843137
4060,0.653846,0.894942,0.927536,0.901235,0.857143,0.813953,0.77193,0.818182
4061,0.642336,0.649007,0.526119,0.583333,0.493243,0.646067,0.837662,0.876543
4062,0.602446,0.626952,0.518724,0.542169,0.514391,0.536419,0.838384,0.871287
4063,0.495697,0.501976,0.372222,0.469799,0.406716,0.415894,0.79638,0.808
4064,0.65122,0.653586,0.521236,0.618182,0.551402,0.481273,0.889655,0.972222
4065,0.641221,0.675939,0.542636,0.668293,0.563353,0.471735,0.847826,0.811594
4066,0.610108,0.695327,0.52907,0.744966,0.616725,0.408228,0.88785,0.836735
4067,0.55102,0.706485,0.565789,0.730337,0.592105,0.474747,0.833333,0.727273
4068,0.806691,0.715771,0.722222,0.786585,0.73617,0.755869,0.805085,0.8
4069,0.921363,0.853455,0.929712,0.953704,0.894106,0.888658,0.947761,0.970588
4070,0.961963,0.899929,0.935583,0.975664,0.911488,0.897313,0.97619,0.967105
4071,0.861603,0.779201,0.792181,0.864217,0.785935,0.739021,0.879061,0.860841
4072,0.834677,0.787156,0.680952,0.814516,0.695364,0.627273,0.880342,0.863636
4073,0.831683,0.775785,0.719298,0.819048,0.62439,0.533333,0.88785,0.847458
4074,0.974843,0.927673,0.935897,0.934783,0.967742,0.914634,0.804348,0.947368
4075,0.004975,0.005319,0,0,0,0,0,0
4076,0.90878,0.884567,0.86755,0.929864,0.876,0.78533,0.52,0.461538
4077,0.856335,0.862893,0.829268,0.922907,0.79717,0.745852,0.728261,0.73913
4078,0.882939,0.882517,0.876176,0.932432,0.848456,0.820034,0.648,0.47561
4079,0.873529,0.875201,0.851658,0.902813,0.808461,0.790371,0.615385,0.54386
4080,0.785714,0.78866,0.735043,0.801075,0.719149,0.582456,0.807692,0.875
4081,0.682111,0.742243,0.740541,0.719008,0.635154,0.644099,0.15942,0.086957
4082,0.578348,0.602787,0.421829,0.684685,0.371824,0.350282,0.112903,0.277778
4083,0.462963,0.579787,0.321839,0.597938,0.352941,0.301887,0.090909,0.166667
4084,0.586667,0.63522,0.340426,0.6,0.475,0.241935,0.208333,0.4
4085,0.5,0.571429,0.388889,0.621212,0.545455,0.361111,0.285714,0.4
4086,0.754839,0.786207,0.853659,0.776471,0.642857,0.884615,0.777778,0.794872
4087,0.820084,0.882609,0.902954,0.870968,0.772727,0.886154,0.848837,0.927273
4088,0.841424,0.853166,0.81054,0.865909,0.771582,0.779559,0.870166,0.794258
4089,0.818468,0.838577,0.782178,0.829646,0.756614,0.735409,0.84097,0.84186
4090,0.706288,0.721294,0.680227,0.801512,0.638298,0.659744,0.402893,0.358156
4091,0.632054,0.645522,0.540342,0.618474,0.577055,0.435714,0.815789,0.84507
4092,0.723473,0.684307,0.649446,0.760736,0.625369,0.452229,0.830986,0.714286
4093,0.777409,0.742747,0.679842,0.803797,0.71,0.5,0.907692,0.918919
4094,0.74744,0.735471,0.704167,0.787097,0.690141,0.524164,0.815385,0.916667
4095,0.728395,0.749373,0.712195,0.798507,0.726852,0.483871,0.867925,0.896552
4096,0.427928,0.742857,0.695,0.757576,0.683417,0.434286,0.882353,0.965517
4097,0.69378,0.714674,0.666667,0.744186,0.593407,0.422619,0.36,0.931034
4098,0.726776,0.688272,0.662857,0.686441,0.586957,0.375,0.895833,0.925926
4099,0.355556,0.494764,0.61157,0.649485,0.535714,0.485714,0.827586,0.666667
4100,0.50101,0.512745,0.645084,0.558824,0.537906,0.699422,0.530806,0.483051
4101,0.728571,0.655,0.782779,0.724816,0.705314,0.785124,0.675573,0.6
4102,0.75,0.73399,0.57,0.868613,0.599359,0.503472,0.858586,0.88
4103,0.664706,0.640199,0.542636,0.703297,0.503817,0.479339,0.84375,0.888889
4104,0.837607,0.760518,0.60396,0.789474,0.676923,0.592593,0.880952,0.833333
4105,0.730769,0.696429,0.714286,0.716667,0.545455,0.540541,0.90625,0.8125
4106,0.75632,0.748336,0.691574,0.694346,0.670962,0.662938,0.769886,0.811224
4107,0.809621,0.796032,0.819184,0.8327,0.743274,0.768421,0.888179,0.890052
4108,0.756839,0.741088,0.690068,0.811268,0.656,0.587169,0.842932,0.850467
4109,0.780749,0.759657,0.664078,0.807947,0.639098,0.595668,0.837349,0.853933
4110,0.010204,0.008811,0,0,0,0.028571,0,0
4111,0,0.018634,0.007692,0.010204,0.018868,0.012821,0,0
4112,0.005865,0.012966,0.005952,0.014634,0.01566,0.014423,0,0
4113,0.002469,0.016736,0.011848,0.004032,0.008977,0.014035,0,0
4114,0.055363,0.057232,0.013841,0.028986,0.049577,0.047569,0.020725,0
4115,0.005405,0.026734,0.009744,0.009662,0.011414,0.009901,0.004082,0
4116,0.012387,0.026163,0.007583,0.006356,0.010768,0.057999,0.075085,0.022727
4117,0.014374,0.069599,0.009471,0.014,0.015179,0.016586,0.003096,0.009569
4118,0.01971,0.042044,0.006245,0.008081,0.015439,0.013123,0.009174,0.004762
4119,0.004386,0.006048,0.000827,0.002083,0.01101,0.01157,0.003135,0.004926
4120,0,0.016334,0.006711,0.020231,0.026786,0.020016,0,0.02
4121,0.007937,0.00783,0.00578,0.01087,0.006033,0.008906,0.004878,0
4122,0,0.004695,0.020833,0,0,0,0,0
4123,0.012195,0.01005,0,0.040816,0.028571,0,0,0
4124,0.040541,0.005348,0,0,0.033333,0,0,0
4125,0.007143,0.0125,0,0.010101,0.013514,0.067961,0,0
4126,0.036364,0.044944,0.040541,0.025,0.03321,0.059561,0.014286,0
4127,0.013029,0.022495,0.016807,0.01676,0.029126,0.022161,0.013333,0.023256
4128,0.019355,0.03854,0.020661,0.010989,0.019231,0.024725,0.013333,0
4129,0.015674,0.013834,0.004098,0.015544,0.019108,0.044974,0,0
4130,0.008197,0.018933,0.026119,0.008889,0.013298,0.019231,0,0.03125
4131,0.013263,0.022071,0.021978,0.008811,0.020833,0.024896,0,0.044118
4132,0.014993,0.015369,0.003077,0.011461,0.010664,0.004892,0.005464,0
4133,0.007491,0.00692,0.004994,0.007712,0.00695,0.00571,0.004695,0
4134,0.006985,0.011102,0.015784,0.007143,0.00968,0.013889,0.012605,0.01227
4135,0.007895,0.021495,0.014337,0.008646,0.010621,0.025032,0.012097,0
4136,0.00135,0.010466,0.015276,0.002994,0.005063,0.010349,0,0.007752
4137,0.023121,0.015306,0.01083,0.009772,0.019048,0.022949,0.010695,0
4138,0,0.007278,0.001838,0.008621,0.00369,0.00361,0,0.017544
4139,0.00237,0.00905,0.009416,0,0.005859,0.007653,0,0
4140,0,0.008197,0.005571,0.00578,0.00627,0.020455,0,0
4141,0.005747,0.011858,0.008065,0.009009,0,0.006667,0,0
4142,0,0.018605,0.021277,0,0,0,0,0.083333
4143,0.013699,0.015504,0.020408,0,0,0,0,0
4144,0.008547,0.005747,0,0,0.017316,0.003759,0.008,0.03125
4145,0.041494,0.022727,0.004808,0.035088,0.034483,0.011278,0,0.015385
4146,0.006061,0.015244,0.007435,0.014151,0.006135,0.008,0,0
4147,0.008043,0.009602,0.013289,0.008439,0.005181,0.015801,0,0
4148,0.010417,0.013752,0.009412,0.006757,0.014433,0.010101,0,0
4149,0.004367,0.006971,0.00479,0,0.005632,0.010383,0.008021,0
4150,0.014512,0.011278,0.007874,0.020725,0.006525,0.012315,0.006969,0
4151,0.049505,0.039627,0.017391,0.026786,0.04902,0.015873,0,0
4152,0.065041,0.053942,0,0.035088,0.040816,0,0.021739,0.045455
4153,0,0.017143,0,0,0.05,0,0,0
4154,0.727392,0.733735,0.631579,0.710059,0.708591,0.703901,0.565625,0.60625
4155,0.806329,0.820018,0.782258,0.764706,0.796403,0.76443,0.807018,0.865248
4156,0.809584,0.826446,0.790323,0.782716,0.808199,0.775084,0.818841,0.87234
4157,0.704246,0.749751,0.658789,0.678947,0.727533,0.718553,0.671171,0.74
4158,0.689252,0.748948,0.721649,0.67451,0.720848,0.718433,0.676471,0.84
4159,0.746356,0.686186,0.677885,0.776224,0.639576,0.474286,0.83945,0.831461
4160,0.793985,0.828734,0.71024,0.803333,0.733244,0.650602,0.8675,0.948864
4161,0.665779,0.72807,0.656311,0.732759,0.633526,0.605585,0.87905,0.894737
4162,0.929134,0.906722,0.440529,0.440191,0.896985,0.428115,0.913043,0.87
4163,0.687954,0.720238,0.692837,0.705736,0.668468,0.645437,0.789308,0.666667
4164,0.670918,0.662651,0.649433,0.660754,0.648163,0.605263,0.753968,0.645714
4165,0.598055,0.653785,0.54661,0.647541,0.640687,0.627168,0.515152,0.361111
4166,0.51963,0.842262,0.804408,0.869718,0.786469,0.78427,0.794118,0.342857
4167,0.857955,0.868154,0.796053,0.748299,0.722689,0.670213,0.454545,0.660714
4168,0.47619,0.47619,0.347222,0.608108,0.24,0.162791,0.571429,0.666667
4169,0.521739,0.517647,0.419753,0.590909,0.309091,0.217391,0.604167,0.678571
4170,0.517647,0.547684,0.467213,0.645161,0.4,0.237113,0.671642,0.714286
4171,0.565934,0.555263,0.524194,0.729323,0.446154,0.305556,0.76,0.852941
4172,0.662162,0.639485,0.634831,0.802469,0.491228,0.305195,0.826087,0.8
4173,0.569659,0.541806,0.486957,0.680751,0.436364,0.366534,0.816667,0.847458
4174,0.786004,0.740575,0.652564,0.773481,0.763409,0.697225,0.824121,0.842932
4175,0.671429,0.635135,0.568627,0.757576,0.582524,0.483871,0.869565,0.9375
4176,0.859327,0.810547,0.844237,0.806763,0.77761,0.755245,0.952381,0.824324
4177,0.204082,0.281768,0.066667,0.159091,0.139535,0.297872,0.757576,0.818182
4178,0.284861,0.33869,0.157088,0.204633,0.363328,0.345576,0.591195,0.639535
4179,0.342857,0.362445,0.197509,0.210526,0.385794,0.403026,0.771739,0.777778
4180,0.369958,0.380757,0.227666,0.250667,0.410837,0.442871,0.614545,0.669118
4181,0.367847,0.370994,0.2151,0.227979,0.385129,0.43956,0.546926,0.685714
4182,0.38285,0.374384,0.239474,0.255269,0.420966,0.463918,0.341207,0.390533
4183,0.365639,0.352151,0.213924,0.235294,0.3673,0.418398,0.496629,0.509804
4184,0.353982,0.381443,0.28,0.233898,0.41958,0.559607,0.816406,0.816176
4185,0.71875,0.646067,0.7,0.690909,0.607143,0.477273,0.761905,0.689655
4186,0.679739,0.636024,0.554893,0.616279,0.490991,0.493809,0.791667,0.699507
4187,0.816506,0.804727,0.7254,0.821124,0.761929,0.694188,0.950324,0.921162
4188,0.727485,0.757824,0.67029,0.650206,0.72879,0.732061,0.866044,0.890625
4189,0.558824,0.591195,0.572093,0.672269,0.427027,0.417969,0.065789,0.090909
4190,0.259259,0.238426,0.155797,0.264516,0.300341,0.340633,0.067961,0.1
4191,0.830128,0.809322,0.885827,0.862319,0.820093,0.785366,0.119048,0.108108
4192,0.823529,0.796657,0.832461,0.888889,0.810169,0.815603,0.15,0.148148
4193,0.808917,0.767717,0.840909,0.936709,0.756757,0.853333,0.15942,0.095238
4194,0.9625,0.925466,0.919355,0.931818,0.893617,0.890909,0.723404,0.833333
4195,0.850575,0.73494,0.577778,0.862745,0.681818,0.464286,0.92,0.857143
4196,0.820197,0.792768,0.732075,0.89899,0.740741,0.635417,0.893617,0.943182
4197,0.804971,0.752796,0.667702,0.761194,0.638623,0.62768,0.895288,0.896552
4198,0.829741,0.811284,0.662125,0.84472,0.720675,0.628647,0.875,0.89
4199,0.89571,0.879426,0.828836,0.891396,0.842549,0.823878,0.964552,0.963696
4200,0.903766,0.89152,0.821948,0.886713,0.839506,0.82064,0.956672,0.95098
4201,0.471429,0.761194,0.644068,0.380952,0.5,0.481481,0.931818,0.9
4202,0.792308,0.781893,0.685484,0.906667,0.604938,0.454545,0.865672,1
4203,0.756663,0.787092,0.756294,0.77193,0.672785,0.698447,0.936782,0.946309
4204,0.733209,0.73208,0.656566,0.774704,0.673028,0.714286,0.954357,0.979167
4205,0.815145,0.810596,0.84345,0.818584,0.78479,0.839344,0.945274,0.952381
4206,0.864662,0.849854,0.818815,0.879808,0.814745,0.854749,0.971098,0.973333
4207,0.956332,0.943052,0.953757,0.983333,0.964286,0.957143,0.988764,1
4208,0.965517,0.9675,0.948387,1,0.959302,0.988024,0.948052,0.964286
4209,0.95082,0.970667,0.965986,0.96,0.936306,0.987179,0.986301,1
4210,0.702128,0.669811,0.606061,0.72,0.607143,0.333333,0.857143,1
4211,0.287081,0.17402,0.235602,0.23,0.167959,0.108696,0.78481,0.903226
4212,0.446809,0.324528,0.367893,0.347826,0.297735,0.165165,0.876033,0.796296
4213,0.233161,0.10221,0.187845,0.170732,0.10804,0.119593,0.90991,0.830189
4214,0.733333,0.735955,0.72,0.727273,0.8,0.515152,0.69697,1
4215,0.785047,0.673387,0.608696,0.651515,0.702703,0.509091,0.705882,0.647059
4216,0.755365,0.8,0.712575,0.819549,0.75,0.593407,0.902439,0.9
4217,0.765166,0.727485,0.715217,0.77931,0.701794,0.559783,0.824324,0.836538
4218,0.843175,0.831591,0.836207,0.824121,0.791787,0.772549,0.757856,0.777372
4219,0.901193,0.875211,0.854512,0.925926,0.878113,0.827357,0.901639,0.920455
4220,0.910526,0.910638,0.872483,0.840426,0.911111,0.477876,0.965517,1
4221,0.640167,0.720953,0.628571,0.706714,0.618102,0.560465,0.832298,0.835443
4222,0.886705,0.853925,0.872475,0.847534,0.838424,0.854515,0.911504,0.895
4223,0.879017,0.846872,0.776471,0.792642,0.835498,0.862857,0.946524,0.948052
4224,0.707921,0.646067,0.587336,0.662132,0.54089,0.479675,0.608247,0.593583
4225,0.893987,0.854376,0.848958,0.867876,0.822581,0.797066,0.451362,0.446429
4226,0.9375,0.955908,0.915663,0.90566,0.961957,0.870056,0.981481,0.955556
4227,0.715517,0.526316,0.308411,0.518519,0.5,0.513043,0.862745,0.85
4228,0.448399,0.402672,0.218884,0.365854,0.385382,0.393531,0.851064,0.868421
4229,0.841545,0.62172,0.785897,0.775,0.67636,0.722042,0.88255,0.844595
4230,0.747748,0.7897,0.616438,0.723077,0.527778,0.363636,0.897436,0.857143
4231,0.642857,0.629179,0.511628,0.528302,0.44375,0.352564,0.709677,0.65
4232,0.860987,0.81137,0.770445,0.889571,0.784496,0.698113,0.80663,0.830688
4233,0.875321,0.882398,0.777363,0.884932,0.821854,0.770046,0.838308,0.825472
4234,0.881313,0.864048,0.787049,0.913279,0.816248,0.769737,0.85514,0.869955
4235,0.876731,0.853242,0.80579,0.833333,0.819516,0.75971,0.90137,0.863415
4236,0.88456,0.864602,0.846341,0.894389,0.851031,0.815217,0.864865,0.921875
4237,0.829412,0.778711,0.847222,0.758242,0.75,0.781022,0.859504,0.928571
4238,0.587209,0.65641,0.506579,0.76699,0.564516,0.377049,0.857143,0.861111
4239,0.794344,0.800275,0.73125,0.784404,0.745921,0.560706,0.861111,0.90625
4240,0.890971,0.882755,0.880052,0.910744,0.853187,0.795933,0.947674,0.977492
4241,0.895267,0.869958,0.870515,0.896078,0.860863,0.819257,0.955017,0.973978
4242,0.566351,0.546108,0.491315,0.545455,0.466844,0.325073,0.748571,0.821053
4243,0.614089,0.596154,0.544068,0.649315,0.509244,0.451852,0.865942,0.886525
4244,0.834783,0.844086,0.740602,0.861027,0.826531,0.79397,0.934066,0.926316
4245,0.923645,0.884793,0.918768,0.941964,0.891697,0.872093,0.861111,0.824561
4246,0.876081,0.889091,0.860544,0.886598,0.852732,0.858586,0.905263,0.911111
4247,0.927419,0.869663,0.880734,0.853503,0.832192,0.880597,0.871795,0.794118
4248,0.851351,0.811321,0.862745,0.796875,0.866667,0.866667,0.710526,0.8
4249,0.9,0.90099,0.93617,0.885246,0.923077,0.928571,0.75,0.666667
4250,0.721311,0.660606,0.566667,0.647059,0.533333,0.372093,0.487805,0.315789
4251,0.808824,0.657459,0.585106,0.694444,0.6,0.431034,0.690476,0.5
4252,0.751938,0.756554,0.701389,0.866667,0.598765,0.533333,0.486486,0.615385
4253,0.745342,0.772455,0.694611,0.716049,0.654867,0.544601,0.404494,0.431373
4254,0.761062,0.780142,0.705584,0.810811,0.660494,0.567308,0.495327,0.45614
4255,0.677686,0.753695,0.64759,0.719388,0.578859,0.569892,0.346154,0.308511
4256,0.864682,0.723993,0.623641,0.542141,0.836521,0.767785,0.344633,0.282723
4257,0.890063,0.614144,0.517778,0.508651,0.842781,0.782864,0.325926,0.269231
4258,0.181208,0.28777,0.355556,0.467532,0.11828,0.071429,0,0
4259,0.167331,0.335648,0.527027,0.485294,0.172414,0.08867,0,0
4260,0.136832,0.297343,0.53271,0.427336,0.1305,0.131409,0.021236,0.022059
4261,0.116279,0.178178,0.518919,0.357746,0.103878,0.088983,0.003704,0.007143
4262,0.064935,0.064516,0.528926,0.284722,0.032468,0.051724,0.017857,0
4263,0.02439,0.09816,0.422222,0.294643,0.035714,0.09,0,0
4264,0.115044,0.212851,0.538462,0.4375,0.108696,0.080645,0,0
4265,0.957143,0.939227,0.883721,0.871795,1,0.909091,0.972973,1
4266,0.838983,0.854962,0.896552,0.875,0.84375,0.780822,0.87037,0.8
4267,0.873838,0.865737,0.75,0.854342,0.844618,0.78939,0.942387,0.934211
4268,0.863636,0.876122,0.651272,0.86965,0.814998,0.785864,0.915966,0.945833
4269,0.867593,0.879607,0.776493,0.910714,0.839386,0.7641,0.923077,0.956522
4270,0.675545,0.662321,0.573487,0.779412,0.588138,0.497925,0.838983,0.816092
4271,0.480874,0.554566,0.49697,0.712871,0.443262,0.37619,0.921569,0.666667
4272,0.592,0.64,0.607843,0.761905,0.466102,0.401961,0.771429,0.653846
4273,0.506024,0.453659,0.918367,0.509434,0.875,0.902439,0.972222,0
4274,0.912127,0.898515,0.922897,0.948553,0.907131,0.826389,0.959641,0.954545
4275,0.949438,0.906468,0.920266,0.92562,0.916947,0.867377,0.978102,0.966667
4276,0.942436,0.914019,0.897015,0.913158,0.901198,0.858499,0.978022,0.968992
4277,0.855607,0.821978,0.826861,0.895349,0.836683,0.767396,0.952191,0.92
4278,0.843206,0.802521,0.666667,0.855422,0.74463,0.605263,0.860215,0.888889
4279,0.508621,0.722892,0.91954,0.767857,0.676471,0.773585,0,0.04
4280,0.708333,0.824903,0.94382,0.915254,0.861111,0.883333,0,0.08
4281,0.618852,0.721348,0.911439,0.874126,0.731884,0.840989,0.084034,0.035714
4282,0.638554,0.73102,0.925,0.876712,0.751748,0.841549,0.1,0.034483
4283,0.721003,0.744863,0.798956,0.814815,0.773128,0.771488,0.1,0.1
4284,0.802343,0.813093,0.85277,0.885417,0.778399,0.774325,0.092664,0.077465
4285,0.886878,0.862654,0.827699,0.903766,0.805259,0.768703,0.091667,0.122449
4286,0.886139,0.859907,0.79802,0.892593,0.791766,0.72393,0.09795,0.105727
4287,0.883542,0.802492,0.733465,0.90689,0.783324,0.691841,0.08977,0.152
4288,0.865088,0.844218,0.719139,0.892276,0.778135,0.625403,0.105932,0.13278
4289,0.771593,0.740872,0.671875,0.79927,0.655405,0.491135,0.09319,0.121622
4290,0.713178,0.641791,0.701571,0.6625,0.614232,0.476793,0.096296,0.086207
4291,0.75,0.652733,0.641221,0.635514,0.592593,0.405405,0.0625,0.083333
4292,0.84135,0.78744,0.792562,0.826154,0.756479,0.7,0.738197,0.741036
4293,0.745946,0.757515,0.608434,0.781513,0.60221,0.412429,0.64486,0.65
4294,0.829114,0.738208,0.676471,0.792453,0.637097,0.403361,0.474747,0.588235
4295,0.918182,0.951327,0.810345,0.925,0.842105,0.917808,0.342105,0.380952
4296,0.929204,0.894958,0.934426,0.883721,0.869048,0.901235,0.263158,0.272727
4297,0.92562,0.920319,0.854839,0.942529,0.885417,0.930693,0.25641,0.454545
4298,0.959799,0.920398,0.882051,0.954887,0.919643,0.93,0.107692,0.15
4299,0.924471,0.890017,0.857971,0.927602,0.911278,0.851623,0.136364,0.149254
4300,0.971429,0.928333,0.907609,0.950617,0.93353,0.892638,0.25,0.267606
4301,0.935091,0.919255,0.899598,0.957746,0.913282,0.860041,0.3,0.261905
4302,0.949343,0.911935,0.88932,0.926667,0.906282,0.869025,0.198582,0.172043
4303,0.899836,0.862217,0.826549,0.863501,0.827324,0.775153,0.160714,0.136752
4304,0.877427,0.813533,0.719041,0.894866,0.739955,0.72147,0.119149,0.194631
4305,0.819066,0.790698,0.719424,0.896154,0.701133,0.667413,0.216667,0.304878
4306,0.793939,0.794451,0.741463,0.869048,0.717293,0.678066,0.181034,0.266667
4307,0.728,0.677824,0.587719,0.730769,0.631579,0.404255,0.75,0.652174
4308,0.034884,0.02381,0,0.013699,0,0,0,0
4309,0.015,0.014765,0.006557,0.004386,0,0.002188,0.007246,0
4310,0.012069,0.009242,0.002114,0.003247,0.002469,0.002424,0,0
4311,0,0.002616,0,0,0.006536,0.0022,0.004255,0.007634
4312,0.00936,0.003393,0.005758,0.008902,0,0.004202,0,0
4313,0.002016,0.005441,0.002392,0.00211,0.001813,0.001919,0.004975,0.007874
4314,0.001667,0.002643,0.006772,0,0.002265,0.003567,0.013453,0.022556
4315,0,0.003308,0,0.00369,0.004438,0.009709,0,0
4316,0.002257,0.002283,0.003215,0.003968,0,0,0,0
4317,0.007126,0.010702,0.003322,0.004219,0,0.003442,0,0
4318,0,0.002516,0.003401,0,0.001645,0,0,0
4319,0,0.00152,0,0,0,0.009132,0.017857,0.015152
4320,0.009009,0.010776,0,0.007634,0.019802,0,0,0
4321,0,0.02521,0,0.018519,0.016667,0.012658,0,0
4322,0.016807,0.00495,0.00885,0.024691,0.007299,0,0,0
4323,0.006993,0.008032,0,0,0,0,0,0
4324,0.010695,0.003125,0,0.008929,0,0,0.029412,0
4325,0.009569,0.002632,0.007937,0,0,0.005168,0,0
4326,0.009217,0.005013,0.007547,0.015873,0,0,0,0
4327,0.008065,0.008677,0.003247,0.006944,0.007937,0,0,0
4328,0,0.008032,0.002899,0.006667,0.003676,0.003546,0,0
4329,0.007407,0.009524,0.005602,0,0.001764,0.003401,0,0
4330,0.005602,0.014641,0.005825,0.010582,0.003546,0.004673,0,0
4331,0.005391,0.014124,0.005639,0.010152,0.006615,0.005525,0,0
4332,0.002506,0.013477,0.003663,0.004808,0.006342,0.00533,0,0
4333,0,0.014035,0.001642,0.008511,0.005863,0.003463,0,0
4334,0.004098,0.014607,0,0,0.001584,0.004975,0,0
4335,0.007974,0.008905,0.003686,0.009288,0.004144,0.0031,0,0
4336,0.001538,0.010526,0.004957,0.003058,0.001743,0.004227,0,0
4337,0.005229,0.009797,0.002294,0.002506,0.003445,0.004224,0.004425,0
4338,0.003827,0.008785,0.005476,0.002404,0.00098,0.002615,0,0
4339,0.00361,0.010578,0.002304,0.002336,0.003385,0.007258,0,0
4340,0.005038,0.007818,0.001272,0,0.002096,0.001117,0.008299,0.006579
4341,0.005083,0.005076,0.003745,0,0.003295,0.006325,0.004367,0.007042
4342,0.003436,0.009018,0.003795,0,0.003976,0.004794,0,0
4343,0,0.005871,0,0.005495,0.00692,0,0,0
4344,0.008065,0.015038,0,0,0.016484,0.004274,0.014925,0
4345,0,0.010949,0,0.010638,0,0,0,0.032258
4346,0,0.009091,0,0,0,0,0,0.052632
4347,0,0.016484,0,0,0,0.013699,0.033333,0
4348,0.885714,0.878531,0.872727,0.854701,0.855705,0.843511,0.929825,0.92
4349,0.810585,0.8,0.838509,0.513514,0.790036,0.77551,0.90625,0.911111
4350,0.872564,0.844976,0.874696,0.936842,0.831317,0.77459,0.89881,0.910112
4351,0.881503,0.843985,0.860806,0.929134,0.808855,0.756977,0.892216,0.897727
4352,0.811927,0.83501,0.814767,0.896458,0.763224,0.714557,0.902439,0.880952
4353,0.665017,0.761099,0.753004,0.717877,0.636364,0.596785,0.848101,0.759036
4354,0.662763,0.698972,0.669811,0.776471,0.585816,0.516974,0.830769,0.848485
4355,0.692308,0.705382,0.584034,0.776923,0.546154,0.507246,0.780488,0.913043
4356,0.909266,0.916207,0.888268,0.923404,0.895455,0.850694,0.941176,0.923077
4357,0.812403,0.777879,0.778243,0.799363,0.766055,0.702206,0.8,0.954545
4358,0.855263,0.860771,0.87242,0.919075,0.835498,0.805936,0.75,1
4359,0.707317,0.645422,0.610902,0.685801,0.591814,0.487861,0.772727,0.913043
4360,0.925419,0.900185,0.86637,0.928367,0.88064,0.740558,0.863636,0.906863
4361,0.921084,0.910037,0.874603,0.946429,0.880671,0.863382,0.956954,0.987013
4362,0.893733,0.850683,0.799263,0.89604,0.816647,0.796053,0.882353,0.924883
4363,0.853543,0.803983,0.801782,0.867052,0.725678,0.747164,0.891566,0.963158
4364,0.771795,0.694859,0.766234,0.839506,0.632588,0.662577,0.715736,0.909091
4365,0,0,0,0,0,0,0,0
4366,0,0.004367,0,0,0,0,0,0
4367,0.009346,0.003953,0.02,0,0.010309,0.013158,0,0
4368,0,0,0,0,0,0,0,0
4369,0,0.003205,0,0,0,0,0,0
4370,0,0,0,0.013514,0,0.008696,0,0
4371,0.004717,0.015317,0.008621,0,0.004329,0.005525,0.012048,0
4372,0,0.002101,0.008403,0,0,0,0,0
4373,0.004255,0.00996,0,0,0.003759,0,0.041667,0
4374,0.00716,0.001241,0,0.005,0,0.002564,0,0
4375,0,0.000951,0,0,0.001441,0.005181,0.005376,0
4376,0.000924,0.001515,0.003713,0.001988,0.002654,0.00252,0.002188,0
4377,0.000824,0.002736,0.002252,0,0.001867,0.003339,0,0.002857
4378,0.001675,0.002395,0.002107,0.001764,0.001019,0.0029,0,0
4379,0.003521,0.001991,0.001076,0.00369,0.006989,0.003016,0.010753,0.021021
4380,0.011317,0.015169,0.018072,0.010661,0.006423,0.00432,0.005128,0.003497
4381,0.005682,0.006472,0.005,0.004926,0.004167,0,0.006536,0.013514
4382,0.00597,0.001706,0.005155,0,0.004348,0.004651,0,0
4383,0.436364,0.669725,0.448276,0.475,0.485714,0.612903,0.111111,0.2
4384,0.625668,0.56917,0.38843,0.694915,0.579592,0.540323,0.057143,0
4385,0.494033,0.443976,0.291536,0.458525,0.45187,0.472939,0.191223,0.263889
4386,0.586598,0.559033,0.37546,0.62069,0.547736,0.584656,0.330864,0.278075
4387,0.501042,0.469039,0.305556,0.516736,0.476464,0.529375,0.306905,0.260116
4388,0.560411,0.522147,0.371958,0.621212,0.544732,0.592838,0.295019,0.252101
4389,0.366766,0.398256,0.288512,0.366279,0.369148,0.505385,0.17619,0.191919
4390,0.511041,0.50455,0.364973,0.533333,0.48539,0.592653,0.261538,0.217391
4391,0.679245,0.616953,0.446086,0.725806,0.651408,0.635481,0.484848,0.282051
4392,0.63354,0.648829,0.447059,0.705882,0.634615,0.376344,0.325581,0.388889
4393,0.958333,0.932773,0.921875,0.952381,0.833333,0.941176,0.911111,0.909091
4394,0.963415,0.912162,0.9625,0.960784,0.976744,0.929825,0.977778,1
4395,0.976744,0.954545,0.954545,0.921569,0.934783,0.954545,0.938776,0.933333
4396,0.892473,0.855491,0.948454,0.855072,0.872727,0.917647,0.876923,0.947368
4397,0.886179,0.86802,0.823077,0.848837,0.822222,0.852459,0.904762,0.928571
4398,0.892086,0.873563,0.842767,0.83,0.837209,0.906077,0.904348,0.914286
4399,0.893035,0.87108,0.862745,0.832599,0.847934,0.844327,0.895,0.941667
4400,0.904306,0.890792,0.821981,0.891641,0.832681,0.78589,0.875421,0.857895
4401,0.813582,0.779483,0.74677,0.814554,0.760576,0.66561,0.796296,0.814208
4402,0.725714,0.640351,0.6,0.72449,0.597403,0.435897,0.964286,0.928571
4403,0.699248,0.423358,0.666667,0.817073,0.704545,0.644444,0.438596,0.909091
4404,0.808989,0.89721,0.910853,0.961207,0.931727,0.881844,0.910569,0.9375
4405,0.740838,0.725429,0.698454,0.785185,0.718683,0.705628,0.639098,0.650273
4406,0.735772,0.709547,0.62987,0.719794,0.699108,0.681514,0.753906,0.754286
4407,0.743534,0.703511,0.678445,0.782772,0.736842,0.630013,0.803279,0.849462
4408,0.714286,0.682369,0.567084,0.700787,0.673522,0.567204,0.790909,0.818182
4409,0.547126,0.504881,0.400749,0.483607,0.512329,0.489177,0.588235,0.654762
4410,0.572034,0.546341,0.433333,0.571429,0.540373,0.4,0.78,0.657895
4411,0.599078,0.630491,0.498039,0.655172,0.599278,0.423664,0.782609,0.818182
4412,0.642424,0.659016,0.471503,0.572519,0.494444,0.424419,0.809524,0.740741
4413,0.353234,0.916418,0.515625,0.41844,0.390625,0.394161,0.115385,0.473684
4414,0.27665,0.781487,0.501333,0.393939,0.40378,0.418367,0.052239,0.064516
4415,0.175342,0.532967,0.329759,0.302817,0.299073,0.377578,0.014778,0.058824
4416,0.186732,0.527027,0.295956,0.39313,0.262542,0.218978,0.059211,0.089286
4417,0.202381,0.571848,0.257732,0.342105,0.299435,0.196262,0.057971,0
4418,0.217687,0.594982,0.302326,0.329897,0.29771,0.230216,0.068966,0.115385
4419,0.177778,0.582418,0.21875,0.376812,0.238095,0.223881,0,0
4420,0.1375,0.573171,0.327586,0.369231,0.254545,0.245902,0,0
4421,0.725664,0.635556,0.588235,0.738462,0.552941,0.375,0.947368,0.826087
4422,0.679545,0.535714,0.45898,0.332016,0.567407,0.624516,0.9125,0.910112
4423,0.825688,0.697885,0.753425,0.496644,0.669261,0.755418,0.902174,0.882353
4424,0.798817,0.613139,0.726804,0.421875,0.683673,0.705128,0.891566,0.930233
4425,0.604585,0.744783,0.845361,0.850962,0.731148,0.607692,0.714286,0.654545
4426,0.621247,0.748649,0.870091,0.847737,0.65544,0.617647,0.761538,0.647887
4427,0.644444,0.744574,0.868878,0.827251,0.723427,0.70387,0.826613,0.816176
4428,0.619213,0.680211,0.798376,0.751082,0.60223,0.642122,0.821306,0.779762
4429,0.524535,0.613804,0.674038,0.709416,0.52916,0.580808,0.673423,0.598566
4430,0.519665,0.575819,0.718419,0.626603,0.589653,0.585286,0.715116,0.67619
4431,0.587432,0.642669,0.778553,0.720268,0.625455,0.608933,0.79564,0.771552
4432,0.474525,0.593407,0.661064,0.614964,0.565627,0.576237,0.749196,0.72
4433,0.381127,0.557758,0.67587,0.462754,0.487669,0.501314,0.604082,0.678082
4434,0.498013,0.59366,0.69599,0.644706,0.527778,0.527378,0.698565,0.661538
4435,0.633712,0.727695,0.787086,0.80758,0.672817,0.668533,0.775956,0.84466
4436,0.587762,0.674524,0.742958,0.74184,0.630513,0.665222,0.679348,0.79661
4437,0.491577,0.592694,0.738676,0.58631,0.551684,0.63141,0.671795,0.743802
4438,0.621951,0.669429,0.723958,0.729412,0.637931,0.652552,0.676617,0.68254
4439,0.333333,0.471014,0.565217,0.538462,0.235294,0.375,0.652174,0.444444
4440,0.941538,0.881916,0.91439,0.947242,0.905072,0.834403,0.9375,0.886525
4441,0.66115,0.627138,0.544835,0.574956,0.525735,0.506775,0.809633,0.755656
4442,0.807229,0.728191,0.705539,0.753582,0.733533,0.634989,0.834437,0.835616
4443,0.578584,0.500506,0.361669,0.370607,0.451247,0.457541,0.878261,0.881356
4444,0.863889,0.81883,0.777273,0.842105,0.731076,0.5902,0.848485,0.840909
4445,0.66129,0.742726,0.51005,0.60452,0.568233,0.497382,0.880597,0.878788
4446,0.842697,0.805281,0.740181,0.79085,0.719008,0.555195,0.921875,0.903226
4447,0.627586,0.578035,0.43125,0.581395,0.435897,0.381818,0.902439,0.75
4448,0.340426,0.274809,0.191176,0.256881,0.301587,0.446524,0.178295,0.208955
4449,0.382278,0.376147,0.297235,0.308108,0.372706,0.473108,0.631868,0.709402
4450,0.357488,0.367973,0.283298,0.282828,0.347594,0.455197,0.375635,0.328125
4451,0.35814,0.360738,0.277328,0.285024,0.365546,0.452895,0.485,0.439394
4452,0.369681,0.373429,0.268061,0.228571,0.359703,0.408922,0.447205,0.48913
4453,0.32133,0.360595,0.236581,0.238579,0.310209,0.367428,0.439189,0.52809
4454,0.312081,0.338785,0.179293,0.181818,0.299645,0.340789,0.336134,0.493151
4455,0.310105,0.301471,0.151194,0.142857,0.258427,0.26648,0.206897,0.231884
4456,0.320463,0.321716,0.15142,0.216216,0.242697,0.324607,0.28866,0.365079
4457,0.397959,0.437838,0.304,0.434783,0.264706,0.28481,0.631579,0.785714
4458,0.960784,0.982301,0.953271,0.988636,0.944444,0.935484,0.915663,0.892857
4459,0.930754,0.941238,0.907449,0.945848,0.905229,0.897436,0.737805,0.716667
4460,0.948669,0.935,0.893805,0.959596,0.902439,0.88604,0.836842,0.8
4461,0.797917,0.805687,0.585956,0.879245,0.634862,0.535771,0.928571,0.875
4462,0.8,0.803653,0.620462,0.898058,0.629243,0.56057,0.848921,0.903846
4463,0.760943,0.791016,0.653509,0.827586,0.62069,0.514388,0.782609,0.897436
4464,0.623431,0.751185,0.677419,0.785185,0.521505,0.455882,0.608247,0.71875
4465,0.820611,0.816764,0.768072,0.801527,0.722408,0.545455,0.809524,0.877551
4466,0.792381,0.81875,0.755597,0.89011,0.69645,0.644578,0.826923,0.859813
4467,0.627119,0.728528,0.716321,0.738786,0.583039,0.553544,0.840256,0.758621
4468,0.812859,0.837931,0.75,0.88862,0.73948,0.66622,0.884181,0.86802
4469,0.668508,0.720664,0.740337,0.867562,0.613278,0.557592,0.816456,0.782946
4470,0.919169,0.914864,0.915375,0.946695,0.878563,0.834382,0.932011,0.946078
4471,0.791922,0.802326,0.783163,0.857461,0.728692,0.724368,0.86747,0.763441
4472,0.9022,0.930889,0.908714,0.976471,0.909091,0.874715,0.901515,0.888889
4473,0.96063,0.975265,0.942308,0.981308,0.978723,0.941176,1,0.857143
4474,0.946429,0.925094,0.914894,0.979592,0.944444,0.977778,0.980769,0.92
4475,0.215054,0.158163,0.112245,0.086207,0.048544,0.135417,0.8125,0.692308
4476,0.158249,0.108481,0.06,0.082353,0.115903,0.074419,0.581633,0.595238
4477,0.206096,0.099338,0.093195,0.064516,0.122034,0.119085,0.646226,0.558559
4478,0.219061,0.092336,0.088698,0.090395,0.157025,0.140406,0.611607,0.624
4479,0.246287,0.14984,0.128662,0.14467,0.211957,0.201829,0.681648,0.606452
4480,0.275281,0.133764,0.18706,0.147632,0.221269,0.19198,0.706612,0.671053
4481,0.235398,0.15977,0.136054,0.150685,0.198857,0.209713,0.691429,0.632
4482,0.201201,0.078712,0.106122,0.065934,0.131894,0.100719,0.471154,0.376812
4483,0.214744,0.045908,0.086364,0.067901,0.115282,0.081081,0.56383,0.440678
4484,0,0.003247,0,0,0,0,0,0
4485,0.002398,0.001179,0.003636,0,0.003284,0,0,0
4486,0.00738,0.001896,0.005168,0.010753,0.006615,0.005618,0.006579,0
4487,0.006944,0.003279,0.009537,0.002375,0.003049,0.003692,0.003817,0.020548
4488,0.001967,0.001697,0.004837,0.002151,0.002603,0.003161,0,0
4489,0.000894,0.004963,0.001046,0,0.001851,0.004589,0.00813,0.005076
4490,0.002806,0.003618,0.005359,0.005871,0.005806,0.001881,0,0
4491,0.003158,0.004077,0,0,0.001132,0.005488,0,0.011696
4492,0,0.00105,0.005333,0.004149,0.00664,0.007682,0.007299,0
4493,0.002016,0.004228,0.002681,0.012658,0.001333,0.007792,0.030303,0
4494,0,0.003188,0.008108,0,0,0.010512,0.008197,0.016667
4495,0.002262,0.007042,0.008798,0.004651,0.001538,0.012968,0,0.02
4496,0.002415,0.003708,0.006211,0.005128,0,0.013825,0,0
4497,0.005405,0.004065,0.010067,0.005435,0,0.008224,0,0
4498,0.005102,0,0,0.010417,0,0.007519,0,0
4499,0,0.004367,0.016667,0,0,0.007194,0,0
4500,0.7,0.728125,0.609819,0.748663,0.58502,0.47487,0.504425,0.58209
4501,0.605769,0.64269,0.548503,0.76161,0.607887,0.562459,0.342007,0.36129
4502,0.750602,0.81115,0.723896,0.894879,0.720145,0.639678,0.761589,0.7
4503,0.71018,0.786749,0.69877,0.820106,0.677616,0.630636,0.751613,0.736842
4504,0.609013,0.678153,0.617108,0.731527,0.613607,0.587612,0.636364,0.640719
4505,0.612943,0.696167,0.647303,0.766585,0.630392,0.638286,0.61039,0.573171
4506,0.885214,0.876241,0.907532,0.89924,0.84763,0.826541,0.826816,0.778351
4507,0.884831,0.888576,0.903413,0.907063,0.855927,0.820158,0.803714,0.769608
4508,0.887423,0.877364,0.879176,0.924188,0.853068,0.825859,0.626126,0.565217
4509,0.897797,0.881789,0.880208,0.929348,0.858346,0.815414,0.707692,0.684647
4510,0.949821,0.932759,0.985915,0.970149,0.964103,0.950673,0.962963,0.96
4511,0.791829,0.698714,0.695789,0.784519,0.676164,0.566667,0.774319,0.846847
4512,0.762562,0.690445,0.7287,0.792123,0.728121,0.668508,0.942857,0.943262
4513,0.868958,0.862392,0.878681,0.88729,0.834722,0.832907,0.956811,0.948529
4514,0.801802,0.790698,0.817204,0.811024,0.774038,0.747036,0.98,0.894737
4515,0.566879,0.596491,0.678261,0.655556,0.678571,0.717949,0.910714,0.962963
4516,0.689498,0.681754,0.571429,0.734597,0.55102,0.492958,0.87234,0.925532
4517,0.865143,0.872779,0.866071,0.898585,0.828658,0.773953,0.897351,0.873333
4518,0.672131,0.427536,0.474359,0.657895,0.352941,0.184211,0.6,0.333333
4519,0.811236,0.732194,0.704626,0.804545,0.682432,0.59205,0.745283,0.851852
4520,0.791667,0.722635,0.732426,0.800604,0.7,0.568132,0.768987,0.783133
4521,0.837375,0.85443,0.826693,0.849057,0.847047,0.818522,0.907173,0.915966
4522,0.815385,0.811065,0.783964,0.816901,0.822619,0.800224,0.8125,0.891566
4523,0.900826,0.911911,0.864706,0.923695,0.909091,0.871533,0.922481,0.906667
4524,0.628571,0.626761,0.526316,0.621951,0.44,0.444444,0.918367,0.870968
4525,0.761905,0.776204,0.736842,0.8,0.621622,0.503497,0.904762,0.894737
4526,0.709302,0.727034,0.633333,0.780702,0.599099,0.48125,0.939394,0.928571
4527,0.66318,0.728793,0.603175,0.707692,0.622642,0.562219,0.793548,0.692308
4528,0.90678,0.912664,0.805,0.930556,0.833184,0.769296,0.940678,0.924528
4529,0.810316,0.79723,0.720143,0.770642,0.769691,0.727189,0.902564,0.879699
4530,0.872414,0.859959,0.830258,0.909375,0.84984,0.797059,0.942197,0.9
4531,0.885514,0.878285,0.850602,0.931559,0.874224,0.835616,0.930233,0.96
4532,0.920213,0.897849,0.860963,0.876623,0.882075,0.813725,0.947368,0.914286
4533,0.819267,0.829268,0.752534,0.846656,0.771214,0.658302,0.910755,0.881919
4534,0.891026,0.885449,0.873741,0.92006,0.86781,0.783241,0.928862,0.893993
4535,0.88161,0.896339,0.885171,0.911374,0.87404,0.825711,0.954286,0.940351
4536,0.814932,0.839678,0.790461,0.834311,0.807734,0.75817,0.890977,0.939623
4537,0.683007,0.697719,0.611215,0.708207,0.629936,0.618896,0.824268,0.87069
4538,0.610063,0.592857,0.473684,0.553191,0.608696,0.626168,0.924051,0.892857
4539,0.748092,0.666667,0.703125,0.625,0.824561,0.802817,0.857143,0.904762
4540,0.698113,0.557078,0.607143,0.637681,0.694444,0.723404,0.862745,0.692308
4541,0.686937,0.647799,0.498753,0.644828,0.590551,0.536585,0.783784,0.910448
4542,0.623151,0.583291,0.537511,0.558587,0.507647,0.466635,0.805704,0.826625
4543,0.083333,0.05298,0,0.025641,0,0,0,0.142857
4544,0.083333,0.058608,0.05102,0.04918,0.047337,0.018692,0,0
4545,0.008955,0.023697,0.027344,0.034682,0.04086,0.010444,0,0
4546,0.021882,0.035515,0.019123,0.017857,0.023333,0.026,0,0
4547,0.06271,0.08596,0.052934,0.047191,0.100829,0.087779,0,0
4548,0.044444,0.044622,0.031765,0.032787,0.059581,0.042889,0.012346,0
4549,0.08818,0.089806,0.085859,0.089744,0.120383,0.088095,0.007576,0
4550,0.088296,0.10568,0.100885,0.096552,0.10815,0.11958,0,0.011364
4551,0.058651,0.040564,0.051887,0.034783,0.05163,0.078199,0.011364,0
4552,0.025641,0.029851,0.036364,0.036458,0.057239,0.033133,0,0
4553,0.020979,0.021898,0.02,0.017241,0.054264,0.035398,0,0
4554,0.01,0.035176,0.04386,0.012821,0.05,0.029412,0,0
4555,0.386792,0.419811,0.330579,0.311475,0.353535,0.424779,0.954545,0.571429
4556,0.436261,0.481833,0.578534,0.5,0.451613,0.506231,0.858974,0.853659
4557,0.760791,0.859833,0.820459,0.92953,0.818584,0.791485,0.938776,0.961538
4558,0.795053,0.876623,0.866197,0.90625,0.753472,0.885609,0.975,0.973684
4559,0.902834,0.90201,0.915966,0.955556,0.774468,0.902778,0.973333,0.931034
4560,0.847222,0.901734,0.867925,0.915254,0.848168,0.862069,0.939394,0.965517
4561,0.784689,0.78806,0.862745,0.859649,0.762431,0.858896,0.95,0.964286
4562,0.756757,0.748918,0.734375,0.756757,0.6,0.487179,0.586207,0.75
4563,0.785124,0.775862,0.753846,0.717949,0.635514,0.493671,0.628571,0.642857
4564,0.801653,0.8207,0.843299,0.848485,0.727858,0.641914,0.727273,0.706897
4565,0.819149,0.818689,0.784274,0.825472,0.742033,0.653061,0.721519,0.71875
4566,0.844633,0.793277,0.850197,0.83871,0.76209,0.73114,0.865497,0.797872
4567,0.825748,0.791734,0.711738,0.803665,0.740902,0.687744,0.925714,0.907216
4568,0.933586,0.88968,0.92033,0.913386,0.844203,0.838215,0.918699,0.891892
4569,0.895775,0.840722,0.898039,0.891429,0.881553,0.847495,0.954023,0.897436
4570,0.902564,0.853333,0.923729,0.948454,0.839286,0.88961,0.942029,0.931034
4571,0.707317,0.68578,0.586022,0.728477,0.522581,0.445652,0.782609,0.826087
4572,0.761194,0.750359,0.664671,0.840816,0.661202,0.449024,0.789855,0.87013
4573,0.757979,0.729621,0.697904,0.827907,0.632015,0.556433,0.728302,0.789855
4574,0.702444,0.726478,0.736554,0.787992,0.642503,0.565819,0.669782,0.729885
4575,0.756048,0.698243,0.756664,0.773723,0.682859,0.582272,0.784024,0.808743
4576,0.808475,0.803093,0.823826,0.894895,0.775,0.715596,0.702041,0.785185
4577,0.767442,0.754011,0.853873,0.921824,0.752941,0.702899,0.703196,0.782258
4578,0.928395,0.854571,0.881057,0.949153,0.877698,0.855596,0.754286,0.849462
4579,0.914286,0.875902,0.911765,0.949772,0.896484,0.839844,0.866667,0.890244
4580,0.784741,0.810241,0.842723,0.941748,0.78826,0.80167,0.754839,0.797297
4581,0.913242,0.933486,0.936567,0.954887,0.906103,0.869369,0.754717,0.837209
4582,0.34,0.550296,0.402597,0.426829,0.447368,0.836364,0.065041,0.066667
4583,0.205263,0.283828,0.23913,0.235955,0.134328,0.135135,0,0
4584,0.121076,0.139726,0.121281,0.080808,0.046784,0.050132,0.010101,0
4585,0.240126,0.320125,0.253756,0.25283,0.11283,0.122896,0.00625,0
4586,0.106646,0.18359,0.115702,0.087591,0.031634,0.063363,0,0.008333
4587,0.15261,0.199272,0.160284,0.130159,0.036145,0.070893,0.015152,0
4588,0.081146,0.139759,0.085155,0.088889,0.019048,0.047754,0.004367,0.006211
4589,0.090782,0.185312,0.18084,0.087719,0.013123,0.056878,0.005917,0
4590,0.02819,0.088789,0.073034,0.036364,0.004785,0.026236,0,0.007874
4591,0.077052,0.178218,0.154791,0.072131,0.016566,0.043941,0.007143,0
4592,0.119608,0.189003,0.178962,0.10687,0.014585,0.051343,0,0
4593,0.068273,0.134204,0.165242,0.066667,0.015355,0.049743,0.018692,0
4594,0.010616,0.034091,0.016467,0.004098,0.006098,0.005362,0,0.011364
4595,0.102902,0.180556,0.160338,0.103448,0.015449,0.043478,0.037975,0
4596,0.108527,0.152993,0.132353,0.082803,0.026829,0.034043,0.016949,0
4597,0.709877,0.723112,0.620438,0.862903,0.555556,0.456693,0.864198,0.710526
4598,0.819497,0.874583,0.899296,0.926158,0.873158,0.836914,0.9606,0.930464
4599,0.279661,0.332366,0.161491,0.209756,0.246043,0.371667,0.738095,0.721805
4600,0.45156,0.477131,0.323009,0.381877,0.406284,0.531365,0.778523,0.833333
4601,0.45098,0.446988,0.286501,0.343396,0.393893,0.510046,0.893443,0.947368
4602,0.495726,0.527187,0.471831,0.379562,0.488636,0.686275,0.728571,0.761905
4603,0.44,0.516616,0.441441,0.230769,0.397959,0.66,0.724138,0.947368
4604,0.642082,0.604592,0.421965,0.646825,0.385126,0.383562,0.112676,0.086957
4605,0.699839,0.716908,0.615697,0.766017,0.550676,0.509354,0.083333,0.043165
4606,0.770509,0.767141,0.690877,0.777778,0.640948,0.619451,0.08,0.080851
4607,0.8125,0.811321,0.742202,0.843212,0.707692,0.676395,0.083141,0.100418
4608,0.675258,0.729204,0.626667,0.68595,0.495868,0.582569,0.05298,0.065789
4609,0.78125,0.662551,0.5,0.767442,0.466667,0.307692,0.804878,0.8
4610,0.711138,0.703408,0.55625,0.721983,0.572193,0.537201,0.23565,0.227273
4611,0.66323,0.646941,0.606822,0.703488,0.638889,0.662043,0.761506,0.751938
4612,0.725055,0.777372,0.775,0.791045,0.628415,0.731225,0.165563,0.102273
4613,0.49162,0.887363,0.923077,0.956522,0.819277,0.854369,0.792208,0.307692
4614,0.5,0.474104,0.235772,0.344,0.295455,0.248062,0.824074,0.811321
4615,0.756522,0.752628,0.646281,0.772009,0.667838,0.53904,0.895674,0.901408
4616,0.886506,0.868836,0.832143,0.899145,0.833426,0.741259,0.960951,0.953947
4617,0.908791,0.898489,0.872271,0.913215,0.88,0.823326,0.962529,0.952586
4618,0.910547,0.912854,0.905817,0.932558,0.905229,0.885714,0.947692,0.917647
4619,0.899543,0.896748,0.912072,0.917085,0.88622,0.860612,0.938849,0.932886
4620,0.899687,0.891015,0.906728,0.907652,0.880309,0.844714,0.945946,0.9
4621,0.784722,0.79321,0.863158,0.690141,0.74359,0.681159,0.9875,0.794118
4622,0.618421,0.753788,0.613861,0.682353,0.56383,0.436893,0.785714,0.83871
4623,0.795031,0.740741,0.649254,0.815029,0.640719,0.518817,0.821918,0.851064
4624,0.816032,0.813483,0.698232,0.792308,0.725097,0.683308,0.958506,0.94702
4625,0.850129,0.84882,0.81519,0.852417,0.798942,0.785821,0.945378,0.959732
4626,0.8,0.802786,0.719343,0.799492,0.726667,0.735699,0.92766,0.959184
4627,0.920128,0.901024,0.85798,0.895522,0.880677,0.855527,0.941176,0.955357
4628,0.908661,0.916594,0.881657,0.918429,0.892569,0.866667,0.950276,0.990909
4629,0.938596,0.899083,0.857143,0.941176,0.945455,0.816327,0.885714,0.9375
4630,0.775862,0.849315,0.177778,0.659574,0.727273,0.904762,0.962963,0.923077
4631,0.836364,0.772152,0.215054,0.549296,0.802632,0.928571,1,0.92
4632,0.841121,0.794326,0.326203,0.688,0.787149,0.769231,0.935897,0.916667
4633,0.761236,0.62439,0.26616,0.49354,0.629983,0.625514,0.908759,0.900709
4634,0.922799,0.798999,0.482927,0.67706,0.793615,0.750436,0.895623,0.937888
4635,0.788918,0.683465,0.463035,0.689189,0.633735,0.524631,0.837398,0.909091
4636,0.537313,0.461538,0.385827,0.434109,0.444444,0.392265,0.849462,0.851064
4637,0.705882,0.566225,0.45,0.564815,0.555556,0.487179,0.848101,0.880952
4638,0.898601,0.873239,0.878338,0.940789,0.881579,0.879668,0.909091,0.911765
4639,0.841226,0.805281,0.880383,0.891753,0.870629,0.835098,0.678571,0.639535
4640,0.849351,0.846645,0.907407,0.945274,0.876047,0.852388,0.809524,0.87234
4641,0.789709,0.760504,0.79918,0.841004,0.818182,0.790993,0.764368,0.8
4642,0.870656,0.806763,0.840206,0.907473,0.785714,0.802682,0.876847,0.849206
4643,0.90669,0.828889,0.853933,0.920382,0.833164,0.80802,0.878661,0.890323
4644,0.876788,0.841874,0.82619,0.903158,0.828134,0.745575,0.842752,0.843636
4645,0.812632,0.771893,0.778555,0.826804,0.71045,0.672609,0.762911,0.749141
4646,0.818182,0.729443,0.796218,0.844402,0.713152,0.66098,0.844327,0.859316
4647,0.814857,0.75303,0.761557,0.840173,0.716838,0.580381,0.762987,0.782222
4648,0.764045,0.729268,0.734737,0.84058,0.664987,0.494366,0.737226,0.73913
4649,0.796296,0.755008,0.711491,0.849558,0.699248,0.50503,0.864407,0.794118
4650,0.819277,0.77892,0.593458,0.811189,0.596491,0.474286,0.829268,0.767442
4651,0.808219,0.754335,0.714286,0.8125,0.60355,0.549296,0.77027,0.764706
4652,0.71109,0.647698,0.677632,0.808511,0.665236,0.697131,0.859551,0.833887
4653,0.346487,0.202375,0.243321,0.330116,0.285786,0.412955,0.685221,0.679715
4654,0.486456,0.334723,0.314651,0.393089,0.485149,0.558068,0.687345,0.689498
4655,0.565315,0.453823,0.301619,0.42562,0.371281,0.546358,0.808612,0.835052
4656,0.364486,0.678733,0.626263,0.6375,0.509434,0.463415,0.707317,0.807692
4657,0.509036,0.673534,0.606498,0.660714,0.48227,0.496183,0.877193,0.9
4658,0.476821,0.635392,0.607059,0.529412,0.503891,0.522241,0.87037,0.884211
4659,0.686327,0.770635,0.80597,0.747642,0.71028,0.719361,0.85283,0.823529
4660,0.697175,0.826884,0.851206,0.818182,0.736761,0.786029,0.926154,0.956731
4661,0.553889,0.783961,0.71789,0.685921,0.673445,0.710526,0.860674,0.857143
4662,0.925105,0.925434,0.88055,0.944637,0.887023,0.87305,0.903614,0.931034
4663,0.935412,0.932173,0.922222,0.94484,0.913399,0.906577,0.911765,0.924324
4664,0.944444,0.917426,0.915084,0.9566,0.902766,0.901901,0.876254,0.902299
4665,0.881657,0.853604,0.852713,0.867647,0.855072,0.813333,0.866667,0.764706
4666,0.732394,0.687259,0.615385,0.868132,0.605769,0.549383,0.887097,0.74359
4667,0.70098,0.709302,0.590909,0.853659,0.6,0.257919,0.740741,0.714286
4668,0.70028,0.648387,0.618182,0.712963,0.63522,0.575221,0.638889,0.666667
4669,0.823932,0.830097,0.668488,0.791892,0.75452,0.779324,0.876847,0.916667
4670,0.833977,0.885481,0.827907,0.863636,0.790274,0.836478,0.897727,0.777778
4671,0.673145,0.619403,0.70801,0.719626,0.518057,0.557568,0.658065,0.691589
4672,0.862827,0.855379,0.857531,0.876923,0.844215,0.815068,0.910224,0.907407
4673,0.163043,0.287081,0.173333,0.263158,0.208333,0.295775,0.648649,0.909091
4674,0.189189,0.285714,0.136364,0.1625,0.126984,0.27451,0.608696,0.933333
4675,0.264184,0.288969,0.146168,0.131148,0.158803,0.304531,0.535519,0.601852
4676,0.478919,0.440326,0.407281,0.347648,0.383392,0.47203,0.815287,0.821622
4677,0.267787,0.341033,0.208845,0.168317,0.288327,0.424904,0.766667,0.777778
4678,0.521805,0.513744,0.400433,0.410615,0.41246,0.517407,0.834171,0.840336
4679,0.431727,0.451694,0.315364,0.291815,0.345345,0.520067,0.785185,0.785714
4680,0.665072,0.635057,0.607477,0.652,0.630473,0.629032,0.833333,0.75
4681,0.623529,0.572277,0.542601,0.516667,0.575646,0.580645,0.767123,0.702128
4682,0.487179,0.434783,0.311475,0.227273,0.366667,0.34375,0.714286,0.615385
4683,0.4,0.495875,0.334842,0.323607,0.422263,0.47775,0.622568,0.658683
4684,0.413146,0.494876,0.32526,0.314894,0.458415,0.497822,0.527439,0.592233
4685,0.380769,0.476335,0.278112,0.313149,0.40864,0.495714,0.454988,0.411111
4686,0.758454,0.740741,0.572034,0.795455,0.644737,0.708551,0.727273,0.844444
4687,0.576408,0.580332,0.508427,0.563025,0.456667,0.521429,0.794872,0.828125
4688,0.736353,0.7286,0.746601,0.737374,0.674792,0.711457,0.925,0.949275
4689,0.835821,0.848943,0.86747,0.809524,0.741379,0.909091,0.934211,0.962963
4690,0.706349,0.746875,0.7875,0.675325,0.764706,0.73913,0.946667,0.92
4691,0.865876,0.800211,0.814972,0.897651,0.733846,0.694631,0.947977,0.936937
4692,0.95057,0.895197,0.938497,0.93424,0.890886,0.831111,0.926641,0.970414
4693,0.546746,0.507023,0.525751,0.573276,0.543552,0.56215,0.065502,0.09589
4694,0.951172,0.924893,0.915301,0.953416,0.913189,0.893039,0.282443,0.215385
4695,0.938424,0.888131,0.890566,0.936255,0.858247,0.878238,0.31068,0.26
4696,0.912,0.91844,0.876712,0.951807,0.933333,0.818182,0.789474,0.576923
4697,0.916667,0.861111,0.815385,0.928571,0.815789,0.75,0.864865,0.791667
4698,0.678161,0.696035,0.836735,0.822581,0.6,0.580645,0.793103,0.842105
4699,0.721649,0.735537,0.75,0.850746,0.576923,0.550725,0.866667,0.727273
4700,0.84507,0.74359,0.726027,0.831579,0.652174,0.603306,0.914894,0.821429
4701,0.796178,0.752778,0.733333,0.82,0.642857,0.596774,0.826923,0.83871
4702,0.814941,0.816248,0.711055,0.856688,0.745149,0.568047,0.852632,0.845588
4703,0.900468,0.880215,0.842105,0.901316,0.867089,0.816147,0.807843,0.868182
4704,0.860879,0.803289,0.76933,0.857741,0.81223,0.772313,0.69967,0.760956
4705,0.917012,0.889878,0.907348,0.91635,0.909266,0.893543,0.929204,0.917647
4706,0.92607,0.859712,0.86755,0.873418,0.877551,0.925311,0.75,0.723404
4707,0.716981,0.718954,0.695652,0.666667,0.5,0.26,0.783784,0.777778
4708,0.722222,0.703704,0.720588,0.728571,0.45614,0.245283,0.409091,0.722222
4709,0.570048,0.608802,0.54878,0.686047,0.514793,0.39172,0.330189,0.160714
4710,0.541667,0.549683,0.531469,0.661538,0.433498,0.34715,0.165289,0.107143
4711,0.634271,0.631306,0.481028,0.573499,0.559727,0.559614,0.899654,0.957317
4712,0.76,0.712824,0.712632,0.709854,0.643718,0.636419,0.168966,0.114286
4713,0.762931,0.78341,0.644444,0.736527,0.67313,0.818792,0.769231,0.755102
4714,0.532164,0.556164,0.485915,0.593407,0.392157,0.349593,0.727273,0.666667
4715,0.763527,0.764953,0.709516,0.82807,0.647727,0.638773,0.921875,0.855422
4716,0.758824,0.776,0.716934,0.793103,0.724371,0.651839,0.826087,0.786885
4717,0.855918,0.79409,0.838889,0.868805,0.79798,0.745998,0.890323,0.873874
4718,0.429293,0.487965,0.47205,0.405229,0.442688,0.580645,0.88,0.722222
4719,0.608696,0.767857,0.61875,0.854545,0.39823,0.55615,0.933333,0.857143
4720,0.690909,0.768116,0.617284,0.79661,0.7,0.55615,0.913043,0.897436
4721,0.575,0.781327,0.661538,0.882353,0.699659,0.652893,0.843137,0.865385
4722,0.51004,0.736434,0.642241,0.828947,0.709832,0.627778,0.71831,0.649123
4723,0.491639,0.766212,0.706767,0.818681,0.707216,0.622426,0.651685,0.710145
4724,0.501348,0.766106,0.709265,0.826291,0.731438,0.642123,0.807692,0.820225
4725,0.572266,0.831592,0.696189,0.830357,0.746416,0.692486,0.729537,0.675
4726,0.657946,0.855645,0.756198,0.837088,0.784478,0.751022,0.647687,0.555556
4727,0.551142,0.801112,0.755144,0.845095,0.777888,0.742493,0.622711,0.512315
4728,0.733722,0.864746,0.778807,0.872154,0.829622,0.792435,0.8125,0.763819
4729,0.601371,0.842857,0.829763,0.836299,0.791938,0.780843,0.502041,0.408537
4730,0.698724,0.854207,0.841866,0.866071,0.798591,0.79336,0.453441,0.343558
4731,0.51896,0.79693,0.744986,0.79798,0.715706,0.760673,0.276596,0.206897
4732,0.561224,0.91024,0.857143,0.877637,0.847328,0.896266,0.590278,0.486239
4733,0.5553,0.902017,0.855634,0.866667,0.813986,0.876006,0.348148,0.291667
4734,0.604878,0.911677,0.863309,0.85567,0.84104,0.922951,0.451852,0.344086
4735,0.685714,0.92955,0.905172,0.905882,0.901701,0.938053,0.533333,0.397059
4736,0.541284,0.847561,0.794872,0.788991,0.742466,0.864111,0.480519,0.1875
4737,0.653226,0.898551,0.897959,0.90625,0.844086,0.922078,0.486486,0.5
4738,0.897727,0.846561,0.666667,0.912281,0.811321,0.589744,0.875,1
4739,0.563218,0.853403,0.648352,0.898305,0.791304,0.514286,1,0.916667
4740,0.916667,0.862069,0.612245,0.920635,0.791667,0.521212,1,0.866667
4741,0.742647,0.823045,0.582609,0.844156,0.776699,0.55,0.888889,0.846154
4742,0.824885,0.822102,0.687783,0.887097,0.753425,0.636364,1,0.862069
4743,0.885542,0.880455,0.934783,0.934911,0.850539,0.790859,0.903226,0.960784
4744,0.905605,0.897059,0.95393,0.953757,0.900446,0.841892,0.969697,0.962264
4745,0.829787,0.743772,0.83871,0.746032,0.813433,0.797872,0.925926,0.928571
4746,0.634328,0.448649,0.269939,0.360825,0.468468,0.485714,0.629032,0.631579
4747,0.509029,0.461702,0.325721,0.339468,0.488172,0.595458,0.152249,0.183908
4748,0.434409,0.405048,0.242,0.317829,0.46776,0.540865,0.084388,0.097015
4749,0.414894,0.416309,0.184211,0.229167,0.32,0.470588,0.8,0.666667
4750,0.356187,0.377944,0.209246,0.285714,0.393665,0.438776,0.723301,0.666667
4751,0.619137,0.483833,0.411311,0.428295,0.622896,0.661017,0.9217,0.909091
4752,0.802363,0.626444,0.517808,0.51153,0.762879,0.738843,0.941476,0.938776
4753,0.912556,0.915375,0.832727,0.915385,0.927948,0.868557,0.830189,0.791667
4754,0.413043,0.336207,0.447761,0.285714,0.391304,0.318182,0.6,0.5
4755,0.515625,0.531034,0.554217,0.571429,0.487179,0.377778,0.833333,0.8
4756,0.455696,0.5,0.526882,0.566667,0.395833,0.338462,0.588235,0.583333
4757,0.419118,0.524715,0.402685,0.432099,0.43662,0.371134,0.591549,0.607143
4758,0.432749,0.47651,0.404494,0.446602,0.491525,0.384615,0.418605,0.525
4759,0.554348,0.621247,0.462451,0.547771,0.576389,0.433476,0.603175,0.649123
4760,0.600543,0.631488,0.562842,0.663677,0.645161,0.56768,0.55618,0.658824
4761,0.526032,0.514863,0.5392,0.504644,0.540246,0.573874,0.424812,0.466216
4762,0.703971,0.692486,0.642762,0.717778,0.626398,0.618182,0.166163,0.248555
4763,0.711075,0.736398,0.68838,0.729577,0.608277,0.670996,0.110638,0.215517
4764,0.56674,0.650448,0.471845,0.591093,0.584496,0.678333,0.13245,0.123077
4765,0.525581,0.484412,0.716312,0.576642,0.549587,0.388278,0.806452,0.810345
4766,0.572139,0.448687,0.523573,0.468817,0.549694,0.55163,0.863753,0.82266
4767,0.629705,0.453821,0.412955,0.430189,0.562119,0.587219,0.885514,0.880342
4768,0.75817,0.603226,0.901515,0.829787,0.732673,0.806452,0.961538,0.878788
4769,0.727723,0.618644,0.636905,0.565217,0.437908,0.422078,0.476562,0.385965
4770,0.767157,0.669461,0.588757,0.717949,0.593047,0.531568,0.650943,0.470588
4771,0.79212,0.75746,0.675872,0.843342,0.684752,0.611836,0.787037,0.751412
4772,0.768322,0.701564,0.732477,0.73617,0.667622,0.700835,0.64042,0.62234
4773,0.878893,0.670232,0.743478,0.710227,0.825893,0.789916,0.779661,0.784615
4774,0.741966,0.72485,0.713398,0.74216,0.651258,0.623457,0.530612,0.438776
4775,0.654918,0.583683,0.662191,0.734234,0.57004,0.650105,0.218978,0.212687
4776,0.883948,0.809437,0.767182,0.858316,0.8,0.756083,0.822695,0.753623
4777,0.867725,0.881553,0.89325,0.881356,0.864434,0.857341,0.598726,0.768116
4778,0.914938,0.893855,0.914729,0.91498,0.828512,0.859489,0.51634,0.62
4779,0,0.117949,0.132353,0.125,0.173913,0.067797,0,0
4780,0.037594,0.161765,0.130435,0.217391,0.133333,0.07438,0,0
4781,0.021505,0.077586,0.053191,0.067797,0.053812,0.03211,0,0
4782,0.026549,0.125,0.079812,0.183206,0.091255,0.053191,0.011236,0.035714
4783,0.008264,0.081264,0.085714,0.041958,0.027248,0.022346,0,0
4784,0.04,0.129386,0.070588,0.135135,0.072917,0.061828,0.030612,0
4785,0.030888,0.151667,0.137542,0.161692,0.075333,0.089986,0.003676,0
4786,0.009879,0.037116,0.041628,0.018947,0.016798,0.017204,0.00303,0
4787,0.024281,0.119034,0.074879,0.144385,0.046093,0.044444,0.009456,0.018605
4788,0.034855,0.146872,0.089955,0.15,0.07934,0.067866,0.013304,0.016194
4789,0.061325,0.179916,0.107985,0.183168,0.087873,0.081542,0.010776,0.004032
4790,0.014551,0.081177,0.078987,0.079417,0.030842,0.066112,0.010661,0.01992
4791,0.02476,0.123934,0.093487,0.142626,0.045508,0.05538,0.015152,0.004016
4792,0.052941,0.142558,0.130775,0.140411,0.061446,0.097551,0.013021,0.00495
4793,0.027027,0.130481,0.128448,0.113043,0.052803,0.064957,0.023622,0.025641
4794,0.026954,0.107759,0.077348,0.065574,0.053375,0.053996,0.006897,0.014706
4795,0.035088,0.118674,0.166065,0.083333,0.070022,0.040248,0.02439,0
4796,0.079167,0.117409,0.127049,0.109489,0.078488,0.065041,0.009804,0
4797,0.013889,0.088172,0.117925,0.041667,0.0301,0.045045,0.021277,0.037037
4798,0.060606,0.151724,0.287037,0.137931,0.092784,0.0875,0,0.027778
4799,0.706897,0.57868,0.4,0.640625,0.537736,0.325843,0.884615,0.882353
4800,0.774194,0.641509,0.508197,0.736111,0.621622,0.431579,0.962963,0.9
4801,0.777778,0.621538,0.39548,0.585586,0.675,0.542857,0.942857,0.869565
4802,0.745819,0.592751,0.355102,0.579268,0.642361,0.494585,0.870968,0.895833
4803,0.765835,0.511166,0.275862,0.433824,0.602219,0.4687,0.895604,0.888889
4804,0.79798,0.291005,0.440678,0.478261,0.30303,0.706349,0.95122,0.3
4805,0.652174,0.666667,0.487179,0.547619,0.610687,0.814516,0.875,0.842105
4806,0.777778,0.738372,0.78125,0.815385,0.529412,0.555556,0.884615,0.916667
4807,0.646018,0.654902,0.642857,0.734043,0.457944,0.397727,0.738095,0.428571
4808,0.45,0.661765,0.64486,0.729282,0.543605,0.473054,0.736842,0.792453
4809,0.915254,0.460452,0.987013,0.854167,0.951456,0.917647,0.928571,0.904762
4810,0.923913,0.885714,1,0.941176,0.809524,0.862069,1,1
4811,0.312067,0.361226,0.248684,0.264059,0.266802,0.336832,0.102273,0.12069
4812,0.605364,0.731051,0.67451,0.465328,0.574843,0.667635,0.65566,0.659898
4813,0.635036,0.636872,0.666165,0.647196,0.639913,0.705618,0.833333,0.829932
4814,0.691042,0.72919,0.645783,0.710692,0.72113,0.782822,0.893878,0.920455
4815,0.843915,0.87519,0.833992,0.880851,0.878049,0.862832,0.824468,0.746667
4816,0.869565,0.881481,0.831325,0.813333,0.833333,0.836066,0.797872,0.774194
4817,0.8125,0.716129,0.72619,0.886364,0.582524,0.555556,0.5,0.583333
4818,0.862745,0.778846,0.804878,0.869565,0.873418,0.785714,0,0.222222
4819,0.727811,0.724551,0.646809,0.763359,0.594737,0.491018,0.854545,0.848485
4820,0.689796,0.713666,0.674267,0.726776,0.557576,0.489028,0.892857,0.948718
4821,0.722408,0.730216,0.6575,0.748815,0.630979,0.548315,0.885714,0.930233
4822,0.69598,0.717213,0.640596,0.814815,0.630631,0.577031,0.861314,0.807018
4823,0.694511,0.752957,0.709386,0.77972,0.651297,0.58255,0.840278,0.901639
4824,0.589623,0.613839,0.554795,0.582822,0.594286,0.674074,0.606557,0.545455
4825,0.753846,0.629139,0.511111,0.677419,0.555556,0.4,0.7,0.769231
4826,0.740933,0.738916,0.738854,0.811321,0.705882,0.378151,0.684783,0.741935
4827,0.796154,0.769231,0.755187,0.826733,0.708155,0.57277,0.838095,0.857143
4828,0.839041,0.818482,0.778986,0.871681,0.792982,0.625,0.907563,0.956522
4829,0.809677,0.819646,0.81295,0.884615,0.790541,0.625874,0.944,0.938776
4830,0.855746,0.798278,0.7175,0.883117,0.764977,0.608392,0.92517,0.924242
4831,0.865421,0.78373,0.782074,0.886486,0.77649,0.611203,0.842105,0.870588
4832,0.889632,0.847922,0.909836,0.931873,0.809798,0.732272,0.852321,0.925926
4833,0.905207,0.832239,0.885757,0.916493,0.824943,0.755269,0.87069,0.902439
4834,0.944828,0.926738,0.911192,0.965885,0.914474,0.8567,0.975518,0.973485
4835,0.940887,0.935125,0.928571,0.971366,0.915846,0.88216,0.973029,0.969828
4836,0.969697,0.935381,0.908235,0.923841,0.932039,0.888,0.966165,0.970803
4837,0.965517,0.968571,0.992126,1,0.987342,0.943396,0.989474,1
4838,0.966667,0.959502,0.964912,0.987952,0.967213,0.950617,0.97619,1
4839,0.987805,0.946078,0.985075,0.959184,0.956522,0.962963,0.903226,0.941176
4840,0.021277,0.004854,0,0.039216,0.022222,0,0,0
4841,0.009434,0.037453,0.004728,0.005814,0.017751,0.013514,0,0
4842,0.017291,0.036649,0.011186,0.026738,0.03512,0.021938,0.011628,0
4843,0.009412,0.034626,0.005455,0.021186,0.027322,0.019685,0,0
4844,0.007353,0.013058,0.008915,0.012876,0.01327,0.01326,0.004049,0
4845,0.009326,0.012295,0.008863,0.010684,0.016316,0.011791,0.004032,0
4846,0.003,0.009622,0.00369,0.006135,0.008749,0.008745,0,0
4847,0.006211,0.002835,0.001538,0.010526,0.006397,0.008014,0,0.015267
4848,0.65,0.799213,0.392523,0.481481,0.712766,0.742268,0.527778,0.961538
4849,0.719852,0.491423,0.568421,0.606061,0.509044,0.351575,0.899329,0.870968
4850,0.813036,0.617674,0.738372,0.745583,0.634119,0.471167,0.944828,0.969697
4851,0.77707,0.544839,0.73822,0.705128,0.686007,0.377432,0.875,0.8
4852,0.54878,0.727273,0.738462,0.575,0.571429,0.347826,0.954545,0.888889
4853,0.65625,0.701571,0.661972,0.622222,0.363636,0.333333,0.769231,0.842105
4854,0.605932,0.608407,0.532995,0.680328,0.333333,0.452128,0.854545,0.805556
4855,0.672489,0.696296,0.676404,0.770833,0.550542,0.530885,0.719008,0.791667
4856,0.806998,0.786525,0.788413,0.853717,0.77484,0.714642,0.73743,0.798995
4857,0.832553,0.858454,0.789223,0.877238,0.76751,0.739332,0.75,0.769565
4858,0.87234,0.866541,0.819149,0.854545,0.802667,0.828694,0.770701,0.708861
4859,0.679803,0.721088,0.283843,0.517241,0.333333,0.625,0.707317,0.577465
4860,0.739759,0.788622,0.77807,0.785061,0.713514,0.698397,0.858974,0.874587
4861,0.75731,0.759848,0.691406,0.8,0.753378,0.757669,0.918919,0.910714
4862,0.933333,0.923944,0.98913,0.933333,0.87931,0.901639,0.87931,0.869565
4863,0.987805,0.930769,0.978723,0.96875,0.9,0.96,0.933333,0.8125
4864,0.955224,0.92437,0.945946,0.979592,0.866667,0.842105,0.829787,0.857143
4865,0.786517,0.773663,0.617978,0.771429,0.609756,0.432,0.979592,0.851852
4866,0.706422,0.71134,0.651163,0.744444,0.551136,0.461988,0.864407,0.875
4867,0.849285,0.835269,0.768586,0.903564,0.801126,0.756488,0.947644,0.92891
4868,0.912599,0.874642,0.837134,0.947034,0.834641,0.791379,0.969412,0.949153
4869,0.910569,0.876833,0.832222,0.938731,0.850275,0.789881,0.924528,0.944206
4870,0.927033,0.871471,0.815242,0.918552,0.835235,0.764414,0.955774,0.948276
4871,0.908778,0.906878,0.857394,0.942529,0.893285,0.821464,0.965636,0.945455
4872,0.725904,0.700326,0.652819,0.913462,0.909756,0.646825,0.803681,0.963415
4873,0.976879,0.957143,0.95302,0.925234,0.933775,0.958621,0.960526,0.96
4874,0.94702,0.9375,0.939394,0.901099,0.931624,0.945946,0.96875,0.954545
4875,0.865566,0.85355,0.702488,0.895787,0.77609,0.697394,0.9375,0.928177
4876,0.882214,0.820513,0.783677,0.865217,0.800254,0.705121,0.921965,0.95122
4877,0.912562,0.895375,0.869013,0.927632,0.870627,0.797033,0.973214,0.986667
4878,0.882275,0.872757,0.831169,0.904206,0.850575,0.793038,0.965079,0.964029
4879,0.92341,0.907162,0.897436,0.934343,0.90836,0.856028,0.963087,0.96748
4880,0.935285,0.913002,0.90641,0.929688,0.904072,0.872565,0.954704,0.974138
4881,0.912226,0.891707,0.884824,0.892761,0.889623,0.83572,0.951852,0.981982
4882,0.913894,0.892473,0.873786,0.944262,0.898667,0.828863,0.953608,1
4883,0.902439,0.896845,0.858038,0.948454,0.895688,0.800813,0.926136,0.985915
4884,0.904555,0.885965,0.87041,0.887681,0.816208,0.751079,0.993671,0.927536
4885,0.891111,0.855362,0.849438,0.874539,0.831378,0.745509,0.940397,0.970588
4886,0.896789,0.870927,0.859903,0.939394,0.839869,0.757167,0.952055,0.970149
4887,0.844298,0.845,0.379386,0.912727,0.743922,0.688958,0.96124,0.907692
4888,0.827731,0.843826,0.71097,0.893382,0.692308,0.649452,0.944444,0.955882
4889,0.812236,0.793765,0.687129,0.855556,0.636081,0.603886,0.879032,0.931507
4890,0.747525,0.750969,0.815089,0.792642,0.638219,0.60241,0.910256,0.90099
4891,0.829618,0.848427,0.866084,0.891447,0.817872,0.791227,0.929412,0.970588
4892,0.869085,0.876056,0.87069,0.878893,0.838028,0.793288,0.940828,0.989796
4893,0.506757,0.867647,0.414157,0.909091,0.822461,0.775187,0.945783,0.956989
4894,0.7593,0.773467,0.762994,0.789954,0.704241,0.693258,0.907801,0.878378
4895,0.916667,0.893246,0.938144,0.885965,0.886256,0.88764,0.896104,0.911111
4896,0.923469,0.946237,0.946667,0.948454,0.930091,0.850365,0.948276,0.939394
4897,0.907514,0.911429,0.940299,0.929412,0.900322,0.908,0.942308,0.967742
4898,0.942308,0.957831,0.953488,0.933333,0.952899,0.935484,0.977273,1
4899,0.915385,0.933333,0.94958,0.934426,0.946903,0.981132,1,0.923077
4900,0.927536,0.893333,0.828571,0.95,0.914286,0.740741,0.969697,0.961538
4901,0.870968,0.92029,0.777778,0.828571,0.9375,0.842105,0.967742,0.916667
4902,0.736842,0.724638,0.566667,0.777778,0.428571,0.571429,0.857143,0.909091
4903,0.847775,0.841667,0.75625,0.881356,0.741706,0.689252,0.887931,0.86014
4904,0.791271,0.838641,0.733945,0.873457,0.711754,0.689892,0.908772,0.882353
4905,0.929319,0.894695,0.85596,0.914286,0.857484,0.819881,0.969613,0.964444
4906,0.9566,0.922489,0.918159,0.952381,0.933168,0.881148,0.950739,0.976
4907,0.846154,0.764286,0.717391,0.974359,0.761905,0.535211,0.866667,0.6
4908,0.697368,0.678571,0.714286,0.9375,0.571429,0.541667,0.8,0.833333
4909,0.762376,0.748555,0.783069,0.864078,0.660305,0.589905,0.803922,0.75
4910,0.891803,0.824847,0.846645,0.873239,0.786192,0.648881,0.768293,0.76087
4911,0.882199,0.856452,0.903614,0.905028,0.80581,0.76087,0.728155,0.711538
4912,0.888158,0.884354,0.948454,0.934066,0.915709,0.874608,0.971831,1
4913,0.898649,0.902098,0.91954,0.908046,0.873469,0.858586,0.954545,1
4914,0.804878,0.792079,0.851852,0.818182,0.797297,0.714286,0.921053,0.947368
4915,0.64,0.8,0.727273,0.859375,0.711111,0.820896,0.852941,0.888889
4916,0.732394,0.802139,0.840426,0.877193,0.853659,0.819672,0.78125,0.882353
4917,0.898305,0.909639,0.932584,0.92,0.923077,0.876106,0.965517,1
4918,0.839286,0.915033,0.873563,0.897959,0.890244,0.827957,0.961538,1
4919,0.568182,0.645833,0.529412,0.612903,0.333333,0.8,0.125,0.5
4920,0.858399,0.847425,0.84869,0.926117,0.799009,0.734048,0.593385,0.49697
4921,0.652964,0.721725,0.729317,0.774885,0.608526,0.609935,0.344523,0.290503
4922,0.739266,0.728841,0.712862,0.738806,0.712317,0.684952,0.502609,0.423676
4923,0.860668,0.812798,0.8131,0.90073,0.78288,0.696707,0.680851,0.648968
4924,0.897603,0.847711,0.835079,0.917511,0.838134,0.764465,0.791045,0.802899
4925,0.935484,0.891965,0.893443,0.945946,0.883199,0.839877,0.938294,0.95
4926,0.957336,0.917783,0.923739,0.967308,0.905905,0.878557,0.942505,0.956
4927,0.947368,0.924436,0.909091,0.939394,0.906024,0.904335,0.878378,0.882353
4928,0.920732,0.890026,0.97619,0.87234,0.892617,0.837838,0.957746,0.810811
4929,0.673913,0,0.389831,0.214286,0.583333,0.43662,0.222222,0.1
4930,0.7075,0.646104,0.582609,0.61244,0.602374,0.522193,0.16875,0.189189
4931,0.832661,0.772152,0.786543,0.825095,0.728992,0.630394,0.331683,0.287356
4932,0.778195,0.691402,0.655914,0.735192,0.647495,0.559865,0.20362,0.12037
4933,0.940133,0.936925,0.901408,0.960352,0.894988,0.788599,0.981595,0.972603
4934,0.972222,0.9599,0.927778,0.972973,0.965714,0.761905,0.936842,0.918919
4935,0.903226,0.915584,0.84507,0.8875,0.858268,0.769912,0.929577,0.928571
4936,0.896296,0.928854,0.884956,0.928571,0.920455,0.76,0.830508,0.851852
4937,0.487465,0.672986,0.546547,0.728261,0.533482,0.386503,0.389831,0.129032
4938,0.47973,0.793844,0.774681,0.78252,0.709389,0.733798,0.273684,0.184615
4939,0.447598,0.755698,0.732346,0.7251,0.685673,0.713895,0.282051,0.188406
4940,0.503286,0.396854,0.700452,0.732177,0.633584,0.69954,0.277473,0.172131
4941,0.559099,0.6916,0.693151,0.684512,0.623416,0.692072,0.278689,0.177686
4942,0.482366,0.718907,0.715328,0.670481,0.650821,0.648345,0.258065,0.164894
4943,0.535668,0.846761,0.801227,0.777487,0.748399,0.775047,0.291339,0.191358
4944,0.535211,0.80673,0.750678,0.734463,0.708539,0.736732,0.271493,0.161074
4945,0.440233,0.62931,0.646209,0.646067,0.625442,0.697318,0.184211,0.071429
4946,0.458462,0.710909,0.719101,0.722222,0.645796,0.710526,0.207547,0.176471
4947,0.505882,0.670588,0.466667,0.634146,0.324324,0.266667,0.857143,0.736842
4948,0.806452,0.700389,0.576271,0.772727,0.538462,0.509804,0.828571,0.869565
4949,0.707273,0.664649,0.562624,0.705069,0.585812,0.419612,0.772358,0.863636
4950,0.59901,0.545139,0.474926,0.536313,0.465079,0.550232,0.831858,0.896104
4951,0.661479,0.555556,0.605128,0.634146,0.600583,0.622291,0.681818,0.837209
4952,0.722628,0.671296,0.804348,0.809524,0.664286,0.715385,0.527778,0.789474
4953,0.821429,0.76259,0.669421,0.770642,0.633484,0.513661,0.84375,0.894737
4954,0.705521,0.717868,0.605634,0.867188,0.628,0.455319,0.944444,0.818182
4955,0.635593,0.748756,0.573529,0.838926,0.607242,0.521008,0.75,0.833333
4956,0.835564,0.934426,0.86743,0.940199,0.825822,0.838521,0.940678,0.983051
4957,0.781431,0.89172,0.841845,0.942177,0.800496,0.811451,0.855932,0.932203
4958,0.893238,0.905039,0.932011,0.933673,0.921053,0.868613,0.873239,0.971429
4959,0.600379,0.674827,0.673604,0.718978,0.600399,0.571882,0.806378,0.716738
4960,0.812253,0.768525,0.79562,0.812844,0.693069,0.701511,0.915601,0.867299
4961,0.937662,0.960784,0.928,0.972973,0.934383,0.922156,0.933824,0.975904
4962,0.922865,0.924883,0.948276,0.953052,0.91989,0.936877,0.833333,0.853333
4963,0.901899,0.937173,0.964646,0.904762,0.903704,0.919831,0.875,0.939394
4964,0.565056,0.801484,0.818653,0.803571,0.641667,0.742718,0.419048,0.368421
4965,0.805128,0.69382,0.541935,0.727273,0.576132,0.408907,0.747368,0.773585
4966,0.780702,0.73913,0.584795,0.815789,0.602113,0.442446,0.780952,0.779661
4967,0.877358,0.865741,0.834646,0.911565,0.865922,0.813738,0.828704,0.865079
4968,0.826389,0.902027,0.831169,0.794872,0.816901,0.811111,0.858586,0.884615
4969,0.065574,0.11039,0,0.047619,0.125,0.068966,0.055556,0
4970,0.138614,0.311628,0.075,0.111111,0.123894,0.172727,0.029412,0
4971,0.242678,0.331787,0.181287,0.16,0.169355,0.376866,0.102941,0.184211
4972,0.226415,0.318359,0.147783,0.162921,0.212121,0.35493,0.064103,0.0625
4973,0.514463,0.685428,0.62593,0.593449,0.519444,0.543592,0.253406,0.162791
4974,0.339431,0.463742,0.503612,0.378731,0.416349,0.469262,0.148825,0.128755
4975,0.681159,0.716685,0.722581,0.797571,0.641186,0.623574,0.309735,0.269841
4976,0.830508,0.753715,0.754717,0.820312,0.697368,0.745902,0.641791,0.612903
4977,0.603933,0.576149,0.408397,0.648352,0.571429,0.385845,0.781818,0.781818
4978,0.818994,0.832215,0.747002,0.858947,0.782728,0.692015,0.881657,0.867052
4979,0.777996,0.702964,0.74496,0.76381,0.7338,0.607533,0.873096,0.852217
4980,0.81826,0.805732,0.696051,0.79653,0.772703,0.656299,0.886161,0.877119
4981,0.688084,0.698592,0.576867,0.69265,0.663717,0.615385,0.741611,0.713376
4982,0.929032,0.921538,0.890071,0.932692,0.904891,0.870662,0.851852,0.862069
4983,0.836735,0.848948,0.759615,0.855346,0.795455,0.802885,0.782609,0.84
4984,0.76087,0.75102,0.625,0.864407,0.454545,0.459459,0.869565,1
4985,0.788462,0.691525,0.66,0.842857,0.47619,0.541667,0.727273,0.85
4986,0.640275,0.617262,0.610984,0.666667,0.566624,0.579809,0.779503,0.760736
4987,0.797227,0.81384,0.696875,0.795563,0.770788,0.722973,0.818182,0.76506
4988,0.960784,0.89911,0.912442,0.937143,0.917647,0.893004,0.927152,0.847222
4989,0.933071,0.935088,0.928571,0.928571,0.945946,0.912281,0.893939,0.836066
4990,0.921788,0.91224,0.888889,0.92381,0.916667,0.926829,0.926316,0.825
4991,0.971963,0.951049,0.923077,0.953125,0.95,0.891892,0.913043,0.84
4992,0.919192,0.985348,0.923077,0.949153,1,0.885714,0.955882,0.761905
4993,0.55,0.607595,0.405405,0.686275,0.407407,0.425532,0.745763,0.793103
4994,0.8,0.752747,0.663158,0.865979,0.596774,0.4,0.731183,0.756098
4995,0.751351,0.756098,0.640777,0.823009,0.6375,0.380952,0.752294,0.790698
4996,0.776744,0.758547,0.598361,0.825758,0.673913,0.484375,0.879032,0.830189
4997,0.920746,0.891925,0.892361,0.914141,0.915289,0.835411,0.914894,0.895652
4998,0.460251,0.517012,0.303079,0.354115,0.453965,0.535682,0.954023,0.911504
4999,0.37816,0.417643,0.22605,0.278937,0.359492,0.444809,0.927649,0.904255
5000,0.371795,0.403797,0.218487,0.287037,0.372207,0.441539,0.894505,0.903084
5001,0.307895,0.373514,0.174648,0.27512,0.344545,0.381764,0.820669,0.860606
5002,0.721311,0.715962,0.539535,0.563758,0.59387,0.498442,0.825243,0.897436
5003,0.595556,0.594241,0.466667,0.470149,0.619266,0.477444,0.869048,0.828571
5004,0.524138,0.549801,0.433962,0.45,0.54386,0.380282,0.866667,0.896552
5005,0.94382,0.961783,0.977273,0.473684,0.870968,1,0.368421,0.947368
5006,0.888112,0.95279,0.913043,0.038835,0.918919,0.95082,0.145833,0.482759
5007,0.807598,0.819433,0.827586,0.852804,0.798178,0.76305,0.110032,0.092486
5008,0.826271,0.827725,0.771475,0.889655,0.72096,0.624867,0.204082,0.176471
5009,0.795506,0.835799,0.734982,0.789855,0.666667,0.61118,0.125926,0.093333
5010,0.610169,0.752137,0.395349,0.867647,0.318182,0.545455,0.192308,0.071429
5011,0.709677,0.625,0.55,0.764706,0.666667,0.522388,0.09375,0.24
5012,0.70615,0.694226,0.655385,0.706422,0.609442,0.541096,0.339394,0.42
5013,0.833333,0.80341,0.737673,0.821192,0.727273,0.653894,0.313364,0.373134
5014,0.876471,0.852632,0.82213,0.906746,0.837589,0.729303,0.565327,0.706564
5015,0.900637,0.868602,0.832659,0.911111,0.864444,0.795991,0.283951,0.205128
5016,0.950459,0.940476,0.931677,0.949275,0.949008,0.889435,0.567164,0.601942
5017,0.946565,0.938616,0.926316,0.947955,0.924962,0.875989,0.5,0.520408
5018,0.959906,0.945623,0.947781,0.960177,0.973451,0.928328,0.743119,0.695652
5019,0.96729,0.939655,0.942708,0.929078,0.888,0.904215,0.644737,0.645833
5020,0.731579,0.618182,0.54955,0.619048,0.63253,0.303797,0.604167,0.77551
5021,0.850097,0.830788,0.694379,0.87747,0.785394,0.692104,0.961456,0.929487
5022,0.91016,0.877537,0.822144,0.936681,0.851382,0.761414,0.94086,0.925781
5023,0.939726,0.924658,0.899861,0.980874,0.918526,0.884872,0.956954,0.935323
5024,0.921788,0.906278,0.88777,0.952514,0.90303,0.872277,0.969697,0.949749
5025,0.921717,0.888406,0.914706,0.956284,0.879271,0.90535,0.90625,0.941748
5026,0.979167,0.94713,0.930931,0.956044,0.951338,0.939866,0.944,0.94
5027,0.964602,0.915398,0.926282,0.939189,0.921569,0.909333,0.90678,0.888889
5028,0.984496,0.954918,0.966667,0.966102,0.911111,0.925926,0.962264,0.964286
5029,1,0.946341,0.977778,0.95122,0.869565,0.857143,0.93617,1
5030,0.817734,0.727735,0.67619,0.835821,0.615942,0.505882,0.77907,0.805556
5031,0.799242,0.696673,0.645833,0.815476,0.512397,0.466926,0.840708,0.806452
5032,0.892992,0.858708,0.861538,0.913725,0.843124,0.827221,0.867209,0.878571
5033,0.927152,0.910941,0.911504,0.923077,0.871429,0.846154,0.920635,0.883721
5034,0.893443,0.946903,0.948454,0.957143,0.930233,0.875,0.909091,0.871795
5035,0.710157,0.687468,0.626588,0.646617,0.606931,0.561021,0.822761,0.844523
5036,0.72542,0.736439,0.634884,0.670683,0.593357,0.580307,0.763948,0.683824
5037,0.574755,0.638773,0.535179,0.573413,0.502929,0.497216,0.6625,0.542857
5038,0.707799,0.723104,0.638996,0.681431,0.639498,0.602339,0.684411,0.664474
5039,0.735178,0.745006,0.721899,0.715026,0.678348,0.631266,0.801556,0.763158
5040,0.726121,0.747411,0.696651,0.694397,0.674447,0.6238,0.71161,0.670732
5041,0.818391,0.815253,0.736682,0.81069,0.743759,0.708075,0.817919,0.798883
5042,0.89313,0.885199,0.813312,0.876847,0.805347,0.786596,0.917197,0.871795
5043,0.903714,0.900544,0.830743,0.856383,0.820826,0.772414,0.889706,0.854167
5044,0.912807,0.879009,0.890295,0.886139,0.817694,0.774566,0.92437,0.876923
5045,0.392857,0.453061,0.515873,0.411392,0.323944,0.336898,0.772222,0.732143
5046,0.505618,0.462214,0.515924,0.508021,0.414894,0.392241,0.822115,0.775194
5047,0.927928,0.916058,0.921875,0.939759,0.862069,0.87931,0.935897,0.916667
5048,0.822835,0.827189,0.780576,0.856115,0.785124,0.788918,0.846154,0.916667
5049,0.7625,0.80456,0.789855,0.858824,0.780899,0.856287,0.826087,0.961538
5050,0.886364,0.894977,0.859155,0.938776,0.916667,0.873418,0.961538,0.928571
5051,0.775148,0.79064,0.626168,0.894118,0.642857,0.539326,0.864407,0.771429
5052,0.784884,0.752608,0.65534,0.858974,0.61215,0.497992,0.669014,0.732394
5053,0.897661,0.865688,0.80692,0.903042,0.803279,0.727723,0.813084,0.764259
5054,0.926485,0.903621,0.805464,0.913127,0.480944,0.801548,0.799031,0.758755
5055,0.956897,0.922983,0.86257,0.95,0.894637,0.831621,0.612403,0.563265
5056,0.966042,0.932983,0.906634,0.966173,0.928028,0.87588,0.737752,0.650224
5057,0.965102,0.935247,0.909661,0.950324,0.931546,0.885117,0.783626,0.701422
5058,0.976331,0.928571,0.930827,0.944862,0.929066,0.904272,0.747331,0.616352
5059,0.959596,0.87588,0.879457,0.951351,0.893194,0.891555,0.640316,0.526718
5060,0.964509,0.911255,0.920091,0.931408,0.940256,0.903546,0.383886,0.364583
5061,0.747253,0.757812,0.482759,0.797297,0.481481,0.530612,0.785714,0.862069
5062,0.85473,0.823129,0.818452,0.856474,0.806989,0.763243,0.214178,0.235669
5063,0.895924,0.872236,0.849112,0.8928,0.843464,0.803414,0.316998,0.358306
5064,0.915519,0.893519,0.860707,0.901528,0.866246,0.838323,0.290572,0.333333
5065,0.868599,0.869772,0.815703,0.862745,0.809381,0.786432,0.187898,0.201342
5066,0.816555,0.840764,0.786932,0.853282,0.802875,0.795604,0.698198,0.642857
5067,0.191388,0.049713,0.046729,0.085271,0.08159,0.106977,0.529412,0.541667
5068,0.428144,0.38024,0.355705,0.405263,0.362253,0.375,0.77027,0.688889
5069,0.919786,0.850136,0.879032,0.925926,0.808511,0.823529,0.829268,0.83871
5070,0.907895,0.90184,0.788462,0.902439,0.847826,0.849057,0.833333,0.923077
5071,0.975904,0.947674,0.982759,0.916667,0.895522,0.977273,1,1
5072,0.926606,0.906667,0.900662,0.945455,0.895105,0.918605,0.925,1
5073,0.977099,0.94,0.929487,0.968254,0.953488,0.924171,0.952381,1
5074,0.928571,0.941176,0.911602,0.923077,0.955102,0.923333,0.979167,1
5075,0.914439,0.868098,0.818653,0.833333,0.880597,0.846154,0.941176,0.941176
5076,0.921951,0.906158,0.88835,0.978947,0.94386,0.914209,0.947368,0.904762
5077,0.951311,0.916473,0.78327,0.975207,0.92,0.87037,0.958333,1
5078,0.932377,0.910204,0.886525,0.977876,0.935768,0.882752,0.952756,0.982456
5079,0.92081,0.929825,0.878583,0.963563,0.920231,0.855496,0.963504,1
5080,0.867089,0.873575,0.783198,0.958333,0.85281,0.726249,0.974359,1
5081,0.838966,0.801693,0.779352,0.905138,0.747126,0.638484,0.948718,0.944444
5082,0.858757,0.851852,0.815934,0.926702,0.784615,0.661677,0.881944,0.969231
5083,0.784722,0.854545,0.77193,0.89375,0.685393,0.578495,0.906542,0.945455
5084,0.615385,0.84097,0.691824,0.836066,0.700508,0.513308,0.837838,0.85
5085,0.777778,0.711712,0.6,0.827586,0.571429,0.518519,0.764706,0.571429
5086,0.723577,0.650794,0.482353,0.688312,0.625,0.297872,0.8,0.894737
5087,0.5,0.497976,0.447905,0.430407,0.59541,0.615034,0.880342,0.853107
5088,0.646434,0.606322,0.700763,0.581121,0.74169,0.767929,0.91411,0.957983
5089,0.669394,0.638075,0.800322,0.605016,0.742236,0.767524,0.892857,0.954128
5090,0.616162,0.578947,0.782537,0.532258,0.726695,0.771171,0.940299,0.91
5091,0.517094,0.54094,0.570513,0.496032,0.672109,0.709518,0.940594,0.931507
5092,0.669565,0.646048,0.841463,0.638498,0.801268,0.799615,0.958333,0.947368
5093,0.621359,0.568966,0.788779,0.537688,0.742424,0.737349,0.903226,0.958333
5094,0.659091,0.619048,0.752475,0.571429,0.772436,0.795527,0.90566,0.972222
5095,0.096774,0.343434,0.037736,0,0.195122,0.297872,0.48,0.0625
5096,0.283582,0.439252,0.533333,0.326531,0.181818,0.318182,0.114286,0
5097,0.338235,0.525526,0.422222,0.482759,0.289474,0.382353,0.297872,0.033333
5098,0.312115,0.371277,0.418564,0.303922,0.246774,0.326406,0.069231,0.009901
5099,0.406137,0.5109,0.552194,0.447514,0.322537,0.439753,0.131737,0.095652
5100,0.545332,0.645286,0.724177,0.576754,0.500448,0.587986,0.109091,0.061644
5101,0.708603,0.729167,0.617807,0.722591,0.616667,0.613376,0.26943,0.287234
5102,0.721675,0.746429,0.765197,0.771186,0.741722,0.716154,0.238267,0.276596
5103,0.811203,0.820942,0.819066,0.810897,0.810105,0.813333,0.438849,0.355556
5104,0.85879,0.824798,0.890411,0.816832,0.826425,0.842324,0.436364,0.48
5105,0.873832,0.885986,0.862745,0.855932,0.903226,0.826087,0.904762,0.9
5106,0.910506,0.875,0.915254,0.907895,0.906433,0.862745,0.974359,0.97561
5107,0.903297,0.911111,0.859008,0.884328,0.895652,0.880157,0.976,0.896104
5108,0.718618,0.692005,0.714038,0.712934,0.663625,0.633574,0.854717,0.830935
5109,0.883825,0.842875,0.841071,0.904762,0.821445,0.779653,0.916859,0.95045
5110,0.862134,0.788152,0.802778,0.887701,0.801144,0.730583,0.912371,0.913265
5111,0.887476,0.851234,0.822857,0.891144,0.827264,0.759259,0.911111,0.961957
5112,0.803965,0.793377,0.57173,0.811321,0.706294,0.583756,0.92126,0.850746
5113,0.780645,0.743119,0.549153,0.747253,0.619154,0.498929,0.875,0.829787
5114,0.7,0.751295,0.609929,0.767442,0.603604,0.47619,0.804878,0.805556
5115,0.581522,0.697452,0.605769,0.555556,0.565217,0.453125,0.75,0.78125
5116,0.807143,0.765517,0.666667,0.84058,0.669811,0.5,0.917647,0.911111
5117,0.751592,0.700326,0.702128,0.814815,0.655172,0.506494,0.860215,0.702128
5118,0.786624,0.760518,0.611111,0.852761,0.711111,0.616071,0.889764,0.8625
5119,0.779006,0.754026,0.564885,0.740385,0.687898,0.551095,0.8125,0.776596
5120,0.838403,0.768067,0.697936,0.809524,0.799798,0.676587,0.905626,0.866667
5121,0.813901,0.839578,0.775087,0.83391,0.685345,0.763158,0.837209,0.844156
5122,0.816705,0.809002,0.745583,0.773381,0.668122,0.688822,0.813559,0.833333
5123,0.012195,0.005405,0.041667,0,0,0,0,0
5124,0.011628,0,0,0,0,0,0,0
5125,0.006061,0,0,0,0.007874,0.018868,0,0
5126,0.003817,0.004032,0.013423,0,0.005291,0.009852,0,0
5127,0.005291,0.032213,0.012552,0,0.008523,0.0075,0,0
5128,0.006276,0.013889,0.006098,0,0.018182,0.003676,0.007353,0
5129,0.007505,0.008475,0.00551,0,0.001976,0.004644,0,0
5130,0.004399,0.015216,0.004535,0.00551,0.007082,0.008434,0,0.020833
5131,0.005312,0.006875,0,0.002591,0.004635,0.002055,0,0.008772
5132,0.00099,0.007105,0.002235,0.001901,0.004144,0.00286,0.002169,0
5133,0.004785,0.00175,0.008016,0.003185,0.000958,0.000968,0.003534,0.02649
5134,0,0,0.010753,0,0,0,0,0
5135,0.007042,0.003534,0,0,0,0.004386,0,0
5136,0.005102,0,0,0.018018,0.004515,0.002625,0.027778,0
5137,0.0025,0.002729,0,0.014493,0.000913,0,0,0
5138,0.002375,0.002577,0.005515,0.004425,0.003445,0.002062,0,0
5139,0,0.010333,0,0,0,0.002593,0,0
5140,0,0.000878,0,0,0.001071,0.002411,0,0
5141,0.008772,0.003442,0.002415,0.008242,0,0.003527,0,0
5142,0.001289,0.001504,0,0,0.001424,0.002102,0.005495,0
5143,0.001379,0.002427,0.004049,0.002618,0.003527,0.0025,0,0
5144,0.005,0.004027,0.002725,0.004484,0.002797,0.002548,0,0
5145,0.002899,0.006873,0,0,0,0.001529,0,0
5146,0.475556,0.548807,0.475862,0.535433,0.641026,0.716129,0.828283,0.761905
5147,0.954416,0.911628,0.938272,0.888325,0.92176,0.904908,0.933824,0.884058
5148,0.860892,0.856105,0.895753,0.884793,0.875274,0.887097,0.938776,0.986667
5149,0.692478,0.619359,0.598214,0.721992,0.663781,0.723744,0.599537,0.627907
5150,0.82213,0.742255,0.685051,0.828402,0.771954,0.735043,0.773836,0.813636
5151,0.871608,0.844685,0.76901,0.871456,0.790667,0.753945,0.944072,0.95
5152,0.807611,0.774786,0.705714,0.818533,0.705575,0.638408,0.696203,0.623377
5153,0.790476,0.726776,0.719512,0.760369,0.729459,0.605523,0.801471,0.712121
5154,0.732824,0.681529,0.613636,0.72973,0.671378,0.59761,0.764151,0.777778
5155,0.740385,0.8,0.745223,0.882353,0.742574,0.660714,0.877778,0.853659
5156,0.705882,0.747312,0.558442,0.779661,0.631579,0.4,0.8,0.84
5157,0.762712,0.669173,0.5,0.72093,0.555556,0.473684,0.84375,0.8
5158,0.938511,0.954825,0.926154,0.959732,0.917676,0.914439,0.433333,0.530612
5159,0.923729,0.875451,0.898017,0.941176,0.850211,0.857143,0.421053,0.46
5160,0.898707,0.919075,0.902098,0.929204,0.829752,0.83101,0.554622,0.521127
5161,0.865217,0.817818,0.75744,0.88024,0.752546,0.720129,0.382857,0.275862
5162,0.873596,0.86948,0.817109,0.940341,0.772189,0.745531,0.357955,0.282353
5163,0.716714,0.700952,0.519417,0.740541,0.549815,0.447154,0.666667,0.641509
5164,0.655172,0.647059,0.511628,0.807018,0.454545,0.352941,0.444444,0.4375
5165,0.788703,0.7867,0.808271,0.818605,0.763314,0.827899,0.940828,0.918605
5166,0.83247,0.820785,0.776786,0.788679,0.832117,0.815534,0.915556,0.87395
5167,0.832018,0.808751,0.722304,0.843537,0.796904,0.7426,0.885886,0.892857
5168,0.826087,0.803351,0.823723,0.876374,0.794893,0.772075,0.876448,0.870968
5169,0.835165,0.798165,0.827515,0.903915,0.766851,0.722441,0.814208,0.898148
5170,0.823985,0.771598,0.797495,0.855019,0.745685,0.681818,0.811111,0.745098
5171,0.831461,0.744807,0.711111,0.836538,0.708,0.518717,0.740741,0.775
5172,0.756098,0.591216,0.699115,0.719101,0.671569,0.481481,0.702703,0.72973
5173,0.569444,0.535211,0.553571,0.627907,0.469697,0.375,0.40678,0.542857
5174,0.434211,0.460815,0.621053,0.333333,0.454545,0.684211,0.830769,0.862069
5175,0.450909,0.477471,0.34399,0.385301,0.5,0.644019,0.916435,0.942105
5176,0.393008,0.413282,0.242424,0.287356,0.406526,0.549844,0.828283,0.810924
5177,0.413527,0.425193,0.21838,0.278481,0.413793,0.522388,0.828283,0.80212
5178,0.486737,0.496035,0.370821,0.379227,0.493552,0.605856,0.816092,0.846154
5179,0.457346,0.493353,0.364672,0.339056,0.533175,0.52521,0.868852,0.892857
5180,0.38835,0.497744,0.403458,0.322727,0.487685,0.515625,0.921053,0.85
5181,0.388128,0.459677,0.325843,0.365672,0.416667,0.355422,0.815385,0.8
5182,0.473684,0.556,0.472727,0.526316,0.477273,0.440678,0.891304,0.833333
5183,0.847673,0.808135,0.773846,0.88604,0.751178,0.720339,0.846154,0.811189
5184,0.888532,0.86803,0.845311,0.905579,0.830986,0.765101,0.961661,0.949721
5185,0.898649,0.857898,0.825758,0.907865,0.813084,0.748804,0.929766,0.923077
5186,0.850494,0.821853,0.78754,0.885117,0.763653,0.689093,0.886179,0.927152
5187,0.838063,0.812037,0.711359,0.817629,0.72271,0.61964,0.812183,0.878261
5188,0.816532,0.797991,0.666667,0.844,0.686747,0.588561,0.854167,0.897727
5189,0.820833,0.807425,0.717143,0.880342,0.708487,0.611002,0.867647,0.916667
5190,0.8375,0.79533,0.687075,0.816832,0.680751,0.567237,0.792453,0.857143
5191,0.79803,0.795506,0.310078,0.807018,0.704545,0.515337,0.816901,0.8125
5192,0.781818,0.8,0.654545,0.776596,0.701493,0.461538,0.851852,0.88
5193,0.669725,0.721831,0.644737,0.815385,0.589041,0.464789,0.863636,0.8
5194,0.930258,0.882505,0.880052,0.927022,0.930469,0.863036,0.956164,0.936652
5195,0.865063,0.802024,0.805063,0.88381,0.882177,0.413417,0.956072,0.921053
5196,0.8875,0.863546,0.8621,0.891104,0.877008,0.817857,0.965675,0.934866
5197,0.786164,0.751896,0.58377,0.811644,0.625608,0.469043,0.851282,0.902174
5198,0.726457,0.658596,0.649573,0.819876,0.409722,0.340659,0.820144,0.903846
5199,0.969925,0.931818,0.936,0.957143,0.953271,0.921478,0.909091,0.909091
5200,0.911001,0.882795,0.864865,0.92233,0.850679,0.804834,0.789256,0.788321
5201,0.87218,0.84621,0.874259,0.894382,0.81982,0.795282,0.768908,0.764706
5202,0.864769,0.852349,0.843707,0.897361,0.780427,0.783333,0.707602,0.646465
5203,0.881323,0.858025,0.833811,0.877676,0.78255,0.766385,0.726708,0.641304
5204,0.847966,0.859341,0.821374,0.876667,0.800307,0.770552,0.684564,0.616438
5205,0.809717,0.82846,0.645646,0.862857,0.725632,0.608,0.80303,0.727273
5206,0.734463,0.788136,0.572519,0.785185,0.632653,0.545833,0.787234,0.769231
5207,0.776471,0.85119,0.603922,0.858268,0.659574,0.547414,0.733333,0.818182
5208,0.801282,0.826625,0.604938,0.833333,0.640719,0.5625,0.818182,0.809524
5209,0.77381,0.774011,0.516854,0.87037,0.641026,0.520833,0.882353,0.769231
5210,0.764331,0.682796,0.782609,0.820513,0.793478,0.575,0.927536,0.914286
5211,0.798942,0.744921,0.789916,0.820144,0.722222,0.693069,0.896552,0.93617
5212,0.643564,0.691542,0.699454,0.685083,0.693333,0.64878,0.913462,0.9
5213,0.885287,0.834862,0.8583,0.916667,0.842667,0.78125,0.922481,0.966292
5214,0.921801,0.872449,0.867704,0.877637,0.860051,0.836364,0.963768,0.978723
5215,0.901786,0.865979,0.891765,0.867606,0.858911,0.816552,0.947115,0.927152
5216,0.757331,0.785714,0.762228,0.766409,0.736413,0.705648,0.908284,0.887892
5217,0.8684,0.814024,0.800966,0.885808,0.797087,0.73015,0.879447,0.925373
5218,0.827773,0.824136,0.777174,0.846307,0.775588,0.721053,0.879271,0.885609
5219,0.876847,0.846005,0.81338,0.888186,0.805853,0.748009,0.890585,0.906883
5220,0.811024,0.795531,0.655556,0.892308,0.752768,0.658206,0.894737,0.889706
5221,0.809028,0.765455,0.535714,0.851852,0.677778,0.487097,0.84,0.844444
5222,0.728155,0.675105,0.653061,0.786885,0.59375,0.457627,0.862069,0.736842
5223,0.468085,0.730159,0.6,0.68,0.57047,0.427586,0.027778,0
5224,0.645161,0.659763,0.575758,0.845238,0.585714,0.442308,0.815385,0.848485
5225,0.864294,0.820317,0.768229,0.862934,0.801963,0.696258,0.823322,0.861878
5226,0.923491,0.894032,0.842466,0.908333,0.868782,0.781998,0.959716,0.957198
5227,0.904594,0.884768,0.85654,0.89738,0.846805,0.780337,0.94517,0.95614
5228,0.93538,0.915937,0.866184,0.932065,0.871009,0.841916,0.955556,0.931507
5229,0.904412,0.905378,0.828,0.905775,0.843227,0.806407,0.948498,0.925
5230,0.196429,0.378947,0.652174,0.333333,0.1,0.407407,0.857143,0.714286
5231,0.744292,0.757925,0.630252,0.69697,0.630841,0.542945,0.724138,0.62069
5232,0.716129,0.762821,0.796238,0.790698,0.668712,0.640909,0.797872,0.782609
5233,0.720207,0.723729,0.785714,0.753488,0.632184,0.664418,0.710938,0.746269
5234,0.701754,0.731678,0.745665,0.775244,0.680255,0.639547,0.593939,0.688172
5235,0.612142,0.720183,0.680608,0.710769,0.659224,0.61306,0.50303,0.580645
5236,0.629412,0.572549,0.621053,0.650943,0.563218,0.608911,0.666667,0.8
5237,0.808511,0.816568,0.836364,0.909091,0.708861,0.946667,0.875,1
5238,0.877358,0.856649,0.918782,0.885057,0.716561,0.870629,0.915033,0.901408
5239,0.841991,0.859102,0.820847,0.857708,0.756228,0.774423,0.816832,0.915888
5240,0.842684,0.826531,0.800456,0.85078,0.744735,0.78043,0.913043,0.902913
5241,0.372139,0.521886,0.4588,0.352697,0.373651,0.480485,0.101149,0.208333
5242,0.698661,0.723529,0.598746,0.715328,0.627599,0.507491,0.832215,0.841463
5243,0.571429,0.678431,0.457031,0.647619,0.580645,0.445402,0.731959,0.84375
5244,0.586345,0.704878,0.521127,0.692308,0.610169,0.454545,0.8625,0.918033
5245,0.623967,0.72818,0.565854,0.742331,0.59507,0.486486,0.949367,0.947368
5246,0.502793,0.673846,0.26087,0.6,0.480769,0.392157,0.847222,0.833333
5247,0.9,0.876,0.902778,0.909091,0.875,0.842105,0.870968,0.8
5248,0.893939,0.878652,0.835443,0.895652,0.882979,0.887179,0.672131,0.547619
5249,0.899554,0.908864,0.946588,0.936073,0.923715,0.880208,0.435484,0.463158
5250,0.905462,0.892857,0.89049,0.929167,0.8896,0.85124,0.574627,0.563107
5251,0.932432,0.892125,0.908163,0.877323,0.921238,0.879009,0.671053,0.62931
5252,0.816344,0.759761,0.809838,0.826014,0.76066,0.704274,0.278195,0.306723
5253,0.838462,0.871901,0.830189,0.846154,0.819672,0.863636,0.833333,0.648649
5254,0.885417,0.940415,0.927461,0.884956,0.857988,0.867052,0.884211,0.733333
5255,0.707792,0.889503,0.937037,0.921687,0.765079,0.923513,0.774194,0.771429
5256,0.898462,0.891709,0.873684,0.94382,0.892857,0.873479,0.71831,0.607595
5257,0.761261,0.860553,0.87664,0.875486,0.76183,0.805476,0.80597,0.822581
5258,0.594156,0.876289,0.815913,0.874618,0.667791,0.767405,0.861017,0.836066
5259,0.56391,0.736735,0.678967,0.828571,0.598972,0.475177,0.831461,0.745098
5260,0.679803,0.700748,0.633166,0.817518,0.589844,0.505929,0.861111,0.827586
5261,0.952122,0.910168,0.873926,0.929412,0.877717,0.888273,0.928205,0.946667
5262,0.870105,0.823662,0.816686,0.851658,0.836722,0.77,0.828645,0.86758
5263,0.722372,0.666667,0.617647,0.723982,0.607908,0.452542,0.7,0.66129
5264,0.804154,0.728376,0.75493,0.838384,0.703436,0.545106,0.744898,0.78
5265,0.786561,0.664137,0.664207,0.84472,0.664042,0.463977,0.710145,0.864865
5266,0.73301,0.617204,0.630252,0.818841,0.536741,0.350554,0.706897,0.78125
5267,0.594937,0.62585,0.827068,0.765306,0.662338,0.834586,0.918367,0.806452
5268,0.593361,0.579439,0.652381,0.597122,0.658009,0.78169,0.873418,0.90566
5269,0.324074,0.307396,0.265625,0.292225,0.316655,0.397885,0.730942,0.738095
5270,0.393881,0.369474,0.585366,0.518116,0.397004,0.480251,0.768707,0.797468
5271,0.287129,0.380435,0.484277,0.345794,0.371324,0.409091,0.568627,0.72973
5272,0.393443,0.437318,0.559211,0.548387,0.445783,0.465909,0.8,0.8125
5273,0.428571,0.635714,0.673913,0.7,0.675,0.487179,0.8,0.75
5274,0.545455,0.68595,0.794872,0.658537,0.636364,0.5,0.884615,0.8
5275,0.890625,0.851724,0.970874,0.9375,0.888889,0.696429,0.954545,0.9375
5276,0.91358,0.933934,0.958333,0.929412,0.94,0.880952,0.947368,0.952381
5277,0.889503,0.84017,0.849829,0.876147,0.810496,0.823708,0.830189,0.909091
5278,0.460016,0.429811,0.368421,0.437002,0.421759,0.492474,0.644401,0.661355
5279,0.695699,0.730053,0.688868,0.803097,0.648038,0.612282,0.787179,0.828877
5280,0.913978,0.927374,0.953488,0.9,0.923077,0.8125,0.828571,0.909091
5281,0.957983,0.953975,0.964286,0.952381,0.958333,0.893617,0.866667,0.911765
5282,0.88932,0.470258,0.923077,0.442308,0.859712,0.875912,0.949367,0.921053
5283,0.863857,0.887608,0.858388,0.888579,0.825193,0.881879,0.886486,0.902256
5284,0.619706,0.600423,0.482161,0.541732,0.490227,0.510707,0.798755,0.862816
5285,0.708124,0.709942,0.666667,0.727437,0.619579,0.5895,0.844444,0.85
5286,0.660079,0.620202,0.567164,0.679348,0.497076,0.46888,0.785714,0.723404
5287,0.810811,0.751174,0.7375,0.761905,0.851351,0.71831,0.862745,0.933333
5288,0.836364,0.759259,0.679612,0.815217,0.762019,0.746631,0.907407,0.903846
5289,0.76876,0.708223,0.697853,0.737463,0.742674,0.686069,0.812785,0.853211
5290,0.865385,0.855214,0.800247,0.896247,0.841128,0.772877,0.881517,0.925926
5291,0.876263,0.829969,0.814815,0.894614,0.810248,0.747887,0.926316,0.916667
5292,0.566667,0.637011,0.601974,0.638191,0.544304,0.482301,0.774194,0.833333
5293,0.665517,0.675906,0.608333,0.689189,0.576159,0.505988,0.836066,0.794118
5294,0.721429,0.864615,0.75,0.772727,0.724138,0.828571,0.849057,0.375
5295,0.785203,0.856771,0.839713,0.759336,0.698073,0.783178,0.886525,0.884058
5296,0.782022,0.865266,0.903587,0.8,0.768482,0.805,0.910828,0.88
5297,0.65121,0.696685,0.641649,0.651429,0.579685,0.61165,0.41573,0.463768
5298,0.850225,0.83288,0.778571,0.835391,0.781196,0.704745,0.837629,0.804444
5299,0.883721,0.886681,0.84097,0.894619,0.855964,0.769831,0.848214,0.809278
5300,0.812071,0.847756,0.774148,0.845606,0.804842,0.728532,0.637681,0.607143
5301,0.76306,0.765803,0.790598,0.813953,0.732807,0.686785,0.540816,0.675214
5302,0.778468,0.764706,0.800454,0.854015,0.731436,0.677639,0.567251,0.643564
5303,0.820513,0.859719,0.786517,0.847826,0.767802,0.630027,0.716418,0.735849
5304,0.790179,0.825558,0.781955,0.875,0.744479,0.607046,0.642857,0.644444
5305,0.759563,0.812796,0.768889,0.895833,0.675799,0.587189,0.795918,0.756098
5306,0.786982,0.814181,0.747706,0.858696,0.712919,0.571429,0.755556,0.780488
5307,0.764706,0.77,0.643836,0.842857,0.608333,0.546763,0.804878,0.75
5308,0.827273,0.809859,0.695652,0.854839,0.722772,0.563492,0.8,0.714286
5309,0.829268,0.751111,0.598039,0.833333,0.59322,0.565217,0.71875,0.777778
5310,0.918919,0.821256,0.676768,0.902439,0.525,0.580645,0.903226,0.866667
5311,0.897059,0.837838,0.885246,0.818182,0.884615,0.878788,0.888889,0.88
5312,0.891892,0.740541,0.76129,0.780822,0.773438,0.778481,0.7,0.818182
5313,0.796491,0.774423,0.849057,0.836634,0.859259,0.751462,0.77551,0.808219
5314,0.89881,0.869969,0.856734,0.950673,0.899696,0.812207,0.798387,0.821429
5315,0.832599,0.761578,0.794078,0.768421,0.825915,0.737795,0.755556,0.75
5316,0.66087,0.534641,0.581066,0.590909,0.617808,0.568879,0.63145,0.59009
5317,0.692641,0.625548,0.610718,0.597518,0.690842,0.625265,0.617925,0.581121
5318,0.848014,0.794633,0.769543,0.816876,0.796628,0.727851,0.749599,0.720365
5319,0.852341,0.825843,0.759326,0.855037,0.762097,0.734759,0.846995,0.883838
5320,0.833557,0.78809,0.737452,0.813648,0.770125,0.723592,0.823881,0.87574
5321,0.716216,0.629213,0.54902,0.647826,0.610849,0.516509,0.804734,0.743243
5322,0.694805,0.663212,0.548117,0.65285,0.636646,0.49505,0.784173,0.741379
5323,0.677083,0.697211,0.653061,0.733333,0.560976,0.410714,0.711864,0.875
5324,0.919192,0.924901,0.963636,0.916667,0.959459,0.881356,0.8,0.5625
5325,0.79798,0.830508,0.809524,0.785714,0.844156,0.803279,0.642857,0.666667
5326,0.228571,0.314917,0.273973,0.171429,0.240741,0.208333,0.571429,0.5
5327,0.814681,0.853792,0.870787,0.878641,0.791911,0.770035,0.547475,0.505882
5328,0.3916,0.531979,0.601562,0.600484,0.430983,0.503764,0.261501,0.237668
5329,0.38961,0.632911,0.677686,0.648485,0.542117,0.517442,0.166667,0.136364
5330,0.770992,0.72043,0.728814,0.847222,0.652174,0.444444,0.578947,0.535714
5331,0.575,0.641434,0.720721,0.850746,0.521008,0.38806,0.339623,0.115385
5332,0.567901,0.662983,0.602941,0.674419,0.46,0.338983,0.421053,0.130435
5333,0.954545,0.910828,0.946237,0.934211,0.946237,0.9,0.759259,0.825
5334,0.910506,0.912029,0.920398,0.921569,0.950311,0.873646,0.495327,0.612903
5335,0.941176,0.890164,0.902778,0.925714,0.913514,0.855799,0.752137,0.694444
5336,0.810997,0.764579,0.662577,0.790698,0.638132,0.592593,0.706422,0.732143
5337,0.797101,0.782222,0.66875,0.807229,0.608696,0.603846,0.754902,0.833333
5338,0.785185,0.675472,0.592105,0.75,0.62069,0.469388,0.847458,0.961538
5339,0.836207,0.788462,0.738462,0.794118,0.861111,0.65,0.731343,0.423077
5340,0.905363,0.85633,0.714286,0.88,0.891738,0.83378,0.442529,0.36
5341,0.846966,0.841912,0.74352,0.822368,0.86229,0.798632,0.74382,0.666667
5342,0.799419,0.790179,0.69103,0.865,0.66967,0.583578,0.589928,0.559322
5343,0.776978,0.830909,0.697479,0.852564,0.658879,0.541322,0.669725,0.716981
5344,0.123377,0.789474,0.318519,0.336957,0.611765,0.00813,0.306667,0.736842
5345,0.836257,0.886316,0.43038,0.927928,0.428571,0.445652,0.9125,0.930233
5346,0.915709,0.917051,0.874126,0.969697,0.885246,0.900474,0.965517,0.916667
5347,0.755857,0.732306,0.726068,0.776549,0.636548,0.646523,0.182099,0.337278
5348,0.691964,0.70082,0.62069,0.721088,0.483696,0.47451,0.445783,0.461538
5349,0.976744,0.964158,0.947368,0.985075,0.965517,0.88,0.894737,1
5350,0.465116,0.456569,0.354521,0.339071,0.543617,0.551275,0.724044,0.783951
5351,0.506098,0.490603,0.362729,0.397554,0.530795,0.505268,0.69213,0.784314
5352,0.508444,0.477003,0.446575,0.589896,0.52067,0.507532,0.63871,0.653386
5353,0.492408,0.494228,0.493923,0.685965,0.546302,0.543651,0.580214,0.527778
5354,0.670455,0.640379,0.487455,0.572816,0.553191,0.530201,0.628866,0.695652
5355,0.505,0.922481,0.925287,0.969697,0.955224,0.896175,0.882353,0.958333
5356,0.882812,0.893701,0.855615,0.934579,0.860125,0.861199,0.849057,0.907407
5357,0.795158,0.797699,0.734198,0.782895,0.774419,0.744601,0.812121,0.8375
5358,0.85248,0.842143,0.78831,0.89433,0.810703,0.688834,0.8659,0.875862
5359,0.780952,0.771619,0.73913,0.82963,0.694779,0.594595,0.736842,0.916667
5360,0.761905,0.818505,0.621849,0.802326,0.788235,0.490566,0.810811,0.75
5361,0.797619,0.826531,0.727273,0.788462,0.714286,0.527273,0.777778,0.923077
5362,0.622748,0.542017,0.520964,0.589069,0.626794,0.653048,0.588942,0.519149
5363,0.60176,0.5485,0.532389,0.560241,0.607764,0.622337,0.452489,0.380753
5364,0.627557,0.536222,0.557843,0.617934,0.616015,0.598631,0.491071,0.392713
5365,0.604167,0.45933,0.5,0.492308,0.27027,0.326531,0.325,0.444444
5366,0.739425,0.76394,0.692453,0.610592,0.726104,0.690786,0.846626,0.815603
5367,0.759291,0.802658,0.782814,0.772382,0.776923,0.73341,0.838174,0.841549
5368,0.861454,0.80073,0.710709,0.884956,0.738019,0.634312,0.846743,0.833333
5369,0.649728,0.622047,0.44208,0.625,0.519763,0.472112,0.810811,0.792079
5370,0.963415,0.813953,0.947368,0.977778,0.928571,0.875,0.888889,0.8
5371,0.871345,0.777444,0.895604,0.890411,0.815951,0.785888,0.902439,0.888889
5372,0.891061,0.776627,0.88172,0.928105,0.832323,0.77327,0.905882,0.957447
5373,0.571757,0.475667,0.658451,0.71134,0.48487,0.511568,0.362007,0.310606
5374,0.6,0.540835,0.680934,0.775449,0.46971,0.50113,0.57438,0.517241
5375,0.350158,0.270474,0.37094,0.477193,0.230769,0.274117,0.142132,0.138614
5376,0.560144,0.459036,0.630682,0.707031,0.421734,0.396774,0.285714,0.307692
5377,0.233333,0.119658,0.317881,0.33871,0.129496,0.180791,0.179487,0.083333
5378,0.3375,0.384259,0.446043,0.54,0.254237,0.322581,0.294118,0.25
5379,0.908602,0.948509,0.904762,0.989583,0.954023,0.885246,0.957746,0.934783
5380,0.923445,0.943128,0.913043,0.945455,0.918699,0.890173,0.925926,0.963636
5381,0.9,0.936219,0.925926,0.931034,0.971631,0.891753,0.97561,0.946429
5382,0.958333,0.925,0.904494,0.916667,0.964706,0.938596,0.933333,0.963636
5383,0.959184,0.951318,0.902703,0.97037,0.948571,0.926724,0.969072,0.928571
5384,0.89016,0.900262,0.846154,0.92511,0.877647,0.862069,0.90411,0.895349
5385,0.840607,0.827399,0.820513,0.789474,0.809305,0.741935,0.878947,0.869767
5386,0.749417,0.721583,0.610635,0.702128,0.602133,0.547451,0.795977,0.759563
5387,0.688474,0.631048,0.497175,0.802548,0.573477,0.51087,0.648438,0.794521
5388,0.723077,0.671233,0.714286,0.661972,0.486486,0.333333,0.703704,0.782609
5389,0.723577,0.63981,0.705882,0.709677,0.476923,0.352113,0.744186,0.947368
5390,0.578313,0.608392,0.757576,0.644444,0.36,0.384615,0.75,0.846154
5391,0.60274,0.606061,0.709677,0.682927,0.416667,0.378378,0.814815,0.916667
5392,0.611111,0.54902,0.478261,0.655172,0.304348,0.241379,0.809524,1
5393,0.0125,0.015228,0,0.015385,0,0,0,0
5394,0.011765,0.014151,0,0.014493,0,0,0,0
5395,0.019108,0.030612,0.037464,0.010695,0.029345,0.017787,0,0
5396,0.008671,0.031397,0.015038,0.014925,0.016461,0.026891,0.009346,0
5397,0.009877,0.024217,0.006329,0.008584,0.012174,0.010568,0.008065,0
5398,0.005952,0.029833,0.004992,0.003546,0.006061,0.011407,0.013605,0
5399,0.013473,0.019553,0.01061,0.002717,0.005164,0.00879,0.008621,0
5400,0.004988,0.019011,0.008686,0.004556,0.005291,0.009072,0.003484,0.007353
5401,0.00609,0.020194,0.006363,0.008969,0.007792,0.005211,0.003378,0
5402,0.00355,0.018409,0.007269,0.008696,0.003836,0.007143,0.003257,0
5403,0.00324,0.015344,0.009634,0,0.005184,0.003296,0.003125,0
5404,0.003233,0.011296,0.011594,0.004,0.008009,0.005211,0.00627,0
5405,0.008343,0.01543,0.014412,0.012526,0.008916,0.009132,0.006349,0.013333
5406,0.006849,0.021053,0.025806,0.022059,0.021622,0.009766,0,0
5407,0.009901,0.014085,0.024476,0.004065,0,0.008791,0,0
5408,0.019802,0.014733,0.030172,0.034653,0,0.021583,0.007937,0
5409,0,0.007177,0.017045,0.011905,0,0.005376,0,0
5410,0.005435,0.009091,0.007463,0.037594,0,0,0.011765,0
5411,0.007752,0.007407,0,0.010204,0,0.032787,0.015625,0
5412,0.673367,0.685786,0.418367,0.736434,0.475309,0.439394,0.924731,0.860465
5413,0.726496,0.708955,0.584906,0.764706,0.408163,0.5,0.878788,0.896552
5414,0.721154,0.724576,0.52,0.708861,0.3,0.512821,0.77193,0.966667
5415,0.71134,0.696035,0.541667,0.805556,0.222222,0.6,0.8,1
5416,0.93545,0.894435,0.870229,0.928444,0.871861,0.8411,0.917647,0.950495
5417,0.735897,0.747487,0.593857,0.721393,0.627604,0.508642,0.891156,0.851351
5418,0.784848,0.760462,0.626609,0.801205,0.623574,0.449275,0.905512,0.913793
5419,0.614379,0.609195,0.480519,0.703704,0.339623,0.291667,0.819444,0.882353
5420,0.904762,0.939394,0.428571,0.864583,0.894737,0.863636,0.873239,0.918919
5421,0.881068,0.865136,0.890215,0.896552,0.867925,0.875,0.911392,0.857143
5422,0.95338,0.896266,0.93379,0.922509,0.87594,0.886765,0.91358,0.934783
5423,0.849425,0.831602,0.75673,0.851936,0.781972,0.72004,0.86165,0.808889
5424,0.83196,0.822289,0.694992,0.838527,0.726944,0.683917,0.871324,0.797203
5425,0.676829,0.756677,0.663212,0.786885,0.717391,0.502058,0.816901,0.636364
5426,0.707483,0.759531,0.803681,0.752137,0.655172,0.733333,0.868421,0.865385
5427,0.564748,0.604061,0.642384,0.597765,0.570694,0.646288,0.828025,0.936709
5428,0.621554,0.617918,0.593458,0.583691,0.636923,0.626734,0.942105,0.978261
5429,0.4947,0.520197,0.667851,0.569697,0.53629,0.579916,0.88,0.896825
5430,0.50678,0.534036,0.710297,0.577586,0.566346,0.580227,0.876866,0.869565
5431,0.490789,0.49887,0.654939,0.585082,0.549169,0.566906,0.903509,0.894444
5432,0.374687,0.432046,0.470968,0.395506,0.409418,0.459705,0.884298,0.851282
5433,0.460497,0.467508,0.555556,0.512195,0.476844,0.47104,0.873894,0.831224
5434,0.697928,0.652495,0.715393,0.677932,0.635632,0.555203,0.878407,0.891129
5435,0.704255,0.740096,0.799774,0.81391,0.641498,0.623612,0.869048,0.855556
5436,0.673298,0.702783,0.790909,0.838649,0.603985,0.627853,0.882,0.839552
5437,0.789331,0.803954,0.855596,0.907407,0.751948,0.695623,0.893058,0.863971
5438,0.585959,0.657339,0.843225,0.885274,0.528029,0.619286,0.918,0.918919
5439,0.682399,0.724267,0.87372,0.914894,0.64002,0.653903,0.905437,0.916667
5440,0.647525,0.720201,0.874579,0.905769,0.625125,0.657588,0.928571,0.9375
5441,0.594292,0.663206,0.833473,0.85098,0.599074,0.614286,0.872629,0.915344
5442,0.495423,0.426637,0.653916,0.653527,0.381894,0.411179,0.762542,0.75817
5443,0.340741,0.551948,0.52381,0.435644,0.27381,0.493976,0.446154,0.2
5444,0.732877,0.722704,0.502415,0.786585,0.681818,0.478431,0.804688,0.884615
5445,0.981132,0.977444,0.942857,0.956522,0.921053,0.925926,1,1
5446,0.959184,0.924883,0.986111,0.939394,0.944444,0.936709,0.95,1
5447,0.870588,0.870588,0.8,0.915493,0.835897,0.846154,0.946429,1
5448,0.76009,0.740933,0.707006,0.763713,0.699422,0.687234,0.892857,0.873016
5449,0.598214,0.565022,0.361702,0.531646,0.347826,0.353846,0.759259,0.722222
5450,0.83956,0.936893,0.94198,0.947581,0.882812,0.919897,0.934673,0.942149
5451,0.846983,0.943728,0.959752,0.954198,0.867299,0.916667,0.892157,0.952381
5452,0.675676,0.865904,0.911205,0.810219,0.724502,0.862697,0.875,0.900621
5453,0.636301,0.756007,0.702904,0.731618,0.597814,0.668598,0.835148,0.849858
5454,0.563265,0.59176,0.49697,0.584795,0.539568,0.413408,0.728155,0.733333
5455,0.670588,0.691304,0.684211,0.757143,0.590909,0.666667,0.705882,0.684211
5456,0.228916,0.443182,0.76,0.02439,0.2,0.7,0.628571,0.47619
5457,0.068966,0.462366,0.723684,0.039216,0.236364,0.722222,0.636364,0.428571
5458,0.713178,0.677043,0.811966,0.607595,0.638554,0.764045,0.78125,0.777778
5459,0.8125,0.863354,0.882353,0.690476,0.642857,0.826087,0.849315,0.862069
5460,0.741176,0.689796,0.765432,0.633987,0.730159,0.737778,0.839623,0.857143
5461,0.564103,0.581081,0.616,0.627329,0.695876,0.632479,0.852174,0.758621
5462,0.866828,0.774965,0.773292,0.786408,0.819892,0.799499,0.887417,0.8875
5463,0.864307,0.798387,0.8,0.80163,0.856077,0.728674,0.921708,0.908497
5464,0.754335,0.604222,0.723577,0.685279,0.776224,0.609195,0.889262,0.896552
5465,0.571256,0.496135,0.510665,0.434125,0.622727,0.530764,0.893443,0.904545
5466,0.615018,0.512212,0.61834,0.551064,0.693631,0.520722,0.916216,0.902655
5467,0.780911,0.657775,0.727907,0.721344,0.806105,0.584894,0.924242,0.926531
5468,0.784057,0.667676,0.683742,0.673585,0.75641,0.552993,0.899522,0.941634
5469,0.682635,0.609741,0.671233,0.675373,0.713783,0.51941,0.898618,0.900369
5470,0.643357,0.619173,0.657552,0.552553,0.351421,0.584373,0.830389,0.818681
5471,0.693314,0.671875,0.634921,0.538462,0.636122,0.578595,0.776557,0.713483
5472,0.565868,0.52552,0.499329,0.403974,0.532926,0.515954,0.67433,0.617143
5473,0.525926,0.526445,0.52354,0.452489,0.596631,0.442741,0.761682,0.809524
5474,0.481375,0.455046,0.509485,0.414966,0.470914,0.390922,0.639456,0.663636
5475,0.916399,0.891743,0.927536,0.932432,0.92029,0.883803,0.789474,0.857143
5476,0.926097,0.923288,0.918819,0.90367,0.911504,0.890591,0.933333,0.947368
5477,0.848821,0.837859,0.744048,0.852151,0.744053,0.683297,0.958333,0.9375
5478,0.785714,0.74937,0.685714,0.785714,0.68315,0.639485,0.925926,0.882353
5479,0.854749,0.858166,0.784,0.873684,0.772124,0.716495,0.75,1
5480,0.862857,0.869501,0.806584,0.881356,0.777778,0.758427,0.875,1
5481,0.804665,0.822995,0.788136,0.887574,0.817043,0.728916,0.736842,1
5482,0.513274,0.599057,0.19697,0.283951,0.451613,0.666667,0.754386,0.821429
5483,0.556391,0.608163,0.37037,0.377778,0.464286,0.602151,0.692308,0.727273
5484,0.567568,0.676364,0.4375,0.445545,0.491803,0.733871,0.5,0.552632
5485,0.535948,0.659722,0.424242,0.390476,0.439024,0.656716,0.52,0.575
5486,0.421705,0.422925,0.256098,0.3,0.385374,0.519108,0.124424,0.083333
5487,0.329851,0.370225,0.24186,0.301325,0.303982,0.414938,0.09633,0.080357
5488,0.285714,0.338086,0.193333,0.25625,0.211806,0.292962,0.120482,0.06
5489,0.29703,0.315789,0.16185,0.207317,0.182836,0.222222,0.119048,0.166667
5490,0.759124,0.839763,0.693069,0.6875,0.838384,0.789474,0.642857,1
5491,0.915966,0.93609,0.882653,0.91411,0.87395,0.882979,0.785714,1
5492,0.853211,0.832025,0.793249,0.811791,0.818182,0.774067,0.880597,0.884615
5493,0.553846,0.714912,0.748366,0.65873,0.736334,0.741848,0.910569,0.898734
5494,0.630021,0.796438,0.822485,0.817544,0.761792,0.780591,0.935065,0.91954
5495,0.6337,0.8,0.780556,0.84466,0.748466,0.810526,0.94012,0.927835
5496,0.818182,0.845516,0.773788,0.853061,0.783565,0.763134,0.907216,0.887574
5497,0.75082,0.37963,0.699219,0.808989,0.695122,0.479508,0.877049,0.938272
5498,0.36612,0.092141,0.309211,0.20339,0.203488,0.202312,0.083333,0.034483
5499,0.428135,0.235189,0.339623,0.359116,0.309735,0.230352,0.067797,0.097561
5500,0.50565,0.27656,0.432234,0.44898,0.354331,0.335878,0.098361,0.071429
5501,0.590686,0.358865,0.605351,0.523364,0.442886,0.399185,0.123077,0.076923
5502,0.597727,0.280105,0.659236,0.509009,0.377295,0.357143,0.081081,0.033898
5503,0.469799,0.198718,0.49375,0.343612,0.293548,0.262976,0.074074,0.032258
5504,0.432297,0.135207,0.214485,0.181223,0.183085,0.106003,0.072874,0.070513
5505,0.781008,0.67707,0.766484,0.82906,0.720396,0.657602,0.438525,0.462025
5506,0.816505,0.620668,0.776119,0.836364,0.798488,0.597666,0.303279,0.245283
5507,0.822896,0.587781,0.734807,0.785859,0.770145,0.580194,0.228216,0.14557
5508,0.618321,0.475032,0.55291,0.603333,0.431561,0.350501,0.212121,0.234568
5509,0.783133,0.760181,0.841463,0.827338,0.666667,0.461538,0.6,0.666667
5510,0.616766,0.330612,0.593407,0.726562,0.316279,0,0.191489,0
5511,0.628676,0.507782,0.666667,0.572289,0.576779,0.414894,0.866071,0.821918
5512,0.170772,0.029412,0.018519,0.028571,0.027987,0.023555,0.558974,0.591463
5513,0.600454,0.467505,0.550996,0.513699,0.534443,0.400233,0.757098,0.7625
5514,0.155116,0.037611,0.054194,0.047404,0.054928,0.045971,0.683047,0.695793
5515,0.217054,0.099665,0.104197,0.111111,0.144005,0.121175,0.809659,0.777778
5516,0.20839,0.11882,0.099688,0.129944,0.184401,0.160078,0.674923,0.732218
5517,0.150621,0.123651,0.121043,0.137584,0.178007,0.211871,0.714777,0.712264
5518,0.121457,0.243781,0.080925,0.109375,0.166341,0.248244,0.418182,0.413462
5519,0.945312,0.953191,0.943548,0.929078,0.933333,0.907767,0.964286,0.921569
5520,0.901818,0.914286,0.883721,0.860927,0.877828,0.908676,0.965517,0.907407
5521,0.852128,0.830731,0.841079,0.821012,0.766854,0.738026,0.601852,0.606452
5522,0.881466,0.846252,0.852113,0.830375,0.823139,0.768337,0.708502,0.717949
5523,0.893298,0.856206,0.827922,0.866432,0.832836,0.795195,0.723577,0.766667
5524,0.844068,0.849738,0.823529,0.825641,0.820844,0.8087,0.398678,0.370107
5525,0.853826,0.869565,0.856894,0.834471,0.82942,0.794973,0.288462,0.267361
5526,0.775701,0.706458,0.620536,0.882716,0.621554,0.508816,0.801887,0.854545
5527,0.356164,0.472222,0.353147,0.244048,0.377907,0.562334,0.592593,0.561798
5528,0.551724,0.593516,0.450111,0.370656,0.470494,0.594901,0.817204,0.717557
5529,0.248315,0.341954,0.323651,0.328502,0.194861,0.296149,0.320359,0.322404
5530,0.358166,0.487013,0.596091,0.443182,0.384946,0.447699,0.846154,0.682927
5531,0.303797,0.451613,0.501706,0.397516,0.305936,0.378261,0.677966,0.657143
5532,0.437086,0.593583,0.685315,0.584416,0.447867,0.462069,0.789474,0.833333
5533,0.343284,0.530547,0.474074,0.423529,0.19469,0.309278,0.695652,0.866667
5534,0.432,0.57,0.488372,0.5125,0.257426,0.362637,0.8,0.846154
5535,0.383838,0.495902,0.5,0.454545,0.177778,0.333333,0.666667,0.7
5536,0.904348,0.889251,0.9,0.890625,0.925926,0.942308,0.893333,0.913043
5537,0.867978,0.849582,0.789954,0.84,0.790941,0.854701,0.888158,0.88
5538,0.766949,0.68714,0.719834,0.692478,0.683175,0.646051,0.498807,0.523404
5539,0.823256,0.76093,0.714859,0.844595,0.653654,0.587968,0.42437,0.394558
5540,0.788793,0.769935,0.65616,0.871287,0.640127,0.516874,0.188312,0.237113
5541,0.772834,0.775424,0.664577,0.831522,0.638889,0.452055,0.304688,0.298701
5542,0.822157,0.776935,0.738832,0.672316,0.795756,0.792507,0.923664,0.953125
5543,0.892377,0.837585,0.853562,0.850746,0.853707,0.795276,0.937956,0.942029
5544,0.825581,0.792777,0.675803,0.787321,0.808329,0.693092,0.881633,0.922261
5545,0.771037,0.74105,0.661386,0.767967,0.739734,0.65119,0.889558,0.903571
5546,0.838235,0.8525,0.708333,0.886179,0.74,0.694737,0.943662,0.846154
5547,0.853535,0.819797,0.689076,0.813559,0.684932,0.650538,0.911765,0.941176
5548,0.748092,0.77972,0.578313,0.774648,0.661538,0.438095,0.854167,0.961538
5549,0.729167,0.819328,0.92233,0.892857,0.674419,0.865672,0.886364,0.647059
5550,0.86,0.841328,0.891892,0.890625,0.746269,0.842105,0.903846,0.857143
5551,0.715232,0.808625,0.897436,0.952941,0.822086,0.827103,0.881356,0.846154
5552,0.658385,0.750649,0.876847,0.8,0.764398,0.829268,0.925373,0.84375
5553,0.693989,0.816471,0.885965,0.88,0.800797,0.826748,0.948718,0.833333
5554,0.697561,0.771552,0.883065,0.896226,0.780781,0.844869,0.921348,0.93617
5555,0.81685,0.878689,0.908228,0.937063,0.879917,0.878357,0.947368,0.95
5556,0.806338,0.84984,0.890578,0.92053,0.884086,0.889561,0.926829,0.870968
5557,0.744868,0.817784,0.872629,0.890805,0.844371,0.833555,0.902985,0.873239
5558,0.673036,0.773903,0.80212,0.844444,0.727169,0.736842,0.869565,0.848485
5559,0.710383,0.812929,0.825203,0.867159,0.748148,0.781135,0.87619,0.854701
5560,0.71066,0.771689,0.768944,0.840678,0.772302,0.739764,0.93722,0.883721
5561,0.761494,0.795656,0.751323,0.878873,0.773496,0.756726,0.827957,0.834395
5562,0.851952,0.807126,0.782209,0.881402,0.808427,0.752481,0.941176,0.922619
5563,0.753937,0.733216,0.748286,0.807615,0.697169,0.662673,0.887446,0.86692
5564,0.554827,0.538685,0.508094,0.526606,0.525294,0.589566,0.849442,0.875887
5565,0.745404,0.758131,0.726354,0.802178,0.675153,0.680543,0.888683,0.914966
5566,0.578544,0.610701,0.394737,0.606452,0.441606,0.348361,0.780488,0.84
5567,0.651685,0.694352,0.705882,0.705128,0.73913,0.833333,0.869565,0.888889
5568,0.948905,0.93266,0.962963,0.907895,1,0.928571,0.407407,0.372549
5569,0.967949,0.950292,0.974026,0.923913,1,0.914286,0.333333,0.368421
5570,0.937387,0.917715,0.894737,0.925606,0.897059,0.88897,0.926531,0.87395
5571,0.902897,0.855239,0.853531,0.895522,0.864444,0.844201,0.828179,0.848057
5572,0.742047,0.774588,0.758299,0.807152,0.785606,0.727178,0.843666,0.893506
5573,0.80121,0.807096,0.781798,0.782875,0.728823,0.72203,0.808791,0.853047
5574,0.859375,0.893701,0.8,0.926471,0.878049,0.872,0.967742,0.965517
5575,0.798969,0.859838,0.801527,0.84375,0.827815,0.837321,0.957447,0.921053
5576,0.580756,0.707602,0.565217,0.529851,0.623457,0.731959,0.916667,0.896552
5577,0.801418,0.846369,0.83208,0.825243,0.774809,0.800628,0.932432,0.934066
5578,0.780761,0.830263,0.766265,0.741379,0.756364,0.796188,0.948718,0.904762
5579,0.687379,0.849969,0.721223,0.675781,0.666026,0.686916,0.941691,0.922727
5580,0.703992,0.851534,0.72323,0.718147,0.686413,0.693963,0.962319,0.936364
5581,0.591659,0.778941,0.604303,0.576923,0.585492,0.604205,0.913545,0.899543
5582,0.68969,0.813049,0.702652,0.698444,0.658762,0.64981,0.933718,0.931818
5583,0.492188,0.379098,0.362069,0.263158,0.416413,0.396721,0.86,0.833333
5584,0.704365,0.766004,0.562347,0.686567,0.606383,0.614776,0.691489,0.631579
5585,0.419263,0.462758,0.333333,0.35533,0.320261,0.400438,0.480519,0.388889
5586,0.631111,0.68171,0.422727,0.634146,0.437229,0.460251,0.603448,0.633333
5587,0.442478,0.576471,0.330579,0.346667,0.338028,0.382022,0.783784,0.882353
5588,0.714286,0.725664,0.608247,0.569231,0.555556,0.492958,0.862069,0.785714
5589,0.628866,0.681614,0.494737,0.451613,0.5,0.5,0.892857,0.846154
5590,0.895161,0.940541,0.791667,0.913462,0.945736,0.86014,0.906977,1
5591,0.879397,0.865789,0.910448,0.848214,0.874074,0.843137,0.942857,1
5592,0.911708,0.925287,0.908356,0.953901,0.890805,0.849432,0.914286,0.92381
5593,0.795259,0.786816,0.777515,0.856115,0.729761,0.667755,0.911839,0.894273
5594,0.826087,0.816229,0.796435,0.876457,0.794569,0.769231,0.921233,0.90303
5595,0.885106,0.874649,0.869168,0.899204,0.833894,0.794147,0.934783,0.90625
5596,0.865169,0.863544,0.818565,0.893372,0.804589,0.723542,0.91573,0.928571
5597,0.726027,0.791461,0.704655,0.831169,0.679641,0.605108,0.879121,0.822581
5598,0.799419,0.828571,0.715026,0.843318,0.714783,0.641553,0.892857,0.830189
5599,0.796117,0.840551,0.586066,0.809278,0.695391,0.64276,0.939394,0.883721
5600,0.803448,0.840816,0.652655,0.846154,0.707113,0.619469,0.796875,0.8
5601,0.790698,0.653846,0.708333,0.8,0.592593,0.443609,0.96,0.888889
5602,0.769231,0.583756,0.576642,0.516129,0.54902,0.442478,0.724138,0.705882
5603,0.805699,0.776563,0.779006,0.823276,0.791086,0.792453,0.107317,0.154639
5604,0.737458,0.822547,0.809019,0.834758,0.756684,0.808896,0.113269,0.131034
5605,0.698182,0.712179,0.70814,0.761526,0.681601,0.649682,0.125,0.147436
5606,0.732039,0.746503,0.724586,0.780656,0.694661,0.667665,0.122966,0.105455
5607,0.793037,0.762322,0.735169,0.816609,0.657763,0.605307,0.099265,0.110092
5608,0.684543,0.602254,0.596542,0.691489,0.491176,0.418231,0.053763,0.079545
5609,0.848739,0.85426,0.869863,0.852113,0.829897,0.806931,0.942857,0.865385
5610,0.754448,0.8083,0.811111,0.727811,0.376623,0.773438,0.89916,0.852941
5611,0.669683,0.670376,0.668449,0.715789,0.540541,0.590674,0.846774,0.769231
5612,0.738699,0.750687,0.749347,0.778468,0.644315,0.694978,0.886243,0.839623
5613,0.575221,0.675639,0.683516,0.743945,0.651724,0.558574,0.775862,0.642857
5614,0.714286,0.379845,0.677966,0.851562,0.654822,0.510638,0.859649,0.83871
5615,0.799544,0.584634,0.838791,0.773585,0.836066,0.698182,0.751634,0.771429
5616,0.766382,0.540396,0.731598,0.755068,0.728717,0.51385,0.69837,0.632184
5617,0.675336,0.47651,0.607206,0.617162,0.593879,0.373404,0.628916,0.583732
5618,0.760075,0.53171,0.699145,0.697368,0.639374,0.442488,0.641834,0.646739
5619,0.625592,0.422383,0.519459,0.588083,0.467548,0.281659,0.881356,0.808824
5620,0.607143,0.391167,0.458333,0.567686,0.398876,0.164948,0.836538,0.880952
5621,0.20979,0.378486,0.657143,0.482353,0.207317,0.598039,0.16,0.269231
5622,0.407407,0.482517,0.754386,0.589474,0.298246,0.608696,0.203704,0.178571
5623,0.383085,0.561119,0.639889,0.660465,0.510501,0.466767,0.313559,0.222222
5624,0.315673,0.466801,0.579099,0.473348,0.295249,0.347547,0.152493,0.131579
5625,0.442469,0.601399,0.612903,0.648703,0.503319,0.511427,0.192635,0.216346
5626,0.524205,0.675591,0.67298,0.753086,0.58427,0.541446,0.197368,0.278912
5627,0.670077,0.634146,0.612121,0.838428,0.581121,0.515856,0.643478,0.75
5628,0.584229,0.605263,0.53,0.674157,0.406863,0.472727,0.655914,0.695652
5629,0.497674,0.515222,0.41358,0.621429,0.27027,0.360577,0.56,0.472222
5630,0.62585,0.625,0.61157,0.733333,0.777778,0.795181,0.168831,0.2
5631,0.604278,0.58794,0.506329,0.629032,0.615385,0.695652,0.112245,0.09375
5632,0.616162,0.653584,0.541818,0.693122,0.666667,0.726962,0.15,0.043478
5633,0.71875,0.741627,0.67893,0.819512,0.736434,0.778135,0.12,0.150943
5634,0.627273,0.633282,0.506329,0.714953,0.666667,0.696793,0.130769,0.09434
5635,0.540107,0.608755,0.437326,0.637131,0.589971,0.688946,0.111888,0.09375
5636,0.665934,0.691959,0.61087,0.764925,0.69305,0.674419,0.1125,0.090909
5637,0.740772,0.773749,0.758377,0.845486,0.702638,0.65321,0.088353,0.075188
5638,0.858643,0.849902,0.85402,0.894828,0.797327,0.752551,0.158317,0.135338
5639,0.77669,0.803804,0.809713,0.863985,0.701167,0.707502,0.158257,0.095436
5640,0.68186,0.75558,0.800963,0.864173,0.64545,0.67838,0.087059,0.048246
5641,0.757079,0.730327,0.608824,0.785714,0.618449,0.528122,0.16996,0.162602
5642,0.735499,0.717005,0.559701,0.832669,0.545455,0.390892,0.179775,0.109589
5643,0.390606,0.432243,0.290162,0.347826,0.369837,0.457169,0.684049,0.638037
5644,0.364706,0.393393,0.254879,0.25486,0.252925,0.36,0.685714,0.689266
5645,0.384113,0.42568,0.267635,0.256513,0.291051,0.397906,0.681122,0.708543
5646,0.451887,0.434202,0.347603,0.408475,0.416477,0.461182,0.668058,0.686508
5647,0.503766,0.462668,0.395567,0.457338,0.466667,0.474644,0.667377,0.724
5648,0.648038,0.611852,0.566392,0.579151,0.540561,0.46566,0.640127,0.660256
5649,0.798165,0.731092,0.583333,0.846154,0.520408,0.315789,0.837838,0.894737
5650,0.962963,0.884615,0.910448,0.970588,0.888889,0.785714,0.983871,0.964286
5651,0.938596,0.871257,0.902778,0.886076,0.84507,0.754717,1,0.941176
5652,0.83536,0.797974,0.780541,0.854202,0.79723,0.723377,0.783262,0.759825
5653,0.744898,0.68743,0.662393,0.684783,0.614227,0.466667,0.613924,0.621622
5654,0.805195,0.805,0.765625,0.835821,0.689655,0.75,0.863636,0.769231
5655,0.798883,0.743169,0.557093,0.675258,0.739895,0.743764,0.849462,0.857143
5656,0.765792,0.773973,0.53875,0.705244,0.713864,0.668286,0.902128,0.900826
5657,0.666667,0.668293,0.336538,0.704918,0.582278,0.421053,0.816667,0.69697
5658,0.896861,0.920792,0.918103,0.864,0.885522,0.861538,0.97619,0.914286
5659,0.973941,0.953451,0.979452,0.98773,0.964912,0.939216,0.968085,0.975
5660,0.978142,0.964529,0.934844,0.952381,0.948763,0.933333,0.97541,0.962264
5661,0.951036,0.923554,0.928444,0.959259,0.936242,0.874753,0.982456,0.973684
5662,0.861507,0.826652,0.757143,0.882353,0.695026,0.637824,0.971751,0.987342
5663,0.813853,0.782353,0.722826,0.867769,0.691589,0.533074,0.861111,0.9
5664,0.826087,0.795359,0.733728,0.857143,0.679558,0.591346,0.875,0.857143
5665,0.617391,0.492308,0.529851,0.493827,0.641667,0.754098,0.428571,0.5
5666,0.632812,0.526882,0.517007,0.521739,0.573529,0.830882,0.425,0.5
5667,0.842342,0.863732,0.811847,0.828947,0.835322,0.900726,0.513889,0.5
5668,0.913208,0.867857,0.854839,0.871134,0.895765,0.913603,0.575758,0.596491
5669,0.842752,0.803841,0.865672,0.837037,0.870472,0.858491,0.581699,0.53125
5670,0.818448,0.81478,0.787952,0.795866,0.797316,0.744023,0.5,0.532544
5671,0.833098,0.860444,0.787843,0.81519,0.810153,0.773045,0.55157,0.523529
5672,0.785519,0.782098,0.751174,0.805486,0.775886,0.732835,0.569565,0.537143
5673,0.657285,0.637985,0.510158,0.735484,0.504464,0.562577,0.426901,0.4375
5674,0.423423,0.654902,0.546875,0.552239,0.601942,0.735849,0.055556,0
5675,0.208696,0.389706,0.138889,0.28169,0.284404,0.509091,0,0
5676,0.163265,0.455927,0.3,0.2,0.251748,0.56,0,0
5677,0.131579,0.425056,0.194444,0.184211,0.236052,0.52349,0.066667,0
5678,0.468045,0.58674,0.479365,0.492308,0.534985,0.616071,0.09434,0.025
5679,0.464844,0.598712,0.402778,0.51938,0.572,0.459459,0.090909,0
5680,0.59596,0.683486,0.728261,0.560606,0.421053,0.690909,0.64,0.777778
5681,0.665975,0.710526,0.734226,0.694656,0.713147,0.711086,0.725146,0.735294
5682,0.778923,0.801887,0.675365,0.780435,0.785548,0.684603,0.866667,0.87451
5683,0.675214,0.666185,0.658915,0.771739,0.63738,0.605882,0.821429,0.860465
5684,0.675,0.76824,0.676829,0.795082,0.640449,0.540441,0.734375,0.848485
5685,0.627586,0.633333,0.557895,0.758242,0.521552,0.453039,0.866667,0.953488
5686,0.588235,0.589595,0.585366,0.454545,0.436782,0.428571,0.529412,0.7
5687,0,0,0,0,0.071429,0.018692,0,0
5688,0,0.001996,0.006849,0.005076,0.001385,0.002788,0,0.011628
5689,0.002028,0.007498,0.003115,0,0.005959,0.003359,0.015267,0
5690,0.001168,0.003446,0.003026,0,0.004762,0.005091,0.004425,0
5691,0.007246,0.004444,0,0,0,0,0,0
5692,0,0.004808,0,0,0,0,0.021739,0
5693,0,0,0,0.015625,0,0,0,0
5694,0.981651,0.945841,0.964706,0.975806,0.939394,0.901099,0.955752,0.970588
5695,0.870787,0.738938,0.838983,0.87037,0.746988,0.694915,0.949495,0.981818
5696,0.868571,0.812918,0.866071,0.898148,0.746835,0.754386,0.969697,0.942308
5697,0.876829,0.823895,0.8051,0.880299,0.809571,0.734834,0.927083,0.903846
5698,0.854545,0.836608,0.823353,0.897163,0.773554,0.66875,0.898477,0.936842
5699,0.856502,0.765217,0.757764,0.808,0.635294,0.458763,0.83871,0.880952
5700,0.882883,0.892523,0.881356,0.822222,0.72973,0.767442,0.948718,0.916667
5701,0.813559,0.89759,0.789474,0.871429,0.758242,0.855769,0.803571,0.823529
5702,0.945,0.952756,0.824818,0.949367,0.926829,0.916084,0.835821,0.913043
5703,0.932432,0.943363,0.929204,0.9375,0.919643,0.881679,0.894737,0.886364
5704,0.747801,0.783626,0.707447,0.788406,0.693548,0.724066,0.919431,0.94382
5705,0.94359,0.935897,0.946309,0.984733,0.90411,0.852941,0.926471,1
5706,0.86039,0.900641,0.877953,0.964824,0.864198,0.812734,0.922414,0.977273
5707,0.835924,0.857287,0.866379,0.881844,0.842949,0.762195,0.915423,0.9375
5708,0.931983,0.918089,0.913681,0.962312,0.944114,0.876905,0.972112,0.952381
5709,0.888598,0.88512,0.895588,0.934978,0.917172,0.825956,0.949821,0.933824
5710,0.894661,0.850157,0.848429,0.911641,0.842196,0.764649,0.93007,0.939467
5711,0.8749,0.83966,0.85548,0.882979,0.826667,0.739309,0.880998,0.886905
5712,0.695652,0.760355,0.607477,0.834711,0.762295,0.588785,0.878049,0.911765
5713,0.657143,0.691244,0.690909,0.802817,0.625,0.371429,0.833333,0.863636
5714,0.830028,0.776224,0.343358,0.854015,0.390852,0.635417,0.86859,0.892405
5715,0.908861,0.913247,0.425,0.870968,0.47861,0.912676,0.909677,0.869048
5716,0.975806,0.956044,0.520408,0.941935,0.514085,0.939597,0.955357,0.970588
5717,0.954545,0.975983,0.560976,0.925926,0.494737,0.950495,0.978723,0.947368
5718,0.951613,0.956818,0.538462,0.936,0.435294,0.916667,0.977778,0.98
5719,0.947368,0.954545,0.534247,0.900901,0.453333,0.954545,0.977273,0.978261
5720,0.907285,0.482574,0.52459,0.903226,0.492063,0.896104,0.95122,0.906977
5721,0.381579,0.79638,0.314721,0.923077,0.592453,0.457447,0.935897,0.918919
5722,0.840979,0.35942,0.712676,0.93722,0.778107,0.633968,0.93913,0.944444
5723,0.787062,0.860158,0.7325,0.951613,0.761349,0.657248,0.912698,0.919355
5724,0.075061,0.864346,0.745995,0.922535,0.738883,0.669248,0.507353,0.913043
5725,0.828306,0.370499,0.728665,0.935593,0.733766,0.640461,0.430556,0.897436
5726,0.783699,0.82049,0.437002,0.873385,0.736799,0.707831,0.855721,0.855932
5727,0.914286,0.9008,0.864901,0.921569,0.879765,0.832429,0.935065,0.843537
5728,0.966929,0.942348,0.910646,0.964286,0.938834,0.915394,0.978814,0.970803
5729,0.598566,0.924752,0.516484,0.931298,0.456853,0.497585,0.911504,0.461538
5730,0.979508,0.95749,0.93578,0.966216,0.915966,0.957447,0.951923,0.971014
5731,0.879009,0.915641,0.883721,0.858757,0.801541,0.864889,0.954717,0.937107
5732,0.952159,0.936879,0.91886,0.940133,0.8966,0.896774,0.974286,0.96347
5733,0.877828,0.885953,0.86738,0.88651,0.831643,0.822753,0.967391,0.969565
5734,0.924584,0.896821,0.803556,0.911654,0.826276,0.785081,0.958242,0.968085
5735,0.921512,0.905649,0.807116,0.912963,0.832164,0.771158,0.969163,0.970909
5736,0.901394,0.888684,0.780115,0.911275,0.819436,0.745665,0.946667,0.940959
5737,0.878282,0.863034,0.70229,0.872068,0.790698,0.662431,0.914948,0.923077
5738,0.72093,0.709434,0.475,0.850746,0.731707,0.5,0.898551,0.870968
5739,0.901961,0.86413,0.934783,0.902439,0.538462,0.6,0.821429,0.681818
5740,0.777429,0.608215,0.770677,0.778261,0.62963,0.442748,0.848837,0.854545
5741,0.902941,0.75,0.907749,0.892562,0.827893,0.6787,0.950276,0.965812
5742,0.771901,0.535645,0.744949,0.76912,0.660723,0.49974,0.878594,0.854227
5743,0.745469,0.518948,0.711129,0.74116,0.672103,0.556036,0.905817,0.894737
5744,0.5,0.256809,0.436364,0.506329,0.422222,0.282051,0.815789,0.888889
5745,0.591398,0.561086,0.416667,0.5625,0.376812,0.5,0.15,0
5746,0.763158,0.692607,0.549296,0.541176,0.597826,0.666667,0.137255,0.095238
5747,0.482085,0.501767,0.338983,0.429319,0.631579,0.684375,0.081481,0.20339
5748,0.679348,0.566975,0.523132,0.556213,0.743529,0.770718,0.178899,0.274194
5749,0.897252,0.831149,0.846847,0.774,0.869079,0.831748,0.148571,0.184211
5750,0.886715,0.830464,0.704991,0.749553,0.805889,0.798329,0.219807,0.227468
5751,0.660732,0.572997,0.472222,0.548885,0.698312,0.702672,0.150685,0.15102
5752,0.845588,0.801921,0.648673,0.773424,0.76245,0.750689,0.214286,0.238095
5753,0.650809,0.637516,0.380471,0.517757,0.613624,0.622941,0.113725,0.145985
5754,0.671498,0.531707,0.621622,0.647541,0.557143,0.567164,0.526882,0.451613
5755,0.787879,0.63354,0.592233,0.776596,0.651316,0.518519,0.536585,0.363636
5756,0.735849,0.731818,0.584615,0.727273,0.592105,0.550725,0.357143,0.395349
5757,0.951952,0.940035,0.913333,0.960396,0.853704,0.81982,0.75,1
5758,1,0.920792,0.98,0.965517,0.971429,0.894737,0.173913,0.3
5759,0.819672,0.801887,0.782456,0.883117,0.714579,0.760757,0.077778,0.122807
5760,0.816514,0.82662,0.725694,0.827381,0.753321,0.798361,0.074468,0.051724
5761,0.985075,0.966667,0.98,0.952381,0.918919,0.965517,1,1
5762,0.957143,0.942675,0.962963,1,0.974359,0.9375,1,0.833333
5763,1,0.958549,0.955224,0.980392,0.964286,0.956522,1,1
5764,0.963303,0.959288,0.927419,1,0.958333,0.95,0.933333,0.909091
5765,0.905455,0.876133,0.898577,0.955479,0.875166,0.844978,0.813187,0.827586
5766,0.904059,0.888098,0.895307,0.933798,0.879945,0.863135,0.831325,0.821429
5767,0.910387,0.884573,0.897196,0.934307,0.869754,0.877214,0.924051,0.592593
5768,0.867368,0.859791,0.815238,0.888476,0.843703,0.845963,0.925,0.961538
5769,0.831325,0.747634,0.704301,0.897059,0.789352,0.658537,0.704225,0.863636
5770,0.833333,0.765823,0.781726,0.878261,0.748634,0.624506,0.8,0.909091
5771,0.829932,0.795539,0.830303,0.945652,0.784314,0.688119,0.675676,0.777778
5772,0.795775,0.796154,0.826087,0.89011,0.768212,0.682292,0.742857,0.875
5773,0.791304,0.780952,0.77027,0.873418,0.716667,0.570513,0.857143,0.714286
5774,0.780645,0.819672,0.823404,0.873926,0.756432,0.706777,0.8875,0.869565
5775,0.755853,0.814404,0.825054,0.85044,0.772647,0.702742,0.903084,0.879032
5776,0.710306,0.687747,0.656347,0.752137,0.661677,0.614428,0.801418,0.883117
5777,0.782609,0.748503,0.716312,0.843434,0.695035,0.619048,0.90678,0.953125
5778,0.704545,0.708831,0.591241,0.754545,0.639344,0.457516,0.855422,0.833333
5779,0.747967,0.726415,0.6875,0.809524,0.58,0.392857,0.898305,1
5780,0.602041,0.667308,0.557769,0.6,0.508197,0.62381,0.640845,0.638298
5781,0.757576,0.705882,0.672727,0.809524,0.486486,0.481481,1,0.75
5782,0.53527,0.535135,0.707207,0.604651,0.568359,0.554524,0.133721,0.104651
5783,0,0.01145,0,0,0.002717,0.002639,0,0
5784,0,0.001563,0.006472,0,0,0.003188,0,0
5785,0,0.008772,0.002985,0.005747,0.003781,0,0.010526,0.016667
5786,0,0,0,0,0.00319,0.000911,0.01,0
5787,0.008772,0.006173,0,0,0.005263,0.000803,0,0
5788,0.001312,0.001733,0.001949,0.002451,0,0.001081,0.003497,0.013245
5789,0.000978,0.002605,0.002007,0,0.004829,0.003141,0.002415,0.004651
5790,0.000892,0.002825,0.003141,0.001779,0.003161,0.001217,0.006637,0
5791,0.001672,0.001526,0.002378,0,0.002591,0.002547,0.002062,0.003953
5792,0,0.00137,0.004367,0,0.002217,0,0,0
5793,0,0.01259,0,0.014815,0,0.005051,0,0
5794,0,0.002481,0,0,0,0,0,0
5795,0,0.006079,0,0.012346,0,0,0,0
5796,0.924324,0.908108,0.953488,0.932773,0.823529,0.893617,0.921875,0.870968
5797,0.888889,0.891192,0.876812,0.934426,0.845238,0.896104,0.897059,0.852941
5798,0.9117,0.891304,0.867606,0.872549,0.854953,0.820585,0.905085,0.867347
5799,0.912826,0.905875,0.887631,0.888073,0.861781,0.813745,0.944444,0.937778
5800,0.881853,0.842749,0.856918,0.830088,0.782155,0.750483,0.93299,0.881423
5801,0.878636,0.824786,0.789426,0.908925,0.727711,0.698211,0.918182,0.888889
5802,0.833333,0.807531,0.720736,0.891496,0.739323,0.592543,0.830409,0.810526
5803,0.852525,0.780172,0.703072,0.887147,0.720365,0.581792,0.805195,0.776471
5804,0.722656,0.665281,0.57561,0.766304,0.521327,0.326733,0.875,0.9375
5805,0.718367,0.706967,0.666667,0.702128,0.632287,0.636761,0.413043,0.1875
5806,0.399093,0.637532,0.605172,0.656904,0.532756,0.568009,0.247059,0.132075
5807,0.792846,0.790493,0.71481,0.794595,0.691724,0.638563,0.430894,0.328767
5808,0.833333,0.753846,0.869159,0.806122,0.692308,0.677852,0.962264,0.821429
5809,0.796748,0.769912,0.784615,0.785714,0.519481,0.632911,0.756098,0.705882
5810,0.780303,0.741325,0.647059,0.714286,0.738095,0.783333,0.924528,0.925926
5811,0.885572,0.883534,0.874459,0.923077,0.823899,0.832117,0.91791,0.974026
5812,0.680957,0.754568,0.734066,0.766478,0.617647,0.644033,0.884701,0.871622
5813,0.699491,0.714139,0.653396,0.76087,0.599721,0.494799,0.867257,0.84252
5814,0.57177,0.620915,0.535826,0.585774,0.424742,0.444444,0.777778,0.821429
5815,0.705657,0.728408,0.708738,0.725953,0.771973,0.732797,0.881868,0.890688
5816,0.771505,0.758964,0.684449,0.79346,0.808209,0.771451,0.926396,0.91635
5817,0.802111,0.821499,0.83165,0.853242,0.799265,0.793651,0.9202,0.906716
5818,0.816901,0.774164,0.725203,0.84273,0.680272,0.52988,0.759563,0.835052
5819,0.740519,0.728571,0.65445,0.802589,0.635484,0.468954,0.721854,0.738636
5820,0.633028,0.719723,0.45122,0.848837,0.491803,0.326531,0.955556,0.733333
5821,0.804598,0.706612,0.655738,0.869565,0.469388,0.571429,0.928571,0.777778
5822,0.923729,0.910596,0.867347,0.915663,0.914894,0.898551,0.818182,0.666667
5823,0.8336,0.809886,0.78438,0.840256,0.710037,0.819413,0.809278,0.654206
5824,0.865443,0.874759,0.855381,0.889371,0.836177,0.807692,0.900383,0.891156
5825,0.804368,0.795906,0.793258,0.877083,0.767149,0.716792,0.897638,0.806667
5826,0.822086,0.814744,0.773067,0.878587,0.75766,0.688765,0.921875,0.874172
5827,0.703529,0.7493,0.62449,0.798165,0.572917,0.615176,0.796875,0.884058
5828,0.820588,0.765189,0.708543,0.840426,0.709459,0.654362,0.8125,0.843137
5829,0.792453,0.730539,0.5,0.818182,0.592593,0.6,0.863636,0.6
5830,0.822222,0.889362,0.760274,0.821429,0.746269,0.871429,0.974684,1
5831,0.738265,0.712794,0.682183,0.734417,0.692366,0.631695,0.807339,0.83871
5832,0.652893,0.661017,0.561576,0.652381,0.575802,0.523416,0.836364,0.84127
5833,0.545455,0.415978,0.607143,0.64557,0.290323,0.144737,0,0
5834,0.528986,0.424403,0.625,0.695122,0.328358,0.156627,0,0
5835,0.507205,0.404463,0.616667,0.65534,0.294545,0.166667,0.006135,0
5836,0.31236,0.311086,0.477901,0.526515,0.179669,0.098081,0,0
5837,0.457627,0.395055,0.575855,0.609943,0.360115,0.179645,0.012821,0.029046
5838,0.463295,0.405002,0.527347,0.596244,0.357493,0.159535,0.021598,0.014337
5839,0.451115,0.390424,0.563301,0.613269,0.359846,0.169945,0.024719,0.017937
5840,0.392927,0.317568,0.523723,0.551601,0.315033,0.139115,0.023196,0.020833
5841,0.320334,0.301493,0.486309,0.545673,0.253389,0.112467,0.014035,0
5842,0.393305,0.359147,0.430502,0.606498,0.263374,0.113809,0.010204,0.020619
5843,0.421053,0.342342,0.320225,0.571429,0.30303,0.115741,0.011765,0.045455
5844,0.482759,0.321192,0.322835,0.625,0.345679,0.071429,0.017241,0.035714
5845,0.940334,0.909554,0.883333,0.925373,0.880851,0.867647,0.960452,0.930556
5846,0.921348,0.908442,0.926901,0.903915,0.91,0.911111,0.953125,0.910256
5847,0.850071,0.823124,0.839943,0.863747,0.852163,0.82904,0.870253,0.926829
5848,0.926437,0.911954,0.898023,0.951613,0.888704,0.880493,0.959288,0.976608
5849,0.922385,0.898284,0.884221,0.928429,0.880391,0.866314,0.950617,0.978142
5850,0.894175,0.817624,0.834507,0.912892,0.84557,0.792865,0.727273,0.75431
5851,0.640212,0.585635,0.388013,0.638095,0.394456,0.349301,0.770186,0.729412
5852,0,0,0,0,0,0,0,0
5853,0.636964,0.557656,0.469136,0.574627,0.485623,0.444068,0.741935,0.875
5854,0.61034,0.527541,0.534731,0.553476,0.513595,0.431317,0.849765,0.828947
5855,0.509271,0.467504,0.424939,0.436508,0.503226,0.506752,0.840206,0.863014
5856,0.476553,0.45222,0.429448,0.421196,0.495522,0.493014,0.857143,0.878571
5857,0.714876,0.676647,0.48927,0.734043,0.556818,0.366812,0.349206,0.115385
5858,0.827138,0.765199,0.766143,0.832418,0.773019,0.712934,0.471074,0.391304
5859,0.87464,0.796664,0.808989,0.88785,0.81071,0.690852,0.412162,0.298246
5860,0.895782,0.805387,0.820413,0.89605,0.815195,0.758065,0.867816,0.857143
5861,0.852694,0.81793,0.777154,0.842553,0.814384,0.72293,0.755435,0.672662
5862,0.596774,0.557287,0.493789,0.611296,0.535893,0.509165,0.429134,0.44
5863,0.872432,0.845967,0.799511,0.936255,0.829636,0.809607,0.824324,0.777202
5864,0.812903,0.751404,0.722628,0.769596,0.780514,0.745568,0.929054,0.924731
5865,0.874346,0.870801,0.854305,0.79798,0.853933,0.901961,0.72067,0.677966
5866,0.872274,0.906706,0.864979,0.929032,0.919298,0.932862,0.802817,0.58
5867,0.931559,0.927959,0.928205,0.957983,0.925764,0.9,0.918699,0.9625
5868,0.888889,0.901919,0.878378,0.911111,0.864516,0.887097,0.882353,0.909091
5869,0.777027,0.769737,0.666667,0.851852,0.71875,0.590909,0.887097,0.8
5870,0.732919,0.797468,0.738739,0.825581,0.666667,0.552448,0.836066,0.944444
5871,0.842105,0.810989,0.802326,0.944882,0.712446,0.636364,0.938272,0.9
5872,0.782486,0.814493,0.68838,0.792453,0.709072,0.646857,0.716418,0.794286
5873,0.917415,0.90709,0.899777,0.87988,0.868263,0.854922,0.976744,0.968254
5874,0.877506,0.93006,0.919799,0.95539,0.902913,0.90184,0.945312,0.990654
5875,0.814059,0.818321,0.863402,0.86692,0.842697,0.851969,0.934426,0.928571
5876,0.84,0.863265,0.843972,0.869792,0.80396,0.85618,0.865385,0.902778
5877,0.75,0.674923,0.656489,0.744186,0.596154,0.597015,0.904762,1
5878,0.821839,0.852146,0.815451,0.852217,0.784024,0.791789,0.917647,0.896552
5879,0.757282,0.80339,0.803279,0.792208,0.609756,0.406977,0.862069,0.9375
5880,0.745763,0.775,0.746269,0.731183,0.637255,0.427184,0.931034,0.882353
5881,0.937422,0.901478,0.858086,0.904328,0.898455,0.80939,0.9375,0.927374
5882,0.86338,0.83307,0.795332,0.891688,0.867647,0.783951,0.903061,0.917647
5883,0.823843,0.812929,0.796339,0.850318,0.807692,0.737113,0.904762,0.92623
5884,0.952381,0.920233,0.865285,0.952941,0.949686,0.907895,0.904762,0.891304
5885,0.930657,0.917864,0.876344,0.901235,0.860841,0.894495,0.855422,0.930233
5886,0.793065,0.74406,0.711697,0.779817,0.666967,0.630828,0.857778,0.888199
5887,0.884754,0.86911,0.849291,0.88,0.807963,0.765318,0.932039,0.959732
5888,0.782748,0.915152,0.929368,0.902439,0.827206,0.830709,0.8,0.833333
5889,0.929293,0.943262,0.953125,0.453947,0.921488,0.895197,0.964912,0.916667
5890,0.927007,0.933579,0.971311,0.926174,0.904977,0.906404,0.961538,0.911111
5891,0.817814,0.902637,0.901288,0.806897,0.836257,0.790123,0.956522,0.947368
5892,0.238854,0.204167,0.163462,0.16185,0.121801,0.146042,0.356021,0.168224
5893,0.882857,0.856075,0.842415,0.913043,0.818468,0.739754,0.828685,0.782946
5894,0.839864,0.827662,0.836903,0.902703,0.76732,0.701005,0.630542,0.605769
5895,0.759162,0.767913,0.763466,0.801418,0.696231,0.609148,0.726562,0.75
5896,0.244726,0.378897,0.135802,0.235294,0.350649,0.435294,0.048077,0.153846
5897,0.3525,0.385084,0.190164,0.286385,0.370614,0.439175,0.057692,0.092308
5898,0.431694,0.444805,0.244635,0.285303,0.432722,0.424427,0.126582,0.181818
5899,0.465696,0.45959,0.227907,0.298361,0.438449,0.432526,0.153226,0.163934
5900,0.468547,0.473039,0.269953,0.318644,0.487136,0.446181,0.147826,0.152542
5901,0.02459,0.006849,0,0,0,0,0,0
5902,0.005208,0.008949,0.011765,0,0.016575,0.006231,0,0.028571
5903,0.016949,0.023636,0.034749,0.006061,0.022951,0.001812,0.01087,0.021739
5904,0.035484,0.032479,0.035088,0.01676,0.026667,0.007837,0,0.019231
5905,0.087137,0.078731,0.09505,0.069767,0.024707,0.016441,0.008,0
5906,0.012367,0.033846,0.027875,0.029801,0.013542,0.017516,0.013072,0
5907,0.014993,0.037567,0.035439,0.032836,0.019776,0.01026,0.005208,0
5908,0.006579,0.022925,0.02276,0.021108,0.009573,0.004232,0.004464,0
5909,0.00253,0.007576,0.00706,0.00678,0.009043,0.005855,0.002551,0.012048
5910,0.013468,0.021847,0.016342,0.016835,0.012977,0.01083,0,0.008333
5911,0.015966,0.024294,0.012422,0.011647,0.012682,0.018045,0.002571,0
5912,0.09596,0.151707,0.085627,0.093098,0.040732,0.057267,0.013193,0.004566
5913,0.024576,0.043864,0.029448,0.02107,0.020509,0.031296,0.005464,0.004673
5914,0.119808,0.146514,0.093949,0.165312,0.038144,0.038462,0,0
5915,0.023102,0.045946,0.076052,0.036415,0.033298,0.031655,0.017341,0
5916,0.108055,0.130388,0.144289,0.14726,0.027576,0.042694,0.021583,0.013889
5917,0.037267,0.037628,0.017817,0.021978,0.012598,0.018311,0.007752,0
5918,0.013605,0.01722,0.011792,0.016194,0.012367,0.009501,0,0
5919,0.018519,0.026525,0.021127,0,0,0.013393,0,0.052632
5920,0.006579,0.008403,0.008,0.010753,0.007519,0,0,0.0625
5921,0.011765,0.00813,0,0,0,0,0,0.071429
5922,0.066667,0.251064,0.097222,0.12,0.08046,0.097087,0,0
5923,0.318182,0.48913,0.311321,0.238806,0.204545,0.160584,0,0
5924,0.14,0.334356,0.137097,0.1625,0.15736,0.223881,0,0
5925,0.220408,0.326622,0.134884,0.133333,0.163194,0.22449,0,0.032258
5926,0.25,0.270474,0.148673,0.091255,0.154545,0.242291,0.016949,0
5927,0.2,0.225,0.074074,0.118812,0.087805,0.072674,0.133333,0
5928,0.298143,0.332922,0.136164,0.143984,0.240705,0.292596,0.009709,0.014286
5929,0.299419,0.329433,0.158545,0.173489,0.245218,0.277865,0.009615,0.007042
5930,0.269155,0.354127,0.127677,0.16185,0.246011,0.303768,0.009346,0.014085
5931,0.35119,0.417513,0.187294,0.25,0.293175,0.343713,0.024272,0.068966
5932,0.31307,0.395078,0.190476,0.231683,0.282553,0.354334,0.010152,0.029197
5933,0.274244,0.36863,0.155051,0.219316,0.279057,0.340862,0.044199,0.038462
5934,0.289805,0.397079,0.168171,0.235546,0.277875,0.343608,0.031447,0.034188
5935,0.301282,0.390972,0.162706,0.237875,0.264446,0.356873,0.035714,0.009434
5936,0.231858,0.348577,0.137384,0.209231,0.251251,0.346904,0.036697,0.037037
5937,0.877778,0.864035,0.857868,0.90099,0.853061,0.844538,0.776316,0.806452
5938,0.932367,0.910204,0.868293,0.949153,0.451049,0.873646,0.792683,0.75
5939,0.922764,0.910985,0.887931,0.941176,0.874608,0.890675,0.808511,0.862745
5940,0.89701,0.926101,0.909747,0.875676,0.864745,0.899554,0.803922,0.775862
5941,0.920892,0.921107,0.880077,0.941558,0.868335,0.877249,0.768293,0.714286
5942,0.910555,0.878565,0.874372,0.946588,0.827458,0.848101,0.758454,0.377778
5943,0.876063,0.821789,0.786315,0.915401,0.781027,0.697192,0.815261,0.740506
5944,0.764268,0.745962,0.733735,0.870897,0.649901,0.642462,0.66,0.651899
5945,0.793103,0.806522,0.652406,0.843575,0.706827,0.60274,0.903614,0.653061
5946,0.686869,0.639423,0.761905,0.721311,0.5,0.363636,0.714286,0.625
5947,0.94964,0.954357,0.934783,0.961039,0.927711,0.8875,0.225,0.357143
5948,0.885417,0.912281,0.88,0.935185,0.893617,0.872483,0.142857,0.142857
5949,0.859532,0.953704,0.884328,0.96648,0.934211,0.917313,0.1,0.25
5950,0.901914,0.948252,0.884956,0.979167,0.95438,0.926746,0.154639,0.192982
5951,0.92607,0.959036,0.889503,0.954717,0.943307,0.923077,0.284553,0.361111
5952,0.931336,0.934519,0.89039,0.924658,0.900893,0.854409,0.247012,0.23913
5953,0.938202,0.936343,0.883008,0.942029,0.897436,0.864078,0.400685,0.4375
5954,0.857143,0.837838,0.809322,0.904306,0.718935,0.715942,0.926471,0.90566
5955,0.859206,0.842676,0.73913,0.911765,0.692308,0.713755,0.789474,0.727273
5956,0.83871,0.827309,0.764706,0.867089,0.714953,0.705882,0.666667,0.666667
5957,0.870536,0.848101,0.728395,0.862069,0.62069,0.67757,0.747368,0.595238
5958,0.776978,0.809668,0.728972,0.862385,0.585106,0.528302,0.887324,0.764706
5959,0.829787,0.8125,0.75,0.826667,0.5,0.516667,0.912281,0.869565
5960,0.793651,0.736842,0.487805,0.75,0.478261,0.457143,0.72973,0.866667
5961,0.787686,0.835917,0.718855,0.848739,0.794088,0.701754,0.114583,0.163636
5962,0.610338,0.697816,0.577708,0.713725,0.696381,0.615756,0.108374,0.144068
5963,0.761905,0.802902,0.689063,0.848249,0.760526,0.697584,0.120192,0.152542
5964,0.776224,0.735714,0.710417,0.775862,0.808977,0.75527,0.075145,0.122222
5965,0.644205,0.707483,0.706395,0.694301,0.818689,0.768939,0.099237,0.147059
5966,0.646302,0.683406,0.718978,0.692308,0.787037,0.676732,0.075269,0.12
5967,0.744966,0.797203,0.833333,0.816456,0.887619,0.776515,0.136364,0.159091
5968,0.678733,0.743902,0.768421,0.791304,0.848297,0.724036,0.072727,0.16129
5969,0.514493,0.542453,0.698413,0.608108,0.785366,0.505435,0.055556,0.238095
5970,0.441176,0.311111,0.308511,0.875,0.662338,0.458599,0.037037,0
5971,0.683673,0.80791,0.825581,0.705882,0.794118,0.030534,0.04,0.066667
5972,0.288462,0.692308,0.580645,0.59375,0.612903,0.702703,0.047619,0.2
5973,0.758294,0.7,0.551471,0.837607,0.645161,0.354839,0.814159,0.333333
5974,0.779337,0.699643,0.728235,0.755,0.741425,0.700886,0.67128,0.695652
5975,0.855263,0.906977,0.938596,0.921053,0.853333,0.914062,0.784314,0.772727
5976,0.698113,0.721311,0.797619,0.8,0.806452,0.898305,0.8125,0.666667
5977,0.696203,0.708609,0.823529,0.674419,0.894737,0.880952,0.827586,0.9
5978,0.685185,0.706349,0.553846,0.710526,0.49505,0.326923,0.846154,0.555556
5979,0.690088,0.635934,0.446875,0.688596,0.617692,0.545055,0.197183,0.210526
5980,0.789969,0.705128,0.649533,0.73822,0.729508,0.667606,0.146341,0.173913
5981,0.702703,0.638249,0.5,0.699301,0.726496,0.615686,0.142857,0.2
5982,0.657143,0.735751,0.633663,0.761364,0.495327,0.380952,0.682927,0.714286
5983,0.707965,0.772277,0.644231,0.75,0.530435,0.427586,0.883721,0.666667
5984,0.507353,0.73991,0.564516,0.601942,0.479452,0.165803,0.607843,0.521739
5985,0.197581,0.278802,0.080702,0.144068,0.117166,0.14792,0.409091,0.4375
5986,0.211268,0.334266,0.10917,0.121076,0.164653,0.21978,0.595745,0.657534
5987,0.204036,0.331989,0.110638,0.122363,0.171761,0.231598,0.473684,0.481013
5988,0.188285,0.316667,0.110204,0.127413,0.157319,0.22108,0.330275,0.307692
5989,0.208978,0.305366,0.105678,0.12963,0.163054,0.217907,0.385621,0.345133
5990,0.220315,0.313761,0.110778,0.12,0.178911,0.221014,0.315476,0.22314
5991,0.246654,0.309657,0.119192,0.157143,0.175726,0.259491,0.380952,0.363636
5992,0.221782,0.275089,0.109244,0.141892,0.176066,0.256532,0.5,0.62069
5993,0.395122,0.505291,0.201613,0.36,0.258741,0.391753,0.857143,0.842105
5994,0.404908,0.401235,0.214953,0.240741,0.224299,0.34507,0.897436,0.806452
5995,0.825871,0.809461,0.696203,0.873832,0.701711,0.589552,0.903704,0.808824
5996,0.835211,0.805444,0.728597,0.843666,0.720472,0.586316,0.912409,0.923664
5997,0.89463,0.898749,0.855037,0.917625,0.857809,0.813996,0.941032,0.974874
5998,0.914494,0.896593,0.865636,0.930693,0.863481,0.830211,0.957111,0.9375
5999,0.927778,0.931544,0.889447,0.923581,0.916355,0.878845,0.982301,0.976744
6000,0.896074,0.911583,0.870588,0.896471,0.882091,0.838422,0.954869,0.980198
6001,0.121212,0.002913,0,0.003165,0.002679,0.004427,0.162011,0.189873
6002,0.137002,0.009845,0.003866,0.008529,0.004119,0.006686,0.060403,0.047945
6003,0.84901,0.832749,0.716129,0.712919,0.736842,0.721698,0.891026,0.830508
6004,0.938462,0.919689,0.840278,0.97479,0.924731,0.869748,0.866667,0.8
6005,0.942623,0.890756,0.873239,0.9,0.932584,0.892157,1,0.888889
6006,0.731959,0.817259,0.651376,0.819672,0.714286,0.516949,0.8,1
6007,0.66,0.721254,0.551515,0.741573,0.701863,0.495146,0.8,0.666667
6008,0.925824,0.902778,0.835227,0.905759,0.832075,0.820189,0.915493,0.935484
6009,0.896,0.88075,0.844633,0.882051,0.835165,0.793578,0.972222,0.903226
6010,0.919897,0.89769,0.892857,0.894737,0.844221,0.844023,0.972603,0.9375
6011,0.722222,0.759358,0.709091,0.829787,0.6875,0.351351,0.434783,0.125
6012,0.814815,0.821782,0.707692,0.901961,0.657143,0.355556,0.655172,0.5
6013,0.731707,0.732057,0.686567,0.773585,0.583333,0.319149,0.586207,0.25
6014,0.757895,0.768559,0.73913,0.909091,0.6,0.326923,0.517241,0.571429
6015,0.72,0.792208,0.760563,0.913793,0.533333,0.345455,0.6,0.714286
6016,0.758621,0.765568,0.683544,0.810811,0.647059,0.377049,0.606061,0.666667
6017,0.696721,0.774545,0.703704,0.853333,0.62963,0.380952,0.764706,0.555556
6018,0.797127,0.803853,0.752033,0.857664,0.674091,0.557333,0.536,0.60274
6019,0.864294,0.872829,0.805097,0.923628,0.852719,0.81295,0.61236,0.601942
6020,0.800926,0.772358,0.776,0.754717,0.650794,0.813433,0.40625,0.4
6021,0.742424,0.74,0.680412,0.53125,0.623188,0.69697,0.555556,0.6
6022,0.701031,0.564655,0.492308,0.650794,0.450549,0.397849,0.714286,0.8
6023,0.777234,0.557775,0.722934,0.731441,0.624855,0.508494,0.608163,0.643357
6024,0.666667,0.446725,0.595206,0.588398,0.579354,0.510032,0.354978,0.266234
6025,0.712098,0.497972,0.706266,0.708895,0.647309,0.577456,0.367442,0.458333
6026,0.657233,0.475891,0.683221,0.630682,0.59971,0.519348,0.326923,0.386861
6027,0.612245,0.65019,0.7,0.742857,0.416667,0.4,0.830189,0.888889
6028,0.52907,0.58147,0.571429,0.641975,0.4,0.339286,0.9,0.933333
6029,0.56044,0.567398,0.535211,0.541176,0.452381,0.295082,0.852459,0.933333
6030,0.443333,0.5,0.369565,0.404412,0.422794,0.342342,0.763889,0.744186
6031,0.396552,0.457711,0.321285,0.385892,0.405512,0.365854,0.736364,0.694915
6032,0.335255,0.370005,0.238095,0.294872,0.311904,0.338689,0.434084,0.441341
6033,0.301205,0.350168,0.203532,0.269231,0.293416,0.325969,0.295732,0.319149
6034,0.325064,0.360177,0.252562,0.265472,0.330025,0.376178,0.33264,0.304688
6035,0.5,0.632287,0.641026,0.288462,0.4,0.548387,0.65625,0.857143
6036,0.777778,0.770213,0.613333,0.830986,0.5,0.596774,0.727273,0.928571
6037,0.792793,0.789916,0.571429,0.853333,0.470588,0.630769,0.681818,0.928571
6038,0.845614,0.809783,0.658333,0.859459,0.708709,0.513196,0.672414,0.8
6039,0.838196,0.795518,0.692098,0.864629,0.710372,0.577652,0.391304,0.314815
6040,0.818882,0.844792,0.781784,0.880597,0.733967,0.669039,0.344,0.232558
6041,0.728905,0.790291,0.610108,0.717877,0.671262,0.651452,0.108844,0.108696
6042,0.433333,0.584884,0.241419,0.416667,0.382462,0.472943,0.10303,0.030303
6043,0.766063,0.859682,0.65121,0.797183,0.737589,0.812183,0.44086,0.314815
6044,0.584541,0.703488,0.389831,0.653061,0.666667,0.774775,0.822581,0.808511
6045,0,0,0,0,0.005495,0,0,0
6046,0.009174,0.005935,0,0.035088,0.004854,0.004831,0.032258,0
6047,0,0,0.019417,0,0.003968,0,0,0
6048,0.008547,0.00266,0,0,0.010676,0.004132,0,0
6049,0.004032,0.0048,0,0,0.002028,0.004535,0.0125,0
6050,0.010909,0.006088,0,0,0.003781,0,0,0
6051,0.008646,0.001287,0,0,0.006289,0,0,0
6052,0.00274,0.002257,0.00202,0.006309,0.000796,0.002463,0.003448,0
6053,0.003319,0.00489,0.001613,0,0.005402,0.003232,0.00274,0
6054,0.003132,0.003346,0.006144,0,0.006927,0.009031,0.005222,0.004831
6055,0.001468,0.001571,0.002695,0,0.007143,0.00478,0.007634,0.006897
6056,0.002994,0.001586,0,0.00639,0.001479,0.005792,0,0.007194
6057,0.002079,0.001086,0,0,0,0.002845,0,0
6058,0.00237,0.003525,0.005464,0.009346,0,0.01372,0.019608,0
6059,0.005263,0.001274,0,0,0.003367,0.001698,0,0
6060,0.002849,0.006729,0,0,0.003636,0.001792,0,0
6061,0,0.004399,0,0,0,0.002062,0.009259,0.017857
6062,0,0.003992,0,0.006993,0,0.003086,0.010638,0
6063,0,0.002433,0,0,0,0,0,0
6064,0.00995,0.002494,0,0,0,0.011628,0,0
6065,0,0.002732,0,0,0.011628,0,0,0
6066,0,0.00597,0,0,0,0.004831,0,0
6067,0.794872,0.793177,0.71246,0.763359,0.748201,0.590909,0.862069,0.804878
6068,0.824176,0.80695,0.756233,0.884354,0.730994,0.59205,0.890625,0.836735
6069,0.81039,0.816024,0.706009,0.850746,0.688755,0.608262,0.829787,0.867647
6070,0.819777,0.821782,0.762319,0.868339,0.755122,0.701493,0.863014,0.895652
6071,0.803053,0.76,0.670886,0.820988,0.680297,0.648784,0.871795,0.897436
6072,0.854701,0.830272,0.849481,0.861538,0.831943,0.731816,0.945714,0.941176
6073,0.881684,0.859813,0.864574,0.860045,0.863395,0.801635,0.937695,0.966825
6074,0.781955,0.82716,0.832994,0.87,0.841821,0.763124,0.944637,0.942105
6075,0.547586,0.868786,0.868387,0.87106,0.867689,0.837264,0.966942,0.943396
6076,0.94,0.908325,0.92081,0.92517,0.914286,0.885954,0.962162,0.945946
6077,0.91411,0.904707,0.905812,0.915129,0.902397,0.889201,0.973684,0.949495
6078,0.95086,0.915416,0.942094,0.92735,0.908714,0.917254,0.942857,0.926829
6079,0.946903,0.940063,0.949721,0.960199,0.92487,0.909091,0.982759,0.972973
6080,0.966767,0.932677,0.970238,0.947917,0.928382,0.942661,0.981818,1
6081,0.923469,0.900568,0.951613,0.918182,0.882353,0.928934,0.967213,0.901961
6082,0.922078,0.927007,0.848101,0.913043,0.865672,0.828125,0.942857,0.947368
6083,0.585938,0.662338,0.532663,0.704225,0.357513,0.231788,0.8,0.764706
6084,0.671429,0.733746,0.525581,0.8375,0.417021,0.235602,0.8,0.736842
6085,0.435897,0.555398,0.473997,0.412281,0.363318,0.422153,0.612903,0.539474
6086,0.751962,0.807118,0.776231,0.855219,0.651668,0.67284,0.88024,0.872549
6087,0.637283,0.708833,0.68915,0.653968,0.551675,0.6339,0.752747,0.648148
6088,0.863884,0.901786,0.829268,0.918033,0.812087,0.821303,0.815029,0.861386
6089,0.580717,0.691176,0.740909,0.805556,0.674684,0.751756,0.770833,0.844156
6090,0.69697,0.668016,0.896341,0.865854,0.765714,0.833773,0.857143,0.761905
6091,0.574766,0.730263,0.683486,0.724771,0.547368,0.712329,0.762712,0.815789
6092,0.5375,0.669856,0.487179,0.852941,0.5,0.446809,0.896552,0.842105
6093,0.569536,0.644886,0.538462,0.622222,0.503311,0.379747,0.871795,0.90625
6094,0.642424,0.754011,0.639752,0.816327,0.608696,0.435484,0.918919,0.882353
6095,0.582888,0.683292,0.601124,0.766355,0.522936,0.342412,0.844444,1
6096,0.643312,0.682156,0.606742,0.804878,0.554324,0.477228,0.823529,0.92
6097,0.631342,0.656763,0.765263,0.638191,0.662961,0.721934,0.914826,0.890476
6098,0.609375,0.610927,0.720213,0.625995,0.664388,0.73942,0.90604,0.899497
6099,0.573671,0.603175,0.696216,0.602151,0.626734,0.714022,0.903114,0.919192
6100,0.748366,0.772469,0.853354,0.773973,0.731115,0.814114,0.945205,0.873239
6101,0.453333,0.372093,0.428571,0.243243,0.510638,0.585185,0.608696,0.666667
6102,0.684211,0.741525,0.666667,0.768116,0.648,0.6,0.380952,0.782609
6103,0.672131,0.296429,0.642276,0.780488,0.674033,0.60989,0.764706,0.851852
6104,0.596774,0.544529,0.486911,0.617886,0.501695,0.459807,0.745098,0.675
6105,0.565084,0.620657,0.529301,0.657718,0.557252,0.538605,0.710526,0.75817
6106,0.900763,0.899827,0.844237,0.928367,0.905253,0.843102,0.965217,0.974684
6107,0.867021,0.851385,0.742243,0.902655,0.852273,0.85761,0.902655,0.896104
6108,0.948571,0.926014,0.938272,0.974138,0.906433,0.914894,0.96875,1
6109,0.93865,0.966321,0.967105,0.972222,0.978723,0.936,0.965517,1
6110,0.928,0.964516,0.977273,0.958763,0.938272,0.9375,0.468085,1
6111,0.884615,0.95,0.97,0.973333,0.943396,0.920635,1,0.923077
6112,0.853659,0.754808,0.764706,0.851064,0.4,0.5,0.551724,0.588235
6113,0.784615,0.736059,0.68,0.781818,0.578947,0.5,0.538462,0.375
6114,0.80829,0.770093,0.784884,0.867133,0.672811,0.551136,0.462366,0.322034
6115,0.762821,0.764964,0.764957,0.882653,0.705382,0.530547,0.427481,0.402439
6116,0.674009,0.634868,0.549254,0.671815,0.490468,0.502868,0.389189,0.357798
6117,0.78959,0.768716,0.754037,0.779193,0.768053,0.721777,0.416422,0.420091
6118,0.875,0.865364,0.788009,0.891683,0.798397,0.72626,0.570565,0.538226
6119,0.790262,0.795153,0.711538,0.778468,0.766047,0.687887,0.220183,0.214765
6120,0.831373,0.825196,0.715686,0.787097,0.782222,0.699001,0.262255,0.195035
6121,0.805618,0.856651,0.699869,0.858911,0.791078,0.738745,0.248503,0.248996
6122,0.812274,0.829857,0.765595,0.778947,0.799731,0.819137,0.324873,0.306452
6123,0.696629,0.745187,0.694818,0.68231,0.729167,0.754513,0.255102,0.241379
6124,0.814516,0.790184,0.704167,0.803089,0.813846,0.813893,0.324607,0.216981
6125,0.644769,0.630618,0.531707,0.58547,0.672662,0.724843,0.296089,0.222222
6126,0.631436,0.640416,0.574866,0.658986,0.696607,0.692171,0.267857,0.156627
6127,0.631841,0.703271,0.533333,0.632812,0.680628,0.650718,0.404494,0.490566
6128,0.566372,0.553951,0.544872,0.557423,0.529337,0.522124,0.514493,0.556701
6129,0.571965,0.558974,0.61642,0.635036,0.581373,0.578112,0.536313,0.563025
6130,0.638368,0.717884,0.760797,0.78692,0.633077,0.63314,0.569507,0.655405
6131,0.396887,0.480059,0.404873,0.461664,0.444985,0.497721,0.667364,0.637037
6132,0.393514,0.488751,0.512871,0.46714,0.450407,0.544638,0.514512,0.442105
6133,0.385294,0.485056,0.506834,0.436,0.439682,0.50175,0.66087,0.548023
6134,0.429646,0.564137,0.602532,0.587719,0.517097,0.608516,0.695082,0.657895
6135,0.549096,0.734902,0.839546,0.840849,0.696649,0.796999,0.771084,0.65
6136,0.557029,0.70418,0.792013,0.796143,0.70137,0.76089,0.795833,0.654867
6137,0.583333,0.578723,0.592593,0.652174,0.415094,0.355556,0.641026,0.666667
6138,0.691057,0.638225,0.491803,0.703704,0.565789,0.449275,0.681818,0.708333
6139,0.625668,0.65189,0.570033,0.684211,0.511688,0.485981,0.5,0.614035
6140,0.688119,0.692875,0.603125,0.760181,0.626536,0.553377,0.700855,0.761194
6141,0.718377,0.734694,0.648148,0.817391,0.690476,0.602537,0.727273,0.819444
6142,0.762542,0.731203,0.658824,0.741742,0.670927,0.564599,0.826816,0.784314
6143,0.725912,0.580715,0.611111,0.64791,0.68832,0.680556,0.732441,0.653061
6144,0.825746,0.771672,0.744797,0.805398,0.745875,0.686086,0.677419,0.68254
6145,0.890637,0.825538,0.827421,0.884444,0.833801,0.777448,0.852632,0.873684
6146,0.867647,0.8119,0.809769,0.835017,0.773764,0.753012,0.908629,0.897436
6147,0.863071,0.887868,0.906077,0.936508,0.824468,0.754601,0.955556,0.880952
6148,0.776,0.769863,0.735294,0.7,0.578125,0.534884,0.928571,0.9375
6149,0.621622,0.738806,0.534483,0.846154,0.35,0.433333,0.909091,1
6150,0.497765,0.594595,0.492582,0.551084,0.583,0.470137,0.611111,0.504587
6151,0.727485,0.770819,0.761737,0.810219,0.721705,0.727582,0.77533,0.746575
6152,0.722096,0.754545,0.772727,0.810096,0.719789,0.747657,0.805085,0.778523
6153,0.878024,0.864696,0.691729,0.916824,0.805353,0.745143,0.942857,0.915663
6154,0.890011,0.876474,0.813478,0.945892,0.789035,0.783398,0.938931,0.959184
6155,0.876136,0.8679,0.863226,0.918864,0.801908,0.820845,0.953125,0.950704
6156,0.925262,0.913751,0.705387,0.935733,0.866175,0.908213,0.934426,0.938776
6157,0.92161,0.926339,0.880319,0.903704,0.903061,0.915228,0.957627,0.974359
6158,0.899123,0.930126,0.871233,0.929961,0.924296,0.922456,0.948276,0.958333
6159,0.825658,0.930508,0.881279,0.932515,0.850993,0.889968,0.946809,0.909091
6160,0.695402,0.759003,0.59375,0.672414,0.685393,0.71028,0.578125,0.727273
6161,0.609524,0.668203,0.393939,0.660714,0.430233,0.311111,0.678571,0.809524
6162,0.810427,0.868074,0.632124,0.878505,0.740909,0.600775,0.923077,0.875
6163,0.800766,0.835498,0.650862,0.823529,0.737374,0.592798,0.927273,0.894737
6164,0.689373,0.740157,0.55848,0.800971,0.654737,0.496516,0.866667,0.781818
6165,0.859348,0.832974,0.742424,0.879085,0.781116,0.638158,0.916031,0.901099
6166,0.856928,0.864504,0.853448,0.85879,0.830914,0.752498,0.909091,0.905983
6167,0.886667,0.89053,0.886494,0.906336,0.86637,0.40828,0.945355,0.893939
6168,0.898123,0.892794,0.888889,0.917808,0.873874,0.815583,0.927083,0.93985
6169,0.889299,0.852078,0.806236,0.900383,0.801959,0.750497,0.938462,0.945055
6170,0.924419,0.891443,0.862385,0.951807,0.862147,0.809278,0.983871,0.963855
6171,0.93837,0.912031,0.873832,0.957806,0.882353,0.831579,1,0.987179
6172,0.94274,0.919631,0.884892,0.969957,0.882283,0.853606,0.983607,0.947368
6173,0.936795,0.90611,0.894207,0.935484,0.881735,0.854782,0.979798,0.985915
6174,0.918224,0.88685,0.881748,0.875598,0.853425,0.817178,0.978723,0.984848
6175,0.896936,0.890459,0.870423,0.910526,0.843042,0.820144,0.903614,0.932203
6176,0.862191,0.89842,0.89547,0.897436,0.836406,0.814889,0.825397,0.846154
6177,0.896396,0.92068,0.933036,0.929204,0.885993,0.902299,0.910714,0.952381
6178,0.909548,0.921875,0.940299,0.960396,0.864286,0.876623,0.934783,0.9
6179,0.738095,0.782609,0.743243,0.825,0.705882,0.733333,1,0.73913
6180,0.74359,0.851064,0.704225,0.886792,0.728682,0.398058,0.962963,0.875
6181,0.743421,0.775244,0.631579,0.766234,0.701422,0.538889,0.828571,0.826087
6182,0.7,0.670984,0.583333,0.72381,0.780822,0.561538,0.85,0.833333
6183,0.627706,0.711752,0.480226,0.688525,0.602564,0.533149,0.732143,0.727273
6184,0.826568,0.770544,0.761446,0.86166,0.789623,0.729258,0.805369,0.845455
6185,0.852761,0.77591,0.707792,0.861538,0.601852,0.235294,0.815385,0.793103
6186,0.836609,0.794908,0.617047,0.836317,0.781961,0.713678,0.951351,0.92638
6187,0.916898,0.922541,0.879397,0.942149,0.870539,0.867732,0.971098,0.961538
6188,0.899004,0.893819,0.846734,0.921788,0.857636,0.852122,0.94362,0.929688
6189,0.956081,0.948339,0.92,0.95098,0.93786,0.926259,0.96831,0.962963
6190,0.924706,0.950382,0.91762,0.950207,0.932692,0.94,0.963918,0.97619
6191,0.95122,0.952258,0.934732,0.961207,0.950495,0.956869,0.963351,0.975
6192,0.137931,0.115385,0,0.070175,0.113636,0,0.181818,0
6193,0.777778,0.731132,0.609524,0.722892,0.490741,0.378698,0.945946,0.923077
6194,0.709924,0.630137,0.542857,0.549451,0.422414,0.405405,0.894737,0.923077
6195,0.934783,0.982639,0.954128,0.971014,0.956757,0.943182,0.945946,0.95
6196,0.605769,0.633508,0.564516,0.68,0.456311,0.368421,0.878788,0.714286
6197,0.894309,0.870213,0.871595,0.941667,0.839662,0.751412,0.92233,0.940299
6198,0.895954,0.899713,0.902913,0.880952,0.902367,0.816273,0.945055,0.983871
6199,0.794989,0.766846,0.65285,0.866953,0.655936,0.531532,0.887701,0.92381
6200,0.720137,0.752401,0.63806,0.83557,0.603306,0.548356,0.899194,0.884354
6201,0.822023,0.819524,0.770833,0.901099,0.749026,0.66283,0.90303,0.930108
6202,0.785969,0.792587,0.747899,0.833766,0.735314,0.593108,0.937811,0.915179
6203,0.830565,0.809038,0.789655,0.925301,0.742173,0.617953,0.905172,0.933333
6204,0.826652,0.800842,0.769737,0.925754,0.728775,0.611716,0.93456,0.896429
6205,0.883745,0.852724,0.755144,0.929062,0.788534,0.735039,0.945631,0.968966
6206,0.841351,0.836971,0.773019,0.885965,0.778919,0.703472,0.958246,0.955224
6207,0.858639,0.82514,0.814613,0.925439,0.794497,0.684524,0.978022,0.969112
6208,0.911602,0.898601,0.868809,0.945504,0.871429,0.808483,0.985876,0.974747
6209,0.960123,0.955426,0.916409,0.966258,0.943869,0.922962,0.986577,0.981928
6210,0.93401,0.921406,0.911715,0.966887,0.902818,0.847416,0.976744,0.985714
6211,0.923611,0.914494,0.915663,0.929293,0.895896,0.83597,0.970954,0.984615
6212,0.944867,0.951685,0.922053,0.978261,0.922222,0.890463,0.971154,0.981818
6213,0.880086,0.911504,0.830549,0.897959,0.881333,0.83737,0.979167,0.951807
6214,0.944444,0.956349,0.952854,0.940678,0.935673,0.906091,0.952941,0.948718
6215,0.976415,0.950887,0.954887,0.972973,0.954969,0.940054,0.981818,0.986667
6216,0.965035,0.926471,0.85,0.944444,0.88,0.884058,0.958904,1
6217,0.98,0.970874,0.913043,1,0.944444,1,0.5,0.111111
6218,0.752809,0.82659,0.634615,0.731343,0.625,0.830986,0.210526,0.125
6219,0.964602,0.945455,0.961538,0.936709,0.942446,0.857143,0.296296,0.208333
6220,0.948718,0.955947,0.91358,0.975309,0.950311,0.881119,0.233333,0.178571
6221,0.940171,0.941964,0.888889,0.916667,0.900621,0.865772,0.28125,0.172414
6222,0.866029,0.83432,0.860759,0.894366,0.897898,0.866883,0.255814,0.155556
6223,0.964789,0.959276,0.924883,0.933735,0.89755,0.893764,0.258621,0.1
6224,0.938497,0.956268,0.916905,0.941667,0.934813,0.914085,0.349398,0.289474
6225,0.865942,0.902703,0.896406,0.901961,0.854733,0.855731,0.277027,0.272727
6226,0.887772,0.911405,0.886454,0.912903,0.867975,0.839847,0.460227,0.409836
6227,0.884868,0.921986,0.883629,0.932039,0.877085,0.836174,0.486188,0.483871
6228,0.789916,0.804416,0.770318,0.827119,0.712991,0.683716,0.293413,0.263636
6229,0.877629,0.835138,0.77666,0.877698,0.80343,0.686684,0.630435,0.516484
6230,0.851351,0.748387,0.589744,0.875,0.62069,0.564103,0.814815,0.9375
6231,0.921158,0.915848,0.864656,0.92381,0.890949,0.832618,0.948276,0.924242
6232,0.923902,0.914582,0.887109,0.931354,0.897959,0.83427,0.966527,0.565217
6233,0.825425,0.804934,0.802681,0.808587,0.829534,0.756461,0.919118,0.951807
6234,0.831674,0.8627,0.827209,0.884191,0.829377,0.788496,0.949153,0.932692
6235,0.9282,0.913313,0.860845,0.963441,0.869378,0.826536,0.978571,0.973451
6236,0.946309,0.917826,0.852525,0.947727,0.86593,0.833038,0.976471,0.946903
6237,0.934531,0.931111,0.865023,0.929471,0.879438,0.856342,0.958506,0.940594
6238,0.957219,0.927218,0.849642,0.948718,0.888312,0.856727,0.965665,0.958763
6239,0.965875,0.951531,0.919605,0.952522,0.942574,0.916739,0.97561,0.965909
6240,0.937008,0.954342,0.826152,0.918495,0.929936,0.825441,0.978836,0.962963
6241,0.9,0.931472,0.828571,0.920354,0.860606,0.44,0.981132,0.923077
6242,0.717391,0.727626,0.586207,0.761364,0.608,0.424419,0.888889,1
6243,0.655303,0.724605,0.59727,0.695652,0.294271,0.49789,0.714286,1
6244,0.793173,0.790387,0.758285,0.795699,0.734719,0.661885,0.903226,0.954545
6245,0.92887,0.90085,0.921569,0.899225,0.878531,0.821333,0.88,0.882353
6246,0.960526,0.931751,0.92,0.918699,0.882883,0.843305,0.954545,0.9375
6247,0.95082,0.968421,0.955752,0.932432,0.421384,0.938272,0.846154,1
6248,0.380645,0.683924,0.587879,0.304688,0.517483,0.423077,0.490196,0.413043
6249,0.727778,0.687834,0.682713,0.644841,0.760263,0.673929,0.887218,0.935897
6250,0.84342,0.828266,0.850242,0.885338,0.818601,0.797068,0.957921,0.938017
6251,0.94864,0.925258,0.927152,0.967552,0.910937,0.872054,0.975104,0.971014
6252,0.660377,0.654723,0.681818,0.700935,0.591549,0.712329,0.384615,0.324324
6253,0.7875,0.816555,0.791469,0.751634,0.652695,0.772727,0.519608,0.380952
6254,0.848315,0.859425,0.839721,0.773399,0.731707,0.770349,0.581967,0.521127
6255,0.861667,0.862944,0.832311,0.863354,0.804945,0.753117,0.521277,0.482456
6256,0.760684,0.761877,0.733448,0.769231,0.670233,0.628532,0.413203,0.359447
6257,0.638809,0.66866,0.638335,0.677656,0.603829,0.569838,0.282238,0.273148
6258,0.685649,0.668456,0.633157,0.698182,0.520974,0.457816,0.268519,0.230769
6259,0.552941,0.551495,0.398601,0.494949,0.322148,0.308989,0.116279,0.074074
6260,0.346154,0.327778,0.30303,0.208333,0.191489,0.428571,0.307692,0.444444
6261,0.927536,0.886228,0.976744,0.909091,0.916667,0.911765,0.6875,0.714286
6262,0.915385,0.892086,0.91358,0.869048,0.903846,0.883495,0.365854,0.3125
6263,0.873805,0.867836,0.880096,0.916955,0.858921,0.802211,0.331361,0.409091
6264,0.910211,0.909091,0.879913,0.930921,0.864968,0.841573,0.61326,0.712766
6265,0.69469,0.796247,0.742525,0.796657,0.790476,0.706494,0.344398,0.371681
6266,0.87907,0.862745,0.865794,0.886076,0.85756,0.766184,0.736979,0.8
6267,0.861374,0.849345,0.827332,0.844828,0.834316,0.742718,0.859195,0.868263
6268,0.843478,0.828455,0.774566,0.858513,0.76697,0.673307,0.888889,0.938356
6269,0.762121,0.745081,0.662687,0.751899,0.64911,0.578821,0.845361,0.836879
6270,0.881141,0.821906,0.708378,0.851562,0.739408,0.631023,0.872727,0.940299
6271,0.797441,0.752347,0.657423,0.818533,0.709091,0.533123,0.761658,0.811111
6272,0.755463,0.785571,0.819227,0.792873,0.731453,0.647273,0.326347,0.259574
6273,0.710526,0.754854,0.7625,0.867188,0.535032,0.462069,0.592105,0.65625
6274,0.782828,0.768831,0.710526,0.827586,0.527778,0.472,0.724638,0.724138
6275,0.776536,0.725146,0.633094,0.814815,0.539823,0.457143,0.606061,0.653846
6276,0.711712,0.739535,0.537313,0.695652,0.52,0.468085,0.487179,0.4375
6277,0.771993,0.792208,0.537313,0.676568,0.801661,0.824494,0.880682,0.904
6278,0.477449,0.517204,0.28757,0.265487,0.544834,0.529464,0.747191,0.760331
6279,0.70626,0.744444,0.401152,0.431138,0.692865,0.728625,0.802395,0.849558
6280,0.477876,0.464912,0.279891,0.297619,0.495726,0.465961,0.642105,0.6125
6281,0.594388,0.607143,0.310127,0.432558,0.622568,0.593863,0.742857,0.787879
6282,0.553371,0.530864,0.282828,0.380711,0.528421,0.5,0.774194,0.75
6283,0.320896,0.485961,0.232877,0.369697,0.471233,0.436261,0.716981,0.288462
6284,0.488789,0.469543,0.244565,0.356164,0.42953,0.410909,0.866667,0.791667
6285,0.164286,0.446903,0.271845,0.350649,0.355072,0.210526,0.75,0.434783
6286,0.884298,0.808511,0.864865,0.826667,0.747126,0.651515,0.9,0.857143
6287,0.64467,0.526442,0.64467,0.690265,0.635417,0.562842,0.726027,0.717949
6288,0.576547,0.56276,0.567227,0.639511,0.5,0.506615,0.496575,0.54321
6289,0.582583,0.556231,0.366412,0.518519,0.479518,0.407489,0.640351,0.661538
6290,0.556863,0.541133,0.353488,0.485915,0.486486,0.442424,0.711111,0.647059
6291,0.531034,0.491573,0.358974,0.453488,0.449612,0.457364,0.814815,0.870968
6292,0.052381,0.160748,0.060606,0.02027,0.127273,0.108108,0.048276,0.010101
6293,0.688889,0.838527,0.85461,0.920635,0.787702,0.828725,0.198598,0.25
6294,0.018824,0.018529,0.017525,0.031532,0.011421,0.018208,0.014815,0.021127
6295,0.007682,0.021951,0.015695,0.027027,0.02381,0.028481,0.020661,0.039683
6296,0,0.002676,0.004005,0.00542,0.005231,0.003922,0.015075,0.010101
6297,0.003356,0.005944,0.005789,0.003021,0.007778,0.008264,0,0.013158
6298,0.861789,0.888563,0.938776,0.929577,0.875,0.809524,0.932584,0.925
6299,0.920424,0.937358,0.920415,0.948498,0.871314,0.855219,0.928962,0.940678
6300,0.759804,0.67603,0.744557,0.678899,0.697653,0.587588,0.898305,0.856061
6301,0.691525,0.67459,0.644788,0.676923,0.66443,0.570997,0.838889,0.758242
6302,0.688953,0.63764,0.531365,0.366197,0.58194,0.512097,0.870229,0.886792
6303,0.70418,0.64956,0.55336,0.614583,0.592982,0.49789,0.85124,0.913043
6304,0.6875,0.627145,0.565957,0.607735,0.568182,0.413953,0.891892,0.891304
6305,0.492126,0.464539,0.35122,0.419753,0.402062,0.36,0.580952,0.578947
6306,0.954869,0.935165,0.939297,0.956175,0.95702,0.939633,0.882845,0.882883
6307,0.932318,0.913549,0.93617,0.937685,0.924419,0.889058,0.836601,0.822785
6308,0.832907,0.776718,0.75947,0.811232,0.752917,0.724405,0.745588,0.705539
6309,0.818393,0.798951,0.771201,0.831429,0.761748,0.716895,0.740177,0.703518
6310,0.856069,0.811552,0.80521,0.892675,0.735392,0.716194,0.64637,0.682927
6311,0.004695,0.002375,0,0,0,0,0,0
6312,0.003984,0.002203,0,0,0,0.00678,0,0
6313,0.007042,0.006012,0,0.007042,0.004651,0.005865,0,0
6314,0.006557,0.008977,0,0,0,0,0,0
6315,0.004246,0.004711,0,0.003745,0,0,0.040816,0
6316,0,0.001923,0.002488,0,0.00339,0.002575,0,0
6317,0.005714,0.003033,0.00349,0.002451,0.00112,0.002519,0.014388,0
6318,0.001181,0.001904,0.001209,0.006198,0.003879,0.004471,0,0
6319,0.001133,0.000616,0.002278,0,0.002232,0.003344,0,0
6320,0.005767,0.00186,0.001054,0.005988,0.002954,0.006728,0,0
6321,0.001135,0.004308,0.001912,0.001927,0.002878,0.000967,0,0.02381
6322,0.005229,0.004864,0.005631,0.002155,0.003347,0.002921,0,0
6323,0.00289,0,0.007663,0,0.003052,0.004032,0.014493,0
6324,0.003155,0.00087,0.014245,0.007937,0.004689,0.006339,0.015385,0
6325,0,0.001211,0,0,0,0,0.009174,0.018182
6326,0.813869,0.792777,0.710526,0.777003,0.797561,0.763369,0.863281,0.904
6327,0.780282,0.762963,0.692661,0.792553,0.707692,0.60274,0.888889,0.92
6328,0.938889,0.950682,0.948375,0.940594,0.954545,0.931271,0.96729,0.966102
6329,0.950658,0.945946,0.93949,0.924638,0.946154,0.92698,0.966102,0.932836
6330,0.945055,0.926865,0.90579,0.954248,0.921708,0.898901,0.98125,0.930481
6331,0.921225,0.89302,0.903171,0.923848,0.88604,0.869281,0.97861,0.956522
6332,0.915769,0.890323,0.897781,0.926471,0.902161,0.852214,0.963592,0.953586
6333,0.804971,0.81295,0.77561,0.841727,0.796519,0.696477,0.788732,0.884058
6334,0.78169,0.739726,0.720339,0.792793,0.571429,0.6,0.888889,0.911765
6335,0.945349,0.938476,0.922844,0.941606,0.900658,0.876731,0.939828,0.990909
6336,0.915445,0.917326,0.887208,0.901376,0.87234,0.87064,0.941989,0.964912
6337,0.894359,0.887122,0.88914,0.839912,0.882415,0.832008,0.956873,0.949153
6338,0.894565,0.896812,0.890889,0.858124,0.87188,0.816823,0.93733,0.926087
6339,0.879867,0.877148,0.862812,0.87799,0.839471,0.786536,0.938547,0.949541
6340,0.809143,0.860839,0.85977,0.858191,0.806165,0.764218,0.855457,0.909524
6341,0.5,0.429213,0.727794,0.498361,0.004815,0.330233,0.463035,0.540881
6342,0.70935,0.742029,0.614973,0.758454,0.676734,0.545147,0.788043,0.829268
6343,0.570423,0.605128,0.465347,0.39726,0.577236,0.460317,0.659091,0.866667
6344,0.019868,0.026846,0,0,0,0.018349,0,0
6345,0.013333,0.025443,0.014109,0.011933,0.012427,0.009973,0.010791,0
6346,0.008403,0.027574,0.013682,0.012963,0.013158,0.016656,0.003086,0
6347,0.023236,0.038217,0.016627,0.02,0.031033,0.016698,0.003077,0
6348,0.008065,0.025455,0.024213,0.010676,0.016355,0.012097,0.003175,0
6349,0.005313,0.014925,0.009146,0.014925,0.013853,0.014679,0.004115,0
6350,0.015837,0.019078,0.022152,0.032037,0.02947,0.02008,0,0
6351,0.026016,0.033014,0.004926,0.012121,0.021938,0.007005,0.007752,0
6352,0.008361,0.019608,0.007653,0.006231,0.015267,0.018018,0.01626,0
6353,0.064444,0.069382,0.046263,0.029289,0.058462,0.058496,0,0.016129
6354,0.019851,0.038983,0.040816,0.028986,0.041825,0.025478,0,0.020408
6355,0.017766,0.037037,0.025,0.014778,0.035714,0.027304,0,0
6356,0.003021,0.024194,0.015464,0.018293,0.010363,0.004329,0.011236,0
6357,0.007326,0.026316,0.006289,0.007874,0.00813,0.005882,0,0
6358,0.004016,0.02168,0.007042,0,0,0.014599,0,0
6359,0.011834,0.003676,0,0,0.02439,0,0,0
6360,0.929936,0.958478,0.915789,0.965517,0.957746,0.923729,0.967213,0.9
6361,0.950276,0.946708,0.927928,0.96875,0.913978,0.935714,0.930556,0.883721
6362,0.964824,0.966146,0.909836,0.943662,0.96063,0.95082,0.939759,0.933333
6363,0.94375,0.940351,0.923077,0.946809,0.932039,0.927083,0.933962,0.918033
6364,0.912935,0.915805,0.910891,0.916667,0.857798,0.905405,0.870968,0.928571
6365,0.788095,0.776596,0.770774,0.839024,0.707106,0.598891,0.832298,0.858586
6366,0.788462,0.710843,0.614583,0.62069,0.544118,0.7125,0.954545,0.888889
6367,0.900398,0.900241,0.789538,0.87907,0.844404,0.785088,0.961864,0.925926
6368,0.874539,0.860447,0.807059,0.890869,0.815835,0.77787,0.958848,0.889655
6369,0.873134,0.851775,0.769231,0.844622,0.812903,0.738947,0.922449,0.858108
6370,0.81746,0.74386,0.7,0.729412,0.65,0.506329,0.893939,0.884615
6371,0.803419,0.773077,0.757576,0.722892,0.741935,0.5625,0.854839,0.818182
6372,0.925795,0.86002,0.861818,0.931034,0.883918,0.913747,0.471698,0.433628
6373,0.891759,0.840841,0.807552,0.877451,0.820533,0.81734,0.621302,0.590164
6374,0.801471,0.747592,0.647399,0.845638,0.647059,0.521866,0.828283,0.822222
6375,0.75,0.748387,0.726027,0.791209,0.654206,0.508333,0.842105,0.75
6376,0.804878,0.737113,0.6875,0.833333,0.708333,0.5,0.8125,0.923077
6377,0.831818,0.8,0.787546,0.834008,0.810155,0.804878,0.811429,0.765306
6378,0.762887,0.722328,0.714623,0.786834,0.645631,0.595823,0.650735,0.711409
6379,0.857362,0.877073,0.864407,0.817109,0.862511,0.767568,0.827957,0.912281
6380,0.881051,0.868182,0.814079,0.901907,0.819659,0.724417,0.821053,0.779661
6381,0.838889,0.843636,0.774775,0.873626,0.761794,0.696447,0.870968,0.898305
6382,0.708758,0.712846,0.578788,0.726908,0.576523,0.482546,0.831169,0.717391
6383,0.842984,0.817842,0.780439,0.845528,0.797101,0.790805,0.91404,0.917722
6384,0.177632,0.05098,0.083916,0.223404,0.106061,0.04,0.051724,0.02439
6385,0.153409,0.093426,0.115854,0.190476,0.111111,0.07874,0.057971,0.065217
6386,0.186275,0.126471,0.169312,0.344538,0.149533,0.10119,0.037037,0.019608
6387,0.125,0.053073,0.087179,0.144,0.074236,0.077778,0.032967,0
6388,0.065341,0.022115,0.062059,0.122283,0.065506,0.029908,0.020548,0.021505
6389,0.075853,0.06015,0.070474,0.126794,0.08293,0.051668,0.011976,0.023923
6390,0.074115,0.034175,0.111458,0.050847,0.063668,0.025488,0.002674,0.012295
6391,0.088206,0.062124,0.05581,0.155009,0.100053,0.029508,0.028302,0.00365
6392,0.059123,0.084028,0.130597,0.192982,0.097448,0.040735,0.018277,0.041985
6393,0.175084,0.076514,0.160126,0.184751,0.116959,0.06257,0.046083,0.058442
6394,0.056522,0.044643,0.059603,0.072727,0.065041,0.038576,0.011696,0
6395,0.017937,0.023747,0.030769,0.034483,0.023381,0.016105,0.011976,0
6396,0.044346,0.020915,0.019438,0.026667,0.02931,0.011478,0.012048,0
6397,0.032328,0.035802,0.02444,0.032258,0.043873,0.015815,0.011299,0.009901
6398,0.036,0.0223,0.023392,0.025478,0.019526,0.011111,0.0199,0
6399,0.06087,0.033205,0.110497,0.065539,0.039832,0.018793,0.016317,0.015504
6400,0.086758,0.034207,0.026316,0.098,0.070558,0.030067,0.023419,0.02008
6401,0.098286,0.06213,0.079665,0.127016,0.079923,0.043503,0.007732,0.004367
6402,0.048091,0.049866,0.016151,0.048662,0.036624,0.019055,0.010274,0.018519
6403,0.002242,0.016624,0.005682,0.019685,0.031593,0.02026,0.013605,0
6404,0.016438,0.02911,0.008299,0.054645,0.018957,0.017327,0.019417,0.012048
6405,0.053333,0.031546,0.033613,0.060241,0.056738,0.013423,0,0
6406,0.04878,0.058511,0.090909,0.125,0.041667,0.023256,0,0
6407,0.663043,0.638219,0.608696,0.701333,0.520277,0.488127,0.772277,0.716049
6408,0.735751,0.701031,0.668394,0.736239,0.636291,0.596369,0.829876,0.82
6409,0.836661,0.863212,0.811935,0.805556,0.79881,0.741803,0.894231,0.842697
6410,0.22366,0.030208,0.073753,0.034268,0.046841,0.023762,0.283422,0.340206
6411,0.222388,0.052632,0.048913,0.047244,0.074074,0.029085,0.302632,0.363636
6412,0.211614,0.057658,0.043231,0.04,0.061458,0.038058,0.425532,0.471591
6413,0.255183,0.222857,0.147687,0.137056,0.146898,0.114644,0.761111,0.771084
6414,0.208042,0.120746,0.098266,0.07563,0.109129,0.073009,0.652778,0.703125
6415,0.232432,0.195876,0.128458,0.141176,0.145556,0.125891,0.76259,0.785714
6416,0.26276,0.235639,0.160569,0.152695,0.164352,0.149567,0.707692,0.647059
6417,0.196,0.103371,0.091346,0.105263,0.084433,0.02583,0.473684,0.636364
6418,0.51682,0.630854,0.667712,0.75,0.535783,0.417695,0.122172,0.120301
6419,0.793071,0.829295,0.8371,0.865546,0.785985,0.79655,0.148515,0.136519
6420,0.465587,0.651982,0.725,0.593333,0.694581,0.69186,0.109091,0.06383
6421,0.662447,0.556604,0.65847,0.739623,0.775986,0.785047,0.892857,0.916667
6422,0.699411,0.624035,0.731959,0.785467,0.844911,0.854027,0.899471,0.923913
6423,0.685934,0.596954,0.71599,0.815217,0.79606,0.753012,0.928934,0.925532
6424,0.62939,0.555804,0.518686,0.694885,0.724045,0.695233,0.916667,0.897561
6425,0.510018,0.454995,0.375289,0.518212,0.548168,0.550805,0.882863,0.876652
6426,0.967033,0.908163,0.918033,0.933333,0.923077,0.875,0.98,0.958333
6427,0.93038,0.906522,0.910448,0.894231,0.861386,0.864,0.972222,0.952381
6428,0.894118,0.877503,0.85,0.912134,0.819338,0.809412,0.92823,0.923077
6429,0.860759,0.90708,0.87013,0.909091,0.857143,0.877193,0.921875,0.814815
6430,0.91129,0.918367,0.941748,0.921348,0.892308,0.901099,0.9375,0.939394
6431,0.848276,0.913846,0.900901,0.938776,0.949367,0.864865,0.943396,1
6432,0.953642,0.934097,0.932773,0.954128,0.968421,0.893939,0.9375,0.977273
6433,0.9375,0.915254,0.930556,0.96063,0.880795,0.883598,0.985185,0.982456
6434,0.947598,0.914747,0.912162,0.978261,0.935294,0.887805,0.97931,0.949153
6435,0.872054,0.849091,0.81383,0.831522,0.822511,0.768421,0.927374,0.947368
6436,0.941788,0.884477,0.862069,0.915129,0.882863,0.831261,0.94,0.952381
6437,0.916522,0.898566,0.864368,0.912226,0.903727,0.834019,0.969492,0.929134
6438,0.916509,0.868805,0.859914,0.919476,0.849288,0.771156,0.950617,0.949807
6439,0.913201,0.874242,0.842105,0.905861,0.840589,0.760317,0.957692,0.952381
6440,0.911867,0.877648,0.879154,0.916096,0.865932,0.787359,0.959707,0.960133
6441,0.8474,0.836957,0.806773,0.876872,0.786272,0.73723,0.957045,0.943396
6442,0.851735,0.851744,0.770721,0.868116,0.78497,0.719912,0.915805,0.935574
6443,0.800325,0.761534,0.699387,0.810496,0.656489,0.613636,0.880355,0.885196
6444,0.793899,0.769758,0.738423,0.800289,0.696118,0.643599,0.912637,0.887195
6445,0.812231,0.777416,0.754926,0.780059,0.677083,0.643515,0.883019,0.862069
6446,0.821346,0.81098,0.790774,0.833645,0.743455,0.686879,0.871134,0.90404
6447,0.814121,0.796446,0.761134,0.815315,0.750755,0.650602,0.884013,0.877301
6448,0.025316,0.024355,0.02,0.015873,0.019355,0.005495,0.008065,0.015152
6449,0.009259,0.008439,0.009868,0.005181,0.006329,0.005291,0,0
6450,0.005291,0.006519,0,0.004651,0,0.004444,0,0
6451,0.024762,0.012072,0.017241,0.014235,0.014286,0.014327,0.005848,0.010753
6452,0.009306,0.009995,0.008949,0.006645,0.006014,0.010445,0.006601,0.003077
6453,0.00335,0.008559,0.007964,0.00487,0.004253,0.012426,0.003431,0.009836
6454,0.001695,0.001943,0.00227,0.00165,0.002114,0.003739,0.001862,0
6455,0.006091,0.007519,0.005755,0.005803,0.003883,0.003974,0,0
6456,0.019672,0.034431,0.045455,0.031414,0.017467,0.026119,0.031008,0
6457,0.010204,0.019355,0,0.014286,0,0,0,0.02381
6458,0.573333,0.501176,0.626761,0.552795,0.548638,0.586207,0.313953,0.228571
6459,0.515017,0.500729,0.578767,0.646444,0.571174,0.570016,0.140805,0.201183
6460,0.623626,0.531547,0.744488,0.67374,0.600299,0.597891,0.223108,0.23622
6461,0.709924,0.653988,0.789007,0.753472,0.623171,0.595661,0.201299,0.246753
6462,0.699153,0.630119,0.801835,0.70632,0.641304,0.611726,0.371901,0.318182
6463,0.786996,0.773663,0.858757,0.889328,0.715893,0.671676,0.4375,0.482143
6464,0.789731,0.766816,0.795019,0.869198,0.674242,0.64365,0.320755,0.367347
6465,0.766667,0.801336,0.811594,0.836538,0.704673,0.619186,0.340909,0.365854
6466,0.792593,0.753906,0.774194,0.842593,0.514286,0.571429,0.897436,0.923077
6467,0.725,0.744681,0.673611,0.901099,0.551724,0.5,0.914286,0.923077
6468,0.644404,0.638393,0.654008,0.728938,0.53828,0.493233,0.710963,0.731707
6469,0.764411,0.821938,0.791826,0.832941,0.743336,0.725142,0.883146,0.888889
6470,0.841555,0.862039,0.850282,0.865435,0.840271,0.81314,0.913747,0.927835
6471,0.779832,0.830189,0.790924,0.848837,0.768065,0.788212,0.872464,0.886364
6472,0.790378,0.833981,0.81407,0.828313,0.763855,0.763521,0.843077,0.848485
6473,0.777567,0.824655,0.792636,0.816667,0.782369,0.81401,0.87291,0.822695
6474,0.827586,0.834758,0.668966,0.737288,0.77931,0.786164,0.855856,0.87931
6475,0.888889,0.954248,0.857143,0.945946,0.956522,0.90625,0.977778,0.96
6476,0.902439,0.935714,0.918367,0.970588,1,0.892857,0.95,0.952381
6477,0.587912,0.584665,0.525862,0.668246,0.319559,0.426914,0.635417,0.735849
6478,0.477231,0.449511,0.445242,0.515625,0.445783,0.481153,0.226131,0.235849
6479,0.775862,0.773641,0.756471,0.814499,0.716487,0.659629,0.183976,0.170455
6480,0.86847,0.865256,0.779832,0.893204,0.815272,0.71843,0.794212,0.80625
6481,0.789091,0.71173,0.687034,0.733333,0.69687,0.684867,0.334545,0.438596
6482,0.947674,0.918919,0.912162,0.910569,0.892655,0.922156,0.55,0.648649
6483,0.93985,0.957377,0.957895,1,0.89899,0.927083,0.867925,0.777778
6484,0.982143,0.96337,0.961538,0.987179,0.925373,0.984615,0.813953,0.8
6485,0.173077,0.08502,0,0.075949,0.105263,0.076087,0.054545,0
6486,0.325641,0.326599,0.159326,0.208333,0.3314,0.302632,0.058824,0.030303
6487,0.42029,0.415361,0.225166,0.293333,0.381057,0.399093,0.142857,0.087719
6488,0.413559,0.447639,0.246809,0.322034,0.369637,0.455882,0.15,0.24
6489,0.57764,0.478873,0.293333,0.40566,0.458716,0.430769,0.125,0.181818
6490,0.350711,0.409639,0.192708,0.238095,0.248322,0.394737,0.155556,0
6491,0.399038,0.378788,0.183784,0.260563,0.235294,0.27027,0.214286,0.136364
6492,0.276119,0.319865,0.183333,0.178218,0.137255,0.28125,0.066667,0.2
6493,0,0.007299,0,0.018519,0.006369,0.007353,0,0
6494,0.011494,0.025974,0,0,0.026882,0,0,0
6495,0,0.006024,0.014286,0,0,0,0,0
6496,0.011429,0.007547,0,0,0.014085,0,0.05,0
6497,0.010417,0.014706,0.012,0,0.010582,0.002304,0,0
6498,0.013889,0.015773,0.010345,0.016129,0.01566,0.011628,0,0
6499,0.011152,0.007335,0.020528,0.027211,0.003236,0.002869,0,0
6500,0.009804,0.008264,0.001786,0,0.00203,0.006987,0.012048,0.034483
6501,0.005305,0.010526,0.012774,0.005102,0.004651,0.005952,0,0.075472
6502,0.002646,0.008787,0.009124,0.015873,0.013937,0.007944,0.012987,0
6503,0.008197,0.005535,0.00947,0,0.00885,0.015924,0,0
6504,0.00974,0.011013,0.016854,0,0.020867,0.007003,0,0
6505,0.009901,0.022676,0,0,0.008347,0.004451,0,0
6506,0,0.021077,0.008824,0,0.013841,0.004732,0,0
6507,0,0.014528,0.003115,0,0.011257,0.005025,0,0
6508,0.011321,0.030137,0.014085,0,0.013636,0.004175,0,0.045455
6509,0,0.019763,0.005814,0.041237,0.012295,0.003861,0.026316,0
6510,0,0.007812,0,0,0,0.019231,0,0
6511,0,0.009434,0,0,0,0.027778,0,0
6512,0.489157,0.66123,0.642202,0.709544,0.558185,0.727969,0.85,0.875
6513,0.725664,0.746212,0.607595,0.78125,0.688679,0.424528,1,0.6
6514,0.757009,0.665493,0.516129,0.534247,0.666667,0.575342,0.809524,0.9
6515,0.958621,0.917808,0.958333,0.901961,0.972727,0.934579,0.921569,1
6516,0.871166,0.787958,0.773333,0.780702,0.848,0.886957,0.779661,0.815789
6517,0.892193,0.844322,0.74,0.815789,0.765101,0.824138,0.782051,0.758621
6518,0.892797,0.864125,0.843137,0.891061,0.850867,0.810023,0.790323,0.808824
6519,0.778261,0.808392,0.719298,0.805785,0.75,0.726344,0.84739,0.875706
6520,0.884573,0.833946,0.848202,0.84292,0.822514,0.78444,0.93254,0.9
6521,0.602857,0.587271,0.51,0.606061,0.571717,0.527643,0.80203,0.77027
6522,0.663636,0.715711,0.607527,0.781513,0.644068,0.502183,0.794872,0.787879
6523,0.796296,0.780172,0.707317,0.815385,0.654545,0.5,1,0.782609
6524,0.71134,0.747706,0.6375,0.870968,0.725,0.517857,0.952381,0.789474
6525,0.816092,0.793269,0.653333,0.807018,0.789474,0.566038,0.857143,0.777778
6526,0.825301,0.789041,0.878788,0.877193,0.790698,0.845455,0.811765,0.666667
6527,0.621287,0.617007,0.618545,0.59375,0.590038,0.607191,0.224265,0.213333
6528,0.607143,0.615789,0.535211,0.680851,0.735294,0.275862,0.096774,0.083333
6529,0.822917,0.87907,0.844037,0.758621,0.556818,0.57,0.878049,0.833333
6530,0.8625,0.806548,0.796791,0.824176,0.577273,0.479839,0.839286,0.787879
6531,0.782353,0.795322,0.345745,0.770833,0.56,0.475285,0.852459,0.757576
6532,0.801047,0.757412,0.772727,0.801802,0.540856,0.4811,0.797101,0.789474
6533,0.762205,0.57206,0.605381,0.625,0.424982,0.347643,0.901288,0.831933
6534,0.823954,0.710483,0.755754,0.796392,0.60834,0.527236,0.881279,0.778761
6535,0.840246,0.771012,0.753906,0.863636,0.622671,0.572816,0.896226,0.877358
6536,0.561983,0.625,0.529412,0.60119,0.394737,0.276527,0.830508,0.727273
6537,0.904437,0.87152,0.815029,0.897436,0.900735,0.866044,0.958904,0.925
6538,0.901333,0.848123,0.868778,0.842857,0.86533,0.842105,0.989583,0.967742
6539,0.793621,0.750903,0.677536,0.762712,0.77381,0.776923,0.980892,0.956522
6540,0.810496,0.797893,0.740113,0.815303,0.795312,0.782609,0.954545,0.956897
6541,0.728477,0.662142,0.637993,0.715789,0.532864,0.484375,0.882353,0.779661
6542,0.261905,0.311828,0.185185,0.172414,0.263158,0.587629,0.818182,1
6543,0.594203,0.583908,0.431034,0.5375,0.465368,0.534296,0.559633,0.692308
6544,0.667396,0.656609,0.438632,0.545817,0.549569,0.604167,0.657895,0.759036
6545,0.594142,0.619891,0.352713,0.5,0.472165,0.543654,0.596026,0.650602
6546,0.56,0.578297,0.313883,0.492481,0.422037,0.5,0.639456,0.707317
6547,0.485,0.544474,0.44186,0.551181,0.320588,0.452323,0.565217,0.564103
6548,0.316384,0.385757,0.225806,0.279661,0.278846,0.411765,0.533333,0.6
6549,0.345133,0.368644,0.242188,0.294872,0.300546,0.380488,0.441176,0.428571
6550,0.361702,0.469565,0.333333,0.291667,0.229167,0.653061,0.777778,0.571429
6551,0.48139,0.533156,0.4375,0.366255,0.432387,0.656192,0.758333,0.746032
6552,0.354402,0.418634,0.308094,0.298039,0.339678,0.576797,0.681159,0.702703
6553,0.38041,0.420527,0.27551,0.268585,0.359794,0.540852,0.686992,0.6625
6554,0.323208,0.333333,0.211043,0.222222,0.264333,0.435976,0.325,0.496774
6555,0.426573,0.452328,0.482412,0.28,0.380744,0.477046,0.616279,0.685714
6556,0.407547,0.408019,0.478723,0.256944,0.349765,0.416842,0.584416,0.59375
6557,0.327381,0.379791,0.243243,0.222222,0.337302,0.420875,0.673077,0.73913
6558,0.278689,0.431034,0.16129,0.384615,0.230769,0.290323,0.315789,0.8
6559,0.782609,0.7375,0.714286,0.747253,0.661922,0.520202,0.904762,0.833333
6560,0.831858,0.773504,0.668317,0.796117,0.72191,0.549815,0.888889,0.857143
6561,0.892947,0.872713,0.787447,0.905702,0.820054,0.72102,0.888889,0.896552
6562,0.893918,0.869638,0.814465,0.912833,0.843117,0.752294,0.907317,0.915966
6563,0.861765,0.870322,0.834697,0.911392,0.846154,0.747818,0.894737,0.95614
6564,0.59633,0.402094,0.789168,0.435976,0.805369,0.418919,0.56338,0.822222
6565,0.607018,0.519626,0.669291,0.672222,0.535948,0.685801,0.763158,0.857143
6566,0.765625,0.808824,0.71345,0.851351,0.310345,0.89899,0.5,0.6
6567,0.758294,0.728155,0.652381,0.67619,0.655629,0.535156,0.768293,0.730769
6568,0.825485,0.806502,0.754617,0.357576,0.686667,0.643103,0.842105,0.836364
6569,0.832944,0.850746,0.889121,0.916279,0.833645,0.776358,0.955326,0.939891
6570,0.808878,0.840336,0.84125,0.825359,0.811575,0.776455,0.935593,0.890173
6571,0.823529,0.869668,0.811094,0.883721,0.814468,0.770656,0.955947,0.972603
6572,0.808732,0.876243,0.776053,0.826855,0.866035,0.80326,0.940741,0.954023
6573,0.81422,0.86839,0.769231,0.821705,0.783133,0.785714,0.942149,0.932432
6574,0.837079,0.897222,0.893805,0.903509,0.886667,0.898396,0.955556,0.965517
6575,0.865772,0.907643,0.941748,0.911765,0.903226,0.928571,0.975,1
6576,0.896552,0.90458,0.975309,0.977011,0.96875,0.935185,1,1
6577,0.287081,0.486972,0.194595,0.133652,0.264931,0.347826,0.88024,0.865385
6578,0.243564,0.356576,0.189931,0.161342,0.240606,0.375362,0.72973,0.806931
6579,0.172584,0.262769,0.098187,0.091228,0.158235,0.275285,0.757746,0.775
6580,0.509044,0.773585,0.462406,0.436214,0.501144,0.751807,0.929577,0.964912
6581,0.529825,0.729508,0.494565,0.424084,0.508264,0.757202,0.864865,0.883721
6582,0.440789,0.565371,0.373134,0.293103,0.383562,0.608696,0.887324,0.925926
6583,0.557971,0.681648,0.492537,0.317308,0.471429,0.656716,0.935484,0.944444
6584,0.403509,0.52521,0.285714,0.188235,0.403509,0.637931,0.808511,0.666667
6585,0.511111,0.756219,0.5,0.28,0.487179,0.729167,0.902439,0.846154
6586,0.881141,0.835708,0.854167,0.861035,0.846862,0.80654,0.872054,0.861111
6587,0.833907,0.819562,0.800957,0.838768,0.771203,0.654139,0.83715,0.834906
6588,0.82243,0.807367,0.786566,0.870155,0.740882,0.63726,0.831429,0.84456
6589,0.633663,0.567063,0.448529,0.497537,0.52439,0.403636,0.792793,0.836066
6590,0.859223,0.81293,0.777149,0.906977,0.77345,0.677978,0.87451,0.886364
6591,0.823091,0.817416,0.743756,0.802491,0.748825,0.656266,0.836066,0.846154
6592,0.806839,0.800112,0.755747,0.781302,0.704343,0.695992,0.818428,0.814286
6593,0.923588,0.892982,0.866337,0.923423,0.909091,0.884013,0.939394,0.9
6594,0.747748,0.670543,0.601852,0.777778,0.575758,0.359375,0.870968,0.923077
6595,0.77686,0.758621,0.669565,0.846154,0.5,0.341463,0.9,0.9375
6596,0.755,0.704741,0.606796,0.810811,0.457317,0.439153,0.714286,0.870968
6597,0.695853,0.719088,0.654615,0.706376,0.631579,0.62019,0.918033,0.892593
6598,0.604308,0.658586,0.668122,0.649606,0.589491,0.592029,0.820847,0.832599
6599,0.711749,0.744828,0.732323,0.722749,0.617502,0.68566,0.88716,0.897849
6600,0.672253,0.704735,0.734403,0.719512,0.626144,0.653315,0.877551,0.854701
6601,0.733092,0.69805,0.625891,0.724665,0.613636,0.576461,0.818182,0.829412
6602,0.889724,0.857602,0.803016,0.880665,0.838598,0.742584,0.885281,0.878981
6603,0.907853,0.857614,0.827177,0.86166,0.845718,0.810686,0.878788,0.879032
6604,0.908367,0.879421,0.892617,0.892086,0.932584,0.860963,0.965217,0.884615
6605,0.9375,0.859091,0.828571,0.833333,0.941176,0.722222,0.95,0.928571
6606,0.584249,0.546326,0.36165,0.529412,0.416446,0.365922,0.752174,0.758865
6607,0.818991,0.802263,0.800206,0.84854,0.763647,0.735507,0.926009,0.900398
6608,0.889006,0.859278,0.854369,0.895833,0.855707,0.816369,0.954762,0.946058
6609,0.739837,0.792727,0.641791,0.907692,0.75,0.697674,0.886364,0.947368
6610,0.902037,0.880302,0.815083,0.936242,0.810972,0.745938,0.922432,0.908397
6611,0.895833,0.884194,0.826993,0.91904,0.843947,0.747573,0.933213,0.935275
6612,0.800169,0.813232,0.753108,0.869632,0.765033,0.692518,0.856703,0.892655
6613,0.821782,0.828165,0.756545,0.861862,0.741422,0.721688,0.818448,0.849315
6614,0.773196,0.765797,0.732766,0.788099,0.722176,0.681586,0.709571,0.697819
6615,0.846154,0.840407,0.78371,0.866883,0.787381,0.804515,0.764706,0.756757
6616,0.869565,0.896907,0.892361,0.929155,0.858739,0.882402,0.840426,0.86747
6617,0.657143,0.712,0.700893,0.776923,0.645161,0.484375,0.54386,0.621622
6618,0.497354,0.596577,0.632479,0.687943,0.539749,0.422383,0.460317,0.447368
6619,0.556098,0.632941,0.639535,0.734266,0.626984,0.478405,0.447761,0.477273
6620,0.630282,0.609005,0.649123,0.681063,0.539491,0.542926,0.522727,0.474227
6621,0.742537,0.729011,0.775758,0.810945,0.742252,0.701149,0.833333,0.867188
6622,0.71066,0.708271,0.691558,0.626263,0.714502,0.733542,0.607143,0.754386
6623,0.849421,0.867965,0.859813,0.860656,0.88191,0.863874,0.779412,0.833333
6624,0.677749,0.754173,0.696237,0.841699,0.535714,0.536965,0.18125,0.135593
6625,0.769231,0.775842,0.711799,0.82808,0.570423,0.564665,0.178404,0.147368
6626,0.788484,0.845201,0.751208,0.832285,0.729412,0.724118,0.176471,0.193333
6627,0.645207,0.680556,0.724638,0.8125,0.632506,0.714734,0.160121,0.182432
6628,0.674731,0.759223,0.674419,0.763441,0.738899,0.724199,0.188312,0.176471
6629,0.880342,0.917172,0.904255,0.413408,0.867961,0.397287,0.20979,0.245902
6630,0.902703,0.483871,0.42246,0.944444,0.921739,0.893536,0.294872,0.157895
6631,0.888889,0.945205,0.942623,0.945205,0.954955,0.863636,0.721311,0.923077
6632,0.921348,0.887574,0.905882,0.945455,0.878049,0.868421,0.755102,0.85
6633,0.610795,0.613354,0.591837,0.638298,0.546012,0.515528,0.858333,0.84058
6634,0.499421,0.502446,0.506188,0.378132,0.493679,0.477097,0.316,0.306569
6635,0.611828,0.649191,0.620174,0.544444,0.62952,0.581191,0.48,0.416667
6636,0.740576,0.754153,0.710947,0.695946,0.718905,0.675279,0.803213,0.762238
6637,0.844094,0.80037,0.827655,0.804954,0.839653,0.795637,0.610837,0.637931
6638,0.897611,0.881633,0.842975,0.928571,0.851163,0.867052,0.883117,0.880952
6639,0.864662,0.905594,0.9375,0.936508,0.932203,0.926471,0.977778,0.909091
6640,0.326531,0.260163,0.511111,0.542857,0.066667,0.285714,0.518519,0.571429
6641,0.787781,0.72619,0.703593,0.825397,0.652661,0.485788,0.406504,0.380952
6642,0.737609,0.729021,0.72818,0.860577,0.690537,0.559441,0.467153,0.469697
6643,0.78719,0.785216,0.791749,0.869091,0.715035,0.596302,0.656805,0.659341
6644,0.683311,0.696303,0.668857,0.770335,0.649952,0.548651,0.274021,0.292517
6645,0.870897,0.868497,0.913165,0.896266,0.865801,0.800745,0.288732,0.245902
6646,0.927746,0.946789,0.97037,0.975,0.946128,0.947826,0.326531,0.375
6647,0.892562,0.935733,0.908629,0.906667,0.930233,0.875598,0.240506,0.138889
6648,0.875,0.834171,0.85,0.764706,0.736842,0.807692,0.407407,0.375
6649,0.509804,0.716012,0.587838,0.46729,0.412587,0.618182,0.605263,0.636364
6650,0.251397,0.248042,0.09375,0.095238,0.185393,0.215278,0.55102,0.555556
6651,0.198606,0.210169,0.102128,0.085227,0.116531,0.178694,0.363636,0.371429
6652,0.497738,0.577011,0.502283,0.291667,0.35277,0.474151,0.684783,0.617647
6653,0.799435,0.826196,0.817694,0.752336,0.707246,0.676385,0.834008,0.871429
6654,0.633279,0.68703,0.599424,0.450777,0.529809,0.552189,0.779904,0.794643
6655,0.666667,0.538071,0.675676,0.689655,0.513514,0.359375,0.84375,0.9
6656,0.948276,0.868852,0.90625,0.923077,0.947368,0.827586,0.782609,1
6657,0.857143,0.847134,0.859649,0.947368,0.772727,0.802817,0.914286,0.863636
6658,0.927083,0.91573,0.897727,0.953488,0.859375,0.888889,0.883721,0.875
6659,0.901786,0.920548,0.911458,0.935484,0.932692,0.867692,0.954023,0.902439
6660,0.903226,0.925641,0.939535,0.934579,0.926509,0.859459,0.886364,0.903846
6661,0.877256,0.864865,0.903766,0.936508,0.843612,0.807947,0.884211,0.861538
6662,0.758427,0.774752,0.787368,0.818868,0.751412,0.677518,0.879121,0.84
6663,0.529412,0.347826,0.578947,0.5625,0.485714,0.376812,0.833333,0.533333
6664,0.389706,0.274021,0.405405,0.383838,0.4125,0.264706,0.677419,0.714286
6665,0.394316,0.141879,0.251163,0.358663,0.29563,0.211336,0.218543,0.318681
6666,0.399287,0.152885,0.281392,0.336336,0.355818,0.254304,0.306667,0.433333
6667,0.306977,0.128668,0.136929,0.283951,0.252199,0.073099,0.345455,0.264706
6668,0.357143,0.147059,0.136095,0.238095,0.237705,0.072398,0.424242,0.458333
6669,0.3125,0.097222,0.128378,0.133929,0.152174,0.051282,0.354839,0.294118
6670,0.352941,0.141304,0.178082,0.186275,0.241379,0.101351,0.333333,0.6875
6671,0.354839,0.170886,0.267857,0.430769,0.349206,0.132075,0.705882,0.888889
6672,0.678571,0.807163,0.758065,0.708861,0.791946,0.757009,0.85,0.863636
6673,0.584235,0.503778,0.501563,0.559557,0.519118,0.562242,0.60262,0.527778
6674,0.90673,0.868911,0.775484,0.933775,0.805861,0.748538,0.899281,0.883598
6675,0.798235,0.7564,0.755396,0.831435,0.699157,0.602399,0.835391,0.822086
6676,0.785714,0.7689,0.728358,0.847458,0.681407,0.56845,0.900452,0.853147
6677,0.808429,0.75266,0.659218,0.842105,0.711765,0.536797,0.839506,0.723404
6678,0.631868,0.638211,0.514286,0.663551,0.640777,0.565574,0.698413,0.774194
6679,0.678261,0.578947,0.432432,0.710526,0.557377,0.5625,0.869565,0.821429
6680,0.791667,0.754717,0.553571,0.753846,0.8,0.529412,0.9,0.782609
6681,0.658416,0.748889,0.585799,0.714286,0.492063,0.5,0.842697,0.891892
6682,0.778226,0.763158,0.693694,0.869048,0.640625,0.483516,0.907216,0.926829
6683,0.674976,0.744804,0.742068,0.760984,0.607731,0.715324,0.896341,0.891051
6684,0.880973,0.876634,0.833333,0.905074,0.834475,0.803718,0.941385,0.874214
6685,0.890129,0.907732,0.86087,0.902087,0.86488,0.833243,0.963768,0.93921
6686,0.93014,0.927536,0.896478,0.949827,0.914265,0.899191,0.945701,0.930909
6687,0.97343,0.949495,0.941392,0.951128,0.939873,0.967742,0.953125,0.988636
6688,0.825905,0.863636,0.828488,0.865229,0.81036,0.762383,0.174061,0.203297
6689,0.924668,0.93083,0.892216,0.938272,0.905081,0.842105,0.241935,0.265306
6690,0.918149,0.930876,0.907767,0.93662,0.91202,0.871241,0.225,0.252101
6691,0.621053,0.752717,0.608696,0.555556,0.610526,0.772093,0.112676,0.111111
6692,0.145833,0.005102,0.058824,0.576271,0.053097,0,0.185185,0
6693,0.074074,0.421053,0.069307,0.045455,0.049451,0,0.151515,0
6694,0.312676,0.371048,0.292254,0.276382,0.285192,0.391026,0.381579,0.449275
6695,0.339093,0.393979,0.261708,0.309322,0.328,0.389552,0.544715,0.614583
6696,0.353774,0.358943,0.252758,0.313765,0.370527,0.450832,0.51676,0.602459
6697,0.348663,0.379958,0.191024,0.202247,0.341923,0.435608,0.710145,0.80102
6698,0.389447,0.412851,0.217054,0.266833,0.383861,0.550141,0.805785,0.844156
6699,0.396662,0.417355,0.243807,0.285347,0.428682,0.595083,0.808696,0.795775
6700,0.367089,0.423636,0.232323,0.248603,0.411163,0.56554,0.813397,0.811475
6701,0.41196,0.454071,0.290036,0.25,0.427007,0.576882,0.818182,0.824176
6702,0.533724,0.545455,0.562992,0.420213,0.580745,0.733509,0.829268,0.933333
6703,0.460674,0.576923,0.54902,0.556962,0.472222,0.588235,0.833333,0.866667
6704,0.73913,0.726287,0.635714,0.8,0.579545,0.523077,0.909091,0.868421
6705,0.852778,0.831488,0.80884,0.861167,0.797885,0.786845,0.791781,0.890547
6706,0.587973,0.545326,0.375676,0.424908,0.506623,0.677481,0.433333,0.54386
6707,0.224138,0.306569,0.212766,0.387097,0.137931,0.333333,0.571429,0.5
6708,0.589147,0.602459,0.5,0.679245,0.483607,0.353982,0.625,0.727273
6709,0.281437,0.312935,0.389755,0.309904,0.211747,0.272206,0.186747,0.283019
6710,0.541516,0.494514,0.629162,0.544,0.461683,0.474421,0.266667,0.364238
6711,0.399168,0.416031,0.545842,0.467372,0.416159,0.434577,0.185771,0.282051
6712,0.568238,0.54334,0.719368,0.635052,0.575069,0.592521,0.25,0.374101
6713,0.607143,0.523923,0.784912,0.661017,0.617745,0.621078,0.334884,0.412281
6714,0.655963,0.560502,0.842105,0.677305,0.637555,0.691114,0.464567,0.608108
6715,0.545685,0.519512,0.821622,0.610656,0.571429,0.621891,0.368932,0.57377
6716,0.553571,0.674603,0.636364,0.790698,0.633333,0.515152,0.083333,0
6717,0.523077,0.655629,0.529412,0.653061,0.514286,0.5,0.04,0
6718,0.481752,0.667954,0.548077,0.657658,0.442478,0.514851,0.05,0
6719,0.492837,0.690217,0.601626,0.721393,0.551487,0.541284,0.0625,0.083333
6720,0.43913,0.635155,0.648318,0.714286,0.475728,0.569558,0.053571,0.081967
6721,0.34433,0.517434,0.577904,0.553785,0.374462,0.499261,0.062016,0.101449
6722,0.23913,0.238636,0.307692,0.485714,0.258621,0.25,0.1,0
6723,0.237113,0.324503,0.419355,0.283333,0.261682,0.293478,0.206897,0.285714
6724,0.306569,0.388393,0.485149,0.418605,0.308108,0.280702,0.395349,0.5
6725,0.416327,0.544737,0.588517,0.617647,0.447674,0.351351,0.777778,0.464286
6726,0.45,0.467641,0.610947,0.542169,0.416376,0.472371,0.795699,0.828125
6727,0.56051,0.658314,0.845277,0.825455,0.629966,0.699536,0.708333,0.816327
6728,0.645038,0.750936,0.844291,0.802548,0.626168,0.771588,0.805556,0.823529
6729,0.67027,0.625207,0.610052,0.660714,0.621827,0.616949,0.15942,0.168675
6730,0.665,0.409888,0.526917,0.36413,0.382831,0.64252,0.227848,0.291667
6731,0.27156,0.374867,0.193548,0.235786,0.247115,0.384796,0.212121,0.185053
6732,0.568627,0.956479,0.908861,0.94864,0.924242,0.891705,0.867925,0.42
6733,0.625,0.952909,0.475248,1,0.85,0.891304,0.569444,0.483871
6734,0.93913,0.961424,0.958763,1,0.83871,0.923077,0.938462,0.866667
6735,0.786517,0.748344,0.617647,0.69697,0.558824,0.457143,0.9,0.733333
6736,0.833333,0.761364,0.717949,0.775,0.454545,0.452381,0.875,1
6737,0.871841,0.821111,0.665169,0.863469,0.760962,0.646814,0.867925,0.884615
6738,0.642753,0.74486,0.545133,0.671512,0.607219,0.621875,0.778894,0.722772
6739,0.903226,0.879121,0.810619,0.903537,0.806271,0.768563,0.915423,0.913462
6740,0.899329,0.863501,0.903704,0.794872,0.8,0.798942,0.925373,0.956522
6741,0.948052,0.947368,0.9375,0.857143,0.897436,0.920635,0.934783,1
6742,0.841163,0.777322,0.753125,0.759542,0.658915,0.62198,0.873684,0.901961
6743,0.614068,0.549582,0.560907,0.519481,0.460792,0.49348,0.768595,0.71875
6744,0.86785,0.838488,0.842963,0.838188,0.746768,0.711608,0.653226,0.78125
6745,0.811005,0.778393,0.792291,0.756098,0.729299,0.716327,0.70339,0.790323
6746,0.915344,0.833828,0.836879,0.831818,0.784314,0.794083,0.684211,0.741379
6747,0.946629,0.898551,0.862637,0.935644,0.906031,0.867114,0.515152,0.604167
6748,0.39548,0.371951,0.279412,0.712963,0.538462,0.539535,0.055556,0.315789
6749,0.70438,0.498316,0.637838,0.787709,0.565,0.54878,0.855769,0.772727
6750,0.705607,0.458284,0.615646,0.721014,0.523002,0.503086,0.88,0.868421
6751,0.695142,0.49466,0.648021,0.736296,0.619187,0.606622,0.819635,0.798507
6752,0.778523,0.434783,0.836331,0.809052,0.694538,0.662148,0.949153,0.898413
6753,0.788515,0.44969,0.841849,0.802326,0.646746,0.7433,0.909091,0.890909
6754,0.469388,0.382075,0.575758,0.591837,0.324786,0.534653,0.928571,0.903846
6755,0.704918,0.557103,0.752941,0.759494,0.493827,0.678571,0.957143,0.977273
6756,0.686747,0.582938,0.532609,0.777778,0.413333,0.314286,0.794118,0.666667
6757,0.609524,0.560669,0.584906,0.728395,0.520408,0.40404,0.863636,0.565217
6758,0.780105,0.744681,0.704403,0.852459,0.579235,0.597938,0.945455,0.914286
6759,0.763158,0.718425,0.677379,0.773218,0.650084,0.61997,0.638767,0.7625
6760,0.849616,0.770418,0.742081,0.871542,0.679645,0.675284,0.8,0.797814
6761,0.913408,0.856992,0.866159,0.914858,0.829418,0.773375,0.915217,0.918429
6762,0.964871,0.922324,0.918058,0.954451,0.925706,0.860068,0.798319,0.759843
6763,0.93725,0.927935,0.905009,0.942661,0.913428,0.879377,0.907051,0.926606
6764,0.953822,0.924017,0.90989,0.915068,0.910989,0.910608,0.930328,0.945055
6765,0.95098,0.940268,0.935135,0.951299,0.914504,0.904762,0.919192,0.901316
6766,0.947964,0.946073,0.907937,0.946619,0.925512,0.909789,0.87574,0.916031
6767,0.917526,0.928328,0.905028,0.895522,0.911111,0.912587,0.808696,0.861702
6768,0.832,0.850485,0.810458,0.814371,0.873832,0.879808,0.85567,0.92
6769,0.352,0.421233,0.28,0.302632,0.193182,0.31746,0.692308,0.888889
6770,0.700461,0.737533,0.708571,0.7125,0.606897,0.563147,0.795918,0.8
6771,0.462046,0.506185,0.516315,0.468278,0.427198,0.49656,0.834171,0.834951
6772,0.424719,0.513569,0.330867,0.428571,0.30835,0.394511,0.709016,0.679144
6773,0.513514,0.574616,0.437989,0.538631,0.334488,0.427366,0.709402,0.66875
6774,0.554974,0.645228,0.609709,0.638806,0.477273,0.596472,0.77551,0.8
6775,0.671378,0.633752,0.551852,0.6875,0.629779,0.490099,0.363636,0.3875
6776,0.628297,0.568288,0.578797,0.589899,0.567942,0.595178,0.410526,0.372093
6777,0.827231,0.812782,0.797952,0.829746,0.762089,0.75637,0.508997,0.488584
6778,0.809836,0.813424,0.795826,0.815157,0.751374,0.742066,0.544081,0.475983
6779,0.796249,0.722523,0.614743,0.831269,0.58815,0.632443,0.539823,0.585294
6780,0.829227,0.843734,0.745416,0.884969,0.695104,0.682824,0.581105,0.567568
6781,0.821755,0.856175,0.822785,0.881029,0.751813,0.793484,0.789366,0.830389
6782,0.808824,0.817086,0.816074,0.890523,0.717908,0.776629,0.741667,0.783394
6783,0.91653,0.89187,0.893246,0.898204,0.920354,0.858921,0.883333,0.850394
6784,0.895556,0.863869,0.741477,0.88,0.843352,0.81761,0.857143,0.875
6785,0.821687,0.812933,0.773256,0.799228,0.758389,0.658257,0.75641,0.731343
6786,0.868996,0.84785,0.768041,0.859206,0.79646,0.669565,0.892857,0.825397
6787,0.862213,0.858072,0.791155,0.820946,0.798013,0.705314,0.873563,0.870968
6788,0.859155,0.840764,0.744344,0.841935,0.77707,0.73065,0.802326,0.736842
6789,0.747253,0.744925,0.633574,0.74124,0.675311,0.653968,0.884615,0.783784
6790,0.659574,0.657534,0.643564,0.77551,0.402985,0.396226,0.56,0.588235
6791,0.756345,0.729032,0.462329,0.860104,0.561453,0.550279,0.160305,0.16
6792,0.783721,0.751131,0.577558,0.870192,0.585427,0.553846,0.347826,0.25
6793,0.830454,0.852961,0.8125,0.860125,0.778638,0.737445,0.721785,0.722689
6794,0.825444,0.834046,0.637363,0.829843,0.790123,0.748524,0.944444,0.944444
6795,0.917062,0.91909,0.449351,0.806452,0.877462,0.855131,0.936842,0.973333
6796,0.923077,0.930233,0.653226,0.912281,0.915254,0.86637,0.897727,0.985294
6797,0.945946,0.940762,0.486413,0.777273,0.915633,0.867277,0.97619,0.941176
6798,0.950156,0.874204,0.48318,0.787879,0.903323,0.893443,0.945946,0.95
6799,0.829193,0.77761,0.756637,0.806818,0.676,0.56917,0.845161,0.833333
6800,0.811162,0.782241,0.680444,0.804286,0.748175,0.680203,0.9063,0.873596
6801,0.891304,0.803636,0.717391,0.736111,0.842105,0.848485,0.907407,0.875
6802,0.797227,0.782524,0.540179,0.786787,0.646972,0.606667,0.704545,0.6
6803,0.804054,0.772162,0.586207,0.834515,0.70913,0.699793,0.852071,0.818966
6804,0.871041,0.814028,0.567233,0.864542,0.784539,0.752325,0.701754,0.61875
6805,0.902098,0.883343,0.75718,0.49522,0.834697,0.776371,0.853868,0.845133
6806,0.927159,0.897405,0.568548,0.862823,0.862009,0.791887,0.847826,0.897196
6807,0.914842,0.886912,0.893417,0.903084,0.883041,0.854701,0.863636,0.87234
6808,0.86755,0.862637,0.855556,0.829268,0.902439,0.859649,0.941176,0.877551
6809,0.714286,0.720497,0.694444,0.692308,0.59375,0.404255,0.583333,0.772727
6810,0.690909,0.632653,0.560976,0.521739,0.511111,0.385965,0.275862,0.607143
6811,0.528571,0.7,0.5,0.641509,0.491228,0.337838,0.433333,0.5
6812,0.46988,0.619266,0.380952,0.444444,0.417722,0.34,0.387097,0.575758
6813,0.573643,0.659933,0.473333,0.572727,0.47651,0.402655,0.424242,0.4
6814,0.449367,0.491329,0.331606,0.353846,0.312821,0.306897,0.418605,0.4375
6815,0.468468,0.539326,0.4,0.491228,0.347015,0.381944,0.372881,0.357143
6816,0.201209,0.052033,0.140017,0.101881,0.098517,0.077069,0.241895,0.257812
6817,0.299187,0.244503,0.266862,0.20649,0.249373,0.211405,0.274854,0.174242
6818,0.674419,0.576754,0.720472,0.628692,0.600343,0.627953,0.683761,0.59596
6819,0.689252,0.615291,0.741667,0.713592,0.627016,0.644495,0.705882,0.64557
6820,0.716621,0.589532,0.75,0.743017,0.671642,0.608309,0.730337,0.727273
6821,0.793605,0.751479,0.789773,0.8,0.708215,0.744262,0.772152,0.701493
6822,0.428571,0.436508,0.367089,0.321429,0.396552,0.513158,0.085106,0.162791
6823,0.601942,0.626609,0.470588,0.637681,0.5,0.447368,0.833333,0.857143
6824,0.606218,0.577878,0.441176,0.589744,0.491379,0.415842,0.364706,0.491525
6825,0.853514,0.82376,0.839181,0.865948,0.810434,0.739602,0.622222,0.575198
6826,0.887097,0.923529,0.888889,0.926829,1,0.826087,0.666667,0.705882
6827,0.861538,0.893855,0.821429,0.958333,0.923077,0.96,0.521739,0.761905
6828,0.905263,0.918033,0.916667,0.958333,0.895833,0.948276,0.622642,0.548387
6829,0.898305,0.929825,0.944444,0.965116,0.957746,0.925926,0.54386,0.545455
6830,0.919463,0.871951,0.916667,0.95,0.902174,0.86,0.535211,0.657143
6831,0.926941,0.87703,0.919192,0.894737,0.931937,0.913706,0.493976,0.469388
6832,0.92228,0.913276,0.86645,0.940397,0.862442,0.858896,0.54717,0.429688
6833,0.848423,0.819377,0.825309,0.875,0.797306,0.760813,0.450617,0.420213
6834,0.841404,0.82008,0.817927,0.888641,0.794294,0.735085,0.494915,0.54375
6835,0.819444,0.814176,0.736156,0.853535,0.739234,0.689888,0.632184,0.590909
6836,0.808664,0.812253,0.743421,0.838542,0.703883,0.643836,0.690476,0.651163
6837,0.892297,0.879349,0.839,0.887255,0.805427,0.795784,0.480103,0.896458
6838,0.670213,0.672137,0.565086,0.677379,0.571816,0.53431,0.857143,0.904494
6839,0.79739,0.795088,0.769889,0.854897,0.74889,0.713558,0.775039,0.815385
6840,0.872431,0.865706,0.854735,0.921335,0.83215,0.802826,0.786096,0.803987
6841,0.880576,0.865224,0.855182,0.901524,0.837838,0.820459,0.833641,0.883117
6842,0.621746,0.598498,0.491718,0.608696,0.556143,0.490446,0.662261,0.79023
6843,0.710843,0.676267,0.515837,0.732057,0.557423,0.464286,0.84,0.86747
6844,0.613559,0.640449,0.569416,0.584699,0.527597,0.540541,0.861345,0.796875
6845,0.597815,0.661224,0.551691,0.737013,0.59481,0.542526,0.872611,0.863071
6846,0.700599,0.75718,0.625954,0.868687,0.51462,0.440594,0.920635,0.852941
6847,0.790909,0.74,0.67,0.868421,0.534091,0.410256,0.782609,0.909091
6848,0.792683,0.351779,0.636364,0.809524,0.510638,0.418919,0.846154,0.84
6849,0.88241,0.852571,0.792237,0.872865,0.810791,0.760297,0.935065,0.923077
6850,0.840336,0.822516,0.808133,0.839388,0.793303,0.733847,0.925926,0.889571
6851,0.795181,0.773176,0.70936,0.817518,0.563636,0.423963,0.835443,0.777778
6852,0.79661,0.781421,0.657718,0.755102,0.597701,0.365591,0.827586,0.8125
6853,0.851351,0.817259,0.596774,0.75,0.764706,0.380952,0.913043,0.818182
6854,0.961905,0.927509,0.960894,0.477612,0.926174,0.899408,0.940171,0.953488
6855,0.908696,0.914931,0.953368,0.933775,0.919355,0.864322,0.943089,0.980392
6856,0.900285,0.94625,0.944134,0.957447,0.928389,0.903002,0.952703,0.933333
6857,0.919523,0.893048,0.907051,0.936548,0.898002,0.852652,0.937008,0.94964
6858,0.89313,0.890389,0.804481,0.938776,0.844156,0.787879,0.945534,0.955823
6859,0.809659,0.822531,0.736842,0.786667,0.794521,0.693431,0.906667,0.860465
6860,0.771523,0.814433,0.748322,0.814607,0.71519,0.610951,0.821918,0.972222
6861,0.663636,0.666667,0.607692,0.690476,0.6,0.337838,0.804348,0.833333
6862,0.749415,0.712834,0.72381,0.7,0.718808,0.63745,0.489209,0.478261
6863,0.821538,0.836417,0.82521,0.838235,0.724524,0.707373,0.434959,0.436975
6864,0.804428,0.769962,0.660377,0.896341,0.645283,0.552941,0.8,0.816327
6865,0.819608,0.758197,0.67,0.875,0.64,0.52766,0.851485,0.916667
6866,0.693333,0.834123,0.825,0.837209,0.769231,0.87234,0.872727,1
6867,0.583333,0.782288,0.836066,0.759259,0.685185,0.774648,0.859375,0.956522
6868,0.809224,0.777301,0.672646,0.781421,0.737838,0.668321,0.873303,0.851163
6869,0.72973,0.713978,0.669565,0.839161,0.670886,0.515924,0.904,0.911111
6870,0.408759,0.685131,0.621951,0.761364,0.645161,0.415385,0.833333,0.848485
6871,0.521277,0.531835,0.422222,0.597222,0.6,0.195122,0.880597,0.727273
6872,0.906977,0.900763,0.84,0.873016,0.90625,0.866667,0.821429,0.777778
6873,0.90678,0.91411,0.882353,0.915663,0.912281,0.88189,0.842105,0.631579
6874,0.934959,0.911765,0.91195,0.866667,0.858333,0.884058,0.826087,0.777778
6875,0.949275,0.921466,0.920455,0.959184,0.9,0.879518,0.843137,0.764706
6876,0.854331,0.841739,0.842105,0.824859,0.840841,0.802817,0.68,0.75
6877,0.865269,0.810345,0.828125,0.882114,0.841518,0.753372,0.765957,0.780488
6878,0.732342,0.695695,0.7184,0.745902,0.672194,0.634361,0.718121,0.75
6879,0.840426,0.793153,0.790698,0.795066,0.7739,0.684315,0.872247,0.90625
6880,0.760736,0.759582,0.59434,0.742105,0.643098,0.459384,0.853659,0.88
6881,0.736559,0.745509,0.63,0.728261,0.6,0.382353,0.788462,0.848485
6882,0.741935,0.686747,0.5,0.78125,0.441176,0.344828,0.742857,1
6883,0.371901,0.370611,0.163142,0.222672,0.406504,0.492347,0.697479,0.677419
6884,0.331804,0.329555,0.139037,0.200461,0.364692,0.453172,0.427083,0.451613
6885,0.598234,0.566537,0.392786,0.512334,0.572072,0.54317,0.195467,0.138298
6886,0.784934,0.77411,0.652941,0.769524,0.781807,0.7127,0.256494,0.312139
6887,0.873659,0.83184,0.792111,0.877264,0.841558,0.770279,0.588448,0.551282
6888,0.796215,0.763158,0.685259,0.822844,0.771179,0.654482,0.317181,0.278261
6889,0.595833,0.533623,0.526549,0.661616,0.518519,0.453074,0.566038,0.589744
6890,0.847619,0.84739,0.9,0.859155,0.875,0.818182,0.934066,0.863636
6891,0.833682,0.773535,0.751397,0.796646,0.735145,0.70101,0.917021,0.873077
6892,0.849505,0.799245,0.732394,0.845996,0.747493,0.682817,0.903967,0.895683
6893,0.816107,0.769042,0.633058,0.842784,0.661179,0.614621,0.872464,0.861751
6894,0.766234,0.676119,0.613139,0.785,0.611465,0.443439,0.9,0.875
6895,0.638889,0.682028,0.525,0.59322,0.5,0.384615,0.852459,0.826087
6896,0.773723,0.710059,0.901099,0.925373,0.838235,0.835443,0.838235,0.769231
6897,0.79021,0.755556,0.891304,0.934211,0.763889,0.790698,0.881579,0.833333
6898,0.7943,0.792857,0.887656,0.898305,0.822551,0.785965,0.90051,0.887255
6899,0.709489,0.671288,0.73784,0.718248,0.740707,0.604242,0.917852,0.9125
6900,0.647472,0.629837,0.722826,0.677503,0.62901,0.584798,0.796399,0.820051
6901,0.528226,0.390597,0.450893,0.631902,0.464088,0.128492,0.726316,0.782609
6902,0.680412,0.607735,0.612245,0.5,0.765625,0.684211,0.285714,0.4375
6903,0.640592,0.591667,0.597598,0.604651,0.55748,0.603883,0.217082,0.127907
6904,0.922861,0.888519,0.890698,0.912145,0.873224,0.820545,0.831019,0.794872
6905,0.702479,0.671004,0.603306,0.676471,0.636364,0.492754,0.919643,0.857143
6906,0.573604,0.419098,0.536723,0.346154,0.477099,0.666667,0.415254,0.315789
6907,0.48318,0.520478,0.755245,0.43128,0.553145,0.678497,0.645714,0.430108
6908,0.55792,0.557103,0.707447,0.44523,0.57513,0.690738,0.80531,0.725806
6909,0.552775,0.467314,0.621106,0.412214,0.540117,0.568531,0.930052,0.882883
6910,0.564467,0.478235,0.635854,0.443223,0.547192,0.594549,0.931818,0.908397
6911,0.638277,0.548406,0.749067,0.560579,0.620485,0.62734,0.951435,0.918519
6912,0.657521,0.561915,0.739564,0.609236,0.60882,0.604726,0.921053,0.936877
6913,0.862069,0.805479,0.822286,0.858748,0.745533,0.696203,0.955504,0.929825
6914,0.663136,0.531098,0.654984,0.56261,0.543698,0.494196,0.925824,0.891626
6915,0.920812,0.904202,0.902408,0.923695,0.914146,0.886222,0.903226,0.933333
6916,0.928571,0.925658,0.940098,0.930769,0.929293,0.88977,0.940191,0.935345
6917,0.922428,0.909134,0.865232,0.929204,0.888537,0.839199,0.9718,0.939502
6918,0.634615,0.734742,0.60396,0.724138,0.775281,0.464286,0.851064,0.836364
6919,0.485149,0.680101,0.573248,0.504348,0.617284,0.8,0.957143,0.9375
6920,0.601719,0.754653,0.745098,0.79703,0.714894,0.771626,0.953271,0.818182
6921,0.768856,0.871302,0.845361,0.892704,0.797909,0.859551,0.912281,0.92
6922,0.65288,0.745747,0.717092,0.798942,0.676884,0.749701,0.897674,0.933333
6923,0.794677,0.864865,0.882736,0.898361,0.826143,0.759975,0.952978,0.937888
6924,0.712563,0.757675,0.694245,0.728027,0.719419,0.611501,0.865497,0.85
6925,0.607477,0.590909,0.457143,0.666667,0.322581,0.291667,0.782609,0.9
6926,0.780488,0.783784,0.8125,0.623188,0.8,0.75,0.775,0.612903
6927,0.515997,0.488178,0.464211,0.46933,0.460829,0.605335,0.747024,0.764331
6928,0.601156,0.523251,0.483137,0.538978,0.542939,0.578295,0.727113,0.758007
6929,0.633272,0.561033,0.555144,0.619456,0.569915,0.588608,0.679283,0.653846
6930,0.688084,0.570026,0.452806,0.575646,0.568857,0.558678,0.850543,0.850299
6931,0.841463,0.766278,0.598945,0.835938,0.693333,0.609266,0.863372,0.929936
6932,0.71231,0.61098,0.511182,0.686801,0.595208,0.555677,0.831541,0.898551
6933,0.70679,0.571429,0.394619,0.555556,0.523622,0.424561,0.830508,0.871429
6934,0.714286,0.633663,0.611111,0.804878,0.565789,0.464286,0.9375,0.833333
6935,0.659574,0.60219,0.533333,0.8,0.458333,0.460526,0.888889,0.84
6936,0.609756,0.543478,0.34375,0.584158,0.510638,0.481481,0.944444,0.85
6937,0.771739,0.736626,0.615385,0.842857,0.574074,0.465116,0.780488,1
6938,0.83237,0.819403,0.623377,0.847368,0.720721,0.592179,0.859259,0.859375
6939,0.826923,0.815296,0.65,0.852792,0.736559,0.576142,0.840278,0.80597
6940,0.820334,0.766847,0.739458,0.852547,0.703668,0.591778,0.793443,0.828767
6941,0.898565,0.848059,0.887309,0.931774,0.859287,0.848249,0.813901,0.776824
6942,0.914474,0.878412,0.883333,0.98,0.890411,0.891304,0.948052,0.952381
6943,0.697802,0.617555,0.492857,0.70297,0.586022,0.478261,0.746154,0.810345
6944,0.741993,0.650943,0.448065,0.579861,0.683348,0.661552,0.912664,0.905983
6945,0.59058,0.532189,0.375796,0.475,0.603074,0.62418,0.923423,0.955752
6946,0.926509,0.910494,0.843949,0.880597,0.905325,0.880597,0.931507,0.924242
6947,0.788618,0.721137,0.707792,0.869231,0.544379,0.355556,0.882353,0.811321
6948,0.612786,0.656208,0.623574,0.738928,0.546099,0.528258,0.761589,0.785714
6949,0.762768,0.844027,0.793574,0.845161,0.702717,0.732445,0.888889,0.913043
6950,0.784133,0.87132,0.804781,0.838235,0.77455,0.820477,0.909605,0.896907
6951,0.489691,0.77892,0.840764,0.724771,0.570093,0.808642,0.947368,0.923077
6952,0.353846,0.472789,0.394231,0.406977,0.413793,0.511905,0.931034,0.9
6953,0.610895,0.79353,0.791219,0.80303,0.659218,0.658718,0.844371,0.824742
6954,0.804437,0.834568,0.821463,0.876442,0.798412,0.742585,0.878099,0.869955
6955,0.890591,0.88882,0.891421,0.899573,0.884263,0.848416,0.862974,0.8625
6956,0.951049,0.926677,0.95283,0.975904,0.952756,0.930403,0.910891,0.981132
6957,0.944751,0.939638,0.961538,0.95082,0.455285,0.910345,0.946667,0.931818
6958,0.691358,0.721519,0.480769,0.617647,0.484848,0.333333,0.886792,0.695652
6959,0.641509,0.642361,0.481818,0.774775,0.595041,0.333333,0.793651,0.648649
6960,0.607273,0.596288,0.446701,0.649425,0.434944,0.385246,0.817204,0.769231
6961,0.750929,0.752665,0.688057,0.70418,0.710638,0.684533,0.845679,0.883721
6962,0.704878,0.820477,0.788599,0.795918,0.742857,0.788889,0.847458,0.880597
6963,0.403509,0.571429,0.553191,0.594595,0.319149,0.370968,0.074074,0
6964,0.295597,0.389423,0.522936,0.472222,0.28436,0.367925,0.125,0
6965,0.55315,0.724543,0.669884,0.731183,0.626243,0.608154,0.147679,0.112245
6966,0.264624,0.290146,0.487952,0.240909,0.242748,0.418966,0.151724,0.063492
6967,0.265823,0.31746,0.527076,0.212871,0.237925,0.480573,0.181818,0.041667
6968,0.534091,0.778816,0.874251,0.79661,0.790576,0.820652,0.233766,0.064516
6969,0.32,0.441718,0.210526,0.349206,0.192982,0.25641,0.125,0.142857
6970,0.340278,0.565891,0.364641,0.515789,0.349112,0.353982,0.173913,0
6971,0.369048,0.597173,0.31401,0.392857,0.31383,0.333333,0.310345,0.357143
6972,0.390476,0.608624,0.546992,0.44,0.441971,0.523596,0.604396,0.460317
6973,0.573896,0.619898,0.624793,0.69338,0.550406,0.669271,0.872549,0.923077
6974,0.628803,0.728477,0.684502,0.744604,0.582294,0.694549,0.942308,0.920635
6975,0.705189,0.754858,0.722348,0.884,0.714961,0.789663,0.930693,0.966667
6976,0.751515,0.700389,0.756522,0.876777,0.693976,0.780936,0.966667,0.95
6977,0.759036,0.829146,0.897959,0.836735,0.92,0.869565,0.983051,0.952381
6978,0.955696,0.904321,0.91342,0.910448,0.934932,0.896861,0.953333,0.958904
6979,0.894309,0.928378,0.870849,0.922078,0.927374,0.893993,0.960452,0.988764
6980,0.890805,0.835866,0.783871,0.898969,0.818106,0.76501,0.906931,0.936364
6981,0.871795,0.850983,0.723451,0.886889,0.794872,0.700276,0.934783,0.93125
6982,0.871951,0.856691,0.832604,0.891304,0.861984,0.806279,0.872093,0.869707
6983,0.812635,0.758743,0.72247,0.801508,0.722296,0.682209,0.857651,0.849741
6984,0.663185,0.757166,0.683478,0.7675,0.728662,0.56213,0.745665,0.872727
6985,0.931034,0.420965,0.921348,0.9875,0.911972,0.907895,0.981651,0.870968
6986,0.85731,0.851034,0.853041,0.894505,0.829249,0.781425,0.853521,0.909548
6987,0.790087,0.771845,0.755102,0.854054,0.680272,0.591687,0.767857,0.783333
6988,0.696035,0.751773,0.717949,0.811024,0.627737,0.560345,0.833333,0.885714
6989,0.73913,0.777778,0.773109,0.861702,0.647668,0.583333,0.792453,0.826087
6990,0.741935,0.76324,0.775862,0.853933,0.685714,0.616438,0.888889,0.947368
6991,0.734375,0.758007,0.777778,0.891892,0.678322,0.608333,0.828571,0.894737
6992,0.722967,0.773727,0.8025,0.821311,0.711465,0.707792,0.870968,0.79878
6993,0.528107,0.644161,0.650909,0.62973,0.498498,0.567105,0.169811,0.230769
6994,0.703325,0.799714,0.719424,0.8125,0.739247,0.732804,0.865672,0.722222
6995,0.481633,0.682898,0.705094,0.696356,0.674242,0.678024,0.752941,0.862745
6996,0.69392,0.779604,0.777541,0.826701,0.723529,0.685726,0.893258,0.84252
6997,0.731941,0.811214,0.807535,0.867896,0.733061,0.710363,0.849462,0.904762
6998,0.742935,0.782328,0.794362,0.817308,0.708462,0.70457,0.837838,0.943396
6999,0.62844,0.680412,0.645455,0.681818,0.541353,0.368794,0.619048,0.833333
7000,0.885375,0.860335,0.873494,0.886228,0.896739,0.394737,0.943662,0.924528
7001,0.741245,0.6714,0.71236,0.629139,0.662411,0.657303,0.916031,0.861386
7002,0.823457,0.797441,0.772973,0.776524,0.78747,0.71341,0.930736,0.926136
7003,0.77673,0.752831,0.693141,0.770624,0.682581,0.60013,0.910653,0.842105
7004,0.829618,0.818812,0.71828,0.82808,0.70375,0.679947,0.886525,0.917526
7005,0.769014,0.793781,0.554585,0.871921,0.670455,0.603571,0.85,0.898305
7006,0.777409,0.786765,0.584211,0.853107,0.631229,0.6,0.904762,0.877551
7007,0.445652,0.529412,0.509346,0.579832,0.441176,0.463483,0.583333,0.684211
7008,0.533333,0.617647,0.640884,0.689655,0.541935,0.444934,0.733333,0.916667
7009,0.691589,0.712121,0.74269,0.825,0.564626,0.5,1,0.833333
7010,0.952,0.905983,0.913043,0.95,0.875,0.939394,0.983051,0.954545
7011,0.882845,0.867066,0.889401,0.869091,0.838912,0.823529,0.925,0.842975
7012,0.848789,0.8225,0.523128,0.830904,0.82206,0.782584,0.935335,0.944444
7013,0.838951,0.803987,0.511574,0.818182,0.80034,0.738622,0.89372,0.88
7014,0.945578,0.862782,0.862876,0.897143,0.875,0.881104,0.935065,0.935484
7015,0.810853,0.776427,0.715116,0.781609,0.738473,0.71721,0.925714,0.945455
7016,0.752363,0.78762,0.622463,0.825826,0.697368,0.607755,0.892216,0.938776
7017,0.642202,0.703145,0.550232,0.724739,0.564133,0.497648,0.818841,0.882353
7018,0.655271,0.652941,0.534831,0.759494,0.571203,0.459893,0.839623,0.875
7019,0.733607,0.74739,0.630705,0.76506,0.582474,0.484234,0.781818,0.857143
7020,0.733051,0.799564,0.633333,0.7625,0.616848,0.515588,0.877551,0.875
7021,0.694656,0.716418,0.569231,0.771739,0.589552,0.386076,1,0.925926
7022,0.27027,0.208556,0.125,0.102041,0.173913,0.176471,0.96875,1
7023,0.261111,0.25876,0.181818,0.119565,0.391304,0.267327,0.933333,0.833333
7024,0.193396,0.229437,0.164835,0.027523,0.289655,0.22449,0.735632,0.547619
7025,0.545122,0.446635,0.353301,0.440476,0.508894,0.556022,0.791304,0.714953
7026,0.482558,0.446509,0.321517,0.387615,0.485183,0.580919,0.798956,0.752212
7027,0.496732,0.439331,0.332742,0.348601,0.484829,0.572038,0.83125,0.766497
7028,0.749216,0.584459,0.44,0.590643,0.591793,0.475149,0.872881,0.931034
7029,0.823232,0.70437,0.496063,0.679612,0.541063,0.45641,0.802198,0.906977
7030,0.834225,0.792453,0.64898,0.755102,0.611399,0.522727,0.876543,0.95122
7031,0.757764,0.770318,0.594872,0.75,0.526718,0.42735,0.796875,0.925926
7032,0.860068,0.865385,0.866667,0.831579,0.813296,0.824399,0.75,0.653061
7033,0.8,0.796491,0.90566,0.881517,0.777914,0.804762,0.875,0.807018
7034,0.762852,0.832078,0.712018,0.790419,0.697138,0.620414,0.355422,0.423077
7035,0.171642,0.35473,0.189189,0.170732,0.145161,0.296296,0.84127,0.892857
7036,0.338164,0.436409,0.198113,0.246154,0.287879,0.478873,0.896552,0.95122
7037,0.38937,0.408643,0.233818,0.270661,0.372712,0.510112,0.906452,0.918605
7038,0.366757,0.380385,0.186544,0.211974,0.314815,0.429012,0.924779,0.901709
7039,0.269368,0.33531,0.145455,0.218684,0.242667,0.333861,0.908257,0.88961
7040,0.309392,0.344353,0.164557,0.257426,0.203883,0.30504,0.779661,0.910714
7041,0.750636,0.713422,0.697068,0.72428,0.70297,0.783333,0.761194,0.712644
7042,0.935897,0.889835,0.899281,0.933642,0.90277,0.861255,0.884342,0.942652
7043,0.813241,0.752617,0.69353,0.841727,0.768155,0.690162,0.86217,0.89011
7044,0.833516,0.741877,0.657143,0.825301,0.725881,0.649793,0.902098,0.878981
7045,0.681188,0.60636,0.535533,0.465409,0.720238,0.794425,0.893401,0.931034
7046,0.604207,0.550802,0.481572,0.413174,0.660413,0.762852,0.855072,0.891304
7047,0.532847,0.491079,0.507143,0.407767,0.637485,0.623043,0.823529,0.878788
7048,0.555556,0.496046,0.445264,0.465232,0.594304,0.623826,0.941176,0.911215
7049,0.254841,0.313242,0.224709,0.213162,0.243855,0.326755,0.502636,0.460265
7050,0.244534,0.304014,0.221825,0.229075,0.256701,0.340126,0.577586,0.561905
7051,0.459889,0.411738,0.400356,0.406026,0.493274,0.532063,0.761745,0.73955
7052,0.340909,0.379521,0.355675,0.333333,0.432813,0.501406,0.512281,0.5
7053,0.404568,0.41421,0.41129,0.377811,0.48169,0.590548,0.550696,0.522491
7054,0.387773,0.38755,0.363903,0.344037,0.465267,0.538873,0.539583,0.507407
7055,0.418699,0.418129,0.408368,0.385996,0.493252,0.531265,0.716374,0.779412
7056,0.437229,0.417024,0.379126,0.365759,0.45798,0.515562,0.742049,0.702857
7057,0.439377,0.414741,0.378605,0.381633,0.476839,0.484498,0.776119,0.754601
7058,0.4817,0.418605,0.366699,0.392157,0.477536,0.484882,0.765182,0.705128
7059,0.333333,0.487047,0.448649,0.359375,0.426724,0.350318,0.84,0.833333
7060,0.443038,0.644809,0.5,0.470588,0.428571,0.485714,0.883333,0.875
7061,0.609053,0.668773,0.612774,0.610667,0.544681,0.643338,0.939516,0.910891
7062,0.528871,0.59949,0.565637,0.555556,0.487614,0.59322,0.865455,0.826087
7063,0.689113,0.725219,0.6432,0.677632,0.604145,0.651786,0.946176,0.92
7064,0.939024,0.878906,0.722222,0.901961,1,0.69697,0.903846,0.9
7065,0.922925,0.883929,0.860789,0.920755,0.903469,0.828369,0.922449,0.965217
7066,0.863394,0.886852,0.841657,0.888889,0.855448,0.782698,0.948718,0.957547
7067,0.897338,0.885354,0.800191,0.886654,0.852798,0.781829,0.958904,0.947826
7068,0.91768,0.90156,0.877456,0.917832,0.870948,0.801059,0.957774,0.958506
7069,0.907303,0.886692,0.851439,0.924138,0.855556,0.768278,0.917647,0.946502
7070,0.85,0.833694,0.758459,0.780656,0.758249,0.687346,0.878486,0.852459
7071,0.824561,0.765322,0.702128,0.838926,0.751816,0.71954,0.868644,0.872951
7072,0.86132,0.839798,0.822437,0.872375,0.814858,0.766757,0.886497,0.92
7073,0.810345,0.737265,0.695312,0.828767,0.66087,0.419753,0.88172,0.857143
7074,0.755556,0.762238,0.677778,0.8,0.636364,0.427083,0.839506,0.85
7075,0.288,0.263736,0.175824,0.114286,0.292135,0.421569,0.192308,0.30303
7076,0.33526,0.20597,0.111111,0.05618,0.300654,0.294444,0.264706,0.27907
7077,0.409091,0.227468,0.129032,0.067164,0.242321,0.264706,0.380165,0.421053
7078,0.26178,0.12301,0.089337,0.0625,0.146953,0.186644,0.192547,0.205479
7079,0.27381,0.192,0.10084,0.088785,0.182867,0.258621,0.202128,0.247191
7080,0.511111,0.576117,0.579048,0.322684,0.528263,0.661554,0.348921,0.445255
7081,0.337778,0.157576,0.097122,0.078078,0.167438,0.190789,0.240385,0.223684
7082,0.734848,0.654676,0.626667,0.857143,0.291667,0.428571,0.926829,0.923077
7083,0.769231,0.705882,0.54386,0.888889,0.321429,0.4,0.859155,0.958333
7084,0.838998,0.864759,0.917763,0.899351,0.879804,0.849014,0.635897,0.614458
7085,0.933775,0.93179,0.919176,0.946269,0.919844,0.903297,0.653659,0.688889
7086,0.827411,0.880973,0.816441,0.937079,0.81273,0.813404,0.614458,0.621849
7087,0.895758,0.888889,0.845528,0.939525,0.84623,0.815482,0.653543,0.672269
7088,0.755716,0.832253,0.797189,0.850325,0.752572,0.757143,0.564706,0.647059
7089,0.764249,0.797772,0.837344,0.829885,0.700219,0.672736,0.573705,0.619835
7090,0.691149,0.743142,0.656888,0.824138,0.632479,0.565769,0.48503,0.561644
7091,0.726131,0.719551,0.644558,0.837719,0.583541,0.472009,0.421053,0.48
7092,0.602564,0.563636,0.511111,0.6875,0.52381,0.326316,0.565217,0.6875
7093,0.844,0.844643,0.860082,0.863309,0.844898,0.837963,0.954198,0.912281
7094,0.88959,0.889571,0.916107,0.926136,0.884932,0.851974,0.934524,0.929577
7095,0.810169,0.760791,0.588832,0.805882,0.640411,0.501818,0.898551,0.847826
7096,0.75431,0.743468,0.666667,0.816901,0.589888,0.483871,0.916667,0.96875
7097,0.746269,0.814815,0.686391,0.860215,0.772277,0.716535,0.829268,0.957447
7098,0.777168,0.803745,0.751964,0.851016,0.786681,0.736626,0.706573,0.735577
7099,0.741071,0.711111,0.686,0.743697,0.632822,0.570397,0.746269,0.771429
7100,0.824324,0.662921,0.662252,0.702703,0.242105,0.518072,0.854839,0.827586
7101,0.757052,0.694444,0.650209,0.716535,0.652809,0.547592,0.387755,0.41791
7102,0.827939,0.78774,0.666667,0.837563,0.742313,0.570707,0.708696,0.705882
7103,0.761628,0.735791,0.552036,0.795556,0.585799,0.516364,0.696078,0.846154
7104,0.586207,0.645,0.625,0.622951,0.526316,0.130435,0.5,0.357143
7105,0.765306,0.716502,0.681347,0.75641,0.662566,0.575949,0.514493,0.673469
7106,0.705722,0.759287,0.592105,0.611111,0.69102,0.678211,0.16129,0.242424
7107,0.59841,0.702638,0.62013,0.639073,0.665625,0.703704,0.122137,0.296296
7108,0.497207,0.56833,0.440909,0.406528,0.510577,0.58941,0.05625,0.101449
7109,0.591304,0.742857,0.640789,0.640898,0.607905,0.610644,0.085,0.112245
7110,0.672131,0.662281,0.629787,0.712185,0.583281,0.576424,0.161572,0.175
7111,0.598131,0.628258,0.607296,0.525,0.633388,0.495455,0.508929,0.422222
7112,0.047945,0.066667,0.02439,0.027027,0.008,0.005291,0,0.025641
7113,0.076733,0.055814,0.062016,0.034335,0.027237,0.020755,0.008929,0
7114,0.07243,0.063123,0.033088,0.035857,0.034608,0.022928,0.012931,0.01087
7115,0.171955,0.187464,0.091195,0.124528,0.051929,0.032555,0.006565,0.004115
7116,0.011532,0.013986,0.009019,0.018923,0.008451,0.006589,0.001938,0.006849
7117,0.021739,0.033884,0.031191,0.02171,0.015843,0.016561,0.006678,0.006192
7118,0.014469,0.033868,0.020856,0.017493,0.015116,0.010145,0.003067,0.003268
7119,0.010248,0.021515,0.024705,0.022047,0.008788,0.003752,0.007394,0.003937
7120,0,0.006427,0,0,0.00346,0.000847,0.009615,0
7121,0,0.011848,0,0,0,0.002049,0,0
7122,0.060606,0.042667,0.094017,0.068182,0.038168,0.007407,0,0.047619
7123,0.478261,0.522356,0.424632,0.397695,0.552184,0.619904,0.636364,0.582418
7124,0.597953,0.578995,0.499234,0.507317,0.58651,0.66698,0.348548,0.274074
7125,0.490099,0.447191,0.571257,0.487234,0.469115,0.547674,0.146409,0.13198
7126,0.603175,0.7,0.607843,0.797619,0.630435,0.342857,0.806452,0.913043
7127,0.923077,0.933333,0.947368,0.912281,0.983333,0.92,0.924242,0.851852
7128,0.60306,0.607719,0.492424,0.613893,0.637643,0.671162,0.846154,0.784722
7129,0.744915,0.604075,0.504052,0.631661,0.658286,0.610105,0.891525,0.855219
7130,0.61868,0.525655,0.454902,0.513302,0.623357,0.614623,0.820225,0.792969
7131,0.706997,0.54045,0.450128,0.628641,0.641419,0.572041,0.833333,0.822222
7132,0.674312,0.508299,0.368715,0.573427,0.53,0.426396,0.837838,0.823529
7133,0.843987,0.824635,0.764626,0.897436,0.793939,0.656113,0.83959,0.785714
7134,0.5,0.556897,0.42069,0.614679,0.435976,0.459916,0.415842,0.357143
7135,0.644737,0.66,0.518987,0.647887,0.191489,0.467742,0.222222,0.142857
7136,0.845238,0.75534,0.837168,0.885,0.861345,0.739972,0.1125,0.191781
7137,0.926569,0.876396,0.777117,0.90989,0.880482,0.751295,0.204545,0.244186
7138,0.752791,0.773345,0.715105,0.786885,0.686567,0.679731,0.124402,0.229358
7139,0.745734,0.742964,0.728346,0.732194,0.665037,0.644471,0.09901,0.224299
7140,0.871355,0.855114,0.827935,0.871345,0.809582,0.730255,0.155779,0.219298
7141,0.806584,0.771789,0.738235,0.799213,0.737069,0.583162,0.181818,0.313253
7142,0.848671,0.826087,0.771014,0.874539,0.756962,0.722222,0.119658,0.111111
7143,0.887246,0.864693,0.839335,0.934028,0.838636,0.786813,0.135593,0.159574
7144,0.926332,0.888476,0.892202,0.926686,0.863946,0.844197,0.123675,0.098214
7145,0.863931,0.860759,0.844633,0.908163,0.83415,0.783862,0.1025,0.107527
7146,0.864263,0.871684,0.825,0.914,0.836964,0.770569,0.107226,0.126984
7147,0.870485,0.847905,0.811301,0.923339,0.827925,0.782699,0.14751,0.166667
7148,0.815425,0.825735,0.807574,0.88,0.782039,0.74222,0.141431,0.153285
7149,0.649708,0.746493,0.732394,0.787682,0.666506,0.654918,0.096248,0.114865
7150,0.404806,0.554091,0.600459,0.590909,0.433236,0.440051,0.100877,0.04329
7151,0.5525,0.70128,0.613821,0.7897,0.57622,0.456,0.174603,0.21875
7152,0.951952,0.895742,0.938567,0.941176,0.926366,0.874674,0.964539,0.926829
7153,0.929019,0.895991,0.958637,0.924915,0.909361,0.860577,0.901961,0.892473
7154,0.804217,0.782889,0.682353,0.829268,0.714286,0.595658,0.804408,0.865854
7155,0.794872,0.805068,0.693548,0.84,0.757062,0.462069,0.875,0.852941
7156,0.821918,0.781818,0.569231,0.781818,0.763441,0.392405,0.817308,0.736842
7157,0.781818,0.761745,0.581395,0.755814,0.62963,0.526316,0.868421,0.935484
7158,0.756098,0.6875,0.62069,0.742857,0.4375,0.448276,0.824561,0.727273
7159,0.824176,0.842342,0.90566,0.872727,0.722222,0.84,0.829787,1
7160,0.79902,0.802799,0.860158,0.877551,0.842412,0.824411,0.884354,0.890625
7161,0.437158,0.507812,0.50677,0.510448,0.454208,0.53271,0.893805,0.852941
7162,0.412736,0.524365,0.648469,0.581197,0.524818,0.563582,0.891008,0.896552
7163,0.723099,0.667957,0.703654,0.808612,0.596741,0.554482,0.936242,0.950355
7164,0.739496,0.673524,0.711507,0.796657,0.322377,0.512387,0.956863,0.936364
7165,0.796371,0.694415,0.728119,0.850498,0.675367,0.514205,0.901786,0.923077
7166,0.77,0.65053,0.628319,0.870968,0.652422,0.225,0.884058,0.901639
7167,0.963333,0.938182,0.968468,0.964286,0.974874,0.931271,0.956989,0.911765
7168,0.958466,0.930314,0.978903,0.9625,0.988345,0.950156,0.947917,0.888889
7169,0.966071,0.925405,0.948998,0.97389,0.915493,0.892857,0.878788,0.861111
7170,0.962804,0.934842,0.965465,0.951389,0.938694,0.905263,0.922509,0.913978
7171,0.971272,0.927164,0.905609,0.956236,0.905813,0.866551,0.96633,0.946429
7172,0.949381,0.891425,0.84153,0.930841,0.884615,0.826752,0.605882,0.522059
7173,0.883951,0.796816,0.727632,0.872727,0.775718,0.672131,0.805085,0.80597
7174,0.796825,0.741348,0.60793,0.818681,0.721698,0.536585,0.782609,0.826087
7175,0.824859,0.699115,0.453704,0.807339,0.652174,0.463087,0.78125,0.833333
7176,0.528455,0.531773,0.243902,0.308642,0.395161,0.653465,0.069767,0.129032
7177,0.390625,0.485246,0.228346,0.204819,0.315385,0.638095,0.045455,0.15625
7178,0.312195,0.343545,0.142857,0.098214,0.212919,0.284974,0,0.06383
7179,0.920904,0.926554,0.897196,0.916667,0.957746,0.893939,0.869565,0.944444
7180,0.681122,0.617176,0.648536,0.710526,0.614458,0.573487,0.655738,0.647059
7181,0.75976,0.698606,0.725962,0.772727,0.647059,0.520913,0.768212,0.775862
7182,0.169014,0.316667,0.113208,0.095238,0.214286,0.571429,0.682927,0.818182
7183,0.867089,0.815501,0.70155,0.828496,0.877971,0.826167,0.891447,0.910959
7184,0.789417,0.754373,0.653435,0.790805,0.83225,0.772021,0.943548,0.957447
7185,0.803213,0.726639,0.617232,0.774336,0.825309,0.759424,0.952854,0.946341
7186,0.893008,0.847876,0.843721,0.892578,0.816658,0.766001,0.912281,0.932367
7187,0.872913,0.844514,0.825706,0.901709,0.801314,0.745668,0.897436,0.905028
7188,0.653465,0.672131,0.662162,0.678571,0.571429,0.540541,0.952381,0.857143
7189,0.872549,0.828464,0.833333,0.849534,0.809551,0.785714,0.893318,0.905172
7190,0.894426,0.860975,0.851198,0.921311,0.851617,0.760228,0.949153,0.932796
7191,0.063725,0.059432,0.029703,0.066038,0.118812,0.01087,0,0
7192,0.054667,0.048841,0.109615,0.043902,0.040764,0.044737,0.00639,0
7193,0.085324,0.106588,0.221837,0.070444,0.071259,0.066977,0.007143,0
7194,0.079536,0.085982,0.105807,0.068047,0.07786,0.057113,0.001658,0.00277
7195,0.123239,0.098361,0.051648,0.068687,0.061089,0.043836,0.002778,0.004484
7196,0.021622,0.011852,0.010638,0.009434,0.005263,0.010893,0,0
7197,0.04878,0.021322,0.007092,0.026144,0.023121,0.011583,0,0
7198,0.043103,0.013937,0.018182,0.012346,0,0.012658,0,0
7199,0.932432,0.871795,0.911765,0.323077,1,0.3125,0.926471,1
7200,0.739336,0.840355,0.818182,0.776923,0.803922,0.794118,0.910448,0.854167
7201,0.950073,0.9296,0.895062,0.959786,0.924499,0.889535,0.953353,0.929032
7202,0.588889,0.575269,0.65625,0.581818,0.214286,0.346154,0.864407,0.892857
7203,0.860987,0.770115,0.892617,0.882353,0.868914,0.805369,0.925373,0.666667
7204,0.925659,0.827907,0.893836,0.888298,0.885877,0.831418,0.977528,0.915254
7205,0.929577,0.818452,0.909091,0.923469,0.912752,0.825784,0.971429,0.882353
7206,0.848638,0.77755,0.882008,0.857988,0.840909,0.696255,0.88746,0.904523
7207,0.797005,0.762061,0.807947,0.893333,0.707706,0.633014,0.890476,0.834483
7208,0.788707,0.72382,0.742698,0.886686,0.669516,0.59656,0.918919,0.944882
7209,0.723164,0.710947,0.691958,0.833333,0.629587,0.491758,0.948571,0.857143
7210,0.686207,0.72179,0.661491,0.852792,0.574742,0.450106,0.884211,0.966102
7211,0.913124,0.903397,0.930586,0.917526,0.932229,0.914894,0.926606,0.803922
7212,0.713043,0.706,0.698113,0.785479,0.730878,0.772069,0.854701,0.740741
7213,0.485098,0.518065,0.495798,0.529412,0.49686,0.514529,0.783251,0.82243
7214,0.630244,0.669287,0.587039,0.691057,0.572464,0.592793,0.684426,0.677686
7215,0.545139,0.565217,0.489362,0.746988,0.509025,0.370149,0.746835,0.821429
7216,0.58209,0.62268,0.530488,0.735849,0.585903,0.420074,0.777778,0.923077
7217,0.511236,0.59944,0.518519,0.714286,0.552846,0.356061,0.655738,0.863636
7218,0.933481,0.904535,0.888298,0.927007,0.916844,0.864469,0.162162,0.072464
7219,0.865571,0.872367,0.851024,0.871595,0.781807,0.74606,0.141809,0.165899
7220,0.825301,0.856878,0.800759,0.83953,0.76493,0.707995,0.151242,0.178261
7221,0.806452,0.821006,0.728994,0.847938,0.752514,0.733051,0.156667,0.208054
7222,0.836862,0.832831,0.79878,0.875339,0.773196,0.779897,0.151079,0.230216
7223,0.836627,0.823483,0.783439,0.884393,0.769941,0.756211,0.145669,0.195312
7224,0.822604,0.813617,0.753804,0.847826,0.733149,0.70598,0.135965,0.190909
7225,0.800676,0.75,0.706577,0.819788,0.691402,0.650826,0.130435,0.216867
7226,0.814249,0.771676,0.761307,0.875,0.713693,0.662626,0.095745,0.117647
7227,0.798928,0.768274,0.773224,0.830303,0.694253,0.638636,0.113636,0.133333
7228,0.513514,0.589888,0.465517,0.628571,0.380952,0.333333,0.033333,0.1
7229,0.740741,0.87,0.924528,0.865385,0.777778,0.903226,0.829787,0.833333
7230,0.817204,0.908676,0.936508,0.887097,0.73913,0.846154,0.836364,0.761905
7231,0.818667,0.866477,0.857627,0.851852,0.765734,0.811429,0.473684,0.523077
7232,0.791602,0.864175,0.892216,0.901015,0.780083,0.831218,0.649606,0.691589
7233,0.716138,0.800858,0.872897,0.871734,0.70091,0.803828,0.498328,0.511628
7234,0.510539,0.564593,0.520788,0.630037,0.425816,0.408492,0.225,0.202381
7235,0.561983,0.678144,0.644944,0.712264,0.609053,0.649893,0.515152,0.385714
7236,0.629268,0.728923,0.694698,0.807531,0.656934,0.642736,0.519481,0.4
7237,0.435714,0.61352,0.571429,0.639344,0.531936,0.579077,0.387097,0.268293
7238,0.480412,0.711035,0.693651,0.753676,0.636284,0.635527,0.511111,0.336634
7239,0.452675,0.659142,0.61478,0.700361,0.561145,0.602233,0.433333,0.386792
7240,0.394584,0.559304,0.5347,0.582192,0.510033,0.535395,0.3125,0.260504
7241,0.512027,0.644,0.459736,0.621212,0.500371,0.534055,0.289916,0.238806
7242,0.447563,0.541863,0.45481,0.509695,0.423821,0.470547,0.263158,0.23
7243,0.54811,0.570971,0.486034,0.5,0.39521,0.448308,0.301471,0.308642
7244,0.394175,0.390525,0.262755,0.322344,0.288608,0.382716,0.2,0.142857
7245,0.268493,0.267442,0.152482,0.163366,0.182844,0.31746,0.130435,0.055556
7246,0.169643,0.25,0.142857,0.181818,0.123288,0.22807,0.352941,0.461538
7247,0.911392,0.913265,0.9,0.92233,0.92,0.754386,0.956522,0.919355
7248,0.71803,0.711556,0.720465,0.762048,0.677144,0.666139,0.902192,0.917808
7249,0.816736,0.807419,0.725532,0.879032,0.742956,0.680997,0.833861,0.882736
7250,0.306616,0.333333,0.191083,0.22381,0.255615,0.330357,0.708861,0.682927
7251,0.900826,0.937313,0.964286,0.955056,0.914286,0.927273,1,0.9
7252,0.959044,0.938416,0.917391,0.921788,0.954787,0.891667,0.941176,0.933333
7253,0.959302,0.961652,0.978723,0.981481,0.973154,0.97076,1,0.981818
7254,0.964824,0.954907,0.979452,0.99187,0.975728,0.965665,0.984375,0.966102
7255,0.967647,0.96072,0.946939,0.960396,0.963942,0.940133,0.972222,0.943182
7256,0.956186,0.955903,0.96337,0.959641,0.962733,0.935424,0.991379,0.979798
7257,0.87882,0.888667,0.852437,0.910448,0.846614,0.792303,0.942529,0.962025
7258,0.857585,0.88588,0.845018,0.944325,0.843396,0.787086,0.932961,0.962963
7259,0.882595,0.901897,0.876084,0.944915,0.870779,0.809102,0.931818,0.924051
7260,0.877573,0.871094,0.888136,0.92887,0.812207,0.770894,0.921933,0.945946
7261,0.806452,0.847575,0.737452,0.886525,0.730964,0.619658,0.788462,0.964286
7262,0.739726,0.800633,0.66879,0.815534,0.570093,0.388889,1,0.952381
7263,0,0.011696,0,0.012048,0,0.018182,0,0
7264,0.002433,0.012618,0.004454,0.004098,0.003774,0.002625,0,0.017544
7265,0.006742,0.015942,0.004158,0,0.005568,0.010381,0.008333,0.015152
7266,0.006508,0.01662,0.006036,0,0.005269,0.00432,0.007752,0.013699
7267,0.003953,0.009039,0.004946,0.008989,0.003514,0.00582,0,0
7268,0.002611,0.008299,0.002933,0.011136,0.004919,0.004365,0.004065,0
7269,0.007663,0.003937,0.000957,0.002364,0.004354,0.004511,0.004219,0
7270,0.001282,0.004732,0.002874,0.002364,0.004375,0.001809,0.008696,0
7271,0.001272,0.003934,0.00289,0,0.001953,0.005445,0,0
7272,0.001297,0.004835,0,0,0.000524,0.002883,0.005435,0
7273,0.002915,0.00365,0.003417,0.005348,0.00434,0.010303,0,0
7274,0.003205,0.00391,0.002535,0,0.002786,0.002582,0.014493,0
7275,0,0.009091,0.00431,0,0.002688,0.016204,0.021739,0
7276,0,0.004348,0,0,0,0,0,0
7277,0,0,0,0,0,0,0,0
7278,0,0,0,0,0,0.010526,0,0
7279,0.448598,0,0.343284,0.617647,0.340426,0.779661,0.454545,0.869565
7280,0.567613,0.555556,0.477239,0.454268,0.639456,0.620865,0.951807,0.896226
7281,0.580231,0.572027,0.498818,0.532374,0.616376,0.592569,0.951327,0.904762
7282,0.688218,0.56928,0.577661,0.517751,0.635306,0.612606,0.873494,0.875
7283,0.753333,0.735892,0.727273,0.81761,0.633423,0.54334,0.787879,0.925
7284,0.788382,0.740838,0.722467,0.80916,0.6609,0.586022,0.77193,0.848485
7285,0.81746,0.760563,0.730769,0.860465,0.636986,0.551948,0.805556,0.866667
7286,0.733945,0.724719,0.669565,0.830986,0.673077,0.508333,0.821429,0.846154
7287,0.826531,0.829611,0.83237,0.791878,0.723214,0.814419,0.788793,0.746032
7288,0.814286,0.848485,0.837877,0.839431,0.791165,0.830596,0.849462,0.742138
7289,0.750647,0.811352,0.775641,0.777583,0.720501,0.769083,0.756024,0.704082
7290,0.659772,0.664804,0.691275,0.703919,0.602509,0.644695,0.632207,0.562701
7291,0.730577,0.709828,0.756777,0.771755,0.670114,0.691329,0.696252,0.565916
7292,0.80123,0.740541,0.701646,0.82866,0.680098,0.580645,0.798658,0.784091
7293,0.665169,0.641686,0.626609,0.691275,0.563492,0.466248,0.717557,0.618421
7294,0.912568,0.863469,0.424779,0.906542,0.81791,0.804545,0.826087,0.965517
7295,0.676344,0.724409,0.648526,0.745342,0.628796,0.647734,0.817073,0.761062
7296,0.759563,0.780549,0.709402,0.809859,0.594937,0.411215,0.859155,0.875
7297,0.924051,0.940379,0.915254,0.960396,0.936508,0.911504,0.912281,0.9375
7298,0.950237,0.943775,0.931751,0.924303,0.914221,0.901606,0.937008,0.915493
7299,0.875,0.883929,0.880682,0.851711,0.822314,0.824497,0.903704,0.914634
7300,0.89635,0.865658,0.855204,0.884131,0.848721,0.849673,0.873913,0.838462
7301,0.943005,0.944175,0.914894,0.936916,0.904255,0.883817,0.906883,0.859155
7302,0.852349,0.866871,0.748634,0.897112,0.780687,0.721569,0.863095,0.847368
7303,0.850586,0.8691,0.788374,0.885305,0.809322,0.740509,0.842697,0.828571
7304,0.833659,0.83,0.755985,0.837251,0.747512,0.68184,0.839237,0.838095
7305,0.773678,0.780801,0.644912,0.810924,0.714559,0.668568,0.859223,0.869919
7306,0.709035,0.695933,0.570796,0.692893,0.601611,0.50753,0.853503,0.797619
7307,0.557325,0.579661,0.506596,0.62844,0.48301,0.389925,0.804348,0.733333
7308,0.778302,0.759725,0.658824,0.845638,0.495726,0.47181,0.9,0.9375
7309,0.766839,0.776675,0.675439,0.838028,0.502793,0.492537,0.862069,0.933333
7310,0.111111,0.15493,0.096386,0.059524,0.054545,0.037594,0.0375,0.071429
7311,0.915026,0.889249,0.895238,0.945518,0.879213,0.832424,0.962085,0.962963
7312,0.807933,0.816306,0.663717,0.874194,0.681763,0.743935,0.862434,0.872093
7313,0.962963,0.965909,0.942478,0.922078,0.917127,0.944915,0.981707,0.985507
7314,0.948798,0.944605,0.927536,0.971264,0.919878,0.91922,0.981788,0.972789
7315,0.890775,0.870819,0.879093,0.924791,0.849282,0.830189,0.94925,0.974886
7316,0.849877,0.820009,0.874002,0.905054,0.792255,0.768786,0.905738,0.948127
7317,0.785494,0.767828,0.732746,0.878866,0.70108,0.666348,0.871069,0.92
7318,0.841713,0.793169,0.723473,0.885965,0.698551,0.622896,0.901961,0.899225
7319,0.669903,0.684564,0.60597,0.69898,0.557143,0.524422,0.880795,0.918919
7320,0.747748,0.870722,0.929204,0.857143,0.802817,0.9,0.961538,0.95
7321,0.658537,0.741047,0.854839,0.81,0.711538,0.790323,0.953488,0.863636
7322,0.77381,0.914209,0.955224,0.941176,0.807018,0.886525,0.955556,0.958333
7323,0.723529,0.863517,0.896226,0.942857,0.759563,0.865772,1,0.923077
7324,0.650735,0.808383,0.814035,0.773973,0.713147,0.758197,0.986842,0.878049
7325,0.865922,0.904488,0.876827,0.876068,0.846154,0.852615,0.984962,0.95082
7326,0.930868,0.93,0.921739,0.945848,0.919192,0.872636,0.97619,0.930233
7327,0.883178,0.891283,0.867227,0.920415,0.859005,0.798544,0.965318,0.893617
7328,0.899083,0.900579,0.878992,0.911565,0.89449,0.820482,0.961957,0.932692
7329,0.851126,0.837821,0.849582,0.901408,0.836268,0.773484,0.872576,0.898734
7330,0.662145,0.64186,0.551955,0.666667,0.608407,0.562452,0.848249,0.88
7331,0.668359,0.693277,0.616027,0.728188,0.666245,0.566176,0.802548,0.836538
7332,0.65736,0.727794,0.614679,0.712963,0.643154,0.557282,0.867925,0.802817
7333,0.468208,0.57725,0.491003,0.587912,0.52356,0.400911,0.825,0.745098
7334,0.719101,0.880399,0.802632,0.818182,0.961538,0.810345,0.830508,0.88
7335,0.701923,0.934524,0.897727,0.925234,0.944444,0.8625,0.907692,0.923077
7336,0.622378,0.834171,0.779661,0.835938,0.75,0.75,0.884058,0.909091
7337,0.49505,0.72119,0.676617,0.824242,0.668919,0.712121,0.853333,0.7
7338,0.51358,0.675406,0.675287,0.692308,0.605898,0.668246,0.83908,0.835821
7339,0.724018,0.801724,0.68705,0.869565,0.7268,0.763347,0.857143,0.909639
7340,0.657658,0.660079,0.50303,0.609756,0.430464,0.375723,0.754386,0.909091
7341,0.659794,0.704142,0.736842,0.772727,0.723077,0.887097,0.74,0.875
7342,0.907407,0.878981,0.88961,0.88764,0.885246,0.935644,0.866667,0.906977
7343,0.509934,0.51746,0.425926,0.453704,0.517857,0.357143,0.788732,0.896552
7344,0.645161,0.575472,0.725806,0.813559,0.717949,0.263158,0,0
7345,0.672131,0.59058,0.810811,0.794872,0.783333,0.333333,0,0
7346,0.709677,0.618803,0.797468,0.813253,0.648571,0.352941,0,0
7347,0.498462,0.498447,0.472868,0.608466,0.51671,0.220657,0,0.018519
7348,0.45614,0.430082,0.472973,0.5666,0.360752,0.297345,0,0.005917
7349,0.596211,0.542383,0.676211,0.712621,0.533792,0.400115,0.010345,0.01087
7350,0.581991,0.516834,0.466149,0.662313,0.467404,0.300674,0.012821,0.004405
7351,0.436518,0.379768,0.252358,0.535469,0.384992,0.233253,0.003788,0
7352,0.615942,0.38247,0.506173,0.666667,0.464789,0.19403,0.023256,0
7353,0.647887,0.5,0.794872,0.84,0.357143,0.3125,0.115385,0
7354,0.15748,0.219931,0.125,0.547619,0.228571,0.255814,0.028571,0
7355,0.113095,0.144033,0.043269,0.340909,0.23176,0.193676,0,0
7356,0.021064,0.035646,0.009732,0.12449,0.02571,0.041702,0,0
7357,0.00994,0.019264,0.005519,0.071823,0.02711,0.031685,0,0
7358,0.007641,0.023479,0.008163,0.057554,0.013951,0.035121,0,0
7359,0.03538,0.042397,0.013873,0.190661,0.046567,0.066244,0.021352,0.005556
7360,0.00813,0.037171,0,0.049275,0.010551,0.01443,0.012739,0
7361,0.012605,0.010147,0.002907,0.020761,0.00495,0.012097,0,0
7362,0.002849,0.013235,0.017467,0.045872,0.015113,0.028037,0,0
7363,0.015528,0.033762,0.004695,0.087805,0.073171,0.02509,0,0
7364,0.004237,0.021459,0.006579,0.098039,0.015873,0.0375,0,0
7365,0.015625,0.025974,0,0.04878,0.007246,0.020202,0,0
7366,0.015873,0.035461,0,0.025,0.090909,0,0,0
7367,0.01,0,0.023256,0,0.04,0,0,0
7368,0,0.043478,0.03125,0.013333,0,0.069767,0,0
7369,0.016529,0.033457,0.021053,0.0125,0.045455,0.102041,0,0
7370,0.011429,0.031662,0.018293,0.025641,0.019231,0.009804,0,0
7371,0.034314,0.04918,0.111111,0.107692,0.053333,0.06015,0,0
7372,0.010601,0.023593,0.05814,0.029762,0.022814,0.019011,0,0
7373,0.010204,0.054422,0.034483,0.037037,0.021226,0.026966,0.020202,0
7374,0.011416,0.025031,0.052083,0.012605,0.01006,0.007692,0,0
7375,0.011338,0.019632,0.028205,0.020492,0.007921,0.009524,0.009346,0.018519
7376,0.020661,0.029379,0.033175,0.02974,0.003578,0.018456,0,0
7377,0.024425,0.028037,0.02314,0.014006,0.026911,0.024876,0.005618,0.010204
7378,0.021066,0.034665,0.062215,0.033654,0.031634,0.03163,0.008696,0.00813
7379,0.005515,0.021102,0.008547,0.015038,0.009936,0.006783,0.005277,0.005181
7380,0.009183,0.029189,0.023445,0.016575,0.010101,0.014886,0.00464,0.008811
7381,0.062675,0.124171,0.337429,0.186004,0.081784,0.095287,0.006865,0.012821
7382,0.021926,0.030359,0.069897,0.052239,0.023962,0.03628,0.002278,0
7383,0.020875,0.036585,0.057169,0.054326,0.022905,0.029765,0.005128,0.014151
7384,0.023881,0.031352,0.072356,0.032258,0.013873,0.014154,0.002667,0.009804
7385,0.010616,0.023288,0.017365,0.014737,0.018448,0.017272,0.003165,0
7386,0.003759,0.020145,0.018519,0.015152,0.010008,0.007806,0.003484,0
7387,0.006431,0.02629,0.047535,0.037152,0.024561,0.016393,0,0.026786
7388,0.035928,0.022847,0.041509,0.005155,0.025,0.01497,0,0
7389,0.009868,0.016886,0.032653,0,0.00678,0.00641,0,0
7390,0.007067,0.016227,0.004329,0,0.018939,0,0,0
7391,0.008621,0.026667,0.068702,0.021978,0.017094,0,0,0
7392,0.009524,0.018116,0.110169,0.051282,0.027273,0,0,0.04
7393,0.013158,0.004405,0.125,0,0.014493,0,0,0
7394,0.901024,0.890741,0.914474,0.889655,0.889222,0.908537,0.966667,0.973684
7395,0.932258,0.921429,0.935484,0.953642,0.879552,0.924855,0.968553,0.975309
7396,0.889121,0.882784,0.865297,0.929825,0.853022,0.887608,0.911628,0.925926
7397,0.852665,0.787579,0.601297,0.803987,0.7534,0.789876,0.9,0.872832
7398,0.768862,0.665468,0.443299,0.730479,0.675368,0.721429,0.856369,0.858407
7399,0.684633,0.63959,0.330818,0.62645,0.608724,0.656586,0.836461,0.819383
7400,0.759662,0.701472,0.502681,0.741093,0.687845,0.66166,0.930556,0.921296
7401,0.485009,0.46519,0.264642,0.415842,0.418355,0.514851,0.697581,0.708333
7402,0.467312,0.417582,0.247024,0.333333,0.453287,0.50253,0.662983,0.708333
7403,0.519231,0.482456,0.242754,0.417582,0.494536,0.518892,0.81295,0.782609
7404,0.483696,0.528646,0.228916,0.389313,0.484375,0.470833,0.68,0.795918
7405,0.415254,0.420495,0.197917,0.382022,0.402062,0.304965,0.594203,0.647059
7406,0.860825,0.879397,0.931973,0.920354,0.878788,0.930435,0.226804,0.220339
7407,0.91844,0.925512,0.958333,0.899329,0.429907,0.90708,0.17094,0.181818
7408,0.67673,0.738872,0.76211,0.825243,0.661738,0.737336,0.131579,0.121053
7409,0.377753,0.548747,0.719971,0.674672,0.438876,0.596825,0.087059,0.095023
7410,0.350588,0.584727,0.743092,0.667421,0.434589,0.579812,0.089059,0.108374
7411,0.378151,0.423567,0.23918,0.325,0.359937,0.42547,0.073529,0.094595
7412,0.578778,0.68984,0.505025,0.751412,0.534545,0.532062,0.132075,0.137931
7413,0.584459,0.683426,0.442971,0.710059,0.503891,0.500928,0.144231,0.117647
7414,0.718045,0.699588,0.510703,0.75974,0.546083,0.543981,0.155556,0.111111
7415,0.715909,0.651685,0.537037,0.741379,0.551724,0.306122,0.181818,0.0625
7416,0.84058,0.856522,0.906977,0.888889,0.75,0.822222,0.428571,0.518519
7417,0.965409,0.914729,0.961089,0.909548,0.470588,0.909884,0.904412,0.850746
7418,0.857438,0.863574,0.860051,0.893238,0.827011,0.850746,0.803681,0.87234
7419,0.817439,0.794198,0.811639,0.805128,0.777119,0.773535,0.840909,0.900662
7420,0.86221,0.854724,0.833837,0.829208,0.806425,0.776522,0.935252,0.94375
7421,0.722222,0.706909,0.65237,0.739837,0.657126,0.643552,0.90411,0.880597
7422,0.800207,0.775018,0.730141,0.787575,0.718125,0.702263,0.912698,0.947115
7423,0.843284,0.795164,0.779867,0.869295,0.7486,0.705275,0.955729,0.961722
7424,0.798151,0.74637,0.742069,0.854795,0.667195,0.639676,0.881579,0.854545
7425,0.8117,0.764706,0.793651,0.880795,0.679171,0.685404,0.897436,0.889764
7426,0.8,0.753036,0.69352,0.817518,0.635152,0.637749,0.825871,0.88
7427,0.807143,0.742733,0.713376,0.841699,0.645681,0.634247,0.905556,0.880435
7428,0.764526,0.734345,0.688623,0.865285,0.602198,0.524008,0.902985,0.916667
7429,0.708543,0.643432,0.66,0.75,0.532751,0.471831,0.894737,0.909091
7430,0.87766,0.842233,0.846847,0.82,0.805031,0.866242,0.878505,0.975
7431,0.888335,0.846591,0.871375,0.906314,0.793285,0.748905,0.911469,0.921569
7432,0.809231,0.8,0.779026,0.838912,0.762829,0.697248,0.893162,0.900415
7433,0.771151,0.8283,0.824561,0.878947,0.762511,0.709054,0.859477,0.910828
7434,0.799705,0.81802,0.81626,0.883469,0.754986,0.688889,0.878893,0.945578
7435,0.626984,0.690377,0.574257,0.672727,0.568047,0.374429,0.821053,0.8
7436,0.627907,0.688095,0.598958,0.655629,0.575342,0.405556,0.818182,0.680851
7437,0.893145,0.904333,0.860465,0.916058,0.911696,0.876214,0.97284,0.965347
7438,0.895652,0.879133,0.841709,0.87522,0.8515,0.819481,0.929204,0.934211
7439,0.853,0.854749,0.807986,0.823529,0.82132,0.77694,0.932609,0.923077
7440,0.829964,0.770316,0.752371,0.785088,0.712454,0.67341,0.825545,0.8375
7441,0.834254,0.736686,0.654971,0.898148,0.633136,0.538835,0.891892,0.941176
7442,0.818182,0.681661,0.645161,0.864583,0.645833,0.594118,0.952381,0.90625
7443,0.814103,0.73913,0.655629,0.808989,0.656934,0.572289,0.95082,0.964286
7444,0.612676,0.592233,0.409639,0.405063,0.197368,0.523077,1,1
7445,0.86478,0.850822,0.808882,0.83953,0.759849,0.765005,0.982022,0.973451
7446,0.853465,0.844417,0.805027,0.839216,0.744606,0.762259,0.957265,0.95279
7447,0.848101,0.816901,0.729814,0.807453,0.653619,0.653519,0.931264,0.927602
7448,0.858101,0.823768,0.734811,0.814004,0.676072,0.672332,0.935927,0.937799
7449,0.80119,0.784199,0.672429,0.76,0.626422,0.617277,0.91791,0.868852
7450,0.838791,0.784522,0.687081,0.784841,0.622074,0.598229,0.907692,0.928144
7451,0.801512,0.728649,0.636505,0.819495,0.501758,0.505747,0.893701,0.963636
7452,0.784741,0.690265,0.572104,0.786802,0.47451,0.4352,0.885135,0.901408
7453,0.791971,0.694245,0.538983,0.792857,0.463415,0.385151,0.877049,0.907407
7454,0.752137,0.683761,0.615819,0.774775,0.47619,0.435374,0.854369,0.857143
7455,0.707763,0.706546,0.629412,0.792453,0.512563,0.426415,0.884211,0.866667
7456,0.711111,0.714286,0.643836,0.787234,0.503145,0.451777,0.845238,0.926829
7457,0.741722,0.713018,0.654412,0.743902,0.532258,0.447059,0.857143,0.972222
7458,0.716312,0.705502,0.625,0.773333,0.532609,0.479167,0.881356,0.9
7459,0.72,0.69697,0.645161,0.765957,0.514286,0.326531,0.925,0.75
7460,0.701754,0.704698,0.627451,0.704545,0.666667,0.305556,0.909091,0.785714
7461,0.866538,0.889881,0.839378,0.854103,0.417187,0.847756,0.92268,0.892857
7462,0.790389,0.8125,0.783394,0.841567,0.750334,0.760336,0.921519,0.898396
7463,0.89426,0.8708,0.858852,0.911519,0.852027,0.817923,0.935961,0.917949
7464,0.759295,0.779956,0.744538,0.850136,0.697736,0.650694,0.893855,0.879518
7465,0.80787,0.812895,0.74502,0.84918,0.741042,0.615845,0.834395,0.893333
7466,0.830389,0.826,0.906475,0.893082,0.792453,0.843537,0.826087,0.739726
7467,0.499269,0.516116,0.405567,0.450843,0.576244,0.591095,0.851964,0.806878
7468,0.856499,0.853176,0.808661,0.867028,0.806714,0.757353,0.879139,0.876972
7469,0.715272,0.697674,0.585127,0.581967,0.675132,0.676259,0.765751,0.763578
7470,0.731139,0.716872,0.675889,0.742389,0.643126,0.631218,0.491909,0.488889
7471,0.786645,0.759212,0.727425,0.821023,0.671216,0.618123,0.547619,0.59375
7472,0.908629,0.88764,0.939597,0.833333,0.826923,0.770701,0.842105,0.705882
7473,0.911729,0.896296,0.861032,0.915929,0.857143,0.801481,0.834951,0.83871
7474,0.894168,0.883101,0.867257,0.937751,0.851202,0.808619,0.950437,0.90303
7475,0.866585,0.793785,0.751037,0.907725,0.761682,0.706101,0.935294,0.909091
7476,0.798561,0.768448,0.719008,0.90106,0.65458,0.597598,0.812785,0.893617
7477,0.714976,0.684211,0.605714,0.670732,0.587379,0.452,0.844444,0.763158
7478,0.842105,0.772947,0.654321,0.811594,0.652174,0.413793,0.825,0.454545
7479,0.76,0.740741,0.684932,0.75,0.616667,0.415094,0.921053,0.714286
7480,0.714286,0.74026,0.689655,0.796296,0.676471,0.447368,0.848485,0.777778
7481,0.83179,0.795987,0.706478,0.873626,0.766741,0.662413,0.924242,0.962963
7482,0.803846,0.737778,0.581699,0.832168,0.661479,0.457143,0.877551,0.833333
7483,0.863095,0.858726,0.910448,0.867257,0.642857,0.697368,0.933333,0.948718
7484,0.900277,0.876694,0.868421,0.859504,0.724638,0.807692,0.943262,0.964912
7485,0.866242,0.889994,0.876559,0.888693,0.804542,0.83045,0.928571,0.954839
7486,0.676651,0.657005,0.668224,0.721704,0.575878,0.524484,0.691466,0.643777
7487,0.742179,0.712372,0.614148,0.756757,0.621285,0.549061,0.836991,0.791667
7488,0.903475,0.863636,0.902913,0.935065,0.9,0.858491,0.914286,0.938776
7489,0.925581,0.913302,0.921305,0.910931,0.88228,0.889308,0.959596,0.954286
7490,0.876012,0.84503,0.826609,0.905618,0.782895,0.704409,0.917301,0.917895
7491,0.724368,0.724618,0.68864,0.762208,0.537484,0.492754,0.813333,0.8
7492,0.935484,0.932836,0.965517,0.970149,0.9,0.842105,0.9375,0.933333
7493,0.976879,0.949772,0.940678,1,0.966667,0.977273,0.931373,0.978261
7494,0.967273,0.955385,0.972477,0.948718,0.95935,0.928205,0.980132,0.942029
7495,0.950495,0.950495,0.911765,0.944954,0.943218,0.920833,0.966851,0.926829
7496,0.912418,0.884912,0.888686,0.921875,0.814925,0.807143,0.931973,0.877005
7497,0.839506,0.827783,0.754678,0.865994,0.768336,0.694365,0.910127,0.918635
7498,0.852045,0.840309,0.750545,0.866562,0.766851,0.700668,0.896825,0.879213
7499,0.880107,0.827623,0.84,0.906015,0.793038,0.756483,0.897839,0.906977
7500,0.86368,0.840909,0.860203,0.882716,0.817241,0.760811,0.878205,0.903553
7501,0.860746,0.826756,0.863402,0.894484,0.78416,0.712375,0.85213,0.768293
7502,0.837444,0.789148,0.853595,0.885856,0.710993,0.694974,0.591398,0.569444
7503,0.678445,0.616822,0.553672,0.868217,0.533613,0.367424,0.657407,0.634146
7504,0.72093,0.768844,0.677419,0.6875,0.714286,0.347826,0.772727,0.933333
7505,0.788675,0.744975,0.732227,0.781857,0.720659,0.637255,0.549708,0.590062
7506,0.369668,0.466125,0.205128,0.252525,0.465839,0.61236,0.283333,0.346154
7507,0.702479,0.750594,0.639535,0.65812,0.598039,0.753488,0.443548,0.359375
7508,0.818739,0.837624,0.847068,0.866469,0.796064,0.838217,0.813187,0.788618
7509,0.823276,0.829703,0.838132,0.854599,0.78125,0.811793,0.678505,0.637097
7510,0.874886,0.870766,0.823574,0.94012,0.834844,0.796028,0.849754,0.840426
7511,0.906047,0.87045,0.812696,0.96124,0.844299,0.788817,0.862797,0.837989
7512,0.916584,0.875141,0.806639,0.928918,0.832603,0.755765,0.854701,0.842424
7513,0.920121,0.880554,0.803419,0.955665,0.846676,0.759883,0.880952,0.835443
7514,0.91383,0.856111,0.744618,0.956971,0.833736,0.737859,0.84953,0.802721
7515,0.8398,0.827247,0.683968,0.887597,0.739766,0.641339,0.812749,0.810345
7516,0.74812,0.735556,0.657143,0.772414,0.622549,0.545455,0.609195,0.705882
7517,0.825581,0.830918,0.871795,0.904762,0.666667,0.78125,0.924528,0.818182
7518,0.596667,0.711968,0.724868,0.730233,0.543253,0.66065,0.333333,0.241935
7519,0.667033,0.778094,0.782438,0.833333,0.646226,0.691919,0.524706,0.49
7520,0.722772,0.781831,0.793194,0.861423,0.696682,0.734454,0.670561,0.685279
7521,0.966019,0.928571,0.948905,0.952381,0.922374,0.904977,0.968254,0.95122
7522,0.779255,0.831579,0.752896,0.791908,0.745726,0.693364,0.681818,0.761194
7523,0.836806,0.837416,0.800905,0.890411,0.755844,0.647727,0.839286,0.863636
7524,0.797546,0.748,0.641667,0.883721,0.701299,0.587413,0.75,0.807692
7525,0.844136,0.819767,0.685083,0.807309,0.817401,0.783815,0.630841,0.577181
7526,0.945679,0.911458,0.74613,0.909561,0.882542,0.839486,0.856269,0.752577
7527,0.876773,0.838577,0.835953,0.859272,0.822971,0.762548,0.695341,0.729167
7528,0.911871,0.864371,0.832323,0.880952,0.824951,0.756241,0.559184,0.534247
7529,0.883666,0.848352,0.804749,0.915094,0.791837,0.710796,0.784247,0.79375
7530,0.874674,0.830357,0.802612,0.911168,0.791339,0.72192,0.683594,0.58042
7531,0.875676,0.813894,0.841538,0.904762,0.770681,0.68251,0.827869,0.738462
7532,0.841818,0.771872,0.77131,0.90099,0.732628,0.595775,0.432432,0.355769
7533,0.954373,0.935714,0.962963,0.964539,0.905405,0.908108,0.724324,0.815126
7534,0.961806,0.957166,0.962441,0.987342,0.923077,0.943128,0.763285,0.816794
7535,0.932886,0.936893,0.945455,0.974843,0.924303,0.908257,0.606635,0.724638
7536,0.962162,0.949036,0.944882,0.968421,0.926045,0.912338,0.762931,0.797546
7537,0.83701,0.849521,0.803954,0.880196,0.795676,0.750877,0.417284,0.466667
7538,0.827654,0.81728,0.72399,0.850455,0.792806,0.803813,0.10815,0.145658
7539,0.774462,0.758706,0.603589,0.770235,0.746667,0.700306,0.090566,0.120401
7540,0.805531,0.848375,0.679577,0.871022,0.754193,0.701809,0.106742,0.106796
7541,0.772926,0.804923,0.669075,0.82636,0.698957,0.589415,0.125448,0.128205
7542,0.770898,0.767857,0.564103,0.805031,0.584314,0.465385,0.123711,0.163265
7543,0.817427,0.803245,0.589744,0.822581,0.597633,0.481481,0.146667,0.135135
7544,0.849558,0.796258,0.621622,0.817391,0.605096,0.472603,0.106667,0.142857
7545,0.856383,0.840295,0.802395,0.754717,0.773196,0.817391,0.911111,0.934783
7546,0.914286,0.903002,0.816568,0.839623,0.810897,0.843511,0.959184,0.944444
7547,0.923497,0.915014,0.870036,0.915789,0.934673,0.859649,0.884298,0.946429
7548,0.843345,0.836704,0.832536,0.867257,0.800872,0.744663,0.861842,0.878788
7549,0.860714,0.834038,0.842697,0.827586,0.806913,0.755644,0.820896,0.782609
7550,0.879406,0.823333,0.854545,0.902357,0.804726,0.745152,0.861111,0.865079
7551,0.823789,0.804348,0.79021,0.862595,0.812155,0.670996,0.898148,0.963636
7552,0.865281,0.882069,0.847826,0.885294,0.817801,0.776744,0.892157,0.890411
7553,0.640232,0.675532,0.656322,0.748682,0.640401,0.620349,0.838791,0.774869
7554,0.696366,0.691582,0.691391,0.771605,0.662587,0.669619,0.820339,0.805755
7555,0.62449,0.632653,0.517647,0.71521,0.546841,0.442857,0.566265,0.536232
7556,0.649351,0.586735,0.488372,0.567568,0.346154,0.4,0.108108,0.263158
7557,0.878005,0.859631,0.865764,0.889789,0.847984,0.814489,0.951181,0.9701
7558,0.884466,0.863475,0.873578,0.903052,0.830585,0.778092,0.917671,0.920502
7559,0.891102,0.852918,0.860938,0.89486,0.816129,0.760121,0.943662,0.89375
7560,0.848168,0.846077,0.852248,0.895522,0.785829,0.755917,0.902527,0.930693
7561,0.848948,0.827331,0.795154,0.878981,0.766957,0.696682,0.860082,0.911111
7562,0.847403,0.786311,0.658436,0.857143,0.717687,0.498339,0.840909,0.895833
7563,0.918919,0.903537,0.933962,0.928571,0.813084,0.674699,0.938776,0.954545
7564,0.870466,0.869565,0.924528,0.932584,0.692308,0.699029,0.960396,0.877551
7565,0.582367,0.617555,0.684647,0.585253,0.45098,0.617647,0.927536,0.886076
7566,0.84556,0.829657,0.80826,0.827068,0.686106,0.73535,0.917647,0.883495
7567,0.81054,0.807846,0.787879,0.808717,0.702881,0.683958,0.922006,0.952607
7568,0.835165,0.801262,0.642643,0.874346,0.671024,0.613272,0.831933,0.815789
7569,0.784375,0.736111,0.64726,0.795455,0.584699,0.569106,0.6875,0.724638
7570,0.781746,0.788136,0.617225,0.823529,0.605381,0.579399,0.805825,0.833333
7571,0.840909,0.787879,0.744,0.775194,0.533981,0.564815,0.576087,0.631579
7572,0.416201,0.404355,0.519737,0.350649,0.355294,0.581907,0.294118,0.319444
7573,0.697368,0.691158,0.772414,0.665428,0.648415,0.704097,0.377451,0.421053
7574,0.422587,0.531672,0.621667,0.495238,0.381303,0.486373,0.384921,0.330709
7575,0.766169,0.733333,0.54927,0.779661,0.618491,0.571277,0.740741,0.763158
7576,0.681122,0.671164,0.592982,0.8,0.662626,0.584222,0.25,0.372093
7577,0.572816,0.542683,0.545455,0.478261,0.264706,0.348837,0.1875,0.214286
7578,0.97619,0.957346,0.9,0.982456,0.882353,0.966667,0.923077,1
7579,0.944162,0.912621,0.948276,0.992593,0.887931,0.91954,0.96,0.972973
7580,0.9701,0.955782,0.957944,0.968421,0.976,0.964646,0.942857,0.942308
7581,0.958209,0.948438,0.969163,0.960976,0.931034,0.944444,0.974359,0.983333
7582,0.960699,0.939614,0.953216,0.968872,0.955056,0.9375,0.890411,0.945946
7583,0.97294,0.961564,0.956798,0.981176,0.953025,0.942076,0.990826,0.982906
7584,0.968026,0.966726,0.955386,0.970021,0.956204,0.940258,0.985348,0.985294
7585,0.968153,0.961182,0.943416,0.973251,0.953865,0.931164,0.97931,0.972603
7586,0.885981,0.884315,0.859322,0.903915,0.861887,0.848374,0.943343,0.89011
7587,0.944896,0.929035,0.910522,0.936207,0.90796,0.889055,0.950276,0.973545
7588,0.923997,0.889101,0.887667,0.935065,0.851765,0.824083,0.970732,0.960396
7589,0.911812,0.888478,0.861883,0.931142,0.870124,0.8142,0.959276,0.972477
7590,0.919496,0.858671,0.837634,0.946932,0.828791,0.817128,0.937126,0.944056
7591,0.902646,0.86272,0.82434,0.941924,0.811489,0.760294,0.937931,0.902439
7592,0.808244,0.822545,0.734793,0.866856,0.703704,0.554264,0.859873,0.833333
7593,0.407407,0.522337,0.326733,0.474359,0.424242,0.561404,0.522727,0.6
7594,0.673139,0.7472,0.691244,0.685393,0.694915,0.796813,0.753086,0.8
7595,0.680244,0.731395,0.621462,0.751894,0.67685,0.690423,0.900662,0.873494
7596,0.523256,0.548,0.380259,0.595908,0.446521,0.471475,0.812925,0.832258
7597,0.644068,0.56,0.222222,0.755102,0.1875,0.4,0.857143,0.823529
7598,0.368852,0.392097,0.341667,0.4,0.362637,0.537313,0.225,0.466667
7599,0.496124,0.439169,0.346457,0.433735,0.452632,0.520548,0.177778,0.352941
7600,0.811659,0.700947,0.675676,0.804878,0.747525,0.678373,0.435294,0.681818
7601,0.671772,0.586755,0.460048,0.752381,0.657729,0.644483,0.383721,0.521739
7602,0.72,0.622251,0.46778,0.763889,0.670134,0.658979,0.333333,0.375
7603,0.289796,0.355585,0.167064,0.167619,0.402069,0.402414,0.089928,0.1
7604,0.412329,0.413179,0.21645,0.239336,0.440212,0.380952,0.120968,0.157407
7605,0.574468,0.401993,0.38806,0.535211,0.44,0.606383,0.762712,0.818182
7606,0.566667,0.383117,0.438356,0.474359,0.457944,0.633663,0.8125,0.828571
7607,0.374046,0.386905,0.242553,0.318841,0.439216,0.549587,0.59596,0.712329
7608,0.261501,0.285912,0.155763,0.143564,0.230233,0.333333,0.549618,0.59633
7609,0.346784,0.282389,0.196923,0.181373,0.291345,0.346437,0.615094,0.788889
7610,0.355987,0.405993,0.456829,0.491194,0.348298,0.440844,0.436261,0.512563
7611,0.16568,0.20709,0.079755,0.121387,0.157549,0.180723,0.074324,0.072289
7612,0.418367,0.648649,0.435714,0.5,0.505703,0.539823,0.727273,0.433333
7613,0.82839,0.807744,0.751479,0.865385,0.746177,0.760898,0.818792,0.744
7614,0.800759,0.846247,0.833333,0.890071,0.729927,0.742007,0.863905,0.788321
7615,0.621343,0.638347,0.486034,0.632107,0.604336,0.538936,0.781659,0.781818
7616,0.641176,0.606918,0.553719,0.547619,0.605178,0.509934,0.62963,0.714286
7617,0.903226,0.893281,0.916667,0.98,0.923077,0.942857,0.96,0.888889
7618,0.698842,0.665914,0.71266,0.688406,0.629691,0.580618,0.831551,0.837838
7619,0.793182,0.79203,0.668478,0.795276,0.652015,0.535519,0.8125,0.824074
7620,0.591195,0.626471,0.669811,0.699029,0.626667,0.817308,0.508197,0.464286
7621,0.672986,0.628641,0.64375,0.685039,0.722581,0.772222,0.521739,0.444444
7622,0.765766,0.730415,0.770588,0.865672,0.843575,0.78534,0.526316,0.575
7623,0.831276,0.792887,0.855491,0.822785,0.878641,0.789238,0.824176,0.72093
7624,0.425512,0.423871,0.332075,0.400662,0.485563,0.507009,0.730769,0.796078
7625,0.703252,0.605619,0.659674,0.717608,0.542857,0.491525,0.837989,0.8375
7626,0.659483,0.596667,0.636591,0.669014,0.50297,0.472015,0.801205,0.833333
7627,0.724242,0.693721,0.722628,0.784404,0.583893,0.485207,0.811594,0.867925
7628,0.851393,0.825424,0.874396,0.900585,0.800687,0.822581,0.941558,0.941176
7629,0.803383,0.834467,0.849246,0.808163,0.762391,0.839339,0.948598,0.948454
7630,0.80202,0.865011,0.845387,0.819923,0.785226,0.820368,0.933036,0.941748
7631,0.832016,0.856394,0.862408,0.822222,0.793774,0.83175,0.936975,0.944954
7632,0.646597,0.709169,0.506061,0.674528,0.407834,0.415525,0.851852,0.896552
7633,0.444444,0.486339,0.15625,0.243902,0.384615,0.333333,0.878788,0.866667
7634,0.811475,0.837545,0.775194,0.77551,0.798658,0.78125,0.86755,0.909091
7635,0.530445,0.833839,0.852772,0.919283,0.82847,0.801494,0.939655,0.965957
7636,0.243299,0.462,0.007326,0.285171,0.378641,0.312766,0.051576,0.404908
7637,0.25,0.725849,0.014706,0.793478,0.696203,0.293333,0.846154,0.793103
