time,atmospheric-pressure,atmospheric-temperature,latitude,longitude,mean-displacement,speed
2024-09-24 00:08:16.297779+00:00,0.9945469833333332,23.31,-21.4402771,55.4411364,1196.2351702587193,0.0
2024-09-24 00:08:19.007810+00:00,0.994762155,23.31,-21.4402771,55.4411364,1196.2351702587193,0.0
2024-09-24 00:18:12.070160+00:00,0.994686044,23.306,-21.4402771,55.4411364,1196.2351702587193,0.0
2024-09-24 00:18:14.535053+00:00,0.994739036,23.302,-21.4402771,55.4411364,1196.2351702587193,0.0
2024-09-24 00:28:17.710256+00:00,0.99497078,23.297999999999995,-21.4402771,55.4411364,1196.2351702587193,0.0
2024-09-24 00:28:19.594411+00:00,0.9949443179999999,23.294,-21.4402771,55.4411364,1196.2351702587193,0.0
2024-09-24 00:38:13.279054+00:00,0.9948251459999999,23.294,-21.4402771,55.4411364,1196.2351702587193,0.0
2024-09-24 00:38:15.035604+00:00,0.994911188,23.298000000000002,-21.4402771,55.4411364,1196.2351702587193,0.0
2024-09-24 00:48:18.182167+00:00,0.994930968,23.308,-21.4402771,55.4411364,1196.2351702587193,0.00020342069357141734
2024-09-24 00:48:20.104424+00:00,0.9947719960000001,23.318,-21.4402771,55.4411364,1196.2351702587193,0.00306290254345287
2024-09-24 00:58:15.152129+00:00,0.994553522,23.318,-21.440274519291766,55.4411415484953,1196.5347738890525,0.005922384672349575
2024-09-24 00:58:23.688098+00:00,0.9944277579999999,23.314,-21.440273998897908,55.4411425866775,1196.5952162715867,0.008781867233214549
2024-09-24 01:08:19.080764+00:00,0.994143102,23.309999999999995,-21.44023770088809,55.441215000959254,1200.8342358272748,0.01164134992055209
2024-09-24 01:08:19.939390+00:00,0.993924708,23.3,-21.440237648542105,55.44121510538914,1200.840381763452,0.014297411133460506
2024-09-24 01:18:24.920442+00:00,0.993659898,23.296,-21.440200765977995,55.44128868585273,1205.1940545409175,0.01429741252641096
2024-09-24 01:18:25.558898+00:00,0.99345459,23.302,-21.44020072705465,55.44128876350454,1205.198673596673,0.01429741509111776
2024-09-24 01:28:20.255827+00:00,0.9932360020000001,23.312,-21.440164471460307,55.44136109316772,1209.523405939611,0.014297416329163423
2024-09-24 01:28:20.514978+00:00,0.993176306,23.322000000000003,-21.440164455661204,55.44136112468682,1209.5253001875635,0.01429741944479206
2024-09-24 01:38:25.883418+00:00,0.992990722,23.34,-21.440127549480057,55.44143475226623,1213.9730037965785,0.01429742189177793
2024-09-24 01:38:25.930671+00:00,0.9928515539999999,23.351999999999997,-21.440127546599285,55.44143475801335,1213.9733527422582,0.014297423553812149
2024-09-24 01:48:21.084390+00:00,0.993076546,23.366,-21.440091263156837,55.44150714323331,1218.3901268701443,0.013766716828949718
2024-09-24 01:48:21.513663+00:00,0.9930900399999999,23.342,-21.440091236986277,55.44150719544339,1218.393328275333,0.014503287774725385
2024-09-24 01:58:27.597220+00:00,0.993103534,23.318,-21.440063127525125,55.44156832812829,1222.2979943439054,0.01523985566353236
2024-09-24 02:08:22.440709+00:00,0.9929847559999999,23.285999999999998,-21.44012994477197,55.44149399394118,1219.3897342542698,0.015976425193187455
2024-09-24 02:08:23.342174+00:00,0.9928788560000001,23.282,-21.44013004603121,55.44149388129028,1219.385392820457,0.016712993312538803
2024-09-24 02:18:28.962993+00:00,0.992408796,23.276,-21.440198073867947,55.441418200321905,1216.5140484236983,0.01798026790776372
2024-09-24 02:28:24.632154+00:00,0.993375182,23.336,-21.440264983860438,55.44134376295526,1213.77856791145,0.01798026532030067
2024-09-24 02:28:32.988183+00:00,0.994341568,23.395999999999997,-21.440265922471784,55.44134271875014,1213.7408230706762,0.017980263478507764
2024-09-24 02:38:28.643850+00:00,0.9955592839999999,23.514,-21.440332830948496,55.441268283069796,1211.095193869891,0.01798026089122342
2024-09-24 02:38:30.275318+00:00,0.9967641219999999,23.604,-21.440333014207127,55.44126807919457,1211.088069772955,0.0179802589483234
2024-09-24 02:48:34.204490+00:00,0.997942092,23.752,-21.440400852025487,55.441192609621645,1208.4969419168165,0.018026016274204713
2024-09-24 02:48:35.840206+00:00,0.9979083940000001,23.868000000000002,-21.44040103576129,55.44119240521557,1208.4900489171478,0.020128178678649928
2024-09-24 02:58:29.371747+00:00,0.99689272,24.011999999999997,-21.440469378269643,55.44111815654114,1206.1279504500874,0.022230340678892384
2024-09-24 02:58:31.833432+00:00,0.995883876,24.098000000000003,-21.440469914706686,55.441117800092385,1206.1294332130826,0.024332502485512653
2024-09-24 03:08:35.001978+00:00,0.995975432,24.272,-21.44060135392465,55.44103046207947,1206.6155785833514,0.02643466383851461
2024-09-24 03:08:37.657988+00:00,0.9960938559999999,24.387999999999998,-21.44060193270794,55.44103007749271,1206.6182601384673,0.02849106567996961
2024-09-24 03:18:30.046856+00:00,0.996278424,24.528,-21.440731022876896,55.440944300363036,1207.3347108565968,0.028491062142453567
2024-09-24 03:18:32.956840+00:00,0.9974449679999999,24.64,-21.440731657004825,55.440943879001175,1207.338811606675,0.028491058341686
2024-09-24 03:28:34.874574+00:00,0.9987171699999999,24.808,-21.440862823652644,55.44085672210418,1208.3090357370736,0.028491054843906675
2024-09-24 03:28:38.532092+00:00,0.9988889719999999,24.887999999999998,-21.440863620679092,55.440856192500405,1208.3156728958718,0.028491051456025568
2024-09-24 03:38:33.654065+00:00,0.9994065979999999,24.93,-21.4409933064315,55.44077001962069,1209.514724016748,0.028491047911312368
2024-09-24 03:38:39.768045+00:00,0.9998580799999999,24.948,-21.440994638756894,55.4407691343244,1209.528269872551,0.0284910445786268
2024-09-24 03:48:35.380678+00:00,1.001897566,25.024,-21.441124431431234,55.44068289039779,1210.9672900914804,0.027843489576954546
2024-09-24 03:48:39.552791+00:00,1.0038313939999999,25.044,-21.4411253405955,55.44068228628129,1210.9782027726876,0.02366004708538933
2024-09-24 03:58:35.570149+00:00,1.005240132,25.05,-21.441238243462397,55.440602066021995,1211.9974886777952,0.019476605257385263
2024-09-24 03:58:40.997802+00:00,1.006303046,25.094,-21.441238007160816,55.44060176056634,1211.9564059192867,0.015293164383887827
2024-09-24 04:08:36.769996+00:00,1.0064288000000001,25.16,-21.441212069261677,55.44056823189545,1207.446922730065,0.011109724071562157
2024-09-24 04:08:41.670315+00:00,1.00496655,25.168,-21.441211855918425,55.44056795611691,1207.4098316132752,0.007573836432795215
2024-09-24 04:18:37.165859+00:00,1.004414908,25.172,-21.44118593006369,55.44053444301523,1202.9024630413094,0.007573836859245296
2024-09-24 04:18:42.240445+00:00,1.004388356,25.189999999999998,-21.441185709133446,55.44053415742936,1202.8640530545267,0.007573837303365924
2024-09-24 04:28:37.584894+00:00,1.004335128,25.162,-21.441159789856876,55.44050065283096,1198.3578489854087,0.007573837690139149
2024-09-24 04:28:42.976090+00:00,1.00521906,25.112000000000002,-21.441159555142494,55.440500349427005,1198.317042737167,0.007573838083631304
2024-09-24 04:38:38.754855+00:00,1.0049472879999999,25.032,-21.44113361695729,55.44046682038632,1193.8075724244077,0.007573838535257153
2024-09-24 04:38:43.309052+00:00,1.0037649080000002,24.956,-21.441133418683012,55.44046656408673,1193.7731016294733,0.007573839017123586
2024-09-24 04:48:38.838088+00:00,1.003525642,24.914,-21.44110749137015,55.4404330491002,1189.2655428593318,0.00758165535708667
2024-09-24 04:48:44.402992+00:00,1.003313052,24.918,-21.44110724909311,55.44043273592035,1189.2234222040242,0.007829294986853842
2024-09-24 04:58:40.441715+00:00,1.002502528,24.922,-21.441079867107835,55.44040022928055,1184.6996583029888,0.008076934646926253
2024-09-24 04:58:44.670608+00:00,1.002269324,24.988,-21.44107958100482,55.44040004177735,1184.6648578754405,0.008324574351793446
2024-09-24 05:08:46.188211+00:00,1.002128396,25.112000000000002,-21.441038885720772,55.44037337132782,1179.7163794232342,0.008572214028534487
2024-09-24 05:18:41.786155+00:00,1.001044354,25.201999999999998,-21.44099859092742,55.44034696334769,1174.8196257063305,0.008812037848799345
2024-09-24 05:28:47.398036+00:00,1.000778188,25.302,-21.44095761864765,55.44032011136361,1169.8436678973203,0.008812038350583435
2024-09-24 05:28:50.253058+00:00,1.001109956,25.402,-21.440957425492982,55.44031998477592,1169.8202173828706,0.008812038827905745
2024-09-24 05:38:44.944337+00:00,1.002139868,25.46,-21.44091719203948,55.440293616996065,1164.9371090511313,0.008812039227862778
2024-09-24 05:38:52.828074+00:00,1.0030775040000002,25.46,-21.44091665867035,55.440293267442186,1164.8723952351793,0.008812039719813161
2024-09-24 05:48:48.316519+00:00,1.0035428620000002,25.474,-21.440876371285093,55.440266864317095,1159.9859066354359,0.008397780956179594
2024-09-24 05:48:49.947042+00:00,1.003609348,25.478,-21.440876260973106,55.44026679202198,1159.9725311359632,0.009783302581432864
2024-09-24 05:58:54.278975+00:00,1.003675834,25.482,-21.440847939656237,55.440241825449924,1156.0107822989048,0.011168824135259374
2024-09-24 06:08:50.314798+00:00,1.003695782,25.482000000000003,-21.44093191882666,55.44023312320092,1160.9590799500834,0.012554345608988526
2024-09-24 06:08:50.705327+00:00,1.00371573,25.482000000000003,-21.440931973850706,55.44023311749911,1160.962340065027,0.01393986556877816
2024-09-24 06:18:56.025593+00:00,1.003749114,25.468,-21.441017261163662,55.44022427969528,1166.043514215059,0.01573964593107471
2024-09-24 06:18:56.121954+00:00,1.0033634939999998,25.454,-21.441017274740553,55.44022427828839,1166.0443275218638,0.015739646977398908
2024-09-24 06:28:51.376507+00:00,1.003622906,25.444000000000003,-21.441101143832977,55.440215587446104,1171.0951086591997,0.01573964691957503
2024-09-24 06:28:51.635049+00:00,1.003809096,25.448,-21.44110118026057,55.44021558367133,1171.0973139612533,0.015739646083871708
2024-09-24 06:38:56.963074+00:00,1.00375588,25.452,-21.441186468666753,55.44020674575422,1176.2878834684864,0.015739647322941672
2024-09-24 06:38:57.322261+00:00,1.004161506,25.456,-21.44118651927482,55.440206740510014,1176.2909795366695,0.015739644606035302
2024-09-24 06:48:52.463788+00:00,1.004799614,25.528000000000002,-21.441270372442343,55.44019805131792,1181.4469095274692,0.01575639587287507
2024-09-24 06:48:52.666896+00:00,1.00479269,25.596,-21.441270401059462,55.44019804835251,1181.4486779624535,0.016165779975500692
2024-09-24 06:58:58.410909+00:00,1.00434708,25.602000000000004,-21.441356355908127,55.4401910775183,1186.94202015973,0.016575164187034593
2024-09-24 06:58:58.794037+00:00,1.004140876,25.607999999999997,-21.441356416147524,55.44019108962623,1186.9472458768785,0.016984545538825023
2024-09-24 07:08:54.403588+00:00,1.004260538,25.618000000000002,-21.441450064101495,55.44020991258155,1195.0904820010128,0.01739393157064701
2024-09-24 07:08:54.613002+00:00,1.004147718,25.56,-21.441450097027733,55.440209919199624,1195.0933518859028,0.017786563737693363
2024-09-24 07:18:59.919356+00:00,1.003981766,25.484,-21.441545269614316,55.44022904860149,1203.4082690378082,0.017786562887298654
2024-09-24 07:19:00.326979+00:00,1.0042545,25.470000000000002,-21.441545333705086,55.440229061483535,1203.4138815334472,0.017786563436743858
2024-09-24 07:28:55.123765+00:00,1.004480702,25.454,-21.441638853867627,55.44024785875317,1211.6220624019916,0.017786565277085165
2024-09-24 07:28:55.668270+00:00,1.004381038,25.434000000000005,-21.441638939480406,55.44024787596108,1211.6295934031125,0.01778656433482572
2024-09-24 07:39:00.738650+00:00,1.004028672,25.416000000000004,-21.441734074964707,55.44026699790549,1220.017049093999,0.01778656290123103
2024-09-24 07:39:01.109922+00:00,1.004181532,25.444,-21.441734133339956,55.44026700963874,1220.0222070890147,0.01749763132412518
2024-09-24 07:48:56.906959+00:00,1.004334392,25.472,-21.441827810772427,55.440285838519145,1228.3173117658794,0.015683754797823444
2024-09-24 07:59:01.417570+00:00,1.004307762,25.478,-21.441915816000062,55.44029891312685,1235.7837794899253,0.013869879059658478
2024-09-24 07:59:03.299774+00:00,1.004281132,25.483999999999998,-21.44191592807654,55.44029881001233,1235.7840078757072,0.012056004036456996
2024-09-24 08:08:59.507394+00:00,1.004480568,25.496000000000002,-21.441951429463643,55.44026614741583,1235.8673127448778,0.010242128194071493
2024-09-24 08:09:07.417337+00:00,1.00422791,25.48,-21.441951900463913,55.44026571407806,1235.8685648396843,0.008717183497147004
2024-09-24 08:19:03.016304+00:00,1.0038489179999999,25.46,-21.44198736560856,55.44023308482597,1235.9738914467687,0.008717183140097092
2024-09-24 08:19:05.218907+00:00,1.003695948,25.464000000000002,-21.441987496763296,55.44023296415873,1235.9743214215612,0.008717182687598026
2024-09-24 08:29:00.483494+00:00,1.003762332,25.488,-21.44202294199717,55.440200353225286,1236.1014515311508,0.008717182216013957
2024-09-24 08:29:08.488212+00:00,1.003855352,25.504,-21.44202341864085,55.44019991469538,1236.1033094455884,0.008717181896773327
2024-09-24 08:39:03.945969+00:00,1.003908464,25.52,-21.442058875377096,55.44016729317932,1236.2525533960568,0.00871718163053138
2024-09-24 08:39:06.168367+00:00,1.0040879100000002,25.54,-21.442059007710558,55.44016717142762,1236.2531512048274,0.008717181260538248
2024-09-24 08:49:09.545333+00:00,1.00389416,25.625999999999998,-21.442094935998814,55.440134116066176,1236.4266739686736,0.009738923802862481
2024-09-24 08:49:11.833839+00:00,1.003481056,25.691999999999997,-21.442095072268696,55.44013399069282,1236.4273746612241,0.02015208372070512
2024-09-24 08:59:05.619785+00:00,1.003480806,25.733999999999998,-21.442150916375333,55.4400821041648,1236.7031149199902,0.0305652391062149
2024-09-24 08:59:07.956180+00:00,1.003520464,25.776,-21.442151877074302,55.44008120005441,1236.7074644568154,0.04097839012651967
2024-09-24 09:09:04.626325+00:00,1.003180708,25.827999999999996,-21.442397221030472,55.43985030772836,1238.351065899291,0.051391536775613186
2024-09-24 09:09:11.338184+00:00,1.003214148,25.814,-21.442399980870295,55.43984771045291,1238.3755837214799,0.060782935882622645
2024-09-24 09:19:07.096931+00:00,1.003773322,25.804000000000002,-21.44264495007005,55.43961717080879,1241.0843051774348,0.060782913460433366
2024-09-24 09:19:10.549728+00:00,1.003919642,25.818,-21.442646369820753,55.43961583468644,1241.1030664044579,0.06078289117950222
2024-09-24 09:29:12.694026+00:00,1.00387316,25.803999999999995,-21.442893964686164,55.4393828240377,1244.9118305892234,0.06078286890173971
2024-09-24 09:29:16.245932+00:00,1.004206092,25.78,-21.442895425189406,55.439381449563285,1244.937455539985,0.06078284705220396
2024-09-24 09:39:08.044383+00:00,1.004186242,25.77,-21.44313876596055,55.43915244242755,1249.7205408950933,0.06078282493727355
2024-09-24 09:39:11.835589+00:00,1.003640658,25.756,-21.443140324861265,55.43915097535162,1249.7544613359078,0.06078280253818069
2024-09-24 09:49:13.407102+00:00,1.003840356,25.746,-21.443387684203955,55.43891818635248,1255.6610946791986,0.05907820980100498
2024-09-24 09:49:17.488787+00:00,1.004232856,25.764,-21.443389362546256,55.4389166068705,1255.7047134800166,0.047479597363516125
2024-09-24 09:59:09.079790+00:00,1.004219724,25.736,-21.443598744790233,55.438720069159245,1261.54942156789,0.035880988855706515
2024-09-24 09:59:13.656097+00:00,1.004585692,25.74,-21.44359884310133,55.438720005441446,1261.5541275490361,0.024282385314105488
2024-09-24 10:19:14.585824+00:00,1.0049516600000001,25.744,-21.44362464222684,55.438703284404085,1262.7929421621955,0.01268378630619956
2024-09-24 10:29:14.876038+00:00,1.005124646,25.76,-21.443637538037667,55.43869492631712,1263.4150444957954,0.002789761966975537
2024-09-24 10:29:20.030454+00:00,1.0050715540000001,25.71,-21.443637648768064,55.438694854550064,1263.4203944882618,0.002789761900731581
2024-09-24 10:39:15.359136+00:00,1.0054240939999999,25.706,-21.443650437992147,55.43868656554455,1264.039260291729,0.002789761849676594
2024-09-24 10:49:15.412010+00:00,1.005497316,25.701999999999998,-21.443663328704286,55.43867821076216,1264.6649378510401,0.002591816886617005
2024-09-24 10:49:21.071964+00:00,1.005570538,25.698,-21.443663450294967,55.4386781319563,1264.6708485837644,0.0036100189095555624
2024-09-24 10:59:17.298298+00:00,1.005218022,25.65,-21.443668381596076,55.43866921796683,1264.5555708729066,0.004628221031817249
2024-09-24 10:59:21.347273+00:00,1.005091584,25.668,-21.443668106431222,55.43866913046531,1264.5256591207922,0.005646423212084935
2024-09-24 11:09:17.629921+00:00,1.005556832,25.59,-21.443627583574315,55.438656244328804,1260.121697917806,0.006664625387165823
2024-09-24 11:09:23.521402+00:00,1.00627508,25.465999999999998,-21.44362718319432,55.438656117009266,1260.0781958787936,0.00788077262599694
2024-09-24 11:19:19.320091+00:00,1.005890186,25.327999999999996,-21.443586693226873,55.43864324133151,1255.6799673708413,0.007880772778110187
2024-09-24 11:19:22.755525+00:00,1.0053787299999999,25.218,-21.44358645975771,55.438643167089076,1255.6546129878757,0.007880772834744329
2024-09-24 11:29:18.386052+00:00,1.00553846,25.166,-21.443545981218392,55.43863029504543,1251.2597964303543,0.00788077289645279
2024-09-24 11:29:25.126377+00:00,1.005106504,25.21,-21.443545523151702,55.43863014938171,1251.210075868163,0.00788077304333723
2024-09-24 11:39:20.377740+00:00,1.0045349,25.264000000000003,-21.443505070380038,55.43861728553209,1246.820260354927,0.007880773017939574
2024-09-24 11:39:23.946298+00:00,1.005066438,25.332,-21.443504827863894,55.438617208412744,1246.7939498322237,0.00788077320422556
2024-09-24 11:49:25.593309+00:00,1.005511334,25.450000000000003,-21.4434639404495,55.43860420634815,1242.3592185490975,0.008450181766280629
2024-09-24 11:49:29.168240+00:00,1.005285044,25.51,-21.443463697500246,55.438604129091075,1242.3328745527501,0.013475428267196022
2024-09-24 11:59:21.847692+00:00,1.00457984,25.558,-21.44341054595772,55.438581478072486,1236.2104827681376,0.018500675517490982
2024-09-24 11:59:25.082531+00:00,1.0040142840000001,25.596,-21.443409719212777,55.43858095335765,1236.1044517860032,0.02352592370813113
2024-09-24 12:09:27.668396+00:00,1.0040874,25.613999999999997,-21.443255713152602,55.43848320947038,1216.3552572775766,0.028551172679173904
2024-09-24 12:09:30.816012+00:00,1.0042471579999999,25.582,-21.443254908699714,55.43848269890377,1216.252109063073,0.03300701450844461
2024-09-24 12:19:23.464390+00:00,1.004466798,25.498,-21.443103442415737,55.438386566950456,1196.8331571438557,0.03300701892637395
2024-09-24 12:19:26.774946+00:00,1.0051653520000001,25.426,-21.443102596319367,55.43838602995375,1196.7246951712086,0.03300702385252328
2024-09-24 12:29:28.945297+00:00,1.0055648019999999,25.344,-21.442948696454334,55.43828835346594,1176.9985987877112,0.03300702834827708
2024-09-24 12:29:31.907257+00:00,1.0053255799999998,25.282,-21.442947939450484,55.438287873014076,1176.9015823463878,0.03300703283965662
2024-09-24 12:39:27.562478+00:00,1.005285752,25.23,-21.442795704691683,55.438191253328554,1157.3939692008564,0.0330070370218102
2024-09-24 12:39:34.800526+00:00,1.005139386,25.288,-21.44279385482543,55.4381900792636,1157.1569561284584,0.032672741107642705
2024-09-24 12:49:30.313843+00:00,1.00499302,25.346,-21.442641656333823,55.438093482595974,1137.6593195515024,0.02975162534793051
2024-09-24 12:59:28.176691+00:00,1.005332006,25.356,-21.44249926061679,55.43799673212195,1119.0160492894458,0.02683050951051359
2024-09-24 12:59:36.207348+00:00,1.005670992,25.366,-21.442498763786546,55.43799540784434,1118.8881228239732,0.023909393662929625
2024-09-24 13:09:31.584987+00:00,1.0060099699999998,25.356,-21.44246192973716,55.437897228420944,1109.4176382355106,0.020988276830461578
2024-09-24 13:09:33.261731+00:00,1.0062691400000001,25.232000000000003,-21.442461826002532,55.437896951921175,1109.3910054145667,0.01840146032321292
2024-09-24 13:19:37.398184+00:00,1.0065283099999998,25.108,-21.442424450074235,55.43779732814507,1099.809476829954,0.018401462858524054
2024-09-24 13:29:33.270994+00:00,1.006428348,24.994,-21.44238758539025,55.43769906706659,1090.387562951437,0.018401465279184688
2024-09-24 13:29:34.248776+00:00,1.0063283860000003,24.880000000000003,-21.442387524898106,55.437698905827624,1090.3721260172947,0.018401467163402224
2024-09-24 13:39:38.952198+00:00,1.006015624,24.747999999999998,-21.4423501138933,55.437599188556746,1080.8403887074066,0.018401469583466785
2024-09-24 13:39:39.814599+00:00,1.005829326,24.672,-21.442350060539397,55.43759904634443,1080.8268167514445,0.0184014716943293
2024-09-24 13:49:34.165768+00:00,1.0054171200000002,24.54,-21.442313289994317,55.43750103618876,1071.4882850848676,0.018514079476592105
2024-09-24 13:49:34.885652+00:00,1.005177798,24.456,-21.442313245457466,55.43750091747789,1071.4769925036692,0.01914420355673289
2024-09-24 13:59:39.784668+00:00,1.004964614,24.314,-21.442275861429035,55.43739761225641,1061.7902313509587,0.019774327332921036
2024-09-24 13:59:40.491850+00:00,1.0047648439999999,24.2,-21.442275817811037,55.43739747265128,1061.777784228458,0.020404447616476803
2024-09-24 14:09:35.380873+00:00,1.0042730819999999,24.035999999999998,-21.44223912588835,55.437280035338766,1051.333202858211,0.021034571418175836
2024-09-24 14:09:35.417084+00:00,1.004007228,23.927999999999997,-21.442239123654907,55.437280028190344,1051.3325686960097,0.02155208807751968
2024-09-24 14:19:41.027189+00:00,1.003582226,23.8,-21.442201770470874,55.43716047442413,1040.754334984925,0.021552090090478503
2024-09-24 14:19:41.295090+00:00,1.0033629300000002,23.726,-21.44220175394712,55.43716042153769,1040.7496679717362,0.02155209304698806
2024-09-24 14:29:41.645096+00:00,1.002898498,23.648000000000003,-21.442164725198637,55.43704190617003,1030.3193459844942,0.021552100014948915
2024-09-24 14:39:43.621598+00:00,1.002726058,23.619999999999997,-21.44212759613016,55.43692306971505,1019.9184814136191,0.021552103431887706
2024-09-24 14:49:39.004766+00:00,1.0026066599999999,23.6,-21.442090873729295,55.43680553485314,1009.6901322077238,0.02046401324572976
2024-09-24 14:49:45.768999+00:00,1.0026464099999999,23.6,-21.442090456520873,55.43680419952284,1009.5742681368033,0.022412965449664497
2024-09-24 14:59:40.239491+00:00,1.0023416539999999,23.596,-21.442036773533797,55.4367318291935,1000.4373361209759,0.024361917815883122
2024-09-24 14:59:48.001220+00:00,1.0022820339999998,23.596,-21.44203511522089,55.43673335709892,1000.3725599658051,0.026310870401858626
2024-09-24 15:09:40.142124+00:00,1.00235488,23.594,-21.441908602828903,55.436849920727326,995.5931377773521,0.028259823677906103
2024-09-24 15:09:49.518787+00:00,1.0021362100000002,23.584,-21.441906599481282,55.436851766534396,995.5200450470517,0.03129687382688424
2024-09-24 15:19:50.403332+00:00,1.00191754,23.574,-21.441778218988407,55.436970051358756,991.0060458000457,0.031296880621478534
2024-09-24 15:29:48.517176+00:00,1.002116274,23.574,-21.441650430462776,55.43708779076738,986.8483296719128,0.03129688763957211
2024-09-24 15:29:51.783977+00:00,1.002315008,23.574,-21.441649732502555,55.43708843384095,986.8265478541275,0.03129689442268664
2024-09-24 15:39:48.427172+00:00,1.0022686140000001,23.57,-21.44152225818474,55.437205883750636,983.018607998342,0.03129690141878322
2024-09-24 15:39:52.668980+00:00,1.002460694,23.566,-21.44152135191183,55.43720671875547,982.9927527715029,0.03129690702058574
2024-09-24 15:49:48.414095+00:00,1.0026728420000002,23.594,-21.441394069471066,55.43732399187706,979.5334481199721,0.03110530522382186
2024-09-24 15:49:52.830814+00:00,1.002580248,23.62,-21.441393125827986,55.437324861313314,979.5090814314075,0.030712574056754517
2024-09-24 15:59:49.187718+00:00,1.00223576,23.618000000000002,-21.441278759913743,55.43744920720348,977.9650411273136,0.030319842439135
2024-09-24 15:59:53.747737+00:00,1.001831688,23.613999999999997,-21.441278437944653,55.43745045242742,978.0210814300176,0.02992711103460176
2024-09-24 16:09:55.713361+00:00,1.001639608,23.618000000000002,-21.441235934982682,55.43761483375396,985.5503535341885,0.029534380280414014
2024-09-24 16:19:51.536358+00:00,1.001387714,23.589999999999996,-21.44119386573291,55.43777753768714,993.2557620887004,0.029333257544104503
2024-09-24 16:29:57.315315+00:00,1.000831102,23.558,-21.441151093523075,55.437942960336905,1001.3419279652267,0.029333264389688907
2024-09-24 16:39:52.982734+00:00,1.001002768,23.482,-21.44110903525818,55.43810562178577,1009.5349982178492,0.02920336305972842
2024-09-24 16:49:59.245120+00:00,1.00134668,23.413999999999998,-21.441066228914902,55.43827117644752,1018.1140602415259,0.03125109051934105
2024-09-24 16:59:53.463850+00:00,1.001081224,23.296,-21.441005847135035,55.43842254206988,1024.5134029872863,0.033298816986206084
2024-09-24 16:59:55.050218+00:00,1.000855514,23.178,-21.441005312470274,55.43842273680701,1024.4863007052058,0.035346543042506735
2024-09-24 17:09:59.433852+00:00,1.000908158,23.080000000000002,-21.44080161280508,55.43849692888449,1014.3907462960578,0.037394267476110576
2024-09-24 17:10:00.800619+00:00,1.000391874,23.080000000000002,-21.440801152153952,55.438497096664165,1014.3684411816679,0.039571900707654394
2024-09-24 17:19:56.491792+00:00,0.999895484,23.09,-21.440600382170015,55.43857022168471,1004.8770139686803,0.03957190469578677
2024-09-24 17:30:02.346713+00:00,0.9997369180000002,23.151999999999997,-21.440396186626515,55.4386445943724,995.7034032149198,0.03957190922621621
2024-09-24 17:39:58.088603+00:00,0.999578352,23.214,-21.440195399549097,55.43871772561878,987.167697729319,0.039571912842340407
2024-09-24 17:50:00.900673+00:00,0.9994859,23.27,-21.43999222955909,55.43879172477643,979.0329025200608,0.04048625200108834
2024-09-24 17:50:04.050812+00:00,0.999485992,23.3,-21.439991167845633,55.43879211147675,978.9917413628076,0.0449421203265468
2024-09-24 18:00:00.350016+00:00,0.99932053,23.328,-21.439763564506173,55.438862036121485,969.4184158618523,0.0493979877307129
2024-09-24 18:00:06.665828+00:00,0.99921462,23.345999999999997,-21.439760102139463,55.43886267534385,969.2422750531643,0.05385385450010342
2024-09-24 18:10:02.367924+00:00,0.999274258,23.366,-21.43943353461743,55.43892296626063,953.2023413861017,0.058309721316517994
2024-09-24 18:10:06.926443+00:00,0.9992941460000001,23.375999999999998,-21.43943103560949,55.43892342762763,953.0840492040777,0.06185125246409654
2024-09-24 18:20:02.492976+00:00,0.9992941680000001,23.386,-21.439104542403783,55.438983704824125,938.2298900290125,0.06185125427529092
2024-09-24 18:20:08.049147+00:00,0.9994398500000001,23.387999999999998,-21.439101496477093,55.4389842671633,938.0970152462871,0.06185125615810544
2024-09-24 18:30:03.178388+00:00,0.9995458020000001,23.39,-21.438775242997544,55.43904450010154,924.4939042604083,0.06185125806391982
2024-09-24 18:30:08.400786+00:00,0.9994862059999999,23.39,-21.438772380047137,55.43904502865962,924.3801356054535,0.061851260273650455
2024-09-24 18:40:03.436745+00:00,0.9993603959999999,23.398000000000003,-21.438446177705377,55.43910525215679,912.0738123887669,0.0618512628367784
2024-09-24 18:40:08.201666+00:00,0.999254452,23.406,-21.438443565546578,55.439105734413715,911.9805902566471,0.061851265185651094
2024-09-24 18:50:03.101406+00:00,0.9991352640000001,23.418,-21.43811743788098,55.43916594412417,901.0236450009512,0.06097018724365336
2024-09-24 18:50:08.394020+00:00,0.999055806,23.43,-21.438114536437624,55.439166479788824,900.9323112857543,0.05766427058121543
2024-09-24 19:00:03.929570+00:00,0.9988571399999999,23.442,-21.437809527372856,55.43920983692951,890.7228586069925,0.0543583533997565
2024-09-24 19:00:08.641515+00:00,0.998724688,23.446,-21.437807609556334,55.43920972727636,890.6262614827114,0.051052436302726635
2024-09-24 19:10:04.315636+00:00,0.9984200399999998,23.451999999999998,-21.437565163245893,55.43919586515724,878.7471785692735,0.047746518222237265
2024-09-24 19:10:09.329818+00:00,0.998128636,23.454,-21.437563122415316,55.43919574847064,878.6500234307663,0.04532168027526633
2024-09-24 19:20:09.364572+00:00,0.997916706,23.456,-21.437318901276484,55.43918178487386,867.3750815313477,0.04532168045460424
2024-09-24 19:20:14.928617+00:00,0.997823984,23.458000000000002,-21.437316636645292,55.439181655391224,867.2738347859544,0.04532168041264935
2024-09-24 19:30:10.399907+00:00,0.997857082,23.474,-21.437074272889372,55.43916779799224,856.7982010670275,0.04532168027052995
2024-09-24 19:30:14.240971+00:00,0.998062376,23.488,-21.437072709531577,55.43916770860564,856.7329721808521,0.045321680427694126
2024-09-24 19:40:09.499039+00:00,0.9983007799999999,23.51,-21.436830432559557,55.439153856168616,846.9960960583307,0.04532168044073141
2024-09-24 19:40:16.041963+00:00,0.99845971,23.532,-21.43682776951321,55.43915370390618,846.8932238435534,0.045321680246611026
2024-09-24 19:50:11.493186+00:00,0.998651766,23.55,-21.43658541392482,55.439139846974186,837.9177120079431,0.04639668232465343
2024-09-24 19:50:14.835603+00:00,0.998718002,23.554000000000002,-21.436584053522186,55.439139769191755,837.8695120933169,0.052339728827391706
2024-09-24 20:00:10.643312+00:00,0.9988438479999999,23.538,-21.436316608381787,55.43908865408117,825.2729821284212,0.058282778580894326
2024-09-24 20:00:17.760762+00:00,0.998936584,23.514000000000003,-21.436312239856793,55.43908650948268,824.9430441320724,0.06422583176866833
2024-09-24 20:10:13.517088+00:00,0.9989763359999999,23.482,-21.43594657850248,55.43890699882633,798.1097852227632,0.07016888834732449
2024-09-24 20:10:16.285761+00:00,0.998982962,23.454,-21.435944879155475,55.43890616458204,797.9888220321427,0.07503694635519056
2024-09-24 20:20:11.407238+00:00,0.998923368,23.421999999999997,-21.435579607456706,55.4387268452156,772.8451652501886,0.07503696277213599
2024-09-24 20:20:19.346444+00:00,0.998804164,23.410000000000004,-21.435574734556923,55.43872445300918,772.5216528807225,0.07503697943442975
2024-09-24 20:30:14.180724+00:00,0.9987114479999999,23.402,-21.435209639132935,55.43854522017964,749.2334393536427,0.07503699568256769
2024-09-24 20:30:16.634486+00:00,0.9986717159999999,23.402,-21.43520813307095,55.438544480822934,749.1413809200053,0.07503701235828623
2024-09-24 20:40:20.072800+00:00,0.998572384,23.401999999999997,-21.4348377566913,55.438362655463976,727.5638370275612,0.07503702847036534
2024-09-24 20:40:22.314028+00:00,0.998539272,23.406,-21.434836381077744,55.43836198014708,727.4877560720639,0.07503704481811671
2024-09-24 20:50:15.149165+00:00,0.998572362,23.444,-21.434472512681108,55.43818334969042,708.4790953812768,0.07281195959976224
2024-09-24 20:50:17.014957+00:00,0.998578964,23.477999999999998,-21.43447136750144,55.43818278749824,708.4228748764843,0.06742943505966054
2024-09-24 21:00:21.308063+00:00,0.99848625,23.482,-21.434177434395973,55.43798399391565,689.146336967139,0.06204690562455077
2024-09-24 21:00:22.531166+00:00,0.998453136,23.486,-21.434177529309018,55.43798343444975,689.0878774695294,0.056664372781929984
2024-09-24 21:10:17.045545+00:00,0.9984597619999999,23.48,-21.43422366374716,55.43771149453234,660.6808849874031,0.05128183412535403
2024-09-24 21:10:17.512321+00:00,0.9984001859999999,23.439999999999998,-21.434223699969078,55.43771128102187,660.6585884787355,0.048124391128057734
2024-09-24 21:20:22.813068+00:00,0.998333988,23.396,-21.434270671431598,55.437434407255715,631.7551179879399,0.04812438381971814
2024-09-24 21:20:23.917331+00:00,0.9983671059999999,23.381999999999998,-21.43427075712263,55.43743390214907,631.7024077866736,0.048124376399891096
2024-09-24 21:30:18.836827+00:00,0.998340632,23.368,-21.43431692299793,55.43716177692502,603.3159110393317,0.04812436785521056
2024-09-24 21:30:27.868338+00:00,0.998274418,23.363999999999997,-21.434317623845043,55.43715764577453,602.8851514770033,0.0481243622951195
2024-09-24 21:40:23.253841+00:00,0.9980956519999999,23.351999999999997,-21.434363825882585,55.43688530739177,574.5010194780991,0.04812435568899408
2024-09-24 21:40:24.247620+00:00,0.9979235079999998,23.344,-21.434363903000055,55.436884852822054,574.4536648019176,0.048124347994997145
2024-09-24 21:50:28.238175+00:00,0.998313958,23.298,-21.434410772791395,55.436608578357706,545.6880317064911,0.047654126445596315
2024-09-24 21:50:29.280872+00:00,0.9987639999999999,23.252,-21.434410853704893,55.436608101412254,545.63839985774,0.04887599510500516
2024-09-24 22:00:24.297425+00:00,0.9987043879999999,23.168,-21.434500488067926,55.436363216395804,520.0620795212168,0.05009785901201608
2024-09-24 22:00:24.614900+00:00,0.9987573279999999,23.092000000000002,-21.434500626686482,55.43636314226505,520.0541785434418,0.05131972349331047
2024-09-24 22:10:29.335789+00:00,0.9984397819999999,23.02,-21.43476466485629,55.43622193931741,505.84499174503236,0.05254158864107418
2024-09-24 22:10:30.768296+00:00,0.997559642,22.986,-21.434765290329135,55.43622160482558,505.8133827806163,0.05423366698094356
2024-09-24 22:20:25.068354+00:00,0.996917676,22.952000000000005,-21.435024778470677,55.43608283515266,493.58094227322266,0.054233654894445385
2024-09-24 22:20:26.555553+00:00,0.996785364,22.956,-21.43502542782363,55.436082487890175,493.5525913211335,0.05423364447812116
2024-09-24 22:30:30.253951+00:00,0.996705964,22.946,-21.435289019545014,55.43594152369526,483.02004311403255,0.05423363568198947
2024-09-24 22:30:31.614758+00:00,0.99698381,22.926000000000002,-21.43528961371163,55.435941205945454,482.9985491473277,0.054233624073689334
2024-09-24 22:40:25.827768+00:00,0.997261656,22.906,-21.435549063845592,55.43580245659832,474.6176041765784,0.054233616431267305
2024-09-24 22:50:31.683596+00:00,0.9973211880000001,22.895999999999997,-21.435813597561676,55.43566098864128,468.2066375727328,0.052276354823546776
2024-09-24 22:50:31.701847+00:00,0.99738072,22.886000000000003,-21.43581360553058,55.43566098437965,468.2064778575623,0.0447774677248027
2024-09-24 23:00:27.386925+00:00,0.99720871,22.91,-21.436029946973715,55.43555413097325,465.4856269395236,0.037278581857841234
2024-09-24 23:00:37.150694+00:00,0.997281536,22.958000000000002,-21.43603140371246,55.435553920697124,465.52174728357636,0.029779699826005885
2024-09-24 23:10:33.066909+00:00,0.997354362,23.006,-21.436120313461654,55.43554108682571,467.82911680347723,0.02228081559058382
2024-09-24 23:20:36.327268+00:00,0.9973543860000001,23.048000000000002,-21.436210318945445,55.4355280947881,470.36891028028924,0.016739187394691626
2024-09-24 23:20:38.113254+00:00,0.997413972,23.090000000000003,-21.43621058541168,55.43552805632444,470.3767309762009,0.01673918732260555
2024-09-24 23:30:33.700260+00:00,0.997493354,23.112000000000002,-21.436299446043442,55.43551522954299,473.0829259450405,0.01673918717642309
2024-09-24 23:40:38.766035+00:00,0.99734114,23.116,-21.43638972089237,55.43550219862328,476.03028717358046,0.016739187095539936
2024-09-24 23:50:33.589563+00:00,0.997294808,23.134000000000004,-21.436478467614396,55.43548938828438,479.1188244134478,0.016324094339591616
2024-09-24 23:50:40.553813+00:00,0.9973014179999999,23.148000000000003,-21.436479506669407,55.435489238299716,479.1560928067337,0.020832074588815228
2024-09-25 00:00:35.766568+00:00,0.997400702,23.158,-21.43652753506506,55.43542254020039,475.39871276124234,0.025340055999048296
2024-09-25 00:00:38.936154+00:00,0.9976588200000001,23.168000000000003,-21.436527201468934,55.43542139198068,475.27607416983153,0.02984803899475132
2024-09-25 00:10:34.460338+00:00,0.99789046,23.174,-21.436464523078605,55.43520565637044,452.2519050786885,0.034356023522905774
2024-09-25 00:10:41.363708+00:00,0.9980162179999998,23.166000000000004,-21.436463796505056,55.43520315554381,451.9852280865294,0.03927910272497435
2024-09-25 00:20:36.192138+00:00,0.9979368040000001,23.154,-21.436401191342185,55.43498767197851,429.02811755071303,0.03927911006713724
2024-09-25 00:20:40.343073+00:00,0.9977051539999999,23.145999999999997,-21.436400754459967,55.43498616825368,428.86806878449795,0.03927911793492868
2024-09-25 00:30:41.596096+00:00,0.9975065900000001,23.145999999999997,-21.43633747311441,55.43476835730436,405.71059173102736,0.03927912570468499
2024-09-25 00:30:46.003000+00:00,0.997334504,23.15,-21.43633700929168,55.43476676085175,405.5410537517032,0.03927913344780205
2024-09-25 00:40:37.087486+00:00,0.99720213,23.154,-21.436274798175603,55.43455263357408,382.830331634445,0.0392791411394932
2024-09-25 00:40:41.674153+00:00,0.9974205460000001,23.196,-21.436274315432982,55.43455097200024,382.6543398653538,0.03969589597094983
2024-09-25 00:50:46.796335+00:00,0.9976389619999999,23.238000000000003,-21.436210626861868,55.43433175940269,359.4718403169799,0.04195240433611985
2024-09-25 01:00:42.170910+00:00,0.997764718,23.252000000000002,-21.436141964549755,55.43410555345132,335.46517739606884,0.0442089139274037
2024-09-25 01:00:46.751682+00:00,0.9978441379999999,23.262,-21.436141247813037,55.434103452376426,335.2380400424912,0.04646542770683844
2024-09-25 01:10:48.078186+00:00,0.998009618,23.276,-21.436047160446083,55.43382764035325,305.479631999813,0.04872194564229314
2024-09-25 01:20:43.644132+00:00,0.9980294799999999,23.256,-21.43595397441262,55.433554470540415,276.1449899421591,0.05056171883666625
2024-09-25 01:30:49.292732+00:00,0.9980030039999999,23.232,-21.435859210783075,55.43327667609006,246.506262785673,0.05056173872735278
2024-09-25 01:30:51.418223+00:00,0.9989688879999999,23.176,-21.43585887821521,55.433275701185366,246.40267099102155,0.050561761669075986
2024-09-25 01:40:44.962882+00:00,0.9999811080000001,23.124000000000002,-21.43576600844519,55.433003458481686,217.62177742563642,0.05056178398399125
2024-09-25 01:50:50.434555+00:00,1.000219158,23.062,-21.43567127249876,55.43272574518289,188.6578287799906,0.05400951533738252
2024-09-25 01:50:51.580080+00:00,1.000457208,23.0,-21.4356710932626,55.432725219761785,188.60352422250165,0.07278517251041501
2024-09-25 02:00:46.147249+00:00,1.0005034380000002,22.942,-21.435669850233374,55.43233574796488,159.98921450653543,0.0915608015629227
2024-09-25 02:00:47.158525+00:00,0.9996168820000001,22.936,-21.435670350557984,55.43233444308793,159.94473095598462,0.11033639654526473
2024-09-25 02:10:51.711873+00:00,0.998644376,22.967999999999996,-21.435969450812635,55.431554371473936,157.20139482207017,0.1291119644950941
2024-09-25 02:10:52.662301+00:00,0.998320268,23.006,-21.43596992103289,55.43155314511099,157.23522881147997,0.1444397894747063
2024-09-25 02:20:47.215929+00:00,0.9979828659999999,23.11,-21.43626407396769,55.43078597640737,196.88781216639532,0.14443966270057965
2024-09-25 02:20:47.848566+00:00,0.997883622,23.214,-21.43626438696218,55.43078516009875,196.94569704433343,0.14443953168500961
2024-09-25 02:30:52.247895+00:00,0.997956408,23.395999999999997,-21.436563411016532,55.43000528721976,261.14409398627527,0.14443940884423173
2024-09-25 02:30:52.674100+00:00,0.9981151440000001,23.54,-21.43656362187965,55.43000473727596,261.19409250698993,0.14443928024357627
2024-09-25 02:40:57.390181+00:00,0.9981673360000001,23.764,-21.436862802645802,55.42922445568308,336.02299943874834,0.14443915729145296
2024-09-25 02:40:57.496250+00:00,0.998232822,23.921999999999997,-21.436862855122996,55.42922431881938,336.0366544863343,0.14443925977455113
2024-09-25 02:50:52.429614+00:00,0.998457052,24.144,-21.437157195930507,55.42845666013233,414.4627578667062,0.12739346813614036
2024-09-25 02:50:52.436016+00:00,0.9985092520000001,24.288,-21.437157199097893,55.42845665187159,414.46361782074274,0.12639901472565568
2024-09-25 03:00:57.894296+00:00,0.9991520460000001,24.479999999999997,-21.437284261598,55.42813832279532,448.16847442834006,0.12540463239560629
2024-09-25 03:00:57.993642+00:00,0.999901384,24.592000000000002,-21.437284216487967,55.42813844758146,448.15554866523127,0.12441028369070233
2024-09-25 03:10:52.773036+00:00,1.0011620959999998,24.732,-21.437014144836617,55.428885536365335,371.97143528381173,0.12341576580842462
2024-09-25 03:10:53.088604+00:00,1.0022640639999998,24.808,-21.437014001546622,55.428885932742915,371.9317834526988,0.13946719655865875
2024-09-25 03:20:58.363133+00:00,1.0024428799999998,24.860000000000003,-21.436739164366298,55.42964620422563,298.1377882656233,0.1394673305508975
2024-09-25 03:20:58.911326+00:00,1.002031102,24.864,-21.43673891544813,55.42964689279834,298.07350903980137,0.13946744336610975
2024-09-25 03:30:54.491449+00:00,1.0020311459999998,24.854000000000003,-21.43646848020949,55.4303949873597,232.63068385430805,0.13946756850512412
2024-09-25 03:31:03.646769+00:00,1.001519816,24.816,-21.43646432305078,55.430406487147366,231.71284628956562,0.139467677959146
2024-09-25 03:40:59.221133+00:00,1.001240888,24.784,-21.43619389042712,55.431154574475,181.5812126157766,0.1394677901755517
2024-09-25 03:40:59.956222+00:00,1.001984714,24.785999999999998,-21.436193556645094,55.43115549780334,181.53426819061872,0.13285177700438403
2024-09-25 03:51:04.623824+00:00,1.0027285400000001,24.788,-21.435918995052337,55.43191500693881,161.41062852435,0.1088129401378134
2024-09-25 04:01:00.508391+00:00,1.00297421,24.802,-21.435701444031988,55.43248115104683,172.62471456055695,0.08477408044393689
2024-09-25 04:01:00.743857+00:00,1.00321988,24.816,-21.435701414358228,55.43248118115074,172.6244431800628,0.060735199899700054
2024-09-25 04:11:06.468248+00:00,1.003465596,24.839999999999996,-21.435625080102756,55.43255862194275,172.32098587993187,0.03669629584430896
2024-09-25 04:11:06.704742+00:00,1.00361171,24.854,-21.435625050299468,55.43255865217807,172.32102175881798,0.019273496968790448
2024-09-25 04:21:01.820717+00:00,1.003273036,24.844,-21.435550052931774,55.43263473670286,172.79254781779704,0.01927349942499369
2024-09-25 04:21:02.123802+00:00,1.003020696,24.836000000000002,-21.435550014736563,55.43263477545175,172.79298161267604,0.019273501952129797
2024-09-25 04:31:07.090877+00:00,1.003611904,24.874000000000002,-21.43547377591918,55.432712119422206,174.04788786639048,0.019273507114760217
2024-09-25 04:31:07.631251+00:00,1.0039706640000001,24.895999999999997,-21.435473707820474,55.43271218850807,174.0493539118059,0.019273508496583155
2024-09-25 04:41:02.522457+00:00,1.003213238,24.918,-21.435398738778495,55.43278824429654,176.03003008970063,0.019273510224690794
2024-09-25 04:41:02.656259+00:00,1.0029406,24.964000000000002,-21.43539872191658,55.432788261402884,176.03055707879452,0.019273512644951037
2024-09-25 04:51:07.389139+00:00,1.0035316120000002,25.064,-21.43532251261278,55.43286557543193,178.77686649864066,0.01941431298891567
2024-09-25 04:51:07.592062+00:00,1.003126318,25.07,-21.435322487040132,55.432865601375276,178.77790849760945,0.02020907046757002
2024-09-25 05:01:03.499131+00:00,1.002721024,25.076,-21.43523697615079,55.43293481003903,181.0398943160285,0.021003828723454222
2024-09-25 05:11:08.008537+00:00,1.003312346,25.072,-21.435119280813197,55.43298428203445,180.8949016772779,0.021798585758643203
2024-09-25 05:11:09.686671+00:00,1.003903668,25.068,-21.435118954087844,55.43298441937001,180.8960185965189,0.02259334246673622
2024-09-25 05:21:13.179123+00:00,1.0033988440000001,25.002,-21.43500145674682,55.433033808139655,181.84077359810706,0.023247300893652498
2024-09-25 05:21:15.185532+00:00,1.003046778,24.984,-21.43500106610777,55.43303397234067,181.84571170774595,0.023247302005687684
2024-09-25 05:31:08.329346+00:00,1.00388348,24.922,-21.434885583601247,55.43308251419585,183.8193761221689,0.0232473032172344
2024-09-25 05:31:10.522922+00:00,1.004839752,24.869999999999997,-21.434885156521606,55.43308269371428,183.82855549556473,0.02324730417364061
2024-09-25 05:41:13.875116+00:00,1.004435024,24.752,-21.43476768648816,55.433132071005474,186.8652955749058,0.023247305449016886
2024-09-25 05:41:16.087665+00:00,1.004262792,24.642000000000003,-21.434767255714576,55.43313225207662,186.87827815689903,0.023247306623377446
2024-09-25 05:51:08.872530+00:00,1.004050502,24.594,-21.434651843093874,55.433180764556035,190.82477456911434,0.024072846713148095
2024-09-25 05:51:11.572177+00:00,1.0026494439999998,24.589999999999996,-21.434651317484416,55.43318098549043,190.8448371709493,0.02737733368763819
2024-09-25 06:01:14.788930+00:00,1.00129494,24.57,-21.43450917426715,55.43322718302065,195.5289059325521,0.030681821289625717
2024-09-25 06:01:17.050514+00:00,1.0013014359999999,24.616,-21.434508376433232,55.433227326097054,195.5467932814728,0.03398630828560434
2024-09-25 06:11:10.031127+00:00,1.001367644,24.672000000000004,-21.43429918673649,55.4332648403085,201.5712373536933,0.0372907954856807
2024-09-25 06:11:13.533480+00:00,1.00147391,24.666,-21.43429795118827,55.43326506188068,201.6144795641994,0.03976974366866489
2024-09-25 06:21:15.547894+00:00,1.001434012,24.676000000000002,-21.434085574577754,55.43330314760478,210.28972503434176,0.03976974488879807
2024-09-25 06:21:19.394686+00:00,1.00134756,24.701999999999998,-21.434084217519494,55.43330339096749,210.3527704035929,0.03976974570229508
2024-09-25 06:31:14.927958+00:00,1.0015798280000001,24.740000000000002,-21.433874127304357,55.43334106666986,221.17510547867604,0.03976974672005848
2024-09-25 06:31:20.830348+00:00,1.001752384,24.768,-21.433872045079152,55.43334144007753,221.2924042427389,0.03976974709812336
2024-09-25 06:41:15.927375+00:00,1.0010614820000001,24.802,-21.433662108761048,55.43337908818138,234.02737644985245,0.039769748021278015
2024-09-25 06:41:20.443579+00:00,1.000516744,24.82,-21.433660515549942,55.43337937389363,234.13052084368772,0.0397697488899074
2024-09-25 06:51:16.206251+00:00,1.000742322,24.866000000000003,-21.433450344407824,55.433417064108724,248.5009211233256,0.03912929966448816
2024-09-25 06:51:21.334904+00:00,1.00064918,24.9,-21.43344853513893,55.433417388566845,248.6308258457372,0.037644479204175664
2024-09-25 07:01:16.816285+00:00,1.000310326,24.92,-21.43325280511462,55.43342409919442,260.80294201465847,0.036159659328887955
2024-09-25 07:01:22.286039+00:00,1.00083493,24.934,-21.433251320171937,55.43342348528625,260.84314999647887,0.03467483938838375
2024-09-25 07:11:18.602340+00:00,1.0010272420000002,24.961999999999996,-21.43308943071412,55.43335655660159,265.8970292066885,0.033190019637286884
2024-09-25 07:11:22.891333+00:00,1.000449238,24.962,-21.433088266327445,55.43335607521836,265.93809841403544,0.0323456503051849
2024-09-25 07:21:18.263517+00:00,1.0006418419999998,24.98,-21.432926633180966,55.43328925249848,272.2656435433745,0.03234565250628896
2024-09-25 07:21:24.265332+00:00,1.0010801580000002,25.012,-21.432925003793038,55.43328857887345,272.33561469037056,0.032345654542384326
2024-09-25 07:31:19.830243+00:00,1.0011263080000001,25.058,-21.432763318324465,55.43322173452246,279.86219558397585,0.0323456568423099
2024-09-25 07:31:23.753862+00:00,1.00150475,25.089999999999996,-21.4327622531305,55.43322129414771,279.9155059605492,0.03234565895464769
2024-09-25 07:41:19.673754+00:00,1.001710362,25.124,-21.43260047129076,55.43315440995474,288.54649021721156,0.032345661244491286
2024-09-25 07:41:25.439687+00:00,1.0011453659999998,25.139999999999997,-21.432598905940736,55.433153762804395,288.6350279079173,0.0323456634621757
2024-09-25 07:51:21.048365+00:00,1.0006597999999998,25.188,-21.432437208590176,55.433086913541125,298.26780670004433,0.03237224545465769
2024-09-25 07:51:25.388928+00:00,1.0005663999999999,25.222,-21.43243603020317,55.43308642636986,298.34143118051065,0.03401339469462968
2024-09-25 08:01:21.486884+00:00,1.0002003739999998,25.26,-21.432295062294262,55.432976643060236,304.4853201463309,0.0356545460831252
2024-09-25 08:01:27.459187+00:00,1.000007178,25.296,-21.43229408920738,55.43297454974565,304.45470532485825,0.037295698935037334
2024-09-25 08:11:23.737894+00:00,1.0002924759999998,25.352,-21.432196935562843,55.432765551818534,302.3605341121881,0.03893685365274796
2024-09-25 08:11:27.078822+00:00,1.000498344,25.375999999999998,-21.43219639121449,55.43276438081072,302.3542072711003,0.040551429966272076
2024-09-25 08:21:29.546682+00:00,1.00076386,25.419999999999998,-21.432098229150917,55.43255321356212,302.20573526504876,0.04055144107663702
2024-09-25 08:21:32.228071+00:00,1.0011422460000001,25.472,-21.43209779226345,55.43255227372528,302.2094889022177,0.040551454138229096
2024-09-25 08:31:25.016584+00:00,1.001520632,25.524,-21.432001207287648,55.43234449912425,303.99439082968877,0.04055146722683567
2024-09-25 08:41:30.580152+00:00,1.001979226,25.566,-21.431902540830237,55.432132246818405,307.7518821775458,0.04055148027073768
2024-09-25 08:41:31.772920+00:00,1.0024378200000001,25.607999999999997,-21.431902346488634,55.43213182874874,307.7611714247632,0.04055149449074831
2024-09-25 08:51:26.264916+00:00,1.0017057360000001,25.634000000000004,-21.431805483958783,55.43192345707055,313.2874471066587,0.039855566084855444
2024-09-25 08:51:27.316364+00:00,1.001133408,25.648000000000003,-21.431805312642904,55.431923088534056,313.2987781083892,0.037721356056626736
2024-09-25 09:01:31.718536+00:00,1.001059766,25.682,-21.43171324702114,55.43173053090866,320.223914775551,0.03558714503860055
2024-09-25 09:01:33.449758+00:00,1.000427422,25.706,-21.431713020770946,55.43173009421991,320.2431572655216,0.03345293309067281
2024-09-25 09:11:29.712641+00:00,0.999861282,25.753999999999998,-21.431635096280125,55.43157969104131,327.2899157843743,0.03131871964923702
2024-09-25 09:11:38.015469+00:00,1.000618976,25.816000000000003,-21.431634011198923,55.4315775967105,327.3938140764886,0.02988044846539113
2024-09-25 09:21:34.184639+00:00,1.00137667,25.877999999999997,-21.4315560989553,55.431427217170395,335.249970432494,0.029880455808326017
2024-09-25 09:31:30.487085+00:00,1.001322194,25.953999999999997,-21.431478169294063,55.431276804012306,343.85230220219745,0.029880463182959904
2024-09-25 09:31:39.925700+00:00,1.001267718,26.03,-21.431476935778964,55.4312744231871,343.9941550152739,0.029880470876006815
2024-09-25 09:41:35.039271+00:00,1.0012469320000001,26.082,-21.43139916148963,55.43112430991455,353.27788623749774,0.02988047823712751
2024-09-25 09:41:35.526067+00:00,1.001033342,26.115999999999996,-21.43139909787116,55.43112418712362,353.2857467276967,0.029880484430282645
2024-09-25 09:51:40.376572+00:00,1.0006657140000002,26.195999999999998,-21.431320051079954,55.43097161777694,363.37110233734376,0.026790020021605982
2024-09-25 09:51:41.515729+00:00,1.0012911660000001,26.241999999999997,-21.43131990220564,55.430971330432484,363.3906807468611,0.02648390340478123
2024-09-25 10:01:36.690864+00:00,1.0019166179999999,26.288,-21.431307034643005,55.430889526514406,365.7943686812787,0.026177787876588875
2024-09-25 10:11:42.626108+00:00,1.002155736,26.330000000000002,-21.43144479646981,55.430964633951056,349.6587326177569,0.025871667721177737
2024-09-25 10:11:42.954436+00:00,1.0023948539999998,26.371999999999996,-21.43144487111655,55.43096467464829,349.65001639145146,0.025565544522922284
2024-09-25 10:21:37.714031+00:00,1.0029609819999998,26.386000000000003,-21.431580092114434,55.43103839683075,333.91320437820144,0.028349891366508312
2024-09-25 10:21:38.153238+00:00,1.002847514,26.4,-21.4315801919699,55.431038451271725,333.90162391871144,0.028349888864722856
2024-09-25 10:31:43.488739+00:00,1.002633924,26.424,-21.431717817442774,55.43111348436852,318.0034609822237,0.028349882956323718
2024-09-25 10:31:44.017326+00:00,1.002706774,26.451999999999998,-21.431717937619165,55.431113549888416,317.98963587413607,0.028349879406312756
2024-09-25 10:41:38.436522+00:00,1.0024595280000002,26.49,-21.43185308122594,55.431187229877416,302.51263619712637,0.028349877923480447
2024-09-25 10:41:39.058534+00:00,1.00203931,26.51,-21.431853222642857,55.431187306977606,302.49651770991613,0.028349875064263907
2024-09-25 10:51:43.565410+00:00,1.002191884,26.558,-21.43199065972451,55.43126223736393,286.9159364591467,0.030653135578380064
2024-09-25 10:51:44.243500+00:00,1.00244458,26.595999999999997,-21.43199081389101,55.431262321415154,286.8985590490329,0.037508776092564255
2024-09-25 11:01:39.438177+00:00,1.002843902,26.637999999999998,-21.43217524745749,55.431377628488086,266.30972406584885,0.0443644144156409
2024-09-25 11:01:40.462678+00:00,1.00356332,26.669999999999998,-21.432175730855086,55.43137796699477,266.25650413141165,0.05122004742381804
2024-09-25 11:11:45.018970+00:00,1.003989496,26.694,-21.43246098295312,55.43157771921639,235.80342424385503,0.05807567888094038
2024-09-25 11:11:46.142869+00:00,1.00384288,26.690000000000005,-21.432461513250328,55.43157809056527,235.74880990541337,0.06262804385358321
2024-09-25 11:21:41.345169+00:00,1.0042759220000002,26.718,-21.432742351787653,55.431774752122294,208.16079316401482,0.06262802573525247
2024-09-25 11:21:50.257815+00:00,1.004562338,26.742,-21.432746557104917,55.43177769696116,207.77067177208372,0.0626280058972414
2024-09-25 11:31:45.296432+00:00,1.00466897,26.744,-21.433027318410613,55.43197430443554,183.69791264205722,0.06262798911034397
2024-09-25 11:31:46.452575+00:00,1.005068844,26.753999999999998,-21.43302786392172,55.43197468643819,183.65542905432224,0.06262797134134815
2024-09-25 11:41:50.618651+00:00,1.005582224,26.75,-21.433312931901273,55.43217430972797,164.34186206647774,0.06262795299502416
2024-09-25 11:41:52.105032+00:00,1.005515946,26.714,-21.433313633231023,55.43217480084505,164.30229224054546,0.06262793343586118
2024-09-25 11:51:45.487621+00:00,1.00544978,26.668,-21.43359361316129,55.43237086114912,152.27674855680462,0.06297032498265193
2024-09-25 11:51:47.560464+00:00,1.005563398,26.644,-21.433594591205438,55.43237154603976,152.2489747516969,0.0640833753147886
2024-09-25 12:01:51.209319+00:00,1.005310876,26.586000000000002,-21.433879327883155,55.43258887576191,150.4245688371539,0.06519642349259466
2024-09-25 12:01:53.558813+00:00,1.0049448479999998,26.542,-21.43388044684766,55.43258985099729,150.44792703352414,0.06630947031239011
2024-09-25 12:11:46.792643+00:00,1.00455285,26.442,-21.434162978998568,55.43283609236646,161.40663030536209,0.0674225169510821
2024-09-25 12:11:49.478850+00:00,1.00416074,26.351999999999997,-21.434164258325193,55.43283720736572,161.47761167425975,0.06819315323888048
2024-09-25 12:21:52.415485+00:00,1.004081576,26.27,-21.434451411511105,55.43308747620568,181.43135198974653,0.06819312661936916
2024-09-25 12:21:54.751651+00:00,1.004368552,26.222,-21.434452524128105,55.433088445908886,181.52251258942795,0.06819310003164829
2024-09-25 12:31:49.908360+00:00,1.0055945860000002,26.162,-21.43473597206472,55.433335485432615,207.44458250951274,0.06819307351958945
2024-09-25 12:31:57.639474+00:00,1.0068465899999999,26.157999999999998,-21.434739654066913,55.43333869448779,207.81218930318263,0.06819304736249421
2024-09-25 12:41:52.843177+00:00,1.0070466460000003,26.127999999999997,-21.435023124384863,55.43358575351801,237.92237290798036,0.06819302005572818
2024-09-25 12:41:55.765922+00:00,1.006933756,26.089999999999996,-21.435024516364575,55.433586966700254,238.07790619684363,0.06819299355687092
2024-09-25 12:51:50.873248+00:00,1.007466572,25.95,-21.4353079407822,55.43383398572597,270.943331327338,0.06524116163210736
2024-09-25 12:51:58.006038+00:00,1.00706033,25.822000000000003,-21.435311337828022,55.43383694642694,271.3499143446107,0.05617616406508556
2024-09-25 13:01:54.374024+00:00,1.006155368,25.631999999999998,-21.43553371649046,55.43403114385916,298.52272518684674,0.04711117077117497
2024-09-25 13:01:58.016734+00:00,1.006302354,25.467999999999996,-21.43553429489174,55.43403165534474,298.595227508361,0.03804618262149972
2024-09-25 13:11:53.312449+00:00,1.006130348,25.294,-21.43562881787089,55.43411524288636,310.51644044596236,0.028981199079074472
2024-09-25 13:11:59.548901+00:00,1.00549208,25.189999999999998,-21.435629808114925,55.434116118568284,310.6420658785089,0.022868025106759688
2024-09-25 13:21:58.984512+00:00,1.004853812,25.086000000000002,-21.435724988440118,55.434200287407066,322.7828390859681,0.02286802158722152
2024-09-25 13:31:54.188871+00:00,1.0048266319999999,24.906,-21.435819496913442,55.43428386212105,334.95758523605,0.02286801796162473
2024-09-25 13:32:00.596248+00:00,1.0047994519999999,24.726,-21.43582051429751,55.43428476180316,335.0892477339344,0.0228680143523008
2024-09-25 13:41:56.516326+00:00,1.00454702,24.468,-21.435915136414998,55.434368437013724,347.3865839144833,0.02286801073162456
2024-09-25 13:41:59.991337+00:00,1.004115144,24.242,-21.435915688188494,55.43436892495211,347.45858486853933,0.02286800775481701
2024-09-25 13:52:02.280776+00:00,1.003643452,24.006,-21.436011321653748,55.434453494506826,359.98525347035115,0.02310445674476801
2024-09-25 13:52:05.978890+00:00,1.0030593919999997,23.908,-21.436011908852258,55.434454013771884,360.06244960710455,0.024729768137754144
2024-09-25 14:01:57.598879+00:00,1.002514918,23.779999999999998,-21.436132448468086,55.43450014953697,370.43818675390304,0.02635508004109934
2024-09-25 14:02:01.771700+00:00,1.002514688,23.740000000000002,-21.436133609241935,55.43450006994634,370.4914653234428,0.027980392630968142
2024-09-25 14:12:03.382732+00:00,1.002441478,23.682,-21.436300962299754,55.43448859507054,378.5569844624247,0.029605705749275135
2024-09-25 14:12:07.322124+00:00,1.002408084,23.634000000000004,-21.43630205813953,55.43448851993223,378.6122582477624,0.030994567320300037
2024-09-25 14:22:03.678157+00:00,1.002652802,23.576,-21.43646794938878,55.43447714528808,387.3328838004684,0.030994567250297183
2024-09-25 14:22:08.483232+00:00,1.0028579340000001,23.548000000000002,-21.436469286039777,55.4344770536381,387.40593361431206,0.0309945674752861
2024-09-25 14:32:02.859625+00:00,1.0026256139999998,23.468,-21.43663462660296,55.43446571675276,396.76957686087707,0.030994567388192694
2024-09-25 14:32:04.648290+00:00,1.002466274,23.406,-21.4366351241646,55.434465682636514,396.79871235407217,0.03099456819757711
2024-09-25 14:42:01.279910+00:00,1.0020818459999998,23.339999999999996,-21.436801092075175,55.43445430273593,406.82245630576097,0.030994568182324406
2024-09-25 14:42:02.786415+00:00,1.001419306,23.284,-21.436801511147035,55.43445427400148,406.84851771040735,0.030994565036222506
2024-09-25 14:52:11.079934+00:00,1.0007634500000002,23.241999999999997,-21.436970723104604,55.43444267166674,417.6653428615182,0.031638861929791304
2024-09-25 14:52:11.211665+00:00,1.000545046,23.252,-21.43697075974884,55.43444266915416,417.6677471675322,0.03552143349788765
2024-09-25 15:02:08.830036+00:00,1.000207506,23.272,-21.43713843980071,55.434523783014725,436.13397790936193,0.039404000710912615
2024-09-25 15:02:11.726643+00:00,1.0001215760000002,23.31,-21.437139263495318,55.434524881647725,436.2798943292111,0.043286561676623495
2024-09-25 15:12:08.902932+00:00,1.000035646,23.348,-21.43730907972976,55.43475138030033,466.36386558224297,0.047169122075469194
2024-09-25 15:22:10.808179+00:00,0.99983047,23.386,-21.437480240715907,55.434979672565014,496.68827211864425,0.05040737861803626
2024-09-25 15:22:15.468733+00:00,0.9995590639999999,23.432,-21.437481566015894,55.43498144023265,496.92308165209863,0.05040735367211492
2024-09-25 15:32:11.147908+00:00,0.9994067940000001,23.468,-21.437650956523058,55.435207371055824,526.9356282743198,0.05040732879313335
2024-09-25 15:42:10.913983+00:00,0.9990557819999999,23.492,-21.437821509202816,55.435434851969475,557.1555985974961,0.05040730729598836
2024-09-25 15:42:16.264803+00:00,0.99870477,23.516000000000002,-21.437823030790558,55.435436881443124,557.4252124885361,0.05040728588224823
2024-09-25 15:52:11.381449+00:00,0.998757776,23.544,-21.437992261333893,55.435662598908664,587.4121904306517,0.04855972442246546
2024-09-25 15:52:17.280660+00:00,0.998877012,23.564,-21.437993938865,55.43566483637751,587.70944789437,0.0451761194448317
2024-09-25 16:02:13.307805+00:00,0.9989962440000001,23.574,-21.43809349836154,55.435876417116795,611.5907911799625,0.04179251849418121
2024-09-25 16:02:17.666128+00:00,0.999287696,23.582,-21.438093334011707,55.43587781620983,611.6902866842333,0.03840892195877892
2024-09-25 16:12:13.709502+00:00,0.9993406740000002,23.589999999999996,-21.438070857561655,55.436069155893705,625.4690594765992,0.03502532936319657
2024-09-25 16:12:19.156451+00:00,0.9991021959999999,23.580000000000002,-21.43807065216036,55.43607090445357,625.5965144665713,0.033489281162033854
2024-09-25 16:22:15.029392+00:00,0.9989962,23.576,-21.438048182137248,55.43626218942557,639.7003312705083,0.03348928381649327
2024-09-25 16:22:19.664238+00:00,0.9988902080000001,23.582,-21.438048007359885,55.4362636772871,639.8112551714052,0.033489286162162527
2024-09-25 16:32:15.186351+00:00,0.998519202,23.596,-21.438025550566284,55.43645484963764,654.2135707559805,0.03348928858089469
2024-09-25 16:32:20.665896+00:00,0.99838667,23.61,-21.438025343935827,55.43645660866127,654.347440511059,0.03348929137146432
2024-09-25 16:42:16.315498+00:00,0.99834687,23.630000000000003,-21.438002882334686,55.43664782193787,669.0400689414414,0.033489293626988444
2024-09-25 16:42:20.846384+00:00,0.998174588,23.644000000000002,-21.438002711477598,55.43664927642652,669.1528729753227,0.03348929622966059
2024-09-25 16:52:16.176793+00:00,0.9981812000000001,23.658,-21.437980261913047,55.43684038723691,684.1055921453952,0.033396159298176464
2024-09-25 16:52:21.642789+00:00,0.9984528260000001,23.664,-21.437980055793506,55.43684214191115,684.2440573619339,0.055151144105552996
2024-09-25 17:02:16.554315+00:00,0.998565506,23.64,-21.438099569034197,55.43670234259239,679.8315407184501,0.07690610042332982
2024-09-25 17:02:23.183989+00:00,0.998585454,23.610000000000003,-21.438103658361094,55.43669435899575,679.4198597930274,0.09866103026162303
2024-09-25 17:12:19.081553+00:00,0.99873125,23.572,-21.438471220920373,55.43597676627566,646.9788726000027,0.12041593044508618
2024-09-25 17:12:22.257869+00:00,0.998698152,23.534,-21.438473180141163,55.43597294128712,646.8313643013562,0.1422639416761258
2024-09-25 17:22:18.073882+00:00,0.9984796140000001,23.492,-21.438840692398106,55.43525544677232,624.3515369052291,0.14226380299939495
2024-09-25 17:22:24.891041+00:00,0.9985392340000001,23.48,-21.43884489736978,55.43524723740228,624.1562575074469,0.14226363694486516
2024-09-25 17:32:20.410770+00:00,0.9985988539999999,23.468,-21.43921222687222,55.434530099679264,612.8075061907942,0.14226346953118046
2024-09-25 17:42:19.149510+00:00,0.9984730199999999,23.464000000000002,-21.439581541930597,55.43380908555357,613.0999491843567,0.14226330280454064
2024-09-25 17:42:27.480033+00:00,0.998353804,23.464000000000002,-21.43958668037819,55.43379905375764,613.187484987484,0.11650954379729236
2024-09-25 17:52:24.499072+00:00,0.9984796360000001,23.468,-21.43995493468765,55.433080110533034,625.3051576120938,0.1235753427208793
2024-09-25 18:02:22.615723+00:00,0.998486256,23.472,-21.439937326314908,55.43300445451659,621.2125182721791,0.1306412417957165
2024-09-25 18:12:28.341988+00:00,0.9991021159999999,23.462,-21.43936735911004,55.433844259002626,593.1187473261624,0.13770721325942187
2024-09-25 18:12:29.038297+00:00,0.9997775819999999,23.452,-21.439366703907663,55.43384522439484,593.0969142404713,0.14477326007547464
2024-09-25 18:22:23.791569+00:00,0.9996915420000001,23.395999999999997,-21.43880706190523,55.43466981545937,583.7913999579167,0.1775929702743019
2024-09-25 18:22:24.715881+00:00,0.999545894,23.34,-21.438806192159944,55.43467109696467,583.7916963215924,0.1775931991876722
2024-09-25 18:32:29.676221+00:00,0.999128814,23.298000000000002,-21.438236945663796,55.43550983953976,593.8013241802475,0.17759342380707466
2024-09-25 18:32:30.713783+00:00,0.99820177,23.28,-21.43823596935418,55.435511278059714,593.8350447781381,0.1775936932787326
2024-09-25 18:42:26.446378+00:00,0.997274726,23.262,-21.437675405842974,55.43633722689923,621.9705899919686,0.17759396140780465
2024-09-25 18:52:30.182203+00:00,0.997321028,23.318,-21.43710731157263,55.437174271754884,666.5996976087571,0.1641507625968204
2024-09-25 18:52:32.287921+00:00,0.99736733,23.374000000000002,-21.43710533016571,55.43717719121131,666.780302092953,0.14120538367674607
2024-09-25 19:02:29.197265+00:00,0.997605664,23.363999999999997,-21.436658357381805,55.43759506788231,687.8838312629749,0.11825996802706737
2024-09-25 19:02:36.033133+00:00,0.997744722,23.344,-21.436655282543217,55.43759255245195,687.523383543718,0.09531446697381864
2024-09-25 19:12:31.733303+00:00,0.9977116880000001,23.318,-21.43638733093476,55.43737334952702,656.433209584987,0.0723689245615708
2024-09-25 19:12:34.847031+00:00,0.9974601959999999,23.26,-21.43638593035026,55.43737220375215,656.2724458160598,0.06286681056389212
2024-09-25 19:22:30.671597+00:00,0.99748009,23.208,-21.436117922787282,55.437152955052554,625.8764857956764,0.06286683164847286
2024-09-25 19:22:37.045242+00:00,0.997579384,23.208,-21.43611505586105,55.43715060970886,625.5554749376647,0.06286685313399185
2024-09-25 19:32:32.965131+00:00,0.997566148,23.202,-21.435847005420932,55.436931325932804,595.9681377786425,0.06286687446180521
2024-09-25 19:32:36.495927+00:00,0.997725004,23.202,-21.435845417235257,55.436930026687214,595.7954755410218,0.06286689617760763
2024-09-25 19:42:32.096262+00:00,0.9977978180000001,23.198,-21.435577510533594,55.43671086049914,567.160755971438,0.06286691744236036
2024-09-25 19:42:38.682403+00:00,0.997599246,23.188000000000002,-21.43557454802458,55.43670843696213,566.8498534606537,0.06286693878883867
2024-09-25 19:52:34.243241+00:00,0.9971027320000001,23.198,-21.435306659089026,55.436489285307964,539.3094849780945,0.06534066962028387
2024-09-25 19:52:37.855166+00:00,0.9967187479999999,23.214,-21.435305034410774,55.43648795620892,539.1460999051324,0.07116754251851447
2024-09-25 20:02:34.276847+00:00,0.9966061780000001,23.238,-21.4349870160876,55.43622107641152,507.4153685840606,0.07699442066689648
2024-09-25 20:02:39.489868+00:00,0.9965995120000001,23.266,-21.43498364755107,55.43621818244541,507.08297594971276,0.08282131390434204
2024-09-25 20:12:40.586226+00:00,0.9966656620000001,23.3,-21.43459523264385,55.435884488698285,470.4626090696052,0.08864822196136286
2024-09-25 20:22:36.411833+00:00,0.997029754,23.314,-21.434210223576848,55.435553720965494,438.04914741526136,0.0920014264379947
2024-09-25 20:32:41.869959+00:00,0.997208466,23.323999999999998,-21.43381899019358,55.43521760581842,410.02328442675633,0.09200149356187506
2024-09-25 20:32:45.047265+00:00,0.9971157639999999,23.326,-21.43381693709004,55.435215841962815,409.8911232349898,0.09200155963612619
2024-09-25 20:42:37.608141+00:00,0.9969899440000001,23.332,-21.433434037618657,55.43488688661892,388.31633192164566,0.09200161692900785
2024-09-25 20:42:40.183124+00:00,0.996791308,23.332,-21.433432373722784,55.43488545713813,388.2366671514077,0.09200166439617466
2024-09-25 20:52:43.091059+00:00,0.996784674,23.339999999999996,-21.433042788215314,55.43455075770874,373.272932854473,0.09065681632840814
2024-09-25 20:52:45.666801+00:00,0.997036262,23.348,-21.433041123828964,55.43454932780658,373.2254023555652,0.08937797686026584
2024-09-25 21:02:48.891931+00:00,0.99728785,23.355999999999998,-21.43276035718897,55.434154328870655,354.10412703827666,0.0880991364706334
2024-09-25 21:12:43.952542+00:00,0.997486486,23.356,-21.432612460404886,55.43368851727478,326.3529733929407,0.08682029353130269
2024-09-25 21:12:46.456532+00:00,0.997685122,23.356,-21.43261183806144,55.433686557159184,326.2480160301257,0.08554144922661785
2024-09-25 21:22:41.308182+00:00,0.9975593220000001,23.352,-21.43246399321268,55.43322090913734,304.58170734586963,0.08560749801899582
2024-09-25 21:22:49.564801+00:00,0.997559338,23.330000000000002,-21.432461941106766,55.43321444588166,304.33008312882185,0.08560754506352296
2024-09-25 21:32:44.947464+00:00,0.9975593540000001,23.308,-21.43231396427969,55.4327483821846,290.1761603039695,0.08560759041467376
2024-09-25 21:42:50.490146+00:00,0.997466698,23.29,-21.432163462274275,55.432274365256106,284.5582578207845,0.08560763755052478
2024-09-25 21:42:51.425865+00:00,0.997374042,23.272,-21.432163229710035,55.432273632778255,284.5567986555449,0.08560769068922704
2024-09-25 21:52:46.144073+00:00,0.9975395859999999,23.264,-21.432015418027053,55.431808089214435,288.1681476570094,0.08004371512215044
2024-09-25 21:52:46.364855+00:00,0.9975064720000001,23.278,-21.43201536315372,55.43180791638691,288.17115015036916,0.07195901403024749
2024-09-25 22:02:51.905580+00:00,0.997427018,23.29,-21.432012594292516,55.431469854328704,284.6875346550135,0.06387428902008271
2024-09-25 22:02:51.949754+00:00,0.9975064440000001,23.302,-21.432012609169508,55.431469843538544,284.6858292336783,0.055789505851720524
2024-09-25 22:12:47.534393+00:00,0.9975064220000001,23.314,-21.43221319075886,55.43132436333794,262.0654599665613,0.04770475355043078
2024-09-25 22:12:47.557951+00:00,0.997380634,23.312,-21.432213198692708,55.43132435758359,262.06458127369694,0.04518403671756422
2024-09-25 22:22:53.207568+00:00,0.99719526,23.31,-21.432417169975373,55.43117641886591,239.97185547023147,0.04518401117361521
2024-09-25 22:22:53.311160+00:00,0.997056226,23.31,-21.432417204863256,55.43117639356201,239.9681696192798,0.045183999160449836
2024-09-25 22:32:48.148453+00:00,0.997221742,23.302,-21.432617534760702,55.431031095911514,219.42997295924735,0.04518403607772834
2024-09-25 22:32:48.600171+00:00,0.997466706,23.294,-21.432617686890705,55.43103098557286,219.4148968202094,0.045184028928912046
2024-09-25 22:42:53.279558+00:00,0.997605748,23.282,-21.432821331418335,55.430883283847955,200.08372266918485,0.045184002505460466
2024-09-25 22:42:53.967556+00:00,0.997506392,23.291999999999998,-21.43282156312306,55.4308831157944,200.0627891002884,0.046984771455040854
2024-09-25 22:52:59.344342+00:00,0.997407036,23.302,-21.433025442521437,55.43073524371965,182.7665322331524,0.05457527086339784
2024-09-25 23:02:53.055435+00:00,0.9970826239999999,23.310000000000002,-21.433313960943664,55.430711990865994,154.0127422315831,0.0621657664347924
2024-09-25 23:02:54.745573+00:00,0.9967582119999999,23.317999999999998,-21.433315156463397,55.430712430617994,153.87300829379507,0.0697562601458504
2024-09-25 23:12:58.536348+00:00,0.9966721420000001,23.326,-21.433742248061407,55.43086952914132,104.08815121845464,0.0773467546008649
2024-09-25 23:13:00.317741+00:00,0.9968840560000001,23.311999999999998,-21.433743508130423,55.430869992636694,103.94185519270007,0.08313646953222995
2024-09-25 23:22:53.479319+00:00,0.9970363860000001,23.298,-21.43416308116267,55.431024325580964,55.760520970225734,0.08313645580412862
2024-09-25 23:22:55.815958+00:00,0.9971092220000001,23.294,-21.434164733984996,55.4310249335441,55.574647585844616,0.08313644213533758
2024-09-25 23:32:58.599503+00:00,0.9968841920000001,23.28,-21.434591113118756,55.431181769999334,16.46564741510968,0.08313642807058792
2024-09-25 23:33:01.663293+00:00,0.996493624,23.272,-21.43459328029147,55.431182567157684,16.420313257249767,0.08313641284802367
2024-09-25 23:42:56.578611+00:00,0.9961030560000002,23.264,-21.43501409383229,55.431337356402345,49.385640810188676,0.08313639803004107
2024-09-25 23:52:58.282466+00:00,0.996010358,23.267999999999997,-21.435439709246992,55.43149391193626,98.02794702534125,0.07929739463489652
2024-09-25 23:53:02.179930+00:00,0.9959176600000001,23.272,-21.435442466119447,55.43149492600582,98.34753853007619,0.07224933820117273
2024-09-26 00:02:58.747952+00:00,0.9959904460000001,23.278,-21.43573829071107,55.431681531738874,134.6570470677401,0.06520128029714642
2024-09-26 00:03:04.112043+00:00,0.99609635,23.282,-21.435739545935455,55.43168361572748,134.84856686609794,0.058153224304040727
2024-09-26 00:12:59.212445+00:00,0.9963876380000001,23.279999999999998,-21.435878802438452,55.43191481659299,157.25839472814775,0.051105167250660985
2024-09-26 00:13:04.589781+00:00,0.996328092,23.268,-21.43588006076228,55.43191690572744,157.46987162943418,0.047896094646624435
2024-09-26 00:23:00.015148+00:00,0.9962685459999999,23.256,-21.436019393308758,55.432148232844284,181.62397549364667,0.047896075677531694
2024-09-26 00:33:05.128774+00:00,0.99636781,23.266,-21.436160992956786,55.432383323920654,207.31034306513965,0.04789605610443308
2024-09-26 00:33:08.685473+00:00,0.9964207860000001,23.262,-21.43616182524237,55.43238470572432,207.46388847432942,0.04789603319903109
2024-09-26 00:43:10.267273+00:00,0.9964406199999999,23.272,-21.43630259842527,55.43261842466044,233.7699310117955,0.04416154173166276
2024-09-26 00:53:05.644927+00:00,0.9965730019999999,23.279999999999998,-21.43644191980666,55.432849733240424,260.32789888007744,0.0364187899928847
2024-09-26 01:03:03.315527+00:00,0.99665908,23.273999999999997,-21.436511890712694,55.433000815601595,276.051344783106,0.028676041283363547
2024-09-26 01:03:11.569021+00:00,0.9967187299999999,23.253999999999998,-21.436511638641726,55.43300149589503,276.073296942619,0.020933296244249295
2024-09-26 01:13:06.384557+00:00,0.996996768,23.253999999999998,-21.436493472307966,55.43305052350734,277.7052439852904,0.01319055785367359
2024-09-26 01:13:08.396692+00:00,0.9966459860000001,23.235999999999997,-21.436493410855107,55.433050689357366,277.7109305438081,0.009182291578359546
2024-09-26 01:23:11.354686+00:00,0.9962952039999999,23.218,-21.43647499584155,55.43310038811097,279.464788040288,0.009182292327115323
2024-09-26 01:33:06.296180+00:00,0.9963216960000001,23.212,-21.436456825660894,55.43314942610535,281.29143734704314,0.009182292924462335
2024-09-26 01:33:07.960442+00:00,0.996348188,23.206,-21.43645677483246,55.433149563281994,281.29667930266527,0.009182293612611931
2024-09-26 01:43:11.875450+00:00,0.9960900460000002,23.196,-21.436438330590622,55.43319934091739,283.246873518886,0.009182294209686944
2024-09-26 01:43:13.461978+00:00,0.9963084820000001,23.196,-21.436438282136276,55.433199471686805,283.25212211375543,0.009182294685228923
2024-09-26 01:53:08.388396+00:00,0.996559958,23.214,-21.436420112416062,55.43324850843854,285.26591613313576,0.00817421488168613
2024-09-26 01:53:16.696925+00:00,0.996480464,23.234,-21.43641985866427,55.43324919326822,285.29468003810035,0.010214794929855633
2024-09-26 02:03:13.205352+00:00,0.99626199,23.244,-21.436436058768628,55.433232856058325,285.43242159205033,0.012255373527612263
2024-09-26 02:03:13.648556+00:00,0.9961560500000001,23.252,-21.436436100964404,55.43323278652116,285.43089040487337,0.014295950411083752
2024-09-26 02:13:18.611204+00:00,0.996030198,23.27,-21.436493697156287,55.4331378700061,283.57592246193855,0.016336527787086996
2024-09-26 02:13:19.041012+00:00,0.995871306,23.27,-21.43649373807666,55.433137802570755,283.5747726589474,0.019385184756461424
2024-09-26 02:23:13.784513+00:00,0.99620891,23.311999999999998,-21.43655036134244,55.43304448940398,282.2150220601519,0.019385181295229193
2024-09-26 02:23:14.313345+00:00,0.9966854940000001,23.363999999999997,-21.436550411690522,55.433044406432096,282.2140196774795,0.019385177171817442
2024-09-26 02:33:18.712496+00:00,0.9968175020000001,23.444,-21.436607954234006,55.43294957832774,281.31037962880896,0.019385175612012365
2024-09-26 02:33:19.258557+00:00,0.996969422,23.514,-21.436608006222375,55.43294949265272,281.3097825412838,0.01938517233461754
2024-09-26 02:43:13.876548+00:00,0.997412454,23.664,-21.43666461753884,55.432856199178,280.8956731896077,0.019385169573933474
2024-09-26 02:43:14.323106+00:00,0.9973589900000001,23.772,-21.43666466005392,55.432856129114626,280.89553971636633,0.019385165826931974
2024-09-26 02:53:19.162648+00:00,0.9975638019999999,23.942,-21.43672224452535,55.432761231914476,280.9596409451244,0.01914226188343344
2024-09-26 02:53:19.747847+00:00,0.99811319,24.084,-21.436722300239904,55.43276114009883,280.95993989687173,0.018738682203337492
2024-09-26 03:03:15.274076+00:00,0.999014178,24.242,-21.436787567706126,55.43268359049183,283.1373796414536,0.01833510332043729
2024-09-26 03:03:24.117559+00:00,0.9996240540000001,24.32,-21.436788698294475,55.43268273804647,283.20353927996246,0.01793152403373479
2024-09-26 03:13:19.060637+00:00,1.000532484,24.45,-21.436864758338025,55.432625390002286,287.80775838818994,0.017527946082949525
2024-09-26 03:13:20.784466+00:00,1.001182638,24.518,-21.436864978719626,55.432625223838116,287.8215308987289,0.017367269885753746
2024-09-26 03:23:24.453058+00:00,1.001301416,24.612000000000002,-21.436942154269882,55.432567034719895,292.7929754025647,0.01736726832990213
2024-09-26 03:23:26.499987+00:00,1.001068594,24.69,-21.436942415957944,55.43256683741132,292.81032765702906,0.01736726686138142
2024-09-26 03:33:19.004121+00:00,1.001386856,24.806,-21.43701816419659,55.432509724462996,297.9689615645831,0.01736726537467006
2024-09-26 03:33:21.980464+00:00,1.001406564,24.87,-21.437018544704895,55.432509437565884,297.995546629018,0.017367263595088382
2024-09-26 03:43:24.721753+00:00,1.001951108,24.906,-21.437095601704787,55.43245133783272,303.51276147451506,0.01736726222021264
2024-09-26 03:43:27.470459+00:00,1.003027028,24.916000000000004,-21.43709595311098,55.43245107287812,303.5385190638752,0.017367260743403574
2024-09-26 03:53:23.067368+00:00,1.00346508,24.968,-21.437172096743076,55.43239366180952,309.2429665852902,0.0333743579926498
2024-09-26 03:53:29.522731+00:00,1.003352048,24.982000000000003,-21.43717292202404,55.432393039561006,309.30611277314813,0.06954995918935328
2024-09-26 04:03:24.972160+00:00,1.003870276,24.982,-21.437076242324757,55.431842391366814,283.5102029880333,0.10572559677984883
2024-09-26 04:03:29.434861+00:00,1.003863668,25.009999999999998,-21.437074096439424,55.43183416040474,283.1202673585212,0.14190127119249218
2024-09-26 04:13:24.454186+00:00,1.003697612,25.026,-21.436787981993085,55.4307367125955,254.3946279172822,0.17807698189711144
2024-09-26 04:13:30.418711+00:00,1.004169424,25.0,-21.436785113957185,55.43072571168396,254.36731534728088,0.19824563051402433
2024-09-26 04:23:25.521216+00:00,1.004003408,24.986,-21.436498959513813,55.42962811045828,278.162751773188,0.19824581174763783
2024-09-26 04:23:29.446443+00:00,1.003206132,24.986,-21.43649707207234,55.42962087080807,278.47892186263465,0.19824599279996452
2024-09-26 04:33:24.966625+00:00,1.003086534,24.996000000000002,-21.43621071678937,55.42852249922292,343.9211264253789,0.1982461745179829
2024-09-26 04:33:31.247825+00:00,1.002707586,25.05,-21.436207696480704,55.42851091423946,344.7606628408765,0.1982463931698058
2024-09-26 04:43:29.940199+00:00,1.002095772,25.128,-21.43591981585239,55.42740669189449,433.8243648489227,0.16951343439011435
2024-09-26 04:53:35.563673+00:00,1.002121786,25.194,-21.43562860241151,55.42628968589634,535.7386214545724,0.1811986143423338
2024-09-26 05:03:32.025711+00:00,1.002919028,25.256,-21.435418262222388,55.42650847880688,508.8202831496176,0.19288378318060956
2024-09-26 05:03:36.561893+00:00,1.003038592,25.308,-21.435417186435483,55.42651966827379,507.66004012865164,0.20456894000802564
2024-09-26 05:13:31.646922+00:00,1.003244628,25.31,-21.435276057909515,55.42798757326833,355.68264534082573,0.21625404805127119
2024-09-26 05:13:37.359885+00:00,1.00368353,25.288,-21.435274703040854,55.42800166551838,354.2268116556062,0.2566723220740032
2024-09-26 05:23:32.891692+00:00,1.004142516,25.223999999999997,-21.43513346855837,55.42947067258706,203.29920719585115,0.25667244569980907
2024-09-26 05:23:37.210114+00:00,1.003830274,25.163999999999998,-21.435132444414755,55.42948132490217,202.2153590848797,0.25667256977718234
2024-09-26 05:33:32.265681+00:00,1.003943298,25.14,-21.434991322875906,55.43094915722232,61.84834419179525,0.2566726930974536
2024-09-26 05:33:38.521959+00:00,1.00429559,25.096,-21.43498983915635,55.43096458967534,60.69068051493393,0.25667284183374706
2024-09-26 05:43:34.168080+00:00,1.004647882,25.052,-21.434848577563518,55.432433878724005,117.46084891396863,0.25667298820572765
2024-09-26 05:53:39.480624+00:00,1.0049535119999997,25.046,-21.434705023511615,55.43392701208121,268.267818695049,0.2310449508233884
2024-09-26 05:53:41.809686+00:00,1.0052591419999999,25.04,-21.434704471158497,55.43393275721243,268.8581097946806,0.19520919979137435
2024-09-26 06:03:35.637869+00:00,1.0045216959999999,24.988,-21.434434646482213,55.43461081615201,338.95809451950646,0.15937342447040972
2024-09-26 06:03:37.697530+00:00,1.003877308,24.974,-21.434433239459395,55.4346105109303,338.9335172203336,0.1235376011418351
2024-09-26 06:13:41.829532+00:00,1.003611484,25.002,-21.434020536841253,55.43452098445,334.94524189080647,0.08770175538520139
2024-09-26 06:13:43.290516+00:00,1.003372238,25.034,-21.434019538794555,55.43452076794639,334.94347105114036,0.07749407191842275
2024-09-26 06:23:37.187518+00:00,1.003152978,25.044,-21.43361382804442,55.43443275819341,337.38444271081516,0.07749407573194847
2024-09-26 06:23:38.339653+00:00,1.0034120260000001,25.054000000000002,-21.433613040982657,55.4344325874582,337.39526226352825,0.07749408085697718
2024-09-26 06:33:42.766632+00:00,1.003671074,25.064,-21.433200136855916,55.43434301726518,346.2134915231092,0.0774940828074017
2024-09-26 06:43:38.002945+00:00,1.003505064,25.028,-21.432793511177923,55.43425480903933,360.6779889620788,0.07749408792493291
2024-09-26 06:43:38.532808+00:00,1.003339054,24.991999999999997,-21.432793149210983,55.4342547305188,360.693234339376,0.07749409590767628
2024-09-26 06:53:43.628892+00:00,1.003325756,24.996,-21.432379787996314,55.434165061170916,380.60399185955015,0.07566920352705216
2024-09-26 06:53:44.264570+00:00,1.00345196,25.009999999999998,-21.432379353743436,55.4341649669696,380.62739880657216,0.07370661437868016
2024-09-26 07:03:38.955961+00:00,1.0032459120000001,25.028,-21.432061560513713,55.433970672510355,389.8484886050407,0.07174403357833785
2024-09-26 07:03:41.103639+00:00,1.003086358,25.049999999999997,-21.43206071867675,55.433969598139264,389.8377968418646,0.06978145522242277
2024-09-26 07:13:44.243631+00:00,1.0028803099999999,25.067999999999998,-21.431824302627184,55.433667878708185,388.97902121012424,0.06781887796673275
2024-09-26 07:13:46.721972+00:00,1.002501564,25.068,-21.431823331178492,55.43366663892371,388.98432599643183,0.067681208528109
2024-09-26 07:23:41.955438+00:00,1.002295446,25.095999999999997,-21.431590014292727,55.433368874714546,392.3387268182817,0.0676812409059468
2024-09-26 07:23:49.163206+00:00,1.00242158,25.119999999999997,-21.43158718902494,55.43336526904483,392.404514964726,0.06768127305294575
2024-09-26 07:33:44.925715+00:00,1.002381574,25.14,-21.431353664767343,55.433067240183114,399.86752915569934,0.06768130566635285
2024-09-26 07:33:47.768895+00:00,1.0020822600000001,25.172,-21.431352550310667,55.43306581788866,399.9125585221592,0.06768134394901451
2024-09-26 07:43:43.276512+00:00,1.001782946,25.204,-21.431119125964482,55.432767916536115,411.22419410417297,0.06768138302180082
2024-09-26 07:53:44.470474+00:00,1.0018294,25.217999999999996,-21.430883472710867,55.43246717060222,426.2203582173335,0.06857191729594607
2024-09-26 07:53:49.136741+00:00,1.0018758540000001,25.232,-21.430881643648863,55.43246483631253,426.3498778743693,0.07112791394910663
2024-09-26 08:03:45.798941+00:00,1.001822488,25.256,-21.43071381194878,55.432090144164604,435.77182344925143,0.07368390970140652
2024-09-26 08:03:50.119576+00:00,1.002074924,25.272,-21.430713001354334,55.43208690036034,435.80076483622287,0.07623989930496423
2024-09-26 08:13:50.985533+00:00,1.002174422,25.291999999999998,-21.430600272879804,55.4316357880839,442.47528639737334,0.07879588709808905
2024-09-26 08:13:55.129637+00:00,1.001755524,25.302,-21.43059949540433,55.43163267681382,442.5393095953413,0.08046137848711743
2024-09-26 08:23:50.386565+00:00,1.000791018,25.34,-21.430487819239822,55.43118577562931,454.1912854650625,0.08046140702631918
2024-09-26 08:23:56.737697+00:00,1.000092472,25.372000000000003,-21.430486627703832,55.43118100738851,454.3412183099563,0.08046143528207213
2024-09-26 08:33:52.356759+00:00,0.999666014,25.442,-21.430374883599352,55.430733834324556,470.66117064524076,0.08046146349313851
2024-09-26 08:33:55.879248+00:00,0.999392494,25.508000000000003,-21.43037422274515,55.43073118974478,470.7705153762348,0.08046149218355106
2024-09-26 08:43:51.159362+00:00,0.9991250660000001,25.607999999999997,-21.43026254223068,55.430284271152786,491.2523728558377,0.08046152141037236
2024-09-26 08:43:57.798429+00:00,0.999403246,25.68,-21.430261296675205,55.43027928673897,491.5023098138879,0.08046154994340524
2024-09-26 08:53:53.623978+00:00,0.999894128,25.77,-21.430149513831687,55.429831958650695,515.6959196833213,0.07625772993907928
2024-09-26 08:53:56.724199+00:00,1.000112922,25.822000000000003,-21.430148932199174,55.4298296310971,515.8304891791138,0.06990637500461097
2024-09-26 09:03:52.182698+00:00,0.99977917,25.877999999999997,-21.43016174079218,55.429487946938515,526.2942399899114,0.06355501121335032
2024-09-26 09:03:59.484936+00:00,1.0005973620000002,25.919999999999998,-21.43016357293681,55.42948513049152,526.2107490879698,0.057203634575371656
2024-09-26 09:13:55.132283+00:00,1.0002704599999999,25.958,-21.430313021926917,55.42925539144568,520.1746788732697,0.050852245820581565
2024-09-26 09:24:00.386045+00:00,0.9987358860000001,25.854000000000003,-21.430464881183845,55.429021947239974,515.6432083884652,0.048704693821375974
2024-09-26 09:33:56.476339+00:00,0.997201312,25.75,-21.43061444131017,55.42879203735104,512.8000234197376,0.04870466145151514
2024-09-26 09:44:01.923434+00:00,0.9991116800000001,25.642000000000003,-21.43076634907469,55.42855851857749,511.5852904540358,0.04870463443050213
2024-09-26 09:44:02.096881+00:00,0.9998640120000001,25.514,-21.430766392592833,55.42855845167964,511.58518557264176,0.048704612362965784
2024-09-26 09:53:57.144801+00:00,0.9991621780000001,25.366000000000003,-21.430915691185678,55.42832894383057,512.0462820074279,0.04548548649490761
2024-09-26 09:53:57.649103+00:00,0.9994553140000001,25.342,-21.430915817715974,55.428328749323065,512.0473682681503,0.03920828684404239
2024-09-26 10:04:03.012104+00:00,1.0004169180000002,25.47,-21.431030215075516,55.42818290962698,511.5195713759297,0.03293109587679719
2024-09-26 10:04:03.689990+00:00,0.9984861260000001,25.598000000000003,-21.431030301347544,55.42818284424187,511.51651222972254,0.02665390276240314
2024-09-26 10:13:58.440545+00:00,0.99734046,25.759999999999998,-21.431105993042014,55.428125477905,508.92981091336645,0.020376710976469436
2024-09-26 10:13:59.628730+00:00,0.998794054,25.945999999999998,-21.431106144257917,55.428125363299266,508.92483872426686,0.017318630436088903
2024-09-26 10:24:04.796486+00:00,1.0000874339999999,26.154000000000003,-21.43118316171083,55.42806699217706,506.4947110044915,0.017318629146815725
2024-09-26 10:24:05.686896+00:00,1.0007123459999998,26.21,-21.431183275030033,55.428066906293026,506.4912866378887,0.01731862764708668
2024-09-26 10:34:00.708771+00:00,1.001190354,26.282,-21.43125900125437,55.428009513786165,504.3031842704721,0.01731862596748383
2024-09-26 10:34:09.703044+00:00,1.0008832360000002,26.32,-21.431260145922096,55.428008646248514,504.27165196411386,0.01731862428251654
2024-09-26 10:44:05.074658+00:00,1.0012083879999998,26.408000000000005,-21.431335916656415,55.42795122000777,502.28742290059455,0.017318621784664673
2024-09-26 10:44:05.778698+00:00,1.0016937540000002,26.474,-21.431336006256966,55.427951152099986,502.2851971611426,0.017318620120069385
2024-09-26 10:54:10.233987+00:00,1.002192346,26.546000000000003,-21.43141293303689,55.42789284969836,500.4802469666949,0.018179176087489708
2024-09-26 10:54:11.038839+00:00,1.0028378420000001,26.601999999999997,-21.431413035467408,55.427892772066805,500.4779852455901,0.020022458821093835
2024-09-26 11:04:06.594904+00:00,1.003970084,26.651999999999997,-21.43152434925083,55.42785846759697,494.4565736915762,0.021865741615100832
2024-09-26 11:04:07.052506+00:00,1.0044700560000002,26.651999999999997,-21.431524457934948,55.427858456207495,494.449155467287,0.02370902449032975
2024-09-26 11:14:12.806925+00:00,1.0042438260000002,26.628000000000004,-21.431668329421136,55.427843379298736,484.79638557036156,0.025552307816955572
2024-09-26 11:14:13.393122+00:00,1.00400437,26.598000000000003,-21.43166846864758,55.4278433647086,484.78720947993696,0.02653503351617447
2024-09-26 11:24:07.972703+00:00,1.003804902,26.568,-21.431809686020973,55.42782856593568,475.650701110934,0.02653503300263963
2024-09-26 11:24:09.136786+00:00,1.003118688,26.544,-21.43180996249992,55.42782853696227,475.63315459227914,0.026535033647222307
2024-09-26 11:34:13.566310+00:00,1.002960164,26.375999999999998,-21.431953519313023,55.42781349302944,466.7094882769819,0.026535033544985608
2024-09-26 11:34:15.227952+00:00,1.003527842,26.232,-21.431953913966254,55.42781345167204,466.6854806917996,0.026535032976788175
2024-09-26 11:44:08.028110+00:00,1.0038691119999998,26.106,-21.432094708712558,55.42779869718802,458.31112091812525,0.026535033120019348
2024-09-26 11:44:10.191921+00:00,1.0041703940000002,25.98,-21.432095222634814,55.427798643331904,458.28126189827583,0.026535032917195438
2024-09-26 11:54:13.158969+00:00,1.004804184,25.901999999999997,-21.432238432098305,55.42778363579934,450.16897965453,0.02883780135048143
2024-09-26 11:54:15.930167+00:00,1.004910284,25.968,-21.432239090279833,55.427783566825674,450.13267148295023,0.033521861576932224
2024-09-26 12:04:12.022415+00:00,1.00478337,26.028,-21.432432124083906,55.427854359756715,431.9883631564144,0.038205920575842656
2024-09-26 12:04:18.818506+00:00,1.004882864,26.070000000000004,-21.432434802025515,55.42785593522643,431.68837058920974,0.04288997660197235
2024-09-26 12:14:14.216847+00:00,1.005295218,26.130000000000003,-21.432669413660417,55.42799396046366,405.6481806795979,0.04757403155724259
2024-09-26 12:14:17.335174+00:00,1.005375064,26.142000000000003,-21.43267064241047,55.42799468335414,405.5131394027671,0.04995531538802618
2024-09-26 12:24:13.274025+00:00,1.00521524,26.142000000000003,-21.43290546702871,55.428132833892384,379.99703965532524,0.0499553062076739
2024-09-26 12:24:20.046050+00:00,1.0052884299999998,26.148000000000003,-21.4329081354874,55.42813440378317,379.7106439161268,0.04995529698832243
2024-09-26 12:34:16.200209+00:00,1.005648206,26.106,-21.433143044945826,55.42827260423405,354.85694878758875,0.0499552883297991
2024-09-26 12:34:19.204040+00:00,1.0056951219999999,26.046000000000003,-21.433144228579813,55.428273300582134,354.7336405687204,0.04995527896434358
2024-09-26 12:44:15.219038+00:00,1.0059284439999998,25.958000000000006,-21.4333790832031,55.42841146877276,330.70479268802444,0.04995526947413515
2024-09-26 12:44:22.306344+00:00,1.006401436,25.881999999999998,-21.433381875895538,55.42841311175196,330.42469043544673,0.04995526010814501
2024-09-26 12:54:19.885401+00:00,1.00659505,25.776,-21.43361734682298,55.428551642522756,307.3566323274379,0.04992688486329776
2024-09-26 12:54:22.810318+00:00,1.006502078,25.718,-21.43361849936156,55.42855232057698,307.24659695328774,0.050261303044778806
2024-09-26 13:04:18.099962+00:00,1.006149888,25.607999999999997,-21.433832528938723,55.428723229367336,282.9106224278364,0.05059572017802287
2024-09-26 13:04:20.407041+00:00,1.0056112919999998,25.526,-21.433833308546653,55.42872401852802,282.80732672017996,0.05093013566602687
2024-09-26 13:14:16.776076+00:00,1.005764028,25.419999999999998,-21.434034833525292,55.42892801285056,256.5660390868225,0.051264549764435105
2024-09-26 13:14:24.292446+00:00,1.0061961419999998,25.344,-21.43403737345644,55.42893058390422,256.2417646925451,0.05162732862352757
2024-09-26 13:24:20.601350+00:00,1.006149602,25.204,-21.43423887811559,55.429134557658294,231.14274255221184,0.051627312131565614
2024-09-26 13:24:22.679456+00:00,1.00636228,25.115999999999996,-21.43423958034905,55.42913526849642,231.05767886947106,0.05162729527358793
2024-09-26 13:34:26.318293+00:00,1.006548246,24.983999999999998,-21.434443561938618,55.42934174953145,207.22390394487076,0.051627278471691226
2024-09-26 13:34:28.043435+00:00,1.00604288,24.875999999999998,-21.434444144898475,55.42934233963449,207.15857829290212,0.05162726066919341
2024-09-26 13:44:23.163103+00:00,1.005895376,24.693999999999996,-21.4346452476911,55.42954590659784,185.8041501093909,0.05162724324363448
2024-09-26 13:44:23.685266+00:00,1.006226526,24.576,-21.434645424140363,55.42954608520919,185.7865668721046,0.051627228384241386
2024-09-26 13:54:29.326199+00:00,1.0060266219999998,24.409999999999997,-21.4348500822781,55.42975325108233,167.0833446531937,0.05008550976787318
2024-09-26 13:54:29.705861+00:00,1.0058534300000002,24.288,-21.434850210573483,55.42975338094975,167.0727986872814,0.04992226362611059
2024-09-26 14:04:26.226122+00:00,1.005242346,24.104,-21.434903434222615,55.429999952789494,143.49346984835503,0.04975902305988685
2024-09-26 14:04:26.781601+00:00,1.0042734000000002,23.994,-21.434903367339302,55.430000215842234,143.4652457898569,0.04959578478470792
2024-09-26 14:14:22.270223+00:00,1.0033838460000002,23.862000000000002,-21.434831666610435,55.430282215521075,113.20839458108995,0.04943255273197718
2024-09-26 14:14:23.035485+00:00,1.0030253459999998,23.778000000000002,-21.434831574467903,55.430282577918575,113.16951170718052,0.050811032705789225
2024-09-26 14:24:28.097854+00:00,1.0026601979999998,23.692,-21.43475872099722,55.430569111342415,82.42660384837203,0.05081104341795336
2024-09-26 14:24:28.663673+00:00,1.0027329420000002,23.668,-21.434758652868894,55.43056937929181,82.39785519069974,0.05081106358098405
2024-09-26 14:34:33.925577+00:00,1.002798964,23.630000000000003,-21.43468577537291,55.4308560072074,51.645917626161854,0.05081107786803467
2024-09-26 14:34:34.086617+00:00,1.0027855940000001,23.613999999999997,-21.434685755982624,55.43085608346959,51.63773588012929,0.05081109628513567
2024-09-26 14:44:29.834434+00:00,1.00267286,23.598,-21.434614024044997,55.43113820589279,21.374977648849175,0.05081110541211416
2024-09-26 14:44:29.905977+00:00,1.002566774,23.583999999999996,-21.434614015430746,55.43113823977273,21.37134474209815,0.05081111586165321
2024-09-26 14:54:35.201645+00:00,1.0021891379999999,23.584000000000003,-21.434541133869345,55.43142488367766,9.428125859899412,0.04504719575816315
2024-09-26 14:54:35.772629+00:00,1.001818224,23.598000000000003,-21.43454106511914,55.43142515407289,9.457045082582617,0.04496543369872854
2024-09-26 15:04:30.990919+00:00,1.001546644,23.6,-21.434646413177532,55.43148158876261,17.012000010607636,0.04488366140390511
2024-09-26 15:04:32.610960+00:00,1.001374428,23.601999999999997,-21.43464708022056,55.43148125887246,17.019682299595182,0.0448018917460014
2024-09-26 15:14:28.450736+00:00,1.001195574,23.602,-21.43489241399815,55.43135992757365,35.91908298907861,0.04472011968980377
2024-09-26 15:14:36.404970+00:00,1.00128827,23.588,-21.43489568911055,55.43135830784707,36.27309944288369,0.05040226610119729
2024-09-26 15:24:31.817633+00:00,1.001321306,23.564,-21.4351408470266,55.43123706352164,64.35416972637805,0.05040225887409637
2024-09-26 15:24:34.432941+00:00,1.001255008,23.552,-21.435141923865416,55.43123653096451,64.48134753079525,0.050402251348297955
2024-09-26 15:34:36.951587+00:00,1.001294706,23.542,-21.435390007631195,55.431113839642464,94.12165532158546,0.050402244046694064
2024-09-26 15:34:40.164803+00:00,1.0013410420000002,23.534,-21.435391330655353,55.43111318533289,94.2809684154723,0.05040223641172577
2024-09-26 15:44:32.010348+00:00,1.001274744,23.52,-21.435635019829995,55.430992667382384,123.7419710022865,0.05040222878078994
2024-09-26 15:44:35.858740+00:00,1.001268106,23.516,-21.43563660438438,55.43099188373146,123.93411518932723,0.05040222138022375
2024-09-26 15:54:37.196093+00:00,1.00114891,23.526,-21.435884201759187,55.430869432956996,154.01411705841505,0.04385691375441704
2024-09-26 15:54:41.793620+00:00,1.000923718,23.534,-21.435886094765866,55.43086849675913,154.24443876326754,0.03773160546990352
2024-09-26 16:04:38.345405+00:00,1.000844232,23.534,-21.43597994342207,55.43088310546098,163.73638992342669,0.03160629902708033
2024-09-26 16:04:42.868114+00:00,1.00087738,23.54,-21.43597983483817,55.43088396167584,163.69929700120576,0.025480994227433794
2024-09-26 16:14:34.280916+00:00,1.0005395700000002,23.518,-21.43596563584653,55.43099592475593,159.20766193525688,0.01935569092416693
2024-09-26 16:14:38.130383+00:00,1.000314318,23.482000000000003,-21.435965543426224,55.430996653516274,159.18082588547145,0.019775689655748357
2024-09-26 16:24:39.873627+00:00,1.0001751799999998,23.46,-21.43595109641517,55.43111057229985,155.3879615959969,0.01977569060897256
2024-09-26 16:24:43.381384+00:00,0.999890336,23.446,-21.435951012198846,55.43111123636949,155.36825234974208,0.01977569158458204
2024-09-26 16:34:38.504594+00:00,0.9996651199999999,23.444,-21.435936724125515,55.43122390188399,152.44506084474372,0.019775692424914372
2024-09-26 16:34:45.046036+00:00,0.999810862,23.47,-21.43593656707467,55.43122514027449,152.41766772789558,0.01977569336721356
2024-09-26 16:44:40.623973+00:00,0.9998439959999998,23.488,-21.435922268083978,55.431337891875486,150.3696960307301,0.019775694240208495
2024-09-26 16:44:43.928559+00:00,0.999969806,23.482,-21.435922188745504,55.431338517481876,150.36082871075382,0.019520212942593547
2024-09-26 16:54:46.606910+00:00,1.0000956159999999,23.476,-21.43590771928384,55.43145261329487,149.21417031122616,0.019364232878668206
2024-09-26 17:04:43.217704+00:00,0.999678372,23.454,-21.43592713302515,55.43155718099788,152.5875031760224,0.019208251931407194
2024-09-26 17:04:44.945208+00:00,0.9992611279999999,23.432,-21.43592725678833,55.43155746881698,152.60552066767266,0.019052270257149555
2024-09-26 17:14:40.266158+00:00,0.9991485360000001,23.436,-21.435969907229307,55.431656655118346,159.0964025434157,0.01889628799873891
2024-09-26 17:14:48.682566+00:00,0.9988571539999999,23.45,-21.43597051020406,55.43165805737432,159.19202971520667,0.01899578753454933
2024-09-26 17:24:44.548178+00:00,0.998711474,23.456,-21.436013199666135,55.43175733442171,166.21345970306027,0.018995784976529477
2024-09-26 17:24:45.676137+00:00,0.9990492200000001,23.466,-21.436013280476246,55.431757522350736,166.2272007370455,0.01899578254855875
2024-09-26 17:34:49.817772+00:00,0.9993934939999999,23.438,-21.43605656285552,55.43185817826462,173.81058945328323,0.01899578032900217
2024-09-26 17:34:51.030452+00:00,0.9995457240000001,23.392,-21.436056649735267,55.43185838030898,173.82624066621094,0.018995778039941798
2024-09-26 17:44:45.634505+00:00,0.999644862,23.308,-21.436099248815758,55.43195744716827,181.68988003279105,0.01899577554132037
2024-09-26 17:44:46.209951+00:00,0.999439446,23.222,-21.436099290042304,55.43195754304321,181.6976655531661,0.019624650071996465
2024-09-26 17:54:51.493738+00:00,0.99923403,23.136,-21.436142654248506,55.4320583892508,190.05847990472765,0.02069674180117149
2024-09-26 18:04:46.627803+00:00,0.9993459619999999,23.04,-21.436175809405153,55.4321806087387,198.66688814068488,0.02176883356664868
2024-09-26 18:04:47.758278+00:00,0.9994578940000001,22.944,-21.436175860849392,55.432180868956635,198.6838372127693,0.022840924485393568
2024-09-26 18:14:52.576644+00:00,0.999358008,22.830000000000002,-21.436203384164692,55.43232008883306,208.0765320795756,0.02391301629978707
2024-09-26 18:14:53.522428+00:00,0.999443082,22.688,-21.436203427204237,55.43232030653793,208.09170453808883,0.024356230863818867
2024-09-26 18:24:49.433562+00:00,0.9995281559999999,22.546,-21.436230545180397,55.43245747610668,217.9256972206296,0.024356228248767462
2024-09-26 18:34:52.653242+00:00,0.9985162519999999,22.419999999999998,-21.436257995744693,55.43259632799014,228.3890321442751,0.024356225625751918
2024-09-26 18:34:54.767682+00:00,0.997504348,22.294,-21.43625809196597,55.43259681470166,228.42652789417747,0.02435622389392403
2024-09-26 18:44:50.559537+00:00,0.996889518,22.242,-21.436285204514117,55.43273395681413,239.1994787127637,0.024356221270608696
2024-09-26 18:44:57.765491+00:00,0.9962485799999999,22.228,-21.436285532433633,55.43273561551381,239.3321921009213,0.02435621920865138
2024-09-26 18:54:52.848083+00:00,0.995336758,22.27,-21.43631261270554,55.4328725943649,250.4737593968441,0.02666135824991988
2024-09-26 18:54:55.781100+00:00,0.9951980380000001,22.344,-21.4363127461776,55.43287326950028,250.5295230180701,0.03515820013676446
2024-09-26 19:04:51.971739+00:00,0.9944968559999999,22.486,-21.43612098337605,55.432889905940606,235.59539583762435,0.04365504284071921
2024-09-26 19:04:59.096222+00:00,0.99366351,22.610000000000003,-21.436116773705916,55.43288906046804,235.19325430012665,0.05215188601302777
2024-09-26 19:14:54.131854+00:00,0.993742936,22.776000000000003,-21.435765182761767,55.432818446740924,202.74211967103014,0.060648730607126666
2024-09-26 19:14:57.741853+00:00,0.993755958,22.844,-21.435763049708154,55.43281801833721,202.55321010727215,0.06684043574679363
2024-09-26 19:25:03.063229+00:00,0.9937689799999999,22.912,-21.4354053811878,55.4327461839862,172.73203891763427,0.06684043910529881
2024-09-26 19:34:53.978972+00:00,0.9945032919999999,22.872000000000003,-21.435056224578062,55.432676059172195,148.5574212497073,0.06684044240306444
2024-09-26 19:34:58.732927+00:00,0.994728396,22.844,-21.435053415590733,55.43267549501357,148.38959658692406,0.06684044680623767
2024-09-26 19:45:04.850273+00:00,0.9940407279999999,22.774,-21.434695276752556,55.43260356620365,131.60476754680514,0.06684045046330307
2024-09-26 19:54:59.625889+00:00,0.993961402,22.764,-21.434343839445116,55.43253298333302,126.09186216502731,0.0738714973849827
2024-09-26 19:55:04.033641+00:00,0.993882076,22.753999999999998,-21.434341235020135,55.43253246025881,126.09690232901198,0.086721934092253
2024-09-26 20:04:59.825402+00:00,0.993055118,22.798,-21.43390561477051,55.43217794308791,113.98816670135646,0.09957239375824023
2024-09-26 20:05:05.927881+00:00,0.992737368,22.830000000000002,-21.433900560572386,55.43217244254501,113.92157755715928,0.11242287450682205
2024-09-26 20:15:01.351482+00:00,0.994338336,22.91,-21.433407418535555,55.431635750302334,132.8625324656386,0.12527337783595013
2024-09-26 20:15:05.029645+00:00,0.9956682500000001,22.971999999999998,-21.433404372205576,55.43163243494581,133.11347370785217,0.131092859961717
2024-09-26 20:25:00.158889+00:00,0.996223748,22.93,-21.432911473961457,55.431096008025584,186.12563760780264,0.1310929737585746
2024-09-26 20:25:06.498190+00:00,0.9969978380000001,22.845999999999997,-21.43290622362227,55.43109029402008,186.78476355742285,0.13109310951055092
2024-09-26 20:35:02.446668+00:00,0.997771928,22.762,-21.43241264687171,55.43055312867337,253.30565166963999,0.13109324689449603
2024-09-26 20:45:08.198280+00:00,0.9965942379999999,22.592000000000002,-21.43191095096458,55.43000712715366,326.23662269146007,0.13109338286082758
2024-09-26 20:45:10.081344+00:00,0.995191936,22.398000000000003,-21.431909391372304,55.430005429831155,326.4680527594702,0.11838856421491264
2024-09-26 20:55:03.732665+00:00,0.9945640499999999,22.308,-21.431417717174167,55.42947033505448,400.3481419471856,0.09996125789725815
2024-09-26 21:05:10.024299+00:00,0.99410817,22.267999999999997,-21.431226490091493,55.42913203747367,436.35995603616885,0.08153390381579229
2024-09-26 21:05:10.173784+00:00,0.99365229,22.228,-21.43122648419561,55.4291319815698,436.36354405648046,0.06310653130962662
2024-09-26 21:15:05.279689+00:00,0.993077274,22.270000000000003,-21.43120301244034,55.42890942605791,451.0174733573464,0.04467913313720813
2024-09-26 21:15:05.543877+00:00,0.992607448,22.387999999999998,-21.431203002020414,55.4289093272578,451.02413763877416,0.03895666767533096
2024-09-26 21:25:10.861319+00:00,0.9921376220000001,22.506,-21.431179127508774,55.428682952873,466.6398474024717,0.03895666825816506
2024-09-26 21:35:06.540438+00:00,0.992209392,22.668,-21.43115563314519,55.42846018299257,482.63883782113487,0.03895667201354693
2024-09-26 21:35:15.244169+00:00,0.992281162,22.83,-21.431155289858655,55.42845692800337,482.8769431068651,0.03895667047829403
2024-09-26 21:45:10.155888+00:00,0.992769748,22.961999999999996,-21.43113182576233,55.428234445112345,499.4283723969011,0.03895667423359759
2024-09-26 21:45:11.666337+00:00,0.9933777560000001,23.041999999999998,-21.431131766188248,55.428233880240235,499.47106613453894,0.03895667741538969
2024-09-26 21:55:15.238135+00:00,0.993873048,23.145999999999997,-21.431107960527083,55.428008158684854,516.7853788240826,0.03641133119963296
2024-09-26 21:55:17.276930+00:00,0.99402495,23.183999999999997,-21.43110788011434,55.42800739622381,516.8446943327001,0.03357116612804665
2024-09-26 22:05:11.250437+00:00,0.9943160200000001,23.201999999999998,-21.43116292776867,55.427868978895106,522.0536200898645,0.03073100061482184
2024-09-26 22:05:13.464457+00:00,0.9943424719999999,23.206,-21.43116332031023,55.42786865862498,522.0447555285348,0.027890832959067875
2024-09-26 22:15:16.891682+00:00,0.9947595039999999,23.154,-21.431270306823915,55.427781369565636,519.8385613214965,0.02505066429479912
2024-09-26 22:15:19.236678+00:00,0.9952892520000001,23.078,-21.43127072258727,55.42778103034912,519.8308068439642,0.02475584408914197
2024-09-26 22:25:12.562389+00:00,0.9955214079999999,22.970000000000002,-21.4313759181215,55.4276952025292,518.0741320295742,0.024755841099419595
2024-09-26 22:25:14.991333+00:00,0.995614396,22.882,-21.431376348768733,55.4276948511691,518.0677842255317,0.024755837847533324
2024-09-26 22:35:17.249845+00:00,0.99564129,22.782000000000004,-21.431483128071758,55.42760773117053,516.7074426363496,0.02475583487168358
2024-09-26 22:35:20.679725+00:00,0.995277604,22.738000000000003,-21.43148373618305,55.427607235019565,516.7009171672445,0.024755831561535206
2024-09-26 22:45:15.664843+00:00,0.994695724,22.694000000000003,-21.431589225927,55.42752116715734,515.7792527617678,0.024755827957879395
2024-09-26 22:45:22.272256+00:00,0.994411436,22.682000000000002,-21.43159039740891,55.42752021135879,515.7713697788437,0.02475582465132451
2024-09-26 22:55:16.954106+00:00,0.994292436,22.672,-21.431695833384037,55.42743418736592,515.274071682204,0.02455116693364191
2024-09-26 22:55:21.259418+00:00,0.9942395300000001,22.674,-21.43169659670777,55.42743356457891,515.2720031958529,0.024428767455280075
2024-09-26 23:05:17.799719+00:00,0.994173498,22.628,-21.4318138209024,55.427380183910216,511.7063744373717,0.02430636842590571
2024-09-26 23:05:22.961142+00:00,0.9940349999999999,22.544,-21.43181490881026,55.42737989478546,511.65790042163184,0.024183969812014063
2024-09-26 23:15:23.973688+00:00,0.9938965019999999,22.46,-21.431941588266767,55.4273462281781,506.1914920256963,0.024061571950010175
2024-09-26 23:25:20.419998+00:00,0.9935133159999999,22.406,-21.432067305266962,55.42731281735523,501.1231882161058,0.0241438287758075
2024-09-26 23:25:22.970360+00:00,0.9931301299999999,22.351999999999997,-21.432067842823937,55.42731267449292,501.102294982551,0.02414382796374171
2024-09-26 23:35:18.526387+00:00,0.9921121640000001,22.369999999999997,-21.4321933721732,55.42727931354056,496.4084402989731,0.02414382724027216
2024-09-26 23:35:25.801982+00:00,0.991384858,22.426,-21.43219490569929,55.427278905987336,496.35339893406956,0.02414382669980331
2024-09-26 23:45:21.195245+00:00,0.9912784199999999,22.548000000000002,-21.432320400741737,55.427245554152435,492.04084434486305,0.024143825883492582
2024-09-26 23:45:23.946479+00:00,0.9913107419999999,22.658,-21.43232098063784,55.42724540003799,492.02180368390947,0.027921471461097004
2024-09-26 23:55:26.862206+00:00,0.9913430640000002,22.768,-21.43244806124056,55.42721162682115,488.0493580481201,0.03406880973770974
2024-09-27 00:05:22.726942+00:00,0.992063226,22.822,-21.43267198233256,55.42727080640253,471.0265579278548,0.04021614730936574
2024-09-27 00:05:23.676626+00:00,0.992783388,22.876,-21.432672423940552,55.42727097517092,470.9889403977893,0.046363481897250335
2024-09-27 00:15:28.367317+00:00,0.9926442700000001,22.896000000000004,-21.43295360826112,55.42737843478482,447.62744236888614,0.052510817357193484
2024-09-27 00:15:28.706088+00:00,0.992445792,22.896,-21.43295376579137,55.42737849498782,447.6147022209464,0.05488049798359731
2024-09-27 00:25:23.716132+00:00,0.991882854,22.934000000000005,-21.433230448560707,55.42748423425346,425.903100047598,0.05488049243435002
2024-09-27 00:25:23.826113+00:00,0.991279982,23.003999999999998,-21.43323049970241,55.42748425379818,425.89921602579955,0.05488048835125157
2024-09-27 00:35:28.818611+00:00,0.99144489,23.07,-21.433511824364732,55.427591767046195,405.3313647325579,0.05488048429736012
2024-09-27 00:35:29.599534+00:00,0.9918482099999999,23.103999999999996,-21.433512187498057,55.42759190582408,405.3058990019448,0.05488047897919644
2024-09-27 00:45:33.563090+00:00,0.992052982,23.137999999999998,-21.43379303369695,55.42769923621874,386.5324771617774,0.05488048065232657
2024-09-27 00:45:34.818634+00:00,0.9926222140000001,23.133999999999997,-21.43379361753148,55.42769945934155,386.49546122517665,0.05488047592999756
2024-09-27 00:55:29.442526+00:00,0.9934030899999999,23.148,-21.434070120738035,55.42780512998406,369.9921838640269,0.0562148643316482
2024-09-27 00:55:29.875733+00:00,0.9934161859999999,23.166,-21.434070322181565,55.4278052069693,369.98094149225244,0.05981122090614137
2024-09-27 01:05:34.971666+00:00,0.993740558,23.15,-21.43427203333105,55.42809248240077,337.6802866908213,0.06340757031871369
2024-09-27 01:05:35.852256+00:00,0.994263478,23.133999999999997,-21.434272260136204,55.42809305240084,337.6190999648646,0.06700391501723099
2024-09-27 01:15:30.205249+00:00,0.994521918,23.082,-21.434425341943555,55.42847777311864,296.6081898782389,0.07060025313640317
2024-09-27 01:15:31.288342+00:00,0.994568714,23.012,-21.434425620905444,55.42847847419749,296.53405118457613,0.07286219115693218
2024-09-27 01:25:35.750782+00:00,0.994628646,22.96,-21.434581306506203,55.42886973869267,255.60482433760538,0.07286215730192214
2024-09-27 01:25:36.778420+00:00,0.994377302,22.942,-21.434581571185085,55.428870403875884,255.53612268802726,0.07286212536687801
2024-09-27 01:35:31.173937+00:00,0.99427167,22.875999999999998,-21.434734663944912,55.42925515211912,216.4857475198709,0.07286209269623545
2024-09-27 01:35:32.382707+00:00,0.9944305179999999,22.846,-21.434734975276236,55.42925593454789,216.40798556810606,0.07286205850202451
2024-09-27 01:45:36.236441+00:00,0.9944902640000001,22.784,-21.434890504098476,55.42964680503188,178.7612972372383,0.07286202565718264
2024-09-27 01:45:38.084721+00:00,0.9945368739999999,22.704,-21.434890980142203,55.42964800141104,178.65052395152173,0.07286199288715813
2024-09-27 01:55:33.303101+00:00,0.994259402,22.651999999999997,-21.435044284838998,55.43003328228806,145.09531163977712,0.06614633953935421
2024-09-27 01:55:41.799771+00:00,0.9939816159999999,22.662,-21.435046473244892,55.4300387821257,144.65410030828585,0.056750735248144925
2024-09-27 02:05:39.463947+00:00,0.9937038300000001,22.672,-21.43508024754849,55.43026269857683,125.03980120270471,0.04735513941886353
2024-09-27 02:15:34.379568+00:00,0.9933529159999999,22.747999999999998,-21.43505721548905,55.430409401701674,110.44287248493728,0.03795954901091257
2024-09-27 02:15:42.986403+00:00,0.9930020020000001,22.824,-21.435056882276864,55.430411524102794,110.2332952760845,0.028563965644806295
2024-09-27 02:25:37.904638+00:00,0.9926703619999999,22.910000000000004,-21.43503385011623,55.43055822787217,95.89135220998544,0.025884009081587517
2024-09-27 02:25:40.091326+00:00,0.9921933239999999,22.982,-21.435033765458968,55.430558767098155,95.83924180327367,0.02588401041619325
2024-09-27 02:35:43.804282+00:00,0.9920798160000001,23.1,-21.435010392812163,55.43070763960046,81.68119952508718,0.02588401245296589
2024-09-27 02:35:45.160157+00:00,0.9921385380000001,23.184,-21.435010340319693,55.4307079739522,81.65000496590456,0.02588401456065159
2024-09-27 02:45:39.294888+00:00,0.9925482999999999,23.253999999999998,-21.43498733849228,55.43085448451357,68.34582661921827,0.025884016569420687
2024-09-27 02:45:40.735529+00:00,0.99326287,23.285999999999998,-21.434987282718104,55.430854839768216,68.31462555298688,0.025884018637732032
2024-09-27 02:55:44.617028+00:00,0.9935140500000001,23.314,-21.434963903546183,55.43100375383234,55.896792863819876,0.024117693489242677
2024-09-27 02:55:46.250032+00:00,0.9936726379999999,23.345999999999997,-21.434963840324706,55.43100415652272,55.86539995378883,0.021614379344769487
2024-09-27 03:05:42.868103+00:00,0.993831226,23.377999999999997,-21.434960787459833,55.43110239529546,49.89432056276801,0.019111064674126686
2024-09-27 03:15:43.876448+00:00,0.994042786,23.426,-21.43496656539117,55.431179766445034,47.08744515718622,0.016607749621045685
2024-09-27 03:15:48.702018+00:00,0.994254346,23.474,-21.434966611782894,55.431180387667524,47.069780479537094,0.014104434042252173
2024-09-27 03:25:44.223800+00:00,0.993868776,23.564,-21.434972336967906,55.431257052501294,45.54324571445105,0.013367445910095546
2024-09-27 03:25:49.464888+00:00,0.993212268,23.604000000000003,-21.434972387354307,55.43125772721572,45.53576203858708,0.01336744556909244
2024-09-27 03:35:44.756480+00:00,0.99495482,23.827999999999996,-21.434978110326334,55.431334362415846,45.386866221237355,0.013367445277973882
2024-09-27 03:35:49.827856+00:00,0.9962933599999999,24.05,-21.434978159081165,55.431335015282286,45.39158888854946,0.013367445046454846
2024-09-27 03:45:45.399435+00:00,0.996657718,24.034,-21.434983884744913,55.431411686526715,46.63330995190278,0.013367444791394109
2024-09-27 03:45:50.278638+00:00,0.998082596,23.979999999999997,-21.434983931652248,55.431412314653684,46.64895769295521,0.013367444528325698
2024-09-27 03:55:45.722373+00:00,0.9987926999999999,23.874000000000002,-21.434989656086938,55.43148896944003,49.17449994229259,0.012992467166871195
2024-09-27 03:55:51.163236+00:00,0.997103744,23.583999999999996,-21.43498970839392,55.43148966987261,49.202916255834786,0.014778509179851929
2024-09-27 04:05:47.955057+00:00,0.9953872880000001,23.394000000000002,-21.434939831767824,55.43145068388414,42.71519041452533,0.016564551685065765
2024-09-27 04:05:51.838852+00:00,0.9946450139999999,23.442,-21.434939322360318,55.43145005100349,42.64298642656762,0.01835059499128328
2024-09-27 04:15:47.310513+00:00,0.994418402,23.614,-21.434861218928248,55.43135301640958,32.417813098020524,0.020136639014973742
2024-09-27 04:15:53.560787+00:00,0.9949065640000001,23.838,-21.434860399127935,55.431351997901324,32.32225924252237,0.02229766083074422
2024-09-27 04:25:48.792502+00:00,0.99532773,24.112000000000002,-21.434782327167696,55.43125500240758,25.17151943280075,0.02229766405760638
2024-09-27 04:25:52.928657+00:00,0.9957763959999999,24.285999999999998,-21.434781784660114,55.43125432840387,25.13923501175291,0.022297667447314373
2024-09-27 04:35:48.292693+00:00,0.9955142799999999,24.483999999999998,-21.434703695344346,55.43115731134786,23.99250084870296,0.02229767086646401
2024-09-27 04:35:54.617211+00:00,0.994736502,24.558,-21.434702865806038,55.431156280741256,24.01944170231934,0.022297674386400908
2024-09-27 04:45:50.206548+00:00,0.995259108,24.717999999999996,-21.434624746939274,55.431059226971506,29.61386800669524,0.02229767795695059
2024-09-27 04:45:53.478135+00:00,0.99584871,24.828,-21.434624317830394,55.431058693852734,29.658109339829284,0.022297681430739985
2024-09-27 04:55:55.852722+00:00,0.9965378699999998,24.948,-21.434545308994668,55.430960534398196,39.291360142815684,0.03001122934753687
2024-09-27 04:55:58.322472+00:00,0.997937812,25.044,-21.43454498505658,55.430960131942115,39.33544145943911,0.04454375700913822
2024-09-27 05:05:52.437613+00:00,0.999304968,25.101999999999997,-21.434825612132034,55.430783585245976,64.1526315421889,0.05907627909349197
2024-09-27 05:05:54.312290+00:00,0.99937174,25.074,-21.434827079183655,55.43078289662562,64.28891397027883,0.07360879389378633
2024-09-27 05:15:57.991844+00:00,0.9994126720000001,24.97,-21.43529949607143,55.430561148543376,114.30744101873184,0.08814130485085846
2024-09-27 05:15:59.304511+00:00,0.999354046,24.856,-21.435300523315103,55.43056066636478,114.42367268548824,0.09496026549077767
2024-09-27 05:25:53.340960+00:00,0.998923238,24.776000000000003,-21.435765393871993,55.43034246045988,168.26482548746648,0.0949602410804943
2024-09-27 05:25:54.276362+00:00,0.9985252160000002,24.733999999999998,-21.435766125882363,55.43034211686104,168.35093317123133,0.09496021654619365
2024-09-27 05:35:58.797653+00:00,0.9979534560000001,24.758,-21.436239201481786,55.43012005958569,224.44319874989498,0.09496019380401163
2024-09-27 05:35:59.876629+00:00,0.9974075360000001,24.858,-21.436240045847775,55.43011966324816,224.54390804118736,0.0949601695231657
2024-09-27 05:45:55.296308+00:00,0.9966630500000001,24.918,-21.43670599886834,55.42990094924492,280.31266581911484,0.09496014527607843
2024-09-27 05:46:04.300644+00:00,0.996290746,24.944,-21.43671304532274,55.429897641704926,281.15840622750335,0.09496012455375755
2024-09-27 05:55:59.914268+00:00,0.9966821620000001,24.982000000000003,-21.437179150117228,55.42967885646041,337.206257961904,0.09370975407698337
2024-09-27 05:56:00.765742+00:00,0.9972473159999999,24.954,-21.437179816448854,55.429678543690564,337.28650480092966,0.10602242384457725
2024-09-27 06:06:06.109304+00:00,0.997387032,24.944,-21.436704077101176,55.4295893662679,298.5223836636712,0.11833512269409614
2024-09-27 06:06:06.173174+00:00,0.99751163,25.03,-21.436703987267183,55.42958936238736,298.51468687923915,0.13064782703768535
2024-09-27 06:16:01.554136+00:00,0.9973084560000001,25.195999999999998,-21.43586657550249,55.42955318891502,234.43665793484826,0.14296053270573636
2024-09-27 06:26:07.044715+00:00,0.9963415619999999,25.35,-21.435014944418295,55.429516401214194,195.04949551633146,0.15652359571137947
2024-09-27 06:36:00.960413+00:00,0.9974105699999999,25.524,-21.434179593568373,55.42948031676669,197.24018125997748,0.15652362099317324
2024-09-27 06:36:02.382295+00:00,0.9989050159999999,25.68,-21.434177593671023,55.42948023037761,197.2979612190251,0.15652362143331922
2024-09-27 06:46:06.293511+00:00,0.9989304399999999,25.736,-21.43332818398338,55.42944353863391,239.92707961180585,0.1565236223154798
2024-09-27 06:46:07.983099+00:00,0.9992836359999998,25.712,-21.43332580755395,55.42944343597986,240.08793753406493,0.15652362331898587
2024-09-27 06:56:03.527506+00:00,1.000700612,25.732000000000006,-21.432488165901557,55.42940725257712,305.8964535319358,0.16004011444002025
2024-09-27 06:56:11.927925+00:00,1.0000816860000001,25.732,-21.432476350593028,55.42940674219411,306.92629612842427,0.16650806189838152
2024-09-27 07:06:07.733231+00:00,1.0002747840000001,25.708000000000006,-21.431595843485397,55.42907562067322,405.2911349877019,0.17297603442089607
2024-09-27 07:06:10.287462+00:00,1.002150588,25.727999999999998,-21.43159191547767,55.429073642159295,405.7659271608168,0.1794440280892929
2024-09-27 07:16:06.069627+00:00,1.0033676999999999,25.748,-21.430675695627244,55.42861214771922,516.8978303615309,0.18591204272335599
2024-09-27 07:16:13.485405+00:00,1.0035210319999999,25.724,-21.430664291319676,55.42860640343794,518.2848833166264,0.18886358495632388
2024-09-27 07:26:08.989108+00:00,1.003274682,25.732,-21.429748499700207,55.428145124695234,629.863784904294,0.18886369576989395
2024-09-27 07:26:11.954875+00:00,1.002216308,25.764,-21.429743938814237,55.42814282740434,630.4202696848986,0.18886380413919276
2024-09-27 07:36:07.480341+00:00,0.998938706,25.868000000000002,-21.428828113726567,55.4276815318039,742.2733944719267,0.18886391165821176
2024-09-27 07:36:14.895983+00:00,0.9963197960000001,25.971999999999998,-21.428816709628045,55.42767578762791,743.6673998119659,0.18886401915218326
2024-09-27 07:46:10.063481+00:00,0.9964035680000001,26.174,-21.427901435039406,55.42721476931053,855.6177976675197,0.1888641278489548
2024-09-27 07:46:13.238990+00:00,0.9968870219999999,26.344,-21.427896551602903,55.42721230955287,856.2154281706544,0.18886423683549144
2024-09-27 07:56:09.015196+00:00,0.99759882,26.381999999999998,-21.426980340916742,55.42675081972878,968.3866954413005,0.16477735468176608
2024-09-27 07:56:15.633733+00:00,1.000529846,26.348000000000003,-21.426970162640966,55.426745692992355,969.6332731913718,0.15828046342121666
2024-09-27 08:06:11.538833+00:00,1.00366733,26.306,-21.427329778631503,55.42682286637095,930.9519019491603,0.15178354303654013
2024-09-27 08:06:15.814014+00:00,1.004102132,26.166000000000004,-21.42733552847934,55.42682475428181,930.3008822245181,0.14528659274709188
2024-09-27 08:16:11.096045+00:00,1.0047701100000002,25.992,-21.428136145120856,55.427087629561576,839.9210371825612,0.1387896131437886
2024-09-27 08:16:16.829414+00:00,1.005209744,25.95,-21.428143856138924,55.42709016140506,839.053439243057,0.15637959531602857
2024-09-27 08:26:12.160347+00:00,1.005150404,25.887999999999998,-21.428944538550383,55.42735305827979,749.3369767364667,0.1563795579025781
2024-09-27 08:26:16.846215+00:00,1.004884606,25.833999999999996,-21.4289508407462,55.427355127549156,748.6340911913669,0.15637952051651757
2024-09-27 08:36:17.928648+00:00,1.0038066159999999,25.804000000000002,-21.429759258561045,55.42762056427408,659.0112036741818,0.15637948443099253
2024-09-27 08:36:22.326481+00:00,1.00249545,25.808,-21.42976517336793,55.42762250634777,658.3599719116083,0.15637944820088573
2024-09-27 08:46:13.693920+00:00,1.0015960840000002,25.869999999999997,-21.430560525131057,55.42788365295202,571.569561113947,0.15637941095305624
2024-09-27 08:46:17.851844+00:00,1.001195692,25.951999999999998,-21.430566117275706,55.42788548908246,570.9656570570975,0.15637937409619862
2024-09-27 08:56:19.111954+00:00,1.0009211519999999,26.079999999999995,-21.4313747740546,55.42815100426908,484.90026341804116,0.13292471179853751
2024-09-27 08:56:23.006803+00:00,1.0014588039999999,26.184000000000005,-21.431380012379933,55.42815272422613,484.35239602441203,0.1035587711373434
2024-09-27 09:06:19.203014+00:00,1.001596266,26.308,-21.431587433026866,55.42818567474986,465.3267358027816,0.07419283708974542
2024-09-27 09:06:24.949795+00:00,1.0013219279999999,26.374000000000002,-21.431587297183572,55.42818516501863,465.3745111843355,0.04482691132945314
2024-09-27 09:16:20.434679+00:00,1.000734292,26.444,-21.4315732210208,55.4281323463656,470.3334297101284,0.015460992920615244
2024-09-27 09:16:24.905495+00:00,1.000020804,26.468,-21.431573115338967,55.42813194981065,470.370722862022,0.009549707824970746
2024-09-27 09:26:20.988930+00:00,1.000540018,26.51,-21.431559025027553,55.428079078067,475.351071015247,0.009549708173984286
2024-09-27 09:26:25.671087+00:00,1.0014594220000002,26.532,-21.431558914350006,55.428078662766396,475.3902542727798,0.00954970859591175
2024-09-27 09:36:20.919262+00:00,1.00145283,26.528000000000002,-21.4315448437826,55.42802586510912,480.37953407975334,0.00954970901406573
2024-09-27 09:36:26.606229+00:00,1.0031726539999999,26.444,-21.431544709353204,55.42802536068332,480.42727585413564,0.009549709527899568
2024-09-27 09:46:22.076407+00:00,1.004892478,26.360000000000003,-21.431530633538053,55.42797254333468,485.43385539254086,0.009549710003853351
2024-09-27 09:56:20.282343+00:00,1.005699216,26.248,-21.431516493054637,55.42791948332825,490.4783633304294,0.025056317843309323
2024-09-27 09:56:27.281459+00:00,1.006505954,26.136000000000003,-21.431516327608463,55.42791886251673,490.53747169278205,0.04740867294144996
2024-09-27 10:06:23.484571+00:00,1.007060574,26.018,-21.431120983176214,55.42818574261879,503.60436482998267,0.06976104001039765
2024-09-27 10:06:26.089508+00:00,1.006202076,25.976,-21.4311186207333,55.428187439658586,503.69065921290786,0.09211341979094373
2024-09-27 10:16:29.391766+00:00,1.004544064,25.976,-21.430571480044016,55.428580473293295,528.4081935509851,0.11446581459408918
2024-09-27 10:16:31.775025+00:00,1.002566436,25.986,-21.430569318643343,55.42858202591619,528.5236410214288,0.12131161429432877
2024-09-27 10:26:25.312485+00:00,1.001387014,26.058,-21.43003103374412,55.428968698073085,561.186954306375,0.12131168229573608
2024-09-27 10:26:27.097867+00:00,1.001385706,26.162,-21.43002941456391,55.42896986119675,561.2962728278525,0.12131175483362208
2024-09-27 10:36:30.444477+00:00,1.0018305600000001,26.292,-21.429482233651367,55.42936292372548,601.576348200776,0.12131182583541464
2024-09-27 10:36:32.078788+00:00,1.003074928,26.380000000000003,-21.429480751478664,55.42936398843102,601.6938857988416,0.1213118972631575
2024-09-27 10:46:25.686729+00:00,1.004585852,26.47,-21.428942402659864,55.429750706503974,646.9967828183206,0.1213119688107848
2024-09-27 10:46:27.070253+00:00,1.00529857,26.498,-21.4289411479284,55.42975160782913,647.1080261240992,0.12131203971185629
2024-09-27 10:56:31.397397+00:00,1.005177376,26.572000000000003,-21.42839307776001,55.430145309146866,697.8667553156333,0.11239528588265393
2024-09-27 10:56:32.837975+00:00,1.0046100199999999,26.620000000000005,-21.428391771285757,55.430146247641,697.9925420010422,0.1156317300682798
2024-09-27 11:06:27.829173+00:00,1.004888874,26.724,-21.428762999955396,55.42995786410016,661.345230038511,0.11886814778926749
2024-09-27 11:06:28.468264+00:00,1.004901172,26.826,-21.4287637003654,55.4299574709825,661.2779891979958,0.12210437844345354
2024-09-27 11:16:33.688025+00:00,1.004259574,26.93,-21.42942698934152,55.42958518816711,599.9995924892823,0.12534074216438235
2024-09-27 11:16:33.719132+00:00,1.004451888,26.988,-21.42942702343295,55.429585169032684,599.9965786882735,0.13749390875147754
2024-09-27 11:26:29.351584+00:00,1.0036908959999997,27.02,-21.43007980522339,55.42921878356341,545.392959679015,0.13749384463910322
2024-09-27 11:26:29.520130+00:00,1.002083694,26.996000000000002,-21.430079989940978,55.42921867988735,545.3784752006633,0.13749377960402726
2024-09-27 11:36:35.061131+00:00,1.000729842,27.2,-21.430743630979002,55.42884619947091,497.603155273329,0.13749387424138326
2024-09-27 11:36:35.305782+00:00,1.0054487859999999,27.6,-21.43074389910362,55.428846048981164,497.58574136043995,0.1374937942543153
2024-09-27 11:46:40.914923+00:00,1.01016773,28.0,-21.43140761481953,55.42847352665042,460.0311924033194,0.13749370607748687
2024-09-27 11:56:35.503469+00:00,1.012241762,28.048000000000002,-21.43205925254393,55.4281077833087,435.67270209009,0.1214838744352948
2024-09-27 11:56:36.490626+00:00,1.0143157939999998,28.095999999999997,-21.432060334415993,55.42810717608863,435.6438850289037,0.10667039989149943
2024-09-27 12:06:41.320177+00:00,1.016483788,27.784000000000002,-21.432340557912674,55.42825567520877,404.12643231467376,0.09185693486066533
2024-09-27 12:06:42.690344+00:00,1.013232882,27.274,-21.43234087975779,55.42825644032601,404.04193613331284,0.07704349148278142
2024-09-27 12:16:36.483865+00:00,1.010161536,26.669999999999998,-21.432480358769695,55.42858802154652,367.52930971120446,0.062230056274445444
2024-09-27 12:16:37.799002+00:00,1.00988284,26.419999999999998,-21.432480667688544,55.42858875593435,367.44869890794143,0.06342637570686832
2024-09-27 12:26:43.596021+00:00,1.009604144,26.169999999999998,-21.43262296625968,55.428927040047846,330.46459684428777,0.06342634535120842
2024-09-27 12:36:36.836881+00:00,1.0088848780000002,26.076,-21.43276231545433,55.42925831265587,294.6043227231378,0.06342631481006969
2024-09-27 12:36:39.222901+00:00,1.008165612,25.982,-21.432762875918048,55.42925964503729,294.4609826593678,0.06342628394749997
2024-09-27 12:46:42.688310+00:00,1.007320058,25.978,-21.432904626806145,55.42959662715268,258.5006784625143,0.06342625341324407
2024-09-27 12:46:45.326272+00:00,1.007280072,25.998,-21.432905246449703,55.429598100221384,258.34494363558997,0.06342622887546473
2024-09-27 12:56:38.491946+00:00,1.007373246,26.016000000000002,-21.433044577983573,55.429929330844715,223.75177749914903,0.06342620286724616
2024-09-27 12:56:40.364922+00:00,1.007559678,26.01,-21.43304501793593,55.42993037673641,223.6440954224003,0.06342617717637718
2024-09-27 13:06:43.661845+00:00,1.007746124,25.962,-21.433186729247506,55.43026726476717,189.65092231836968,0.06342615185329151
2024-09-27 13:06:45.600500+00:00,1.007879298,25.918,-21.433187184627485,55.43026834733469,189.54431230763043,0.06342612623757181
2024-09-27 13:16:41.099604+00:00,1.008172018,25.822000000000003,-21.433327064271936,55.430600880972534,157.92582280861478,0.06342609981201684
2024-09-27 13:16:48.871985+00:00,1.008331578,25.728,-21.433328889963818,55.4306052211606,157.5310569611259,0.06342607441187041
2024-09-27 13:26:44.068903+00:00,1.0084575199999999,25.564,-21.433468698626353,55.43093758605426,129.31874758495437,0.06342604912709622
2024-09-27 13:26:46.365223+00:00,1.008583448,25.442,-21.433469238019985,55.43093886834611,129.21933161338848,0.06342602330191598
2024-09-27 13:36:49.352044+00:00,1.0084033940000001,25.264000000000003,-21.43361087649027,55.431275583212425,106.84860211992718,0.06342599795227107
2024-09-27 13:36:51.772372+00:00,1.0080637940000001,25.137999999999998,-21.433611445012723,55.43127693475175,106.77696814513136,0.06342597256205498
2024-09-27 13:46:44.509002+00:00,1.007332194,24.974,-21.433750675766394,55.43160792579193,95.25126249827758,0.06342594697132402
2024-09-27 13:46:47.130741+00:00,1.006899558,24.842,-21.43375129159926,55.43160938980154,95.23015722273105,0.06240368955708124
2024-09-27 13:56:52.425502+00:00,1.006466922,24.71,-21.43389347219262,55.431947393448354,98.08617871723553,0.0611089666024104
2024-09-27 14:06:45.661808+00:00,1.0061007819999999,24.55,-21.43398588222596,55.43226653964465,115.89017098108683,0.059814246368341505
2024-09-27 14:06:48.385598+00:00,1.0057346419999997,24.39,-21.433986223237486,55.43226799291817,115.99355808403108,0.058519528374865
2024-09-27 14:16:51.437583+00:00,1.00589242,24.204,-21.434061723804657,55.43258975029845,141.2347683636532,0.057224812803928236
2024-09-27 14:16:54.572367+00:00,1.005784852,24.056,-21.4340621162716,55.43259142285722,141.3760022717219,0.05695233142726332
2024-09-27 14:26:50.303557+00:00,1.0052927019999998,23.882,-21.434136700293934,55.43290927423948,169.4981109998266,0.056952318300206306
2024-09-27 14:26:56.917571+00:00,1.005040038,23.791999999999998,-21.434137528351574,55.432912803135586,169.82223997734067,0.056952304914156336
2024-09-27 14:36:52.514417+00:00,1.0048666640000001,23.682,-21.434212095554358,55.43323058283872,199.76753964593476,0.056952291111280785
2024-09-27 14:36:56.218604+00:00,1.004561372,23.636000000000003,-21.434212559309117,55.433232559201585,199.9577507959594,0.056952277628566784
2024-09-27 14:46:51.640667+00:00,1.0035871879999998,23.636000000000003,-21.43428710462952,55.433550245649556,231.0017769696939,0.057628416636516355
2024-09-27 14:46:57.628952+00:00,1.002997586,23.662,-21.434287854347517,55.43355344068912,231.31808159069348,0.05975215018406234
2024-09-27 15:06:53.901706+00:00,1.0026135459999999,23.722,-21.434504829758346,55.43421063832998,297.29203464586277,0.06187588010510629
2024-09-27 15:06:58.980946+00:00,1.002150216,23.802,-21.43450623834908,55.434213588791046,297.59355730536146,0.06399960667410638
2024-09-27 15:16:54.475471+00:00,1.0014813759999999,23.887999999999998,-21.434671382756758,55.43455950342248,333.5033527842829,0.06612333000808268
2024-09-27 15:16:59.909480+00:00,1.0014814280000002,23.928,-21.434672889733115,55.434562659963944,333.8355823715882,0.06757089795631058
2024-09-27 15:26:55.459465+00:00,1.0016207080000001,23.968,-21.434838049521087,55.43490860681125,370.6467708529448,0.06757086758913265
2024-09-27 15:27:00.466852+00:00,1.0015544259999998,23.974,-21.434839438185378,55.434911515534004,370.9593001101114,0.06757083647026067
2024-09-27 15:36:55.731738+00:00,1.0013754300000002,23.974,-21.4350045189088,55.435257296771184,408.40527079258163,0.06757080637495633
2024-09-27 15:37:01.255120+00:00,1.0015809400000002,23.968,-21.43500605067034,55.435260505228165,408.75519690997453,0.06757076973918127
2024-09-27 15:46:56.495533+00:00,1.0017864500000002,23.962,-21.435171124606878,55.43560627224941,446.6868466551298,0.06757073283148748
2024-09-27 15:57:02.391221+00:00,1.0015809160000002,23.938,-21.4353391534976,55.43595822877414,485.67589741780114,0.06378456721829526
2024-09-27 15:57:05.785452+00:00,1.001375382,23.913999999999998,-21.435340094796388,55.43596020043657,485.8952184381378,0.05950825073943859
2024-09-27 16:06:58.824656+00:00,1.001295816,23.892,-21.435362220796556,55.43623787475491,514.6260802961635,0.05523194002934795
2024-09-27 16:07:01.449267+00:00,1.0011631700000003,23.863999999999997,-21.435362155420453,55.4362390438976,514.7440613724935,0.05095564247392095
2024-09-27 16:17:04.193840+00:00,1.001030524,23.836000000000002,-21.435347141731967,55.43650753869335,541.8765115567393,0.04667935072830138
2024-09-27 16:26:59.657775+00:00,1.0010238839999999,23.821999999999996,-21.435332309395978,55.43677279030192,568.7484230435306,0.0461891953036707
2024-09-27 16:27:01.513215+00:00,1.001017244,23.808,-21.43533226317906,55.43677361681446,568.8322492076427,0.046189197673854175
2024-09-27 16:37:04.810634+00:00,1.0008913119999998,23.796,-21.435317235719808,55.43704235787743,596.1166605906176,0.046189200508119276
2024-09-27 16:37:06.732456+00:00,1.001109914,23.776,-21.43531718784939,55.437043213960116,596.2036618531627,0.046189203346573046
2024-09-27 16:47:10.273331+00:00,1.00101046,23.756,-21.43530215432592,55.43731206347145,623.5507124713018,0.04261564163464013
2024-09-27 16:57:05.626518+00:00,1.001056816,23.740000000000002,-21.43528732474854,55.43757726574696,650.5708633950421,0.03906604147045428
2024-09-27 17:07:11.923032+00:00,1.001063394,23.712,-21.435174703047327,55.43769077245504,660.8409579089339,0.035516446083004964
2024-09-27 17:07:12.147547+00:00,1.00117601,23.686,-21.43517465030409,55.437690796856096,660.8428737778572,0.03196685052304723
2024-09-27 17:17:07.082422+00:00,1.000679042,23.674,-21.43503488763545,55.437755456453246,666.1153488329853,0.028417254340590538
2024-09-27 17:17:07.263788+00:00,1.00050013,23.662,-21.435034845028774,55.43775547616474,666.1170153216968,0.02844122335133114
2024-09-27 17:27:12.225387+00:00,1.00037423,23.657999999999998,-21.434892726872597,55.4378212255012,671.8731400890586,0.028441230085618985
2024-09-27 17:27:13.181067+00:00,1.000288108,23.666,-21.43489250236334,55.437821329367836,671.8825428255634,0.028441232927164318
2024-09-27 17:37:07.440699+00:00,1.000308008,23.678,-21.434752898323488,55.43788591557719,677.9151463760875,0.028441234967210578
2024-09-27 17:37:08.567435+00:00,1.000467042,23.69,-21.43475263362956,55.437886038034804,677.9269336447815,0.028441237180439265
2024-09-27 17:47:12.751146+00:00,1.000751862,23.674,-21.434610698215575,55.43795170282769,684.4344643149594,0.02844123931544664
2024-09-27 17:47:13.904203+00:00,1.0009836699999999,23.650000000000002,-21.43461042733832,55.43795182814595,684.4472369535891,0.02844124145101532
2024-09-27 17:57:08.054103+00:00,1.001254914,23.574,-21.434470849076778,55.43801640242926,691.2043498262135,0.033790642548877
2024-09-27 17:57:09.843063+00:00,1.0014201360000001,23.494,-21.43447042881259,55.438016596859676,691.2252192875715,0.04094159509286078
2024-09-27 18:07:13.953688+00:00,1.001446198,23.392,-21.43421397367844,55.43784971644313,675.0259932328634,0.048092551163908724
2024-09-27 18:07:16.439684+00:00,1.001247128,23.308,-21.43421280964227,55.43784881446313,674.9404013538328,0.05524351530399598
2024-09-27 18:17:11.997891+00:00,1.001048058,23.223999999999997,-21.43393394705088,55.437632731418816,655.233902742358,0.06239448374626046
2024-09-27 18:27:13.765608+00:00,1.001060842,23.168,-21.433652176935087,55.43741439541285,637.0355482970193,0.06419605587811439
2024-09-27 18:27:17.258093+00:00,1.001073626,23.112000000000002,-21.43365054162314,55.43741312825406,636.9352511009016,0.06419608106260172
2024-09-27 18:37:13.248703+00:00,1.000907824,23.058,-21.433371476564545,55.437196888323406,620.7689046011891,0.06419610648121703
2024-09-27 18:37:19.588127+00:00,1.0008413680000001,23.014,-21.433368508209508,55.43719458822575,620.6073608589958,0.06419612718009976
2024-09-27 18:47:14.956248+00:00,1.0007285119999998,22.956,-21.433089734623426,55.43697857414923,606.4621683530697,0.06419614793082803
2024-09-27 18:47:18.561234+00:00,1.000364366,22.922,-21.433088046634435,55.43697726617243,606.3828507428584,0.06419616958713284
2024-09-27 18:57:20.269755+00:00,1.000073108,22.904,-21.432806304236376,55.43675895164418,594.259517996508,0.06666230552469395
2024-09-27 18:57:24.383766+00:00,1.0000995959999999,22.906,-21.43280437790274,55.436757458980594,594.1844197596961,0.07002412684567424
2024-09-27 19:07:15.986173+00:00,1.000066542,22.908,-21.432579132633236,55.43639308806345,568.0125918214807,0.07338595379644955
2024-09-27 19:07:20.867131+00:00,1.0000798880000001,22.924,-21.43257735411925,55.4363897803056,567.774457528985,0.07674778478469214
2024-09-27 19:17:21.405775+00:00,1.000139254,22.902,-21.43235853101377,55.43598280355427,539.8848763051277,0.08010962056658429
2024-09-27 19:17:26.268085+00:00,1.000125732,22.864,-21.43235675929473,55.43597950843396,539.6710793659519,0.08100534672076336
2024-09-27 19:27:21.958902+00:00,0.9999995719999999,22.798,-21.432139702631115,55.43557581698821,515.0881537025227,0.0810053925408896
2024-09-27 19:27:26.628350+00:00,0.9999329539999999,22.732,-21.43213800118674,55.435572652567785,514.9086814185756,0.08100543817173314
2024-09-27 19:37:21.465896+00:00,0.9999192859999999,22.674,-21.431921255436368,55.43516953937205,493.88484592698524,0.0810054840761092
2024-09-27 19:37:27.675326+00:00,0.9998595979999999,22.654,-21.43191899285631,55.43516533132702,493.685461912155,0.08100552956409016
2024-09-27 19:47:23.089171+00:00,0.999859316,22.624000000000002,-21.431702037115226,55.4347618275814,476.64955704369294,0.08100557526728747
2024-09-27 19:47:26.719784+00:00,0.999971672,22.622,-21.43170071419951,55.43475936716508,476.55878351642303,0.0810056211237566
2024-09-27 19:57:21.983142+00:00,1.000084028,22.619999999999997,-21.4314838132926,55.434355965402446,463.9622667347939,0.08219341638676443
2024-09-27 19:57:28.953772+00:00,1.0001434340000002,22.61,-21.43148127334792,55.4343512415026,463.84242690026804,0.08381010274514716
2024-09-27 20:07:24.780184+00:00,1.000070472,22.582,-21.43127686352597,55.43390149944563,452.12920623652013,0.08542679098331822
2024-09-27 20:07:27.569406+00:00,0.9999381039999999,22.564,-21.431275915884754,55.433899325275696,452.0826105483441,0.08704348061706471
2024-09-27 20:17:22.785139+00:00,0.9997595260000001,22.552,-21.43107369068252,55.43343536069887,445.21082236171094,0.08866017078143165
2024-09-27 20:17:30.096354+00:00,0.999580948,22.54,-21.43107120668912,55.43342966168147,445.16502538038657,0.08908911247191682
2024-09-27 20:27:25.150577+00:00,0.9993759019999999,22.526,-21.430869036360136,55.43296582300016,444.6323651152073,0.08908916437980566
2024-09-27 20:27:28.151952+00:00,0.9993296920000001,22.532,-21.430868016639675,55.432963483459055,444.6456968411617,0.08908922573115817
2024-09-27 20:37:30.918400+00:00,0.9992834820000001,22.538,-21.43066322607364,55.43249363317701,450.5427029707873,0.08908928465039752
2024-09-27 20:47:26.609765+00:00,0.9992041580000001,22.538,-21.43046083927487,55.43202929784981,462.46273840612713,0.08908934596672478
2024-09-27 20:47:28.108776+00:00,0.9991248340000001,22.538,-21.43046032998429,55.432028129386204,462.50002775717576,0.08908940500834957
2024-09-27 20:57:31.938010+00:00,0.9993166920000001,22.554000000000002,-21.43025517833552,55.4315574506733,480.31342206060117,0.08564210180690966
2024-09-27 20:57:33.378364+00:00,0.9994820820000001,22.568,-21.43025468897373,55.43155632793225,480.36232595923155,0.0819659184557553
2024-09-27 21:07:28.264187+00:00,0.9994490580000001,22.572,-21.43020992411282,55.43114617924166,485.2256026521438,0.07828972728730861
2024-09-27 21:07:29.584327+00:00,0.9994953580000001,22.576,-21.430209896133114,55.431145277921516,485.2325617660332,0.07461352388817769
2024-09-27 21:17:34.058569+00:00,0.999482234,22.59,-21.4301970846039,55.43073257563691,490.2792615709622,0.070937313749244
2024-09-27 21:17:34.689864+00:00,0.999224396,22.59,-21.43019707122392,55.43073214462288,490.2864527049657,0.07070845731127326
2024-09-27 21:27:29.444764+00:00,0.999098576,22.566,-21.4301844656913,55.430326078178815,498.7929667634895,0.0707084600238773
2024-09-27 21:27:29.735069+00:00,0.99917117,22.552,-21.43018445953843,55.43032587997426,498.7979491696578,0.07070846179062355
2024-09-27 21:37:34.770431+00:00,0.999303042,22.518,-21.43017163611656,55.429912794587295,510.8712581033149,0.07070846534091241
2024-09-27 21:37:35.265960+00:00,0.9994943379999999,22.474,-21.430171625614072,55.429912456266955,510.88249750639784,0.07070846934585509
2024-09-27 21:47:39.892725+00:00,0.9993287240000001,22.419999999999998,-21.430158810852213,55.42949964984789,526.1581246810081,0.07070847120176019
2024-09-27 21:47:40.933240+00:00,0.999031164,22.4,-21.430158788799016,55.429498939440535,526.1870245355535,0.0704574307817677
2024-09-27 21:57:36.653431+00:00,0.9987336040000001,22.38,-21.43014616280754,55.42909221394803,544.1158881860462,0.07506161464154708
2024-09-27 22:07:39.201107+00:00,0.99819844,22.4,-21.429818432554285,55.42929098839066,569.2935317918533,0.07966580668187331
2024-09-27 22:07:43.144848+00:00,0.997874938,22.448,-21.429815819532728,55.42929319601561,569.478184683902,0.08427001662165798
2024-09-27 22:17:38.943073+00:00,0.997908346,22.506,-21.429421058914762,55.4296267115913,599.3430083260331,0.08887423647047368
2024-09-27 22:27:38.608907+00:00,0.99788213,22.544,-21.429023735718417,55.42996239217476,632.9637117061665,0.09372950923169579
2024-09-27 22:27:44.837117+00:00,0.997736922,22.582,-21.429019609066316,55.429965878598395,633.3297087091845,0.09372957791811054
2024-09-27 22:37:39.834201+00:00,0.9980543900000001,22.613999999999997,-21.42862537926382,55.43029894571186,669.7198434833177,0.09372965602610983
2024-09-27 22:47:45.572018+00:00,0.998160196,22.618,-21.428224032927425,55.43063802526626,709.3577653488929,0.09372972351864459
2024-09-27 22:57:41.145337+00:00,0.9982063059999999,22.589999999999996,-21.427829421326397,55.43097141494422,750.4801048323471,0.08978452829662172
2024-09-27 22:57:43.102848+00:00,0.998311968,22.571999999999996,-21.42782812432989,55.430972510718505,750.6183947221871,0.09143737632086965
2024-09-27 23:07:39.058771+00:00,0.9984703680000001,22.529999999999998,-21.428120128906837,55.43068416551125,720.3865260351391,0.09309019187166938
2024-09-27 23:07:48.180010+00:00,0.9983245220000001,22.464000000000002,-21.428126352051727,55.43067815826674,719.7564631595303,0.09474296232227009
2024-09-27 23:17:43.243092+00:00,0.998178676,22.398,-21.42853234555332,55.43028624995068,680.1415211858939,0.09639571404743735
2024-09-27 23:27:48.594069+00:00,0.998132318,22.384,-21.428945358173827,55.42988756603093,643.223139156747,0.10199370322016481
2024-09-27 23:27:48.973271+00:00,0.99808596,22.37,-21.42894561689189,55.4298873162886,643.2012061568242,0.10199362548072369
2024-09-27 23:37:43.421012+00:00,0.998132384,22.394,-21.429351190564937,55.429495813235924,610.8642771428853,0.10199354877824744
2024-09-27 23:37:44.463090+00:00,0.998198704,22.428,-21.429351901543132,55.42949512692379,610.8113708455304,0.1019934922593595
2024-09-27 23:47:49.116694+00:00,0.9984634800000001,22.484,-21.429764438367233,55.42909690229357,582.5778342439351,0.10199342545078213
2024-09-27 23:47:49.395493+00:00,0.998688464,22.520000000000003,-21.429764628583406,55.42909671867659,582.5660062277198,0.10199336270708656
2024-09-27 23:57:44.877534+00:00,0.999025896,22.562,-21.430170907927923,55.428704534434395,560.0341177234768,0.08739089862890287
2024-09-27 23:57:44.951017+00:00,0.9993368,22.589999999999996,-21.430170958063155,55.42870448603852,560.0316877682288,0.07049009191504559
2024-09-28 00:07:50.704239+00:00,0.9999516199999998,22.6,-21.430312938326736,55.42863030970494,550.169400955078,0.05358929640035045
2024-09-28 00:07:50.831099+00:00,1.000367984,22.588,-21.4303129580124,55.42863030620605,550.1677021717669,0.03668852098806714
2024-09-28 00:17:46.477797+00:00,1.000995508,22.552,-21.430405388415622,55.428613877821995,542.232793679133,0.019787757205585066
2024-09-28 00:17:55.759870+00:00,1.001510584,22.509999999999998,-21.430406828775716,55.428613621815444,542.1098075723428,0.017489408670931246
2024-09-28 00:27:50.462389+00:00,1.001727716,22.426000000000002,-21.43049911266446,55.428597219472564,534.2738945903722,0.017489414371636668
2024-09-28 00:27:51.567726+00:00,1.001409772,22.363999999999997,-21.430499284186865,55.42859718898654,534.2594119800115,0.017489414191892334
2024-09-28 00:37:56.861514+00:00,1.0010918279999999,22.302,-21.430593211592235,55.42858049452849,526.3753810572381,0.017489414067889564
2024-09-28 00:47:49.885187+00:00,1.000827302,22.288000000000004,-21.43068523496345,55.42856413848944,518.7444850686109,0.017489413889105083
2024-09-28 00:47:52.164707+00:00,1.000562776,22.274,-21.43068558869151,55.42856407561856,518.7153362317008,0.01748941349230141
2024-09-28 00:57:54.719670+00:00,1.0004177879999998,22.302,-21.43077909109546,55.42854745669937,511.06106662157714,0.015728261028242912
2024-09-28 00:57:57.371523+00:00,1.00050396,22.326,-21.430779502600885,55.42854738355927,511.02760699410976,0.013968130246508587
2024-09-28 01:07:54.190997+00:00,1.0002993359999999,22.344,-21.43081318421497,55.428581992151855,505.91372029365925,0.01220799941995571
2024-09-28 01:08:00.128851+00:00,0.9998301340000001,22.338,-21.430813445003466,55.42858240441337,505.8657053567002,0.010447868463439952
2024-09-28 01:17:55.696873+00:00,0.99946014,22.342000000000002,-21.43083960214551,55.42862375433153,501.0534100347095,0.008687737391195945
2024-09-28 01:17:59.814257+00:00,0.999268552,22.346,-21.430839782979593,55.42862404019894,501.02016598856574,0.008688758554049493
2024-09-28 01:27:54.920438+00:00,0.9988259559999999,22.364,-21.430865919837746,55.428665358051774,496.2189393560424,0.008688758036148094
2024-09-28 01:28:00.600518+00:00,0.998634616,22.407999999999998,-21.430866169304892,55.428665752416194,496.17314910970725,0.008688757392530699
2024-09-28 01:38:00.131433+00:00,0.9983441980000001,22.474,-21.430892500495833,55.428707377475554,491.3438799176934,0.008688756681022817
2024-09-28 01:47:55.503766+00:00,0.997954572,22.53,-21.43091864904329,55.42874871380715,486.5558651877038,0.008688755970259338
2024-09-28 01:58:01.046742+00:00,0.9977172019999999,22.633999999999997,-21.430945244281872,55.42879075628017,481.69422489826167,0.00840949942038496
2024-09-28 01:58:05.038990+00:00,0.99773084,22.724,-21.430945419620027,55.42879103345948,481.6622007595284,0.008084542965042312
2024-09-28 02:07:59.891728+00:00,0.99792305,22.826,-21.430960241266945,55.42882980077329,478.09219886766635,0.007759586633928508
2024-09-28 02:08:06.705869+00:00,0.998214338,22.906,-21.430960385679153,55.42883023917433,478.0540658427057,0.007434630457891484
2024-09-28 02:18:02.918598+00:00,0.9990287219999999,23.029999999999998,-21.430973021225547,55.42886859768073,474.72460058033687,0.0071096742993154
2024-09-28 02:18:04.745116+00:00,0.99969085,23.106,-21.430973059934974,55.428868715193325,474.7144221808764,0.007063974119830023
2024-09-28 02:28:00.073802+00:00,1.0002737,23.214000000000002,-21.430985676745834,55.42890701682311,471.40401753520837,0.0070639738118390884
2024-09-28 02:28:08.376485+00:00,1.000717518,23.29,-21.430985852704737,55.42890755099239,471.35795025219056,0.007063973314430763
2024-09-28 02:38:03.893358+00:00,1.001399814,23.375999999999998,-21.430998473503845,55.42894586472955,468.0610779203076,0.007063973046460101
2024-09-28 02:38:05.405703+00:00,1.0015590140000001,23.418,-21.430998505554996,55.428945962029196,468.0527239162921,0.007063972796717964
2024-09-28 02:48:09.310034+00:00,1.002122474,23.483999999999998,-21.431011304109642,55.428984815389796,464.72445749810885,0.007063972487258791
2024-09-28 02:48:10.858602+00:00,1.002765212,23.518,-21.43101133692847,55.42898491501994,464.7159426523521,0.007063972113961961
2024-09-28 02:58:04.086017+00:00,1.003315568,23.598,-21.43102390920706,55.429023081460365,461.4615829136448,0.01633792742961371
2024-09-28 02:58:05.254408+00:00,1.0036413020000001,23.788,-21.431023933968785,55.42902315663107,461.45518819322734,0.02667792551439127
2024-09-28 03:08:09.971135+00:00,1.003967036,23.978,-21.430962116964672,55.42932818704664,451.96044403226614,0.037017924690274276
2024-09-28 03:18:05.087949+00:00,1.0041011499999999,24.266,-21.430893077646004,55.429657812093744,444.3502985896427,0.047357928222354385
2024-09-28 03:18:05.664554+00:00,1.004235264,24.554,-21.430893010754243,55.429658131465374,444.34419659878847,0.057697934877457134
2024-09-28 03:28:10.229848+00:00,1.004621238,24.869999999999997,-21.430822875320317,55.4299929898643,439.33963162046734,0.0587639885310887
2024-09-28 03:28:10.678627+00:00,1.00346759,25.217999999999996,-21.4308228232576,55.42999323843534,439.3369625139687,0.05876400457503629
2024-09-28 03:38:15.274296+00:00,1.0023139420000002,25.566,-21.43075268429989,55.43032811365841,437.1733912078656,0.058764025638807296
2024-09-28 03:48:10.190428+00:00,1.002985322,25.863999999999997,-21.430683668262308,55.43065762755104,437.85695909805105,0.05876404168162488
2024-09-28 03:48:10.838713+00:00,1.003656702,26.162,-21.43068359305494,55.43065798662514,437.85922585449066,0.058764057587816734
2024-09-28 03:58:15.349648+00:00,1.0039023139999999,26.342000000000002,-21.43061346392722,55.430992814915385,441.4011107636845,0.05624692793247471
2024-09-28 03:58:15.925894+00:00,1.0056736919999998,26.369999999999997,-21.430613397077096,55.43099313408822,441.405837345668,0.053556254261965495
2024-09-28 04:08:10.469498+00:00,1.007305248,26.387999999999998,-21.43061369838851,55.43125838219446,439.99595023161885,0.05086557526571347
2024-09-28 04:08:12.238257+00:00,1.006899136,26.334000000000003,-21.43061373242445,55.43125915561327,439.99065121779046,0.04817489659682449
2024-09-28 04:18:15.918979+00:00,1.0065459559999999,26.328000000000003,-21.43062534895678,55.431523124919515,439.0337459100049,0.04548421479528381
2024-09-28 04:18:17.661560+00:00,1.0064590660000001,26.366000000000003,-21.43062538248899,55.43152388689166,439.03344738684797,0.04531067439940918
2024-09-28 04:28:11.308399+00:00,1.006578282,26.47,-21.4306368059409,55.43178346871778,439.75755342109517,0.045310673720881385
2024-09-28 04:28:12.673350+00:00,1.007350664,26.622000000000003,-21.430636832206428,55.431784065564926,439.7611127300746,0.045310671570700525
2024-09-28 04:38:18.373396+00:00,1.0081230460000001,26.774,-21.430648487596287,55.4320489178537,442.1921304692484,0.045310669589729236
2024-09-28 04:48:13.901973+00:00,1.009082048,27.002,-21.43065994725818,55.43230932250064,446.2180705180182,0.04531066743824903
2024-09-28 04:48:21.271193+00:00,1.0100410499999999,27.23,-21.43066008906291,55.43231254481311,446.27788038255227,0.045310666388867785
2024-09-28 04:58:16.367694+00:00,1.012090152,27.451999999999998,-21.430671540410437,55.43257276052772,451.8967476472092,0.039365369639290104
2024-09-28 04:58:19.126314+00:00,1.0138658040000001,27.541999999999994,-21.43067159349412,55.432573966779565,451.92637781933774,0.03515582664227944
2024-09-28 05:08:25.173192+00:00,1.015641456,27.631999999999998,-21.430704448639116,55.432489822053775,446.0192625185569,0.030946283365627734
2024-09-28 05:18:17.340013+00:00,1.015902142,27.592000000000002,-21.430739804940096,55.432356310475164,438.7121883819553,0.026736739982289502
2024-09-28 05:18:20.525538+00:00,1.0161628280000001,27.552,-21.43073999513714,55.432355592257835,438.6738237970346,0.022527196829032918
2024-09-28 05:28:22.955430+00:00,1.015935442,27.496,-21.430775964211758,55.432219766738754,431.6060584534735,0.02426294765655127
2024-09-28 05:28:25.936138+00:00,1.0146258719999999,27.618000000000002,-21.43077614217987,55.43221909470002,431.5720314703694,0.02426294434652316
2024-09-28 05:38:21.561337+00:00,1.013316302,27.74,-21.430811704969035,55.43208480338589,424.9648547645612,0.02426294112679589
2024-09-28 05:48:23.194481+00:00,1.0138365219999999,27.977999999999998,-21.430847626472488,55.43194915750384,418.6917526679526,0.02426293781720534
2024-09-28 05:48:27.453738+00:00,1.01421386,28.404000000000003,-21.43084788077849,55.43194819719989,418.64882158578024,0.03921735312433933
2024-09-28 05:58:22.703406+00:00,1.0137830639999998,28.786,-21.430883421145953,55.431813990554026,412.8595759722518,0.057159144577058084
2024-09-28 06:08:24.465979+00:00,1.013939042,29.118000000000002,-21.43141496614902,55.43188770645801,355.38327393476465,0.07510093529366328
2024-09-28 06:08:29.064235+00:00,1.0140950199999998,29.45,-21.43141961949668,55.431888510085884,354.8858158206068,0.09304272463433853
2024-09-28 06:18:24.472759+00:00,1.014204052,29.812,-21.432022161587266,55.43199256842354,291.26170041101,0.11098451406447193
2024-09-28 06:18:29.565052+00:00,1.014455966,29.986,-21.432027314890693,55.43199345839321,290.7258105570794,0.11397188432727082
2024-09-28 06:28:24.541596+00:00,1.015229728,30.284,-21.432629419825712,55.43209744123459,229.60694137402695,0.11397187771034063
2024-09-28 06:28:30.286153+00:00,1.0162590059999999,30.548000000000002,-21.432635233208085,55.43209844519915,229.03519387371804,0.11397187064658312
2024-09-28 06:38:25.968452+00:00,1.017089788,30.95,-21.433238052353865,55.432202551383924,172.97124362264424,0.11397186527870748
2024-09-28 06:38:29.588786+00:00,1.01741314,31.212,-21.43324171606277,55.432203184102306,172.65646907985183,0.11397185989409317
2024-09-28 06:48:31.178633+00:00,1.019318554,31.552,-21.43385051353456,55.432308322737214,128.3012099440993,0.11397185367518073
2024-09-28 06:48:34.726541+00:00,1.02070212,31.768,-21.433854103950004,55.4323089427979,128.10293492454943,0.11397184800931563
2024-09-28 06:58:26.812106+00:00,1.021950962,31.976,-21.434453283269242,55.432412420388744,111.83580800846515,0.11412715319805178
2024-09-28 06:58:29.797409+00:00,1.024261416,32.001999999999995,-21.434456304339083,55.43241294212409,111.85098976759919,0.11790202023593013
2024-09-28 07:08:33.918230+00:00,1.0265718700000002,32.028,-21.434001551989283,55.43195480444231,89.74662888168243,0.12167691014169998
2024-09-28 07:18:29.527137+00:00,1.027812288,32.042,-21.433462849044076,55.43145534399429,123.69064226334287,0.12545182185365678
2024-09-28 07:18:31.181807+00:00,1.0290527059999999,32.056,-21.433461352465304,55.43145395643569,123.84241317269155,0.12922675596812688
2024-09-28 07:28:35.425687+00:00,1.031539338,31.983999999999998,-21.432914839554037,55.430947254948464,188.45981131782835,0.1328464022133949
2024-09-28 07:28:37.098317+00:00,1.030919162,32.008,-21.43291332673127,55.43094585232918,188.6553679205352,0.13284652886123977
2024-09-28 07:38:31.175439+00:00,1.030298986,32.032000000000004,-21.432376009220462,55.43044767639184,260.82593416999,0.13284662368675695
2024-09-28 07:48:36.224632+00:00,1.029374262,32.108000000000004,-21.431828767937787,55.42994029959234,337.45065628308663,0.1328467502642722
2024-09-28 07:48:36.336008+00:00,1.0284495379999998,32.184000000000005,-21.431828667203046,55.429940206195745,337.46492194630105,0.13284687654545538
2024-09-28 07:58:32.004632+00:00,1.028201594,32.482000000000006,-21.43128991024624,55.42944069567067,414.2940524057345,0.11084459901793176
2024-09-28 07:58:41.350413+00:00,1.030197342,32.728,-21.431281457384493,55.429432858568326,415.5063580824031,0.08756524500292526
2024-09-28 08:08:37.449694+00:00,1.0319562660000001,33.04,-21.43124924278848,55.42930598464471,425.0093569522234,0.06428590185018102
2024-09-28 08:08:37.673415+00:00,1.03350083,33.252,-21.431249248826855,55.429305949686004,425.01056534221993,0.04100650658722396
2024-09-28 08:18:43.368721+00:00,1.0350453940000002,33.464,-21.431265596950226,55.42921130354852,428.38555108959906,0.017727089446662302
2024-09-28 08:28:37.702777+00:00,1.034491834,33.378,-21.43128163842583,55.42911843272348,431.8950682830552,0.016450055700468945
2024-09-28 08:28:38.871730+00:00,1.033938274,33.291999999999994,-21.431281669976652,55.429118250062544,431.90216086648144,0.016450056058517244
2024-09-28 08:38:43.384445+00:00,1.032654524,33.245999999999995,-21.431297986181097,55.4290237887171,435.6682705981856,0.016450054999547173
2024-09-28 08:38:44.679974+00:00,1.0313776559999999,33.181999999999995,-21.431298021148294,55.42902358627734,435.6765505058129,0.016450054125482692
2024-09-28 08:48:38.307144+00:00,1.030513384,33.089999999999996,-21.431314043544567,55.42893082591055,439.56281017747557,0.0164500537061717
2024-09-28 08:48:40.364777+00:00,1.0299589660000001,33.16799999999999,-21.431314099081465,55.42893050438417,439.576598256697,0.01645005277358761
2024-09-28 08:58:43.231402+00:00,1.0287081180000002,33.273999999999994,-21.431330370856834,55.42883630025726,443.70913223842695,0.015985462084221944
2024-09-28 08:58:46.170494+00:00,1.0287012340000001,33.282,-21.431330450184902,55.428835840993834,443.729727772695,0.015517491867812334
2024-09-28 09:08:42.607161+00:00,1.0286943499999999,33.29,-21.43132686263648,55.42875452751266,449.0167594368207,0.015049521714212439
2024-09-28 09:18:44.365486+00:00,1.028409742,33.342,-21.43132224857037,55.428672644556805,454.52500615497974,0.014581551939928905
2024-09-28 09:18:47.980189+00:00,1.0299704159999998,33.354,-21.43132222085413,55.42867215269398,454.5583711897668,0.014113582480830186
2024-09-28 09:28:43.829885+00:00,1.03222752,33.338,-21.43131765209326,55.42859107374197,460.10249450670426,0.014110203084280931
2024-09-28 09:38:45.562386+00:00,1.0325386600000002,33.32,-21.431313038225156,55.42850919430006,465.7884022351288,0.014110203351010386
2024-09-28 09:38:49.662803+00:00,1.0328498,33.30200000000001,-21.431313006784634,55.42850863634473,465.8274407983293,0.014110203771882514
2024-09-28 09:48:45.664812+00:00,1.032392494,33.476,-21.43130843685588,55.42842753666705,471.5428884958897,0.014110204038607377
2024-09-28 09:48:50.786360+00:00,1.031399862,33.339999999999996,-21.431308397585696,55.42842683976354,471.5923520186198,0.0159666510484476
2024-09-28 09:58:51.007737+00:00,1.031364786,32.763999999999996,-21.43130379530435,55.428345165944535,477.42951197590565,0.017992745037254225
2024-09-28 10:08:47.288312+00:00,1.031200004,31.818,-21.43120658281786,55.42825999721632,491.37461296570126,0.02001884029673906
2024-09-28 10:18:53.429273+00:00,1.029160298,30.689999999999998,-21.431102588314936,55.428172418498946,506.05594503722256,0.022044936808466985
2024-09-28 10:28:48.816428+00:00,1.027754166,29.354000000000003,-21.431000438822974,55.42808639355305,520.4774693617969,0.02407103362410328
2024-09-28 10:38:54.721171+00:00,1.0206863000000002,28.451999999999998,-21.430896484847562,55.42799884896582,535.1543686584084,0.024240684572400407
2024-09-28 10:38:55.883803+00:00,1.012660878,27.99,-21.430896285376914,55.4279986809821,535.1825317892418,0.024240688519428278
2024-09-28 10:48:50.647640+00:00,1.011770842,28.610000000000003,-21.430794242826448,55.42791274609673,549.5901223861657,0.02424069243151637
2024-09-28 10:48:51.695582+00:00,1.0108282480000002,29.79,-21.430794063032963,55.42791259468409,549.6155082471906,0.02362046736076566
2024-09-28 10:58:56.766285+00:00,1.0156586380000001,30.913999999999998,-21.430690252152246,55.4278251706037,564.2732970143838,0.023618330617053932
2024-09-28 11:08:53.985390+00:00,1.0248408059999998,31.953999999999997,-21.430793310087537,55.42777398563752,559.0440464054468,0.023616192928097312
2024-09-28 11:18:58.275329+00:00,1.0314898639999999,32.483999999999995,-21.430917015282468,55.42772551000916,552.1726547365245,0.02361405470395282
2024-09-28 11:19:00.006586+00:00,1.031740174,32.18599999999999,-21.430917369690977,55.42772537112918,552.1534035111342,0.023611914735908554
2024-09-28 11:28:55.868029+00:00,1.033917966,31.509999999999998,-21.431039349474496,55.42767757162765,545.6787732565755,0.024230002257225564
2024-09-28 11:38:58.986721+00:00,1.0285775999999998,31.177999999999997,-21.431162814901544,55.42762918995572,539.4397366566519,0.02423000081729202
2024-09-28 11:39:01.881795+00:00,1.023237234,30.846000000000004,-21.431163407556948,55.42762895771532,539.4105689279737,0.02422999915464679
2024-09-28 11:48:57.642280+00:00,1.021701788,31.086000000000002,-21.431285366673198,55.42758116631256,533.5706235996356,0.024229997715057662
2024-09-28 11:49:04.897557+00:00,1.0212284239999998,31.436,-21.43128685191299,55.427580584300365,533.5015169359546,0.02422999665289729
2024-09-28 11:59:00.502258+00:00,1.0226928039999998,31.474,-21.43140877913845,55.427532805394456,527.9971712000239,0.026006755293295124
2024-09-28 11:59:03.710827+00:00,1.025902358,31.224,-21.431409435969947,55.42753254800575,527.9684316840426,0.028040473766426193
2024-09-28 12:09:01.271416+00:00,1.026768516,30.742,-21.43134480798637,55.427710666700634,519.2929285274099,0.030074193935896276
2024-09-28 12:09:07.277546+00:00,1.0275072479999998,30.094,-21.431344116550964,55.42771251937592,519.2073687014567,0.032107917179127116
2024-09-28 12:19:07.213584+00:00,1.02824598,29.446000000000005,-21.43127505094259,55.42789757808857,511.0098322486569,0.03414164213997454
2024-09-28 12:29:03.008414+00:00,1.026702626,28.932000000000006,-21.43120646207677,55.42808135938739,503.57426585074927,0.03439860877383409
2024-09-28 12:29:07.918287+00:00,1.0251592720000002,28.418,-21.43120589684422,55.42808287390685,503.5159995036338,0.0343986174831831
2024-09-28 12:39:03.177371+00:00,1.026078902,28.106,-21.43113736965438,55.42826648994719,496.8268747557382,0.03439862589626043
2024-09-28 12:39:08.739266+00:00,1.025854148,27.898000000000003,-21.43113672936,55.42826820559202,496.7679288846381,0.03439863302837399
2024-09-28 12:49:04.906433+00:00,1.0235318320000002,27.639999999999997,-21.431068097630153,55.428452101743396,490.84114364890945,0.03439863982739612
2024-09-28 12:49:08.957380+00:00,1.021553858,27.560000000000002,-21.431067631278562,55.42845335131502,490.8035572944518,0.03439864705956744
2024-09-28 12:59:04.179921+00:00,1.0209444460000001,27.474,-21.43099910829561,55.42863695608317,485.68389089461743,0.03786356726638871
2024-09-28 12:59:10.783822+00:00,1.019739642,27.296000000000003,-21.430998348043808,55.42863899314941,485.631628045303,0.041635052272866645
2024-09-28 13:09:08.328956+00:00,1.0185348379999999,27.118000000000002,-21.43104032512955,55.428934167035216,464.76650704232577,0.0454065338928262
2024-09-28 13:19:04.448471+00:00,1.0186118299999998,26.806,-21.431088503493022,55.42923648292954,444.1075253334914,0.049178012645780665
2024-09-28 13:19:05.776139+00:00,1.018688822,26.494,-21.43108861079511,55.42923715624273,444.0629743631936,0.05294948893862146
2024-09-28 13:29:10.578749+00:00,1.0170758899999999,26.064,-21.431137490926073,55.42954387567946,424.50739473524385,0.053256048040387395
2024-09-28 13:29:11.730134+00:00,1.0159387619999998,25.756,-21.431137583980984,55.42954445959259,424.4716376882408,0.05325603795596675
2024-09-28 13:39:06.634805+00:00,1.014395208,25.381999999999998,-21.431185664160783,55.42984615939117,406.8130149879169,0.0532560294944137
2024-09-28 13:39:07.209351+00:00,1.01366742,25.192,-21.431185710595567,55.429846450766235,406.79678281490385,0.05325602277480009
2024-09-28 13:49:11.787444+00:00,1.01313118,24.946,-21.431234572581083,55.430153056341545,390.6715747029013,0.05325601326597566
2024-09-28 13:49:12.366371+00:00,1.012916302,24.824,-21.431234619369956,55.430153349938486,390.65708639891625,0.05325598919236546
2024-09-28 13:59:17.839789+00:00,1.0126077180000002,24.663999999999998,-21.43128355371561,55.430460409568646,376.58262650737936,0.05366272108777368
2024-09-28 13:59:17.877845+00:00,1.0127055600000001,24.57,-21.43128355679129,55.43046042886833,376.5818121233369,0.054070842102994066
2024-09-28 14:09:13.463827+00:00,1.0124110300000002,24.428,-21.431458632487193,55.430717022213734,351.90702800110677,0.0544789390402937
2024-09-28 14:09:13.545956+00:00,1.011924952,24.342,-21.431458656645223,55.430717057591394,351.90371700500515,0.05488703325981824
2024-09-28 14:19:19.151427+00:00,1.01129253,24.232,-21.43163679359313,55.4309779260597,328.2902448877184,0.05529514229058681
2024-09-28 14:19:19.665194+00:00,1.0107538139999999,24.16,-21.431636944716054,55.43097814736811,328.2709415115334,0.055296494740428304
2024-09-28 14:29:14.223550+00:00,1.010055422,24.056,-21.431811832189766,55.43123425722026,306.8823534240689,0.05529645342189984
2024-09-28 14:29:15.238645+00:00,1.009749402,24.0,-21.431812130776784,55.43123469447901,306.8475737924036,0.05529643164832938
2024-09-28 14:39:19.684196+00:00,1.009217794,23.93,-21.431989926537902,55.43149506330433,287.3399158677518,0.05529641189421861
2024-09-28 14:39:20.702361+00:00,1.0088325299999998,23.883999999999997,-21.43199022602794,55.43149550188548,287.3092188620142,0.05529639008356794
2024-09-28 14:49:14.913632+00:00,1.008049352,23.818,-21.43216501140767,55.4317514622285,270.8009767056213,0.05529636776683393
2024-09-28 14:49:16.768309+00:00,1.007372754,23.776000000000003,-21.43216555695508,55.43175226114259,270.75411712348193,0.05174137457261426
2024-09-28 14:59:22.701177+00:00,1.006530478,23.729999999999997,-21.432343790205824,55.43201327063932,257.1828917932708,0.04811735441367717
2024-09-28 15:09:19.285788+00:00,1.005840838,23.692,-21.43246061526102,55.432189394410926,250.5125695452763,0.04449333465261733
2024-09-28 15:19:24.828593+00:00,1.005151198,23.654000000000003,-21.43257799974561,55.43236659804242,245.6997945605919,0.0408693170868949
2024-09-28 15:29:19.736804+00:00,1.0049655100000001,23.64,-21.432693322713988,55.4325406896088,242.91804635016908,0.03724530209004277
2024-09-28 15:29:25.070716+00:00,1.00452804,23.619999999999997,-21.4326943566929,55.43254225050348,242.90206970010465,0.03717625894380764
2024-09-28 15:39:25.682030+00:00,1.004064168,23.606,-21.4328107852079,55.43271801100317,242.13715350789775,0.03723454859645865
2024-09-28 15:49:21.496100+00:00,1.003381652,23.572,-21.43292628377702,55.432892367656464,243.40817698294137,0.044438925052558184
2024-09-28 15:59:27.452165+00:00,1.002699136,23.538,-21.433043258719195,55.43307215169251,246.96428866197382,0.051643298457980436
2024-09-28 16:09:23.641768+00:00,1.002115906,23.502,-21.433156591870212,55.433475810547606,271.30267331472584,0.058847668354718795
2024-09-28 16:09:25.219250+00:00,1.001837554,23.48,-21.433156891742943,55.433476878604765,271.37348463052916,0.06605203603220963
2024-09-28 16:19:29.741238+00:00,1.00153932,23.45,-21.433271808845568,55.4338861790227,300.55433653256114,0.0731980978899884
2024-09-28 16:19:30.780894+00:00,1.001519402,23.438,-21.433272006479815,55.433886882936896,300.60769234217577,0.07319806638781305
2024-09-28 16:29:25.676182+00:00,1.00138025,23.416,-21.433385093587013,55.43428966545734,332.593099610553,0.07319802965847856
2024-09-28 16:39:31.030275+00:00,1.001035774,23.392000000000003,-21.433500168869312,55.43469952926406,367.58714954884516,0.07319799291489636
2024-09-28 16:49:25.601659+00:00,1.000797254,23.372,-21.433613194403662,55.43510209248041,403.7431410582351,0.07319795709168216
2024-09-28 16:49:26.198096+00:00,1.000770696,23.358,-21.43361330778384,55.43510249630677,403.780140168084,0.073197920405542
2024-09-28 16:59:30.917928+00:00,1.000578564,23.330000000000002,-21.433728262495777,55.43551193067784,441.9187437143188,0.0608116846343361
2024-09-28 16:59:32.153107+00:00,1.0005254780000001,23.302,-21.433728497298144,55.43551276697378,441.99781286726306,0.048617502963150136
2024-09-28 17:09:28.710152+00:00,1.0007040420000002,23.272,-21.433670313146056,55.43549516903072,441.6382570849374,0.03642332668587145
2024-09-28 17:19:34.281197+00:00,1.0007766500000002,23.238,-21.433608118506402,55.43546961305593,440.6894835956212,0.024229155655544017
2024-09-28 17:29:30.023235+00:00,1.000538036,23.176,-21.43354693334625,55.435444471879464,439.87574444065365,0.012034989953434768
2024-09-28 17:29:35.370112+00:00,1.0004782760000002,23.136000000000003,-21.433546384199975,55.435444246233516,439.8689803499438,0.012227033890825351
2024-09-28 17:39:30.595503+00:00,1.000484682,23.098000000000003,-21.433485252101587,55.435419126860296,439.1761838221808,0.012227034285667354
2024-09-28 17:39:35.240878+00:00,1.000259438,23.062,-21.433484775002448,55.43541893081875,439.17124696131225,0.012227034727244204
2024-09-28 17:49:36.299600+00:00,1.0000276199999998,23.034,-21.43342304379698,55.43539356527053,438.594055559084,0.012227035099158907
2024-09-28 17:49:41.095342+00:00,1.0001531499999998,23.006,-21.433422551254512,55.43539336288326,438.5899423829833,0.01222703549458663
2024-09-28 17:59:36.892365+00:00,1.0002786799999999,22.978,-21.433361360447176,55.43536821938635,438.13969539958646,0.012227035944195623
2024-09-28 18:09:33.574082+00:00,1.000232212,22.954,-21.43330007877812,55.43534303855407,437.80981463010653,0.012227036340411054
2024-09-28 18:09:36.402885+00:00,1.000185744,22.93,-21.433299788248398,55.43534291917449,437.8085396564799,0.012227036548898344
2024-09-28 18:19:39.670678+00:00,1.0000466239999999,22.898000000000003,-21.433237830162234,55.43531746040027,437.59901655580893,0.012227036944258961
2024-09-28 18:19:41.786003+00:00,0.999861378,22.894000000000002,-21.433237612909654,55.435317371130495,437.59850044242984,0.012227037282758197
2024-09-28 18:29:37.010162+00:00,0.9994313979999999,22.898,-21.43317648093781,55.43529225180927,437.51399856934944,0.012227037559996911
2024-09-28 18:29:45.070825+00:00,0.9990874379999999,22.906,-21.433175653074528,55.43529191163762,437.5136849324624,0.012227038020357859
2024-09-28 18:39:40.746335+00:00,0.998961972,22.954,-21.43311447474707,55.43526677326873,437.5519484625106,0.012227038426215678
2024-09-28 18:39:42.415630+00:00,0.998935732,23.002,-21.433114303303594,55.43526670282206,437.5522260320601,0.012227038736121864
2024-09-28 18:49:37.803535+00:00,0.9986844859999999,23.067999999999998,-21.433053154514354,55.43524157659052,437.71192601270144,0.012394289211626639
2024-09-28 18:49:46.687116+00:00,0.998777248,23.116,-21.433052242134018,55.435241201690545,437.715225114527,0.02008050006801665
2024-09-28 18:59:43.319055+00:00,0.9988501700000001,23.174,-21.432989460484283,55.43520771751768,437.2782102380491,0.027766717021417565
2024-09-28 19:09:39.816621+00:00,0.998704598,23.192,-21.432882997878327,55.434939112826015,417.1596815573294,0.03545293725422848
2024-09-28 19:19:43.026701+00:00,0.99849944,23.2,-21.43277533722601,55.4346674854686,398.11531391465263,0.043139160539133484
2024-09-28 19:19:45.771224+00:00,0.9982479120000001,23.194,-21.432774847384827,55.434666249601435,398.0319433189042,0.05065813988719693
2024-09-28 19:29:41.394334+00:00,0.998188354,23.204,-21.432668540851378,55.43439803868003,380.70867530829736,0.050658165097858684
2024-09-28 19:39:47.392062+00:00,0.998201602,23.21,-21.432560382660952,55.43412515603613,364.8046479300754,0.05091616290174793
2024-09-28 19:49:43.351975+00:00,0.998095682,23.196,-21.43245401601505,55.43385679345127,351.08456538413026,0.058448725721445396
2024-09-28 19:59:49.710608+00:00,0.998022872,23.188,-21.43234314457138,55.433576747209834,339.0389085463145,0.06598130438820914
2024-09-28 20:09:45.425862+00:00,0.998333942,23.174,-21.432160840029447,55.433107669811804,324.44675178673543,0.07351389584621451
2024-09-28 20:19:51.092584+00:00,0.99827435,23.154000000000003,-21.431975490076457,55.43263075644063,317.95936023792336,0.08104649992198351
2024-09-28 20:29:56.192460+00:00,0.9982610379999999,23.116000000000003,-21.431790313593243,55.43215428941462,320.3894464656424,0.08832114407203777
2024-09-28 20:39:51.416006+00:00,0.9982941459999999,23.154,-21.431608159526945,55.43168559919685,331.2830452313004,0.0881827148755686
2024-09-28 20:49:57.884100+00:00,0.9984330760000001,23.134,-21.43142256433299,55.431208054810156,350.2378264733216,0.08153550712777134
2024-09-28 20:59:54.228619+00:00,0.9984991260000001,23.096,-21.431243679558893,55.43074119290645,375.009485176355,0.07488827867027692
2024-09-28 21:09:59.946438+00:00,0.998492386,23.04,-21.431265443225612,55.43041968571318,379.57204792396465,0.06824102967209632
2024-09-28 21:19:55.519403+00:00,0.9984459680000001,23.006,-21.431286842383958,55.43010356327723,386.82166801793153,0.06159376009123622
2024-09-28 21:30:00.696377+00:00,0.99855172,22.926000000000002,-21.43130858661792,55.42978234315739,396.8394816624894,0.055084994009234375
2024-09-28 21:39:55.625479+00:00,0.998790158,22.978,-21.431329962642018,55.42946656247576,409.10343295390675,0.05508498591726314
2024-09-28 21:50:01.290300+00:00,0.998618164,22.98,-21.4313517244045,55.42914508341308,423.83301716245546,0.0489983615692869
2024-09-28 21:59:56.698127+00:00,0.99879675,22.979999999999997,-21.431373117629377,55.428829048630206,440.3014427405838,0.04280769480081754
2024-09-28 22:10:03.588544+00:00,0.9988164599999999,22.948,-21.43135438677321,55.428685914517494,450.8529290890776,0.03661703027590379
2024-09-28 22:19:58.773603+00:00,0.99858479,22.9,-21.431335307633578,55.4285486742311,461.2961110087471,0.030426367998981307
2024-09-28 22:30:04.611846+00:00,0.99798899,22.776000000000003,-21.431315886997503,55.42840897748858,472.1377527690445,0.024235707957225867
2024-09-28 22:40:10.287152+00:00,0.997995524,22.747999999999998,-21.431296471584492,55.42826931831666,483.1755313787531,0.0240297170623377
2024-09-28 22:50:05.962385+00:00,0.9972680220000001,22.7,-21.431277376731945,55.42813196500394,494.2122583716591,0.021067666073917336
2024-09-28 23:00:12.275932+00:00,0.996970396,22.68,-21.4312579804665,55.42799517197899,505.4015317755141,0.01810561466397147
2024-09-28 23:10:08.687170+00:00,0.996699256,22.651999999999997,-21.431240010823387,55.42794505052317,510.41616230901036,0.015143562824292708
2024-09-28 23:20:04.303391+00:00,0.996533936,22.625999999999998,-21.431222065133838,55.42789499587934,515.4352614193558,0.012181510567574785
2024-09-28 23:30:09.841625+00:00,0.995912344,22.572,-21.431203820497814,55.427844107405235,520.5490639263221,0.009321407237974633
2024-09-28 23:40:15.599259+00:00,0.9960313300000001,22.559999999999995,-21.43118556925136,55.42779320049313,525.6755853884822,0.008906206424232883
2024-09-28 23:50:10.999673+00:00,0.9954892840000001,22.516,-21.43116763006399,55.427743163985355,530.7247396290868,0.010159777459652509
2024-09-29 00:00:17.078957+00:00,0.9951389660000001,22.488000000000003,-21.431154278918367,55.42770323680613,534.6847690394283,0.011413347630846414
2024-09-29 00:10:13.461751+00:00,0.994901008,22.448,-21.431193939318216,55.42778231075686,525.7982937023581,0.012666916939678235
2024-09-29 00:20:19.207740+00:00,0.99503305,22.369999999999997,-21.431234222385342,55.42786262616663,516.7870939515313,0.013920485385853687
2024-09-29 00:30:14.864891+00:00,0.994887432,22.264000000000003,-21.43127383452878,55.4279416039049,507.94128099698014,0.015589254788305109
2024-09-29 00:40:20.039118+00:00,0.9947883620000001,22.222,-21.431314079572854,55.42802184350521,498.97051037122856,0.01574835997083055
2024-09-29 00:50:15.406396+00:00,0.9947553179999999,22.163999999999998,-21.43135367243927,55.42810078280941,490.16209389324666,0.018941046780653316
2024-09-29 01:00:20.971282+00:00,0.9947486680000001,22.127999999999997,-21.431394910441437,55.42818579107038,480.81057724655096,0.022133732008233438
2024-09-29 01:10:16.948481+00:00,0.994398614,22.122000000000003,-21.431453298640676,55.428356295888506,464.1416325716329,0.025326415654848493
2024-09-29 01:20:22.823129+00:00,0.993916534,22.16,-21.43151265649819,55.42852963229604,447.36948631027064,0.02851909772201695
2024-09-29 01:30:18.391226+00:00,0.9939759779999999,22.18,-21.43157100461748,55.42870002007298,431.07295350609263,0.031552669721494744
2024-09-29 01:40:23.967446+00:00,0.994101538,22.256,-21.431630333237834,55.428873271102354,414.71908452558466,0.031839872774361073
2024-09-29 01:50:19.354847+00:00,0.993023502,22.378000000000004,-21.43168866365424,55.42904360718344,398.8790986684085,0.038317469786004144
2024-09-29 02:00:24.993107+00:00,0.9928036939999998,22.637999999999998,-21.4317374023062,55.42922939453964,383.2657626034263,0.044795080815564055
2024-09-29 02:20:25.512513+00:00,0.99282069,22.96,-21.431543324588066,55.42994110096148,366.3406034406949,0.05127270191195923
2024-09-29 02:30:30.586500+00:00,0.993186446,23.508,-21.43144550744482,55.43029980823444,363.69975370674325,0.057719872625793964
2024-09-29 02:40:26.168369+00:00,0.993872408,23.994,-21.43134922481126,55.430652888275134,365.10730341033616,0.061876984295572826
2024-09-29 03:00:27.612322+00:00,0.9957085119999999,24.49,-21.4311579143079,55.43136421303789,379.4111542133197,0.059843699436490774
2024-09-29 03:10:33.714454+00:00,0.997096448,24.916,-21.431227806239075,55.43167001560897,373.20462906130695,0.05781039798347387
2024-09-29 03:20:29.365860+00:00,0.9990703240000001,25.326,-21.43129649305749,55.43197054537425,369.81210773186893,0.05577708385847786
2024-09-29 03:30:35.023316+00:00,0.9998855320000001,25.482,-21.431366333711384,55.4322761235886,369.1907731102587,0.05377421754696434
2024-09-29 03:40:39.771454+00:00,1.001113838,25.666000000000004,-21.431436069508386,55.43258124301601,371.4296300872928,0.05377419344169859
2024-09-29 03:50:35.693112+00:00,1.0019769240000003,25.794,-21.431504787490585,55.43288190913415,376.38127226649476,0.05377416691629544
2024-09-29 04:00:41.266331+00:00,1.0026012780000002,25.881999999999998,-21.431574618430783,55.43318744484757,384.095856383518,0.05377413801406
2024-09-29 04:20:41.715088+00:00,1.002927294,25.895999999999997,-21.431713046721132,55.43379311887012,406.7291226610763,0.05377410914174301
2024-09-29 04:30:37.423008+00:00,1.0038720700000001,25.932,-21.431781740056394,55.43409367714897,421.1943252937162,0.05377408026756377
2024-09-29 04:40:43.020999+00:00,1.003070738,26.078000000000003,-21.431851573853155,55.43439922536089,437.81641594294604,0.052705385380124
2024-09-29 04:50:38.386567+00:00,1.0029081739999999,26.256,-21.4319202277105,55.43469961090951,455.8377131649068,0.04419144822814015
2024-09-29 05:00:44.595074+00:00,1.002905078,26.454,-21.431977207936797,55.434976573140915,474.1920503978891,0.035677518342856485
2024-09-29 05:10:40.388842+00:00,1.004576534,26.544,-21.43191964122947,55.43499487412499,479.6039306345178,0.02716359334662728
2024-09-29 05:20:45.469370+00:00,1.0061736079999999,26.47,-21.431861177218018,55.43501346037028,485.1323936410508,0.01864967323252687
2024-09-29 05:30:51.074266+00:00,1.0077002140000002,26.234,-21.431802662541163,55.435032062722556,490.69707197327403,0.011204424022933623
2024-09-29 05:40:46.046021+00:00,1.009273598,26.0,-21.431745175258264,55.43505033845688,496.1936374690902,0.011039533038266196
2024-09-29 05:50:51.673807+00:00,1.0103616880000001,25.701999999999998,-21.431686658369735,55.43506894151228,501.81776736250225,0.012670003869056024
2024-09-29 06:00:48.023617+00:00,1.008697492,25.51,-21.431631699147992,55.435078459876316,506.49650392571766,0.014300475117344105
2024-09-29 06:10:54.426823+00:00,1.007559912,25.490000000000002,-21.431612461880103,55.4349669549717,499.1398211998104,0.015930946784312037
2024-09-29 06:20:50.180624+00:00,1.0066355379999998,25.506,-21.43159356244924,55.43485740827059,492.0779154849188,0.017561418866798906
2024-09-29 06:30:55.881572+00:00,1.0053448919999999,25.52,-21.431574347459463,55.43474603249652,485.07378043452024,0.019356782710304103
2024-09-29 06:40:51.684952+00:00,1.0041999819999998,25.619999999999997,-21.43155544645578,55.43463647667886,478.36442397292313,0.020630329759876588
2024-09-29 06:50:57.189634+00:00,1.003313694,25.742,-21.431536237692267,55.434525136994054,471.7369574859023,0.031305914232760926
2024-09-29 07:00:52.893668+00:00,1.0023810499999999,25.869999999999997,-21.43150769649937,55.43438029596822,463.7072217816914,0.04198150757580292
2024-09-29 07:10:59.402963+00:00,1.0020200339999998,26.016000000000002,-21.431406362562495,55.43396823473902,444.740451194183,0.052657109785436126
2024-09-29 07:20:55.179091+00:00,1.001398782,26.162,-21.431306821894182,55.43356346560239,429.71850570579,0.06333272085231777
2024-09-29 07:31:00.983662+00:00,1.001536744,26.296000000000003,-21.431205605700644,55.43315188316111,418.5112469763545,0.07273479617333431
2024-09-29 07:40:56.758709+00:00,1.001912006,26.526,-21.431106065212955,55.43274711475897,411.81285330116805,0.07298226002489694
2024-09-29 07:51:02.133320+00:00,1.001021616,26.7,-21.431004920856005,55.432335824431796,409.6158343265718,0.07601554242344645
2024-09-29 08:00:57.916912+00:00,1.0009434380000002,26.932,-21.430908926710615,55.43192271942361,411.54420852444457,0.07904882241504292
2024-09-29 08:11:03.719309+00:00,1.001484902,27.186,-21.43084985241123,55.43141218258553,413.72618613020535,0.08208210001235092
2024-09-29 08:20:59.421203+00:00,1.0006323179999999,27.392000000000003,-21.43079176305371,55.430910157894175,422.4572787429439,0.08511537519921228
2024-09-29 08:31:04.661219+00:00,1.001645064,27.502,-21.430732743594405,55.43040009499961,437.6115448827937,0.08790123090189718
2024-09-29 08:41:00.735067+00:00,1.0026957959999998,27.654000000000003,-21.43067461796612,55.42989775684601,458.11883913025673,0.0863907875375627
2024-09-29 08:51:06.558090+00:00,1.0031084040000002,27.714,-21.430615541655392,55.429387202625335,483.90931675052735,0.07648970144316816
2024-09-29 09:01:03.094802+00:00,1.003108148,27.724,-21.430577669853076,55.428925922295136,509.3743678240067,0.06658860452296998
2024-09-29 09:11:09.002900+00:00,1.003668142,27.766000000000002,-21.43066984514444,55.42872414986339,511.21133312137584,0.056687496787863
2024-09-29 09:21:04.499373+00:00,1.002710872,27.832,-21.430760436541206,55.42852584458929,514.0372264857581,0.046786378191245766
2024-09-29 09:31:10.363814+00:00,1.00241458,27.907999999999998,-21.43085260519111,55.42832408669576,517.9333509319033,0.03839572688258542
2024-09-29 09:41:15.496777+00:00,1.00270489,28.060000000000002,-21.430944662563117,55.42812257239041,522.829883186542,0.03753869563126634
2024-09-29 09:51:10.790068+00:00,1.003149344,28.198,-21.431035223050298,55.427924334777614,528.5998555979996,0.03181838064062083
2024-09-29 10:01:16.815865+00:00,1.004049336,28.302,-21.431111546663196,55.427742226131855,535.255584395916,0.026098069727865596
2024-09-29 10:11:13.173289+00:00,1.00470947,28.374000000000002,-21.431069161286864,55.42770889490868,541.04202378981,0.02037776291742264
2024-09-29 10:21:19.320779+00:00,1.0051697599999998,28.416000000000004,-21.431026080093524,55.42767501650547,546.9246416749982,0.014657460178671075
2024-09-29 10:31:15.220320+00:00,1.0060732220000002,28.406,-21.43098372726066,55.42764171087399,552.708932434047,0.009794173365480606
2024-09-29 10:41:21.162997+00:00,1.0066358480000002,28.375999999999998,-21.430940660624156,55.427607843918054,558.5918214079529,0.009518115205693576
2024-09-29 10:51:16.634869+00:00,1.0069381380000002,28.312,-21.430898338187344,55.42757456218958,564.3741108925491,0.007754336410050812
2024-09-29 11:01:23.171158+00:00,1.006866022,28.254,-21.43086095271382,55.42754596333405,569.4256015833738,0.005990557414749337
2024-09-29 11:11:19.370564+00:00,1.0071614920000003,28.208,-21.430860605488615,55.42755156854096,569.0537103483026,0.004226778220150508
2024-09-29 11:21:25.010344+00:00,1.00668708,28.18,-21.430860252765353,55.427557262502155,568.6762901948636,0.0024629988264337002
2024-09-29 11:31:20.720194+00:00,1.006459522,28.186,-21.430859905825262,55.42756286310648,568.3054124911285,0.0009752783931693612
2024-09-29 11:41:26.528936+00:00,1.006511474,28.266000000000002,-21.4308595530036,55.42756855865618,567.928608536182,0.0012232280479953866
2024-09-29 11:51:22.438246+00:00,1.006885574,28.284000000000002,-21.430859205947343,55.427574161135745,567.5583178668376,0.005012370381837248
2024-09-29 12:01:29.139850+00:00,1.008738176,28.163999999999998,-21.430870550325615,55.427569684170436,566.9606930848296,0.008801511865133886
2024-09-29 12:11:25.495573+00:00,1.0080413,27.936,-21.430955926533063,55.427500682852774,565.1091100139423,0.012590652499893832
2024-09-29 12:21:31.646631+00:00,1.008765244,27.802,-21.43104270507223,55.427430548166235,563.4776013761991,0.01637979228624633
2024-09-29 12:31:27.144636+00:00,1.009189226,27.615999999999996,-21.431127958486005,55.4273616460908,562.1227928953795,0.01992098157005979
2024-09-29 12:41:33.472929+00:00,1.009652818,27.448,-21.431214762398735,55.427291490897275,560.9977709335938,0.019199441979320477
2024-09-29 12:51:29.079937+00:00,1.008625014,27.360000000000003,-21.43130003141773,55.42722257620966,560.1440801444172,0.019402218854521577
2024-09-29 13:01:35.574324+00:00,1.009753124,27.29,-21.431381699157008,55.427184632778214,557.3170518546282,0.019604995349167487
2024-09-29 13:11:32.173674+00:00,1.009028,27.004,-21.431439494847695,55.42728809930519,544.9688336960805,0.019807771463049618
2024-09-29 13:21:38.359000+00:00,1.0079974919999999,26.612000000000002,-21.431498219181876,55.427393228300694,532.4289717261406,0.020010547200209484
2024-09-29 13:31:34.151188+00:00,1.00754597,26.2,-21.43155593667856,55.42749655484384,520.1112256825719,0.020934857903683667
2024-09-29 13:41:40.070446+00:00,1.006854288,25.756,-21.431614635237352,55.42760163769594,507.59187701399406,0.02069630614024717
2024-09-29 13:51:35.777162+00:00,1.00597621,25.278,-21.431672344453915,55.42770494941592,495.2917484311275,0.021348693672097414
2024-09-29 14:01:32.264807+00:00,1.005112656,24.857999999999997,-21.43174237422267,55.42779029486904,483.5170406614814,0.02200108242916824
2024-09-29 14:11:38.571543+00:00,1.004641308,24.548000000000002,-21.43187428093062,55.42778727640891,474.3523354517769,0.022653472410386642
2024-09-29 14:21:34.292148+00:00,1.00355203,24.292,-21.43200388454406,55.42778431065116,465.6222412285169,0.023305863619985046
2024-09-29 14:31:39.561360+00:00,1.0025827379999999,24.119999999999997,-21.43213556553061,55.427781297356276,457.0471248777729,0.02419680167782557
2024-09-29 14:41:45.396893+00:00,1.001587604,24.088,-21.4322673697247,55.427778281242,448.7786337738783,0.024146993497365998
2024-09-29 14:51:40.892732+00:00,1.0009642060000001,24.096,-21.432396924438574,55.42777531660324,440.97519870096903,0.027289461651689505
2024-09-29 15:01:47.716930+00:00,1.000387206,24.128000000000004,-21.43252420904432,55.42780715873488,430.57968275899805,0.030431925471090936
2024-09-29 15:11:43.078716+00:00,0.9999693520000001,24.158,-21.432625914338754,55.42800904540078,406.86539128168386,0.03357438494969793
2024-09-29 15:21:48.933738+00:00,0.9995448640000001,24.184,-21.4327294121864,55.428214490313984,382.7390151634463,0.03671684009074575
2024-09-29 15:31:44.515562+00:00,0.9992729539999999,24.176000000000002,-21.432831155069817,55.42841645159462,359.0286685807055,0.03990909906245569
2024-09-29 15:41:50.128916+00:00,0.999179976,24.2,-21.432934611633446,55.42862181455838,334.9275185266955,0.04144110333867255
2024-09-29 15:51:46.062473+00:00,0.99889478,24.196,-21.4330364146032,55.42882389511137,311.2219419123931,0.050287894894579285
2024-09-29 16:01:52.115519+00:00,0.9988683119999999,24.182,-21.433137164683643,55.429080536477095,282.9097580300932,0.059134681055215764
2024-09-29 16:11:48.809948+00:00,0.9990474899999999,24.142000000000003,-21.433224210933233,55.42955651172214,237.56991833303505,0.06798146183139264
2024-09-29 16:21:54.748827+00:00,0.9992665520000001,24.080000000000002,-21.433312605770418,55.43003986114258,193.99681576878177,0.07682823721496615
2024-09-29 16:31:50.311543+00:00,0.999386202,23.996000000000002,-21.433399486924866,55.43051493363534,155.62234897024894,0.08414298122591785
2024-09-29 16:41:56.392644+00:00,0.9996516940000001,23.938,-21.43348790250952,55.43099839650444,125.38433470902916,0.08426083326048862
2024-09-29 16:51:52.447384+00:00,0.999691658,23.865999999999996,-21.433574855440785,55.431473861478075,111.52487271366121,0.08511720348538905
2024-09-29 17:01:59.220844+00:00,0.9992742760000001,23.802,-21.433678972845467,55.43195782794494,117.96273904090891,0.08597356531314067
2024-09-29 17:11:55.280734+00:00,0.998618162,23.792,-21.433849293435273,55.43243303685121,138.7052862598415,0.0868299187630301
2024-09-29 17:22:01.307016+00:00,0.9982535260000001,23.81,-21.43402246186269,55.43291619146621,174.20719330305565,0.08768626382668562
2024-09-29 17:31:56.914800+00:00,0.997835776,23.83,-21.434192653265956,55.43339103993107,216.47663237444917,0.0884246998122641
2024-09-29 17:42:02.634164+00:00,0.997497452,23.892,-21.434365733993328,55.43387394985549,263.3362542646207,0.08463442599545366
2024-09-29 17:51:58.327515+00:00,0.997755686,23.966,-21.434535949846776,55.434348866538436,311.5339311475172,0.07447376602772528
2024-09-29 18:02:05.360944+00:00,0.99833888,23.979999999999997,-21.434629756998493,55.434743656571165,352.4360108129477,0.06431312524431855
2024-09-29 18:12:01.818084+00:00,0.9983986420000001,23.96,-21.434439214275233,55.43481506679097,360.05841223891275,0.05415250366005585
2024-09-29 18:22:07.213066+00:00,0.998279538,23.928,-21.434245816291085,55.43488754708474,369.0314294426404,0.04399190125777312
2024-09-29 18:32:02.826031+00:00,0.9982401320000001,23.866,-21.434055543245833,55.434958856236584,378.9895874597901,0.03762150128145485
2024-09-29 18:42:08.694388+00:00,0.9978691980000001,23.806,-21.433861994038487,55.43503139320469,390.1802141308113,0.03655578058912928
2024-09-29 18:52:04.702692+00:00,0.9975182260000001,23.736,-21.433671594699213,55.435102749688085,402.1466162608857,0.039956663450551475
2024-09-29 19:02:11.066587+00:00,0.997286724,23.634,-21.433495505173383,55.43510085806507,407.2651045911036,0.043357552090840724
2024-09-29 19:12:07.427991+00:00,0.997360098,23.516,-21.433391470664684,55.43480663391957,382.06858876345945,0.046758446521180386
2024-09-29 19:22:13.273490+00:00,0.997035944,23.428,-21.433285781667404,55.43450773064888,357.6940093635996,0.05015934672601811
2024-09-29 19:32:08.838746+00:00,0.996758114,23.356,-21.433181886045734,55.43421389929533,335.1934153042673,0.05462597877418921
2024-09-29 19:42:14.644324+00:00,0.99616846,23.369999999999997,-21.433076204012604,55.43391501572023,314.11444301535,0.05725317797527988
2024-09-29 19:52:10.409879+00:00,0.995584996,23.45,-21.432972273449067,55.43362108554618,295.54025404828224,0.07092235119267275
2024-09-29 20:02:16.645536+00:00,0.9953795480000001,23.5,-21.432874623747416,55.43323831601997,272.3510824564931,0.08459152836346362
2024-09-29 20:12:12.877916+00:00,0.9954853800000001,23.526,-21.432810419056178,55.43253331548202,231.42038194350977,0.09826070946688151
2024-09-29 20:22:18.729507+00:00,0.9954521279999999,23.55,-21.432745178529732,55.43181694094067,208.84451854395874,0.11192989451896407
2024-09-29 20:32:14.171881+00:00,0.99584307,23.536,-21.432681058909505,55.4311128745262,211.33894597884395,0.1229719185752773
2024-09-29 20:42:19.870286+00:00,0.9961414319999999,23.516000000000002,-21.43261583487875,55.43039668111599,238.1846951604972,0.11908980911477274
2024-09-29 20:52:15.558438+00:00,0.996074928,23.554000000000002,-21.43255168879217,55.42969232408737,281.8196961754208,0.10365266172711604
2024-09-29 21:02:21.212417+00:00,0.99601492,23.616000000000003,-21.43250472780459,55.42908844828588,327.12276447381686,0.08821550308082868
2024-09-29 21:12:16.908966+00:00,0.9962332119999999,23.668,-21.43251230033494,55.42882506519032,346.5089368170373,0.0727783331513618
2024-09-29 21:22:22.107649+00:00,0.99618006,23.692,-21.432519993656985,55.42855748079203,367.2321753756767,0.05734115195921744
2024-09-29 21:32:17.599459+00:00,0.9966107579999999,23.668,-21.43252756358468,55.42829418822032,388.47412599201783,0.04578612292728675
2024-09-29 21:42:23.358308+00:00,0.9968097440000001,23.625999999999998,-21.432535264027592,55.428026356148564,410.8126446690109,0.04407442607680159
2024-09-29 21:52:29.074174+00:00,0.996916212,23.536,-21.4325429639241,55.427758543081524,433.77293172396253,0.03694543325379003
2024-09-29 22:02:25.332692+00:00,0.9967445639999999,23.426,-21.43253873462991,55.427544136206606,453.11508811810273,0.029816441010160195
2024-09-29 22:12:21.523315+00:00,0.9967053419999999,23.334,-21.43248833336702,55.427522219722114,457.89045522752673,0.022687449345413398
2024-09-29 22:22:27.283669+00:00,0.996348036,23.26,-21.43243712309017,55.42749995144601,462.7729092962027,0.015558458265473297
2024-09-29 22:32:33.095139+00:00,0.9962953000000001,23.18,-21.432385908492037,55.42747768129083,467.6855010138112,0.010141162216612197
2024-09-29 22:42:28.455546+00:00,0.9961100679999999,23.144,-21.432335577414634,55.4274557953258,472.54140797674603,0.010690968214350999
2024-09-29 22:52:34.796630+00:00,0.9958586460000001,23.125999999999998,-21.43228431804356,55.42743350570156,477.51458753925056,0.01301005533504131
2024-09-29 23:02:30.821051+00:00,0.99556086,23.113999999999997,-21.43221967722373,55.42740728994689,483.65972162675115,0.015329142692470932
2024-09-29 23:12:36.451596+00:00,0.9952165799999999,23.131999999999998,-21.432107506705538,55.42736660975444,494.0107740301386,0.017648230291660953
2024-09-29 23:22:32.073212+00:00,0.994693406,23.18,-21.431997189968985,55.42732660186159,504.31872550374914,0.0199673181283957
2024-09-29 23:32:37.032857+00:00,0.994474558,23.244,-21.431885143710044,55.42728596673348,514.9102961918463,0.021736600704829908
2024-09-29 23:42:32.386005+00:00,0.9945335719999999,23.328,-21.431774876697194,55.42724597687361,525.4465426225106,0.01998282210129516
2024-09-29 23:52:38.141598+00:00,0.9944537180000002,23.38,-21.43166268301855,55.4272052882817,536.2749506269648,0.018479497500777178
2024-09-30 00:02:34.440174+00:00,0.994718482,23.384,-21.43160183743278,55.4271691153222,543.3499185593306,0.016976172419329947
2024-09-30 00:12:40.625258+00:00,0.9951027619999999,23.306,-21.43167542969517,55.42714293989251,540.5928763585832,0.015472846860797801
2024-09-30 00:22:36.262965+00:00,0.9954143480000001,23.156,-21.43174774148176,55.42711721990478,538.0045801026968,0.013969520821963937
2024-09-30 00:32:42.139627+00:00,0.9955077259999999,22.944,-21.43182129630102,55.42709105779293,535.4964120069953,0.014219974601804238
2024-09-30 00:42:37.465787+00:00,0.9957268859999999,22.768,-21.431893570265075,55.427065351257994,533.1560470043476,0.014434588907665826
2024-09-30 00:52:42.502936+00:00,0.995561934,22.64,-21.431967023165548,55.4270392253968,530.9052553601776,0.015671646243358754
2024-09-30 01:02:38.593364+00:00,0.995687624,22.612000000000002,-21.43204781637432,55.42702427818155,527.3709421962276,0.01690870363508632
2024-09-30 01:12:44.703741+00:00,0.9955818240000001,22.618000000000002,-21.432157469899376,55.42704430361882,519.2133305104896,0.01814576108177937
2024-09-30 01:22:40.386367+00:00,0.995469408,22.672,-21.432265236903945,55.427063984530946,511.3607522468219,0.01938281858233436
2024-09-30 01:32:46.176243+00:00,0.9953304700000001,22.724,-21.432374832446058,55.42708399937911,503.55029506438126,0.02040526112998855
2024-09-30 01:42:51.834639+00:00,0.9953633359999999,22.792,-21.432484404201706,55.42710400988327,495.92661498750135,0.020229362951939465
2024-09-30 01:52:46.620981+00:00,0.995045822,22.812,-21.432592009056403,55.427123661182826,488.628276158541,0.019637316942421695
2024-09-30 02:02:52.340233+00:00,0.994211288,22.928000000000004,-21.43269536391915,55.42715064851459,481.04513101887073,0.01904527055013287
2024-09-30 02:12:48.682813+00:00,0.993345802,23.258000000000003,-21.432776995603504,55.42719975468257,472.5688314455773,0.01845322377413651
2024-09-30 02:22:54.291646+00:00,0.9928268140000001,23.772000000000002,-21.432859895719577,55.427249623885416,464.0410679802015,0.01786117661489566
2024-09-30 02:32:49.774629+00:00,0.992722296,24.432,-21.432941409736102,55.42729865926941,455.7391152607057,0.017445026821990218
2024-09-30 02:42:55.330743+00:00,0.9932061259999999,25.264,-21.433024302635605,55.42734852413107,447.3861217142683,0.017970793130751127
2024-09-30 02:52:50.637660+00:00,0.9945487799999999,26.129999999999995,-21.433105792550904,55.42739754501679,439.26732956175687,0.02221188369228118
2024-09-30 03:02:56.904686+00:00,0.996232758,26.842000000000002,-21.433159179433538,55.42750018820752,427.2025549997354,0.026452975543325014
2024-09-30 03:12:52.569783+00:00,0.997813146,27.456,-21.433143710493148,55.42772199736022,406.6035281223369,0.030694068688605736
2024-09-30 03:22:58.033630+00:00,0.9997198820000002,27.986,-21.43312798708715,55.4279474552955,385.9464672205571,0.03493516312176913
2024-09-30 03:32:53.676708+00:00,1.0008024800000002,28.4,-21.43311251871857,55.42816925624901,365.9470123119357,0.03865049019793238
2024-09-30 03:42:58.681366+00:00,1.0012674760000002,28.828000000000003,-21.43309680723734,55.42839454319505,346.0181186105305,0.04084063261742773
2024-09-30 03:53:04.429952+00:00,1.00264609,29.238,-21.433081076436903,55.428620107159254,326.5241427253351,0.048919265144378464
2024-09-30 04:03:00.342586+00:00,1.0050889240000003,29.560000000000002,-21.433056770334105,55.42890448069587,303.01604275772434,0.056997902026186174
2024-09-30 04:13:06.074773+00:00,1.0058446939999999,29.82,-21.43300795755661,55.429364076940296,268.25645065966177,0.06507654326837536
2024-09-30 04:23:01.799124+00:00,1.0070445620000001,30.038,-21.43295995125808,55.42981607978966,238.54600359289148,0.07315518885326142
2024-09-30 04:33:07.492024+00:00,1.009566522,30.072000000000003,-21.4329111416465,55.43027564622544,214.80545672391878,0.07904370049092917
2024-09-30 04:43:03.380564+00:00,1.010855246,30.071999999999996,-21.432863122116846,55.43072777365233,200.06571364906492,0.07753129664231562
2024-09-30 04:53:09.268138+00:00,1.009146928,30.148000000000003,-21.43281429681752,55.43118748779596,195.85170419633056,0.0736724849652404
2024-09-30 05:03:05.256852+00:00,1.00916605,30.35,-21.432820776840877,55.431599023226305,196.3505637169783,0.06981365836949331
2024-09-30 05:13:11.577691+00:00,1.0094241480000001,30.645999999999997,-21.432976298351814,55.4319065774136,186.6840457110364,0.0659548168581232
2024-09-30 05:23:07.283215+00:00,1.010108066,30.994,-21.433129097030758,55.43220874701855,183.7646287299619,0.06209596042247796
2024-09-30 05:33:12.932784+00:00,1.011319106,31.236,-21.43328444636073,55.43251596070647,187.79616052283362,0.059749518806898216
2024-09-30 05:43:08.680202+00:00,1.014164166,31.406,-21.433437255785403,55.43281815156182,198.2321544903532,0.05809501772538985
2024-09-30 05:53:14.172733+00:00,1.016427838,31.227999999999998,-21.433592564835052,55.4331252855927,214.44590580392014,0.051909511887896866
2024-09-30 06:03:10.042252+00:00,1.017776426,30.804000000000002,-21.433736168983497,55.43337831311314,230.52134382628907,0.04572401379605813
2024-09-30 06:13:16.250411+00:00,1.018803806,30.216,-21.433854746004698,55.433489073173554,236.30400409778716,0.03953852344965389
2024-09-30 06:23:12.152770+00:00,1.017290442,29.657999999999998,-21.43397130716544,55.43359795026522,243.0807351619661,0.033353040842232576
2024-09-30 06:33:18.015598+00:00,1.0169604380000001,29.327999999999996,-21.434089816638366,55.43370864723035,250.99011933414351,0.028822018353040123
2024-09-30 06:43:13.302164+00:00,1.013622912,29.577999999999996,-21.43420625734722,55.43381741181067,259.6720812840231,0.02533187763602902
2024-09-30 06:53:19.269607+00:00,1.0151719460000002,30.3,-21.43432478728329,55.433928127889956,269.3461854496899,0.026679303179563324
2024-09-30 07:03:15.359262+00:00,1.016211798,30.464,-21.43438340119847,55.433946117637156,270.6211761654274,0.028026733791603108
2024-09-30 07:13:21.734159+00:00,1.01805692,30.286,-21.43430874311994,55.43375385492303,251.60717368479106,0.02937416948159826
2024-09-30 07:23:18.032138+00:00,1.019766078,29.759999999999998,-21.434235325731546,55.43356478728784,233.34165154746614,0.03072161024748813
2024-09-30 07:33:26.292821+00:00,1.0226488960000002,28.786,-21.434160435471323,55.43337192664939,215.26545755878053,0.035559186809653046
2024-09-30 07:43:23.072979+00:00,1.0201397079999999,27.502,-21.434086958716087,55.43318270613014,198.22330452132707,0.038369828047967694
2024-09-30 07:53:28.833542+00:00,1.016212868,27.048000000000002,-21.4340123762756,55.432990638202384,181.82625114777017,0.046921376455443684
2024-09-30 08:03:24.459910+00:00,1.014220446,27.232,-21.433945581574815,55.432714304389776,158.3580373359015,0.055472927530936224
2024-09-30 08:13:30.759886+00:00,1.010591122,27.818,-21.433890572073047,55.43225936910168,121.56292353667405,0.0640244812830764
2024-09-30 08:23:26.502516+00:00,1.011582774,28.592000000000002,-21.433836520437655,55.43181235548532,95.12843194782938,0.07257603771623991
2024-09-30 08:33:32.378589+00:00,1.0126889079999999,29.282,-21.43378154939656,55.431357738271686,87.68837342234269,0.07831697096475912
2024-09-30 08:43:28.155932+00:00,1.014433174,29.919999999999998,-21.433727494611652,55.430910698608464,103.6477164455363,0.07773413868841643
2024-09-30 08:53:33.510442+00:00,1.016792922,30.52,-21.43367257089188,55.430456472747906,135.2970236102715,0.07596521267710925
2024-09-30 09:03:29.605355+00:00,1.021440366,30.321999999999996,-21.433631448672934,55.43002447358472,171.4903687839183,0.07419628223150951
2024-09-30 09:13:35.547790+00:00,1.022047004,29.752,-21.433617394517125,55.429618046227304,207.25917193080684,0.0724273473583577
2024-09-30 09:23:31.370836+00:00,1.020393538,29.151999999999997,-21.43360357506921,55.429218406307704,244.4041988302536,0.07065840806026094
2024-09-30 09:33:37.113490+00:00,1.020918312,28.464,-21.433589525547102,55.42881211295065,283.37713809865136,0.06947232536947659
2024-09-30 09:43:32.281304+00:00,1.019915164,27.518,-21.433575721296553,55.428412912518525,322.43189018659257,0.06640590957286423
2024-09-30 09:53:38.030159+00:00,1.017808518,27.054000000000002,-21.433561671630617,55.42800661500218,362.70324231971756,0.05840393521957461
2024-09-30 10:03:34.011154+00:00,1.0170739020000001,26.718,-21.433514532743402,55.42769901645362,394.63202688380704,0.050401961681713923
2024-09-30 10:13:40.402749+00:00,1.0188651199999998,26.454,-21.433395206076753,55.427583429751365,410.1017401900993,0.042399988957204225
2024-09-30 10:23:36.314995+00:00,1.0161787439999999,26.222,-21.433277941552447,55.427469840559304,425.487053870653,0.034398017051073405
2024-09-30 10:33:42.335191+00:00,1.01474535,26.089999999999996,-21.433158687970245,55.427354324650864,441.2996459372909,0.029462468378294148
2024-09-30 10:43:38.164268+00:00,1.0140711919999998,26.01,-21.433041439812065,55.427240751311984,456.99304677467853,0.029126064683675994
2024-09-30 10:53:44.130631+00:00,1.0112880619999998,26.038,-21.432922196823245,55.427125245664904,473.0876446427682,0.028872165295502666
2024-09-30 11:03:39.768029+00:00,1.0095708540000001,26.060000000000002,-21.432794788101727,55.42704264516931,486.5546877616655,0.028618263799540862
2024-09-30 11:13:45.559772+00:00,1.010449486,26.070000000000004,-21.43264163363657,55.42703014690021,494.8748097321775,0.028364360196804543
2024-09-30 11:23:41.483101+00:00,1.010469068,25.976,-21.43249097407445,55.42701785222928,503.4907000138945,0.02811045448988813
2024-09-30 11:33:47.416710+00:00,1.008970592,25.901999999999997,-21.43233778374316,55.427005351033294,512.6675614118204,0.02819296107314853
2024-09-30 11:43:43.128759+00:00,1.009243666,25.856,-21.43218717759619,55.426993060721344,522.077430879657,0.026534911455423145
2024-09-30 11:53:48.276292+00:00,1.00944991,25.827999999999996,-21.43203418599827,55.42698057574313,532.0089220865755,0.02168177433429505
2024-09-30 12:03:48.096790+00:00,1.0089507159999997,25.788,-21.431927315424353,55.42696955849267,539.3575096940658,0.01682863719469156
2024-09-30 12:13:48.096743+00:00,1.009289752,25.768,-21.431907610651788,55.42696118230568,541.2799909810769,0.011975500034075468
2024-09-30 12:23:47.714749+00:00,1.00938257,25.672000000000004,-21.431887918422852,55.42695281145079,543.2046630972975,0.007122362855482502
2024-09-30 12:33:56.302581+00:00,1.009362198,25.538,-21.431867931613255,55.42694431537432,545.1615802018787,0.003927275443594167
2024-09-30 12:43:56.320890+00:00,1.008517044,25.43,-21.431848226237847,55.426935938931074,547.0943116371931,0.00390355372447143
2024-09-30 12:53:55.167569+00:00,1.009114688,25.284,-21.431828559340293,55.42692757884415,549.0265697223506,0.006762691908547345
2024-09-30 13:03:55.321726+00:00,1.008129894,25.124000000000002,-21.431846543955917,55.42691688303125,548.8417035837307,0.009621830025314365
2024-09-30 13:13:53.920481+00:00,1.0079029240000001,24.973999999999997,-21.43194357308738,55.426901352377676,544.3189553824858,0.01248096807318785
2024-09-30 13:23:52.944249+00:00,1.0075628079999999,24.785999999999998,-21.432040671110805,55.426885810697144,539.9756989717288,0.015340106054800648
2024-09-30 13:34:01.873737+00:00,1.0072896820000001,24.57,-21.432139374789738,55.42687001201256,535.7525259755023,0.018222965760825455
2024-09-30 13:44:02.267783+00:00,1.0081888280000002,24.386,-21.43223669492668,55.42685443478014,531.7824472523869,0.019310263670420012
2024-09-30 13:54:01.871722+00:00,1.007543566,24.131999999999998,-21.43233388699221,55.42683887804705,528.0140958930607,0.022935814938384157
2024-09-30 14:04:01.071858+00:00,1.00691109,23.886000000000003,-21.43246079150447,55.42685204014007,520.3011706035749,0.026561365260318614
2024-09-30 14:14:00.473251+00:00,1.005881952,23.66,-21.432645853541498,55.426921234205615,504.85927241298845,0.030186914641587608
2024-09-30 14:24:00.016592+00:00,1.005118366,23.438,-21.432830959404114,55.4269904446574,489.89647671282063,0.033812463071492965
2024-09-30 14:33:59.767485+00:00,1.002200424,23.274,-21.433016129347404,55.42705967906873,475.4571784971467,0.036350712374920525
2024-09-30 14:44:08.636311+00:00,1.001829772,23.308,-21.43320411440471,55.42712996604161,461.3902779256389,0.03704502425861332
2024-09-30 14:54:07.142410+00:00,1.001525794,23.387999999999998,-21.433388900024344,55.42719905675563,448.1981818716438,0.03908517725980963
2024-09-30 15:04:07.185819+00:00,1.001586112,23.514,-21.433596517292557,55.42725862357444,436.00980952648496,0.04112533086754607
2024-09-30 15:14:06.349583+00:00,1.0014211039999998,23.656,-21.433844302445628,55.427300540981676,425.7377255263131,0.04316548509385103
2024-09-30 15:24:05.965699+00:00,1.001666572,23.784,-21.434092274669503,55.427342490035365,417.0751520542178,0.04520563994200275
2024-09-30 15:34:05.400390+00:00,1.0016137859999998,23.872,-21.43434017186471,55.427384426396586,410.13478395672746,0.04655147852146867
2024-09-30 15:44:15.084731+00:00,1.0014282199999998,23.868,-21.434592307819482,55.4274270798218,404.93054408732104,0.04750229704850202
2024-09-30 15:54:15.001475+00:00,1.001825722,23.845999999999997,-21.43484040436865,55.427469049907394,401.70567942760977,0.05052170937181438
2024-09-30 16:04:14.428083+00:00,1.002117108,23.792,-21.435097641746534,55.42757820499549,393.6773316515168,0.053541114380988
2024-09-30 16:14:14.976259+00:00,1.00228263,23.744,-21.43536897543679,55.42778551352787,378.4007098665281,0.05656051207825641
2024-09-30 16:24:14.887437+00:00,1.0022825659999999,23.701999999999998,-21.435640021324897,55.42799260216923,366.2539536323057,0.05957990247305087
2024-09-30 16:34:15.061193+00:00,1.002196408,23.698,-21.435911185848344,55.428199781452186,357.53362725460727,0.06164846510847381
2024-09-30 16:44:14.441413+00:00,1.001838712,23.73,-21.43618199184438,55.42840668680752,352.50471706957126,0.06426296816054795
2024-09-30 16:54:14.759525+00:00,1.001759384,23.772000000000002,-21.436453221589353,55.428613915922035,351.31249480359355,0.07159214226955465
2024-09-30 17:04:15.647765+00:00,1.001739556,23.782,-21.436785531717188,55.428860339159954,355.70052759133455,0.07892130561957751
2024-09-30 17:14:15.908534+00:00,1.0018455320000001,23.764,-21.437226950785785,55.42917668416394,370.65706813052446,0.0862504582157416
2024-09-30 17:24:25.051003+00:00,1.00185858,23.72,-21.43767490126852,55.42949770993589,394.37184648940286,0.09357960020464988
2024-09-30 17:34:25.362702+00:00,1.0011826080000001,23.606,-21.438116357790094,55.42981408178072,424.76307215673205,0.09829419009866519
2024-09-30 17:44:24.386991+00:00,1.000440588,23.54,-21.438556867577464,55.43012977514414,460.65844643952374,0.09797034630740756
2024-09-30 17:54:22.849914+00:00,0.99971177,23.502,-21.438996964548146,55.43044517266058,500.8823741596365,0.0989653297555514
2024-09-30 18:04:22.593046+00:00,0.999194928,23.482,-21.43934975334414,55.430857679504925,533.8204136898131,0.09996030421743163
2024-09-30 18:14:22.486375+00:00,0.998910192,23.52,-21.439582605788033,55.43140144648223,557.4178243947961,0.10095526956274521
2024-09-30 18:24:32.277894+00:00,0.9989499179999999,23.592000000000002,-21.439819300277904,55.43195418556949,587.1599998119135,0.10195022597662118
2024-09-30 18:34:31.906944+00:00,0.999075678,23.636000000000003,-21.44005205014029,55.432497712994085,621.2615393932098,0.10326892552824499
2024-09-30 18:44:31.619027+00:00,0.999128604,23.674,-21.440284832232404,55.43304131568292,659.4325946667458,0.09541634708585192
2024-09-30 18:54:31.256717+00:00,0.9991086899999999,23.706,-21.440517585448465,55.43358485093915,700.9996491128128,0.09252701520778153
2024-09-30 19:04:31.029583+00:00,0.998803882,23.712,-21.440443483694114,55.43394711710341,706.6863339498049,0.08963771448148064
2024-09-30 19:14:30.255134+00:00,0.9988568900000001,23.708,-21.439980938090155,55.43407943060435,665.1689316736099,0.08674844469718028
2024-09-30 19:24:30.275995+00:00,0.9988767879999999,23.698,-21.43951777858183,55.43421191971572,625.3761457330155,0.08385920585879478
2024-09-30 19:34:30.251642+00:00,0.9988039719999999,23.669999999999998,-21.439054653974214,55.43434439884358,587.7286892815537,0.08882243998438218
2024-09-30 19:44:39.832496+00:00,0.998598584,23.656,-21.43858411505296,55.4344789988732,552.12378082837,0.08563453404191526
2024-09-30 19:54:39.292339+00:00,0.9981282300000001,23.64,-21.438121388597704,55.43461136410757,520.2386552841695,0.08489844274553505
2024-09-30 20:04:39.342995+00:00,0.99843288,23.602,-21.43773442796595,55.43453578184037,482.98925541607895,0.08416236830103263
2024-09-30 20:14:38.382312+00:00,0.9980025140000001,23.554000000000002,-21.437467188491297,55.434135280813585,433.056652459378,0.08342631069549544
2024-09-30 20:24:36.863202+00:00,0.998015798,23.53,-21.437200198138363,55.43373515313548,383.45215030001094,0.08269027012414018
2024-09-30 20:34:36.604093+00:00,0.99765844,23.445999999999998,-21.43693264568219,55.43333418305591,334.15143155065186,0.08514217126677119
2024-09-30 20:44:45.855291+00:00,0.9980493939999999,23.41,-21.436660850550464,55.43292685464953,284.7058227626706,0.08871443790441222
2024-09-30 20:54:45.218773+00:00,0.997380508,23.404000000000003,-21.4363934664614,55.432526136894964,237.0771437511838,0.09823600019774291
2024-09-30 21:04:45.564795+00:00,0.99767185,23.410000000000004,-21.436154121148054,55.431986853422636,188.47370779755045,0.10775757509588102
2024-09-30 21:14:45.045196+00:00,0.997519542,23.404,-21.43595651885778,55.43124786580474,154.46782287911665,0.11727916239154731
2024-09-30 21:24:44.372877+00:00,0.997797572,23.424,-21.435758966907514,55.43050906644702,157.67940768410446,0.1268007623504585
2024-09-30 21:34:43.232066+00:00,0.997651924,23.4,-21.43556156938281,55.429770844605784,196.23873170196114,0.13275021187410416
2024-09-30 21:44:51.918669+00:00,0.997519542,23.381999999999998,-21.435360932520318,55.42902050837805,255.60422846536758,0.12416569118713679
2024-09-30 21:54:50.522594+00:00,0.997380534,23.362000000000002,-21.4351636191364,55.4282826012042,323.18563849806065,0.10720456874482805
2024-09-30 22:04:49.520359+00:00,0.9971289640000001,23.344,-21.434957894332857,55.427812073262245,367.6136272292839,0.09024341741030048
2024-09-30 22:14:48.839086+00:00,0.997406972,23.292,-21.43474223253108,55.42765913553876,381.3853538388768,0.07328223693565179
2024-09-30 22:24:48.139355+00:00,0.9973275860000002,23.198,-21.43452657737145,55.42750620252559,396.76280751474314,0.05632102735508201
2024-09-30 22:34:47.672047+00:00,0.997202044,23.112000000000002,-21.43431083857543,55.427353210201225,413.57404017699804,0.04794447607151038
2024-09-30 22:44:57.072728+00:00,0.997043312,23.048,-21.434091548833756,55.4271976997047,431.9537013607005,0.04508114303967933
2024-09-30 22:54:56.359083+00:00,0.99687815,22.962,-21.433875898680956,55.427044770242155,451.14484243565414,0.038846023303223946
2024-09-30 23:04:56.920157+00:00,0.9968712999999999,22.908,-21.433726187964496,55.426934302706016,465.48238932929985,0.032610899879532876
2024-09-30 23:14:55.315809+00:00,0.9968512439999999,22.826,-21.4336551168469,55.42687456128718,473.17655004249957,0.02637577274391455
2024-09-30 23:24:55.215247+00:00,0.9967256299999999,22.738,-21.43358386712548,55.42681466973639,480.9766454794257,0.020140641898180073
2024-09-30 23:34:54.379546+00:00,0.9964081699999999,22.708,-21.43351270471612,55.42675485157892,488.84959318554894,0.016768861982850394
2024-09-30 23:45:04.239863+00:00,0.996599982,22.736,-21.43344027194668,55.42669396557398,496.9436185914863,0.016223267016060725
2024-09-30 23:55:04.073152+00:00,0.9960443079999999,22.776,-21.433369030081757,55.42663408062725,504.98005136802215,0.015046418382943138
2024-10-01 00:05:04.226323+00:00,0.9961040820000001,22.9,-21.43331417263475,55.42657791119042,512.218463705581,0.013869569465494763
2024-10-01 00:15:03.072629+00:00,0.996434772,23.022,-21.433280187782593,55.42652659974452,518.3631384548496,0.012692720257771522
2024-10-01 00:25:02.261646+00:00,0.9967720480000001,23.074,-21.4332461834814,55.42647525893382,524.5203572952632,0.011515870763749348
2024-10-01 00:35:00.602705+00:00,0.996911002,23.083999999999996,-21.4332122273023,55.42642399077943,530.6775601816634,0.010884619069496093
2024-10-01 00:45:09.694339+00:00,0.997222026,23.092000000000002,-21.433177661022224,55.42637180147456,536.9540094386431,0.009361704871401722
2024-10-01 00:55:08.524778+00:00,0.997142624,23.082,-21.43314367707054,55.42632049138821,543.1329069679765,0.0100302437081984
2024-10-01 01:05:08.183508+00:00,0.997387436,23.064,-21.43315862789093,55.42631044444925,543.6453241608011,0.01069878195658671
2024-10-01 01:15:07.800739+00:00,0.997896712,22.997999999999998,-21.433227780736043,55.42634613839246,537.9251366733382,0.011367319611137905
2024-10-01 01:25:06.550106+00:00,0.9968257020000001,22.884,-21.43329683349186,55.42638178067356,532.288326741502,0.012035856673541465
2024-10-01 01:35:05.217205+00:00,0.9966005219999999,22.746,-21.433365876759822,55.42641741805741,526.7297296138072,0.014227309030118457
2024-10-01 01:45:14.688866+00:00,0.9967853979999999,22.633999999999997,-21.433436166099742,55.426453698613955,521.1529148447596,0.016101118966634985
2024-10-01 01:55:13.569527+00:00,0.9962164940000001,22.586000000000002,-21.433505233997465,55.4264893487107,515.7562868982532,0.019976297270467444
2024-10-01 02:05:13.434699+00:00,0.995779628,22.762,-21.43362780500842,55.42652626045669,509.0597189330209,0.023851475514841618
2024-10-01 02:15:11.929010+00:00,0.996730064,23.104,-21.43380516523564,55.42656432874273,501.4858142095431,0.02772665369734923
2024-10-01 02:25:10.606705+00:00,0.9982348200000001,23.505999999999997,-21.433982579807637,55.42660240869323,494.61218442304664,0.03160183181979656
2024-10-01 02:35:19.331666+00:00,0.99948172,23.93,-21.434162971827135,55.42664112771781,488.37426653294915,0.03360319867494467
2024-10-01 02:45:18.640375+00:00,1.00097883,24.288,-21.434340573396415,55.426679247805076,483.0010373304018,0.03523315862017566
2024-10-01 02:55:17.193632+00:00,1.0025701360000001,24.444,-21.434517951091948,55.426717319840485,478.4211208400909,0.039315737856013826
2024-10-01 03:05:16.523597+00:00,1.003717742,24.482,-21.434718324828673,55.42682737947949,467.28551258839434,0.04339831078897447
2024-10-01 03:15:16.045678+00:00,1.0029072339999998,24.61,-21.434945764982878,55.42702279900441,448.7171278819189,0.047480877421920295
2024-10-01 03:25:24.712270+00:00,1.00105563,24.884,-21.435176674282012,55.42722119926356,431.53754750671544,0.05156343781582713
2024-10-01 03:35:23.302036+00:00,1.0003541340000002,25.215999999999998,-21.43540376074466,55.42741631489212,416.486698868539,0.0540160304401438
2024-10-01 03:45:21.948482+00:00,0.999243772,25.733999999999998,-21.435630868710025,55.42761144899609,403.46961679575844,0.05803929794956475
2024-10-01 03:55:20.863195+00:00,1.0002529580000001,26.177999999999997,-21.435858078447502,55.42780667054397,392.68596318120166,0.06627663955959873
2024-10-01 04:05:30.311458+00:00,1.003686594,26.418,-21.43613483970369,55.42812625511516,375.3267446212491,0.074513962277599
2024-10-01 04:15:29.122651+00:00,1.008194414,26.477999999999998,-21.43645162274724,55.428559324760926,355.7606931522849,0.08275127884531615
2024-10-01 04:25:26.212533+00:00,1.0104181100000003,26.326,-21.436767495183144,55.42899114952778,344.6365981442475,0.09098858905961993
2024-10-01 04:25:28.292096+00:00,1.011409068,25.965999999999998,-21.43676859531338,55.428992653500366,344.61361347236146,0.09520257986614229
2024-10-01 04:35:27.742250+00:00,1.00932819,25.998,-21.4370857163801,55.42942618525286,342.72463352787236,0.09520247747091679
2024-10-01 04:45:25.547136+00:00,1.0071470560000002,26.258,-21.437401967067306,55.42985852712175,350.21778011362386,0.09410160375776346
2024-10-01 04:55:33.191000+00:00,1.004965922,26.518,-21.437723422769796,55.43029798469387,366.83683375574617,0.09232824200604836
2024-10-01 05:05:32.511384+00:00,1.0038910079999999,26.927999999999997,-21.43796741361602,55.43074637915304,382.73027268601345,0.09055488544601445
2024-10-01 05:05:34.984198+00:00,1.006255628,27.264,-21.437968148008093,55.43074828498938,382.77930793187517,0.08878153638792911
2024-10-01 05:15:29.955625+00:00,1.00952834,27.052,-21.438144846430532,55.43120683878429,397.74514787684313,0.08700819495230797
2024-10-01 05:25:37.698049+00:00,1.0079869019999999,26.746,-21.438325337665393,55.43167523538655,419.0245568222199,0.08633563239752182
2024-10-01 05:35:36.003132+00:00,1.005841764,26.776,-21.43850302613827,55.43213635848219,445.0513962351297,0.0863355526138134
2024-10-01 05:45:34.525424+00:00,1.0054265900000001,27.053999999999995,-21.438680779119366,55.432597648984476,475.2973367887908,0.07811992276476651
2024-10-01 05:55:33.421932+00:00,1.006947094,27.466,-21.43885864323743,55.43305922790064,509.0257560954653,0.06723098097949116
2024-10-01 06:05:32.337356+00:00,1.006815312,27.782,-21.438872365548757,55.4333206982956,520.5122440026997,0.056342057644654144
2024-10-01 06:15:40.051257+00:00,1.009185752,27.881999999999998,-21.43870230117522,55.43336169746197,504.9313497006634,0.045453152604532795
2024-10-01 06:25:39.080868+00:00,1.008801896,27.796,-21.438534667037924,55.43340211074631,489.8385950196097,0.03456426589080348
2024-10-01 06:35:36.326508+00:00,1.008885966,27.881999999999998,-21.438367532132126,55.43344240367578,475.0782957060548,0.03189093732243996
2024-10-01 06:45:44.533730+00:00,1.0048780880000001,27.951999999999998,-21.43819732970626,55.433483436123836,460.3707013395183,0.031890939380574176
2024-10-01 06:55:41.055842+00:00,1.00719234,28.226,-21.438030397274563,55.433523680240796,446.29384828477646,0.03189094078653907
2024-10-01 06:55:41.693561+00:00,1.009913314,28.660000000000004,-21.438030218813466,55.433523723264244,446.2789955922351,0.031890942061869355
2024-10-01 07:05:38.817543+00:00,1.01188741,28.74,-21.43786311795282,55.4335640079861,432.5676306033062,0.03189094312001152
2024-10-01 07:05:47.546260+00:00,1.011503474,28.612000000000002,-21.437860675284,55.43356459686538,432.3701940178769,0.0318909441776147
2024-10-01 07:15:44.866897+00:00,1.012809796,28.642000000000003,-21.437693519390834,55.43360489485449,419.0776278587642,0.03189094493883739
2024-10-01 07:25:42.094637+00:00,1.011316194,28.306,-21.43752638949416,55.433645186576356,406.2455731641522,0.03189094652792006
2024-10-01 07:35:48.925526+00:00,1.00994928,27.962,-21.43735657222522,55.43368612617068,393.72286154880544,0.036478502822092154
2024-10-01 07:55:44.223809+00:00,1.011939924,27.778,-21.43702207657959,55.43376676647375,370.7776723262181,0.0495949178749285
2024-10-01 08:05:53.859823+00:00,1.013390682,27.401999999999997,-21.43679272430984,55.43355800544116,337.38400939905813,0.06271135943759475
2024-10-01 08:15:52.559412+00:00,1.013731302,26.838,-21.43650366080918,55.43308741469597,281.0219752650686,0.07582782771503757
2024-10-01 08:25:49.368349+00:00,1.011597542,26.738,-21.436215510151065,55.43261831004381,225.8487655973377,0.08894432253813958
2024-10-01 08:35:57.185311+00:00,1.009175648,26.76,-21.435922044609953,55.43214055284732,171.70538156099138,0.09747328929046342
2024-10-01 08:45:54.578431+00:00,1.0054148079999998,26.939999999999998,-21.435633611897206,55.43167098901474,123.15671998779841,0.09619657892181613
2024-10-01 08:55:52.411127+00:00,1.004943362,27.482,-21.435344966948808,55.43120107966592,87.3547718501969,0.09384854609801767
2024-10-01 09:05:52.442367+00:00,1.0041454680000002,28.091999999999995,-21.4350830565444,55.430754223538294,83.19469505017032,0.09150050682700454
2024-10-01 09:16:00.588506+00:00,1.0044939400000001,28.726,-21.434841403698414,55.430322542461816,109.4734703449647,0.08915245246364797
2024-10-01 09:25:55.754460+00:00,1.0047203279999999,29.298000000000002,-21.434604908656663,55.429900075125296,149.00825010211693,0.08680437975107184
2024-10-01 09:25:57.352077+00:00,1.0070329780000002,29.756,-21.434604273827784,55.42989894108686,149.1237654985035,0.08573313904504044
2024-10-01 09:35:53.863839+00:00,1.008277278,29.892000000000003,-21.434367244015945,55.429475518453806,194.2136550436062,0.08573320081034683
2024-10-01 09:35:54.543418+00:00,1.0098105560000001,30.052,-21.434366973978495,55.42947503606736,194.26673334620818,0.08573326261852537
2024-10-01 09:46:01.902250+00:00,1.0111882319999999,30.256,-21.43412563397679,55.4290439138461,242.657290955191,0.08045244292080347
2024-10-01 09:55:59.723741+00:00,1.012849438,30.407999999999998,-21.433888083731247,55.428619561526574,291.5292504449606,0.07008726114543225
2024-10-01 10:05:56.470658+00:00,1.014894016,30.55,-21.433718718442574,55.428329911644276,325.54151240023407,0.05972206722278485
2024-10-01 10:05:57.462616+00:00,1.015664436,30.646000000000004,-21.43371854553028,55.42832964501616,325.57350805445907,0.04935686763992128
2024-10-01 10:16:03.372599+00:00,1.0161140100000001,30.68,-21.433612926861024,55.428166782640666,345.1754073949921,0.03899164946770283
2024-10-01 10:16:05.828454+00:00,1.016523772,30.694,-21.433612498770835,55.428166122532126,345.255080309853,0.03390730409434731
2024-10-01 10:26:01.213773+00:00,1.017384254,30.691999999999997,-21.433508714699155,55.42800608907809,364.6180536452533,0.03390731557960934
2024-10-01 10:36:07.730691+00:00,1.017861364,30.7,-21.433402990232548,55.427843063564694,384.43033945916306,0.033907327212173835
2024-10-01 10:46:06.834271+00:00,1.0174429440000001,30.766,-21.433298558015494,55.42768203068039,404.074365389095,0.03390733912098677
2024-10-01 10:46:09.214166+00:00,1.01941221,30.907999999999998,-21.433298143166173,55.42768139098906,404.152531965304,0.03238120656568551
2024-10-01 10:56:06.386339+00:00,1.020171678,30.926,-21.433194047620617,55.42752087724706,423.7963587490795,0.029461887836004952
2024-10-01 11:06:05.553933+00:00,1.020480426,30.96,-21.433102648379762,55.427404704595304,438.7090519782172,0.02654256653495225
2024-10-01 11:16:03.147168+00:00,1.020709794,30.889999999999997,-21.433023955677847,55.42733201669063,448.9788613644549,0.023623243632997094
2024-10-01 11:16:03.931395+00:00,1.021030064,30.678000000000004,-21.433023852408695,55.42733192130162,448.99237906945365,0.020703920128949744
2024-10-01 11:26:12.957941+00:00,1.0187408439999999,30.389999999999997,-21.432943654137304,55.427257842712834,459.5207884758552,0.019310739547769535
2024-10-01 11:36:08.664394+00:00,1.019340028,30.23,-21.43286520989197,55.42718538430577,469.8754932000351,0.019310742224773816
2024-10-01 11:36:13.502831+00:00,1.0188371520000001,30.146000000000004,-21.432864572753413,55.4271847957853,469.95981479505355,0.01931074507369614
2024-10-01 11:46:10.911838+00:00,1.018413656,30.165999999999997,-21.432785904311153,55.427112130289096,480.39704010264023,0.019310748252508336
2024-10-01 11:56:09.521595+00:00,1.0191431140000002,30.348000000000003,-21.43270707775086,55.427039318740356,490.9046016930414,0.019342135263253634
2024-10-01 11:56:15.142420+00:00,1.019872572,30.53,-21.43270633758533,55.42703863505458,491.00348967707265,0.0210775894378921
2024-10-01 12:06:08.972848+00:00,1.019151864,30.722,-21.432602607838525,55.42704616146351,495.282798122838,0.022813044177218487
2024-10-01 12:06:13.764167+00:00,1.019533216,30.838,-21.43260157577172,55.42704683170299,495.2712663727481,0.024548498661906025
2024-10-01 12:16:11.047947+00:00,1.020257194,30.983999999999998,-21.432472918759018,55.427130383474314,494.11673523192457,0.02628395333763457
2024-10-01 12:16:16.267775+00:00,1.020418274,31.003999999999998,-21.43247179438984,55.42713111365632,494.1091264263637,0.027988024613202246
2024-10-01 12:26:15.887035+00:00,1.0205793539999999,31.024,-21.432342634306625,55.42721499212909,493.52219363023397,0.027988029168749755
2024-10-01 12:36:13.500870+00:00,1.0218776520000001,30.964,-21.432213906198943,55.42729859007054,493.5046757840112,0.027988033156099747
2024-10-01 12:36:17.320836+00:00,1.0231759500000002,30.904000000000003,-21.432213083364875,55.42729912443119,493.5063871084232,0.027988037069269743
2024-10-01 12:46:15.589507+00:00,1.02352721,30.657999999999998,-21.432084214203236,55.42738281397517,494.05996637612066,0.027988041061971513
2024-10-01 12:46:22.080414+00:00,1.022374542,30.477999999999998,-21.43208281603922,55.42738372196361,494.06908077846936,0.02402009222565752
2024-10-01 12:56:19.974350+00:00,1.021729142,30.468,-21.431954027596774,55.42746735908735,495.1937967131666,0.025448189644187536
2024-10-01 13:06:18.019971+00:00,1.019913498,30.5,-21.43199051945478,55.42744128867919,495.0180046559485,0.0268762849874754
2024-10-01 13:16:16.874905+00:00,1.0193621519999998,30.518,-21.432150683718266,55.4273331107489,494.2710824455069,0.028304379291567684
2024-10-01 13:16:18.846876+00:00,1.0200068979999999,30.674,-21.432151211123546,55.42733275452954,494.2701000250577,0.02973247061644148
2024-10-01 13:26:24.393710+00:00,1.0223701440000001,30.812,-21.432313165141448,55.42722336776574,494.4276157343383,0.035128512728632835
2024-10-01 13:36:22.224956+00:00,1.0243929680000001,30.566000000000003,-21.432473055618654,55.427115374755815,495.47972995557046,0.0351285061435619
2024-10-01 13:36:25.290574+00:00,1.026210408,30.018,-21.432473875520856,55.42711482097858,495.4874131742751,0.03512849908767267
2024-10-01 13:46:20.928037+00:00,1.02676355,29.484,-21.432633179268983,55.42700722425641,497.4205056539536,0.035128491746211396
2024-10-01 13:56:25.038119+00:00,1.026384334,28.68,-21.432794749026232,55.42689809702942,500.26813265450886,0.03224120756373456
2024-10-01 13:56:29.346693+00:00,1.025111806,27.601999999999997,-21.432795901358084,55.426897318723,500.29161689159565,0.03212612697140278
2024-10-01 14:06:30.060291+00:00,1.0230907820000001,26.612000000000002,-21.432892222878102,55.426958262690526,490.32655991462946,0.03201104583228846
2024-10-01 14:16:27.513322+00:00,1.021275142,25.924,-21.432937606361843,55.42715165897513,469.90376011440543,0.03189596604980101
2024-10-01 14:26:22.350337+00:00,1.018933874,25.192,-21.43298279112885,55.42734420845216,449.5904451426983,0.03178088582377316
2024-10-01 14:26:24.916494+00:00,1.016461718,24.729999999999997,-21.432982986058228,55.427345039120375,449.50285977136303,0.03455308260075215
2024-10-01 14:36:32.927420+00:00,1.014836142,24.528,-21.433029171536482,55.42754185300861,428.76342390636285,0.03455307448335379
2024-10-01 14:46:31.600685+00:00,1.0137524079999998,24.451999999999998,-21.43307464771116,55.427735644284546,408.36939184185024,0.033143869106055435
2024-10-01 14:56:27.579534+00:00,1.01239671,24.38,-21.433119919213695,55.42792856337465,388.0978444883219,0.03425896283531714
2024-10-01 15:06:33.600843+00:00,1.0116261659999999,24.342,-21.433262872533202,55.42797707417654,377.1295024712756,0.03537405709722442
2024-10-01 15:16:29.092827+00:00,1.0113201,24.296,-21.43347136599144,55.42792110564574,374.28650124672095,0.03648915271697051
2024-10-01 15:26:35.616315+00:00,1.010761596,24.224,-21.43368372179629,55.42786410029649,372.94572241439954,0.03760424967754418
2024-10-01 15:36:30.741983+00:00,1.0097985239999998,24.137999999999998,-21.433892087000164,55.42780816619463,373.171584161308,0.040128545229876716
2024-10-01 15:46:35.853363+00:00,1.009425596,24.048,-21.43410394839821,55.42775129356524,374.9638509253475,0.04279757576635068
2024-10-01 15:56:41.280270+00:00,1.0083367859999999,23.956,-21.434315920268524,55.427694391280376,378.3115257823578,0.05025613529502534
2024-10-01 16:06:37.404296+00:00,1.007573354,23.901999999999997,-21.4345572424941,55.42786063744841,360.0507159975276,0.05771467877456431
2024-10-01 16:16:42.897454+00:00,1.007109092,23.887999999999998,-21.43482845393258,55.428207386847205,325.4294495286531,0.06517321243994674
2024-10-01 16:26:38.206308+00:00,1.007148864,23.887999999999998,-21.435095103635337,55.42854830397311,294.7138220606918,0.07263174054003951
2024-10-01 16:26:39.068255+00:00,1.0067843719999998,23.894,-21.435095489717078,55.42854879758655,294.67225424161427,0.07742121865876334
2024-10-01 16:36:44.283054+00:00,1.00672472,23.894,-21.435366576473466,55.42889538757672,268.0077393228945,0.07742115174567349
2024-10-01 16:46:39.380254+00:00,1.00614128,23.880000000000003,-21.435633131372466,55.429236183494076,247.70347294213937,0.07644254518749358
2024-10-01 16:56:44.914486+00:00,1.00555784,23.865999999999996,-21.435904361208706,55.429582956414784,234.6488756238177,0.07484089061639569
2024-10-01 17:06:40.897172+00:00,1.0047357920000002,23.851999999999997,-21.436148943586304,55.429907562650605,229.74846038030805,0.0732392286646528
2024-10-01 17:16:46.980857+00:00,1.003880472,23.821999999999996,-21.436383120943137,55.43022680982046,232.17477226259865,0.07163756982907034
2024-10-01 17:26:42.345287+00:00,1.0034297259999998,23.815999999999995,-21.436613156616346,55.430540410753665,241.7696090167533,0.07003591409158463
2024-10-01 17:36:47.826998+00:00,1.003184478,23.812,-21.436847101383705,55.43085934084107,258.0319962195162,0.06941280109925212
2024-10-01 17:46:43.523150+00:00,1.0029392300000002,23.808,-21.437077265227067,55.4311731165049,279.32904033734934,0.06941274006725895
2024-10-01 17:56:49.359304+00:00,1.002561444,23.808,-21.437311346943282,55.43149223329069,305.2392897112332,0.06623570383080937
2024-10-01 17:56:51.859296+00:00,1.002303014,23.817999999999998,-21.43731231288503,55.43149355013094,305.35365252320133,0.06532940460091731
2024-10-01 18:06:45.929109+00:00,1.0021373100000002,23.814,-21.43759668245444,55.43152607844074,337.1112598115118,0.06442311655933104
2024-10-01 18:06:47.384118+00:00,1.0019716060000001,23.81,-21.437597464126494,55.431525722507594,337.19592364997624,0.0635168407306271
2024-10-01 18:16:51.982699+00:00,1.00159379,23.79,-21.437922271607132,55.43137782193086,372.7812891557307,0.0626105684930271
2024-10-01 18:16:52.765837+00:00,1.00155391,23.747999999999998,-21.43792269233107,55.43137763035487,372.8278568732734,0.06488128073109996
2024-10-01 18:26:47.190075+00:00,1.001580294,23.71,-21.438242033866405,55.431232218687754,408.4659889771457,0.06488126519394721
2024-10-01 18:36:52.807470+00:00,1.001467534,23.682,-21.438567388682888,55.4310840688825,445.2774560416107,0.06488124772178269
2024-10-01 18:46:48.578324+00:00,1.001122888,23.657999999999998,-21.438887453658513,55.430938327797975,481.87302505648057,0.057032602469422086
2024-10-01 18:56:54.544975+00:00,1.000904218,23.646,-21.439212996105173,55.43079009255561,519.4009461005566,0.050444464345281805
2024-10-01 19:06:50.458343+00:00,1.000599472,23.651999999999997,-21.43934413712854,55.43083413379894,533.4319705964167,0.043856330927193515
2024-10-01 19:16:55.918664+00:00,1.0000760720000001,23.657999999999998,-21.439336090142337,55.431020780108554,530.9932285439421,0.037268202238364426
2024-10-01 19:26:53.161638+00:00,0.9997713059999999,23.666,-21.43932815237036,55.43120489324225,529.2693280102945,0.030680078264926247
2024-10-01 19:37:02.498410+00:00,0.9997116819999998,23.676,-21.439320053863447,55.43139273455221,528.2152142039656,0.03194058383447719
2024-10-01 19:47:00.335305+00:00,0.9998442059999999,23.684,-21.43931210819785,55.43157703077498,527.8768198143785,0.029862143223518767
2024-10-01 19:56:58.891190+00:00,0.99978458,23.674,-21.439304152976376,55.43176154864207,528.2298073328953,0.03441057274725891
2024-10-01 20:06:58.401676+00:00,1.0003076499999999,23.604,-21.439218168207045,55.4316776119393,518.042343233534,0.03895901020064936
2024-10-01 20:16:57.695964+00:00,1.000194834,23.491999999999997,-21.439074630249213,55.4314010769348,500.93722702752865,0.04350745557354972
2024-10-01 20:27:07.210765+00:00,0.999684896,23.381999999999998,-21.438928644359482,55.43111982583381,485.19509894056415,0.04805590880475959
2024-10-01 20:37:05.647171+00:00,0.999108656,23.288,-21.438785311874337,55.43084368668552,471.5233175498169,0.0546828122524579
2024-10-01 20:47:05.823021+00:00,0.9986584439999999,23.198,-21.438641562772116,55.43056674489793,459.74701883411245,0.05256285830948846
2024-10-01 20:57:04.573663+00:00,0.998175092,23.184,-21.43849815502382,55.43029046075038,450.08116151573455,0.0510338109243759
2024-10-01 21:07:04.095432+00:00,0.998042772,23.208000000000002,-21.43828408337476,55.43017951490642,430.0812473383342,0.04950475535196819
2024-10-01 21:17:13.073388+00:00,0.997943474,23.218,-21.43802713686912,55.43015967830501,403.34109414638823,0.0479756916586676
2024-10-01 21:27:11.926365+00:00,0.9977845820000001,23.228,-21.437774462403215,55.43014017151058,377.31827324449483,0.04644661984053768
2024-10-01 21:37:10.502408+00:00,0.997989768,23.252,-21.437521904784226,55.43012067373687,351.6380988833493,0.04703753501410438
2024-10-01 21:47:09.761265+00:00,0.997711728,23.252,-21.437269059065056,55.430101153721466,326.3379484421283,0.047921229292841656
2024-10-01 21:57:08.054908+00:00,0.997552848,23.241999999999997,-21.437016620599298,55.430081665146545,301.5898564060131,0.04955569079288741
2024-10-01 22:07:17.076188+00:00,0.998088986,23.232,-21.43675130228297,55.42997955943847,280.4233793544935,0.05119015628989473
2024-10-01 22:17:15.158371+00:00,0.998373562,23.174,-21.43648631087527,55.42983557451534,263.87148038154845,0.05282462578680351
2024-10-01 22:27:13.485049+00:00,0.998247782,23.108,-21.436221211139593,55.42969153073144,250.59402704333286,0.054459099323192095
2024-10-01 22:37:11.970055+00:00,0.998174992,23.060000000000002,-21.435956041253842,55.42954744883101,241.1391432826883,0.05520988303548224
2024-10-01 22:47:20.360028+00:00,0.997989682,23.036,-21.43568648278862,55.42940098236542,235.9236711022733,0.06010213699304723
2024-10-01 22:57:18.886928+00:00,0.9974072360000001,23.032,-21.43542129434089,55.429256890379214,235.40204001246977,0.0685302940086874
2024-10-01 23:07:17.181828+00:00,0.9971226599999999,23.089999999999996,-21.435193315184073,55.42886688459419,265.1178251591925,0.07695847061010051
2024-10-01 23:17:16.486131+00:00,0.997215338,23.16,-21.434983991558504,55.4283500083704,312.80202216271135,0.08538666672625386
2024-10-01 23:27:24.892568+00:00,0.997327848,23.208,-21.434771488760457,55.42782528191632,364.3967916549014,0.09381488218441217
2024-10-01 23:37:23.404438+00:00,0.997797798,23.235999999999997,-21.434562441914025,55.42730908913452,417.13632982925714,0.09735088356652029
2024-10-01 23:47:22.308698+00:00,0.9982346700000001,23.256,-21.43435325801447,55.426792557931755,471.2154759882274,0.08606201193871717
2024-10-01 23:57:21.764227+00:00,0.9985987719999999,23.249999999999996,-21.434143881568993,55.426275551281435,526.2487838573596,0.06832307984886539
2024-10-02 00:07:21.481249+00:00,0.998585534,23.241999999999997,-21.434040793912153,55.426066000500995,548.96388126082,0.05058412425178564
2024-10-02 00:17:31.177073+00:00,0.9985987640000001,23.259999999999998,-21.43400039492503,55.42603923744404,552.2153248466627,0.03284514532101682
2024-10-02 00:27:29.687756+00:00,0.998499514,23.291999999999998,-21.43396073707527,55.42601296536725,555.4373831493076,0.01510614304920722
2024-10-02 00:37:29.083324+00:00,0.9985525260000001,23.32,-21.433921020592265,55.425986654447776,558.6937320710946,0.008656106775554973
2024-10-02 00:47:27.563608+00:00,0.998638652,23.364,-21.433881364756772,55.425960383705366,561.9740775947108,0.0118086223806553
2024-10-02 00:57:26.847954+00:00,0.9988372780000001,23.386000000000003,-21.433841655643434,55.425934077668074,565.287330166506,0.01779171564269893
2024-10-02 01:07:36.072970+00:00,0.9988174000000001,23.396,-21.433927865673546,55.425824168560645,575.2800013933969,0.023774805039230944
2024-10-02 01:17:34.528421+00:00,0.998771048,23.412,-21.434079700599895,55.42567208286091,589.1012339828563,0.029757890576763302
2024-10-02 01:27:33.034322+00:00,0.998704826,23.410000000000004,-21.434231548325894,55.42551998434038,603.4903332228579,0.035740972222097205
2024-10-02 01:37:31.359809+00:00,0.9986452120000001,23.389999999999997,-21.434383350278893,55.425367931668454,618.4020272282237,0.038571535024754924
2024-10-02 01:47:38.992934+00:00,0.9986915100000001,23.362000000000002,-21.434537513685015,55.425213513643186,634.046649671829,0.03593188802681222
2024-10-02 01:57:37.751493+00:00,0.9987510900000001,23.3,-21.434689425513323,55.42506135091448,649.9212950378452,0.037897676229849096
2024-10-02 02:07:35.641918+00:00,0.99839366,23.218,-21.434706566486287,55.4252067583695,634.9169419746247,0.03986347089595007
2024-10-02 02:17:34.643729+00:00,0.998122214,23.19,-21.43466456643209,55.4254832050072,606.2132120902338,0.041829272057602056
2024-10-02 02:27:42.198877+00:00,0.997916968,23.144,-21.434621966645786,55.425763599114234,577.1290339655783,0.04379507968536315
2024-10-02 02:37:40.488769+00:00,0.9982148460000001,23.144,-21.43458001650902,55.42603971719271,548.5219093573999,0.04840052205256049
2024-10-02 02:47:38.303353+00:00,0.998188354,23.13,-21.434538099699303,55.42631561591073,519.9762435440454,0.04412609220362792
2024-10-02 02:57:45.889556+00:00,0.9980824420000001,23.145999999999997,-21.434495497735533,55.426596024349955,491.0106137290168,0.038657258770073186
2024-10-02 03:07:44.515406+00:00,0.9976321520000001,23.169999999999998,-21.43453150684005,55.42674748291212,475.28337282473694,0.03318842139428481
2024-10-02 03:17:42.822365+00:00,0.9972080680000002,23.259999999999998,-21.434607011217103,55.42683823144297,465.8893786039488,0.02771958008937586
2024-10-02 03:27:40.862545+00:00,0.9966119219999999,23.384,-21.43468248192754,55.42692893950999,456.65381609919734,0.022250734833104576
2024-10-02 03:37:49.832854+00:00,0.9964922359999999,23.572,-21.434759331984445,55.42702130541026,447.4177942761065,0.021056329117036428
2024-10-02 03:47:48.710963+00:00,0.997081158,23.778,-21.43483490843877,55.4271121405706,438.51084421247526,0.02314393295150815
2024-10-02 03:57:47.337351+00:00,0.998200458,23.948,-21.434910453126733,55.42720293755104,429.7929689353036,0.026898764488756027
2024-10-02 04:07:46.308338+00:00,0.998670032,24.092000000000002,-21.43507957910169,55.42721725016858,430.3872829717221,0.030653597135222116
2024-10-02 04:17:54.835116+00:00,0.9987622460000001,24.184,-21.435296555996853,55.42719484522224,436.5014892802809,0.034408432785287484
2024-10-02 04:27:52.981158+00:00,0.9988071359999999,24.344,-21.43550983152668,55.42717282247739,443.7212227496006,0.038163267761524636
2024-10-02 04:27:53.810638+00:00,0.999655312,24.672,-21.435510127286936,55.4271727919373,443.7320413318898,0.03983049393242115
2024-10-02 04:37:51.642410+00:00,0.9990592060000001,25.050000000000004,-21.435723290760368,55.42715078076335,452.0903019441607,0.03983049349938444
2024-10-02 04:47:57.593732+00:00,0.9998567900000002,25.562,-21.435939349348452,55.42712847064103,461.66228838858444,0.04329188126946619
2024-10-02 04:57:55.129275+00:00,1.0026750720000002,26.168,-21.436152407198144,55.42710647037374,472.1206262801246,0.05035664734934213
2024-10-02 05:07:54.826337+00:00,1.00456659,26.625999999999998,-21.436304873396043,55.42739416422848,451.6047692033395,0.05742140342059192
2024-10-02 05:17:51.646612+00:00,1.004690046,26.869999999999997,-21.43643184442424,55.42780549220643,420.2829260777793,0.06448614767929961
2024-10-02 05:28:00.161827+00:00,1.0062258080000002,27.088,-21.43656130350226,55.428224880326255,391.07072543209335,0.07155088023080644
2024-10-02 05:37:58.570028+00:00,1.00665832,27.148000000000003,-21.436688612355102,55.42863730270133,365.6609581588918,0.07515421286862678
2024-10-02 05:47:57.426047+00:00,1.00535601,27.18,-21.43681601647936,55.42905003371215,344.2599702907028,0.0751541534856277
2024-10-02 05:57:56.649850+00:00,1.0054412520000002,27.298000000000002,-21.43694349884817,55.4294630181995,327.669927865543,0.07515409408717645
2024-10-02 06:08:05.409246+00:00,1.008423414,27.297999999999995,-21.43707300987462,55.429882574608456,316.5381658948901,0.07515403477059711
2024-10-02 06:18:03.891610+00:00,1.009364798,27.089999999999996,-21.437200334505373,55.430295048096745,311.81281410847185,0.07515397544103126
2024-10-02 06:28:03.831042+00:00,1.009860268,26.919999999999998,-21.43732796912123,55.43070852579479,313.5471094259605,0.07515391611272235
2024-10-02 06:38:02.695683+00:00,1.0112686119999998,26.631999999999998,-21.4374553750798,55.43112126274794,321.6354782842874,0.0751538567969359
2024-10-02 06:48:01.190051+00:00,1.011949676,26.194,-21.437582702264322,55.43153374450927,335.60597289072615,0.061037528050634726
2024-10-02 06:58:10.127374+00:00,1.009655954,25.926,-21.43771225114404,55.431953423545465,355.1427934602442,0.05135268137153874
2024-10-02 07:08:08.808807+00:00,1.0087634639999998,25.939999999999998,-21.43771453893669,55.431979756610495,355.8907218223999,0.04166784819938888
2024-10-02 07:18:08.188636+00:00,1.008197926,25.874000000000002,-21.43766166679003,55.431835763669305,347.6022742173943,0.031983028524492495
2024-10-02 07:28:06.521642+00:00,1.006433638,25.860000000000003,-21.43760888698511,55.43169202221325,339.8803966046009,0.02229822158311317
2024-10-02 07:38:07.871008+00:00,1.005323006,25.894,-21.437555841102792,55.43154755611729,332.7141665982034,0.02672969686628046
2024-10-02 07:38:15.338877+00:00,1.0047243739999998,25.863999999999997,-21.43755518235146,55.43154576206223,332.62908511951997,0.026729703594172555
2024-10-02 07:48:14.357277+00:00,1.005363764,25.802,-21.437502342086965,55.4314018559495,326.13028761420736,0.030929906366876724
2024-10-02 07:58:13.325528+00:00,1.00639562,25.788,-21.437449506246175,55.431257961884356,320.30121060772166,0.03714289358440673
2024-10-02 08:08:10.364880+00:00,1.007154576,25.726,-21.43723268302292,55.43111117812797,297.02043988492534,0.04335588118945012
2024-10-02 08:08:11.942123+00:00,1.006988288,25.724,-21.43723194848774,55.43111078705479,296.9422418853138,0.04956887230206343
2024-10-02 08:18:10.950734+00:00,1.006528056,25.838,-21.436952985219804,55.43096226448543,267.83716239310087,0.055781866128510195
2024-10-02 08:28:20.126968+00:00,1.005461912,25.938,-21.436669286805728,55.430811220881395,239.74608337672294,0.057794666594793084
2024-10-02 08:38:19.067707+00:00,1.0043957680000002,26.038,-21.436390355146465,55.430662715140784,214.18722268232995,0.0577946831885258
2024-10-02 08:48:17.749491+00:00,1.00346244,26.196000000000005,-21.436111544084575,55.4305142736073,191.5048402002066,0.05779470069993296
2024-10-02 08:48:21.139294+00:00,1.003386178,26.470000000000006,-21.436109965425256,55.43051343311478,191.3865665198099,0.061231659978383
2024-10-02 08:58:16.593134+00:00,1.003650106,26.639999999999997,-21.435832657643573,55.43036579194129,172.81478180067162,0.06703191491084248
2024-10-02 09:08:16.024736+00:00,1.004068742,26.744,-21.43560707931875,55.43000546861345,179.87937292392823,0.07283219493610463
2024-10-02 09:28:22.718240+00:00,1.004160062,26.875999999999998,-21.435200402937664,55.429092736752196,242.8576112866801,0.07863249225328621
2024-10-02 09:38:22.199006+00:00,1.004938418,27.012,-21.434998367650643,55.42863929501784,283.48427383672885,0.08443280697214559
2024-10-02 09:48:20.662468+00:00,1.005485014,27.046,-21.434796675212432,55.428186622762716,327.2791755450233,0.08679618526741432
2024-10-02 09:58:19.634807+00:00,1.005665118,27.046,-21.43459481127402,55.42773356559786,373.2105882151233,0.07840718864020328
2024-10-02 09:58:25.263499+00:00,1.00541159,27.05,-21.43459291430841,55.42772930810706,373.64974632950555,0.06722015799477753
2024-10-02 10:08:24.041661+00:00,1.004812268,26.998,-21.434451500546775,55.42751896949742,395.63148675246543,0.05603310903279159
2024-10-02 10:08:29.777992+00:00,1.0043854159999999,26.983999999999998,-21.4344503524476,55.42751778458799,395.7583331575562,0.044846042982525466
2024-10-02 10:18:28.722456+00:00,1.003583742,27.026,-21.434330476581888,55.42739406527274,409.2078170671411,0.03365896963175795
2024-10-02 10:28:28.288983+00:00,1.003542028,27.120000000000005,-21.434210476213273,55.42727021746279,423.0520766353165,0.030860973591180063
2024-10-02 10:38:27.087407+00:00,1.0035335619999999,27.22,-21.43409062957678,55.427146528313905,437.2227806314004,0.030860984552242586
2024-10-02 10:48:26.418934+00:00,1.0041982059999999,27.348000000000003,-21.433970676242303,55.427022729046094,451.71808443324375,0.03086099539245323
2024-10-02 10:58:25.506031+00:00,1.0041491740000001,27.470000000000006,-21.433850771829285,55.426898980268255,466.4903444215414,0.028718372870516446
2024-10-02 10:58:32.568137+00:00,1.0049887160000002,27.574,-21.433849358382624,55.42689752150379,466.66606111267,0.025763483304821443
2024-10-02 11:08:34.912828+00:00,1.005541462,27.663999999999998,-21.43376932144189,55.42681780665589,476.3793069042614,0.022808591922857297
2024-10-02 11:28:31.962346+00:00,1.006047146,27.772,-21.433640813503043,55.42669309599674,491.8680642951186,0.019853698445528777
2024-10-02 11:28:35.413769+00:00,1.006733994,27.838,-21.433640442979314,55.42669273642161,491.9131074224876,0.01689880450082845
2024-10-02 11:38:31.852145+00:00,1.0074951259999998,27.868000000000002,-21.433576412991265,55.42663059845498,499.7286547476415,0.01608654212696231
2024-10-02 11:48:30.602548+00:00,1.007742506,27.859999999999996,-21.433512134798075,55.426568219617415,507.63587854405125,0.016086543818798246
2024-10-02 11:58:38.780323+00:00,1.00822395,27.839999999999996,-21.433446844539695,55.42650485862017,515.7276540230316,0.03703376744746491
2024-10-02 11:58:39.320115+00:00,1.009046758,27.778,-21.43344678659093,55.42650480238373,515.7348619731821,0.06611364293037825
2024-10-02 12:08:38.587456+00:00,1.009715252,27.74,-21.433816112748435,55.42592867441462,566.2543525126748,0.09519344371900218
2024-10-02 12:18:37.778650+00:00,1.010524224,27.671999999999997,-21.434333582459658,55.42517707941793,638.349281536944,0.12427316989207657
2024-10-02 12:28:37.289883+00:00,1.01115976,27.565999999999995,-21.43485132856064,55.424425082980996,716.3250672485502,0.15335282201578124
2024-10-02 12:38:35.768633+00:00,1.011481226,27.45,-21.43536818299556,55.423674381637746,798.2903955077467,0.16148517699894832
2024-10-02 12:48:44.659660+00:00,1.012008956,27.308,-21.435894029615095,55.42291061966347,884.7279441856489,0.14641679415042846
2024-10-02 12:58:43.292171+00:00,1.012289498,27.1,-21.43641101683992,55.42215972545052,971.9146027702116,0.14542334968448983
2024-10-02 13:08:42.809023+00:00,1.012349532,26.912,-21.436129220732592,55.42255636097273,925.4444576718045,0.1444300156744496
2024-10-02 13:18:41.918040+00:00,1.0125093619999999,26.692,-21.43562053393391,55.423278955990256,842.407159345736,0.14343678923946984
2024-10-02 13:18:42.488612+00:00,1.01280883,26.454,-21.435620049477073,55.42327964416636,842.3291510322704,0.14244370740321413
2024-10-02 13:28:41.536511+00:00,1.012434072,26.186,-21.43511141457216,55.424002165468224,761.7973881529103,0.15651878120502513
2024-10-02 13:38:50.983943+00:00,1.0123315380000002,25.894,-21.434593949713054,55.42473722981411,683.3388325237775,0.15651906005911714
2024-10-02 13:48:49.846868+00:00,1.012293318,25.482,-21.43408547186427,55.425459528016084,610.9536440722438,0.1319425896661847
2024-10-02 13:58:48.644545+00:00,1.0123287380000001,25.14,-21.43357704941575,55.4261817475214,545.1196642620896,0.1049410744311321
2024-10-02 14:08:48.401482+00:00,1.01147324,24.716,-21.433533526614042,55.426370960111974,526.9933631942918,0.07793948928189469
2024-10-02 14:08:52.855440+00:00,1.01057855,24.323999999999998,-21.433534387117046,55.42637100756073,526.9676528103481,0.050937834119307565
2024-10-02 14:18:47.890181+00:00,1.0096319740000002,24.04,-21.43364934760738,55.42637734656537,523.6790974582207,0.023936109833174395
2024-10-02 14:28:47.470634+00:00,1.0081371300000002,23.852,-21.4337651863275,55.42638373399623,520.6627794901601,0.021511098050264705
2024-10-02 14:28:49.909296+00:00,1.0063905080000002,23.657999999999998,-21.433765657476116,55.42638375997571,520.6511279928095,0.02151109811771006
2024-10-02 14:38:56.587096+00:00,1.0054751720000001,23.586000000000002,-21.43388286740105,55.426390223015794,517.9094909309842,0.02151109788414466
2024-10-02 14:48:53.763489+00:00,1.004567254,23.558,-21.433998241657694,55.42639658483581,515.5192915137278,0.02151109785929297
2024-10-02 14:48:55.558504+00:00,1.003420934,23.54,-21.433998588453907,55.426396603958395,515.5125727966496,0.02378184150693021
2024-10-02 14:58:53.182777+00:00,1.002738694,23.546,-21.434114049240836,55.42640297054975,513.4322348698574,0.027107471640806364
2024-10-02 15:08:53.582872+00:00,1.002513682,23.572,-21.434257811791316,55.426514731026835,500.5602516368096,0.03043309818486049
2024-10-02 15:18:52.511065+00:00,1.001944164,23.606,-21.434410689968907,55.42666214689769,484.4208199028513,0.033758721336740995
2024-10-02 15:29:02.280874+00:00,1.001752252,23.642,-21.434566335500744,55.426812231245776,468.56253095972147,0.03708434072345756
2024-10-02 15:39:01.477015+00:00,1.001414422,23.663999999999998,-21.434719282072855,55.426959713067426,453.601118120929,0.03813921261744202
2024-10-02 15:49:00.573789+00:00,1.001209132,23.704,-21.43487220328121,55.42710717043156,439.321827038184,0.03753859371334152
2024-10-02 15:59:00.503369+00:00,1.000818258,23.718,-21.43502533706577,55.427254832776605,425.7722436781621,0.036962346957551316
2024-10-02 16:09:00.723828+00:00,1.0005465939999998,23.722,-21.435202192828182,55.42732843396229,421.0428183684553,0.03638610330022338
2024-10-02 16:19:00.245763+00:00,1.00006951,23.722,-21.435386926118785,55.42737660917711,420.08552015343565,0.03580986299027631
2024-10-02 16:28:59.470999+00:00,0.99998337,23.728,-21.435571567986198,55.42742476055036,420.190438487703,0.03523362597002793
2024-10-02 16:29:04.333730+00:00,0.9997845639999999,23.716,-21.43557306636057,55.42742515130022,420.1956351127601,0.035257993201809196
2024-10-02 16:38:59.565924+00:00,0.999592396,23.72,-21.435756477834676,55.42747298180839,421.3585037755757,0.0352579917034034
2024-10-02 16:39:09.343232+00:00,0.9996586580000001,23.721999999999998,-21.43575949055891,55.42747376747423,421.38630392430866,0.03525799020341204
2024-10-02 16:49:08.290339+00:00,0.9997713000000001,23.718,-21.435944046725265,55.42752189649815,423.6211257269805,0.03522109517889899
2024-10-02 16:59:08.035847+00:00,0.9997646760000001,23.716,-21.4361288489063,55.42757008967839,426.89521323638934,0.03611856156883036
2024-10-02 17:09:07.873689+00:00,0.999877322,23.714000000000002,-21.43618128045444,55.427765392824945,411.0122961603331,0.03701602710018327
2024-10-02 17:19:07.312444+00:00,0.9999634640000001,23.708000000000002,-21.436203257211396,55.4279943641942,390.94937860363547,0.03791349217895953
2024-10-02 17:29:06.430679+00:00,0.9997315560000001,23.701999999999998,-21.436225222217384,55.42822321313254,371.34173789059514,0.03881095719779689
2024-10-02 17:29:13.276246+00:00,0.999559288,23.694,-21.436225473191083,55.42822582797656,371.1205421799438,0.03974531477325649
2024-10-02 17:39:06.500140+00:00,0.9995129160000001,23.68,-21.43624722209743,55.42845242541658,352.22291347036906,0.0397453100176985
2024-10-02 17:49:15.723744+00:00,0.9992677560000001,23.676,-21.436269557588698,55.42868513436584,333.4367440268262,0.03819312949921437
2024-10-02 17:59:14.923573+00:00,0.9989894580000002,23.676000000000002,-21.4362915255861,55.428914014471104,315.68168746780185,0.039637398900179074
2024-10-02 18:09:15.789508+00:00,0.99956587,23.666,-21.43612817118453,55.42885336380692,310.1960564485637,0.041081672679309664
2024-10-02 18:19:14.761074+00:00,1.000036262,23.664,-21.4359128220664,55.42871071472602,310.3432857474789,0.0425259496661501
2024-10-02 18:29:12.677802+00:00,1.000188518,23.608,-21.435697852195624,55.428568316861785,313.0220276958615,0.04397022965312104
2024-10-02 18:29:14.109557+00:00,1.000420292,23.542,-21.43569733743466,55.42856797587976,313.0314381949034,0.04696668836238462
2024-10-02 18:39:13.819509+00:00,1.0004335560000002,23.444,-21.435481722843477,55.42842515094726,318.2006594892514,0.04696669984294988
2024-10-02 18:39:18.062866+00:00,0.9998704180000001,23.366,-21.43548019722319,55.428424140363454,318.2458181709748,0.046966711345609535
2024-10-02 18:49:13.424222+00:00,0.999108672,23.3,-21.435266146089035,55.42828235107814,325.73051663010455,0.04898609989229208
2024-10-02 18:59:22.914742+00:00,0.9987246260000001,23.306,-21.435047015075988,55.428137196837994,335.64062685091693,0.05509520976169639
2024-10-02 19:09:22.279067+00:00,0.998353804,23.33,-21.43534102395937,55.42823428595911,332.61325731826577,0.0612043134970547
2024-10-02 19:19:21.574731+00:00,0.99823463,23.381999999999998,-21.4357365733937,55.42837867500856,332.7544477654219,0.0673134152635918
2024-10-02 19:29:21.310943+00:00,0.99804253,23.448,-21.436132413600117,55.428523170199746,339.3229494341179,0.07342250874231702
2024-10-02 19:29:22.346352+00:00,0.9978701219999999,23.514000000000003,-21.436133096994855,55.42852341966216,339.3396865031952,0.07751221881959122
2024-10-02 19:39:20.398919+00:00,0.997770594,23.578000000000003,-21.436527825955288,55.42866750921063,351.94451514624916,0.07751220138539003
2024-10-02 19:49:19.628125+00:00,0.9975982059999999,23.624000000000002,-21.43692333152568,55.42881188224824,370.00834085246134,0.0689248968164984
2024-10-02 19:59:28.540779+00:00,0.9974456960000001,23.669999999999998,-21.43732522840279,55.428958588331035,393.1642163397374,0.06539710601736834
2024-10-02 20:09:28.612407+00:00,0.9975648579999999,23.702,-21.43717442117457,55.42884054401589,388.27135283776903,0.06186932568313754
2024-10-02 20:19:27.540923+00:00,0.997697376,23.698,-21.436897920159154,55.42866222525613,379.1823786064059,0.0583415556941797
2024-10-02 20:29:26.367588+00:00,0.9976577499999999,23.666,-21.436621466164038,55.428483936820314,373.331410757348,0.05481379614905085
2024-10-02 20:39:25.873793+00:00,0.998041944,23.554,-21.436344698452988,55.4283054460654,370.86900939440596,0.05987333415766507
2024-10-02 20:49:34.626886+00:00,0.998114958,23.384,-21.436063661828644,55.428124202238045,371.91374974050177,0.05599419517765138
2024-10-02 20:59:33.700894+00:00,0.9979958339999999,23.208,-21.435787093645363,55.427945840160945,376.40067107700344,0.05141869487252375
2024-10-02 21:09:28.130244+00:00,0.9981084259999999,23.058,-21.435612786278348,55.42780809349818,383.43887374580214,0.04684319011044371
2024-10-02 21:09:33.241070+00:00,0.998419316,22.898,-21.435611444878884,55.42780697080055,383.5045719042128,0.04226768229561406
2024-10-02 21:19:32.555373+00:00,0.9977509979999999,22.788,-21.43545414743083,55.42767531913636,391.7653668879715,0.03769217142930524
2024-10-02 21:29:31.057681+00:00,0.996970726,22.732,-21.435297063100933,55.42754384584354,401.0698254505399,0.03699582672556099
2024-10-02 21:39:29.703503+00:00,0.996395322,22.71,-21.435139941103916,55.42741234102485,411.3594510615418,0.03699584036486236
2024-10-02 21:49:38.742659+00:00,0.995542128,22.69,-21.43498009124796,55.42727855309747,422.76241836928415,0.03498255280813446
2024-10-02 21:59:37.763853+00:00,0.994517082,22.694,-21.434822870729985,55.42714696582068,434.8258973689527,0.03250769424564416
2024-10-02 22:09:35.926994+00:00,0.993888662,22.748,-21.434703731590616,55.42705843182914,443.3289635632393,0.030032832762141387
2024-10-02 22:09:36.689184+00:00,0.9939013679999998,22.848,-21.43470359092891,55.42705833163994,443.33880344054677,0.02755796939482008
2024-10-02 22:19:35.535910+00:00,0.9938812259999998,22.922000000000004,-21.43459307413609,55.42697961377871,451.24484201131867,0.025083104141389017
2024-10-02 22:29:44.032625+00:00,0.9937747160000001,23.012,-21.434480776443745,55.426899627435134,459.62361791106446,0.02462153967162422
2024-10-02 22:39:43.255171+00:00,0.9940058,23.101999999999997,-21.434370190293528,55.42682086017267,468.1967980785045,0.02462154433628326
2024-10-02 22:49:41.795138+00:00,0.994316274,23.171999999999997,-21.434259730112874,55.42674218263462,477.06201758363966,0.02325150608448106
2024-10-02 22:59:40.753383+00:00,0.994527948,23.189999999999998,-21.434149192739298,55.42666345011432,486.21885596974744,0.02170317979442005
2024-10-02 23:09:40.841307+00:00,0.9946999919999999,23.195999999999998,-21.434087237046885,55.42658480107482,495.0218862304669,0.02015485316756625
2024-10-02 23:19:39.477133+00:00,0.995355322,23.195999999999998,-21.434033111059858,55.426506378864964,503.769609741566,0.018606526218905163
2024-10-02 23:29:48.116711+00:00,0.9957591060000001,23.199999999999996,-21.43397808057813,55.42642664614832,512.714686067975,0.017058198941887034
2024-10-02 23:39:46.804019+00:00,0.995951032,23.206,-21.433923949936343,55.42634821719427,521.5612698907457,0.016879915296406253
2024-10-02 23:49:45.639151+00:00,0.996122998,23.233999999999998,-21.433869805928957,55.426269768875024,530.4550516071147,0.016879919356763577
2024-10-02 23:59:44.792577+00:00,0.996076464,23.272,-21.433815633142864,55.42619127885881,539.3963868372878,0.01687992341756516
2024-10-03 00:09:53.575472+00:00,0.995864308,23.328,-21.433760589703027,55.42611152736739,548.5231446077742,0.01687992747301012
2024-10-03 00:19:53.105030+00:00,0.9959634300000001,23.4,-21.433706382908767,55.42603298807733,557.5502787887274,0.016879931526447553
2024-10-03 00:29:51.328458+00:00,0.996406808,23.466,-21.43365229420894,55.42595461989226,566.5945645682307,0.01687993558028595
2024-10-03 00:39:49.761291+00:00,0.9967178520000001,23.514,-21.43359818657565,55.425876224274816,575.6770777855535,0.01687993963275523
2024-10-03 00:49:48.409459+00:00,0.9973203460000001,23.56,-21.433544059472737,55.42579780044817,584.7963110994459,0.016847170641836343
2024-10-03 00:59:57.506320+00:00,0.997585262,23.564,-21.433488987645507,55.42571800782675,594.1074586308046,0.017431878218095977
2024-10-03 01:09:56.629473+00:00,0.9975522059999999,23.548000000000002,-21.433413802308642,55.42577128282265,590.4721491310671,0.018016585955845058
2024-10-03 01:19:55.169589+00:00,0.9976251359999999,23.524,-21.433334897883633,55.42584828254387,584.6946141008347,0.018601293863279137
2024-10-03 01:29:54.540265+00:00,0.997558988,23.5,-21.433255883967455,55.4259253891132,579.094442112579,0.019186001933042807
2024-10-03 01:40:03.115720+00:00,0.9974464380000001,23.472,-21.433175656602458,55.426003679839454,573.6036545901658,0.019803483202100448
2024-10-03 01:50:02.115339+00:00,0.997340422,23.478,-21.433096691602017,55.42608073867385,568.3970333700272,0.017693068390573115
2024-10-03 02:00:00.958629+00:00,0.9975854099999999,23.522000000000002,-21.43301774721013,55.42615777739717,563.3933625961348,0.015934528563070666
2024-10-03 02:10:00.362784+00:00,0.997731022,23.578,-21.43304251936609,55.426204275640735,557.9692567885268,0.014175987861243463
2024-10-03 02:19:58.671775+00:00,0.997618132,23.634,-21.433088492541945,55.42624442241336,552.4666779330919,0.012417445801205323
2024-10-03 02:19:59.552130+00:00,0.997657622,23.716,-21.433088560187123,55.42624448148554,552.4585989094354,0.01065890249358939
2024-10-03 02:30:08.238905+00:00,0.997988376,23.816,-21.433135330776516,55.426285324611634,546.8852364383403,0.011010777612280132
2024-10-03 02:40:07.300634+00:00,0.9979416720000002,23.886000000000003,-21.433181361791647,55.42632552189329,541.4249951356206,0.011010776502999245
2024-10-03 02:50:05.922293+00:00,0.9981003860000002,23.990000000000002,-21.433227358992436,55.42636568964606,535.9942897976404,0.012520787172361431
2024-10-03 03:00:04.830264+00:00,0.998835494,24.156,-21.433273378193032,55.426405876610495,530.5873051605292,0.014267824276124585
2024-10-03 03:10:03.285492+00:00,0.9991195640000001,24.338,-21.43329511103491,55.426510622848916,519.4971918931772,0.016014861156128712
2024-10-03 03:20:11.845718+00:00,0.999583046,24.488,-21.433314422150453,55.42662485102328,507.5380900309985,0.01776189781556261
2024-10-03 03:30:10.989420+00:00,1.0003389139999999,24.622,-21.433333434456483,55.426737311694104,495.76675412667424,0.019508934252170856
2024-10-03 03:40:09.305740+00:00,1.001480372,24.72,-21.433352420507642,55.426849617063404,484.0145615469411,0.01974595830759652
2024-10-03 03:50:07.275996+00:00,1.002609038,24.778,-21.43337139557734,55.42696185747565,472.2722648985936,0.023778235112209913
2024-10-03 04:00:15.345128+00:00,1.0038774240000001,24.794,-21.433390691109256,55.427075993470524,460.33507828069247,0.028972628604168094
2024-10-03 04:10:08.659552+00:00,1.005245602,24.811999999999998,-21.433595411871213,55.4271389285269,448.05121686374065,0.03416702225332045
2024-10-03 04:10:14.200491+00:00,1.0062484939999998,24.838,-21.43359764099111,55.427139433622905,447.9405952928841,0.03936141709039492
2024-10-03 04:20:12.889609+00:00,1.006401292,24.854,-21.433838493637634,55.42719400839425,436.6893191818908,0.044555811092623174
2024-10-03 04:20:13.837859+00:00,1.006401292,24.854,-21.433838875118674,55.42719409483399,436.6726294241711,0.04571792603686407
2024-10-03 04:30:11.860433+00:00,1.006168842,24.858,-21.43407945961448,55.4272486088451,426.89467097808534,0.04571792440794428
2024-10-03 04:30:18.904094+00:00,1.005677306,24.85,-21.43408229327949,55.4272492509249,426.78860504584014,0.04571792274394689
2024-10-03 04:40:13.931288+00:00,1.005570958,24.836000000000002,-21.43432167273397,55.427303491885844,418.62655667273157,0.04571792011724857
2024-10-03 04:40:20.456065+00:00,1.005723696,24.834,-21.434324297651898,55.42730408666567,418.5459738768419,0.04571791601048386
2024-10-03 04:50:18.486489+00:00,1.005564298,24.834,-21.434564885305853,55.42735860139238,412.01114900441667,0.04571791433161463
2024-10-03 04:50:19.099783+00:00,1.005617426,24.83,-21.434565132033974,55.42735865729848,412.00532547411217,0.045717912394403565
2024-10-03 05:00:18.012875+00:00,1.005670554,24.826,-21.434806074785303,55.42741325248666,407.2010837557196,0.045717912318654144
2024-10-03 05:10:17.060038+00:00,1.00538494,24.811999999999998,-21.43504707147331,55.42746785989634,404.198143540244,0.04571791038593084
2024-10-03 05:10:17.796108+00:00,1.004906746,24.79,-21.435047367594347,55.42746792699437,404.19558148285336,0.045717910623840355
2024-10-03 05:20:15.879131+00:00,1.0047207679999999,24.766,-21.435287976408794,55.42752244651584,403.03815917991557,0.04571790803896401
2024-10-03 05:30:24.965140+00:00,1.004707472,24.76,-21.435533011724875,55.427577969037756,403.7636454344813,0.04571790545856596
2024-10-03 05:40:23.461351+00:00,1.004528148,24.76,-21.435773786764905,55.42763252622425,406.33834136453453,0.045717900750948184
2024-10-03 05:50:22.093255+00:00,1.0040566480000002,24.774,-21.436014616394253,55.427687095780136,410.7249296858048,0.0447530741754696
2024-10-03 06:00:19.482900+00:00,1.00374448,24.81,-21.4362549462628,55.427741552095284,416.85134172577295,0.04531485740901745
2024-10-03 06:10:29.855369+00:00,1.0034522319999999,24.846,-21.436038908775448,55.427807046917025,400.42224712051103,0.04587664178641273
2024-10-03 06:20:23.715415+00:00,1.0028610599999999,24.87,-21.435786817173838,55.4278716644472,383.56376777945957,0.046438427221252625
2024-10-03 06:20:27.272141+00:00,1.00254877,24.906000000000002,-21.43578530735555,55.427872051452276,383.4670910716453,0.04700021420949896
2024-10-03 06:30:25.984051+00:00,1.0019637639999999,24.964000000000002,-21.435531156154,55.42793719691064,367.9858830888722,0.04852682611420153
2024-10-03 06:40:24.516809+00:00,1.001903516,25.046,-21.435277081001818,55.42800232287561,354.2190563914379,0.04852682976520872
2024-10-03 06:50:31.310586+00:00,1.0016968560000001,25.146,-21.435019499074667,55.42806834771676,342.2188335316858,0.048526833837348585
2024-10-03 07:00:29.600553+00:00,1.0015164460000001,25.259999999999998,-21.434765526986524,55.42813344726377,332.522559935376,0.04852683840306024
2024-10-03 07:10:27.170992+00:00,1.001043026,25.398,-21.43451186033547,55.42819846851944,325.14524892334447,0.048526842977358584
2024-10-03 07:20:34.511376+00:00,1.00092105,25.554,-21.43425404637565,55.4282645528365,320.17422481187,0.04852684754351953
2024-10-03 07:30:31.979837+00:00,1.0003535180000003,25.708,-21.434000423013966,55.428329562996,317.8849957158556,0.048526852112035966
2024-10-03 07:40:30.592770+00:00,0.9996370960000001,25.939999999999998,-21.43374631382772,55.42839469768476,318.23489189005255,0.0485268566869352
2024-10-03 07:50:38.818898+00:00,1.00016541,26.25,-21.433488123872483,55.42846087837908,321.29133037152184,0.04587502345357048
2024-10-03 08:00:36.772674+00:00,1.001300676,26.532,-21.433234294496174,55.42852594134539,326.8763994637908,0.04444703728348944
2024-10-03 08:10:35.503595+00:00,1.001053028,26.833999999999996,-21.43341030240642,55.42844934932538,325.7259647072426,0.04301904863751183
2024-10-03 08:25:24.720435+00:00,1.002275102,27.096000000000004,-21.43371864017919,55.42832013177864,326.5126948782839,0.04159105789560411
2024-10-03 08:30:40.536828+00:00,1.0015348400000001,27.286,-21.433828150164647,55.42827423856375,327.78750100779746,0.04016306467405051
2024-10-03 08:40:38.240815+00:00,1.001230818,27.654000000000003,-21.434035405254647,55.42818738253557,331.5998954596424,0.04068453743250155
2024-10-03 08:50:36.953203+00:00,1.000906702,28.062,-21.43424301000965,55.428100379970516,337.1995080964516,0.04041216085171145
2024-10-03 09:10:42.537474+00:00,1.002982042,28.468,-21.434555969403352,55.427814758675765,364.79990287117215,0.04013978173581033
2024-10-03 09:20:40.608232+00:00,1.003541706,28.877999999999997,-21.434646286144705,55.42760482242809,386.618908646864,0.039867402022114314
2024-10-03 09:30:44.470855+00:00,1.0065503919999998,29.375999999999998,-21.434737477535712,55.42739285310588,408.8898195354303,0.039595021516696936
2024-10-03 09:30:48.970937+00:00,1.00804365,29.642000000000003,-21.434738157108743,55.427391273476125,409.0565950606484,0.0400250078622187
2024-10-03 09:40:45.888369+00:00,1.0080029280000002,29.833999999999996,-21.434828299682323,55.42718174207176,431.2737918852847,0.040024991446746885
2024-10-03 09:50:42.654746+00:00,1.0083724360000001,30.05,-21.43491841944462,55.42697226369094,453.6554951059081,0.036992386229563474
2024-10-03 10:00:50.802007+00:00,1.008956752,30.272,-21.43501025787368,55.42675879036474,476.61422675651175,0.034532710030044766
2024-10-03 10:10:48.596814+00:00,1.009658128,30.406,-21.43488305141521,55.426802871587014,470.8195099054357,0.03207303687725758
2024-10-03 10:20:45.881022+00:00,1.009585298,30.57,-21.43474417409509,55.426860668331415,463.95322319421985,0.029613368487272272
2024-10-03 10:30:52.971063+00:00,1.011194664,30.642000000000003,-21.434603016775235,55.4269194139461,457.48320756084564,0.027153704905780084
2024-10-03 10:40:51.363674+00:00,1.0107224240000001,30.498,-21.434463881735148,55.42697731794613,451.6294138973975,0.027726634923765748
2024-10-03 10:50:58.612124+00:00,1.010153522,30.432,-21.43432268758295,55.42703607888938,446.24145094891963,0.0300327940627229
2024-10-03 11:00:57.409863+00:00,1.010187784,30.407999999999998,-21.434183458344688,55.427094022091985,441.4931897428195,0.032760311317231866
2024-10-03 11:10:55.473476+00:00,1.014536176,30.112000000000002,-21.43403364401974,55.42693417654375,459.8248934560875,0.035487832545211206
2024-10-03 11:20:54.060834+00:00,1.016336956,29.636000000000003,-21.43388290392318,55.426758107305446,480.28063888916114,0.038215357739339345
2024-10-03 11:31:02.306096+00:00,1.016512414,29.296000000000003,-21.433729731711438,55.42657919727907,501.4641759917644,0.04094288685892404
2024-10-03 11:40:59.892585+00:00,1.0173759,29.106,-21.43357924366014,55.42640342243766,522.6200050955775,0.041364264249927486
2024-10-03 11:50:57.194229+00:00,1.0173277779999998,28.85,-21.433428827340286,55.42622773138086,544.0660661646888,0.041364285416798124
2024-10-03 12:00:57.646162+00:00,1.0145387319999999,28.77,-21.433277617694532,55.42605111369412,565.8933921285618,0.0348410098317011
2024-10-03 12:01:04.587696+00:00,1.01374238,28.982,-21.433275869632997,55.42604907190252,566.1471780978387,0.028501780874261518
2024-10-03 12:11:03.797848+00:00,1.014487668,29.246000000000002,-21.433318958436743,55.426028530618424,567.009222389066,0.02216254739326696
2024-10-03 12:11:06.120851+00:00,1.017134866,29.232,-21.4333191532309,55.42602847325809,567.0096641878023,0.015823309235278703
2024-10-03 12:21:01.415727+00:00,1.0197820640000002,29.218,-21.433369071362613,55.426013774045394,567.1521853063138,0.009484068439102745
2024-10-03 12:31:00.236289+00:00,1.019280516,29.124000000000002,-21.433419285138804,55.42599898777533,567.3544201067854,0.009668119730332003
2024-10-03 12:31:02.671691+00:00,1.022332462,28.99,-21.433419489358126,55.4259989276396,567.3553630683853,0.009668119689249664
2024-10-03 12:41:08.253609+00:00,1.026289926,28.804000000000002,-21.433470270104195,55.425983974415956,567.620106534523,0.009668119482668462
2024-10-03 12:51:07.024986+00:00,1.0249330420000002,28.310000000000002,-21.433520479756027,55.42596918936038,567.9410957871062,0.009668119342266863
2024-10-03 12:51:08.877572+00:00,1.02068778,27.908000000000005,-21.433520635103626,55.42596914361573,567.9421802028697,0.009226474621392484
2024-10-03 13:01:05.471944+00:00,1.0206687220000001,27.712,-21.43357066220385,55.42595441231546,568.3206515267311,0.008908134589930521
2024-10-03 13:11:04.655632+00:00,1.01709617,27.556,-21.433558007256085,55.42591342321252,572.7567436401483,0.008589794708030746
2024-10-03 13:21:12.795150+00:00,1.014624834,27.306,-21.433540474346703,55.425869868838205,577.5609230003666,0.008271454950099826
2024-10-03 13:21:13.276634+00:00,1.013204618,27.286,-21.433540460465323,55.42586983435478,577.5647273429613,0.00795311533435378
2024-10-03 13:31:11.475679+00:00,1.016669692,27.060000000000002,-21.433523214143825,55.42582699190772,582.2921296377593,0.008076420511206087
2024-10-03 13:41:09.839430+00:00,1.016969046,26.47,-21.433505963073788,55.425784137664564,587.0225269611867,0.008076421156347586
2024-10-03 13:51:08.514563+00:00,1.0172684,25.880000000000003,-21.43348870302647,55.42574126112051,591.757040252061,0.008076421743672641
2024-10-03 14:01:14.803052+00:00,1.015926412,25.28,-21.43347122348301,55.42569783931515,596.5534085228823,0.010657547104647957
2024-10-03 14:01:15.918123+00:00,1.015799932,24.738,-21.433471191335062,55.42569775945483,596.5622313880259,0.013646992710368127
2024-10-03 14:11:13.375640+00:00,1.013298288,24.29,-21.433444808321276,55.42581551012722,585.2583247733336,0.016636438974002764
2024-10-03 14:21:10.851396+00:00,1.0119274759999999,24.096,-21.43341774401494,55.425945193261754,572.8186446195039,0.019625885900750806
2024-10-03 14:31:20.087238+00:00,1.0105631599999998,23.894,-21.433390147003198,55.42607742894302,560.1974967733274,0.022615333598899955
2024-10-03 14:41:20.058204+00:00,1.00973897,23.796,-21.433362969669467,55.42620765366715,547.8351039004128,0.023023657263645903
2024-10-03 14:51:19.535064+00:00,1.009075316,23.752000000000002,-21.433335814717616,55.42633777114476,535.5537275580654,0.023023660537489752
2024-10-03 14:51:20.292197+00:00,1.0086773299999998,23.732,-21.433335780421196,55.42633793548178,535.5382631355637,0.022562295762002953
2024-10-03 15:01:18.458939+00:00,1.008180006,23.71,-21.433308684814758,55.426467768595955,523.3593663771193,0.022319717888506823
2024-10-03 15:11:19.074017+00:00,1.007676186,23.696,-21.43340565763296,55.426527757542765,514.561586548185,0.022077138858589227
2024-10-03 15:21:18.411077+00:00,1.007066446,23.690000000000005,-21.433511647699948,55.42658239159791,506.22163841179605,0.021834558773540638
2024-10-03 15:21:25.380493+00:00,1.006847948,23.7,-21.43351288020985,55.4265830269123,506.1258345308594,0.021591978079220926
2024-10-03 15:31:17.521774+00:00,1.006490136,23.7,-21.43361759773563,55.426637005018364,498.0881968530952,0.021810764015329786
2024-10-03 15:41:26.755694+00:00,1.006251612,23.7,-21.433725338017837,55.42669254124631,490.0362648844294,0.021012707525752006
2024-10-03 15:51:26.456210+00:00,1.006086058,23.708000000000002,-21.433831392360336,55.42674720843316,482.33663341271114,0.019487475371038888
2024-10-03 16:11:24.863842+00:00,1.0061258160000002,23.708,-21.433994133850437,55.42685677967297,468.34974195638586,0.01796224297908016
2024-10-03 16:21:24.283156+00:00,1.005814024,23.68,-21.434050956575955,55.42691174858396,461.88227253459945,0.016437010683863284
2024-10-03 16:31:24.105777+00:00,1.005667968,23.654,-21.434107817533484,55.426966754479665,455.4774136448735,0.014911778487852597
2024-10-03 16:41:33.275256+00:00,1.005469198,23.654,-21.43416556453847,55.42702261751595,449.0442561130787,0.01418460049787278
2024-10-03 16:51:32.749332+00:00,1.0050251319999999,23.64,-21.434222392455222,55.42707759144882,442.78686946283176,0.014184598016616128
2024-10-03 17:01:31.854885+00:00,1.0045943679999998,23.632,-21.434279185437386,55.42713253158682,436.6091991356707,0.014184595536502777
2024-10-03 17:11:31.013768+00:00,1.00431623,23.642000000000003,-21.434335983475005,55.42718747661535,430.51010157186533,0.014184593059531727
2024-10-03 17:21:30.612460+00:00,1.003925492,23.656,-21.43439282320491,55.42724246197597,424.4891554200735,0.014184590585906081
2024-10-03 17:31:29.481381+00:00,1.003680316,23.651999999999997,-21.434449593755232,55.42729738041396,418.5616034542975,0.01418458837445189
2024-10-03 17:41:32.876107+00:00,1.003733288,23.648,-21.434506793335046,55.42735271388457,412.6800059690777,0.014184586388506148
2024-10-03 17:41:38.605239+00:00,1.003726902,23.676,-21.434507336435495,55.427353239266616,412.62461024787956,0.014184584403192781
2024-10-03 17:51:37.968955+00:00,1.0036805860000002,23.683999999999997,-21.434564153890523,55.42740820307907,406.8772936357922,0.012984259357603483
2024-10-03 18:01:37.476943+00:00,1.0035877100000001,23.668,-21.434620985022036,55.42746318012182,401.22646455519043,0.011749383917721018
2024-10-03 18:11:37.125109+00:00,1.0034816100000001,23.654,-21.434630828233082,55.42750939345988,396.46083643692407,0.010514508631359143
2024-10-03 18:21:36.744436+00:00,1.003342318,23.634,-21.43463813059773,55.427555130210266,391.742451121136,0.009279633535928797
2024-10-03 18:31:35.803329+00:00,1.00295763,23.578,-21.434645426137223,55.427600824212824,387.0305569273691,0.00804475885560177
2024-10-03 18:41:45.137118+00:00,1.0027389059999998,23.568,-21.434652846807833,55.42764730194653,382.2400589189299,0.00805127954481397
2024-10-03 18:51:44.768374+00:00,1.002818222,23.546,-21.434660149317754,55.42769303960682,377.52810202363133,0.009367226664199839
2024-10-03 19:01:44.536596+00:00,1.00277152,23.502,-21.434668466044695,55.42773979984144,372.7159735609835,0.010683173288611642
2024-10-03 19:11:43.953591+00:00,1.002493066,23.46,-21.4347049242593,55.4278146673225,365.11440218718894,0.011999119420665758
2024-10-03 19:21:42.806902+00:00,1.0022874339999999,23.404,-21.434741348189068,55.427889464399136,357.57220822858704,0.013315065053380249
2024-10-03 19:31:41.415467+00:00,1.001949192,23.330000000000002,-21.4347777572327,55.42796423090687,350.0886415742298,0.014589938295363888
2024-10-03 19:41:50.893851+00:00,1.001419302,23.314,-21.434814827409053,55.4280403550604,342.5300025682637,0.012513768593850613
2024-10-03 19:51:49.635550+00:00,1.001094836,23.310000000000002,-21.434851244550273,55.42811513819666,335.1682656964531,0.01416851886339523
2024-10-03 20:11:48.017990+00:00,1.000783676,23.312,-21.434821207194616,55.428078619149794,338.6399702035501,0.015823271178952714
2024-10-03 20:21:47.304762+00:00,1.000611572,23.316,-21.43475468376653,55.42796718700407,349.62326074015147,0.01747802556002222
2024-10-03 20:31:46.534667+00:00,1.000432826,23.316000000000003,-21.434688166650965,55.427855765432334,360.79154799233174,0.01913278130986342
2024-10-03 20:41:55.445254+00:00,0.999929592,23.302,-21.434620574937757,55.427742543822255,372.31358159529924,0.02286370516298054
2024-10-03 20:41:57.102300+00:00,0.99989005,23.354,-21.434620390998468,55.427742235709005,372.3451606062171,0.022860538398053902
2024-10-03 20:51:54.673063+00:00,0.999803934,23.34,-21.43455405805484,55.42763112264022,383.8077604883585,0.020443019324332585
2024-10-03 21:01:53.852748+00:00,0.9995258659999999,23.330000000000002,-21.434487555059544,55.42751981362521,395.4309078474846,0.018025498822554845
2024-10-03 21:11:53.378948+00:00,0.9994264840000001,23.31,-21.43443163797441,55.427536766767055,393.87051048642735,0.01560797758925323
2024-10-03 21:21:52.008588+00:00,0.999386772,23.288,-21.434375804510356,55.427553694556366,392.41239325703754,0.013190455718790661
2024-10-03 21:32:00.667061+00:00,0.9988171859999999,23.208,-21.434319035669148,55.42757090593667,391.0333959483068,0.01077610498945832
2024-10-03 21:41:54.692442+00:00,0.9985259080000001,23.212,-21.434263631638757,55.427587703528744,389.7892789605766,0.010776105233511123
2024-10-03 21:41:59.022897+00:00,0.9984067640000001,23.222,-21.434263227742466,55.427587825983466,389.78058072438046,0.010776105725558205
2024-10-03 21:51:57.711046+00:00,0.998228108,23.316,-21.434207388821342,55.427604755427275,388.63011004139497,0.010769429672441589
2024-10-03 21:51:59.687408+00:00,0.9985326560000001,23.339999999999996,-21.43420720448842,55.427604811313984,388.6264838795279,0.022044126309352756
2024-10-03 22:01:57.412895+00:00,0.998890162,23.362000000000002,-21.434151558972335,55.42762139597912,387.6131902202861,0.03331881646309635
2024-10-03 22:11:56.550282+00:00,0.998956368,23.365999999999996,-21.43422537063833,55.42724087371194,425.92358252971144,0.04459349991309432
2024-10-03 22:22:05.360341+00:00,0.999075546,23.375999999999998,-21.434300373944254,55.4268542081675,465.1848577887544,0.05586817654392444
2024-10-03 22:32:04.763806+00:00,0.999141746,23.306,-21.434374218390136,55.42647351690971,504.0911579463836,0.0671495231509397
2024-10-03 22:42:03.727355+00:00,0.9992211299999999,23.286,-21.434448008639876,55.42609310505002,543.1644502448723,0.0664582319533328
2024-10-03 22:52:03.051356+00:00,0.999029048,23.235999999999997,-21.43452184329607,55.425712464261125,582.4175098257042,0.053028320790790076
2024-10-03 23:02:02.567400+00:00,0.9988503,23.193999999999996,-21.4345919,55.4253513,619.7796031652376,0.03959841619301898
2024-10-03 23:12:11.841427+00:00,0.998724468,23.15,-21.4345919,55.4253513,619.7796031652376,0.026168518106008936
2024-10-03 23:22:10.781149+00:00,0.998393464,23.112000000000002,-21.4345919,55.4253513,619.7796031652376,0.012738626526583119
2024-10-03 23:32:10.022424+00:00,0.997910254,23.098000000000003,-21.4345919,55.4253513,619.7796031652376,0.0
2024-10-03 23:42:09.035300+00:00,0.9977332425,23.1075,-21.4345919,55.4253513,619.7796031652376,0.0
2024-10-03 23:52:08.357355+00:00,0.99772497,23.11666666666667,-21.4345919,55.4253513,619.7796031652376,0.0
