"pid","fport","type","priority","qos","len","data","pid.1","rtc_timestamp","battery_level_mv","mcu_temp_deg","period_fsm_s","period_depth_s","period_gps_s","period_status_s","period_argos_s","elect_strategy","argos_fport","crc","crc_valid","rtc_timestamp_dt","is_released","nb_profile_recorded","atmo_mean_pres","atmo_mean_temp","gps_timestamp","gps_latitude","gps_longitude","gps_ehpe","gps_ttf","gps_fixtype","gps_timestamp_dt"
"5","211","1","2","1","21","0500F44DCF6927000000B0FE7644B641DB41D3A2E3","5","1775193588","3900.0","","","","","","","","211","58274","True","2026-04-03 05:19:48+00:00","0.0","0.0","987.9794921875","27.407085418701172","","","","","","",""
"6","211","1","2","1","21","0600174ECF6927000000400577443FFAF241D3D8B6","6","1775193623","3900.0","","","","","","","","211","46808","True","2026-04-03 05:20:23+00:00","0.0","0.0","988.08203125","30.372190475463867","","","","","","",""
"9","211","1","2","1","21","0900554FCF69270000006BBC7644881DED41D310E7","9","1775193941","3900.0","","","","","","","","211","59152","True","2026-04-03 05:25:41+00:00","0.0","0.0","986.9440307617188","29.639419555664062","","","","","","",""
"12","211","1","2","1","21","0C009650CF6927000000988276445325E641D30CF1","12","1775194262","3900.0","","","","","","","","211","61708","True","2026-04-03 05:31:02+00:00","0.0","0.0","986.04052734375","28.768224716186523","","","","","","",""
"14","211","1","2","1","21","0E00CF51CF6927000000325B76444550DB41D3E12C","14","1775194575","3900.0","","","","","","","","211","11489","True","2026-04-03 05:36:15+00:00","0.0","0.0","985.4249267578125","27.414194107055664","","","","","","",""
"17","211","1","2","1","21","11000453CF6927000000B36576441E37DA41D39082","17","1775194884","3900.0","","","","","","","","211","33424","True","2026-04-03 05:41:24+00:00","0.0","0.0","985.5890502929688","27.276912689208984","","","","","","",""
"19","211","1","2","1","21","13002D54CF69270000009E6B76442E2FDA41D3B418","19","1775195181","3900.0","","","","","","","","211","6324","True","2026-04-03 05:46:21+00:00","0.0","0.0","985.6815185546875","27.27303695678711","","","","","","",""
"22","211","1","2","1","21","16007155CF69270000004D6A7644BB58DA41D38A4B","22","1775195505","3900.0","","","","","","","","211","19338","True","2026-04-03 05:51:45+00:00","0.0","0.0","985.6609497070312","27.293325424194336","","","","","","",""
"25","211","1","2","1","21","1900B356CF6927000000466B76442BDEDA41D36D3F","25","1775195827","3900.0","","","","","","","","211","16237","True","2026-04-03 05:57:07+00:00","0.0","0.0","985.6761474609375","27.35848045349121","","","","","","",""
"27","211","1","2","1","21","1B00E357CF69270000002B7876444B1BDC41D319AA","27","1775196131","3900.0","","","","","","","","211","43545","True","2026-04-03 06:02:11+00:00","0.0","0.0","985.8776245117188","27.51332664489746","","","","","","",""
"30","211","1","2","1","21","1E002359CF6927000000E68C76446257DD41D3C52F","30","1775196451","3900.0","","","","","","","","211","12229","True","2026-04-03 06:07:31+00:00","0.0","0.0","986.2015380859375","27.667667388916016","","","","","","",""
"32","211","1","2","1","21","20005B5ACF69270000003D95764456FCDD41D3549C","32","1775196763","3900.0","","","","","","","","211","40020","True","2026-04-03 06:12:43+00:00","0.0","0.0","986.3318481445312","27.748210906982422","","","","","","",""
"35","211","1","2","1","21","23009E5BCF6927000000369376447A79DF41D3E495","35","1775197086","3900.0","","","","","","","","211","38372","True","2026-04-03 06:18:06+00:00","0.0","0.0","986.3001708984375","27.934314727783203","","","","","","",""
"38","211","1","2","1","21","2600EB5CCF69270000000BA076448A39E241D3B090","38","1775197419","3900.0","","","","","","","","211","37040","True","2026-04-03 06:23:39+00:00","0.0","0.0","986.5006713867188","28.278095245361328","","","","","","",""
"40","211","1","2","1","21","28001E5ECF6927000000A5B27644D37EE441D3F6B4","40","1775197726","3900.0","","","","","","","","211","46326","True","2026-04-03 06:28:46+00:00","0.0","0.0","986.7913208007812","28.561925888061523","","","","","","",""
"43","211","1","2","1","21","2B00585FCF6927000000EBB6764400CCE641D3B0FC","43","1775198040","3900.0","","","","","","","","211","64688","True","2026-04-03 06:34:00+00:00","0.0","0.0","986.8580932617188","28.849609375","","","","","","",""
"45","211","1","2","1","21","2D009560CF692700000013A876443802E841D3CDC2","45","1775198357","3900.0","","","","","","","","211","49869","True","2026-04-03 06:39:17+00:00","0.0","0.0","986.6261596679688","29.001083374023438","","","","","","",""
"48","211","1","2","1","21","3000D561CF69270000008B9B7644436BE941D37803","48","1775198677","3900.0","","","","","","","","211","888","True","2026-04-03 06:44:37+00:00","0.0","0.0","986.4303588867188","29.1773738861084","","","","","","",""
"51","211","1","2","1","21","33001C63CF6927000000B09176443818EB41D39A09","51","1775199004","3900.0","","","","","","","","211","2458","True","2026-04-03 06:50:04+00:00","0.0","0.0","986.2763671875","29.386825561523438","","","","","","",""
"53","211","1","2","1","21","35005B64CF69270000000E927644D607ED41D350F6","53","1775199323","3900.0","","","","","","","","211","63056","True","2026-04-03 06:55:23+00:00","0.0","0.0","986.2821044921875","29.628826141357422","","","","","","",""
"56","211","1","2","1","21","3800AC65CF692700000058A37644E52BEF41D36B23","56","1775199660","3900.0","","","","","","","","211","9067","True","2026-04-03 07:01:00+00:00","0.0","0.0","986.55224609375","29.896432876586914","","","","","","",""
"58","211","1","2","1","21","3A00D966CF6927000000DAB876443BACF141D3A7D0","58","1775199961","3900.0","","","","","","","","211","53415","True","2026-04-03 07:06:01+00:00","0.0","0.0","986.8883056640625","30.209096908569336","","","","","","",""
"61","211","1","2","1","21","3D002B68CF692700000033A776440517F541D33821","61","1775200299","3900.0","","","","","","","","211","8504","True","2026-04-03 07:11:39+00:00","0.0","0.0","986.6124877929688","30.636240005493164","","","","","","",""
"64","211","1","2","1","21","40005B69CF69270000002368764443ACF541D3F8F6","64","1775200603","3900.0","","","","","","","","211","63224","True","2026-04-03 07:16:43+00:00","0.0","0.0","985.6271362304688","30.7091121673584","","","","","","",""
"66","211","1","2","1","21","4200906ACF6927000000C64A7644FD11F641D39438","66","1775200912","3900.0","","","","","","","","211","14484","True","2026-04-03 07:21:52+00:00","0.0","0.0","985.1683349609375","30.7587833404541","","","","","","",""
"69","211","1","2","1","21","4500D66BCF6927000000565F76449E20F741D3C2B3","69","1775201238","3900.0","","","","","","","","211","46018","True","2026-04-03 07:27:18+00:00","0.0","0.0","985.4896240234375","30.890926361083984","","","","","","",""
"72","211","1","2","1","21","48001B6DCF69270000003671764413DEF841D3E126","72","1775201563","3900.0","","","","","","","","211","9953","True","2026-04-03 07:32:43+00:00","0.0","0.0","985.7689208984375","31.108434677124023","","","","","","",""
"74","211","1","2","1","21","4A005A6ECF69270000007E5B7644D60DFA41D337DB","74","1775201882","3900.0","","","","","","","","211","56119","True","2026-04-03 07:38:02+00:00","0.0","0.0","985.4295654296875","31.256755828857422","","","","","","",""
"77","211","1","2","1","21","4D00986FCF692700000036297644D562F941D3F693","77","1775202200","3900.0","","","","","","","","211","37878","True","2026-04-03 07:43:20+00:00","0.0","0.0","984.6439208984375","31.17325782775879","","","","","","",""
"79","211","1","2","1","21","4F00D670CF6927000000A6257644460CF941D38A36","79","1775202518","3900.0","","","","","","","","211","13962","True","2026-04-03 07:48:38+00:00","0.0","0.0","984.5882568359375","31.130992889404297","","","","","","",""
"82","211","1","2","1","21","52000C72CF69270000004B3B7644FDB8F941D3B933","82","1775202828","3900.0","","","","","","","","211","13241","True","2026-04-03 07:53:48+00:00","0.0","0.0","984.9264526367188","31.2153263092041","","","","","","",""
"85","211","1","2","1","21","55005673CF6927000000423D76443BF1FA41D3C219","85","1775203158","3900.0","","","","","","","","211","6594","True","2026-04-03 07:59:18+00:00","0.0","0.0","984.9571533203125","31.367788314819336","","","","","","",""
"87","211","1","2","1","21","57009074CF6927000000251C764462E2FA41D3027F","87","1775203472","3900.0","","","","","","","","211","32514","True","2026-04-03 08:04:32+00:00","0.0","0.0","984.4397583007812","31.360538482666016","","","","","","",""
"90","211","1","2","1","21","5A00D275CF6927000000E8EE7544806EF941D3FC98","90","1775203794","3900.0","","","","","","","","211","39164","True","2026-04-03 08:09:54+00:00","0.0","0.0","983.73291015625","31.178955078125","","","","","","",""
"93","211","1","2","1","21","5D001D77CF6927000000C3E17544E584F641D3461F","93","1775204125","3900.0","","","","","","","","211","8006","True","2026-04-03 08:15:25+00:00","0.0","0.0","983.5275268554688","30.814889907836914","","","","","","",""
"95","211","1","2","1","21","5F005578CF69270000003DFB75449046F541D3CCC7","95","1775204437","3900.0","","","","","","","","211","51148","True","2026-04-03 08:20:37+00:00","0.0","0.0","983.9255981445312","30.659454345703125","","","","","","",""
"98","211","1","2","1","21","62009279CF6927000000D615764466E0F441D319BE","98","1775204754","3900.0","","","","","","","","211","48665","True","2026-04-03 08:25:54+00:00","0.0","0.0","984.3411865234375","30.609569549560547","","","","","","",""
"101","211","1","2","1","21","6500D47ACF69270000003321764470C9F441D30F02","101","1775205076","3900.0","","","","","","","","211","527","True","2026-04-03 08:31:16+00:00","0.0","0.0","984.5187377929688","30.598358154296875","","","","","","",""
"103","211","1","2","1","21","67001E7CCF6927000000FB1D76447270F541D399AF","103","1775205406","3900.0","","","","","","","","211","44953","True","2026-04-03 08:36:46+00:00","0.0","0.0","984.4684448242188","30.67990493774414","","","","","","",""
"106","211","1","2","1","21","6A004C7DCF692700000036157644C2CBF541D33027","106","1775205708","3900.0","","","","","","","","211","10032","True","2026-04-03 08:41:48+00:00","0.0","0.0","984.3314208984375","30.724491119384766","","","","","","",""
"108","211","1","2","1","21","6C00777ECF692700000028397644AA71F941D3F402","108","1775206007","3900.0","","","","","","","","211","756","True","2026-04-03 08:46:47+00:00","0.0","0.0","984.89306640625","31.180500030517578","","","","","","",""
"111","211","1","2","1","21","6F00BC7FCF692700000043947644EA050142D3B54C","111","1775206332","3900.0","","","","","","","","211","19637","True","2026-04-03 08:52:12+00:00","0.0","0.0","986.3165893554688","32.255775451660156","","","","","","",""
"114","211","1","2","1","21","72000D81CF692700000015CC764496D30642D3F097","114","1775206669","3900.0","","","","","","","","211","38896","True","2026-04-03 08:57:49+00:00","0.0","0.0","987.1887817382812","33.706626892089844","","","","","","",""
"116","211","1","2","1","21","74003D82CF6927000000EAAB7644FF4A0942D35AD7","116","1775206973","3900.0","","","","","","","","211","55130","True","2026-04-03 09:02:53+00:00","0.0","0.0","986.6861572265625","34.323238372802734","","","","","","",""
"119","211","1","2","1","21","77007D83CF6927000000A2827644DAB70942D315AC","119","1775207293","3900.0","","","","","","","","211","44053","True","2026-04-03 09:08:13+00:00","0.0","0.0","986.0411376953125","34.429542541503906","","","","","","",""
"121","211","1","2","1","21","7900AC84CF6927000000327C7644D6C70A42D38599","121","1775207596","3900.0","","","","","","","","211","39301","True","2026-04-03 09:13:16+00:00","0.0","0.0","985.9405517578125","34.695152282714844","","","","","","",""
"124","211","1","2","1","21","7C00E585CF692700000032357644688A0A42D30251","124","1775207909","3900.0","","","","","","","","211","20738","True","2026-04-03 09:18:29+00:00","0.0","0.0","984.8311767578125","34.635162353515625","","","","","","",""
"126","211","1","2","1","21","7E001487CF69270000007E91754408260742D39F42","126","1775208212","3900.0","","","","","","","","211","17055","True","2026-04-03 09:23:32+00:00","0.0","0.0","982.2733154296875","33.787139892578125","","","","","","",""
"129","211","1","2","1","21","81005788CF6927000000A5427544C0300442D399C6","129","1775208535","3900.0","","","","","","","","211","50841","True","2026-04-03 09:28:55+00:00","0.0","0.0","981.0413208007812","33.047607421875","","","","","","",""
"132","211","1","2","1","21","8400A089CF6927000000D04F754444180242D39401","132","1775208864","3900.0","","","","","","","","211","404","True","2026-04-03 09:34:24+00:00","0.0","0.0","981.2470703125","32.52369689941406","","","","","","",""
"134","211","1","2","1","21","8600D38ACF6927000000958675448E780242D36E78","134","1775209171","3900.0","","","","","","","","211","30830","True","2026-04-03 09:39:31+00:00","0.0","0.0","982.1028442382812","32.61772918701172","","","","","","",""
"137","211","1","2","1","21","8900068CCF692700000040D37544263D0442D320D8","137","1775209478","3900.0","","","","","","","","211","55328","True","2026-04-03 09:44:38+00:00","0.0","0.0","983.30078125","33.059715270996094","","","","","","",""
"139","211","1","2","1","21","8B00388DCF6927000000D6EF7544B5D90442D3A87C","139","1775209784","3900.0","","","","","","","","211","31912","True","2026-04-03 09:49:44+00:00","0.0","0.0","983.7474365234375","33.21260452270508","","","","","","",""
"142","211","1","2","1","21","8E00748ECF6927000000C6F27544FA4F0542D3F024","142","1775210100","3900.0","","","","","","","","211","9456","True","2026-04-03 09:55:00+00:00","0.0","0.0","983.7933349609375","33.328102111816406","","","","","","",""
"145","211","1","2","1","21","9100AA8FCF69270000009A0176442E570642D364F8","145","1775210410","3900.0","","","","","","","","211","63588","True","2026-04-03 10:00:10+00:00","0.0","0.0","984.0250244140625","33.58513641357422","","","","","","",""
"147","211","1","2","1","21","9300FD90CF69270000005AC97544C5E60542D3643E","147","1775210749","3900.0","","","","","","","","211","15972","True","2026-04-03 10:05:49+00:00","0.0","0.0","983.1461181640625","33.47536087036133","","","","","","",""
"150","211","1","2","1","21","96003492CF69270000005561754401B80342D3EB28","150","1775211060","3900.0","","","","","","","","211","10475","True","2026-04-03 10:11:00+00:00","0.0","0.0","981.5208129882812","32.929691314697266","","","","","","",""
"152","211","1","2","1","21","98006593CF69270000008629754444100142D327C7","152","1775211365","3900.0","","","","","","","","211","50983","True","2026-04-03 10:16:05+00:00","0.0","0.0","980.6488037109375","32.26588439941406","","","","","","",""
"155","211","1","2","1","21","9B00AC94CF69270000008A1A7544065BFB41D357AD","155","1775211692","3900.0","","","","","","","","211","44375","True","2026-04-03 10:21:32+00:00","0.0","0.0","980.4146728515625","31.419445037841797","","","","","","",""
"158","211","1","2","1","21","9E00F495CF692700000062207544ED3BF641D3DE07","158","1775212020","3900.0","","","","","","","","211","2014","True","2026-04-03 10:27:00+00:00","0.0","0.0","980.5059814453125","30.779260635375977","","","","","","",""
"160","211","1","2","1","21","A0002697CF69270000008B5675444E9CF041D366AC","160","1775212326","3900.0","","","","","","","","211","44134","True","2026-04-03 10:32:06+00:00","0.0","0.0","981.3522338867188","30.07632064819336","","","","","","",""
"163","211","1","2","1","21","A3006298CF6927000000F2DD75447051EA41D31F13","163","1775212642","3900.0","","","","","","","","211","4895","True","2026-04-03 10:37:22+00:00","0.0","0.0","983.4678955078125","29.289764404296875","","","","","","",""
"165","211","1","2","1","21","A5009E99CF6927000000E0E7754495AAE641D3FD9F","165","1775212958","3900.0","","","","","","","","211","40957","True","2026-04-03 10:42:38+00:00","0.0","0.0","983.623046875","28.83329200744629","","","","","","",""
"168","211","1","2","1","21","A800D39ACF6927000000539575440A5CE541D35926","168","1775213267","3900.0","","","","","","","","211","9817","True","2026-04-03 10:47:47+00:00","0.0","0.0","982.3331909179688","28.669940948486328","","","","","","",""
"171","211","1","2","1","21","AB001F9CCF6927000000A37575442309E341D33067","171","1775213599","3900.0","","","","","","","","211","26416","True","2026-04-03 10:53:19+00:00","0.0","0.0","981.8380737304688","28.37946128845215","","","","","","",""
"173","211","1","2","1","21","AD00599DCF69270000000E7C7544CAE4E141D3546E","173","1775213913","3900.0","","","","","","","","211","28244","True","2026-04-03 10:58:33+00:00","0.0","0.0","981.9383544921875","28.236713409423828","","","","","","",""
"176","211","1","2","1","21","B0009C9ECF6927000000DE877544CD7DE141D39711","176","1775214236","3900.0","","","","","","","","211","4503","True","2026-04-03 11:03:56+00:00","0.0","0.0","982.1229248046875","28.186426162719727","","","","","","",""
"178","211","1","2","1","21","B200D19FCF6927000000B39075448254E041D3F062","178","1775214545","3900.0","","","","","","","","211","25328","True","2026-04-03 11:09:05+00:00","0.0","0.0","982.2609252929688","28.041263580322266","","","","","","",""
"181","211","1","2","1","21","B50012A1CF6927000000189B7544431AE041D390CA","181","1775214866","3900.0","","","","","","","","211","51856","True","2026-04-03 11:14:26+00:00","0.0","0.0","982.42333984375","28.0128231048584","","","","","","",""
"184","211","1","2","1","21","B8004CA2CF6927000000669875449241DE41D3509F","184","1775215180","3900.0","","","","","","","","211","40784","True","2026-04-03 11:19:40+00:00","0.0","0.0","982.3812255859375","27.78201675415039","","","","","","",""
"186","211","1","2","1","21","BA0089A3CF6927000000B0987544C3BCDC41D3D8DE","186","1775215497","3900.0","","","","","","","","211","57048","True","2026-04-03 11:24:57+00:00","0.0","0.0","982.3857421875","27.5921688079834","","","","","","",""
"189","211","1","2","1","21","BD00C7A4CF692700000010A47544E57EDC41D3D8C5","189","1775215815","3900.0","","","","","","","","211","50648","True","2026-04-03 11:30:15+00:00","0.0","0.0","982.5634765625","27.561960220336914","","","","","","",""
"192","211","1","2","1","21","C00013A6CF69270000001AB675446680DB41D396EE","192","1775216147","3900.0","","","","","","","","211","61078","True","2026-04-03 11:35:47+00:00","0.0","0.0","982.8453369140625","27.437694549560547","","","","","","",""
"194","211","1","2","1","21","C2004AA7CF69270000004EC1754435D7DB41D37023","194","1775216458","3900.0","","","","","","","","211","9072","True","2026-04-03 11:40:58+00:00","0.0","0.0","983.0203857421875","27.48008155822754","","","","","","",""
"197","211","1","2","1","21","C5008AA8CF692700000042CC7544AE66DC41D38DC3","197","1775216778","3900.0","","","","","","","","211","50061","True","2026-04-03 11:46:18+00:00","0.0","0.0","983.1915283203125","27.55013656616211","","","","","","",""
"199","211","1","2","1","21","C700BBA9CF69270000007BDB75441A97DD41D3D440","199","1775217083","3900.0","","","","","","","","211","16596","True","2026-04-03 11:51:23+00:00","0.0","0.0","983.4293823242188","27.698780059814453","","","","","","",""
"202","211","1","2","1","21","CA0009ABCF692700000025F275449545E041D3CB2D","202","1775217417","3900.0","","","","","","","","211","11723","True","2026-04-03 11:56:57+00:00","0.0","0.0","983.7835083007812","28.03397560119629","","","","","","",""
"205","211","1","2","1","21","CD003EACCF69270000009B017644BA39E241D33144","205","1775217726","3900.0","","","","","","","","211","17457","True","2026-04-03 12:02:06+00:00","0.0","0.0","984.0250854492188","28.278186798095703","","","","","","",""
"207","211","1","2","1","21","CF0080ADCF69270000001A1A76446DAFE641D327A5","207","1775218048","3900.0","","","","","","","","211","42279","True","2026-04-03 12:07:28+00:00","0.0","0.0","984.4078369140625","28.835657119750977","","","","","","",""
"210","211","1","2","1","21","D200CDAECF69270000008635764455ABEC41D3722F","210","1775218381","3900.0","","","","","","","","211","12146","True","2026-04-03 12:13:01+00:00","0.0","0.0","984.8363037109375","29.58365821838379","","","","","","",""
"213","211","1","2","1","21","D5000AB0CF692700000005FA7644F64EFB41D37467","213","1775218698","3900.0","","","","","","","","211","26484","True","2026-04-03 12:18:18+00:00","0.0","0.0","987.9065551757812","31.413555145263672","","","","","","",""
"215","211","1","2","1","21","D70054B1CF6927000000DBE8774466090942D3DDEB","215","1775219028","3900.0","","","","","","","","211","60381","True","2026-04-03 12:23:48+00:00","0.0","0.0","991.6383666992188","34.259178161621094","","","","","","",""
"218","211","1","2","1","21","DA0094B2CF6927000000B51F784425B21542D3FA20","218","1775219348","3900.0","","","","","","","","211","8442","True","2026-04-03 12:29:08+00:00","0.0","0.0","992.4954223632812","37.42396926879883","","","","","","",""
"220","211","1","2","1","21","DC00C5B3CF69270000004BE8764462701542D34AED","220","1775219653","3900.0","","","","","","","","211","60746","True","2026-04-03 12:34:13+00:00","0.0","0.0","987.6295776367188","37.35974884033203","","","","","","",""
"223","211","1","2","1","21","DF00FCB4CF69270000003A7D7544C5DC0E42D3B309","223","1775219964","3900.0","","","","","","","","211","2483","True","2026-04-03 12:39:24+00:00","0.0","0.0","981.9566650390625","35.71559524536133","","","","","","",""
"226","211","1","2","1","21","E20048B6CF692700000028AD7444C0B60642D3122E","226","1775220296","3900.0","","","","","","","","211","11794","True","2026-04-03 12:44:56+00:00","0.0","0.0","978.70556640625","33.678466796875","","","","","","",""
"228","211","1","2","1","21","E40082B7CF692700000000847444D8F40142D39FE0","228","1775220610","3900.0","","","","","","","","211","57503","True","2026-04-03 12:50:10+00:00","0.0","0.0","978.0625","32.489105224609375","","","","","","",""
"231","211","1","2","1","21","E700CEB8CF6927000000F694744420CFFA41D3316D","231","1775220942","3900.0","","","","","","","","211","27953","True","2026-04-03 12:55:42+00:00","0.0","0.0","978.3275146484375","31.35113525390625","","","","","","",""
"233","211","1","2","1","21","E900FFB9CF69270000007AAE7444E27DF441D34B2E","233","1775221247","3900.0","","","","","","","","211","11851","True","2026-04-03 13:00:47+00:00","0.0","0.0","978.7261962890625","30.561466217041016","","","","","","",""
"236","211","1","2","1","21","EC0048BBCF6927000000CDC974443094EE41D36268","236","1775221576","3900.0","","","","","","","","211","26722","True","2026-04-03 13:06:16+00:00","0.0","0.0","979.1531372070312","29.822357177734375","","","","","","",""
"239","211","1","2","1","21","EF0082BCCF6927000000D5DF74441D57EA41D32D46","239","1775221890","3900.0","","","","","","","","211","17965","True","2026-04-03 13:11:30+00:00","0.0","0.0","979.4973754882812","29.29253578186035","","","","","","",""
"241","211","1","2","1","21","F100BDBDCF69270000008DFE7444E635E541D3962F","241","1775222205","3900.0","","","","","","","","211","12182","True","2026-04-03 13:16:45+00:00","0.0","0.0","979.9773559570312","28.651317596435547","","","","","","",""
"244","211","1","2","1","21","F400F6BECF6927000000DB0E7544EEF1E141D3129B","244","1775222518","3900.0","","","","","","","","211","39698","True","2026-04-03 13:21:58+00:00","0.0","0.0","980.2321166992188","28.24312973022461","","","","","","",""
"246","211","1","2","1","21","F60029C0CF6927000000E2207544C560DF41D3D535","246","1775222825","3900.0","","","","","","","","211","13781","True","2026-04-03 13:27:05+00:00","0.0","0.0","980.5137939453125","27.922250747680664","","","","","","",""
"249","211","1","2","1","21","F90073C1CF6927000000A04A75448A58DE41D3F098","249","1775223155","3900.0","","","","","","","","211","39152","True","2026-04-03 13:32:35+00:00","0.0","0.0","981.166015625","27.793231964111328","","","","","","",""
"252","211","1","2","1","21","FC00AEC2CF6927000000455D7544CD5FDD41D3FC10","252","1775223470","3900.0","","","","","","","","211","4348","True","2026-04-03 13:37:50+00:00","0.0","0.0","981.4573364257812","27.671777725219727","","","","","","",""
"254","211","1","2","1","21","FE00E2C3CF6927000000BB5975446092DA41D384C4","254","1775223778","3900.0","","","","","","","","211","50308","True","2026-04-03 13:42:58+00:00","0.0","0.0","981.4020385742188","27.32147216796875","","","","","","",""
"257","211","1","2","1","21","01012DC5CF69270000007E5E754493E2D741D3D8A1","257","1775224109","3900.0","","","","","","","","211","41432","True","2026-04-03 13:48:29+00:00","0.0","0.0","981.4764404296875","26.985631942749023","","","","","","",""
"260","211","1","2","1","21","04015CC6CF692700000075677544FA41D641D32479","260","1775224412","3900.0","","","","","","","","211","31012","True","2026-04-03 13:53:32+00:00","0.0","0.0","981.6165161132812","26.782215118408203","","","","","","",""
"262","211","1","2","1","21","06019AC7CF6927000000B6767544A3F9D441D32B87","262","1775224730","3900.0","","","","","","","","211","34603","True","2026-04-03 13:58:50+00:00","0.0","0.0","981.8548583984375","26.62189292907715","","","","","","",""
"265","211","1","2","1","21","0901D3C8CF6927000000088075440E24D441D3FCD4","265","1775225043","3900.0","","","","","","","","211","54524","True","2026-04-03 14:04:03+00:00","0.0","0.0","982.00048828125","26.51760482788086","","","","","","",""
"267","211","1","2","1","21","0B0111CACF692700000020807544AA9DD241D3250C","267","1775225361","3900.0","","","","","","","","211","3109","True","2026-04-03 14:09:21+00:00","0.0","0.0","982.001953125","26.326984405517578","","","","","","",""
"270","211","1","2","1","21","0E0160CBCF6927000000137B7544684BD141D3719B","270","1775225696","3900.0","","","","","","","","211","39793","True","2026-04-03 14:14:56+00:00","0.0","0.0","981.9230346679688","26.161819458007812","","","","","","",""
"273","211","1","2","1","21","1101A9CCCF6927000000207C7544C266D041D3003D","273","1775226025","3900.0","","","","","","","","211","15616","True","2026-04-03 14:20:25+00:00","0.0","0.0","981.939453125","26.050174713134766","","","","","","",""
"275","211","1","2","1","21","1301DFCDCF6927000000F58275443243CF41D3BACD","275","1775226335","3900.0","","","","","","","","211","52666","True","2026-04-03 14:25:35+00:00","0.0","0.0","982.0462036132812","25.90781021118164","","","","","","",""
"278","211","1","2","1","21","160125CFCF692700000022937544BE2DCE41D3120A","278","1775226661","3900.0","","","","","","","","211","2578","True","2026-04-03 14:31:01+00:00","0.0","0.0","982.2989501953125","25.772335052490234","","","","","","",""
"281","211","1","2","1","21","190151D0CF6927000000A59D754435B9CC41D385DF","281","1775226961","3900.0","","","","","","","","211","57221","True","2026-04-03 14:36:01+00:00","0.0","0.0","982.4631958007812","25.59043312072754","","","","","","",""
"283","211","1","2","1","21","1B0194D1CF6927000000ABA57544EEA7CB41D3D9CC","283","1775227284","3900.0","","","","","","","","211","52441","True","2026-04-03 14:41:24+00:00","0.0","0.0","982.5885620117188","25.45699691772461","","","","","","",""
"286","211","1","2","1","21","1E01D4D2CF692700000073AF75441E80CA41D383AF","286","1775227604","3900.0","","","","","","","","211","44931","True","2026-04-03 14:46:44+00:00","0.0","0.0","982.7413940429688","25.312557220458984","","","","","","",""
"289","211","1","2","1","21","210113D4CF6927000000A5B97544F6D2C941D31CC3","289","1775227923","3900.0","","","","","","","","211","49948","True","2026-04-03 14:52:03+00:00","0.0","0.0","982.9006958007812","25.228008270263672","","","","","","",""
"291","211","1","2","1","21","230156D5CF692700000046C47544838ACA41D38BF7","291","1775228246","3900.0","","","","","","","","211","63371","True","2026-04-03 14:57:26+00:00","0.0","0.0","983.0667724609375","25.3176326751709","","","","","","",""
"294","211","1","2","1","21","26018FD6CF69270000009BCD7544B2E1CA41D3E4DD","294","1775228559","3900.0","","","","","","","","211","56804","True","2026-04-03 15:02:39+00:00","0.0","0.0","983.2125854492188","25.36020278930664","","","","","","",""
"296","211","1","2","1","21","2801C5D7CF69270000003ED17544355ACA41D36536","296","1775228869","3900.0","","","","","","","","211","13925","True","2026-04-03 15:07:49+00:00","0.0","0.0","983.2694091796875","25.29404640197754","","","","","","",""
"299","211","1","2","1","21","2B0110D9CF69270000002ED6754428CACA41D36527","299","1775229200","3900.0","","","","","","","","211","10085","True","2026-04-03 15:13:20+00:00","0.0","0.0","983.3465576171875","25.348709106445312","","","","","","",""
"302","211","1","2","1","21","2E014EDACF692700000092D875442270CB41D32452","302","1775229518","3900.0","","","","","","","","211","21028","True","2026-04-03 15:18:38+00:00","0.0","0.0","983.3839111328125","25.429752349853516","","","","","","",""
"304","211","1","2","1","21","300183DBCF6927000000D5D975449B69CB41D32625","304","1775229827","3900.0","","","","","","","","211","9510","True","2026-04-03 15:23:47+00:00","0.0","0.0","983.4036254882812","25.426565170288086","","","","","","",""
"307","211","1","2","1","21","3301C8DCCF692700000023DE7544A27ECB41D36A96","307","1775230152","3900.0","","","","","","","","211","38506","True","2026-04-03 15:29:12+00:00","0.0","0.0","983.4708862304688","25.436832427978516","","","","","","",""
"309","211","1","2","1","21","350105DECF6927000000ABE775443BCECC41D35A1D","309","1775230469","3900.0","","","","","","","","211","7514","True","2026-04-03 15:34:29+00:00","0.0","0.0","983.6198120117188","25.600698471069336","","","","","","",""
"312","211","1","2","1","21","380141DFCF69270000003DEE7544D2E9CC41D31292","312","1775230785","3900.0","","","","","","","","211","37394","True","2026-04-03 15:39:45+00:00","0.0","0.0","983.7224731445312","25.61417007446289","","","","","","",""
"315","211","1","2","1","21","3B0175E0CF6927000000EDED754436BACA41D33008","315","1775231093","3900.0","","","","","","","","211","2096","True","2026-04-03 15:44:53+00:00","0.0","0.0","983.7175903320312","25.340923309326172","","","","","","",""
"317","211","1","2","1","21","3D01BBE1CF6927000000D0EF75441B1AC841D30BA1","317","1775231419","3900.0","","","","","","","","211","41227","True","2026-04-03 15:50:19+00:00","0.0","0.0","983.7470703125","25.012746810913086","","","","","","",""
"320","211","1","2","1","21","4001EBE2CF6927000000A5F775445DDBC741D35B72","320","1775231723","3900.0","","","","","","","","211","29275","True","2026-04-03 15:55:23+00:00","0.0","0.0","983.8694458007812","24.98211097717285","","","","","","",""
"322","211","1","2","1","21","420127E4CF69270000000A017644ADE8C741D3D64F","322","1775232039","3900.0","","","","","","","","211","20438","True","2026-04-03 16:00:39+00:00","0.0","0.0","984.0162353515625","24.988611221313477","","","","","","",""
"325","211","1","2","1","21","45017FE5CF6927000000300676444EA8C741D3385B","325","1775232383","3900.0","","","","","","","","211","23352","True","2026-04-03 16:06:23+00:00","0.0","0.0","984.0966796875","24.95718002319336","","","","","","",""
"328","211","1","2","1","21","4801BCE6CF69270000004D07764430C5C741D3200C","328","1775232700","3900.0","","","","","","","","211","3104","True","2026-04-03 16:11:40+00:00","0.0","0.0","984.1140747070312","24.971282958984375","","","","","","",""
"330","211","1","2","1","21","4A01EFE7CF692700000020097644208EC741D3E613","330","1775233007","3900.0","","","","","","","","211","5094","True","2026-04-03 16:16:47+00:00","0.0","0.0","984.142578125","24.94439697265625","","","","","","",""
"333","211","1","2","1","21","4D012FE9CF6927000000420F7644461EC741D384DC","333","1775233327","3900.0","","","","","","","","211","56452","True","2026-04-03 16:22:07+00:00","0.0","0.0","984.2384033203125","24.889781951904297","","","","","","",""
"336","211","1","2","1","21","500166EACF69270000005D1476449152C641D3458B","336","1775233638","3900.0","","","","","","","","211","35653","True","2026-04-03 16:27:18+00:00","0.0","0.0","984.3181762695312","24.790315628051758","","","","","","",""
"338","211","1","2","1","21","52019DEBCF69270000006E187644A329C641D3B14F","338","1775233949","3900.0","","","","","","","","211","20401","True","2026-04-03 16:32:29+00:00","0.0","0.0","984.3817138671875","24.77033042907715","","","","","","",""
"341","211","1","2","1","21","5501ECECCF6927000000A31E764453E7C541D3BF1E","341","1775234284","3900.0","","","","","","","","211","7871","True","2026-04-03 16:38:04+00:00","0.0","0.0","984.4786987304688","24.737951278686523","","","","","","",""
"343","211","1","2","1","21","570125EECF6927000000732576449AEFC541D3D6D0","343","1775234597","3900.0","","","","","","","","211","53462","True","2026-04-03 16:43:17+00:00","0.0","0.0","984.5851440429688","24.741992950439453","","","","","","",""
"346","211","1","2","1","21","5A016EEFCF6927000000122A7644FD20C641D3283A","346","1775234926","3900.0","","","","","","","","211","14888","True","2026-04-03 16:48:46+00:00","0.0","0.0","984.6573486328125","24.7661075592041","","","","","","",""
"348","211","1","2","1","21","5C0193F0CF69270000001D2C7644B8E8C541D3DABF","348","1775235219","3900.0","","","","","","","","211","49114","True","2026-04-03 16:53:39+00:00","0.0","0.0","984.6892700195312","24.738632202148438","","","","","","",""
"351","211","1","2","1","21","5F01D3F1CF6927000000ED2E76441A85C541D38688","351","1775235539","3900.0","","","","","","","","211","34950","True","2026-04-03 16:58:59+00:00","0.0","0.0","984.7332153320312","24.689990997314453","","","","","","",""
"354","211","1","2","1","21","62011BF3CF6927000000FD3176446A2DC541D39154","354","1775235867","3900.0","","","","","","","","211","21649","True","2026-04-03 17:04:27+00:00","0.0","0.0","984.7810668945312","24.647174835205078","","","","","","",""
"356","211","1","2","1","21","64014AF4CF6927000000FB35764442D6C441D3F747","356","1775236170","3900.0","","","","","","","","211","18423","True","2026-04-03 17:09:30+00:00","0.0","0.0","984.8434448242188","24.604618072509766","","","","","","",""
"359","211","1","2","1","21","670195F5CF6927000000A53F7644A800C541D344D5","359","1775236501","3900.0","","","","","","","","211","54596","True","2026-04-03 17:15:01+00:00","0.0","0.0","984.9944458007812","24.625320434570312","","","","","","",""
"362","211","1","2","1","21","6A01E2F6CF69270000005D4B764461F5C541D3A529","362","1775236834","3900.0","","","","","","","","211","10661","True","2026-04-03 17:20:34+00:00","0.0","0.0","985.1775512695312","24.744813919067383","","","","","","",""
"364","211","1","2","1","21","6C010CF8CF6927000000A35076441DEFC641D33D7D","364","1775237132","3900.0","","","","","","","","211","32061","True","2026-04-03 17:25:32+00:00","0.0","0.0","985.2599487304688","24.86675453186035","","","","","","",""
"367","211","1","2","1","21","6F0152F9CF69270000006B4E7644E094C741D3073B","367","1775237458","3900.0","","","","","","","","211","15111","True","2026-04-03 17:30:58+00:00","0.0","0.0","985.2252807617188","24.94769287109375","","","","","","",""
"369","211","1","2","1","21","710187FACF69270000003A4876445A2CC741D30329","369","1775237767","3900.0","","","","","","","","211","10499","True","2026-04-03 17:36:07+00:00","0.0","0.0","985.1285400390625","24.896656036376953","","","","","","",""
"372","211","1","2","1","21","7401D3FBCF6927000000AD4376449ACCC741D3B00E","372","1775238099","3900.0","","","","","","","","211","3760","True","2026-04-03 17:41:39+00:00","0.0","0.0","985.0574340820312","24.974903106689453","","","","","","",""
"375","211","1","2","1","21","770110FDCF6927000000BD3C7644DA39C841D34021","375","1775238416","3900.0","","","","","","","","211","8512","True","2026-04-03 17:46:56+00:00","0.0","0.0","984.9490356445312","25.028247833251953","","","","","","",""
"377","211","1","2","1","21","790152FECF6927000000DD357644E002CA41D30953","377","1775238738","3900.0","","","","","","","","211","21257","True","2026-04-03 17:52:18+00:00","0.0","0.0","984.8416137695312","25.25140380859375","","","","","","",""
"380","211","1","2","1","21","7C019CFFCF69270000001A2C7644636BCA41D3A753","380","1775239068","3900.0","","","","","","","","211","21415","True","2026-04-03 17:57:48+00:00","0.0","0.0","984.6890869140625","25.30243492126465","","","","","","",""
"382","211","1","2","1","21","7E01DD00D06927000000662576447233C941D33A5E","382","1775239389","3900.0","","","","","","","","211","24122","True","2026-04-03 18:03:09+00:00","0.0","0.0","984.5843505859375","25.15011978149414","","","","","","",""
"385","211","1","2","1","21","81011902D069270000001B2076440D8FC741D3671C","385","1775239705","3900.0","","","","","","","","211","7271","True","2026-04-03 18:08:25+00:00","0.0","0.0","984.5016479492188","24.944849014282227","","","","","","",""
"388","211","1","2","1","21","84016603D06927000000B82176446EC1C641D3DBF3","388","1775240038","3900.0","","","","","","","","211","62427","True","2026-04-03 18:13:58+00:00","0.0","0.0","984.52685546875","24.84444808959961","","","","","","",""
"390","211","1","2","1","21","86019704D06927000000B52776445E9CC641D31D13","390","1775240343","3900.0","","","","","","","","211","4893","True","2026-04-03 18:19:03+00:00","0.0","0.0","984.6204223632812","24.826351165771484","","","","","","",""
"393","211","1","2","1","21","8901DA05D06927000000F22A76444A85C641D3FC60","393","1775240666","3900.0","","","","","","","","211","24828","True","2026-04-03 18:24:26+00:00","0.0","0.0","984.6710205078125","24.815082550048828","","","","","","",""
"395","211","1","2","1","21","8B011407D06927000000532676445C3DC641D3CDBE","395","1775240980","3900.0","","","","","","","","211","48845","True","2026-04-03 18:29:40+00:00","0.0","0.0","984.5988159179688","24.77996063232422","","","","","","",""
"398","211","1","2","1","21","8E015208D069270000004A227644405BC641D3EA24","398","1775241298","3900.0","","","","","","","","211","9450","True","2026-04-03 18:34:58+00:00","0.0","0.0","984.5357666015625","24.7945556640625","","","","","","",""
"401","211","1","2","1","21","9101A309D0692700000036237644DB5AC641D38649","401","1775241635","3900.0","","","","","","","","211","18822","True","2026-04-03 18:40:35+00:00","0.0","0.0","984.5501708984375","24.794363021850586","","","","","","",""
"403","211","1","2","1","21","9301D50AD06927000000AE2676443EA6C641D3B670","403","1775241941","3900.0","","","","","","","","211","28854","True","2026-04-03 18:45:41+00:00","0.0","0.0","984.6043701171875","24.831172943115234","","","","","","",""
"406","211","1","2","1","21","9601300CD069270000001E277644C3EDC641D3A5A3","406","1775242288","3900.0","","","","","","","","211","41893","True","2026-04-03 18:51:28+00:00","0.0","0.0","984.6112060546875","24.8660945892334","","","","","","",""
"408","211","1","2","1","21","98015F0DD069270000008B23764435A4C641D3D235","408","1775242591","3900.0","","","","","","","","211","13778","True","2026-04-03 18:56:31+00:00","0.0","0.0","984.5553588867188","24.83017921447754","","","","","","",""
"411","211","1","2","1","21","9B019A0ED069270000000B1C76442D7BC641D3CF2E","411","1775242906","3900.0","","","","","","","","211","11983","True","2026-04-03 19:01:46+00:00","0.0","0.0","984.4381713867188","24.810144424438477","","","","","","",""
"414","211","1","2","1","21","9E01EA0FD069270000005D1176447AA3C641D30115","414","1775243242","3900.0","","","","","","","","211","5377","True","2026-04-03 19:07:22+00:00","0.0","0.0","984.2713012695312","24.829822540283203","","","","","","",""
"416","211","1","2","1","21","A0011C11D06927000000FA0A76443B9BC641D3425B","416","1775243548","3900.0","","","","","","","","211","23362","True","2026-04-03 19:12:28+00:00","0.0","0.0","984.1715087890625","24.825796127319336","","","","","","",""
"419","211","1","2","1","21","A3016812D0692700000008097644E663C641D3EDCE","419","1775243880","3900.0","","","","","","","","211","52973","True","2026-04-03 19:18:00+00:00","0.0","0.0","984.14111328125","24.798778533935547","","","","","","",""
"421","211","1","2","1","21","A5019913D069270000003A087644B8DEC541D30F06","421","1775244185","3900.0","","","","","","","","211","1551","True","2026-04-03 19:23:05+00:00","0.0","0.0","984.1285400390625","24.733749389648438","","","","","","",""
"424","211","1","2","1","21","A801D514D06927000000D0047644FE8EC541D35CC4","424","1775244501","3900.0","","","","","","","","211","50268","True","2026-04-03 19:28:21+00:00","0.0","0.0","984.0751953125","24.694820404052734","","","","","","",""
"427","211","1","2","1","21","AB011A16D0692700000055FE7544E0D1C441D39D1A","427","1775244826","3900.0","","","","","","","","211","6813","True","2026-04-03 19:33:46+00:00","0.0","0.0","983.9739379882812","24.60247802734375","","","","","","",""
"429","211","1","2","1","21","AD015617D0692700000013FC7544E95BC441D33D7D","429","1775245142","3900.0","","","","","","","","211","32061","True","2026-04-03 19:39:02+00:00","0.0","0.0","983.9386596679688","24.544878005981445","","","","","","",""
"432","211","1","2","1","21","B001A118D06927000000A20076443E12C441D31303","432","1775245473","3900.0","","","","","","","","211","787","True","2026-04-03 19:44:33+00:00","0.0","0.0","984.0098876953125","24.508907318115234","","","","","","",""
"435","211","1","2","1","21","B301D719D06927000000BB0B7644CAF2C341D3DB11","435","1775245783","3900.0","","","","","","","","211","4571","True","2026-04-03 19:49:43+00:00","0.0","0.0","984.1832885742188","24.493549346923828","","","","","","",""
"437","211","1","2","1","21","B501161BD06927000000851B7644E815C541D3CDBC","437","1775246102","3900.0","","","","","","","","211","48333","True","2026-04-03 19:55:02+00:00","0.0","0.0","984.4299926757812","24.635696411132812","","","","","","",""
"440","211","1","2","1","21","B801491CD06927000000F82276440502C741D37695","440","1775246409","3900.0","","","","","","","","211","38262","True","2026-04-03 20:00:09+00:00","0.0","0.0","984.54638671875","24.875986099243164","","","","","","",""
"442","211","1","2","1","21","BA018D1DD069270000002A297644391DCA41D349F3","442","1775246733","3900.0","","","","","","","","211","62281","True","2026-04-03 20:05:33+00:00","0.0","0.0","984.6431884765625","25.26426887512207","","","","","","",""
"445","211","1","2","1","21","BD01DB1ED069270000009E217644612CCB41D3A596","445","1775247067","3900.0","","","","","","","","211","38565","True","2026-04-03 20:11:07+00:00","0.0","0.0","984.5252685546875","25.396669387817383","","","","","","",""
"448","211","1","2","1","21","C0011A20D06927000000081876448DFDCA41D377DD","448","1775247386","3900.0","","","","","","","","211","56695","True","2026-04-03 20:16:26+00:00","0.0","0.0","984.37548828125","25.373804092407227","","","","","","",""
"450","211","1","2","1","21","C2016521D06927000000AE0E76448052CA41D3AE96","450","1775247717","3900.0","","","","","","","","211","38574","True","2026-04-03 20:21:57+00:00","0.0","0.0","984.2293701171875","25.290283203125","","","","","","",""
"453","211","1","2","1","21","C5019D22D06927000000680B7644FDA6CA41D3FEF2","453","1775248029","3900.0","","","","","","","","211","62206","True","2026-04-03 20:27:09+00:00","0.0","0.0","984.17822265625","25.3315372467041","","","","","","",""
"456","211","1","2","1","21","C801E123D06927000000120776444224CC41D3B85E","456","1775248353","3900.0","","","","","","","","211","24248","True","2026-04-03 20:32:33+00:00","0.0","0.0","984.1104736328125","25.517704010009766","","","","","","",""
"458","211","1","2","1","21","CA012125D0692700000010007644EDD2CD41D3167B","458","1775248673","3900.0","","","","","","","","211","31510","True","2026-04-03 20:37:53+00:00","0.0","0.0","984.0009765625","25.727991104125977","","","","","","",""
"461","211","1","2","1","21","CD016626D0692700000086F875441BE2CE41D39519","461","1775248998","3900.0","","","","","","","","211","6549","True","2026-04-03 20:43:18+00:00","0.0","0.0","983.8831787109375","25.860403060913086","","","","","","",""
"463","211","1","2","1","21","CF019E27D06927000000DEE975445539CD41D3825E","463","1775249310","3900.0","","","","","","","","211","24194","True","2026-04-03 20:48:30+00:00","0.0","0.0","983.6541748046875","25.65299415588379","","","","","","",""
"466","211","1","2","1","21","D201DE28D06927000000DAE475444D08CE41D30EA6","466","1775249630","3900.0","","","","","","","","211","42510","True","2026-04-03 20:53:50+00:00","0.0","0.0","983.5758056640625","25.754053115844727","","","","","","",""
"469","211","1","2","1","21","D5011F2AD0692700000050DB75440516CD41D34A78","469","1775249951","3900.0","","","","","","","","211","30794","True","2026-04-03 20:59:11+00:00","0.0","0.0","983.4267578125","25.635751724243164","","","","","","",""
"471","211","1","2","1","21","D7016C2BD0692700000036C9754447E5C941D3558A","471","1775250284","3900.0","","","","","","","","211","35413","True","2026-04-03 21:04:44+00:00","0.0","0.0","983.1439208984375","25.23695182800293","","","","","","",""
"474","211","1","2","1","21","DA01B72CD069270000004ABB75446959C841D361AB","474","1775250615","3900.0","","","","","","","","211","43873","True","2026-04-03 21:10:15+00:00","0.0","0.0","982.9263916015625","25.043657302856445","","","","","","",""
"477","211","1","2","1","21","DD01E12DD06927000000D5B57544FB32C741D3EFDE","477","1775250913","3900.0","","","","","","","","211","57071","True","2026-04-03 21:15:13+00:00","0.0","0.0","982.8411254882812","24.899892807006836","","","","","","",""
"479","211","1","2","1","21","DF011C2FD0692700000025B97544314CC641D33BEB","479","1775251228","3900.0","","","","","","","","211","60219","True","2026-04-03 21:20:28+00:00","0.0","0.0","982.8928833007812","24.787202835083008","","","","","","",""
"482","211","1","2","1","21","E2015A30D069270000007BC57544BDD2C541D33FB7","482","1775251546","3900.0","","","","","","","","211","46911","True","2026-04-03 21:25:46+00:00","0.0","0.0","983.0856323242188","24.7278995513916","","","","","","",""
"485","211","1","2","1","21","E501AC31D06927000000D6D07544C650C541D3191F","485","1775251884","3900.0","","","","","","","","211","7961","True","2026-04-03 21:31:24+00:00","0.0","0.0","983.2630615234375","24.664440155029297","","","","","","",""
"487","211","1","2","1","21","E701E332D0692700000063CE7544ADF8C441D38EE4","487","1775252195","3900.0","","","","","","","","211","58510","True","2026-04-03 21:36:35+00:00","0.0","0.0","983.2247924804688","24.621423721313477","","","","","","",""
"490","211","1","2","1","21","EA012634D0692700000056C77544525AC441D31B7E","490","1775252518","3900.0","","","","","","","","211","32283","True","2026-04-03 21:41:58+00:00","0.0","0.0","983.1146240234375","24.54410171508789","","","","","","",""
"493","211","1","2","1","21","ED017735D06927000000CDBE75449E71C341D3678F","493","1775252855","3900.0","","","","","","","","211","36711","True","2026-04-03 21:47:35+00:00","0.0","0.0","982.9812622070312","24.430477142333984","","","","","","",""
"495","211","1","2","1","21","EF01B736D06927000000D8BB754471C1C241D3A1B7","495","1775253175","3900.0","","","","","","","","211","47009","True","2026-04-03 21:52:55+00:00","0.0","0.0","982.93505859375","24.344453811645508","","","","","","",""
"498","211","1","2","1","21","F2010438D069270000002ABF75447F38C241D320CD","498","1775253508","3900.0","","","","","","","","211","52512","True","2026-04-03 21:58:28+00:00","0.0","0.0","982.9869384765625","24.277585983276367","","","","","","",""
"500","211","1","2","1","21","F4012539D0692700000038C07544FE6FC141D374A4","500","1775253797","3900.0","","","","","","","","211","42100","True","2026-04-03 22:03:17+00:00","0.0","0.0","983.00341796875","24.179683685302734","","","","","","",""
"503","211","1","2","1","21","F701613AD06927000000A3BD7544192FC141D36E39","503","1775254113","3900.0","","","","","","","","211","14702","True","2026-04-03 22:08:33+00:00","0.0","0.0","982.9630737304688","24.14799690246582","","","","","","",""
"506","211","1","2","1","21","FA01953BD0692700000052B875448B30C041D37753","506","1775254421","3900.0","","","","","","","","211","21367","True","2026-04-03 22:13:41+00:00","0.0","0.0","982.8800048828125","24.02370262145996","","","","","","",""
"508","211","1","2","1","21","FC01DE3CD06927000000CEB775441EAFBF41D3D172","508","1775254750","3900.0","","","","","","","","211","29393","True","2026-04-03 22:19:10+00:00","0.0","0.0","982.8719482421875","23.960506439208984","","","","","","",""
"511","211","1","2","1","21","FF01223ED06927000000B8B87544E5CBBF41D33446","511","1775255074","3900.0","","","","","","","","211","17972","True","2026-04-03 22:24:34+00:00","0.0","0.0","982.88623046875","23.974557876586914","","","","","","",""
"514","211","1","2","1","21","0202653FD0692700000015B775449A8DBF41D3694F","514","1775255397","3900.0","","","","","","","","211","20329","True","2026-04-03 22:29:57+00:00","0.0","0.0","982.8606567382812","23.944141387939453","","","","","","",""
"516","211","1","2","1","21","0402B040D0692700000075B47544EEB8BE41D36EFD","516","1775255728","3900.0","","","","","","","","211","64878","True","2026-04-03 22:35:28+00:00","0.0","0.0","982.8196411132812","23.84029769897461","","","","","","",""
"519","211","1","2","1","21","0702E841D0692700000062B67544E2F2BE41D3B026","519","1775256040","3900.0","","","","","","","","211","9904","True","2026-04-03 22:40:40+00:00","0.0","0.0","982.8497314453125","23.868595123291016","","","","","","",""
"521","211","1","2","1","21","09022243D069270000007EB87544B66ABF41D398AC","521","1775256354","3900.0","","","","","","","","211","44184","True","2026-04-03 22:45:54+00:00","0.0","0.0","982.8826904296875","23.927104949951172","","","","","","",""
"524","211","1","2","1","21","0C026F44D0692700000038B5754475ADBF41D3AF92","524","1775256687","3900.0","","","","","","","","211","37551","True","2026-04-03 22:51:27+00:00","0.0","0.0","982.83154296875","23.95969581604004","","","","","","",""
"527","211","1","2","1","21","0F02A845D0692700000030AF7544A81DBF41D357D0","527","1775257000","3900.0","","","","","","","","211","53335","True","2026-04-03 22:56:40+00:00","0.0","0.0","982.7373046875","23.889480590820312","","","","","","",""
"529","211","1","2","1","21","1102F746D06927000000CBA67544F0A1BE41D3D538","529","1775257335","3900.0","","","","","","","","211","14549","True","2026-04-03 23:02:15+00:00","0.0","0.0","982.6061401367188","23.829071044921875","","","","","","",""
"532","211","1","2","1","21","14022648D0692700000030A175447570BE41D3FEF1","532","1775257638","3900.0","","","","","","","","211","61950","True","2026-04-03 23:07:18+00:00","0.0","0.0","982.5185546875","23.80491065979004","","","","","","",""
"534","211","1","2","1","21","16025349D069270000007E9C75445B19BE41D307AD","534","1775257939","3900.0","","","","","","","","211","44295","True","2026-04-03 23:12:19+00:00","0.0","0.0","982.4451904296875","23.762380599975586","","","","","","",""
"537","211","1","2","1","21","19028B4AD069270000005E967544B8FCBD41D3D77C","537","1775258251","3900.0","","","","","","","","211","31959","True","2026-04-03 23:17:31+00:00","0.0","0.0","982.3494873046875","23.748397827148438","","","","","","",""
"540","211","1","2","1","21","1C02D64BD069270000002D8E75442708BD41D3B243","540","1775258582","3900.0","","","","","","","","211","17330","True","2026-04-03 23:23:02+00:00","0.0","0.0","982.2214965820312","23.62898063659668","","","","","","",""
"542","211","1","2","1","21","1E020C4DD06927000000628B7544F29DBC41D3A3C9","542","1775258892","3900.0","","","","","","","","211","51619","True","2026-04-03 23:28:12+00:00","0.0","0.0","982.1778564453125","23.57712173461914","","","","","","",""
"545","211","1","2","1","21","2102504ED069270000004E907544D1D6BB41D33793","545","1775259216","3900.0","","","","","","","","211","37687","True","2026-04-03 23:33:36+00:00","0.0","0.0","982.2547607421875","23.479890823364258","","","","","","",""
"547","211","1","2","1","21","2302854FD069270000004A947544385DBB41D3BE91","547","1775259525","3900.0","","","","","","","","211","37310","True","2026-04-03 23:38:45+00:00","0.0","0.0","982.3170166015625","23.420516967773438","","","","","","",""
"550","211","1","2","1","21","2602CF50D06927000000839475442616BC41D3289F","550","1775259855","3900.0","","","","","","","","211","40744","True","2026-04-03 23:44:15+00:00","0.0","0.0","982.3204956054688","23.510814666748047","","","","","","",""
"553","211","1","2","1","21","29020C52D069270000004A907544789EBB41D361E6","553","1775260172","3900.0","","","","","","","","211","58977","True","2026-04-03 23:49:32+00:00","0.0","0.0","982.2545166015625","23.452377319335938","","","","","","",""
"555","211","1","2","1","21","2B025853D06927000000EE8A7544D627BC41D3448D","555","1775260504","3900.0","","","","","","","","211","36164","True","2026-04-03 23:55:04+00:00","0.0","0.0","982.1707763671875","23.519451141357422","","","","","","",""
"558","211","1","2","1","21","2E029D54D069270000008B857544D5D8BB41D377DE","558","1775260829","3900.0","","","","","","","","211","56951","True","2026-04-04 00:00:29+00:00","0.0","0.0","982.0866088867188","23.48087501525879","","","","","","",""
"561","211","1","2","1","21","3102DF55D06927000000E2827544E0CBB941D3AC89","561","1775261151","3900.0","","","","","","","","211","35244","True","2026-04-04 00:05:51+00:00","0.0","0.0","982.0450439453125","23.22454833984375","","","","","","",""
"563","211","1","2","1","21","33021457D069270000004B877544BAD9B841D3AF5B","563","1775261460","3900.0","","","","","","","","211","23471","True","2026-04-04 00:11:00+00:00","0.0","0.0","982.1139526367188","23.106311798095703","","","","","","",""
"566","211","1","2","1","21","36026B58D06927000000208975446AE0B741D3CEBD","566","1775261803","3900.0","","","","","","","","211","48590","True","2026-04-04 00:16:43+00:00","0.0","0.0","982.142578125","22.984577178955078","","","","","","",""
"569","211","1","2","1","21","3902A859D069270000008E947544767BB741D3F951","569","1775262120","3900.0","","","","","","","","211","20985","True","2026-04-04 00:22:00+00:00","0.0","0.0","982.3211669921875","22.935283660888672","","","","","","",""
"571","211","1","2","1","21","3B02D75AD069270000001B9E7544829FB741D3A548","571","1775262423","3900.0","","","","","","","","211","18597","True","2026-04-04 00:27:03+00:00","0.0","0.0","982.4703979492188","22.952884674072266","","","","","","",""
"574","211","1","2","1","21","3E02045CD06927000000229E75445173B841D332B1","574","1775262724","3900.0","","","","","","","","211","45362","True","2026-04-04 00:32:04+00:00","0.0","0.0","982.4708251953125","23.056306838989258","","","","","","",""
"577","211","1","2","1","21","4102445DD06927000000369A75441717B941D322E2","577","1775263044","3900.0","","","","","","","","211","57890","True","2026-04-04 00:37:24+00:00","0.0","0.0","982.4095458984375","23.136274337768555","","","","","","",""
"579","211","1","2","1","21","4302875ED06927000000069C7544AF45B941D3D3DF","579","1775263367","3900.0","","","","","","","","211","57299","True","2026-04-04 00:42:47+00:00","0.0","0.0","982.4378662109375","23.159025192260742","","","","","","",""
"582","211","1","2","1","21","4602D45FD069270000005D9F75447D82B941D3D5E7","582","1775263700","3900.0","","","","","","","","211","59349","True","2026-04-04 00:48:20+00:00","0.0","0.0","982.4900512695312","23.1887149810791","","","","","","",""
"584","211","1","2","1","21","48020561D06927000000E89F75448083B941D3C0F5","584","1775264005","3900.0","","","","","","","","211","62912","True","2026-04-04 00:53:25+00:00","0.0","0.0","982.49853515625","23.189208984375","","","","","","",""
"587","211","1","2","1","21","4B024662D06927000000869F75446088B941D3EE88","587","1775264326","3900.0","","","","","","","","211","35054","True","2026-04-04 00:58:46+00:00","0.0","0.0","982.4925537109375","23.19158935546875","","","","","","",""
"590","211","1","2","1","21","4E028D63D0692700000036A07544854CB941D3503D","590","1775264653","3900.0","","","","","","","","211","15696","True","2026-04-04 01:04:13+00:00","0.0","0.0","982.5032958984375","23.162363052368164","","","","","","",""
"592","211","1","2","1","21","5002C164D06927000000E6A075444039B941D37AF0","592","1775264961","3900.0","","","","","","","","211","61562","True","2026-04-04 01:09:21+00:00","0.0","0.0","982.5140380859375","23.1529541015625","","","","","","",""
"595","211","1","2","1","21","53020866D0692700000015A1754406CEB841D3AE86","595","1775265288","3900.0","","","","","","","","211","34478","True","2026-04-04 01:14:48+00:00","0.0","0.0","982.5169067382812","23.100597381591797","","","","","","",""
"598","211","1","2","1","21","56025B67D0692700000035A47544CEDFB841D36D5C","598","1775265627","3900.0","","","","","","","","211","23661","True","2026-04-04 01:20:27+00:00","0.0","0.0","982.5657348632812","23.10927963256836","","","","","","",""
"600","211","1","2","1","21","58028A68D06927000000A5A575440E00B941D35C04","600","1775265930","3900.0","","","","","","","","211","1116","True","2026-04-04 01:25:30+00:00","0.0","0.0","982.5881958007812","23.12502670288086","","","","","","",""
"603","211","1","2","1","21","5B02CD69D06927000000E0A27544E5B9B841D3BAD9","603","1775266253","3900.0","","","","","","","","211","55738","True","2026-04-04 01:30:53+00:00","0.0","0.0","982.544921875","23.090768814086914","","","","","","",""
"605","211","1","2","1","21","5D02FE6AD06927000000469F7544A0D1B741D3B356","605","1775266558","3900.0","","","","","","","","211","22195","True","2026-04-04 01:35:58+00:00","0.0","0.0","982.4886474609375","22.97735595703125","","","","","","",""
"608","211","1","2","1","21","60023F6CD069270000008EA07544DCDFB741D3423A","608","1775266879","3900.0","","","","","","","","211","14914","True","2026-04-04 01:41:19+00:00","0.0","0.0","982.5086669921875","22.98430633544922","","","","","","",""
"611","211","1","2","1","21","63027A6DD069270000005BA27544B4E6B741D39844","611","1775267194","3900.0","","","","","","","","211","17560","True","2026-04-04 01:46:34+00:00","0.0","0.0","982.5368041992188","22.987648010253906","","","","","","",""
"613","211","1","2","1","21","6502BA6ED06927000000C2A77544F6EEB941D3DE6D","613","1775267514","3900.0","","","","","","","","211","28126","True","2026-04-04 01:51:54+00:00","0.0","0.0","982.6212158203125","23.241680145263672","","","","","","",""
"616","211","1","2","1","21","68021270D0692700000026AB75446CECBA41D31DCC","616","1775267858","3900.0","","","","","","","","211","52253","True","2026-04-04 01:57:38+00:00","0.0","0.0","982.6741943359375","23.365440368652344","","","","","","",""
"619","211","1","2","1","21","6B025071D06927000000ADAA754498BCB941D31829","619","1775268176","3900.0","","","","","","","","211","10520","True","2026-04-04 02:02:56+00:00","0.0","0.0","982.6668090820312","23.217086791992188","","","","","","",""
"621","211","1","2","1","21","6D028F72D06927000000CAAC75447E74B841D37D78","621","1775268495","3900.0","","","","","","","","211","30845","True","2026-04-04 02:08:15+00:00","0.0","0.0","982.6998291015625","23.056880950927734","","","","","","",""
"624","211","1","2","1","21","7002E373D0692700000000B67544CD76B741D32AC4","624","1775268835","3900.0","","","","","","","","211","50218","True","2026-04-04 02:13:55+00:00","0.0","0.0","982.84375","22.933008193969727","","","","","","",""
"626","211","1","2","1","21","72020F75D0692700000042BB75445012B741D31183","626","1775269135","3900.0","","","","","","","","211","33553","True","2026-04-04 02:18:55+00:00","0.0","0.0","982.9259033203125","22.883941650390625","","","","","","",""
"629","211","1","2","1","21","75024D76D0692700000002BC75440AC9B641D3F242","629","1775269453","3900.0","","","","","","","","211","17138","True","2026-04-04 02:24:13+00:00","0.0","0.0","982.9376220703125","22.848163604736328","","","","","","",""
"632","211","1","2","1","21","7802A977D0692700000050BA754467D3B641D34F1A","632","1775269801","3900.0","","","","","","","","211","6735","True","2026-04-04 02:30:01+00:00","0.0","0.0","982.9111328125","22.85322380065918","","","","","","",""
"634","211","1","2","1","21","7A02CD78D0692700000080BC7544FEFCB641D3CC96","634","1775270093","3900.0","","","","","","","","211","38604","True","2026-04-04 02:34:53+00:00","0.0","0.0","982.9453125","22.873531341552734","","","","","","",""
"637","211","1","2","1","21","7D02007AD069270000005BC375447F51B741D36D02","637","1775270400","3900.0","","","","","","","","211","621","True","2026-04-04 02:40:00+00:00","0.0","0.0","983.0524291992188","22.914793014526367","","","","","","",""
"639","211","1","2","1","21","7F02397BD0692700000072C975445CB6B741D35A74","639","1775270713","3900.0","","","","","","","","211","29786","True","2026-04-04 02:45:13+00:00","0.0","0.0","983.1475830078125","22.96404266357422","","","","","","",""
"642","211","1","2","1","21","8202797CD0692700000013CE7544161EB841D3F9A1","642","1775271033","3900.0","","","","","","","","211","41465","True","2026-04-04 02:50:33+00:00","0.0","0.0","983.2199096679688","23.014690399169922","","","","","","",""
"645","211","1","2","1","21","8502C97DD0692700000006D67544E731B941D302A7","645","1775271369","3900.0","","","","","","","","211","42754","True","2026-04-04 02:56:09+00:00","0.0","0.0","983.3441162109375","23.14936637878418","","","","","","",""
"647","211","1","2","1","21","87020C7FD069270000003DE07544B81EBA41D3876C","647","1775271692","3900.0","","","","","","","","211","27783","True","2026-04-04 03:01:32+00:00","0.0","0.0","983.5037231445312","23.264999389648438","","","","","","",""
"650","211","1","2","1","21","8A024F80D069270000006DED7544550DBB41D3B84C","650","1775272015","3900.0","","","","","","","","211","19640","True","2026-04-04 03:06:55+00:00","0.0","0.0","983.7097778320312","23.38150978088379","","","","","","",""
"652","211","1","2","1","21","8C028581D069270000007AF275442B78BB41D37904","652","1775272325","3900.0","","","","","","","","211","1145","True","2026-04-04 03:12:05+00:00","0.0","0.0","983.7886962890625","23.43367576599121","","","","","","",""
"655","211","1","2","1","21","8F02C082D06927000000A6F47544B13DBD41D34933","655","1775272640","3900.0","","","","","","","","211","13129","True","2026-04-04 03:17:20+00:00","0.0","0.0","983.8226318359375","23.655122756958008","","","","","","",""
"657","211","1","2","1","21","9102E383D069270000008BF57544844EBE41D376C3","657","1775272931","3900.0","","","","","","","","211","50038","True","2026-04-04 03:22:11+00:00","0.0","0.0","983.8366088867188","23.78833770751953","","","","","","",""
"660","211","1","2","1","21","94022785D0692700000016F87544CD49BF41D35B65","660","1775273255","3900.0","","","","","","","","211","25947","True","2026-04-04 03:27:35+00:00","0.0","0.0","983.8763427734375","23.911035537719727","","","","","","",""
"663","211","1","2","1","21","97027F86D06927000000280676446220C141D359B4","663","1775273599","3900.0","","","","","","","","211","46169","True","2026-04-04 03:33:19+00:00","0.0","0.0","984.09619140625","24.140811920166016","","","","","","",""
"665","211","1","2","1","21","9902B087D06927000000C81C76441972C341D3E4F9","665","1775273904","3900.0","","","","","","","","211","63972","True","2026-04-04 03:38:24+00:00","0.0","0.0","984.44970703125","24.43071174621582","","","","","","",""
"668","211","1","2","1","21","9C02EC88D069270000002A3776445E45C641D3DC78","668","1775274220","3900.0","","","","","","","","211","30940","True","2026-04-04 03:43:40+00:00","0.0","0.0","984.8619384765625","24.783870697021484","","","","","","",""
"670","211","1","2","1","21","9E02298AD06927000000A2557644E279CA41D33068","670","1775274537","3900.0","","","","","","","","211","26672","True","2026-04-04 03:48:57+00:00","0.0","0.0","985.3380126953125","25.309513092041016","","","","","","",""
"673","211","1","2","1","21","A1026C8BD0692700000055697644BE42D041D358CB","673","1775274860","3900.0","","","","","","","","211","52056","True","2026-04-04 03:54:20+00:00","0.0","0.0","985.6458129882812","26.032588958740234","","","","","","",""
"676","211","1","2","1","21","A402AB8CD069270000003A6B7644E060D341D35E79","676","1775275179","3900.0","","","","","","","","211","31070","True","2026-04-04 03:59:39+00:00","0.0","0.0","985.6754150390625","26.42230224609375","","","","","","",""
"678","211","1","2","1","21","A602F98DD069270000009265764415EDD541D31BDF","678","1775275513","3900.0","","","","","","","","211","57115","True","2026-04-04 04:05:13+00:00","0.0","0.0","985.5870361328125","26.74076271057129","","","","","","",""
"681","211","1","2","1","21","A9023F8FD06927000000164876447AE3D741D35D61","681","1775275839","3900.0","","","","","","","","211","24925","True","2026-04-04 04:10:39+00:00","0.0","0.0","985.1263427734375","26.986072540283203","","","","","","",""
"684","211","1","2","1","21","AC027A90D0692700000032167644BE16D741D3F371","684","1775276154","3900.0","","","","","","","","211","29171","True","2026-04-04 04:15:54+00:00","0.0","0.0","984.3468017578125","26.886104583740234","","","","","","",""
"686","211","1","2","1","21","AE02BB91D069270000006DEA75441893D541D31115","686","1775276475","3900.0","","","","","","","","211","5393","True","2026-04-04 04:21:15+00:00","0.0","0.0","983.6629028320312","26.696823120117188","","","","","","",""
"689","211","1","2","1","21","B102FF92D069270000000B037644756AD841D37E19","689","1775276799","3900.0","","","","","","","","211","6526","True","2026-04-04 04:26:39+00:00","0.0","0.0","984.0475463867188","27.05198097229004","","","","","","",""
"691","211","1","2","1","21","B3023594D069270000001B447644B5B9DB41D30360","691","1775277109","3900.0","","","","","","","","211","24579","True","2026-04-04 04:31:49+00:00","0.0","0.0","985.0641479492188","27.46567726135254","","","","","","",""
"694","211","1","2","1","21","B6026F95D06927000000E54D7644F03BDC41D31E27","694","1775277423","3900.0","","","","","","","","211","10014","True","2026-04-04 04:37:03+00:00","0.0","0.0","985.2171020507812","27.529266357421875","","","","","","",""
"697","211","1","2","1","21","B902BE96D06927000000502C76445893DD41D34665","697","1775277758","3900.0","","","","","","","","211","25926","True","2026-04-04 04:42:38+00:00","0.0","0.0","984.6923828125","27.696945190429688","","","","","","",""
"699","211","1","2","1","21","BB02F397D069270000000D167644E846DE41D39F2B","699","1775278067","3900.0","","","","","","","","211","11167","True","2026-04-04 04:47:47+00:00","0.0","0.0","984.3445434570312","27.784622192382812","","","","","","",""
"702","211","1","2","1","21","BE022C99D069270000007A08764458ABDD41D3C57C","702","1775278380","3900.0","","","","","","","","211","31941","True","2026-04-04 04:53:00+00:00","0.0","0.0","984.1324462890625","27.708663940429688","","","","","","",""
"704","211","1","2","1","21","C002619AD069270000002AF47544282FDC41D3BB68","704","1775278689","3900.0","","","","","","","","211","26811","True","2026-04-04 04:58:09+00:00","0.0","0.0","983.8150634765625","27.523025512695312","","","","","","",""
"707","211","1","2","1","21","C3029A9BD069270000001EE0754435D9DA41D3C6DB","707","1775279002","3900.0","","","","","","","","211","56262","True","2026-04-04 05:03:22+00:00","0.0","0.0","983.5018310546875","27.35605812072754","","","","","","",""
"710","211","1","2","1","21","C602E49CD0692700000086CA7544E5CFD741D328FC","710","1775279332","3900.0","","","","","","","","211","64552","True","2026-04-04 05:08:52+00:00","0.0","0.0","983.1644287109375","26.976511001586914","","","","","","",""
"712","211","1","2","1","21","C802279ED069270000006DD17544303BD641D35BAF","712","1775279655","3900.0","","","","","","","","211","44891","True","2026-04-04 05:14:15+00:00","0.0","0.0","983.2722778320312","26.778900146484375","","","","","","",""
"715","211","1","2","1","21","CB02649FD0692700000078E97544CB9BD541D3E620","715","1775279972","3900.0","","","","","","","","211","8422","True","2026-04-04 05:19:32+00:00","0.0","0.0","983.64794921875","26.70107078552246","","","","","","",""
"717","211","1","2","1","21","CD02A6A0D06927000000981076445B0DD641D36764","717","1775280294","3900.0","","","","","","","","211","25703","True","2026-04-04 05:24:54+00:00","0.0","0.0","984.25927734375","26.756521224975586","","","","","","",""
"720","211","1","2","1","21","D002D6A1D069270000000E327644FAA9D741D3AF75","720","1775280598","3900.0","","","","","","","","211","30127","True","2026-04-04 05:29:58+00:00","0.0","0.0","984.7821044921875","26.957996368408203","","","","","","",""
"723","211","1","2","1","21","D30220A3D06927000000D53D7644FD5CDA41D3E4E7","723","1775280928","3900.0","","","","","","","","211","59364","True","2026-04-04 05:35:28+00:00","0.0","0.0","984.9661254882812","27.2954044342041","","","","","","",""
"725","211","1","2","1","21","D50267A4D06927000000B03D76445A2CDC41D35D53","725","1775281255","3900.0","","","","","","","","211","21341","True","2026-04-04 05:40:55+00:00","0.0","0.0","984.9638671875","27.521656036376953","","","","","","",""
"728","211","1","2","1","21","D802A6A5D06927000000B33B76440800DD41D3DBD6","728","1775281574","3900.0","","","","","","","","211","55003","True","2026-04-04 05:46:14+00:00","0.0","0.0","984.9328002929688","27.625015258789062","","","","","","",""
"730","211","1","2","1","21","DA02D7A6D06927000000253776440B71DD41D30CA5","730","1775281879","3900.0","","","","","","","","211","42252","True","2026-04-04 05:51:19+00:00","0.0","0.0","984.8616333007812","27.68019676208496","","","","","","",""
"733","211","1","2","1","21","DD021CA8D06927000000962F76447BF2DD41D3EF6E","733","1775282204","3900.0","","","","","","","","211","28399","True","2026-04-04 05:56:44+00:00","0.0","0.0","984.7435302734375","27.743398666381836","","","","","","",""
"736","211","1","2","1","21","E0025CA9D069270000005D2B76440D41DF41D3C5D7","736","1775282524","3900.0","","","","","","","","211","55237","True","2026-04-04 06:02:04+00:00","0.0","0.0","984.6775512695312","27.906763076782227","","","","","","",""
"738","211","1","2","1","21","E20291AAD069270000005D297644DB21E041D3660A","738","1775282833","3900.0","","","","","","","","211","2662","True","2026-04-04 06:07:13+00:00","0.0","0.0","984.6463012695312","28.016530990600586","","","","","","",""
"741","211","1","2","1","21","E502D7ABD069270000000B3776443B20E141D3970D","741","1775283159","3900.0","","","","","","","","211","3479","True","2026-04-04 06:12:39+00:00","0.0","0.0","984.8600463867188","28.140737533569336","","","","","","",""
"743","211","1","2","1","21","E70219ADD06927000000887076443DACE441D3221B","743","1775283481","3900.0","","","","","","","","211","6946","True","2026-04-04 06:18:01+00:00","0.0","0.0","985.75830078125","28.5841007232666","","","","","","",""
"746","211","1","2","1","21","EA0255AED069270000006A937644053AE841D3D5EA","746","1775283797","3900.0","","","","","","","","211","60117","True","2026-04-04 06:23:17+00:00","0.0","0.0","986.3033447265625","29.028329849243164","","","","","","",""
"749","211","1","2","1","21","ED02AAAFD06927000000C390764432FBEB41D3C2C2","749","1775284138","3900.0","","","","","","","","211","49858","True","2026-04-04 06:28:58+00:00","0.0","0.0","986.2619018554688","29.49765396118164","","","","","","",""
"751","211","1","2","1","21","EF02DAB0D069270000009A8976447EB8EF41D34F77","751","1775284442","3900.0","","","","","","","","211","30543","True","2026-04-04 06:34:02+00:00","0.0","0.0","986.1500244140625","29.965084075927734","","","","","","",""
"754","211","1","2","1","21","F20218B2D069270000008376764485C9F241D3BA4B","754","1775284760","3900.0","","","","","","","","211","19386","True","2026-04-04 06:39:20+00:00","0.0","0.0","985.8517456054688","30.348398208618164","","","","","","",""
"756","211","1","2","1","21","F4025FB3D06927000000985676440596F541D38C27","756","1775285087","3900.0","","","","","","","","211","10124","True","2026-04-04 06:44:47+00:00","0.0","0.0","985.35302734375","30.698251724243164","","","","","","",""
"759","211","1","2","1","21","F702A7B4D069270000007046764455A9F741D385C0","759","1775285415","3900.0","","","","","","","","211","49285","True","2026-04-04 06:50:15+00:00","0.0","0.0","985.1005859375","30.95768165588379","","","","","","",""
"762","211","1","2","1","21","FA02F0B5D069270000000D36764480FCF841D32ACE","762","1775285744","3900.0","","","","","","","","211","52778","True","2026-04-04 06:55:44+00:00","0.0","0.0","984.8445434570312","31.123291015625","","","","","","",""
"764","211","1","2","1","21","FC022BB7D0692600000095247644A538FA41D36C44","764","1775286059","3800.0","","","","","","","","211","17516","True","2026-04-04 07:00:59+00:00","0.0","0.0","984.5715942382812","31.277658462524414","","","","","","",""
"767","211","1","2","1","21","FF0268B8D06926000000C21D76440606FC41D3A85C","767","1775286376","3800.0","","","","","","","","211","23720","True","2026-04-04 07:06:16+00:00","0.0","0.0","984.4649658203125","31.502941131591797","","","","","","",""
"770","211","1","2","1","21","0203A9B9D06926000000581176440617FD41D377D1","770","1775286697","3800.0","","","","","","","","211","53623","True","2026-04-04 07:11:37+00:00","0.0","0.0","984.27099609375","31.636241912841797","","","","","","",""
"772","211","1","2","1","21","0403E7BAD069260000003EFA75442B2BFD41D3CED6","772","1775287015","3800.0","","","","","","","","211","54990","True","2026-04-04 07:16:55+00:00","0.0","0.0","983.9100341796875","31.64607810974121","","","","","","",""
"775","211","1","2","1","21","070313BCD069260000001EF975449E5EFE41D37248","775","1775287315","3800.0","","","","","","","","211","18546","True","2026-04-04 07:21:55+00:00","0.0","0.0","983.8924560546875","31.796199798583984","","","","","","",""
"777","211","1","2","1","21","090347BDD06926000000C0FB754453EEFF41D3822A","777","1775287623","3800.0","","","","","","","","211","10882","True","2026-04-04 07:27:03+00:00","0.0","0.0","983.93359375","31.991369247436523","","","","","","",""
"780","211","1","2","1","21","0C0385BED0692600000078FA75444E840042D3F256","780","1775287941","3800.0","","","","","","","","211","22258","True","2026-04-04 07:32:21+00:00","0.0","0.0","983.91357421875","32.12920379638672","","","","","","",""
"782","211","1","2","1","21","0E03C6BFD0692600000098EE75449A9F0042D3F9D5","782","1775288262","3800.0","","","","","","","","211","54777","True","2026-04-04 07:37:42+00:00","0.0","0.0","983.72802734375","32.155860900878906","","","","","","",""
"785","211","1","2","1","21","110306C1D0692600000065D3754430A20042D3C6DC","785","1775288582","3800.0","","","","","","","","211","56518","True","2026-04-04 07:43:02+00:00","0.0","0.0","983.3030395507812","32.15838623046875","","","","","","",""
"787","211","1","2","1","21","130326C2D069260000003ECA7544BB6D0042D3D261","787","1775288870","3800.0","","","","","","","","211","25042","True","2026-04-04 07:47:50+00:00","0.0","0.0","983.1600341796875","32.10715866088867","","","","","","",""
"790","211","1","2","1","21","160369C3D069260000005DE475444A220242D341A3","790","1775289193","3800.0","","","","","","","","211","41793","True","2026-04-04 07:53:13+00:00","0.0","0.0","983.5681762695312","32.533485412597656","","","","","","",""
"793","211","1","2","1","21","1903A7C4D06926000000A8E4754436BD0242D3D6EB","793","1775289511","3800.0","","","","","","","","211","60374","True","2026-04-04 07:58:31+00:00","0.0","0.0","983.57275390625","32.684776306152344","","","","","","",""
"795","211","1","2","1","21","1B03F0C5D0692600000068CE75448FA80242D399D0","795","1775289840","3800.0","","","","","","","","211","53401","True","2026-04-04 08:04:00+00:00","0.0","0.0","983.22509765625","32.664608001708984","","","","","","",""
"798","211","1","2","1","21","1E0332C7D0692600000072B1754416260242D3048B","798","1775290162","3800.0","","","","","","","","211","35588","True","2026-04-04 08:09:22+00:00","0.0","0.0","982.7725830078125","32.537193298339844","","","","","","",""
"801","211","1","2","1","21","210383C8D069260000005E9F754464390242D3E8AB","801","1775290499","3800.0","","","","","","","","211","44008","True","2026-04-04 08:14:59+00:00","0.0","0.0","982.4901123046875","32.55604553222656","","","","","","",""
"803","211","1","2","1","21","2303C6C9D06926000000BEA07544C2010242D3FF12","803","1775290822","3800.0","","","","","","","","211","4863","True","2026-04-04 08:20:22+00:00","0.0","0.0","982.5115966796875","32.50171661376953","","","","","","",""
"806","211","1","2","1","21","260307CBD0692600000068987544B5C40142D380C1","806","1775291143","3800.0","","","","","","","","211","49536","True","2026-04-04 08:25:43+00:00","0.0","0.0","982.38134765625","32.44209671020508","","","","","","",""
"808","211","1","2","1","21","28032BCCD06926000000E8A3754482580142D3EDE8","808","1775291435","3800.0","","","","","","","","211","59629","True","2026-04-04 08:30:35+00:00","0.0","0.0","982.56103515625","32.33643341064453","","","","","","",""
"811","211","1","2","1","21","2B0374CDD069260000009AB075442DB00042D38B40","811","1775291764","3800.0","","","","","","","","211","16523","True","2026-04-04 08:36:04+00:00","0.0","0.0","982.7593994140625","32.17204666137695","","","","","","",""
"814","211","1","2","1","21","2E03BBCED0692600000056B075445E7C0042D3CD19","814","1775292091","3800.0","","","","","","","","211","6605","True","2026-04-04 08:41:31+00:00","0.0","0.0","982.7552490234375","32.12145233154297","","","","","","",""
"816","211","1","2","1","21","3003F9CFD069260000000DA67544C8B30042D3EC95","816","1775292409","3800.0","","","","","","","","211","38380","True","2026-04-04 08:46:49+00:00","0.0","0.0","982.5945434570312","32.175567626953125","","","","","","",""
"819","211","1","2","1","21","330346D1D069260000001A9A7544951B0142D39EEB","819","1775292742","3800.0","","","","","","","","211","60318","True","2026-04-04 08:52:22+00:00","0.0","0.0","982.4078369140625","32.27693557739258","","","","","","",""
"822","211","1","2","1","21","36037BD2D0692600000023A2754486520142D3117A","822","1775293051","3800.0","","","","","","","","211","31249","True","2026-04-04 08:57:31+00:00","0.0","0.0","982.5333862304688","32.330589294433594","","","","","","",""
"824","211","1","2","1","21","3803BBD3D0692600000040BC75443A4D0242D3CF6B","824","1775293371","3800.0","","","","","","","","211","27599","True","2026-04-04 09:02:51+00:00","0.0","0.0","982.94140625","32.575416564941406","","","","","","",""
"827","211","1","2","1","21","3B03FCD4D06926000000BDBD754488CB0342D35FD1","827","1775293692","3800.0","","","","","","","","211","53599","True","2026-04-04 09:08:12+00:00","0.0","0.0","982.9646606445312","32.948760986328125","","","","","","",""
"830","211","1","2","1","21","3E0357D6D0692600000012AE7544BE770542D3F9C5","830","1775294039","3800.0","","","","","","","","211","50681","True","2026-04-04 09:13:59+00:00","0.0","0.0","982.7198486328125","33.36693572998047","","","","","","",""
"832","211","1","2","1","21","400393D7D0692600000048AC7544728D0642D3C839","832","1775294355","3800.0","","","","","","","","211","14792","True","2026-04-04 09:19:15+00:00","0.0","0.0","982.69189453125","33.63813018798828","","","","","","",""
"835","211","1","2","1","21","4303E6D8D069260000007DD97544146E0642D3AC8B","835","1775294694","3800.0","","","","","","","","211","35756","True","2026-04-04 09:24:54+00:00","0.0","0.0","983.3982543945312","33.60749816894531","","","","","","",""
"837","211","1","2","1","21","450314DAD0692600000082667644D5300842D3A7C7","837","1775294996","3800.0","","","","","","","","211","51111","True","2026-04-04 09:29:56+00:00","0.0","0.0","985.6016845703125","34.04768753051758","","","","","","",""
"840","211","1","2","1","21","480356DBD069260000008D5B774499881542D393EF","840","1775295318","3800.0","","","","","","","","211","61331","True","2026-04-04 09:35:18+00:00","0.0","0.0","989.4304809570312","37.38339614868164","","","","","","",""
"843","211","1","2","1","21","4B039ADCD06926000000A5B87844560E3342D3B89D","843","1775295642","3800.0","","","","","","","","211","40376","True","2026-04-04 09:40:42+00:00","0.0","0.0","994.8850708007812","44.763999938964844","","","","","","",""
"845","211","1","2","1","21","4D03D6DDD0692600000005867844D2A54242D3041D","845","1775295958","3800.0","","","","","","","","211","7428","True","2026-04-04 09:45:58+00:00","0.0","0.0","994.0940551757812","48.66193389892578","","","","","","",""
"848","211","1","2","1","21","50031EDFD06926000000BB2A77449A9D4642D3CD27","848","1775296286","3800.0","","","","","","","","211","10189","True","2026-04-04 09:51:26+00:00","0.0","0.0","988.6676635742188","49.653907775878906","","","","","","",""
"850","211","1","2","1","21","52034EE0D069260000008ED67544AFE34142D3C204","850","1775296590","3800.0","","","","","","","","211","1218","True","2026-04-04 09:56:30+00:00","0.0","0.0","983.3524169921875","48.472347259521484","","","","","","",""
"853","211","1","2","1","21","550385E1D06926000000A2C87444F6823B42D30A2C","853","1775296901","3800.0","","","","","","","","211","11274","True","2026-04-04 10:01:41+00:00","0.0","0.0","979.1348876953125","46.877891540527344","","","","","","",""
"856","211","1","2","1","21","5803D7E2D069260000002BB87444768B3742D31CEC","856","1775297239","3800.0","","","","","","","","211","60444","True","2026-04-04 10:07:19+00:00","0.0","0.0","978.8776245117188","45.886192321777344","","","","","","",""
"858","211","1","2","1","21","5A0303E4D0692600000036E1744495943442D35A89","858","1775297539","3800.0","","","","","","","","211","35162","True","2026-04-04 10:12:19+00:00","0.0","0.0","979.5189208984375","45.14509963989258","","","","","","",""
"861","211","1","2","1","21","5D0348E5D069260000000D437444776E2A42D3AEFC","861","1775297864","3800.0","","","","","","","","211","64686","True","2026-04-04 10:17:44+00:00","0.0","0.0","977.0476684570312","42.60787582397461","","","","","","",""
"863","211","1","2","1","21","5F0368E6D069260000001BA7734446FD1E42D30109","863","1775298152","3800.0","","","","","","","","211","2305","True","2026-04-04 10:22:32+00:00","0.0","0.0","974.6110229492188","39.747337341308594","","","","","","",""
"866","211","1","2","1","21","6203A9E7D06926000000A0867344C6A81542D3FD07","866","1775298473","3800.0","","","","","","","","211","2045","True","2026-04-04 10:27:53+00:00","0.0","0.0","974.103515625","37.414817810058594","","","","","","",""
"869","211","1","2","1","21","6503F9E8D069260000002DF8734486190F42D3CEFF","869","1775298809","3800.0","","","","","","","","211","65486","True","2026-04-04 10:33:29+00:00","0.0","0.0","975.8777465820312","35.774925231933594","","","","","","",""
"871","211","1","2","1","21","670328EAD069260000007D807444CD910D42D3EEE5","871","1775299112","3800.0","","","","","","","","211","58862","True","2026-04-04 10:38:32+00:00","0.0","0.0","978.0076293945312","35.39238357543945","","","","","","",""
"874","211","1","2","1","21","6A0365EBD06926000000C81C7544DE2E0F42D3C213","874","1775299429","3800.0","","","","","","","","211","5058","True","2026-04-04 10:43:49+00:00","0.0","0.0","980.44970703125","35.79576873779297","","","","","","",""
"876","211","1","2","1","21","6C0394ECD069260000006ED675443C091342D3B5D2","876","1775299732","3800.0","","","","","","","","211","53941","True","2026-04-04 10:48:52+00:00","0.0","0.0","983.3504638671875","36.75901794433594","","","","","","",""
"879","211","1","2","1","21","6F03CCEDD0692600000022017644A5811442D3AF79","879","1775300044","3800.0","","","","","","","","211","31151","True","2026-04-04 10:54:04+00:00","0.0","0.0","984.0177001953125","37.12660598754883","","","","","","",""
"881","211","1","2","1","21","7103FFEED069260000000A8975443B1E1342D3BD0D","881","1775300351","3800.0","","","","","","","","211","3517","True","2026-04-04 10:59:11+00:00","0.0","0.0","982.1412353515625","36.77952194213867","","","","","","",""
"884","211","1","2","1","21","740347F0D06926000000F6EE7444555F1142D316CF","884","1775300679","3800.0","","","","","","","","211","53014","True","2026-04-04 11:04:39+00:00","0.0","0.0","979.7337646484375","36.34309768676758","","","","","","",""
"887","211","1","2","1","21","770381F1D06926000000D80675443F5E1142D3BDD4","887","1775300993","3800.0","","","","","","","","211","54461","True","2026-04-04 11:09:53+00:00","0.0","0.0","980.10693359375","36.342037200927734","","","","","","",""
"889","211","1","2","1","21","7903C9F2D06926000000F051754471F11042D3CDE2","889","1775301321","3800.0","","","","","","","","211","58061","True","2026-04-04 11:15:21+00:00","0.0","0.0","981.2802734375","36.235782623291016","","","","","","",""
"892","211","1","2","1","21","7C0307F4D06926000000BE477544E8EE0F42D31A66","892","1775301639","3800.0","","","","","","","","211","26138","True","2026-04-04 11:20:39+00:00","0.0","0.0","981.1209716796875","35.983306884765625","","","","","","",""
"894","211","1","2","1","21","7E0346F5D06926000000164075448BCB0E42D35BB7","894","1775301958","3800.0","","","","","","","","211","46939","True","2026-04-04 11:25:58+00:00","0.0","0.0","981.0013427734375","35.69877243041992","","","","","","",""
"897","211","1","2","1","21","81038EF6D06926000000985975446A4C0E42D3414C","897","1775302286","3800.0","","","","","","","","211","19521","True","2026-04-04 11:31:26+00:00","0.0","0.0","981.39990234375","35.574623107910156","","","","","","",""
"900","211","1","2","1","21","8403DAF7D06926000000D8617544666F0E42D38E77","900","1775302618","3800.0","","","","","","","","211","30606","True","2026-04-04 11:36:58+00:00","0.0","0.0","981.52880859375","35.608787536621094","","","","","","",""
"902","211","1","2","1","21","860310F9D06926000000C52D7544C89A0D42D34951","902","1775302928","3800.0","","","","","","","","211","20809","True","2026-04-04 11:42:08+00:00","0.0","0.0","980.7151489257812","35.401153564453125","","","","","","",""
"905","211","1","2","1","21","890360FAD0692600000096227544D7AE0D42D33836","905","1775303264","3800.0","","","","","","","","211","13880","True","2026-04-04 11:47:44+00:00","0.0","0.0","980.5404052734375","35.42074203491211","","","","","","",""
"908","211","1","2","1","21","8C03A4FBD069260000001D9C7544B9DD0F42D3603C","908","1775303588","3800.0","","","","","","","","211","15456","True","2026-04-04 11:53:08+00:00","0.0","0.0","982.4392700195312","35.96652603149414","","","","","","",""
"910","211","1","2","1","21","8E03F7FCD069260000002D747644026A1642D36F52","910","1775303927","3800.0","","","","","","","","211","21103","True","2026-04-04 11:58:47+00:00","0.0","0.0","985.8152465820312","37.60352325439453","","","","","","",""
"913","211","1","2","1","21","91033AFED06926000000AD847644CF0F1B42D33793","913","1775304250","3800.0","","","","","","","","211","37687","True","2026-04-04 12:04:10+00:00","0.0","0.0","986.0730590820312","38.765438079833984","","","","","","",""
"915","211","1","2","1","21","93036DFFD06926000000B8297644CD0E1D42D38FF7","915","1775304557","3800.0","","","","","","","","211","63375","True","2026-04-04 12:09:17+00:00","0.0","0.0","984.65185546875","39.26445388793945","","","","","","",""
"918","211","1","2","1","21","9603B200D169260000004A167644D15A1F42D35627","918","1775304882","3800.0","","","","","","","","211","10070","True","2026-04-04 12:14:42+00:00","0.0","0.0","984.3482666015625","39.838687896728516","","","","","","",""
"921","211","1","2","1","21","99030102D169260000001D6B76449E1F2442D3CBE6","921","1775305217","3800.0","","","","","","","","211","59083","True","2026-04-04 12:20:17+00:00","0.0","0.0","985.6736450195312","41.03087615966797","","","","","","",""
"923","211","1","2","1","21","9B032F03D16926000000C0F27544018C2542D3B6BE","923","1775305519","3800.0","","","","","","","","211","48822","True","2026-04-04 12:25:19+00:00","0.0","0.0","983.79296875","41.386722564697266","","","","","","",""
"926","211","1","2","1","21","9E037804D16926000000B5F17444C2462142D32422","926","1775305848","3800.0","","","","","","","","211","8740","True","2026-04-04 12:30:48+00:00","0.0","0.0","979.7766723632812","40.31909942626953","","","","","","",""
"928","211","1","2","1","21","A003A905D169260000007636754475D12042D35978","928","1775306153","3800.0","","","","","","","","211","30809","True","2026-04-04 12:35:53+00:00","0.0","0.0","980.8509521484375","40.20454788208008","","","","","","",""
"931","211","1","2","1","21","A303EB06D169260000007BF0754456152542D3BE1A","931","1775306475","3800.0","","","","","","","","211","6846","True","2026-04-04 12:41:15+00:00","0.0","0.0","983.7575073242188","41.270835876464844","","","","","","",""
"934","211","1","2","1","21","A6032108D16926000000F33076449A852842D39B0A","934","1775306785","3800.0","","","","","","","","211","2715","True","2026-04-04 12:46:25+00:00","0.0","0.0","984.7648315429688","42.130470275878906","","","","","","",""
"936","211","1","2","1","21","A8036609D16926000000B88A764438482E42D30DFB","936","1775307110","3800.0","","","","","","","","211","64269","True","2026-04-04 12:51:50+00:00","0.0","0.0","986.16748046875","43.570526123046875","","","","","","",""
"939","211","1","2","1","21","AB03AC0AD16926000000861C76447B5F3042D34165","939","1775307436","3800.0","","","","","","","","211","25921","True","2026-04-04 12:57:16+00:00","0.0","0.0","984.4456787109375","44.09324264526367","","","","","","",""
"941","211","1","2","1","21","AD03DD0BD1692600000068427544030D2D42D35D5C","941","1775307741","3800.0","","","","","","","","211","23645","True","2026-04-04 13:02:21+00:00","0.0","0.0","981.03759765625","43.2627067565918","","","","","","",""
"944","211","1","2","1","21","B003320DD1692600000085FA744456A52842D3575D","944","1775308082","3800.0","","","","","","","","211","23895","True","2026-04-04 13:08:02+00:00","0.0","0.0","979.9143676757812","42.161460876464844","","","","","","",""
"947","211","1","2","1","21","B3036F0ED16926000000230E75443E462642D3E4D2","947","1775308399","3800.0","","","","","","","","211","53988","True","2026-04-04 13:13:19+00:00","0.0","0.0","980.2208862304688","41.56859588623047","","","","","","",""
"949","211","1","2","1","21","B503AB0FD1692600000053FA7444C9192442D32993","949","1775308715","3800.0","","","","","","","","211","37673","True","2026-04-04 13:18:35+00:00","0.0","0.0","979.9113159179688","41.02518081665039","","","","","","",""
"952","211","1","2","1","21","B803F910D169260000003ECD74446AAB2142D3EB9C","952","1775309049","3800.0","","","","","","","","211","40171","True","2026-04-04 13:24:09+00:00","0.0","0.0","979.2069091796875","40.417396545410156","","","","","","",""
"955","211","1","2","1","21","BB032612D1692600000056B4744431D31E42D30122","955","1775309350","3800.0","","","","","","","","211","8705","True","2026-04-04 13:29:10+00:00","0.0","0.0","978.8177490234375","39.706241607666016","","","","","","",""
"957","211","1","2","1","21","BD037113D16926000000A3C574446A431B42D3563A","957","1775309681","3800.0","","","","","","","","211","14934","True","2026-04-04 13:34:41+00:00","0.0","0.0","979.0880737304688","38.815834045410156","","","","","","",""
"960","211","1","2","1","21","C003A514D169260000009AD17444822F1942D34755","960","1775309989","3800.0","","","","","","","","211","21831","True","2026-04-04 13:39:49+00:00","0.0","0.0","979.2750244140625","38.29639434814453","","","","","","",""
"962","211","1","2","1","21","C203DD15D16926000000866E744413E11442D36ED7","962","1775310301","3800.0","","","","","","","","211","55150","True","2026-04-04 13:45:01+00:00","0.0","0.0","977.7269287109375","37.21979904174805","","","","","","",""
"965","211","1","2","1","21","C5032B17D16926000000EBD37344C6DF0C42D3F447","965","1775310635","3800.0","","","","","","","","211","18420","True","2026-04-04 13:50:35+00:00","0.0","0.0","975.3112182617188","35.218528747558594","","","","","","",""
"968","211","1","2","1","21","C8035E18D169260000006AB47344D5640642D30BED","968","1775310942","3800.0","","","","","","","","211","60683","True","2026-04-04 13:55:42+00:00","0.0","0.0","974.8189697265625","33.59846878051758","","","","","","",""
"970","211","1","2","1","21","CA03A019D169260000008EE27344D69F0142D3A4DC","970","1775311264","3800.0","","","","","","","","211","56484","True","2026-04-04 14:01:04+00:00","0.0","0.0","975.5399169921875","32.406089782714844","","","","","","",""
"973","211","1","2","1","21","CD03F31AD169260000008B437444E0BDFA41D3DAAB","973","1775311603","3800.0","","","","","","","","211","43994","True","2026-04-04 14:06:43+00:00","0.0","0.0","977.0553588867188","31.34271240234375","","","","","","",""
"975","211","1","2","1","21","CF031C1CD16926000000B28174445601F641D3DE1C","975","1775311900","3800.0","","","","","","","","211","7390","True","2026-04-04 14:11:40+00:00","0.0","0.0","978.0264892578125","30.750652313232422","","","","","","",""
"978","211","1","2","1","21","D203591DD16926000000CA897444DD7DF041D3C144","978","1775312217","3800.0","","","","","","","","211","17601","True","2026-04-04 14:16:57+00:00","0.0","0.0","978.1529541015625","30.06145668029785","","","","","","",""
"981","211","1","2","1","21","D503B51ED16926000000DA9D74449896E941D31AF2","981","1775312565","3800.0","","","","","","","","211","61978","True","2026-04-04 14:22:45+00:00","0.0","0.0","978.4664306640625","29.198532104492188","","","","","","",""
"983","211","1","2","1","21","D703EA1FD169260000000EC574445698E541D375B4","983","1775312874","3800.0","","","","","","","","211","46197","True","2026-04-04 14:27:54+00:00","0.0","0.0","979.0789794921875","28.699382781982422","","","","","","",""
"986","211","1","2","1","21","DA033021D16926000000F6F374443345E241D3ADE3","986","1775313200","3800.0","","","","","","","","211","58285","True","2026-04-04 14:33:20+00:00","0.0","0.0","979.8118896484375","28.283788681030273","","","","","","",""
"988","211","1","2","1","21","DC036022D169260000009E0D75448BADDF41D30C99","988","1775313504","3800.0","","","","","","","","211","39180","True","2026-04-04 14:38:24+00:00","0.0","0.0","980.2127685546875","27.95973777770996","","","","","","",""
"991","211","1","2","1","21","DF03A123D169260000008021754440AADD41D39A71","991","1775313825","3800.0","","","","","","","","211","29082","True","2026-04-04 14:43:45+00:00","0.0","0.0","980.5234375","27.7081298828125","","","","","","",""
"994","211","1","2","1","21","E203EF24D16926000000B53C75442A4BDC41D386A0","994","1775314159","3800.0","","","","","","","","211","41094","True","2026-04-04 14:49:19+00:00","0.0","0.0","980.9485473632812","27.536701202392578","","","","","","",""
"996","211","1","2","1","21","E4032826D169260000001E5475440A79DB41D37F3D","996","1775314472","3800.0","","","","","","","","211","15743","True","2026-04-04 14:54:32+00:00","0.0","0.0","981.3143310546875","27.434101104736328","","","","","","",""
"999","211","1","2","1","21","E7035D27D16926000000106D75448DA1DB41D350EA","999","1775314781","3800.0","","","","","","","","211","59984","True","2026-04-04 14:59:41+00:00","0.0","0.0","981.7041015625","27.453882217407227","","","","","","",""
"1002","211","1","2","1","21","EA039828D1692600000092787544966ADB41D3D307","1002","1775315096","3800.0","","","","","","","","211","2003","True","2026-04-04 15:04:56+00:00","0.0","0.0","981.8839111328125","27.427043914794922","","","","","","",""
"1004","211","1","2","1","21","EC03DD29D16926000000027F7544F309DA41D37884","1004","1775315421","3800.0","","","","","","","","211","33912","True","2026-04-04 15:10:21+00:00","0.0","0.0","981.9844970703125","27.254858016967773","","","","","","",""
"1007","211","1","2","1","21","EF031A2BD169260000009B7F75441B49D941D3CE6C","1007","1775315738","3800.0","","","","","","","","211","27854","True","2026-04-04 15:15:38+00:00","0.0","0.0","981.9938354492188","27.160696029663086","","","","","","",""
"1009","211","1","2","1","21","F1034D2CD169260000000A8175449A4AD841D307A4","1009","1775316045","3800.0","","","","","","","","211","41991","True","2026-04-04 15:20:45+00:00","0.0","0.0","982.0162353515625","27.036426544189453","","","","","","",""
"1012","211","1","2","1","21","F403942DD16926000000ED887544B81ED841D314C7","1012","1775316372","3800.0","","","","","","","","211","50964","True","2026-04-04 15:26:12+00:00","0.0","0.0","982.1394653320312","27.014999389648438","","","","","","",""
"1015","211","1","2","1","21","F703D52ED16926000000FA8C75447015D741D33CDB","1015","1775316693","3800.0","","","","","","","","211","56124","True","2026-04-04 15:31:33+00:00","0.0","0.0","982.2027587890625","26.885467529296875","","","","","","",""
"1017","211","1","2","1","21","F9031E30D16926000000829475446EDAD341D33EB2","1017","1775317022","3800.0","","","","","","","","211","45630","True","2026-04-04 15:37:02+00:00","0.0","0.0","982.3204345703125","26.48165512084961","","","","","","",""
"1020","211","1","2","1","21","FC035931D16926000000589E754402FFD141D35D3C","1020","1775317337","3800.0","","","","","","","","211","15453","True","2026-04-04 15:42:17+00:00","0.0","0.0","982.47412109375","26.249515533447266","","","","","","",""
"1023","211","1","2","1","21","FF03A132D16926000000F3A87544E2F1D041D38BFF","1023","1775317665","3800.0","","","","","","","","211","65419","True","2026-04-04 15:47:45+00:00","0.0","0.0","982.6398315429688","26.118106842041016","","","","","","",""
"1025","211","1","2","1","21","0104DA33D169260000005DAE7544068BD041D3094F","1025","1775317978","3800.0","","","","","","","","211","20233","True","2026-04-04 15:52:58+00:00","0.0","0.0","982.7244262695312","26.067882537841797","","","","","","",""
"1028","211","1","2","1","21","04041B35D16926000000B0B27544F291CF41D3F51E","1028","1775318299","3800.0","","","","","","","","211","7925","True","2026-04-04 15:58:19+00:00","0.0","0.0","982.7919921875","25.94626235961914","","","","","","",""
"1030","211","1","2","1","21","06044736D16926000000C8B67544FDCBCE41D32A3A","1030","1775318599","3800.0","","","","","","","","211","14890","True","2026-04-04 16:03:19+00:00","0.0","0.0","982.85595703125","25.8496036529541","","","","","","",""
"1033","211","1","2","1","21","09049137D16926000000DEB775448D1ACE41D3FA41","1033","1775318929","3800.0","","","","","","","","211","16890","True","2026-04-04 16:08:49+00:00","0.0","0.0","982.8729248046875","25.762964248657227","","","","","","",""
"1036","211","1","2","1","21","0C04DA38D169260000000AB875443B37CD41D34922","1036","1775319258","3800.0","","","","","","","","211","8777","True","2026-04-04 16:14:18+00:00","0.0","0.0","982.8756103515625","25.651968002319336","","","","","","",""
"1038","211","1","2","1","21","0E04113AD16926000000AABA75440B37CC41D3335C","1038","1775319569","3800.0","","","","","","","","211","23603","True","2026-04-04 16:19:29+00:00","0.0","0.0","982.9166259765625","25.52687644958496","","","","","","",""
"1041","211","1","2","1","21","1104533BD1692600000080C67544DED0CC41D3061F","1041","1775319891","3800.0","","","","","","","","211","7942","True","2026-04-04 16:24:51+00:00","0.0","0.0","983.1015625","25.601985931396484","","","","","","",""
"1044","211","1","2","1","21","14048E3CD16926000000BECB75441C46CC41D3C2E4","1044","1775320206","3800.0","","","","","","","","211","58562","True","2026-04-04 16:30:06+00:00","0.0","0.0","983.1834716796875","25.53423309326172","","","","","","",""
"1046","211","1","2","1","21","1604D33DD1692600000028CA75447379CA41D31395","1046","1775320531","3800.0","","","","","","","","211","38163","True","2026-04-04 16:35:31+00:00","0.0","0.0","983.15869140625","25.309301376342773","","","","","","",""
"1049","211","1","2","1","21","1904113FD16926000000E8C975445622CA41D34ABE","1049","1775320849","3800.0","","","","","","","","211","48714","True","2026-04-04 16:40:49+00:00","0.0","0.0","983.15478515625","25.266765594482422","","","","","","",""
"1052","211","1","2","1","21","1C045140D169260000005DCD7544FEAEC941D36010","1052","1775321169","3800.0","","","","","","","","211","4192","True","2026-04-04 16:46:09+00:00","0.0","0.0","983.2088012695312","25.210445404052734","","","","","","",""
"1054","211","1","2","1","21","1E049941D1692600000082D475441B86C941D3EDFE","1054","1775321497","3800.0","","","","","","","","211","65261","True","2026-04-04 16:51:37+00:00","0.0","0.0","983.3204345703125","25.190481185913086","","","","","","",""
"1057","211","1","2","1","21","2104D742D16926000000D3DA75446E47C841D3DAC4","1057","1775321815","3800.0","","","","","","","","211","50394","True","2026-04-04 16:56:55+00:00","0.0","0.0","983.4191284179688","25.03487777709961","","","","","","",""
"1060","211","1","2","1","21","24042044D169260000007BDB7544E49FC741D32D59","1060","1775322144","3800.0","","","","","","","","211","22829","True","2026-04-04 17:02:24+00:00","0.0","0.0","983.4293823242188","24.95307159423828","","","","","","",""
"1062","211","1","2","1","21","26046045D1692600000015DA7544514EC741D34D3A","1062","1775322464","3800.0","","","","","","","","211","14925","True","2026-04-04 17:07:44+00:00","0.0","0.0","983.4075317382812","24.913240432739258","","","","","","",""
"1065","211","1","2","1","21","2904AE46D1692600000088DA75449B30C641D30705","1065","1775322798","3800.0","","","","","","","","211","1287","True","2026-04-04 17:13:18+00:00","0.0","0.0","983.41455078125","24.773733139038086","","","","","","",""
"1067","211","1","2","1","21","2B04E047D1692600000040DE75443626C541D3ED34","1067","1775323104","3800.0","","","","","","","","211","13549","True","2026-04-04 17:18:24+00:00","0.0","0.0","983.47265625","24.643657684326172","","","","","","",""
"1070","211","1","2","1","21","2E042949D16926000000CDE675445E4DC441D3A6BE","1070","1775323433","3800.0","","","","","","","","211","48806","True","2026-04-04 17:23:53+00:00","0.0","0.0","983.6062622070312","24.537776947021484","","","","","","",""
"1073","211","1","2","1","21","3104794AD169260000009AF27544BDFAC341D375D5","1073","1775323769","3800.0","","","","","","","","211","54645","True","2026-04-04 17:29:29+00:00","0.0","0.0","983.7906494140625","24.4974308013916","","","","","","",""
"1075","211","1","2","1","21","3304AF4BD16926000000C2FA75443100C441D380C5","1075","1775324079","3800.0","","","","","","","","211","50560","True","2026-04-04 17:34:39+00:00","0.0","0.0","983.9180908203125","24.500093460083008","","","","","","",""
"1078","211","1","2","1","21","3604F44CD169260000006E0276441BE6C341D35EA5","1078","1775324404","3800.0","","","","","","","","211","42334","True","2026-04-04 17:40:04+00:00","0.0","0.0","984.0379638671875","24.487356185913086","","","","","","",""
"1080","211","1","2","1","21","3804274ED16926000000A80776440C7CC341D3C509","1080","1775324711","3800.0","","","","","","","","211","2501","True","2026-04-04 17:45:11+00:00","0.0","0.0","984.11962890625","24.435569763183594","","","","","","",""
"1083","211","1","2","1","21","3B04604FD16926000000F20A76446CA6C341D3E4B5","1083","1775325024","3800.0","","","","","","","","211","46564","True","2026-04-04 17:50:24+00:00","0.0","0.0","984.1710205078125","24.456260681152344","","","","","","",""
"1086","211","1","2","1","21","3E04A450D16926000000B30B76449158C441D3F2E7","1086","1775325348","3800.0","","","","","","","","211","59378","True","2026-04-04 17:55:48+00:00","0.0","0.0","984.1828002929688","24.543245315551758","","","","","","",""
"1088","211","1","2","1","21","4004D851D16926000000660A7644BFA5C441D3B9D6","1088","1775325656","3800.0","","","","","","","","211","54969","True","2026-04-04 18:00:56+00:00","0.0","0.0","984.1624755859375","24.580930709838867","","","","","","",""
"1091","211","1","2","1","21","43041253D1692600000093037644D606C441D3AE30","1091","1775325970","3800.0","","","","","","","","211","12462","True","2026-04-04 18:06:10+00:00","0.0","0.0","984.0558471679688","24.503337860107422","","","","","","",""
"1093","211","1","2","1","21","45044E54D16926000000E8FB75444408C341D3DA7F","1093","1775326286","3800.0","","","","","","","","211","32730","True","2026-04-04 18:11:26+00:00","0.0","0.0","983.93603515625","24.37903594970703","","","","","","",""
"1096","211","1","2","1","21","48049455D16926000000FBFE754416A6C241D3B0F9","1096","1775326612","3800.0","","","","","","","","211","63920","True","2026-04-04 18:16:52+00:00","0.0","0.0","983.9840698242188","24.331096649169922","","","","","","",""
"1099","211","1","2","1","21","4B04C356D1692600000082027644DA36C241D3E5E4","1099","1775326915","3800.0","","","","","","","","211","58597","True","2026-04-04 18:21:55+00:00","0.0","0.0","984.0391845703125","24.276782989501953","","","","","","",""
"1101","211","1","2","1","21","4D04F457D16926000000B8037644D317C241D3A34D","1101","1775327220","3800.0","","","","","","","","211","19875","True","2026-04-04 18:27:00+00:00","0.0","0.0","984.05810546875","24.261632919311523","","","","","","",""
"1104","211","1","2","1","21","50044A59D169260000001005764466FAC141D386C5","1104","1775327562","3800.0","","","","","","","","211","50566","True","2026-04-04 18:32:42+00:00","0.0","0.0","984.0791015625","24.247264862060547","","","","","","",""
"1106","211","1","2","1","21","5204775AD16926000000620576445E96C141D33202","1106","1775327863","3800.0","","","","","","","","211","562","True","2026-04-04 18:37:43+00:00","0.0","0.0","984.0841064453125","24.198421478271484","","","","","","",""
"1109","211","1","2","1","21","5504B35BD16926000000ED057644AF59C141D3268E","1109","1775328179","3800.0","","","","","","","","211","36390","True","2026-04-04 18:42:59+00:00","0.0","0.0","984.0925903320312","24.168790817260742","","","","","","",""
"1112","211","1","2","1","21","5804FE5CD1692600000026097644309DC041D388B4","1112","1775328510","3800.0","","","","","","","","211","46216","True","2026-04-04 18:48:30+00:00","0.0","0.0","984.1429443359375","24.076751708984375","","","","","","",""
"1114","211","1","2","1","21","5A04325ED169260000004B0E76444FBEC041D389A1","1114","1775328818","3800.0","","","","","","","","211","41353","True","2026-04-04 18:53:38+00:00","0.0","0.0","984.2233276367188","24.092924118041992","","","","","","",""
"1117","211","1","2","1","21","5D046A5FD16926000000161076446182C041D3D187","1117","1775329130","3800.0","","","","","","","","211","34769","True","2026-04-04 18:58:50+00:00","0.0","0.0","984.2513427734375","24.063661575317383","","","","","","",""
"1119","211","1","2","1","21","5F04A060D16926000000E20F76442FB9BF41D3ED6D","1119","1775329440","3800.0","","","","","","","","211","28141","True","2026-04-04 19:04:00+00:00","0.0","0.0","984.2481689453125","23.965421676635742","","","","","","",""
"1122","211","1","2","1","21","6204D961D169260000000A1076448CD3BF41D33421","1122","1775329753","3800.0","","","","","","","","211","8500","True","2026-04-04 19:09:13+00:00","0.0","0.0","984.2506103515625","23.978294372558594","","","","","","",""
"1125","211","1","2","1","21","65043A63D16926000000DE0D7644E926C041D37A77","1125","1775330106","3800.0","","","","","","","","211","30586","True","2026-04-04 19:15:06+00:00","0.0","0.0","984.2166748046875","24.018999099731445","","","","","","",""
"1127","211","1","2","1","21","67046864D169260000008B0F76442B76C041D37602","1127","1775330408","3800.0","","","","","","","","211","630","True","2026-04-04 19:20:08+00:00","0.0","0.0","984.2428588867188","24.05769920349121","","","","","","",""
"1130","211","1","2","1","21","6A04A565D1692600000075127644C37FC041D38236","1130","1775330725","3800.0","","","","","","","","211","13954","True","2026-04-04 19:25:25+00:00","0.0","0.0","984.2883911132812","24.0623836517334","","","","","","",""
"1132","211","1","2","1","21","6C04EC66D169260000008D1776448379C041D3E096","1132","1775331052","3800.0","","","","","","","","211","38624","True","2026-04-04 19:30:52+00:00","0.0","0.0","984.3679809570312","24.0593318939209","","","","","","",""
"1135","211","1","2","1","21","6F042A68D169260000006E1A7644820CC141D37880","1135","1775331370","3800.0","","","","","","","","211","32888","True","2026-04-04 19:36:10+00:00","0.0","0.0","984.4129638671875","24.131107330322266","","","","","","",""
"1138","211","1","2","1","21","72046969D169260000005A1A7644AB19C141D3DA38","1138","1775331689","3800.0","","","","","","","","211","14554","True","2026-04-04 19:41:29+00:00","0.0","0.0","984.4117431640625","24.13753318786621","","","","","","",""
"1140","211","1","2","1","21","7404BC6AD16926000000E61D7644A1A9C141D3377F","1140","1775332028","3800.0","","","","","","","","211","32567","True","2026-04-04 19:47:08+00:00","0.0","0.0","984.4671630859375","24.207826614379883","","","","","","",""
"1143","211","1","2","1","21","7704FE6BD169260000007B207644FAD2C241D3E3A2","1143","1775332350","3800.0","","","","","","","","211","41699","True","2026-04-04 19:52:30+00:00","0.0","0.0","984.5075073242188","24.353015899658203","","","","","","",""
"1146","211","1","2","1","21","7A044C6DD16926000000CD1E76448649C441D3D1A2","1146","1775332684","3800.0","","","","","","","","211","41681","True","2026-04-04 19:58:04+00:00","0.0","0.0","984.4812622070312","24.535900115966797","","","","","","",""
"1148","211","1","2","1","21","7C04826ED16926000000631A764432BFC341D3E43D","1148","1775332994","3800.0","","","","","","","","211","15844","True","2026-04-04 20:03:14+00:00","0.0","0.0","984.4122924804688","24.46835708618164","","","","","","",""
"1151","211","1","2","1","21","7F04BE6FD16926000000BB17764432B0C241D38B2E","1151","1775333310","3800.0","","","","","","","","211","11915","True","2026-04-04 20:08:30+00:00","0.0","0.0","984.3707885742188","24.33603286743164","","","","","","",""
"1154","211","1","2","1","21","82040E71D1692600000022197644B219C341D3B0B7","1154","1775333646","3800.0","","","","","","","","211","47024","True","2026-04-04 20:14:06+00:00","0.0","0.0","984.3927001953125","24.38754653930664","","","","","","",""
"1156","211","1","2","1","21","84043F72D16926000000F61A7644B0F3C341D3D1C6","1156","1775333951","3800.0","","","","","","","","211","50897","True","2026-04-04 20:19:11+00:00","0.0","0.0","984.4212646484375","24.493988037109375","","","","","","",""
"1159","211","1","2","1","21","87047B73D169260000001E1A7644A551C441D392EC","1159","1775334267","3800.0","","","","","","","","211","60562","True","2026-04-04 20:24:27+00:00","0.0","0.0","984.4080810546875","24.539865493774414","","","","","","",""
"1161","211","1","2","1","21","8904B774D169260000005D1676448BC6C341D3B30A","1161","1775334583","3800.0","","","","","","","","211","2739","True","2026-04-04 20:29:43+00:00","0.0","0.0","984.3494262695312","24.47194480895996","","","","","","",""
"1164","211","1","2","1","21","8C04F475D16926000000A01576441A80C341D3443A","1164","1775334900","3800.0","","","","","","","","211","14916","True","2026-04-04 20:35:00+00:00","0.0","0.0","984.337890625","24.437549591064453","","","","","","",""
"1167","211","1","2","1","21","8F044D77D16926000000A317764488D0C341D304F8","1167","1775335245","3800.0","","","","","","","","211","63492","True","2026-04-04 20:40:45+00:00","0.0","0.0","984.3693237304688","24.476821899414062","","","","","","",""
"1169","211","1","2","1","21","91048478D16926000000931B76444BEAC441D38E23","1169","1775335556","3800.0","","","","","","","","211","9102","True","2026-04-04 20:45:56+00:00","0.0","0.0","984.4308471679688","24.61440086364746","","","","","","",""
"1172","211","1","2","1","21","9404C379D16926000000081B76443786C541D38A48","1172","1775335875","3800.0","","","","","","","","211","18570","True","2026-04-04 20:51:15+00:00","0.0","0.0","984.42236328125","24.690534591674805","","","","","","",""
"1174","211","1","2","1","21","9604FB7AD16926000000051176444CD9C441D31801","1174","1775336187","3800.0","","","","","","","","211","280","True","2026-04-04 20:56:27+00:00","0.0","0.0","984.2659301757812","24.606101989746094","","","","","","",""
"1177","211","1","2","1","21","9904377CD16926000000BE087644EBAAC441D3B998","1177","1775336503","3800.0","","","","","","","","211","39097","True","2026-04-04 21:01:43+00:00","0.0","0.0","984.1365966796875","24.58345603942871","","","","","","",""
"1180","211","1","2","1","21","9C047B7DD16926000000E5057644E561C541D3DA11","1180","1775336827","3800.0","","","","","","","","211","4570","True","2026-04-04 21:07:07+00:00","0.0","0.0","984.0921020507812","24.672800064086914","","","","","","",""
"1182","211","1","2","1","21","9E04B17ED169260000002A00764452A7C541D30696","1182","1775337137","3800.0","","","","","","","","211","38406","True","2026-04-04 21:12:17+00:00","0.0","0.0","984.0025634765625","24.70669937133789","","","","","","",""
"1185","211","1","2","1","21","A104EA7FD16926000000E5F37544AA42C441D37603","1185","1775337450","3800.0","","","","","","","","211","886","True","2026-04-04 21:17:30+00:00","0.0","0.0","983.8108520507812","24.532550811767578","","","","","","",""
"1187","211","1","2","1","21","A3041481D1692600000076E8754453B9C341D3B869","1187","1775337748","3800.0","","","","","","","","211","27064","True","2026-04-04 21:22:28+00:00","0.0","0.0","983.6322021484375","24.465490341186523","","","","","","",""
"1190","211","1","2","1","21","A6045182D1692600000095DF75445E77C341D308E7","1190","1775338065","3800.0","","","","","","","","211","59144","True","2026-04-04 21:27:45+00:00","0.0","0.0","983.4934692382812","24.433284759521484","","","","","","",""
"1192","211","1","2","1","21","A8048883D1692600000022D8754469ABC241D3D5BC","1192","1775338376","3800.0","","","","","","","","211","48341","True","2026-04-04 21:32:56+00:00","0.0","0.0","983.3770751953125","24.333696365356445","","","","","","",""
"1195","211","1","2","1","21","AB04DC84D16926000000A2CE75449A41C141D39FE5","1195","1775338716","3800.0","","","","","","","","211","58783","True","2026-04-04 21:38:36+00:00","0.0","0.0","983.2286376953125","24.157032012939453","","","","","","",""
"1198","211","1","2","1","21","AE042B86D1692600000080CB75441EC7BF41D30C50","1198","1775339051","3800.0","","","","","","","","211","20492","True","2026-04-04 21:44:11+00:00","0.0","0.0","983.1796875","23.972225189208984","","","","","","",""
"1200","211","1","2","1","21","B0045687D169260000003DCC7544BF9BBE41D3A16D","1200","1775339350","3800.0","","","","","","","","211","28065","True","2026-04-04 21:49:10+00:00","0.0","0.0","983.1912231445312","23.826047897338867","","","","","","",""
"1203","211","1","2","1","21","B304A688D1692600000012D47544F2B8BF41D3C27B","1203","1775339686","3800.0","","","","","","","","211","31682","True","2026-04-04 21:54:46+00:00","0.0","0.0","983.3135986328125","23.96530532836914","","","","","","",""
"1206","211","1","2","1","21","B604DB89D16926000000FBD675444AFABE41D3A159","1206","1775339995","3800.0","","","","","","","","211","22945","True","2026-04-04 21:59:55+00:00","0.0","0.0","983.3590698242188","23.872211456298828","","","","","","",""
"1208","211","1","2","1","21","B804288BD1692600000033DD7544B669BC41D3BA6E","1208","1775340328","3800.0","","","","","","","","211","28346","True","2026-04-04 22:05:28+00:00","0.0","0.0","983.4562377929688","23.551616668701172","","","","","","",""
"1211","211","1","2","1","21","BB04608CD1692600000006EB75447518BC41D34327","1211","1775340640","3800.0","","","","","","","","211","10051","True","2026-04-04 22:10:40+00:00","0.0","0.0","983.6722412109375","23.51194190979004","","","","","","",""
"1213","211","1","2","1","21","BD04A08DD16926000000EDF57544DAEABB41D3CABB","1213","1775340960","3800.0","","","","","","","","211","48074","True","2026-04-04 22:16:00+00:00","0.0","0.0","983.8425903320312","23.489673614501953","","","","","","",""
"1216","211","1","2","1","21","C004EB8ED16926000000D6F37544338DBC41D37564","1216","1775341291","3800.0","","","","","","","","211","25717","True","2026-04-04 22:21:31+00:00","0.0","0.0","983.8099365234375","23.568944931030273","","","","","","",""
"1219","211","1","2","1","21","C3043890D1692600000016EA75442852BC41D3F453","1219","1775341624","3800.0","","","","","","","","211","21492","True","2026-04-04 22:27:04+00:00","0.0","0.0","983.6575927734375","23.540115356445312","","","","","","",""
"1221","211","1","2","1","21","C5046991D16926000000A6E875443A70BB41D34EB2","1221","1775341929","3800.0","","","","","","","","211","45646","True","2026-04-04 22:32:09+00:00","0.0","0.0","983.6351318359375","23.429798126220703","","","","","","",""
"1224","211","1","2","1","21","C804B392D16926000000E8EE75446EF9BA41D3CA45","1224","1775342259","3800.0","","","","","","","","211","17866","True","2026-04-04 22:37:39+00:00","0.0","0.0","983.73291015625","23.37179183959961","","","","","","",""
"1226","211","1","2","1","21","CA04E293D1692600000026F3754473B4BA41D3E0BD","1226","1775342562","3800.0","","","","","","","","211","48608","True","2026-04-04 22:42:42+00:00","0.0","0.0","983.7991943359375","23.338109970092773","","","","","","",""
"1229","211","1","2","1","21","CD043495D16926000000DAF675444EE3BA41D34053","1229","1775342900","3800.0","","","","","","","","211","21312","True","2026-04-04 22:48:20+00:00","0.0","0.0","983.8570556640625","23.36098861694336","","","","","","",""
"1232","211","1","2","1","21","D0046596D169260000007BF975440423BB41D37402","1232","1775343205","3800.0","","","","","","","","211","628","True","2026-04-04 22:53:25+00:00","0.0","0.0","983.8981323242188","23.39209747314453","","","","","","",""
"1234","211","1","2","1","21","D2049697D1692600000032FC7544AFE8BA41D3CD14","1234","1775343510","3800.0","","","","","","","","211","5325","True","2026-04-04 22:58:30+00:00","0.0","0.0","983.9405517578125","23.363615036010742","","","","","","",""
"1237","211","1","2","1","21","D504DE98D16926000000681176447A81BA41D3AC0B","1237","1775343838","3800.0","","","","","","","","211","2988","True","2026-04-04 23:03:58+00:00","0.0","0.0","984.27197265625","23.313220977783203","","","","","","",""
"1240","211","1","2","1","21","D8042B9AD16926000000D3297644044CBB41D3AFCC","1240","1775344171","3800.0","","","","","","","","211","52399","True","2026-04-04 23:09:31+00:00","0.0","0.0","984.6535034179688","23.41211700439453","","","","","","",""
"1242","211","1","2","1","21","DA046A9BD169260000007D2876441243BC41D33914","1242","1775344490","3800.0","","","","","","","","211","5177","True","2026-04-04 23:14:50+00:00","0.0","0.0","984.6326293945312","23.53274917602539","","","","","","",""
"1245","211","1","2","1","21","DD04BB9CD16926000000EA127644C827BC41D37EA8","1245","1775344827","3800.0","","","","","","","","211","43134","True","2026-04-04 23:20:27+00:00","0.0","0.0","984.2955322265625","23.519424438476562","","","","","","",""
"1247","211","1","2","1","21","DF04ED9DD1692600000062037644AD21BB41D3A4DC","1247","1775345133","3800.0","","","","","","","","211","56484","True","2026-04-04 23:25:33+00:00","0.0","0.0","984.0528564453125","23.391443252563477","","","","","","",""
"1250","211","1","2","1","21","E204299FD1692600000000FC7544E0C8BA41D3A003","1250","1775345449","3800.0","","","","","","","","211","928","True","2026-04-04 23:30:49+00:00","0.0","0.0","983.9375","23.34808349609375","","","","","","",""
"1253","211","1","2","1","21","E50486A0D1692600000056FB75443E92BA41D36268","1253","1775345798","3800.0","","","","","","","","211","26722","True","2026-04-04 23:36:38+00:00","0.0","0.0","983.9271240234375","23.321407318115234","","","","","","",""
"1255","211","1","2","1","21","E704B2A1D16926000000EBFD75448E68BA41D34241","1255","1775346098","3800.0","","","","","","","","211","16706","True","2026-04-04 23:41:38+00:00","0.0","0.0","983.9674682617188","23.30105209350586","","","","","","",""
"1258","211","1","2","1","21","EA04EFA2D169260000004D0276441144BA41D34A28","1258","1775346415","3800.0","","","","","","","","211","10314","True","2026-04-04 23:46:55+00:00","0.0","0.0","984.0359497070312","23.283235549926758","","","","","","",""
"1261","211","1","2","1","21","ED044CA4D1692600000005077644589DBA41D33AF3","1261","1775346764","3800.0","","","","","","","","211","62266","True","2026-04-04 23:52:44+00:00","0.0","0.0","984.1096801757812","23.326828002929688","","","","","","",""
"1263","211","1","2","1","21","EF047CA5D16926000000060976445113BB41D37986","1263","1775347068","3800.0","","","","","","","","211","34425","True","2026-04-04 23:57:48+00:00","0.0","0.0","984.1409912109375","23.384431838989258","","","","","","",""
"1266","211","1","2","1","21","F204BCA6D16926000000DD0A7644C465BC41D3A14A","1266","1775347388","3800.0","","","","","","","","211","19105","True","2026-04-05 00:03:08+00:00","0.0","0.0","984.1697387695312","23.54969024658203","","","","","","",""
"1268","211","1","2","1","21","F404EDA7D16926000000BA0976448AEFBD41D3FAAD","1268","1775347693","3800.0","","","","","","","","211","44538","True","2026-04-05 00:08:13+00:00","0.0","0.0","984.1519775390625","23.741962432861328","","","","","","",""
"1271","211","1","2","1","21","F70428A9D1692600000096057644965FBE41D309F1","1271","1775348008","3800.0","","","","","","","","211","61705","True","2026-04-05 00:13:28+00:00","0.0","0.0","984.0872802734375","23.796672821044922","","","","","","",""
"1274","211","1","2","1","21","FA047EAAD1692600000003FD75447A27BD41D3A725","1274","1775348350","3800.0","","","","","","","","211","9639","True","2026-04-05 00:19:10+00:00","0.0","0.0","983.9533081054688","23.644275665283203","","","","","","",""
"1276","211","1","2","1","21","FC04B5ABD1692600000090F97544E07CBD41D3DC92","1276","1775348661","3800.0","","","","","","","","211","37596","True","2026-04-05 00:24:21+00:00","0.0","0.0","983.8994140625","23.68597412109375","","","","","","",""
"1279","211","1","2","1","21","FF0403ADD169260000008BF67544B6F7BD41D33705","1279","1775348995","3800.0","","","","","","","","211","1335","True","2026-04-05 00:29:55+00:00","0.0","0.0","983.8522338867188","23.745952606201172","","","","","","",""
"1281","211","1","2","1","21","010530AED169260000004EF175440EF1BD41D33F22","1281","1775349296","3800.0","","","","","","","","211","8767","True","2026-04-05 00:34:56+00:00","0.0","0.0","983.7703857421875","23.74270248413086","","","","","","",""
"1284","211","1","2","1","21","04056DAFD16926000000BDE7754426BFBD41D369EC","1284","1775349613","3800.0","","","","","","","","211","60521","True","2026-04-05 00:40:13+00:00","0.0","0.0","983.6209106445312","23.718334197998047","","","","","","",""
"1287","211","1","2","1","21","0705B3B0D1692600000072E27544337BBD41D3F1D9","1287","1775349939","3800.0","","","","","","","","211","55793","True","2026-04-05 00:45:39+00:00","0.0","0.0","983.5382080078125","23.685155868530273","","","","","","",""
"1289","211","1","2","1","21","0905F9B1D169260000008AE37544F858BD41D3ABD2","1289","1775350265","3800.0","","","","","","","","211","53931","True","2026-04-05 00:51:05+00:00","0.0","0.0","983.5552978515625","23.668441772460938","","","","","","",""
"1292","211","1","2","1","21","0C0539B3D169260000002AE275447C84BD41D3B49F","1292","1775350585","3800.0","","","","","","","","211","40884","True","2026-04-05 00:56:25+00:00","0.0","0.0","983.5338134765625","23.68968963623047","","","","","","",""
"1294","211","1","2","1","21","0E0570B4D169260000004AD875442FC3BC41D32668","1294","1775350896","3800.0","","","","","","","","211","26662","True","2026-04-05 01:01:36+00:00","0.0","0.0","983.3795166015625","23.595304489135742","","","","","","",""
"1297","211","1","2","1","21","1105BAB5D1692600000035D2754404AABC41D3BB98","1297","1775351226","3800.0","","","","","","","","211","39099","True","2026-04-05 01:07:06+00:00","0.0","0.0","983.2844848632812","23.58301544189453","","","","","","",""
"1300","211","1","2","1","21","1405FAB6D16926000000C6CF75441C26BC41D37258","1300","1775351546","3800.0","","","","","","","","211","22642","True","2026-04-05 01:12:26+00:00","0.0","0.0","983.2464599609375","23.51860809326172","","","","","","",""
"1302","211","1","2","1","21","16053CB8D1692600000043CF7544ABC5BA41D311E3","1302","1775351868","3800.0","","","","","","","","211","58129","True","2026-04-05 01:17:48+00:00","0.0","0.0","983.2384643554688","23.34651756286621","","","","","","",""
"1305","211","1","2","1","21","190575B9D1692600000020D07544E2D2B941D33B95","1305","1775352181","3800.0","","","","","","","","211","38203","True","2026-04-05 01:23:01+00:00","0.0","0.0","983.251953125","23.227970123291016","","","","","","",""
"1307","211","1","2","1","21","1B05AEBAD16926000000C0D575446F9FB841D3FB9D","1307","1775352494","3800.0","","","","","","","","211","40443","True","2026-04-05 01:28:14+00:00","0.0","0.0","983.33984375","23.077848434448242","","","","","","",""
"1310","211","1","2","1","21","1E05F2BBD16926000000DADA7544664BB841D368AE","1310","1775352818","3800.0","","","","","","","","211","44648","True","2026-04-05 01:33:38+00:00","0.0","0.0","983.4195556640625","23.036815643310547","","","","","","",""
"1313","211","1","2","1","21","21052BBDD1692600000085DB75449566B741D337B5","1313","1775353131","3800.0","","","","","","","","211","46391","True","2026-04-05 01:38:51+00:00","0.0","0.0","983.4299926757812","22.92508888244629","","","","","","",""
"1315","211","1","2","1","21","23056EBED169260000000EE07544E202B741D30018","1315","1775353454","3800.0","","","","","","","","211","6144","True","2026-04-05 01:44:14+00:00","0.0","0.0","983.5008544921875","22.876407623291016","","","","","","",""
"1318","211","1","2","1","21","2605AABFD16926000000CBE7754476BAB641D3B151","1318","1775353770","3800.0","","","","","","","","211","20913","True","2026-04-05 01:49:30+00:00","0.0","0.0","983.6217651367188","22.841045379638672","","","","","","",""
"1320","211","1","2","1","21","2805DDC0D16926000000C6EE7544F50EB641D3126D","1320","1775354077","3800.0","","","","","","","","211","27922","True","2026-04-05 01:54:37+00:00","0.0","0.0","983.7308349609375","22.75730323791504","","","","","","",""
"1323","211","1","2","1","21","2B0522C2D16926000000A5FB75442E99B641D30EEC","1323","1775354402","3800.0","","","","","","","","211","60430","True","2026-04-05 02:00:02+00:00","0.0","0.0","983.9319458007812","22.82479476928711","","","","","","",""
"1326","211","1","2","1","21","2E055CC3D169260000002B047644C1CFB641D32EE1","1326","1775354716","3800.0","","","","","","","","211","57646","True","2026-04-05 02:05:16+00:00","0.0","0.0","984.0651245117188","22.851442337036133","","","","","","",""
"1328","211","1","2","1","21","3005A0C4D16926000000C5087644C2D1B641D33DD1","1328","1775355040","3800.0","","","","","","","","211","53565","True","2026-04-05 02:10:40+00:00","0.0","0.0","984.1370239257812","22.852420806884766","","","","","","",""
"1331","211","1","2","1","21","3305E2C5D16926000000BD067644E1FDB641D3F6D0","1331","1775355362","3800.0","","","","","","","","211","53494","True","2026-04-05 02:16:02+00:00","0.0","0.0","984.1052856445312","22.873964309692383","","","","","","",""
"1333","211","1","2","1","21","350517C7D16926000000AE027644A088B641D324B9","1333","1775355671","3800.0","","","","","","","","211","47396","True","2026-04-05 02:21:11+00:00","0.0","0.0","984.0418701171875","22.81671142578125","","","","","","",""
"1336","211","1","2","1","21","38056CC8D16926000000BE067644DEB0B641D3A60D","1336","1775356012","3800.0","","","","","","","","211","3494","True","2026-04-05 02:26:52+00:00","0.0","0.0","984.1053466796875","22.836360931396484","","","","","","",""
"1339","211","1","2","1","21","3B05A1C9D16926000000EB0E764471BBB641D347BF","1339","1775356321","3800.0","","","","","","","","211","48967","True","2026-04-05 02:32:01+00:00","0.0","0.0","984.2330932617188","22.841524124145508","","","","","","",""
"1341","211","1","2","1","21","3D05DECAD169260000000E147644BEFFB641D30C72","1341","1775356638","3800.0","","","","","","","","211","29196","True","2026-04-05 02:37:18+00:00","0.0","0.0","984.3133544921875","22.874874114990234","","","","","","",""
"1344","211","1","2","1","21","40052DCCD16926000000851476445F2CB741D38890","1344","1775356973","3800.0","","","","","","","","211","37000","True","2026-04-05 02:42:53+00:00","0.0","0.0","984.3206176757812","22.896665573120117","","","","","","",""
"1346","211","1","2","1","21","42055FCDD16926000000DB177644D369B741D37723","1346","1775357279","3800.0","","","","","","","","211","9079","True","2026-04-05 02:47:59+00:00","0.0","0.0","984.3727416992188","22.926671981811523","","","","","","",""
"1349","211","1","2","1","21","45059CCED16926000000F5217644F303B941D35F78","1349","1775357596","3800.0","","","","","","","","211","30815","True","2026-04-05 02:53:16+00:00","0.0","0.0","984.5305786132812","23.126928329467773","","","","","","",""
"1351","211","1","2","1","21","4705CCCFD169260000002D3076443D72BA41D3ED6B","1351","1775357900","3800.0","","","","","","","","211","27629","True","2026-04-05 02:58:20+00:00","0.0","0.0","984.7527465820312","23.3057804107666","","","","","","",""
"1354","211","1","2","1","21","4A050BD1D169260000007D3676448AB6BA41D316D9","1354","1775358219","3800.0","","","","","","","","211","55574","True","2026-04-05 03:03:39+00:00","0.0","0.0","984.8513793945312","23.339130401611328","","","","","","",""
"1356","211","1","2","1","21","4C0536D2D16926000000F0377644CB5AB941D3C1AC","1356","1775358518","3800.0","","","","","","","","211","44225","True","2026-04-05 03:08:38+00:00","0.0","0.0","984.8740234375","23.16933250427246","","","","","","",""
"1359","211","1","2","1","21","4F0576D3D16926000000C23F76440AC4BA41D32286","1359","1775358838","3800.0","","","","","","","","211","34338","True","2026-04-05 03:13:58+00:00","0.0","0.0","984.9962158203125","23.345722198486328","","","","","","",""
"1362","211","1","2","1","21","5205C6D4D16926000000F847764474B7BE41D3DE68","1362","1775359174","3800.0","","","","","","","","211","26846","True","2026-04-05 03:19:34+00:00","0.0","0.0","985.12451171875","23.839576721191406","","","","","","",""
"1364","211","1","2","1","21","5405FBD5D1692600000036447644B58ABF41D35C32","1364","1775359483","3800.0","","","","","","","","211","12892","True","2026-04-05 03:24:43+00:00","0.0","0.0","985.0657958984375","23.94272804260254","","","","","","",""
"1367","211","1","2","1","21","570547D7D16926000000463D76441BBFBD41D3784F","1367","1775359815","3800.0","","","","","","","","211","20344","True","2026-04-05 03:30:15+00:00","0.0","0.0","984.9573974609375","23.718313217163086","","","","","","",""
"1370","211","1","2","1","21","5A0581D8D1692600000098417644D933BD41D3745E","1370","1775360129","3800.0","","","","","","","","211","24180","True","2026-04-05 03:35:29+00:00","0.0","0.0","985.02490234375","23.65031623840332","","","","","","",""
"1372","211","1","2","1","21","5C05C3D9D16926000000054C7644FE9CBD41D373FE","1372","1775360451","3800.0","","","","","","","","211","65139","True","2026-04-05 03:40:51+00:00","0.0","0.0","985.1878051757812","23.701656341552734","","","","","","",""
"1375","211","1","2","1","21","5F05F8DAD16926000000DB537644E0E1BE41D3CE3D","1375","1775360760","3800.0","","","","","","","","211","15822","True","2026-04-05 03:46:00+00:00","0.0","0.0","985.3102416992188","23.86029052734375","","","","","","",""
"1377","211","1","2","1","21","610528DCD16926000000CE5A76442229C041D3CFB0","1377","1775361064","3800.0","","","","","","","","211","45263","True","2026-04-05 03:51:04+00:00","0.0","0.0","985.4188232421875","24.020084381103516","","","","","","",""
"1380","211","1","2","1","21","640568DDD16926000000335E76446A84C141D35D44","1380","1775361384","3800.0","","","","","","","","211","17501","True","2026-04-05 03:56:24+00:00","0.0","0.0","985.4718627929688","24.189655303955078","","","","","","",""
"1383","211","1","2","1","21","6705B3DED16926000000986476442694C341D3FADA","1383","1775361715","3800.0","","","","","","","","211","56058","True","2026-04-05 04:01:55+00:00","0.0","0.0","985.57177734375","24.447338104248047","","","","","","",""
"1385","211","1","2","1","21","6905EBDFD1692600000078727644C4CEC541D3A2CD","1385","1775362027","3800.0","","","","","","","","211","52642","True","2026-04-05 04:07:07+00:00","0.0","0.0","985.78857421875","24.72595977783203","","","","","","",""
"1388","211","1","2","1","21","6C0536E1D169260000007D9176449EC1C941D36690","1388","1775362358","3800.0","","","","","","","","211","36966","True","2026-04-05 04:12:38+00:00","0.0","0.0","986.2732543945312","25.219539642333984","","","","","","",""
"1390","211","1","2","1","21","6E0558E2D169260000004AAB76444638CD41D35262","1390","1775362648","3800.0","","","","","","","","211","25170","True","2026-04-05 04:17:28+00:00","0.0","0.0","986.6763916015625","25.652477264404297","","","","","","",""
"1393","211","1","2","1","21","71059AE3D16926000000F6BF7644F253D141D34CE3","1393","1775362970","3800.0","","","","","","","","211","58188","True","2026-04-05 04:22:50+00:00","0.0","0.0","986.9993896484375","26.16598892211914","","","","","","",""
"1395","211","1","2","1","21","7305B8E4D16926000000FAC976448BB3D441D33D65","1395","1775363256","3800.0","","","","","","","","211","25917","True","2026-04-05 04:27:36+00:00","0.0","0.0","987.1558837890625","26.58766746520996","","","","","","",""
"1398","211","1","2","1","21","7605FFE5D16926000000E3B976447DC4D741D346C8","1398","1775363583","3800.0","","","","","","","","211","51270","True","2026-04-05 04:33:03+00:00","0.0","0.0","986.9044799804688","26.9709415435791","","","","","","",""
"1401","211","1","2","1","21","790543E7D169260000007B837644FAA7D841D3B58D","1401","1775363907","3800.0","","","","","","","","211","36277","True","2026-04-05 04:38:27+00:00","0.0","0.0","986.0543823242188","27.082019805908203","","","","","","",""
"1403","211","1","2","1","21","7B057DE8D16926000000E05D76448A0AD841D39A11","1403","1775364221","3800.0","","","","","","","","211","4506","True","2026-04-05 04:43:41+00:00","0.0","0.0","985.466796875","27.005146026611328","","","","","","",""
"1406","211","1","2","1","21","7E05BEE9D169260000005B4D764413E6D641D304BA","1406","1775364542","3800.0","","","","","","","","211","47620","True","2026-04-05 04:49:02+00:00","0.0","0.0","985.2086791992188","26.862340927124023","","","","","","",""
"1409","211","1","2","1","21","810502EBD16926000000484976445042D541D33FB2","1409","1775364866","3800.0","","","","","","","","211","45631","True","2026-04-05 04:54:26+00:00","0.0","0.0","985.14501953125","26.657379150390625","","","","","","",""
"1411","211","1","2","1","21","830540ECD16926000000704E7644B305D441D3C5E8","1411","1775365184","3800.0","","","","","","","","211","59589","True","2026-04-05 04:59:44+00:00","0.0","0.0","985.2255859375","26.502782821655273","","","","","","",""
"1414","211","1","2","1","21","860594EDD16926000000A56A76441B87D341D3B12E","1414","1775365524","3800.0","","","","","","","","211","11953","True","2026-04-05 05:05:24+00:00","0.0","0.0","985.6663208007812","26.440969467163086","","","","","","",""
"1416","211","1","2","1","21","8805C4EED16926000000137A7644C22AD441D3B531","1416","1775365828","3800.0","","","","","","","","211","12725","True","2026-04-05 05:10:28+00:00","0.0","0.0","985.9074096679688","26.520877838134766","","","","","","",""
"1419","211","1","2","1","21","8B0508F0D1692600000052647644E0FED341D31F41","1419","1775366152","3800.0","","","","","","","","211","16671","True","2026-04-05 05:15:52+00:00","0.0","0.0","985.5675048828125","26.49945068359375","","","","","","",""
"1422","211","1","2","1","21","8E054BF1D16926000000734576442EE3D141D32CF6","1422","1775366475","3800.0","","","","","","","","211","63020","True","2026-04-05 05:21:15+00:00","0.0","0.0","985.0851440429688","26.23592758178711","","","","","","",""
"1424","211","1","2","1","21","90057EF2D169260000007E6A7644BAA6D141D3A7AA","1424","1775366782","3800.0","","","","","","","","211","43687","True","2026-04-05 05:26:22+00:00","0.0","0.0","985.6639404296875","26.206409454345703","","","","","","",""
"1427","211","1","2","1","21","9305C7F3D16926000000A8AF7644BD13D441D3385E","1427","1775367111","3800.0","","","","","","","","211","24120","True","2026-04-05 05:31:51+00:00","0.0","0.0","986.74462890625","26.5096378326416","","","","","","",""
"1430","211","1","2","1","21","960517F5D169260000000DBF7644AE3BD741D3EDCD","1430","1775367447","3800.0","","","","","","","","211","52717","True","2026-04-05 05:37:27+00:00","0.0","0.0","986.9851684570312","26.90414047241211","","","","","","",""
"1432","211","1","2","1","21","980546F6D1692600000058B27644C231D941D3ABEB","1432","1775367750","3800.0","","","","","","","","211","60331","True","2026-04-05 05:42:30+00:00","0.0","0.0","986.78662109375","27.149295806884766","","","","","","",""
"1435","211","1","2","1","21","9B057FF7D16926000000F3A27644B5E6D941D34326","1435","1775368063","3800.0","","","","","","","","211","9795","True","2026-04-05 05:47:43+00:00","0.0","0.0","986.5460815429688","27.23764991760254","","","","","","",""
"1437","211","1","2","1","21","9D05C8F8D16926000000AE9F7644C5DEDA41D3ACB4","1437","1775368392","3800.0","","","","","","","","211","46252","True","2026-04-05 05:53:12+00:00","0.0","0.0","986.4949951171875","27.358774185180664","","","","","","",""
"1440","211","1","2","1","21","A00506FAD169260000005BA37644102ADC41D32B08","1440","1775368710","3800.0","","","","","","","","211","2091","True","2026-04-05 05:58:30+00:00","0.0","0.0","986.5524291992188","27.520538330078125","","","","","","",""
"1443","211","1","2","1","21","A3054FFBD16926000000ABA476443801DF41D31094","1443","1775369039","3800.0","","","","","","","","211","37904","True","2026-04-05 06:03:59+00:00","0.0","0.0","986.5729370117188","27.875595092773438","","","","","","",""
"1445","211","1","2","1","21","A50582FCD169260000005EA376445BA4E041D3EDA8","1445","1775369346","3800.0","","","","","","","","211","43245","True","2026-04-05 06:09:06+00:00","0.0","0.0","986.5526123046875","28.080251693725586","","","","","","",""
"1448","211","1","2","1","21","A805C9FDD1692600000025A3764416CFE041D37A10","1448","1775369673","3800.0","","","","","","","","211","4218","True","2026-04-05 06:14:33+00:00","0.0","0.0","986.5491333007812","28.101116180419922","","","","","","",""
"1450","211","1","2","1","21","AA05FEFED1692600000065A976445D1EE141D330DE","1450","1775369982","3800.0","","","","","","","","211","56880","True","2026-04-05 06:19:42+00:00","0.0","0.0","986.6467895507812","28.13982582092285","","","","","","",""
"1453","211","1","2","1","21","AD053B00D2692600000036B176440666E241D33389","1453","1775370299","3800.0","","","","","","","","211","35123","True","2026-04-05 06:24:59+00:00","0.0","0.0","986.7689208984375","28.299816131591797","","","","","","",""
"1455","211","1","2","1","21","AF056B01D2692600000070BC7644F83DE441D34291","1455","1775370603","3800.0","","","","","","","","211","37186","True","2026-04-05 06:30:03+00:00","0.0","0.0","986.9443359375","28.530258178710938","","","","","","",""
"1458","211","1","2","1","21","B205B502D269260000001DBC7644D3C8E741D33804","1458","1775370933","3800.0","","","","","","","","211","1080","True","2026-04-05 06:35:33+00:00","0.0","0.0","986.9392700195312","28.973058700561523","","","","","","",""
"1461","211","1","2","1","21","B505E003D2692600000066AF7644C898E941D3527F","1461","1775371232","3800.0","","","","","","","","211","32594","True","2026-04-05 06:40:32+00:00","0.0","0.0","986.7406005859375","29.199600219726562","","","","","","",""
"1463","211","1","2","1","21","B7051C05D26926000000269E764455CCEA41D3DDC2","1463","1775371548","3800.0","","","","","","","","211","49885","True","2026-04-05 06:45:48+00:00","0.0","0.0","986.4710693359375","29.34977149963379","","","","","","",""
"1466","211","1","2","1","21","BA055306D269260000009A9E764405D8EB41D3E0AC","1466","1775371859","3800.0","","","","","","","","211","44256","True","2026-04-05 06:50:59+00:00","0.0","0.0","986.4781494140625","29.480478286743164","","","","","","",""
"1468","211","1","2","1","21","BC058807D269260000001EA27644EABEEC41D3E711","1468","1775372168","3800.0","","","","","","","","211","4583","True","2026-04-05 06:56:08+00:00","0.0","0.0","986.5330810546875","29.593219757080078","","","","","","",""
"1471","211","1","2","1","21","BF05C308D26926000000DAAC76446DE7ED41D322C2","1471","1775372483","3800.0","","","","","","","","211","49698","True","2026-04-05 07:01:23+00:00","0.0","0.0","986.7008056640625","29.738000869750977","","","","","","",""
"1474","211","1","2","1","21","C205140AD26926000000D6BD76444B69F041D35385","1474","1775372820","3800.0","","","","","","","","211","34131","True","2026-04-05 07:07:00+00:00","0.0","0.0","986.9661865234375","30.05141258239746","","","","","","",""
"1476","211","1","2","1","21","C4054C0BD269260000001AB876448AF8F241D30572","1476","1775373132","3800.0","","","","","","","","211","29189","True","2026-04-05 07:12:12+00:00","0.0","0.0","986.8765869140625","30.371356964111328","","","","","","",""
"1479","211","1","2","1","21","C7058C0CD269260000005EA47644CA60F441D337EF","1479","1775373452","3800.0","","","","","","","","211","61239","True","2026-04-05 07:17:32+00:00","0.0","0.0","986.5682373046875","30.547260284423828","","","","","","",""
"1481","211","1","2","1","21","C905BF0DD26926000000CD9B764478FEF441D36670","1481","1775373759","3800.0","","","","","","","","211","28774","True","2026-04-05 07:22:39+00:00","0.0","0.0","986.4343872070312","30.624252319335938","","","","","","",""
"1484","211","1","2","1","21","CC05FC0ED26926000000AD9B764415AAF541D3700F","1484","1775374076","3800.0","","","","","","","","211","3952","True","2026-04-05 07:27:56+00:00","0.0","0.0","986.4324340820312","30.70804786682129","","","","","","",""
"1487","211","1","2","1","21","CF053710D26926000000589476444A5CF641D3569A","1487","1775374391","3800.0","","","","","","","","211","39510","True","2026-04-05 07:33:11+00:00","0.0","0.0","986.31787109375","30.795063018798828","","","","","","",""
"1489","211","1","2","1","21","D1058811D26926000000E29176443334F841D3D8CF","1489","1775374728","3800.0","","","","","","","","211","53208","True","2026-04-05 07:38:48+00:00","0.0","0.0","986.2794189453125","31.025487899780273","","","","","","",""
"1492","211","1","2","1","21","D405B612D269260000003A8D7644B5F5F841D3E6EA","1492","1775375030","3800.0","","","","","","","","211","60134","True","2026-04-05 07:43:50+00:00","0.0","0.0","986.2066650390625","31.11997413635254","","","","","","",""
"1494","211","1","2","1","21","D6050014D26926000000C3887644A2F2F941D39DAD","1494","1775375360","3800.0","","","","","","","","211","44445","True","2026-04-05 07:49:20+00:00","0.0","0.0","986.1369018554688","31.243473052978516","","","","","","",""
"1497","211","1","2","1","21","D9053815D2692600000055917644982EFB41D3E31B","1497","1775375672","3800.0","","","","","","","","211","7139","True","2026-04-05 07:54:32+00:00","0.0","0.0","986.2708129882812","31.397750854492188","","","","","","",""
"1499","211","1","2","1","21","DB057216D26926000000939476449397FC41D3F518","1499","1775375986","3800.0","","","","","","","","211","6389","True","2026-04-05 07:59:46+00:00","0.0","0.0","986.3214721679688","31.574010848999023","","","","","","",""
"1502","211","1","2","1","21","DE05BE17D269260000006D9676444542FF41D38C35","1502","1775376318","3800.0","","","","","","","","211","13708","True","2026-04-05 08:05:18+00:00","0.0","0.0","986.3504028320312","31.907358169555664","","","","","","",""
"1504","211","1","2","1","21","E005E318D2692600000035827644CB330042D3B88E","1504","1775376611","3800.0","","","","","","","","211","36536","True","2026-04-05 08:10:11+00:00","0.0","0.0","986.0344848632812","32.05057907104492","","","","","","",""
"1507","211","1","2","1","21","E305221AD269260000006268764489560042D38AC8","1507","1775376930","3800.0","","","","","","","","211","51338","True","2026-04-05 08:15:30+00:00","0.0","0.0","985.6309814453125","32.08450698852539","","","","","","",""
"1510","211","1","2","1","21","E605761BD269260000006E5D764416260042D35769","1510","1775377270","3800.0","","","","","","","","211","26967","True","2026-04-05 08:21:10+00:00","0.0","0.0","985.4598388671875","32.037193298339844","","","","","","",""
"1512","211","1","2","1","21","E805B11CD26926000000506C76449C900042D318BB","1512","1775377585","3800.0","","","","","","","","211","47896","True","2026-04-05 08:26:25+00:00","0.0","0.0","985.6923828125","32.14122009277344","","","","","","",""
"1515","211","1","2","1","21","EB05FB1DD2692600000020847644AEA60142D3F90E","1515","1775377915","3800.0","","","","","","","","211","3833","True","2026-04-05 08:31:55+00:00","0.0","0.0","986.064453125","32.41277313232422","","","","","","",""
"1517","211","1","2","1","21","ED052B1FD2692600000088907644CC9B0242D3952E","1517","1775378219","3800.0","","","","","","","","211","11925","True","2026-04-05 08:36:59+00:00","0.0","0.0","986.25830078125","32.65214538574219","","","","","","",""
"1520","211","1","2","1","21","F0057320D26926000000258076443B7F0342D387BF","1520","1775378547","3800.0","","","","","","","","211","49031","True","2026-04-05 08:42:27+00:00","0.0","0.0","986.0022583007812","32.87424850463867","","","","","","",""
"1523","211","1","2","1","21","F305A521D269260000004D6276449EB90342D3A922","1523","1775378853","3800.0","","","","","","","","211","8873","True","2026-04-05 08:47:33+00:00","0.0","0.0","985.5359497070312","32.93126678466797","","","","","","",""
"1525","211","1","2","1","21","F505F522D269260000002B57764452E30342D32D41","1525","1775379189","3800.0","","","","","","","","211","16685","True","2026-04-05 08:53:09+00:00","0.0","0.0","985.3619995117188","32.97199249267578","","","","","","",""
"1528","211","1","2","1","21","F8052F24D26926000000B54E7644C23B0442D32DC2","1528","1775379503","3800.0","","","","","","","","211","49709","True","2026-04-05 08:58:23+00:00","0.0","0.0","985.2297973632812","33.05835723876953","","","","","","",""
"1530","211","1","2","1","21","FA056E25D269260000008E3A7644AE320442D3A880","1530","1775379822","3800.0","","","","","","","","211","32936","True","2026-04-05 09:03:42+00:00","0.0","0.0","984.9149169921875","33.04949188232422","","","","","","",""
"1533","211","1","2","1","21","FD05A726D26926000000083B764442200442D305A9","1533","1775380135","3800.0","","","","","","","","211","43269","True","2026-04-05 09:08:55+00:00","0.0","0.0","984.92236328125","33.03150177001953","","","","","","",""
"1535","211","1","2","1","21","FF05D127D26926000000B04B7644724B0442D3150C","1535","1775380433","3800.0","","","","","","","","211","3093","True","2026-04-05 09:13:53+00:00","0.0","0.0","985.1826171875","33.07367706298828","","","","","","",""
"1538","211","1","2","1","21","02062329D269260000001E6176443D8D0442D37732","1538","1775380771","3800.0","","","","","","","","211","12919","True","2026-04-05 09:19:31+00:00","0.0","0.0","985.5174560546875","33.1379280090332","","","","","","",""
"1541","211","1","2","1","21","05065C2AD2692600000036837644A6890542D3B409","1541","1775381084","3800.0","","","","","","","","211","2484","True","2026-04-05 09:24:44+00:00","0.0","0.0","986.0501708984375","33.384422302246094","","","","","","",""
"1543","211","1","2","1","21","0706A12BD2692600000046E97644168E0A42D3C797","1543","1775381409","3800.0","","","","","","","","211","38855","True","2026-04-05 09:30:09+00:00","0.0","0.0","987.6448974609375","34.638755798339844","","","","","","",""
"1546","211","1","2","1","21","0A06E42CD2692600000093497744F3061142D3EBDB","1546","1775381732","3800.0","","","","","","","","211","56299","True","2026-04-05 09:35:32+00:00","0.0","0.0","989.1495971679688","36.25678634643555","","","","","","",""
"1549","211","1","2","1","21","0D062E2ED26926000000659D774492881942D3629D","1549","1775382062","3800.0","","","","","","","","211","40290","True","2026-04-05 09:41:02+00:00","0.0","0.0","990.4592895507812","38.38336944580078","","","","","","",""
"1551","211","1","2","1","21","0F06792FD26926000000738C7744ED652242D3A40E","1551","1775382393","3800.0","","","","","","","","211","3748","True","2026-04-05 09:46:33+00:00","0.0","0.0","990.1945190429688","40.59953689575195","","","","","","",""
"1554","211","1","2","1","21","1206BE30D26926000000F80B774489AC2442D34C7B","1554","1775382718","3800.0","","","","","","","","211","31564","True","2026-04-05 09:51:58+00:00","0.0","0.0","988.18701171875","41.16849136352539","","","","","","",""
"1557","211","1","2","1","21","15061332D26926000000664676444A922342D3ED48","1557","1775383059","3800.0","","","","","","","","211","18669","True","2026-04-05 09:57:39+00:00","0.0","0.0","985.0999755859375","40.892860412597656","","","","","","",""
"1559","211","1","2","1","21","17064533D2692600000040BC75447D6B2042D3C8EF","1559","1775383365","3800.0","","","","","","","","211","61384","True","2026-04-05 10:02:45+00:00","0.0","0.0","982.94140625","40.1049690246582","","","","","","",""
"1562","211","1","2","1","21","1A069B34D269260000001A6B754498421942D32C67","1562","1775383707","3800.0","","","","","","","","211","26412","True","2026-04-05 10:08:27+00:00","0.0","0.0","981.6734619140625","38.315032958984375","","","","","","",""
"1565","211","1","2","1","21","1D06C535D269260000008E5E7544136E1342D31D79","1565","1775384005","3800.0","","","","","","","","211","31005","True","2026-04-05 10:13:25+00:00","0.0","0.0","981.4774169921875","36.85749435424805","","","","","","",""
"1567","211","1","2","1","21","1F06FD36D269260000009275754482B40F42D304A9","1567","1775384317","3800.0","","","","","","","","211","43268","True","2026-04-05 10:18:37+00:00","0.0","0.0","981.8370361328125","35.92627716064453","","","","","","",""
"1570","211","1","2","1","21","22064C38D2692600000043A87544F5F50C42D317EF","1570","1775384652","3800.0","","","","","","","","211","61207","True","2026-04-05 10:24:12+00:00","0.0","0.0","982.6290893554688","35.24019241333008","","","","","","",""
"1573","211","1","2","1","21","25069F39D26926000000D0DC7544CA8E0B42D38314","1573","1775384991","3800.0","","","","","","","","211","5251","True","2026-04-05 10:29:51+00:00","0.0","0.0","983.4501953125","34.889442443847656","","","","","","",""
"1575","211","1","2","1","21","2706E03AD26926000000D0037644C2850B42D3FFD4","1575","1775385312","3800.0","","","","","","","","211","54527","True","2026-04-05 10:35:12+00:00","0.0","0.0","984.0595703125","34.88062286376953","","","","","","",""
"1578","211","1","2","1","21","2A062F3CD26926000000EA287644D6DF0B42D35949","1578","1775385647","3800.0","","","","","","","","211","18777","True","2026-04-05 10:40:47+00:00","0.0","0.0","984.6392822265625","34.968589782714844","","","","","","",""
"1580","211","1","2","1","21","2C06613DD269260000001E3E764486970C42D321D6","1580","1775385953","3800.0","","","","","","","","211","54817","True","2026-04-05 10:45:53+00:00","0.0","0.0","984.9705810546875","35.147972106933594","","","","","","",""
"1583","211","1","2","1","21","2F06AD3ED2692600000075467644421E0D42D371F1","1583","1775386285","3800.0","","","","","","","","211","61809","True","2026-04-05 10:51:25+00:00","0.0","0.0","985.1008911132812","35.27954864501953","","","","","","",""
"1586","211","1","2","1","21","3206E33FD269260000004A4D7644F6790C42D360D0","1586","1775386595","3800.0","","","","","","","","211","53344","True","2026-04-05 10:56:35+00:00","0.0","0.0","985.2076416015625","35.119102478027344","","","","","","",""
"1588","211","1","2","1","21","34062441D26926000000BA567644842E0C42D3AB74","1588","1775386916","3800.0","","","","","","","","211","29867","True","2026-04-05 11:01:56+00:00","0.0","0.0","985.3551025390625","35.04542541503906","","","","","","",""
"1591","211","1","2","1","21","37066F42D269260000006E50764476EE0C42D31447","1591","1775387247","3800.0","","","","","","","","211","18196","True","2026-04-05 11:07:27+00:00","0.0","0.0","985.2567138671875","35.232872009277344","","","","","","",""
"1593","211","1","2","1","21","3906A443D26926000000C83C7644B3350D42D33EEA","1593","1775387556","3800.0","","","","","","","","211","59966","True","2026-04-05 11:12:36+00:00","0.0","0.0","984.94970703125","35.30244064331055","","","","","","",""
"1596","211","1","2","1","21","3C06F044D26926000000FE38764453EF0C42D35F5C","1596","1775387888","3800.0","","","","","","","","211","23647","True","2026-04-05 11:18:08+00:00","0.0","0.0","984.8905029296875","35.23371505737305","","","","","","",""
"1598","211","1","2","1","21","3E061746D26926000000084B7644F6030D42D3CAB5","1598","1775388183","3800.0","","","","","","","","211","46538","True","2026-04-05 11:23:03+00:00","0.0","0.0","985.17236328125","35.253868103027344","","","","","","",""
"1601","211","1","2","1","21","41065D47D269260000008A9B7644AA630F42D3171E","1601","1775388509","3800.0","","","","","","","","211","7703","True","2026-04-05 11:28:29+00:00","0.0","0.0","986.4302978515625","35.847328186035156","","","","","","",""
"1604","211","1","2","1","21","44069748D26926000000AD007744BB061542D347A8","1604","1775388823","3800.0","","","","","","","","211","43079","True","2026-04-05 11:33:43+00:00","0.0","0.0","988.0105590820312","37.25657272338867","","","","","","",""
"1606","211","1","2","1","21","4606D349D26926000000FE867744E8932142D38653","1606","1775389139","3800.0","","","","","","","","211","21382","True","2026-04-05 11:38:59+00:00","0.0","0.0","990.1092529296875","40.394439697265625","","","","","","",""
"1609","211","1","2","1","21","4906114BD26926000000C3D57744BEAF2C42D31B40","1609","1775389457","3800.0","","","","","","","","211","16411","True","2026-04-05 11:44:17+00:00","0.0","0.0","991.3400268554688","43.17162322998047","","","","","","",""
"1611","211","1","2","1","21","4B06484CD26926000000EA5D78443F853942D30906","1611","1775389768","3800.0","","","","","","","","211","1545","True","2026-04-05 11:49:28+00:00","0.0","0.0","993.4674072265625","46.380123138427734","","","","","","",""
"1614","211","1","2","1","21","4E06824DD26926000000FBC4784405AD4342D310D0","1614","1775390082","3800.0","","","","","","","","211","53264","True","2026-04-05 11:54:42+00:00","0.0","0.0","995.0778198242188","48.91896438598633","","","","","","",""
"1616","211","1","2","1","21","5006AD4ED26926000000B8E2784402064C42D33083","1616","1775390381","3800.0","","","","","","","","211","33584","True","2026-04-05 11:59:41+00:00","0.0","0.0","995.54248046875","51.00586700439453","","","","","","",""
"1619","211","1","2","1","21","5306F44FD26926000000328A7844E0BE5342D3640F","1619","1775390708","3800.0","","","","","","","","211","3940","True","2026-04-05 12:05:08+00:00","0.0","0.0","994.1593017578125","52.9364013671875","","","","","","",""
"1622","211","1","2","1","21","56062D51D26926000000850178447AFE5642D3D25E","1622","1775391021","3800.0","","","","","","","","211","24274","True","2026-04-05 12:10:21+00:00","0.0","0.0","992.0237426757812","53.748512268066406","","","","","","",""
"1624","211","1","2","1","21","58066D52D2692600000078787744FECF5842D39979","1624","1775391341","3800.0","","","","","","","","211","31129","True","2026-04-05 12:15:41+00:00","0.0","0.0","989.88232421875","54.20311737060547","","","","","","",""
"1627","211","1","2","1","21","5B06AC53D269260000006D0A7744886F5942D38E2D","1627","1775391660","3800.0","","","","","","","","211","11662","True","2026-04-05 12:21:00+00:00","0.0","0.0","988.1629028320312","54.358917236328125","","","","","","",""
"1629","211","1","2","1","21","5D06DD54D269260000006EC87644733E5942D3002A","1629","1775391965","3800.0","","","","","","","","211","10752","True","2026-04-05 12:26:05+00:00","0.0","0.0","987.1317138671875","54.31098556518555","","","","","","",""
"1632","211","1","2","1","21","60063156D269260000004D8676443BF55742D3A00B","1632","1775392305","3800.0","","","","","","","","211","2976","True","2026-04-05 12:31:45+00:00","0.0","0.0","986.0984497070312","53.98948287963867","","","","","","",""
"1635","211","1","2","1","21","63066157D2692600000095527644F2455642D34649","1635","1775392609","3800.0","","","","","","","","211","18758","True","2026-04-05 12:36:49+00:00","0.0","0.0","985.2903442382812","53.56830596923828","","","","","","",""
"1637","211","1","2","1","21","65069B58D26926000000B0017644361C5442D33459","1637","1775392923","3800.0","","","","","","","","211","22836","True","2026-04-05 12:42:03+00:00","0.0","0.0","984.0263671875","53.027549743652344","","","","","","",""
"1640","211","1","2","1","21","6806DF59D26926000000B6B275445AFB5042D370A6","1640","1775393247","3800.0","","","","","","","","211","42608","True","2026-04-05 12:47:27+00:00","0.0","0.0","982.7923583984375","52.245460510253906","","","","","","",""
"1642","211","1","2","1","21","6A060C5BD269260000000E6675440EAF4C42D316A3","1642","1775393548","3800.0","","","","","","","","211","41750","True","2026-04-05 12:52:28+00:00","0.0","0.0","981.5946044921875","51.17095184326172","","","","","","",""
"1645","211","1","2","1","21","6D065C5CD26926000000B05175449E1F4742D33A09","1645","1775393884","3800.0","","","","","","","","211","2362","True","2026-04-05 12:58:04+00:00","0.0","0.0","981.2763671875","49.78087615966797","","","","","","",""
"1648","211","1","2","1","21","70068D5DD269260000003D727544C8544342D3FA37","1648","1775394189","3800.0","","","","","","","","211","14330","True","2026-04-05 13:03:09+00:00","0.0","0.0","981.7849731445312","48.832794189453125","","","","","","",""
"1650","211","1","2","1","21","7206DA5ED2692600000096907544EC3B3F42D38E25","1650","1775394522","3800.0","","","","","","","","211","9614","True","2026-04-05 13:08:42+00:00","0.0","0.0","982.2591552734375","47.80851745605469","","","","","","",""
"1653","211","1","2","1","21","75060D60D269260000009D9D754410863C42D3B738","1653","1775394829","3800.0","","","","","","","","211","14519","True","2026-04-05 13:13:49+00:00","0.0","0.0","982.4627075195312","47.13092041015625","","","","","","",""
"1655","211","1","2","1","21","77064461D269260000002A93754491DE3842D3C913","1655","1775395140","3800.0","","","","","","","","211","5065","True","2026-04-05 13:19:00+00:00","0.0","0.0","982.2994384765625","46.217350006103516","","","","","","",""
"1658","211","1","2","1","21","7A069462D269260000002D607544B05B3442D31DE9","1658","1775395476","3800.0","","","","","","","","211","59677","True","2026-04-05 13:24:36+00:00","0.0","0.0","981.5027465820312","45.08953857421875","","","","","","",""
"1661","211","1","2","1","21","7D06C063D269260000003340754490843042D3D3AD","1661","1775395776","3800.0","","","","","","","","211","44499","True","2026-04-05 13:29:36+00:00","0.0","0.0","981.0031127929688","44.12945556640625","","","","","","",""
"1663","211","1","2","1","21","7F06FE64D269260000006D3D754446602D42D37A82","1663","1775396094","3800.0","","","","","","","","211","33402","True","2026-04-05 13:34:54+00:00","0.0","0.0","980.9597778320312","43.344017028808594","","","","","","",""
"1666","211","1","2","1","21","82063C66D269260000002651754462442A42D34F50","1666","1775396412","3800.0","","","","","","","","211","20559","True","2026-04-05 13:40:12+00:00","0.0","0.0","981.2679443359375","42.56678009033203","","","","","","",""
"1668","211","1","2","1","21","84067B67D2692600000008537544DD742642D3A35F","1668","1775396731","3800.0","","","","","","","","211","24483","True","2026-04-05 13:45:31+00:00","0.0","0.0","981.29736328125","41.6141242980957","","","","","","",""
"1671","211","1","2","1","21","8706CF68D26926000000E84375448AC42142D3BEB9","1671","1775397071","3800.0","","","","","","","","211","47550","True","2026-04-05 13:51:11+00:00","0.0","0.0","981.06103515625","40.441932678222656","","","","","","",""
"1674","211","1","2","1","21","8A060A6AD2692600000013317544CDCA1D42D3D56F","1674","1775397386","3800.0","","","","","","","","211","28629","True","2026-04-05 13:56:26+00:00","0.0","0.0","980.7667846679688","39.44804763793945","","","","","","",""
"1676","211","1","2","1","21","8C06556BD26926000000D60A754466D61642D361D5","1676","1775397717","3800.0","","","","","","","","211","54625","True","2026-04-05 14:01:57+00:00","0.0","0.0","980.1693115234375","37.709373474121094","","","","","","",""
"1679","211","1","2","1","21","8F06976CD269260000006DE374447AB30F42D3780F","1679","1775398039","3800.0","","","","","","","","211","3960","True","2026-04-05 14:07:19+00:00","0.0","0.0","979.5535278320312","35.925270080566406","","","","","","",""
"1682","211","1","2","1","21","9206C26DD2692600000010CE744455C10A42D31455","1682","1775398338","3800.0","","","","","","","","211","21780","True","2026-04-05 14:12:18+00:00","0.0","0.0","979.2197265625","34.68880081176758","","","","","","",""
"1684","211","1","2","1","21","9406F76ED2692600000023B874448ECA0542D38228","1684","1775398647","3800.0","","","","","","","","211","10370","True","2026-04-05 14:17:27+00:00","0.0","0.0","978.8771362304688","33.44780731201172","","","","","","",""
"1687","211","1","2","1","21","97063670D269260000008DBA7444C0C30042D38012","1687","1775398966","3800.0","","","","","","","","211","4736","True","2026-04-05 14:22:46+00:00","0.0","0.0","978.9148559570312","32.191162109375","","","","","","",""
"1690","211","1","2","1","21","9A068971D269260000009DEF744435DCF641D3E29C","1690","1775399305","3800.0","","","","","","","","211","40162","True","2026-04-05 14:28:25+00:00","0.0","0.0","979.7439575195312","30.85752296447754","","","","","","",""
"1692","211","1","2","1","21","9C06D872D269260000007E3475443AB4EE41D39A87","1692","1775399640","3800.0","","","","","","","","211","34714","True","2026-04-05 14:34:00+00:00","0.0","0.0","980.8201904296875","29.838001251220703","","","","","","",""
"1695","211","1","2","1","21","9F060974D269260000009E6275448D65E941D33BAD","1695","1775399945","3800.0","","","","","","","","211","44347","True","2026-04-05 14:39:05+00:00","0.0","0.0","981.5408935546875","29.174585342407227","","","","","","",""
"1697","211","1","2","1","21","A1063975D269260000001E8A75441D85E441D3A532","1697","1775400249","3800.0","","","","","","","","211","12965","True","2026-04-05 14:44:09+00:00","0.0","0.0","982.1580810546875","28.56499671936035","","","","","","",""
"1700","211","1","2","1","21","A4067E76D2692600000060B47544965FDF41D3F07D","1700","1775400574","3800.0","","","","","","","","211","32240","True","2026-04-05 14:49:34+00:00","0.0","0.0","982.818359375","27.921672821044922","","","","","","",""
"1703","211","1","2","1","21","A706C677D26926000000A8D475443BCFDA41D39290","1703","1775400902","3800.0","","","","","","","","211","37010","True","2026-04-05 14:55:02+00:00","0.0","0.0","983.32275390625","27.351186752319336","","","","","","",""
"1705","211","1","2","1","21","A906F978D2692600000085E87544ED71D741D3120F","1705","1775401209","3800.0","","","","","","","","211","3858","True","2026-04-05 15:00:09+00:00","0.0","0.0","983.6331176757812","26.930627822875977","","","","","","",""
"1708","211","1","2","1","21","AC063E7AD269260000000E01764410CFD441D3957D","1708","1775401534","3800.0","","","","","","","","211","32149","True","2026-04-05 15:05:34+00:00","0.0","0.0","984.0164794921875","26.601104736328125","","","","","","",""
"1711","211","1","2","1","21","AF06787BD26926000000DD1476441E74D241D3E4C4","1711","1775401848","3800.0","","","","","","","","211","50404","True","2026-04-05 15:10:48+00:00","0.0","0.0","984.3259887695312","26.306697845458984","","","","","","",""
"1713","211","1","2","1","21","B106C37CD26926000000782C76441349CF41D3868E","1713","1775402179","3800.0","","","","","","","","211","36486","True","2026-04-05 15:16:19+00:00","0.0","0.0","984.69482421875","25.910680770874023","","","","","","",""
"1716","211","1","2","1","21","B406037ED26926000000503C7644A692CD41D341B6","1716","1775402499","3800.0","","","","","","","","211","46657","True","2026-04-05 15:21:39+00:00","0.0","0.0","984.9423828125","25.696605682373047","","","","","","",""
"1718","211","1","2","1","21","B6062F7FD2692600000026497644AEEFCB41D37F88","1718","1775402799","3800.0","","","","","","","","211","34943","True","2026-04-05 15:26:39+00:00","0.0","0.0","985.1429443359375","25.49203109741211","","","","","","",""
"1721","211","1","2","1","21","B9068480D26926000000CD557644E7FCC941D31FF8","1721","1775403140","3800.0","","","","","","","","211","63519","True","2026-04-05 15:32:20+00:00","0.0","0.0","985.3406372070312","25.24848747253418","","","","","","",""
"1724","211","1","2","1","21","BC06BF81D269260000008A5F764461C4C741D37E70","1724","1775403455","3800.0","","","","","","","","211","28798","True","2026-04-05 15:37:35+00:00","0.0","0.0","985.4927978515625","24.970888137817383","","","","","","",""
"1726","211","1","2","1","21","BE06FF82D26926000000B56F764414D2C541D32D0A","1726","1775403775","3800.0","","","","","","","","211","2605","True","2026-04-05 15:42:55+00:00","0.0","0.0","985.7454223632812","24.727577209472656","","","","","","",""
"1729","211","1","2","1","21","C1063784D26926000000607D76448FFFC441D3FE7B","1729","1775404087","3800.0","","","","","","","","211","31742","True","2026-04-05 15:48:07+00:00","0.0","0.0","985.958984375","24.624784469604492","","","","","","",""
"1732","211","1","2","1","21","C4068485D26926000000DA8C7644F630C641D351B4","1732","1775404420","3800.0","","","","","","","","211","46161","True","2026-04-05 15:53:40+00:00","0.0","0.0","986.2008056640625","24.773906707763672","","","","","","",""
"1734","211","1","2","1","21","C606D186D26926000000129876443513C641D3D94F","1734","1775404753","3800.0","","","","","","","","211","20441","True","2026-04-05 15:59:13+00:00","0.0","0.0","986.3760986328125","24.75937843322754","","","","","","",""
"1737","211","1","2","1","21","C9060E88D2692600000062997644DCF7C341D3E68D","1737","1775405070","3800.0","","","","","","","","211","36326","True","2026-04-05 16:04:30+00:00","0.0","0.0","986.3966064453125","24.49602508544922","","","","","","",""
"1739","211","1","2","1","21","CB064B89D26926000000229B76443800C241D39639","1739","1775405387","3800.0","","","","","","","","211","14742","True","2026-04-05 16:09:47+00:00","0.0","0.0","986.4239501953125","24.250106811523438","","","","","","",""
"1742","211","1","2","1","21","CE06878AD26926000000C29F7644FEDBC041D3F465","1742","1775405703","3800.0","","","","","","","","211","26100","True","2026-04-05 16:15:03+00:00","0.0","0.0","986.4962158203125","24.107418060302734","","","","","","",""
"1745","211","1","2","1","21","D106E18BD26926000000B6A7764471CDBF41D3FA91","1745","1775406049","3800.0","","","","","","","","211","37370","True","2026-04-05 16:20:49+00:00","0.0","0.0","986.6204833984375","23.975313186645508","","","","","","",""
"1747","211","1","2","1","21","D306158DD2692600000042AD7644B364BF41D31963","1747","1775406357","3800.0","","","","","","","","211","25369","True","2026-04-05 16:25:57+00:00","0.0","0.0","986.7071533203125","23.924169540405273","","","","","","",""
"1750","211","1","2","1","21","D606548ED26926000000A6B17644AEDCBE41D3CBE4","1750","1775406676","3800.0","","","","","","","","211","58571","True","2026-04-05 16:31:16+00:00","0.0","0.0","986.7757568359375","23.85775375366211","","","","","","",""
"1752","211","1","2","1","21","D806908FD269260000007AB87644D0CBBD41D32D6D","1752","1775406992","3800.0","","","","","","","","211","27949","True","2026-04-05 16:36:32+00:00","0.0","0.0","986.8824462890625","23.724517822265625","","","","","","",""
"1755","211","1","2","1","21","DB06CE90D269260000007AC07644FA00BD41D3138B","1755","1775407310","3800.0","","","","","","","","211","35603","True","2026-04-05 16:41:50+00:00","0.0","0.0","987.0074462890625","23.625476837158203","","","","","","",""
"1758","211","1","2","1","21","DE062792D2692600000053CA7644B16CBC41D39D56","1758","1775407655","3800.0","","","","","","","","211","22173","True","2026-04-05 16:47:35+00:00","0.0","0.0","987.1613159179688","23.553071975708008","","","","","","",""
"1760","211","1","2","1","21","E0065C93D26926000000D0D17644E262BC41D30616","1760","1775407964","3800.0","","","","","","","","211","5638","True","2026-04-05 16:52:44+00:00","0.0","0.0","987.2783203125","23.548282623291016","","","","","","",""
"1763","211","1","2","1","21","E306A994D269260000005AD876444CC3BB41D34100","1763","1775408297","3800.0","","","","","","","","211","65","True","2026-04-05 16:58:17+00:00","0.0","0.0","987.3804931640625","23.470359802246094","","","","","","",""
"1765","211","1","2","1","21","E506E695D269260000005DDC7644F543BA41D35313","1765","1775408614","3800.0","","","","","","","","211","4947","True","2026-04-05 17:03:34+00:00","0.0","0.0","987.4431762695312","23.28318214416504","","","","","","",""
"1768","211","1","2","1","21","E8062C97D269260000006AE0764490B3B941D38895","1768","1775408940","3800.0","","","","","","","","211","38280","True","2026-04-05 17:09:00+00:00","0.0","0.0","987.5064697265625","23.212677001953125","","","","","","",""
"1771","211","1","2","1","21","EB067F98D26926000000A3E77644608CB941D34FEB","1771","1775409279","3800.0","","","","","","","","211","60239","True","2026-04-05 17:14:39+00:00","0.0","0.0","987.6193237304688","23.19354248046875","","","","","","",""
"1773","211","1","2","1","21","ED06BC99D26926000000A6ED7644274DB941D35D4B","1773","1775409596","3800.0","","","","","","","","211","19293","True","2026-04-05 17:19:56+00:00","0.0","0.0","987.7132568359375","23.16267204284668","","","","","","",""
"1776","211","1","2","1","21","F006FB9AD2692600000028F376441244B941D3772C","1776","1775409915","3800.0","","","","","","","","211","11383","True","2026-04-05 17:25:15+00:00","0.0","0.0","987.79931640625","23.15823745727539","","","","","","",""
"1779","211","1","2","1","21","F3064A9CD26926000000CDF976445507B941D3FE7E","1779","1775410250","3800.0","","","","","","","","211","32510","True","2026-04-05 17:30:50+00:00","0.0","0.0","987.9031372070312","23.12858009338379","","","","","","",""
"1781","211","1","2","1","21","F506849DD26926000000BAFE76447DD4B841D3948C","1781","1775410564","3800.0","","","","","","","","211","35988","True","2026-04-05 17:36:04+00:00","0.0","0.0","987.9801025390625","23.1037540435791","","","","","","",""
"1784","211","1","2","1","21","F806D39ED26926000000A2047744C22EB841D3FCD4","1784","1775410899","3800.0","","","","","","","","211","54524","True","2026-04-05 17:41:39+00:00","0.0","0.0","988.0723876953125","23.022830963134766","","","","","","",""
"1787","211","1","2","1","21","FB0605A0D26926000000ED0777447B7AB741D3DCFC","1787","1775411205","3800.0","","","","","","","","211","64732","True","2026-04-05 17:46:45+00:00","0.0","0.0","988.1238403320312","22.934804916381836","","","","","","",""
"1789","211","1","2","1","21","FD0654A1D269260000003E0B7744F0DCB641D3897D","1789","1775411540","3800.0","","","","","","","","211","32137","True","2026-04-05 17:52:20+00:00","0.0","0.0","988.1756591796875","22.857879638671875","","","","","","",""
"1792","211","1","2","1","21","00078AA2D269260000007A0F77442690B641D35204","1792","1775411850","3800.0","","","","","","","","211","1106","True","2026-04-05 17:57:30+00:00","0.0","0.0","988.2418212890625","22.820384979248047","","","","","","",""
"1794","211","1","2","1","21","0207C7A3D26926000000031477449239B641D33290","1794","1775412167","3800.0","","","","","","","","211","36914","True","2026-04-05 18:02:47+00:00","0.0","0.0","988.3126831054688","22.77811050415039","","","","","","",""
"1797","211","1","2","1","21","050711A5D269260000000E197744600FB741D315D1","1797","1775412497","3800.0","","","","","","","","211","53525","True","2026-04-05 18:08:17+00:00","0.0","0.0","988.3914794921875","22.88250732421875","","","","","","",""
"1800","211","1","2","1","21","080746A6D26926000000001D7744E259B841D3174F","1800","1775412806","3800.0","","","","","","","","211","20247","True","2026-04-05 18:13:26+00:00","0.0","0.0","988.453125","23.043888092041016","","","","","","",""
"1802","211","1","2","1","21","0A0783A7D26926000000D61E774403F2B841D316D4","1802","1775413123","3800.0","","","","","","","","211","54294","True","2026-04-05 18:18:43+00:00","0.0","0.0","988.4818115234375","23.1181697845459","","","","","","",""
"1805","211","1","2","1","21","0D07C0A8D26926000000761D7744926DB841D3A090","1805","1775413440","3800.0","","","","","","","","211","37024","True","2026-04-05 18:24:00+00:00","0.0","0.0","988.4603271484375","23.05350112915039","","","","","","",""
"1807","211","1","2","1","21","0F07EFA9D269260000003D187744F222B641D354F6","1807","1775413743","3800.0","","","","","","","","211","63060","True","2026-04-05 18:29:03+00:00","0.0","0.0","988.3787231445312","22.76706314086914","","","","","","",""
"1810","211","1","2","1","21","120735ABD26926000000D3167744D67CB541D3F515","1810","1775414069","3800.0","","","","","","","","211","5621","True","2026-04-05 18:34:29+00:00","0.0","0.0","988.3566284179688","22.685955047607422","","","","","","",""
"1813","211","1","2","1","21","150775ACD26926000000B2167744F8B8B441D30EA5","1813","1775414389","3800.0","","","","","","","","211","42254","True","2026-04-05 18:39:49+00:00","0.0","0.0","988.3546142578125","22.590316772460938","","","","","","",""
"1815","211","1","2","1","21","1707B8ADD26926000000651977443A7BB441D3FC79","1815","1775414712","3800.0","","","","","","","","211","31228","True","2026-04-05 18:45:12+00:00","0.0","0.0","988.3967895507812","22.560169219970703","","","","","","",""
"1818","211","1","2","1","21","1A07E3AED26926000000751977447137B441D37BC8","1818","1775415011","3800.0","","","","","","","","211","51323","True","2026-04-05 18:50:11+00:00","0.0","0.0","988.3977661132812","22.527070999145508","","","","","","",""
"1820","211","1","2","1","21","1C0717B0D26926000000BE187744DF5CB441D3CA36","1820","1775415319","3800.0","","","","","","","","211","14026","True","2026-04-05 18:55:19+00:00","0.0","0.0","988.3865966796875","22.545347213745117","","","","","","",""
"1823","211","1","2","1","21","1F0759B1D26926000000DA1677449B08B441D3C9AC","1823","1775415641","3800.0","","","","","","","","211","44233","True","2026-04-05 19:00:41+00:00","0.0","0.0","988.3570556640625","22.504201889038086","","","","","","",""
"1825","211","1","2","1","21","21078DB2D269260000007E1577441228B341D37EC1","1825","1775415949","3800.0","","","","","","","","211","49534","True","2026-04-05 19:05:49+00:00","0.0","0.0","988.3358154296875","22.39456558227539","","","","","","",""
"1828","211","1","2","1","21","2407E1B3D26926000000D01577441E1CB341D3CE79","1828","1775416289","3800.0","","","","","","","","211","31182","True","2026-04-05 19:11:29+00:00","0.0","0.0","988.3408203125","22.388729095458984","","","","","","",""
"1831","211","1","2","1","21","270714B5D269260000009D1677443858B341D3D39A","1831","1775416596","3800.0","","","","","","","","211","39635","True","2026-04-05 19:16:36+00:00","0.0","0.0","988.3533325195312","22.418075561523438","","","","","","",""
"1833","211","1","2","1","21","29074EB6D269260000009A1577444201B341D3CB62","1833","1775416910","3800.0","","","","","","","","211","25291","True","2026-04-05 19:21:50+00:00","0.0","0.0","988.3375244140625","22.375614166259766","","","","","","",""
"1836","211","1","2","1","21","2C0799B7D269260000007E15774407E5B241D32028","1836","1775417241","3800.0","","","","","","","","211","10272","True","2026-04-05 19:27:21+00:00","0.0","0.0","988.3358154296875","22.36182975769043","","","","","","",""
"1839","211","1","2","1","21","2F07C7B8D26926000000681477448A81B241D34F7E","1839","1775417543","3800.0","","","","","","","","211","32335","True","2026-04-05 19:32:23+00:00","0.0","0.0","988.31884765625","22.313251495361328","","","","","","",""
"1841","211","1","2","1","21","310702BAD26926000000501577444476B241D37D09","1841","1775417858","3800.0","","","","","","","","211","2429","True","2026-04-05 19:37:38+00:00","0.0","0.0","988.3330078125","22.30774688720703","","","","","","",""
"1844","211","1","2","1","21","34074FBBD26926000000821677449225B241D32032","1844","1775418191","3800.0","","","","","","","","211","12832","True","2026-04-05 19:43:11+00:00","0.0","0.0","988.3516845703125","22.26834487915039","","","","","","",""
"1846","211","1","2","1","21","36078FBCD2692600000006167744CE82B141D3E321","1846","1775418511","3800.0","","","","","","","","211","8675","True","2026-04-05 19:48:31+00:00","0.0","0.0","988.3441162109375","22.18886947631836","","","","","","",""
"1849","211","1","2","1","21","3907CCBDD26926000000F81677444E9AB141D36EB1","1849","1775418828","3800.0","","","","","","","","211","45422","True","2026-04-05 19:53:48+00:00","0.0","0.0","988.35888671875","22.20034408569336","","","","","","",""
"1852","211","1","2","1","21","3C070ABFD26926000000501677443974B141D314E0","1852","1775419146","3800.0","","","","","","","","211","57364","True","2026-04-05 19:59:06+00:00","0.0","0.0","988.3486328125","22.18174934387207","","","","","","",""
"1854","211","1","2","1","21","3E074AC0D26926000000C2157744856FB141D3D0E6","1854","1775419466","3800.0","","","","","","","","211","59088","True","2026-04-05 20:04:26+00:00","0.0","0.0","988.3399658203125","22.179452896118164","","","","","","",""
"1857","211","1","2","1","21","41078EC1D26926000000B81677444D34B141D34568","1857","1775419790","3800.0","","","","","","","","211","26693","True","2026-04-05 20:09:50+00:00","0.0","0.0","988.35498046875","22.150537490844727","","","","","","",""
"1859","211","1","2","1","21","4307C1C2D2692600000078187744AD13B141D3B882","1859","1775420097","3800.0","","","","","","","","211","33464","True","2026-04-05 20:14:57+00:00","0.0","0.0","988.38232421875","22.134607315063477","","","","","","",""
"1862","211","1","2","1","21","460713C4D26926000000B31A77449BE4B141D3B707","1862","1775420435","3800.0","","","","","","","","211","1975","True","2026-04-05 20:20:35+00:00","0.0","0.0","988.4171752929688","22.236623764038086","","","","","","",""
"1865","211","1","2","1","21","49074DC5D26926000000E21B7744F38BB241D3A1E9","1865","1775420749","3800.0","","","","","","","","211","59809","True","2026-04-05 20:25:49+00:00","0.0","0.0","988.4356689453125","22.318334579467773","","","","","","",""
"1867","211","1","2","1","21","4B0797C6D26926000000881A774436D1B241D33BC0","1867","1775421079","3800.0","","","","","","","","211","49211","True","2026-04-05 20:31:19+00:00","0.0","0.0","988.41455078125","22.352153778076172","","","","","","",""
"1870","211","1","2","1","21","4E07E9C7D26926000000ED1477445A8EB241D39E63","1870","1775421417","3800.0","","","","","","","","211","25502","True","2026-04-05 20:36:57+00:00","0.0","0.0","988.3269653320312","22.319507598876953","","","","","","",""
"1873","211","1","2","1","21","51072BC9D26926000000331177447E85B241D3E596","1873","1775421739","3800.0","","","","","","","","211","38629","True","2026-04-05 20:42:19+00:00","0.0","0.0","988.2687377929688","22.315181732177734","","","","","","",""
"1875","211","1","2","1","21","53076ECAD26926000000D30B77449831B241D32FDF","1875","1775422062","3800.0","","","","","","","","211","57135","True","2026-04-05 20:47:42+00:00","0.0","0.0","988.1847534179688","22.274215698242188","","","","","","",""
"1878","211","1","2","1","21","5607ADCBD269260000008E0777440413B241D3056C","1878","1775422381","3800.0","","","","","","","","211","27653","True","2026-04-05 20:53:01+00:00","0.0","0.0","988.1180419921875","22.25928497314453","","","","","","",""
"1881","211","1","2","1","21","590702CDD2692600000076057744AE6CB241D34A77","1881","1775422722","3800.0","","","","","","","","211","30538","True","2026-04-05 20:58:42+00:00","0.0","0.0","988.0853271484375","22.30306625366211","","","","","","",""
"1883","211","1","2","1","21","5B0734CED26926000000C603774498E3B241D39170","1883","1775423028","3800.0","","","","","","","","211","28817","True","2026-04-05 21:03:48+00:00","0.0","0.0","988.0589599609375","22.361129760742188","","","","","","",""
"1886","211","1","2","1","21","5E0780CFD26926000000B3FD76440614B241D39E4F","1886","1775423360","3800.0","","","","","","","","211","20382","True","2026-04-05 21:09:20+00:00","0.0","0.0","987.9640502929688","22.259777069091797","","","","","","",""
"1889","211","1","2","1","21","6107B8D0D269260000001EF9764424F4B041D3F6A5","1889","1775423672","3800.0","","","","","","","","211","42486","True","2026-04-05 21:14:32+00:00","0.0","0.0","987.8924560546875","22.11920928955078","","","","","","",""
"1891","211","1","2","1","21","6307F6D1D26926000000FEF576449C29B041D323D7","1891","1775423990","3800.0","","","","","","","","211","55075","True","2026-04-05 21:19:50+00:00","0.0","0.0","987.8436279296875","22.02031707763672","","","","","","",""
"1894","211","1","2","1","21","66073FD3D26926000000CAF27644DDDEAF41D34AAB","1894","1775424319","3800.0","","","","","","","","211","43850","True","2026-04-05 21:25:19+00:00","0.0","0.0","987.7935791015625","21.98381996154785","","","","","","",""
"1896","211","1","2","1","21","680771D4D26926000000CAEF76447F3AAF41D39F61","1896","1775424625","3800.0","","","","","","","","211","24991","True","2026-04-05 21:30:25+00:00","0.0","0.0","987.7467041015625","21.903562545776367","","","","","","",""
"1899","211","1","2","1","21","6B07C6D5D2692600000048F27644597CAF41D32F85","1899","1775424966","3800.0","","","","","","","","211","34095","True","2026-04-05 21:36:06+00:00","0.0","0.0","987.78564453125","21.93571662902832","","","","","","",""
"1902","211","1","2","1","21","6E0707D7D269260000007EF57644CEBBAF41D3ED01","1902","1775425287","3800.0","","","","","","","","211","493","True","2026-04-05 21:41:27+00:00","0.0","0.0","987.8358154296875","21.96670150756836","","","","","","",""
"1904","211","1","2","1","21","700743D8D2692600000060F776445AB5AF41D3E1A5","1904","1775425603","3800.0","","","","","","","","211","42465","True","2026-04-05 21:46:43+00:00","0.0","0.0","987.865234375","21.963550567626953","","","","","","",""
"1907","211","1","2","1","21","730786D9D26926000000EEFA7644B5ABB141D36881","1907","1775425926","3800.0","","","","","","","","211","33128","True","2026-04-05 21:52:06+00:00","0.0","0.0","987.9207763671875","22.20884132385254","","","","","","",""
"1910","211","1","2","1","21","7607D6DAD269260000001EFD76446889B341D38FE8","1910","1775426262","3800.0","","","","","","","","211","59535","True","2026-04-05 21:57:42+00:00","0.0","0.0","987.9549560546875","22.442092895507812","","","","","","",""
"1912","211","1","2","1","21","780701DCD269260000005BFA76444243B341D3B1C2","1912","1775426561","3800.0","","","","","","","","211","49841","True","2026-04-05 22:02:41+00:00","0.0","0.0","987.9118041992188","22.407840728759766","","","","","","",""
"1915","211","1","2","1","21","7B073BDDD2692600000042F37644C03DB041D3458B","1915","1775426875","3800.0","","","","","","","","211","35653","True","2026-04-05 22:07:55+00:00","0.0","0.0","987.8009033203125","22.0301513671875","","","","","","",""
"1917","211","1","2","1","21","7D0770DED2692600000035F376444C73AF41D32559","1917","1775427184","3800.0","","","","","","","","211","22821","True","2026-04-05 22:13:04+00:00","0.0","0.0","987.8001098632812","21.931297302246094","","","","","","",""
"1920","211","1","2","1","21","8007C4DFD26926000000B2F376446A77AF41D33F64","1920","1775427524","3800.0","","","","","","","","211","25663","True","2026-04-05 22:18:44+00:00","0.0","0.0","987.8077392578125","21.933307647705078","","","","","","",""
"1923","211","1","2","1","21","8307F7E0D2692600000038F476446429AF41D3E596","1923","1775427831","3800.0","","","","","","","","211","38629","True","2026-04-05 22:23:51+00:00","0.0","0.0","987.81591796875","21.89521026611328","","","","","","",""
"1925","211","1","2","1","21","85073BE2D2692600000016F5764426E3AE41D39454","1925","1775428155","3800.0","","","","","","","","211","21652","True","2026-04-05 22:29:15+00:00","0.0","0.0","987.8294677734375","21.860912322998047","","","","","","",""
"1928","211","1","2","1","21","88077DE3D269260000004AF4764496A8AE41D39F40","1928","1775428477","3800.0","","","","","","","","211","16543","True","2026-04-05 22:34:37+00:00","0.0","0.0","987.8170166015625","21.832317352294922","","","","","","",""
"1930","211","1","2","1","21","8A07AFE4D269260000008BF17644DDF7AD41D33275","1930","1775428783","3800.0","","","","","","","","211","30002","True","2026-04-05 22:39:43+00:00","0.0","0.0","987.7741088867188","21.74602699279785","","","","","","",""
"1933","211","1","2","1","21","8D07F1E5D269260000000AEF76445B26AE41D3D6FB","1933","1775429105","3800.0","","","","","","","","211","64470","True","2026-04-05 22:45:05+00:00","0.0","0.0","987.7349853515625","21.768728256225586","","","","","","",""
"1936","211","1","2","1","21","90071DE7D269260000000BED76446E3EAE41D31228","1936","1775429405","3800.0","","","","","","","","211","10258","True","2026-04-05 22:50:05+00:00","0.0","0.0","987.7037963867188","21.78048324584961","","","","","","",""
"1938","211","1","2","1","21","920756E8D26926000000B2EC76441152AE41D30593","1938","1775429718","3800.0","","","","","","","","211","37637","True","2026-04-05 22:55:18+00:00","0.0","0.0","987.6983642578125","21.790071487426758","","","","","","",""
"1941","211","1","2","1","21","950799E9D2692600000088EE76447567AE41D3C6E8","1941","1775430041","3800.0","","","","","","","","211","59590","True","2026-04-05 23:00:41+00:00","0.0","0.0","987.72705078125","21.80051612854004","","","","","","",""
"1944","211","1","2","1","21","9807E0EAD2692600000065F07644A209AE41D3FFDA","1944","1775430368","3800.0","","","","","","","","211","56063","True","2026-04-05 23:06:08+00:00","0.0","0.0","987.7561645507812","21.754703521728516","","","","","","",""
"1946","211","1","2","1","21","9A072AECD269260000003EF07644CCDCAD41D37D0B","1946","1775430698","3800.0","","","","","","","","211","2941","True","2026-04-05 23:11:38+00:00","0.0","0.0","987.7537841796875","21.732810974121094","","","","","","",""
"1949","211","1","2","1","21","9D0776EDD269260000003EEF7644FAB0AD41D32608","1949","1775431030","3800.0","","","","","","","","211","2086","True","2026-04-05 23:17:10+00:00","0.0","0.0","987.7381591796875","21.711414337158203","","","","","","",""
"1951","211","1","2","1","21","9F07A3EED269260000001DEF7644FEA4AD41D3FB5B","1951","1775431331","3800.0","","","","","","","","211","23547","True","2026-04-05 23:22:11+00:00","0.0","0.0","987.7361450195312","21.705562591552734","","","","","","",""
"1954","211","1","2","1","21","A207DDEFD2692600000065EF76444D85AD41D36F19","1954","1775431645","3800.0","","","","","","","","211","6511","True","2026-04-05 23:27:25+00:00","0.0","0.0","987.7405395507812","21.690088272094727","","","","","","",""
"1957","211","1","2","1","21","A50728F1D2692600000058EE76449369AD41D351F6","1957","1775431976","3800.0","","","","","","","","211","63057","True","2026-04-05 23:32:56+00:00","0.0","0.0","987.72412109375","21.676549911499023","","","","","","",""
"1959","211","1","2","1","21","A70760F2D2692500000062ED7644937FAD41D3636D","1959","1775432288","3700.0","","","","","","","","211","28003","True","2026-04-05 23:38:08+00:00","0.0","0.0","987.7091064453125","21.687292098999023","","","","","","",""
"1962","211","1","2","1","21","AA0798F3D269260000006AEC76443416AD41D3FAA8","1962","1775432600","3800.0","","","","","","","","211","43258","True","2026-04-05 23:43:20+00:00","0.0","0.0","987.6939697265625","21.635841369628906","","","","","","",""
"1964","211","1","2","1","21","AC07CDF4D26926000000DBEA76440CA0AC41D3E9DE","1964","1775432909","3800.0","","","","","","","","211","57065","True","2026-04-05 23:48:29+00:00","0.0","0.0","987.6696166992188","21.578147888183594","","","","","","",""
"1967","211","1","2","1","21","AF071BF6D26926000000D2EE7644C413AF41D3B8D7","1967","1775433243","3800.0","","","","","","","","211","55224","True","2026-04-05 23:54:03+00:00","0.0","0.0","987.7315673828125","21.88465118408203","","","","","","",""
"1970","211","1","2","1","21","B20756F7D269250000008BEB7644174DAF41D330A2","1970","1775433558","3700.0","","","","","","","","211","41520","True","2026-04-05 23:59:18+00:00","0.0","0.0","987.6803588867188","21.912641525268555","","","","","","",""
"1972","211","1","2","1","21","B407A5F8D269260000003BE07644B63EAD41D345C1","1972","1775433893","3800.0","","","","","","","","211","49477","True","2026-04-06 00:04:53+00:00","0.0","0.0","987.5036010742188","21.655620574951172","","","","","","",""
"1975","211","1","2","1","21","B707E1F9D26925000000CEDC76446733AD41D3B37F","1975","1775434209","3700.0","","","","","","","","211","32691","True","2026-04-06 00:10:09+00:00","0.0","0.0","987.4500732421875","21.65009880065918","","","","","","",""
"1977","211","1","2","1","21","B90715FBD269260000006BDA76443BA9AC41D39285","1977","1775434517","3800.0","","","","","","","","211","34194","True","2026-04-06 00:15:17+00:00","0.0","0.0","987.4127807617188","21.582632064819336","","","","","","",""
"1980","211","1","2","1","21","BC0762FCD2692500000073DA7644AA4FAC41D3A8C9","1980","1775434850","3700.0","","","","","","","","211","51624","True","2026-04-06 00:20:50+00:00","0.0","0.0","987.4132690429688","21.538898468017578","","","","","","",""
"1983","211","1","2","1","21","BF078AFDD26926000000ABDB7644AEECAB41D3B24F","1983","1775435146","3800.0","","","","","","","","211","20402","True","2026-04-06 00:25:46+00:00","0.0","0.0","987.4323120117188","21.49056625366211","","","","","","",""
"1985","211","1","2","1","21","C107CAFED26926000000EBDB76444F4FAB41D37885","1985","1775435466","3800.0","","","","","","","","211","34168","True","2026-04-06 00:31:06+00:00","0.0","0.0","987.4362182617188","21.413724899291992","","","","","","",""
"1988","211","1","2","1","21","C4071000D3692600000046D976446F2BAB41D368EF","1988","1775435792","3800.0","","","","","","","","211","61288","True","2026-04-06 00:36:32+00:00","0.0","0.0","987.3948974609375","21.396207809448242","","","","","","",""
"1990","211","1","2","1","21","C6074E01D36926000000ADD37644DB17AA41D38949","1990","1775436110","3800.0","","","","","","","","211","18825","True","2026-04-06 00:41:50+00:00","0.0","0.0","987.3074340820312","21.261648178100586","","","","","","",""
"1993","211","1","2","1","21","C9078F02D36926000000BDCF76447B57A941D35EF1","1993","1775436431","3800.0","","","","","","","","211","61790","True","2026-04-06 00:47:11+00:00","0.0","0.0","987.2459106445312","21.167715072631836","","","","","","",""
"1996","211","1","2","1","21","CC07D403D3692600000065CF7644A1ACA841D30D42","1996","1775436756","3800.0","","","","","","","","211","16909","True","2026-04-06 00:52:36+00:00","0.0","0.0","987.2405395507812","21.084291458129883","","","","","","",""
"1998","211","1","2","1","21","CE072005D36926000000D3D07644B5A4A741D3CE16","1998","1775437088","3800.0","","","","","","","","211","5838","True","2026-04-06 00:58:08+00:00","0.0","0.0","987.2628784179688","20.95542335510254","","","","","","",""
"2001","211","1","2","1","21","D1076506D36926000000CBD17644E4B2A641D32EC6","2001","1775437413","3800.0","","","","","","","","211","50734","True","2026-04-06 01:03:33+00:00","0.0","0.0","987.2780151367188","20.83734893798828","","","","","","",""
"2004","211","1","2","1","21","D4079E07D3692600000070D3764443F2A541D3E25E","2004","1775437726","3800.0","","","","","","","","211","24290","True","2026-04-06 01:08:46+00:00","0.0","0.0","987.3037109375","20.7432918548584","","","","","","",""
"2006","211","1","2","1","21","D607DC08D369260000002DD87644D295A541D3B8D2","2006","1775438044","3800.0","","","","","","","","211","53944","True","2026-04-06 01:14:04+00:00","0.0","0.0","987.3777465820312","20.69815444946289","","","","","","",""
"2009","211","1","2","1","21","D9071A0AD36926000000BADC76443A9CA541D36C4A","2009","1775438362","3800.0","","","","","","","","211","19052","True","2026-04-06 01:19:22+00:00","0.0","0.0","987.4488525390625","20.701282501220703","","","","","","",""
"2011","211","1","2","1","21","DB07580BD36926000000DAE076441908A541D3D152","2011","1775438680","3800.0","","","","","","","","211","21201","True","2026-04-06 01:24:40+00:00","0.0","0.0","987.5133056640625","20.62895393371582","","","","","","",""
"2014","211","1","2","1","21","DE07920CD3692600000016E7764434B8A441D3DAFF","2014","1775438994","3800.0","","","","","","","","211","65498","True","2026-04-06 01:29:54+00:00","0.0","0.0","987.6107177734375","20.589942932128906","","","","","","",""
"2017","211","1","2","1","21","E107C90DD369260000008EEB76449754A441D361A6","2017","1775439305","3800.0","","","","","","","","211","42593","True","2026-04-06 01:35:05+00:00","0.0","0.0","987.6805419921875","20.541303634643555","","","","","","",""
"2019","211","1","2","1","21","E3070F0FD3692600000062EF764401DEA341D3B186","2019","1775439631","3800.0","","","","","","","","211","34481","True","2026-04-06 01:40:31+00:00","0.0","0.0","987.7403564453125","20.483400344848633","","","","","","",""
"2022","211","1","2","1","21","E6073E10D36926000000D2F17644A197A341D3DA27","2022","1775439934","3800.0","","","","","","","","211","10202","True","2026-04-06 01:45:34+00:00","0.0","0.0","987.7784423828125","20.449037551879883","","","","","","",""
"2024","211","1","2","1","21","E8078911D369260000003DF976443D25A541D3C499","2024","1775440265","3800.0","","","","","","","","211","39364","True","2026-04-06 01:51:05+00:00","0.0","0.0","987.8943481445312","20.6431827545166","","","","","","",""
"2027","211","1","2","1","21","EB07D312D36926000000CD0077444144A641D34F9B","2027","1775440595","3800.0","","","","","","","","211","39759","True","2026-04-06 01:56:35+00:00","0.0","0.0","988.0125122070312","20.783327102661133","","","","","","",""
"2030","211","1","2","1","21","EE072414D369260000005A0277440E16A541D38672","2030","1775440932","3800.0","","","","","","","","211","29318","True","2026-04-06 02:02:12+00:00","0.0","0.0","988.0367431640625","20.63576889038086","","","","","","",""
"2032","211","1","2","1","21","F0075815D36926000000AEFE76446DADA341D3E3C6","2032","1775441240","3800.0","","","","","","","","211","50915","True","2026-04-06 02:07:20+00:00","0.0","0.0","987.9793701171875","20.459680557250977","","","","","","",""
"2035","211","1","2","1","21","F307A716D36926000000B3FC76447E71A341D3CD8C","2035","1775441575","3800.0","","","","","","","","211","36045","True","2026-04-06 02:12:55+00:00","0.0","0.0","987.9484252929688","20.430416107177734","","","","","","",""
"2038","211","1","2","1","21","F607E317D36926000000E8FB76440EC5A241D37757","2038","1775441891","3800.0","","","","","","","","211","22391","True","2026-04-06 02:18:11+00:00","0.0","0.0","987.93603515625","20.34621810913086","","","","","","",""
"2040","211","1","2","1","21","F8072219D3692500000058FE76442603A241D39638","2040","1775442210","3700.0","","","","","","","","211","14486","True","2026-04-06 02:23:30+00:00","0.0","0.0","987.97412109375","20.251537322998047","","","","","","",""
"2043","211","1","2","1","21","FB075B1AD36926000000C30277441827A241D3DE92","2043","1775442523","3800.0","","","","","","","","211","37598","True","2026-04-06 02:28:43+00:00","0.0","0.0","988.0431518554688","20.269088745117188","","","","","","",""
"2045","211","1","2","1","21","FD07951BD369260000001D0877441E7AA241D30C63","2045","1775442837","3800.0","","","","","","","","211","25356","True","2026-04-06 02:33:57+00:00","0.0","0.0","988.1267700195312","20.309627532958984","","","","","","",""
"2048","211","1","2","1","21","0008D81CD36926000000BA0E77442EC0A241D3891F","2048","1775443160","3800.0","","","","","","","","211","8073","True","2026-04-06 02:39:20+00:00","0.0","0.0","988.2301025390625","20.34383773803711","","","","","","",""
"2051","211","1","2","1","21","03080E1ED36926000000A21477449A63A241D3FAD9","2051","1775443470","3800.0","","","","","","","","211","55802","True","2026-04-06 02:44:30+00:00","0.0","0.0","988.3223876953125","20.298633575439453","","","","","","",""
"2053","211","1","2","1","21","0508511FD36925000000B21A774416B8A241D3C81B","2053","1775443793","3700.0","","","","","","","","211","7112","True","2026-04-06 02:49:53+00:00","0.0","0.0","988.4171142578125","20.339885711669922","","","","","","",""
"2056","211","1","2","1","21","08089E20D369250000003E237744B565A341D3340B","2056","1775444126","3700.0","","","","","","","","211","2868","True","2026-04-06 02:55:26+00:00","0.0","0.0","988.5506591796875","20.42466163635254","","","","","","",""
"2058","211","1","2","1","21","0A08D121D36926000000AD2D7744E0EBA341D30E5B","2058","1775444433","3800.0","","","","","","","","211","23310","True","2026-04-06 03:00:33+00:00","0.0","0.0","988.7136840820312","20.49017333984375","","","","","","",""
"2061","211","1","2","1","21","0D080923D3692600000048347744E094A441D38877","2061","1775444745","3800.0","","","","","","","","211","30600","True","2026-04-06 03:05:45+00:00","0.0","0.0","988.81689453125","20.57269287109375","","","","","","",""
"2064","211","1","2","1","21","10085A24D36925000000BD357744EA33A541D3415F","2064","1775445082","3700.0","","","","","","","","211","24385","True","2026-04-06 03:11:22+00:00","0.0","0.0","988.8396606445312","20.650348663330078","","","","","","",""
"2066","211","1","2","1","21","12089425D369250000009037774452BAA541D31F42","2066","1775445396","3700.0","","","","","","","","211","16927","True","2026-04-06 03:16:36+00:00","0.0","0.0","988.8681640625","20.71597671508789","","","","","","",""
"2069","211","1","2","1","21","1508D526D36926000000233C7744506BA641D33144","2069","1775445717","3800.0","","","","","","","","211","17457","True","2026-04-06 03:21:57+00:00","0.0","0.0","988.9396362304688","20.802398681640625","","","","","","",""
"2071","211","1","2","1","21","17080528D36926000000F8427744490BA741D3EAF4","2071","1775446021","3800.0","","","","","","","","211","62698","True","2026-04-06 03:27:01+00:00","0.0","0.0","989.04638671875","20.880510330200195","","","","","","",""
"2074","211","1","2","1","21","1A084429D36925000000704A7744A719A841D37E5B","2074","1775446340","3700.0","","","","","","","","211","23422","True","2026-04-06 03:32:20+00:00","0.0","0.0","989.1630859375","21.01252555847168","","","","","","",""
"2077","211","1","2","1","21","1D08932AD36925000000085677448150A941D342AC","2077","1775446675","3700.0","","","","","","","","211","44098","True","2026-04-06 03:37:55+00:00","0.0","0.0","989.34423828125","21.164308547973633","","","","","","",""
"2079","211","1","2","1","21","1F08D22BD36925000000936177445273AB41D36EB2","2079","1775446994","3700.0","","","","","","","","211","45678","True","2026-04-06 03:43:14+00:00","0.0","0.0","989.5245971679688","21.43130874633789","","","","","","",""
"2082","211","1","2","1","21","22080B2DD36926000000B36B77446F8CAD41D34108","2082","1775447307","3800.0","","","","","","","","211","2113","True","2026-04-06 03:48:27+00:00","0.0","0.0","989.6828002929688","21.693571090698242","","","","","","",""
"2084","211","1","2","1","21","2408472ED369250000005A737744938DAF41D3B97D","2084","1775447623","3700.0","","","","","","","","211","32185","True","2026-04-06 03:53:43+00:00","0.0","0.0","989.8023681640625","21.944128036499023","","","","","","",""
"2087","211","1","2","1","21","27088B2FD36925000000387B7744FA81B141D3616D","2087","1775447947","3700.0","","","","","","","","211","28001","True","2026-04-06 03:59:07+00:00","0.0","0.0","989.92529296875","22.188465118408203","","","","","","",""
"2090","211","1","2","1","21","2A08B430D3692600000085807744DEB4B141D3E8B6","2090","1775448244","3800.0","","","","","","","","211","46824","True","2026-04-06 04:04:04+00:00","0.0","0.0","990.0081176757812","22.213314056396484","","","","","","",""
"2092","211","1","2","1","21","2C080132D36925000000CB8877441E60B241D32B66","2092","1775448577","3700.0","","","","","","","","211","26155","True","2026-04-06 04:09:37+00:00","0.0","0.0","990.1373901367188","22.296932220458984","","","","","","",""
"2095","211","1","2","1","21","2F085033D36925000000339B77442D7DB541D33247","2095","1775448912","3700.0","","","","","","","","211","18226","True","2026-04-06 04:15:12+00:00","0.0","0.0","990.4249877929688","22.686120986938477","","","","","","",""
"2098","211","1","2","1","21","32088334D3692600000052A877444CB2B741D34856","2098","1775449219","3800.0","","","","","","","","211","22088","True","2026-04-06 04:20:19+00:00","0.0","0.0","990.6300048828125","22.962059020996094","","","","","","",""
"2100","211","1","2","1","21","3408C435D3692500000083B477448C9FBA41D3F7D4","2100","1775449540","3700.0","","","","","","","","211","54519","True","2026-04-06 04:25:40+00:00","0.0","0.0","990.8204956054688","23.327903747558594","","","","","","",""
"2103","211","1","2","1","21","3708FA36D3692500000050BC7744119CBD41D35210","2103","1775449850","3700.0","","","","","","","","211","4178","True","2026-04-06 04:30:50+00:00","0.0","0.0","990.9423828125","23.701204299926758","","","","","","",""
"2105","211","1","2","1","21","39083538D369260000007DC57744BE2CC141D3AA04","2105","1775450165","3800.0","","","","","","","","211","1194","True","2026-04-06 04:36:05+00:00","0.0","0.0","991.0857543945312","24.146846771240234","","","","","","",""
"2108","211","1","2","1","21","3C087D39D36925000000C0CD774484F5C441D3A2FB","2108","1775450493","3700.0","","","","","","","","211","64418","True","2026-04-06 04:41:33+00:00","0.0","0.0","991.21484375","24.61988067626953","","","","","","",""
"2110","211","1","2","1","21","3E08BA3AD3692500000042D177449281C841D3BE24","2110","1775450810","3700.0","","","","","","","","211","9406","True","2026-04-06 04:46:50+00:00","0.0","0.0","991.2696533203125","25.06326675415039","","","","","","",""
"2113","211","1","2","1","21","4108023CD3692600000018CE774495EDCC41D334EF","2113","1775451138","3800.0","","","","","","","","211","61236","True","2026-04-06 04:52:18+00:00","0.0","0.0","991.22021484375","25.61600685119629","","","","","","",""
"2116","211","1","2","1","21","44083D3DD36926000000FDC87744FE68CF41D3337B","2116","1775451453","3800.0","","","","","","","","211","31539","True","2026-04-06 04:57:33+00:00","0.0","0.0","991.1404418945312","25.926265716552734","","","","","","",""
"2118","211","1","2","1","21","46087A3ED3692500000060C777446A50D241D34796","2118","1775451770","3700.0","","","","","","","","211","38471","True","2026-04-06 05:02:50+00:00","0.0","0.0","991.115234375","26.289264678955078","","","","","","",""
"2121","211","1","2","1","21","4908C73FD3692500000000C777445B45D541D3DBEE","2121","1775452103","3700.0","","","","","","","","211","61147","True","2026-04-06 05:08:23+00:00","0.0","0.0","991.109375","26.658864974975586","","","","","","",""
"2123","211","1","2","1","21","4B080841D36925000000D6C8774452CBD741D3DF8E","2123","1775452424","3700.0","","","","","","","","211","36575","True","2026-04-06 05:13:44+00:00","0.0","0.0","991.1380615234375","26.97427749633789","","","","","","",""
"2126","211","1","2","1","21","4E085042D36925000000B6C97744301ADB41D3F858","2126","1775452752","3700.0","","","","","","","","211","22776","True","2026-04-06 05:19:12+00:00","0.0","0.0","991.1517333984375","27.387786865234375","","","","","","",""
"2129","211","1","2","1","21","51088A43D36925000000AAC57744F5E8DC41D37A4A","2129","1775453066","3700.0","","","","","","","","211","19066","True","2026-04-06 05:24:26+00:00","0.0","0.0","991.0885009765625","27.61374855041504","","","","","","",""
"2131","211","1","2","1","21","5308DB44D3692500000070BE7744EB49DF41D3D3CC","2131","1775453403","3700.0","","","","","","","","211","52435","True","2026-04-06 05:30:03+00:00","0.0","0.0","990.9755859375","27.91109275817871","","","","","","",""
"2134","211","1","2","1","21","56081B46D36925000000FABD7744B878E141D3F075","2134","1775453723","3700.0","","","","","","","","211","30192","True","2026-04-06 05:35:23+00:00","0.0","0.0","990.9683837890625","28.183944702148438","","","","","","",""
"2137","211","1","2","1","21","59086647D3692500000078BD7744324CE441D3CBE9","2137","1775454054","3700.0","","","","","","","","211","59851","True","2026-04-06 05:40:54+00:00","0.0","0.0","990.96044921875","28.53720474243164","","","","","","",""
"2139","211","1","2","1","21","5B08A048D369250000002BBA7744C378E641D38A2D","2139","1775454368","3700.0","","","","","","","","211","11658","True","2026-04-06 05:46:08+00:00","0.0","0.0","990.9088745117188","28.8089656829834","","","","","","",""
"2142","211","1","2","1","21","5E08E249D3692500000088B47744F0AEE841D3D297","2142","1775454690","3700.0","","","","","","","","211","38866","True","2026-04-06 05:51:30+00:00","0.0","0.0","990.82080078125","29.085418701171875","","","","","","",""
"2144","211","1","2","1","21","6008144BD3692500000033B377445DF5EA41D368BD","2144","1775454996","3700.0","","","","","","","","211","48488","True","2026-04-06 05:56:36+00:00","0.0","0.0","990.7999877929688","29.36980628967285","","","","","","",""
"2147","211","1","2","1","21","6308524CD3692500000052B7774418AFED41D3EB0B","2147","1775455314","3700.0","","","","","","","","211","3051","True","2026-04-06 06:01:54+00:00","0.0","0.0","990.8643798828125","29.710494995117188","","","","","","",""
"2149","211","1","2","1","21","65087C4DD3692500000082B477444A99EF41D3D0D1","2149","1775455612","3700.0","","","","","","","","211","53712","True","2026-04-06 06:06:52+00:00","0.0","0.0","990.8204345703125","29.949848175048828","","","","","","",""
"2152","211","1","2","1","21","6808AC4ED36925000000F5A477446328F141D3A5F1","2152","1775455916","3700.0","","","","","","","","211","61861","True","2026-04-06 06:11:56+00:00","0.0","0.0","990.5774536132812","30.14472007751465","","","","","","",""
"2154","211","1","2","1","21","6A08DE4FD3692500000076977744A8A2F041D3E6CF","2154","1775456222","3700.0","","","","","","","","211","53222","True","2026-04-06 06:17:02+00:00","0.0","0.0","990.3665771484375","30.079421997070312","","","","","","",""
"2157","211","1","2","1","21","6D082C51D36925000000B8977744B097F141D3F1BE","2157","1775456556","3700.0","","","","","","","","211","48881","True","2026-04-06 06:22:36+00:00","0.0","0.0","990.37060546875","30.199066162109375","","","","","","",""
"2160","211","1","2","1","21","70087152D369250000003BA877442BA2F241D3C1DC","2160","1775456881","3700.0","","","","","","","","211","56513","True","2026-04-06 06:28:01+00:00","0.0","0.0","990.6286010742188","30.32918357849121","","","","","","",""
"2162","211","1","2","1","21","7208A453D36925000000CBAF7744FDA3F341D30F75","2162","1775457188","3700.0","","","","","","","","211","29967","True","2026-04-06 06:33:08+00:00","0.0","0.0","990.7467651367188","30.4550724029541","","","","","","",""
"2165","211","1","2","1","21","7508EB54D3692500000083B077445B8FF541D35815","2165","1775457515","3700.0","","","","","","","","211","5464","True","2026-04-06 06:38:35+00:00","0.0","0.0","990.7579956054688","30.694997787475586","","","","","","",""
"2167","211","1","2","1","21","77081D56D3692500000042AE77440A7FF641D3FEE0","2167","1775457821","3700.0","","","","","","","","211","57598","True","2026-04-06 06:43:41+00:00","0.0","0.0","990.7227783203125","30.812030792236328","","","","","","",""
"2170","211","1","2","1","21","7A086457D36925000000A8B07744E679F841D30404","2170","1775458148","3700.0","","","","","","","","211","1028","True","2026-04-06 06:49:08+00:00","0.0","0.0","990.76025390625","31.059520721435547","","","","","","",""
"2173","211","1","2","1","21","7D089E58D36925000000A6B17744F5CFF941D38E74","2173","1775458462","3700.0","","","","","","","","211","29838","True","2026-04-06 06:54:22+00:00","0.0","0.0","990.7757568359375","31.22654151916504","","","","","","",""
"2175","211","1","2","1","21","7F08D559D3692500000078AF7744CA3FFB41D3FA45","2175","1775458773","3700.0","","","","","","","","211","17914","True","2026-04-06 06:59:33+00:00","0.0","0.0","990.74169921875","31.406147003173828","","","","","","",""
"2178","211","1","2","1","21","8208275BD3692500000053A07744655DFC41D30E8F","2178","1775459111","3700.0","","","","","","","","211","36622","True","2026-04-06 07:05:11+00:00","0.0","0.0","990.5050659179688","31.545602798461914","","","","","","",""
"2180","211","1","2","1","21","8408575CD369250000007A9677445E5CFD41D3345B","2180","1775459415","3700.0","","","","","","","","211","23348","True","2026-04-06 07:10:15+00:00","0.0","0.0","990.3511962890625","31.670101165771484","","","","","","",""
"2183","211","1","2","1","21","8708945DD36925000000CE937744E34AFE41D3F1CD","2183","1775459732","3700.0","","","","","","","","211","52721","True","2026-04-06 07:15:32+00:00","0.0","0.0","990.3094482421875","31.78656578063965","","","","","","",""
"2186","211","1","2","1","21","8A08F15ED36925000000A39D774498DBFF41D38B7A","2186","1775460081","3700.0","","","","","","","","211","31371","True","2026-04-06 07:21:21+00:00","0.0","0.0","990.4630737304688","31.982223510742188","","","","","","",""
"2188","211","1","2","1","21","8C082260D3692500000092997744C48D0042D347CB","2188","1775460386","3700.0","","","","","","","","211","52039","True","2026-04-06 07:26:26+00:00","0.0","0.0","990.3995361328125","32.13844299316406","","","","","","",""
"2191","211","1","2","1","21","8F086261D369250000003385774433F00042D37895","2191","1775460706","3700.0","","","","","","","","211","38264","True","2026-04-06 07:31:46+00:00","0.0","0.0","990.0812377929688","32.23456954956055","","","","","","",""
"2193","211","1","2","1","21","91089862D369250000007A6F77441D020142D3C4CB","2193","1775461016","3700.0","","","","","","","","211","52164","True","2026-04-06 07:36:56+00:00","0.0","0.0","989.7418212890625","32.2520637512207","","","","","","",""
"2196","211","1","2","1","21","9408D763D369250000006A6F77446D030142D39640","2196","1775461335","3700.0","","","","","","","","211","16534","True","2026-04-06 07:42:15+00:00","0.0","0.0","989.7408447265625","32.25334548950195","","","","","","",""
"2199","211","1","2","1","21","97082265D36925000000786A774400300142D3FC59","2199","1775461666","3700.0","","","","","","","","211","23036","True","2026-04-06 07:47:46+00:00","0.0","0.0","989.66357421875","32.296875","","","","","","",""
"2201","211","1","2","1","21","99085666D369250000000674774462A90142D3BECF","2201","1775461974","3700.0","","","","","","","","211","53182","True","2026-04-06 07:52:54+00:00","0.0","0.0","989.8128662109375","32.41541290283203","","","","","","",""
"2204","211","1","2","1","21","9C089567D36925000000C6707744B8FD0142D33069","2204","1775462293","3700.0","","","","","","","","211","26928","True","2026-04-06 07:58:13+00:00","0.0","0.0","989.7620849609375","32.497772216796875","","","","","","",""
"2206","211","1","2","1","21","9E08D568D369250000008E7077449A600242D36958","2206","1775462613","3700.0","","","","","","","","211","22633","True","2026-04-06 08:03:33+00:00","0.0","0.0","989.7586669921875","32.594337463378906","","","","","","",""
"2209","211","1","2","1","21","A108236AD36925000000486D7744E54C0342D385CC","2209","1775462947","3700.0","","","","","","","","211","52357","True","2026-04-06 08:09:07+00:00","0.0","0.0","989.70751953125","32.82509231567383","","","","","","",""
"2212","211","1","2","1","21","A4085E6BD36925000000FB6977443A670342D30F6E","2212","1775463262","3700.0","","","","","","","","211","28175","True","2026-04-06 08:14:22+00:00","0.0","0.0","989.6559448242188","32.850807189941406","","","","","","",""
"2214","211","1","2","1","21","A608A46CD36925000000966A774444840342D32F05","2214","1775463588","3700.0","","","","","","","","211","1327","True","2026-04-06 08:19:48+00:00","0.0","0.0","989.6654052734375","32.87916564941406","","","","","","",""
"2217","211","1","2","1","21","A908D46DD36925000000366F774436090442D3F635","2217","1775463892","3700.0","","","","","","","","211","13814","True","2026-04-06 08:24:52+00:00","0.0","0.0","989.7376708984375","33.008995056152344","","","","","","",""
"2219","211","1","2","1","21","AB080B6FD369250000004D787744496B0442D33A23","2219","1775464203","3700.0","","","","","","","","211","9018","True","2026-04-06 08:30:03+00:00","0.0","0.0","989.8796997070312","33.10477066040039","","","","","","",""
"2222","211","1","2","1","21","AE084F70D3692500000036767744CE5E0542D34F07","2222","1775464527","3700.0","","","","","","","","211","1871","True","2026-04-06 08:35:27+00:00","0.0","0.0","989.8470458984375","33.34258270263672","","","","","","",""
"2224","211","1","2","1","21","B0087871D36925000000835E7744DDE90542D31FA8","2224","1775464824","3700.0","","","","","","","","211","43039","True","2026-04-06 08:40:24+00:00","0.0","0.0","989.4767456054688","33.4783821105957","","","","","","",""
"2227","211","1","2","1","21","B308BE72D36925000000384B7744C2E00542D3C770","2227","1775465150","3700.0","","","","","","","","211","28871","True","2026-04-06 08:45:50+00:00","0.0","0.0","989.17529296875","33.46949005126953","","","","","","",""
"2230","211","1","2","1","21","B608FD73D36925000000B348774449CE0542D3862F","2230","1775465469","3700.0","","","","","","","","211","12166","True","2026-04-06 08:51:09+00:00","0.0","0.0","989.1359252929688","33.45145034790039","","","","","","",""
"2232","211","1","2","1","21","B8084275D36925000000C24A774432220642D31910","2232","1775465794","3700.0","","","","","","","","211","4121","True","2026-04-06 08:56:34+00:00","0.0","0.0","989.1680908203125","33.53339385986328","","","","","","",""
"2235","211","1","2","1","21","BB088776D36925000000ED547744B8920642D39058","2235","1775466119","3700.0","","","","","","","","211","22672","True","2026-04-06 09:01:59+00:00","0.0","0.0","989.3269653320312","33.643280029296875","","","","","","",""
"2238","211","1","2","1","21","BE08D777D36925000000CE6477440B890742D3B13E","2238","1775466455","3700.0","","","","","","","","211","16049","True","2026-04-06 09:07:35+00:00","0.0","0.0","989.5750732421875","33.88383102416992","","","","","","",""
"2240","211","1","2","1","21","C0080D79D3692500000078607744A5500842D327B6","2240","1775466765","3700.0","","","","","","","","211","46631","True","2026-04-06 09:12:45+00:00","0.0","0.0","989.50732421875","34.07875442504883","","","","","","",""
"2243","211","1","2","1","21","C3085C7AD36925000000D65F7744C23D0942D3C687","2243","1775467100","3700.0","","","","","","","","211","34758","True","2026-04-06 09:18:20+00:00","0.0","0.0","989.4974365234375","34.31031036376953","","","","","","",""
"2246","211","1","2","1","21","C608937BD369250000002A9D7744ED4C0A42D302E1","2246","1775467411","3700.0","","","","","","","","211","57602","True","2026-04-06 09:23:31+00:00","0.0","0.0","990.4556884765625","34.57512283325195","","","","","","",""
"2248","211","1","2","1","21","C808E37CD3692500000012597844C3661542D32703","2248","1775467747","3700.0","","","","","","","","211","807","True","2026-04-06 09:29:07+00:00","0.0","0.0","993.3917236328125","37.3503532409668","","","","","","",""
"2251","211","1","2","1","21","CB08197ED36925000000B511794419502842D3D339","2251","1775468057","3700.0","","","","","","","","211","14803","True","2026-04-06 09:34:17+00:00","0.0","0.0","996.2766723632812","42.07822036743164","","","","","","",""
"2253","211","1","2","1","21","CD08577FD3692500000072FE784431753442D3651F","2253","1775468375","3700.0","","","","","","","","211","8037","True","2026-04-06 09:39:35+00:00","0.0","0.0","995.9757080078125","45.114444732666016","","","","","","",""
"2256","211","1","2","1","21","D008A680D36925000000556F7744BD872D42D3C216","2256","1775468710","3700.0","","","","","","","","211","5826","True","2026-04-06 09:45:10+00:00","0.0","0.0","989.7395629882812","43.3825569152832","","","","","","",""
"2259","211","1","2","1","21","D308F781D36925000000C8597644EA2C2342D386EB","2259","1775469047","3700.0","","","","","","","","211","60294","True","2026-04-06 09:50:47+00:00","0.0","0.0","985.40283203125","40.793861389160156","","","","","","",""
"2261","211","1","2","1","21","D5083283D369250000000B357644B3411D42D317C6","2261","1775469362","3700.0","","","","","","","","211","50711","True","2026-04-06 09:56:02+00:00","0.0","0.0","984.8287963867188","39.31415939331055","","","","","","",""
"2264","211","1","2","1","21","D8087584D3692500000035587644853C1942D3ED98","2264","1775469685","3700.0","","","","","","","","211","39149","True","2026-04-06 10:01:25+00:00","0.0","0.0","985.3782348632812","38.30910110473633","","","","","","",""
"2267","211","1","2","1","21","DB08B785D36925000000C5927644A6971542D32B02","2267","1775470007","3700.0","","","","","","","","211","555","True","2026-04-06 10:06:47+00:00","0.0","0.0","986.2932739257812","37.398094177246094","","","","","","",""
"2269","211","1","2","1","21","DD08F786D3692500000026A176444E661342D360F0","2269","1775470327","3700.0","","","","","","","","211","61536","True","2026-04-06 10:12:07+00:00","0.0","0.0","986.5179443359375","36.84990692138672","","","","","","",""
"2272","211","1","2","1","21","E0084E88D36925000000A3A0764480D11042D36FB8","2272","1775470670","3700.0","","","","","","","","211","47215","True","2026-04-06 10:17:50+00:00","0.0","0.0","986.5099487304688","36.20458984375","","","","","","",""
"2274","211","1","2","1","21","E2088889D3692500000016B47644B0D20F42D3D1A0","2274","1775470984","3700.0","","","","","","","","211","41169","True","2026-04-06 10:23:04+00:00","0.0","0.0","986.8138427734375","35.95574951171875","","","","","","",""
"2277","211","1","2","1","21","E508C98AD369250000003DCB7644E3E00E42D3BDDD","2277","1775471305","3700.0","","","","","","","","211","56765","True","2026-04-06 10:28:25+00:00","0.0","0.0","987.1755981445312","35.7196159362793","","","","","","",""
"2280","211","1","2","1","21","E808138CD36925000000B0FB764444ED0D42D3DAA1","2280","1775471635","3700.0","","","","","","","","211","41434","True","2026-04-06 10:33:55+00:00","0.0","0.0","987.9326171875","35.48170471191406","","","","","","",""
"2282","211","1","2","1","21","EA08528DD369250000009D1E7744ADFC0D42D34D4A","2282","1775471954","3700.0","","","","","","","","211","19021","True","2026-04-06 10:39:14+00:00","0.0","0.0","988.4783325195312","35.49675369262695","","","","","","",""
"2285","211","1","2","1","21","ED088F8ED36925000000523C7744A5AB0E42D3F229","2285","1775472271","3700.0","","","","","","","","211","10738","True","2026-04-06 10:44:31+00:00","0.0","0.0","988.9425048828125","35.66762161254883","","","","","","",""
"2287","211","1","2","1","21","EF08C98FD36925000000F8457744822D1042D3F1E4","2287","1775472585","3700.0","","","","","","","","211","58609","True","2026-04-06 10:49:45+00:00","0.0","0.0","989.09326171875","36.04444122314453","","","","","","",""
"2290","211","1","2","1","21","F2080C91D369250000001B457744EE581142D3E4CA","2290","1775472908","3700.0","","","","","","","","211","51940","True","2026-04-06 10:55:08+00:00","0.0","0.0","989.0797729492188","36.33684539794922","","","","","","",""
"2292","211","1","2","1","21","F4084892D369250000002D1F774450421142D32D9B","2292","1775473224","3700.0","","","","","","","","211","39725","True","2026-04-06 11:00:24+00:00","0.0","0.0","988.4871215820312","36.31475830078125","","","","","","",""
"2295","211","1","2","1","21","F7089893D36925000000D3F4764445541042D3EE82","2295","1775473560","3700.0","","","","","","","","211","33518","True","2026-04-06 11:06:00+00:00","0.0","0.0","987.8253784179688","36.08229446411133","","","","","","",""
"2297","211","1","2","1","21","F908B994D3692500000025F97644FEAF0F42D3EB86","2297","1775473849","3700.0","","","","","","","","211","34539","True","2026-04-06 11:10:49+00:00","0.0","0.0","987.8928833007812","35.92186737060547","","","","","","",""
"2300","211","1","2","1","21","FC08F995D369250000001322774443091042D3939B","2300","1775474169","3700.0","","","","","","","","211","39827","True","2026-04-06 11:16:09+00:00","0.0","0.0","988.5324096679688","36.0090446472168","","","","","","",""
"2303","211","1","2","1","21","FF084F97D3692500000092437744F10E1242D3B7D2","2303","1775474511","3700.0","","","","","","","","211","53943","True","2026-04-06 11:21:51+00:00","0.0","0.0","989.0557861328125","36.514591217041016","","","","","","",""
"2305","211","1","2","1","21","01098298D36925000000CA877744F8611542D3BAF1","2305","1775474818","3700.0","","","","","","","","211","61882","True","2026-04-06 11:26:58+00:00","0.0","0.0","990.1217041015625","37.345672607421875","","","","","","",""
"2308","211","1","2","1","21","0409D599D36925000000F6E177443A571B42D31EF0","2308","1775475157","3700.0","","","","","","","","211","61470","True","2026-04-06 11:32:37+00:00","0.0","0.0","991.5306396484375","38.835182189941406","","","","","","",""
"2311","211","1","2","1","21","07091A9BD3692500000080E177446C462142D356F9","2311","1775475482","3700.0","","","","","","","","211","63830","True","2026-04-06 11:38:02+00:00","0.0","0.0","991.5234375","40.31877136230469","","","","","","",""
"2313","211","1","2","1","21","09095C9CD36925000000E3E17744DF3A2642D3E562","2313","1775475804","3700.0","","","","","","","","211","25317","True","2026-04-06 11:43:24+00:00","0.0","0.0","991.5294799804688","41.557491302490234","","","","","","",""
"2316","211","1","2","1","21","0C09A39DD36925000000A6427844CB793042D3CF66","2316","1775476131","3700.0","","","","","","","","211","26319","True","2026-04-06 11:48:51+00:00","0.0","0.0","993.0413818359375","44.11893844604492","","","","","","",""
"2318","211","1","2","1","21","0E09E39ED36925000000F6067944D6F03B42D3FCEC","2318","1775476451","3700.0","","","","","","","","211","60668","True","2026-04-06 11:54:11+00:00","0.0","0.0","996.1087646484375","46.985191345214844","","","","","","",""
"2321","211","1","2","1","21","110924A0D36925000000ADAD794498E04742D3D608","2321","1775476772","3700.0","","","","","","","","211","2262","True","2026-04-06 11:59:32+00:00","0.0","0.0","998.7136840820312","49.969329833984375","","","","","","",""
"2324","211","1","2","1","21","140965A1D36925000000B08D7944B5D05242D30585","2324","1775477093","3700.0","","","","","","","","211","34053","True","2026-04-06 12:04:53+00:00","0.0","0.0","998.2138671875","52.70381546020508","","","","","","",""
"2326","211","1","2","1","21","1609BAA2D3692500000013D77844A8AC5842D3319A","2326","1775477434","3700.0","","","","","","","","211","39473","True","2026-04-06 12:10:34+00:00","0.0","0.0","995.3605346679688","54.168609619140625","","","","","","",""
"2329","211","1","2","1","21","1909F7A3D369250000002E907844C6395C42D3DDDF","2329","1775477751","3700.0","","","","","","","","211","57309","True","2026-04-06 12:15:51+00:00","0.0","0.0","994.2528076171875","55.056419372558594","","","","","","",""
"2331","211","1","2","1","21","1B0930A5D36925000000E83F784400215F42D31A95","2331","1775478064","3700.0","","","","","","","","211","38170","True","2026-04-06 12:21:04+00:00","0.0","0.0","992.99853515625","55.7822265625","","","","","","",""
"2334","211","1","2","1","21","1E097FA6D36925000000CDC677443BCD6042D3EDEA","2334","1775478399","3700.0","","","","","","","","211","60141","True","2026-04-06 12:26:39+00:00","0.0","0.0","991.1062622070312","56.20042037963867","","","","","","",""
"2337","211","1","2","1","21","2109AEA7D369250000003077774498216042D35A87","2337","1775478702","3700.0","","","","","","","","211","34650","True","2026-04-06 12:31:42+00:00","0.0","0.0","989.8623046875","56.032806396484375","","","","","","",""
"2339","211","1","2","1","21","2309EAA8D36925000000C04F774480D25E42D3FEF9","2339","1775479018","3700.0","","","","","","","","211","63998","True","2026-04-06 12:36:58+00:00","0.0","0.0","989.24609375","55.70556640625","","","","","","",""
"2342","211","1","2","1","21","26092CAAD36925000000EA2A7644A85B5742D3934A","2342","1775479340","3700.0","","","","","","","","211","19091","True","2026-04-06 12:42:20+00:00","0.0","0.0","984.6705322265625","53.839508056640625","","","","","","",""
"2344","211","1","2","1","21","280968ABD36925000000FAC17444D0024942D30BF9","2344","1775479656","3700.0","","","","","","","","211","63755","True","2026-04-06 12:47:36+00:00","0.0","0.0","979.0308837890625","50.25274658203125","","","","","","",""
"2347","211","1","2","1","21","2B099FACD36925000000D2777444F6BE3942D37A2D","2347","1775479967","3700.0","","","","","","","","211","11642","True","2026-04-06 12:52:47+00:00","0.0","0.0","977.8721923828125","46.436485290527344","","","","","","",""
"2350","211","1","2","1","21","2E09DDADD36925000000369775447ADC3642D3CE68","2350","1775480285","3700.0","","","","","","","","211","26830","True","2026-04-06 12:58:05+00:00","0.0","0.0","982.3626708984375","45.715309143066406","","","","","","",""
"2352","211","1","2","1","21","30092BAFD36925000000756A764496EC3542D3EFD0","2352","1775480619","3700.0","","","","","","","","211","53487","True","2026-04-06 13:03:39+00:00","0.0","0.0","985.6633911132812","45.481040954589844","","","","","","",""
"2355","211","1","2","1","21","33095DB0D36925000000900E764489533142D366EA","2355","1775480925","3700.0","","","","","","","","211","60006","True","2026-04-06 13:08:45+00:00","0.0","0.0","984.2275390625","44.33157730102539","","","","","","",""
"2357","211","1","2","1","21","350991B1D369250000005A5B754455162942D3AF3A","2357","1775481233","3700.0","","","","","","","","211","15023","True","2026-04-06 13:13:53+00:00","0.0","0.0","981.4273681640625","42.27180862426758","","","","","","",""
"2360","211","1","2","1","21","3809EAB2D369250000002338754400641F42D35AFA","2360","1775481578","3700.0","","","","","","","","211","64090","True","2026-04-06 13:19:38+00:00","0.0","0.0","980.8771362304688","39.84765625","","","","","","",""
"2363","211","1","2","1","21","3B092DB4D36925000000C8C17544C5C11B42D3F77F","2363","1775481901","3700.0","","","","","","","","211","32759","True","2026-04-06 13:25:01+00:00","0.0","0.0","983.02783203125","38.93922805786133","","","","","","",""
"2365","211","1","2","1","21","3D0966B5D36925000000B3A8764428971C42D3F693","2365","1775482214","3700.0","","","","","","","","211","37878","True","2026-04-06 13:30:14+00:00","0.0","0.0","986.6359252929688","39.147613525390625","","","","","","",""
"2368","211","1","2","1","21","4009A8B6D36925000000354A774468801F42D33021","2368","1775482536","3700.0","","","","","","","","211","8496","True","2026-04-06 13:35:36+00:00","0.0","0.0","989.1594848632812","39.875396728515625","","","","","","",""
"2371","211","1","2","1","21","4309D3B7D369250000002B337744565A1F42D347DD","2371","1775482835","3700.0","","","","","","","","211","56647","True","2026-04-06 13:40:35+00:00","0.0","0.0","988.7994995117188","39.838218688964844","","","","","","",""
"2373","211","1","2","1","21","450913B9D36925000000BDE87644B0BC1D42D300B5","2373","1775483155","3700.0","","","","","","","","211","46336","True","2026-04-06 13:45:55+00:00","0.0","0.0","987.6365356445312","39.43426513671875","","","","","","",""
"2376","211","1","2","1","21","480963BAD3692500000030A77644F6701B42D33C5D","2376","1775483491","3700.0","","","","","","","","211","23868","True","2026-04-06 13:51:31+00:00","0.0","0.0","986.6123046875","38.860313415527344","","","","","","",""
"2378","211","1","2","1","21","4A0994BBD3692500000053637644CF281842D3C15D","2378","1775483796","3700.0","","","","","","","","211","24001","True","2026-04-06 13:56:36+00:00","0.0","0.0","985.5519409179688","38.039852142333984","","","","","","",""
"2381","211","1","2","1","21","4D09C9BCD369250000007D2E764438F41242D373B1","2381","1775484105","3700.0","","","","","","","","211","45427","True","2026-04-06 14:01:45+00:00","0.0","0.0","984.7263793945312","36.738494873046875","","","","","","",""
"2383","211","1","2","1","21","4F09FBBDD369250000001B197644E3580D42D3ED84","2383","1775484411","3700.0","","","","","","","","211","34029","True","2026-04-06 14:06:51+00:00","0.0","0.0","984.3922729492188","35.3368034362793","","","","","","",""
"2386","211","1","2","1","21","520950BFD369250000002AFB7544FA350742D354BB","2386","1775484752","3700.0","","","","","","","","211","47956","True","2026-04-06 14:12:32+00:00","0.0","0.0","983.9244384765625","33.802711486816406","","","","","","",""
"2389","211","1","2","1","21","550991C0D36925000000BDE075441B6A0242D30DE4","2389","1775485073","3700.0","","","","","","","","211","58381","True","2026-04-06 14:17:53+00:00","0.0","0.0","983.5115356445312","32.60361862182617","","","","","","",""
"2391","211","1","2","1","21","5709C9C1D369250000000DE575442D98FB41D3F399","2391","1775485385","3700.0","","","","","","","","211","39411","True","2026-04-06 14:23:05+00:00","0.0","0.0","983.5789184570312","31.449304580688477","","","","","","",""
"2394","211","1","2","1","21","5A0908C3D36925000000FA1276447333F241D3FD00","2394","1775485704","3700.0","","","","","","","","211","253","True","2026-04-06 14:28:24+00:00","0.0","0.0","984.2965087890625","30.275121688842773","","","","","","",""
"2396","211","1","2","1","21","5C0936C4D36925000000363E764468F9EB41D3C19A","2396","1775486006","3700.0","","","","","","","","211","39617","True","2026-04-06 14:33:26+00:00","0.0","0.0","984.9720458984375","29.496780395507812","","","","","","",""
"2399","211","1","2","1","21","5F097BC5D369250000001069764445F3E641D3A71E","2399","1775486331","3700.0","","","","","","","","211","7847","True","2026-04-06 14:38:51+00:00","0.0","0.0","985.6416015625","28.868783950805664","","","","","","",""
"2402","211","1","2","1","21","6209C5C6D36925000000B09676440DCBE141D39A24","2402","1775486661","3700.0","","","","","","","","211","9370","True","2026-04-06 14:44:21+00:00","0.0","0.0","986.3544921875","28.224145889282227","","","","","","",""
"2404","211","1","2","1","21","640905C8D3692500000078BA7644CA8CDE41D3AAB8","2404","1775486981","3700.0","","","","","","","","211","47274","True","2026-04-06 14:49:41+00:00","0.0","0.0","986.91357421875","27.818744659423828","","","","","","",""
"2407","211","1","2","1","21","67095AC9D36925000000F8DD76443630DB41D349E5","2407","1775487322","3700.0","","","","","","","","211","58697","True","2026-04-06 14:55:22+00:00","0.0","0.0","987.46826171875","27.398540496826172","","","","","","",""
"2410","211","1","2","1","21","6A099CCAD3692500000000F176441818D941D3C2AD","2410","1775487644","3700.0","","","","","","","","211","44482","True","2026-04-06 15:00:44+00:00","0.0","0.0","987.765625","27.136764526367188","","","","","","",""
"2412","211","1","2","1","21","6C09D6CBD36925000000B3027744702ED641D3EB58","2412","1775487958","3700.0","","","","","","","","211","22763","True","2026-04-06 15:05:58+00:00","0.0","0.0","988.0421752929688","26.772674560546875","","","","","","",""
"2415","211","1","2","1","21","6F092ACDD36925000000761177444A93D341D3468F","2415","1775488298","3700.0","","","","","","","","211","36678","True","2026-04-06 15:11:38+00:00","0.0","0.0","988.2728271484375","26.446918487548828","","","","","","",""
"2418","211","1","2","1","21","720959CED36925000000261C774492DFD141D30B1A","2418","1775488601","3700.0","","","","","","","","211","6667","True","2026-04-06 15:16:41+00:00","0.0","0.0","988.4398193359375","26.23416519165039","","","","","","",""
"2420","211","1","2","1","21","7409B1CFD36925000000762D7744AD81D041D35FE1","2420","1775488945","3700.0","","","","","","","","211","57695","True","2026-04-06 15:22:25+00:00","0.0","0.0","988.7103271484375","26.063318252563477","","","","","","",""
"2423","211","1","2","1","21","7709E7D0D369250000008A387744388CCF41D37C4A","2423","1775489255","3700.0","","","","","","","","211","19068","True","2026-04-06 15:27:35+00:00","0.0","0.0","988.8834228515625","25.943466186523438","","","","","","",""
"2426","211","1","2","1","21","7A0913D2D36925000000803A7744FE39CE41D30B01","2426","1775489555","3700.0","","","","","","","","211","267","True","2026-04-06 15:32:35+00:00","0.0","0.0","988.9140625","25.778316497802734","","","","","","",""
"2428","211","1","2","1","21","7C0949D3D369250000006B377744B0D7CC41D3A60E","2428","1775489865","3700.0","","","","","","","","211","3750","True","2026-04-06 15:37:45+00:00","0.0","0.0","988.8659057617188","25.605316162109375","","","","","","",""
"2431","211","1","2","1","21","7F0988D4D36925000000523777441650CB41D36D54","2431","1775490184","3700.0","","","","","","","","211","21613","True","2026-04-06 15:43:04+00:00","0.0","0.0","988.8643798828125","25.414104461669922","","","","","","",""
"2433","211","1","2","1","21","8109CFD5D3692500000062407744B619C941D37EDB","2433","1775490511","3700.0","","","","","","","","211","56190","True","2026-04-06 15:48:31+00:00","0.0","0.0","989.0059814453125","25.137554168701172","","","","","","",""
"2436","211","1","2","1","21","840906D7D36925000000864A77449191C741D37774","2436","1775490822","3700.0","","","","","","","","211","29815","True","2026-04-06 15:53:42+00:00","0.0","0.0","989.1644287109375","24.946077346801758","","","","","","",""
"2439","211","1","2","1","21","87095BD8D369250000009A55774452BCC541D34872","2439","1775491163","3700.0","","","","","","","","211","29256","True","2026-04-06 15:59:23+00:00","0.0","0.0","989.3375244140625","24.71695327758789","","","","","","",""
"2441","211","1","2","1","21","890991D9D36925000000206277444FC0C541D3018D","2441","1775491473","3700.0","","","","","","","","211","36097","True","2026-04-06 16:04:33+00:00","0.0","0.0","989.533203125","24.718900680541992","","","","","","",""
"2444","211","1","2","1","21","8C09DBDAD3692500000066707744041BC541D354D1","2444","1775491803","3700.0","","","","","","","","211","53588","True","2026-04-06 16:10:03+00:00","0.0","0.0","989.7562255859375","24.63819122314453","","","","","","",""
"2447","211","1","2","1","21","8F0916DCD36925000000AD757744FFC5C341D3A7F8","2447","1775492118","3700.0","","","","","","","","211","63655","True","2026-04-06 16:15:18+00:00","0.0","0.0","989.8386840820312","24.471677780151367","","","","","","",""
"2449","211","1","2","1","21","910956DDD36925000000E37977448BBBC141D3324B","2449","1775492438","3700.0","","","","","","","","211","19250","True","2026-04-06 16:20:38+00:00","0.0","0.0","989.9044799804688","24.21657371520996","","","","","","",""
"2452","211","1","2","1","21","940995DED369250000001A8177443104C141D31844","2452","1775492757","3700.0","","","","","","","","211","17432","True","2026-04-06 16:25:57+00:00","0.0","0.0","990.0172119140625","24.127046585083008","","","","","","",""
"2454","211","1","2","1","21","9609D6DFD36925000000638A7744A140C041D37E03","2454","1775493078","3700.0","","","","","","","","211","894","True","2026-04-06 16:31:18+00:00","0.0","0.0","990.1622924804688","24.031557083129883","","","","","","",""
"2457","211","1","2","1","21","99091FE1D36925000000BB8F7744CEBEBF41D35E65","2457","1775493407","3700.0","","","","","","","","211","25950","True","2026-04-06 16:36:47+00:00","0.0","0.0","990.2457885742188","23.96816635131836","","","","","","",""
"2459","211","1","2","1","21","9B0957E2D369250000003B937744D496BE41D3E08A","2459","1775493719","3700.0","","","","","","","","211","35552","True","2026-04-06 16:41:59+00:00","0.0","0.0","990.3004760742188","23.823646545410156","","","","","","",""
"2462","211","1","2","1","21","9E098BE3D36925000000859777443ECBBD41D3B4B9","2462","1775494027","3700.0","","","","","","","","211","47540","True","2026-04-06 16:47:07+00:00","0.0","0.0","990.3674926757812","23.724239349365234","","","","","","",""
"2464","211","1","2","1","21","A009B2E4D36925000000059B77443F2CBD41D39091","2464","1775494322","3700.0","","","","","","","","211","37264","True","2026-04-06 16:52:02+00:00","0.0","0.0","990.4221801757812","23.646604537963867","","","","","","",""
"2467","211","1","2","1","21","A309F7E5D369250000003B9E7744FE6CBC41D3546F","2467","1775494647","3700.0","","","","","","","","211","28500","True","2026-04-06 16:57:27+00:00","0.0","0.0","990.4723510742188","23.553218841552734","","","","","","",""
"2470","211","1","2","1","21","A60942E7D369250000008DA177441DD3BB41D30BC3","2470","1775494978","3700.0","","","","","","","","211","49931","True","2026-04-06 17:02:58+00:00","0.0","0.0","990.5242309570312","23.47808265686035","","","","","","",""
"2472","211","1","2","1","21","A8097FE8D36925000000E3A27744DA98BB41D39E5F","2472","1775495295","3700.0","","","","","","","","211","24478","True","2026-04-06 17:08:15+00:00","0.0","0.0","990.5451049804688","23.449634552001953","","","","","","",""
"2475","211","1","2","1","21","AB09CDE9D36925000000F0A37744424CBB41D34909","2475","1775495629","3700.0","","","","","","","","211","2377","True","2026-04-06 17:13:49+00:00","0.0","0.0","990.5615234375","23.412235260009766","","","","","","",""
"2478","211","1","2","1","21","AE0907EBD369250000005DA57744CDBABA41D383FF","2478","1775495943","3700.0","","","","","","","","211","65411","True","2026-04-06 17:19:03+00:00","0.0","0.0","990.5838012695312","23.341211318969727","","","","","","",""
"2480","211","1","2","1","21","B00954ECD369250000008EA677441ACCB941D372BE","2480","1775496276","3700.0","","","","","","","","211","48754","True","2026-04-06 17:24:36+00:00","0.0","0.0","990.6024169921875","23.224658966064453","","","","","","",""
"2483","211","1","2","1","21","B30992EDD36925000000F0A877440B43B941D3766F","2483","1775496594","3700.0","","","","","","","","211","28534","True","2026-04-06 17:29:54+00:00","0.0","0.0","990.6396484375","23.15773582458496","","","","","","",""
"2485","211","1","2","1","21","B509D1EED369250000001DAD7744F866B841D3BC16","2485","1775496913","3700.0","","","","","","","","211","5820","True","2026-04-06 17:35:13+00:00","0.0","0.0","990.7048950195312","23.050277709960938","","","","","","",""
"2488","211","1","2","1","21","B8090BF0D3692500000090B4774484B8B841D3A7CB","2488","1775497227","3700.0","","","","","","","","211","52135","True","2026-04-06 17:40:27+00:00","0.0","0.0","990.8212890625","23.09009552001953","","","","","","",""
"2491","211","1","2","1","21","BB0944F1D36925000000EAB67744D969B841D323BD","2491","1775497540","3700.0","","","","","","","","211","48419","True","2026-04-06 17:45:40+00:00","0.0","0.0","990.8580322265625","23.05168342590332","","","","","","",""
"2493","211","1","2","1","21","BD098FF2D36925000000C5B57744A84FB741D3B8F3","2493","1775497871","3700.0","","","","","","","","211","62392","True","2026-04-06 17:51:11+00:00","0.0","0.0","990.8401489257812","22.913894653320312","","","","","","",""
"2496","211","1","2","1","21","C009CAF3D36925000000A0B77744084BB741D38507","2496","1775498186","3700.0","","","","","","","","211","1925","True","2026-04-06 17:56:26+00:00","0.0","0.0","990.869140625","22.911636352539062","","","","","","",""
"2498","211","1","2","1","21","C20908F5D36925000000DBBB77445573B741D35CE1","2498","1775498504","3700.0","","","","","","","","211","57692","True","2026-04-06 18:01:44+00:00","0.0","0.0","990.9352416992188","22.93131446838379","","","","","","",""
"2501","211","1","2","1","21","C50952F6D36925000000D3BF7744303CB741D3B455","2501","1775498834","3700.0","","","","","","","","211","21940","True","2026-04-06 18:07:14+00:00","0.0","0.0","990.9972534179688","22.904388427734375","","","","","","",""
"2504","211","1","2","1","21","C8099CF7D369250000006AC177447BDAB641D35B58","2504","1775499164","3700.0","","","","","","","","211","22619","True","2026-04-06 18:12:44+00:00","0.0","0.0","991.0220947265625","22.856679916381836","","","","","","",""
"2506","211","1","2","1","21","CA09CBF8D3692500000043C3774400BDB641D3F58A","2506","1775499467","3700.0","","","","","","","","211","35573","True","2026-04-06 18:17:47+00:00","0.0","0.0","991.0509643554688","22.84228515625","","","","","","",""
"2509","211","1","2","1","21","CD0919FAD369250000003DC47744163CB641D3AD3A","2509","1775499801","3700.0","","","","","","","","211","15021","True","2026-04-06 18:23:21+00:00","0.0","0.0","991.0662231445312","22.779338836669922","","","","","","",""
"2511","211","1","2","1","21","CF094DFBD36925000000CAC477447EFFB441D330E3","2511","1775500109","3700.0","","","","","","","","211","58160","True","2026-04-06 18:28:29+00:00","0.0","0.0","991.0748291015625","22.624752044677734","","","","","","",""
"2514","211","1","2","1","21","D20997FCD369250000000BC77744905CB441D326CB","2514","1775500439","3700.0","","","","","","","","211","52006","True","2026-04-06 18:33:59+00:00","0.0","0.0","991.1100463867188","22.545196533203125","","","","","","",""
"2517","211","1","2","1","21","D509DDFDD36925000000C5CB7744B5F9B341D326FD","2517","1775500765","3700.0","","","","","","","","211","64806","True","2026-04-06 18:39:25+00:00","0.0","0.0","991.1838989257812","22.49692726135254","","","","","","",""
"2519","211","1","2","1","21","D70912FFD3692500000042CF77446EE2B341D333B3","2519","1775501074","3700.0","","","","","","","","211","45875","True","2026-04-06 18:44:34+00:00","0.0","0.0","991.2384033203125","22.48556137084961","","","","","","",""
"2522","211","1","2","1","21","DA095600D46925000000C3D377447E12B441D35E08","2522","1775501398","3700.0","","","","","","","","211","2142","True","2026-04-06 18:49:58+00:00","0.0","0.0","991.3087768554688","22.509029388427734","","","","","","",""
"2525","211","1","2","1","21","DD098201D4692500000045D77744CE69B441D3E3D7","2525","1775501698","3700.0","","","","","","","","211","55267","True","2026-04-06 18:54:58+00:00","0.0","0.0","991.3635864257812","22.55166244506836","","","","","","",""
"2527","211","1","2","1","21","DF09BF02D46925000000B6D9774467B4B441D369D1","2527","1775502015","3700.0","","","","","","","","211","53609","True","2026-04-06 19:00:15+00:00","0.0","0.0","991.4017333984375","22.58808708190918","","","","","","",""
"2530","211","1","2","1","21","E2090D04D4692500000015DB77447A04B541D3A9ED","2530","1775502349","3700.0","","","","","","","","211","60841","True","2026-04-06 19:05:49+00:00","0.0","0.0","991.4231567382812","22.627185821533203","","","","","","",""
"2532","211","1","2","1","21","E4093C05D469250000007EDA7744B877B441D383B1","2532","1775502652","3700.0","","","","","","","","211","45443","True","2026-04-06 19:10:52+00:00","0.0","0.0","991.4139404296875","22.558456420898438","","","","","","",""
"2535","211","1","2","1","21","E7097E06D469250000004EDB7744492BB541D3E159","2535","1775502974","3700.0","","","","","","","","211","23009","True","2026-04-06 19:16:14+00:00","0.0","0.0","991.4266357421875","22.646135330200195","","","","","","",""
"2538","211","1","2","1","21","EA09D007D469250000007DD97744E5B4B441D3430C","2538","1775503312","3700.0","","","","","","","","211","3139","True","2026-04-06 19:21:52+00:00","0.0","0.0","991.3982543945312","22.588327407836914","","","","","","",""
"2540","211","1","2","1","21","EC090709D469250000007AD977447207B441D32647","2540","1775503623","3700.0","","","","","","","","211","18214","True","2026-04-06 19:27:03+00:00","0.0","0.0","991.3980712890625","22.50363540649414","","","","","","",""
"2543","211","1","2","1","21","EF09550AD46925000000D8DC7744062AB441D37596","2543","1775503957","3700.0","","","","","","","","211","38517","True","2026-04-06 19:32:37+00:00","0.0","0.0","991.45068359375","22.520519256591797","","","","","","",""
"2546","211","1","2","1","21","F209920BD469250000000ADD7744D45AB341D33574","2546","1775504274","3700.0","","","","","","","","211","29749","True","2026-04-06 19:37:54+00:00","0.0","0.0","991.4537353515625","22.419349670410156","","","","","","",""
"2548","211","1","2","1","21","F409D90CD4692500000065DF7744BEF6B341D37923","2548","1775504601","3700.0","","","","","","","","211","9081","True","2026-04-06 19:43:21+00:00","0.0","0.0","991.4905395507812","22.495479583740234","","","","","","",""
"2551","211","1","2","1","21","F709160ED469250000006BDF7744FF18B441D3CC07","2551","1775504918","3700.0","","","","","","","","211","1996","True","2026-04-06 19:48:38+00:00","0.0","0.0","991.4909057617188","22.512205123901367","","","","","","",""
"2553","211","1","2","1","21","F909520FD4692500000066DD7744CC94B341D369C4","2553","1775505234","3700.0","","","","","","","","211","50281","True","2026-04-06 19:53:54+00:00","0.0","0.0","991.4593505859375","22.447654724121094","","","","","","",""
"2556","211","1","2","1","21","FC098810D469250000007DDA77448EE2B241D3CAAF","2556","1775505544","3700.0","","","","","","","","211","45002","True","2026-04-06 19:59:04+00:00","0.0","0.0","991.4138793945312","22.36062240600586","","","","","","",""
"2559","211","1","2","1","21","FF09DB11D4692500000048DC77447793B341D313B5","2559","1775505883","3700.0","","","","","","","","211","46355","True","2026-04-06 20:04:43+00:00","0.0","0.0","991.44189453125","22.447004318237305","","","","","","",""
"2561","211","1","2","1","21","010A1513D46925000000D0DF77447CFCB441D3A906","2561","1775506197","3700.0","","","","","","","","211","1705","True","2026-04-06 20:09:57+00:00","0.0","0.0","991.4970703125","22.62328338623047","","","","","","",""
"2564","211","1","2","1","21","040A5614D4692500000035E07744B36BB541D392E8","2564","1775506518","3700.0","","","","","","","","211","59538","True","2026-04-06 20:15:18+00:00","0.0","0.0","991.5032348632812","22.677587509155273","","","","","","",""
"2566","211","1","2","1","21","060A8B15D4692500000068DE774403A4B441D3435A","2566","1775506827","3700.0","","","","","","","","211","23107","True","2026-04-06 20:20:27+00:00","0.0","0.0","991.47509765625","22.5800838470459","","","","","","",""
"2569","211","1","2","1","21","090AC516D469250000003DDC7744CBE7B241D34F07","2569","1775507141","3700.0","","","","","","","","211","1871","True","2026-04-06 20:25:41+00:00","0.0","0.0","991.4412231445312","22.36318016052246","","","","","","",""
"2571","211","1","2","1","21","0B0AF917D46925000000A2DD774477DAB141D30E3F","2571","1775507449","3700.0","","","","","","","","211","16142","True","2026-04-06 20:30:49+00:00","0.0","0.0","991.4630126953125","22.231672286987305","","","","","","",""
"2574","211","1","2","1","21","0E0A4C19D46925000000A6E177444CDBB041D34093","2574","1775507788","3700.0","","","","","","","","211","37696","True","2026-04-06 20:36:28+00:00","0.0","0.0","991.5257568359375","22.107078552246094","","","","","","",""
"2577","211","1","2","1","21","110A7D1AD46925000000A0E377442B5AB041D33AD3","2577","1775508093","3700.0","","","","","","","","211","54074","True","2026-04-06 20:41:33+00:00","0.0","0.0","991.556640625","22.04402732849121","","","","","","",""
"2579","211","1","2","1","21","130ACA1BD46925000000DBE57744746EB041D3DCCE","2579","1775508426","3700.0","","","","","","","","211","52956","True","2026-04-06 20:47:06+00:00","0.0","0.0","991.5914916992188","22.053932189941406","","","","","","",""
"2582","211","1","2","1","21","160A001DD4692500000010E7774452E6B041D30340","2582","1775508736","3700.0","","","","","","","","211","16387","True","2026-04-06 20:52:16+00:00","0.0","0.0","991.6103515625","22.11246109008789","","","","","","",""
"2584","211","1","2","1","21","180A3B1ED4692500000032E67744D9E4B041D34A4D","2584","1775509051","3700.0","","","","","","","","211","19786","True","2026-04-06 20:57:31+00:00","0.0","0.0","991.5968017578125","22.11174201965332","","","","","","",""
"2587","211","1","2","1","21","1B0A751FD469250000004BE477449F07B141D37C18","2587","1775509365","3700.0","","","","","","","","211","6268","True","2026-04-06 21:02:45+00:00","0.0","0.0","991.5670776367188","22.128721237182617","","","","","","",""
"2589","211","1","2","1","21","1D0A9C20D469250000009EE177447C90B041D33F3A","2589","1775509660","3700.0","","","","","","","","211","14911","True","2026-04-06 21:07:40+00:00","0.0","0.0","991.5252685546875","22.07054901123047","","","","","","",""
"2592","211","1","2","1","21","200AD921D46925000000A0E1774471B5B041D3A8C2","2592","1775509977","3700.0","","","","","","","","211","49832","True","2026-04-06 21:12:57+00:00","0.0","0.0","991.525390625","22.088594436645508","","","","","","",""
"2595","211","1","2","1","21","230A2A23D469250000001DE177448494B041D39023","2595","1775510314","3700.0","","","","","","","","211","9104","True","2026-04-06 21:18:34+00:00","0.0","0.0","991.5173950195312","22.07251739501953","","","","","","",""
"2597","211","1","2","1","21","250A5B24D46925000000BAE1774482B0B041D3357C","2597","1775510619","3700.0","","","","","","","","211","31797","True","2026-04-06 21:23:39+00:00","0.0","0.0","991.5269775390625","22.086185455322266","","","","","","",""
"2600","211","1","2","1","21","280A9D25D4692500000036E277443B7CB041D36C80","2600","1775510941","3700.0","","","","","","","","211","32876","True","2026-04-06 21:29:01+00:00","0.0","0.0","991.5345458984375","22.060659408569336","","","","","","",""
"2602","211","1","2","1","21","2A0AE926D4692500000083E2774467EBAF41D33487","2602","1775511273","3700.0","","","","","","","","211","34612","True","2026-04-06 21:34:33+00:00","0.0","0.0","991.5392456054688","21.98994255065918","","","","","","",""
"2605","211","1","2","1","21","2D0A3028D46925000000C2E2774410D3AF41D3680A","2605","1775511600","3700.0","","","","","","","","211","2664","True","2026-04-06 21:40:00+00:00","0.0","0.0","991.5430908203125","21.978057861328125","","","","","","",""
"2607","211","1","2","1","21","2F0A6D29D469250000008DE07744F94FAF41D3DAEE","2607","1775511917","3700.0","","","","","","","","211","61146","True","2026-04-06 21:45:17+00:00","0.0","0.0","991.5086059570312","21.91404914855957","","","","","","",""
"2610","211","1","2","1","21","320AB02AD46925000000ABE177447B5AB041D3C766","2610","1775512240","3700.0","","","","","","","","211","26311","True","2026-04-06 21:50:40+00:00","0.0","0.0","991.5260620117188","22.044179916381836","","","","","","",""
