time,apparent-magnitude,surface brightness,distance-from-observer,solar-elongation,sky-motion-speed,sky-motion-position
2026-Jan-01 00:00,-3.911,0.774,1.70995207339244,1.4528 /L,3.1468419,87.717845
2026-Jan-01 03:00,-3.911,0.774,1.70998629221483,1.4264 /L,3.1468153,87.648308
2026-Jan-01 06:00,-3.911,0.774,1.71001991717735,1.4002 /L,3.1467888,87.578791
2026-Jan-01 09:00,-3.911,0.774,1.71005294875188,1.3742 /L,3.1467625,87.509294
2026-Jan-01 12:00,-3.911,0.774,1.71008538738791,1.3483 /L,3.1467365,87.439817
2026-Jan-01 15:00,-3.911,0.774,1.71011723351181,1.3226 /L,3.1467107,87.370362
2026-Jan-01 18:00,-3.911,0.774,1.7101484875262,1.2972 /L,3.1466851,87.300928
2026-Jan-01 21:00,-3.911,0.774,1.71017914980932,1.2719 /L,3.1466598,87.231518
2026-Jan-02 00:00,-3.91,0.774,1.71020922071446,1.2468 /L,3.1466348,87.16213
2026-Jan-02 03:00,-3.91,0.774,1.71023870056947,1.2220 /L,3.14661,87.092767
2026-Jan-02 06:00,-3.91,0.774,1.71026758967633,1.1975 /L,3.1465855,87.023428
2026-Jan-02 09:00,-3.91,0.774,1.71029588831078,1.1731 /L,3.1465612,86.954114
2026-Jan-02 12:00,-3.91,0.774,1.710323596722,1.1491 /L,3.1465372,86.884827
2026-Jan-02 15:00,-3.91,0.774,1.71035071513236,1.1254 /L,3.1465135,86.815566
2026-Jan-02 18:00,-3.91,0.774,1.71037724373727,1.1020 /L,3.1464901,86.746333
2026-Jan-02 21:00,-3.91,0.774,1.71040318270508,1.0789 /L,3.146467,86.677127
2026-Jan-03 00:00,-3.91,0.774,1.71042853217704,1.0562 /L,3.1464441,86.607951
2026-Jan-03 03:00,-3.91,0.774,1.71045329226731,1.0339 /L,3.1464216,86.538804
2026-Jan-03 06:00,-3.91,0.774,1.71047746306311,1.0120 /L,3.1463993,86.469687
2026-Jan-03 09:00,-3.91,0.774,1.71050104462489,0.9905 /L,3.1463773,86.400601
2026-Jan-03 12:00,-3.91,0.774,1.71052403698654,0.9695 /L,3.1463555,86.331546
2026-Jan-03 15:00,-3.91,0.774,1.71054644015572,0.9490 /L,3.1463341,86.262524
2026-Jan-03 18:00,-3.91,0.774,1.71056825411423,0.9290 /L,3.1463129,86.193535
2026-Jan-03 21:00,-3.91,0.774,1.71058947881842,0.9096 /L,3.146292,86.124579
2026-Jan-04 00:00,-3.91,0.774,1.7106101141997,0.8908 /L,3.1462713,86.055657
2026-Jan-04 03:00,-3.909,0.774,1.71063016016505,0.8726 /L,3.1462509,85.986771
2026-Jan-04 06:00,-3.909,0.774,1.71064961659763,0.8551 /L,3.1462308,85.91792
2026-Jan-04 09:00,-3.909,0.774,1.71066848335741,0.8383 /L,3.1462108,85.849105
2026-Jan-04 12:00,-3.909,0.775,1.71068676028182,0.8223 /L,3.1461912,85.780327
2026-Jan-04 15:00,-3.909,0.775,1.71070444718652,0.8071 /L,3.1461717,85.711587
2026-Jan-04 18:00,-3.909,0.775,1.71072154386607,0.7927 /L,3.1461525,85.642886
2026-Jan-04 21:00,-3.909,0.775,1.71073805009477,0.7793 /L,3.1461334,85.574223
2026-Jan-05 00:00,-3.909,0.775,1.71075396562745,0.7668 /L,3.1461146,85.5056
2026-Jan-05 03:00,-3.909,0.775,1.71076929020025,0.7553 /L,3.1460959,85.437018
2026-Jan-05 06:00,-3.909,0.775,1.7107840235315,0.7449 /L,3.1460775,85.368477
2026-Jan-05 09:00,-3.909,0.775,1.71079816532257,0.7355 /L,3.1460592,85.299977
2026-Jan-05 12:00,-3.909,0.775,1.71081171525869,0.7273 /L,3.146041,85.23152
2026-Jan-05 15:00,-3.909,0.775,1.71082467300986,0.7202 /L,3.146023,85.163107
2026-Jan-05 18:00,-3.909,0.775,1.71083703823168,0.7143 /L,3.1460051,85.094737
2026-Jan-05 21:00,-3.909,0.775,1.71084881056619,0.7097 /L,3.1459874,85.026412
2026-Jan-06 00:00,-3.909,0.775,1.7108599896428,0.7063 /L,3.1459697,84.958132
2026-Jan-06 03:00,-3.909,0.775,1.71087057507903,0.7042 /L,3.1459522,84.889899
2026-Jan-06 06:00,-3.909,0.775,1.71088056648141,0.7034 /L,3.1459347,84.821712
2026-Jan-06 09:00,-3.909,0.775,1.71088996344627,0.7039 /T,3.1459173,84.753572
2026-Jan-06 12:00,-3.909,0.775,1.71089876556053,0.7056 /T,3.1459,84.685481
2026-Jan-06 15:00,-3.909,0.775,1.7109069724025,0.7087 /T,3.1458828,84.617438
2026-Jan-06 18:00,-3.909,0.775,1.71091458354259,0.7130 /T,3.1458655,84.549445
2026-Jan-06 21:00,-3.909,0.775,1.71092159854406,0.7185 /T,3.1458484,84.481503
2026-Jan-07 00:00,-3.909,0.775,1.71092801696374,0.7252 /T,3.1458312,84.413611
2026-Jan-07 03:00,-3.908,0.775,1.71093383835269,0.7332 /T,3.145814,84.345771
2026-Jan-07 06:00,-3.908,0.775,1.71093906225684,0.7422 /T,3.1457968,84.277983
2026-Jan-07 09:00,-3.908,0.775,1.71094368821763,0.7524 /T,3.1457796,84.210248
2026-Jan-07 12:00,-3.908,0.775,1.71094771577258,0.7636 /T,3.1457624,84.142567
2026-Jan-07 15:00,-3.908,0.775,1.71095114445587,0.7758 /T,3.1457452,84.074941
2026-Jan-07 18:00,-3.908,0.775,1.71095397379889,0.7889 /T,3.1457279,84.007369
2026-Jan-07 21:00,-3.908,0.775,1.71095620333068,0.8030 /T,3.1457105,83.939853
2026-Jan-08 00:00,-3.908,0.775,1.71095783257847,0.8180 /T,3.1456931,83.872394
2026-Jan-08 03:00,-3.908,0.775,1.71095886106809,0.8337 /T,3.1456756,83.804991
2026-Jan-08 06:00,-3.908,0.775,1.7109592883244,0.8502 /T,3.145658,83.737647
2026-Jan-08 09:00,-3.908,0.775,1.71095911387168,0.8675 /T,3.1456403,83.670361
2026-Jan-08 12:00,-3.908,0.775,1.71095833723395,0.8854 /T,3.1456225,83.603133
2026-Jan-08 15:00,-3.908,0.775,1.71095695793537,0.9040 /T,3.1456046,83.535966
2026-Jan-08 18:00,-3.908,0.775,1.71095497550051,0.9232 /T,3.1455866,83.468859
2026-Jan-08 21:00,-3.908,0.775,1.71095238945462,0.9430 /T,3.1455684,83.401813
2026-Jan-09 00:00,-3.908,0.775,1.71094919932391,0.9632 /T,3.1455501,83.334829
2026-Jan-09 03:00,-3.908,0.775,1.71094540463578,0.9840 /T,3.1455317,83.267907
2026-Jan-09 06:00,-3.908,0.775,1.71094100491905,1.0053 /T,3.1455131,83.201048
2026-Jan-09 09:00,-3.908,0.775,1.71093599970411,1.0270 /T,3.1454943,83.134253
2026-Jan-09 12:00,-3.908,0.775,1.71093038852312,1.0491 /T,3.1454754,83.067522
2026-Jan-09 15:00,-3.908,0.775,1.71092417091016,1.0716 /T,3.1454562,83.000856
2026-Jan-09 18:00,-3.908,0.775,1.71091734640137,1.0944 /T,3.1454369,82.934256
2026-Jan-09 21:00,-3.908,0.775,1.71090991453506,1.1176 /T,3.1454174,82.867722
2026-Jan-10 00:00,-3.908,0.775,1.71090187485181,1.1411 /T,3.1453977,82.801255
2026-Jan-10 03:00,-3.908,0.775,1.71089322689457,1.1649 /T,3.1453778,82.734855
2026-Jan-10 06:00,-3.908,0.775,1.7108839702087,1.1890 /T,3.1453577,82.668524
2026-Jan-10 09:00,-3.908,0.775,1.71087410434211,1.2133 /T,3.1453374,82.602262
2026-Jan-10 12:00,-3.908,0.775,1.71086362884521,1.2379 /T,3.1453168,82.536069
2026-Jan-10 15:00,-3.908,0.775,1.71085254327104,1.2628 /T,3.145296,82.469946
2026-Jan-10 18:00,-3.908,0.775,1.71084084717523,1.2878 /T,3.145275,82.403894
2026-Jan-10 21:00,-3.908,0.775,1.71082854011607,1.3131 /T,3.1452537,82.337913
2026-Jan-11 00:00,-3.908,0.775,1.71081562165453,1.3385 /T,3.1452322,82.272005
2026-Jan-11 03:00,-3.908,0.775,1.71080209135421,1.3642 /T,3.1452104,82.206169
2026-Jan-11 06:00,-3.908,0.775,1.71078794878142,1.3900 /T,3.1451884,82.140406
2026-Jan-11 09:00,-3.908,0.775,1.71077319350512,1.4160 /T,3.1451661,82.074717
2026-Jan-11 12:00,-3.908,0.775,1.71075782509695,1.4421 /T,3.1451435,82.009103
2026-Jan-11 15:00,-3.908,0.776,1.71074184313121,1.4684 /T,3.1451207,81.943564
2026-Jan-11 18:00,-3.908,0.776,1.71072524718483,1.4948 /T,3.1450976,81.8781
2026-Jan-11 21:00,-3.908,0.776,1.71070803683741,1.5213 /T,3.1450742,81.812713
2026-Jan-12 00:00,-3.908,0.776,1.71069021167114,1.5480 /T,3.1450505,81.747403
2026-Jan-12 03:00,-3.908,0.776,1.71067177127084,1.5748 /T,3.1450265,81.682171
2026-Jan-12 06:00,-3.908,0.776,1.71065271522392,1.6017 /T,3.1450022,81.617017
2026-Jan-12 09:00,-3.908,0.776,1.7106330431204,1.6287 /T,3.1449776,81.551942
2026-Jan-12 12:00,-3.908,0.776,1.71061275455283,1.6558 /T,3.1449528,81.486946
2026-Jan-12 15:00,-3.908,0.776,1.71059184911638,1.6830 /T,3.1449276,81.42203
2026-Jan-12 18:00,-3.908,0.776,1.71057032640874,1.7103 /T,3.144902,81.357195
2026-Jan-12 21:00,-3.908,0.776,1.71054818603019,1.7377 /T,3.1448762,81.292441
2026-Jan-13 00:00,-3.908,0.776,1.71052542758357,1.7652 /T,3.1448501,81.227769
2026-Jan-13 03:00,-3.908,0.776,1.71050205067428,1.7927 /T,3.1448236,81.16318
2026-Jan-13 06:00,-3.908,0.776,1.7104780549103,1.8203 /T,3.1447968,81.098673
2026-Jan-13 09:00,-3.908,0.776,1.71045343990221,1.8480 /T,3.1447696,81.034251
2026-Jan-13 12:00,-3.908,0.776,1.7104282052632,1.8758 /T,3.1447421,80.969912
2026-Jan-13 15:00,-3.908,0.776,1.71040235060912,1.9036 /T,3.1447143,80.905658
2026-Jan-13 18:00,-3.908,0.776,1.71037587555848,1.9315 /T,3.1446861,80.84149
2026-Jan-13 21:00,-3.908,0.776,1.7103487797325,1.9595 /T,3.1446575,80.777407
2026-Jan-14 00:00,-3.908,0.776,1.71032106275517,1.9875 /T,3.1446286,80.713412
2026-Jan-14 03:00,-3.908,0.776,1.71029272425328,2.0155 /T,3.1445993,80.649503
2026-Jan-14 06:00,-3.908,0.776,1.7102637638565,2.0436 /T,3.1445697,80.585682
2026-Jan-14 09:00,-3.908,0.776,1.71023418119744,2.0718 /T,3.1445397,80.52195
2026-Jan-14 12:00,-3.908,0.776,1.7102039759117,2.1000 /T,3.1445093,80.458306
2026-Jan-14 15:00,-3.908,0.776,1.71017314763798,2.1283 /T,3.1444785,80.394752
2026-Jan-14 18:00,-3.908,0.776,1.71014169601816,2.1566 /T,3.1444474,80.331287
2026-Jan-14 21:00,-3.908,0.776,1.7101096206974,2.1849 /T,3.1444158,80.267914
2026-Jan-15 00:00,-3.908,0.776,1.71007692132421,2.2133 /T,3.1443839,80.204631
2026-Jan-15 03:00,-3.908,0.776,1.71004359755063,2.2417 /T,3.1443515,80.141441
2026-Jan-15 06:00,-3.908,0.776,1.71000964903226,2.2702 /T,3.1443188,80.078342
2026-Jan-15 09:00,-3.908,0.776,1.70997507542848,2.2987 /T,3.1442856,80.015336
2026-Jan-15 12:00,-3.908,0.776,1.70993987640251,2.3272 /T,3.144252,79.952424
2026-Jan-15 15:00,-3.908,0.776,1.70990405162158,2.3558 /T,3.144218,79.889606
2026-Jan-15 18:00,-3.908,0.776,1.70986760075709,2.3844 /T,3.1441836,79.826882
2026-Jan-15 21:00,-3.908,0.776,1.70983052348475,2.4130 /T,3.1441488,79.764253
2026-Jan-16 00:00,-3.908,0.776,1.70979281948475,2.4417 /T,3.1441135,79.70172
2026-Jan-16 03:00,-3.908,0.777,1.70975448844192,2.4704 /T,3.1440778,79.639283
2026-Jan-16 06:00,-3.908,0.777,1.70971553004592,2.4991 /T,3.1440417,79.576943
2026-Jan-16 09:00,-3.908,0.777,1.70967594399142,2.5278 /T,3.1440051,79.5147
2026-Jan-16 12:00,-3.908,0.777,1.7096357299783,2.5566 /T,3.1439681,79.452555
2026-Jan-16 15:00,-3.908,0.777,1.7095948877118,2.5854 /T,3.1439306,79.390508
2026-Jan-16 18:00,-3.908,0.777,1.70955341690279,2.6142 /T,3.1438926,79.32856
2026-Jan-16 21:00,-3.908,0.777,1.7095113172679,2.6430 /T,3.1438542,79.266711
2026-Jan-17 00:00,-3.908,0.777,1.70946858852981,2.6719 /T,3.1438153,79.204962
2026-Jan-17 03:00,-3.908,0.777,1.7094252304174,2.7008 /T,3.143776,79.143313
2026-Jan-17 06:00,-3.908,0.777,1.70938124266599,2.7297 /T,3.1437362,79.081766
2026-Jan-17 09:00,-3.908,0.777,1.70933662501758,2.7586 /T,3.1436959,79.02032
2026-Jan-17 12:00,-3.908,0.777,1.70929137722104,2.7876 /T,3.1436551,78.958976
2026-Jan-17 15:00,-3.908,0.777,1.70924549903239,2.8165 /T,3.1436138,78.897734
2026-Jan-17 18:00,-3.908,0.777,1.70919899021496,2.8455 /T,3.143572,78.836596
2026-Jan-17 21:00,-3.908,0.777,1.70915185053969,2.8745 /T,3.1435298,78.775561
2026-Jan-18 00:00,-3.908,0.777,1.7091040797853,2.9035 /T,3.143487,78.71463
2026-Jan-18 03:00,-3.907,0.777,1.70905567773857,2.9326 /T,3.1434438,78.653803
2026-Jan-18 06:00,-3.907,0.777,1.70900664419456,2.9616 /T,3.1434,78.593082
2026-Jan-18 09:00,-3.907,0.777,1.70895697895682,2.9907 /T,3.1433557,78.532466
2026-Jan-18 12:00,-3.907,0.777,1.70890668183766,3.0198 /T,3.1433109,78.471957
2026-Jan-18 15:00,-3.907,0.777,1.70885575265832,3.0489 /T,3.1432656,78.411553
2026-Jan-18 18:00,-3.907,0.777,1.70880419124927,3.0780 /T,3.1432198,78.351257
2026-Jan-18 21:00,-3.907,0.778,1.70875199745037,3.1071 /T,3.1431735,78.291069
2026-Jan-19 00:00,-3.907,0.778,1.70869917111111,3.1362 /T,3.1431266,78.230988
2026-Jan-19 03:00,-3.907,0.778,1.70864571209084,3.1654 /T,3.1430792,78.171016
2026-Jan-19 06:00,-3.907,0.778,1.70859162025897,3.1946 /T,3.1430313,78.111153
2026-Jan-19 09:00,-3.907,0.778,1.70853689549518,3.2237 /T,3.1429828,78.051399
2026-Jan-19 12:00,-3.907,0.778,1.70848153768958,3.2529 /T,3.1429338,77.991755
2026-Jan-19 15:00,-3.907,0.778,1.70842554674299,3.2821 /T,3.1428843,77.932222
2026-Jan-19 18:00,-3.907,0.778,1.70836892256704,3.3113 /T,3.1428342,77.872799
2026-Jan-19 21:00,-3.907,0.778,1.70831166508438,3.3406 /T,3.1427836,77.813488
2026-Jan-20 00:00,-3.907,0.778,1.70825377422888,3.3698 /T,3.1427325,77.754289
2026-Jan-20 03:00,-3.907,0.778,1.70819524994576,3.3990 /T,3.1426808,77.695202
2026-Jan-20 06:00,-3.907,0.778,1.70813609219173,3.4283 /T,3.1426286,77.636228
2026-Jan-20 09:00,-3.907,0.778,1.70807630093521,3.4576 /T,3.1425758,77.577366
2026-Jan-20 12:00,-3.907,0.778,1.70801587615638,3.4868 /T,3.1425225,77.518619
2026-Jan-20 15:00,-3.907,0.778,1.70795481784735,3.5161 /T,3.1424686,77.459985
2026-Jan-20 18:00,-3.907,0.778,1.70789312601229,3.5454 /T,3.1424142,77.401466
2026-Jan-20 21:00,-3.907,0.778,1.7078308006675,3.5747 /T,3.1423593,77.343062
2026-Jan-21 00:00,-3.907,0.779,1.70776784184155,3.6040 /T,3.1423038,77.284774
2026-Jan-21 03:00,-3.907,0.779,1.70770424957531,3.6334 /T,3.1422478,77.226601
2026-Jan-21 06:00,-3.907,0.779,1.70764002392209,3.6627 /T,3.1421912,77.168544
2026-Jan-21 09:00,-3.907,0.779,1.70757516494766,3.6920 /T,3.1421341,77.110604
2026-Jan-21 12:00,-3.907,0.779,1.70750967273031,3.7214 /T,3.1420764,77.052781
2026-Jan-21 15:00,-3.907,0.779,1.70744354736089,3.7507 /T,3.1420183,76.995076
2026-Jan-21 18:00,-3.907,0.779,1.70737678894287,3.7801 /T,3.1419596,76.937489
2026-Jan-21 21:00,-3.907,0.779,1.70730939759231,3.8094 /T,3.1419003,76.880019
2026-Jan-22 00:00,-3.907,0.779,1.7072413734379,3.8388 /T,3.1418405,76.822669
2026-Jan-22 03:00,-3.907,0.779,1.70717271662094,3.8682 /T,3.1417802,76.765438
2026-Jan-22 06:00,-3.907,0.779,1.70710342729533,3.8976 /T,3.1417194,76.708326
2026-Jan-22 09:00,-3.907,0.779,1.70703350562754,3.9270 /T,3.1416581,76.651334
2026-Jan-22 12:00,-3.907,0.779,1.70696295179655,3.9564 /T,3.1415962,76.594463
2026-Jan-22 15:00,-3.907,0.779,1.70689176599384,3.9858 /T,3.1415338,76.537712
2026-Jan-22 18:00,-3.907,0.779,1.70681994842327,4.0152 /T,3.141471,76.481083
2026-Jan-22 21:00,-3.907,0.78,1.70674749930105,4.0446 /T,3.1414076,76.424574
2026-Jan-23 00:00,-3.907,0.78,1.70667441885561,4.0741 /T,3.1413437,76.368188
2026-Jan-23 03:00,-3.907,0.78,1.70660070732754,4.1035 /T,3.1412793,76.311924
2026-Jan-23 06:00,-3.907,0.78,1.70652636496944,4.1329 /T,3.1412145,76.255783
2026-Jan-23 09:00,-3.907,0.78,1.70645139204581,4.1624 /T,3.1411492,76.199764
2026-Jan-23 12:00,-3.907,0.78,1.70637578883289,4.1918 /T,3.1410833,76.143869
2026-Jan-23 15:00,-3.907,0.78,1.70629955561857,4.2213 /T,3.1410171,76.088097
2026-Jan-23 18:00,-3.907,0.78,1.70622269270213,4.2507 /T,3.1409503,76.03245
2026-Jan-23 21:00,-3.907,0.78,1.70614520039415,4.2802 /T,3.1408831,75.976927
2026-Jan-24 00:00,-3.907,0.78,1.70606707901626,4.3097 /T,3.1408155,75.921529
2026-Jan-24 03:00,-3.907,0.78,1.70598832890099,4.3392 /T,3.1407474,75.866255
2026-Jan-24 06:00,-3.907,0.78,1.7059089503915,4.3686 /T,3.1406789,75.811108
2026-Jan-24 09:00,-3.907,0.78,1.70582894384138,4.3981 /T,3.1406099,75.756085
2026-Jan-24 12:00,-3.907,0.781,1.7057483096144,4.4276 /T,3.1405406,75.701189
2026-Jan-24 15:00,-3.907,0.781,1.70566704808426,4.4571 /T,3.1404708,75.64642
2026-Jan-24 18:00,-3.907,0.781,1.7055851596343,4.4866 /T,3.1404006,75.591777
2026-Jan-24 21:00,-3.907,0.781,1.70550264465723,4.5161 /T,3.1403301,75.537261
2026-Jan-25 00:00,-3.907,0.781,1.70541950355481,4.5456 /T,3.1402591,75.482873
2026-Jan-25 03:00,-3.907,0.781,1.70533573673755,4.5751 /T,3.1401878,75.428612
2026-Jan-25 06:00,-3.907,0.781,1.70525134462437,4.6047 /T,3.1401161,75.374479
2026-Jan-25 09:00,-3.907,0.781,1.70516632764225,4.6342 /T,3.1400441,75.320475
2026-Jan-25 12:00,-3.907,0.781,1.70508068622584,4.6637 /T,3.1399717,75.266599
2026-Jan-25 15:00,-3.907,0.781,1.70499442081715,4.6933 /T,3.139899,75.212852
2026-Jan-25 18:00,-3.907,0.781,1.70490753186504,4.7228 /T,3.139826,75.159234
2026-Jan-25 21:00,-3.907,0.781,1.70482001982492,4.7523 /T,3.1397527,75.105746
2026-Jan-26 00:00,-3.906,0.782,1.70473188515821,4.7819 /T,3.139679,75.052388
2026-Jan-26 03:00,-3.906,0.782,1.70464312833196,4.8114 /T,3.1396051,74.999159
2026-Jan-26 06:00,-3.906,0.782,1.70455374981834,4.8410 /T,3.1395309,74.946061
2026-Jan-26 09:00,-3.906,0.782,1.70446375009418,4.8705 /T,3.1394565,74.893094
2026-Jan-26 12:00,-3.906,0.782,1.70437312964041,4.9001 /T,3.1393818,74.840258
2026-Jan-26 15:00,-3.906,0.782,1.70428188894158,4.9297 /T,3.1393069,74.787552
2026-Jan-26 18:00,-3.906,0.782,1.70419002848528,4.9592 /T,3.1392317,74.734979
2026-Jan-26 21:00,-3.906,0.782,1.7040975487616,4.9888 /T,3.1391563,74.682536
2026-Jan-27 00:00,-3.906,0.782,1.70400445026252,5.0184 /T,3.1390807,74.630226
2026-Jan-27 03:00,-3.906,0.782,1.7039107334813,5.0479 /T,3.139005,74.578048
2026-Jan-27 06:00,-3.906,0.782,1.70381639891189,5.0775 /T,3.138929,74.526003
2026-Jan-27 09:00,-3.906,0.783,1.70372144704825,5.1071 /T,3.138853,74.474091
2026-Jan-27 12:00,-3.906,0.783,1.70362587838371,5.1367 /T,3.1387767,74.422311
2026-Jan-27 15:00,-3.906,0.783,1.70352969341027,5.1663 /T,3.1387003,74.370665
2026-Jan-27 18:00,-3.906,0.783,1.70343289261793,5.1959 /T,3.1386239,74.319152
2026-Jan-27 21:00,-3.906,0.783,1.70333547649396,5.2255 /T,3.1385473,74.267773
2026-Jan-28 00:00,-3.906,0.783,1.70323744552221,5.2551 /T,3.1384706,74.216528
2026-Jan-28 03:00,-3.906,0.783,1.7031388001823,5.2847 /T,3.1383938,74.165417
2026-Jan-28 06:00,-3.906,0.783,1.70303954094893,5.3143 /T,3.138317,74.114441
2026-Jan-28 09:00,-3.906,0.783,1.7029396682911,5.3439 /T,3.1382401,74.063599
2026-Jan-28 12:00,-3.906,0.783,1.70283918267131,5.3735 /T,3.1381632,74.012893
2026-Jan-28 15:00,-3.906,0.784,1.70273808454483,5.4031 /T,3.1380863,73.962322
2026-Jan-28 18:00,-3.906,0.784,1.70263637435885,5.4327 /T,3.1380094,73.911886
2026-Jan-28 21:00,-3.906,0.784,1.70253405255173,5.4623 /T,3.1379324,73.861585
2026-Jan-29 00:00,-3.906,0.784,1.70243111955221,5.4920 /T,3.1378555,73.811421
2026-Jan-29 03:00,-3.906,0.784,1.70232757577858,5.5216 /T,3.1377787,73.761393
2026-Jan-29 06:00,-3.906,0.784,1.70222342163792,5.5512 /T,3.1377018,73.711501
2026-Jan-29 09:00,-3.906,0.784,1.70211865752529,5.5808 /T,3.137625,73.661746
2026-Jan-29 12:00,-3.906,0.784,1.70201328382296,5.6105 /T,3.1375484,73.612127
2026-Jan-29 15:00,-3.906,0.784,1.70190730089966,5.6401 /T,3.1374717,73.562646
2026-Jan-29 18:00,-3.906,0.784,1.70180070910978,5.6697 /T,3.1373952,73.513301
2026-Jan-29 21:00,-3.906,0.785,1.70169350879267,5.6994 /T,3.1373188,73.464095
2026-Jan-30 00:00,-3.906,0.785,1.70158570027188,5.7290 /T,3.1372425,73.415025
2026-Jan-30 03:00,-3.906,0.785,1.70147728385446,5.7587 /T,3.1371663,73.366094
2026-Jan-30 06:00,-3.906,0.785,1.70136825983034,5.7883 /T,3.1370903,73.317301
2026-Jan-30 09:00,-3.906,0.785,1.70125862847156,5.8180 /T,3.1370145,73.268646
2026-Jan-30 12:00,-3.906,0.785,1.70114839003175,5.8476 /T,3.1369387,73.22013
2026-Jan-30 15:00,-3.906,0.785,1.7010375447455,5.8773 /T,3.1368632,73.171752
2026-Jan-30 18:00,-3.906,0.785,1.70092609282777,5.9069 /T,3.1367878,73.123514
2026-Jan-30 21:00,-3.906,0.785,1.70081403447341,5.9366 /T,3.1367127,73.075414
2026-Jan-31 00:00,-3.906,0.786,1.70070136985664,5.9662 /T,3.1366377,73.027454
2026-Jan-31 03:00,-3.906,0.786,1.70058809913059,5.9959 /T,3.1365629,72.979634
2026-Jan-31 06:00,-3.906,0.786,1.70047422242697,6.0256 /T,3.1364883,72.931953
2026-Jan-31 09:00,-3.906,0.786,1.70035973985561,6.0552 /T,3.136414,72.884413
2026-Jan-31 12:00,-3.906,0.786,1.7002446515042,6.0849 /T,3.1363399,72.837012
2026-Jan-31 15:00,-3.906,0.786,1.70012895743803,6.1145 /T,3.1362659,72.789753
2026-Jan-31 18:00,-3.906,0.786,1.7000126576997,6.1442 /T,3.1361923,72.742633
2026-Jan-31 21:00,-3.906,0.786,1.69989575230902,6.1739 /T,3.1361188,72.695655
2026-Feb-01 00:00,-3.906,0.786,1.69977824126283,6.2036 /T,3.1360456,72.648818
2026-Feb-01 03:00,-3.905,0.787,1.69966012453493,6.2332 /T,3.1359726,72.602122
2026-Feb-01 06:00,-3.905,0.787,1.69954140207607,6.2629 /T,3.1358999,72.555567
2026-Feb-01 09:00,-3.905,0.787,1.69942207381393,6.2926 /T,3.1358274,72.509154
2026-Feb-01 12:00,-3.905,0.787,1.6993021396532,6.3223 /T,3.1357552,72.462883
2026-Feb-01 15:00,-3.905,0.787,1.69918159947569,6.3519 /T,3.1356832,72.416754
2026-Feb-01 18:00,-3.905,0.787,1.6990604531405,6.3816 /T,3.1356114,72.370767
2026-Feb-01 21:00,-3.905,0.787,1.69893870048417,6.4113 /T,3.1355399,72.324923
2026-Feb-02 00:00,-3.905,0.787,1.69881634132095,6.4410 /T,3.1354686,72.279222
2026-Feb-02 03:00,-3.905,0.788,1.6986933754431,6.4707 /T,3.1353975,72.233663
2026-Feb-02 06:00,-3.905,0.788,1.69856980262115,6.5004 /T,3.1353267,72.188248
2026-Feb-02 09:00,-3.905,0.788,1.69844562260433,6.5301 /T,3.1352562,72.142976
2026-Feb-02 12:00,-3.905,0.788,1.6983208351209,6.5597 /T,3.1351858,72.097847
2026-Feb-02 15:00,-3.905,0.788,1.69819543987859,6.5894 /T,3.1351157,72.052862
2026-Feb-02 18:00,-3.905,0.788,1.69806943656504,6.6191 /T,3.1350458,72.008021
2026-Feb-02 21:00,-3.905,0.788,1.69794282484834,6.6488 /T,3.134976,71.963324
2026-Feb-03 00:00,-3.905,0.788,1.69781560437742,6.6785 /T,3.1349066,71.918772
2026-Feb-03 03:00,-3.905,0.789,1.69768777478269,6.7082 /T,3.1348373,71.874363
2026-Feb-03 06:00,-3.905,0.789,1.6975593356765,6.7379 /T,3.1347682,71.8301
2026-Feb-03 09:00,-3.905,0.789,1.69743028665373,6.7676 /T,3.1346993,71.785981
2026-Feb-03 12:00,-3.905,0.789,1.69730062729238,6.7973 /T,3.1346305,71.742008
2026-Feb-03 15:00,-3.905,0.789,1.69717035715412,6.8270 /T,3.134562,71.698179
2026-Feb-03 18:00,-3.905,0.789,1.69703947578492,6.8567 /T,3.1344936,71.654496
2026-Feb-03 21:00,-3.905,0.789,1.69690798271561,6.8864 /T,3.1344254,71.610959
2026-Feb-04 00:00,-3.905,0.789,1.69677587746251,6.9161 /T,3.1343573,71.567567
2026-Feb-04 03:00,-3.905,0.79,1.69664315952802,6.9458 /T,3.1342894,71.524322
2026-Feb-04 06:00,-3.905,0.79,1.69650982840125,6.9755 /T,3.1342216,71.481222
2026-Feb-04 09:00,-3.905,0.79,1.69637588355857,7.0052 /T,3.134154,71.438269
2026-Feb-04 12:00,-3.905,0.79,1.69624132446425,7.0349 /T,3.1340864,71.395463
2026-Feb-04 15:00,-3.905,0.79,1.69610615057104,7.0646 /T,3.134019,71.352803
2026-Feb-04 18:00,-3.905,0.79,1.69597036132072,7.0943 /T,3.1339517,71.31029
2026-Feb-04 21:00,-3.905,0.79,1.69583395614471,7.1241 /T,3.1338845,71.267924
2026-Feb-05 00:00,-3.905,0.79,1.69569693446459,7.1538 /T,3.1338173,71.225705
2026-Feb-05 03:00,-3.905,0.791,1.69555929569269,7.1835 /T,3.1337503,71.183634
2026-Feb-05 06:00,-3.905,0.791,1.69542103923258,7.2132 /T,3.1336833,71.14171
2026-Feb-05 09:00,-3.905,0.791,1.69528216447959,7.2429 /T,3.1336163,71.099934
2026-Feb-05 12:00,-3.905,0.791,1.69514267082134,7.2726 /T,3.1335495,71.058306
2026-Feb-05 15:00,-3.905,0.791,1.69500255763819,7.3023 /T,3.1334826,71.016826
2026-Feb-05 18:00,-3.905,0.791,1.69486182430372,7.3320 /T,3.1334158,70.975494
2026-Feb-05 21:00,-3.905,0.791,1.69472047018518,7.3618 /T,3.1333491,70.934311
2026-Feb-06 00:00,-3.905,0.792,1.69457849464388,7.3915 /T,3.1332823,70.893276
2026-Feb-06 03:00,-3.905,0.792,1.69443589703566,7.4212 /T,3.1332155,70.85239
2026-Feb-06 06:00,-3.905,0.792,1.69429267671125,7.4509 /T,3.1331488,70.811653
2026-Feb-06 09:00,-3.904,0.792,1.69414883301665,7.4806 /T,3.1330821,70.771065
2026-Feb-06 12:00,-3.904,0.792,1.69400436529344,7.5103 /T,3.1330153,70.730626
2026-Feb-06 15:00,-3.904,0.792,1.69385927287917,7.5401 /T,3.1329485,70.690336
2026-Feb-06 18:00,-3.904,0.792,1.69371355510765,7.5698 /T,3.1328817,70.650196
2026-Feb-06 21:00,-3.904,0.793,1.69356721130925,7.5995 /T,3.1328148,70.610205
2026-Feb-07 00:00,-3.904,0.793,1.69342024081115,7.6292 /T,3.1327479,70.570365
2026-Feb-07 03:00,-3.904,0.793,1.69327264293765,7.6590 /T,3.132681,70.530674
2026-Feb-07 06:00,-3.904,0.793,1.69312441701036,7.6887 /T,3.132614,70.491133
2026-Feb-07 09:00,-3.904,0.793,1.69297556234846,7.7184 /T,3.1325469,70.451742
2026-Feb-07 12:00,-3.904,0.793,1.69282607826888,7.7481 /T,3.1324797,70.412502
2026-Feb-07 15:00,-3.904,0.793,1.69267596408652,7.7779 /T,3.1324125,70.373413
2026-Feb-07 18:00,-3.904,0.794,1.6925252191144,7.8076 /T,3.1323452,70.334474
2026-Feb-07 21:00,-3.904,0.794,1.69237384266381,7.8373 /T,3.1322778,70.295686
2026-Feb-08 00:00,-3.904,0.794,1.69222183404452,7.8670 /T,3.1322103,70.257048
2026-Feb-08 03:00,-3.904,0.794,1.69206919256482,7.8968 /T,3.1321426,70.218562
2026-Feb-08 06:00,-3.904,0.794,1.69191591753172,7.9265 /T,3.1320749,70.180227
2026-Feb-08 09:00,-3.904,0.794,1.69176200825101,7.9562 /T,3.1320071,70.142043
2026-Feb-08 12:00,-3.904,0.794,1.69160746402738,7.9860 /T,3.1319391,70.104011
2026-Feb-08 15:00,-3.904,0.795,1.69145228416448,8.0157 /T,3.131871,70.066131
2026-Feb-08 18:00,-3.904,0.795,1.69129646796501,8.0454 /T,3.1318027,70.028402
2026-Feb-08 21:00,-3.904,0.795,1.69114001473079,8.0752 /T,3.1317343,69.990825
2026-Feb-09 00:00,-3.904,0.795,1.69098292376282,8.1049 /T,3.1316658,69.9534
2026-Feb-09 03:00,-3.904,0.795,1.69082519436129,8.1346 /T,3.1315971,69.916127
2026-Feb-09 06:00,-3.904,0.795,1.69066682582566,8.1644 /T,3.1315282,69.879006
2026-Feb-09 09:00,-3.904,0.796,1.69050781745471,8.1941 /T,3.1314592,69.842037
2026-Feb-09 12:00,-3.904,0.796,1.69034816854649,8.2238 /T,3.13139,69.805221
2026-Feb-09 15:00,-3.904,0.796,1.69018787839843,8.2536 /T,3.1313207,69.768558
2026-Feb-09 18:00,-3.904,0.796,1.69002694630732,8.2833 /T,3.1312511,69.732047
2026-Feb-09 21:00,-3.904,0.796,1.68986537156931,8.3130 /T,3.1311814,69.69569
2026-Feb-10 00:00,-3.904,0.796,1.68970315347996,8.3428 /T,3.1311114,69.659485
2026-Feb-10 03:00,-3.904,0.796,1.68954029133422,8.3725 /T,3.1310413,69.623433
2026-Feb-10 06:00,-3.904,0.797,1.68937678442644,8.4023 /T,3.130971,69.587534
2026-Feb-10 09:00,-3.904,0.797,1.68921263205041,8.4320 /T,3.1309004,69.551788
2026-Feb-10 12:00,-3.904,0.797,1.68904783349931,8.4617 /T,3.1308297,69.516196
2026-Feb-10 15:00,-3.904,0.797,1.68888238806577,8.4915 /T,3.1307587,69.480758
2026-Feb-10 18:00,-3.904,0.797,1.68871629504186,8.5212 /T,3.1306875,69.445473
2026-Feb-10 21:00,-3.904,0.797,1.68854955371906,8.5510 /T,3.1306161,69.410342
2026-Feb-11 00:00,-3.904,0.798,1.68838216338837,8.5807 /T,3.1305444,69.375364
2026-Feb-11 03:00,-3.904,0.798,1.6882141233402,8.6105 /T,3.1304725,69.340541
2026-Feb-11 06:00,-3.904,0.798,1.68804543286449,8.6402 /T,3.1304004,69.305871
2026-Feb-11 09:00,-3.904,0.798,1.68787609125068,8.6700 /T,3.130328,69.271356
2026-Feb-11 12:00,-3.903,0.798,1.68770609778776,8.6997 /T,3.1302553,69.236994
2026-Feb-11 15:00,-3.903,0.798,1.68753545176427,8.7295 /T,3.1301824,69.202788
2026-Feb-11 18:00,-3.903,0.799,1.6873641524684,8.7592 /T,3.1301092,69.168735
2026-Feb-11 21:00,-3.903,0.799,1.68719219918796,8.7890 /T,3.1300358,69.134837
2026-Feb-12 00:00,-3.903,0.799,1.68701959121048,8.8187 /T,3.129962,69.101094
2026-Feb-12 03:00,-3.903,0.799,1.68684632782326,8.8485 /T,3.129888,69.067506
2026-Feb-12 06:00,-3.903,0.799,1.68667240831344,8.8782 /T,3.1298137,69.034072
2026-Feb-12 09:00,-3.903,0.799,1.68649783196805,8.9080 /T,3.1297391,69.000794
2026-Feb-12 12:00,-3.903,0.8,1.68632259807412,8.9377 /T,3.1296642,68.96767
2026-Feb-12 15:00,-3.903,0.8,1.68614670591878,8.9675 /T,3.129589,68.934701
2026-Feb-12 18:00,-3.903,0.8,1.68597015478934,8.9972 /T,3.1295135,68.901888
2026-Feb-12 21:00,-3.903,0.8,1.68579294397341,9.0270 /T,3.1294376,68.86923
2026-Feb-13 00:00,-3.903,0.8,1.68561507275904,9.0567 /T,3.1293614,68.836728
2026-Feb-13 03:00,-3.903,0.8,1.68543654043486,9.0865 /T,3.1292849,68.80438
2026-Feb-13 06:00,-3.903,0.801,1.68525734629016,9.1163 /T,3.1292081,68.772189
2026-Feb-13 09:00,-3.903,0.801,1.68507748961517,9.1460 /T,3.1291309,68.740153
2026-Feb-13 12:00,-3.903,0.801,1.68489696970112,9.1758 /T,3.1290534,68.708273
2026-Feb-13 15:00,-3.903,0.801,1.68471578584047,9.2056 /T,3.1289755,68.676549
2026-Feb-13 18:00,-3.903,0.801,1.68453393732711,9.2353 /T,3.1288972,68.644981
2026-Feb-13 21:00,-3.903,0.801,1.68435142345656,9.2651 /T,3.1288186,68.613568
2026-Feb-14 00:00,-3.903,0.802,1.68416824352619,9.2949 /T,3.1287396,68.582312
2026-Feb-14 03:00,-3.903,0.802,1.68398439683545,9.3246 /T,3.1286602,68.551213
2026-Feb-14 06:00,-3.903,0.802,1.68379988268612,9.3544 /T,3.1285804,68.520269
2026-Feb-14 09:00,-3.903,0.802,1.68361470038258,9.3842 /T,3.1285002,68.489482
2026-Feb-14 12:00,-3.903,0.802,1.68342884923206,9.4139 /T,3.1284196,68.458851
2026-Feb-14 15:00,-3.903,0.802,1.68324232854495,9.4437 /T,3.1283386,68.428377
2026-Feb-14 18:00,-3.903,0.803,1.68305513763508,9.4735 /T,3.1282572,68.398059
2026-Feb-14 21:00,-3.903,0.803,1.68286727582003,9.5032 /T,3.1281753,68.367899
2026-Feb-15 00:00,-3.903,0.803,1.68267874242145,9.5330 /T,3.128093,68.337894
2026-Feb-15 03:00,-3.903,0.803,1.68248953676543,9.5628 /T,3.1280103,68.308047
2026-Feb-15 06:00,-3.903,0.803,1.68229965818277,9.5926 /T,3.1279271,68.278357
2026-Feb-15 09:00,-3.903,0.804,1.68210910600943,9.6224 /T,3.1278434,68.248824
2026-Feb-15 12:00,-3.903,0.804,1.68191787958679,9.6521 /T,3.1277593,68.219448
2026-Feb-15 15:00,-3.903,0.804,1.68172597826213,9.6819 /T,3.1276748,68.190229
2026-Feb-15 18:00,-3.903,0.804,1.68153340138893,9.7117 /T,3.1275897,68.161167
2026-Feb-15 21:00,-3.903,0.804,1.68134014832731,9.7415 /T,3.1275041,68.132263
2026-Feb-16 00:00,-3.903,0.804,1.6811462184444,9.7713 /T,3.1274181,68.103516
2026-Feb-16 03:00,-3.903,0.805,1.68095161111479,9.8011 /T,3.1273316,68.074926
2026-Feb-16 06:00,-3.903,0.805,1.68075632572089,9.8308 /T,3.1272445,68.046494
2026-Feb-16 09:00,-3.903,0.805,1.68056036165339,9.8606 /T,3.127157,68.01822
2026-Feb-16 12:00,-3.903,0.805,1.68036371831165,9.8904 /T,3.1270689,67.990103
2026-Feb-16 15:00,-3.903,0.805,1.68016639510413,9.9202 /T,3.1269802,67.962145
2026-Feb-16 18:00,-3.902,0.806,1.67996839144882,9.9500 /T,3.1268911,67.934343
2026-Feb-16 21:00,-3.902,0.806,1.67976970677367,9.9798 /T,3.1268014,67.9067
2026-Feb-17 00:00,-3.902,0.806,1.67957034051701,10.0096 /T,3.1267112,67.879215
2026-Feb-17 03:00,-3.902,0.806,1.67937029212795,10.0394 /T,3.1266204,67.851888
2026-Feb-17 06:00,-3.902,0.806,1.67916956106686,10.0692 /T,3.126529,67.824718
2026-Feb-17 09:00,-3.902,0.806,1.67896814680569,10.0990 /T,3.1264371,67.797707
2026-Feb-17 12:00,-3.902,0.807,1.67876604882846,10.1288 /T,3.1263446,67.770854
2026-Feb-17 15:00,-3.902,0.807,1.67856326663163,10.1586 /T,3.1262515,67.744159
2026-Feb-17 18:00,-3.902,0.807,1.67835979972448,10.1884 /T,3.1261578,67.717623
2026-Feb-17 21:00,-3.902,0.807,1.67815564762953,10.2182 /T,3.1260636,67.691245
2026-Feb-18 00:00,-3.902,0.807,1.67795080988284,10.2480 /T,3.1259687,67.665025
2026-Feb-18 03:00,-3.902,0.808,1.67774528603446,10.2778 /T,3.1258733,67.638964
2026-Feb-18 06:00,-3.902,0.808,1.67753907564873,10.3076 /T,3.1257772,67.613061
2026-Feb-18 09:00,-3.902,0.808,1.67733217830456,10.3375 /T,3.1256806,67.587316
2026-Feb-18 12:00,-3.902,0.808,1.67712459359585,10.3673 /T,3.1255833,67.561731
2026-Feb-18 15:00,-3.902,0.808,1.6769163211317,10.3971 /T,3.1254854,67.536303
2026-Feb-18 18:00,-3.902,0.809,1.67670736053674,10.4269 /T,3.1253869,67.511035
2026-Feb-18 21:00,-3.902,0.809,1.67649771145134,10.4567 /T,3.1252878,67.485925
2026-Feb-19 00:00,-3.902,0.809,1.6762873735319,10.4865 /T,3.1251881,67.460974
2026-Feb-19 03:00,-3.902,0.809,1.67607634645104,10.5164 /T,3.1250877,67.436181
2026-Feb-19 06:00,-3.902,0.809,1.6758646298978,10.5462 /T,3.1249867,67.411547
2026-Feb-19 09:00,-3.902,0.81,1.6756522235778,10.5760 /T,3.1248851,67.387072
2026-Feb-19 12:00,-3.902,0.81,1.67543912721343,10.6058 /T,3.1247829,67.362756
2026-Feb-19 15:00,-3.902,0.81,1.67522534054392,10.6357 /T,3.1246801,67.338599
2026-Feb-19 18:00,-3.902,0.81,1.67501086332549,10.6655 /T,3.1245766,67.3146
2026-Feb-19 21:00,-3.902,0.81,1.67479569533141,10.6953 /T,3.1244725,67.290761
2026-Feb-20 00:00,-3.902,0.811,1.67457983635203,10.7252 /T,3.1243678,67.26708
2026-Feb-20 03:00,-3.902,0.811,1.67436328619483,10.7550 /T,3.1242624,67.243558
2026-Feb-20 06:00,-3.902,0.811,1.67414604468442,10.7849 /T,3.1241564,67.220196
2026-Feb-20 09:00,-3.902,0.811,1.67392811166252,10.8147 /T,3.1240499,67.196992
2026-Feb-20 12:00,-3.902,0.811,1.67370948698788,10.8446 /T,3.1239427,67.173947
2026-Feb-20 15:00,-3.902,0.812,1.67349017053624,10.8744 /T,3.1238349,67.151061
2026-Feb-20 18:00,-3.902,0.812,1.6732701622002,10.9042 /T,3.1237265,67.128334
2026-Feb-20 21:00,-3.902,0.812,1.67304946188912,10.9341 /T,3.1236174,67.105765
2026-Feb-21 00:00,-3.902,0.812,1.67282806952898,10.9639 /T,3.1235078,67.083356
2026-Feb-21 03:00,-3.902,0.812,1.67260598506213,10.9938 /T,3.1233976,67.061106
2026-Feb-21 06:00,-3.902,0.813,1.6723832084472,11.0237 /T,3.1232868,67.039015
2026-Feb-21 09:00,-3.902,0.813,1.67215973965881,11.0535 /T,3.1231754,67.017083
2026-Feb-21 12:00,-3.902,0.813,1.67193557868735,11.0834 /T,3.1230635,66.995309
2026-Feb-21 15:00,-3.902,0.813,1.6717107255387,11.1132 /T,3.1229509,66.973695
2026-Feb-21 18:00,-3.902,0.813,1.67148518023397,11.1431 /T,3.1228378,66.952239
2026-Feb-21 21:00,-3.902,0.814,1.67125894280916,11.1730 /T,3.1227242,66.930943
2026-Feb-22 00:00,-3.902,0.814,1.67103201331488,11.2028 /T,3.12261,66.909805
2026-Feb-22 03:00,-3.902,0.814,1.67080439181596,11.2327 /T,3.1224953,66.888827
2026-Feb-22 06:00,-3.902,0.814,1.6705760783911,11.2626 /T,3.12238,66.868007
2026-Feb-22 09:00,-3.902,0.814,1.6703470731325,11.2925 /T,3.1222642,66.847346
2026-Feb-22 12:00,-3.901,0.815,1.67011737614546,11.3223 /T,3.1221479,66.826844
2026-Feb-22 15:00,-3.901,0.815,1.66988698754795,11.3522 /T,3.1220311,66.806501
2026-Feb-22 18:00,-3.901,0.815,1.6696559074702,11.3821 /T,3.1219137,66.786317
2026-Feb-22 21:00,-3.901,0.815,1.66942413605424,11.4120 /T,3.1217959,66.766291
2026-Feb-23 00:00,-3.901,0.815,1.66919167345346,11.4419 /T,3.1216777,66.746424
2026-Feb-23 03:00,-3.901,0.816,1.66895851983212,11.4718 /T,3.1215589,66.726716
2026-Feb-23 06:00,-3.901,0.816,1.66872467536485,11.5017 /T,3.1214397,66.707167
2026-Feb-23 09:00,-3.901,0.816,1.66849014023622,11.5316 /T,3.1213201,66.687777
2026-Feb-23 12:00,-3.901,0.816,1.66825491464017,11.5615 /T,3.1212,66.668545
2026-Feb-23 15:00,-3.901,0.817,1.66801899877948,11.5914 /T,3.1210795,66.649472
2026-Feb-23 18:00,-3.901,0.817,1.66778239286532,11.6213 /T,3.1209586,66.630557
2026-Feb-23 21:00,-3.901,0.817,1.66754509711665,11.6512 /T,3.1208373,66.611802
2026-Feb-24 00:00,-3.901,0.817,1.66730711175965,11.6811 /T,3.1207156,66.593204
2026-Feb-24 03:00,-3.901,0.817,1.66706843702725,11.7110 /T,3.1205936,66.574766
2026-Feb-24 06:00,-3.901,0.818,1.6668290731585,11.7409 /T,3.1204711,66.556486
2026-Feb-24 09:00,-3.901,0.818,1.666589020398,11.7708 /T,3.1203484,66.538365
2026-Feb-24 12:00,-3.901,0.818,1.66634827899536,11.8007 /T,3.1202253,66.520402
2026-Feb-24 15:00,-3.901,0.818,1.66610684920457,11.8306 /T,3.1201018,66.502597
2026-Feb-24 18:00,-3.901,0.819,1.66586473128345,11.8605 /T,3.1199781,66.484951
2026-Feb-24 21:00,-3.901,0.819,1.66562192549303,11.8905 /T,3.119854,66.467464
2026-Feb-25 00:00,-3.901,0.819,1.66537843209694,11.9204 /T,3.1197297,66.450135
2026-Feb-25 03:00,-3.901,0.819,1.66513425136084,11.9503 /T,3.1196051,66.432965
2026-Feb-25 06:00,-3.901,0.819,1.66488938355177,11.9802 /T,3.1194803,66.415952
2026-Feb-25 09:00,-3.901,0.82,1.66464382893755,12.0102 /T,3.1193552,66.399099
2026-Feb-25 12:00,-3.901,0.82,1.66439758778619,12.0401 /T,3.1192298,66.382403
2026-Feb-25 15:00,-3.901,0.82,1.6641506603652,12.0700 /T,3.1191043,66.365866
2026-Feb-25 18:00,-3.901,0.82,1.66390304694105,12.1000 /T,3.1189785,66.349488
2026-Feb-25 21:00,-3.901,0.821,1.66365474777849,12.1299 /T,3.1188526,66.333267
2026-Feb-26 00:00,-3.901,0.821,1.66340576313997,12.1599 /T,3.1187265,66.317205
2026-Feb-26 03:00,-3.901,0.821,1.66315609328497,12.1898 /T,3.1186002,66.301301
2026-Feb-26 06:00,-3.901,0.821,1.66290573846941,12.2197 /T,3.1184737,66.285556
2026-Feb-26 09:00,-3.901,0.821,1.66265469894502,12.2497 /T,3.1183471,66.269969
2026-Feb-26 12:00,-3.901,0.822,1.66240297495871,12.2796 /T,3.1182204,66.25454
2026-Feb-26 15:00,-3.901,0.822,1.66215056675199,12.3096 /T,3.1180936,66.239269
2026-Feb-26 18:00,-3.901,0.822,1.66189747456029,12.3396 /T,3.1179667,66.224156
2026-Feb-26 21:00,-3.901,0.822,1.66164369861244,12.3695 /T,3.1178397,66.209202
2026-Feb-27 00:00,-3.901,0.823,1.66138923912999,12.3995 /T,3.1177126,66.194406
2026-Feb-27 03:00,-3.901,0.823,1.66113409632669,12.4294 /T,3.1175854,66.179768
2026-Feb-27 06:00,-3.901,0.823,1.66087827040781,12.4594 /T,3.1174582,66.165288
2026-Feb-27 09:00,-3.901,0.823,1.66062176156967,12.4894 /T,3.117331,66.150966
2026-Feb-27 12:00,-3.901,0.824,1.66036456999901,12.5193 /T,3.1172037,66.136803
2026-Feb-27 15:00,-3.901,0.824,1.66010669587242,12.5493 /T,3.1170765,66.122797
2026-Feb-27 18:00,-3.901,0.824,1.65984813935586,12.5793 /T,3.1169492,66.10895
2026-Feb-27 21:00,-3.901,0.824,1.65958890060408,12.6092 /T,3.1168219,66.095261
2026-Feb-28 00:00,-3.901,0.824,1.65932897976014,12.6392 /T,3.1166946,66.08173
2026-Feb-28 03:00,-3.901,0.825,1.65906837695485,12.6692 /T,3.1165674,66.068358
2026-Feb-28 06:00,-3.901,0.825,1.65880709230639,12.6992 /T,3.1164402,66.055143
2026-Feb-28 09:00,-3.901,0.825,1.65854512591973,12.7292 /T,3.1163131,66.042087
2026-Feb-28 12:00,-3.901,0.825,1.65828247788631,12.7591 /T,3.116186,66.029189
2026-Feb-28 15:00,-3.901,0.826,1.65801914828349,12.7891 /T,3.1160589,66.016449
2026-Feb-28 18:00,-3.901,0.826,1.65775513717427,12.8191 /T,3.115932,66.003867
2026-Feb-28 21:00,-3.901,0.826,1.6574904446068,12.8491 /T,3.1158051,65.991443
2026-Mar-01 00:00,-3.901,0.826,1.65722507061411,12.8791 /T,3.1156783,65.979178
2026-Mar-01 03:00,-3.901,0.827,1.65695901521373,12.9091 /T,3.1155517,65.967071
2026-Mar-01 06:00,-3.901,0.827,1.65669227840742,12.9391 /T,3.1154251,65.955122
2026-Mar-01 09:00,-3.9,0.827,1.65642486018081,12.9691 /T,3.1152986,65.943331
2026-Mar-01 12:00,-3.9,0.827,1.65615676050327,12.9991 /T,3.1151723,65.931698
2026-Mar-01 15:00,-3.9,0.828,1.65588797932757,13.0291 /T,3.1150461,65.920224
2026-Mar-01 18:00,-3.9,0.828,1.65561851658974,13.0591 /T,3.11492,65.908908
2026-Mar-01 21:00,-3.9,0.828,1.65534837220888,13.0891 /T,3.114794,65.89775
2026-Mar-02 00:00,-3.9,0.828,1.65507754608701,13.1191 /T,3.1146682,65.886751
2026-Mar-02 03:00,-3.9,0.829,1.65480603810897,13.1491 /T,3.1145426,65.87591
2026-Mar-02 06:00,-3.9,0.829,1.65453384814231,13.1791 /T,3.1144171,65.865227
2026-Mar-02 09:00,-3.9,0.829,1.65426097603724,13.2092 /T,3.1142917,65.854703
2026-Mar-02 12:00,-3.9,0.829,1.65398742162661,13.2392 /T,3.1141665,65.844337
2026-Mar-02 15:00,-3.9,0.829,1.6537131847259,13.2692 /T,3.1140414,65.834129
2026-Mar-02 18:00,-3.9,0.83,1.65343826513323,13.2992 /T,3.1139165,65.82408
2026-Mar-02 21:00,-3.9,0.83,1.6531626626294,13.3292 /T,3.1137918,65.814189
2026-Mar-03 00:00,-3.9,0.83,1.65288637697799,13.3592 /T,3.1136672,65.804457
2026-Mar-03 03:00,-3.9,0.83,1.65260940792549,13.3893 /T,3.1135428,65.794883
2026-Mar-03 06:00,-3.9,0.831,1.65233175520133,13.4193 /T,3.1134186,65.785467
2026-Mar-03 09:00,-3.9,0.831,1.65205341851814,13.4493 /T,3.1132945,65.776211
2026-Mar-03 12:00,-3.9,0.831,1.65177439757184,13.4794 /T,3.1131706,65.767112
2026-Mar-03 15:00,-3.9,0.831,1.65149469204188,13.5094 /T,3.1130468,65.758172
2026-Mar-03 18:00,-3.9,0.832,1.65121430159142,13.5394 /T,3.1129232,65.749391
2026-Mar-03 21:00,-3.9,0.832,1.65093322586763,13.5695 /T,3.1127998,65.740769
2026-Mar-04 00:00,-3.9,0.832,1.65065146450185,13.5995 /T,3.1126765,65.732305
2026-Mar-04 03:00,-3.9,0.832,1.65036901710995,13.6295 /T,3.1125534,65.723999
2026-Mar-04 06:00,-3.9,0.833,1.65008588329254,13.6596 /T,3.1124304,65.715853
2026-Mar-04 09:00,-3.9,0.833,1.64980206263534,13.6896 /T,3.1123076,65.707865
2026-Mar-04 12:00,-3.9,0.833,1.64951755470943,13.7197 /T,3.112185,65.700036
2026-Mar-04 15:00,-3.9,0.833,1.64923235907163,13.7497 /T,3.1120624,65.692365
2026-Mar-04 18:00,-3.9,0.834,1.6489464752648,13.7797 /T,3.1119401,65.684854
2026-Mar-04 21:00,-3.9,0.834,1.6486599028182,13.8098 /T,3.1118178,65.677501
2026-Mar-05 00:00,-3.9,0.834,1.64837264124782,13.8398 /T,3.1116957,65.670307
2026-Mar-05 03:00,-3.9,0.835,1.64808469005681,13.8699 /T,3.1115737,65.663271
2026-Mar-05 06:00,-3.9,0.835,1.64779604873573,13.8999 /T,3.1114519,65.656395
2026-Mar-05 09:00,-3.9,0.835,1.64750671676304,13.9300 /T,3.1113301,65.649678
2026-Mar-05 12:00,-3.9,0.835,1.64721669360537,13.9601 /T,3.1112085,65.643119
2026-Mar-05 15:00,-3.9,0.836,1.64692597871796,13.9901 /T,3.111087,65.636719
2026-Mar-05 18:00,-3.9,0.836,1.646634571545,14.0202 /T,3.1109656,65.630479
2026-Mar-05 21:00,-3.9,0.836,1.64634247151998,14.0502 /T,3.1108443,65.624397
2026-Mar-06 00:00,-3.9,0.836,1.64604967806614,14.0803 /T,3.1107231,65.618474
2026-Mar-06 03:00,-3.9,0.837,1.64575619059674,14.1104 /T,3.110602,65.612711
2026-Mar-06 06:00,-3.9,0.837,1.64546200851549,14.1404 /T,3.110481,65.607106
2026-Mar-06 09:00,-3.9,0.837,1.64516713121685,14.1705 /T,3.11036,65.601661
2026-Mar-06 12:00,-3.9,0.837,1.64487155808643,14.2006 /T,3.1102392,65.596374
2026-Mar-06 15:00,-3.9,0.838,1.64457528850133,14.2306 /T,3.1101184,65.591247
2026-Mar-06 18:00,-3.9,0.838,1.64427832183044,14.2607 /T,3.1099976,65.586279
2026-Mar-06 21:00,-3.9,0.838,1.6439806574348,14.2908 /T,3.1098769,65.58147
2026-Mar-07 00:00,-3.9,0.838,1.64368229466789,14.3208 /T,3.1097563,65.57682
2026-Mar-07 03:00,-3.9,0.839,1.64338323287602,14.3509 /T,3.1096357,65.572329
2026-Mar-07 06:00,-3.9,0.839,1.64308347139851,14.3810 /T,3.1095151,65.567998
2026-Mar-07 09:00,-3.9,0.839,1.64278300956807,14.4111 /T,3.1093946,65.563826
2026-Mar-07 12:00,-3.9,0.84,1.64248184671106,14.4411 /T,3.1092741,65.559813
2026-Mar-07 15:00,-3.9,0.84,1.64217998214775,14.4712 /T,3.1091537,65.555959
2026-Mar-07 18:00,-3.9,0.84,1.64187741519258,14.5013 /T,3.1090332,65.552265
2026-Mar-07 21:00,-3.9,0.84,1.64157414515441,14.5314 /T,3.1089128,65.54873
2026-Mar-08 00:00,-3.9,0.841,1.64127017133676,14.5615 /T,3.1087923,65.545355
2026-Mar-08 03:00,-3.9,0.841,1.64096549303804,14.5916 /T,3.1086719,65.542138
2026-Mar-08 06:00,-3.9,0.841,1.64066010955172,14.6216 /T,3.1085514,65.539082
2026-Mar-08 09:00,-3.9,0.841,1.6403540201666,14.6517 /T,3.108431,65.536184
2026-Mar-08 12:00,-3.9,0.842,1.64004722416697,14.6818 /T,3.1083105,65.533446
2026-Mar-08 15:00,-3.9,0.842,1.63973972083274,14.7119 /T,3.10819,65.530868
2026-Mar-08 18:00,-3.9,0.842,1.63943150943968,14.7420 /T,3.1080695,65.528449
2026-Mar-08 21:00,-3.9,0.843,1.63912258925955,14.7721 /T,3.1079489,65.526189
2026-Mar-09 00:00,-3.9,0.843,1.63881295956022,14.8022 /T,3.1078283,65.524089
2026-Mar-09 03:00,-3.9,0.843,1.63850261960584,14.8323 /T,3.1077076,65.522149
2026-Mar-09 06:00,-3.899,0.843,1.63819156865691,14.8624 /T,3.1075869,65.520368
2026-Mar-09 09:00,-3.899,0.844,1.6378798059705,14.8925 /T,3.1074662,65.518747
2026-Mar-09 12:00,-3.899,0.844,1.63756733080021,14.9226 /T,3.1073453,65.517285
2026-Mar-09 15:00,-3.899,0.844,1.63725414239635,14.9527 /T,3.1072245,65.515983
2026-Mar-09 18:00,-3.899,0.844,1.63694024000605,14.9828 /T,3.1071035,65.51484
2026-Mar-09 21:00,-3.899,0.845,1.63662562287325,15.0129 /T,3.1069825,65.513857
2026-Mar-10 00:00,-3.899,0.845,1.63631029023883,15.0430 /T,3.1068614,65.513034
2026-Mar-10 03:00,-3.899,0.845,1.63599424134062,15.0731 /T,3.1067401,65.512371
2026-Mar-10 06:00,-3.899,0.846,1.63567747541351,15.1032 /T,3.1066188,65.511867
2026-Mar-10 09:00,-3.899,0.846,1.63535999168944,15.1334 /T,3.1064975,65.511523
2026-Mar-10 12:00,-3.899,0.846,1.63504178939749,15.1635 /T,3.106376,65.511339
2026-Mar-10 15:00,-3.899,0.846,1.63472286776382,15.1936 /T,3.1062544,65.511314
2026-Mar-10 18:00,-3.899,0.847,1.63440322601179,15.2237 /T,3.1061326,65.51145
2026-Mar-10 21:00,-3.899,0.847,1.63408286336194,15.2538 /T,3.1060108,65.511745
2026-Mar-11 00:00,-3.899,0.847,1.63376177903198,15.2839 /T,3.1058889,65.5122
2026-Mar-11 03:00,-3.899,0.848,1.63343997223687,15.3141 /T,3.1057668,65.512814
2026-Mar-11 06:00,-3.899,0.848,1.63311744218874,15.3442 /T,3.1056446,65.513589
2026-Mar-11 09:00,-3.899,0.848,1.63279418809694,15.3743 /T,3.1055222,65.514524
2026-Mar-11 12:00,-3.899,0.848,1.63247020916806,15.4044 /T,3.1053997,65.515618
2026-Mar-11 15:00,-3.899,0.849,1.6321455046059,15.4346 /T,3.1052771,65.516873
2026-Mar-11 18:00,-3.899,0.849,1.63182007361147,15.4647 /T,3.1051543,65.518287
2026-Mar-11 21:00,-3.899,0.849,1.63149391538298,15.4948 /T,3.1050313,65.519861
2026-Mar-12 00:00,-3.899,0.85,1.63116702911588,15.5250 /T,3.1049082,65.521596
2026-Mar-12 03:00,-3.899,0.85,1.63083941400282,15.5551 /T,3.1047849,65.52349
2026-Mar-12 06:00,-3.899,0.85,1.63051106923367,15.5852 /T,3.1046614,65.525544
2026-Mar-12 09:00,-3.899,0.85,1.63018199399551,15.6154 /T,3.1045378,65.527759
2026-Mar-12 12:00,-3.899,0.851,1.62985218747264,15.6455 /T,3.104414,65.530133
2026-Mar-12 15:00,-3.899,0.851,1.62952164884661,15.6756 /T,3.10429,65.532668
2026-Mar-12 18:00,-3.899,0.851,1.62919037729621,15.7058 /T,3.1041657,65.535363
2026-Mar-12 21:00,-3.899,0.852,1.6288583719975,15.7359 /T,3.1040413,65.538218
2026-Mar-13 00:00,-3.899,0.852,1.62852563212385,15.7661 /T,3.1039167,65.541233
2026-Mar-13 03:00,-3.899,0.852,1.62819215684593,15.7962 /T,3.1037918,65.544408
2026-Mar-13 06:00,-3.899,0.852,1.62785794533183,15.8263 /T,3.1036668,65.547743
2026-Mar-13 09:00,-3.899,0.853,1.62752299674702,15.8565 /T,3.1035415,65.551239
2026-Mar-13 12:00,-3.899,0.853,1.62718731025447,15.8866 /T,3.103416,65.554895
2026-Mar-13 15:00,-3.899,0.853,1.62685088501469,15.9168 /T,3.1032902,65.558711
2026-Mar-13 18:00,-3.899,0.854,1.62651372018584,15.9469 /T,3.1031642,65.562688
2026-Mar-13 21:00,-3.899,0.854,1.6261758149238,15.9771 /T,3.1030379,65.566825
2026-Mar-14 00:00,-3.899,0.854,1.62583716838224,16.0073 /T,3.1029114,65.571122
2026-Mar-14 03:00,-3.899,0.855,1.62549777971284,16.0374 /T,3.1027845,65.57558
2026-Mar-14 06:00,-3.899,0.855,1.62515764806531,16.0676 /T,3.1026575,65.580198
2026-Mar-14 09:00,-3.899,0.855,1.6248167725876,16.0977 /T,3.1025301,65.584976
2026-Mar-14 12:00,-3.899,0.855,1.62447515242605,16.1279 /T,3.1024024,65.589915
2026-Mar-14 15:00,-3.899,0.856,1.62413278672561,16.1581 /T,3.1022745,65.595014
2026-Mar-14 18:00,-3.899,0.856,1.6237896746299,16.1882 /T,3.1021462,65.600274
2026-Mar-14 21:00,-3.899,0.856,1.62344581528163,16.2184 /T,3.1020176,65.605694
2026-Mar-15 00:00,-3.899,0.857,1.62310120782264,16.2486 /T,3.1018887,65.611275
2026-Mar-15 03:00,-3.899,0.857,1.6227558513943,16.2787 /T,3.1017594,65.617016
2026-Mar-15 06:00,-3.899,0.857,1.62240974513766,16.3089 /T,3.1016298,65.622918
2026-Mar-15 09:00,-3.899,0.858,1.62206288819387,16.3391 /T,3.1014999,65.628981
2026-Mar-15 12:00,-3.899,0.858,1.62171527970437,16.3692 /T,3.1013695,65.635204
2026-Mar-15 15:00,-3.899,0.858,1.6213669188113,16.3994 /T,3.1012388,65.641588
2026-Mar-15 18:00,-3.899,0.858,1.62101780465782,16.4296 /T,3.1011078,65.648133
2026-Mar-15 21:00,-3.899,0.859,1.62066793638853,16.4598 /T,3.1009763,65.654838
2026-Mar-16 00:00,-3.899,0.859,1.62031731314982,16.4900 /T,3.1008444,65.661704
2026-Mar-16 03:00,-3.899,0.859,1.61996593409031,16.5201 /T,3.1007121,65.668731
2026-Mar-16 06:00,-3.899,0.86,1.61961379836127,16.5503 /T,3.1005794,65.675918
2026-Mar-16 09:00,-3.899,0.86,1.61926090511717,16.5805 /T,3.1004463,65.683266
2026-Mar-16 12:00,-3.899,0.86,1.61890725351601,16.6107 /T,3.1003127,65.690775
2026-Mar-16 15:00,-3.899,0.861,1.61855284271997,16.6409 /T,3.1001787,65.698445
2026-Mar-16 18:00,-3.899,0.861,1.61819767189586,16.6711 /T,3.1000441,65.706276
2026-Mar-16 21:00,-3.899,0.861,1.61784174021566,16.7013 /T,3.0999091,65.714268
2026-Mar-17 00:00,-3.899,0.862,1.61748504685712,16.7315 /T,3.0997737,65.72242
2026-Mar-17 03:00,-3.899,0.862,1.61712759100431,16.7617 /T,3.0996377,65.730733
2026-Mar-17 06:00,-3.899,0.862,1.61676937184824,16.7919 /T,3.0995012,65.739207
2026-Mar-17 09:00,-3.899,0.862,1.61641038858743,16.8221 /T,3.0993642,65.747843
2026-Mar-17 12:00,-3.899,0.863,1.61605064042859,16.8523 /T,3.0992266,65.756639
2026-Mar-17 15:00,-3.899,0.863,1.61569012658719,16.8825 /T,3.0990886,65.765596
2026-Mar-17 18:00,-3.899,0.863,1.61532884628817,16.9127 /T,3.0989499,65.774713
2026-Mar-17 21:00,-3.899,0.864,1.61496679876656,16.9429 /T,3.0988107,65.783992
2026-Mar-18 00:00,-3.899,0.864,1.61460398326816,16.9731 /T,3.0986709,65.793432
2026-Mar-18 03:00,-3.899,0.864,1.6142403990502,17.0033 /T,3.0985305,65.803033
2026-Mar-18 06:00,-3.899,0.865,1.61387604538201,17.0335 /T,3.0983895,65.812795
2026-Mar-18 09:00,-3.899,0.865,1.61351092154567,17.0638 /T,3.098248,65.822717
2026-Mar-18 12:00,-3.899,0.865,1.61314502683674,17.0940 /T,3.0981058,65.832801
2026-Mar-18 15:00,-3.899,0.866,1.61277836056487,17.1242 /T,3.0979629,65.843046
2026-Mar-18 18:00,-3.899,0.866,1.61241092205443,17.1544 /T,3.0978194,65.853452
2026-Mar-18 21:00,-3.899,0.866,1.61204271064527,17.1846 /T,3.0976753,65.864018
2026-Mar-19 00:00,-3.899,0.867,1.61167372569324,17.2149 /T,3.0975305,65.874746
2026-Mar-19 03:00,-3.899,0.867,1.61130396657088,17.2451 /T,3.0973851,65.885634
2026-Mar-19 06:00,-3.899,0.867,1.610933432668,17.2753 /T,3.097239,65.896684
2026-Mar-19 09:00,-3.899,0.868,1.61056212339223,17.3056 /T,3.0970922,65.907894
2026-Mar-19 12:00,-3.899,0.868,1.61019003816969,17.3358 /T,3.0969447,65.919266
2026-Mar-19 15:00,-3.899,0.868,1.60981717644542,17.3660 /T,3.0967965,65.930798
2026-Mar-19 18:00,-3.899,0.869,1.60944353768391,17.3963 /T,3.0966476,65.942491
2026-Mar-19 21:00,-3.899,0.869,1.60906912136965,17.4265 /T,3.096498,65.954345
2026-Mar-20 00:00,-3.899,0.869,1.6086939270075,17.4568 /T,3.0963476,65.96636
2026-Mar-20 03:00,-3.899,0.869,1.60831795412313,17.4870 /T,3.0961966,65.978536
2026-Mar-20 06:00,-3.899,0.87,1.60794120226344,17.5173 /T,3.0960448,65.990872
2026-Mar-20 09:00,-3.899,0.87,1.60756367099687,17.5475 /T,3.0958923,66.00337
2026-Mar-20 12:00,-3.899,0.87,1.60718535991369,17.5778 /T,3.0957391,66.016028
2026-Mar-20 15:00,-3.899,0.871,1.60680626862629,17.6080 /T,3.0955851,66.028847
2026-Mar-20 18:00,-3.899,0.871,1.60642639676941,17.6383 /T,3.0954304,66.041826
2026-Mar-20 21:00,-3.899,0.871,1.60604574400031,17.6685 /T,3.0952749,66.054966
2026-Mar-21 00:00,-3.899,0.872,1.60566430999888,17.6988 /T,3.0951187,66.068267
2026-Mar-21 03:00,-3.899,0.872,1.60528209446782,17.7291 /T,3.0949618,66.081728
2026-Mar-21 06:00,-3.899,0.872,1.60489909713259,17.7593 /T,3.0948041,66.09535
2026-Mar-21 09:00,-3.899,0.873,1.60451531774148,17.7896 /T,3.0946457,66.109132
2026-Mar-21 12:00,-3.899,0.873,1.60413075606554,17.8199 /T,3.0944865,66.123075
2026-Mar-21 15:00,-3.899,0.873,1.60374541189854,17.8501 /T,3.0943267,66.137178
2026-Mar-21 18:00,-3.899,0.874,1.60335928505684,17.8804 /T,3.094166,66.151442
2026-Mar-21 21:00,-3.899,0.874,1.60297237537914,17.9107 /T,3.0940047,66.165865
2026-Mar-22 00:00,-3.899,0.874,1.60258468272642,17.9410 /T,3.0938426,66.18045
2026-Mar-22 03:00,-3.899,0.875,1.60219620698159,17.9713 /T,3.0936798,66.195194
2026-Mar-22 06:00,-3.899,0.875,1.6018069480492,18.0015 /T,3.0935162,66.210099
2026-Mar-22 09:00,-3.899,0.875,1.60141690585522,18.0318 /T,3.093352,66.225163
2026-Mar-22 12:00,-3.899,0.876,1.60102608034653,18.0621 /T,3.093187,66.240388
2026-Mar-22 15:00,-3.899,0.876,1.6006344714907,18.0924 /T,3.0930214,66.255773
2026-Mar-22 18:00,-3.899,0.876,1.60024207927541,18.1227 /T,3.092855,66.271318
2026-Mar-22 21:00,-3.899,0.877,1.59984890370808,18.1530 /T,3.092688,66.287022
2026-Mar-23 00:00,-3.899,0.877,1.5994549448154,18.1833 /T,3.0925203,66.302887
2026-Mar-23 03:00,-3.899,0.877,1.59906020264275,18.2136 /T,3.0923519,66.318911
2026-Mar-23 06:00,-3.899,0.878,1.59866467725372,18.2439 /T,3.0921829,66.335096
2026-Mar-23 09:00,-3.899,0.878,1.59826836872957,18.2742 /T,3.0920132,66.35144
2026-Mar-23 12:00,-3.899,0.878,1.59787127716863,18.3045 /T,3.0918429,66.367943
2026-Mar-23 15:00,-3.899,0.879,1.59747340268565,18.3348 /T,3.091672,66.384607
2026-Mar-23 18:00,-3.899,0.879,1.59707474541131,18.3651 /T,3.0915004,66.40143
2026-Mar-23 21:00,-3.899,0.88,1.59667530549152,18.3955 /T,3.0913282,66.418412
2026-Mar-24 00:00,-3.899,0.88,1.59627508308679,18.4258 /T,3.0911555,66.435554
2026-Mar-24 03:00,-3.899,0.88,1.59587407837161,18.4561 /T,3.0909821,66.452856
2026-Mar-24 06:00,-3.899,0.881,1.5954722915338,18.4864 /T,3.0908082,66.470316
2026-Mar-24 09:00,-3.899,0.881,1.59506972277381,18.5167 /T,3.0906337,66.487937
2026-Mar-24 12:00,-3.899,0.881,1.5946663723041,18.5471 /T,3.0904587,66.505716
2026-Mar-24 15:00,-3.899,0.882,1.5942622403485,18.5774 /T,3.0902831,66.523655
2026-Mar-24 18:00,-3.899,0.882,1.59385732714146,18.6077 /T,3.090107,66.541753
2026-Mar-24 21:00,-3.899,0.882,1.59345163292746,18.6381 /T,3.0899304,66.56001
2026-Mar-25 00:00,-3.899,0.883,1.59304515796032,18.6684 /T,3.0897533,66.578427
2026-Mar-25 03:00,-3.899,0.883,1.59263790250252,18.6987 /T,3.0895757,66.597002
2026-Mar-25 06:00,-3.899,0.883,1.59222986682458,18.7291 /T,3.0893977,66.615737
2026-Mar-25 09:00,-3.899,0.884,1.59182105120438,18.7594 /T,3.0892192,66.63463
2026-Mar-25 12:00,-3.899,0.884,1.59141145592652,18.7897 /T,3.0890402,66.653683
2026-Mar-25 15:00,-3.899,0.884,1.5910010812817,18.8201 /T,3.0888608,66.672894
2026-Mar-25 18:00,-3.899,0.885,1.59058992756606,18.8504 /T,3.088681,66.692265
2026-Mar-25 21:00,-3.899,0.885,1.59017799508057,18.8808 /T,3.0885008,66.711794
2026-Mar-26 00:00,-3.899,0.885,1.58976528413041,18.9111 /T,3.0883202,66.731483
2026-Mar-26 03:00,-3.899,0.886,1.5893517950244,18.9415 /T,3.0881392,66.75133
2026-Mar-26 06:00,-3.899,0.886,1.58893752807433,18.9719 /T,3.0879579,66.771336
2026-Mar-26 09:00,-3.899,0.886,1.58852248359446,19.0022 /T,3.0877762,66.7915
2026-Mar-26 12:00,-3.899,0.887,1.58810666190086,19.0326 /T,3.0875942,66.811824
2026-Mar-26 15:00,-3.899,0.887,1.58769006331095,19.0629 /T,3.0874118,66.832306
2026-Mar-26 18:00,-3.899,0.888,1.58727268814284,19.0933 /T,3.0872291,66.852947
2026-Mar-26 21:00,-3.899,0.888,1.58685453671488,19.1237 /T,3.0870462,66.873746
2026-Mar-27 00:00,-3.899,0.888,1.58643560934505,19.1540 /T,3.0868629,66.894704
2026-Mar-27 03:00,-3.899,0.889,1.5860159063505,19.1844 /T,3.0866794,66.915821
2026-Mar-27 06:00,-3.899,0.889,1.58559542804702,19.2148 /T,3.0864956,66.937096
2026-Mar-27 09:00,-3.899,0.889,1.58517417474858,19.2451 /T,3.0863116,66.95853
2026-Mar-27 12:00,-3.899,0.89,1.58475214676676,19.2755 /T,3.0861273,66.980123
2026-Mar-27 15:00,-3.899,0.89,1.58432934441039,19.3059 /T,3.0859428,67.001874
2026-Mar-27 18:00,-3.899,0.89,1.583905767985,19.3363 /T,3.0857581,67.023783
2026-Mar-27 21:00,-3.899,0.891,1.58348141779243,19.3667 /T,3.0855732,67.045852
2026-Mar-28 00:00,-3.899,0.891,1.58305629413036,19.3970 /T,3.0853881,67.068078
2026-Mar-28 03:00,-3.899,0.892,1.58263039729188,19.4274 /T,3.0852029,67.090463
2026-Mar-28 06:00,-3.899,0.892,1.58220372756515,19.4578 /T,3.0850174,67.113007
2026-Mar-28 09:00,-3.899,0.892,1.58177628523289,19.4882 /T,3.0848319,67.135709
2026-Mar-28 12:00,-3.899,0.893,1.58134807057208,19.5186 /T,3.0846461,67.158569
2026-Mar-28 15:00,-3.899,0.893,1.58091908385353,19.5490 /T,3.0844603,67.181588
2026-Mar-28 18:00,-3.899,0.893,1.58048932534157,19.5794 /T,3.0842743,67.204765
2026-Mar-28 21:00,-3.899,0.894,1.58005879529363,19.6098 /T,3.0840882,67.2281
2026-Mar-29 00:00,-3.899,0.894,1.57962749395997,19.6402 /T,3.083902,67.251594
2026-Mar-29 03:00,-3.899,0.894,1.57919542158327,19.6706 /T,3.0837157,67.275247
2026-Mar-29 06:00,-3.899,0.895,1.57876257839843,19.7010 /T,3.0835293,67.299057
2026-Mar-29 09:00,-3.899,0.895,1.57832896463214,19.7314 /T,3.0833429,67.323026
2026-Mar-29 12:00,-3.899,0.896,1.5778945805027,19.7618 /T,3.0831563,67.347153
2026-Mar-29 15:00,-3.899,0.896,1.57745942621967,19.7922 /T,3.0829698,67.371439
2026-Mar-29 18:00,-3.899,0.896,1.57702350198366,19.8226 /T,3.0827832,67.395883
2026-Mar-29 21:00,-3.899,0.897,1.57658680798601,19.8530 /T,3.0825965,67.420485
2026-Mar-30 00:00,-3.899,0.897,1.57614934440865,19.8834 /T,3.0824098,67.445246
2026-Mar-30 03:00,-3.899,0.897,1.57571111142379,19.9138 /T,3.0822231,67.470164
2026-Mar-30 06:00,-3.899,0.898,1.57527210919373,19.9442 /T,3.0820364,67.495241
2026-Mar-30 09:00,-3.899,0.898,1.57483233787072,19.9746 /T,3.0818496,67.520477
2026-Mar-30 12:00,-3.899,0.899,1.57439179759669,20.0050 /T,3.0816629,67.54587
2026-Mar-30 15:00,-3.899,0.899,1.57395048850314,20.0354 /T,3.0814761,67.571422
2026-Mar-30 18:00,-3.899,0.899,1.573508410711,20.0658 /T,3.0812894,67.597132
2026-Mar-30 21:00,-3.899,0.9,1.57306556433045,20.0963 /T,3.0811027,67.623
2026-Mar-31 00:00,-3.899,0.9,1.57262194946076,20.1267 /T,3.080916,67.649026
2026-Mar-31 03:00,-3.899,0.9,1.57217756619028,20.1571 /T,3.0807294,67.675211
2026-Mar-31 06:00,-3.899,0.901,1.57173241459627,20.1875 /T,3.0805427,67.701554
2026-Mar-31 09:00,-3.899,0.901,1.57128649474479,20.2179 /T,3.0803561,67.728055
2026-Mar-31 12:00,-3.899,0.902,1.57083980669073,20.2484 /T,3.0801696,67.754714
2026-Mar-31 15:00,-3.899,0.902,1.57039235047766,20.2788 /T,3.0799831,67.781531
2026-Mar-31 18:00,-3.899,0.902,1.56994412613785,20.3092 /T,3.0797966,67.808506
2026-Mar-31 21:00,-3.899,0.903,1.56949513369217,20.3396 /T,3.0796102,67.835639
2026-Apr-01 00:00,-3.899,0.903,1.5690453731502,20.3700 /T,3.0794238,67.862931
2026-Apr-01 03:00,-3.899,0.903,1.56859484451006,20.4005 /T,3.0792375,67.89038
2026-Apr-01 06:00,-3.899,0.904,1.56814354775859,20.4309 /T,3.0790513,67.917988
2026-Apr-01 09:00,-3.899,0.904,1.56769148287125,20.4613 /T,3.0788651,67.945754
2026-Apr-01 12:00,-3.899,0.905,1.56723864981225,20.4918 /T,3.078679,67.973677
2026-Apr-01 15:00,-3.899,0.905,1.56678504853451,20.5222 /T,3.078493,68.001759
2026-Apr-01 18:00,-3.899,0.905,1.56633067897983,20.5526 /T,3.0783071,68.029999
2026-Apr-01 21:00,-3.899,0.906,1.56587554107885,20.5830 /T,3.0781212,68.058396
2026-Apr-02 00:00,-3.899,0.906,1.5654196347512,20.6135 /T,3.0779353,68.086952
2026-Apr-02 03:00,-3.899,0.907,1.56496295990564,20.6439 /T,3.0777496,68.115665
2026-Apr-02 06:00,-3.899,0.907,1.56450551644005,20.6743 /T,3.0775639,68.144537
2026-Apr-02 09:00,-3.899,0.907,1.56404730424163,20.7048 /T,3.0773783,68.173566
2026-Apr-02 12:00,-3.899,0.908,1.56358832318704,20.7352 /T,3.0771928,68.202753
2026-Apr-02 15:00,-3.899,0.908,1.56312857314245,20.7656 /T,3.0770073,68.232098
2026-Apr-02 18:00,-3.899,0.908,1.56266805396374,20.7961 /T,3.076822,68.261601
2026-Apr-02 21:00,-3.899,0.909,1.56220676549668,20.8265 /T,3.0766367,68.291261
2026-Apr-03 00:00,-3.9,0.909,1.561744707577,20.8569 /T,3.0764514,68.321079
2026-Apr-03 03:00,-3.9,0.91,1.56128188003063,20.8874 /T,3.0762663,68.351055
2026-Apr-03 06:00,-3.9,0.91,1.56081828267384,20.9178 /T,3.0760812,68.381189
2026-Apr-03 09:00,-3.9,0.91,1.56035391531342,20.9482 /T,3.0758962,68.41148
2026-Apr-03 12:00,-3.9,0.911,1.55988877774682,20.9787 /T,3.0757112,68.441929
2026-Apr-03 15:00,-3.9,0.911,1.55942286976243,21.0091 /T,3.0755263,68.472536
2026-Apr-03 18:00,-3.9,0.912,1.55895619113965,21.0396 /T,3.0753415,68.5033
2026-Apr-03 21:00,-3.9,0.912,1.55848874164916,21.0700 /T,3.0751568,68.534221
2026-Apr-04 00:00,-3.9,0.912,1.55802052105306,21.1004 /T,3.0749721,68.5653
2026-Apr-04 03:00,-3.9,0.913,1.55755152910511,21.1309 /T,3.0747874,68.596537
2026-Apr-04 06:00,-3.9,0.913,1.55708176555089,21.1613 /T,3.0746028,68.627931
2026-Apr-04 09:00,-3.9,0.914,1.55661123012801,21.1917 /T,3.0744183,68.659482
2026-Apr-04 12:00,-3.9,0.914,1.55613992256627,21.2222 /T,3.0742338,68.691191
2026-Apr-04 15:00,-3.9,0.914,1.55566784258793,21.2526 /T,3.0740494,68.723057
2026-Apr-04 18:00,-3.9,0.915,1.55519498990778,21.2831 /T,3.073865,68.75508
2026-Apr-04 21:00,-3.9,0.915,1.55472136423345,21.3135 /T,3.0736807,68.78726
2026-Apr-05 00:00,-3.9,0.916,1.55424696526554,21.3439 /T,3.0734964,68.819597
2026-Apr-05 03:00,-3.9,0.916,1.55377179269779,21.3744 /T,3.0733121,68.852092
2026-Apr-05 06:00,-3.9,0.916,1.55329584621728,21.4048 /T,3.0731278,68.884743
2026-Apr-05 09:00,-3.9,0.917,1.55281912550462,21.4353 /T,3.0729436,68.917552
2026-Apr-05 12:00,-3.9,0.917,1.55234163023408,21.4657 /T,3.0727595,68.950517
2026-Apr-05 15:00,-3.9,0.918,1.55186336007381,21.4961 /T,3.0725753,68.98364
2026-Apr-05 18:00,-3.9,0.918,1.55138431468596,21.5266 /T,3.0723912,69.016919
2026-Apr-05 21:00,-3.9,0.918,1.55090449372687,21.5570 /T,3.0722071,69.050355
2026-Apr-06 00:00,-3.9,0.919,1.55042389684719,21.5875 /T,3.0720229,69.083948
2026-Apr-06 03:00,-3.9,0.919,1.54994252369202,21.6179 /T,3.0718388,69.117697
2026-Apr-06 06:00,-3.9,0.92,1.54946037390113,21.6483 /T,3.0716548,69.151603
2026-Apr-06 09:00,-3.9,0.92,1.54897744710896,21.6788 /T,3.0714707,69.185666
2026-Apr-06 12:00,-3.9,0.92,1.54849374294483,21.7092 /T,3.0712866,69.219885
2026-Apr-06 15:00,-3.9,0.921,1.54800926103309,21.7397 /T,3.0711025,69.25426
2026-Apr-06 18:00,-3.9,0.921,1.54752400099312,21.7701 /T,3.0709184,69.288792
2026-Apr-06 21:00,-3.9,0.922,1.54703796243956,21.8005 /T,3.0707343,69.32348
2026-Apr-07 00:00,-3.9,0.922,1.5465511449823,21.8310 /T,3.0705501,69.358325
2026-Apr-07 03:00,-3.9,0.922,1.54606354822664,21.8614 /T,3.070366,69.393325
2026-Apr-07 06:00,-3.9,0.923,1.54557517177334,21.8919 /T,3.0701818,69.428482
2026-Apr-07 09:00,-3.9,0.923,1.54508601521869,21.9223 /T,3.0699976,69.463794
2026-Apr-07 12:00,-3.9,0.924,1.5445960781546,21.9527 /T,3.0698134,69.499263
2026-Apr-07 15:00,-3.9,0.924,1.54410536016866,21.9832 /T,3.0696291,69.534888
2026-Apr-07 18:00,-3.9,0.924,1.54361386084413,22.0136 /T,3.0694449,69.570668
2026-Apr-07 21:00,-3.9,0.925,1.5431215797601,22.0440 /T,3.0692605,69.606604
2026-Apr-08 00:00,-3.9,0.925,1.54262851649142,22.0745 /T,3.0690761,69.642696
2026-Apr-08 03:00,-3.9,0.926,1.54213467060875,22.1049 /T,3.0688917,69.678943
2026-Apr-08 06:00,-3.9,0.926,1.54164004167865,22.1353 /T,3.0687072,69.715346
2026-Apr-08 09:00,-3.9,0.927,1.54114462926353,22.1658 /T,3.0685227,69.751904
2026-Apr-08 12:00,-3.9,0.927,1.54064843292165,22.1962 /T,3.0683381,69.788617
2026-Apr-08 15:00,-3.9,0.927,1.54015145220719,22.2267 /T,3.0681534,69.825486
2026-Apr-08 18:00,-3.9,0.928,1.53965368667018,22.2571 /T,3.0679687,69.86251
2026-Apr-08 21:00,-3.901,0.928,1.53915513585656,22.2875 /T,3.0677839,69.899689
2026-Apr-09 00:00,-3.901,0.929,1.53865579930804,22.3180 /T,3.067599,69.937023
2026-Apr-09 03:00,-3.901,0.929,1.53815567656228,22.3484 /T,3.067414,69.974512
2026-Apr-09 06:00,-3.901,0.929,1.53765476715263,22.3788 /T,3.067229,70.012156
2026-Apr-09 09:00,-3.901,0.93,1.53715307060831,22.4093 /T,3.0670439,70.049955
2026-Apr-09 12:00,-3.901,0.93,1.53665058645425,22.4397 /T,3.0668586,70.087908
2026-Apr-09 15:00,-3.901,0.931,1.53614731421113,22.4701 /T,3.0666733,70.126016
2026-Apr-09 18:00,-3.901,0.931,1.53564325339524,22.5005 /T,3.0664879,70.164278
2026-Apr-09 21:00,-3.901,0.932,1.53513840351856,22.5310 /T,3.0663023,70.202694
2026-Apr-10 00:00,-3.901,0.932,1.53463276408865,22.5614 /T,3.0661167,70.241265
2026-Apr-10 03:00,-3.901,0.932,1.53412633460859,22.5918 /T,3.0659309,70.27999
2026-Apr-10 06:00,-3.901,0.933,1.53361911457701,22.6223 /T,3.0657451,70.318869
2026-Apr-10 09:00,-3.901,0.933,1.53311110348797,22.6527 /T,3.0655591,70.357902
2026-Apr-10 12:00,-3.901,0.934,1.53260230083096,22.6831 /T,3.0653729,70.397089
2026-Apr-10 15:00,-3.901,0.934,1.53209270609083,22.7135 /T,3.0651867,70.43643
2026-Apr-10 18:00,-3.901,0.935,1.5315823187478,22.7440 /T,3.0650002,70.475924
2026-Apr-10 21:00,-3.901,0.935,1.53107113827738,22.7744 /T,3.0648137,70.515572
2026-Apr-11 00:00,-3.901,0.935,1.53055916415036,22.8048 /T,3.064627,70.555373
2026-Apr-11 03:00,-3.901,0.936,1.53004639583275,22.8352 /T,3.0644401,70.595328
2026-Apr-11 06:00,-3.901,0.936,1.52953283278586,22.8657 /T,3.0642531,70.635436
2026-Apr-11 09:00,-3.901,0.937,1.52901847446616,22.8961 /T,3.0640659,70.675697
2026-Apr-11 12:00,-3.901,0.937,1.52850332032539,22.9265 /T,3.0638785,70.716111
2026-Apr-11 15:00,-3.901,0.938,1.52798736981046,22.9569 /T,3.0636909,70.756677
2026-Apr-11 18:00,-3.901,0.938,1.52747062236359,22.9873 /T,3.0635032,70.797397
2026-Apr-11 21:00,-3.901,0.938,1.52695307742225,23.0178 /T,3.0633152,70.838269
2026-Apr-12 00:00,-3.901,0.939,1.52643473441921,23.0482 /T,3.063127,70.879294
2026-Apr-12 03:00,-3.901,0.939,1.52591559278265,23.0786 /T,3.0629386,70.920471
2026-Apr-12 06:00,-3.901,0.94,1.52539565193621,23.1090 /T,3.06275,70.9618
2026-Apr-12 09:00,-3.901,0.94,1.52487491129903,23.1394 /T,3.0625612,71.003282
2026-Apr-12 12:00,-3.901,0.941,1.52435337028592,23.1699 /T,3.0623721,71.044916
2026-Apr-12 15:00,-3.901,0.941,1.52383102830749,23.2003 /T,3.0621828,71.086701
2026-Apr-12 18:00,-3.901,0.941,1.52330788477025,23.2307 /T,3.0619932,71.128638
2026-Apr-12 21:00,-3.902,0.942,1.52278393907679,23.2611 /T,3.0618034,71.170727
2026-Apr-13 00:00,-3.902,0.942,1.52225919062603,23.2915 /T,3.0616133,71.212968
2026-Apr-13 03:00,-3.902,0.943,1.5217336388134,23.3219 /T,3.0614228,71.255359
2026-Apr-13 06:00,-3.902,0.943,1.52120728303101,23.3523 /T,3.0612321,71.297902
2026-Apr-13 09:00,-3.902,0.944,1.52068012266808,23.3827 /T,3.0610411,71.340596
2026-Apr-13 12:00,-3.902,0.944,1.52015215711111,23.4132 /T,3.0608498,71.383441
2026-Apr-13 15:00,-3.902,0.945,1.51962338574422,23.4436 /T,3.0606581,71.426437
2026-Apr-13 18:00,-3.902,0.945,1.51909380794959,23.4740 /T,3.060466,71.469583
2026-Apr-13 21:00,-3.902,0.945,1.51856342310776,23.5044 /T,3.0602737,71.51288
2026-Apr-14 00:00,-3.902,0.946,1.51803223059807,23.5348 /T,3.0600809,71.556327
2026-Apr-14 03:00,-3.902,0.946,1.51750022979914,23.5652 /T,3.0598878,71.599924
2026-Apr-14 06:00,-3.902,0.947,1.51696742008934,23.5956 /T,3.0596943,71.643671
2026-Apr-14 09:00,-3.902,0.947,1.51643380084732,23.6260 /T,3.0595003,71.687568
2026-Apr-14 12:00,-3.902,0.948,1.51589937145249,23.6564 /T,3.059306,71.731615
2026-Apr-14 15:00,-3.902,0.948,1.51536413128573,23.6868 /T,3.0591112,71.775811
2026-Apr-14 18:00,-3.902,0.948,1.51482807972987,23.7172 /T,3.0589159,71.820157
2026-Apr-14 21:00,-3.902,0.949,1.51429121617047,23.7476 /T,3.0587202,71.864652
2026-Apr-15 00:00,-3.902,0.949,1.51375353999638,23.7780 /T,3.058524,71.909295
2026-Apr-15 03:00,-3.902,0.95,1.51321505060057,23.8084 /T,3.0583273,71.954088
2026-Apr-15 06:00,-3.902,0.95,1.51267574738076,23.8388 /T,3.0581301,71.999029
2026-Apr-15 09:00,-3.902,0.951,1.51213562974032,23.8692 /T,3.0579323,72.044118
2026-Apr-15 12:00,-3.902,0.951,1.51159469708891,23.8996 /T,3.057734,72.089356
2026-Apr-15 15:00,-3.902,0.952,1.51105294884347,23.9300 /T,3.0575352,72.134742
2026-Apr-15 18:00,-3.902,0.952,1.51051038442894,23.9604 /T,3.0573358,72.180276
2026-Apr-15 21:00,-3.902,0.953,1.50996700327926,23.9908 /T,3.0571358,72.225957
2026-Apr-16 00:00,-3.903,0.953,1.50942280483812,24.0212 /T,3.0569351,72.271786
2026-Apr-16 03:00,-3.903,0.953,1.50887778855994,24.0516 /T,3.0567339,72.317762
2026-Apr-16 06:00,-3.903,0.954,1.50833195391082,24.0820 /T,3.056532,72.363884
2026-Apr-16 09:00,-3.903,0.954,1.50778530036941,24.1124 /T,3.0563295,72.410154
2026-Apr-16 12:00,-3.903,0.955,1.50723782742785,24.1427 /T,3.0561263,72.45657
2026-Apr-16 15:00,-3.903,0.955,1.50668953459279,24.1731 /T,3.0559224,72.503133
2026-Apr-16 18:00,-3.903,0.956,1.50614042138616,24.2035 /T,3.0557178,72.549842
2026-Apr-16 21:00,-3.903,0.956,1.50559048734631,24.2339 /T,3.0555125,72.596696
2026-Apr-17 00:00,-3.903,0.957,1.50503973202876,24.2643 /T,3.0553064,72.643696
2026-Apr-17 03:00,-3.903,0.957,1.5044881550072,24.2947 /T,3.0550997,72.690842
2026-Apr-17 06:00,-3.903,0.957,1.50393575587436,24.3251 /T,3.0548921,72.738132
2026-Apr-17 09:00,-3.903,0.958,1.50338253424287,24.3555 /T,3.0546838,72.785568
2026-Apr-17 12:00,-3.903,0.958,1.50282848974615,24.3858 /T,3.0544747,72.833148
2026-Apr-17 15:00,-3.903,0.959,1.50227362203914,24.4162 /T,3.0542648,72.880872
2026-Apr-17 18:00,-3.903,0.959,1.50171793079919,24.4466 /T,3.0540541,72.928741
2026-Apr-17 21:00,-3.903,0.96,1.50116141572666,24.4770 /T,3.0538426,72.976753
2026-Apr-18 00:00,-3.903,0.96,1.50060407654578,24.5074 /T,3.0536302,73.024909
2026-Apr-18 03:00,-3.903,0.961,1.50004591300521,24.5377 /T,3.053417,73.073209
2026-Apr-18 06:00,-3.903,0.961,1.49948692487866,24.5681 /T,3.053203,73.121651
2026-Apr-18 09:00,-3.903,0.962,1.49892711196544,24.5985 /T,3.0529881,73.170236
2026-Apr-18 12:00,-3.903,0.962,1.49836647409098,24.6289 /T,3.0527723,73.218963
2026-Apr-18 15:00,-3.904,0.963,1.49780501110727,24.6592 /T,3.0525557,73.267833
2026-Apr-18 18:00,-3.904,0.963,1.49724272289323,24.6896 /T,3.0523382,73.316844
2026-Apr-18 21:00,-3.904,0.963,1.49667960935506,24.7200 /T,3.0521198,73.365997
2026-Apr-19 00:00,-3.904,0.964,1.49611567042647,24.7504 /T,3.0519005,73.415292
2026-Apr-19 03:00,-3.904,0.964,1.49555090606889,24.7807 /T,3.0516804,73.464727
2026-Apr-19 06:00,-3.904,0.965,1.49498531627163,24.8111 /T,3.0514593,73.514303
2026-Apr-19 09:00,-3.904,0.965,1.49441890105189,24.8415 /T,3.0512374,73.564019
2026-Apr-19 12:00,-3.904,0.966,1.49385166045484,24.8718 /T,3.0510145,73.613875
2026-Apr-19 15:00,-3.904,0.966,1.4932835945535,24.9022 /T,3.0507908,73.663871
2026-Apr-19 18:00,-3.904,0.967,1.49271470344869,24.9326 /T,3.0505661,73.714007
2026-Apr-19 21:00,-3.904,0.967,1.49214498726879,24.9629 /T,3.0503406,73.764282
2026-Apr-20 00:00,-3.904,0.968,1.49157444616952,24.9933 /T,3.0501142,73.814695
2026-Apr-20 03:00,-3.904,0.968,1.49100308033366,25.0237 /T,3.0498869,73.865247
2026-Apr-20 06:00,-3.904,0.969,1.4904308899707,25.0540 /T,3.0496587,73.915937
2026-Apr-20 09:00,-3.904,0.969,1.48985787531641,25.0844 /T,3.0494297,73.966765
2026-Apr-20 12:00,-3.904,0.969,1.48928403663244,25.1148 /T,3.0491997,74.01773
2026-Apr-20 15:00,-3.904,0.97,1.48870937420575,25.1451 /T,3.0489689,74.068833
2026-Apr-20 18:00,-3.905,0.97,1.48813388834819,25.1755 /T,3.0487373,74.120073
2026-Apr-20 21:00,-3.905,0.971,1.48755757939577,25.2058 /T,3.0485048,74.171449
2026-Apr-21 00:00,-3.905,0.971,1.48698044770817,25.2362 /T,3.0482714,74.222961
2026-Apr-21 03:00,-3.905,0.972,1.486402493668,25.2665 /T,3.0480373,74.27461
2026-Apr-21 06:00,-3.905,0.972,1.4858237176802,25.2969 /T,3.0478023,74.326394
2026-Apr-21 09:00,-3.905,0.973,1.48524412017128,25.3272 /T,3.0475665,74.378313
2026-Apr-21 12:00,-3.905,0.973,1.48466370158863,25.3576 /T,3.0473298,74.430367
2026-Apr-21 15:00,-3.905,0.974,1.48408246239974,25.3879 /T,3.0470924,74.482556
2026-Apr-21 18:00,-3.905,0.974,1.48350040309148,25.4183 /T,3.0468542,74.534879
2026-Apr-21 21:00,-3.905,0.975,1.4829175241693,25.4486 /T,3.0466153,74.587336
2026-Apr-22 00:00,-3.905,0.975,1.48233382615645,25.4790 /T,3.0463756,74.639927
2026-Apr-22 03:00,-3.905,0.976,1.48174930959319,25.5093 /T,3.0461351,74.692651
2026-Apr-22 06:00,-3.905,0.976,1.48116397503608,25.5397 /T,3.0458939,74.745508
2026-Apr-22 09:00,-3.905,0.977,1.48057782305704,25.5700 /T,3.045652,74.798498
2026-Apr-22 12:00,-3.905,0.977,1.47999085424268,25.6004 /T,3.0454094,74.85162
2026-Apr-22 15:00,-3.905,0.978,1.47940306919351,25.6307 /T,3.0451661,74.904874
2026-Apr-22 18:00,-3.906,0.978,1.47881446852311,25.6610 /T,3.0449221,74.95826
2026-Apr-22 21:00,-3.906,0.978,1.47822505285739,25.6914 /T,3.0446774,75.011777
2026-Apr-23 00:00,-3.906,0.979,1.4776348228339,25.7217 /T,3.0444321,75.065426
2026-Apr-23 03:00,-3.906,0.979,1.47704377910092,25.7520 /T,3.0441862,75.119205
2026-Apr-23 06:00,-3.906,0.98,1.47645192231695,25.7824 /T,3.0439396,75.173114
2026-Apr-23 09:00,-3.906,0.98,1.47585925314985,25.8127 /T,3.0436924,75.227154
2026-Apr-23 12:00,-3.906,0.981,1.47526577227617,25.8430 /T,3.0434446,75.281323
2026-Apr-23 15:00,-3.906,0.981,1.47467148038054,25.8733 /T,3.0431962,75.335622
2026-Apr-23 18:00,-3.906,0.982,1.47407637815489,25.9037 /T,3.0429473,75.390049
2026-Apr-23 21:00,-3.906,0.982,1.47348046629792,25.9340 /T,3.0426978,75.444606
2026-Apr-24 00:00,-3.906,0.983,1.47288374551444,25.9643 /T,3.0424478,75.499291
2026-Apr-24 03:00,-3.906,0.983,1.47228621651478,25.9946 /T,3.0421972,75.554104
2026-Apr-24 06:00,-3.906,0.984,1.47168788001414,26.0249 /T,3.0419461,75.609044
2026-Apr-24 09:00,-3.906,0.984,1.47108873673211,26.0552 /T,3.0416945,75.664112
2026-Apr-24 12:00,-3.907,0.985,1.47048878739215,26.0856 /T,3.0414424,75.719308
2026-Apr-24 15:00,-3.907,0.985,1.46988803272098,26.1159 /T,3.0411899,75.77463
2026-Apr-24 18:00,-3.907,0.986,1.4692864734481,26.1462 /T,3.0409369,75.830078
2026-Apr-24 21:00,-3.907,0.986,1.46868411030534,26.1765 /T,3.0406834,75.885652
2026-Apr-25 00:00,-3.907,0.987,1.46808094402643,26.2068 /T,3.0404295,75.941353
2026-Apr-25 03:00,-3.907,0.987,1.46747697534645,26.2371 /T,3.0401751,75.997178
2026-Apr-25 06:00,-3.907,0.988,1.46687220500149,26.2674 /T,3.0399203,76.053129
2026-Apr-25 09:00,-3.907,0.988,1.46626663372823,26.2977 /T,3.0396652,76.109204
2026-Apr-25 12:00,-3.907,0.989,1.46566026226348,26.3280 /T,3.0394096,76.165404
2026-Apr-25 15:00,-3.907,0.989,1.4650530913439,26.3582 /T,3.0391537,76.221728
2026-Apr-25 18:00,-3.907,0.99,1.46444512170561,26.3885 /T,3.0388974,76.278175
2026-Apr-25 21:00,-3.907,0.99,1.46383635408381,26.4188 /T,3.0386407,76.334746
2026-Apr-26 00:00,-3.907,0.991,1.46322678921247,26.4491 /T,3.0383837,76.39144
2026-Apr-26 03:00,-3.908,0.991,1.46261642782404,26.4794 /T,3.0381263,76.448256
2026-Apr-26 06:00,-3.908,0.992,1.46200527064913,26.5097 /T,3.0378687,76.505195
2026-Apr-26 09:00,-3.908,0.992,1.46139331841625,26.5399 /T,3.0376107,76.562255
2026-Apr-26 12:00,-3.908,0.993,1.46078057185144,26.5702 /T,3.0373524,76.619437
2026-Apr-26 15:00,-3.908,0.993,1.46016703167814,26.6005 /T,3.0370938,76.676741
2026-Apr-26 18:00,-3.908,0.994,1.45955269861686,26.6307 /T,3.0368349,76.734165
2026-Apr-26 21:00,-3.908,0.994,1.45893757338495,26.6610 /T,3.0365757,76.79171
2026-Apr-27 00:00,-3.908,0.995,1.45832165669639,26.6913 /T,3.0363163,76.849374
2026-Apr-27 03:00,-3.908,0.995,1.45770494926152,26.7215 /T,3.0360566,76.907159
2026-Apr-27 06:00,-3.908,0.996,1.45708745178692,26.7518 /T,3.0357967,76.965063
2026-Apr-27 09:00,-3.908,0.996,1.4564691649751,26.7820 /T,3.0355365,77.023086
2026-Apr-27 12:00,-3.908,0.997,1.45585008952439,26.8123 /T,3.0352761,77.081227
2026-Apr-27 15:00,-3.908,0.997,1.45523022612872,26.8425 /T,3.0350155,77.139487
2026-Apr-27 18:00,-3.909,0.998,1.45460957547746,26.8728 /T,3.0347546,77.197865
2026-Apr-27 21:00,-3.909,0.998,1.45398813825523,26.9030 /T,3.0344936,77.25636
2026-Apr-28 00:00,-3.909,0.999,1.45336591514176,26.9332 /T,3.0342323,77.314973
2026-Apr-28 03:00,-3.909,0.999,1.4527429068117,26.9635 /T,3.0339709,77.373702
2026-Apr-28 06:00,-3.909,1.0,1.45211911393456,26.9937 /T,3.0337093,77.432548
2026-Apr-28 09:00,-3.909,1.0,1.45149453717448,27.0239 /T,3.0334475,77.491509
2026-Apr-28 12:00,-3.909,1.001,1.4508691771901,27.0541 /T,3.0331855,77.550587
2026-Apr-28 15:00,-3.909,1.001,1.4502430346345,27.0843 /T,3.0329233,77.609779
2026-Apr-28 18:00,-3.909,1.002,1.44961611015502,27.1146 /T,3.032661,77.669086
2026-Apr-28 21:00,-3.909,1.002,1.44898840439317,27.1448 /T,3.0323986,77.728508
2026-Apr-29 00:00,-3.909,1.003,1.44835991798455,27.1750 /T,3.032136,77.788044
2026-Apr-29 03:00,-3.91,1.003,1.44773065155868,27.2052 /T,3.0318733,77.847693
2026-Apr-29 06:00,-3.91,1.004,1.44710060573893,27.2354 /T,3.0316104,77.907456
2026-Apr-29 09:00,-3.91,1.004,1.44646978114246,27.2656 /T,3.0313474,77.967331
2026-Apr-29 12:00,-3.91,1.005,1.44583817838014,27.2957 /T,3.0310843,78.027319
2026-Apr-29 15:00,-3.91,1.005,1.4452057980564,27.3259 /T,3.0308211,78.087419
2026-Apr-29 18:00,-3.91,1.006,1.44457264076922,27.3561 /T,3.0305577,78.14763
2026-Apr-29 21:00,-3.91,1.006,1.44393870711004,27.3863 /T,3.0302943,78.207953
2026-Apr-30 00:00,-3.91,1.007,1.44330399766373,27.4165 /T,3.0300307,78.268387
2026-Apr-30 03:00,-3.91,1.007,1.44266851300844,27.4466 /T,3.029767,78.32893
2026-Apr-30 06:00,-3.91,1.008,1.4420322537157,27.4768 /T,3.0295033,78.389584
2026-Apr-30 09:00,-3.91,1.008,1.44139522035025,27.5070 /T,3.0292395,78.450347
2026-Apr-30 12:00,-3.911,1.009,1.44075741347,27.5371 /T,3.0289755,78.51122
2026-Apr-30 15:00,-3.911,1.009,1.44011883362615,27.5673 /T,3.0287115,78.572201
2026-Apr-30 18:00,-3.911,1.01,1.43947948136289,27.5974 /T,3.0284474,78.63329
2026-Apr-30 21:00,-3.911,1.01,1.4388393572177,27.6276 /T,3.0281833,78.694487
2026-May-01 00:00,-3.911,1.011,1.43819846172105,27.6577 /T,3.027919,78.755791
2026-May-01 03:00,-3.911,1.011,1.43755679539653,27.6878 /T,3.0276547,78.817203
2026-May-01 06:00,-3.911,1.012,1.43691435876086,27.7180 /T,3.0273904,78.878721
2026-May-01 09:00,-3.911,1.012,1.43627115232378,27.7481 /T,3.0271259,78.940344
2026-May-01 12:00,-3.911,1.013,1.43562717658815,27.7782 /T,3.0268615,79.002074
2026-May-01 15:00,-3.911,1.013,1.43498243204991,27.8083 /T,3.0265969,79.063909
2026-May-01 18:00,-3.912,1.014,1.43433691919811,27.8384 /T,3.0263323,79.125848
2026-May-01 21:00,-3.912,1.014,1.43369063851492,27.8686 /T,3.0260676,79.187892
2026-May-02 00:00,-3.912,1.015,1.43304359047563,27.8987 /T,3.0258029,79.250039
2026-May-02 03:00,-3.912,1.015,1.43239577554873,27.9288 /T,3.0255381,79.31229
2026-May-02 06:00,-3.912,1.016,1.43174719419584,27.9588 /T,3.0252733,79.374643
2026-May-02 09:00,-3.912,1.016,1.43109784687189,27.9889 /T,3.0250085,79.437099
2026-May-02 12:00,-3.912,1.017,1.43044773402501,28.0190 /T,3.0247435,79.499657
2026-May-02 15:00,-3.912,1.017,1.42979685609662,28.0491 /T,3.0244786,79.562317
2026-May-02 18:00,-3.912,1.018,1.42914521352153,28.0792 /T,3.0242136,79.625077
2026-May-02 21:00,-3.912,1.018,1.42849280672788,28.1092 /T,3.0239485,79.687938
2026-May-03 00:00,-3.913,1.019,1.42783963613731,28.1393 /T,3.0236834,79.750899
2026-May-03 03:00,-3.913,1.019,1.42718570216489,28.1693 /T,3.0234183,79.81396
2026-May-03 06:00,-3.913,1.02,1.42653100521922,28.1994 /T,3.0231531,79.87712
2026-May-03 09:00,-3.913,1.02,1.42587554570256,28.2294 /T,3.0228879,79.940378
2026-May-03 12:00,-3.913,1.021,1.42521932401075,28.2595 /T,3.0226226,80.003735
2026-May-03 15:00,-3.913,1.022,1.42456234053334,28.2895 /T,3.0223573,80.067189
2026-May-03 18:00,-3.913,1.022,1.42390459565369,28.3196 /T,3.022092,80.13074
2026-May-03 21:00,-3.913,1.023,1.42324608974889,28.3496 /T,3.0218266,80.194388
2026-May-04 00:00,-3.913,1.023,1.42258682319,28.3796 /T,3.0215611,80.258132
2026-May-04 03:00,-3.914,1.024,1.42192679634195,28.4096 /T,3.0212957,80.321972
2026-May-04 06:00,-3.914,1.024,1.42126600956369,28.4396 /T,3.0210301,80.385907
2026-May-04 09:00,-3.914,1.025,1.42060446320819,28.4696 /T,3.0207646,80.449937
2026-May-04 12:00,-3.914,1.025,1.41994215762255,28.4996 /T,3.0204989,80.514061
2026-May-04 15:00,-3.914,1.026,1.41927909314807,28.5296 /T,3.0202333,80.578279
2026-May-04 18:00,-3.914,1.026,1.41861527012017,28.5596 /T,3.0199676,80.642589
2026-May-04 21:00,-3.914,1.027,1.41795068886862,28.5896 /T,3.0197018,80.706993
2026-May-05 00:00,-3.914,1.027,1.41728534971745,28.6195 /T,3.019436,80.771488
2026-May-05 03:00,-3.914,1.028,1.41661925298505,28.6495 /T,3.0191701,80.836076
2026-May-05 06:00,-3.915,1.028,1.41595239898426,28.6795 /T,3.0189042,80.900754
2026-May-05 09:00,-3.915,1.029,1.41528478802233,28.7094 /T,3.0186383,80.965523
2026-May-05 12:00,-3.915,1.029,1.41461642040099,28.7394 /T,3.0183722,81.030382
2026-May-05 15:00,-3.915,1.03,1.41394729641649,28.7693 /T,3.0181062,81.09533
2026-May-05 18:00,-3.915,1.03,1.41327741635961,28.7993 /T,3.01784,81.160368
2026-May-05 21:00,-3.915,1.031,1.41260678051573,28.8292 /T,3.0175739,81.225494
2026-May-06 00:00,-3.915,1.031,1.41193538916478,28.8591 /T,3.0173076,81.290708
2026-May-06 03:00,-3.915,1.032,1.41126324258131,28.8890 /T,3.0170413,81.356009
2026-May-06 06:00,-3.916,1.033,1.41059034103452,28.9190 /T,3.0167749,81.421397
2026-May-06 09:00,-3.916,1.033,1.40991668478817,28.9489 /T,3.0165085,81.486872
2026-May-06 12:00,-3.916,1.034,1.4092422741007,28.9788 /T,3.016242,81.552432
2026-May-06 15:00,-3.916,1.034,1.40856710922513,29.0087 /T,3.0159754,81.618078
2026-May-06 18:00,-3.916,1.035,1.40789119040908,29.0385 /T,3.0157087,81.683808
2026-May-06 21:00,-3.916,1.035,1.40721451789482,29.0684 /T,3.015442,81.749622
2026-May-07 00:00,-3.916,1.036,1.40653709191916,29.0983 /T,3.0151752,81.815521
2026-May-07 03:00,-3.916,1.036,1.40585891271342,29.1282 /T,3.0149083,81.881502
2026-May-07 06:00,-3.917,1.037,1.4051799805035,29.1580 /T,3.0146414,81.947565
2026-May-07 09:00,-3.917,1.037,1.40450029550972,29.1879 /T,3.0143744,82.013711
2026-May-07 12:00,-3.917,1.038,1.40381985794685,29.2177 /T,3.0141072,82.079938
2026-May-07 15:00,-3.917,1.038,1.40313866802403,29.2476 /T,3.01384,82.146246
2026-May-07 18:00,-3.917,1.039,1.40245672594475,29.2774 /T,3.0135727,82.212634
2026-May-07 21:00,-3.917,1.039,1.40177403190673,29.3072 /T,3.0133053,82.279102
2026-May-08 00:00,-3.917,1.04,1.40109058610189,29.3371 /T,3.0130379,82.345649
2026-May-08 03:00,-3.917,1.041,1.40040638871632,29.3669 /T,3.0127703,82.412275
2026-May-08 06:00,-3.918,1.041,1.39972143993006,29.3967 /T,3.0125026,82.478979
2026-May-08 09:00,-3.918,1.042,1.39903573991722,29.4265 /T,3.0122348,82.54576
2026-May-08 12:00,-3.918,1.042,1.39834928884569,29.4563 /T,3.011967,82.612618
2026-May-08 15:00,-3.918,1.043,1.39766208687724,29.4861 /T,3.011699,82.679552
2026-May-08 18:00,-3.918,1.043,1.39697413416727,29.5159 /T,3.0114309,82.746562
2026-May-08 21:00,-3.918,1.044,1.39628543086476,29.5456 /T,3.0111626,82.813647
2026-May-09 00:00,-3.918,1.044,1.39559597711226,29.5754 /T,3.0108943,82.880807
2026-May-09 03:00,-3.919,1.045,1.39490577304564,29.6052 /T,3.0106258,82.948041
2026-May-09 06:00,-3.919,1.045,1.39421481879407,29.6349 /T,3.0103572,83.015348
2026-May-09 09:00,-3.919,1.046,1.39352311447992,29.6647 /T,3.0100885,83.082728
2026-May-09 12:00,-3.919,1.046,1.3928306602186,29.6944 /T,3.0098197,83.15018
2026-May-09 15:00,-3.919,1.047,1.39213745611849,29.7241 /T,3.0095507,83.217704
2026-May-09 18:00,-3.919,1.047,1.39144350228089,29.7539 /T,3.0092815,83.285299
2026-May-09 21:00,-3.919,1.048,1.39074879879975,29.7836 /T,3.0090122,83.352964
2026-May-10 00:00,-3.92,1.049,1.39005334576175,29.8133 /T,3.0087428,83.420699
2026-May-10 03:00,-3.92,1.049,1.38935714324611,29.8430 /T,3.0084732,83.488504
2026-May-10 06:00,-3.92,1.05,1.38866019132453,29.8727 /T,3.0082034,83.556377
2026-May-10 09:00,-3.92,1.05,1.38796249006104,29.9024 /T,3.0079335,83.624318
2026-May-10 12:00,-3.92,1.051,1.38726403951204,29.9321 /T,3.0076633,83.692326
2026-May-10 15:00,-3.92,1.051,1.38656483972613,29.9618 /T,3.007393,83.760402
2026-May-10 18:00,-3.92,1.052,1.38586489074407,29.9914 /T,3.0071225,83.828544
2026-May-10 21:00,-3.921,1.052,1.38516419259877,30.0211 /T,3.0068518,83.896751
2026-May-11 00:00,-3.921,1.053,1.38446274531519,30.0507 /T,3.0065809,83.965023
2026-May-11 03:00,-3.921,1.053,1.38376054891043,30.0804 /T,3.0063098,84.03336
2026-May-11 06:00,-3.921,1.054,1.38305760339361,30.1100 /T,3.0060385,84.10176
2026-May-11 09:00,-3.921,1.055,1.38235390876587,30.1396 /T,3.0057669,84.170224
2026-May-11 12:00,-3.921,1.055,1.38164946502058,30.1693 /T,3.0054951,84.23875
2026-May-11 15:00,-3.921,1.056,1.38094427214316,30.1989 /T,3.005223,84.307338
2026-May-11 18:00,-3.922,1.056,1.38023833011131,30.2285 /T,3.0049507,84.375988
2026-May-11 21:00,-3.922,1.057,1.37953163889508,30.2581 /T,3.0046781,84.444698
2026-May-12 00:00,-3.922,1.057,1.37882419845693,30.2877 /T,3.0044052,84.513468
2026-May-12 03:00,-3.922,1.058,1.37811600875197,30.3173 /T,3.004132,84.582298
2026-May-12 06:00,-3.922,1.058,1.37740706972812,30.3469 /T,3.0038585,84.651186
2026-May-12 09:00,-3.922,1.059,1.3766973813263,30.3764 /T,3.0035847,84.720133
2026-May-12 12:00,-3.922,1.059,1.37598694348067,30.4060 /T,3.0033106,84.789137
2026-May-12 15:00,-3.923,1.06,1.37527575611898,30.4355 /T,3.0030361,84.858197
2026-May-12 18:00,-3.923,1.061,1.37456381916284,30.4651 /T,3.0027612,84.927314
2026-May-12 21:00,-3.923,1.061,1.37385113252805,30.4946 /T,3.002486,84.996487
2026-May-13 00:00,-3.923,1.062,1.37313769612511,30.5242 /T,3.0022104,85.065714
2026-May-13 03:00,-3.923,1.062,1.37242350985954,30.5537 /T,3.0019344,85.134996
2026-May-13 06:00,-3.923,1.063,1.37170857363243,30.5832 /T,3.001658,85.204332
2026-May-13 09:00,-3.924,1.063,1.37099288734094,30.6127 /T,3.0013811,85.27372
2026-May-13 12:00,-3.924,1.064,1.3702764508789,30.6422 /T,3.0011038,85.34316
2026-May-13 15:00,-3.924,1.064,1.36955926413736,30.6717 /T,3.0008259,85.412653
2026-May-13 18:00,-3.924,1.065,1.36884132700534,30.7012 /T,3.0005476,85.482196
2026-May-13 21:00,-3.924,1.066,1.36812263937047,30.7307 /T,3.0002688,85.551789
2026-May-14 00:00,-3.924,1.066,1.36740320111971,30.7601 /T,2.9999895,85.621432
2026-May-14 03:00,-3.925,1.067,1.36668301214025,30.7896 /T,2.9997096,85.691124
2026-May-14 06:00,-3.925,1.067,1.36596207232026,30.8190 /T,2.9994291,85.760864
2026-May-14 09:00,-3.925,1.068,1.36524038154978,30.8485 /T,2.9991481,85.830652
2026-May-14 12:00,-3.925,1.068,1.36451793972162,30.8779 /T,2.9988664,85.900487
2026-May-14 15:00,-3.925,1.069,1.36379474673243,30.9074 /T,2.9985841,85.970367
2026-May-14 18:00,-3.925,1.069,1.36307080248349,30.9368 /T,2.9983012,86.040294
2026-May-14 21:00,-3.926,1.07,1.36234610688198,30.9662 /T,2.9980175,86.110265
2026-May-15 00:00,-3.926,1.07,1.36162065984181,30.9956 /T,2.9977332,86.18028
2026-May-15 03:00,-3.926,1.071,1.36089446128487,31.0250 /T,2.9974482,86.250338
2026-May-15 06:00,-3.926,1.072,1.36016751114203,31.0544 /T,2.9971624,86.320439
2026-May-15 09:00,-3.926,1.072,1.35943980935437,31.0838 /T,2.9968759,86.390582
2026-May-15 12:00,-3.926,1.073,1.35871135587425,31.1131 /T,2.9965885,86.460767
2026-May-15 15:00,-3.927,1.073,1.35798215066645,31.1425 /T,2.9963004,86.530992
2026-May-15 18:00,-3.927,1.074,1.35725219370943,31.1719 /T,2.9960114,86.601256
2026-May-15 21:00,-3.927,1.074,1.35652148499634,31.2012 /T,2.9957216,86.67156
2026-May-16 00:00,-3.927,1.075,1.35579002453639,31.2306 /T,2.995431,86.741902
2026-May-16 03:00,-3.927,1.075,1.35505781235574,31.2599 /T,2.9951394,86.812282
2026-May-16 06:00,-3.928,1.076,1.35432484849883,31.2892 /T,2.9948469,86.882699
2026-May-16 09:00,-3.928,1.077,1.3535911330294,31.3185 /T,2.9945535,86.953152
2026-May-16 12:00,-3.928,1.077,1.35285666603162,31.3478 /T,2.9942591,87.02364
2026-May-16 15:00,-3.928,1.078,1.35212144761107,31.3771 /T,2.9939638,87.094163
2026-May-16 18:00,-3.928,1.078,1.35138547789578,31.4064 /T,2.9936675,87.16472
2026-May-16 21:00,-3.928,1.079,1.35064875703726,31.4357 /T,2.9933702,87.23531
2026-May-17 00:00,-3.929,1.079,1.34991128521133,31.4650 /T,2.9930719,87.305933
2026-May-17 03:00,-3.929,1.08,1.349173062619,31.4942 /T,2.9927725,87.376587
2026-May-17 06:00,-3.929,1.081,1.34843408948735,31.5235 /T,2.9924721,87.447272
2026-May-17 09:00,-3.929,1.081,1.34769436607014,31.5527 /T,2.9921706,87.517988
2026-May-17 12:00,-3.929,1.082,1.34695389264862,31.5820 /T,2.991868,87.588733
2026-May-17 15:00,-3.93,1.082,1.34621266953208,31.6112 /T,2.9915644,87.659507
2026-May-17 18:00,-3.93,1.083,1.34547069705839,31.6404 /T,2.9912597,87.730309
2026-May-17 21:00,-3.93,1.083,1.34472797559439,31.6697 /T,2.9909538,87.801138
2026-May-18 00:00,-3.93,1.084,1.34398450553644,31.6989 /T,2.9906468,87.871993
2026-May-18 03:00,-3.93,1.084,1.34324028731058,31.7281 /T,2.9903387,87.942875
2026-May-18 06:00,-3.931,1.085,1.34249532137279,31.7573 /T,2.9900295,88.013781
2026-May-18 09:00,-3.931,1.086,1.34174960820923,31.7864 /T,2.9897191,88.084712
2026-May-18 12:00,-3.931,1.086,1.34100314833615,31.8156 /T,2.9894076,88.155666
2026-May-18 15:00,-3.931,1.087,1.34025594230006,31.8448 /T,2.9890949,88.226643
2026-May-18 18:00,-3.931,1.087,1.33950799067748,31.8739 /T,2.9887811,88.297642
2026-May-18 21:00,-3.932,1.088,1.33875929407492,31.9031 /T,2.9884662,88.368662
2026-May-19 00:00,-3.932,1.088,1.3380098531286,31.9322 /T,2.9881501,88.439703
2026-May-19 03:00,-3.932,1.089,1.3372596685041,31.9613 /T,2.9878328,88.510763
2026-May-19 06:00,-3.932,1.089,1.33650874089614,31.9905 /T,2.9875144,88.581843
2026-May-19 09:00,-3.932,1.09,1.33575707102798,32.0196 /T,2.9871948,88.652941
2026-May-19 12:00,-3.933,1.091,1.3350046596511,32.0487 /T,2.9868741,88.724057
2026-May-19 15:00,-3.933,1.091,1.33425150754449,32.0778 /T,2.9865523,88.795189
2026-May-19 18:00,-3.933,1.092,1.3334976155143,32.1068 /T,2.9862293,88.866338
2026-May-19 21:00,-3.933,1.092,1.33274298439295,32.1359 /T,2.9859052,88.937502
2026-May-20 00:00,-3.933,1.093,1.3319876150386,32.1650 /T,2.98558,89.008681
2026-May-20 03:00,-3.934,1.093,1.33123150833445,32.1940 /T,2.9852537,89.079873
2026-May-20 06:00,-3.934,1.094,1.33047466518791,32.2231 /T,2.9849262,89.151079
2026-May-20 09:00,-3.934,1.095,1.32971708652992,32.2521 /T,2.9845977,89.222298
2026-May-20 12:00,-3.934,1.095,1.32895877331404,32.2811 /T,2.9842681,89.293528
2026-May-20 15:00,-3.934,1.096,1.32819972651581,32.3102 /T,2.9839374,89.36477
2026-May-20 18:00,-3.935,1.096,1.3274399471317,32.3392 /T,2.9836056,89.436022
2026-May-20 21:00,-3.935,1.097,1.32667943617846,32.3682 /T,2.9832728,89.507284
2026-May-21 00:00,-3.935,1.097,1.32591819469219,32.3972 /T,2.982939,89.578554
2026-May-21 03:00,-3.935,1.098,1.32515622372749,32.4261 /T,2.9826041,89.649834
2026-May-21 06:00,-3.935,1.099,1.32439352435657,32.4551 /T,2.9822682,89.72112
2026-May-21 09:00,-3.936,1.099,1.32363009766855,32.4841 /T,2.9819313,89.792414
2026-May-21 12:00,-3.936,1.1,1.32286594476846,32.5130 /T,2.9815934,89.863714
2026-May-21 15:00,-3.936,1.1,1.32210106677648,32.5420 /T,2.9812545,89.935019
2026-May-21 18:00,-3.936,1.101,1.32133546482712,32.5709 /T,2.9809146,90.00633
2026-May-21 21:00,-3.937,1.101,1.32056914006843,32.5998 /T,2.9805738,90.077644
2026-May-22 00:00,-3.937,1.102,1.31980209366117,32.6287 /T,2.980232,90.148962
2026-May-22 03:00,-3.937,1.103,1.31903432677808,32.6576 /T,2.9798893,90.220283
2026-May-22 06:00,-3.937,1.103,1.3182658406031,32.6865 /T,2.9795457,90.291606
2026-May-22 09:00,-3.937,1.104,1.31749663633067,32.7154 /T,2.9792012,90.36293
2026-May-22 12:00,-3.938,1.104,1.31672671516501,32.7443 /T,2.9788558,90.434256
2026-May-22 15:00,-3.938,1.105,1.31595607831944,32.7731 /T,2.9785095,90.505581
2026-May-22 18:00,-3.938,1.105,1.31518472701572,32.8020 /T,2.9781623,90.576906
2026-May-22 21:00,-3.938,1.106,1.31441266248339,32.8308 /T,2.9778143,90.648229
2026-May-23 00:00,-3.939,1.107,1.31363988595919,32.8596 /T,2.9774655,90.719551
2026-May-23 03:00,-3.939,1.107,1.31286639868647,32.8885 /T,2.9771158,90.79087
2026-May-23 06:00,-3.939,1.108,1.31209220191459,32.9173 /T,2.9767653,90.862186
2026-May-23 09:00,-3.939,1.108,1.31131729689843,32.9461 /T,2.976414,90.933498
2026-May-23 12:00,-3.94,1.109,1.31054168489786,32.9748 /T,2.9760619,91.004806
2026-May-23 15:00,-3.94,1.109,1.30976536717726,33.0036 /T,2.975709,91.076108
2026-May-23 18:00,-3.94,1.11,1.308988345005,33.0324 /T,2.9753554,91.147404
2026-May-23 21:00,-3.94,1.111,1.30821061965307,33.0611 /T,2.975001,91.218694
2026-May-24 00:00,-3.94,1.111,1.30743219239661,33.0899 /T,2.9746459,91.289977
2026-May-24 03:00,-3.941,1.112,1.30665306451352,33.1186 /T,2.97429,91.361252
2026-May-24 06:00,-3.941,1.112,1.30587323728413,33.1473 /T,2.9739335,91.432518
2026-May-24 09:00,-3.941,1.113,1.30509271199074,33.1760 /T,2.9735762,91.503776
2026-May-24 12:00,-3.941,1.113,1.30431148991737,33.2047 /T,2.9732182,91.575023
2026-May-24 15:00,-3.942,1.114,1.3035295723494,33.2334 /T,2.9728595,91.64626
2026-May-24 18:00,-3.942,1.115,1.3027469605733,33.2621 /T,2.9725001,91.717486
2026-May-24 21:00,-3.942,1.115,1.30196365587626,33.2908 /T,2.9721401,91.7887
2026-May-25 00:00,-3.942,1.116,1.30117965954605,33.3194 /T,2.9717794,91.859902
2026-May-25 03:00,-3.943,1.116,1.30039497287063,33.3480 /T,2.9714181,91.931091
2026-May-25 06:00,-3.943,1.117,1.29960959713801,33.3767 /T,2.9710561,92.002266
2026-May-25 09:00,-3.943,1.117,1.29882353363598,33.4053 /T,2.9706935,92.073427
2026-May-25 12:00,-3.943,1.118,1.29803678365191,33.4339 /T,2.9703302,92.144573
2026-May-25 15:00,-3.944,1.119,1.29724934847247,33.4625 /T,2.9699664,92.215704
2026-May-25 18:00,-3.944,1.119,1.29646122938359,33.4911 /T,2.9696019,92.286818
2026-May-25 21:00,-3.944,1.12,1.29567242767012,33.5196 /T,2.9692369,92.357915
2026-May-26 00:00,-3.944,1.12,1.29488294461577,33.5482 /T,2.9688713,92.428995
2026-May-26 03:00,-3.945,1.121,1.29409278150289,33.5767 /T,2.9685051,92.500057
2026-May-26 06:00,-3.945,1.121,1.29330193961234,33.6053 /T,2.9681383,92.5711
2026-May-26 09:00,-3.945,1.122,1.29251042022329,33.6338 /T,2.9677709,92.642123
2026-May-26 12:00,-3.945,1.123,1.29171822461316,33.6623 /T,2.967403,92.713127
2026-May-26 15:00,-3.946,1.123,1.29092535405739,33.6908 /T,2.9670346,92.78411
2026-May-26 18:00,-3.946,1.124,1.29013180982941,33.7193 /T,2.9666656,92.855071
2026-May-26 21:00,-3.946,1.124,1.28933759320044,33.7477 /T,2.9662961,92.926011
2026-May-27 00:00,-3.946,1.125,1.28854270543937,33.7762 /T,2.965926,92.996928
2026-May-27 03:00,-3.947,1.126,1.2877471478127,33.8046 /T,2.9655555,93.067822
2026-May-27 06:00,-3.947,1.126,1.2869509215844,33.8331 /T,2.9651844,93.138692
2026-May-27 09:00,-3.947,1.127,1.28615402801577,33.8615 /T,2.9648128,93.209538
2026-May-27 12:00,-3.947,1.127,1.28535646836538,33.8899 /T,2.9644407,93.280358
2026-May-27 15:00,-3.948,1.128,1.28455824388892,33.9183 /T,2.9640682,93.351153
2026-May-27 18:00,-3.948,1.128,1.28375935583915,33.9467 /T,2.9636951,93.421922
2026-May-27 21:00,-3.948,1.129,1.28295980546575,33.9750 /T,2.9633216,93.492664
2026-May-28 00:00,-3.949,1.13,1.28215959401525,34.0034 /T,2.9629475,93.563378
2026-May-28 03:00,-3.949,1.13,1.28135872273098,34.0317 /T,2.9625731,93.634064
2026-May-28 06:00,-3.949,1.131,1.28055719285284,34.0601 /T,2.9621981,93.704722
2026-May-28 09:00,-3.949,1.131,1.2797550056174,34.0884 /T,2.9618227,93.77535
2026-May-28 12:00,-3.95,1.132,1.27895216225763,34.1167 /T,2.9614469,93.845948
2026-May-28 15:00,-3.95,1.132,1.27814866400289,34.1450 /T,2.9610706,93.916515
2026-May-28 18:00,-3.95,1.133,1.27734451207885,34.1732 /T,2.9606938,93.987052
2026-May-28 21:00,-3.95,1.134,1.27653970770742,34.2015 /T,2.9603167,94.057556
2026-May-29 00:00,-3.951,1.134,1.2757342521066,34.2297 /T,2.9599391,94.128028
2026-May-29 03:00,-3.951,1.135,1.27492814649039,34.2580 /T,2.959561,94.198467
2026-May-29 06:00,-3.951,1.135,1.27412139206876,34.2862 /T,2.9591826,94.268873
2026-May-29 09:00,-3.952,1.136,1.27331399004761,34.3144 /T,2.9588037,94.339244
2026-May-29 12:00,-3.952,1.137,1.27250594162851,34.3426 /T,2.9584245,94.40958
2026-May-29 15:00,-3.952,1.137,1.27169724800878,34.3708 /T,2.9580448,94.479881
2026-May-29 18:00,-3.952,1.138,1.27088791038139,34.3989 /T,2.9576647,94.550146
2026-May-29 21:00,-3.953,1.138,1.27007792993477,34.4271 /T,2.9572842,94.620374
2026-May-30 00:00,-3.953,1.139,1.26926730785284,34.4552 /T,2.9569034,94.690565
2026-May-30 03:00,-3.953,1.139,1.26845604531488,34.4833 /T,2.9565221,94.760719
2026-May-30 06:00,-3.954,1.14,1.26764414349549,34.5114 /T,2.9561405,94.830834
2026-May-30 09:00,-3.954,1.141,1.26683160356444,34.5395 /T,2.9557585,94.900909
2026-May-30 12:00,-3.954,1.141,1.2660184266867,34.5676 /T,2.9553761,94.970946
2026-May-30 15:00,-3.954,1.142,1.26520461402223,34.5956 /T,2.9549933,95.040942
2026-May-30 18:00,-3.955,1.142,1.26439016672604,34.6237 /T,2.9546102,95.110897
2026-May-30 21:00,-3.955,1.143,1.26357508594804,34.6517 /T,2.9542267,95.180811
2026-May-31 00:00,-3.955,1.144,1.26275937283298,34.6797 /T,2.9538428,95.250683
2026-May-31 03:00,-3.956,1.144,1.26194302852039,34.7077 /T,2.9534586,95.320513
2026-May-31 06:00,-3.956,1.145,1.26112605414451,34.7357 /T,2.953074,95.390299
2026-May-31 09:00,-3.956,1.145,1.26030845083421,34.7637 /T,2.9526891,95.460042
2026-May-31 12:00,-3.957,1.146,1.25949021971292,34.7917 /T,2.9523038,95.529741
2026-May-31 15:00,-3.957,1.146,1.25867136189861,34.8196 /T,2.9519182,95.599394
2026-May-31 18:00,-3.957,1.147,1.25785187850368,34.8475 /T,2.9515323,95.669003
2026-May-31 21:00,-3.957,1.148,1.25703177063492,34.8754 /T,2.9511459,95.738565
2026-Jun-01 00:00,-3.958,1.148,1.25621103939341,34.9033 /T,2.9507593,95.808081
2026-Jun-01 03:00,-3.958,1.149,1.25538968587453,34.9312 /T,2.9503723,95.877549
2026-Jun-01 06:00,-3.958,1.149,1.25456771116781,34.9591 /T,2.949985,95.94697
2026-Jun-01 09:00,-3.959,1.15,1.25374511635698,34.9869 /T,2.9495974,96.016343
2026-Jun-01 12:00,-3.959,1.151,1.25292190251983,35.0148 /T,2.9492094,96.085667
2026-Jun-01 15:00,-3.959,1.151,1.2520980707282,35.0426 /T,2.9488211,96.154941
2026-Jun-01 18:00,-3.96,1.152,1.25127362204788,35.0704 /T,2.9484325,96.224166
2026-Jun-01 21:00,-3.96,1.152,1.25044855753862,35.0982 /T,2.9480435,96.29334
2026-Jun-02 00:00,-3.96,1.153,1.24962287825402,35.1259 /T,2.9476542,96.362463
2026-Jun-02 03:00,-3.961,1.153,1.24879658524151,35.1537 /T,2.9472646,96.431534
2026-Jun-02 06:00,-3.961,1.154,1.24796967954225,35.1814 /T,2.9468747,96.500553
2026-Jun-02 09:00,-3.961,1.155,1.24714216219119,35.2092 /T,2.9464845,96.56952
2026-Jun-02 12:00,-3.961,1.155,1.24631403421687,35.2369 /T,2.946094,96.638433
2026-Jun-02 15:00,-3.962,1.156,1.24548529664152,35.2646 /T,2.9457031,96.707293
2026-Jun-02 18:00,-3.962,1.156,1.24465595048084,35.2922 /T,2.9453119,96.776098
2026-Jun-02 21:00,-3.962,1.157,1.2438259967441,35.3199 /T,2.9449204,96.844848
2026-Jun-03 00:00,-3.963,1.158,1.24299543643404,35.3475 /T,2.9445286,96.913542
2026-Jun-03 03:00,-3.963,1.158,1.24216427054672,35.3752 /T,2.9441365,96.982181
2026-Jun-03 06:00,-3.963,1.159,1.24133250007167,35.4028 /T,2.9437441,97.050763
2026-Jun-03 09:00,-3.964,1.159,1.2405001259916,35.4304 /T,2.9433514,97.119288
2026-Jun-03 12:00,-3.964,1.16,1.23966714928253,35.4579 /T,2.9429583,97.187755
2026-Jun-03 15:00,-3.964,1.161,1.2388335709136,35.4855 /T,2.942565,97.256165
2026-Jun-03 18:00,-3.965,1.161,1.23799939184709,35.5130 /T,2.9421713,97.324515
2026-Jun-03 21:00,-3.965,1.162,1.23716461303835,35.5406 /T,2.9417774,97.392806
2026-Jun-04 00:00,-3.965,1.162,1.2363292354357,35.5681 /T,2.9413831,97.461038
2026-Jun-04 03:00,-3.966,1.163,1.23549325998038,35.5956 /T,2.9409885,97.529209
2026-Jun-04 06:00,-3.966,1.163,1.23465668760644,35.6230 /T,2.9405936,97.59732
2026-Jun-04 09:00,-3.966,1.164,1.23381951924077,35.6505 /T,2.9401984,97.665369
2026-Jun-04 12:00,-3.967,1.165,1.23298175580295,35.6779 /T,2.9398029,97.733356
2026-Jun-04 15:00,-3.967,1.165,1.2321433982051,35.7054 /T,2.9394071,97.801281
2026-Jun-04 18:00,-3.967,1.166,1.23130444735196,35.7328 /T,2.939011,97.869143
2026-Jun-04 21:00,-3.968,1.166,1.23046490414072,35.7602 /T,2.9386145,97.936942
2026-Jun-05 00:00,-3.968,1.167,1.22962476946081,35.7875 /T,2.9382178,98.004677
2026-Jun-05 03:00,-3.968,1.168,1.22878404419409,35.8149 /T,2.9378207,98.072347
2026-Jun-05 06:00,-3.969,1.168,1.22794272921442,35.8422 /T,2.9374233,98.139953
2026-Jun-05 09:00,-3.969,1.169,1.22710082538783,35.8695 /T,2.9370256,98.207493
2026-Jun-05 12:00,-3.969,1.169,1.22625833357223,35.8968 /T,2.9366276,98.274967
2026-Jun-05 15:00,-3.97,1.17,1.22541525461742,35.9241 /T,2.9362293,98.342374
2026-Jun-05 18:00,-3.97,1.17,1.2245715893649,35.9514 /T,2.9358306,98.409715
2026-Jun-05 21:00,-3.97,1.171,1.22372733864772,35.9786 /T,2.9354317,98.476988
2026-Jun-06 00:00,-3.971,1.172,1.22288250329049,36.0059 /T,2.9350324,98.544193
2026-Jun-06 03:00,-3.971,1.172,1.2220370841091,36.0331 /T,2.9346328,98.61133
2026-Jun-06 06:00,-3.971,1.173,1.22119108191064,36.0603 /T,2.9342328,98.678398
2026-Jun-06 09:00,-3.972,1.173,1.22034449749335,36.0875 /T,2.9338326,98.745397
2026-Jun-06 12:00,-3.972,1.174,1.21949733164628,36.1146 /T,2.933432,98.812325
2026-Jun-06 15:00,-3.973,1.175,1.21864958514936,36.1418 /T,2.9330311,98.879184
2026-Jun-06 18:00,-3.973,1.175,1.21780125877314,36.1689 /T,2.9326298,98.945971
2026-Jun-06 21:00,-3.973,1.176,1.21695235327857,36.1960 /T,2.9322282,99.012687
2026-Jun-07 00:00,-3.974,1.176,1.216102869417,36.2231 /T,2.9318262,99.079331
2026-Jun-07 03:00,-3.974,1.177,1.21525280792996,36.2502 /T,2.931424,99.145903
2026-Jun-07 06:00,-3.974,1.178,1.21440216954889,36.2772 /T,2.9310213,99.212402
2026-Jun-07 09:00,-3.975,1.178,1.21355095499522,36.3042 /T,2.9306183,99.278828
2026-Jun-07 12:00,-3.975,1.179,1.21269916497993,36.3313 /T,2.930215,99.34518
2026-Jun-07 15:00,-3.975,1.179,1.2118468002036,36.3583 /T,2.9298113,99.411458
2026-Jun-07 18:00,-3.976,1.18,1.21099386135617,36.3852 /T,2.9294072,99.477661
2026-Jun-07 21:00,-3.976,1.18,1.21014034911673,36.4122 /T,2.9290028,99.543789
2026-Jun-08 00:00,-3.977,1.181,1.20928626415355,36.4391 /T,2.9285979,99.609841
2026-Jun-08 03:00,-3.977,1.182,1.20843160712363,36.4661 /T,2.9281927,99.675817
2026-Jun-08 06:00,-3.977,1.182,1.20757637867287,36.4930 /T,2.9277871,99.741717
2026-Jun-08 09:00,-3.978,1.183,1.20672057943572,36.5198 /T,2.9273812,99.80754
2026-Jun-08 12:00,-3.978,1.183,1.20586421003507,36.5467 /T,2.9269748,99.873285
2026-Jun-08 15:00,-3.978,1.184,1.20500727108227,36.5736 /T,2.926568,99.938953
2026-Jun-08 18:00,-3.979,1.185,1.20414976317681,36.6004 /T,2.9261608,100.00454
2026-Jun-08 21:00,-3.979,1.185,1.20329168690638,36.6272 /T,2.9257531,100.07005
2026-Jun-09 00:00,-3.98,1.186,1.20243304284667,36.6540 /T,2.925345,100.13548
2026-Jun-09 03:00,-3.98,1.186,1.20157383156139,36.6808 /T,2.9249365,100.20083
2026-Jun-09 06:00,-3.98,1.187,1.20071405360215,36.7075 /T,2.9245276,100.26611
2026-Jun-09 09:00,-3.981,1.188,1.19985370950839,36.7342 /T,2.9241181,100.3313
2026-Jun-09 12:00,-3.981,1.188,1.19899279980746,36.7610 /T,2.9237082,100.3964
2026-Jun-09 15:00,-3.981,1.189,1.19813132501456,36.7877 /T,2.9232978,100.46143
2026-Jun-09 18:00,-3.982,1.189,1.19726928563274,36.8143 /T,2.9228869,100.52638
2026-Jun-09 21:00,-3.982,1.19,1.19640668215305,36.8410 /T,2.9224755,100.59124
2026-Jun-10 00:00,-3.983,1.19,1.19554351505452,36.8676 /T,2.9220636,100.65602
2026-Jun-10 03:00,-3.983,1.191,1.19467978480432,36.8942 /T,2.9216511,100.72072
2026-Jun-10 06:00,-3.983,1.192,1.19381549185788,36.9208 /T,2.9212381,100.78533
2026-Jun-10 09:00,-3.984,1.192,1.19295063665916,36.9474 /T,2.9208245,100.84986
2026-Jun-10 12:00,-3.984,1.193,1.19208521964073,36.9740 /T,2.9204103,100.91431
2026-Jun-10 15:00,-3.985,1.193,1.19121924122408,37.0005 /T,2.9199956,100.97867
2026-Jun-10 18:00,-3.985,1.194,1.19035270182004,37.0271 /T,2.9195802,101.04294
2026-Jun-10 21:00,-3.985,1.195,1.18948560182892,37.0536 /T,2.9191641,101.10713
2026-Jun-11 00:00,-3.986,1.195,1.18861794164099,37.0800 /T,2.9187474,101.17123
2026-Jun-11 03:00,-3.986,1.196,1.18774972163694,37.1065 /T,2.91833,101.23525
2026-Jun-11 06:00,-3.987,1.196,1.18688094218832,37.1329 /T,2.917912,101.29918
2026-Jun-11 09:00,-3.987,1.197,1.186011603658,37.1594 /T,2.9174932,101.36302
2026-Jun-11 12:00,-3.987,1.198,1.18514170640094,37.1858 /T,2.9170737,101.42677
2026-Jun-11 15:00,-3.988,1.198,1.18427125076458,37.2122 /T,2.9166534,101.49044
2026-Jun-11 18:00,-3.988,1.199,1.18340023708971,37.2385 /T,2.9162323,101.55401
2026-Jun-11 21:00,-3.989,1.199,1.18252866571103,37.2649 /T,2.9158104,101.6175
2026-Jun-12 00:00,-3.989,1.2,1.18165653695809,37.2912 /T,2.9153876,101.6809
2026-Jun-12 03:00,-3.989,1.2,1.180783851156,37.3175 /T,2.914964,101.7442
2026-Jun-12 06:00,-3.99,1.201,1.17991060862639,37.3438 /T,2.9145395,101.80742
2026-Jun-12 09:00,-3.99,1.202,1.17903680968829,37.3700 /T,2.9141141,101.87054
2026-Jun-12 12:00,-3.991,1.202,1.17816245465911,37.3963 /T,2.9136877,101.93358
2026-Jun-12 15:00,-3.991,1.203,1.17728754385564,37.4225 /T,2.9132604,101.99652
2026-Jun-12 18:00,-3.992,1.203,1.17641207759521,37.4487 /T,2.9128321,102.05937
2026-Jun-12 21:00,-3.992,1.204,1.17553605619667,37.4749 /T,2.9124027,102.12212
2026-Jun-13 00:00,-3.992,1.205,1.17465947998162,37.5011 /T,2.9119723,102.18479
2026-Jun-13 03:00,-3.993,1.205,1.1737823492755,37.5272 /T,2.9115408,102.24736
2026-Jun-13 06:00,-3.993,1.206,1.17290466440884,37.5533 /T,2.9111081,102.30983
2026-Jun-13 09:00,-3.994,1.206,1.17202642571852,37.5794 /T,2.9106744,102.37222
2026-Jun-13 12:00,-3.994,1.207,1.17114763354892,37.6055 /T,2.9102394,102.4345
2026-Jun-13 15:00,-3.995,1.208,1.17026828825324,37.6316 /T,2.9098032,102.49669
2026-Jun-13 18:00,-3.995,1.208,1.16938839019478,37.6576 /T,2.9093658,102.55879
2026-Jun-13 21:00,-3.995,1.209,1.16850793974817,37.6836 /T,2.9089272,102.62079
2026-Jun-14 00:00,-3.996,1.209,1.16762693730062,37.7096 /T,2.9084872,102.68269
2026-Jun-14 03:00,-3.996,1.21,1.16674538325321,37.7356 /T,2.9080459,102.7445
2026-Jun-14 06:00,-3.997,1.21,1.16586327802222,37.7616 /T,2.9076033,102.80621
2026-Jun-14 09:00,-3.997,1.211,1.16498062204019,37.7875 /T,2.9071592,102.86782
2026-Jun-14 12:00,-3.998,1.212,1.16409741575713,37.8134 /T,2.9067138,102.92934
2026-Jun-14 15:00,-3.998,1.212,1.16321365964189,37.8393 /T,2.9062669,102.99075
2026-Jun-14 18:00,-3.999,1.213,1.16232935418295,37.8652 /T,2.9058186,103.05207
2026-Jun-14 21:00,-3.999,1.213,1.16144449988981,37.8911 /T,2.9053687,103.11329
2026-Jun-15 00:00,-3.999,1.214,1.16055909729388,37.9169 /T,2.9049174,103.17441
2026-Jun-15 03:00,-4.0,1.215,1.15967314694932,37.9427 /T,2.9044645,103.23542
2026-Jun-15 06:00,-4.0,1.215,1.15878664943421,37.9685 /T,2.90401,103.29634
2026-Jun-15 09:00,-4.001,1.216,1.15789960535119,37.9943 /T,2.903554,103.35716
2026-Jun-15 12:00,-4.001,1.216,1.15701201532831,38.0200 /T,2.9030964,103.41787
2026-Jun-15 15:00,-4.002,1.217,1.15612388001976,38.0458 /T,2.9026371,103.47849
2026-Jun-15 18:00,-4.002,1.217,1.15523520010644,38.0715 /T,2.9021762,103.539
2026-Jun-15 21:00,-4.003,1.218,1.15434597629647,38.0971 /T,2.9017137,103.59941
2026-Jun-16 00:00,-4.003,1.219,1.1534562093258,38.1228 /T,2.9012494,103.65972
2026-Jun-16 03:00,-4.003,1.219,1.15256589995848,38.1485 /T,2.9007835,103.71992
2026-Jun-16 06:00,-4.004,1.22,1.15167504898697,38.1741 /T,2.9003159,103.78003
2026-Jun-16 09:00,-4.004,1.22,1.15078365723236,38.1997 /T,2.8998465,103.84002
2026-Jun-16 12:00,-4.005,1.221,1.14989172554464,38.2253 /T,2.8993754,103.89992
2026-Jun-16 15:00,-4.005,1.222,1.14899925480256,38.2508 /T,2.8989026,103.95971
2026-Jun-16 18:00,-4.006,1.222,1.1481062459138,38.2763 /T,2.898428,104.01939
2026-Jun-16 21:00,-4.006,1.223,1.14721269981468,38.3019 /T,2.8979517,104.07897
2026-Jun-17 00:00,-4.007,1.223,1.14631861747021,38.3274 /T,2.8974736,104.13845
2026-Jun-17 03:00,-4.007,1.224,1.14542399987371,38.3528 /T,2.8969938,104.19782
2026-Jun-17 06:00,-4.008,1.224,1.14452884804649,38.3783 /T,2.8965122,104.25708
2026-Jun-17 09:00,-4.008,1.225,1.14363316303763,38.4037 /T,2.8960288,104.31624
2026-Jun-17 12:00,-4.009,1.226,1.14273694592334,38.4291 /T,2.8955436,104.37529
2026-Jun-17 15:00,-4.009,1.226,1.14184019780666,38.4545 /T,2.8950566,104.43423
2026-Jun-17 18:00,-4.01,1.227,1.14094291981686,38.4798 /T,2.8945679,104.49307
2026-Jun-17 21:00,-4.01,1.227,1.14004511310879,38.5052 /T,2.8940774,104.5518
2026-Jun-18 00:00,-4.011,1.228,1.1391467788624,38.5305 /T,2.8935851,104.61042
2026-Jun-18 03:00,-4.011,1.229,1.1382479182819,38.5558 /T,2.8930911,104.66894
2026-Jun-18 06:00,-4.012,1.229,1.13734853259521,38.5811 /T,2.8925952,104.72734
2026-Jun-18 09:00,-4.012,1.23,1.13644862305319,38.6063 /T,2.8920977,104.78564
2026-Jun-18 12:00,-4.013,1.23,1.13554819092887,38.6315 /T,2.8915983,104.84383
2026-Jun-18 15:00,-4.013,1.231,1.1346472375167,38.6567 /T,2.8910972,104.90191
2026-Jun-18 18:00,-4.014,1.231,1.13374576413182,38.6819 /T,2.8905944,104.95988
2026-Jun-18 21:00,-4.014,1.232,1.13284377210914,38.7071 /T,2.8900898,105.01775
2026-Jun-19 00:00,-4.015,1.233,1.13194126280268,38.7322 /T,2.8895835,105.0755
2026-Jun-19 03:00,-4.015,1.233,1.13103823758471,38.7573 /T,2.8890755,105.13314
2026-Jun-19 06:00,-4.016,1.234,1.13013469784492,38.7824 /T,2.8885657,105.19067
2026-Jun-19 09:00,-4.016,1.234,1.12923064498965,38.8074 /T,2.8880543,105.24809
2026-Jun-19 12:00,-4.017,1.235,1.12832608044113,38.8325 /T,2.8875411,105.30541
2026-Jun-19 15:00,-4.017,1.236,1.12742100563662,38.8575 /T,2.8870263,105.36261
2026-Jun-19 18:00,-4.018,1.236,1.12651542202772,38.8825 /T,2.8865098,105.4197
2026-Jun-19 21:00,-4.018,1.237,1.12560933107957,38.9075 /T,2.8859916,105.47667
2026-Jun-20 00:00,-4.019,1.237,1.12470273427011,38.9324 /T,2.8854717,105.53354
2026-Jun-20 03:00,-4.019,1.238,1.12379563308935,38.9573 /T,2.8849502,105.5903
2026-Jun-20 06:00,-4.02,1.238,1.12288802903866,38.9822 /T,2.884427,105.64694
2026-Jun-20 09:00,-4.02,1.239,1.1219799236302,39.0071 /T,2.8839023,105.70347
2026-Jun-20 12:00,-4.021,1.24,1.121071318386,39.0319 /T,2.8833759,105.75989
2026-Jun-20 15:00,-4.021,1.24,1.12016221483763,39.0568 /T,2.8828478,105.8162
2026-Jun-20 18:00,-4.022,1.241,1.11925261452537,39.0816 /T,2.8823182,105.8724
2026-Jun-20 21:00,-4.022,1.241,1.11834251899767,39.1063 /T,2.881787,105.92848
2026-Jun-21 00:00,-4.023,1.242,1.11743192981058,39.1311 /T,2.8812542,105.98445
2026-Jun-21 03:00,-4.023,1.242,1.11652084852726,39.1558 /T,2.8807198,106.0403
2026-Jun-21 06:00,-4.024,1.243,1.11560927671739,39.1805 /T,2.8801839,106.09605
2026-Jun-21 09:00,-4.024,1.244,1.11469721595669,39.2052 /T,2.8796464,106.15168
2026-Jun-21 12:00,-4.025,1.244,1.11378466782647,39.2298 /T,2.8791074,106.20719
2026-Jun-21 15:00,-4.025,1.245,1.11287163391316,39.2544 /T,2.8785668,106.26259
2026-Jun-21 18:00,-4.026,1.245,1.11195811580785,39.2790 /T,2.8780247,106.31788
2026-Jun-21 21:00,-4.026,1.246,1.11104411510599,39.3036 /T,2.877481,106.37306
2026-Jun-22 00:00,-4.027,1.247,1.11012963340683,39.3282 /T,2.8769359,106.42812
2026-Jun-22 03:00,-4.027,1.247,1.10921467231328,39.3527 /T,2.8763892,106.48306
2026-Jun-22 06:00,-4.028,1.248,1.10829923343143,39.3772 /T,2.8758411,106.5379
2026-Jun-22 09:00,-4.029,1.248,1.10738331837019,39.4017 /T,2.8752914,106.59261
2026-Jun-22 12:00,-4.029,1.249,1.10646692874111,39.4261 /T,2.8747403,106.64721
2026-Jun-22 15:00,-4.03,1.249,1.10555006615803,39.4505 /T,2.8741877,106.7017
2026-Jun-22 18:00,-4.03,1.25,1.10463273223682,39.4749 /T,2.8736337,106.75607
2026-Jun-22 21:00,-4.031,1.251,1.1037149285951,39.4993 /T,2.8730781,106.81033
2026-Jun-23 00:00,-4.031,1.251,1.10279665685208,39.5236 /T,2.8725212,106.86447
2026-Jun-23 03:00,-4.032,1.252,1.1018779186283,39.5479 /T,2.8719627,106.9185
2026-Jun-23 06:00,-4.032,1.252,1.10095871554536,39.5722 /T,2.8714029,106.97241
2026-Jun-23 09:00,-4.033,1.253,1.10003904922584,39.5965 /T,2.8708416,107.0262
2026-Jun-23 12:00,-4.033,1.253,1.09911892129309,39.6207 /T,2.8702789,107.07988
2026-Jun-23 15:00,-4.034,1.254,1.09819833337098,39.6449 /T,2.8697147,107.13344
2026-Jun-23 18:00,-4.035,1.255,1.09727728708381,39.6691 /T,2.8691491,107.18689
2026-Jun-23 21:00,-4.035,1.255,1.09635578405618,39.6933 /T,2.8685822,107.24022
2026-Jun-24 00:00,-4.036,1.256,1.09543382591279,39.7174 /T,2.8680138,107.29343
2026-Jun-24 03:00,-4.036,1.256,1.0945114142784,39.7415 /T,2.867444,107.34653
2026-Jun-24 06:00,-4.037,1.257,1.09358855077755,39.7656 /T,2.8668728,107.39951
2026-Jun-24 09:00,-4.037,1.257,1.09266523703458,39.7896 /T,2.8663002,107.45237
2026-Jun-24 12:00,-4.038,1.258,1.09174147467352,39.8136 /T,2.8657263,107.50512
2026-Jun-24 15:00,-4.038,1.259,1.09081726531785,39.8376 /T,2.8651509,107.55775
2026-Jun-24 18:00,-4.039,1.259,1.08989261059054,39.8616 /T,2.8645742,107.61026
2026-Jun-24 21:00,-4.04,1.26,1.08896751211389,39.8855 /T,2.8639961,107.66265
2026-Jun-25 00:00,-4.04,1.26,1.08804197150948,39.9094 /T,2.8634167,107.71493
2026-Jun-25 03:00,-4.041,1.261,1.08711599039793,39.9333 /T,2.8628358,107.76709
2026-Jun-25 06:00,-4.041,1.262,1.08618957039904,39.9571 /T,2.8622537,107.81914
2026-Jun-25 09:00,-4.042,1.262,1.08526271313153,39.9810 /T,2.8616701,107.87106
2026-Jun-25 12:00,-4.042,1.263,1.08433542021302,40.0048 /T,2.8610852,107.92287
2026-Jun-25 15:00,-4.043,1.263,1.08340769325995,40.0285 /T,2.860499,107.97456
2026-Jun-25 18:00,-4.044,1.264,1.08247953388748,40.0523 /T,2.8599114,108.02613
2026-Jun-25 21:00,-4.044,1.264,1.0815509437094,40.0760 /T,2.8593225,108.07758
2026-Jun-26 00:00,-4.045,1.265,1.08062192433802,40.0996 /T,2.8587322,108.12892
2026-Jun-26 03:00,-4.045,1.266,1.07969247738421,40.1233 /T,2.8581406,108.18014
2026-Jun-26 06:00,-4.046,1.266,1.07876260445718,40.1469 /T,2.8575477,108.23124
2026-Jun-26 09:00,-4.047,1.267,1.07783230716441,40.1705 /T,2.8569535,108.28222
2026-Jun-26 12:00,-4.047,1.267,1.07690158711161,40.1941 /T,2.8563579,108.33308
2026-Jun-26 15:00,-4.048,1.268,1.07597044590265,40.2176 /T,2.855761,108.38383
2026-Jun-26 18:00,-4.048,1.268,1.0750388851394,40.2411 /T,2.8551628,108.43445
2026-Jun-26 21:00,-4.049,1.269,1.07410690642171,40.2646 /T,2.8545633,108.48496
2026-Jun-27 00:00,-4.05,1.27,1.07317451134721,40.2880 /T,2.8539625,108.53535
2026-Jun-27 03:00,-4.05,1.27,1.07224170151133,40.3114 /T,2.8533604,108.58562
2026-Jun-27 06:00,-4.051,1.271,1.07130847850717,40.3348 /T,2.8527569,108.63577
2026-Jun-27 09:00,-4.051,1.271,1.07037484392534,40.3582 /T,2.8521522,108.6858
2026-Jun-27 12:00,-4.052,1.272,1.06944079935392,40.3815 /T,2.8515462,108.73571
2026-Jun-27 15:00,-4.053,1.272,1.06850634637834,40.4048 /T,2.8509389,108.7855
2026-Jun-27 18:00,-4.053,1.273,1.06757148658121,40.4281 /T,2.8503303,108.83518
2026-Jun-27 21:00,-4.054,1.274,1.06663622154232,40.4513 /T,2.8497204,108.88473
2026-Jun-28 00:00,-4.054,1.274,1.06570055283849,40.4745 /T,2.8491092,108.93417
2026-Jun-28 03:00,-4.055,1.275,1.06476448204332,40.4977 /T,2.8484967,108.98349
2026-Jun-28 06:00,-4.056,1.275,1.06382801072732,40.5208 /T,2.847883,109.03268
2026-Jun-28 09:00,-4.056,1.276,1.06289114045754,40.5439 /T,2.847268,109.08176
2026-Jun-28 12:00,-4.057,1.276,1.06195387279765,40.5670 /T,2.8466517,109.13072
2026-Jun-28 15:00,-4.057,1.277,1.06101620930763,40.5901 /T,2.8460342,109.17956
2026-Jun-28 18:00,-4.058,1.277,1.06007815154381,40.6131 /T,2.8454153,109.22828
2026-Jun-28 21:00,-4.059,1.278,1.05913970105864,40.6361 /T,2.8447953,109.27688
2026-Jun-29 00:00,-4.059,1.279,1.05820085940054,40.6590 /T,2.8441739,109.32536
2026-Jun-29 03:00,-4.06,1.279,1.0572616281139,40.6819 /T,2.8435513,109.37372
2026-Jun-29 06:00,-4.061,1.28,1.05632200873875,40.7048 /T,2.8429275,109.42196
2026-Jun-29 09:00,-4.061,1.28,1.05538200281078,40.7277 /T,2.8423024,109.47008
2026-Jun-29 12:00,-4.062,1.281,1.05444161186113,40.7505 /T,2.841676,109.51808
2026-Jun-29 15:00,-4.063,1.281,1.05350083741624,40.7733 /T,2.8410484,109.56596
2026-Jun-29 18:00,-4.063,1.282,1.05255968099773,40.7961 /T,2.8404195,109.61372
2026-Jun-29 21:00,-4.064,1.283,1.05161814412227,40.8188 /T,2.8397895,109.66136
2026-Jun-30 00:00,-4.064,1.283,1.05067622830143,40.8415 /T,2.8391581,109.70888
2026-Jun-30 03:00,-4.065,1.284,1.04973393504151,40.8642 /T,2.8385256,109.75629
2026-Jun-30 06:00,-4.066,1.284,1.04879126584334,40.8868 /T,2.8378917,109.80357
2026-Jun-30 09:00,-4.066,1.285,1.04784822220232,40.9094 /T,2.8372567,109.85073
2026-Jun-30 12:00,-4.067,1.285,1.04690480560801,40.9320 /T,2.8366204,109.89777
2026-Jun-30 15:00,-4.068,1.286,1.04596101754419,40.9545 /T,2.8359829,109.94469
2026-Jun-30 18:00,-4.068,1.287,1.04501685948863,40.9770 /T,2.8353442,109.99149
2026-Jun-30 21:00,-4.069,1.287,1.04407233291295,40.9995 /T,2.8347042,110.03817
2026-Jul-01 00:00,-4.07,1.288,1.04312743928243,41.0220 /T,2.834063,110.08473
2026-Jul-01 03:00,-4.07,1.288,1.0421821800559,41.0444 /T,2.8334206,110.13117
2026-Jul-01 06:00,-4.071,1.289,1.04123655668559,41.0667 /T,2.832777,110.17749
2026-Jul-01 09:00,-4.072,1.289,1.04029057061693,41.0891 /T,2.8321321,110.22369
2026-Jul-01 12:00,-4.072,1.29,1.03934422328848,41.1114 /T,2.8314861,110.26977
2026-Jul-01 15:00,-4.073,1.29,1.03839751613172,41.1337 /T,2.8308388,110.31572
2026-Jul-01 18:00,-4.074,1.291,1.03745045057087,41.1559 /T,2.8301903,110.36156
2026-Jul-01 21:00,-4.074,1.292,1.03650302802278,41.1781 /T,2.8295405,110.40728
2026-Jul-02 00:00,-4.075,1.292,1.03555524989681,41.2003 /T,2.8288896,110.45288
2026-Jul-02 03:00,-4.076,1.293,1.0346071175946,41.2224 /T,2.8282374,110.49835
2026-Jul-02 06:00,-4.076,1.293,1.03365863250992,41.2445 /T,2.827584,110.54371
2026-Jul-02 09:00,-4.077,1.294,1.03270979602862,41.2666 /T,2.8269295,110.58895
2026-Jul-02 12:00,-4.078,1.294,1.03176060952835,41.2886 /T,2.8262737,110.63406
2026-Jul-02 15:00,-4.078,1.295,1.03081107437844,41.3106 /T,2.8256166,110.67906
2026-Jul-02 18:00,-4.079,1.295,1.0298611919398,41.3326 /T,2.8249584,110.72393
2026-Jul-02 21:00,-4.08,1.296,1.02891096356471,41.3545 /T,2.824299,110.76869
2026-Jul-03 00:00,-4.08,1.297,1.02796039059668,41.3764 /T,2.8236383,110.81332
2026-Jul-03 03:00,-4.081,1.297,1.02700947437027,41.3983 /T,2.8229764,110.85784
2026-Jul-03 06:00,-4.082,1.298,1.02605821621097,41.4201 /T,2.8223133,110.90223
2026-Jul-03 09:00,-4.082,1.298,1.025106617435,41.4419 /T,2.821649,110.9465
2026-Jul-03 12:00,-4.083,1.299,1.02415467934917,41.4636 /T,2.8209835,110.99065
2026-Jul-03 15:00,-4.084,1.299,1.02320240325077,41.4853 /T,2.8203167,111.03469
2026-Jul-03 18:00,-4.084,1.3,1.02224979042726,41.5070 /T,2.8196488,111.0786
2026-Jul-03 21:00,-4.085,1.3,1.02129684215629,41.5287 /T,2.8189796,111.12239
2026-Jul-04 00:00,-4.086,1.301,1.0203435597054,41.5503 /T,2.8183091,111.16606
2026-Jul-04 03:00,-4.086,1.302,1.01938994433189,41.5719 /T,2.8176375,111.20961
2026-Jul-04 06:00,-4.087,1.302,1.01843599728272,41.5934 /T,2.8169646,111.25304
2026-Jul-04 09:00,-4.088,1.303,1.01748171979421,41.6149 /T,2.8162905,111.29635
2026-Jul-04 12:00,-4.089,1.303,1.01652711309197,41.6364 /T,2.8156152,111.33954
2026-Jul-04 15:00,-4.089,1.304,1.01557217839069,41.6578 /T,2.8149386,111.38261
2026-Jul-04 18:00,-4.09,1.304,1.01461691689396,41.6792 /T,2.8142608,111.42555
2026-Jul-04 21:00,-4.091,1.305,1.01366132979411,41.7006 /T,2.8135818,111.46838
2026-Jul-05 00:00,-4.091,1.305,1.012705418272,41.7219 /T,2.8129015,111.51109
2026-Jul-05 03:00,-4.092,1.306,1.01174918349695,41.7432 /T,2.8122199,111.55368
2026-Jul-05 06:00,-4.093,1.307,1.01079262662637,41.7644 /T,2.8115371,111.59614
2026-Jul-05 09:00,-4.094,1.307,1.0098357488057,41.7857 /T,2.8108531,111.63849
2026-Jul-05 12:00,-4.094,1.308,1.00887855116824,41.8068 /T,2.8101677,111.68071
2026-Jul-05 15:00,-4.095,1.308,1.0079210348349,41.8280 /T,2.8094811,111.72282
2026-Jul-05 18:00,-4.096,1.309,1.00696320091408,41.8491 /T,2.8087933,111.76481
2026-Jul-05 21:00,-4.096,1.309,1.00600505050141,41.8702 /T,2.8081041,111.80667
2026-Jul-06 00:00,-4.097,1.31,1.00504658467963,41.8912 /T,2.8074137,111.84842
2026-Jul-06 03:00,-4.098,1.31,1.00408780451835,41.9122 /T,2.806722,111.89004
2026-Jul-06 06:00,-4.099,1.311,1.00312871107389,41.9331 /T,2.806029,111.93155
2026-Jul-06 09:00,-4.099,1.311,1.00216930538918,41.9540 /T,2.8053346,111.97293
2026-Jul-06 12:00,-4.1,1.312,1.00120958849338,41.9749 /T,2.804639,112.01419
2026-Jul-06 15:00,-4.101,1.313,1.00024956140195,41.9958 /T,2.803942,112.05534
2026-Jul-06 18:00,-4.101,1.313,0.99928922511623,42.0166 /T,2.8032437,112.09636
2026-Jul-06 21:00,-4.102,1.314,0.99832858062347,42.0373 /T,2.8025441,112.13727
2026-Jul-07 00:00,-4.103,1.314,0.99736762889652,42.0581 /T,2.8018431,112.17805
2026-Jul-07 03:00,-4.104,1.315,0.99640637089384,42.0788 /T,2.8011408,112.21871
2026-Jul-07 06:00,-4.104,1.315,0.99544480755916,42.0994 /T,2.8004371,112.25926
2026-Jul-07 09:00,-4.105,1.316,0.99448293982142,42.1200 /T,2.799732,112.29968
2026-Jul-07 12:00,-4.106,1.316,0.9935207685947,42.1406 /T,2.7990255,112.33999
2026-Jul-07 15:00,-4.107,1.317,0.99255829477804,42.1611 /T,2.7983176,112.38017
2026-Jul-07 18:00,-4.107,1.317,0.99159551925525,42.1816 /T,2.7976083,112.42023
2026-Jul-07 21:00,-4.108,1.318,0.990632442895,42.2021 /T,2.7968976,112.46018
2026-Jul-08 00:00,-4.109,1.319,0.98966906655063,42.2225 /T,2.7961854,112.5
2026-Jul-08 03:00,-4.11,1.319,0.98870539106002,42.2429 /T,2.7954718,112.53971
2026-Jul-08 06:00,-4.11,1.32,0.98774141724573,42.2633 /T,2.7947567,112.57929
2026-Jul-08 09:00,-4.111,1.32,0.98677714591478,42.2836 /T,2.79404,112.61876
2026-Jul-08 12:00,-4.112,1.321,0.98581257785885,42.3038 /T,2.7933219,112.6581
2026-Jul-08 15:00,-4.113,1.321,0.98484771385413,42.3240 /T,2.7926022,112.69733
2026-Jul-08 18:00,-4.113,1.322,0.98388255466146,42.3442 /T,2.791881,112.73644
2026-Jul-08 21:00,-4.114,1.322,0.98291710102642,42.3644 /T,2.7911583,112.77542
2026-Jul-09 00:00,-4.115,1.323,0.9819513536794,42.3845 /T,2.7904339,112.81429
2026-Jul-09 03:00,-4.116,1.323,0.98098531333572,42.4046 /T,2.7897079,112.85304
2026-Jul-09 06:00,-4.117,1.324,0.98001898069591,42.4246 /T,2.7889803,112.89166
2026-Jul-09 09:00,-4.117,1.324,0.9790523564458,42.4446 /T,2.788251,112.93017
2026-Jul-09 12:00,-4.118,1.325,0.97808544125683,42.4645 /T,2.78752,112.96856
2026-Jul-09 15:00,-4.119,1.326,0.97711823578632,42.4844 /T,2.7867873,113.00683
2026-Jul-09 18:00,-4.12,1.326,0.97615074067792,42.5043 /T,2.7860529,113.04498
2026-Jul-09 21:00,-4.12,1.327,0.97518295656173,42.5241 /T,2.7853167,113.08301
2026-Jul-10 00:00,-4.121,1.327,0.97421488405491,42.5439 /T,2.7845788,113.12092
2026-Jul-10 03:00,-4.122,1.328,0.97324652376216,42.5637 /T,2.783839,113.15872
2026-Jul-10 06:00,-4.123,1.328,0.97227787627611,42.5834 /T,2.7830973,113.19639
2026-Jul-10 09:00,-4.124,1.329,0.97130894217791,42.6031 /T,2.7823538,113.23394
2026-Jul-10 12:00,-4.124,1.329,0.9703397220379,42.6227 /T,2.7816083,113.27138
2026-Jul-10 15:00,-4.125,1.33,0.96937021641625,42.6423 /T,2.7808609,113.30869
2026-Jul-10 18:00,-4.126,1.33,0.96840042586355,42.6618 /T,2.7801115,113.34589
2026-Jul-10 21:00,-4.127,1.331,0.96743035092171,42.6813 /T,2.77936,113.38297
2026-Jul-11 00:00,-4.128,1.331,0.96645999212472,42.7008 /T,2.7786065,113.41993
2026-Jul-11 03:00,-4.128,1.332,0.96548934999941,42.7202 /T,2.7778509,113.45677
2026-Jul-11 06:00,-4.129,1.332,0.96451842506643,42.7396 /T,2.7770932,113.49349
2026-Jul-11 09:00,-4.13,1.333,0.96354721784124,42.7589 /T,2.7763333,113.53009
2026-Jul-11 12:00,-4.131,1.334,0.96257572883492,42.7782 /T,2.7755712,113.56657
2026-Jul-11 15:00,-4.132,1.334,0.96160395855536,42.7975 /T,2.7748068,113.60293
2026-Jul-11 18:00,-4.132,1.335,0.96063190750826,42.8167 /T,2.7740401,113.63918
2026-Jul-11 21:00,-4.133,1.335,0.95965957619817,42.8359 /T,2.7732711,113.67531
2026-Jul-12 00:00,-4.134,1.336,0.95868696512976,42.8550 /T,2.7724996,113.71131
2026-Jul-12 03:00,-4.135,1.336,0.95771407480885,42.8741 /T,2.7717258,113.7472
2026-Jul-12 06:00,-4.136,1.337,0.9567409057436,42.8932 /T,2.7709495,113.78297
2026-Jul-12 09:00,-4.136,1.337,0.95576745844586,42.9122 /T,2.7701707,113.81863
2026-Jul-12 12:00,-4.137,1.338,0.95479373343218,42.9311 /T,2.7693893,113.85416
2026-Jul-12 15:00,-4.138,1.338,0.95381973122517,42.9501 /T,2.7686053,113.88957
2026-Jul-12 18:00,-4.139,1.339,0.95284545235471,42.9689 /T,2.7678187,113.92487
2026-Jul-12 21:00,-4.14,1.339,0.95187089735919,42.9878 /T,2.7670294,113.96005
2026-Jul-13 00:00,-4.141,1.34,0.95089606678674,43.0066 /T,2.7662374,113.99511
2026-Jul-13 03:00,-4.141,1.34,0.94992096119643,43.0253 /T,2.7654426,114.03005
2026-Jul-13 06:00,-4.142,1.341,0.94894558115947,43.0440 /T,2.7646449,114.06487
2026-Jul-13 09:00,-4.143,1.341,0.94796992726044,43.0627 /T,2.7638445,114.09958
2026-Jul-13 12:00,-4.144,1.342,0.94699400009843,43.0813 /T,2.7630411,114.13417
2026-Jul-13 15:00,-4.145,1.342,0.94601780028812,43.0999 /T,2.7622347,114.16864
2026-Jul-13 18:00,-4.146,1.343,0.94504132846088,43.1184 /T,2.7614254,114.20299
2026-Jul-13 21:00,-4.146,1.343,0.94406458526593,43.1369 /T,2.7606131,114.23722
2026-Jul-14 00:00,-4.147,1.344,0.94308757137111,43.1554 /T,2.7597977,114.27134
2026-Jul-14 03:00,-4.148,1.345,0.94211028746408,43.1738 /T,2.7589792,114.30534
2026-Jul-14 06:00,-4.149,1.345,0.94113273425301,43.1922 /T,2.7581575,114.33922
2026-Jul-14 09:00,-4.15,1.346,0.94015491246747,43.2105 /T,2.7573327,114.37298
2026-Jul-14 12:00,-4.151,1.346,0.93917682285932,43.2288 /T,2.7565047,114.40663
2026-Jul-14 15:00,-4.151,1.347,0.93819846620319,43.2470 /T,2.7556734,114.44016
2026-Jul-14 18:00,-4.152,1.347,0.93721984329728,43.2652 /T,2.7548389,114.47357
2026-Jul-14 21:00,-4.153,1.348,0.93624095496389,43.2833 /T,2.754001,114.50687
2026-Jul-15 00:00,-4.154,1.348,0.93526180204989,43.3014 /T,2.7531598,114.54004
2026-Jul-15 03:00,-4.155,1.349,0.93428238542712,43.3195 /T,2.7523153,114.5731
2026-Jul-15 06:00,-4.156,1.349,0.93330270599283,43.3375 /T,2.7514673,114.60605
2026-Jul-15 09:00,-4.157,1.35,0.93232276466981,43.3555 /T,2.7506159,114.63888
2026-Jul-15 12:00,-4.157,1.35,0.93134256240678,43.3734 /T,2.7497611,114.67159
2026-Jul-15 15:00,-4.158,1.351,0.93036210017834,43.3913 /T,2.7489028,114.70418
2026-Jul-15 18:00,-4.159,1.351,0.92938137898522,43.4091 /T,2.748041,114.73666
2026-Jul-15 21:00,-4.16,1.352,0.92840039985408,43.4269 /T,2.7471757,114.76902
2026-Jul-16 00:00,-4.161,1.352,0.92741916383759,43.4446 /T,2.7463069,114.80127
2026-Jul-16 03:00,-4.162,1.353,0.92643767201422,43.4623 /T,2.7454345,114.8334
2026-Jul-16 06:00,-4.163,1.353,0.92545592548809,43.4799 /T,2.7445585,114.86542
2026-Jul-16 09:00,-4.164,1.354,0.92447392538879,43.4975 /T,2.743679,114.89732
2026-Jul-16 12:00,-4.165,1.354,0.92349167287085,43.5151 /T,2.7427958,114.9291
2026-Jul-16 15:00,-4.165,1.355,0.92250916911369,43.5326 /T,2.741909,114.96077
2026-Jul-16 18:00,-4.166,1.355,0.92152641532101,43.5501 /T,2.7410186,114.99232
2026-Jul-16 21:00,-4.167,1.356,0.92054341272034,43.5675 /T,2.7401246,115.02376
2026-Jul-17 00:00,-4.168,1.356,0.91956016256282,43.5848 /T,2.7392269,115.05509
2026-Jul-17 03:00,-4.169,1.357,0.91857666612235,43.6022 /T,2.7383256,115.08629
2026-Jul-17 06:00,-4.17,1.357,0.91759292469527,43.6194 /T,2.7374206,115.11739
2026-Jul-17 09:00,-4.171,1.358,0.91660893959973,43.6367 /T,2.7365119,115.14837
2026-Jul-17 12:00,-4.172,1.358,0.91562471217509,43.6538 /T,2.7355995,115.17924
2026-Jul-17 15:00,-4.173,1.359,0.91464024378129,43.6710 /T,2.7346834,115.20999
2026-Jul-17 18:00,-4.173,1.359,0.91365553579829,43.6881 /T,2.7337637,115.24063
2026-Jul-17 21:00,-4.174,1.36,0.91267058962536,43.7051 /T,2.7328402,115.27115
2026-Jul-18 00:00,-4.175,1.36,0.91168540668048,43.7221 /T,2.731913,115.30156
2026-Jul-18 03:00,-4.176,1.361,0.91069998839965,43.7390 /T,2.7309821,115.33186
2026-Jul-18 06:00,-4.177,1.361,0.90971433623628,43.7559 /T,2.7300475,115.36205
2026-Jul-18 09:00,-4.178,1.362,0.90872845166047,43.7727 /T,2.7291092,115.39212
2026-Jul-18 12:00,-4.179,1.362,0.90774233615841,43.7895 /T,2.7281672,115.42208
2026-Jul-18 15:00,-4.18,1.363,0.90675599123177,43.8063 /T,2.7272214,115.45192
2026-Jul-18 18:00,-4.181,1.363,0.90576941839694,43.8230 /T,2.7262719,115.48166
2026-Jul-18 21:00,-4.182,1.364,0.9047826191845,43.8396 /T,2.7253187,115.51128
2026-Jul-19 00:00,-4.183,1.364,0.90379559513855,43.8562 /T,2.7243618,115.54079
2026-Jul-19 03:00,-4.184,1.365,0.90280834781617,43.8727 /T,2.7234011,115.57019
2026-Jul-19 06:00,-4.184,1.365,0.90182087878672,43.8892 /T,2.7224367,115.59947
2026-Jul-19 09:00,-4.185,1.366,0.90083318963141,43.9057 /T,2.7214686,115.62865
2026-Jul-19 12:00,-4.186,1.366,0.89984528194262,43.9221 /T,2.7204967,115.65771
2026-Jul-19 15:00,-4.187,1.367,0.89885715732333,43.9384 /T,2.7195211,115.68667
2026-Jul-19 18:00,-4.188,1.367,0.89786881738681,43.9547 /T,2.7185417,115.71551
2026-Jul-19 21:00,-4.189,1.368,0.89688026375584,43.9709 /T,2.7175586,115.74424
2026-Jul-20 00:00,-4.19,1.368,0.89589149806248,43.9871 /T,2.7165718,115.77286
2026-Jul-20 03:00,-4.191,1.369,0.89490252194738,44.0033 /T,2.7155812,115.80137
2026-Jul-20 06:00,-4.192,1.369,0.89391333705949,44.0194 /T,2.7145868,115.82977
2026-Jul-20 09:00,-4.193,1.37,0.89292394505559,44.0354 /T,2.7135888,115.85806
2026-Jul-20 12:00,-4.194,1.37,0.89193434759987,44.0514 /T,2.7125869,115.88624
2026-Jul-20 15:00,-4.195,1.371,0.89094454636358,44.0673 /T,2.7115814,115.91431
2026-Jul-20 18:00,-4.196,1.371,0.88995454302462,44.0832 /T,2.710572,115.94227
2026-Jul-20 21:00,-4.197,1.372,0.88896433926726,44.0990 /T,2.7095589,115.97013
2026-Jul-21 00:00,-4.198,1.372,0.88797393678169,44.1148 /T,2.7085421,115.99787
2026-Jul-21 03:00,-4.199,1.373,0.88698333726388,44.1305 /T,2.7075215,116.0255
2026-Jul-21 06:00,-4.2,1.373,0.8859925424152,44.1461 /T,2.7064971,116.05303
2026-Jul-21 09:00,-4.201,1.374,0.8850015539421,44.1618 /T,2.705469,116.08045
2026-Jul-21 12:00,-4.202,1.374,0.88401037355599,44.1773 /T,2.704437,116.10776
2026-Jul-21 15:00,-4.203,1.375,0.88301900297286,44.1928 /T,2.7034013,116.13496
2026-Jul-21 18:00,-4.204,1.375,0.88202744391314,44.2083 /T,2.7023619,116.16205
2026-Jul-21 21:00,-4.204,1.376,0.88103569810146,44.2237 /T,2.7013186,116.18904
2026-Jul-22 00:00,-4.205,1.376,0.88004376726651,44.2390 /T,2.7002715,116.21592
2026-Jul-22 03:00,-4.206,1.377,0.87905165314074,44.2543 /T,2.6992207,116.24269
2026-Jul-22 06:00,-4.207,1.377,0.87805935746038,44.2695 /T,2.6981661,116.26936
2026-Jul-22 09:00,-4.208,1.378,0.87706688196507,44.2847 /T,2.6971076,116.29592
2026-Jul-22 12:00,-4.209,1.378,0.87607422839795,44.2998 /T,2.6960454,116.32237
2026-Jul-22 15:00,-4.21,1.379,0.87508139850527,44.3149 /T,2.6949793,116.34871
2026-Jul-22 18:00,-4.211,1.379,0.87408839403647,44.3299 /T,2.6939094,116.37495
2026-Jul-22 21:00,-4.212,1.38,0.87309521674404,44.3448 /T,2.6928357,116.40109
2026-Jul-23 00:00,-4.213,1.38,0.87210186838327,44.3597 /T,2.6917582,116.42712
2026-Jul-23 03:00,-4.214,1.381,0.87110835071239,44.3746 /T,2.6906768,116.45304
2026-Jul-23 06:00,-4.215,1.381,0.87011466549222,44.3894 /T,2.6895916,116.47886
2026-Jul-23 09:00,-4.216,1.381,0.86912081448626,44.4041 /T,2.6885025,116.50457
2026-Jul-23 12:00,-4.217,1.382,0.86812679946068,44.4188 /T,2.6874096,116.53018
2026-Jul-23 15:00,-4.218,1.382,0.86713262218397,44.4334 /T,2.6863128,116.55568
2026-Jul-23 18:00,-4.219,1.383,0.86613828442715,44.4479 /T,2.6852122,116.58108
2026-Jul-23 21:00,-4.22,1.383,0.86514378796356,44.4624 /T,2.6841077,116.60637
2026-Jul-24 00:00,-4.221,1.384,0.86414913456888,44.4769 /T,2.6829993,116.63156
2026-Jul-24 03:00,-4.222,1.384,0.86315432602099,44.4913 /T,2.681887,116.65665
2026-Jul-24 06:00,-4.223,1.385,0.86215936409997,44.5056 /T,2.6807708,116.68163
2026-Jul-24 09:00,-4.224,1.385,0.86116425058803,44.5199 /T,2.6796507,116.70651
2026-Jul-24 12:00,-4.225,1.386,0.86016898726949,44.5341 /T,2.6785267,116.73129
2026-Jul-24 15:00,-4.226,1.386,0.85917357593064,44.5482 /T,2.6773988,116.75596
2026-Jul-24 18:00,-4.227,1.387,0.85817801835986,44.5623 /T,2.676267,116.78053
2026-Jul-24 21:00,-4.228,1.387,0.85718231634729,44.5763 /T,2.6751312,116.805
2026-Jul-25 00:00,-4.229,1.388,0.85618647168511,44.5903 /T,2.6739915,116.82937
2026-Jul-25 03:00,-4.23,1.388,0.85519048616718,44.6042 /T,2.6728479,116.85363
2026-Jul-25 06:00,-4.231,1.389,0.85419436158919,44.6181 /T,2.6717003,116.87779
2026-Jul-25 09:00,-4.233,1.389,0.8531980997485,44.6318 /T,2.6705487,116.90185
2026-Jul-25 12:00,-4.234,1.39,0.8522017024441,44.6456 /T,2.6693932,116.92581
2026-Jul-25 15:00,-4.235,1.39,0.8512051714766,44.6592 /T,2.6682337,116.94967
2026-Jul-25 18:00,-4.236,1.39,0.85020850864799,44.6729 /T,2.6670702,116.97343
2026-Jul-25 21:00,-4.237,1.391,0.84921171576185,44.6864 /T,2.6659027,116.99709
2026-Jul-26 00:00,-4.238,1.391,0.84821479462293,44.6999 /T,2.6647312,117.02064
2026-Jul-26 03:00,-4.239,1.392,0.84721774703737,44.7133 /T,2.6635557,117.0441
2026-Jul-26 06:00,-4.24,1.392,0.84622057481245,44.7267 /T,2.6623762,117.06745
2026-Jul-26 09:00,-4.241,1.393,0.8452232797565,44.7400 /T,2.6611927,117.09071
2026-Jul-26 12:00,-4.242,1.393,0.84422586367887,44.7532 /T,2.6600052,117.11387
2026-Jul-26 15:00,-4.243,1.394,0.84322832838977,44.7664 /T,2.6588136,117.13692
2026-Jul-26 18:00,-4.244,1.394,0.84223067570027,44.7795 /T,2.657618,117.15988
2026-Jul-26 21:00,-4.245,1.395,0.84123290742193,44.7925 /T,2.6564184,117.18274
2026-Jul-27 00:00,-4.246,1.395,0.84023502536701,44.8055 /T,2.6552146,117.2055
2026-Jul-27 03:00,-4.247,1.396,0.83923703134811,44.8184 /T,2.6540069,117.22817
2026-Jul-27 06:00,-4.248,1.396,0.83823892717815,44.8313 /T,2.652795,117.25073
2026-Jul-27 09:00,-4.249,1.396,0.83724071467011,44.8441 /T,2.6515791,117.2732
2026-Jul-27 12:00,-4.25,1.397,0.83624239563706,44.8568 /T,2.6503591,117.29556
2026-Jul-27 15:00,-4.251,1.397,0.83524397189183,44.8695 /T,2.649135,117.31784
2026-Jul-27 18:00,-4.252,1.398,0.83424544524702,44.8821 /T,2.6479068,117.34001
2026-Jul-27 21:00,-4.253,1.398,0.8332468175147,44.8946 /T,2.6466746,117.36209
2026-Jul-28 00:00,-4.255,1.399,0.83224809050628,44.9071 /T,2.6454382,117.38407
2026-Jul-28 03:00,-4.256,1.399,0.83124926603237,44.9195 /T,2.6441976,117.40595
2026-Jul-28 06:00,-4.257,1.4,0.83025034590256,44.9318 /T,2.642953,117.42774
2026-Jul-28 09:00,-4.258,1.4,0.82925133192524,44.9441 /T,2.6417042,117.44943
2026-Jul-28 12:00,-4.259,1.401,0.82825222590738,44.9563 /T,2.6404513,117.47102
2026-Jul-28 15:00,-4.26,1.401,0.82725302965442,44.9685 /T,2.6391943,117.49252
2026-Jul-28 18:00,-4.261,1.401,0.82625374496995,44.9805 /T,2.6379331,117.51393
2026-Jul-28 21:00,-4.262,1.402,0.82525437365554,44.9926 /T,2.6366677,117.53523
2026-Jul-29 00:00,-4.263,1.402,0.82425491751053,45.0045 /T,2.6353982,117.55645
2026-Jul-29 03:00,-4.264,1.403,0.82325537833185,45.0164 /T,2.6341245,117.57757
2026-Jul-29 06:00,-4.265,1.403,0.82225575791367,45.0282 /T,2.6328467,117.59859
2026-Jul-29 09:00,-4.266,1.404,0.82125605804732,45.0399 /T,2.6315646,117.61952
2026-Jul-29 12:00,-4.268,1.404,0.82025628052094,45.0516 /T,2.6302784,117.64036
2026-Jul-29 15:00,-4.269,1.405,0.81925642711928,45.0632 /T,2.628988,117.6611
2026-Jul-29 18:00,-4.27,1.405,0.81825649962347,45.0747 /T,2.6276933,117.68175
2026-Jul-29 21:00,-4.271,1.405,0.81725649981075,45.0862 /T,2.6263945,117.70231
2026-Jul-30 00:00,-4.272,1.406,0.81625642945425,45.0976 /T,2.6250914,117.72277
2026-Jul-30 03:00,-4.273,1.406,0.81525629032267,45.1089 /T,2.6237841,117.74314
2026-Jul-30 06:00,-4.274,1.407,0.8142560841801,45.1202 /T,2.6224726,117.76342
2026-Jul-30 09:00,-4.275,1.407,0.8132558127857,45.1313 /T,2.6211568,117.7836
2026-Jul-30 12:00,-4.276,1.408,0.81225547789352,45.1425 /T,2.6198368,117.8037
2026-Jul-30 15:00,-4.277,1.408,0.81125508125212,45.1535 /T,2.6185126,117.8237
2026-Jul-30 18:00,-4.279,1.408,0.81025462460442,45.1645 /T,2.617184,117.84361
2026-Jul-30 21:00,-4.28,1.409,0.80925410968736,45.1754 /T,2.6158512,117.86343
2026-Jul-31 00:00,-4.281,1.409,0.80825353823165,45.1862 /T,2.6145141,117.88315
2026-Jul-31 03:00,-4.282,1.41,0.80725291196158,45.1970 /T,2.6131728,117.90279
2026-Jul-31 06:00,-4.283,1.41,0.80625223259462,45.2077 /T,2.6118271,117.92234
2026-Jul-31 09:00,-4.284,1.411,0.80525150184122,45.2183 /T,2.6104771,117.94179
2026-Jul-31 12:00,-4.285,1.411,0.80425072140457,45.2288 /T,2.6091228,117.96116
2026-Jul-31 15:00,-4.286,1.412,0.80324989298033,45.2393 /T,2.6077642,117.98043
2026-Jul-31 18:00,-4.288,1.412,0.80224901825631,45.2497 /T,2.6064013,117.99962
2026-Jul-31 21:00,-4.289,1.412,0.80124809891223,45.2600 /T,2.605034,118.01871
2026-Aug-01 00:00,-4.29,1.413,0.80024713661951,45.2703 /T,2.6036623,118.03772
2026-Aug-01 03:00,-4.291,1.413,0.79924613304098,45.2805 /T,2.6022863,118.05664
2026-Aug-01 06:00,-4.292,1.414,0.79824508983051,45.2906 /T,2.6009059,118.07547
2026-Aug-01 09:00,-4.293,1.414,0.797244008633,45.3006 /T,2.5995211,118.09421
2026-Aug-01 12:00,-4.294,1.415,0.79624289108388,45.3106 /T,2.5981319,118.11286
2026-Aug-01 15:00,-4.296,1.415,0.79524173880894,45.3205 /T,2.5967383,118.13143
2026-Aug-01 18:00,-4.297,1.415,0.79424055342417,45.3303 /T,2.5953403,118.1499
2026-Aug-01 21:00,-4.298,1.416,0.79323933653542,45.3400 /T,2.5939378,118.16829
2026-Aug-02 00:00,-4.299,1.416,0.79223808973815,45.3497 /T,2.5925309,118.18659
2026-Aug-02 03:00,-4.3,1.417,0.79123681461726,45.3593 /T,2.5911195,118.20481
2026-Aug-02 06:00,-4.301,1.417,0.79023551274677,45.3688 /T,2.5897036,118.22294
2026-Aug-02 09:00,-4.302,1.417,0.78923418568967,45.3782 /T,2.5882832,118.24098
2026-Aug-02 12:00,-4.304,1.418,0.78823283499757,45.3876 /T,2.5868583,118.25894
2026-Aug-02 15:00,-4.305,1.418,0.78723146221067,45.3969 /T,2.5854289,118.2768
2026-Aug-02 18:00,-4.306,1.419,0.78623006885733,45.4061 /T,2.583995,118.29459
2026-Aug-02 21:00,-4.307,1.419,0.78522865645398,45.4152 /T,2.5825565,118.31229
2026-Aug-03 00:00,-4.308,1.42,0.78422722650487,45.4243 /T,2.5811134,118.3299
2026-Aug-03 03:00,-4.309,1.42,0.78322578050187,45.4332 /T,2.5796657,118.34743
2026-Aug-03 06:00,-4.311,1.42,0.78222431992423,45.4421 /T,2.5782134,118.36487
2026-Aug-03 09:00,-4.312,1.421,0.78122284623846,45.4510 /T,2.5767565,118.38223
2026-Aug-03 12:00,-4.313,1.421,0.78022136089807,45.4597 /T,2.5752949,118.3995
2026-Aug-03 15:00,-4.314,1.422,0.77921986534337,45.4684 /T,2.5738286,118.41669
2026-Aug-03 18:00,-4.315,1.422,0.77821836100139,45.4770 /T,2.5723576,118.4338
2026-Aug-03 21:00,-4.316,1.422,0.77721684928564,45.4855 /T,2.5708819,118.45082
2026-Aug-04 00:00,-4.318,1.423,0.77621533159585,45.4939 /T,2.5694015,118.46776
2026-Aug-04 03:00,-4.319,1.423,0.77521380931808,45.5022 /T,2.5679163,118.48462
2026-Aug-04 06:00,-4.32,1.424,0.77421228382419,45.5105 /T,2.5664263,118.5014
2026-Aug-04 09:00,-4.321,1.424,0.77321075647213,45.5187 /T,2.5649315,118.51809
2026-Aug-04 12:00,-4.322,1.424,0.77220922860535,45.5268 /T,2.5634319,118.5347
2026-Aug-04 15:00,-4.324,1.425,0.77120770155312,45.5348 /T,2.5619274,118.55122
2026-Aug-04 18:00,-4.325,1.425,0.77020617663008,45.5428 /T,2.560418,118.56767
2026-Aug-04 21:00,-4.326,1.426,0.7692046551363,45.5506 /T,2.5589036,118.58404
2026-Aug-05 00:00,-4.327,1.426,0.76820313835714,45.5584 /T,2.5573843,118.60032
2026-Aug-05 03:00,-4.328,1.426,0.76720162756323,45.5661 /T,2.55586,118.61652
2026-Aug-05 06:00,-4.329,1.427,0.76620012401034,45.5737 /T,2.5543308,118.63264
2026-Aug-05 09:00,-4.331,1.427,0.76519862893935,45.5813 /T,2.5527964,118.64869
2026-Aug-05 12:00,-4.332,1.428,0.76419714357624,45.5887 /T,2.551257,118.66465
2026-Aug-05 15:00,-4.333,1.428,0.76319566913202,45.5961 /T,2.5497124,118.68053
2026-Aug-05 18:00,-4.334,1.428,0.76219420680288,45.6034 /T,2.5481627,118.69634
2026-Aug-05 21:00,-4.335,1.429,0.76119275776992,45.6106 /T,2.5466078,118.71206
2026-Aug-06 00:00,-4.337,1.429,0.76019132319957,45.6177 /T,2.5450477,118.7277
2026-Aug-06 03:00,-4.338,1.43,0.75918990424331,45.6248 /T,2.5434823,118.74327
2026-Aug-06 06:00,-4.339,1.43,0.75818850203796,45.6317 /T,2.5419116,118.75876
2026-Aug-06 09:00,-4.34,1.43,0.7571871177057,45.6386 /T,2.5403355,118.77417
2026-Aug-06 12:00,-4.342,1.431,0.75618575235431,45.6454 /T,2.5387541,118.7895
2026-Aug-06 15:00,-4.343,1.431,0.7551844070771,45.6521 /T,2.5371672,118.80476
2026-Aug-06 18:00,-4.344,1.432,0.7541830829534,45.6587 /T,2.5355748,118.81994
2026-Aug-06 21:00,-4.345,1.432,0.7531817810486,45.6652 /T,2.5339769,118.83504
2026-Aug-07 00:00,-4.346,1.432,0.75218050241435,45.6717 /T,2.5323734,118.85006
2026-Aug-07 03:00,-4.348,1.433,0.751179248089,45.6780 /T,2.5307643,118.86501
2026-Aug-07 06:00,-4.349,1.433,0.75017801909778,45.6843 /T,2.5291495,118.87988
2026-Aug-07 09:00,-4.35,1.434,0.74917681645326,45.6905 /T,2.527529,118.89468
2026-Aug-07 12:00,-4.351,1.434,0.74817564115553,45.6966 /T,2.5259027,118.9094
2026-Aug-07 15:00,-4.353,1.434,0.74717449419297,45.7026 /T,2.5242705,118.92405
2026-Aug-07 18:00,-4.354,1.435,0.74617337654228,45.7086 /T,2.5226325,118.93862
2026-Aug-07 21:00,-4.355,1.435,0.7451722891693,45.7144 /T,2.5209885,118.95312
2026-Aug-08 00:00,-4.356,1.435,0.74417123302946,45.7201 /T,2.5193385,118.96755
2026-Aug-08 03:00,-4.358,1.436,0.7431702090682,45.7258 /T,2.5176824,118.9819
2026-Aug-08 06:00,-4.359,1.436,0.74216921822179,45.7314 /T,2.5160201,118.99618
2026-Aug-08 09:00,-4.36,1.437,0.74116826141783,45.7369 /T,2.5143517,119.01038
2026-Aug-08 12:00,-4.361,1.437,0.74016733957606,45.7423 /T,2.512677,119.02452
2026-Aug-08 15:00,-4.362,1.437,0.73916645360893,45.7476 /T,2.510996,119.03858
2026-Aug-08 18:00,-4.364,1.438,0.7381656044225,45.7528 /T,2.5093086,119.05257
2026-Aug-08 21:00,-4.365,1.438,0.7371647929172,45.7579 /T,2.5076147,119.06648
2026-Aug-09 00:00,-4.366,1.438,0.73616401998868,45.7630 /T,2.5059143,119.08033
2026-Aug-09 03:00,-4.367,1.439,0.73516328652867,45.7679 /T,2.5042072,119.09411
2026-Aug-09 06:00,-4.369,1.439,0.73416259342583,45.7728 /T,2.5024935,119.10781
2026-Aug-09 09:00,-4.37,1.44,0.73316194156685,45.7775 /T,2.5007731,119.12145
2026-Aug-09 12:00,-4.371,1.44,0.73216133183727,45.7822 /T,2.4990458,119.13501
2026-Aug-09 15:00,-4.373,1.44,0.73116076512256,45.7868 /T,2.4973116,119.14851
2026-Aug-09 18:00,-4.374,1.441,0.7301602423091,45.7913 /T,2.4955704,119.16194
2026-Aug-09 21:00,-4.375,1.441,0.72915976428533,45.7957 /T,2.4938222,119.1753
2026-Aug-10 00:00,-4.376,1.441,0.72815933194262,45.8000 /T,2.4920669,119.18859
2026-Aug-10 03:00,-4.378,1.442,0.7271589461766,45.8042 /T,2.4903043,119.20182
2026-Aug-10 06:00,-4.379,1.442,0.72615860788809,45.8083 /T,2.4885345,119.21497
2026-Aug-10 09:00,-4.38,1.442,0.72515831798427,45.8123 /T,2.4867573,119.22806
2026-Aug-10 12:00,-4.381,1.443,0.72415807737983,45.8163 /T,2.4849727,119.24109
2026-Aug-10 15:00,-4.383,1.443,0.72315788699793,45.8201 /T,2.4831805,119.25405
2026-Aug-10 18:00,-4.384,1.444,0.7221577477716,45.8238 /T,2.4813807,119.26694
2026-Aug-10 21:00,-4.385,1.444,0.72115766064457,45.8275 /T,2.4795733,119.27977
2026-Aug-11 00:00,-4.387,1.444,0.72015762657252,45.8310 /T,2.4777581,119.29253
2026-Aug-11 03:00,-4.388,1.445,0.71915764652422,45.8345 /T,2.475935,119.30523
2026-Aug-11 06:00,-4.389,1.445,0.71815772148245,45.8378 /T,2.4741041,119.31787
2026-Aug-11 09:00,-4.39,1.445,0.7171578524451,45.8411 /T,2.4722651,119.33044
2026-Aug-11 12:00,-4.392,1.446,0.71615804042632,45.8443 /T,2.4704181,119.34295
2026-Aug-11 15:00,-4.393,1.446,0.71515828645731,45.8473 /T,2.4685629,119.3554
2026-Aug-11 18:00,-4.394,1.446,0.71415859158749,45.8503 /T,2.4666994,119.36779
2026-Aug-11 21:00,-4.396,1.447,0.71315895688523,45.8532 /T,2.4648277,119.38012
2026-Aug-12 00:00,-4.397,1.447,0.71215938343893,45.8560 /T,2.4629476,119.39238
2026-Aug-12 03:00,-4.398,1.447,0.71115987235773,45.8586 /T,2.461059,119.40459
2026-Aug-12 06:00,-4.399,1.448,0.71016042477227,45.8612 /T,2.4591618,119.41673
2026-Aug-12 09:00,-4.401,1.448,0.70916104183568,45.8637 /T,2.4572561,119.42882
2026-Aug-12 12:00,-4.402,1.448,0.70816172472396,45.8661 /T,2.4553417,119.44085
2026-Aug-12 15:00,-4.403,1.449,0.70716247463686,45.8683 /T,2.4534185,119.45282
2026-Aug-12 18:00,-4.405,1.449,0.70616329279847,45.8705 /T,2.4514865,119.46473
2026-Aug-12 21:00,-4.406,1.449,0.70516418045756,45.8726 /T,2.4495456,119.47658
2026-Aug-13 00:00,-4.407,1.45,0.70416513888831,45.8746 /T,2.4475957,119.48838
2026-Aug-13 03:00,-4.409,1.45,0.70316616939061,45.8764 /T,2.4456368,119.50012
2026-Aug-13 06:00,-4.41,1.45,0.70216727329046,45.8782 /T,2.4436688,119.51181
2026-Aug-13 09:00,-4.411,1.451,0.70116845194025,45.8799 /T,2.4416916,119.52344
2026-Aug-13 12:00,-4.413,1.451,0.70016970671912,45.8814 /T,2.4397052,119.53502
2026-Aug-13 15:00,-4.414,1.451,0.69917103903306,45.8829 /T,2.4377096,119.54654
2026-Aug-13 18:00,-4.415,1.452,0.6981724503152,45.8843 /T,2.4357045,119.55802
2026-Aug-13 21:00,-4.417,1.452,0.69717394202571,45.8855 /T,2.4336901,119.56943
2026-Aug-14 00:00,-4.418,1.452,0.69617551565207,45.8867 /T,2.4316661,119.5808
2026-Aug-14 03:00,-4.419,1.453,0.69517717270894,45.8877 /T,2.4296327,119.59211
2026-Aug-14 06:00,-4.42,1.453,0.69417891473813,45.8886 /T,2.4275897,119.60338
2026-Aug-14 09:00,-4.422,1.453,0.6931807433086,45.8895 /T,2.425537,119.61459
2026-Aug-14 12:00,-4.423,1.454,0.69218266001622,45.8902 /T,2.4234746,119.62575
2026-Aug-14 15:00,-4.424,1.454,0.69118466648366,45.8908 /T,2.4214025,119.63687
2026-Aug-14 18:00,-4.426,1.454,0.69018676436016,45.8913 /T,2.4193206,119.64793
2026-Aug-14 21:00,-4.427,1.455,0.68918895532135,45.8917 /T,2.4172288,119.65895
2026-Aug-15 00:00,-4.428,1.455,0.68819124106888,45.8920 /T,2.4151271,119.66992
2026-Aug-15 03:00,-4.43,1.455,0.68719362333015,45.8922 /T,2.4130155,119.68084
2026-Aug-15 06:00,-4.431,1.456,0.68619610385809,45.8923 /T,2.4108938,119.69172
2026-Aug-15 09:00,-4.433,1.456,0.68519868443067,45.8922 /T,2.4087621,119.70255
2026-Aug-15 12:00,-4.434,1.456,0.68420136685057,45.8921 /T,2.4066204,119.71333
2026-Aug-15 15:00,-4.435,1.456,0.68320415294481,45.8918 /T,2.4044684,119.72407
2026-Aug-15 18:00,-4.437,1.457,0.68220704456441,45.8915 /T,2.4023063,119.73477
2026-Aug-15 21:00,-4.438,1.457,0.68121004358383,45.8910 /T,2.400134,119.74543
2026-Aug-16 00:00,-4.439,1.457,0.68021315190067,45.8904 /T,2.3979513,119.75604
2026-Aug-16 03:00,-4.441,1.458,0.67921637143516,45.8897 /T,2.3957584,119.76661
2026-Aug-16 06:00,-4.442,1.458,0.67821970412979,45.8889 /T,2.393555,119.77713
2026-Aug-16 09:00,-4.443,1.458,0.67722315194881,45.8879 /T,2.3913413,119.78762
2026-Aug-16 12:00,-4.445,1.459,0.67622671687784,45.8869 /T,2.3891171,119.79807
2026-Aug-16 15:00,-4.446,1.459,0.6752304009234,45.8857 /T,2.3868824,119.80848
2026-Aug-16 18:00,-4.447,1.459,0.67423420611243,45.8844 /T,2.3846372,119.81885
2026-Aug-16 21:00,-4.449,1.46,0.673238134492,45.8831 /T,2.3823814,119.82918
2026-Aug-17 00:00,-4.45,1.46,0.67224218812868,45.8815 /T,2.3801149,119.83947
2026-Aug-17 03:00,-4.451,1.46,0.67124636910833,45.8799 /T,2.3778378,119.84972
2026-Aug-17 06:00,-4.453,1.46,0.67025067953557,45.8782 /T,2.37555,119.85994
2026-Aug-17 09:00,-4.454,1.461,0.66925512153334,45.8763 /T,2.3732514,119.87013
2026-Aug-17 12:00,-4.456,1.461,0.6682596972427,45.8743 /T,2.370942,119.88028
2026-Aug-17 15:00,-4.457,1.461,0.66726440882218,45.8722 /T,2.3686218,119.89039
2026-Aug-17 18:00,-4.458,1.462,0.66626925844766,45.8700 /T,2.3662907,119.90047
2026-Aug-17 21:00,-4.46,1.462,0.66527424831193,45.8677 /T,2.3639486,119.91052
2026-Aug-18 00:00,-4.461,1.462,0.66427938062432,45.8652 /T,2.3615956,119.92054
2026-Aug-18 03:00,-4.462,1.462,0.66328465761044,45.8627 /T,2.3592316,119.93052
2026-Aug-18 06:00,-4.464,1.463,0.66229008151179,45.8600 /T,2.3568566,119.94048
2026-Aug-18 09:00,-4.465,1.463,0.66129565458556,45.8571 /T,2.3544704,119.9504
2026-Aug-18 12:00,-4.467,1.463,0.66030137910432,45.8542 /T,2.3520731,119.96029
2026-Aug-18 15:00,-4.468,1.464,0.65930725735573,45.8511 /T,2.3496646,119.97016
2026-Aug-18 18:00,-4.469,1.464,0.65831329164238,45.8479 /T,2.3472449,119.97999
2026-Aug-18 21:00,-4.471,1.464,0.65731948428144,45.8446 /T,2.3448139,119.9898
2026-Aug-19 00:00,-4.472,1.464,0.6563258376045,45.8412 /T,2.3423715,119.99958
2026-Aug-19 03:00,-4.473,1.465,0.65533235395745,45.8376 /T,2.3399179,120.00934
2026-Aug-19 06:00,-4.475,1.465,0.65433903570016,45.8339 /T,2.3374528,120.01907
2026-Aug-19 09:00,-4.476,1.465,0.6533458852064,45.8301 /T,2.3349762,120.02878
2026-Aug-19 12:00,-4.478,1.465,0.65235290486367,45.8262 /T,2.3324881,120.03846
2026-Aug-19 15:00,-4.479,1.466,0.65136009707306,45.8221 /T,2.3299885,120.04812
2026-Aug-19 18:00,-4.48,1.466,0.6503674642491,45.8179 /T,2.3274773,120.05776
2026-Aug-19 21:00,-4.482,1.466,0.64937500881969,45.8136 /T,2.3249544,120.06737
2026-Aug-20 00:00,-4.483,1.466,0.64838273322589,45.8091 /T,2.3224198,120.07696
2026-Aug-20 03:00,-4.485,1.467,0.64739063992205,45.8045 /T,2.3198735,120.08654
2026-Aug-20 06:00,-4.486,1.467,0.64639873137546,45.7998 /T,2.3173154,120.09609
2026-Aug-20 09:00,-4.487,1.467,0.64540701006654,45.7950 /T,2.3147455,120.10563
2026-Aug-20 12:00,-4.489,1.467,0.64441547848855,45.7900 /T,2.3121637,120.11514
2026-Aug-20 15:00,-4.49,1.468,0.64342413914782,45.7849 /T,2.3095699,120.12464
2026-Aug-20 18:00,-4.492,1.468,0.64243299456343,45.7796 /T,2.3069641,120.13413
2026-Aug-20 21:00,-4.493,1.468,0.64144204726737,45.7743 /T,2.3043463,120.1436
2026-Aug-21 00:00,-4.494,1.468,0.64045129980445,45.7688 /T,2.3017164,120.15305
2026-Aug-21 03:00,-4.496,1.469,0.63946075473234,45.7631 /T,2.2990744,120.16249
2026-Aug-21 06:00,-4.497,1.469,0.63847041462154,45.7573 /T,2.2964201,120.17192
2026-Aug-21 09:00,-4.499,1.469,0.63748028205535,45.7514 /T,2.2937536,120.18133
2026-Aug-21 12:00,-4.5,1.469,0.63649035962994,45.7454 /T,2.2910749,120.19073
2026-Aug-21 15:00,-4.501,1.47,0.63550064995438,45.7392 /T,2.2883837,120.20012
2026-Aug-21 18:00,-4.503,1.47,0.63451115565055,45.7328 /T,2.2856802,120.20951
2026-Aug-21 21:00,-4.504,1.47,0.6335218793533,45.7264 /T,2.2829642,120.21888
2026-Aug-22 00:00,-4.506,1.47,0.63253282371039,45.7198 /T,2.2802357,120.22824
2026-Aug-22 03:00,-4.507,1.471,0.63154399138257,45.7130 /T,2.2774946,120.2376
2026-Aug-22 06:00,-4.508,1.471,0.63055538504359,45.7061 /T,2.2747409,120.24695
2026-Aug-22 09:00,-4.51,1.471,0.62956700738024,45.6991 /T,2.2719745,120.25629
2026-Aug-22 12:00,-4.511,1.471,0.62857886109237,45.6919 /T,2.2691955,120.26563
2026-Aug-22 15:00,-4.513,1.472,0.627590948893,45.6846 /T,2.2664036,120.27496
2026-Aug-22 18:00,-4.514,1.472,0.62660327350825,45.6772 /T,2.2635989,120.2843
2026-Aug-22 21:00,-4.516,1.472,0.62561583767743,45.6696 /T,2.2607813,120.29363
2026-Aug-23 00:00,-4.517,1.472,0.62462864415311,45.6618 /T,2.2579508,120.30295
2026-Aug-23 03:00,-4.518,1.472,0.62364169570108,45.6539 /T,2.2551073,120.31228
2026-Aug-23 06:00,-4.52,1.473,0.62265499510041,45.6459 /T,2.2522507,120.32161
2026-Aug-23 09:00,-4.521,1.473,0.6216685451435,45.6377 /T,2.249381,120.33094
2026-Aug-23 12:00,-4.523,1.473,0.62068234863611,45.6294 /T,2.2464982,120.34027
2026-Aug-23 15:00,-4.524,1.473,0.61969640839725,45.6209 /T,2.2436021,120.3496
2026-Aug-23 18:00,-4.525,1.474,0.61871072725938,45.6123 /T,2.2406928,120.35894
2026-Aug-23 21:00,-4.527,1.474,0.6177253080683,45.6036 /T,2.2377701,120.36828
2026-Aug-24 00:00,-4.528,1.474,0.61674015368318,45.5946 /T,2.2348341,120.37763
2026-Aug-24 03:00,-4.53,1.474,0.61575526697653,45.5856 /T,2.2318846,120.38699
2026-Aug-24 06:00,-4.531,1.474,0.61477065083421,45.5764 /T,2.2289217,120.39635
2026-Aug-24 09:00,-4.533,1.475,0.61378630815545,45.5670 /T,2.2259451,120.40572
2026-Aug-24 12:00,-4.534,1.475,0.6128022418527,45.5575 /T,2.222955,120.4151
2026-Aug-24 15:00,-4.535,1.475,0.6118184548517,45.5478 /T,2.2199513,120.42449
2026-Aug-24 18:00,-4.537,1.475,0.61083495009142,45.5380 /T,2.2169338,120.43389
2026-Aug-24 21:00,-4.538,1.475,0.60985173052395,45.5280 /T,2.2139026,120.44331
2026-Aug-25 00:00,-4.54,1.476,0.60886879911444,45.5178 /T,2.2108575,120.45274
2026-Aug-25 03:00,-4.541,1.476,0.60788615884106,45.5076 /T,2.2077986,120.46218
2026-Aug-25 06:00,-4.543,1.476,0.60690381269495,45.4971 /T,2.2047257,120.47164
2026-Aug-25 09:00,-4.544,1.476,0.60592176367995,45.4865 /T,2.2016388,120.48112
2026-Aug-25 12:00,-4.545,1.476,0.60494001481269,45.4757 /T,2.198538,120.49061
2026-Aug-25 15:00,-4.547,1.476,0.60395856912233,45.4648 /T,2.195423,120.50012
2026-Aug-25 18:00,-4.548,1.477,0.6029774296505,45.4537 /T,2.1922939,120.50965
2026-Aug-25 21:00,-4.55,1.477,0.60199659945112,45.4425 /T,2.1891505,120.5192
2026-Aug-26 00:00,-4.551,1.477,0.60101608159017,45.4311 /T,2.185993,120.52877
2026-Aug-26 03:00,-4.553,1.477,0.60003587914576,45.4195 /T,2.1828211,120.53837
2026-Aug-26 06:00,-4.554,1.477,0.59905599520759,45.4078 /T,2.1796348,120.54798
2026-Aug-26 09:00,-4.555,1.477,0.59807643287709,45.3959 /T,2.1764341,120.55763
2026-Aug-26 12:00,-4.557,1.478,0.59709719526696,45.3839 /T,2.173219,120.5673
2026-Aug-26 15:00,-4.558,1.478,0.59611828550114,45.3717 /T,2.1699893,120.57699
2026-Aug-26 18:00,-4.56,1.478,0.59513970671445,45.3593 /T,2.1667451,120.58672
2026-Aug-26 21:00,-4.561,1.478,0.59416146205237,45.3467 /T,2.1634862,120.59647
2026-Aug-27 00:00,-4.563,1.478,0.59318355467087,45.3340 /T,2.1602127,120.60625
2026-Aug-27 03:00,-4.564,1.478,0.59220598773602,45.3211 /T,2.1569244,120.61606
2026-Aug-27 06:00,-4.566,1.479,0.59122876442379,45.3081 /T,2.1536213,120.62591
2026-Aug-27 09:00,-4.567,1.479,0.59025188791975,45.2949 /T,2.1503033,120.63579
2026-Aug-27 12:00,-4.568,1.479,0.58927536141876,45.2815 /T,2.1469705,120.6457
2026-Aug-27 15:00,-4.57,1.479,0.58829918812465,45.2679 /T,2.1436227,120.65565
2026-Aug-27 18:00,-4.571,1.479,0.58732337124995,45.2542 /T,2.1402599,120.66563
2026-Aug-27 21:00,-4.573,1.479,0.5863479140155,45.2403 /T,2.136882,120.67566
2026-Aug-28 00:00,-4.574,1.48,0.58537281965024,45.2263 /T,2.133489,120.68572
2026-Aug-28 03:00,-4.576,1.48,0.58439809139067,45.2120 /T,2.1300808,120.69582
2026-Aug-28 06:00,-4.577,1.48,0.58342373248066,45.1976 /T,2.1266574,120.70597
2026-Aug-28 09:00,-4.578,1.48,0.58244974617113,45.1830 /T,2.1232187,120.71615
2026-Aug-28 12:00,-4.58,1.48,0.58147613571954,45.1682 /T,2.1197647,120.72638
2026-Aug-28 15:00,-4.581,1.48,0.58050290438963,45.1533 /T,2.1162953,120.73666
2026-Aug-28 18:00,-4.583,1.48,0.57953005545107,45.1382 /T,2.1128104,120.74698
2026-Aug-28 21:00,-4.584,1.48,0.57855759217902,45.1229 /T,2.10931,120.75735
2026-Aug-29 00:00,-4.586,1.481,0.57758551785383,45.1074 /T,2.1057941,120.76776
2026-Aug-29 03:00,-4.587,1.481,0.57661383576068,45.0917 /T,2.1022625,120.77823
2026-Aug-29 06:00,-4.588,1.481,0.57564254918912,45.0759 /T,2.0987152,120.78875
2026-Aug-29 09:00,-4.59,1.481,0.57467166143285,45.0599 /T,2.0951522,120.79932
2026-Aug-29 12:00,-4.591,1.481,0.57370117578921,45.0437 /T,2.0915734,120.80994
2026-Aug-29 15:00,-4.593,1.481,0.57273109555891,45.0273 /T,2.0879787,120.82062
2026-Aug-29 18:00,-4.594,1.481,0.57176142404566,45.0107 /T,2.0843681,120.83135
2026-Aug-29 21:00,-4.596,1.481,0.5707921645558,44.9940 /T,2.0807415,120.84215
2026-Aug-30 00:00,-4.597,1.482,0.56982332039799,44.9770 /T,2.0770989,120.853
2026-Aug-30 03:00,-4.598,1.482,0.56885489488288,44.9599 /T,2.0734401,120.86391
2026-Aug-30 06:00,-4.6,1.482,0.56788689132269,44.9426 /T,2.0697652,120.87488
2026-Aug-30 09:00,-4.601,1.482,0.56691931303103,44.9251 /T,2.066074,120.88592
2026-Aug-30 12:00,-4.603,1.482,0.56595216332245,44.9074 /T,2.0623665,120.89702
2026-Aug-30 15:00,-4.604,1.482,0.56498544551227,44.8895 /T,2.0586426,120.90818
2026-Aug-30 18:00,-4.606,1.482,0.56401916291624,44.8714 /T,2.0549023,120.91941
2026-Aug-30 21:00,-4.607,1.482,0.56305331885023,44.8532 /T,2.0511454,120.93071
2026-Aug-31 00:00,-4.608,1.482,0.56208791663001,44.8347 /T,2.047372,120.94209
2026-Aug-31 03:00,-4.61,1.482,0.56112295957102,44.8161 /T,2.0435819,120.95353
2026-Aug-31 06:00,-4.611,1.482,0.56015845098809,44.7973 /T,2.039775,120.96504
2026-Aug-31 09:00,-4.613,1.482,0.55919439419525,44.7782 /T,2.0359514,120.97663
2026-Aug-31 12:00,-4.614,1.483,0.55823079250552,44.7590 /T,2.0321109,120.9883
2026-Aug-31 15:00,-4.616,1.483,0.55726764923078,44.7396 /T,2.0282534,121.00004
2026-Aug-31 18:00,-4.617,1.483,0.55630496768149,44.7199 /T,2.0243788,121.01186
2026-Aug-31 21:00,-4.618,1.483,0.55534275116664,44.7001 /T,2.0204872,121.02376
2026-Sep-01 00:00,-4.62,1.483,0.55438100299357,44.6801 /T,2.0165783,121.03575
2026-Sep-01 03:00,-4.621,1.483,0.55341972646784,44.6599 /T,2.0126521,121.04782
2026-Sep-01 06:00,-4.623,1.483,0.55245892489322,44.6395 /T,2.0087086,121.05997
2026-Sep-01 09:00,-4.624,1.483,0.55149860157152,44.6189 /T,2.0047476,121.07221
2026-Sep-01 12:00,-4.625,1.483,0.55053875980264,44.5980 /T,2.0007691,121.08454
2026-Sep-01 15:00,-4.627,1.483,0.5495794028843,44.5770 /T,1.9967729,121.09696
2026-Sep-01 18:00,-4.628,1.483,0.54862053411237,44.5558 /T,1.992759,121.10947
2026-Sep-01 21:00,-4.63,1.483,0.54766215678061,44.5344 /T,1.9887273,121.12208
2026-Sep-02 00:00,-4.631,1.483,0.54670427418081,44.5127 /T,1.9846776,121.13478
2026-Sep-02 03:00,-4.633,1.483,0.5457468896028,44.4909 /T,1.9806099,121.14758
2026-Sep-02 06:00,-4.634,1.483,0.5447900063345,44.4688 /T,1.9765242,121.16048
2026-Sep-02 09:00,-4.635,1.483,0.54383362766212,44.4466 /T,1.9724202,121.17348
2026-Sep-02 12:00,-4.637,1.483,0.54287775687008,44.4241 /T,1.9682979,121.18658
2026-Sep-02 15:00,-4.638,1.483,0.54192239724135,44.4014 /T,1.9641571,121.19979
2026-Sep-02 18:00,-4.64,1.483,0.54096755205751,44.3785 /T,1.9599979,121.21311
2026-Sep-02 21:00,-4.641,1.483,0.54001322459885,44.3554 /T,1.95582,121.22653
2026-Sep-03 00:00,-4.642,1.483,0.5390594181448,44.3321 /T,1.9516234,121.24007
2026-Sep-03 03:00,-4.644,1.484,0.53810613597387,44.3085 /T,1.9474079,121.25371
2026-Sep-03 06:00,-4.645,1.484,0.53715338136418,44.2848 /T,1.9431735,121.26748
2026-Sep-03 09:00,-4.647,1.484,0.53620115759346,44.2608 /T,1.9389199,121.28136
2026-Sep-03 12:00,-4.648,1.484,0.53524946793966,44.2367 /T,1.9346472,121.29536
2026-Sep-03 15:00,-4.649,1.484,0.53429831568095,44.2123 /T,1.9303552,121.30948
2026-Sep-03 18:00,-4.651,1.484,0.53334770409629,44.1876 /T,1.9260437,121.32372
2026-Sep-03 21:00,-4.652,1.484,0.53239763646574,44.1628 /T,1.9217127,121.33809
2026-Sep-04 00:00,-4.653,1.484,0.53144811607085,44.1377 /T,1.9173619,121.35259
2026-Sep-04 03:00,-4.655,1.484,0.53049914619507,44.1125 /T,1.9129914,121.36722
2026-Sep-04 06:00,-4.656,1.484,0.52955073012424,44.0870 /T,1.9086009,121.38198
2026-Sep-04 09:00,-4.658,1.483,0.52860287114699,44.0612 /T,1.9041903,121.39688
2026-Sep-04 12:00,-4.659,1.483,0.5276555725554,44.0353 /T,1.8997595,121.41192
2026-Sep-04 15:00,-4.66,1.483,0.52670883764528,44.0091 /T,1.8953084,121.42709
2026-Sep-04 18:00,-4.662,1.483,0.525762669717,43.9827 /T,1.8908368,121.44241
2026-Sep-04 21:00,-4.663,1.483,0.5248170720759,43.9561 /T,1.8863445,121.45787
2026-Sep-05 00:00,-4.664,1.483,0.52387204803291,43.9292 /T,1.8818315,121.47348
2026-Sep-05 03:00,-4.666,1.483,0.52292760090528,43.9021 /T,1.8772976,121.48924
2026-Sep-05 06:00,-4.667,1.483,0.5219837340172,43.8748 /T,1.8727427,121.50516
2026-Sep-05 09:00,-4.669,1.483,0.52104045070038,43.8472 /T,1.8681665,121.52123
2026-Sep-05 12:00,-4.67,1.483,0.52009775429499,43.8195 /T,1.863569,121.53746
2026-Sep-05 15:00,-4.671,1.483,0.51915564815026,43.7914 /T,1.85895,121.55385
2026-Sep-05 18:00,-4.673,1.483,0.51821413562526,43.7632 /T,1.8543093,121.5704
2026-Sep-05 21:00,-4.674,1.483,0.51727322008981,43.7347 /T,1.8496468,121.58712
2026-Sep-06 00:00,-4.675,1.483,0.51633290492511,43.7060 /T,1.8449624,121.60401
2026-Sep-06 03:00,-4.677,1.483,0.51539319352484,43.6770 /T,1.8402558,121.62108
2026-Sep-06 06:00,-4.678,1.483,0.51445408929587,43.6478 /T,1.835527,121.63832
2026-Sep-06 09:00,-4.679,1.483,0.51351559565917,43.6184 /T,1.8307756,121.65574
2026-Sep-06 12:00,-4.681,1.483,0.51257771605088,43.5887 /T,1.8260017,121.67334
2026-Sep-06 15:00,-4.682,1.483,0.51164045392308,43.5588 /T,1.821205,121.69113
2026-Sep-06 18:00,-4.683,1.483,0.51070381274495,43.5286 /T,1.8163854,121.7091
2026-Sep-06 21:00,-4.685,1.482,0.50976779600355,43.4982 /T,1.8115426,121.72727
2026-Sep-07 00:00,-4.686,1.482,0.50883240720511,43.4675 /T,1.8066766,121.74564
2026-Sep-07 03:00,-4.687,1.482,0.50789764987574,43.4366 /T,1.8017871,121.7642
2026-Sep-07 06:00,-4.689,1.482,0.50696352756282,43.4055 /T,1.7968739,121.78297
2026-Sep-07 09:00,-4.69,1.482,0.50603004383575,43.3740 /T,1.791937,121.80194
2026-Sep-07 12:00,-4.691,1.482,0.50509720228734,43.3424 /T,1.7869761,121.82113
2026-Sep-07 15:00,-4.693,1.482,0.5041650065346,43.3105 /T,1.781991,121.84053
2026-Sep-07 18:00,-4.694,1.482,0.50323346022008,43.2783 /T,1.7769817,121.86014
2026-Sep-07 21:00,-4.695,1.482,0.50230256701279,43.2459 /T,1.7719478,121.87998
2026-Sep-08 00:00,-4.696,1.481,0.50137233060952,43.2133 /T,1.7668892,121.90004
2026-Sep-08 03:00,-4.698,1.481,0.50044275473573,43.1803 /T,1.7618057,121.92033
2026-Sep-08 06:00,-4.699,1.481,0.49951384314689,43.1472 /T,1.7566973,121.94085
2026-Sep-08 09:00,-4.7,1.481,0.49858559962937,43.1137 /T,1.7515636,121.96162
2026-Sep-08 12:00,-4.702,1.481,0.49765802800171,43.0800 /T,1.7464044,121.98262
2026-Sep-08 15:00,-4.703,1.481,0.49673113211573,43.0461 /T,1.7412197,122.00387
2026-Sep-08 18:00,-4.704,1.481,0.49580491585751,43.0118 /T,1.7360093,122.02537
2026-Sep-08 21:00,-4.705,1.48,0.49487938314853,42.9774 /T,1.7307729,122.04712
2026-Sep-09 00:00,-4.707,1.48,0.49395453794683,42.9426 /T,1.7255104,122.06914
2026-Sep-09 03:00,-4.708,1.48,0.49303038424783,42.9076 /T,1.7202215,122.09141
2026-Sep-09 06:00,-4.709,1.48,0.49210692608571,42.8723 /T,1.7149062,122.11396
2026-Sep-09 09:00,-4.711,1.48,0.491184167534,42.8368 /T,1.7095642,122.13677
2026-Sep-09 12:00,-4.712,1.48,0.490262112707,42.8010 /T,1.7041954,122.15987
2026-Sep-09 15:00,-4.713,1.479,0.48934076576037,42.7649 /T,1.6987995,122.18325
2026-Sep-09 18:00,-4.714,1.479,0.48842013089237,42.7285 /T,1.6933765,122.20691
2026-Sep-09 21:00,-4.715,1.479,0.48750021234451,42.6919 /T,1.687926,122.23087
2026-Sep-10 00:00,-4.717,1.479,0.4865810144026,42.6550 /T,1.6824481,122.25513
2026-Sep-10 03:00,-4.718,1.479,0.48566254139755,42.6178 /T,1.6769424,122.27969
2026-Sep-10 06:00,-4.719,1.478,0.48474479770611,42.5803 /T,1.6714087,122.30456
2026-Sep-10 09:00,-4.72,1.478,0.48382778775172,42.5426 /T,1.665847,122.32974
2026-Sep-10 12:00,-4.722,1.478,0.48291151600522,42.5046 /T,1.6602571,122.35524
2026-Sep-10 15:00,-4.723,1.478,0.48199598698554,42.4663 /T,1.6546387,122.38107
2026-Sep-10 18:00,-4.724,1.478,0.4810812052604,42.4277 /T,1.6489918,122.40722
2026-Sep-10 21:00,-4.725,1.477,0.4801671754468,42.3888 /T,1.6433161,122.43372
2026-Sep-11 00:00,-4.726,1.477,0.47925390221181,42.3497 /T,1.6376115,122.46055
2026-Sep-11 03:00,-4.728,1.477,0.47834139027297,42.3102 /T,1.6318778,122.48773
2026-Sep-11 06:00,-4.729,1.477,0.47742964439876,42.2705 /T,1.6261148,122.51527
2026-Sep-11 09:00,-4.73,1.476,0.47651866940923,42.2305 /T,1.6203224,122.54317
2026-Sep-11 12:00,-4.731,1.476,0.47560847017626,42.1902 /T,1.6145005,122.57144
2026-Sep-11 15:00,-4.732,1.476,0.47469905162404,42.1496 /T,1.6086488,122.60007
2026-Sep-11 18:00,-4.734,1.476,0.47379041872938,42.1087 /T,1.6027672,122.62909
2026-Sep-11 21:00,-4.735,1.475,0.47288257652209,42.0675 /T,1.5968556,122.6585
2026-Sep-12 00:00,-4.736,1.475,0.47197553008517,42.0260 /T,1.5909138,122.6883
2026-Sep-12 03:00,-4.737,1.475,0.47106928455512,41.9842 /T,1.5849416,122.71849
2026-Sep-12 06:00,-4.738,1.474,0.47016384512212,41.9421 /T,1.5789389,122.7491
2026-Sep-12 09:00,-4.739,1.474,0.46925921703024,41.8997 /T,1.5729056,122.78012
2026-Sep-12 12:00,-4.74,1.474,0.46835540557759,41.8570 /T,1.5668414,122.81156
2026-Sep-12 15:00,-4.742,1.474,0.46745241611645,41.8141 /T,1.5607464,122.84344
2026-Sep-12 18:00,-4.743,1.473,0.46655025405335,41.7708 /T,1.5546202,122.87575
2026-Sep-12 21:00,-4.744,1.473,0.46564892484914,41.7272 /T,1.5484628,122.9085
2026-Sep-13 00:00,-4.745,1.473,0.46474843401909,41.6832 /T,1.542274,122.94171
2026-Sep-13 03:00,-4.746,1.472,0.46384878713284,41.6390 /T,1.5360537,122.97537
2026-Sep-13 06:00,-4.747,1.472,0.46294998981451,41.5945 /T,1.5298018,123.00951
2026-Sep-13 09:00,-4.748,1.472,0.46205204774263,41.5496 /T,1.523518,123.04412
2026-Sep-13 12:00,-4.749,1.471,0.46115496665013,41.5045 /T,1.5172024,123.07922
2026-Sep-13 15:00,-4.75,1.471,0.46025875232434,41.4590 /T,1.5108547,123.11482
2026-Sep-13 18:00,-4.751,1.471,0.45936341060687,41.4132 /T,1.5044748,123.15092
2026-Sep-13 21:00,-4.753,1.47,0.45846894739367,41.3671 /T,1.4980625,123.18753
2026-Sep-14 00:00,-4.754,1.47,0.45757536863484,41.3207 /T,1.4916179,123.22466
2026-Sep-14 03:00,-4.755,1.469,0.45668268033462,41.2739 /T,1.4851406,123.26233
2026-Sep-14 06:00,-4.756,1.469,0.4557908885514,41.2268 /T,1.4786307,123.30054
2026-Sep-14 09:00,-4.757,1.469,0.45489999939742,41.1794 /T,1.4720879,123.3393
2026-Sep-14 12:00,-4.758,1.468,0.45401001903894,41.1317 /T,1.4655122,123.37862
2026-Sep-14 15:00,-4.759,1.468,0.45312095369598,41.0836 /T,1.4589033,123.41851
2026-Sep-14 18:00,-4.76,1.468,0.45223280964235,41.0352 /T,1.4522613,123.45898
2026-Sep-14 21:00,-4.761,1.467,0.45134559320542,40.9865 /T,1.445586,123.50005
2026-Sep-15 00:00,-4.762,1.467,0.45045931076629,40.9375 /T,1.4388773,123.54173
2026-Sep-15 03:00,-4.763,1.466,0.44957396875948,40.8881 /T,1.432135,123.58402
2026-Sep-15 06:00,-4.764,1.466,0.44868957367299,40.8383 /T,1.425359,123.62694
2026-Sep-15 09:00,-4.765,1.465,0.44780613204824,40.7883 /T,1.4185492,123.6705
2026-Sep-15 12:00,-4.766,1.465,0.44692365047994,40.7379 /T,1.4117056,123.71471
2026-Sep-15 15:00,-4.767,1.464,0.44604213561611,40.6871 /T,1.4048279,123.75958
2026-Sep-15 18:00,-4.768,1.464,0.44516159415805,40.6360 /T,1.3979161,123.80514
2026-Sep-15 21:00,-4.768,1.464,0.44428203286031,40.5846 /T,1.3909701,123.85138
2026-Sep-16 00:00,-4.769,1.463,0.44340345853063,40.5328 /T,1.3839898,123.89833
2026-Sep-16 03:00,-4.77,1.463,0.44252587802996,40.4807 /T,1.376975,123.946
2026-Sep-16 06:00,-4.771,1.462,0.44164929827249,40.4282 /T,1.3699257,123.99439
2026-Sep-16 09:00,-4.772,1.462,0.44077372622563,40.3754 /T,1.3628417,124.04354
2026-Sep-16 12:00,-4.773,1.461,0.4398991689101,40.3222 /T,1.3557229,124.09345
2026-Sep-16 15:00,-4.774,1.461,0.43902563339983,40.2686 /T,1.3485693,124.14414
2026-Sep-16 18:00,-4.775,1.46,0.43815312682221,40.2147 /T,1.3413808,124.19561
2026-Sep-16 21:00,-4.776,1.459,0.43728165635795,40.1605 /T,1.3341571,124.2479
2026-Sep-17 00:00,-4.777,1.459,0.43641122924134,40.1059 /T,1.3268984,124.30102
2026-Sep-17 03:00,-4.777,1.458,0.43554185276017,40.0509 /T,1.3196043,124.35498
2026-Sep-17 06:00,-4.778,1.458,0.43467353425596,39.9955 /T,1.312275,124.40979
2026-Sep-17 09:00,-4.779,1.457,0.43380628112399,39.9398 /T,1.3049102,124.46549
2026-Sep-17 12:00,-4.78,1.457,0.43294010081348,39.8838 /T,1.2975099,124.52209
2026-Sep-17 15:00,-4.781,1.456,0.43207500082764,39.8273 /T,1.2900739,124.5796
2026-Sep-17 18:00,-4.781,1.456,0.43121098872388,39.7705 /T,1.2826023,124.63804
2026-Sep-17 21:00,-4.782,1.455,0.43034807211401,39.7133 /T,1.2750949,124.69745
2026-Sep-18 00:00,-4.783,1.454,0.42948625866425,39.6558 /T,1.2675516,124.75783
2026-Sep-18 03:00,-4.784,1.454,0.42862555609557,39.5978 /T,1.2599724,124.81921
2026-Sep-18 06:00,-4.784,1.453,0.42776597218377,39.5395 /T,1.2523571,124.88161
2026-Sep-18 09:00,-4.785,1.452,0.42690751475971,39.4808 /T,1.2447058,124.94505
2026-Sep-18 12:00,-4.786,1.452,0.42605019170951,39.4218 /T,1.2370183,125.00956
2026-Sep-18 15:00,-4.787,1.451,0.42519401097474,39.3623 /T,1.2292945,125.07516
2026-Sep-18 18:00,-4.787,1.451,0.42433898055271,39.3025 /T,1.2215344,125.14187
2026-Sep-18 21:00,-4.788,1.45,0.42348510849657,39.2422 /T,1.213738,125.20973
2026-Sep-19 00:00,-4.789,1.449,0.4226324029157,39.1816 /T,1.2059051,125.27875
2026-Sep-19 03:00,-4.789,1.448,0.42178087197576,39.1206 /T,1.1980357,125.34897
2026-Sep-19 06:00,-4.79,1.448,0.42093052389911,39.0592 /T,1.1901297,125.42041
2026-Sep-19 09:00,-4.791,1.447,0.42008136696495,38.9974 /T,1.1821872,125.49311
2026-Sep-19 12:00,-4.791,1.446,0.41923340950956,38.9352 /T,1.1742079,125.56708
2026-Sep-19 15:00,-4.792,1.446,0.41838665992669,38.8727 /T,1.166192,125.64237
2026-Sep-19 18:00,-4.793,1.445,0.41754112666766,38.8097 /T,1.1581393,125.71901
2026-Sep-19 21:00,-4.793,1.444,0.41669681824164,38.7463 /T,1.1500499,125.79702
2026-Sep-20 00:00,-4.794,1.443,0.41585374321603,38.6825 /T,1.1419236,125.87644
2026-Sep-20 03:00,-4.794,1.443,0.41501191021658,38.6183 /T,1.1337604,125.95731
2026-Sep-20 06:00,-4.795,1.442,0.41417132792773,38.5537 /T,1.1255604,126.03967
2026-Sep-20 09:00,-4.795,1.441,0.41333200509284,38.4887 /T,1.1173234,126.12355
2026-Sep-20 12:00,-4.796,1.44,0.41249395051441,38.4233 /T,1.1090495,126.20899
2026-Sep-20 15:00,-4.796,1.439,0.41165717305442,38.3575 /T,1.1007387,126.29603
2026-Sep-20 18:00,-4.797,1.439,0.41082168163447,38.2913 /T,1.0923909,126.38471
2026-Sep-20 21:00,-4.797,1.438,0.4099874852361,38.2246 /T,1.0840062,126.47508
2026-Sep-21 00:00,-4.798,1.437,0.40915459290098,38.1575 /T,1.0755846,126.56719
2026-Sep-21 03:00,-4.798,1.436,0.40832301373121,38.0900 /T,1.067126,126.66107
2026-Sep-21 06:00,-4.799,1.435,0.40749275688941,38.0221 /T,1.0586304,126.75678
2026-Sep-21 09:00,-4.799,1.434,0.40666383159903,37.9538 /T,1.050098,126.85437
2026-Sep-21 12:00,-4.8,1.434,0.40583624714457,37.8850 /T,1.0415287,126.9539
2026-Sep-21 15:00,-4.8,1.433,0.40501001287166,37.8158 /T,1.0329225,127.0554
2026-Sep-21 18:00,-4.8,1.432,0.40418513818734,37.7462 /T,1.0242795,127.15895
2026-Sep-21 21:00,-4.801,1.431,0.40336163256021,37.6762 /T,1.0155998,127.2646
2026-Sep-22 00:00,-4.801,1.43,0.40253950552051,37.6057 /T,1.0068833,127.37241
2026-Sep-22 03:00,-4.801,1.429,0.40171876666033,37.5348 /T,0.9981302,127.48244
2026-Sep-22 06:00,-4.802,1.428,0.40089942563374,37.4634 /T,0.9893405,127.59477
2026-Sep-22 09:00,-4.802,1.427,0.4000814921568,37.3917 /T,0.9805143,127.70946
2026-Sep-22 12:00,-4.802,1.426,0.39926497600773,37.3194 /T,0.9716517,127.82657
2026-Sep-22 15:00,-4.802,1.425,0.39844988702695,37.2468 /T,0.9627528,127.9462
2026-Sep-22 18:00,-4.803,1.424,0.39763623511709,37.1737 /T,0.9538177,128.0684
2026-Sep-22 21:00,-4.803,1.423,0.39682403024315,37.1001 /T,0.9448464,128.19328
2026-Sep-23 00:00,-4.803,1.422,0.39601328243226,37.0261 /T,0.9358392,128.3209
2026-Sep-23 03:00,-4.803,1.421,0.39520400177392,36.9517 /T,0.9267962,128.45136
2026-Sep-23 06:00,-4.803,1.42,0.39439619841983,36.8768 /T,0.9177174,128.58475
2026-Sep-23 09:00,-4.804,1.419,0.39358988258374,36.8014 /T,0.9086031,128.72117
2026-Sep-23 12:00,-4.804,1.418,0.3927850645416,36.7256 /T,0.8994535,128.86072
2026-Sep-23 15:00,-4.804,1.417,0.39198175463117,36.6493 /T,0.8902687,129.0035
2026-Sep-23 18:00,-4.804,1.416,0.3911799632521,36.5726 /T,0.8810488,129.14963
2026-Sep-23 21:00,-4.804,1.414,0.3903797008656,36.4954 /T,0.8717942,129.29921
2026-Sep-24 00:00,-4.804,1.413,0.38958097799439,36.4178 /T,0.8625051,129.45238
2026-Sep-24 03:00,-4.804,1.412,0.38878380522231,36.3397 /T,0.8531816,129.60925
2026-Sep-24 06:00,-4.804,1.411,0.38798819319425,36.2611 /T,0.8438241,129.76997
2026-Sep-24 09:00,-4.804,1.41,0.3871941526157,36.1821 /T,0.8344327,129.93467
2026-Sep-24 12:00,-4.804,1.409,0.38640169425262,36.1026 /T,0.8250079,130.1035
2026-Sep-24 15:00,-4.804,1.407,0.38561082893093,36.0226 /T,0.8155498,130.27661
2026-Sep-24 18:00,-4.804,1.406,0.38482156753628,35.9421 /T,0.8060589,130.45417
2026-Sep-24 21:00,-4.804,1.405,0.3840339210136,35.8612 /T,0.7965354,130.63634
2026-Sep-25 00:00,-4.804,1.404,0.38324790036675,35.7798 /T,0.7869797,130.82331
2026-Sep-25 03:00,-4.804,1.402,0.38246351665795,35.6979 /T,0.7773922,131.01526
2026-Sep-25 06:00,-4.804,1.401,0.38168078100751,35.6155 /T,0.7677734,131.2124
2026-Sep-25 09:00,-4.803,1.4,0.38089970459312,35.5327 /T,0.7581236,131.41494
2026-Sep-25 12:00,-4.803,1.398,0.3801202986495,35.4494 /T,0.7484433,131.6231
2026-Sep-25 15:00,-4.803,1.397,0.3793425744678,35.3656 /T,0.7387329,131.8371
2026-Sep-25 18:00,-4.803,1.396,0.37856654339508,35.2813 /T,0.7289931,132.05721
2026-Sep-25 21:00,-4.802,1.394,0.37779221683362,35.1965 /T,0.7192243,132.28369
2026-Sep-26 00:00,-4.802,1.393,0.37701960624048,35.1112 /T,0.7094271,132.5168
2026-Sep-26 03:00,-4.802,1.391,0.37624872312675,35.0254 /T,0.6996022,132.75685
2026-Sep-26 06:00,-4.801,1.39,0.37547957905703,34.9392 /T,0.6897501,133.00416
2026-Sep-26 09:00,-4.801,1.389,0.37471218564871,34.8524 /T,0.6798715,133.25904
2026-Sep-26 12:00,-4.801,1.387,0.3739465545713,34.7651 /T,0.6699672,133.52186
2026-Sep-26 15:00,-4.8,1.386,0.37318269754584,34.6774 /T,0.660038,133.79298
2026-Sep-26 18:00,-4.8,1.384,0.37242062634417,34.5891 /T,0.6500846,134.07281
2026-Sep-26 21:00,-4.799,1.383,0.37166035278827,34.5004 /T,0.6401079,134.36177
2026-Sep-27 00:00,-4.799,1.381,0.37090188874952,34.4111 /T,0.6301089,134.66031
2026-Sep-27 03:00,-4.798,1.38,0.37014524614812,34.3213 /T,0.6200885,134.96892
2026-Sep-27 06:00,-4.798,1.378,0.36939043695229,34.2310 /T,0.6100477,135.2881
2026-Sep-27 09:00,-4.797,1.376,0.36863747317769,34.1403 /T,0.5999877,135.61841
2026-Sep-27 12:00,-4.797,1.375,0.36788636688665,34.0490 /T,0.5899097,135.96044
2026-Sep-27 15:00,-4.796,1.373,0.36713713018754,33.9571 /T,0.5798148,136.31482
2026-Sep-27 18:00,-4.795,1.371,0.36638977523415,33.8648 /T,0.5697046,136.68221
2026-Sep-27 21:00,-4.795,1.37,0.36564431422493,33.7720 /T,0.5595803,137.06335
2026-Sep-28 00:00,-4.794,1.368,0.3649007594025,33.6786 /T,0.5494436,137.45901
2026-Sep-28 03:00,-4.793,1.366,0.3641591230529,33.5848 /T,0.5392961,137.87003
2026-Sep-28 06:00,-4.793,1.365,0.36341941750507,33.4904 /T,0.5291395,138.2973
2026-Sep-28 09:00,-4.792,1.363,0.36268165513024,33.3954 /T,0.5189759,138.7418
2026-Sep-28 12:00,-4.791,1.361,0.36194584834135,33.3000 /T,0.5088073,139.20457
2026-Sep-28 15:00,-4.79,1.359,0.3612120095926,33.2040 /T,0.4986358,139.68674
2026-Sep-28 18:00,-4.789,1.357,0.36048015137881,33.1075 /T,0.488464,140.18952
2026-Sep-28 21:00,-4.788,1.355,0.35975028623506,33.0105 /T,0.4782943,140.71423
2026-Sep-29 00:00,-4.788,1.354,0.35902242673616,32.9130 /T,0.4681296,141.26231
2026-Sep-29 03:00,-4.787,1.352,0.35829658549621,32.8149 /T,0.4579731,141.83528
2026-Sep-29 06:00,-4.786,1.35,0.35757277516837,32.7163 /T,0.4478278,142.43484
2026-Sep-29 09:00,-4.785,1.348,0.35685100844419,32.6172 /T,0.4376976,143.06279
2026-Sep-29 12:00,-4.783,1.346,0.35613129805361,32.5175 /T,0.4275864,143.72113
2026-Sep-29 15:00,-4.782,1.344,0.35541365676439,32.4173 /T,0.4174984,144.41201
2026-Sep-29 18:00,-4.781,1.342,0.35469809738205,32.3165 /T,0.4074383,145.13776
2026-Sep-29 21:00,-4.78,1.34,0.35398463274948,32.2152 /T,0.3974115,145.90095
2026-Sep-30 00:00,-4.779,1.338,0.35327327574683,32.1134 /T,0.3874235,146.70436
2026-Sep-30 03:00,-4.778,1.336,0.35256403929132,32.0111 /T,0.3774805,147.55102
2026-Sep-30 06:00,-4.776,1.333,0.35185693633707,31.9081 /T,0.3675896,148.44425
2026-Sep-30 09:00,-4.775,1.331,0.35115197987501,31.8047 /T,0.3577583,149.38766
2026-Sep-30 12:00,-4.774,1.329,0.35044918293286,31.7007 /T,0.347995,150.38518
2026-Sep-30 15:00,-4.773,1.327,0.34974855857503,31.5962 /T,0.3383092,151.44113
2026-Sep-30 18:00,-4.771,1.325,0.34905011990259,31.4911 /T,0.328711,152.56016
2026-Sep-30 21:00,-4.77,1.322,0.34835388005333,31.3854 /T,0.3192122,153.74738
2026-Oct-01 00:00,-4.768,1.32,0.34765985220179,31.2793 /T,0.3098254,155.00829
2026-Oct-01 03:00,-4.767,1.318,0.34696804955933,31.1725 /T,0.3005649,156.34886
2026-Oct-01 06:00,-4.765,1.315,0.34627848537422,31.0652 /T,0.2914466,157.77552
2026-Oct-01 09:00,-4.764,1.313,0.34559117293174,30.9574 /T,0.2824882,159.29517
2026-Oct-01 12:00,-4.762,1.31,0.34490612555434,30.8490 /T,0.2737093,160.91514
2026-Oct-01 15:00,-4.76,1.308,0.34422335660181,30.7401 /T,0.265132,162.64316
2026-Oct-01 18:00,-4.759,1.306,0.34354287947144,30.6306 /T,0.2567805,164.4873
2026-Oct-01 21:00,-4.757,1.303,0.34286470759824,30.5205 /T,0.2486818,166.45584
2026-Oct-02 00:00,-4.755,1.3,0.34218885445512,30.4099 /T,0.2408659,168.55709
2026-Oct-02 03:00,-4.754,1.298,0.34151533355311,30.2988 /T,0.2333655,170.79914
2026-Oct-02 06:00,-4.752,1.295,0.34084415844171,30.1870 /T,0.2262165,173.18956
2026-Oct-02 09:00,-4.75,1.293,0.34017534270898,30.0747 /T,0.2194579,175.73496
2026-Oct-02 12:00,-4.748,1.29,0.33950889998194,29.9619 /T,0.2131313,178.44045
2026-Oct-02 15:00,-4.746,1.287,0.3388448439267,29.8485 /T,0.2072811,181.30906
2026-Oct-02 18:00,-4.744,1.284,0.33818318824896,29.7345 /T,0.2019534,184.34098
2026-Oct-02 21:00,-4.742,1.282,0.33752394669401,29.6200 /T,0.1971952,187.53291
2026-Oct-03 00:00,-4.74,1.279,0.33686713304727,29.5049 /T,0.1930535,190.87732
2026-Oct-03 03:00,-4.738,1.276,0.33621276113437,29.3893 /T,0.1895735,194.3619
2026-Oct-03 06:00,-4.736,1.273,0.33556084482158,29.2731 /T,0.1867968,197.96927
2026-Oct-03 09:00,-4.733,1.27,0.33491139801607,29.1563 /T,0.1847598,201.67703
2026-Oct-03 12:00,-4.731,1.267,0.33426443466612,29.0390 /T,0.1834918,205.45829
2026-Oct-03 15:00,-4.729,1.264,0.33361996876148,28.9211 /T,0.1830133,209.28258
2026-Oct-03 18:00,-4.727,1.261,0.33297801433364,28.8026 /T,0.1833348,213.11729
2026-Oct-03 21:00,-4.724,1.258,0.33233858545602,28.6836 /T,0.1844563,216.92928
2026-Oct-04 00:00,-4.722,1.255,0.33170169624432,28.5640 /T,0.1863676,220.6866
2026-Oct-04 03:00,-4.719,1.252,0.33106736085672,28.4438 /T,0.1890484,224.36005
2026-Oct-04 06:00,-4.717,1.248,0.33043559349417,28.3231 /T,0.1924704,227.92439
2026-Oct-04 09:00,-4.714,1.245,0.32980640840055,28.2018 /T,0.1965984,231.35916
2026-Oct-04 12:00,-4.712,1.242,0.32917981986296,28.0799 /T,0.2013922,234.64899
2026-Oct-04 15:00,-4.709,1.238,0.3285558422118,27.9575 /T,0.2068086,237.7835
2026-Oct-04 18:00,-4.706,1.235,0.32793448982114,27.8345 /T,0.2128029,240.75689
2026-Oct-04 21:00,-4.704,1.232,0.32731577710874,27.7110 /T,0.2193303,243.5673
2026-Oct-05 00:00,-4.701,1.228,0.32669971853624,27.5868 /T,0.2263473,246.21614
2026-Oct-05 03:00,-4.698,1.225,0.32608632860934,27.4622 /T,0.2338118,248.70733
2026-Oct-05 06:00,-4.695,1.221,0.32547562187786,27.3369 /T,0.2416846,251.04663
2026-Oct-05 09:00,-4.692,1.217,0.32486761293581,27.2111 /T,0.2499288,253.24109
2026-Oct-05 12:00,-4.689,1.214,0.32426231642157,27.0847 /T,0.2585107,255.29853
2026-Oct-05 15:00,-4.686,1.21,0.32365974701779,26.9578 /T,0.2673991,257.22715
2026-Oct-05 18:00,-4.683,1.206,0.32305991945154,26.8303 /T,0.2765658,259.03529
2026-Oct-05 21:00,-4.68,1.202,0.32246284849417,26.7022 /T,0.2859852,260.73116
2026-Oct-06 00:00,-4.677,1.198,0.32186854896142,26.5736 /T,0.2956341,262.32269
2026-Oct-06 03:00,-4.674,1.194,0.32127703571323,26.4444 /T,0.3054916,263.81748
2026-Oct-06 06:00,-4.67,1.19,0.32068832365369,26.3146 /T,0.3155389,265.22269
2026-Oct-06 09:00,-4.667,1.186,0.32010242773097,26.1843 /T,0.3257589,266.54504
2026-Oct-06 12:00,-4.664,1.182,0.31951936293705,26.0534 /T,0.3361364,267.79077
2026-Oct-06 15:00,-4.66,1.178,0.31893914430758,25.9220 /T,0.3466574,268.96567
2026-Oct-06 18:00,-4.657,1.174,0.31836178692172,25.7900 /T,0.3573094,270.07508
2026-Oct-06 21:00,-4.653,1.169,0.31778730590172,25.6574 /T,0.3680812,271.12393
2026-Oct-07 00:00,-4.65,1.165,0.31721571641272,25.5243 /T,0.3789624,272.11675
2026-Oct-07 03:00,-4.646,1.161,0.31664703366237,25.3907 /T,0.3899437,273.05768
2026-Oct-07 06:00,-4.642,1.156,0.31608127290047,25.2565 /T,0.4010166,273.95053
2026-Oct-07 09:00,-4.639,1.152,0.31551844941846,25.1217 /T,0.4121733,274.7988
2026-Oct-07 12:00,-4.635,1.147,0.31495857854902,24.9864 /T,0.4234068,275.60569
2026-Oct-07 15:00,-4.631,1.142,0.31440167566553,24.8505 /T,0.4347103,276.37413
2026-Oct-07 18:00,-4.627,1.138,0.31384775618148,24.7141 /T,0.4460781,277.10681
2026-Oct-07 21:00,-4.623,1.133,0.31329683554985,24.5772 /T,0.4575045,277.80621
2026-Oct-08 00:00,-4.619,1.128,0.31274892926243,24.4397 /T,0.4689843,278.47459
2026-Oct-08 03:00,-4.615,1.123,0.3122040528492,24.3016 /T,0.4805127,279.11403
2026-Oct-08 06:00,-4.611,1.118,0.3116622218774,24.1631 /T,0.4920855,279.72645
2026-Oct-08 09:00,-4.606,1.113,0.31112345195083,24.0240 /T,0.5036982,280.31362
2026-Oct-08 12:00,-4.602,1.108,0.31058775870893,23.8843 /T,0.5153471,280.87715
2026-Oct-08 15:00,-4.598,1.103,0.31005515782585,23.7441 /T,0.5270285,281.41854
2026-Oct-08 18:00,-4.593,1.097,0.30952566500948,23.6034 /T,0.5387389,281.93919
2026-Oct-08 21:00,-4.589,1.092,0.30899929600034,23.4622 /T,0.5504751,282.44035
2026-Oct-09 00:00,-4.584,1.086,0.30847606657062,23.3204 /T,0.5622339,282.92322
2026-Oct-09 03:00,-4.58,1.081,0.30795599252288,23.1781 /T,0.5740123,283.38889
2026-Oct-09 06:00,-4.575,1.075,0.3074390896889,23.0353 /T,0.5858075,283.83838
2026-Oct-09 09:00,-4.571,1.07,0.30692537392841,22.8920 /T,0.5976169,284.27261
2026-Oct-09 12:00,-4.566,1.064,0.30641486112774,22.7481 /T,0.6094378,284.69247
2026-Oct-09 15:00,-4.561,1.058,0.30590756719848,22.6038 /T,0.6212677,285.09877
2026-Oct-09 18:00,-4.556,1.052,0.30540350807598,22.4589 /T,0.6331042,285.49227
2026-Oct-09 21:00,-4.551,1.046,0.30490269971785,22.3136 /T,0.6449449,285.87366
2026-Oct-10 00:00,-4.546,1.04,0.30440515810246,22.1677 /T,0.6567877,286.2436
2026-Oct-10 03:00,-4.541,1.033,0.30391089922723,22.0214 /T,0.6686302,286.60271
2026-Oct-10 06:00,-4.536,1.027,0.30341993910703,21.8745 /T,0.6804703,286.95156
2026-Oct-10 09:00,-4.531,1.021,0.30293229377239,21.7272 /T,0.692306,287.29069
2026-Oct-10 12:00,-4.525,1.014,0.30244797926781,21.5794 /T,0.7041351,287.62059
2026-Oct-10 15:00,-4.52,1.008,0.30196701164981,21.4311 /T,0.7159557,287.94174
2026-Oct-10 18:00,-4.515,1.001,0.30148940698507,21.2823 /T,0.7277658,288.25457
2026-Oct-10 21:00,-4.509,0.994,0.3010151813485,21.1330 /T,0.7395634,288.5595
2026-Oct-11 00:00,-4.504,0.987,0.30054435082128,20.9833 /T,0.7513467,288.85692
2026-Oct-11 03:00,-4.498,0.98,0.30007693148869,20.8332 /T,0.7631138,289.1472
2026-Oct-11 06:00,-4.492,0.973,0.29961293943814,20.6825 /T,0.7748627,289.43066
2026-Oct-11 09:00,-4.487,0.966,0.29915239075694,20.5315 /T,0.7865916,289.70765
2026-Oct-11 12:00,-4.481,0.958,0.29869530153016,20.3799 /T,0.7982988,289.97846
2026-Oct-11 15:00,-4.475,0.951,0.29824168783832,20.2280 /T,0.8099824,290.24338
2026-Oct-11 18:00,-4.469,0.943,0.29779156575522,20.0756 /T,0.8216407,290.50269
2026-Oct-11 21:00,-4.463,0.935,0.2973449513455,19.9228 /T,0.8332717,290.75663
2026-Oct-12 00:00,-4.457,0.927,0.29690186066235,19.7695 /T,0.8448739,291.00546
2026-Oct-12 03:00,-4.451,0.919,0.29646230974507,19.6159 /T,0.8564454,291.2494
2026-Oct-12 06:00,-4.445,0.911,0.29602631461667,19.4619 /T,0.8679845,291.48867
2026-Oct-12 09:00,-4.438,0.903,0.29559389128134,19.3074 /T,0.8794895,291.72347
2026-Oct-12 12:00,-4.432,0.895,0.29516505572198,19.1526 /T,0.8909586,291.954
2026-Oct-12 15:00,-4.426,0.886,0.29473982389762,18.9973 /T,0.9023901,292.18044
2026-Oct-12 18:00,-4.419,0.878,0.29431821174094,18.8417 /T,0.9137822,292.40298
2026-Oct-12 21:00,-4.412,0.869,0.29390023515551,18.6858 /T,0.9251334,292.62177
2026-Oct-13 00:00,-4.406,0.86,0.29348591001332,18.5294 /T,0.9364418,292.83698
2026-Oct-13 03:00,-4.399,0.851,0.29307525215203,18.3728 /T,0.9477057,293.04876
2026-Oct-13 06:00,-4.392,0.842,0.29266827737233,18.2158 /T,0.9589236,293.25724
2026-Oct-13 09:00,-4.386,0.832,0.29226500143521,18.0584 /T,0.9700936,293.46258
2026-Oct-13 12:00,-4.379,0.823,0.29186544005928,17.9007 /T,0.9812141,293.66489
2026-Oct-13 15:00,-4.372,0.813,0.29146960891802,17.7428 /T,0.9922833,293.8643
2026-Oct-13 18:00,-4.365,0.803,0.29107752363696,17.5845 /T,1.0032997,294.06093
2026-Oct-13 21:00,-4.358,0.793,0.29068919979101,17.4259 /T,1.0142614,294.25489
2026-Oct-14 00:00,-4.35,0.783,0.29030465290158,17.2671 /T,1.0251669,294.4463
2026-Oct-14 03:00,-4.343,0.773,0.28992389843385,17.1080 /T,1.0360145,294.63525
2026-Oct-14 06:00,-4.336,0.762,0.28954695179389,16.9486 /T,1.0468024,294.82185
2026-Oct-14 09:00,-4.328,0.751,0.28917382832589,16.7890 /T,1.057529,295.00618
2026-Oct-14 12:00,-4.321,0.74,0.28880454330933,16.6292 /T,1.0681926,295.18834
2026-Oct-14 15:00,-4.313,0.729,0.28843911195606,16.4691 /T,1.0787916,295.36841
2026-Oct-14 18:00,-4.306,0.718,0.28807754940757,16.3089 /T,1.0893242,295.54649
2026-Oct-14 21:00,-4.298,0.707,0.28771987073205,16.1484 /T,1.0997889,295.72264
2026-Oct-15 00:00,-4.29,0.695,0.28736609092157,15.9878 /T,1.110184,295.89694
2026-Oct-15 03:00,-4.283,0.683,0.28701622488922,15.8270 /T,1.1205077,296.06947
2026-Oct-15 06:00,-4.275,0.671,0.28667028746625,15.6661 /T,1.1307585,296.2403
2026-Oct-15 09:00,-4.267,0.659,0.28632829339919,15.5051 /T,1.1409346,296.40949
2026-Oct-15 12:00,-4.259,0.647,0.28599025734701,15.3440 /T,1.1510345,296.57711
2026-Oct-15 15:00,-4.251,0.634,0.28565619387827,15.1827 /T,1.1610565,296.74323
2026-Oct-15 18:00,-4.243,0.621,0.28532611746824,15.0214 /T,1.170999,296.90789
2026-Oct-15 21:00,-4.234,0.608,0.28500004249604,14.8601 /T,1.1808603,297.07117
2026-Oct-16 00:00,-4.226,0.595,0.2846779832418,14.6987 /T,1.1906388,297.23311
2026-Oct-16 03:00,-4.218,0.581,0.28435995388384,14.5374 /T,1.2003329,297.39377
2026-Oct-16 06:00,-4.21,0.568,0.2840459684958,14.3760 /T,1.2099409,297.55321
2026-Oct-16 09:00,-4.201,0.554,0.28373604104382,14.2147 /T,1.2194613,297.71146
2026-Oct-16 12:00,-4.193,0.539,0.28343018538368,14.0534 /T,1.2288924,297.86858
2026-Oct-16 15:00,-4.184,0.525,0.28312841525803,13.8922 /T,1.2382326,298.02462
2026-Oct-16 18:00,-4.176,0.51,0.28283074429358,13.7311 /T,1.2474804,298.17962
2026-Oct-16 21:00,-4.167,0.495,0.28253718599825,13.5702 /T,1.2566342,298.33362
2026-Oct-17 00:00,-4.158,0.48,0.28224775375842,13.4094 /T,1.2656924,298.48666
2026-Oct-17 03:00,-4.149,0.465,0.28196246083614,13.2489 /T,1.2746534,298.6388
2026-Oct-17 06:00,-4.141,0.449,0.28168132036635,13.0885 /T,1.2835157,298.79006
2026-Oct-17 09:00,-4.132,0.433,0.28140434535415,12.9284 /T,1.2922778,298.94048
2026-Oct-17 12:00,-4.123,0.417,0.28113154867203,12.7686 /T,1.300938,299.0901
2026-Oct-17 15:00,-4.114,0.4,0.28086294305713,12.6092 /T,1.3094949,299.23896
2026-Oct-17 18:00,-4.105,0.383,0.28059854110856,12.4500 /T,1.3179469,299.3871
2026-Oct-17 21:00,-4.096,0.366,0.28033835528461,12.2913 /T,1.3262926,299.53453
2026-Oct-18 00:00,-4.087,0.349,0.28008239790018,12.1331 /T,1.3345305,299.68131
2026-Oct-18 03:00,-4.078,0.331,0.279830681124,11.9753 /T,1.342659,299.82745
2026-Oct-18 06:00,-4.069,0.313,0.279583216976,11.8180 /T,1.3506768,299.973
2026-Oct-18 09:00,-4.073,0.282,0.27934001732464,11.6613 /T,1.3585823,300.11797
2026-Oct-18 12:00,-4.089,0.238,0.27910109388434,11.5052 /T,1.3663741,300.26241
2026-Oct-18 15:00,-4.105,0.194,0.27886645821278,11.3498 /T,1.3740509,300.40634
2026-Oct-18 18:00,-4.12,0.151,0.27863612170833,11.1950 /T,1.3816111,300.54978
2026-Oct-18 21:00,-4.134,0.109,0.27841009560748,11.0411 /T,1.3890534,300.69276
2026-Oct-19 00:00,-4.147,0.067,0.27818839098225,10.8880 /T,1.3963765,300.83532
2026-Oct-19 03:00,-4.159,0.025,0.27797101873763,10.7358 /T,1.4035789,300.97748
2026-Oct-19 06:00,-4.171,-0.015,0.27775798960902,10.5845 /T,1.4106592,301.11925
2026-Oct-19 09:00,-4.181,-0.056,0.27754931415979,10.4342 /T,1.4176163,301.26067
2026-Oct-19 12:00,-4.191,-0.095,0.27734500277867,10.2851 /T,1.4244488,301.40177
2026-Oct-19 15:00,-4.2,-0.134,0.27714506567732,10.1370 /T,1.4311553,301.54256
2026-Oct-19 18:00,-4.208,-0.173,0.27694951288785,9.9902 /T,1.4377346,301.68307
2026-Oct-19 21:00,-4.215,-0.21,0.27675835426035,9.8448 /T,1.4441854,301.82332
2026-Oct-20 00:00,-4.222,-0.248,0.27657159946046,9.7007 /T,1.4505066,301.96333
2026-Oct-20 03:00,-4.228,-0.284,0.27638925796695,9.5580 /T,1.4566969,302.10313
2026-Oct-20 06:00,-4.233,-0.32,0.27621133906929,9.4170 /T,1.462755,302.24274
2026-Oct-20 09:00,-4.237,-0.356,0.27603785186531,9.2776 /T,1.4686799,302.38218
2026-Oct-20 12:00,-4.241,-0.391,0.27586880525878,9.1400 /T,1.4744704,302.52148
2026-Oct-20 15:00,-4.244,-0.425,0.27570420795707,9.0043 /T,1.4801254,302.66064
2026-Oct-20 18:00,-4.246,-0.459,0.27554406846883,8.8705 /T,1.4856437,302.79969
2026-Oct-20 21:00,-4.248,-0.492,0.27538839510164,8.7388 /T,1.4910242,302.93866
2026-Oct-21 00:00,-4.249,-0.525,0.27523719595973,8.6093 /T,1.496266,303.07757
2026-Oct-21 03:00,-4.249,-0.556,0.27509047894168,8.4822 /T,1.5013679,303.21642
2026-Oct-21 06:00,-4.249,-0.588,0.27494825173816,8.3575 /T,1.506329,303.35525
2026-Oct-21 09:00,-4.249,-0.618,0.27481052182966,8.2354 /T,1.5111482,303.49407
2026-Oct-21 12:00,-4.248,-0.648,0.27467729648429,8.1160 /T,1.5158247,303.63291
2026-Oct-21 15:00,-4.247,-0.677,0.27454858275552,7.9995 /T,1.5203575,303.77177
2026-Oct-21 18:00,-4.245,-0.706,0.27442438748002,7.8861 /T,1.5247457,303.91069
2026-Oct-21 21:00,-4.243,-0.733,0.27430471727549,7.7758 /T,1.5289884,304.04967
2026-Oct-22 00:00,-4.24,-0.76,0.27418957853844,7.6688 /T,1.5330847,304.18875
2026-Oct-22 03:00,-4.238,-0.786,0.27407897744212,7.5654 /T,1.5370338,304.32793
2026-Oct-22 06:00,-4.235,-0.811,0.27397291993436,7.4656 /T,1.540835,304.46724
2026-Oct-22 09:00,-4.232,-0.836,0.27387141173552,7.3696 /T,1.5444875,304.6067
2026-Oct-22 12:00,-4.228,-0.859,0.27377445833636,7.2776 /T,1.5479905,304.74632
2026-Oct-22 15:00,-4.225,-0.881,0.27368206499603,7.1897 /L,1.5513434,304.88612
2026-Oct-22 18:00,-4.222,-0.903,0.27359423674003,7.1062 /L,1.5545454,305.02613
2026-Oct-22 21:00,-4.218,-0.923,0.27351097835824,7.0272 /L,1.5575959,305.16635
2026-Oct-23 00:00,-4.215,-0.942,0.2734322944029,6.9529 /L,1.5604944,305.30682
2026-Oct-23 03:00,-4.211,-0.96,0.27335818918674,6.8834 /L,1.5632402,305.44754
2026-Oct-23 06:00,-4.208,-0.977,0.27328866678102,6.8189 /L,1.5658327,305.58854
2026-Oct-23 09:00,-4.205,-0.992,0.27322373101368,6.7596 /L,1.5682716,305.72984
2026-Oct-23 12:00,-4.202,-1.006,0.27316338546751,6.7055 /L,1.5705562,305.87146
2026-Oct-23 15:00,-4.199,-1.019,0.27310763347834,6.6569 /L,1.5726862,306.01341
2026-Oct-23 18:00,-4.197,-1.03,0.27305647813329,6.6139 /L,1.5746611,306.15571
2026-Oct-23 21:00,-4.195,-1.04,0.27300992226908,6.5766 /L,1.5764806,306.29839
2026-Oct-24 00:00,-4.193,-1.049,0.27296796847035,6.5450 /L,1.5781443,306.44146
2026-Oct-24 03:00,-4.192,-1.056,0.27293061906804,6.5194 /L,1.579652,306.58495
2026-Oct-24 06:00,-4.19,-1.061,0.27289787613789,6.4997 /L,1.5810032,306.72887
2026-Oct-24 09:00,-4.19,-1.065,0.27286974149887,6.4860 /L,1.5821979,306.87324
2026-Oct-24 12:00,-4.189,-1.067,0.2728462167118,6.4785 /L,1.5832359,307.01809
2026-Oct-24 15:00,-4.19,-1.067,0.27282730307798,6.4770 /L,1.5841169,307.16343
2026-Oct-24 18:00,-4.19,-1.066,0.27281300163786,6.4816 /L,1.5848408,307.30929
2026-Oct-24 21:00,-4.191,-1.063,0.27280331316987,6.4922 /L,1.5854076,307.45568
2026-Oct-25 00:00,-4.192,-1.059,0.27279823818923,6.5090 /L,1.5858173,307.60263
2026-Oct-25 03:00,-4.194,-1.053,0.27279777694693,6.5318 /L,1.5860698,307.75016
2026-Oct-25 06:00,-4.196,-1.046,0.27280192942875,6.5605 /L,1.5861651,307.89828
2026-Oct-25 09:00,-4.198,-1.037,0.27281069535439,6.5950 /L,1.5861034,308.04703
2026-Oct-25 12:00,-4.201,-1.026,0.27282407417668,6.6354 /L,1.5858847,308.19643
2026-Oct-25 15:00,-4.204,-1.014,0.27284206508093,6.6814 /L,1.5855093,308.34649
2026-Oct-25 18:00,-4.207,-1.001,0.27286466698432,6.7330 /L,1.5849772,308.49724
2026-Oct-25 21:00,-4.21,-0.986,0.27289187853549,6.7899 /L,1.5842888,308.64871
2026-Oct-26 00:00,-4.214,-0.97,0.27292369811418,6.8522 /L,1.5834444,308.80091
2026-Oct-26 03:00,-4.217,-0.953,0.27296012383098,6.9195 /L,1.5824442,308.95387
2026-Oct-26 06:00,-4.221,-0.935,0.27300115352728,6.9918 /L,1.5812886,309.10762
2026-Oct-26 09:00,-4.225,-0.915,0.27304678477526,7.0689 /L,1.579978,309.26218
2026-Oct-26 12:00,-4.229,-0.894,0.27309701487804,7.1507 /L,1.5785129,309.41757
2026-Oct-26 15:00,-4.233,-0.873,0.27315184087,7.2369 /L,1.5768937,309.57382
2026-Oct-26 18:00,-4.237,-0.85,0.27321125951718,7.3274 /L,1.575121,309.73096
2026-Oct-26 21:00,-4.24,-0.826,0.27327526731784,7.4221 /L,1.5731953,309.889
2026-Oct-27 00:00,-4.244,-0.801,0.27334386050315,7.5207 /L,1.5711173,310.04799
2026-Oct-27 03:00,-4.247,-0.776,0.27341703503803,7.6231 /L,1.5688875,310.20794
2026-Oct-27 06:00,-4.25,-0.749,0.27349478662217,7.7291 /L,1.5665068,310.36888
2026-Oct-27 09:00,-4.252,-0.722,0.27357711069106,7.8386 /L,1.5639758,310.53085
2026-Oct-27 12:00,-4.255,-0.694,0.27366400241732,7.9514 /L,1.5612952,310.69387
2026-Oct-27 15:00,-4.257,-0.665,0.27375545671208,8.0673 /L,1.558466,310.85796
2026-Oct-27 18:00,-4.258,-0.636,0.2738514682265,8.1862 /L,1.5554889,311.02316
2026-Oct-27 21:00,-4.259,-0.605,0.27395203135347,8.3080 /L,1.5523648,311.1895
2026-Oct-28 00:00,-4.26,-0.574,0.27405714022938,8.4325 /L,1.5490948,311.35701
2026-Oct-28 03:00,-4.26,-0.543,0.27416678873612,8.5596 /L,1.5456796,311.52573
2026-Oct-28 06:00,-4.259,-0.51,0.27428097050307,8.6892 /L,1.5421204,311.69567
2026-Oct-28 09:00,-4.258,-0.478,0.27439967890938,8.8210 /L,1.5384182,311.86688
2026-Oct-28 12:00,-4.257,-0.444,0.27452290708623,8.9551 /L,1.5345741,312.03939
2026-Oct-28 15:00,-4.254,-0.41,0.27465064791929,9.0912 /L,1.5305892,312.21324
2026-Oct-28 18:00,-4.251,-0.375,0.27478289405125,9.2293 /L,1.5264646,312.38845
2026-Oct-28 21:00,-4.248,-0.34,0.27491963788449,9.3693 /L,1.5222015,312.56507
2026-Oct-29 00:00,-4.243,-0.304,0.27506087158385,9.5111 /L,1.5178012,312.74312
2026-Oct-29 03:00,-4.238,-0.267,0.27520658707947,9.6545 /L,1.5132649,312.92265
2026-Oct-29 06:00,-4.232,-0.23,0.27535677606974,9.7994 /L,1.508594,313.1037
2026-Oct-29 09:00,-4.226,-0.192,0.27551143002432,9.9459 /L,1.5037897,313.2863
2026-Oct-29 12:00,-4.218,-0.154,0.27567054018732,10.0937 /L,1.4988533,313.4705
2026-Oct-29 15:00,-4.21,-0.115,0.27583409758041,10.2429 /L,1.4937864,313.65632
2026-Oct-29 18:00,-4.201,-0.075,0.2760020930061,10.3933 /L,1.4885902,313.84383
2026-Oct-29 21:00,-4.191,-0.035,0.27617451705111,10.5449 /L,1.4832664,314.03305
2026-Oct-30 00:00,-4.18,0.006,0.27635136008969,10.6975 /L,1.4778162,314.22403
2026-Oct-30 03:00,-4.168,0.047,0.27653261228707,10.8512 /L,1.4722413,314.41681
2026-Oct-30 06:00,-4.156,0.089,0.27671826360292,11.0059 /L,1.4665432,314.61145
2026-Oct-30 09:00,-4.142,0.132,0.27690830379488,11.1614 /L,1.4607235,314.80798
2026-Oct-30 12:00,-4.128,0.175,0.27710272242211,11.3178 /L,1.4547837,315.00646
2026-Oct-30 15:00,-4.113,0.219,0.27730150884884,11.4750 /L,1.4487254,315.20694
2026-Oct-30 18:00,-4.097,0.263,0.27750465224797,11.6329 /L,1.4425504,315.40945
2026-Oct-30 21:00,-4.08,0.308,0.27771214160472,11.7914 /L,1.4362603,315.61407
2026-Oct-31 00:00,-4.095,0.321,0.27792396572021,11.9506 /L,1.4298567,315.82083
2026-Oct-31 03:00,-4.104,0.339,0.27814011321514,12.1104 /L,1.4233415,316.02979
2026-Oct-31 06:00,-4.114,0.356,0.27836057253341,12.2708 /L,1.4167163,316.24101
2026-Oct-31 09:00,-4.123,0.373,0.27858533194578,12.4316 /L,1.4099829,316.45455
2026-Oct-31 12:00,-4.133,0.39,0.2788143795535,12.5929 /L,1.4031431,316.67045
2026-Oct-31 15:00,-4.142,0.407,0.27904770329196,12.7545 /L,1.3961987,316.88879
2026-Oct-31 18:00,-4.151,0.423,0.27928529093431,12.9166 /L,1.3891516,317.10963
2026-Oct-31 21:00,-4.161,0.439,0.2795271300951,13.0790 /L,1.3820036,317.33302
2026-Nov-01 00:00,-4.17,0.455,0.27977320823382,13.2417 /L,1.3747566,317.55903
2026-Nov-01 03:00,-4.179,0.471,0.28002351265857,13.4047 /L,1.3674124,317.78773
2026-Nov-01 06:00,-4.188,0.486,0.28027803052955,13.5680 /L,1.3599731,318.01919
2026-Nov-01 09:00,-4.198,0.501,0.28053674886268,13.7314 /L,1.3524404,318.25347
2026-Nov-01 12:00,-4.207,0.516,0.28079965453304,13.8950 /L,1.3448165,318.49065
2026-Nov-01 15:00,-4.216,0.531,0.28106673427842,14.0588 /L,1.3371032,318.7308
2026-Nov-01 18:00,-4.225,0.545,0.2813379747028,14.2227 /L,1.3293026,318.974
2026-Nov-01 21:00,-4.234,0.559,0.28161336227977,14.3867 /L,1.3214166,319.22033
2026-Nov-02 00:00,-4.242,0.573,0.28189288335593,14.5508 /L,1.3134474,319.46986
2026-Nov-02 03:00,-4.251,0.587,0.28217652415435,14.7150 /L,1.3053969,319.72268
2026-Nov-02 06:00,-4.26,0.6,0.28246427077782,14.8792 /L,1.2972672,319.97887
2026-Nov-02 09:00,-4.269,0.613,0.28275610921226,15.0433 /L,1.2890604,320.23853
2026-Nov-02 12:00,-4.277,0.626,0.28305202533,15.2075 /L,1.2807787,320.50173
2026-Nov-02 15:00,-4.286,0.639,0.28335200489301,15.3716 /L,1.2724241,320.76857
2026-Nov-02 18:00,-4.294,0.651,0.28365603355616,15.5357 /L,1.2639988,321.03915
2026-Nov-02 21:00,-4.303,0.664,0.28396409687043,15.6997 /L,1.2555049,321.31357
2026-Nov-03 00:00,-4.311,0.676,0.28427618028601,15.8637 /L,1.2469447,321.59192
2026-Nov-03 03:00,-4.319,0.688,0.28459226915551,16.0275 /L,1.2383203,321.8743
2026-Nov-03 06:00,-4.327,0.699,0.28491234873702,16.1912 /L,1.2296339,322.16083
2026-Nov-03 09:00,-4.336,0.711,0.28523640419713,16.3547 /L,1.2208879,322.45161
2026-Nov-03 12:00,-4.344,0.722,0.28556442061407,16.5181 /L,1.2120844,322.74675
2026-Nov-03 15:00,-4.352,0.733,0.28589638298058,16.6814 /L,1.2032257,323.04637
2026-Nov-03 18:00,-4.36,0.744,0.28623227620696,16.8444 /L,1.1943141,323.35058
2026-Nov-03 21:00,-4.368,0.755,0.28657208512393,17.0072 /L,1.185352,323.65952
2026-Nov-04 00:00,-4.375,0.766,0.28691579448559,17.1698 /L,1.1763417,323.97329
2026-Nov-04 03:00,-4.383,0.776,0.28726338897219,17.3322 /L,1.1672856,324.29204
2026-Nov-04 06:00,-4.391,0.786,0.28761485319303,17.4944 /L,1.158186,324.6159
2026-Nov-04 09:00,-4.398,0.796,0.28797017168918,17.6563 /L,1.1490453,324.94499
2026-Nov-04 12:00,-4.406,0.806,0.28832932893627,17.8179 /L,1.139866,325.27947
2026-Nov-04 15:00,-4.413,0.816,0.28869230934719,17.9793 /L,1.1306506,325.61947
2026-Nov-04 18:00,-4.421,0.825,0.28905909727474,18.1403 /L,1.1214014,325.96515
2026-Nov-04 21:00,-4.428,0.835,0.28942967701431,18.3011 /L,1.1121211,326.31665
2026-Nov-05 00:00,-4.435,0.844,0.28980403280649,18.4616 /L,1.1028122,326.67413
2026-Nov-05 03:00,-4.442,0.853,0.29018214883956,18.6217 /L,1.0934772,327.03776
2026-Nov-05 06:00,-4.449,0.862,0.29056400925211,18.7815 /L,1.0841187,327.4077
2026-Nov-05 09:00,-4.456,0.871,0.29094959813549,18.9410 /L,1.0747394,327.78412
2026-Nov-05 12:00,-4.463,0.88,0.29133889953628,19.1001 /L,1.0653419,328.16719
2026-Nov-05 15:00,-4.47,0.888,0.29173189745868,19.2589 /L,1.0559288,328.55709
2026-Nov-05 18:00,-4.477,0.896,0.29212857586693,19.4173 /L,1.046503,328.95402
2026-Nov-05 21:00,-4.484,0.905,0.29252891868763,19.5753 /L,1.0370671,329.35815
2026-Nov-06 00:00,-4.49,0.913,0.29293290981205,19.7330 /L,1.027624,329.76969
2026-Nov-06 03:00,-4.497,0.921,0.29334053309841,19.8902 /L,1.0181764,330.18882
2026-Nov-06 06:00,-4.504,0.929,0.29375177237408,20.0471 /L,1.0087273,330.61577
2026-Nov-06 09:00,-4.51,0.936,0.29416661143785,20.2035 /L,0.9992796,331.05073
2026-Nov-06 12:00,-4.516,0.944,0.29458503406193,20.3596 /L,0.9898361,331.49392
2026-Nov-06 15:00,-4.523,0.952,0.29500702399425,20.5152 /L,0.9804,331.94557
2026-Nov-06 18:00,-4.529,0.959,0.29543256496041,20.6704 /L,0.9709742,332.4059
2026-Nov-06 21:00,-4.535,0.966,0.29586164066578,20.8252 /L,0.9615618,332.87513
2026-Nov-07 00:00,-4.541,0.973,0.29629423479744,20.9795 /L,0.952166,333.35351
2026-Nov-07 03:00,-4.547,0.98,0.29673033102623,21.1334 /L,0.9427899,333.84128
2026-Nov-07 06:00,-4.553,0.987,0.29716991300863,21.2868 /L,0.9334369,334.33869
2026-Nov-07 09:00,-4.559,0.994,0.29761296438861,21.4398 /L,0.9241101,334.84598
2026-Nov-07 12:00,-4.565,1.001,0.29805946879958,21.5924 /L,0.914813,335.36342
2026-Nov-07 15:00,-4.571,1.007,0.29850940986609,21.7444 /L,0.905549,335.89126
2026-Nov-07 18:00,-4.576,1.014,0.2989627712057,21.8960 /L,0.8963215,336.42978
2026-Nov-07 21:00,-4.582,1.02,0.29941953643068,22.0471 /L,0.8871341,336.97924
2026-Nov-08 00:00,-4.588,1.027,0.29987968914969,22.1978 /L,0.8779904,337.53992
2026-Nov-08 03:00,-4.593,1.033,0.30034321296952,22.3479 /L,0.8688941,338.1121
2026-Nov-08 06:00,-4.599,1.039,0.30081009149665,22.4976 /L,0.8598488,338.69606
2026-Nov-08 09:00,-4.604,1.045,0.30128030833889,22.6467 /L,0.8508585,339.29208
2026-Nov-08 12:00,-4.609,1.051,0.30175384710694,22.7954 /L,0.841927,339.90047
2026-Nov-08 15:00,-4.614,1.057,0.3022306914159,22.9436 /L,0.8330582,340.52149
2026-Nov-08 18:00,-4.62,1.063,0.30271082488682,23.0913 /L,0.8242562,341.15546
2026-Nov-08 21:00,-4.625,1.068,0.3031942311481,23.2384 /L,0.8155252,341.80266
2026-Nov-09 00:00,-4.63,1.074,0.30368089383695,23.3851 /L,0.8068693,342.46338
2026-Nov-09 03:00,-4.635,1.079,0.30417079660079,23.5312 /L,0.7982928,343.13791
2026-Nov-09 06:00,-4.64,1.085,0.30466392309867,23.6768 /L,0.7898,343.82655
2026-Nov-09 09:00,-4.645,1.09,0.30516025700251,23.8219 /L,0.7813954,344.52959
2026-Nov-09 12:00,-4.649,1.095,0.30565978199852,23.9665 /L,0.7730836,345.24729
2026-Nov-09 15:00,-4.654,1.101,0.30616248178838,24.1105 /L,0.7648691,345.97995
2026-Nov-09 18:00,-4.659,1.106,0.30666834009058,24.2540 /L,0.7567566,346.72783
2026-Nov-09 21:00,-4.663,1.111,0.30717734064164,24.3970 /L,0.7487509,347.4912
2026-Nov-10 00:00,-4.668,1.116,0.30768946719722,24.5394 /L,0.7408569,348.2703
2026-Nov-10 03:00,-4.672,1.121,0.30820470353342,24.6813 /L,0.7330794,349.06538
2026-Nov-10 06:00,-4.677,1.125,0.30872303344785,24.8227 /L,0.7254236,349.87667
2026-Nov-10 09:00,-4.681,1.13,0.30924444076082,24.9635 /L,0.7178944,350.70437
2026-Nov-10 12:00,-4.685,1.135,0.30976890931634,25.1037 /L,0.710497,351.54868
2026-Nov-10 15:00,-4.69,1.139,0.31029642298331,25.2435 /L,0.7032367,352.40977
2026-Nov-10 18:00,-4.694,1.144,0.31082696565653,25.3826 /L,0.6961186,353.2878
2026-Nov-10 21:00,-4.698,1.148,0.31136052125774,25.5213 /L,0.6891482,354.18289
2026-Nov-11 00:00,-4.702,1.153,0.31189707373661,25.6593 /L,0.6823308,355.09513
2026-Nov-11 03:00,-4.706,1.157,0.3124366070718,25.7968 /L,0.6756718,356.02461
2026-Nov-11 06:00,-4.71,1.162,0.31297910527189,25.9338 /L,0.6691766,356.97134
2026-Nov-11 09:00,-4.714,1.166,0.31352455237631,26.0702 /L,0.6628507,357.93534
2026-Nov-11 12:00,-4.718,1.17,0.31407293245634,26.2060 /L,0.6566996,358.91656
2026-Nov-11 15:00,-4.722,1.174,0.31462422961599,26.3413 /L,0.6507286,359.91492
2026-Nov-11 18:00,-4.725,1.178,0.31517842799292,26.4760 /L,0.6449432,0.9303053
2026-Nov-11 21:00,-4.729,1.182,0.31573551175931,26.6102 /L,0.6393488,1.9625372
2026-Nov-12 00:00,-4.733,1.186,0.31629546512273,26.7438 /L,0.6339506,3.0113989
2026-Nov-12 03:00,-4.736,1.19,0.316858272327,26.8768 /L,0.6287541,4.0766199
2026-Nov-12 06:00,-4.74,1.194,0.31742391765305,27.0093 /L,0.6237642,5.1578763
2026-Nov-12 09:00,-4.743,1.197,0.31799238541968,27.1412 /L,0.6189862,6.2547887
2026-Nov-12 12:00,-4.747,1.201,0.31856365998439,27.2725 /L,0.6144248,7.3669212
2026-Nov-12 15:00,-4.75,1.205,0.31913772574423,27.4032 /L,0.610085,8.4937798
2026-Nov-12 18:00,-4.753,1.209,0.31971456713646,27.5334 /L,0.6059712,9.634812
2026-Nov-12 21:00,-4.757,1.212,0.32029416863942,27.6630 /L,0.6020879,10.789406
2026-Nov-13 00:00,-4.76,1.216,0.32087651477321,27.7921 /L,0.5984392,11.956892
2026-Nov-13 03:00,-4.763,1.219,0.32146159010044,27.9206 /L,0.5950292,13.136542
2026-Nov-13 06:00,-4.766,1.222,0.32204937922695,28.0485 /L,0.5918616,14.327569
2026-Nov-13 09:00,-4.769,1.226,0.32263986680252,28.1758 /L,0.5889396,15.529135
2026-Nov-13 12:00,-4.772,1.229,0.32323303752154,28.3026 /L,0.5862665,16.740348
2026-Nov-13 15:00,-4.775,1.232,0.3238288761237,28.4287 /L,0.583845,17.960265
2026-Nov-13 18:00,-4.778,1.236,0.32442736739464,28.5544 /L,0.5816776,19.187899
2026-Nov-13 21:00,-4.781,1.239,0.32502849616662,28.6794 /L,0.5797664,20.422223
2026-Nov-14 00:00,-4.784,1.242,0.3256322473191,28.8039 /L,0.578113,21.662169
2026-Nov-14 03:00,-4.787,1.245,0.32623860577945,28.9278 /L,0.5767189,22.906642
2026-Nov-14 06:00,-4.789,1.248,0.32684755652341,29.0511 /L,0.575585,24.154518
2026-Nov-14 09:00,-4.792,1.251,0.32745908457585,29.1738 /L,0.5747118,25.404655
2026-Nov-14 12:00,-4.795,1.254,0.3280731750112,29.2960 /L,0.5740994,26.655896
2026-Nov-14 15:00,-4.797,1.257,0.32868981295408,29.4176 /L,0.5737477,27.907077
2026-Nov-14 18:00,-4.8,1.26,0.32930898357982,29.5387 /L,0.573656,29.157035
2026-Nov-14 21:00,-4.802,1.263,0.32993067211501,29.6591 /L,0.5738231,30.40461
2026-Nov-15 00:00,-4.805,1.266,0.33055486383799,29.7790 /L,0.5742477,31.648657
2026-Nov-15 03:00,-4.807,1.269,0.33118154407933,29.8983 /L,0.5749278,32.888048
2026-Nov-15 06:00,-4.81,1.271,0.33181069822234,30.0171 /L,0.5758613,34.12168
2026-Nov-15 09:00,-4.812,1.274,0.33244231170349,30.1353 /L,0.5770455,35.348481
2026-Nov-15 12:00,-4.814,1.277,0.3330763700129,30.2529 /L,0.5784774,36.567414
2026-Nov-15 15:00,-4.816,1.279,0.33371285869473,30.3699 /L,0.5801539,37.777483
2026-Nov-15 18:00,-4.819,1.282,0.33435176334762,30.4864 /L,0.5820714,38.977735
2026-Nov-15 21:00,-4.821,1.285,0.334993069625,30.6023 /L,0.5842258,40.16727
2026-Nov-16 00:00,-4.823,1.287,0.33563676323557,30.7176 /L,0.5866132,41.345234
2026-Nov-16 03:00,-4.825,1.29,0.33628282994352,30.8324 /L,0.5892291,42.510833
2026-Nov-16 06:00,-4.827,1.292,0.33693125556897,30.9466 /L,0.5920689,43.663325
2026-Nov-16 09:00,-4.829,1.294,0.33758202598823,31.0602 /L,0.5951278,44.802028
2026-Nov-16 12:00,-4.831,1.297,0.33823512713405,31.1733 /L,0.5984008,45.926319
2026-Nov-16 15:00,-4.833,1.299,0.33889054499593,31.2858 /L,0.6018827,47.035631
2026-Nov-16 18:00,-4.835,1.302,0.33954826562033,31.3977 /L,0.6055683,48.12946
2026-Nov-16 21:00,-4.837,1.304,0.34020827511088,31.5091 /L,0.6094523,49.207356
2026-Nov-17 00:00,-4.838,1.306,0.34087055962864,31.6199 /L,0.6135291,50.26893
2026-Nov-17 03:00,-4.84,1.308,0.34153510539214,31.7301 /L,0.6177932,51.313845
2026-Nov-17 06:00,-4.842,1.311,0.34220189867763,31.8398 /L,0.622239,52.34182
2026-Nov-17 09:00,-4.844,1.313,0.34287092581914,31.9490 /L,0.6268611,53.352625
2026-Nov-17 12:00,-4.845,1.315,0.34354217320859,32.0575 /L,0.6316537,54.34608
2026-Nov-17 15:00,-4.847,1.317,0.34421562729584,32.1656 /L,0.6366114,55.322051
2026-Nov-17 18:00,-4.849,1.319,0.34489127458873,32.2730 /L,0.6417285,56.280449
2026-Nov-17 21:00,-4.85,1.321,0.34556910165302,32.3799 /L,0.6469995,57.221226
2026-Nov-18 00:00,-4.852,1.323,0.34624909511248,32.4863 /L,0.652419,58.144376
2026-Nov-18 03:00,-4.853,1.325,0.34693124164878,32.5921 /L,0.6579815,59.049925
2026-Nov-18 06:00,-4.855,1.327,0.34761552800135,32.6973 /L,0.6636817,59.937934
2026-Nov-18 09:00,-4.856,1.329,0.34830194096732,32.8020 /L,0.6695145,60.808497
2026-Nov-18 12:00,-4.857,1.331,0.34899046740138,32.9062 /L,0.6754746,61.661734
2026-Nov-18 15:00,-4.859,1.333,0.34968109421555,33.0098 /L,0.6815569,62.497789
2026-Nov-18 18:00,-4.86,1.335,0.35037380837903,33.1128 /L,0.6877565,63.316831
2026-Nov-18 21:00,-4.861,1.337,0.35106859691789,33.2153 /L,0.6940687,64.11905
2026-Nov-19 00:00,-4.863,1.339,0.35176544691485,33.3173 /L,0.7004885,64.904653
2026-Nov-19 03:00,-4.864,1.341,0.35246434550891,33.4187 /L,0.7070115,65.673864
2026-Nov-19 06:00,-4.865,1.342,0.35316527989504,33.5196 /L,0.7136331,66.426919
2026-Nov-19 09:00,-4.866,1.344,0.35386823732379,33.6200 /L,0.7203489,67.164069
2026-Nov-19 12:00,-4.867,1.346,0.35457320510091,33.7198 /L,0.7271547,67.885572
2026-Nov-19 15:00,-4.868,1.348,0.35528017058685,33.8190 /L,0.7340463,68.591698
2026-Nov-19 18:00,-4.869,1.349,0.35598912119633,33.9178 /L,0.7410197,69.282723
2026-Nov-19 21:00,-4.87,1.351,0.35670004439781,34.0160 /L,0.748071,69.958926
2026-Nov-20 00:00,-4.871,1.353,0.3574129277129,34.1136 /L,0.7551965,70.620594
2026-Nov-20 03:00,-4.872,1.354,0.3581277587159,34.2107 /L,0.7623923,71.268015
2026-Nov-20 06:00,-4.873,1.356,0.3588445250331,34.3073 /L,0.7696551,71.90148
2026-Nov-20 09:00,-4.874,1.358,0.35956321434222,34.4034 /L,0.7769814,72.521281
2026-Nov-20 12:00,-4.875,1.359,0.36028381437166,34.4990 /L,0.7843678,73.127709
2026-Nov-20 15:00,-4.876,1.361,0.3610063128999,34.5940 /L,0.7918111,73.721056
2026-Nov-20 18:00,-4.877,1.362,0.36173069775478,34.6885 /L,0.7993082,74.301611
2026-Nov-20 21:00,-4.878,1.364,0.36245695681274,34.7824 /L,0.8068562,74.869662
2026-Nov-21 00:00,-4.878,1.365,0.36318507799804,34.8759 /L,0.8144521,75.425496
2026-Nov-21 03:00,-4.879,1.367,0.36391504928209,34.9688 /L,0.8220931,75.969393
2026-Nov-21 06:00,-4.88,1.368,0.36464685868255,35.0612 /L,0.8297766,76.501633
2026-Nov-21 09:00,-4.88,1.37,0.36538049426266,35.1531 /L,0.8374999,77.022491
2026-Nov-21 12:00,-4.881,1.371,0.36611594413026,35.2445 /L,0.8452605,77.532237
2026-Nov-21 15:00,-4.882,1.372,0.36685319643719,35.3354 /L,0.853056,78.031138
2026-Nov-21 18:00,-4.882,1.374,0.3675922393783,35.4257 /L,0.860884,78.519456
2026-Nov-21 21:00,-4.883,1.375,0.36833306119072,35.5156 /L,0.8687423,78.997446
2026-Nov-22 00:00,-4.884,1.376,0.36907565015302,35.6049 /L,0.8766287,79.465361
2026-Nov-22 03:00,-4.884,1.378,0.3698199945845,35.6937 /L,0.8845411,79.923448
2026-Nov-22 06:00,-4.885,1.379,0.3705660828442,35.7821 /L,0.8924774,80.371947
2026-Nov-22 09:00,-4.885,1.38,0.37131390333039,35.8699 /L,0.9004358,80.811095
2026-Nov-22 12:00,-4.886,1.382,0.3720634444796,35.9572 /L,0.9084144,81.241122
2026-Nov-22 15:00,-4.886,1.383,0.37281469476607,36.0440 /L,0.9164112,81.662253
2026-Nov-22 18:00,-4.886,1.384,0.37356764270093,36.1303 /L,0.9244246,82.074709
2026-Nov-22 21:00,-4.887,1.385,0.37432227683166,36.2162 /L,0.9324529,82.478705
2026-Nov-23 00:00,-4.887,1.387,0.37507858574139,36.3015 /L,0.9404944,82.874448
2026-Nov-23 03:00,-4.888,1.388,0.37583655804841,36.3863 /L,0.9485476,83.262144
2026-Nov-23 06:00,-4.888,1.389,0.37659618240556,36.4707 /L,0.9566109,83.641992
2026-Nov-23 09:00,-4.888,1.39,0.37735744749989,36.5545 /L,0.9646828,84.014184
2026-Nov-23 12:00,-4.888,1.391,0.37812034205214,36.6379 /L,0.972762,84.378909
2026-Nov-23 15:00,-4.889,1.392,0.37888485481651,36.7207 /L,0.9808471,84.736352
2026-Nov-23 18:00,-4.889,1.393,0.37965097458027,36.8031 /L,0.9889367,85.08669
2026-Nov-23 21:00,-4.889,1.395,0.38041869016361,36.8850 /L,0.9970296,85.430098
2026-Nov-24 00:00,-4.889,1.396,0.38118799041957,36.9665 /L,1.0051245,85.766745
2026-Nov-24 03:00,-4.889,1.397,0.38195886423382,37.0474 /L,1.0132203,86.096794
2026-Nov-24 06:00,-4.89,1.398,0.38273130052484,37.1279 /L,1.0213157,86.420408
2026-Nov-24 09:00,-4.89,1.399,0.38350528824391,37.2079 /L,1.0294097,86.737739
2026-Nov-24 12:00,-4.89,1.4,0.3842808163753,37.2874 /L,1.0375012,87.048942
2026-Nov-24 15:00,-4.89,1.401,0.38505787393655,37.3664 /L,1.0455891,87.354161
2026-Nov-24 18:00,-4.89,1.402,0.38583644997881,37.4450 /L,1.0536724,87.653541
2026-Nov-24 21:00,-4.89,1.403,0.38661653358713,37.5231 /L,1.0617502,87.94722
2026-Nov-25 00:00,-4.89,1.404,0.38739811388118,37.6007 /L,1.0698214,88.235334
2026-Nov-25 03:00,-4.89,1.405,0.38818118001552,37.6779 /L,1.0778852,88.518013
2026-Nov-25 06:00,-4.89,1.406,0.3889657211805,37.7546 /L,1.0859408,88.795387
2026-Nov-25 09:00,-4.89,1.407,0.38975172660276,37.8309 /L,1.0939871,89.067578
2026-Nov-25 12:00,-4.89,1.407,0.39053918554616,37.9066 /L,1.1020234,89.334708
2026-Nov-25 15:00,-4.89,1.408,0.39132808731252,37.9820 /L,1.1100489,89.596894
2026-Nov-25 18:00,-4.89,1.409,0.39211842124253,38.0568 /L,1.1180629,89.854249
2026-Nov-25 21:00,-4.89,1.41,0.39291017671674,38.1313 /L,1.1260644,90.106886
2026-Nov-26 00:00,-4.89,1.411,0.3937033431565,38.2052 /L,1.1340529,90.354912
2026-Nov-26 03:00,-4.889,1.412,0.39449791002503,38.2787 /L,1.1420276,90.598432
2026-Nov-26 06:00,-4.889,1.413,0.39529386682851,38.3518 /L,1.1499878,90.837547
2026-Nov-26 09:00,-4.889,1.414,0.39609120311719,38.4244 /L,1.1579329,91.072358
2026-Nov-26 12:00,-4.889,1.414,0.39688990848646,38.4966 /L,1.1658622,91.30296
2026-Nov-26 15:00,-4.889,1.415,0.39768997257809,38.5683 /L,1.1737751,91.529448
2026-Nov-26 18:00,-4.889,1.416,0.39849138508138,38.6396 /L,1.181671,91.751913
2026-Nov-26 21:00,-4.888,1.417,0.39929413573432,38.7104 /L,1.1895493,91.970443
2026-Nov-27 00:00,-4.888,1.417,0.40009821432474,38.7808 /L,1.1974095,92.185126
2026-Nov-27 03:00,-4.888,1.418,0.40090361069149,38.8508 /L,1.2052509,92.396045
2026-Nov-27 06:00,-4.887,1.419,0.40171031472571,38.9203 /L,1.2130732,92.603283
2026-Nov-27 09:00,-4.887,1.42,0.40251831637181,38.9895 /L,1.2208758,92.806918
2026-Nov-27 12:00,-4.887,1.42,0.40332760562869,39.0581 /L,1.2286582,93.00703
2026-Nov-27 15:00,-4.886,1.421,0.40413817255082,39.1264 /L,1.2364199,93.203692
2026-Nov-27 18:00,-4.886,1.422,0.40495000724929,39.1942 /L,1.2441606,93.39698
2026-Nov-27 21:00,-4.886,1.423,0.40576309989285,39.2616 /L,1.2518797,93.586964
2026-Nov-28 00:00,-4.885,1.423,0.40657744070892,39.3286 /L,1.2595768,93.773714
2026-Nov-28 03:00,-4.885,1.424,0.40739301998446,39.3951 /L,1.2672516,93.957299
2026-Nov-28 06:00,-4.885,1.425,0.40820982806698,39.4612 /L,1.2749036,94.137785
2026-Nov-28 09:00,-4.884,1.425,0.4090278553653,39.5269 /L,1.2825325,94.315235
2026-Nov-28 12:00,-4.884,1.426,0.4098470923504,39.5922 /L,1.290138,94.489714
2026-Nov-28 15:00,-4.883,1.427,0.41066752955613,39.6571 /L,1.2977196,94.661281
2026-Nov-28 18:00,-4.883,1.427,0.41148915757994,39.7216 /L,1.3052772,94.829998
2026-Nov-28 21:00,-4.882,1.428,0.41231196708351,39.7857 /L,1.3128103,94.995922
2026-Nov-29 00:00,-4.882,1.428,0.41313594879331,39.8493 /L,1.3203187,95.159109
2026-Nov-29 03:00,-4.881,1.429,0.41396109350113,39.9126 /L,1.3278021,95.319616
2026-Nov-29 06:00,-4.881,1.43,0.41478739206458,39.9754 /L,1.3352602,95.477495
2026-Nov-29 09:00,-4.88,1.43,0.41561483540744,40.0379 /L,1.3426927,95.6328
2026-Nov-29 12:00,-4.88,1.431,0.41644341452011,40.0999 /L,1.3500995,95.785582
2026-Nov-29 15:00,-4.879,1.431,0.41727312045975,40.1615 /L,1.3574803,95.93589
2026-Nov-29 18:00,-4.879,1.432,0.41810394435078,40.2228 /L,1.3648349,96.083774
2026-Nov-29 21:00,-4.878,1.432,0.41893587738486,40.2836 /L,1.372163,96.229281
2026-Nov-30 00:00,-4.877,1.433,0.41976891082109,40.3441 /L,1.3794646,96.372456
2026-Nov-30 03:00,-4.877,1.433,0.42060303598614,40.4042 /L,1.3867393,96.513346
2026-Nov-30 06:00,-4.876,1.434,0.42143824427434,40.4638 /L,1.3939871,96.651995
2026-Nov-30 09:00,-4.876,1.435,0.42227452714759,40.5231 /L,1.4012077,96.788445
2026-Nov-30 12:00,-4.875,1.435,0.42311187613542,40.5820 /L,1.4084011,96.922738
2026-Nov-30 15:00,-4.874,1.436,0.42395028283479,40.6406 /L,1.415567,97.054915
2026-Nov-30 18:00,-4.874,1.436,0.42478973891013,40.6987 /L,1.4227053,97.185017
2026-Nov-30 21:00,-4.873,1.436,0.42563023609307,40.7564 /L,1.429816,97.313082
2026-Dec-01 00:00,-4.872,1.437,0.42647176618231,40.8138 /L,1.4368989,97.439148
2026-Dec-01 03:00,-4.872,1.437,0.42731432104343,40.8708 /L,1.4439539,97.563252
2026-Dec-01 06:00,-4.871,1.438,0.42815789260855,40.9275 /L,1.4509809,97.685431
2026-Dec-01 09:00,-4.87,1.438,0.42900247287613,40.9837 /L,1.4579798,97.80572
2026-Dec-01 12:00,-4.869,1.439,0.42984805391063,41.0396 /L,1.4649506,97.924153
2026-Dec-01 15:00,-4.869,1.439,0.43069462784226,41.0951 /L,1.4718931,98.040764
2026-Dec-01 18:00,-4.868,1.44,0.43154218686656,41.1503 /L,1.4788074,98.155586
2026-Dec-01 21:00,-4.867,1.44,0.43239072324405,41.2050 /L,1.4856932,98.268652
2026-Dec-02 00:00,-4.866,1.44,0.4332402292999,41.2595 /L,1.4925507,98.379991
2026-Dec-02 03:00,-4.866,1.441,0.43409069742343,41.3135 /L,1.4993797,98.489636
2026-Dec-02 06:00,-4.865,1.441,0.43494212006785,41.3672 /L,1.5061803,98.597616
2026-Dec-02 09:00,-4.864,1.442,0.43579448974965,41.4205 /L,1.5129523,98.70396
2026-Dec-02 12:00,-4.863,1.442,0.43664779904839,41.4735 /L,1.5196958,98.808696
2026-Dec-02 15:00,-4.862,1.442,0.43750204060596,41.5261 /L,1.5264108,98.911854
2026-Dec-02 18:00,-4.862,1.443,0.43835720712645,41.5784 /L,1.5330972,99.013458
2026-Dec-02 21:00,-4.861,1.443,0.43921329137548,41.6303 /L,1.539755,99.113538
2026-Dec-03 00:00,-4.86,1.443,0.44007028617973,41.6819 /L,1.5463842,99.212117
2026-Dec-03 03:00,-4.859,1.444,0.44092818442657,41.7331 /L,1.5529848,99.309223
2026-Dec-03 06:00,-4.858,1.444,0.44178697906353,41.7840 /L,1.5595569,99.404878
2026-Dec-03 09:00,-4.857,1.445,0.4426466630978,41.8345 /L,1.5661004,99.499109
2026-Dec-03 12:00,-4.856,1.445,0.44350722959582,41.8847 /L,1.5726154,99.591938
2026-Dec-03 15:00,-4.855,1.445,0.44436867168266,41.9345 /L,1.5791019,99.683388
2026-Dec-03 18:00,-4.855,1.445,0.44523098254167,41.9840 /L,1.5855599,99.773483
2026-Dec-03 21:00,-4.854,1.446,0.4460941554139,42.0332 /L,1.5919894,99.862244
2026-Dec-04 00:00,-4.853,1.446,0.44695818359762,42.0820 /L,1.5983905,99.949693
2026-Dec-04 03:00,-4.852,1.446,0.44782306044794,42.1305 /L,1.6047632,100.03585
2026-Dec-04 06:00,-4.851,1.447,0.44868877937613,42.1787 /L,1.6111075,100.12074
2026-Dec-04 09:00,-4.85,1.447,0.44955533384931,42.2265 /L,1.6174236,100.20438
2026-Dec-04 12:00,-4.849,1.447,0.45042271738979,42.2740 /L,1.6237113,100.28678
2026-Dec-04 15:00,-4.848,1.448,0.45129092357479,42.3211 /L,1.6299709,100.36798
2026-Dec-04 18:00,-4.847,1.448,0.45215994603571,42.3680 /L,1.6362023,100.44798
2026-Dec-04 21:00,-4.846,1.448,0.4530297784579,42.4145 /L,1.6424057,100.52682
2026-Dec-05 00:00,-4.845,1.448,0.45390041457998,42.4607 /L,1.648581,100.60449
2026-Dec-05 03:00,-4.844,1.449,0.45477184819345,42.5065 /L,1.6547283,100.68103
2026-Dec-05 06:00,-4.843,1.449,0.45564407314213,42.5521 /L,1.6608477,100.75645
2026-Dec-05 09:00,-4.842,1.449,0.45651708332181,42.5973 /L,1.6669393,100.83076
2026-Dec-05 12:00,-4.841,1.449,0.45739087267968,42.6422 /L,1.6730031,100.90399
2026-Dec-05 15:00,-4.84,1.45,0.45826543521385,42.6868 /L,1.6790392,100.97614
2026-Dec-05 18:00,-4.839,1.45,0.45914076497291,42.7311 /L,1.6850477,101.04725
2026-Dec-05 21:00,-4.838,1.45,0.46001685605541,42.7751 /L,1.6910287,101.11731
2026-Dec-06 00:00,-4.837,1.45,0.46089370260953,42.8187 /L,1.6969822,101.18635
2026-Dec-06 03:00,-4.836,1.45,0.46177129883234,42.8621 /L,1.7029083,101.25438
2026-Dec-06 06:00,-4.835,1.451,0.46264963896963,42.9051 /L,1.7088071,101.32141
2026-Dec-06 09:00,-4.834,1.451,0.46352871731522,42.9478 /L,1.7146787,101.38747
2026-Dec-06 12:00,-4.833,1.451,0.46440852821064,42.9903 /L,1.7205232,101.45255
2026-Dec-06 15:00,-4.832,1.451,0.46528906604453,43.0324 /L,1.7263407,101.51669
2026-Dec-06 18:00,-4.831,1.451,0.46617032525227,43.0742 /L,1.7321312,101.57989
2026-Dec-06 21:00,-4.83,1.452,0.46705230031554,43.1157 /L,1.7378949,101.64216
2026-Dec-07 00:00,-4.829,1.452,0.46793498576172,43.1569 /L,1.7436319,101.70352
2026-Dec-07 03:00,-4.828,1.452,0.46881837616359,43.1979 /L,1.7493421,101.76397
2026-Dec-07 06:00,-4.827,1.452,0.46970246613873,43.2385 /L,1.7550258,101.82354
2026-Dec-07 09:00,-4.825,1.452,0.47058725034922,43.2788 /L,1.7606831,101.88224
2026-Dec-07 12:00,-4.824,1.452,0.471472723501,43.3189 /L,1.766314,101.94006
2026-Dec-07 15:00,-4.823,1.453,0.47235888034353,43.3586 /L,1.7719186,101.99704
2026-Dec-07 18:00,-4.822,1.453,0.47324571566927,43.3981 /L,1.7774971,102.05318
2026-Dec-07 21:00,-4.821,1.453,0.47413322431334,43.4372 /L,1.7830496,102.10848
2026-Dec-08 00:00,-4.82,1.453,0.47502140115288,43.4761 /L,1.788576,102.16297
2026-Dec-08 03:00,-4.819,1.453,0.47591024110675,43.5147 /L,1.7940767,102.21664
2026-Dec-08 06:00,-4.818,1.453,0.47679973913505,43.5530 /L,1.7995516,102.26952
2026-Dec-08 09:00,-4.816,1.453,0.4776898902386,43.5910 /L,1.8050009,102.32161
2026-Dec-08 12:00,-4.815,1.453,0.47858068945857,43.6288 /L,1.8104246,102.37293
2026-Dec-08 15:00,-4.814,1.454,0.47947213187598,43.6662 /L,1.815823,102.42347
2026-Dec-08 18:00,-4.813,1.454,0.4803642126113,43.7034 /L,1.821196,102.47326
2026-Dec-08 21:00,-4.812,1.454,0.48125692682394,43.7403 /L,1.8265439,102.5223
2026-Dec-09 00:00,-4.811,1.454,0.48215026971188,43.7769 /L,1.8318667,102.5706
2026-Dec-09 03:00,-4.81,1.454,0.48304423651125,43.8133 /L,1.8371645,102.61817
2026-Dec-09 06:00,-4.808,1.454,0.48393882249578,43.8494 /L,1.8424374,102.66502
2026-Dec-09 09:00,-4.807,1.454,0.48483402297643,43.8852 /L,1.8476857,102.71116
2026-Dec-09 12:00,-4.806,1.454,0.48572983330105,43.9207 /L,1.8529093,102.75659
2026-Dec-09 15:00,-4.805,1.454,0.4866262488538,43.9560 /L,1.8581083,102.80133
2026-Dec-09 18:00,-4.804,1.454,0.48752326505478,43.9910 /L,1.863283,102.84538
2026-Dec-09 21:00,-4.803,1.454,0.48842087735964,44.0257 /L,1.8684334,102.88875
2026-Dec-10 00:00,-4.801,1.455,0.48931908125922,44.0602 /L,1.8735596,102.93146
2026-Dec-10 03:00,-4.8,1.455,0.49021787227895,44.0944 /L,1.8786618,102.97349
2026-Dec-10 06:00,-4.799,1.455,0.49111724597858,44.1283 /L,1.8837401,103.01488
2026-Dec-10 09:00,-4.798,1.455,0.49201719795184,44.1620 /L,1.8887945,103.05561
2026-Dec-10 12:00,-4.796,1.455,0.49291772382584,44.1954 /L,1.8938252,103.09571
2026-Dec-10 15:00,-4.795,1.455,0.49381881926084,44.2285 /L,1.8988323,103.13517
2026-Dec-10 18:00,-4.794,1.455,0.49472047994975,44.2614 /L,1.903816,103.17401
2026-Dec-10 21:00,-4.793,1.455,0.49562270161784,44.2940 /L,1.9087763,103.21222
2026-Dec-11 00:00,-4.792,1.455,0.49652548002233,44.3264 /L,1.9137133,103.24983
2026-Dec-11 03:00,-4.79,1.455,0.49742881095194,44.3586 /L,1.9186273,103.28683
2026-Dec-11 06:00,-4.789,1.455,0.4983326902266,44.3904 /L,1.9235182,103.32323
2026-Dec-11 09:00,-4.788,1.455,0.49923711369702,44.4220 /L,1.9283862,103.35904
2026-Dec-11 12:00,-4.787,1.455,0.50014207724446,44.4534 /L,1.9332315,103.39426
2026-Dec-11 15:00,-4.785,1.455,0.50104757678017,44.4845 /L,1.9380541,103.4289
2026-Dec-11 18:00,-4.784,1.455,0.50195360824523,44.5154 /L,1.9428542,103.46297
2026-Dec-11 21:00,-4.783,1.455,0.50286016761006,44.5460 /L,1.9476319,103.49647
2026-Dec-12 00:00,-4.782,1.455,0.50376725087419,44.5764 /L,1.9523872,103.52941
2026-Dec-12 03:00,-4.78,1.455,0.50467485406585,44.6065 /L,1.9571204,103.5618
2026-Dec-12 06:00,-4.779,1.455,0.50558297324168,44.6364 /L,1.9618315,103.59363
2026-Dec-12 09:00,-4.778,1.455,0.50649160448642,44.6660 /L,1.9665207,103.62492
2026-Dec-12 12:00,-4.777,1.455,0.50740074391253,44.6954 /L,1.971188,103.65567
2026-Dec-12 15:00,-4.775,1.455,0.50831038765993,44.7246 /L,1.9758336,103.68589
2026-Dec-12 18:00,-4.774,1.455,0.50922053189567,44.7535 /L,1.9804576,103.71558
2026-Dec-12 21:00,-4.773,1.455,0.5101311728136,44.7822 /L,1.9850601,103.74475
2026-Dec-13 00:00,-4.772,1.455,0.51104230663417,44.8106 /L,1.9896412,103.77339
2026-Dec-13 03:00,-4.77,1.455,0.511953929604,44.8388 /L,1.9942011,103.80153
2026-Dec-13 06:00,-4.769,1.455,0.51286603799563,44.8668 /L,1.9987398,103.82916
2026-Dec-13 09:00,-4.768,1.455,0.51377862810738,44.8946 /L,2.0032575,103.85628
2026-Dec-13 12:00,-4.766,1.455,0.51469169626279,44.9221 /L,2.0077543,103.88291
2026-Dec-13 15:00,-4.765,1.455,0.51560523881059,44.9493 /L,2.0122303,103.90904
2026-Dec-13 18:00,-4.764,1.455,0.51651925212423,44.9764 /L,2.0166856,103.93469
2026-Dec-13 21:00,-4.763,1.455,0.5174337326018,45.0032 /L,2.0211203,103.95985
2026-Dec-14 00:00,-4.761,1.455,0.51834867666556,45.0298 /L,2.0255346,103.98453
2026-Dec-14 03:00,-4.76,1.455,0.51926408076179,45.0561 /L,2.0299286,104.00873
2026-Dec-14 06:00,-4.759,1.455,0.52017994136049,45.0823 /L,2.0343023,104.03247
2026-Dec-14 09:00,-4.757,1.455,0.52109625495511,45.1082 /L,2.0386559,104.05573
2026-Dec-14 12:00,-4.756,1.455,0.52201301806225,45.1339 /L,2.0429895,104.07854
2026-Dec-14 15:00,-4.755,1.455,0.5229302272214,45.1593 /L,2.0473033,104.10088
2026-Dec-14 18:00,-4.753,1.455,0.5238478789947,45.1845 /L,2.0515972,104.12278
2026-Dec-14 21:00,-4.752,1.455,0.52476596996669,45.2096 /L,2.0558715,104.14422
2026-Dec-15 00:00,-4.751,1.455,0.52568449674391,45.2344 /L,2.0601263,104.16521
2026-Dec-15 03:00,-4.75,1.454,0.52660345595474,45.2589 /L,2.0643616,104.18576
2026-Dec-15 06:00,-4.748,1.454,0.52752284424905,45.2833 /L,2.0685777,104.20587
2026-Dec-15 09:00,-4.747,1.454,0.52844265829799,45.3074 /L,2.0727745,104.22555
2026-Dec-15 12:00,-4.746,1.454,0.52936289479358,45.3314 /L,2.0769522,104.24479
2026-Dec-15 15:00,-4.744,1.454,0.53028355044852,45.3551 /L,2.0811109,104.26361
2026-Dec-15 18:00,-4.743,1.454,0.53120462199584,45.3786 /L,2.0852508,104.282
2026-Dec-15 21:00,-4.742,1.454,0.53212610618864,45.4019 /L,2.089372,104.29997
2026-Dec-16 00:00,-4.74,1.454,0.53304799979958,45.4249 /L,2.0934744,104.31753
2026-Dec-16 03:00,-4.739,1.454,0.53397029962085,45.4478 /L,2.0975584,104.33467
2026-Dec-16 06:00,-4.738,1.454,0.53489300246359,45.4704 /L,2.1016239,104.3514
2026-Dec-16 09:00,-4.736,1.454,0.53581610515764,45.4929 /L,2.1056712,104.36772
2026-Dec-16 12:00,-4.735,1.454,0.53673960455118,45.5151 /L,2.1097002,104.38363
2026-Dec-16 15:00,-4.734,1.454,0.53766349751032,45.5371 /L,2.1137111,104.39915
2026-Dec-16 18:00,-4.732,1.453,0.53858778091874,45.5589 /L,2.1177041,104.41426
2026-Dec-16 21:00,-4.731,1.453,0.53951245167729,45.5806 /L,2.1216792,104.42898
2026-Dec-17 00:00,-4.73,1.453,0.54043750670357,45.6020 /L,2.1256366,104.44331
2026-Dec-17 03:00,-4.728,1.453,0.54136294293149,45.6232 /L,2.1295764,104.45725
2026-Dec-17 06:00,-4.727,1.453,0.5422887573108,45.6442 /L,2.1334986,104.47081
2026-Dec-17 09:00,-4.726,1.453,0.54321494680673,45.6650 /L,2.1374034,104.48398
2026-Dec-17 12:00,-4.724,1.453,0.54414150839934,45.6856 /L,2.1412909,104.49676
2026-Dec-17 15:00,-4.723,1.453,0.54506843908321,45.7060 /L,2.1451612,104.50917
2026-Dec-17 18:00,-4.721,1.453,0.54599573586671,45.7262 /L,2.1490144,104.52121
2026-Dec-17 21:00,-4.72,1.452,0.54692339577161,45.7462 /L,2.1528507,104.53287
2026-Dec-18 00:00,-4.719,1.452,0.54785141583251,45.7660 /L,2.1566701,104.54417
2026-Dec-18 03:00,-4.717,1.452,0.54877979309616,45.7856 /L,2.1604727,104.55509
2026-Dec-18 06:00,-4.716,1.452,0.54970852462099,45.8050 /L,2.1642587,104.56565
2026-Dec-18 09:00,-4.715,1.452,0.55063760747637,45.8242 /L,2.1680282,104.57585
2026-Dec-18 12:00,-4.713,1.452,0.55156703874195,45.8433 /L,2.1717813,104.58569
2026-Dec-18 15:00,-4.712,1.452,0.55249681550714,45.8621 /L,2.175518,104.59517
2026-Dec-18 18:00,-4.711,1.452,0.55342693487031,45.8807 /L,2.1792385,104.6043
2026-Dec-18 21:00,-4.709,1.451,0.55435739393803,45.8992 /L,2.182943,104.61307
2026-Dec-19 00:00,-4.708,1.451,0.55528818982447,45.9174 /L,2.1866314,104.62149
2026-Dec-19 03:00,-4.707,1.451,0.55621931965052,45.9355 /L,2.190304,104.62957
2026-Dec-19 06:00,-4.705,1.451,0.55715078054311,45.9534 /L,2.1939608,104.63729
2026-Dec-19 09:00,-4.704,1.451,0.55808256963436,45.9711 /L,2.1976019,104.64468
2026-Dec-19 12:00,-4.702,1.451,0.55901468406085,45.9886 /L,2.2012275,104.65172
2026-Dec-19 15:00,-4.701,1.451,0.55994712096264,46.0059 /L,2.2048375,104.65842
2026-Dec-19 18:00,-4.7,1.45,0.56087987748264,46.0230 /L,2.2084323,104.66479
2026-Dec-19 21:00,-4.698,1.45,0.56181295076557,46.0400 /L,2.2120117,104.67082
2026-Dec-20 00:00,-4.697,1.45,0.56274633795718,46.0567 /L,2.215576,104.67651
2026-Dec-20 03:00,-4.696,1.45,0.56368003620347,46.0733 /L,2.2191253,104.68188
2026-Dec-20 06:00,-4.694,1.45,0.56461404264962,46.0897 /L,2.2226596,104.68691
2026-Dec-20 09:00,-4.693,1.45,0.56554835443924,46.1060 /L,2.226179,104.69162
2026-Dec-20 12:00,-4.691,1.45,0.56648296871349,46.1220 /L,2.2296837,104.696
2026-Dec-20 15:00,-4.69,1.449,0.56741788261023,46.1379 /L,2.2331736,104.70006
2026-Dec-20 18:00,-4.689,1.449,0.56835309326305,46.1535 /L,2.236649,104.70379
2026-Dec-20 21:00,-4.687,1.449,0.56928859780051,46.1690 /L,2.2401099,104.70721
2026-Dec-21 00:00,-4.686,1.449,0.57022439334524,46.1844 /L,2.2435564,104.7103
2026-Dec-21 03:00,-4.685,1.449,0.57116047701322,46.1995 /L,2.2469886,104.71308
2026-Dec-21 06:00,-4.683,1.449,0.57209684591291,46.2145 /L,2.2504066,104.71554
2026-Dec-21 09:00,-4.682,1.448,0.57303349714447,46.2293 /L,2.2538103,104.71769
2026-Dec-21 12:00,-4.68,1.448,0.57397042779911,46.2439 /L,2.2572001,104.71952
2026-Dec-21 15:00,-4.679,1.448,0.57490763495834,46.2583 /L,2.2605758,104.72104
2026-Dec-21 18:00,-4.678,1.448,0.57584511569329,46.2726 /L,2.2639376,104.72226
2026-Dec-21 21:00,-4.676,1.448,0.57678286706424,46.2867 /L,2.2672855,104.72317
2026-Dec-22 00:00,-4.675,1.448,0.5777208861199,46.3007 /L,2.2706197,104.72377
2026-Dec-22 03:00,-4.674,1.447,0.57865916989707,46.3144 /L,2.2739402,104.72406
2026-Dec-22 06:00,-4.672,1.447,0.57959771542012,46.3280 /L,2.277247,104.72405
2026-Dec-22 09:00,-4.671,1.447,0.58053651970068,46.3414 /L,2.2805402,104.72374
2026-Dec-22 12:00,-4.669,1.447,0.58147557973729,46.3547 /L,2.2838199,104.72313
2026-Dec-22 15:00,-4.668,1.447,0.58241489251527,46.3678 /L,2.2870862,104.72222
2026-Dec-22 18:00,-4.667,1.446,0.58335445500645,46.3807 /L,2.290339,104.72101
2026-Dec-22 21:00,-4.665,1.446,0.58429426416925,46.3935 /L,2.2935784,104.71951
2026-Dec-23 00:00,-4.664,1.446,0.58523431694856,46.4060 /L,2.2968046,104.71771
2026-Dec-23 03:00,-4.663,1.446,0.586174610276,46.4185 /L,2.3000174,104.71561
2026-Dec-23 06:00,-4.661,1.446,0.58711514106998,46.4307 /L,2.3032171,104.71323
2026-Dec-23 09:00,-4.66,1.445,0.58805590623601,46.4428 /L,2.3064035,104.71055
2026-Dec-23 12:00,-4.658,1.445,0.58899690266711,46.4548 /L,2.3095768,104.70758
2026-Dec-23 15:00,-4.657,1.445,0.58993812724419,46.4665 /L,2.3127369,104.70432
2026-Dec-23 18:00,-4.656,1.445,0.59087957683665,46.4782 /L,2.315884,104.70078
2026-Dec-23 21:00,-4.654,1.445,0.59182124830295,46.4896 /L,2.3190179,104.69695
2026-Dec-24 00:00,-4.653,1.444,0.59276313849134,46.5009 /L,2.3221389,104.69283
2026-Dec-24 03:00,-4.651,1.444,0.59370524424067,46.5120 /L,2.3252468,104.68843
2026-Dec-24 06:00,-4.65,1.444,0.5946475623811,46.5230 /L,2.3283418,104.68374
2026-Dec-24 09:00,-4.649,1.444,0.59559008973522,46.5338 /L,2.3314237,104.67878
2026-Dec-24 12:00,-4.647,1.444,0.59653282311892,46.5445 /L,2.3344927,104.67353
2026-Dec-24 15:00,-4.646,1.443,0.59747575934245,46.5550 /L,2.3375488,104.66801
2026-Dec-24 18:00,-4.645,1.443,0.59841889521157,46.5654 /L,2.3405919,104.6622
2026-Dec-24 21:00,-4.643,1.443,0.59936222752868,46.5756 /L,2.3436221,104.65612
2026-Dec-25 00:00,-4.642,1.443,0.60030575309402,46.5856 /L,2.3466395,104.64977
2026-Dec-25 03:00,-4.64,1.442,0.6012494687069,46.5955 /L,2.3496439,104.64314
2026-Dec-25 06:00,-4.639,1.442,0.60219337116697,46.6052 /L,2.3526354,104.63623
2026-Dec-25 09:00,-4.638,1.442,0.60313745727555,46.6148 /L,2.3556141,104.62906
2026-Dec-25 12:00,-4.636,1.442,0.60408172383695,46.6242 /L,2.3585799,104.62161
2026-Dec-25 15:00,-4.635,1.442,0.60502616765958,46.6335 /L,2.3615329,104.61389
2026-Dec-25 18:00,-4.633,1.441,0.60597078555757,46.6427 /L,2.364473,104.60591
2026-Dec-25 21:00,-4.632,1.441,0.60691557435192,46.6517 /L,2.3674002,104.59766
2026-Dec-26 00:00,-4.631,1.441,0.60786053087183,46.6605 /L,2.3703147,104.58914
2026-Dec-26 03:00,-4.629,1.441,0.60880565195595,46.6692 /L,2.3732163,104.58035
2026-Dec-26 06:00,-4.628,1.44,0.60975093445366,46.6777 /L,2.3761051,104.57131
2026-Dec-26 09:00,-4.627,1.44,0.61069637522642,46.6861 /L,2.3789811,104.56199
2026-Dec-26 12:00,-4.625,1.44,0.61164197114881,46.6944 /L,2.3818443,104.55242
2026-Dec-26 15:00,-4.624,1.44,0.61258771910979,46.7025 /L,2.3846947,104.54259
2026-Dec-26 18:00,-4.622,1.44,0.61353361601376,46.7105 /L,2.3875324,104.5325
2026-Dec-26 21:00,-4.621,1.439,0.61447965878179,46.7183 /L,2.3903572,104.52215
2026-Dec-27 00:00,-4.62,1.439,0.61542584435243,46.7260 /L,2.3931694,104.51154
2026-Dec-27 03:00,-4.618,1.439,0.61637216968282,46.7335 /L,2.3959688,104.50068
2026-Dec-27 06:00,-4.617,1.439,0.61731863174961,46.7409 /L,2.3987555,104.48957
2026-Dec-27 09:00,-4.615,1.438,0.61826522754982,46.7481 /L,2.4015296,104.4782
2026-Dec-27 12:00,-4.614,1.438,0.61921195410159,46.7553 /L,2.4042909,104.46658
2026-Dec-27 15:00,-4.613,1.438,0.62015880844499,46.7622 /L,2.4070396,104.4547
2026-Dec-27 18:00,-4.611,1.438,0.62110578764278,46.7691 /L,2.4097757,104.44258
2026-Dec-27 21:00,-4.61,1.437,0.62205288878083,46.7758 /L,2.4124991,104.43021
2026-Dec-28 00:00,-4.609,1.437,0.62300010896896,46.7823 /L,2.41521,104.4176
2026-Dec-28 03:00,-4.607,1.437,0.62394744534124,46.7888 /L,2.4179083,104.40473
2026-Dec-28 06:00,-4.606,1.437,0.6248948950566,46.7951 /L,2.4205941,104.39162
2026-Dec-28 09:00,-4.604,1.436,0.62584245529911,46.8012 /L,2.4232674,104.37827
2026-Dec-28 12:00,-4.603,1.436,0.62679012327846,46.8072 /L,2.4259283,104.36468
2026-Dec-28 15:00,-4.602,1.436,0.62773789623022,46.8131 /L,2.4285767,104.35084
2026-Dec-28 18:00,-4.6,1.436,0.62868577141599,46.8189 /L,2.4312127,104.33676
2026-Dec-28 21:00,-4.599,1.435,0.62963374612373,46.8245 /L,2.4338363,104.32245
2026-Dec-29 00:00,-4.598,1.435,0.63058181766785,46.8300 /L,2.4364476,104.30789
2026-Dec-29 03:00,-4.596,1.435,0.63152998338939,46.8353 /L,2.4390467,104.2931
2026-Dec-29 06:00,-4.595,1.435,0.63247824065593,46.8406 /L,2.4416335,104.27808
2026-Dec-29 09:00,-4.593,1.434,0.63342658686185,46.8457 /L,2.4442081,104.26282
2026-Dec-29 12:00,-4.592,1.434,0.63437501942817,46.8506 /L,2.4467705,104.24732
2026-Dec-29 15:00,-4.591,1.434,0.63532353580249,46.8555 /L,2.4493208,104.23159
2026-Dec-29 18:00,-4.589,1.434,0.6362721334591,46.8602 /L,2.451859,104.21563
2026-Dec-29 21:00,-4.588,1.433,0.63722080989864,46.8648 /L,2.4543852,104.19944
2026-Dec-30 00:00,-4.587,1.433,0.63816956264824,46.8692 /L,2.4568994,104.18302
2026-Dec-30 03:00,-4.585,1.433,0.63911838926115,46.8736 /L,2.4594017,104.16638
2026-Dec-30 06:00,-4.584,1.432,0.64006728731671,46.8778 /L,2.461892,104.1495
2026-Dec-30 09:00,-4.583,1.432,0.64101625442007,46.8818 /L,2.4643706,104.1324
2026-Dec-30 12:00,-4.581,1.432,0.64196528820209,46.8858 /L,2.4668373,104.11507
2026-Dec-30 15:00,-4.58,1.432,0.64291438631902,46.8896 /L,2.4692923,104.09752
2026-Dec-30 18:00,-4.578,1.431,0.6438635464523,46.8933 /L,2.4717356,104.07975
2026-Dec-30 21:00,-4.577,1.431,0.64481276630842,46.8969 /L,2.4741673,104.06176
2026-Dec-31 00:00,-4.576,1.431,0.64576204361852,46.9004 /L,2.4765873,104.04354
