time,water-temperature,dive-depth,dive-max-depth,dive-mean-depth,dive-duration
2022-01-06 07:56:00.397000+00:00,2836.0,0.3,0.3,0.3,7.0
2022-01-06 07:56:02.397000+00:00,2836.0,0.0,0.3,0.3,7.0
2022-01-06 07:56:27.397000+00:00,2840.0,0.3,0.3,0.3,7.0
2022-01-06 07:56:29.397000+00:00,2840.0,0.0,0.3,0.3,7.0
2022-01-06 07:56:45.397000+00:00,2841.0,0.3,0.3,0.3,11.0
2022-01-06 07:56:47.397000+00:00,2841.0,0.0,0.3,0.3,11.0
2022-01-06 07:59:29.397000+00:00,2844.0,0.9,0.9,0.75,23.0
2022-01-06 07:59:52.397000+00:00,2844.0,0.6,0.9,0.75,23.0
2022-01-06 07:59:54.397000+00:00,2844.0,0.0,0.9,0.75,23.0
2022-01-06 08:02:31.397000+00:00,2847.0,1.8,2.6,2.0444444444444447,133.0
2022-01-06 08:02:48.022000+00:00,2847.0,2.6,2.6,2.0444444444444447,133.0
2022-01-06 08:03:04.647000+00:00,2847.0,2.6,2.6,2.0444444444444447,133.0
2022-01-06 08:03:21.272000+00:00,2847.0,2.2,2.6,2.0444444444444447,133.0
2022-01-06 08:03:37.897000+00:00,2847.0,2.1,2.6,2.0444444444444447,133.0
2022-01-06 08:03:54.522000+00:00,2847.0,2.3,2.6,2.0444444444444447,133.0
2022-01-06 08:04:11.147000+00:00,2847.0,2.3,2.6,2.0444444444444447,133.0
2022-01-06 08:04:27.772000+00:00,2847.0,1.8,2.6,2.0444444444444447,133.0
2022-01-06 08:04:44.397000+00:00,2847.0,0.7,2.6,2.0444444444444447,133.0
2022-01-06 08:04:46.397000+00:00,2847.0,0.0,2.6,2.0444444444444447,133.0
2022-01-06 08:04:51.397000+00:00,2846.0,1.2,1.8,1.22,64.0
2022-01-06 08:05:07.397000+00:00,2846.0,1.8,1.8,1.22,64.0
2022-01-06 08:05:23.397000+00:00,2846.0,1.6,1.8,1.22,64.0
2022-01-06 08:05:39.397000+00:00,2846.0,1.2,1.8,1.22,64.0
2022-01-06 08:05:55.397000+00:00,2846.0,0.3,1.8,1.22,64.0
2022-01-06 08:05:57.397000+00:00,2846.0,0.0,1.8,1.22,64.0
2022-01-06 08:14:14.397000+00:00,2831.0,3.7,4.0,2.65,84.0
2022-01-06 08:14:31.197000+00:00,2831.0,4.0,4.0,2.65,84.0
2022-01-06 08:14:47.997000+00:00,2831.0,3.4,4.0,2.65,84.0
2022-01-06 08:15:04.797000+00:00,2831.0,2.6,4.0,2.65,84.0
2022-01-06 08:15:21.597000+00:00,2831.0,1.6,4.0,2.65,84.0
2022-01-06 08:15:38.397000+00:00,2831.0,0.6,4.0,2.65,84.0
2022-01-06 08:15:40.397000+00:00,2831.0,0.0,4.0,2.65,84.0
2022-01-06 08:22:54.396000+00:00,2834.0,1.6,2.5,1.7714285714285718,93.0
2022-01-06 08:23:09.896000+00:00,2834.0,2.3,2.5,1.7714285714285718,93.0
2022-01-06 08:23:25.396000+00:00,2834.0,2.5,2.5,1.7714285714285718,93.0
2022-01-06 08:23:40.896000+00:00,2834.0,2.4,2.5,1.7714285714285718,93.0
2022-01-06 08:23:56.396000+00:00,2834.0,2.0,2.5,1.7714285714285718,93.0
2022-01-06 08:24:11.896000+00:00,2834.0,1.3,2.5,1.7714285714285718,93.0
2022-01-06 08:24:27.396000+00:00,2834.0,0.3,2.5,1.7714285714285718,93.0
2022-01-06 08:24:29.396000+00:00,2834.0,0.0,2.5,1.7714285714285718,93.0
2022-01-06 08:30:49.396000+00:00,2835.0,2.1,2.6,1.9444444444444444,124.0
2022-01-06 08:31:04.896000+00:00,2835.0,2.5,2.6,1.9444444444444444,124.0
2022-01-06 08:31:20.396000+00:00,2835.0,2.6,2.6,1.9444444444444444,124.0
2022-01-06 08:31:35.896000+00:00,2835.0,2.6,2.6,1.9444444444444444,124.0
2022-01-06 08:31:51.396000+00:00,2835.0,2.6,2.6,1.9444444444444444,124.0
2022-01-06 08:32:06.896000+00:00,2835.0,2.2,2.6,1.9444444444444444,124.0
2022-01-06 08:32:22.396000+00:00,2835.0,1.7,2.6,1.9444444444444444,124.0
2022-01-06 08:32:37.896000+00:00,2835.0,1.0,2.6,1.9444444444444444,124.0
2022-01-06 08:32:53.396000+00:00,2835.0,0.2,2.6,1.9444444444444444,124.0
2022-01-06 08:32:55.396000+00:00,2835.0,0.0,2.6,1.9444444444444444,124.0
2022-01-06 08:39:43.396000+00:00,2854.0,1.5,2.0,1.508333333333333,338.0
2022-01-06 08:40:14.123272727+00:00,2854.0,1.8,2.0,1.508333333333333,338.0
2022-01-06 08:40:44.850545455+00:00,2854.0,2.0,2.0,1.508333333333333,338.0
2022-01-06 08:41:15.577818182+00:00,2854.0,1.8,2.0,1.508333333333333,338.0
2022-01-06 08:41:46.305090909+00:00,2854.0,1.9,2.0,1.508333333333333,338.0
2022-01-06 08:42:17.032363636+00:00,2854.0,1.3,2.0,1.508333333333333,338.0
2022-01-06 08:42:47.759636364+00:00,2854.0,0.7,2.0,1.508333333333333,338.0
2022-01-06 08:43:18.486909091+00:00,2854.0,1.5,2.0,1.508333333333333,338.0
2022-01-06 08:43:49.214181818+00:00,2854.0,1.9,2.0,1.508333333333333,338.0
2022-01-06 08:44:19.941454545+00:00,2854.0,1.9,2.0,1.508333333333333,338.0
2022-01-06 08:44:50.668727273+00:00,2854.0,1.4,2.0,1.508333333333333,338.0
2022-01-06 08:45:21.396000+00:00,2854.0,0.4,2.0,1.508333333333333,338.0
2022-01-06 08:45:23.396000+00:00,2854.0,0.0,2.0,1.508333333333333,338.0
2022-01-06 09:03:55.835000+00:00,2824.0,0.4,0.4,0.4,7.0
2022-01-06 09:03:57.835000+00:00,2824.0,0.0,0.4,0.4,7.0
2022-01-06 09:05:12.396000+00:00,2828.0,1.1,1.8,1.16,71.0
2022-01-06 09:05:30.146000+00:00,2828.0,1.8,1.8,1.16,71.0
2022-01-06 09:05:47.896000+00:00,2828.0,1.4,1.8,1.16,71.0
2022-01-06 09:06:05.646000+00:00,2828.0,1.1,1.8,1.16,71.0
2022-01-06 09:06:23.396000+00:00,2828.0,0.4,1.8,1.16,71.0
2022-01-06 09:06:25.396000+00:00,2828.0,0.0,1.8,1.16,71.0
2022-01-06 09:23:02.395000+00:00,2863.0,1.1,1.4,1.0333333333333332,123.0
2022-01-06 09:23:17.770000+00:00,2863.0,1.2,1.4,1.0333333333333332,123.0
2022-01-06 09:23:33.145000+00:00,2863.0,1.4,1.4,1.0333333333333332,123.0
2022-01-06 09:23:48.520000+00:00,2863.0,1.2,1.4,1.0333333333333332,123.0
2022-01-06 09:24:03.895000+00:00,2863.0,1.2,1.4,1.0333333333333332,123.0
2022-01-06 09:24:19.270000+00:00,2863.0,1.2,1.4,1.0333333333333332,123.0
2022-01-06 09:24:34.645000+00:00,2863.0,1.1,1.4,1.0333333333333332,123.0
2022-01-06 09:24:50.020000+00:00,2863.0,0.7,1.4,1.0333333333333332,123.0
2022-01-06 09:25:05.395000+00:00,2863.0,0.2,1.4,1.0333333333333332,123.0
2022-01-06 09:25:07.395000+00:00,2863.0,0.0,1.4,1.0333333333333332,123.0
2022-01-06 09:27:38.320000+00:00,2865.0,0.9,1.5,1.09,139.0
2022-01-06 09:27:53.764444444+00:00,2865.0,1.3,1.5,1.09,139.0
2022-01-06 09:28:09.208888889+00:00,2865.0,1.5,1.5,1.09,139.0
2022-01-06 09:28:24.653333333+00:00,2865.0,1.5,1.5,1.09,139.0
2022-01-06 09:28:40.097777778+00:00,2865.0,1.4,1.5,1.09,139.0
2022-01-06 09:28:55.542222222+00:00,2865.0,1.3,1.5,1.09,139.0
2022-01-06 09:29:10.986666667+00:00,2865.0,1.2,1.5,1.09,139.0
2022-01-06 09:29:26.431111111+00:00,2865.0,1.0,1.5,1.09,139.0
2022-01-06 09:29:41.875555556+00:00,2865.0,0.7,1.5,1.09,139.0
2022-01-06 09:29:57.320000+00:00,2865.0,0.1,1.5,1.09,139.0
2022-01-06 09:29:59.320000+00:00,2865.0,0.0,1.5,1.09,139.0
2022-01-06 09:30:04.395000+00:00,2865.0,0.2,1.4,0.9944444444444446,265.0
2022-01-06 09:30:19.983235294+00:00,2865.0,0.7,1.4,0.9944444444444446,265.0
2022-01-06 09:30:35.571470588+00:00,2865.0,1.0,1.4,0.9944444444444446,265.0
2022-01-06 09:30:51.159705882+00:00,2865.0,1.2,1.4,0.9944444444444446,265.0
2022-01-06 09:31:06.747941176+00:00,2865.0,1.4,1.4,0.9944444444444446,265.0
2022-01-06 09:31:22.336176471+00:00,2865.0,1.3,1.4,0.9944444444444446,265.0
2022-01-06 09:31:37.924411765+00:00,2865.0,0.7,1.4,0.9944444444444446,265.0
2022-01-06 09:31:53.512647059+00:00,2865.0,0.3,1.4,0.9944444444444446,265.0
2022-01-06 09:32:09.100882353+00:00,2865.0,1.0,1.4,0.9944444444444446,265.0
2022-01-06 09:32:24.689117647+00:00,2865.0,1.3,1.4,0.9944444444444446,265.0
2022-01-06 09:32:40.277352941+00:00,2865.0,1.4,1.4,0.9944444444444446,265.0
2022-01-06 09:32:55.865588235+00:00,2865.0,1.3,1.4,0.9944444444444446,265.0
2022-01-06 09:33:11.453823529+00:00,2865.0,1.4,1.4,0.9944444444444446,265.0
2022-01-06 09:33:27.042058824+00:00,2865.0,1.3,1.4,0.9944444444444446,265.0
2022-01-06 09:33:42.630294118+00:00,2865.0,1.2,1.4,0.9944444444444446,265.0
2022-01-06 09:33:58.218529412+00:00,2865.0,1.1,1.4,0.9944444444444446,265.0
2022-01-06 09:34:13.806764706+00:00,2865.0,0.8,1.4,0.9944444444444446,265.0
2022-01-06 09:34:29.395000+00:00,2865.0,0.3,1.4,0.9944444444444446,265.0
2022-01-06 09:34:31.395000+00:00,2865.0,0.0,1.4,0.9944444444444446,265.0
2022-01-06 09:46:30.395000+00:00,2855.0,1.1,2.1,1.565,296.0
2022-01-06 09:46:45.973947368+00:00,2855.0,1.8,2.1,1.565,296.0
2022-01-06 09:47:01.552894737+00:00,2855.0,2.1,2.1,1.565,296.0
2022-01-06 09:47:17.131842105+00:00,2855.0,2.1,2.1,1.565,296.0
2022-01-06 09:47:32.710789474+00:00,2855.0,2.1,2.1,1.565,296.0
2022-01-06 09:47:48.289736842+00:00,2855.0,2.0,2.1,1.565,296.0
2022-01-06 09:48:03.868684211+00:00,2855.0,1.6,2.1,1.565,296.0
2022-01-06 09:48:19.447631579+00:00,2855.0,1.6,2.1,1.565,296.0
2022-01-06 09:48:35.026578947+00:00,2855.0,1.5,2.1,1.565,296.0
2022-01-06 09:48:50.605526316+00:00,2855.0,1.4,2.1,1.565,296.0
2022-01-06 09:49:06.184473684+00:00,2855.0,1.5,2.1,1.565,296.0
2022-01-06 09:49:21.763421053+00:00,2855.0,1.5,2.1,1.565,296.0
2022-01-06 09:49:37.342368421+00:00,2855.0,1.5,2.1,1.565,296.0
2022-01-06 09:49:52.921315789+00:00,2855.0,1.6,2.1,1.565,296.0
2022-01-06 09:50:08.500263158+00:00,2855.0,1.6,2.1,1.565,296.0
2022-01-06 09:50:24.079210526+00:00,2855.0,1.5,2.1,1.565,296.0
2022-01-06 09:50:39.658157894+00:00,2855.0,1.7,2.1,1.565,296.0
2022-01-06 09:50:55.237105263+00:00,2855.0,1.5,2.1,1.565,296.0
2022-01-06 09:51:10.816052632+00:00,2855.0,1.1,2.1,1.565,296.0
2022-01-06 09:51:26.395000+00:00,2855.0,0.5,2.1,1.565,296.0
2022-01-06 09:51:28.395000+00:00,2855.0,0.0,2.1,1.565,296.0
2022-01-06 09:51:33.395000+00:00,2852.0,0.7,0.7,0.5666666666666665,41.0
2022-01-06 09:51:53.895000+00:00,2852.0,0.6,0.7,0.5666666666666665,41.0
2022-01-06 09:52:14.395000+00:00,2852.0,0.4,0.7,0.5666666666666665,41.0
2022-01-06 09:52:16.395000+00:00,2852.0,0.0,0.7,0.5666666666666665,41.0
2022-01-06 09:54:31.834000+00:00,2852.0,1.1,9.6,6.223529411764706,496.0
2022-01-06 09:55:02.834000+00:00,2852.0,0.8,9.6,6.223529411764706,496.0
2022-01-06 09:55:33.834000+00:00,2852.0,1.9,9.6,6.223529411764706,496.0
2022-01-06 09:56:04.834000+00:00,2852.0,8.4,9.6,6.223529411764706,496.0
2022-01-06 09:56:35.834000+00:00,2852.0,9.5,9.6,6.223529411764706,496.0
2022-01-06 09:57:06.834000+00:00,2852.0,8.7,9.6,6.223529411764706,496.0
2022-01-06 09:57:37.834000+00:00,2852.0,9.0,9.6,6.223529411764706,496.0
2022-01-06 09:58:08.834000+00:00,2852.0,9.6,9.6,6.223529411764706,496.0
2022-01-06 09:58:39.834000+00:00,2852.0,8.7,9.6,6.223529411764706,496.0
2022-01-06 09:59:10.834000+00:00,2852.0,8.2,9.6,6.223529411764706,496.0
2022-01-06 09:59:41.834000+00:00,2852.0,8.2,9.6,6.223529411764706,496.0
2022-01-06 10:00:12.834000+00:00,2852.0,7.7,9.6,6.223529411764706,496.0
2022-01-06 10:00:43.834000+00:00,2852.0,7.9,9.6,6.223529411764706,496.0
2022-01-06 10:01:14.834000+00:00,2852.0,6.8,9.6,6.223529411764706,496.0
2022-01-06 10:01:45.834000+00:00,2852.0,5.0,9.6,6.223529411764706,496.0
2022-01-06 10:02:16.834000+00:00,2852.0,3.5,9.6,6.223529411764706,496.0
2022-01-06 10:02:47.834000+00:00,2852.0,0.8,9.6,6.223529411764706,496.0
2022-01-06 10:02:49.834000+00:00,2852.0,0.0,9.6,6.223529411764706,496.0
2022-01-06 10:05:16.395000+00:00,2828.0,3.5,3.7,2.4266666666666663,214.0
2022-01-06 10:05:31.680714286+00:00,2828.0,3.7,3.7,2.4266666666666663,214.0
2022-01-06 10:05:46.966428571+00:00,2828.0,3.6,3.7,2.4266666666666663,214.0
2022-01-06 10:06:02.252142857+00:00,2828.0,3.4,3.7,2.4266666666666663,214.0
2022-01-06 10:06:17.537857143+00:00,2828.0,3.1,3.7,2.4266666666666663,214.0
2022-01-06 10:06:32.823571429+00:00,2828.0,3.0,3.7,2.4266666666666663,214.0
2022-01-06 10:06:48.109285714+00:00,2828.0,2.4,3.7,2.4266666666666663,214.0
2022-01-06 10:07:03.395000+00:00,2828.0,2.1,3.7,2.4266666666666663,214.0
2022-01-06 10:07:18.680714286+00:00,2828.0,2.2,3.7,2.4266666666666663,214.0
2022-01-06 10:07:33.966428571+00:00,2828.0,2.1,3.7,2.4266666666666663,214.0
2022-01-06 10:07:49.252142857+00:00,2828.0,1.9,3.7,2.4266666666666663,214.0
2022-01-06 10:08:04.537857143+00:00,2828.0,1.8,3.7,2.4266666666666663,214.0
2022-01-06 10:08:19.823571429+00:00,2828.0,2.0,3.7,2.4266666666666663,214.0
2022-01-06 10:08:35.109285714+00:00,2828.0,1.3,3.7,2.4266666666666663,214.0
2022-01-06 10:08:50.395000+00:00,2828.0,0.3,3.7,2.4266666666666663,214.0
2022-01-06 10:08:52.395000+00:00,2828.0,0.0,3.7,2.4266666666666663,214.0
2022-01-06 10:08:57.834000+00:00,2827.0,1.1,1.8,1.4666666666666666,175.0
2022-01-06 10:09:13.743090909+00:00,2827.0,1.6,1.8,1.4666666666666666,175.0
2022-01-06 10:09:29.652181818+00:00,2827.0,1.5,1.8,1.4666666666666666,175.0
2022-01-06 10:09:45.561272727+00:00,2827.0,1.6,1.8,1.4666666666666666,175.0
2022-01-06 10:10:01.470363636+00:00,2827.0,1.8,1.8,1.4666666666666666,175.0
2022-01-06 10:10:17.379454545+00:00,2827.0,1.8,1.8,1.4666666666666666,175.0
2022-01-06 10:10:33.288545455+00:00,2827.0,1.6,1.8,1.4666666666666666,175.0
2022-01-06 10:10:49.197636364+00:00,2827.0,1.5,1.8,1.4666666666666666,175.0
2022-01-06 10:11:05.106727273+00:00,2827.0,1.6,1.8,1.4666666666666666,175.0
2022-01-06 10:11:21.015818182+00:00,2827.0,1.6,1.8,1.4666666666666666,175.0
2022-01-06 10:11:36.924909091+00:00,2827.0,1.2,1.8,1.4666666666666666,175.0
2022-01-06 10:11:52.834000+00:00,2827.0,0.7,1.8,1.4666666666666666,175.0
2022-01-06 10:11:54.834000+00:00,2827.0,0.0,1.8,1.4666666666666666,175.0
2022-01-06 10:11:59.395000+00:00,2824.0,0.2,1.4,0.8454545454545453,153.0
2022-01-06 10:12:14.695000+00:00,2824.0,0.3,1.4,0.8454545454545453,153.0
2022-01-06 10:12:29.995000+00:00,2824.0,0.9,1.4,0.8454545454545453,153.0
2022-01-06 10:12:45.295000+00:00,2824.0,1.0,1.4,0.8454545454545453,153.0
2022-01-06 10:13:00.595000+00:00,2824.0,1.3,1.4,0.8454545454545453,153.0
2022-01-06 10:13:15.895000+00:00,2824.0,1.1,1.4,0.8454545454545453,153.0
2022-01-06 10:13:31.195000+00:00,2824.0,1.4,1.4,0.8454545454545453,153.0
2022-01-06 10:13:46.495000+00:00,2824.0,1.2,1.4,0.8454545454545453,153.0
2022-01-06 10:14:01.795000+00:00,2824.0,1.0,1.4,0.8454545454545453,153.0
2022-01-06 10:14:17.095000+00:00,2824.0,0.7,1.4,0.8454545454545453,153.0
2022-01-06 10:14:32.395000+00:00,2824.0,0.2,1.4,0.8454545454545453,153.0
2022-01-06 10:14:34.395000+00:00,2824.0,0.0,1.4,0.8454545454545453,153.0
2022-01-06 10:14:44.395000+00:00,2824.0,0.2,0.2,0.2,5.0
2022-01-06 10:14:46.395000+00:00,2824.0,0.0,0.2,0.2,5.0
2022-01-06 10:19:53.395000+00:00,2823.0,1.6,3.0,1.6444444444444444,122.0
2022-01-06 10:20:08.645000+00:00,2823.0,2.3,3.0,1.6444444444444444,122.0
2022-01-06 10:20:23.895000+00:00,2823.0,3.0,3.0,1.6444444444444444,122.0
2022-01-06 10:20:39.145000+00:00,2823.0,2.3,3.0,1.6444444444444444,122.0
2022-01-06 10:20:54.395000+00:00,2823.0,1.6,3.0,1.6444444444444444,122.0
2022-01-06 10:21:09.645000+00:00,2823.0,1.5,3.0,1.6444444444444444,122.0
2022-01-06 10:21:24.895000+00:00,2823.0,1.4,3.0,1.6444444444444444,122.0
2022-01-06 10:21:40.145000+00:00,2823.0,0.9,3.0,1.6444444444444444,122.0
2022-01-06 10:21:55.395000+00:00,2823.0,0.2,3.0,1.6444444444444444,122.0
2022-01-06 10:21:57.395000+00:00,2823.0,0.0,3.0,1.6444444444444444,122.0
2022-01-06 10:26:20.394000+00:00,2821.0,0.9,1.3,1.0363636363636364,161.0
2022-01-06 10:26:36.494000+00:00,2821.0,1.1,1.3,1.0363636363636364,161.0
2022-01-06 10:26:52.594000+00:00,2821.0,1.1,1.3,1.0363636363636364,161.0
2022-01-06 10:27:08.694000+00:00,2821.0,1.3,1.3,1.0363636363636364,161.0
2022-01-06 10:27:24.794000+00:00,2821.0,1.3,1.3,1.0363636363636364,161.0
2022-01-06 10:27:40.894000+00:00,2821.0,1.3,1.3,1.0363636363636364,161.0
2022-01-06 10:27:56.994000+00:00,2821.0,1.1,1.3,1.0363636363636364,161.0
2022-01-06 10:28:13.094000+00:00,2821.0,1.2,1.3,1.0363636363636364,161.0
2022-01-06 10:28:29.194000+00:00,2821.0,1.1,1.3,1.0363636363636364,161.0
2022-01-06 10:28:45.294000+00:00,2821.0,0.8,1.3,1.0363636363636364,161.0
2022-01-06 10:29:01.394000+00:00,2821.0,0.2,1.3,1.0363636363636364,161.0
2022-01-06 10:29:03.394000+00:00,2821.0,0.0,1.3,1.0363636363636364,161.0
2022-01-06 10:38:14.394000+00:00,2814.0,1.1,2.0,1.5416666666666667,169.0
2022-01-06 10:38:29.757636364+00:00,2814.0,1.5,2.0,1.5416666666666667,169.0
2022-01-06 10:38:45.121272727+00:00,2814.0,2.0,2.0,1.5416666666666667,169.0
2022-01-06 10:39:00.484909091+00:00,2814.0,2.0,2.0,1.5416666666666667,169.0
2022-01-06 10:39:15.848545455+00:00,2814.0,1.9,2.0,1.5416666666666667,169.0
2022-01-06 10:39:31.212181818+00:00,2814.0,1.9,2.0,1.5416666666666667,169.0
2022-01-06 10:39:46.575818182+00:00,2814.0,1.9,2.0,1.5416666666666667,169.0
2022-01-06 10:40:01.939454545+00:00,2814.0,1.8,2.0,1.5416666666666667,169.0
2022-01-06 10:40:17.303090909+00:00,2814.0,1.7,2.0,1.5416666666666667,169.0
2022-01-06 10:40:32.666727273+00:00,2814.0,1.4,2.0,1.5416666666666667,169.0
2022-01-06 10:40:48.030363636+00:00,2814.0,1.0,2.0,1.5416666666666667,169.0
2022-01-06 10:41:03.394000+00:00,2814.0,0.3,2.0,1.5416666666666667,169.0
2022-01-06 10:41:05.394000+00:00,2814.0,0.0,2.0,1.5416666666666667,169.0
2022-01-06 10:52:51.394000+00:00,2799.0,0.4,0.4,0.4,6.0
2022-01-06 10:52:53.394000+00:00,2799.0,0.0,0.4,0.4,6.0
2022-01-06 10:53:07.833000+00:00,2800.0,0.4,0.4,0.4,9.0
2022-01-06 10:53:09.833000+00:00,2800.0,0.0,0.4,0.4,9.0
2022-01-06 10:54:58.394000+00:00,2799.0,1.4,1.4,1.0,33.0
2022-01-06 10:55:14.894000+00:00,2799.0,1.3,1.4,1.0,33.0
2022-01-06 10:55:31.394000+00:00,2799.0,0.3,1.4,1.0,33.0
2022-01-06 10:55:33.394000+00:00,2799.0,0.0,1.4,1.0,33.0
2022-01-06 10:59:34.394000+00:00,2809.0,4.0,8.9,6.110000000000001,292.0
2022-01-06 10:59:49.762421053+00:00,2809.0,7.1,8.9,6.110000000000001,292.0
2022-01-06 11:00:05.130842105+00:00,2809.0,7.8,8.9,6.110000000000001,292.0
2022-01-06 11:00:20.499263158+00:00,2809.0,7.9,8.9,6.110000000000001,292.0
2022-01-06 11:00:35.867684211+00:00,2809.0,8.3,8.9,6.110000000000001,292.0
2022-01-06 11:00:51.236105263+00:00,2809.0,7.9,8.9,6.110000000000001,292.0
2022-01-06 11:01:06.604526316+00:00,2809.0,6.7,8.9,6.110000000000001,292.0
2022-01-06 11:01:21.972947368+00:00,2809.0,6.2,8.9,6.110000000000001,292.0
2022-01-06 11:01:37.341368421+00:00,2809.0,6.8,8.9,6.110000000000001,292.0
2022-01-06 11:01:52.709789474+00:00,2809.0,6.9,8.9,6.110000000000001,292.0
2022-01-06 11:02:08.078210526+00:00,2809.0,7.1,8.9,6.110000000000001,292.0
2022-01-06 11:02:23.446631579+00:00,2809.0,8.2,8.9,6.110000000000001,292.0
2022-01-06 11:02:38.815052632+00:00,2809.0,8.9,8.9,6.110000000000001,292.0
2022-01-06 11:02:54.183473684+00:00,2809.0,8.3,8.9,6.110000000000001,292.0
2022-01-06 11:03:09.551894737+00:00,2809.0,6.5,8.9,6.110000000000001,292.0
2022-01-06 11:03:24.920315789+00:00,2809.0,4.8,8.9,6.110000000000001,292.0
2022-01-06 11:03:40.288736842+00:00,2809.0,3.4,8.9,6.110000000000001,292.0
2022-01-06 11:03:55.657157894+00:00,2809.0,2.9,8.9,6.110000000000001,292.0
2022-01-06 11:04:11.025578947+00:00,2809.0,2.0,8.9,6.110000000000001,292.0
2022-01-06 11:04:26.394000+00:00,2809.0,0.5,8.9,6.110000000000001,292.0
2022-01-06 11:04:28.394000+00:00,2809.0,0.0,8.9,6.110000000000001,292.0
2022-01-06 11:20:15.393000+00:00,2794.0,0.2,0.2,0.2,9.0
2022-01-06 11:20:17.393000+00:00,2794.0,0.0,0.2,0.2,9.0
2022-01-06 11:21:15.832000+00:00,2795.0,0.1,0.1,0.1,8.0
2022-01-06 11:21:17.832000+00:00,2795.0,0.0,0.1,0.1,8.0
2022-01-06 11:31:26.393000+00:00,2791.0,0.6,0.6,0.55,26.0
2022-01-06 11:31:52.393000+00:00,2791.0,0.5,0.6,0.55,26.0
2022-01-06 11:31:54.393000+00:00,2791.0,0.0,0.6,0.55,26.0
2022-01-06 11:52:49.832000+00:00,2791.0,3.1,3.1,1.4666666666666666,38.0
2022-01-06 11:53:08.832000+00:00,2791.0,1.2,3.1,1.4666666666666666,38.0
2022-01-06 11:53:27.832000+00:00,2791.0,0.1,3.1,1.4666666666666666,38.0
2022-01-06 11:53:29.832000+00:00,2791.0,0.0,3.1,1.4666666666666666,38.0
2022-01-06 12:09:40.392000+00:00,2786.0,0.6,0.8,0.54,64.0
2022-01-06 12:09:56.392000+00:00,2786.0,0.4,0.8,0.54,64.0
2022-01-06 12:10:12.392000+00:00,2786.0,0.8,0.8,0.54,64.0
2022-01-06 12:10:28.392000+00:00,2786.0,0.7,0.8,0.54,64.0
2022-01-06 12:10:44.392000+00:00,2786.0,0.2,0.8,0.54,64.0
2022-01-06 12:10:46.392000+00:00,2786.0,0.0,0.8,0.54,64.0
2022-01-06 12:45:56.391000+00:00,2789.0,2.1,3.2,2.995000000000001,589.0
2022-01-06 12:46:27.391000+00:00,2789.0,3.2,3.2,2.995000000000001,589.0
2022-01-06 12:46:58.391000+00:00,2789.0,3.2,3.2,2.995000000000001,589.0
2022-01-06 12:47:29.391000+00:00,2789.0,3.2,3.2,2.995000000000001,589.0
2022-01-06 12:48:00.391000+00:00,2789.0,3.2,3.2,2.995000000000001,589.0
2022-01-06 12:48:31.391000+00:00,2789.0,3.2,3.2,2.995000000000001,589.0
2022-01-06 12:49:02.391000+00:00,2789.0,3.1,3.2,2.995000000000001,589.0
2022-01-06 12:49:33.391000+00:00,2789.0,3.1,3.2,2.995000000000001,589.0
2022-01-06 12:50:04.391000+00:00,2789.0,3.1,3.2,2.995000000000001,589.0
2022-01-06 12:50:35.391000+00:00,2789.0,3.2,3.2,2.995000000000001,589.0
2022-01-06 12:51:06.391000+00:00,2789.0,3.2,3.2,2.995000000000001,589.0
2022-01-06 12:51:37.391000+00:00,2789.0,3.2,3.2,2.995000000000001,589.0
2022-01-06 12:52:08.391000+00:00,2789.0,3.2,3.2,2.995000000000001,589.0
2022-01-06 12:52:39.391000+00:00,2789.0,3.1,3.2,2.995000000000001,589.0
2022-01-06 12:53:10.391000+00:00,2789.0,3.2,3.2,2.995000000000001,589.0
2022-01-06 12:53:41.391000+00:00,2789.0,3.2,3.2,2.995000000000001,589.0
2022-01-06 12:54:12.391000+00:00,2789.0,3.2,3.2,2.995000000000001,589.0
2022-01-06 12:54:43.391000+00:00,2789.0,3.2,3.2,2.995000000000001,589.0
2022-01-06 12:55:14.391000+00:00,2789.0,3.2,3.2,2.995000000000001,589.0
2022-01-06 12:55:45.391000+00:00,2789.0,0.6,3.2,2.995000000000001,589.0
2022-01-06 12:55:47.391000+00:00,2789.0,0.0,3.2,2.995000000000001,589.0
2022-01-06 13:08:13.830000+00:00,2786.0,1.8,1.8,1.225,58.0
2022-01-06 13:08:33.163333333+00:00,2786.0,1.1,1.8,1.225,58.0
2022-01-06 13:08:52.496666667+00:00,2786.0,1.3,1.8,1.225,58.0
2022-01-06 13:09:11.830000+00:00,2786.0,0.7,1.8,1.225,58.0
2022-01-06 13:09:13.830000+00:00,2786.0,0.0,1.8,1.225,58.0
2022-01-06 14:10:18.389000+00:00,2779.0,0.2,0.2,0.2,3.0
2022-01-06 14:10:20.389000+00:00,2779.0,0.0,0.2,0.2,3.0
2022-01-06 14:14:06.389000+00:00,2781.0,2.6,3.1,2.9578947368421056,552.0
2022-01-06 14:14:37.055666667+00:00,2781.0,3.1,3.1,2.9578947368421056,552.0
2022-01-06 14:15:07.722333333+00:00,2781.0,3.1,3.1,2.9578947368421056,552.0
2022-01-06 14:15:38.389000+00:00,2781.0,3.1,3.1,2.9578947368421056,552.0
2022-01-06 14:16:09.055666667+00:00,2781.0,3.1,3.1,2.9578947368421056,552.0
2022-01-06 14:16:39.722333333+00:00,2781.0,3.1,3.1,2.9578947368421056,552.0
2022-01-06 14:17:10.389000+00:00,2781.0,3.1,3.1,2.9578947368421056,552.0
2022-01-06 14:17:41.055666667+00:00,2781.0,3.1,3.1,2.9578947368421056,552.0
2022-01-06 14:18:11.722333333+00:00,2781.0,3.1,3.1,2.9578947368421056,552.0
2022-01-06 14:18:42.389000+00:00,2781.0,3.1,3.1,2.9578947368421056,552.0
2022-01-06 14:19:13.055666667+00:00,2781.0,3.1,3.1,2.9578947368421056,552.0
2022-01-06 14:19:43.722333333+00:00,2781.0,3.1,3.1,2.9578947368421056,552.0
2022-01-06 14:20:14.389000+00:00,2781.0,3.1,3.1,2.9578947368421056,552.0
2022-01-06 14:20:45.055666667+00:00,2781.0,3.1,3.1,2.9578947368421056,552.0
2022-01-06 14:21:15.722333333+00:00,2781.0,3.0,3.1,2.9578947368421056,552.0
2022-01-06 14:21:46.389000+00:00,2781.0,3.1,3.1,2.9578947368421056,552.0
2022-01-06 14:22:17.055666667+00:00,2781.0,3.1,3.1,2.9578947368421056,552.0
2022-01-06 14:22:47.722333333+00:00,2781.0,2.9,3.1,2.9578947368421056,552.0
2022-01-06 14:23:18.389000+00:00,2781.0,1.2,3.1,2.9578947368421056,552.0
2022-01-06 14:23:20.389000+00:00,2781.0,0.0,3.1,2.9578947368421056,552.0
2022-01-06 14:40:02.388000+00:00,2780.0,0.7,3.0,1.9,407.0
2022-01-06 14:40:33.695692308+00:00,2780.0,1.1,3.0,1.9,407.0
2022-01-06 14:41:05.003384615+00:00,2780.0,1.7,3.0,1.9,407.0
2022-01-06 14:41:36.311076923+00:00,2780.0,0.8,3.0,1.9,407.0
2022-01-06 14:42:07.618769231+00:00,2780.0,2.3,3.0,1.9,407.0
2022-01-06 14:42:38.926461538+00:00,2780.0,3.0,3.0,1.9,407.0
2022-01-06 14:43:10.234153846+00:00,2780.0,3.0,3.0,1.9,407.0
2022-01-06 14:43:41.541846154+00:00,2780.0,3.0,3.0,1.9,407.0
2022-01-06 14:44:12.849538462+00:00,2780.0,3.0,3.0,1.9,407.0
2022-01-06 14:44:44.157230769+00:00,2780.0,3.0,3.0,1.9,407.0
2022-01-06 14:45:15.464923077+00:00,2780.0,2.6,3.0,1.9,407.0
2022-01-06 14:45:46.772615385+00:00,2780.0,1.3,3.0,1.9,407.0
2022-01-06 14:46:18.080307692+00:00,2780.0,0.7,3.0,1.9,407.0
2022-01-06 14:46:49.388000+00:00,2780.0,0.4,3.0,1.9,407.0
2022-01-06 14:46:51.388000+00:00,2780.0,0.0,3.0,1.9,407.0
2022-01-06 15:06:53.388000+00:00,2779.0,0.1,0.1,0.1,4.0
2022-01-06 15:06:55.388000+00:00,2779.0,0.0,0.1,0.1,4.0
2022-01-06 15:07:04.827000+00:00,2783.0,4.1,5.1,4.742105263157893,826.0
2022-01-06 15:07:50.715888889+00:00,2783.0,5.0,5.1,4.742105263157893,826.0
2022-01-06 15:08:36.604777778+00:00,2783.0,5.0,5.1,4.742105263157893,826.0
2022-01-06 15:09:22.493666667+00:00,2783.0,5.0,5.1,4.742105263157893,826.0
2022-01-06 15:10:08.382555556+00:00,2783.0,5.1,5.1,4.742105263157893,826.0
2022-01-06 15:10:54.271444444+00:00,2783.0,5.1,5.1,4.742105263157893,826.0
2022-01-06 15:11:40.160333333+00:00,2783.0,5.1,5.1,4.742105263157893,826.0
2022-01-06 15:12:26.049222222+00:00,2783.0,5.1,5.1,4.742105263157893,826.0
2022-01-06 15:13:11.938111111+00:00,2783.0,5.0,5.1,4.742105263157893,826.0
2022-01-06 15:13:57.827000+00:00,2783.0,5.0,5.1,4.742105263157893,826.0
2022-01-06 15:14:43.715888889+00:00,2783.0,5.1,5.1,4.742105263157893,826.0
2022-01-06 15:15:29.604777778+00:00,2783.0,5.0,5.1,4.742105263157893,826.0
2022-01-06 15:16:15.493666667+00:00,2783.0,5.1,5.1,4.742105263157893,826.0
2022-01-06 15:17:01.382555556+00:00,2783.0,5.1,5.1,4.742105263157893,826.0
2022-01-06 15:17:47.271444444+00:00,2783.0,5.0,5.1,4.742105263157893,826.0
2022-01-06 15:18:33.160333333+00:00,2783.0,5.0,5.1,4.742105263157893,826.0
2022-01-06 15:19:19.049222222+00:00,2783.0,5.1,5.1,4.742105263157893,826.0
2022-01-06 15:20:04.938111111+00:00,2783.0,4.6,5.1,4.742105263157893,826.0
2022-01-06 15:20:50.827000+00:00,2783.0,0.6,5.1,4.742105263157893,826.0
2022-01-06 15:20:52.827000+00:00,2783.0,0.0,5.1,4.742105263157893,826.0
2022-01-06 15:21:50.387000+00:00,2783.0,3.7,5.2,4.763157894736842,826.0
2022-01-06 15:22:36.275888889+00:00,2783.0,5.1,5.2,4.763157894736842,826.0
2022-01-06 15:23:22.164777778+00:00,2783.0,5.1,5.2,4.763157894736842,826.0
2022-01-06 15:24:08.053666667+00:00,2783.0,5.1,5.2,4.763157894736842,826.0
2022-01-06 15:24:53.942555556+00:00,2783.0,5.1,5.2,4.763157894736842,826.0
2022-01-06 15:25:39.831444444+00:00,2783.0,5.1,5.2,4.763157894736842,826.0
2022-01-06 15:26:25.720333333+00:00,2783.0,5.1,5.2,4.763157894736842,826.0
2022-01-06 15:27:11.609222222+00:00,2783.0,5.1,5.2,4.763157894736842,826.0
2022-01-06 15:27:57.498111111+00:00,2783.0,5.1,5.2,4.763157894736842,826.0
2022-01-06 15:28:43.387000+00:00,2783.0,5.1,5.2,4.763157894736842,826.0
2022-01-06 15:29:29.275888889+00:00,2783.0,5.1,5.2,4.763157894736842,826.0
2022-01-06 15:30:15.164777778+00:00,2783.0,5.2,5.2,4.763157894736842,826.0
2022-01-06 15:31:01.053666667+00:00,2783.0,5.1,5.2,4.763157894736842,826.0
2022-01-06 15:31:46.942555556+00:00,2783.0,5.1,5.2,4.763157894736842,826.0
2022-01-06 15:32:32.831444444+00:00,2783.0,5.1,5.2,4.763157894736842,826.0
2022-01-06 15:33:18.720333333+00:00,2783.0,5.1,5.2,4.763157894736842,826.0
2022-01-06 15:34:04.609222222+00:00,2783.0,5.1,5.2,4.763157894736842,826.0
2022-01-06 15:34:50.498111111+00:00,2783.0,4.6,5.2,4.763157894736842,826.0
2022-01-06 15:35:36.387000+00:00,2783.0,0.5,5.2,4.763157894736842,826.0
2022-01-06 15:35:38.387000+00:00,2783.0,0.0,5.2,4.763157894736842,826.0
2022-01-06 15:35:51.826000+00:00,2777.0,0.3,0.3,0.3,8.0
2022-01-06 15:35:53.826000+00:00,2777.0,0.0,0.3,0.3,8.0
2022-01-06 15:36:57.387000+00:00,2781.0,3.8,5.1,4.6125,910.0
2022-01-06 15:37:58.053666667+00:00,2781.0,5.0,5.1,4.6125,910.0
2022-01-06 15:38:58.720333333+00:00,2781.0,5.0,5.1,4.6125,910.0
2022-01-06 15:39:59.387000+00:00,2781.0,5.0,5.1,4.6125,910.0
2022-01-06 15:41:00.053666667+00:00,2781.0,5.0,5.1,4.6125,910.0
2022-01-06 15:42:00.720333333+00:00,2781.0,5.0,5.1,4.6125,910.0
2022-01-06 15:43:01.387000+00:00,2781.0,5.0,5.1,4.6125,910.0
2022-01-06 15:44:02.053666667+00:00,2781.0,5.0,5.1,4.6125,910.0
2022-01-06 15:45:02.720333333+00:00,2781.0,5.0,5.1,4.6125,910.0
2022-01-06 15:46:03.387000+00:00,2781.0,5.1,5.1,4.6125,910.0
2022-01-06 15:47:04.053666667+00:00,2781.0,5.0,5.1,4.6125,910.0
2022-01-06 15:48:04.720333333+00:00,2781.0,5.0,5.1,4.6125,910.0
2022-01-06 15:49:05.387000+00:00,2781.0,5.1,5.1,4.6125,910.0
2022-01-06 15:50:06.053666667+00:00,2781.0,5.0,5.1,4.6125,910.0
2022-01-06 15:51:06.720333333+00:00,2781.0,4.2,5.1,4.6125,910.0
2022-01-06 15:52:07.387000+00:00,2781.0,0.6,5.1,4.6125,910.0
2022-01-06 15:52:09.387000+00:00,2781.0,0.0,5.1,4.6125,910.0
2022-01-06 15:53:11.825000+00:00,2777.0,2.6,5.0,4.612500000000001,940.0
2022-01-06 15:54:14.491666667+00:00,2777.0,5.0,5.0,4.612500000000001,940.0
2022-01-06 15:55:17.158333333+00:00,2777.0,5.0,5.0,4.612500000000001,940.0
2022-01-06 15:56:19.825000+00:00,2777.0,5.0,5.0,4.612500000000001,940.0
2022-01-06 15:57:22.491666667+00:00,2777.0,5.0,5.0,4.612500000000001,940.0
2022-01-06 15:58:25.158333333+00:00,2777.0,5.0,5.0,4.612500000000001,940.0
2022-01-06 15:59:27.825000+00:00,2777.0,5.0,5.0,4.612500000000001,940.0
2022-01-06 16:00:30.491666667+00:00,2777.0,5.0,5.0,4.612500000000001,940.0
2022-01-06 16:01:33.158333333+00:00,2777.0,5.0,5.0,4.612500000000001,940.0
2022-01-06 16:02:35.825000+00:00,2777.0,5.0,5.0,4.612500000000001,940.0
2022-01-06 16:03:38.491666667+00:00,2777.0,5.0,5.0,4.612500000000001,940.0
2022-01-06 16:04:41.158333333+00:00,2777.0,5.0,5.0,4.612500000000001,940.0
2022-01-06 16:05:43.825000+00:00,2777.0,5.0,5.0,4.612500000000001,940.0
2022-01-06 16:06:46.491666667+00:00,2777.0,5.0,5.0,4.612500000000001,940.0
2022-01-06 16:07:49.158333333+00:00,2777.0,4.9,5.0,4.612500000000001,940.0
2022-01-06 16:08:51.825000+00:00,2777.0,1.3,5.0,4.612500000000001,940.0
2022-01-06 16:08:53.825000+00:00,2777.0,0.0,5.0,4.612500000000001,940.0
2022-01-06 16:09:49.825000+00:00,2776.0,2.2,5.1,4.705882352941177,986.0
2022-01-06 16:10:51.450000+00:00,2776.0,4.8,5.1,4.705882352941177,986.0
2022-01-06 16:11:53.075000+00:00,2776.0,5.1,5.1,4.705882352941177,986.0
2022-01-06 16:12:54.700000+00:00,2776.0,5.0,5.1,4.705882352941177,986.0
2022-01-06 16:13:56.325000+00:00,2776.0,5.1,5.1,4.705882352941177,986.0
2022-01-06 16:14:57.950000+00:00,2776.0,5.1,5.1,4.705882352941177,986.0
2022-01-06 16:15:59.575000+00:00,2776.0,5.1,5.1,4.705882352941177,986.0
2022-01-06 16:17:01.200000+00:00,2776.0,5.1,5.1,4.705882352941177,986.0
2022-01-06 16:18:02.825000+00:00,2776.0,5.1,5.1,4.705882352941177,986.0
2022-01-06 16:19:04.450000+00:00,2776.0,5.1,5.1,4.705882352941177,986.0
2022-01-06 16:20:06.075000+00:00,2776.0,5.1,5.1,4.705882352941177,986.0
2022-01-06 16:21:07.700000+00:00,2776.0,5.1,5.1,4.705882352941177,986.0
2022-01-06 16:22:09.325000+00:00,2776.0,5.1,5.1,4.705882352941177,986.0
2022-01-06 16:23:10.950000+00:00,2776.0,5.1,5.1,4.705882352941177,986.0
2022-01-06 16:24:12.575000+00:00,2776.0,5.0,5.1,4.705882352941177,986.0
2022-01-06 16:25:14.200000+00:00,2776.0,5.0,5.1,4.705882352941177,986.0
2022-01-06 16:26:15.825000+00:00,2776.0,1.9,5.1,4.705882352941177,986.0
2022-01-06 16:26:17.825000+00:00,2776.0,0.0,5.1,4.705882352941177,986.0
2022-01-06 16:57:50.385000+00:00,2771.0,3.7,4.9,4.576470588235294,749.0
2022-01-06 16:58:37.197500+00:00,2771.0,4.9,4.9,4.576470588235294,749.0
2022-01-06 16:59:24.010000+00:00,2771.0,4.9,4.9,4.576470588235294,749.0
2022-01-06 17:00:10.822500+00:00,2771.0,4.9,4.9,4.576470588235294,749.0
2022-01-06 17:00:57.635000+00:00,2771.0,4.9,4.9,4.576470588235294,749.0
2022-01-06 17:01:44.447500+00:00,2771.0,4.8,4.9,4.576470588235294,749.0
2022-01-06 17:02:31.260000+00:00,2771.0,4.8,4.9,4.576470588235294,749.0
2022-01-06 17:03:18.072500+00:00,2771.0,4.9,4.9,4.576470588235294,749.0
2022-01-06 17:04:04.885000+00:00,2771.0,4.9,4.9,4.576470588235294,749.0
2022-01-06 17:04:51.697500+00:00,2771.0,4.9,4.9,4.576470588235294,749.0
2022-01-06 17:05:38.510000+00:00,2771.0,4.9,4.9,4.576470588235294,749.0
2022-01-06 17:06:25.322500+00:00,2771.0,4.9,4.9,4.576470588235294,749.0
2022-01-06 17:07:12.135000+00:00,2771.0,4.9,4.9,4.576470588235294,749.0
2022-01-06 17:07:58.947500+00:00,2771.0,4.9,4.9,4.576470588235294,749.0
2022-01-06 17:08:45.760000+00:00,2771.0,4.9,4.9,4.576470588235294,749.0
2022-01-06 17:09:32.572500+00:00,2771.0,4.5,4.9,4.576470588235294,749.0
2022-01-06 17:10:19.385000+00:00,2771.0,1.2,4.9,4.576470588235294,749.0
2022-01-06 17:10:21.385000+00:00,2771.0,0.0,4.9,4.576470588235294,749.0
2022-01-06 17:11:03.384000+00:00,2769.0,3.2,4.9,4.625,724.0
2022-01-06 17:11:48.634000+00:00,2769.0,4.9,4.9,4.625,724.0
2022-01-06 17:12:33.884000+00:00,2769.0,4.9,4.9,4.625,724.0
2022-01-06 17:13:19.134000+00:00,2769.0,4.9,4.9,4.625,724.0
2022-01-06 17:14:04.384000+00:00,2769.0,4.9,4.9,4.625,724.0
2022-01-06 17:14:49.634000+00:00,2769.0,4.9,4.9,4.625,724.0
2022-01-06 17:15:34.884000+00:00,2769.0,4.9,4.9,4.625,724.0
2022-01-06 17:16:20.134000+00:00,2769.0,4.9,4.9,4.625,724.0
2022-01-06 17:17:05.384000+00:00,2769.0,4.9,4.9,4.625,724.0
2022-01-06 17:17:50.634000+00:00,2769.0,4.9,4.9,4.625,724.0
2022-01-06 17:18:35.884000+00:00,2769.0,4.9,4.9,4.625,724.0
2022-01-06 17:19:21.134000+00:00,2769.0,4.9,4.9,4.625,724.0
2022-01-06 17:20:06.384000+00:00,2769.0,4.9,4.9,4.625,724.0
2022-01-06 17:20:51.634000+00:00,2769.0,4.9,4.9,4.625,724.0
2022-01-06 17:21:36.884000+00:00,2769.0,4.9,4.9,4.625,724.0
2022-01-06 17:22:22.134000+00:00,2769.0,2.2,4.9,4.625,724.0
2022-01-06 17:23:07.384000+00:00,2769.0,0.0,4.9,4.625,724.0
2022-01-06 17:23:09.384000+00:00,2769.0,0.0,4.9,4.625,724.0
2022-01-06 17:24:09.384000+00:00,2765.0,1.2,4.9,4.394736842105264,834.0
2022-01-06 17:24:55.717333333+00:00,2765.0,2.6,4.9,4.394736842105264,834.0
2022-01-06 17:25:42.050666667+00:00,2765.0,4.8,4.9,4.394736842105264,834.0
2022-01-06 17:26:28.384000+00:00,2765.0,4.9,4.9,4.394736842105264,834.0
2022-01-06 17:27:14.717333333+00:00,2765.0,4.9,4.9,4.394736842105264,834.0
2022-01-06 17:28:01.050666667+00:00,2765.0,4.9,4.9,4.394736842105264,834.0
2022-01-06 17:28:47.384000+00:00,2765.0,4.9,4.9,4.394736842105264,834.0
2022-01-06 17:29:33.717333333+00:00,2765.0,4.9,4.9,4.394736842105264,834.0
2022-01-06 17:30:20.050666667+00:00,2765.0,4.9,4.9,4.394736842105264,834.0
2022-01-06 17:31:06.384000+00:00,2765.0,4.9,4.9,4.394736842105264,834.0
2022-01-06 17:31:52.717333333+00:00,2765.0,4.9,4.9,4.394736842105264,834.0
2022-01-06 17:32:39.050666667+00:00,2765.0,4.9,4.9,4.394736842105264,834.0
2022-01-06 17:33:25.384000+00:00,2765.0,4.9,4.9,4.394736842105264,834.0
2022-01-06 17:34:11.717333333+00:00,2765.0,4.9,4.9,4.394736842105264,834.0
2022-01-06 17:34:58.050666667+00:00,2765.0,4.9,4.9,4.394736842105264,834.0
2022-01-06 17:35:44.384000+00:00,2765.0,4.9,4.9,4.394736842105264,834.0
2022-01-06 17:36:30.717333333+00:00,2765.0,4.9,4.9,4.394736842105264,834.0
2022-01-06 17:37:17.050666667+00:00,2765.0,4.8,4.9,4.394736842105264,834.0
2022-01-06 17:38:03.384000+00:00,2765.0,1.5,4.9,4.394736842105264,834.0
2022-01-06 17:38:05.384000+00:00,2765.0,0.0,4.9,4.394736842105264,834.0
2022-01-06 17:56:11.383000+00:00,2760.0,3.1,4.9,3.233333333333334,428.0
2022-01-06 17:56:41.954428571+00:00,2760.0,4.8,4.9,3.233333333333334,428.0
2022-01-06 17:57:12.525857143+00:00,2760.0,4.8,4.9,3.233333333333334,428.0
2022-01-06 17:57:43.097285714+00:00,2760.0,4.9,4.9,3.233333333333334,428.0
2022-01-06 17:58:13.668714286+00:00,2760.0,4.9,4.9,3.233333333333334,428.0
2022-01-06 17:58:44.240142857+00:00,2760.0,4.9,4.9,3.233333333333334,428.0
2022-01-06 17:59:14.811571429+00:00,2760.0,4.9,4.9,3.233333333333334,428.0
2022-01-06 17:59:45.383000+00:00,2760.0,4.8,4.9,3.233333333333334,428.0
2022-01-06 18:00:15.954428571+00:00,2760.0,2.2,4.9,3.233333333333334,428.0
2022-01-06 18:00:46.525857143+00:00,2760.0,1.2,4.9,3.233333333333334,428.0
2022-01-06 18:01:17.097285714+00:00,2760.0,1.4,4.9,3.233333333333334,428.0
2022-01-06 18:01:47.668714286+00:00,2760.0,2.6,4.9,3.233333333333334,428.0
2022-01-06 18:02:18.240142857+00:00,2760.0,2.4,4.9,3.233333333333334,428.0
2022-01-06 18:02:48.811571429+00:00,2760.0,1.1,4.9,3.233333333333334,428.0
2022-01-06 18:03:19.383000+00:00,2760.0,0.5,4.9,3.233333333333334,428.0
2022-01-06 18:03:21.383000+00:00,2760.0,0.0,4.9,3.233333333333334,428.0
2022-01-06 18:03:30.822000+00:00,2757.0,0.2,0.2,0.2,3.0
2022-01-06 18:03:32.822000+00:00,2757.0,0.0,0.2,0.2,3.0
2022-01-06 18:03:38.383000+00:00,2759.0,0.3,0.5,0.4000000000000001,45.0
2022-01-06 18:03:53.383000+00:00,2759.0,0.5,0.5,0.4000000000000001,45.0
2022-01-06 18:04:08.383000+00:00,2759.0,0.4,0.5,0.4000000000000001,45.0
2022-01-06 18:04:23.383000+00:00,2759.0,0.0,0.5,0.4000000000000001,45.0
2022-01-06 18:04:25.383000+00:00,2759.0,0.0,0.5,0.4000000000000001,45.0
2022-01-06 18:04:37.383000+00:00,2761.0,3.8,5.1,4.65,908.0
2022-01-06 18:05:37.916333332+00:00,2761.0,5.0,5.1,4.65,908.0
2022-01-06 18:06:38.449666667+00:00,2761.0,5.1,5.1,4.65,908.0
2022-01-06 18:07:38.983000+00:00,2761.0,5.1,5.1,4.65,908.0
2022-01-06 18:08:39.516333333+00:00,2761.0,5.1,5.1,4.65,908.0
2022-01-06 18:09:40.049666667+00:00,2761.0,5.0,5.1,4.65,908.0
2022-01-06 18:10:40.583000+00:00,2761.0,5.0,5.1,4.65,908.0
2022-01-06 18:11:41.116333333+00:00,2761.0,5.1,5.1,4.65,908.0
2022-01-06 18:12:41.649666667+00:00,2761.0,5.1,5.1,4.65,908.0
2022-01-06 18:13:42.183000+00:00,2761.0,5.1,5.1,4.65,908.0
2022-01-06 18:14:42.716333333+00:00,2761.0,5.0,5.1,4.65,908.0
2022-01-06 18:15:43.249666667+00:00,2761.0,5.0,5.1,4.65,908.0
2022-01-06 18:16:43.783000+00:00,2761.0,5.0,5.1,4.65,908.0
2022-01-06 18:17:44.316333333+00:00,2761.0,5.1,5.1,4.65,908.0
2022-01-06 18:18:44.849666667+00:00,2761.0,4.2,5.1,4.65,908.0
2022-01-06 18:19:45.383000+00:00,2761.0,0.7,5.1,4.65,908.0
2022-01-06 18:19:47.383000+00:00,2761.0,0.0,5.1,4.65,908.0
2022-01-06 18:20:55.822000+00:00,2757.0,3.3,5.0,4.370588235294118,491.0
2022-01-06 18:21:26.509500+00:00,2757.0,4.7,5.0,4.370588235294118,491.0
2022-01-06 18:21:57.197000+00:00,2757.0,5.0,5.0,4.370588235294118,491.0
2022-01-06 18:22:27.884500+00:00,2757.0,5.0,5.0,4.370588235294118,491.0
2022-01-06 18:22:58.572000+00:00,2757.0,4.9,5.0,4.370588235294118,491.0
2022-01-06 18:23:29.259500+00:00,2757.0,4.9,5.0,4.370588235294118,491.0
2022-01-06 18:23:59.947000+00:00,2757.0,5.0,5.0,4.370588235294118,491.0
2022-01-06 18:24:30.634500+00:00,2757.0,5.0,5.0,4.370588235294118,491.0
2022-01-06 18:25:01.322000+00:00,2757.0,4.9,5.0,4.370588235294118,491.0
2022-01-06 18:25:32.009500+00:00,2757.0,5.0,5.0,4.370588235294118,491.0
2022-01-06 18:26:02.697000+00:00,2757.0,5.0,5.0,4.370588235294118,491.0
2022-01-06 18:26:33.384500+00:00,2757.0,5.0,5.0,4.370588235294118,491.0
2022-01-06 18:27:04.072000+00:00,2757.0,5.0,5.0,4.370588235294118,491.0
2022-01-06 18:27:34.759500+00:00,2757.0,5.0,5.0,4.370588235294118,491.0
2022-01-06 18:28:05.447000+00:00,2757.0,4.5,5.0,4.370588235294118,491.0
2022-01-06 18:28:36.134500+00:00,2757.0,1.6,5.0,4.370588235294118,491.0
2022-01-06 18:29:06.822000+00:00,2757.0,0.5,5.0,4.370588235294118,491.0
2022-01-06 18:29:08.822000+00:00,2757.0,0.0,5.0,4.370588235294118,491.0
2022-01-06 18:29:13.822000+00:00,2753.0,0.7,0.8,0.6,43.0
2022-01-06 18:29:35.322000+00:00,2753.0,0.8,0.8,0.6,43.0
2022-01-06 18:29:56.822000+00:00,2753.0,0.3,0.8,0.6,43.0
2022-01-06 18:29:58.822000+00:00,2753.0,0.0,0.8,0.6,43.0
2022-01-06 18:30:12.382000+00:00,2754.0,0.7,4.3,1.9727272727272729,155.0
2022-01-06 18:30:27.882000+00:00,2754.0,1.1,4.3,1.9727272727272729,155.0
2022-01-06 18:30:43.382000+00:00,2754.0,1.5,4.3,1.9727272727272729,155.0
2022-01-06 18:30:58.882000+00:00,2754.0,2.0,4.3,1.9727272727272729,155.0
2022-01-06 18:31:14.382000+00:00,2754.0,3.0,4.3,1.9727272727272729,155.0
2022-01-06 18:31:29.882000+00:00,2754.0,4.3,4.3,1.9727272727272729,155.0
2022-01-06 18:31:45.382000+00:00,2754.0,4.0,4.3,1.9727272727272729,155.0
2022-01-06 18:32:00.882000+00:00,2754.0,2.3,4.3,1.9727272727272729,155.0
2022-01-06 18:32:16.382000+00:00,2754.0,1.5,4.3,1.9727272727272729,155.0
2022-01-06 18:32:31.882000+00:00,2754.0,1.0,4.3,1.9727272727272729,155.0
2022-01-06 18:32:47.382000+00:00,2754.0,0.3,4.3,1.9727272727272729,155.0
2022-01-06 18:32:49.382000+00:00,2754.0,0.0,4.3,1.9727272727272729,155.0
2022-01-06 18:33:25.382000+00:00,2756.0,1.5,4.9,4.363157894736842,837.0
2022-01-06 18:34:11.882000+00:00,2756.0,3.4,4.9,4.363157894736842,837.0
2022-01-06 18:34:58.382000+00:00,2756.0,4.8,4.9,4.363157894736842,837.0
2022-01-06 18:35:44.882000+00:00,2756.0,4.9,4.9,4.363157894736842,837.0
2022-01-06 18:36:31.382000+00:00,2756.0,4.9,4.9,4.363157894736842,837.0
2022-01-06 18:37:17.882000+00:00,2756.0,4.9,4.9,4.363157894736842,837.0
2022-01-06 18:38:04.382000+00:00,2756.0,4.9,4.9,4.363157894736842,837.0
2022-01-06 18:38:50.882000+00:00,2756.0,4.9,4.9,4.363157894736842,837.0
2022-01-06 18:39:37.382000+00:00,2756.0,4.9,4.9,4.363157894736842,837.0
2022-01-06 18:40:23.882000+00:00,2756.0,4.8,4.9,4.363157894736842,837.0
2022-01-06 18:41:10.382000+00:00,2756.0,4.9,4.9,4.363157894736842,837.0
2022-01-06 18:41:56.882000+00:00,2756.0,4.9,4.9,4.363157894736842,837.0
2022-01-06 18:42:43.382000+00:00,2756.0,4.8,4.9,4.363157894736842,837.0
2022-01-06 18:43:29.882000+00:00,2756.0,4.9,4.9,4.363157894736842,837.0
2022-01-06 18:44:16.382000+00:00,2756.0,4.9,4.9,4.363157894736842,837.0
2022-01-06 18:45:02.882000+00:00,2756.0,4.9,4.9,4.363157894736842,837.0
2022-01-06 18:45:49.382000+00:00,2756.0,4.9,4.9,4.363157894736842,837.0
2022-01-06 18:46:35.882000+00:00,2756.0,4.0,4.9,4.363157894736842,837.0
2022-01-06 18:47:22.382000+00:00,2756.0,0.8,4.9,4.363157894736842,837.0
2022-01-06 18:47:24.382000+00:00,2756.0,0.0,4.9,4.363157894736842,837.0
2022-01-06 18:48:14.382000+00:00,2753.0,1.5,4.6,2.1833333333333336,166.0
2022-01-06 18:48:29.472909091+00:00,2753.0,2.3,4.6,2.1833333333333336,166.0
2022-01-06 18:48:44.563818182+00:00,2753.0,2.7,4.6,2.1833333333333336,166.0
2022-01-06 18:48:59.654727273+00:00,2753.0,3.6,4.6,2.1833333333333336,166.0
2022-01-06 18:49:14.745636364+00:00,2753.0,4.6,4.6,2.1833333333333336,166.0
2022-01-06 18:49:29.836545455+00:00,2753.0,4.3,4.6,2.1833333333333336,166.0
2022-01-06 18:49:44.927454545+00:00,2753.0,2.7,4.6,2.1833333333333336,166.0
2022-01-06 18:50:00.018363636+00:00,2753.0,1.8,4.6,2.1833333333333336,166.0
2022-01-06 18:50:15.109272727+00:00,2753.0,1.1,4.6,2.1833333333333336,166.0
2022-01-06 18:50:30.200181818+00:00,2753.0,0.9,4.6,2.1833333333333336,166.0
2022-01-06 18:50:45.291090909+00:00,2753.0,0.6,4.6,2.1833333333333336,166.0
2022-01-06 18:51:00.382000+00:00,2753.0,0.1,4.6,2.1833333333333336,166.0
2022-01-06 18:51:02.382000+00:00,2753.0,0.0,4.6,2.1833333333333336,166.0
2022-01-06 18:51:07.381000+00:00,2755.0,0.7,4.9,4.126315789473685,835.0
2022-01-06 18:51:53.769888889+00:00,2755.0,1.2,4.9,4.126315789473685,835.0
2022-01-06 18:52:40.158777778+00:00,2755.0,2.5,4.9,4.126315789473685,835.0
2022-01-06 18:53:26.547666667+00:00,2755.0,4.5,4.9,4.126315789473685,835.0
2022-01-06 18:54:12.936555556+00:00,2755.0,4.8,4.9,4.126315789473685,835.0
2022-01-06 18:54:59.325444444+00:00,2755.0,4.8,4.9,4.126315789473685,835.0
2022-01-06 18:55:45.714333333+00:00,2755.0,4.9,4.9,4.126315789473685,835.0
2022-01-06 18:56:32.103222222+00:00,2755.0,4.8,4.9,4.126315789473685,835.0
2022-01-06 18:57:18.492111111+00:00,2755.0,4.8,4.9,4.126315789473685,835.0
2022-01-06 18:58:04.881000+00:00,2755.0,4.9,4.9,4.126315789473685,835.0
2022-01-06 18:58:51.269888889+00:00,2755.0,4.8,4.9,4.126315789473685,835.0
2022-01-06 18:59:37.658777778+00:00,2755.0,4.9,4.9,4.126315789473685,835.0
2022-01-06 19:00:24.047666667+00:00,2755.0,4.9,4.9,4.126315789473685,835.0
2022-01-06 19:01:10.436555556+00:00,2755.0,4.9,4.9,4.126315789473685,835.0
2022-01-06 19:01:56.825444444+00:00,2755.0,4.9,4.9,4.126315789473685,835.0
2022-01-06 19:02:43.214333333+00:00,2755.0,4.9,4.9,4.126315789473685,835.0
2022-01-06 19:03:29.603222222+00:00,2755.0,4.9,4.9,4.126315789473685,835.0
2022-01-06 19:04:15.992111111+00:00,2755.0,4.8,4.9,4.126315789473685,835.0
2022-01-06 19:05:02.381000+00:00,2755.0,1.5,4.9,4.126315789473685,835.0
2022-01-06 19:05:04.381000+00:00,2755.0,0.0,4.9,4.126315789473685,835.0
2022-01-06 19:06:08.820000+00:00,2753.0,2.9,5.0,4.675000000000002,891.0
2022-01-06 19:06:55.714736842+00:00,2753.0,4.9,5.0,4.675000000000002,891.0
2022-01-06 19:07:42.609473684+00:00,2753.0,4.9,5.0,4.675000000000002,891.0
2022-01-06 19:08:29.504210526+00:00,2753.0,4.9,5.0,4.675000000000002,891.0
2022-01-06 19:09:16.398947368+00:00,2753.0,4.9,5.0,4.675000000000002,891.0
2022-01-06 19:10:03.293684211+00:00,2753.0,4.9,5.0,4.675000000000002,891.0
2022-01-06 19:10:50.188421053+00:00,2753.0,4.9,5.0,4.675000000000002,891.0
2022-01-06 19:11:37.083157894+00:00,2753.0,5.0,5.0,4.675000000000002,891.0
2022-01-06 19:12:23.977894737+00:00,2753.0,4.9,5.0,4.675000000000002,891.0
2022-01-06 19:13:10.872631579+00:00,2753.0,4.9,5.0,4.675000000000002,891.0
2022-01-06 19:13:57.767368421+00:00,2753.0,5.0,5.0,4.675000000000002,891.0
2022-01-06 19:14:44.662105263+00:00,2753.0,4.9,5.0,4.675000000000002,891.0
2022-01-06 19:15:31.556842105+00:00,2753.0,5.0,5.0,4.675000000000002,891.0
2022-01-06 19:16:18.451578947+00:00,2753.0,4.9,5.0,4.675000000000002,891.0
2022-01-06 19:17:05.346315789+00:00,2753.0,4.9,5.0,4.675000000000002,891.0
2022-01-06 19:17:52.241052632+00:00,2753.0,4.9,5.0,4.675000000000002,891.0
2022-01-06 19:18:39.135789474+00:00,2753.0,4.9,5.0,4.675000000000002,891.0
2022-01-06 19:19:26.030526316+00:00,2753.0,4.9,5.0,4.675000000000002,891.0
2022-01-06 19:20:12.925263158+00:00,2753.0,4.9,5.0,4.675000000000002,891.0
2022-01-06 19:20:59.820000+00:00,2753.0,2.1,5.0,4.675000000000002,891.0
2022-01-06 19:21:01.820000+00:00,2753.0,0.0,5.0,4.675000000000002,891.0
2022-01-06 19:22:06.381000+00:00,2752.0,4.0,4.9,4.764705882352941,1018.0
2022-01-06 19:23:10.006000+00:00,2752.0,4.9,4.9,4.764705882352941,1018.0
2022-01-06 19:24:13.631000+00:00,2752.0,4.8,4.9,4.764705882352941,1018.0
2022-01-06 19:25:17.256000+00:00,2752.0,4.9,4.9,4.764705882352941,1018.0
2022-01-06 19:26:20.881000+00:00,2752.0,4.9,4.9,4.764705882352941,1018.0
2022-01-06 19:27:24.506000+00:00,2752.0,4.9,4.9,4.764705882352941,1018.0
2022-01-06 19:28:28.131000+00:00,2752.0,4.9,4.9,4.764705882352941,1018.0
2022-01-06 19:29:31.756000+00:00,2752.0,4.9,4.9,4.764705882352941,1018.0
2022-01-06 19:30:35.381000+00:00,2752.0,4.9,4.9,4.764705882352941,1018.0
2022-01-06 19:31:39.006000+00:00,2752.0,4.9,4.9,4.764705882352941,1018.0
2022-01-06 19:32:42.631000+00:00,2752.0,4.9,4.9,4.764705882352941,1018.0
2022-01-06 19:33:46.256000+00:00,2752.0,4.9,4.9,4.764705882352941,1018.0
2022-01-06 19:34:49.881000+00:00,2752.0,4.9,4.9,4.764705882352941,1018.0
2022-01-06 19:35:53.506000+00:00,2752.0,4.9,4.9,4.764705882352941,1018.0
2022-01-06 19:36:57.131000+00:00,2752.0,4.9,4.9,4.764705882352941,1018.0
2022-01-06 19:38:00.756000+00:00,2752.0,4.9,4.9,4.764705882352941,1018.0
2022-01-06 19:39:04.381000+00:00,2752.0,3.6,4.9,4.764705882352941,1018.0
2022-01-06 19:39:06.381000+00:00,2752.0,0.0,4.9,4.764705882352941,1018.0
2022-01-06 19:40:27.819000+00:00,2749.0,1.9,5.0,4.525,948.0
2022-01-06 19:41:31.019000+00:00,2749.0,4.4,5.0,4.525,948.0
2022-01-06 19:42:34.219000+00:00,2749.0,4.9,5.0,4.525,948.0
2022-01-06 19:43:37.419000+00:00,2749.0,4.9,5.0,4.525,948.0
2022-01-06 19:44:40.619000+00:00,2749.0,4.9,5.0,4.525,948.0
2022-01-06 19:45:43.819000+00:00,2749.0,4.9,5.0,4.525,948.0
2022-01-06 19:46:47.019000+00:00,2749.0,4.9,5.0,4.525,948.0
2022-01-06 19:47:50.219000+00:00,2749.0,4.9,5.0,4.525,948.0
2022-01-06 19:48:53.419000+00:00,2749.0,4.9,5.0,4.525,948.0
2022-01-06 19:49:56.619000+00:00,2749.0,4.9,5.0,4.525,948.0
2022-01-06 19:50:59.819000+00:00,2749.0,4.9,5.0,4.525,948.0
2022-01-06 19:52:03.019000+00:00,2749.0,4.9,5.0,4.525,948.0
2022-01-06 19:53:06.219000+00:00,2749.0,4.9,5.0,4.525,948.0
2022-01-06 19:54:09.419000+00:00,2749.0,5.0,5.0,4.525,948.0
2022-01-06 19:55:12.619000+00:00,2749.0,4.9,5.0,4.525,948.0
2022-01-06 19:56:15.819000+00:00,2749.0,2.3,5.0,4.525,948.0
2022-01-06 19:56:17.819000+00:00,2749.0,0.0,5.0,4.525,948.0
2022-01-06 19:57:18.380000+00:00,2745.0,0.3,0.3,0.3,11.0
2022-01-06 19:57:20.380000+00:00,2745.0,0.0,0.3,0.3,11.0
2022-01-06 19:57:39.380000+00:00,2748.0,2.6,5.0,4.5150000000000015,863.0
2022-01-06 19:58:24.801052632+00:00,2748.0,4.9,5.0,4.5150000000000015,863.0
2022-01-06 19:59:10.222105263+00:00,2748.0,4.9,5.0,4.5150000000000015,863.0
2022-01-06 19:59:55.643157894+00:00,2748.0,4.9,5.0,4.5150000000000015,863.0
2022-01-06 20:00:41.064210526+00:00,2748.0,5.0,5.0,4.5150000000000015,863.0
2022-01-06 20:01:26.485263158+00:00,2748.0,4.9,5.0,4.5150000000000015,863.0
2022-01-06 20:02:11.906315789+00:00,2748.0,4.9,5.0,4.5150000000000015,863.0
2022-01-06 20:02:57.327368421+00:00,2748.0,4.9,5.0,4.5150000000000015,863.0
2022-01-06 20:03:42.748421053+00:00,2748.0,4.9,5.0,4.5150000000000015,863.0
2022-01-06 20:04:28.169473684+00:00,2748.0,4.9,5.0,4.5150000000000015,863.0
2022-01-06 20:05:13.590526316+00:00,2748.0,4.9,5.0,4.5150000000000015,863.0
2022-01-06 20:05:59.011578947+00:00,2748.0,4.9,5.0,4.5150000000000015,863.0
2022-01-06 20:06:44.432631579+00:00,2748.0,4.9,5.0,4.5150000000000015,863.0
2022-01-06 20:07:29.853684211+00:00,2748.0,5.0,5.0,4.5150000000000015,863.0
2022-01-06 20:08:15.274736842+00:00,2748.0,4.9,5.0,4.5150000000000015,863.0
2022-01-06 20:09:00.695789474+00:00,2748.0,4.9,5.0,4.5150000000000015,863.0
2022-01-06 20:09:46.116842105+00:00,2748.0,4.9,5.0,4.5150000000000015,863.0
2022-01-06 20:10:31.537894737+00:00,2748.0,4.9,5.0,4.5150000000000015,863.0
2022-01-06 20:11:16.958947368+00:00,2748.0,3.8,5.0,4.5150000000000015,863.0
2022-01-06 20:12:02.380000+00:00,2748.0,0.4,5.0,4.5150000000000015,863.0
2022-01-06 20:12:04.380000+00:00,2748.0,0.0,5.0,4.5150000000000015,863.0
2022-01-06 20:13:29.818000+00:00,2745.0,3.8,4.9,4.566666666666667,1031.0
2022-01-06 20:14:30.465058824+00:00,2745.0,4.9,4.9,4.566666666666667,1031.0
2022-01-06 20:15:31.112117647+00:00,2745.0,4.9,4.9,4.566666666666667,1031.0
2022-01-06 20:16:31.759176471+00:00,2745.0,4.9,4.9,4.566666666666667,1031.0
2022-01-06 20:17:32.406235294+00:00,2745.0,4.9,4.9,4.566666666666667,1031.0
2022-01-06 20:18:33.053294118+00:00,2745.0,4.9,4.9,4.566666666666667,1031.0
2022-01-06 20:19:33.700352941+00:00,2745.0,4.9,4.9,4.566666666666667,1031.0
2022-01-06 20:20:34.347411765+00:00,2745.0,4.9,4.9,4.566666666666667,1031.0
2022-01-06 20:21:34.994470588+00:00,2745.0,4.9,4.9,4.566666666666667,1031.0
2022-01-06 20:22:35.641529412+00:00,2745.0,4.9,4.9,4.566666666666667,1031.0
2022-01-06 20:23:36.288588235+00:00,2745.0,4.9,4.9,4.566666666666667,1031.0
2022-01-06 20:24:36.935647059+00:00,2745.0,4.9,4.9,4.566666666666667,1031.0
2022-01-06 20:25:37.582705882+00:00,2745.0,4.9,4.9,4.566666666666667,1031.0
2022-01-06 20:26:38.229764706+00:00,2745.0,4.9,4.9,4.566666666666667,1031.0
2022-01-06 20:27:38.876823529+00:00,2745.0,4.9,4.9,4.566666666666667,1031.0
2022-01-06 20:28:39.523882353+00:00,2745.0,4.9,4.9,4.566666666666667,1031.0
2022-01-06 20:29:40.170941176+00:00,2745.0,4.2,4.9,4.566666666666667,1031.0
2022-01-06 20:30:40.818000+00:00,2745.0,0.7,4.9,4.566666666666667,1031.0
2022-01-06 20:30:42.818000+00:00,2745.0,0.0,4.9,4.566666666666667,1031.0
2022-01-06 20:31:46.818000+00:00,2743.0,3.1,5.0,4.670588235294118,1007.0
2022-01-06 20:32:49.755500+00:00,2743.0,4.9,5.0,4.670588235294118,1007.0
2022-01-06 20:33:52.693000+00:00,2743.0,4.9,5.0,4.670588235294118,1007.0
2022-01-06 20:34:55.630500+00:00,2743.0,4.9,5.0,4.670588235294118,1007.0
2022-01-06 20:35:58.568000+00:00,2743.0,4.9,5.0,4.670588235294118,1007.0
2022-01-06 20:37:01.505500+00:00,2743.0,4.9,5.0,4.670588235294118,1007.0
2022-01-06 20:38:04.443000+00:00,2743.0,4.9,5.0,4.670588235294118,1007.0
2022-01-06 20:39:07.380500+00:00,2743.0,5.0,5.0,4.670588235294118,1007.0
2022-01-06 20:40:10.318000+00:00,2743.0,4.9,5.0,4.670588235294118,1007.0
2022-01-06 20:41:13.255500+00:00,2743.0,4.9,5.0,4.670588235294118,1007.0
2022-01-06 20:42:16.193000+00:00,2743.0,5.0,5.0,4.670588235294118,1007.0
2022-01-06 20:43:19.130500+00:00,2743.0,5.0,5.0,4.670588235294118,1007.0
2022-01-06 20:44:22.068000+00:00,2743.0,5.0,5.0,4.670588235294118,1007.0
2022-01-06 20:45:25.005500+00:00,2743.0,4.9,5.0,4.670588235294118,1007.0
2022-01-06 20:46:27.943000+00:00,2743.0,5.0,5.0,4.670588235294118,1007.0
2022-01-06 20:47:30.880500+00:00,2743.0,5.0,5.0,4.670588235294118,1007.0
2022-01-06 20:48:33.818000+00:00,2743.0,2.2,5.0,4.670588235294118,1007.0
2022-01-06 20:48:35.818000+00:00,2743.0,0.0,5.0,4.670588235294118,1007.0
2022-01-06 20:49:52.818000+00:00,2739.0,3.1,5.0,4.54375,914.0
2022-01-06 20:50:53.751333333+00:00,2739.0,4.9,5.0,4.54375,914.0
2022-01-06 20:51:54.684666667+00:00,2739.0,4.9,5.0,4.54375,914.0
2022-01-06 20:52:55.618000+00:00,2739.0,4.9,5.0,4.54375,914.0
2022-01-06 20:53:56.551333333+00:00,2739.0,5.0,5.0,4.54375,914.0
2022-01-06 20:54:57.484666667+00:00,2739.0,5.0,5.0,4.54375,914.0
2022-01-06 20:55:58.418000+00:00,2739.0,4.9,5.0,4.54375,914.0
2022-01-06 20:56:59.351333332+00:00,2739.0,4.9,5.0,4.54375,914.0
2022-01-06 20:58:00.284666667+00:00,2739.0,5.0,5.0,4.54375,914.0
2022-01-06 20:59:01.218000+00:00,2739.0,5.0,5.0,4.54375,914.0
2022-01-06 21:00:02.151333333+00:00,2739.0,4.9,5.0,4.54375,914.0
2022-01-06 21:01:03.084666667+00:00,2739.0,5.0,5.0,4.54375,914.0
2022-01-06 21:02:04.018000+00:00,2739.0,5.0,5.0,4.54375,914.0
2022-01-06 21:03:04.951333333+00:00,2739.0,4.9,5.0,4.54375,914.0
2022-01-06 21:04:05.884666667+00:00,2739.0,4.4,5.0,4.54375,914.0
2022-01-06 21:05:06.818000+00:00,2739.0,0.9,5.0,4.54375,914.0
2022-01-06 21:05:08.818000+00:00,2739.0,0.0,5.0,4.54375,914.0
2022-01-06 21:06:21.378000+00:00,2737.0,3.9,5.0,4.737500000000001,952.0
2022-01-06 21:07:24.844666667+00:00,2737.0,5.0,5.0,4.737500000000001,952.0
2022-01-06 21:08:28.311333333+00:00,2737.0,4.9,5.0,4.737500000000001,952.0
2022-01-06 21:09:31.778000+00:00,2737.0,4.9,5.0,4.737500000000001,952.0
2022-01-06 21:10:35.244666667+00:00,2737.0,4.9,5.0,4.737500000000001,952.0
2022-01-06 21:11:38.711333333+00:00,2737.0,4.9,5.0,4.737500000000001,952.0
2022-01-06 21:12:42.178000+00:00,2737.0,4.9,5.0,4.737500000000001,952.0
2022-01-06 21:13:45.644666667+00:00,2737.0,4.9,5.0,4.737500000000001,952.0
2022-01-06 21:14:49.111333333+00:00,2737.0,4.9,5.0,4.737500000000001,952.0
2022-01-06 21:15:52.578000+00:00,2737.0,4.9,5.0,4.737500000000001,952.0
2022-01-06 21:16:56.044666667+00:00,2737.0,5.0,5.0,4.737500000000001,952.0
2022-01-06 21:17:59.511333333+00:00,2737.0,5.0,5.0,4.737500000000001,952.0
2022-01-06 21:19:02.978000+00:00,2737.0,4.9,5.0,4.737500000000001,952.0
2022-01-06 21:20:06.444666667+00:00,2737.0,5.0,5.0,4.737500000000001,952.0
2022-01-06 21:21:09.911333332+00:00,2737.0,5.0,5.0,4.737500000000001,952.0
2022-01-06 21:22:13.378000+00:00,2737.0,2.8,5.0,4.737500000000001,952.0
2022-01-06 21:22:15.378000+00:00,2737.0,0.0,5.0,4.737500000000001,952.0
2022-01-06 21:23:55.816000+00:00,2734.0,2.4,5.1,4.683333333333334,1039.0
2022-01-06 21:24:56.933647059+00:00,2734.0,4.8,5.1,4.683333333333334,1039.0
2022-01-06 21:25:58.051294118+00:00,2734.0,5.1,5.1,4.683333333333334,1039.0
2022-01-06 21:26:59.168941176+00:00,2734.0,5.1,5.1,4.683333333333334,1039.0
2022-01-06 21:28:00.286588235+00:00,2734.0,5.1,5.1,4.683333333333334,1039.0
2022-01-06 21:29:01.404235294+00:00,2734.0,5.1,5.1,4.683333333333334,1039.0
2022-01-06 21:30:02.521882353+00:00,2734.0,5.0,5.1,4.683333333333334,1039.0
2022-01-06 21:31:03.639529412+00:00,2734.0,5.1,5.1,4.683333333333334,1039.0
2022-01-06 21:32:04.757176471+00:00,2734.0,5.1,5.1,4.683333333333334,1039.0
2022-01-06 21:33:05.874823529+00:00,2734.0,5.1,5.1,4.683333333333334,1039.0
2022-01-06 21:34:06.992470588+00:00,2734.0,5.1,5.1,4.683333333333334,1039.0
2022-01-06 21:35:08.110117647+00:00,2734.0,5.1,5.1,4.683333333333334,1039.0
2022-01-06 21:36:09.227764706+00:00,2734.0,5.1,5.1,4.683333333333334,1039.0
2022-01-06 21:37:10.345411765+00:00,2734.0,5.1,5.1,4.683333333333334,1039.0
2022-01-06 21:38:11.463058824+00:00,2734.0,5.1,5.1,4.683333333333334,1039.0
2022-01-06 21:39:12.580705882+00:00,2734.0,5.1,5.1,4.683333333333334,1039.0
2022-01-06 21:40:13.698352941+00:00,2734.0,4.8,5.1,4.683333333333334,1039.0
2022-01-06 21:41:14.816000+00:00,2734.0,1.0,5.1,4.683333333333334,1039.0
2022-01-06 21:41:16.816000+00:00,2734.0,0.0,5.1,4.683333333333334,1039.0
2022-01-06 21:42:35.816000+00:00,2733.0,3.5,5.0,4.677777777777778,1042.0
2022-01-06 21:43:37.110117647+00:00,2733.0,5.0,5.0,4.677777777777778,1042.0
2022-01-06 21:44:38.404235294+00:00,2733.0,5.0,5.0,4.677777777777778,1042.0
2022-01-06 21:45:39.698352941+00:00,2733.0,5.0,5.0,4.677777777777778,1042.0
2022-01-06 21:46:40.992470588+00:00,2733.0,5.0,5.0,4.677777777777778,1042.0
2022-01-06 21:47:42.286588235+00:00,2733.0,5.0,5.0,4.677777777777778,1042.0
2022-01-06 21:48:43.580705882+00:00,2733.0,5.0,5.0,4.677777777777778,1042.0
2022-01-06 21:49:44.874823529+00:00,2733.0,5.0,5.0,4.677777777777778,1042.0
2022-01-06 21:50:46.168941176+00:00,2733.0,5.0,5.0,4.677777777777778,1042.0
2022-01-06 21:51:47.463058824+00:00,2733.0,5.0,5.0,4.677777777777778,1042.0
2022-01-06 21:52:48.757176471+00:00,2733.0,5.0,5.0,4.677777777777778,1042.0
2022-01-06 21:53:50.051294118+00:00,2733.0,5.0,5.0,4.677777777777778,1042.0
2022-01-06 21:54:51.345411765+00:00,2733.0,5.0,5.0,4.677777777777778,1042.0
2022-01-06 21:55:52.639529412+00:00,2733.0,5.0,5.0,4.677777777777778,1042.0
2022-01-06 21:56:53.933647059+00:00,2733.0,5.0,5.0,4.677777777777778,1042.0
2022-01-06 21:57:55.227764706+00:00,2733.0,5.0,5.0,4.677777777777778,1042.0
2022-01-06 21:58:56.521882353+00:00,2733.0,4.7,5.0,4.677777777777778,1042.0
2022-01-06 21:59:57.816000+00:00,2733.0,1.0,5.0,4.677777777777778,1042.0
2022-01-06 21:59:59.816000+00:00,2733.0,0.0,5.0,4.677777777777778,1042.0
2022-01-06 22:01:07.376000+00:00,2732.0,4.2,5.1,4.71578947368421,1089.0
2022-01-06 22:02:07.876000+00:00,2732.0,5.0,5.1,4.71578947368421,1089.0
2022-01-06 22:03:08.376000+00:00,2732.0,5.0,5.1,4.71578947368421,1089.0
2022-01-06 22:04:08.876000+00:00,2732.0,5.0,5.1,4.71578947368421,1089.0
2022-01-06 22:05:09.376000+00:00,2732.0,5.1,5.1,4.71578947368421,1089.0
2022-01-06 22:06:09.876000+00:00,2732.0,5.0,5.1,4.71578947368421,1089.0
2022-01-06 22:07:10.376000+00:00,2732.0,5.1,5.1,4.71578947368421,1089.0
2022-01-06 22:08:10.876000+00:00,2732.0,5.0,5.1,4.71578947368421,1089.0
2022-01-06 22:09:11.376000+00:00,2732.0,5.0,5.1,4.71578947368421,1089.0
2022-01-06 22:10:11.876000+00:00,2732.0,5.0,5.1,4.71578947368421,1089.0
2022-01-06 22:11:12.376000+00:00,2732.0,5.1,5.1,4.71578947368421,1089.0
2022-01-06 22:12:12.876000+00:00,2732.0,5.1,5.1,4.71578947368421,1089.0
2022-01-06 22:13:13.376000+00:00,2732.0,5.0,5.1,4.71578947368421,1089.0
2022-01-06 22:14:13.876000+00:00,2732.0,5.0,5.1,4.71578947368421,1089.0
2022-01-06 22:15:14.376000+00:00,2732.0,5.0,5.1,4.71578947368421,1089.0
2022-01-06 22:16:14.876000+00:00,2732.0,5.1,5.1,4.71578947368421,1089.0
2022-01-06 22:17:15.376000+00:00,2732.0,5.0,5.1,4.71578947368421,1089.0
2022-01-06 22:18:15.876000+00:00,2732.0,4.2,5.1,4.71578947368421,1089.0
2022-01-06 22:19:16.376000+00:00,2732.0,0.7,5.1,4.71578947368421,1089.0
2022-01-06 22:19:18.376000+00:00,2732.0,0.0,5.1,4.71578947368421,1089.0
2022-01-06 22:20:27.815000+00:00,2730.0,2.9,5.1,4.747368421052631,1109.0
2022-01-06 22:21:29.426111111+00:00,2730.0,5.0,5.1,4.747368421052631,1109.0
2022-01-06 22:22:31.037222222+00:00,2730.0,5.0,5.1,4.747368421052631,1109.0
2022-01-06 22:23:32.648333333+00:00,2730.0,5.0,5.1,4.747368421052631,1109.0
2022-01-06 22:24:34.259444444+00:00,2730.0,5.0,5.1,4.747368421052631,1109.0
2022-01-06 22:25:35.870555556+00:00,2730.0,5.0,5.1,4.747368421052631,1109.0
2022-01-06 22:26:37.481666667+00:00,2730.0,5.1,5.1,4.747368421052631,1109.0
2022-01-06 22:27:39.092777778+00:00,2730.0,5.0,5.1,4.747368421052631,1109.0
2022-01-06 22:28:40.703888889+00:00,2730.0,5.0,5.1,4.747368421052631,1109.0
2022-01-06 22:29:42.315000+00:00,2730.0,5.0,5.1,4.747368421052631,1109.0
2022-01-06 22:30:43.926111111+00:00,2730.0,5.1,5.1,4.747368421052631,1109.0
2022-01-06 22:31:45.537222222+00:00,2730.0,5.0,5.1,4.747368421052631,1109.0
2022-01-06 22:32:47.148333333+00:00,2730.0,5.0,5.1,4.747368421052631,1109.0
2022-01-06 22:33:48.759444444+00:00,2730.0,5.1,5.1,4.747368421052631,1109.0
2022-01-06 22:34:50.370555556+00:00,2730.0,5.1,5.1,4.747368421052631,1109.0
2022-01-06 22:35:51.981666667+00:00,2730.0,5.0,5.1,4.747368421052631,1109.0
2022-01-06 22:36:53.592777778+00:00,2730.0,5.1,5.1,4.747368421052631,1109.0
2022-01-06 22:37:55.203888889+00:00,2730.0,5.0,5.1,4.747368421052631,1109.0
2022-01-06 22:38:56.815000+00:00,2730.0,1.8,5.1,4.747368421052631,1109.0
2022-01-06 22:38:58.815000+00:00,2730.0,0.0,5.1,4.747368421052631,1109.0
2022-01-06 22:40:13.375000+00:00,2729.0,2.9,5.1,4.711111111111111,1044.0
2022-01-06 22:41:14.786764706+00:00,2729.0,5.0,5.1,4.711111111111111,1044.0
2022-01-06 22:42:16.198529412+00:00,2729.0,5.0,5.1,4.711111111111111,1044.0
2022-01-06 22:43:17.610294118+00:00,2729.0,5.0,5.1,4.711111111111111,1044.0
2022-01-06 22:44:19.022058824+00:00,2729.0,5.1,5.1,4.711111111111111,1044.0
2022-01-06 22:45:20.433823529+00:00,2729.0,5.1,5.1,4.711111111111111,1044.0
2022-01-06 22:46:21.845588235+00:00,2729.0,5.1,5.1,4.711111111111111,1044.0
2022-01-06 22:47:23.257352941+00:00,2729.0,5.0,5.1,4.711111111111111,1044.0
2022-01-06 22:48:24.669117647+00:00,2729.0,5.1,5.1,4.711111111111111,1044.0
2022-01-06 22:49:26.080882353+00:00,2729.0,5.1,5.1,4.711111111111111,1044.0
2022-01-06 22:50:27.492647059+00:00,2729.0,5.1,5.1,4.711111111111111,1044.0
2022-01-06 22:51:28.904411765+00:00,2729.0,5.1,5.1,4.711111111111111,1044.0
2022-01-06 22:52:30.316176471+00:00,2729.0,5.1,5.1,4.711111111111111,1044.0
2022-01-06 22:53:31.727941176+00:00,2729.0,5.1,5.1,4.711111111111111,1044.0
2022-01-06 22:54:33.139705882+00:00,2729.0,5.1,5.1,4.711111111111111,1044.0
2022-01-06 22:55:34.551470588+00:00,2729.0,5.1,5.1,4.711111111111111,1044.0
2022-01-06 22:56:35.963235294+00:00,2729.0,4.7,5.1,4.711111111111111,1044.0
2022-01-06 22:57:37.375000+00:00,2729.0,1.1,5.1,4.711111111111111,1044.0
2022-01-06 22:57:39.375000+00:00,2729.0,0.0,5.1,4.711111111111111,1044.0
2022-01-06 22:59:05.374000+00:00,2727.0,3.7,5.1,4.888888888888888,1063.0
2022-01-06 23:00:07.903411765+00:00,2727.0,5.1,5.1,4.888888888888888,1063.0
2022-01-06 23:01:10.432823529+00:00,2727.0,5.1,5.1,4.888888888888888,1063.0
2022-01-06 23:02:12.962235294+00:00,2727.0,5.1,5.1,4.888888888888888,1063.0
2022-01-06 23:03:15.491647059+00:00,2727.0,5.1,5.1,4.888888888888888,1063.0
2022-01-06 23:04:18.021058824+00:00,2727.0,5.1,5.1,4.888888888888888,1063.0
2022-01-06 23:05:20.550470588+00:00,2727.0,5.1,5.1,4.888888888888888,1063.0
2022-01-06 23:06:23.079882353+00:00,2727.0,5.1,5.1,4.888888888888888,1063.0
2022-01-06 23:07:25.609294118+00:00,2727.0,5.1,5.1,4.888888888888888,1063.0
2022-01-06 23:08:28.138705882+00:00,2727.0,5.1,5.1,4.888888888888888,1063.0
2022-01-06 23:09:30.668117647+00:00,2727.0,5.1,5.1,4.888888888888888,1063.0
2022-01-06 23:10:33.197529412+00:00,2727.0,5.1,5.1,4.888888888888888,1063.0
2022-01-06 23:11:35.726941176+00:00,2727.0,5.1,5.1,4.888888888888888,1063.0
2022-01-06 23:12:38.256352941+00:00,2727.0,5.1,5.1,4.888888888888888,1063.0
2022-01-06 23:13:40.785764706+00:00,2727.0,5.1,5.1,4.888888888888888,1063.0
2022-01-06 23:14:43.315176471+00:00,2727.0,5.1,5.1,4.888888888888888,1063.0
2022-01-06 23:15:45.844588235+00:00,2727.0,5.1,5.1,4.888888888888888,1063.0
2022-01-06 23:16:48.374000+00:00,2727.0,2.7,5.1,4.888888888888888,1063.0
2022-01-06 23:16:50.374000+00:00,2727.0,0.0,5.1,4.888888888888888,1063.0
2022-01-06 23:18:09.813000+00:00,2728.0,3.3,5.2,4.69,1141.0
2022-01-06 23:19:09.865631579+00:00,2728.0,5.1,5.2,4.69,1141.0
2022-01-06 23:20:09.918263158+00:00,2728.0,5.1,5.2,4.69,1141.0
2022-01-06 23:21:09.970894737+00:00,2728.0,5.1,5.2,4.69,1141.0
2022-01-06 23:22:10.023526316+00:00,2728.0,5.1,5.2,4.69,1141.0
2022-01-06 23:23:10.076157894+00:00,2728.0,5.1,5.2,4.69,1141.0
2022-01-06 23:24:10.128789474+00:00,2728.0,5.1,5.2,4.69,1141.0
2022-01-06 23:25:10.181421053+00:00,2728.0,5.1,5.2,4.69,1141.0
2022-01-06 23:26:10.234052632+00:00,2728.0,5.1,5.2,4.69,1141.0
2022-01-06 23:27:10.286684211+00:00,2728.0,5.1,5.2,4.69,1141.0
2022-01-06 23:28:10.339315789+00:00,2728.0,5.1,5.2,4.69,1141.0
2022-01-06 23:29:10.391947368+00:00,2728.0,5.1,5.2,4.69,1141.0
2022-01-06 23:30:10.444578947+00:00,2728.0,5.1,5.2,4.69,1141.0
2022-01-06 23:31:10.497210526+00:00,2728.0,5.1,5.2,4.69,1141.0
2022-01-06 23:32:10.549842105+00:00,2728.0,5.2,5.2,4.69,1141.0
2022-01-06 23:33:10.602473684+00:00,2728.0,5.1,5.2,4.69,1141.0
2022-01-06 23:34:10.655105263+00:00,2728.0,5.1,5.2,4.69,1141.0
2022-01-06 23:35:10.707736842+00:00,2728.0,5.1,5.2,4.69,1141.0
2022-01-06 23:36:10.760368421+00:00,2728.0,3.6,5.2,4.69,1141.0
2022-01-06 23:37:10.813000+00:00,2728.0,0.1,5.2,4.69,1141.0
2022-01-06 23:37:12.813000+00:00,2728.0,0.0,5.2,4.69,1141.0
2022-01-06 23:38:39.812000+00:00,2731.0,2.4,5.2,4.94,1192.0
2022-01-06 23:39:42.548842105+00:00,2731.0,5.1,5.2,4.94,1192.0
2022-01-06 23:40:45.285684211+00:00,2731.0,5.2,5.2,4.94,1192.0
2022-01-06 23:41:48.022526316+00:00,2731.0,5.2,5.2,4.94,1192.0
2022-01-06 23:42:50.759368421+00:00,2731.0,5.2,5.2,4.94,1192.0
2022-01-06 23:43:53.496210526+00:00,2731.0,5.2,5.2,4.94,1192.0
2022-01-06 23:44:56.233052632+00:00,2731.0,5.2,5.2,4.94,1192.0
2022-01-06 23:45:58.969894737+00:00,2731.0,5.2,5.2,4.94,1192.0
2022-01-06 23:47:01.706736842+00:00,2731.0,5.2,5.2,4.94,1192.0
2022-01-06 23:48:04.443578947+00:00,2731.0,5.1,5.2,4.94,1192.0
2022-01-06 23:49:07.180421053+00:00,2731.0,5.2,5.2,4.94,1192.0
2022-01-06 23:50:09.917263158+00:00,2731.0,5.2,5.2,4.94,1192.0
2022-01-06 23:51:12.654105263+00:00,2731.0,5.2,5.2,4.94,1192.0
2022-01-06 23:52:15.390947368+00:00,2731.0,5.1,5.2,4.94,1192.0
2022-01-06 23:53:18.127789474+00:00,2731.0,5.2,5.2,4.94,1192.0
2022-01-06 23:54:20.864631579+00:00,2731.0,5.2,5.2,4.94,1192.0
2022-01-06 23:55:23.601473684+00:00,2731.0,5.2,5.2,4.94,1192.0
2022-01-06 23:56:26.338315789+00:00,2731.0,5.2,5.2,4.94,1192.0
2022-01-06 23:57:29.075157894+00:00,2731.0,5.2,5.2,4.94,1192.0
2022-01-06 23:58:31.812000+00:00,2731.0,3.1,5.2,4.94,1192.0
2022-01-06 23:58:33.812000+00:00,2731.0,0.0,5.2,4.94,1192.0
2022-01-06 23:59:45.373000+00:00,2732.0,2.9,5.2,4.664705882352941,961.0
2022-01-07 00:00:45.435500+00:00,2732.0,5.1,5.2,4.664705882352941,961.0
2022-01-07 00:01:45.498000+00:00,2732.0,5.2,5.2,4.664705882352941,961.0
2022-01-07 00:02:45.560500+00:00,2732.0,5.2,5.2,4.664705882352941,961.0
2022-01-07 00:03:45.623000+00:00,2732.0,5.2,5.2,4.664705882352941,961.0
2022-01-07 00:04:45.685500+00:00,2732.0,5.2,5.2,4.664705882352941,961.0
2022-01-07 00:05:45.748000+00:00,2732.0,5.2,5.2,4.664705882352941,961.0
2022-01-07 00:06:45.810500+00:00,2732.0,5.2,5.2,4.664705882352941,961.0
2022-01-07 00:07:45.873000+00:00,2732.0,5.2,5.2,4.664705882352941,961.0
2022-01-07 00:08:45.935500+00:00,2732.0,5.2,5.2,4.664705882352941,961.0
2022-01-07 00:09:45.998000+00:00,2732.0,5.2,5.2,4.664705882352941,961.0
2022-01-07 00:10:46.060500+00:00,2732.0,5.2,5.2,4.664705882352941,961.0
2022-01-07 00:11:46.123000+00:00,2732.0,5.2,5.2,4.664705882352941,961.0
2022-01-07 00:12:46.185500+00:00,2732.0,5.2,5.2,4.664705882352941,961.0
2022-01-07 00:13:46.248000+00:00,2732.0,5.2,5.2,4.664705882352941,961.0
2022-01-07 00:14:46.310500+00:00,2732.0,3.6,5.2,4.664705882352941,961.0
2022-01-07 00:15:46.373000+00:00,2732.0,0.1,5.2,4.664705882352941,961.0
2022-01-07 00:15:48.373000+00:00,2732.0,0.0,5.2,4.664705882352941,961.0
2022-01-07 00:16:56.811000+00:00,2734.0,4.5,5.2,4.829411764705883,1208.0
2022-01-07 00:18:12.311000+00:00,2734.0,5.2,5.2,4.829411764705883,1208.0
2022-01-07 00:19:27.811000+00:00,2734.0,5.2,5.2,4.829411764705883,1208.0
2022-01-07 00:20:43.311000+00:00,2734.0,5.2,5.2,4.829411764705883,1208.0
2022-01-07 00:21:58.811000+00:00,2734.0,5.2,5.2,4.829411764705883,1208.0
2022-01-07 00:23:14.311000+00:00,2734.0,5.2,5.2,4.829411764705883,1208.0
2022-01-07 00:24:29.811000+00:00,2734.0,5.2,5.2,4.829411764705883,1208.0
2022-01-07 00:25:45.311000+00:00,2734.0,5.2,5.2,4.829411764705883,1208.0
2022-01-07 00:27:00.811000+00:00,2734.0,5.2,5.2,4.829411764705883,1208.0
2022-01-07 00:28:16.311000+00:00,2734.0,5.2,5.2,4.829411764705883,1208.0
2022-01-07 00:29:31.811000+00:00,2734.0,5.2,5.2,4.829411764705883,1208.0
2022-01-07 00:30:47.311000+00:00,2734.0,5.2,5.2,4.829411764705883,1208.0
2022-01-07 00:32:02.811000+00:00,2734.0,5.2,5.2,4.829411764705883,1208.0
2022-01-07 00:33:18.311000+00:00,2734.0,5.2,5.2,4.829411764705883,1208.0
2022-01-07 00:34:33.811000+00:00,2734.0,5.2,5.2,4.829411764705883,1208.0
2022-01-07 00:35:49.311000+00:00,2734.0,4.3,5.2,4.829411764705883,1208.0
2022-01-07 00:37:04.811000+00:00,2734.0,0.5,5.2,4.829411764705883,1208.0
2022-01-07 00:37:06.811000+00:00,2734.0,0.0,5.2,4.829411764705883,1208.0
2022-01-07 00:38:12.811000+00:00,2734.0,2.0,5.2,4.688888888888889,780.0
2022-01-07 00:38:58.693352941+00:00,2734.0,4.5,5.2,4.688888888888889,780.0
2022-01-07 00:39:44.575705882+00:00,2734.0,5.2,5.2,4.688888888888889,780.0
2022-01-07 00:40:30.458058824+00:00,2734.0,5.2,5.2,4.688888888888889,780.0
2022-01-07 00:41:16.340411765+00:00,2734.0,5.2,5.2,4.688888888888889,780.0
2022-01-07 00:42:02.222764706+00:00,2734.0,5.2,5.2,4.688888888888889,780.0
2022-01-07 00:42:48.105117647+00:00,2734.0,5.2,5.2,4.688888888888889,780.0
2022-01-07 00:43:33.987470588+00:00,2734.0,5.2,5.2,4.688888888888889,780.0
2022-01-07 00:44:19.869823529+00:00,2734.0,5.2,5.2,4.688888888888889,780.0
2022-01-07 00:45:05.752176471+00:00,2734.0,5.2,5.2,4.688888888888889,780.0
2022-01-07 00:45:51.634529412+00:00,2734.0,5.2,5.2,4.688888888888889,780.0
2022-01-07 00:46:37.516882353+00:00,2734.0,5.2,5.2,4.688888888888889,780.0
2022-01-07 00:47:23.399235294+00:00,2734.0,5.2,5.2,4.688888888888889,780.0
2022-01-07 00:48:09.281588235+00:00,2734.0,5.2,5.2,4.688888888888889,780.0
2022-01-07 00:48:55.163941176+00:00,2734.0,5.2,5.2,4.688888888888889,780.0
2022-01-07 00:49:41.046294118+00:00,2734.0,5.2,5.2,4.688888888888889,780.0
2022-01-07 00:50:26.928647059+00:00,2734.0,4.3,5.2,4.688888888888889,780.0
2022-01-07 00:51:12.811000+00:00,2734.0,0.8,5.2,4.688888888888889,780.0
2022-01-07 00:51:14.811000+00:00,2734.0,0.0,5.2,4.688888888888889,780.0
2022-01-07 00:52:33.810000+00:00,2736.0,3.9,5.2,4.788235294117648,1206.0
2022-01-07 00:53:49.185000+00:00,2736.0,5.1,5.2,4.788235294117648,1206.0
2022-01-07 00:55:04.560000+00:00,2736.0,5.2,5.2,4.788235294117648,1206.0
2022-01-07 00:56:19.935000+00:00,2736.0,5.2,5.2,4.788235294117648,1206.0
2022-01-07 00:57:35.310000+00:00,2736.0,5.2,5.2,4.788235294117648,1206.0
2022-01-07 00:58:50.685000+00:00,2736.0,5.1,5.2,4.788235294117648,1206.0
2022-01-07 01:00:06.060000+00:00,2736.0,5.2,5.2,4.788235294117648,1206.0
2022-01-07 01:01:21.435000+00:00,2736.0,5.2,5.2,4.788235294117648,1206.0
2022-01-07 01:02:36.810000+00:00,2736.0,5.2,5.2,4.788235294117648,1206.0
2022-01-07 01:03:52.185000+00:00,2736.0,5.2,5.2,4.788235294117648,1206.0
2022-01-07 01:05:07.560000+00:00,2736.0,5.2,5.2,4.788235294117648,1206.0
2022-01-07 01:06:22.935000+00:00,2736.0,5.2,5.2,4.788235294117648,1206.0
2022-01-07 01:07:38.310000+00:00,2736.0,5.2,5.2,4.788235294117648,1206.0
2022-01-07 01:08:53.685000+00:00,2736.0,5.2,5.2,4.788235294117648,1206.0
2022-01-07 01:10:09.060000+00:00,2736.0,5.2,5.2,4.788235294117648,1206.0
2022-01-07 01:11:24.435000+00:00,2736.0,4.5,5.2,4.788235294117648,1206.0
2022-01-07 01:12:39.810000+00:00,2736.0,0.4,5.2,4.788235294117648,1206.0
2022-01-07 01:12:41.810000+00:00,2736.0,0.0,5.2,4.788235294117648,1206.0
2022-01-07 01:13:44.811000+00:00,2734.0,0.1,0.1,0.1,7.0
2022-01-07 01:13:46.811000+00:00,2734.0,0.0,0.1,0.1,7.0
2022-01-07 01:14:24.371000+00:00,2740.0,1.5,5.2,4.765000000000001,890.0
2022-01-07 01:15:11.213105263+00:00,2740.0,3.4,5.2,4.765000000000001,890.0
2022-01-07 01:15:58.055210526+00:00,2740.0,5.2,5.2,4.765000000000001,890.0
2022-01-07 01:16:44.897315789+00:00,2740.0,5.2,5.2,4.765000000000001,890.0
2022-01-07 01:17:31.739421053+00:00,2740.0,5.2,5.2,4.765000000000001,890.0
2022-01-07 01:18:18.581526316+00:00,2740.0,5.2,5.2,4.765000000000001,890.0
2022-01-07 01:19:05.423631579+00:00,2740.0,5.2,5.2,4.765000000000001,890.0
2022-01-07 01:19:52.265736842+00:00,2740.0,5.2,5.2,4.765000000000001,890.0
2022-01-07 01:20:39.107842105+00:00,2740.0,5.2,5.2,4.765000000000001,890.0
2022-01-07 01:21:25.949947368+00:00,2740.0,5.2,5.2,4.765000000000001,890.0
2022-01-07 01:22:12.792052632+00:00,2740.0,5.2,5.2,4.765000000000001,890.0
2022-01-07 01:22:59.634157894+00:00,2740.0,5.2,5.2,4.765000000000001,890.0
2022-01-07 01:23:46.476263158+00:00,2740.0,5.2,5.2,4.765000000000001,890.0
2022-01-07 01:24:33.318368421+00:00,2740.0,5.2,5.2,4.765000000000001,890.0
2022-01-07 01:25:20.160473684+00:00,2740.0,5.2,5.2,4.765000000000001,890.0
2022-01-07 01:26:07.002578947+00:00,2740.0,5.2,5.2,4.765000000000001,890.0
2022-01-07 01:26:53.844684211+00:00,2740.0,5.2,5.2,4.765000000000001,890.0
2022-01-07 01:27:40.686789474+00:00,2740.0,5.2,5.2,4.765000000000001,890.0
2022-01-07 01:28:27.528894737+00:00,2740.0,5.2,5.2,4.765000000000001,890.0
2022-01-07 01:29:14.371000+00:00,2740.0,2.0,5.2,4.765000000000001,890.0
2022-01-07 01:29:16.371000+00:00,2740.0,0.0,5.2,4.765000000000001,890.0
2022-01-07 01:50:44.370000+00:00,2732.0,0.1,0.1,0.1,4.0
2022-01-07 01:50:46.370000+00:00,2732.0,0.0,0.1,0.1,4.0
2022-01-07 02:10:54.809000+00:00,2726.0,0.1,0.1,0.1,4.0
2022-01-07 02:10:56.809000+00:00,2726.0,0.0,0.1,0.1,4.0
2022-01-07 02:15:43.369000+00:00,2729.0,0.5,0.5,0.35,18.0
2022-01-07 02:16:01.369000+00:00,2729.0,0.2,0.5,0.35,18.0
2022-01-07 02:16:03.369000+00:00,2729.0,0.0,0.5,0.35,18.0
2022-01-07 02:16:08.369000+00:00,2749.0,7.8,12.9,11.76,1164.0
2022-01-07 02:17:09.632157894+00:00,2749.0,11.4,12.9,11.76,1164.0
2022-01-07 02:18:10.895315789+00:00,2749.0,11.7,12.9,11.76,1164.0
2022-01-07 02:19:12.158473684+00:00,2749.0,12.1,12.9,11.76,1164.0
2022-01-07 02:20:13.421631579+00:00,2749.0,12.1,12.9,11.76,1164.0
2022-01-07 02:21:14.684789474+00:00,2749.0,12.1,12.9,11.76,1164.0
2022-01-07 02:22:15.947947368+00:00,2749.0,12.1,12.9,11.76,1164.0
2022-01-07 02:23:17.211105263+00:00,2749.0,12.2,12.9,11.76,1164.0
2022-01-07 02:24:18.474263158+00:00,2749.0,12.7,12.9,11.76,1164.0
2022-01-07 02:25:19.737421053+00:00,2749.0,12.9,12.9,11.76,1164.0
2022-01-07 02:26:21.000578947+00:00,2749.0,12.8,12.9,11.76,1164.0
2022-01-07 02:27:22.263736842+00:00,2749.0,12.8,12.9,11.76,1164.0
2022-01-07 02:28:23.526894737+00:00,2749.0,12.8,12.9,11.76,1164.0
2022-01-07 02:29:24.790052632+00:00,2749.0,12.8,12.9,11.76,1164.0
2022-01-07 02:30:26.053210526+00:00,2749.0,12.8,12.9,11.76,1164.0
2022-01-07 02:31:27.316368421+00:00,2749.0,12.8,12.9,11.76,1164.0
2022-01-07 02:32:28.579526316+00:00,2749.0,12.8,12.9,11.76,1164.0
2022-01-07 02:33:29.842684211+00:00,2749.0,12.8,12.9,11.76,1164.0
2022-01-07 02:34:31.105842105+00:00,2749.0,12.0,12.9,11.76,1164.0
2022-01-07 02:35:32.369000+00:00,2749.0,3.7,12.9,11.76,1164.0
2022-01-07 02:35:34.369000+00:00,2749.0,0.0,12.9,11.76,1164.0
2022-01-07 02:53:41.368000+00:00,2732.0,0.1,0.1,0.1,2.0
2022-01-07 02:53:43.368000+00:00,2732.0,0.0,0.1,0.1,2.0
2022-01-07 02:54:04.368000+00:00,2753.0,6.9,11.8,9.337500000000002,696.0
2022-01-07 02:54:50.768000+00:00,2753.0,8.4,11.8,9.337500000000002,696.0
2022-01-07 02:55:37.168000+00:00,2753.0,9.9,11.8,9.337500000000002,696.0
2022-01-07 02:56:23.568000+00:00,2753.0,10.4,11.8,9.337500000000002,696.0
2022-01-07 02:57:09.968000+00:00,2753.0,9.9,11.8,9.337500000000002,696.0
2022-01-07 02:57:56.368000+00:00,2753.0,10.0,11.8,9.337500000000002,696.0
2022-01-07 02:58:42.768000+00:00,2753.0,9.9,11.8,9.337500000000002,696.0
2022-01-07 02:59:29.168000+00:00,2753.0,9.9,11.8,9.337500000000002,696.0
2022-01-07 03:00:15.568000+00:00,2753.0,9.7,11.8,9.337500000000002,696.0
2022-01-07 03:01:01.968000+00:00,2753.0,9.2,11.8,9.337500000000002,696.0
2022-01-07 03:01:48.368000+00:00,2753.0,10.2,11.8,9.337500000000002,696.0
2022-01-07 03:02:34.768000+00:00,2753.0,10.4,11.8,9.337500000000002,696.0
2022-01-07 03:03:21.168000+00:00,2753.0,11.8,11.8,9.337500000000002,696.0
2022-01-07 03:04:07.568000+00:00,2753.0,11.7,11.8,9.337500000000002,696.0
2022-01-07 03:04:53.968000+00:00,2753.0,9.1,11.8,9.337500000000002,696.0
2022-01-07 03:05:40.368000+00:00,2753.0,2.0,11.8,9.337500000000002,696.0
2022-01-07 03:05:42.368000+00:00,2753.0,0.0,11.8,9.337500000000002,696.0
2022-01-07 03:06:02.368000+00:00,2739.0,0.2,0.2,0.2,3.0
2022-01-07 03:06:04.368000+00:00,2739.0,0.0,0.2,0.2,3.0
2022-01-07 03:06:09.807000+00:00,2740.0,1.0,1.0,0.8333333333333334,35.0
2022-01-07 03:06:27.307000+00:00,2740.0,1.0,1.0,0.8333333333333334,35.0
2022-01-07 03:06:44.807000+00:00,2740.0,0.5,1.0,0.8333333333333334,35.0
2022-01-07 03:06:46.807000+00:00,2740.0,0.0,1.0,0.8333333333333334,35.0
2022-01-07 03:07:14.368000+00:00,2742.0,0.1,0.1,0.1,3.0
2022-01-07 03:07:16.368000+00:00,2742.0,0.0,0.1,0.1,3.0
2022-01-07 03:17:31.367000+00:00,2738.0,0.4,0.4,0.4,8.0
2022-01-07 03:17:33.367000+00:00,2738.0,0.0,0.4,0.4,8.0
2022-01-07 03:17:38.807000+00:00,2739.0,0.8,0.8,0.5,21.0
2022-01-07 03:17:59.807000+00:00,2739.0,0.2,0.8,0.5,21.0
2022-01-07 03:18:01.807000+00:00,2739.0,0.0,0.8,0.5,21.0
2022-01-07 03:18:47.807000+00:00,2742.0,1.7,2.4,1.6000000000000003,81.0
2022-01-07 03:19:04.007000+00:00,2742.0,2.2,2.4,1.6000000000000003,81.0
2022-01-07 03:19:20.207000+00:00,2742.0,2.4,2.4,1.6000000000000003,81.0
2022-01-07 03:19:36.407000+00:00,2742.0,1.8,2.4,1.6000000000000003,81.0
2022-01-07 03:19:52.607000+00:00,2742.0,1.4,2.4,1.6000000000000003,81.0
2022-01-07 03:20:08.807000+00:00,2742.0,0.1,2.4,1.6000000000000003,81.0
2022-01-07 03:20:10.807000+00:00,2742.0,0.0,2.4,1.6000000000000003,81.0
2022-01-07 03:20:15.367000+00:00,2757.0,10.9,14.5,10.53888888888889,1030.0
2022-01-07 03:21:15.955235294+00:00,2757.0,14.5,14.5,10.53888888888889,1030.0
2022-01-07 03:22:16.543470588+00:00,2757.0,13.0,14.5,10.53888888888889,1030.0
2022-01-07 03:23:17.131705882+00:00,2757.0,11.3,14.5,10.53888888888889,1030.0
2022-01-07 03:24:17.719941176+00:00,2757.0,9.5,14.5,10.53888888888889,1030.0
2022-01-07 03:25:18.308176471+00:00,2757.0,9.1,14.5,10.53888888888889,1030.0
2022-01-07 03:26:18.896411765+00:00,2757.0,9.9,14.5,10.53888888888889,1030.0
2022-01-07 03:27:19.484647059+00:00,2757.0,10.6,14.5,10.53888888888889,1030.0
2022-01-07 03:28:20.072882353+00:00,2757.0,11.1,14.5,10.53888888888889,1030.0
2022-01-07 03:29:20.661117647+00:00,2757.0,11.0,14.5,10.53888888888889,1030.0
2022-01-07 03:30:21.249352941+00:00,2757.0,11.0,14.5,10.53888888888889,1030.0
2022-01-07 03:31:21.837588235+00:00,2757.0,11.1,14.5,10.53888888888889,1030.0
2022-01-07 03:32:22.425823529+00:00,2757.0,11.4,14.5,10.53888888888889,1030.0
2022-01-07 03:33:23.014058824+00:00,2757.0,11.3,14.5,10.53888888888889,1030.0
2022-01-07 03:34:23.602294118+00:00,2757.0,11.0,14.5,10.53888888888889,1030.0
2022-01-07 03:35:24.190529412+00:00,2757.0,10.9,14.5,10.53888888888889,1030.0
2022-01-07 03:36:24.778764706+00:00,2757.0,9.8,14.5,10.53888888888889,1030.0
2022-01-07 03:37:25.367000+00:00,2757.0,2.3,14.5,10.53888888888889,1030.0
2022-01-07 03:37:27.367000+00:00,2757.0,0.0,14.5,10.53888888888889,1030.0
2022-01-07 04:21:35.366000+00:00,2758.0,1.0,1.2,0.9666666666666668,35.0
2022-01-07 04:21:52.866000+00:00,2758.0,1.2,1.2,0.9666666666666668,35.0
2022-01-07 04:22:10.366000+00:00,2758.0,0.7,1.2,0.9666666666666668,35.0
2022-01-07 04:22:12.366000+00:00,2758.0,0.0,1.2,0.9666666666666668,35.0
2022-01-07 04:22:17.366000+00:00,2763.0,1.0,2.1,1.6785714285714288,209.0
2022-01-07 04:22:33.442923077+00:00,2763.0,1.7,2.1,1.6785714285714288,209.0
2022-01-07 04:22:49.519846154+00:00,2763.0,1.9,2.1,1.6785714285714288,209.0
2022-01-07 04:23:05.596769231+00:00,2763.0,2.0,2.1,1.6785714285714288,209.0
2022-01-07 04:23:21.673692308+00:00,2763.0,1.8,2.1,1.6785714285714288,209.0
2022-01-07 04:23:37.750615385+00:00,2763.0,1.7,2.1,1.6785714285714288,209.0
2022-01-07 04:23:53.827538462+00:00,2763.0,2.0,2.1,1.6785714285714288,209.0
2022-01-07 04:24:09.904461538+00:00,2763.0,2.1,2.1,1.6785714285714288,209.0
2022-01-07 04:24:25.981384615+00:00,2763.0,2.1,2.1,1.6785714285714288,209.0
2022-01-07 04:24:42.058307692+00:00,2763.0,2.0,2.1,1.6785714285714288,209.0
2022-01-07 04:24:58.135230769+00:00,2763.0,1.8,2.1,1.6785714285714288,209.0
2022-01-07 04:25:14.212153846+00:00,2763.0,1.6,2.1,1.6785714285714288,209.0
2022-01-07 04:25:30.289076923+00:00,2763.0,1.1,2.1,1.6785714285714288,209.0
2022-01-07 04:25:46.366000+00:00,2763.0,0.7,2.1,1.6785714285714288,209.0
2022-01-07 04:25:48.366000+00:00,2763.0,0.0,2.1,1.6785714285714288,209.0
2022-01-07 04:27:56.805000+00:00,2774.0,0.8,0.8,0.8,12.0
2022-01-07 04:27:58.805000+00:00,2774.0,0.0,0.8,0.8,12.0
2022-01-07 04:53:51.364000+00:00,2778.0,10.5,12.5,12.0,1585.0
2022-01-07 04:55:24.599294118+00:00,2778.0,12.5,12.5,12.0,1585.0
2022-01-07 04:56:57.834588235+00:00,2778.0,12.5,12.5,12.0,1585.0
2022-01-07 04:58:31.069882353+00:00,2778.0,12.5,12.5,12.0,1585.0
2022-01-07 05:00:04.305176471+00:00,2778.0,12.5,12.5,12.0,1585.0
2022-01-07 05:01:37.540470588+00:00,2778.0,12.5,12.5,12.0,1585.0
2022-01-07 05:03:10.775764706+00:00,2778.0,12.5,12.5,12.0,1585.0
2022-01-07 05:04:44.011058824+00:00,2778.0,12.5,12.5,12.0,1585.0
2022-01-07 05:06:17.246352941+00:00,2778.0,12.5,12.5,12.0,1585.0
2022-01-07 05:07:50.481647059+00:00,2778.0,12.5,12.5,12.0,1585.0
2022-01-07 05:09:23.716941176+00:00,2778.0,12.4,12.5,12.0,1585.0
2022-01-07 05:10:56.952235294+00:00,2778.0,12.5,12.5,12.0,1585.0
2022-01-07 05:12:30.187529412+00:00,2778.0,12.5,12.5,12.0,1585.0
2022-01-07 05:14:03.422823529+00:00,2778.0,12.5,12.5,12.0,1585.0
2022-01-07 05:15:36.658117647+00:00,2778.0,12.5,12.5,12.0,1585.0
2022-01-07 05:17:09.893411765+00:00,2778.0,12.5,12.5,12.0,1585.0
2022-01-07 05:18:43.128705882+00:00,2778.0,12.4,12.5,12.0,1585.0
2022-01-07 05:20:16.364000+00:00,2778.0,5.7,12.5,12.0,1585.0
2022-01-07 05:20:18.364000+00:00,2778.0,0.0,12.5,12.0,1585.0
2022-01-07 05:21:28.803000+00:00,2779.0,9.9,12.6,11.552941176470588,1203.0
2022-01-07 05:22:43.990500+00:00,2779.0,12.6,12.6,11.552941176470588,1203.0
2022-01-07 05:23:59.178000+00:00,2779.0,12.6,12.6,11.552941176470588,1203.0
2022-01-07 05:25:14.365500+00:00,2779.0,12.6,12.6,11.552941176470588,1203.0
2022-01-07 05:26:29.553000+00:00,2779.0,12.6,12.6,11.552941176470588,1203.0
2022-01-07 05:27:44.740500+00:00,2779.0,12.6,12.6,11.552941176470588,1203.0
2022-01-07 05:28:59.928000+00:00,2779.0,12.6,12.6,11.552941176470588,1203.0
2022-01-07 05:30:15.115500+00:00,2779.0,12.6,12.6,11.552941176470588,1203.0
2022-01-07 05:31:30.303000+00:00,2779.0,12.6,12.6,11.552941176470588,1203.0
2022-01-07 05:32:45.490500+00:00,2779.0,12.6,12.6,11.552941176470588,1203.0
2022-01-07 05:34:00.678000+00:00,2779.0,12.6,12.6,11.552941176470588,1203.0
2022-01-07 05:35:15.865500+00:00,2779.0,12.6,12.6,11.552941176470588,1203.0
2022-01-07 05:36:31.053000+00:00,2779.0,12.5,12.6,11.552941176470588,1203.0
2022-01-07 05:37:46.240500+00:00,2779.0,12.6,12.6,11.552941176470588,1203.0
2022-01-07 05:39:01.428000+00:00,2779.0,12.6,12.6,11.552941176470588,1203.0
2022-01-07 05:40:16.615500+00:00,2779.0,9.8,12.6,11.552941176470588,1203.0
2022-01-07 05:41:31.803000+00:00,2779.0,0.4,12.6,11.552941176470588,1203.0
2022-01-07 05:41:33.803000+00:00,2779.0,0.0,12.6,11.552941176470588,1203.0
2022-01-07 05:42:42.363000+00:00,2777.0,10.0,12.5,11.494117647058822,1204.0
2022-01-07 05:43:57.613000+00:00,2777.0,12.5,12.5,11.494117647058822,1204.0
2022-01-07 05:45:12.863000+00:00,2777.0,12.5,12.5,11.494117647058822,1204.0
2022-01-07 05:46:28.113000+00:00,2777.0,12.4,12.5,11.494117647058822,1204.0
2022-01-07 05:47:43.363000+00:00,2777.0,12.4,12.5,11.494117647058822,1204.0
2022-01-07 05:48:58.613000+00:00,2777.0,12.5,12.5,11.494117647058822,1204.0
2022-01-07 05:50:13.863000+00:00,2777.0,12.5,12.5,11.494117647058822,1204.0
2022-01-07 05:51:29.113000+00:00,2777.0,12.5,12.5,11.494117647058822,1204.0
2022-01-07 05:52:44.363000+00:00,2777.0,12.5,12.5,11.494117647058822,1204.0
2022-01-07 05:53:59.613000+00:00,2777.0,12.5,12.5,11.494117647058822,1204.0
2022-01-07 05:55:14.863000+00:00,2777.0,12.5,12.5,11.494117647058822,1204.0
2022-01-07 05:56:30.113000+00:00,2777.0,12.5,12.5,11.494117647058822,1204.0
2022-01-07 05:57:45.363000+00:00,2777.0,12.5,12.5,11.494117647058822,1204.0
2022-01-07 05:59:00.613000+00:00,2777.0,12.5,12.5,11.494117647058822,1204.0
2022-01-07 06:00:15.863000+00:00,2777.0,12.5,12.5,11.494117647058822,1204.0
2022-01-07 06:01:31.113000+00:00,2777.0,9.9,12.5,11.494117647058822,1204.0
2022-01-07 06:02:46.363000+00:00,2777.0,0.7,12.5,11.494117647058822,1204.0
2022-01-07 06:02:48.363000+00:00,2777.0,0.0,12.5,11.494117647058822,1204.0
2022-01-07 06:04:06.801000+00:00,2778.0,9.8,12.5,11.833333333333334,1307.0
2022-01-07 06:05:23.683352941+00:00,2778.0,12.5,12.5,11.833333333333334,1307.0
2022-01-07 06:06:40.565705882+00:00,2778.0,12.4,12.5,11.833333333333334,1307.0
2022-01-07 06:07:57.448058824+00:00,2778.0,12.5,12.5,11.833333333333334,1307.0
2022-01-07 06:09:14.330411765+00:00,2778.0,12.5,12.5,11.833333333333334,1307.0
2022-01-07 06:10:31.212764706+00:00,2778.0,12.4,12.5,11.833333333333334,1307.0
2022-01-07 06:11:48.095117647+00:00,2778.0,12.4,12.5,11.833333333333334,1307.0
2022-01-07 06:13:04.977470588+00:00,2778.0,12.4,12.5,11.833333333333334,1307.0
2022-01-07 06:14:21.859823529+00:00,2778.0,12.4,12.5,11.833333333333334,1307.0
2022-01-07 06:15:38.742176471+00:00,2778.0,12.4,12.5,11.833333333333334,1307.0
2022-01-07 06:16:55.624529412+00:00,2778.0,12.5,12.5,11.833333333333334,1307.0
2022-01-07 06:18:12.506882353+00:00,2778.0,12.5,12.5,11.833333333333334,1307.0
2022-01-07 06:19:29.389235294+00:00,2778.0,12.4,12.5,11.833333333333334,1307.0
2022-01-07 06:20:46.271588235+00:00,2778.0,12.5,12.5,11.833333333333334,1307.0
2022-01-07 06:22:03.153941176+00:00,2778.0,12.5,12.5,11.833333333333334,1307.0
2022-01-07 06:23:20.036294118+00:00,2778.0,12.5,12.5,11.833333333333334,1307.0
2022-01-07 06:24:36.918647059+00:00,2778.0,12.4,12.5,11.833333333333334,1307.0
2022-01-07 06:25:53.801000+00:00,2778.0,4.0,12.5,11.833333333333334,1307.0
2022-01-07 06:25:55.801000+00:00,2778.0,0.0,12.5,11.833333333333334,1307.0
2022-01-07 06:26:33.362000+00:00,2753.0,0.3,0.3,0.3,7.0
2022-01-07 06:26:35.362000+00:00,2753.0,0.0,0.3,0.3,7.0
2022-01-07 06:26:54.801000+00:00,2754.0,0.3,0.3,0.3,13.0
2022-01-07 06:26:56.801000+00:00,2754.0,0.0,0.3,0.3,13.0
2022-01-07 06:27:07.362000+00:00,2755.0,0.2,0.2,0.2,5.0
2022-01-07 06:27:09.362000+00:00,2755.0,0.0,0.2,0.2,5.0
2022-01-07 06:52:04.362000+00:00,2753.0,0.1,0.1,0.1,7.0
2022-01-07 06:52:06.362000+00:00,2753.0,0.0,0.1,0.1,7.0
2022-01-07 06:52:53.361000+00:00,2757.0,2.9,2.9,1.9,39.0
2022-01-07 06:53:12.861000+00:00,2757.0,2.1,2.9,1.9,39.0
2022-01-07 06:53:32.361000+00:00,2757.0,0.7,2.9,1.9,39.0
2022-01-07 06:53:34.361000+00:00,2757.0,0.0,2.9,1.9,39.0
2022-01-07 07:04:34.361000+00:00,2756.0,0.4,0.4,0.4,6.0
2022-01-07 07:04:36.361000+00:00,2756.0,0.0,0.4,0.4,6.0
2022-01-07 07:05:11.361000+00:00,2760.0,1.3,1.3,1.1,28.0
2022-01-07 07:05:39.361000+00:00,2760.0,0.9,1.3,1.1,28.0
2022-01-07 07:05:41.361000+00:00,2760.0,0.0,1.3,1.1,28.0
2022-01-07 07:05:52.800000+00:00,2761.0,0.2,0.2,0.2,6.0
2022-01-07 07:05:54.800000+00:00,2761.0,0.0,0.2,0.2,6.0
2022-01-07 07:22:20.360000+00:00,2780.0,7.2,8.7,7.655555555555556,1067.0
2022-01-07 07:23:23.124705882+00:00,2780.0,8.5,8.7,7.655555555555556,1067.0
2022-01-07 07:24:25.889411765+00:00,2780.0,8.6,8.7,7.655555555555556,1067.0
2022-01-07 07:25:28.654117647+00:00,2780.0,7.1,8.7,7.655555555555556,1067.0
2022-01-07 07:26:31.418823529+00:00,2780.0,8.3,8.7,7.655555555555556,1067.0
2022-01-07 07:27:34.183529412+00:00,2780.0,8.2,8.7,7.655555555555556,1067.0
2022-01-07 07:28:36.948235294+00:00,2780.0,8.7,8.7,7.655555555555556,1067.0
2022-01-07 07:29:39.712941176+00:00,2780.0,8.0,8.7,7.655555555555556,1067.0
2022-01-07 07:30:42.477647059+00:00,2780.0,7.7,8.7,7.655555555555556,1067.0
2022-01-07 07:31:45.242352941+00:00,2780.0,7.6,8.7,7.655555555555556,1067.0
2022-01-07 07:32:48.007058824+00:00,2780.0,7.7,8.7,7.655555555555556,1067.0
2022-01-07 07:33:50.771764706+00:00,2780.0,7.7,8.7,7.655555555555556,1067.0
2022-01-07 07:34:53.536470588+00:00,2780.0,7.7,8.7,7.655555555555556,1067.0
2022-01-07 07:35:56.301176471+00:00,2780.0,7.8,8.7,7.655555555555556,1067.0
2022-01-07 07:36:59.065882353+00:00,2780.0,7.8,8.7,7.655555555555556,1067.0
2022-01-07 07:38:01.830588235+00:00,2780.0,7.9,8.7,7.655555555555556,1067.0
2022-01-07 07:39:04.595294118+00:00,2780.0,7.9,8.7,7.655555555555556,1067.0
2022-01-07 07:40:07.360000+00:00,2780.0,3.4,8.7,7.655555555555556,1067.0
2022-01-07 07:40:09.360000+00:00,2780.0,0.0,8.7,7.655555555555556,1067.0
2022-01-07 07:57:00.360000+00:00,2783.0,6.4,7.9,7.0,726.0
2022-01-07 07:57:45.735000+00:00,2783.0,7.9,7.9,7.0,726.0
2022-01-07 07:58:31.110000+00:00,2783.0,7.6,7.9,7.0,726.0
2022-01-07 07:59:16.485000+00:00,2783.0,7.9,7.9,7.0,726.0
2022-01-07 08:00:01.860000+00:00,2783.0,7.8,7.9,7.0,726.0
2022-01-07 08:00:47.235000+00:00,2783.0,7.7,7.9,7.0,726.0
2022-01-07 08:01:32.610000+00:00,2783.0,7.6,7.9,7.0,726.0
2022-01-07 08:02:17.985000+00:00,2783.0,7.6,7.9,7.0,726.0
2022-01-07 08:03:03.360000+00:00,2783.0,7.7,7.9,7.0,726.0
2022-01-07 08:03:48.735000+00:00,2783.0,7.8,7.9,7.0,726.0
2022-01-07 08:04:34.110000+00:00,2783.0,7.6,7.9,7.0,726.0
2022-01-07 08:05:19.485000+00:00,2783.0,7.6,7.9,7.0,726.0
2022-01-07 08:06:04.860000+00:00,2783.0,7.5,7.9,7.0,726.0
2022-01-07 08:06:50.235000+00:00,2783.0,7.5,7.9,7.0,726.0
2022-01-07 08:07:35.610000+00:00,2783.0,6.5,7.9,7.0,726.0
2022-01-07 08:08:20.985000+00:00,2783.0,5.2,7.9,7.0,726.0
2022-01-07 08:09:06.360000+00:00,2783.0,1.1,7.9,7.0,726.0
2022-01-07 08:09:08.360000+00:00,2783.0,0.0,7.9,7.0,726.0
2022-01-07 08:09:15.360000+00:00,2770.0,0.1,0.1,0.1,2.0
2022-01-07 08:09:17.360000+00:00,2770.0,0.0,0.1,0.1,2.0
2022-01-07 08:09:31.360000+00:00,2771.0,0.1,0.1,0.1,1.0
2022-01-07 08:09:33.360000+00:00,2771.0,0.0,0.1,0.1,1.0
2022-01-07 08:18:41.359000+00:00,2784.0,5.4,7.7,6.35,802.0
2022-01-07 08:19:28.535470588+00:00,2784.0,7.1,7.7,6.35,802.0
2022-01-07 08:20:15.711941176+00:00,2784.0,7.4,7.7,6.35,802.0
2022-01-07 08:21:02.888411765+00:00,2784.0,6.5,7.7,6.35,802.0
2022-01-07 08:21:50.064882353+00:00,2784.0,7.0,7.7,6.35,802.0
2022-01-07 08:22:37.241352941+00:00,2784.0,7.0,7.7,6.35,802.0
2022-01-07 08:23:24.417823529+00:00,2784.0,7.2,7.7,6.35,802.0
2022-01-07 08:24:11.594294118+00:00,2784.0,7.5,7.7,6.35,802.0
2022-01-07 08:24:58.770764706+00:00,2784.0,7.7,7.7,6.35,802.0
2022-01-07 08:25:45.947235294+00:00,2784.0,7.3,7.7,6.35,802.0
2022-01-07 08:26:33.123705882+00:00,2784.0,6.6,7.7,6.35,802.0
2022-01-07 08:27:20.300176471+00:00,2784.0,6.4,7.7,6.35,802.0
2022-01-07 08:28:07.476647059+00:00,2784.0,6.4,7.7,6.35,802.0
2022-01-07 08:28:54.653117647+00:00,2784.0,6.3,7.7,6.35,802.0
2022-01-07 08:29:41.829588235+00:00,2784.0,6.0,7.7,6.35,802.0
2022-01-07 08:30:29.006058824+00:00,2784.0,6.3,7.7,6.35,802.0
2022-01-07 08:31:16.182529412+00:00,2784.0,5.3,7.7,6.35,802.0
2022-01-07 08:32:03.359000+00:00,2784.0,0.9,7.7,6.35,802.0
2022-01-07 08:32:05.359000+00:00,2784.0,0.0,7.7,6.35,802.0
2022-01-07 08:54:13.798000+00:00,2793.0,5.9,6.1,5.186666666666667,642.0
2022-01-07 08:54:59.655142857+00:00,2793.0,6.1,6.1,5.186666666666667,642.0
2022-01-07 08:55:45.512285714+00:00,2793.0,6.1,6.1,5.186666666666667,642.0
2022-01-07 08:56:31.369428571+00:00,2793.0,5.3,6.1,5.186666666666667,642.0
2022-01-07 08:57:17.226571429+00:00,2793.0,5.3,6.1,5.186666666666667,642.0
2022-01-07 08:58:03.083714286+00:00,2793.0,5.0,6.1,5.186666666666667,642.0
2022-01-07 08:58:48.940857143+00:00,2793.0,5.3,6.1,5.186666666666667,642.0
2022-01-07 08:59:34.798000+00:00,2793.0,5.3,6.1,5.186666666666667,642.0
2022-01-07 09:00:20.655142857+00:00,2793.0,5.6,6.1,5.186666666666667,642.0
2022-01-07 09:01:06.512285714+00:00,2793.0,5.7,6.1,5.186666666666667,642.0
2022-01-07 09:01:52.369428571+00:00,2793.0,5.5,6.1,5.186666666666667,642.0
2022-01-07 09:02:38.226571429+00:00,2793.0,5.8,6.1,5.186666666666667,642.0
2022-01-07 09:03:24.083714286+00:00,2793.0,5.6,6.1,5.186666666666667,642.0
2022-01-07 09:04:09.940857143+00:00,2793.0,4.9,6.1,5.186666666666667,642.0
2022-01-07 09:04:55.798000+00:00,2793.0,0.4,6.1,5.186666666666667,642.0
2022-01-07 09:04:57.798000+00:00,2793.0,0.0,6.1,5.186666666666667,642.0
2022-01-07 09:05:19.358000+00:00,2794.0,5.4,7.6,4.614285714285715,426.0
2022-01-07 09:05:49.786571429+00:00,2794.0,7.6,7.6,4.614285714285715,426.0
2022-01-07 09:06:20.215142857+00:00,2794.0,6.6,7.6,4.614285714285715,426.0
2022-01-07 09:06:50.643714286+00:00,2794.0,5.2,7.6,4.614285714285715,426.0
2022-01-07 09:07:21.072285714+00:00,2794.0,3.9,7.6,4.614285714285715,426.0
2022-01-07 09:07:51.500857143+00:00,2794.0,4.3,7.6,4.614285714285715,426.0
2022-01-07 09:08:21.929428571+00:00,2794.0,4.3,7.6,4.614285714285715,426.0
2022-01-07 09:08:52.358000+00:00,2794.0,4.2,7.6,4.614285714285715,426.0
2022-01-07 09:09:22.786571429+00:00,2794.0,4.1,7.6,4.614285714285715,426.0
2022-01-07 09:09:53.215142857+00:00,2794.0,4.1,7.6,4.614285714285715,426.0
2022-01-07 09:10:23.643714286+00:00,2794.0,4.1,7.6,4.614285714285715,426.0
2022-01-07 09:10:54.072285714+00:00,2794.0,4.0,7.6,4.614285714285715,426.0
2022-01-07 09:11:24.500857143+00:00,2794.0,4.1,7.6,4.614285714285715,426.0
2022-01-07 09:11:54.929428571+00:00,2794.0,2.7,7.6,4.614285714285715,426.0
2022-01-07 09:12:25.358000+00:00,2794.0,0.0,7.6,4.614285714285715,426.0
2022-01-07 09:12:27.358000+00:00,2794.0,0.0,7.6,4.614285714285715,426.0
2022-01-07 09:21:36.358000+00:00,2797.0,0.0,0.0,0.0,0.0
2022-01-07 09:21:36.358000+00:00,2797.0,0.0,0.0,0.0,0.0
2022-01-07 09:21:36.358000+00:00,2797.0,0.0,0.0,0.0,0.0
2022-01-07 09:21:36.358000+00:00,2797.0,0.0,0.0,0.0,0.0
2022-01-07 09:21:36.358000+00:00,2797.0,0.0,0.0,0.0,0.0
2022-01-07 09:21:36.358000+00:00,2797.0,0.0,0.0,0.0,0.0
2022-01-07 09:21:36.358000+00:00,2797.0,0.0,0.0,0.0,0.0
2022-01-07 09:21:36.358000+00:00,2797.0,0.0,0.0,0.0,0.0
2022-01-07 09:21:36.358000+00:00,2797.0,0.0,0.0,0.0,0.0
2022-01-07 09:21:36.358000+00:00,2797.0,0.0,0.0,0.0,0.0
2022-01-07 09:21:36.358000+00:00,2797.0,0.0,0.0,0.0,0.0
2022-01-07 09:21:36.358000+00:00,2797.0,0.0,0.0,0.0,0.0
2022-01-07 09:21:36.358000+00:00,2797.0,0.0,0.0,0.0,0.0
2022-01-07 09:21:36.358000+00:00,2797.0,0.0,0.0,0.0,0.0
2022-01-07 09:21:36.358000+00:00,2797.0,0.0,0.0,0.0,0.0
2022-01-07 09:21:36.358000+00:00,2797.0,0.0,0.0,0.0,0.0
2022-01-07 09:21:36.358000+00:00,2797.0,0.0,0.0,0.0,0.0
2022-01-07 09:21:36.358000+00:00,2797.0,0.0,0.0,0.0,0.0
2022-01-07 09:21:36.358000+00:00,2797.0,0.0,0.0,0.0,0.0
2022-01-07 09:21:36.358000+00:00,2797.0,0.0,0.0,0.0,0.0
2022-01-07 09:21:38.358000+00:00,2797.0,0.0,0.0,0.0,0.0
2022-01-07 09:26:34.797000+00:00,2782.0,2.1,18.1,14.66,1174.0
2022-01-07 09:27:36.586473684+00:00,2782.0,2.0,18.1,14.66,1174.0
2022-01-07 09:28:38.375947368+00:00,2782.0,1.9,18.1,14.66,1174.0
2022-01-07 09:29:40.165421053+00:00,2782.0,12.4,18.1,14.66,1174.0
2022-01-07 09:30:41.954894737+00:00,2782.0,17.6,18.1,14.66,1174.0
2022-01-07 09:31:43.744368421+00:00,2782.0,18.1,18.1,14.66,1174.0
2022-01-07 09:32:45.533842105+00:00,2782.0,18.1,18.1,14.66,1174.0
2022-01-07 09:33:47.323315789+00:00,2782.0,18.0,18.1,14.66,1174.0
2022-01-07 09:34:49.112789474+00:00,2782.0,18.0,18.1,14.66,1174.0
2022-01-07 09:35:50.902263158+00:00,2782.0,18.0,18.1,14.66,1174.0
2022-01-07 09:36:52.691736842+00:00,2782.0,18.1,18.1,14.66,1174.0
2022-01-07 09:37:54.481210526+00:00,2782.0,18.0,18.1,14.66,1174.0
2022-01-07 09:38:56.270684211+00:00,2782.0,18.0,18.1,14.66,1174.0
2022-01-07 09:39:58.060157894+00:00,2782.0,18.1,18.1,14.66,1174.0
2022-01-07 09:40:59.849631579+00:00,2782.0,18.1,18.1,14.66,1174.0
2022-01-07 09:42:01.639105263+00:00,2782.0,18.0,18.1,14.66,1174.0
2022-01-07 09:43:03.428578947+00:00,2782.0,18.1,18.1,14.66,1174.0
2022-01-07 09:44:05.218052632+00:00,2782.0,18.1,18.1,14.66,1174.0
2022-01-07 09:45:07.007526316+00:00,2782.0,17.5,18.1,14.66,1174.0
2022-01-07 09:46:08.797000+00:00,2782.0,5.0,18.1,14.66,1174.0
2022-01-07 09:46:10.797000+00:00,2782.0,0.0,18.1,14.66,1174.0
2022-01-07 09:47:54.357000+00:00,2749.0,11.1,17.1,10.495,1170.0
2022-01-07 09:48:55.935947368+00:00,2749.0,17.1,17.1,10.495,1170.0
2022-01-07 09:49:57.514894737+00:00,2749.0,16.0,17.1,10.495,1170.0
2022-01-07 09:50:59.093842105+00:00,2749.0,16.4,17.1,10.495,1170.0
2022-01-07 09:52:00.672789474+00:00,2749.0,16.4,17.1,10.495,1170.0
2022-01-07 09:53:02.251736842+00:00,2749.0,14.9,17.1,10.495,1170.0
2022-01-07 09:54:03.830684211+00:00,2749.0,11.7,17.1,10.495,1170.0
2022-01-07 09:55:05.409631579+00:00,2749.0,9.7,17.1,10.495,1170.0
2022-01-07 09:56:06.988578947+00:00,2749.0,10.4,17.1,10.495,1170.0
2022-01-07 09:57:08.567526316+00:00,2749.0,10.5,17.1,10.495,1170.0
2022-01-07 09:58:10.146473684+00:00,2749.0,8.4,17.1,10.495,1170.0
2022-01-07 09:59:11.725421053+00:00,2749.0,8.1,17.1,10.495,1170.0
2022-01-07 10:00:13.304368421+00:00,2749.0,7.9,17.1,10.495,1170.0
2022-01-07 10:01:14.883315789+00:00,2749.0,8.0,17.1,10.495,1170.0
2022-01-07 10:02:16.462263158+00:00,2749.0,8.1,17.1,10.495,1170.0
2022-01-07 10:03:18.041210526+00:00,2749.0,8.3,17.1,10.495,1170.0
2022-01-07 10:04:19.620157894+00:00,2749.0,7.8,17.1,10.495,1170.0
2022-01-07 10:05:21.199105263+00:00,2749.0,7.0,17.1,10.495,1170.0
2022-01-07 10:06:22.778052632+00:00,2749.0,7.3,17.1,10.495,1170.0
2022-01-07 10:07:24.357000+00:00,2749.0,4.8,17.1,10.495,1170.0
2022-01-07 10:07:26.357000+00:00,2749.0,0.0,17.1,10.495,1170.0
2022-01-07 10:08:13.796000+00:00,2760.0,5.3,8.2,7.13125,678.0
2022-01-07 10:08:58.996000+00:00,2760.0,7.9,8.2,7.13125,678.0
2022-01-07 10:09:44.196000+00:00,2760.0,7.8,8.2,7.13125,678.0
2022-01-07 10:10:29.396000+00:00,2760.0,7.9,8.2,7.13125,678.0
2022-01-07 10:11:14.596000+00:00,2760.0,8.2,8.2,7.13125,678.0
2022-01-07 10:11:59.796000+00:00,2760.0,8.0,8.2,7.13125,678.0
2022-01-07 10:12:44.996000+00:00,2760.0,7.8,8.2,7.13125,678.0
2022-01-07 10:13:30.196000+00:00,2760.0,7.6,8.2,7.13125,678.0
2022-01-07 10:14:15.396000+00:00,2760.0,7.9,8.2,7.13125,678.0
2022-01-07 10:15:00.596000+00:00,2760.0,8.0,8.2,7.13125,678.0
2022-01-07 10:15:45.796000+00:00,2760.0,8.0,8.2,7.13125,678.0
2022-01-07 10:16:30.996000+00:00,2760.0,7.8,8.2,7.13125,678.0
2022-01-07 10:17:16.196000+00:00,2760.0,7.9,8.2,7.13125,678.0
2022-01-07 10:18:01.396000+00:00,2760.0,7.8,8.2,7.13125,678.0
2022-01-07 10:18:46.596000+00:00,2760.0,5.7,8.2,7.13125,678.0
2022-01-07 10:19:31.796000+00:00,2760.0,0.5,8.2,7.13125,678.0
2022-01-07 10:19:33.796000+00:00,2760.0,0.0,8.2,7.13125,678.0
2022-01-07 10:20:17.795000+00:00,2769.0,5.6,7.4,6.670588235294118,757.0
2022-01-07 10:21:05.107500+00:00,2769.0,7.4,7.4,6.670588235294118,757.0
2022-01-07 10:21:52.420000+00:00,2769.0,7.2,7.4,6.670588235294118,757.0
2022-01-07 10:22:39.732500+00:00,2769.0,7.0,7.4,6.670588235294118,757.0
2022-01-07 10:23:27.045000+00:00,2769.0,6.6,7.4,6.670588235294118,757.0
2022-01-07 10:24:14.357500+00:00,2769.0,6.5,7.4,6.670588235294118,757.0
2022-01-07 10:25:01.670000+00:00,2769.0,6.4,7.4,6.670588235294118,757.0
2022-01-07 10:25:48.982500+00:00,2769.0,6.7,7.4,6.670588235294118,757.0
2022-01-07 10:26:36.295000+00:00,2769.0,7.0,7.4,6.670588235294118,757.0
2022-01-07 10:27:23.607500+00:00,2769.0,7.1,7.4,6.670588235294118,757.0
2022-01-07 10:28:10.920000+00:00,2769.0,7.2,7.4,6.670588235294118,757.0
2022-01-07 10:28:58.232500+00:00,2769.0,7.3,7.4,6.670588235294118,757.0
2022-01-07 10:29:45.545000+00:00,2769.0,7.4,7.4,6.670588235294118,757.0
2022-01-07 10:30:32.857500+00:00,2769.0,7.3,7.4,6.670588235294118,757.0
2022-01-07 10:31:20.170000+00:00,2769.0,7.2,7.4,6.670588235294118,757.0
2022-01-07 10:32:07.482500+00:00,2769.0,6.9,7.4,6.670588235294118,757.0
2022-01-07 10:32:54.795000+00:00,2769.0,2.6,7.4,6.670588235294118,757.0
2022-01-07 10:32:56.795000+00:00,2769.0,0.0,7.4,6.670588235294118,757.0
2022-01-07 10:33:41.356000+00:00,2776.0,5.6,7.9,6.7642857142857125,621.0
2022-01-07 10:34:29.125230769+00:00,2776.0,6.8,7.9,6.7642857142857125,621.0
2022-01-07 10:35:16.894461538+00:00,2776.0,7.7,7.9,6.7642857142857125,621.0
2022-01-07 10:36:04.663692308+00:00,2776.0,7.9,7.9,6.7642857142857125,621.0
2022-01-07 10:36:52.432923077+00:00,2776.0,7.6,7.9,6.7642857142857125,621.0
2022-01-07 10:37:40.202153846+00:00,2776.0,7.2,7.9,6.7642857142857125,621.0
2022-01-07 10:38:27.971384615+00:00,2776.0,6.7,7.9,6.7642857142857125,621.0
2022-01-07 10:39:15.740615385+00:00,2776.0,7.3,7.9,6.7642857142857125,621.0
2022-01-07 10:40:03.509846154+00:00,2776.0,7.3,7.9,6.7642857142857125,621.0
2022-01-07 10:40:51.279076923+00:00,2776.0,7.1,7.9,6.7642857142857125,621.0
2022-01-07 10:41:39.048307692+00:00,2776.0,6.8,7.9,6.7642857142857125,621.0
2022-01-07 10:42:26.817538462+00:00,2776.0,6.8,7.9,6.7642857142857125,621.0
2022-01-07 10:43:14.586769231+00:00,2776.0,6.8,7.9,6.7642857142857125,621.0
2022-01-07 10:44:02.356000+00:00,2776.0,3.1,7.9,6.7642857142857125,621.0
2022-01-07 10:44:04.356000+00:00,2776.0,0.0,7.9,6.7642857142857125,621.0
2022-01-07 10:44:39.356000+00:00,2782.0,5.6,8.5,7.547368421052631,855.0
2022-01-07 10:45:24.356000+00:00,2782.0,7.4,8.5,7.547368421052631,855.0
2022-01-07 10:46:09.356000+00:00,2782.0,8.1,8.5,7.547368421052631,855.0
2022-01-07 10:46:54.356000+00:00,2782.0,7.7,8.5,7.547368421052631,855.0
2022-01-07 10:47:39.356000+00:00,2782.0,7.3,8.5,7.547368421052631,855.0
2022-01-07 10:48:24.356000+00:00,2782.0,8.5,8.5,7.547368421052631,855.0
2022-01-07 10:49:09.356000+00:00,2782.0,8.5,8.5,7.547368421052631,855.0
2022-01-07 10:49:54.356000+00:00,2782.0,8.0,8.5,7.547368421052631,855.0
2022-01-07 10:50:39.356000+00:00,2782.0,7.9,8.5,7.547368421052631,855.0
2022-01-07 10:51:24.356000+00:00,2782.0,7.8,8.5,7.547368421052631,855.0
2022-01-07 10:52:09.356000+00:00,2782.0,8.2,8.5,7.547368421052631,855.0
2022-01-07 10:52:54.356000+00:00,2782.0,8.5,8.5,7.547368421052631,855.0
2022-01-07 10:53:39.356000+00:00,2782.0,8.2,8.5,7.547368421052631,855.0
2022-01-07 10:54:24.356000+00:00,2782.0,7.6,8.5,7.547368421052631,855.0
2022-01-07 10:55:09.356000+00:00,2782.0,7.4,8.5,7.547368421052631,855.0
2022-01-07 10:55:54.356000+00:00,2782.0,6.9,8.5,7.547368421052631,855.0
2022-01-07 10:56:39.356000+00:00,2782.0,7.6,8.5,7.547368421052631,855.0
2022-01-07 10:57:24.356000+00:00,2782.0,7.2,8.5,7.547368421052631,855.0
2022-01-07 10:58:09.356000+00:00,2782.0,5.0,8.5,7.547368421052631,855.0
2022-01-07 10:58:54.356000+00:00,2782.0,0.0,8.5,7.547368421052631,855.0
2022-01-07 10:58:56.356000+00:00,2782.0,0.0,8.5,7.547368421052631,855.0
2022-01-07 11:10:16.355000+00:00,2773.0,0.2,0.2,0.2,4.0
2022-01-07 11:10:18.355000+00:00,2773.0,0.0,0.2,0.2,4.0
2022-01-07 11:10:23.355000+00:00,2774.0,0.6,0.6,0.5,21.0
2022-01-07 11:10:44.355000+00:00,2774.0,0.4,0.6,0.5,21.0
2022-01-07 11:10:46.355000+00:00,2774.0,0.0,0.6,0.5,21.0
2022-01-07 11:10:51.355000+00:00,2776.0,0.6,0.6,0.4499999999999999,21.0
2022-01-07 11:11:12.355000+00:00,2776.0,0.3,0.6,0.4499999999999999,21.0
2022-01-07 11:11:14.355000+00:00,2776.0,0.0,0.6,0.4499999999999999,21.0
2022-01-07 11:23:55.355000+00:00,2776.0,0.3,0.3,0.3,5.0
2022-01-07 11:23:57.355000+00:00,2776.0,0.0,0.3,0.3,5.0
2022-01-07 11:24:08.355000+00:00,2778.0,0.1,0.1,0.1,1.0
2022-01-07 11:24:10.355000+00:00,2778.0,0.0,0.1,0.1,1.0
2022-01-07 11:24:15.794000+00:00,2786.0,5.4,7.9,6.838888888888889,786.0
2022-01-07 11:25:02.029294118+00:00,2786.0,6.5,7.9,6.838888888888889,786.0
2022-01-07 11:25:48.264588235+00:00,2786.0,6.3,7.9,6.838888888888889,786.0
2022-01-07 11:26:34.499882353+00:00,2786.0,6.8,7.9,6.838888888888889,786.0
2022-01-07 11:27:20.735176471+00:00,2786.0,7.9,7.9,6.838888888888889,786.0
2022-01-07 11:28:06.970470588+00:00,2786.0,7.2,7.9,6.838888888888889,786.0
2022-01-07 11:28:53.205764706+00:00,2786.0,7.1,7.9,6.838888888888889,786.0
2022-01-07 11:29:39.441058824+00:00,2786.0,6.9,7.9,6.838888888888889,786.0
2022-01-07 11:30:25.676352941+00:00,2786.0,7.1,7.9,6.838888888888889,786.0
2022-01-07 11:31:11.911647059+00:00,2786.0,7.4,7.9,6.838888888888889,786.0
2022-01-07 11:31:58.146941176+00:00,2786.0,7.5,7.9,6.838888888888889,786.0
2022-01-07 11:32:44.382235294+00:00,2786.0,7.5,7.9,6.838888888888889,786.0
2022-01-07 11:33:30.617529412+00:00,2786.0,7.5,7.9,6.838888888888889,786.0
2022-01-07 11:34:16.852823529+00:00,2786.0,7.6,7.9,6.838888888888889,786.0
2022-01-07 11:35:03.088117647+00:00,2786.0,7.8,7.9,6.838888888888889,786.0
2022-01-07 11:35:49.323411765+00:00,2786.0,7.8,7.9,6.838888888888889,786.0
2022-01-07 11:36:35.558705882+00:00,2786.0,7.0,7.9,6.838888888888889,786.0
2022-01-07 11:37:21.794000+00:00,2786.0,1.8,7.9,6.838888888888889,786.0
2022-01-07 11:37:23.794000+00:00,2786.0,0.0,7.9,6.838888888888889,786.0
2022-01-07 11:38:08.793000+00:00,2783.0,5.7,8.0,6.852941176470588,745.0
2022-01-07 11:38:55.355500+00:00,2783.0,7.9,8.0,6.852941176470588,745.0
2022-01-07 11:39:41.918000+00:00,2783.0,7.0,8.0,6.852941176470588,745.0
2022-01-07 11:40:28.480500+00:00,2783.0,6.9,8.0,6.852941176470588,745.0
2022-01-07 11:41:15.043000+00:00,2783.0,6.8,8.0,6.852941176470588,745.0
2022-01-07 11:42:01.605500+00:00,2783.0,7.0,8.0,6.852941176470588,745.0
2022-01-07 11:42:48.168000+00:00,2783.0,6.9,8.0,6.852941176470588,745.0
2022-01-07 11:43:34.730500+00:00,2783.0,6.9,8.0,6.852941176470588,745.0
2022-01-07 11:44:21.293000+00:00,2783.0,7.2,8.0,6.852941176470588,745.0
2022-01-07 11:45:07.855500+00:00,2783.0,7.3,8.0,6.852941176470588,745.0
2022-01-07 11:45:54.418000+00:00,2783.0,7.3,8.0,6.852941176470588,745.0
2022-01-07 11:46:40.980500+00:00,2783.0,7.3,8.0,6.852941176470588,745.0
2022-01-07 11:47:27.543000+00:00,2783.0,7.9,8.0,6.852941176470588,745.0
2022-01-07 11:48:14.105500+00:00,2783.0,8.0,8.0,6.852941176470588,745.0
2022-01-07 11:49:00.668000+00:00,2783.0,7.4,8.0,6.852941176470588,745.0
2022-01-07 11:49:47.230500+00:00,2783.0,6.4,8.0,6.852941176470588,745.0
2022-01-07 11:50:33.793000+00:00,2783.0,2.6,8.0,6.852941176470588,745.0
2022-01-07 11:50:35.793000+00:00,2783.0,0.0,8.0,6.852941176470588,745.0
2022-01-07 12:04:27.354000+00:00,2775.0,0.3,0.3,0.3,7.0
2022-01-07 12:04:29.354000+00:00,2775.0,0.0,0.3,0.3,7.0
2022-01-07 12:04:49.354000+00:00,2780.0,0.4,0.4,0.35,28.0
2022-01-07 12:05:17.354000+00:00,2780.0,0.3,0.4,0.35,28.0
2022-01-07 12:05:19.354000+00:00,2780.0,0.0,0.4,0.35,28.0
2022-01-07 12:05:58.354000+00:00,2782.0,0.7,0.7,0.4499999999999999,19.0
2022-01-07 12:06:17.354000+00:00,2782.0,0.2,0.7,0.4499999999999999,19.0
2022-01-07 12:06:19.354000+00:00,2782.0,0.0,0.7,0.4499999999999999,19.0
2022-01-07 12:06:24.793000+00:00,2783.0,0.2,0.2,0.15,18.0
2022-01-07 12:06:42.793000+00:00,2783.0,0.1,0.2,0.15,18.0
2022-01-07 12:06:44.793000+00:00,2783.0,0.0,0.2,0.15,18.0
2022-01-07 12:06:49.793000+00:00,2785.0,0.6,1.0,0.62,69.0
2022-01-07 12:07:07.043000+00:00,2785.0,1.0,1.0,0.62,69.0
2022-01-07 12:07:24.293000+00:00,2785.0,0.9,1.0,0.62,69.0
2022-01-07 12:07:41.543000+00:00,2785.0,0.4,1.0,0.62,69.0
2022-01-07 12:07:58.793000+00:00,2785.0,0.2,1.0,0.62,69.0
2022-01-07 12:08:00.793000+00:00,2785.0,0.0,1.0,0.62,69.0
2022-01-07 12:12:16.354000+00:00,2788.0,0.4,0.4,0.25,54.0
2022-01-07 12:12:34.354000+00:00,2788.0,0.2,0.4,0.25,54.0
2022-01-07 12:12:52.354000+00:00,2788.0,0.2,0.4,0.25,54.0
2022-01-07 12:13:10.354000+00:00,2788.0,0.2,0.4,0.25,54.0
2022-01-07 12:13:12.354000+00:00,2788.0,0.0,0.4,0.25,54.0
2022-01-07 12:13:17.793000+00:00,2790.0,0.5,0.9,0.4600000000000001,72.0
2022-01-07 12:13:35.793000+00:00,2790.0,0.3,0.9,0.4600000000000001,72.0
2022-01-07 12:13:53.793000+00:00,2790.0,0.9,0.9,0.4600000000000001,72.0
2022-01-07 12:14:11.793000+00:00,2790.0,0.4,0.9,0.4600000000000001,72.0
2022-01-07 12:14:29.793000+00:00,2790.0,0.2,0.9,0.4600000000000001,72.0
2022-01-07 12:14:31.793000+00:00,2790.0,0.0,0.9,0.4600000000000001,72.0
2022-01-07 12:14:49.354000+00:00,2792.0,0.2,0.2,0.15,17.0
2022-01-07 12:15:06.354000+00:00,2792.0,0.1,0.2,0.15,17.0
2022-01-07 12:15:08.354000+00:00,2792.0,0.0,0.2,0.15,17.0
2022-01-07 12:15:13.793000+00:00,2794.0,0.7,0.7,0.5,37.0
2022-01-07 12:15:32.293000+00:00,2794.0,0.5,0.7,0.5,37.0
2022-01-07 12:15:50.793000+00:00,2794.0,0.3,0.7,0.5,37.0
2022-01-07 12:15:52.793000+00:00,2794.0,0.0,0.7,0.5,37.0
2022-01-07 12:15:57.354000+00:00,2795.0,0.4,0.7,0.5,61.0
2022-01-07 12:16:12.604000+00:00,2795.0,0.7,0.7,0.5,61.0
2022-01-07 12:16:27.854000+00:00,2795.0,0.6,0.7,0.5,61.0
2022-01-07 12:16:43.104000+00:00,2795.0,0.3,0.7,0.5,61.0
2022-01-07 12:16:58.354000+00:00,2795.0,0.0,0.7,0.5,61.0
2022-01-07 12:17:00.354000+00:00,2795.0,0.0,0.7,0.5,61.0
2022-01-07 12:25:00.353000+00:00,2797.0,0.1,0.1,0.1,1.0
2022-01-07 12:25:02.353000+00:00,2797.0,0.0,0.1,0.1,1.0
2022-01-07 12:25:49.353000+00:00,2800.0,0.3,0.3,0.3,7.0
2022-01-07 12:25:51.353000+00:00,2800.0,0.0,0.3,0.3,7.0
2022-01-07 12:26:23.353000+00:00,2802.0,0.4,0.4,0.4,16.0
2022-01-07 12:26:39.353000+00:00,2802.0,0.0,0.4,0.4,16.0
2022-01-07 12:26:41.353000+00:00,2802.0,0.0,0.4,0.4,16.0
2022-01-07 12:26:46.353000+00:00,2802.0,0.6,0.6,0.4,47.0
2022-01-07 12:27:02.019666667+00:00,2802.0,0.4,0.6,0.4,47.0
2022-01-07 12:27:17.686333333+00:00,2802.0,0.5,0.6,0.4,47.0
2022-01-07 12:27:33.353000+00:00,2802.0,0.1,0.6,0.4,47.0
2022-01-07 12:27:35.353000+00:00,2802.0,0.0,0.6,0.4,47.0
2022-01-07 12:29:40.353000+00:00,2803.0,0.3,0.3,0.3,9.0
2022-01-07 12:29:42.353000+00:00,2803.0,0.0,0.3,0.3,9.0
2022-01-07 12:29:50.353000+00:00,2804.0,0.3,0.3,0.2333333333333333,37.0
2022-01-07 12:30:08.853000+00:00,2804.0,0.2,0.3,0.2333333333333333,37.0
2022-01-07 12:30:27.353000+00:00,2804.0,0.2,0.3,0.2333333333333333,37.0
2022-01-07 12:30:29.353000+00:00,2804.0,0.0,0.3,0.2333333333333333,37.0
2022-01-07 12:33:51.353000+00:00,2799.0,0.5,0.9,0.4538461538461538,186.0
2022-01-07 12:34:06.853000+00:00,2799.0,0.9,0.9,0.4538461538461538,186.0
2022-01-07 12:34:22.353000+00:00,2799.0,0.5,0.9,0.4538461538461538,186.0
2022-01-07 12:34:37.853000+00:00,2799.0,0.4,0.9,0.4538461538461538,186.0
2022-01-07 12:34:53.353000+00:00,2799.0,0.3,0.9,0.4538461538461538,186.0
2022-01-07 12:35:08.853000+00:00,2799.0,0.4,0.9,0.4538461538461538,186.0
2022-01-07 12:35:24.353000+00:00,2799.0,0.5,0.9,0.4538461538461538,186.0
2022-01-07 12:35:39.853000+00:00,2799.0,0.6,0.9,0.4538461538461538,186.0
2022-01-07 12:35:55.353000+00:00,2799.0,0.5,0.9,0.4538461538461538,186.0
2022-01-07 12:36:10.853000+00:00,2799.0,0.3,0.9,0.4538461538461538,186.0
2022-01-07 12:36:26.353000+00:00,2799.0,0.4,0.9,0.4538461538461538,186.0
2022-01-07 12:36:41.853000+00:00,2799.0,0.3,0.9,0.4538461538461538,186.0
2022-01-07 12:36:57.353000+00:00,2799.0,0.3,0.9,0.4538461538461538,186.0
2022-01-07 12:36:59.353000+00:00,2799.0,0.0,0.9,0.4538461538461538,186.0
2022-01-07 12:45:16.792000+00:00,2795.0,0.7,0.8,0.57,148.0
2022-01-07 12:45:33.236444444+00:00,2795.0,0.8,0.8,0.57,148.0
2022-01-07 12:45:49.680888889+00:00,2795.0,0.7,0.8,0.57,148.0
2022-01-07 12:46:06.125333333+00:00,2795.0,0.6,0.8,0.57,148.0
2022-01-07 12:46:22.569777778+00:00,2795.0,0.5,0.8,0.57,148.0
2022-01-07 12:46:39.014222222+00:00,2795.0,0.4,0.8,0.57,148.0
2022-01-07 12:46:55.458666667+00:00,2795.0,0.6,0.8,0.57,148.0
2022-01-07 12:47:11.903111111+00:00,2795.0,0.5,0.8,0.57,148.0
2022-01-07 12:47:28.347555556+00:00,2795.0,0.6,0.8,0.57,148.0
2022-01-07 12:47:44.792000+00:00,2795.0,0.3,0.8,0.57,148.0
2022-01-07 12:47:46.792000+00:00,2795.0,0.0,0.8,0.57,148.0
2022-01-07 12:47:51.353000+00:00,2795.0,0.2,0.7,0.4666666666666666,88.0
2022-01-07 12:48:08.953000+00:00,2795.0,0.4,0.7,0.4666666666666666,88.0
2022-01-07 12:48:26.553000+00:00,2795.0,0.7,0.7,0.4666666666666666,88.0
2022-01-07 12:48:44.153000+00:00,2795.0,0.7,0.7,0.4666666666666666,88.0
2022-01-07 12:49:01.753000+00:00,2795.0,0.5,0.7,0.4666666666666666,88.0
2022-01-07 12:49:19.353000+00:00,2795.0,0.3,0.7,0.4666666666666666,88.0
2022-01-07 12:49:21.353000+00:00,2795.0,0.0,0.7,0.4666666666666666,88.0
2022-01-07 12:54:42.792000+00:00,2790.0,0.6,1.3,0.7105263157894737,271.0
2022-01-07 12:54:57.847555556+00:00,2790.0,0.2,1.3,0.7105263157894737,271.0
2022-01-07 12:55:12.903111111+00:00,2790.0,0.6,1.3,0.7105263157894737,271.0
2022-01-07 12:55:27.958666667+00:00,2790.0,0.5,1.3,0.7105263157894737,271.0
2022-01-07 12:55:43.014222222+00:00,2790.0,0.6,1.3,0.7105263157894737,271.0
2022-01-07 12:55:58.069777778+00:00,2790.0,0.3,1.3,0.7105263157894737,271.0
2022-01-07 12:56:13.125333333+00:00,2790.0,0.7,1.3,0.7105263157894737,271.0
2022-01-07 12:56:28.180888889+00:00,2790.0,1.0,1.3,0.7105263157894737,271.0
2022-01-07 12:56:43.236444444+00:00,2790.0,0.7,1.3,0.7105263157894737,271.0
2022-01-07 12:56:58.292000+00:00,2790.0,0.7,1.3,0.7105263157894737,271.0
2022-01-07 12:57:13.347555556+00:00,2790.0,0.8,1.3,0.7105263157894737,271.0
2022-01-07 12:57:28.403111111+00:00,2790.0,1.3,1.3,0.7105263157894737,271.0
2022-01-07 12:57:43.458666667+00:00,2790.0,0.8,1.3,0.7105263157894737,271.0
2022-01-07 12:57:58.514222222+00:00,2790.0,0.4,1.3,0.7105263157894737,271.0
2022-01-07 12:58:13.569777778+00:00,2790.0,1.1,1.3,0.7105263157894737,271.0
2022-01-07 12:58:28.625333333+00:00,2790.0,1.3,1.3,0.7105263157894737,271.0
2022-01-07 12:58:43.680888889+00:00,2790.0,1.3,1.3,0.7105263157894737,271.0
2022-01-07 12:58:58.736444444+00:00,2790.0,0.5,1.3,0.7105263157894737,271.0
2022-01-07 12:59:13.792000+00:00,2790.0,0.1,1.3,0.7105263157894737,271.0
2022-01-07 12:59:15.792000+00:00,2790.0,0.0,1.3,0.7105263157894737,271.0
2022-01-07 13:02:37.353000+00:00,2788.0,0.1,0.9,0.48,137.0
2022-01-07 13:02:52.575222222+00:00,2788.0,0.5,0.9,0.48,137.0
2022-01-07 13:03:07.797444444+00:00,2788.0,0.3,0.9,0.48,137.0
2022-01-07 13:03:23.019666667+00:00,2788.0,0.9,0.9,0.48,137.0
2022-01-07 13:03:38.241888889+00:00,2788.0,0.4,0.9,0.48,137.0
2022-01-07 13:03:53.464111111+00:00,2788.0,0.7,0.9,0.48,137.0
2022-01-07 13:04:08.686333333+00:00,2788.0,0.5,0.9,0.48,137.0
2022-01-07 13:04:23.908555556+00:00,2788.0,0.9,0.9,0.48,137.0
2022-01-07 13:04:39.130777778+00:00,2788.0,0.4,0.9,0.48,137.0
2022-01-07 13:04:54.353000+00:00,2788.0,0.1,0.9,0.48,137.0
2022-01-07 13:04:56.353000+00:00,2788.0,0.0,0.9,0.48,137.0
2022-01-07 13:07:34.792000+00:00,2788.0,0.3,0.3,0.3,16.0
2022-01-07 13:07:50.792000+00:00,2788.0,0.0,0.3,0.3,16.0
2022-01-07 13:07:52.792000+00:00,2788.0,0.0,0.3,0.3,16.0
2022-01-07 13:14:36.352000+00:00,2787.0,0.3,0.8,0.5,64.0
2022-01-07 13:14:52.352000+00:00,2787.0,0.4,0.8,0.5,64.0
2022-01-07 13:15:08.352000+00:00,2787.0,0.8,0.8,0.5,64.0
2022-01-07 13:15:24.352000+00:00,2787.0,0.8,0.8,0.5,64.0
2022-01-07 13:15:40.352000+00:00,2787.0,0.2,0.8,0.5,64.0
2022-01-07 13:15:42.352000+00:00,2787.0,0.0,0.8,0.5,64.0
2022-01-07 13:15:47.791000+00:00,2787.0,0.6,0.9,0.6,105.0
2022-01-07 13:16:02.791000+00:00,2787.0,0.4,0.9,0.6,105.0
2022-01-07 13:16:17.791000+00:00,2787.0,0.3,0.9,0.6,105.0
2022-01-07 13:16:32.791000+00:00,2787.0,0.5,0.9,0.6,105.0
2022-01-07 13:16:47.791000+00:00,2787.0,0.8,0.9,0.6,105.0
2022-01-07 13:17:02.791000+00:00,2787.0,0.9,0.9,0.6,105.0
2022-01-07 13:17:17.791000+00:00,2787.0,0.7,0.9,0.6,105.0
2022-01-07 13:17:32.791000+00:00,2787.0,0.0,0.9,0.6,105.0
2022-01-07 13:17:34.791000+00:00,2787.0,0.0,0.9,0.6,105.0
2022-01-07 13:17:40.791000+00:00,2787.0,0.4,0.4,0.3333333333333333,39.0
2022-01-07 13:18:00.291000+00:00,2787.0,0.3,0.4,0.3333333333333333,39.0
2022-01-07 13:18:19.791000+00:00,2787.0,0.3,0.4,0.3333333333333333,39.0
2022-01-07 13:18:21.791000+00:00,2787.0,0.0,0.4,0.3333333333333333,39.0
2022-01-07 13:18:26.352000+00:00,2788.0,0.3,0.3,0.2666666666666666,41.0
2022-01-07 13:18:46.852000+00:00,2788.0,0.3,0.3,0.2666666666666666,41.0
2022-01-07 13:19:07.352000+00:00,2788.0,0.2,0.3,0.2666666666666666,41.0
2022-01-07 13:19:09.352000+00:00,2788.0,0.0,0.3,0.2666666666666666,41.0
2022-01-07 13:27:03.352000+00:00,2784.0,0.5,0.5,0.35,115.0
2022-01-07 13:27:19.780571429+00:00,2784.0,0.4,0.5,0.35,115.0
2022-01-07 13:27:36.209142857+00:00,2784.0,0.3,0.5,0.35,115.0
2022-01-07 13:27:52.637714286+00:00,2784.0,0.4,0.5,0.35,115.0
2022-01-07 13:28:09.066285714+00:00,2784.0,0.2,0.5,0.35,115.0
2022-01-07 13:28:25.494857143+00:00,2784.0,0.2,0.5,0.35,115.0
2022-01-07 13:28:41.923428571+00:00,2784.0,0.4,0.5,0.35,115.0
2022-01-07 13:28:58.352000+00:00,2784.0,0.4,0.5,0.35,115.0
2022-01-07 13:29:00.352000+00:00,2784.0,0.0,0.5,0.35,115.0
2022-01-07 13:29:08.791000+00:00,2784.0,0.4,0.5,0.3399999999999999,68.0
2022-01-07 13:29:25.791000+00:00,2784.0,0.3,0.5,0.3399999999999999,68.0
2022-01-07 13:29:42.791000+00:00,2784.0,0.5,0.5,0.3399999999999999,68.0
2022-01-07 13:29:59.791000+00:00,2784.0,0.3,0.5,0.3399999999999999,68.0
2022-01-07 13:30:16.791000+00:00,2784.0,0.2,0.5,0.3399999999999999,68.0
2022-01-07 13:30:18.791000+00:00,2784.0,0.0,0.5,0.3399999999999999,68.0
2022-01-07 13:31:34.352000+00:00,2783.0,0.9,1.2,0.5416666666666666,180.0
2022-01-07 13:31:49.352000+00:00,2783.0,0.5,1.2,0.5416666666666666,180.0
2022-01-07 13:32:04.352000+00:00,2783.0,0.2,1.2,0.5416666666666666,180.0
2022-01-07 13:32:19.352000+00:00,2783.0,0.5,1.2,0.5416666666666666,180.0
2022-01-07 13:32:34.352000+00:00,2783.0,0.4,1.2,0.5416666666666666,180.0
2022-01-07 13:32:49.352000+00:00,2783.0,0.4,1.2,0.5416666666666666,180.0
2022-01-07 13:33:04.352000+00:00,2783.0,0.4,1.2,0.5416666666666666,180.0
2022-01-07 13:33:19.352000+00:00,2783.0,0.6,1.2,0.5416666666666666,180.0
2022-01-07 13:33:34.352000+00:00,2783.0,0.5,1.2,0.5416666666666666,180.0
2022-01-07 13:33:49.352000+00:00,2783.0,1.2,1.2,0.5416666666666666,180.0
2022-01-07 13:34:04.352000+00:00,2783.0,0.7,1.2,0.5416666666666666,180.0
2022-01-07 13:34:19.352000+00:00,2783.0,0.2,1.2,0.5416666666666666,180.0
2022-01-07 13:34:34.352000+00:00,2783.0,0.0,1.2,0.5416666666666666,180.0
2022-01-07 13:34:36.352000+00:00,2783.0,0.0,1.2,0.5416666666666666,180.0
2022-01-07 13:34:41.791000+00:00,2782.0,0.6,0.6,0.3499999999999999,89.0
2022-01-07 13:34:59.591000+00:00,2782.0,0.3,0.6,0.3499999999999999,89.0
2022-01-07 13:35:17.391000+00:00,2782.0,0.4,0.6,0.3499999999999999,89.0
2022-01-07 13:35:35.191000+00:00,2782.0,0.2,0.6,0.3499999999999999,89.0
2022-01-07 13:35:52.991000+00:00,2782.0,0.3,0.6,0.3499999999999999,89.0
2022-01-07 13:36:10.791000+00:00,2782.0,0.3,0.6,0.3499999999999999,89.0
2022-01-07 13:36:12.791000+00:00,2782.0,0.0,0.6,0.3499999999999999,89.0
2022-01-07 13:36:17.352000+00:00,2781.0,0.4,0.8,0.431578947368421,282.0
2022-01-07 13:36:33.018666667+00:00,2781.0,0.6,0.8,0.431578947368421,282.0
2022-01-07 13:36:48.685333333+00:00,2781.0,0.7,0.8,0.431578947368421,282.0
2022-01-07 13:37:04.352000+00:00,2781.0,0.3,0.8,0.431578947368421,282.0
2022-01-07 13:37:20.018666667+00:00,2781.0,0.6,0.8,0.431578947368421,282.0
2022-01-07 13:37:35.685333333+00:00,2781.0,0.3,0.8,0.431578947368421,282.0
2022-01-07 13:37:51.352000+00:00,2781.0,0.3,0.8,0.431578947368421,282.0
2022-01-07 13:38:07.018666667+00:00,2781.0,0.2,0.8,0.431578947368421,282.0
2022-01-07 13:38:22.685333333+00:00,2781.0,0.3,0.8,0.431578947368421,282.0
2022-01-07 13:38:38.352000+00:00,2781.0,0.7,0.8,0.431578947368421,282.0
2022-01-07 13:38:54.018666667+00:00,2781.0,0.3,0.8,0.431578947368421,282.0
2022-01-07 13:39:09.685333333+00:00,2781.0,0.3,0.8,0.431578947368421,282.0
2022-01-07 13:39:25.352000+00:00,2781.0,0.3,0.8,0.431578947368421,282.0
2022-01-07 13:39:41.018666667+00:00,2781.0,0.7,0.8,0.431578947368421,282.0
2022-01-07 13:39:56.685333333+00:00,2781.0,0.5,0.8,0.431578947368421,282.0
2022-01-07 13:40:12.352000+00:00,2781.0,0.8,0.8,0.431578947368421,282.0
2022-01-07 13:40:28.018666667+00:00,2781.0,0.3,0.8,0.431578947368421,282.0
2022-01-07 13:40:43.685333333+00:00,2781.0,0.3,0.8,0.431578947368421,282.0
2022-01-07 13:40:59.352000+00:00,2781.0,0.3,0.8,0.431578947368421,282.0
2022-01-07 13:41:01.352000+00:00,2781.0,0.0,0.8,0.431578947368421,282.0
2022-01-07 13:41:06.352000+00:00,2780.0,0.3,0.9,0.4399999999999999,149.0
2022-01-07 13:41:22.907555556+00:00,2780.0,0.2,0.9,0.4399999999999999,149.0
2022-01-07 13:41:39.463111111+00:00,2780.0,0.2,0.9,0.4399999999999999,149.0
2022-01-07 13:41:56.018666667+00:00,2780.0,0.6,0.9,0.4399999999999999,149.0
2022-01-07 13:42:12.574222222+00:00,2780.0,0.5,0.9,0.4399999999999999,149.0
2022-01-07 13:42:29.129777778+00:00,2780.0,0.4,0.9,0.4399999999999999,149.0
2022-01-07 13:42:45.685333333+00:00,2780.0,0.9,0.9,0.4399999999999999,149.0
2022-01-07 13:43:02.240888889+00:00,2780.0,0.5,0.9,0.4399999999999999,149.0
2022-01-07 13:43:18.796444444+00:00,2780.0,0.5,0.9,0.4399999999999999,149.0
2022-01-07 13:43:35.352000+00:00,2780.0,0.3,0.9,0.4399999999999999,149.0
2022-01-07 13:43:37.352000+00:00,2780.0,0.0,0.9,0.4399999999999999,149.0
2022-01-07 13:44:23.352000+00:00,2781.0,0.8,0.8,0.35,57.0
2022-01-07 13:44:42.352000+00:00,2781.0,0.2,0.8,0.35,57.0
2022-01-07 13:45:01.352000+00:00,2781.0,0.2,0.8,0.35,57.0
2022-01-07 13:45:20.352000+00:00,2781.0,0.2,0.8,0.35,57.0
2022-01-07 13:45:22.352000+00:00,2781.0,0.0,0.8,0.35,57.0
2022-01-07 13:45:27.791000+00:00,2781.0,0.3,0.3,0.1875,111.0
2022-01-07 13:45:43.648142857+00:00,2781.0,0.3,0.3,0.1875,111.0
2022-01-07 13:45:59.505285714+00:00,2781.0,0.1,0.3,0.1875,111.0
2022-01-07 13:46:15.362428571+00:00,2781.0,0.2,0.3,0.1875,111.0
2022-01-07 13:46:31.219571429+00:00,2781.0,0.1,0.3,0.1875,111.0
2022-01-07 13:46:47.076714286+00:00,2781.0,0.3,0.3,0.1875,111.0
2022-01-07 13:47:02.933857143+00:00,2781.0,0.1,0.3,0.1875,111.0
2022-01-07 13:47:18.791000+00:00,2781.0,0.1,0.3,0.1875,111.0
2022-01-07 13:47:20.791000+00:00,2781.0,0.0,0.3,0.1875,111.0
2022-01-07 13:50:40.352000+00:00,2778.0,0.5,0.5,0.3666666666666667,36.0
2022-01-07 13:50:58.352000+00:00,2778.0,0.5,0.5,0.3666666666666667,36.0
2022-01-07 13:51:16.352000+00:00,2778.0,0.1,0.5,0.3666666666666667,36.0
2022-01-07 13:51:18.352000+00:00,2778.0,0.0,0.5,0.3666666666666667,36.0
2022-01-07 13:57:24.791000+00:00,2779.0,0.5,0.5,0.5,10.0
2022-01-07 13:57:26.791000+00:00,2779.0,0.0,0.5,0.5,10.0
2022-01-07 14:06:35.351000+00:00,2774.0,0.4,0.4,0.3,19.0
2022-01-07 14:06:54.351000+00:00,2774.0,0.2,0.4,0.3,19.0
2022-01-07 14:06:56.351000+00:00,2774.0,0.0,0.4,0.3,19.0
2022-01-07 14:07:01.351000+00:00,2775.0,0.5,0.5,0.4666666666666666,39.0
2022-01-07 14:07:20.851000+00:00,2775.0,0.5,0.5,0.4666666666666666,39.0
2022-01-07 14:07:40.351000+00:00,2775.0,0.4,0.5,0.4666666666666666,39.0
2022-01-07 14:07:42.351000+00:00,2775.0,0.0,0.5,0.4666666666666666,39.0
2022-01-07 14:07:47.352000+00:00,2776.0,0.2,0.2,0.2,16.0
2022-01-07 14:08:03.352000+00:00,2776.0,0.0,0.2,0.2,16.0
2022-01-07 14:08:05.352000+00:00,2776.0,0.0,0.2,0.2,16.0
2022-01-07 14:08:11.351000+00:00,2777.0,0.3,0.3,0.2333333333333333,35.0
2022-01-07 14:08:28.851000+00:00,2777.0,0.2,0.3,0.2333333333333333,35.0
2022-01-07 14:08:46.351000+00:00,2777.0,0.2,0.3,0.2333333333333333,35.0
2022-01-07 14:08:48.351000+00:00,2777.0,0.0,0.3,0.2333333333333333,35.0
2022-01-07 14:09:44.351000+00:00,2778.0,1.0,1.0,0.66,75.0
2022-01-07 14:09:59.351000+00:00,2778.0,0.8,1.0,0.66,75.0
2022-01-07 14:10:14.351000+00:00,2778.0,0.4,1.0,0.66,75.0
2022-01-07 14:10:29.351000+00:00,2778.0,0.7,1.0,0.66,75.0
2022-01-07 14:10:44.351000+00:00,2778.0,0.4,1.0,0.66,75.0
2022-01-07 14:10:59.351000+00:00,2778.0,0.0,1.0,0.66,75.0
2022-01-07 14:11:01.351000+00:00,2778.0,0.0,1.0,0.66,75.0
2022-01-07 14:11:06.351000+00:00,2777.0,3.8,5.2,4.894736842105264,832.0
2022-01-07 14:11:52.573222222+00:00,2777.0,4.9,5.2,4.894736842105264,832.0
2022-01-07 14:12:38.795444444+00:00,2777.0,5.1,5.2,4.894736842105264,832.0
2022-01-07 14:13:25.017666667+00:00,2777.0,5.1,5.2,4.894736842105264,832.0
2022-01-07 14:14:11.239888889+00:00,2777.0,5.2,5.2,4.894736842105264,832.0
2022-01-07 14:14:57.462111111+00:00,2777.0,5.2,5.2,4.894736842105264,832.0
2022-01-07 14:15:43.684333333+00:00,2777.0,5.2,5.2,4.894736842105264,832.0
2022-01-07 14:16:29.906555556+00:00,2777.0,5.2,5.2,4.894736842105264,832.0
2022-01-07 14:17:16.128777778+00:00,2777.0,5.2,5.2,4.894736842105264,832.0
2022-01-07 14:18:02.351000+00:00,2777.0,5.2,5.2,4.894736842105264,832.0
2022-01-07 14:18:48.573222222+00:00,2777.0,5.2,5.2,4.894736842105264,832.0
2022-01-07 14:19:34.795444444+00:00,2777.0,5.2,5.2,4.894736842105264,832.0
2022-01-07 14:20:21.017666667+00:00,2777.0,5.2,5.2,4.894736842105264,832.0
2022-01-07 14:21:07.239888889+00:00,2777.0,5.2,5.2,4.894736842105264,832.0
2022-01-07 14:21:53.462111111+00:00,2777.0,5.2,5.2,4.894736842105264,832.0
2022-01-07 14:22:39.684333333+00:00,2777.0,5.2,5.2,4.894736842105264,832.0
2022-01-07 14:23:25.906555556+00:00,2777.0,5.2,5.2,4.894736842105264,832.0
2022-01-07 14:24:12.128777778+00:00,2777.0,5.1,5.2,4.894736842105264,832.0
2022-01-07 14:24:58.351000+00:00,2777.0,1.4,5.2,4.894736842105264,832.0
2022-01-07 14:25:00.351000+00:00,2777.0,0.0,5.2,4.894736842105264,832.0
2022-01-07 14:25:26.351000+00:00,2769.0,0.2,0.2,0.2,2.0
2022-01-07 14:25:28.351000+00:00,2769.0,0.0,0.2,0.2,2.0
2022-01-07 14:25:33.351000+00:00,2771.0,2.2,2.6,1.94,74.0
2022-01-07 14:25:51.851000+00:00,2771.0,2.6,2.6,1.94,74.0
2022-01-07 14:26:10.351000+00:00,2771.0,2.1,2.6,1.94,74.0
2022-01-07 14:26:28.851000+00:00,2771.0,1.9,2.6,1.94,74.0
2022-01-07 14:26:47.351000+00:00,2771.0,0.9,2.6,1.94,74.0
2022-01-07 14:26:49.351000+00:00,2771.0,0.0,2.6,1.94,74.0
2022-01-07 14:40:30.350000+00:00,2770.0,3.8,5.2,4.842105263157895,824.0
2022-01-07 14:41:16.127777778+00:00,2770.0,5.1,5.2,4.842105263157895,824.0
2022-01-07 14:42:01.905555556+00:00,2770.0,5.1,5.2,4.842105263157895,824.0
2022-01-07 14:42:47.683333333+00:00,2770.0,5.1,5.2,4.842105263157895,824.0
2022-01-07 14:43:33.461111111+00:00,2770.0,5.1,5.2,4.842105263157895,824.0
2022-01-07 14:44:19.238888889+00:00,2770.0,5.1,5.2,4.842105263157895,824.0
2022-01-07 14:45:05.016666667+00:00,2770.0,5.1,5.2,4.842105263157895,824.0
2022-01-07 14:45:50.794444444+00:00,2770.0,5.1,5.2,4.842105263157895,824.0
2022-01-07 14:46:36.572222222+00:00,2770.0,5.1,5.2,4.842105263157895,824.0
2022-01-07 14:47:22.350000+00:00,2770.0,5.2,5.2,4.842105263157895,824.0
2022-01-07 14:48:08.127777778+00:00,2770.0,5.2,5.2,4.842105263157895,824.0
2022-01-07 14:48:53.905555556+00:00,2770.0,5.1,5.2,4.842105263157895,824.0
2022-01-07 14:49:39.683333333+00:00,2770.0,5.1,5.2,4.842105263157895,824.0
2022-01-07 14:50:25.461111111+00:00,2770.0,5.1,5.2,4.842105263157895,824.0
2022-01-07 14:51:11.238888889+00:00,2770.0,5.2,5.2,4.842105263157895,824.0
2022-01-07 14:51:57.016666667+00:00,2770.0,5.2,5.2,4.842105263157895,824.0
2022-01-07 14:52:42.794444444+00:00,2770.0,5.1,5.2,4.842105263157895,824.0
2022-01-07 14:53:28.572222222+00:00,2770.0,4.8,5.2,4.842105263157895,824.0
2022-01-07 14:54:14.350000+00:00,2770.0,1.4,5.2,4.842105263157895,824.0
2022-01-07 14:54:16.350000+00:00,2770.0,0.0,5.2,4.842105263157895,824.0
2022-01-07 14:54:43.350000+00:00,2769.0,3.6,5.2,4.811111111111111,780.0
2022-01-07 14:55:29.232352941+00:00,2769.0,5.1,5.2,4.811111111111111,780.0
2022-01-07 14:56:15.114705882+00:00,2769.0,5.1,5.2,4.811111111111111,780.0
2022-01-07 14:57:00.997058824+00:00,2769.0,5.1,5.2,4.811111111111111,780.0
2022-01-07 14:57:46.879411765+00:00,2769.0,5.1,5.2,4.811111111111111,780.0
2022-01-07 14:58:32.761764706+00:00,2769.0,5.1,5.2,4.811111111111111,780.0
2022-01-07 14:59:18.644117647+00:00,2769.0,5.1,5.2,4.811111111111111,780.0
2022-01-07 15:00:04.526470588+00:00,2769.0,5.1,5.2,4.811111111111111,780.0
2022-01-07 15:00:50.408823529+00:00,2769.0,5.1,5.2,4.811111111111111,780.0
2022-01-07 15:01:36.291176471+00:00,2769.0,5.2,5.2,4.811111111111111,780.0
2022-01-07 15:02:22.173529412+00:00,2769.0,5.2,5.2,4.811111111111111,780.0
2022-01-07 15:03:08.055882353+00:00,2769.0,5.2,5.2,4.811111111111111,780.0
2022-01-07 15:03:53.938235294+00:00,2769.0,5.1,5.2,4.811111111111111,780.0
2022-01-07 15:04:39.820588235+00:00,2769.0,5.2,5.2,4.811111111111111,780.0
2022-01-07 15:05:25.702941176+00:00,2769.0,5.1,5.2,4.811111111111111,780.0
2022-01-07 15:06:11.585294118+00:00,2769.0,5.1,5.2,4.811111111111111,780.0
2022-01-07 15:06:57.467647059+00:00,2769.0,4.8,5.2,4.811111111111111,780.0
2022-01-07 15:07:43.350000+00:00,2769.0,1.3,5.2,4.811111111111111,780.0
2022-01-07 15:07:45.350000+00:00,2769.0,0.0,5.2,4.811111111111111,780.0
2022-01-07 15:24:45.789000+00:00,2763.0,0.1,0.1,0.1,5.0
2022-01-07 15:24:47.789000+00:00,2763.0,0.0,0.1,0.1,5.0
2022-01-07 15:25:30.349000+00:00,2764.0,0.2,0.2,0.2,9.0
2022-01-07 15:25:32.349000+00:00,2764.0,0.0,0.2,0.2,9.0
2022-01-07 15:25:42.788000+00:00,2768.0,1.6,5.1,4.7176470588235295,748.0
2022-01-07 15:26:29.538000+00:00,2768.0,4.8,5.1,4.7176470588235295,748.0
2022-01-07 15:27:16.288000+00:00,2768.0,5.1,5.1,4.7176470588235295,748.0
2022-01-07 15:28:03.038000+00:00,2768.0,5.1,5.1,4.7176470588235295,748.0
2022-01-07 15:28:49.788000+00:00,2768.0,5.1,5.1,4.7176470588235295,748.0
2022-01-07 15:29:36.538000+00:00,2768.0,5.1,5.1,4.7176470588235295,748.0
2022-01-07 15:30:23.288000+00:00,2768.0,5.1,5.1,4.7176470588235295,748.0
2022-01-07 15:31:10.038000+00:00,2768.0,5.1,5.1,4.7176470588235295,748.0
2022-01-07 15:31:56.788000+00:00,2768.0,5.1,5.1,4.7176470588235295,748.0
2022-01-07 15:32:43.538000+00:00,2768.0,5.1,5.1,4.7176470588235295,748.0
2022-01-07 15:33:30.288000+00:00,2768.0,5.1,5.1,4.7176470588235295,748.0
2022-01-07 15:34:17.038000+00:00,2768.0,5.1,5.1,4.7176470588235295,748.0
2022-01-07 15:35:03.788000+00:00,2768.0,5.1,5.1,4.7176470588235295,748.0
2022-01-07 15:35:50.538000+00:00,2768.0,5.1,5.1,4.7176470588235295,748.0
2022-01-07 15:36:37.288000+00:00,2768.0,5.1,5.1,4.7176470588235295,748.0
2022-01-07 15:37:24.038000+00:00,2768.0,5.1,5.1,4.7176470588235295,748.0
2022-01-07 15:38:10.788000+00:00,2768.0,2.4,5.1,4.7176470588235295,748.0
2022-01-07 15:38:12.788000+00:00,2768.0,0.0,5.1,4.7176470588235295,748.0
2022-01-07 15:39:31.349000+00:00,2763.0,0.3,0.3,0.3,10.0
2022-01-07 15:39:33.349000+00:00,2763.0,0.0,0.3,0.3,10.0
2022-01-07 15:39:46.788000+00:00,2766.0,3.4,5.1,4.81875,928.0
2022-01-07 15:40:48.654666667+00:00,2766.0,5.1,5.1,4.81875,928.0
2022-01-07 15:41:50.521333333+00:00,2766.0,5.1,5.1,4.81875,928.0
2022-01-07 15:42:52.388000+00:00,2766.0,5.1,5.1,4.81875,928.0
2022-01-07 15:43:54.254666667+00:00,2766.0,5.1,5.1,4.81875,928.0
2022-01-07 15:44:56.121333333+00:00,2766.0,5.1,5.1,4.81875,928.0
2022-01-07 15:45:57.988000+00:00,2766.0,5.1,5.1,4.81875,928.0
2022-01-07 15:46:59.854666667+00:00,2766.0,5.1,5.1,4.81875,928.0
2022-01-07 15:48:01.721333333+00:00,2766.0,5.1,5.1,4.81875,928.0
2022-01-07 15:49:03.588000+00:00,2766.0,5.1,5.1,4.81875,928.0
2022-01-07 15:50:05.454666667+00:00,2766.0,5.1,5.1,4.81875,928.0
2022-01-07 15:51:07.321333332+00:00,2766.0,5.1,5.1,4.81875,928.0
2022-01-07 15:52:09.188000+00:00,2766.0,5.1,5.1,4.81875,928.0
2022-01-07 15:53:11.054666667+00:00,2766.0,5.1,5.1,4.81875,928.0
2022-01-07 15:54:12.921333333+00:00,2766.0,5.1,5.1,4.81875,928.0
2022-01-07 15:55:14.788000+00:00,2766.0,2.3,5.1,4.81875,928.0
2022-01-07 15:55:16.788000+00:00,2766.0,0.0,5.1,4.81875,928.0
2022-01-07 15:56:29.788000+00:00,2764.0,3.4,5.1,4.817647058823529,998.0
2022-01-07 15:57:32.163000+00:00,2764.0,5.0,5.1,4.817647058823529,998.0
2022-01-07 15:58:34.538000+00:00,2764.0,5.1,5.1,4.817647058823529,998.0
2022-01-07 15:59:36.913000+00:00,2764.0,5.1,5.1,4.817647058823529,998.0
2022-01-07 16:00:39.288000+00:00,2764.0,5.1,5.1,4.817647058823529,998.0
2022-01-07 16:01:41.663000+00:00,2764.0,5.1,5.1,4.817647058823529,998.0
2022-01-07 16:02:44.038000+00:00,2764.0,5.1,5.1,4.817647058823529,998.0
2022-01-07 16:03:46.413000+00:00,2764.0,5.1,5.1,4.817647058823529,998.0
2022-01-07 16:04:48.788000+00:00,2764.0,5.1,5.1,4.817647058823529,998.0
2022-01-07 16:05:51.163000+00:00,2764.0,5.1,5.1,4.817647058823529,998.0
2022-01-07 16:06:53.538000+00:00,2764.0,5.1,5.1,4.817647058823529,998.0
2022-01-07 16:07:55.913000+00:00,2764.0,5.1,5.1,4.817647058823529,998.0
2022-01-07 16:08:58.288000+00:00,2764.0,5.1,5.1,4.817647058823529,998.0
2022-01-07 16:10:00.663000+00:00,2764.0,5.1,5.1,4.817647058823529,998.0
2022-01-07 16:11:03.038000+00:00,2764.0,5.1,5.1,4.817647058823529,998.0
2022-01-07 16:12:05.413000+00:00,2764.0,5.1,5.1,4.817647058823529,998.0
2022-01-07 16:13:07.788000+00:00,2764.0,2.1,5.1,4.817647058823529,998.0
2022-01-07 16:13:09.788000+00:00,2764.0,0.0,5.1,4.817647058823529,998.0
2022-01-07 16:14:15.787000+00:00,2763.0,2.9,5.0,4.51875,905.0
2022-01-07 16:15:16.120333333+00:00,2763.0,5.0,5.0,4.51875,905.0
2022-01-07 16:16:16.453666667+00:00,2763.0,5.0,5.0,4.51875,905.0
2022-01-07 16:17:16.787000+00:00,2763.0,5.0,5.0,4.51875,905.0
2022-01-07 16:18:17.120333333+00:00,2763.0,5.0,5.0,4.51875,905.0
2022-01-07 16:19:17.453666667+00:00,2763.0,5.0,5.0,4.51875,905.0
2022-01-07 16:20:17.787000+00:00,2763.0,5.0,5.0,4.51875,905.0
2022-01-07 16:21:18.120333333+00:00,2763.0,5.0,5.0,4.51875,905.0
2022-01-07 16:22:18.453666667+00:00,2763.0,5.0,5.0,4.51875,905.0
2022-01-07 16:23:18.787000+00:00,2763.0,5.0,5.0,4.51875,905.0
2022-01-07 16:24:19.120333333+00:00,2763.0,5.0,5.0,4.51875,905.0
2022-01-07 16:25:19.453666667+00:00,2763.0,5.0,5.0,4.51875,905.0
2022-01-07 16:26:19.787000+00:00,2763.0,5.0,5.0,4.51875,905.0
2022-01-07 16:27:20.120333333+00:00,2763.0,5.0,5.0,4.51875,905.0
2022-01-07 16:28:20.453666667+00:00,2763.0,4.1,5.0,4.51875,905.0
2022-01-07 16:29:20.787000+00:00,2763.0,0.3,5.0,4.51875,905.0
2022-01-07 16:29:22.787000+00:00,2763.0,0.0,5.0,4.51875,905.0
2022-01-07 16:30:51.787000+00:00,2762.0,4.1,5.0,4.864705882352941,1018.0
2022-01-07 16:31:55.412000+00:00,2762.0,5.0,5.0,4.864705882352941,1018.0
2022-01-07 16:32:59.037000+00:00,2762.0,5.0,5.0,4.864705882352941,1018.0
2022-01-07 16:34:02.662000+00:00,2762.0,5.0,5.0,4.864705882352941,1018.0
2022-01-07 16:35:06.287000+00:00,2762.0,5.0,5.0,4.864705882352941,1018.0
2022-01-07 16:36:09.912000+00:00,2762.0,5.0,5.0,4.864705882352941,1018.0
2022-01-07 16:37:13.537000+00:00,2762.0,5.0,5.0,4.864705882352941,1018.0
2022-01-07 16:38:17.162000+00:00,2762.0,5.0,5.0,4.864705882352941,1018.0
2022-01-07 16:39:20.787000+00:00,2762.0,5.0,5.0,4.864705882352941,1018.0
2022-01-07 16:40:24.412000+00:00,2762.0,5.0,5.0,4.864705882352941,1018.0
2022-01-07 16:41:28.037000+00:00,2762.0,5.0,5.0,4.864705882352941,1018.0
2022-01-07 16:42:31.662000+00:00,2762.0,5.0,5.0,4.864705882352941,1018.0
2022-01-07 16:43:35.287000+00:00,2762.0,5.0,5.0,4.864705882352941,1018.0
2022-01-07 16:44:38.912000+00:00,2762.0,5.0,5.0,4.864705882352941,1018.0
2022-01-07 16:45:42.537000+00:00,2762.0,5.0,5.0,4.864705882352941,1018.0
2022-01-07 16:46:46.162000+00:00,2762.0,5.0,5.0,4.864705882352941,1018.0
2022-01-07 16:47:49.787000+00:00,2762.0,3.6,5.0,4.864705882352941,1018.0
2022-01-07 16:47:51.787000+00:00,2762.0,0.0,5.0,4.864705882352941,1018.0
2022-01-07 16:49:21.786000+00:00,2761.0,3.7,5.0,4.74,1164.0
2022-01-07 16:50:23.049157894+00:00,2761.0,4.9,5.0,4.74,1164.0
2022-01-07 16:51:24.312315789+00:00,2761.0,5.0,5.0,4.74,1164.0
2022-01-07 16:52:25.575473684+00:00,2761.0,5.0,5.0,4.74,1164.0
2022-01-07 16:53:26.838631579+00:00,2761.0,5.0,5.0,4.74,1164.0
2022-01-07 16:54:28.101789474+00:00,2761.0,5.0,5.0,4.74,1164.0
2022-01-07 16:55:29.364947368+00:00,2761.0,5.0,5.0,4.74,1164.0
2022-01-07 16:56:30.628105263+00:00,2761.0,5.0,5.0,4.74,1164.0
2022-01-07 16:57:31.891263158+00:00,2761.0,5.0,5.0,4.74,1164.0
2022-01-07 16:58:33.154421053+00:00,2761.0,5.0,5.0,4.74,1164.0
2022-01-07 16:59:34.417578947+00:00,2761.0,5.0,5.0,4.74,1164.0
2022-01-07 17:00:35.680736842+00:00,2761.0,5.0,5.0,4.74,1164.0
2022-01-07 17:01:36.943894737+00:00,2761.0,5.0,5.0,4.74,1164.0
2022-01-07 17:02:38.207052632+00:00,2761.0,5.0,5.0,4.74,1164.0
2022-01-07 17:03:39.470210526+00:00,2761.0,5.0,5.0,4.74,1164.0
2022-01-07 17:04:40.733368421+00:00,2761.0,5.0,5.0,4.74,1164.0
2022-01-07 17:05:41.996526316+00:00,2761.0,5.0,5.0,4.74,1164.0
2022-01-07 17:06:43.259684211+00:00,2761.0,5.0,5.0,4.74,1164.0
2022-01-07 17:07:44.522842105+00:00,2761.0,4.9,5.0,4.74,1164.0
2022-01-07 17:08:45.786000+00:00,2761.0,1.3,5.0,4.74,1164.0
2022-01-07 17:08:47.786000+00:00,2761.0,0.0,5.0,4.74,1164.0
2022-01-07 17:09:58.347000+00:00,2761.0,1.2,5.1,4.16842105263158,557.0
2022-01-07 17:10:29.291444444+00:00,2761.0,2.1,5.1,4.16842105263158,557.0
2022-01-07 17:11:00.235888889+00:00,2761.0,4.6,5.1,4.16842105263158,557.0
2022-01-07 17:11:31.180333333+00:00,2761.0,5.1,5.1,4.16842105263158,557.0
2022-01-07 17:12:02.124777778+00:00,2761.0,5.0,5.1,4.16842105263158,557.0
2022-01-07 17:12:33.069222222+00:00,2761.0,5.1,5.1,4.16842105263158,557.0
2022-01-07 17:13:04.013666667+00:00,2761.0,5.1,5.1,4.16842105263158,557.0
2022-01-07 17:13:34.958111111+00:00,2761.0,5.0,5.1,4.16842105263158,557.0
2022-01-07 17:14:05.902555556+00:00,2761.0,5.0,5.1,4.16842105263158,557.0
2022-01-07 17:14:36.847000+00:00,2761.0,5.1,5.1,4.16842105263158,557.0
2022-01-07 17:15:07.791444444+00:00,2761.0,5.0,5.1,4.16842105263158,557.0
2022-01-07 17:15:38.735888889+00:00,2761.0,5.1,5.1,4.16842105263158,557.0
2022-01-07 17:16:09.680333333+00:00,2761.0,5.0,5.1,4.16842105263158,557.0
2022-01-07 17:16:40.624777778+00:00,2761.0,4.9,5.1,4.16842105263158,557.0
2022-01-07 17:17:11.569222222+00:00,2761.0,5.0,5.1,4.16842105263158,557.0
2022-01-07 17:17:42.513666667+00:00,2761.0,5.0,5.1,4.16842105263158,557.0
2022-01-07 17:18:13.458111111+00:00,2761.0,4.0,5.1,4.16842105263158,557.0
2022-01-07 17:18:44.402555556+00:00,2761.0,1.5,5.1,4.16842105263158,557.0
2022-01-07 17:19:15.347000+00:00,2761.0,0.4,5.1,4.16842105263158,557.0
2022-01-07 17:19:17.347000+00:00,2761.0,0.0,5.1,4.16842105263158,557.0
2022-01-07 17:19:47.347000+00:00,2758.0,1.1,1.1,0.8666666666666667,47.0
2022-01-07 17:20:03.013666667+00:00,2758.0,1.0,1.1,0.8666666666666667,47.0
2022-01-07 17:20:18.680333333+00:00,2758.0,0.5,1.1,0.8666666666666667,47.0
2022-01-07 17:20:34.347000+00:00,2758.0,0.0,1.1,0.8666666666666667,47.0
2022-01-07 17:20:36.347000+00:00,2758.0,0.0,1.1,0.8666666666666667,47.0
2022-01-07 17:20:59.347000+00:00,2762.0,3.7,5.0,4.588235294117647,976.0
2022-01-07 17:22:00.347000+00:00,2762.0,4.9,5.0,4.588235294117647,976.0
2022-01-07 17:23:01.347000+00:00,2762.0,5.0,5.0,4.588235294117647,976.0
2022-01-07 17:24:02.347000+00:00,2762.0,5.0,5.0,4.588235294117647,976.0
2022-01-07 17:25:03.347000+00:00,2762.0,4.9,5.0,4.588235294117647,976.0
2022-01-07 17:26:04.347000+00:00,2762.0,5.0,5.0,4.588235294117647,976.0
2022-01-07 17:27:05.347000+00:00,2762.0,4.9,5.0,4.588235294117647,976.0
2022-01-07 17:28:06.347000+00:00,2762.0,5.0,5.0,4.588235294117647,976.0
2022-01-07 17:29:07.347000+00:00,2762.0,4.9,5.0,4.588235294117647,976.0
2022-01-07 17:30:08.347000+00:00,2762.0,4.9,5.0,4.588235294117647,976.0
2022-01-07 17:31:09.347000+00:00,2762.0,4.9,5.0,4.588235294117647,976.0
2022-01-07 17:32:10.347000+00:00,2762.0,5.0,5.0,4.588235294117647,976.0
2022-01-07 17:33:11.347000+00:00,2762.0,5.0,5.0,4.588235294117647,976.0
2022-01-07 17:34:12.347000+00:00,2762.0,5.0,5.0,4.588235294117647,976.0
2022-01-07 17:35:13.347000+00:00,2762.0,4.9,5.0,4.588235294117647,976.0
2022-01-07 17:36:14.347000+00:00,2762.0,4.6,5.0,4.588235294117647,976.0
2022-01-07 17:37:15.347000+00:00,2762.0,0.4,5.0,4.588235294117647,976.0
2022-01-07 17:37:17.347000+00:00,2762.0,0.0,5.0,4.588235294117647,976.0
2022-01-07 17:38:34.785000+00:00,2761.0,2.0,5.0,4.581250000000001,949.0
2022-01-07 17:39:38.051666667+00:00,2761.0,4.8,5.0,4.581250000000001,949.0
2022-01-07 17:40:41.318333332+00:00,2761.0,4.9,5.0,4.581250000000001,949.0
2022-01-07 17:41:44.585000+00:00,2761.0,4.9,5.0,4.581250000000001,949.0
2022-01-07 17:42:47.851666667+00:00,2761.0,4.9,5.0,4.581250000000001,949.0
2022-01-07 17:43:51.118333333+00:00,2761.0,4.9,5.0,4.581250000000001,949.0
2022-01-07 17:44:54.385000+00:00,2761.0,5.0,5.0,4.581250000000001,949.0
2022-01-07 17:45:57.651666667+00:00,2761.0,4.9,5.0,4.581250000000001,949.0
2022-01-07 17:47:00.918333333+00:00,2761.0,4.9,5.0,4.581250000000001,949.0
2022-01-07 17:48:04.185000+00:00,2761.0,5.0,5.0,4.581250000000001,949.0
2022-01-07 17:49:07.451666667+00:00,2761.0,4.9,5.0,4.581250000000001,949.0
2022-01-07 17:50:10.718333333+00:00,2761.0,4.9,5.0,4.581250000000001,949.0
2022-01-07 17:51:13.985000+00:00,2761.0,4.9,5.0,4.581250000000001,949.0
2022-01-07 17:52:17.251666667+00:00,2761.0,4.9,5.0,4.581250000000001,949.0
2022-01-07 17:53:20.518333333+00:00,2761.0,4.9,5.0,4.581250000000001,949.0
2022-01-07 17:54:23.785000+00:00,2761.0,2.6,5.0,4.581250000000001,949.0
2022-01-07 17:54:25.785000+00:00,2761.0,0.0,5.0,4.581250000000001,949.0
2022-01-07 17:55:39.785000+00:00,2760.0,2.7,5.0,4.521052631578948,1084.0
2022-01-07 17:56:40.007222222+00:00,2760.0,4.9,5.0,4.521052631578948,1084.0
2022-01-07 17:57:40.229444444+00:00,2760.0,4.9,5.0,4.521052631578948,1084.0
2022-01-07 17:58:40.451666667+00:00,2760.0,5.0,5.0,4.521052631578948,1084.0
2022-01-07 17:59:40.673888889+00:00,2760.0,4.9,5.0,4.521052631578948,1084.0
2022-01-07 18:00:40.896111111+00:00,2760.0,4.9,5.0,4.521052631578948,1084.0
2022-01-07 18:01:41.118333333+00:00,2760.0,5.0,5.0,4.521052631578948,1084.0
2022-01-07 18:02:41.340555556+00:00,2760.0,4.9,5.0,4.521052631578948,1084.0
2022-01-07 18:03:41.562777778+00:00,2760.0,4.9,5.0,4.521052631578948,1084.0
2022-01-07 18:04:41.785000+00:00,2760.0,4.9,5.0,4.521052631578948,1084.0
2022-01-07 18:05:42.007222222+00:00,2760.0,4.9,5.0,4.521052631578948,1084.0
2022-01-07 18:06:42.229444444+00:00,2760.0,4.9,5.0,4.521052631578948,1084.0
2022-01-07 18:07:42.451666667+00:00,2760.0,4.9,5.0,4.521052631578948,1084.0
2022-01-07 18:08:42.673888889+00:00,2760.0,4.9,5.0,4.521052631578948,1084.0
2022-01-07 18:09:42.896111111+00:00,2760.0,5.0,5.0,4.521052631578948,1084.0
2022-01-07 18:10:43.118333333+00:00,2760.0,4.9,5.0,4.521052631578948,1084.0
2022-01-07 18:11:43.340555556+00:00,2760.0,5.0,5.0,4.521052631578948,1084.0
2022-01-07 18:12:43.562777778+00:00,2760.0,4.0,5.0,4.521052631578948,1084.0
2022-01-07 18:13:43.785000+00:00,2760.0,0.4,5.0,4.521052631578948,1084.0
2022-01-07 18:13:45.785000+00:00,2760.0,0.0,5.0,4.521052631578948,1084.0
2022-01-07 18:32:46.345000+00:00,2758.0,1.6,5.0,4.073333333333333,655.0
2022-01-07 18:33:33.130714286+00:00,2758.0,3.3,5.0,4.073333333333333,655.0
2022-01-07 18:34:19.916428571+00:00,2758.0,4.9,5.0,4.073333333333333,655.0
2022-01-07 18:35:06.702142857+00:00,2758.0,4.9,5.0,4.073333333333333,655.0
2022-01-07 18:35:53.487857143+00:00,2758.0,4.9,5.0,4.073333333333333,655.0
2022-01-07 18:36:40.273571429+00:00,2758.0,4.9,5.0,4.073333333333333,655.0
2022-01-07 18:37:27.059285714+00:00,2758.0,5.0,5.0,4.073333333333333,655.0
2022-01-07 18:38:13.845000+00:00,2758.0,4.9,5.0,4.073333333333333,655.0
2022-01-07 18:39:00.630714286+00:00,2758.0,4.9,5.0,4.073333333333333,655.0
2022-01-07 18:39:47.416428571+00:00,2758.0,4.9,5.0,4.073333333333333,655.0
2022-01-07 18:40:34.202142857+00:00,2758.0,5.0,5.0,4.073333333333333,655.0
2022-01-07 18:41:20.987857143+00:00,2758.0,4.9,5.0,4.073333333333333,655.0
2022-01-07 18:42:07.773571429+00:00,2758.0,4.8,5.0,4.073333333333333,655.0
2022-01-07 18:42:54.559285714+00:00,2758.0,1.5,5.0,4.073333333333333,655.0
2022-01-07 18:43:41.345000+00:00,2758.0,0.7,5.0,4.073333333333333,655.0
2022-01-07 18:43:43.345000+00:00,2758.0,0.0,5.0,4.073333333333333,655.0
2022-01-07 18:44:43.784000+00:00,2759.0,3.2,4.9,4.670588235294118,1000.0
2022-01-07 18:45:46.284000+00:00,2759.0,4.9,4.9,4.670588235294118,1000.0
2022-01-07 18:46:48.784000+00:00,2759.0,4.9,4.9,4.670588235294118,1000.0
2022-01-07 18:47:51.284000+00:00,2759.0,4.9,4.9,4.670588235294118,1000.0
2022-01-07 18:48:53.784000+00:00,2759.0,4.9,4.9,4.670588235294118,1000.0
2022-01-07 18:49:56.284000+00:00,2759.0,4.9,4.9,4.670588235294118,1000.0
2022-01-07 18:50:58.784000+00:00,2759.0,4.9,4.9,4.670588235294118,1000.0
2022-01-07 18:52:01.284000+00:00,2759.0,4.9,4.9,4.670588235294118,1000.0
2022-01-07 18:53:03.784000+00:00,2759.0,4.9,4.9,4.670588235294118,1000.0
2022-01-07 18:54:06.284000+00:00,2759.0,4.9,4.9,4.670588235294118,1000.0
2022-01-07 18:55:08.784000+00:00,2759.0,4.9,4.9,4.670588235294118,1000.0
2022-01-07 18:56:11.284000+00:00,2759.0,4.9,4.9,4.670588235294118,1000.0
2022-01-07 18:57:13.784000+00:00,2759.0,4.9,4.9,4.670588235294118,1000.0
2022-01-07 18:58:16.284000+00:00,2759.0,4.9,4.9,4.670588235294118,1000.0
2022-01-07 18:59:18.784000+00:00,2759.0,4.9,4.9,4.670588235294118,1000.0
2022-01-07 19:00:21.284000+00:00,2759.0,4.9,4.9,4.670588235294118,1000.0
2022-01-07 19:01:23.784000+00:00,2759.0,2.7,4.9,4.670588235294118,1000.0
2022-01-07 19:01:25.784000+00:00,2759.0,0.0,4.9,4.670588235294118,1000.0
2022-01-07 19:51:39.782000+00:00,2753.0,0.3,0.5,0.325,47.0
2022-01-07 19:51:55.448666667+00:00,2753.0,0.5,0.5,0.325,47.0
2022-01-07 19:52:11.115333333+00:00,2753.0,0.4,0.5,0.325,47.0
2022-01-07 19:52:26.782000+00:00,2753.0,0.1,0.5,0.325,47.0
2022-01-07 19:52:28.782000+00:00,2753.0,0.0,0.5,0.325,47.0
2022-01-07 19:52:33.343000+00:00,2752.0,0.5,1.7,1.1,124.0
2022-01-07 19:52:48.843000+00:00,2752.0,1.0,1.7,1.1,124.0
2022-01-07 19:53:04.343000+00:00,2752.0,1.7,1.7,1.1,124.0
2022-01-07 19:53:19.843000+00:00,2752.0,1.6,1.7,1.1,124.0
2022-01-07 19:53:35.343000+00:00,2752.0,1.5,1.7,1.1,124.0
2022-01-07 19:53:50.843000+00:00,2752.0,1.6,1.7,1.1,124.0
2022-01-07 19:54:06.343000+00:00,2752.0,1.2,1.7,1.1,124.0
2022-01-07 19:54:21.843000+00:00,2752.0,0.7,1.7,1.1,124.0
2022-01-07 19:54:37.343000+00:00,2752.0,0.1,1.7,1.1,124.0
2022-01-07 19:54:39.343000+00:00,2752.0,0.0,1.7,1.1,124.0
2022-01-07 19:55:34.782000+00:00,2752.0,0.1,0.1,0.1,12.0
2022-01-07 19:55:36.782000+00:00,2752.0,0.0,0.1,0.1,12.0
2022-01-07 19:57:44.343000+00:00,2751.0,0.5,1.6,0.9571428571428572,97.0
2022-01-07 19:58:00.509666667+00:00,2751.0,0.8,1.6,0.9571428571428572,97.0
2022-01-07 19:58:16.676333333+00:00,2751.0,1.5,1.6,0.9571428571428572,97.0
2022-01-07 19:58:32.843000+00:00,2751.0,1.6,1.6,0.9571428571428572,97.0
2022-01-07 19:58:49.009666667+00:00,2751.0,1.2,1.6,0.9571428571428572,97.0
2022-01-07 19:59:05.176333333+00:00,2751.0,0.9,1.6,0.9571428571428572,97.0
2022-01-07 19:59:21.343000+00:00,2751.0,0.2,1.6,0.9571428571428572,97.0
2022-01-07 19:59:23.343000+00:00,2751.0,0.0,1.6,0.9571428571428572,97.0
2022-01-07 20:19:00.342000+00:00,2752.0,2.2,4.9,4.6000000000000005,808.0
2022-01-07 20:19:47.871411765+00:00,2752.0,4.5,4.9,4.6000000000000005,808.0
2022-01-07 20:20:35.400823529+00:00,2752.0,4.9,4.9,4.6000000000000005,808.0
2022-01-07 20:21:22.930235294+00:00,2752.0,4.9,4.9,4.6000000000000005,808.0
2022-01-07 20:22:10.459647059+00:00,2752.0,4.9,4.9,4.6000000000000005,808.0
2022-01-07 20:22:57.989058824+00:00,2752.0,4.9,4.9,4.6000000000000005,808.0
2022-01-07 20:23:45.518470588+00:00,2752.0,4.9,4.9,4.6000000000000005,808.0
2022-01-07 20:24:33.047882353+00:00,2752.0,4.9,4.9,4.6000000000000005,808.0
2022-01-07 20:25:20.577294118+00:00,2752.0,4.9,4.9,4.6000000000000005,808.0
2022-01-07 20:26:08.106705882+00:00,2752.0,4.9,4.9,4.6000000000000005,808.0
2022-01-07 20:26:55.636117647+00:00,2752.0,4.9,4.9,4.6000000000000005,808.0
2022-01-07 20:27:43.165529412+00:00,2752.0,4.9,4.9,4.6000000000000005,808.0
2022-01-07 20:28:30.694941176+00:00,2752.0,4.9,4.9,4.6000000000000005,808.0
2022-01-07 20:29:18.224352941+00:00,2752.0,4.9,4.9,4.6000000000000005,808.0
2022-01-07 20:30:05.753764706+00:00,2752.0,4.9,4.9,4.6000000000000005,808.0
2022-01-07 20:30:53.283176471+00:00,2752.0,4.9,4.9,4.6000000000000005,808.0
2022-01-07 20:31:40.812588235+00:00,2752.0,4.9,4.9,4.6000000000000005,808.0
2022-01-07 20:32:28.342000+00:00,2752.0,2.6,4.9,4.6000000000000005,808.0
2022-01-07 20:32:30.342000+00:00,2752.0,0.0,4.9,4.6000000000000005,808.0
2022-01-07 20:33:41.342000+00:00,2751.0,3.9,5.0,4.71578947368421,1124.0
2022-01-07 20:34:43.786444444+00:00,2751.0,4.9,5.0,4.71578947368421,1124.0
2022-01-07 20:35:46.230888889+00:00,2751.0,4.9,5.0,4.71578947368421,1124.0
2022-01-07 20:36:48.675333333+00:00,2751.0,4.9,5.0,4.71578947368421,1124.0
2022-01-07 20:37:51.119777778+00:00,2751.0,4.9,5.0,4.71578947368421,1124.0
2022-01-07 20:38:53.564222222+00:00,2751.0,4.9,5.0,4.71578947368421,1124.0
2022-01-07 20:39:56.008666667+00:00,2751.0,4.9,5.0,4.71578947368421,1124.0
2022-01-07 20:40:58.453111111+00:00,2751.0,4.9,5.0,4.71578947368421,1124.0
2022-01-07 20:42:00.897555556+00:00,2751.0,4.9,5.0,4.71578947368421,1124.0
2022-01-07 20:43:03.342000+00:00,2751.0,4.9,5.0,4.71578947368421,1124.0
2022-01-07 20:44:05.786444444+00:00,2751.0,4.9,5.0,4.71578947368421,1124.0
2022-01-07 20:45:08.230888889+00:00,2751.0,4.9,5.0,4.71578947368421,1124.0
2022-01-07 20:46:10.675333333+00:00,2751.0,4.9,5.0,4.71578947368421,1124.0
2022-01-07 20:47:13.119777778+00:00,2751.0,4.9,5.0,4.71578947368421,1124.0
2022-01-07 20:48:15.564222222+00:00,2751.0,4.9,5.0,4.71578947368421,1124.0
2022-01-07 20:49:18.008666667+00:00,2751.0,5.0,5.0,4.71578947368421,1124.0
2022-01-07 20:50:20.453111111+00:00,2751.0,5.0,5.0,4.71578947368421,1124.0
2022-01-07 20:51:22.897555556+00:00,2751.0,5.0,5.0,4.71578947368421,1124.0
2022-01-07 20:52:25.342000+00:00,2751.0,2.1,5.0,4.71578947368421,1124.0
2022-01-07 20:52:27.342000+00:00,2751.0,0.0,5.0,4.71578947368421,1124.0
2022-01-07 20:53:24.780000+00:00,2750.0,2.6,5.0,4.561111111111112,1032.0
2022-01-07 20:54:25.485882353+00:00,2750.0,4.9,5.0,4.561111111111112,1032.0
2022-01-07 20:55:26.191764706+00:00,2750.0,5.0,5.0,4.561111111111112,1032.0
2022-01-07 20:56:26.897647059+00:00,2750.0,5.0,5.0,4.561111111111112,1032.0
2022-01-07 20:57:27.603529412+00:00,2750.0,4.9,5.0,4.561111111111112,1032.0
2022-01-07 20:58:28.309411765+00:00,2750.0,5.0,5.0,4.561111111111112,1032.0
2022-01-07 20:59:29.015294118+00:00,2750.0,5.0,5.0,4.561111111111112,1032.0
2022-01-07 21:00:29.721176471+00:00,2750.0,5.0,5.0,4.561111111111112,1032.0
2022-01-07 21:01:30.427058824+00:00,2750.0,5.0,5.0,4.561111111111112,1032.0
2022-01-07 21:02:31.132941176+00:00,2750.0,5.0,5.0,4.561111111111112,1032.0
2022-01-07 21:03:31.838823529+00:00,2750.0,5.0,5.0,4.561111111111112,1032.0
2022-01-07 21:04:32.544705882+00:00,2750.0,5.0,5.0,4.561111111111112,1032.0
2022-01-07 21:05:33.250588235+00:00,2750.0,5.0,5.0,4.561111111111112,1032.0
2022-01-07 21:06:33.956470588+00:00,2750.0,5.0,5.0,4.561111111111112,1032.0
2022-01-07 21:07:34.662352941+00:00,2750.0,5.0,5.0,4.561111111111112,1032.0
2022-01-07 21:08:35.368235294+00:00,2750.0,5.0,5.0,4.561111111111112,1032.0
2022-01-07 21:09:36.074117647+00:00,2750.0,3.8,5.0,4.561111111111112,1032.0
2022-01-07 21:10:36.780000+00:00,2750.0,0.9,5.0,4.561111111111112,1032.0
2022-01-07 21:10:38.780000+00:00,2750.0,0.0,5.0,4.561111111111112,1032.0
2022-01-07 21:12:02.341000+00:00,2747.0,4.1,5.0,4.85,1193.0
2022-01-07 21:13:05.130473684+00:00,2747.0,5.0,5.0,4.85,1193.0
2022-01-07 21:14:07.919947368+00:00,2747.0,5.0,5.0,4.85,1193.0
2022-01-07 21:15:10.709421053+00:00,2747.0,5.0,5.0,4.85,1193.0
2022-01-07 21:16:13.498894737+00:00,2747.0,5.0,5.0,4.85,1193.0
2022-01-07 21:17:16.288368421+00:00,2747.0,5.0,5.0,4.85,1193.0
2022-01-07 21:18:19.077842105+00:00,2747.0,5.0,5.0,4.85,1193.0
2022-01-07 21:19:21.867315789+00:00,2747.0,5.0,5.0,4.85,1193.0
2022-01-07 21:20:24.656789474+00:00,2747.0,5.0,5.0,4.85,1193.0
2022-01-07 21:21:27.446263158+00:00,2747.0,5.0,5.0,4.85,1193.0
2022-01-07 21:22:30.235736842+00:00,2747.0,5.0,5.0,4.85,1193.0
2022-01-07 21:23:33.025210526+00:00,2747.0,5.0,5.0,4.85,1193.0
2022-01-07 21:24:35.814684211+00:00,2747.0,5.0,5.0,4.85,1193.0
2022-01-07 21:25:38.604157894+00:00,2747.0,5.0,5.0,4.85,1193.0
2022-01-07 21:26:41.393631579+00:00,2747.0,5.0,5.0,4.85,1193.0
2022-01-07 21:27:44.183105263+00:00,2747.0,5.0,5.0,4.85,1193.0
2022-01-07 21:28:46.972578947+00:00,2747.0,5.0,5.0,4.85,1193.0
2022-01-07 21:29:49.762052632+00:00,2747.0,5.0,5.0,4.85,1193.0
2022-01-07 21:30:52.551526316+00:00,2747.0,5.0,5.0,4.85,1193.0
2022-01-07 21:31:55.341000+00:00,2747.0,2.9,5.0,4.85,1193.0
2022-01-07 21:31:57.341000+00:00,2747.0,0.0,5.0,4.85,1193.0
2022-01-07 21:33:16.779000+00:00,2745.0,2.5,5.0,4.6647058823529415,1007.0
2022-01-07 21:34:19.716500+00:00,2745.0,4.9,5.0,4.6647058823529415,1007.0
2022-01-07 21:35:22.654000+00:00,2745.0,5.0,5.0,4.6647058823529415,1007.0
2022-01-07 21:36:25.591500+00:00,2745.0,5.0,5.0,4.6647058823529415,1007.0
2022-01-07 21:37:28.529000+00:00,2745.0,5.0,5.0,4.6647058823529415,1007.0
2022-01-07 21:38:31.466500+00:00,2745.0,5.0,5.0,4.6647058823529415,1007.0
2022-01-07 21:39:34.404000+00:00,2745.0,5.0,5.0,4.6647058823529415,1007.0
2022-01-07 21:40:37.341500+00:00,2745.0,5.0,5.0,4.6647058823529415,1007.0
2022-01-07 21:41:40.279000+00:00,2745.0,5.0,5.0,4.6647058823529415,1007.0
2022-01-07 21:42:43.216500+00:00,2745.0,5.0,5.0,4.6647058823529415,1007.0
2022-01-07 21:43:46.154000+00:00,2745.0,5.0,5.0,4.6647058823529415,1007.0
2022-01-07 21:44:49.091500+00:00,2745.0,5.0,5.0,4.6647058823529415,1007.0
2022-01-07 21:45:52.029000+00:00,2745.0,5.0,5.0,4.6647058823529415,1007.0
2022-01-07 21:46:54.966500+00:00,2745.0,5.0,5.0,4.6647058823529415,1007.0
2022-01-07 21:47:57.904000+00:00,2745.0,5.0,5.0,4.6647058823529415,1007.0
2022-01-07 21:49:00.841500+00:00,2745.0,5.0,5.0,4.6647058823529415,1007.0
2022-01-07 21:50:03.779000+00:00,2745.0,1.9,5.0,4.6647058823529415,1007.0
2022-01-07 21:50:05.779000+00:00,2745.0,0.0,5.0,4.6647058823529415,1007.0
2022-01-07 21:51:06.340000+00:00,2743.0,2.4,5.1,4.675,949.0
2022-01-07 21:52:09.606666667+00:00,2743.0,4.9,5.1,4.675,949.0
2022-01-07 21:53:12.873333332+00:00,2743.0,5.0,5.1,4.675,949.0
2022-01-07 21:54:16.140000+00:00,2743.0,5.0,5.1,4.675,949.0
2022-01-07 21:55:19.406666667+00:00,2743.0,5.0,5.1,4.675,949.0
2022-01-07 21:56:22.673333333+00:00,2743.0,5.0,5.1,4.675,949.0
2022-01-07 21:57:25.940000+00:00,2743.0,5.0,5.1,4.675,949.0
2022-01-07 21:58:29.206666667+00:00,2743.0,5.0,5.1,4.675,949.0
2022-01-07 21:59:32.473333333+00:00,2743.0,5.0,5.1,4.675,949.0
2022-01-07 22:00:35.740000+00:00,2743.0,5.0,5.1,4.675,949.0
2022-01-07 22:01:39.006666667+00:00,2743.0,5.0,5.1,4.675,949.0
2022-01-07 22:02:42.273333333+00:00,2743.0,5.0,5.1,4.675,949.0
2022-01-07 22:03:45.540000+00:00,2743.0,5.0,5.1,4.675,949.0
2022-01-07 22:04:48.806666667+00:00,2743.0,5.0,5.1,4.675,949.0
2022-01-07 22:05:52.073333333+00:00,2743.0,5.1,5.1,4.675,949.0
2022-01-07 22:06:55.340000+00:00,2743.0,2.4,5.1,4.675,949.0
2022-01-07 22:06:57.340000+00:00,2743.0,0.0,5.1,4.675,949.0
2022-01-07 22:08:13.339000+00:00,2740.0,1.5,5.1,4.652941176470589,1006.0
2022-01-07 22:09:16.214000+00:00,2740.0,4.5,5.1,4.652941176470589,1006.0
2022-01-07 22:10:19.089000+00:00,2740.0,5.0,5.1,4.652941176470589,1006.0
2022-01-07 22:11:21.964000+00:00,2740.0,5.1,5.1,4.652941176470589,1006.0
2022-01-07 22:12:24.839000+00:00,2740.0,5.1,5.1,4.652941176470589,1006.0
2022-01-07 22:13:27.714000+00:00,2740.0,5.0,5.1,4.652941176470589,1006.0
2022-01-07 22:14:30.589000+00:00,2740.0,5.1,5.1,4.652941176470589,1006.0
2022-01-07 22:15:33.464000+00:00,2740.0,5.1,5.1,4.652941176470589,1006.0
2022-01-07 22:16:36.339000+00:00,2740.0,5.0,5.1,4.652941176470589,1006.0
2022-01-07 22:17:39.214000+00:00,2740.0,5.0,5.1,4.652941176470589,1006.0
2022-01-07 22:18:42.089000+00:00,2740.0,5.0,5.1,4.652941176470589,1006.0
2022-01-07 22:19:44.964000+00:00,2740.0,5.1,5.1,4.652941176470589,1006.0
2022-01-07 22:20:47.839000+00:00,2740.0,5.1,5.1,4.652941176470589,1006.0
2022-01-07 22:21:50.714000+00:00,2740.0,5.1,5.1,4.652941176470589,1006.0
2022-01-07 22:22:53.589000+00:00,2740.0,5.1,5.1,4.652941176470589,1006.0
2022-01-07 22:23:56.464000+00:00,2740.0,5.1,5.1,4.652941176470589,1006.0
2022-01-07 22:24:59.339000+00:00,2740.0,2.2,5.1,4.652941176470589,1006.0
2022-01-07 22:25:01.339000+00:00,2740.0,0.0,5.1,4.652941176470589,1006.0
2022-01-07 22:26:16.339000+00:00,2740.0,3.1,5.0,4.639999999999999,1148.0
2022-01-07 22:27:16.760052632+00:00,2740.0,5.0,5.0,4.639999999999999,1148.0
2022-01-07 22:28:17.181105263+00:00,2740.0,5.0,5.0,4.639999999999999,1148.0
2022-01-07 22:29:17.602157894+00:00,2740.0,5.0,5.0,4.639999999999999,1148.0
2022-01-07 22:30:18.023210526+00:00,2740.0,5.0,5.0,4.639999999999999,1148.0
2022-01-07 22:31:18.444263158+00:00,2740.0,5.0,5.0,4.639999999999999,1148.0
2022-01-07 22:32:18.865315789+00:00,2740.0,5.0,5.0,4.639999999999999,1148.0
2022-01-07 22:33:19.286368421+00:00,2740.0,5.0,5.0,4.639999999999999,1148.0
2022-01-07 22:34:19.707421053+00:00,2740.0,5.0,5.0,4.639999999999999,1148.0
2022-01-07 22:35:20.128473684+00:00,2740.0,5.0,5.0,4.639999999999999,1148.0
2022-01-07 22:36:20.549526316+00:00,2740.0,5.0,5.0,4.639999999999999,1148.0
2022-01-07 22:37:20.970578947+00:00,2740.0,5.0,5.0,4.639999999999999,1148.0
2022-01-07 22:38:21.391631579+00:00,2740.0,5.0,5.0,4.639999999999999,1148.0
2022-01-07 22:39:21.812684211+00:00,2740.0,5.0,5.0,4.639999999999999,1148.0
2022-01-07 22:40:22.233736842+00:00,2740.0,5.0,5.0,4.639999999999999,1148.0
2022-01-07 22:41:22.654789474+00:00,2740.0,5.0,5.0,4.639999999999999,1148.0
2022-01-07 22:42:23.075842105+00:00,2740.0,5.0,5.0,4.639999999999999,1148.0
2022-01-07 22:43:23.496894737+00:00,2740.0,5.0,5.0,4.639999999999999,1148.0
2022-01-07 22:44:23.917947368+00:00,2740.0,4.1,5.0,4.639999999999999,1148.0
2022-01-07 22:45:24.339000+00:00,2740.0,0.6,5.0,4.639999999999999,1148.0
2022-01-07 22:45:26.339000+00:00,2740.0,0.0,5.0,4.639999999999999,1148.0
2022-01-07 22:46:35.338000+00:00,2741.0,3.6,5.1,4.722222222222221,1060.0
2022-01-07 22:47:37.690941176+00:00,2741.0,5.0,5.1,4.722222222222221,1060.0
2022-01-07 22:48:40.043882353+00:00,2741.0,5.0,5.1,4.722222222222221,1060.0
2022-01-07 22:49:42.396823529+00:00,2741.0,5.1,5.1,4.722222222222221,1060.0
2022-01-07 22:50:44.749764706+00:00,2741.0,5.1,5.1,4.722222222222221,1060.0
2022-01-07 22:51:47.102705882+00:00,2741.0,5.1,5.1,4.722222222222221,1060.0
2022-01-07 22:52:49.455647059+00:00,2741.0,5.0,5.1,4.722222222222221,1060.0
2022-01-07 22:53:51.808588235+00:00,2741.0,5.1,5.1,4.722222222222221,1060.0
2022-01-07 22:54:54.161529412+00:00,2741.0,5.0,5.1,4.722222222222221,1060.0
2022-01-07 22:55:56.514470588+00:00,2741.0,5.1,5.1,4.722222222222221,1060.0
2022-01-07 22:56:58.867411765+00:00,2741.0,5.1,5.1,4.722222222222221,1060.0
2022-01-07 22:58:01.220352941+00:00,2741.0,5.1,5.1,4.722222222222221,1060.0
2022-01-07 22:59:03.573294118+00:00,2741.0,5.1,5.1,4.722222222222221,1060.0
2022-01-07 23:00:05.926235294+00:00,2741.0,5.1,5.1,4.722222222222221,1060.0
2022-01-07 23:01:08.279176471+00:00,2741.0,5.1,5.1,4.722222222222221,1060.0
2022-01-07 23:02:10.632117647+00:00,2741.0,5.1,5.1,4.722222222222221,1060.0
2022-01-07 23:03:12.985058824+00:00,2741.0,4.3,5.1,4.722222222222221,1060.0
2022-01-07 23:04:15.338000+00:00,2741.0,1.0,5.1,4.722222222222221,1060.0
2022-01-07 23:04:17.338000+00:00,2741.0,0.0,5.1,4.722222222222221,1060.0
2022-01-07 23:05:16.338000+00:00,2736.0,1.6,2.8,2.325,680.0
2022-01-07 23:06:01.671333333+00:00,2736.0,2.6,2.8,2.325,680.0
2022-01-07 23:06:47.004666667+00:00,2736.0,2.8,2.8,2.325,680.0
2022-01-07 23:07:32.338000+00:00,2736.0,2.7,2.8,2.325,680.0
2022-01-07 23:08:17.671333333+00:00,2736.0,2.8,2.8,2.325,680.0
2022-01-07 23:09:03.004666667+00:00,2736.0,2.8,2.8,2.325,680.0
2022-01-07 23:09:48.338000+00:00,2736.0,2.8,2.8,2.325,680.0
2022-01-07 23:10:33.671333333+00:00,2736.0,2.7,2.8,2.325,680.0
2022-01-07 23:11:19.004666667+00:00,2736.0,2.7,2.8,2.325,680.0
2022-01-07 23:12:04.338000+00:00,2736.0,2.7,2.8,2.325,680.0
2022-01-07 23:12:49.671333333+00:00,2736.0,2.8,2.8,2.325,680.0
2022-01-07 23:13:35.004666667+00:00,2736.0,2.7,2.8,2.325,680.0
2022-01-07 23:14:20.338000+00:00,2736.0,2.7,2.8,2.325,680.0
2022-01-07 23:15:05.671333333+00:00,2736.0,1.7,2.8,2.325,680.0
2022-01-07 23:15:51.004666667+00:00,2736.0,0.9,2.8,2.325,680.0
2022-01-07 23:16:36.338000+00:00,2736.0,0.2,2.8,2.325,680.0
2022-01-07 23:16:38.338000+00:00,2736.0,0.0,2.8,2.325,680.0
2022-01-07 23:17:20.776000+00:00,2740.0,0.9,5.1,4.361111111111111,802.0
2022-01-07 23:18:07.952470588+00:00,2740.0,1.2,5.1,4.361111111111111,802.0
2022-01-07 23:18:55.128941176+00:00,2740.0,2.5,5.1,4.361111111111111,802.0
2022-01-07 23:19:42.305411765+00:00,2740.0,5.1,5.1,4.361111111111111,802.0
2022-01-07 23:20:29.481882353+00:00,2740.0,5.1,5.1,4.361111111111111,802.0
2022-01-07 23:21:16.658352941+00:00,2740.0,5.1,5.1,4.361111111111111,802.0
2022-01-07 23:22:03.834823529+00:00,2740.0,5.1,5.1,4.361111111111111,802.0
2022-01-07 23:22:51.011294118+00:00,2740.0,5.1,5.1,4.361111111111111,802.0
2022-01-07 23:23:38.187764706+00:00,2740.0,5.1,5.1,4.361111111111111,802.0
2022-01-07 23:24:25.364235294+00:00,2740.0,5.1,5.1,4.361111111111111,802.0
2022-01-07 23:25:12.540705882+00:00,2740.0,5.1,5.1,4.361111111111111,802.0
2022-01-07 23:25:59.717176471+00:00,2740.0,5.1,5.1,4.361111111111111,802.0
2022-01-07 23:26:46.893647059+00:00,2740.0,5.1,5.1,4.361111111111111,802.0
2022-01-07 23:27:34.070117647+00:00,2740.0,5.1,5.1,4.361111111111111,802.0
2022-01-07 23:28:21.246588235+00:00,2740.0,5.1,5.1,4.361111111111111,802.0
2022-01-07 23:29:08.423058824+00:00,2740.0,5.1,5.1,4.361111111111111,802.0
2022-01-07 23:29:55.599529412+00:00,2740.0,5.1,5.1,4.361111111111111,802.0
2022-01-07 23:30:42.776000+00:00,2740.0,2.5,5.1,4.361111111111111,802.0
2022-01-07 23:30:44.776000+00:00,2740.0,0.0,5.1,4.361111111111111,802.0
2022-01-07 23:31:19.337000+00:00,2737.0,0.2,0.2,0.2,6.0
2022-01-07 23:31:21.337000+00:00,2737.0,0.0,0.2,0.2,6.0
2022-01-07 23:31:55.776000+00:00,2739.0,1.2,5.1,4.305,874.0
2022-01-07 23:32:41.776000+00:00,2739.0,2.2,5.1,4.305,874.0
2022-01-07 23:33:27.776000+00:00,2739.0,1.4,5.1,4.305,874.0
2022-01-07 23:34:13.776000+00:00,2739.0,4.0,5.1,4.305,874.0
2022-01-07 23:34:59.776000+00:00,2739.0,5.1,5.1,4.305,874.0
2022-01-07 23:35:45.776000+00:00,2739.0,5.1,5.1,4.305,874.0
2022-01-07 23:36:31.776000+00:00,2739.0,5.1,5.1,4.305,874.0
2022-01-07 23:37:17.776000+00:00,2739.0,5.1,5.1,4.305,874.0
2022-01-07 23:38:03.776000+00:00,2739.0,5.1,5.1,4.305,874.0
2022-01-07 23:38:49.776000+00:00,2739.0,5.1,5.1,4.305,874.0
2022-01-07 23:39:35.776000+00:00,2739.0,5.1,5.1,4.305,874.0
2022-01-07 23:40:21.776000+00:00,2739.0,5.1,5.1,4.305,874.0
2022-01-07 23:41:07.776000+00:00,2739.0,5.1,5.1,4.305,874.0
2022-01-07 23:41:53.776000+00:00,2739.0,5.1,5.1,4.305,874.0
2022-01-07 23:42:39.776000+00:00,2739.0,5.1,5.1,4.305,874.0
2022-01-07 23:43:25.776000+00:00,2739.0,5.1,5.1,4.305,874.0
2022-01-07 23:44:11.776000+00:00,2739.0,5.1,5.1,4.305,874.0
2022-01-07 23:44:57.776000+00:00,2739.0,5.1,5.1,4.305,874.0
2022-01-07 23:45:43.776000+00:00,2739.0,4.9,5.1,4.305,874.0
2022-01-07 23:46:29.776000+00:00,2739.0,1.0,5.1,4.305,874.0
2022-01-07 23:46:31.776000+00:00,2739.0,0.0,5.1,4.305,874.0
2022-01-07 23:47:53.336000+00:00,2737.0,4.2,5.1,4.972222222222221,1334.0
2022-01-07 23:49:11.806588235+00:00,2737.0,5.1,5.1,4.972222222222221,1334.0
2022-01-07 23:50:30.277176471+00:00,2737.0,5.1,5.1,4.972222222222221,1334.0
2022-01-07 23:51:48.747764706+00:00,2737.0,5.1,5.1,4.972222222222221,1334.0
2022-01-07 23:53:07.218352941+00:00,2737.0,5.1,5.1,4.972222222222221,1334.0
2022-01-07 23:54:25.688941176+00:00,2737.0,5.1,5.1,4.972222222222221,1334.0
2022-01-07 23:55:44.159529412+00:00,2737.0,5.1,5.1,4.972222222222221,1334.0
2022-01-07 23:57:02.630117647+00:00,2737.0,5.1,5.1,4.972222222222221,1334.0
2022-01-07 23:58:21.100705882+00:00,2737.0,5.1,5.1,4.972222222222221,1334.0
2022-01-07 23:59:39.571294118+00:00,2737.0,5.1,5.1,4.972222222222221,1334.0
2022-01-08 00:00:58.041882353+00:00,2737.0,5.1,5.1,4.972222222222221,1334.0
2022-01-08 00:02:16.512470588+00:00,2737.0,5.1,5.1,4.972222222222221,1334.0
2022-01-08 00:03:34.983058824+00:00,2737.0,5.1,5.1,4.972222222222221,1334.0
2022-01-08 00:04:53.453647059+00:00,2737.0,5.1,5.1,4.972222222222221,1334.0
2022-01-08 00:06:11.924235294+00:00,2737.0,5.1,5.1,4.972222222222221,1334.0
2022-01-08 00:07:30.394823529+00:00,2737.0,5.1,5.1,4.972222222222221,1334.0
2022-01-08 00:08:48.865411765+00:00,2737.0,5.1,5.1,4.972222222222221,1334.0
2022-01-08 00:10:07.336000+00:00,2737.0,3.7,5.1,4.972222222222221,1334.0
2022-01-08 00:10:09.336000+00:00,2737.0,0.0,5.1,4.972222222222221,1334.0
2022-01-08 00:11:39.336000+00:00,2737.0,3.4,5.2,4.894444444444443,1069.0
2022-01-08 00:12:42.218352941+00:00,2737.0,5.1,5.2,4.894444444444443,1069.0
2022-01-08 00:13:45.100705882+00:00,2737.0,5.1,5.2,4.894444444444443,1069.0
2022-01-08 00:14:47.983058824+00:00,2737.0,5.1,5.2,4.894444444444443,1069.0
2022-01-08 00:15:50.865411765+00:00,2737.0,5.1,5.2,4.894444444444443,1069.0
2022-01-08 00:16:53.747764706+00:00,2737.0,5.1,5.2,4.894444444444443,1069.0
2022-01-08 00:17:56.630117647+00:00,2737.0,5.1,5.2,4.894444444444443,1069.0
2022-01-08 00:18:59.512470588+00:00,2737.0,5.1,5.2,4.894444444444443,1069.0
2022-01-08 00:20:02.394823529+00:00,2737.0,5.1,5.2,4.894444444444443,1069.0
2022-01-08 00:21:05.277176471+00:00,2737.0,5.1,5.2,4.894444444444443,1069.0
2022-01-08 00:22:08.159529412+00:00,2737.0,5.1,5.2,4.894444444444443,1069.0
2022-01-08 00:23:11.041882353+00:00,2737.0,5.1,5.2,4.894444444444443,1069.0
2022-01-08 00:24:13.924235294+00:00,2737.0,5.2,5.2,4.894444444444443,1069.0
2022-01-08 00:25:16.806588235+00:00,2737.0,5.2,5.2,4.894444444444443,1069.0
2022-01-08 00:26:19.688941176+00:00,2737.0,5.1,5.2,4.894444444444443,1069.0
2022-01-08 00:27:22.571294118+00:00,2737.0,5.2,5.2,4.894444444444443,1069.0
2022-01-08 00:28:25.453647059+00:00,2737.0,5.1,5.2,4.894444444444443,1069.0
2022-01-08 00:29:28.336000+00:00,2737.0,2.8,5.2,4.894444444444443,1069.0
2022-01-08 00:29:30.336000+00:00,2737.0,0.0,5.2,4.894444444444443,1069.0
2022-01-08 00:30:46.335000+00:00,2737.0,2.7,5.2,4.795,1149.0
2022-01-08 00:31:46.808684211+00:00,2737.0,5.0,5.2,4.795,1149.0
2022-01-08 00:32:47.282368421+00:00,2737.0,5.2,5.2,4.795,1149.0
2022-01-08 00:33:47.756052632+00:00,2737.0,5.2,5.2,4.795,1149.0
2022-01-08 00:34:48.229736842+00:00,2737.0,5.2,5.2,4.795,1149.0
2022-01-08 00:35:48.703421053+00:00,2737.0,5.2,5.2,4.795,1149.0
2022-01-08 00:36:49.177105263+00:00,2737.0,5.2,5.2,4.795,1149.0
2022-01-08 00:37:49.650789474+00:00,2737.0,5.2,5.2,4.795,1149.0
2022-01-08 00:38:50.124473684+00:00,2737.0,5.2,5.2,4.795,1149.0
2022-01-08 00:39:50.598157894+00:00,2737.0,5.2,5.2,4.795,1149.0
2022-01-08 00:40:51.071842105+00:00,2737.0,5.2,5.2,4.795,1149.0
2022-01-08 00:41:51.545526316+00:00,2737.0,5.2,5.2,4.795,1149.0
2022-01-08 00:42:52.019210526+00:00,2737.0,5.2,5.2,4.795,1149.0
2022-01-08 00:43:52.492894737+00:00,2737.0,5.2,5.2,4.795,1149.0
2022-01-08 00:44:52.966578947+00:00,2737.0,5.2,5.2,4.795,1149.0
2022-01-08 00:45:53.440263158+00:00,2737.0,5.2,5.2,4.795,1149.0
2022-01-08 00:46:53.913947368+00:00,2737.0,5.2,5.2,4.795,1149.0
2022-01-08 00:47:54.387631579+00:00,2737.0,5.2,5.2,4.795,1149.0
2022-01-08 00:48:54.861315789+00:00,2737.0,4.4,5.2,4.795,1149.0
2022-01-08 00:49:55.335000+00:00,2737.0,0.6,5.2,4.795,1149.0
2022-01-08 00:49:57.335000+00:00,2737.0,0.0,5.2,4.795,1149.0
2022-01-08 00:51:29.335000+00:00,2735.0,3.5,5.2,4.963157894736843,1417.0
2022-01-08 00:52:48.057222222+00:00,2735.0,5.1,5.2,4.963157894736843,1417.0
2022-01-08 00:54:06.779444444+00:00,2735.0,5.2,5.2,4.963157894736843,1417.0
2022-01-08 00:55:25.501666667+00:00,2735.0,5.1,5.2,4.963157894736843,1417.0
2022-01-08 00:56:44.223888889+00:00,2735.0,5.1,5.2,4.963157894736843,1417.0
2022-01-08 00:58:02.946111111+00:00,2735.0,5.1,5.2,4.963157894736843,1417.0
2022-01-08 00:59:21.668333333+00:00,2735.0,5.1,5.2,4.963157894736843,1417.0
2022-01-08 01:00:40.390555556+00:00,2735.0,5.2,5.2,4.963157894736843,1417.0
2022-01-08 01:01:59.112777778+00:00,2735.0,5.2,5.2,4.963157894736843,1417.0
2022-01-08 01:03:17.835000+00:00,2735.0,5.2,5.2,4.963157894736843,1417.0
2022-01-08 01:04:36.557222222+00:00,2735.0,5.1,5.2,4.963157894736843,1417.0
2022-01-08 01:05:55.279444444+00:00,2735.0,5.2,5.2,4.963157894736843,1417.0
2022-01-08 01:07:14.001666667+00:00,2735.0,5.2,5.2,4.963157894736843,1417.0
2022-01-08 01:08:32.723888889+00:00,2735.0,5.2,5.2,4.963157894736843,1417.0
2022-01-08 01:09:51.446111111+00:00,2735.0,5.2,5.2,4.963157894736843,1417.0
2022-01-08 01:11:10.168333333+00:00,2735.0,5.2,5.2,4.963157894736843,1417.0
2022-01-08 01:12:28.890555556+00:00,2735.0,5.2,5.2,4.963157894736843,1417.0
2022-01-08 01:13:47.612777778+00:00,2735.0,5.2,5.2,4.963157894736843,1417.0
2022-01-08 01:15:06.335000+00:00,2735.0,3.0,5.2,4.963157894736843,1417.0
2022-01-08 01:15:08.335000+00:00,2735.0,0.0,5.2,4.963157894736843,1417.0
2022-01-08 01:15:19.774000+00:00,2733.0,0.1,0.1,0.1,6.0
2022-01-08 01:15:21.774000+00:00,2733.0,0.0,0.1,0.1,6.0
2022-01-08 01:15:53.774000+00:00,2734.0,0.2,0.2,0.2,16.0
2022-01-08 01:16:09.774000+00:00,2734.0,0.0,0.2,0.2,16.0
2022-01-08 01:16:11.774000+00:00,2734.0,0.0,0.2,0.2,16.0
2022-01-08 01:16:38.334000+00:00,2735.0,1.3,2.9,2.5166666666666666,511.0
2022-01-08 01:17:08.392823529+00:00,2735.0,2.5,2.9,2.5166666666666666,511.0
2022-01-08 01:17:38.451647059+00:00,2735.0,2.8,2.9,2.5166666666666666,511.0
2022-01-08 01:18:08.510470588+00:00,2735.0,2.8,2.9,2.5166666666666666,511.0
2022-01-08 01:18:38.569294118+00:00,2735.0,2.8,2.9,2.5166666666666666,511.0
2022-01-08 01:19:08.628117647+00:00,2735.0,2.9,2.9,2.5166666666666666,511.0
2022-01-08 01:19:38.686941176+00:00,2735.0,2.8,2.9,2.5166666666666666,511.0
2022-01-08 01:20:08.745764706+00:00,2735.0,2.8,2.9,2.5166666666666666,511.0
2022-01-08 01:20:38.804588235+00:00,2735.0,2.8,2.9,2.5166666666666666,511.0
2022-01-08 01:21:08.863411765+00:00,2735.0,2.8,2.9,2.5166666666666666,511.0
2022-01-08 01:21:38.922235294+00:00,2735.0,2.8,2.9,2.5166666666666666,511.0
2022-01-08 01:22:08.981058824+00:00,2735.0,2.9,2.9,2.5166666666666666,511.0
2022-01-08 01:22:39.039882353+00:00,2735.0,2.9,2.9,2.5166666666666666,511.0
2022-01-08 01:23:09.098705882+00:00,2735.0,2.8,2.9,2.5166666666666666,511.0
2022-01-08 01:23:39.157529412+00:00,2735.0,2.8,2.9,2.5166666666666666,511.0
2022-01-08 01:24:09.216352941+00:00,2735.0,2.8,2.9,2.5166666666666666,511.0
2022-01-08 01:24:39.275176471+00:00,2735.0,1.9,2.9,2.5166666666666666,511.0
2022-01-08 01:25:09.334000+00:00,2735.0,0.1,2.9,2.5166666666666666,511.0
2022-01-08 01:25:11.334000+00:00,2735.0,0.0,2.9,2.5166666666666666,511.0
2022-01-08 01:25:44.773000+00:00,2734.0,0.3,0.3,0.3,7.0
2022-01-08 01:25:46.773000+00:00,2734.0,0.0,0.3,0.3,7.0
2022-01-08 01:26:03.773000+00:00,2735.0,0.1,0.1,0.1,3.0
2022-01-08 01:26:05.773000+00:00,2735.0,0.0,0.1,0.1,3.0
2022-01-08 01:29:47.334000+00:00,2734.0,1.0,1.0,0.7999999999999999,43.0
2022-01-08 01:30:08.834000+00:00,2734.0,0.9,1.0,0.7999999999999999,43.0
2022-01-08 01:30:30.334000+00:00,2734.0,0.5,1.0,0.7999999999999999,43.0
2022-01-08 01:30:32.334000+00:00,2734.0,0.0,1.0,0.7999999999999999,43.0
2022-01-08 01:35:21.334000+00:00,2735.0,0.3,0.4,0.2375,120.0
2022-01-08 01:35:36.334000+00:00,2735.0,0.3,0.4,0.2375,120.0
2022-01-08 01:35:51.334000+00:00,2735.0,0.4,0.4,0.2375,120.0
2022-01-08 01:36:06.334000+00:00,2735.0,0.3,0.4,0.2375,120.0
2022-01-08 01:36:21.334000+00:00,2735.0,0.2,0.4,0.2375,120.0
2022-01-08 01:36:36.334000+00:00,2735.0,0.1,0.4,0.2375,120.0
2022-01-08 01:36:51.334000+00:00,2735.0,0.2,0.4,0.2375,120.0
2022-01-08 01:37:06.334000+00:00,2735.0,0.1,0.4,0.2375,120.0
2022-01-08 01:37:21.334000+00:00,2735.0,0.0,0.4,0.2375,120.0
2022-01-08 01:37:23.334000+00:00,2735.0,0.0,0.4,0.2375,120.0
2022-01-08 01:41:17.773000+00:00,2738.0,0.3,0.3,0.2666666666666666,38.0
2022-01-08 01:41:36.773000+00:00,2738.0,0.3,0.3,0.2666666666666666,38.0
2022-01-08 01:41:55.773000+00:00,2738.0,0.2,0.3,0.2666666666666666,38.0
2022-01-08 01:41:57.773000+00:00,2738.0,0.0,0.3,0.2666666666666666,38.0
2022-01-08 01:42:02.773000+00:00,2739.0,0.4,0.4,0.3333333333333333,37.0
2022-01-08 01:42:21.273000+00:00,2739.0,0.4,0.4,0.3333333333333333,37.0
2022-01-08 01:42:39.773000+00:00,2739.0,0.2,0.4,0.3333333333333333,37.0
2022-01-08 01:42:41.773000+00:00,2739.0,0.0,0.4,0.3333333333333333,37.0
2022-01-08 01:43:03.773000+00:00,2739.0,0.2,0.2,0.2,13.0
2022-01-08 01:43:05.773000+00:00,2739.0,0.0,0.2,0.2,13.0
2022-01-08 01:44:38.334000+00:00,2740.0,0.1,0.1,0.1,9.0
2022-01-08 01:44:40.334000+00:00,2740.0,0.0,0.1,0.1,9.0
2022-01-08 01:46:08.773000+00:00,2740.0,0.3,0.4,0.275,49.0
2022-01-08 01:46:25.106333333+00:00,2740.0,0.2,0.4,0.275,49.0
2022-01-08 01:46:41.439666667+00:00,2740.0,0.4,0.4,0.275,49.0
2022-01-08 01:46:57.773000+00:00,2740.0,0.2,0.4,0.275,49.0
2022-01-08 01:46:59.773000+00:00,2740.0,0.0,0.4,0.275,49.0
2022-01-08 01:47:04.334000+00:00,2740.0,0.3,0.5,0.375,60.0
2022-01-08 01:47:19.334000+00:00,2740.0,0.4,0.5,0.375,60.0
2022-01-08 01:47:34.334000+00:00,2740.0,0.5,0.5,0.375,60.0
2022-01-08 01:47:49.334000+00:00,2740.0,0.3,0.5,0.375,60.0
2022-01-08 01:48:04.334000+00:00,2740.0,0.0,0.5,0.375,60.0
2022-01-08 01:48:06.334000+00:00,2740.0,0.0,0.5,0.375,60.0
2022-01-08 01:48:11.333000+00:00,2754.0,6.2,15.2,13.947058823529414,1019.0
2022-01-08 01:49:15.020500+00:00,2754.0,13.6,15.2,13.947058823529414,1019.0
2022-01-08 01:50:18.708000+00:00,2754.0,14.9,15.2,13.947058823529414,1019.0
2022-01-08 01:51:22.395500+00:00,2754.0,14.9,15.2,13.947058823529414,1019.0
2022-01-08 01:52:26.083000+00:00,2754.0,14.8,15.2,13.947058823529414,1019.0
2022-01-08 01:53:29.770500+00:00,2754.0,14.8,15.2,13.947058823529414,1019.0
2022-01-08 01:54:33.458000+00:00,2754.0,14.9,15.2,13.947058823529414,1019.0
2022-01-08 01:55:37.145500+00:00,2754.0,15.1,15.2,13.947058823529414,1019.0
2022-01-08 01:56:40.833000+00:00,2754.0,15.1,15.2,13.947058823529414,1019.0
2022-01-08 01:57:44.520500+00:00,2754.0,15.1,15.2,13.947058823529414,1019.0
2022-01-08 01:58:48.208000+00:00,2754.0,15.2,15.2,13.947058823529414,1019.0
2022-01-08 01:59:51.895500+00:00,2754.0,15.2,15.2,13.947058823529414,1019.0
2022-01-08 02:00:55.583000+00:00,2754.0,14.9,15.2,13.947058823529414,1019.0
2022-01-08 02:01:59.270500+00:00,2754.0,14.8,15.2,13.947058823529414,1019.0
2022-01-08 02:03:02.958000+00:00,2754.0,14.8,15.2,13.947058823529414,1019.0
2022-01-08 02:04:06.645500+00:00,2754.0,14.6,15.2,13.947058823529414,1019.0
2022-01-08 02:05:10.333000+00:00,2754.0,8.2,15.2,13.947058823529414,1019.0
2022-01-08 02:05:12.333000+00:00,2754.0,0.0,15.2,13.947058823529414,1019.0
2022-01-08 02:06:44.772000+00:00,2743.0,8.9,12.8,11.705263157894738,1113.0
2022-01-08 02:07:46.605333333+00:00,2743.0,10.8,12.8,11.705263157894738,1113.0
2022-01-08 02:08:48.438666667+00:00,2743.0,11.9,12.8,11.705263157894738,1113.0
2022-01-08 02:09:50.272000+00:00,2743.0,12.6,12.8,11.705263157894738,1113.0
2022-01-08 02:10:52.105333333+00:00,2743.0,12.3,12.8,11.705263157894738,1113.0
2022-01-08 02:11:53.938666667+00:00,2743.0,12.6,12.8,11.705263157894738,1113.0
2022-01-08 02:12:55.772000+00:00,2743.0,12.6,12.8,11.705263157894738,1113.0
2022-01-08 02:13:57.605333333+00:00,2743.0,12.3,12.8,11.705263157894738,1113.0
2022-01-08 02:14:59.438666667+00:00,2743.0,12.2,12.8,11.705263157894738,1113.0
2022-01-08 02:16:01.272000+00:00,2743.0,12.8,12.8,11.705263157894738,1113.0
2022-01-08 02:17:03.105333333+00:00,2743.0,12.8,12.8,11.705263157894738,1113.0
2022-01-08 02:18:04.938666667+00:00,2743.0,12.7,12.8,11.705263157894738,1113.0
2022-01-08 02:19:06.772000+00:00,2743.0,12.7,12.8,11.705263157894738,1113.0
2022-01-08 02:20:08.605333333+00:00,2743.0,12.6,12.8,11.705263157894738,1113.0
2022-01-08 02:21:10.438666667+00:00,2743.0,12.7,12.8,11.705263157894738,1113.0
2022-01-08 02:22:12.272000+00:00,2743.0,12.7,12.8,11.705263157894738,1113.0
2022-01-08 02:23:14.105333333+00:00,2743.0,12.3,12.8,11.705263157894738,1113.0
2022-01-08 02:24:15.938666667+00:00,2743.0,11.4,12.8,11.705263157894738,1113.0
2022-01-08 02:25:17.772000+00:00,2743.0,3.5,12.8,11.705263157894738,1113.0
2022-01-08 02:25:19.772000+00:00,2743.0,0.0,12.8,11.705263157894738,1113.0
2022-01-08 02:25:53.333000+00:00,2727.0,0.3,0.3,0.3,11.0
2022-01-08 02:25:55.333000+00:00,2727.0,0.0,0.3,0.3,11.0
2022-01-08 02:26:14.333000+00:00,2729.0,0.2,0.2,0.2,3.0
2022-01-08 02:26:16.333000+00:00,2729.0,0.0,0.2,0.2,3.0
2022-01-08 02:26:51.772000+00:00,2732.0,0.5,0.5,0.3333333333333333,36.0
2022-01-08 02:27:09.772000+00:00,2732.0,0.4,0.5,0.3333333333333333,36.0
2022-01-08 02:27:27.772000+00:00,2732.0,0.1,0.5,0.3333333333333333,36.0
2022-01-08 02:27:29.772000+00:00,2732.0,0.0,0.5,0.3333333333333333,36.0
2022-01-08 02:27:34.332000+00:00,2733.0,0.4,0.4,0.2333333333333333,32.0
2022-01-08 02:27:50.332000+00:00,2733.0,0.2,0.4,0.2333333333333333,32.0
2022-01-08 02:28:06.332000+00:00,2733.0,0.1,0.4,0.2333333333333333,32.0
2022-01-08 02:28:08.332000+00:00,2733.0,0.0,0.4,0.2333333333333333,32.0
2022-01-08 02:28:13.332000+00:00,2734.0,0.4,0.7,0.4571428571428572,100.0
2022-01-08 02:28:29.998666667+00:00,2734.0,0.4,0.7,0.4571428571428572,100.0
2022-01-08 02:28:46.665333333+00:00,2734.0,0.6,0.7,0.4571428571428572,100.0
2022-01-08 02:29:03.332000+00:00,2734.0,0.3,0.7,0.4571428571428572,100.0
2022-01-08 02:29:19.998666667+00:00,2734.0,0.6,0.7,0.4571428571428572,100.0
2022-01-08 02:29:36.665333333+00:00,2734.0,0.7,0.7,0.4571428571428572,100.0
2022-01-08 02:29:53.332000+00:00,2734.0,0.2,0.7,0.4571428571428572,100.0
2022-01-08 02:29:55.332000+00:00,2734.0,0.0,0.7,0.4571428571428572,100.0
2022-01-08 02:31:06.332000+00:00,2739.0,0.6,0.6,0.425,117.0
2022-01-08 02:31:23.046285714+00:00,2739.0,0.4,0.6,0.425,117.0
2022-01-08 02:31:39.760571429+00:00,2739.0,0.3,0.6,0.425,117.0
2022-01-08 02:31:56.474857143+00:00,2739.0,0.5,0.6,0.425,117.0
2022-01-08 02:32:13.189142857+00:00,2739.0,0.4,0.6,0.425,117.0
2022-01-08 02:32:29.903428571+00:00,2739.0,0.3,0.6,0.425,117.0
2022-01-08 02:32:46.617714286+00:00,2739.0,0.5,0.6,0.425,117.0
2022-01-08 02:33:03.332000+00:00,2739.0,0.4,0.6,0.425,117.0
2022-01-08 02:33:05.332000+00:00,2739.0,0.0,0.6,0.425,117.0
2022-01-08 02:33:45.771000+00:00,2740.0,0.4,0.4,0.35,54.0
2022-01-08 02:34:03.771000+00:00,2740.0,0.4,0.4,0.35,54.0
2022-01-08 02:34:21.771000+00:00,2740.0,0.3,0.4,0.35,54.0
2022-01-08 02:34:39.771000+00:00,2740.0,0.3,0.4,0.35,54.0
2022-01-08 02:34:41.771000+00:00,2740.0,0.0,0.4,0.35,54.0
2022-01-08 02:34:47.332000+00:00,2741.0,0.9,0.9,0.5,47.0
2022-01-08 02:35:02.998666667+00:00,2741.0,0.4,0.9,0.5,47.0
2022-01-08 02:35:18.665333333+00:00,2741.0,0.6,0.9,0.5,47.0
2022-01-08 02:35:34.332000+00:00,2741.0,0.1,0.9,0.5,47.0
2022-01-08 02:35:36.332000+00:00,2741.0,0.0,0.9,0.5,47.0
2022-01-08 02:35:41.332000+00:00,2742.0,0.4,0.4,0.3,25.0
2022-01-08 02:36:06.332000+00:00,2742.0,0.2,0.4,0.3,25.0
2022-01-08 02:36:08.332000+00:00,2742.0,0.0,0.4,0.3,25.0
2022-01-08 02:36:14.332000+00:00,2743.0,0.3,0.3,0.25,21.0
2022-01-08 02:36:35.332000+00:00,2743.0,0.2,0.3,0.25,21.0
2022-01-08 02:36:37.332000+00:00,2743.0,0.0,0.3,0.25,21.0
2022-01-08 02:37:46.333000+00:00,2744.0,0.1,0.1,0.1,6.0
2022-01-08 02:37:48.333000+00:00,2744.0,0.0,0.1,0.1,6.0
2022-01-08 02:37:55.771000+00:00,2746.0,0.4,0.4,0.2333333333333333,33.0
2022-01-08 02:38:12.271000+00:00,2746.0,0.2,0.4,0.2333333333333333,33.0
2022-01-08 02:38:28.771000+00:00,2746.0,0.1,0.4,0.2333333333333333,33.0
2022-01-08 02:38:30.771000+00:00,2746.0,0.0,0.4,0.2333333333333333,33.0
2022-01-08 02:38:52.332000+00:00,2747.0,0.3,0.3,0.1666666666666666,36.0
2022-01-08 02:39:10.332000+00:00,2747.0,0.1,0.3,0.1666666666666666,36.0
2022-01-08 02:39:28.332000+00:00,2747.0,0.1,0.3,0.1666666666666666,36.0
2022-01-08 02:39:30.332000+00:00,2747.0,0.0,0.3,0.1666666666666666,36.0
2022-01-08 02:39:46.771000+00:00,2747.0,0.1,0.1,0.1,2.0
2022-01-08 02:39:48.771000+00:00,2747.0,0.0,0.1,0.1,2.0
2022-01-08 02:39:54.332000+00:00,2748.0,0.4,0.4,0.3,51.0
2022-01-08 02:40:11.332000+00:00,2748.0,0.3,0.4,0.3,51.0
2022-01-08 02:40:28.332000+00:00,2748.0,0.4,0.4,0.3,51.0
2022-01-08 02:40:45.332000+00:00,2748.0,0.1,0.4,0.3,51.0
2022-01-08 02:40:47.332000+00:00,2748.0,0.0,0.4,0.3,51.0
2022-01-08 02:41:12.332000+00:00,2748.0,0.2,0.2,0.2,12.0
2022-01-08 02:41:14.332000+00:00,2748.0,0.0,0.2,0.2,12.0
2022-01-08 02:42:50.332000+00:00,2749.0,0.1,0.1,0.1,3.0
2022-01-08 02:42:52.332000+00:00,2749.0,0.0,0.1,0.1,3.0
2022-01-08 02:43:46.332000+00:00,2752.0,0.4,0.4,0.25,18.0
2022-01-08 02:44:04.332000+00:00,2752.0,0.1,0.4,0.25,18.0
2022-01-08 02:44:06.332000+00:00,2752.0,0.0,0.4,0.25,18.0
2022-01-08 02:44:11.332000+00:00,2752.0,0.2,0.2,0.2,17.0
2022-01-08 02:44:28.332000+00:00,2752.0,0.0,0.2,0.2,17.0
2022-01-08 02:44:30.332000+00:00,2752.0,0.0,0.2,0.2,17.0
2022-01-08 02:47:29.332000+00:00,2752.0,0.7,1.0,0.6571428571428571,96.0
2022-01-08 02:47:45.332000+00:00,2752.0,1.0,1.0,0.6571428571428571,96.0
2022-01-08 02:48:01.332000+00:00,2752.0,0.9,1.0,0.6571428571428571,96.0
2022-01-08 02:48:17.332000+00:00,2752.0,0.6,1.0,0.6571428571428571,96.0
2022-01-08 02:48:33.332000+00:00,2752.0,1.0,1.0,0.6571428571428571,96.0
2022-01-08 02:48:49.332000+00:00,2752.0,0.3,1.0,0.6571428571428571,96.0
2022-01-08 02:49:05.332000+00:00,2752.0,0.1,1.0,0.6571428571428571,96.0
2022-01-08 02:49:07.332000+00:00,2752.0,0.0,1.0,0.6571428571428571,96.0
2022-01-08 02:49:12.332000+00:00,2751.0,0.5,0.7,0.4555555555555555,121.0
2022-01-08 02:49:27.457000+00:00,2751.0,0.7,0.7,0.4555555555555555,121.0
2022-01-08 02:49:42.582000+00:00,2751.0,0.4,0.7,0.4555555555555555,121.0
2022-01-08 02:49:57.707000+00:00,2751.0,0.3,0.7,0.4555555555555555,121.0
2022-01-08 02:50:12.832000+00:00,2751.0,0.3,0.7,0.4555555555555555,121.0
2022-01-08 02:50:27.957000+00:00,2751.0,0.6,0.7,0.4555555555555555,121.0
2022-01-08 02:50:43.082000+00:00,2751.0,0.7,0.7,0.4555555555555555,121.0
2022-01-08 02:50:58.207000+00:00,2751.0,0.5,0.7,0.4555555555555555,121.0
2022-01-08 02:51:13.332000+00:00,2751.0,0.1,0.7,0.4555555555555555,121.0
2022-01-08 02:51:15.332000+00:00,2751.0,0.0,0.7,0.4555555555555555,121.0
2022-01-08 02:51:20.331000+00:00,2755.0,3.3,12.9,9.355555555555556,1032.0
2022-01-08 02:52:21.036882353+00:00,2755.0,12.9,12.9,9.355555555555556,1032.0
2022-01-08 02:53:21.742764706+00:00,2755.0,10.5,12.9,9.355555555555556,1032.0
2022-01-08 02:54:22.448647059+00:00,2755.0,9.3,12.9,9.355555555555556,1032.0
2022-01-08 02:55:23.154529412+00:00,2755.0,9.7,12.9,9.355555555555556,1032.0
2022-01-08 02:56:23.860411765+00:00,2755.0,9.8,12.9,9.355555555555556,1032.0
2022-01-08 02:57:24.566294118+00:00,2755.0,9.9,12.9,9.355555555555556,1032.0
2022-01-08 02:58:25.272176471+00:00,2755.0,9.8,12.9,9.355555555555556,1032.0
2022-01-08 02:59:25.978058824+00:00,2755.0,9.8,12.9,9.355555555555556,1032.0
2022-01-08 03:00:26.683941176+00:00,2755.0,9.9,12.9,9.355555555555556,1032.0
2022-01-08 03:01:27.389823529+00:00,2755.0,9.7,12.9,9.355555555555556,1032.0
2022-01-08 03:02:28.095705882+00:00,2755.0,9.8,12.9,9.355555555555556,1032.0
2022-01-08 03:03:28.801588235+00:00,2755.0,9.8,12.9,9.355555555555556,1032.0
2022-01-08 03:04:29.507470588+00:00,2755.0,10.2,12.9,9.355555555555556,1032.0
2022-01-08 03:05:30.213352941+00:00,2755.0,10.8,12.9,9.355555555555556,1032.0
2022-01-08 03:06:30.919235294+00:00,2755.0,11.3,12.9,9.355555555555556,1032.0
2022-01-08 03:07:31.625117647+00:00,2755.0,9.9,12.9,9.355555555555556,1032.0
2022-01-08 03:08:32.331000+00:00,2755.0,2.0,12.9,9.355555555555556,1032.0
2022-01-08 03:08:34.331000+00:00,2755.0,0.0,12.9,9.355555555555556,1032.0
2022-01-08 03:09:40.770000+00:00,2743.0,7.4,12.0,10.56111111111111,1049.0
2022-01-08 03:10:42.475882353+00:00,2743.0,9.4,12.0,10.56111111111111,1049.0
2022-01-08 03:11:44.181764706+00:00,2743.0,10.5,12.0,10.56111111111111,1049.0
2022-01-08 03:12:45.887647059+00:00,2743.0,12.0,12.0,10.56111111111111,1049.0
2022-01-08 03:13:47.593529412+00:00,2743.0,11.4,12.0,10.56111111111111,1049.0
2022-01-08 03:14:49.299411765+00:00,2743.0,11.4,12.0,10.56111111111111,1049.0
2022-01-08 03:15:51.005294118+00:00,2743.0,11.4,12.0,10.56111111111111,1049.0
2022-01-08 03:16:52.711176471+00:00,2743.0,11.3,12.0,10.56111111111111,1049.0
2022-01-08 03:17:54.417058824+00:00,2743.0,11.5,12.0,10.56111111111111,1049.0
2022-01-08 03:18:56.122941176+00:00,2743.0,11.3,12.0,10.56111111111111,1049.0
2022-01-08 03:19:57.828823529+00:00,2743.0,11.3,12.0,10.56111111111111,1049.0
2022-01-08 03:20:59.534705882+00:00,2743.0,11.3,12.0,10.56111111111111,1049.0
2022-01-08 03:22:01.240588235+00:00,2743.0,11.2,12.0,10.56111111111111,1049.0
2022-01-08 03:23:02.946470588+00:00,2743.0,11.1,12.0,10.56111111111111,1049.0
2022-01-08 03:24:04.652352941+00:00,2743.0,10.9,12.0,10.56111111111111,1049.0
2022-01-08 03:25:06.358235294+00:00,2743.0,11.1,12.0,10.56111111111111,1049.0
2022-01-08 03:26:08.064117647+00:00,2743.0,10.9,12.0,10.56111111111111,1049.0
2022-01-08 03:27:09.770000+00:00,2743.0,4.7,12.0,10.56111111111111,1049.0
2022-01-08 03:27:11.770000+00:00,2743.0,0.0,12.0,10.56111111111111,1049.0
2022-01-08 03:28:21.330000+00:00,2742.0,8.3,11.6,10.655,1176.0
2022-01-08 03:29:23.224736842+00:00,2742.0,10.5,11.6,10.655,1176.0
2022-01-08 03:30:25.119473684+00:00,2742.0,10.3,11.6,10.655,1176.0
2022-01-08 03:31:27.014210526+00:00,2742.0,10.5,11.6,10.655,1176.0
2022-01-08 03:32:28.908947368+00:00,2742.0,11.6,11.6,10.655,1176.0
2022-01-08 03:33:30.803684211+00:00,2742.0,11.3,11.6,10.655,1176.0
2022-01-08 03:34:32.698421053+00:00,2742.0,11.1,11.6,10.655,1176.0
2022-01-08 03:35:34.593157894+00:00,2742.0,11.4,11.6,10.655,1176.0
2022-01-08 03:36:36.487894737+00:00,2742.0,11.1,11.6,10.655,1176.0
2022-01-08 03:37:38.382631579+00:00,2742.0,11.2,11.6,10.655,1176.0
2022-01-08 03:38:40.277368421+00:00,2742.0,11.2,11.6,10.655,1176.0
2022-01-08 03:39:42.172105263+00:00,2742.0,11.2,11.6,10.655,1176.0
2022-01-08 03:40:44.066842105+00:00,2742.0,11.2,11.6,10.655,1176.0
2022-01-08 03:41:45.961578947+00:00,2742.0,11.2,11.6,10.655,1176.0
2022-01-08 03:42:47.856315789+00:00,2742.0,11.1,11.6,10.655,1176.0
2022-01-08 03:43:49.751052632+00:00,2742.0,11.1,11.6,10.655,1176.0
2022-01-08 03:44:51.645789474+00:00,2742.0,11.2,11.6,10.655,1176.0
2022-01-08 03:45:53.540526316+00:00,2742.0,11.2,11.6,10.655,1176.0
2022-01-08 03:46:55.435263158+00:00,2742.0,11.3,11.6,10.655,1176.0
2022-01-08 03:47:57.330000+00:00,2742.0,5.1,11.6,10.655,1176.0
2022-01-08 03:47:59.330000+00:00,2742.0,0.0,11.6,10.655,1176.0
2022-01-08 03:48:58.330000+00:00,2750.0,7.7,11.7,10.244444444444444,1042.0
2022-01-08 03:49:59.624117647+00:00,2750.0,10.8,11.7,10.244444444444444,1042.0
2022-01-08 03:51:00.918235294+00:00,2750.0,10.8,11.7,10.244444444444444,1042.0
2022-01-08 03:52:02.212352941+00:00,2750.0,10.7,11.7,10.244444444444444,1042.0
2022-01-08 03:53:03.506470588+00:00,2750.0,11.1,11.7,10.244444444444444,1042.0
2022-01-08 03:54:04.800588235+00:00,2750.0,10.9,11.7,10.244444444444444,1042.0
2022-01-08 03:55:06.094705882+00:00,2750.0,11.1,11.7,10.244444444444444,1042.0
2022-01-08 03:56:07.388823529+00:00,2750.0,10.8,11.7,10.244444444444444,1042.0
2022-01-08 03:57:08.682941176+00:00,2750.0,10.9,11.7,10.244444444444444,1042.0
2022-01-08 03:58:09.977058824+00:00,2750.0,11.6,11.7,10.244444444444444,1042.0
2022-01-08 03:59:11.271176471+00:00,2750.0,11.7,11.7,10.244444444444444,1042.0
2022-01-08 04:00:12.565294118+00:00,2750.0,11.7,11.7,10.244444444444444,1042.0
2022-01-08 04:01:13.859411765+00:00,2750.0,11.4,11.7,10.244444444444444,1042.0
2022-01-08 04:02:15.153529412+00:00,2750.0,10.9,11.7,10.244444444444444,1042.0
2022-01-08 04:03:16.447647059+00:00,2750.0,11.1,11.7,10.244444444444444,1042.0
2022-01-08 04:04:17.741764706+00:00,2750.0,11.2,11.7,10.244444444444444,1042.0
2022-01-08 04:05:19.035882353+00:00,2750.0,9.2,11.7,10.244444444444444,1042.0
2022-01-08 04:06:20.330000+00:00,2750.0,0.8,11.7,10.244444444444444,1042.0
2022-01-08 04:06:22.330000+00:00,2750.0,0.0,11.7,10.244444444444444,1042.0
2022-01-08 04:07:10.329000+00:00,2752.0,8.3,11.4,10.077777777777776,1022.0
2022-01-08 04:08:10.446647059+00:00,2752.0,10.9,11.4,10.077777777777776,1022.0
2022-01-08 04:09:10.564294118+00:00,2752.0,11.2,11.4,10.077777777777776,1022.0
2022-01-08 04:10:10.681941176+00:00,2752.0,10.6,11.4,10.077777777777776,1022.0
2022-01-08 04:11:10.799588235+00:00,2752.0,10.8,11.4,10.077777777777776,1022.0
2022-01-08 04:12:10.917235294+00:00,2752.0,11.0,11.4,10.077777777777776,1022.0
2022-01-08 04:13:11.034882353+00:00,2752.0,11.0,11.4,10.077777777777776,1022.0
2022-01-08 04:14:11.152529412+00:00,2752.0,10.9,11.4,10.077777777777776,1022.0
2022-01-08 04:15:11.270176471+00:00,2752.0,10.7,11.4,10.077777777777776,1022.0
2022-01-08 04:16:11.387823529+00:00,2752.0,11.1,11.4,10.077777777777776,1022.0
2022-01-08 04:17:11.505470588+00:00,2752.0,10.9,11.4,10.077777777777776,1022.0
2022-01-08 04:18:11.623117647+00:00,2752.0,10.8,11.4,10.077777777777776,1022.0
2022-01-08 04:19:11.740764706+00:00,2752.0,11.1,11.4,10.077777777777776,1022.0
2022-01-08 04:20:11.858411765+00:00,2752.0,11.2,11.4,10.077777777777776,1022.0
2022-01-08 04:21:11.976058824+00:00,2752.0,11.0,11.4,10.077777777777776,1022.0
2022-01-08 04:22:12.093705882+00:00,2752.0,11.4,11.4,10.077777777777776,1022.0
2022-01-08 04:23:12.211352941+00:00,2752.0,8.2,11.4,10.077777777777776,1022.0
2022-01-08 04:24:12.329000+00:00,2752.0,0.3,11.4,10.077777777777776,1022.0
2022-01-08 04:24:14.329000+00:00,2752.0,0.0,11.4,10.077777777777776,1022.0
2022-01-08 04:25:01.329000+00:00,2743.0,0.5,0.5,0.35,18.0
2022-01-08 04:25:19.329000+00:00,2743.0,0.2,0.5,0.35,18.0
2022-01-08 04:25:21.329000+00:00,2743.0,0.0,0.5,0.35,18.0
2022-01-08 04:25:26.768000+00:00,2746.0,1.0,1.3,1.0428571428571427,99.0
2022-01-08 04:25:43.268000+00:00,2746.0,1.3,1.3,1.0428571428571427,99.0
2022-01-08 04:25:59.768000+00:00,2746.0,1.3,1.3,1.0428571428571427,99.0
2022-01-08 04:26:16.268000+00:00,2746.0,1.1,1.3,1.0428571428571427,99.0
2022-01-08 04:26:32.768000+00:00,2746.0,1.1,1.3,1.0428571428571427,99.0
2022-01-08 04:26:49.268000+00:00,2746.0,1.0,1.3,1.0428571428571427,99.0
2022-01-08 04:27:05.768000+00:00,2746.0,0.5,1.3,1.0428571428571427,99.0
2022-01-08 04:27:07.768000+00:00,2746.0,0.0,1.3,1.0428571428571427,99.0
2022-01-08 04:29:19.329000+00:00,2772.0,4.0,15.1,7.933333333333334,261.0
2022-01-08 04:29:34.681941176+00:00,2772.0,8.2,15.1,7.933333333333334,261.0
2022-01-08 04:29:50.034882353+00:00,2772.0,13.4,15.1,7.933333333333334,261.0
2022-01-08 04:30:05.387823529+00:00,2772.0,15.1,15.1,7.933333333333334,261.0
2022-01-08 04:30:20.740764706+00:00,2772.0,14.1,15.1,7.933333333333334,261.0
2022-01-08 04:30:36.093705882+00:00,2772.0,12.7,15.1,7.933333333333334,261.0
2022-01-08 04:30:51.446647059+00:00,2772.0,12.9,15.1,7.933333333333334,261.0
2022-01-08 04:31:06.799588235+00:00,2772.0,12.4,15.1,7.933333333333334,261.0
2022-01-08 04:31:22.152529412+00:00,2772.0,10.0,15.1,7.933333333333334,261.0
2022-01-08 04:31:37.505470588+00:00,2772.0,7.7,15.1,7.933333333333334,261.0
2022-01-08 04:31:52.858411765+00:00,2772.0,6.1,15.1,7.933333333333334,261.0
2022-01-08 04:32:08.211352941+00:00,2772.0,5.8,15.1,7.933333333333334,261.0
2022-01-08 04:32:23.564294118+00:00,2772.0,5.9,15.1,7.933333333333334,261.0
2022-01-08 04:32:38.917235294+00:00,2772.0,5.3,15.1,7.933333333333334,261.0
2022-01-08 04:32:54.270176471+00:00,2772.0,3.9,15.1,7.933333333333334,261.0
2022-01-08 04:33:09.623117647+00:00,2772.0,2.8,15.1,7.933333333333334,261.0
2022-01-08 04:33:24.976058824+00:00,2772.0,1.9,15.1,7.933333333333334,261.0
2022-01-08 04:33:40.329000+00:00,2772.0,0.6,15.1,7.933333333333334,261.0
2022-01-08 04:33:42.329000+00:00,2772.0,0.0,15.1,7.933333333333334,261.0
2022-01-08 04:34:43.328000+00:00,2779.0,15.5,21.7,13.476470588235294,1530.0
2022-01-08 04:36:13.328000+00:00,2779.0,21.7,21.7,13.476470588235294,1530.0
2022-01-08 04:37:43.328000+00:00,2779.0,18.2,21.7,13.476470588235294,1530.0
2022-01-08 04:39:13.328000+00:00,2779.0,12.9,21.7,13.476470588235294,1530.0
2022-01-08 04:40:43.328000+00:00,2779.0,12.6,21.7,13.476470588235294,1530.0
2022-01-08 04:42:13.328000+00:00,2779.0,12.6,21.7,13.476470588235294,1530.0
2022-01-08 04:43:43.328000+00:00,2779.0,12.6,21.7,13.476470588235294,1530.0
2022-01-08 04:45:13.328000+00:00,2779.0,12.5,21.7,13.476470588235294,1530.0
2022-01-08 04:46:43.328000+00:00,2779.0,12.6,21.7,13.476470588235294,1530.0
2022-01-08 04:48:13.328000+00:00,2779.0,12.5,21.7,13.476470588235294,1530.0
2022-01-08 04:49:43.328000+00:00,2779.0,12.5,21.7,13.476470588235294,1530.0
2022-01-08 04:51:13.328000+00:00,2779.0,12.5,21.7,13.476470588235294,1530.0
2022-01-08 04:52:43.328000+00:00,2779.0,12.6,21.7,13.476470588235294,1530.0
2022-01-08 04:54:13.328000+00:00,2779.0,12.6,21.7,13.476470588235294,1530.0
2022-01-08 04:55:43.328000+00:00,2779.0,12.6,21.7,13.476470588235294,1530.0
2022-01-08 04:57:13.328000+00:00,2779.0,12.5,21.7,13.476470588235294,1530.0
2022-01-08 04:58:43.328000+00:00,2779.0,10.1,21.7,13.476470588235294,1530.0
2022-01-08 05:00:13.328000+00:00,2779.0,0.0,21.7,13.476470588235294,1530.0
2022-01-08 05:00:15.328000+00:00,2779.0,0.0,21.7,13.476470588235294,1530.0
2022-01-08 05:01:13.767000+00:00,2785.0,10.1,12.6,12.005555555555556,1303.0
2022-01-08 05:02:30.414058824+00:00,2785.0,12.6,12.6,12.005555555555556,1303.0
2022-01-08 05:03:47.061117647+00:00,2785.0,12.6,12.6,12.005555555555556,1303.0
2022-01-08 05:05:03.708176471+00:00,2785.0,12.6,12.6,12.005555555555556,1303.0
2022-01-08 05:06:20.355235294+00:00,2785.0,12.6,12.6,12.005555555555556,1303.0
2022-01-08 05:07:37.002294118+00:00,2785.0,12.6,12.6,12.005555555555556,1303.0
2022-01-08 05:08:53.649352941+00:00,2785.0,12.6,12.6,12.005555555555556,1303.0
2022-01-08 05:10:10.296411765+00:00,2785.0,12.5,12.6,12.005555555555556,1303.0
2022-01-08 05:11:26.943470588+00:00,2785.0,12.6,12.6,12.005555555555556,1303.0
2022-01-08 05:12:43.590529412+00:00,2785.0,12.5,12.6,12.005555555555556,1303.0
2022-01-08 05:14:00.237588235+00:00,2785.0,12.5,12.6,12.005555555555556,1303.0
2022-01-08 05:15:16.884647059+00:00,2785.0,12.6,12.6,12.005555555555556,1303.0
2022-01-08 05:16:33.531705882+00:00,2785.0,12.5,12.6,12.005555555555556,1303.0
2022-01-08 05:17:50.178764706+00:00,2785.0,12.6,12.6,12.005555555555556,1303.0
2022-01-08 05:19:06.825823529+00:00,2785.0,12.6,12.6,12.005555555555556,1303.0
2022-01-08 05:20:23.472882353+00:00,2785.0,12.6,12.6,12.005555555555556,1303.0
2022-01-08 05:21:40.119941176+00:00,2785.0,12.4,12.6,12.005555555555556,1303.0
2022-01-08 05:22:56.767000+00:00,2785.0,5.0,12.6,12.005555555555556,1303.0
2022-01-08 05:22:58.767000+00:00,2785.0,0.0,12.6,12.005555555555556,1303.0
2022-01-08 05:45:44.766000+00:00,2789.0,10.0,12.6,12.231578947368424,1425.0
2022-01-08 05:46:59.766000+00:00,2789.0,12.5,12.6,12.231578947368424,1425.0
2022-01-08 05:48:14.766000+00:00,2789.0,12.6,12.6,12.231578947368424,1425.0
2022-01-08 05:49:29.766000+00:00,2789.0,12.6,12.6,12.231578947368424,1425.0
2022-01-08 05:50:44.766000+00:00,2789.0,12.5,12.6,12.231578947368424,1425.0
2022-01-08 05:51:59.766000+00:00,2789.0,12.6,12.6,12.231578947368424,1425.0
2022-01-08 05:53:14.766000+00:00,2789.0,12.6,12.6,12.231578947368424,1425.0
2022-01-08 05:54:29.766000+00:00,2789.0,12.6,12.6,12.231578947368424,1425.0
2022-01-08 05:55:44.766000+00:00,2789.0,12.5,12.6,12.231578947368424,1425.0
2022-01-08 05:56:59.766000+00:00,2789.0,12.5,12.6,12.231578947368424,1425.0
2022-01-08 05:58:14.766000+00:00,2789.0,12.5,12.6,12.231578947368424,1425.0
2022-01-08 05:59:29.766000+00:00,2789.0,12.5,12.6,12.231578947368424,1425.0
2022-01-08 06:00:44.766000+00:00,2789.0,12.5,12.6,12.231578947368424,1425.0
2022-01-08 06:01:59.766000+00:00,2789.0,12.5,12.6,12.231578947368424,1425.0
2022-01-08 06:03:14.766000+00:00,2789.0,12.5,12.6,12.231578947368424,1425.0
2022-01-08 06:04:29.766000+00:00,2789.0,12.6,12.6,12.231578947368424,1425.0
2022-01-08 06:05:44.766000+00:00,2789.0,12.5,12.6,12.231578947368424,1425.0
2022-01-08 06:06:59.766000+00:00,2789.0,12.5,12.6,12.231578947368424,1425.0
2022-01-08 06:08:14.766000+00:00,2789.0,9.3,12.6,12.231578947368424,1425.0
2022-01-08 06:09:29.766000+00:00,2789.0,0.0,12.6,12.231578947368424,1425.0
2022-01-08 06:09:31.766000+00:00,2789.0,0.0,12.6,12.231578947368424,1425.0
2022-01-08 06:40:06.326000+00:00,2769.0,2.3,5.6,3.233333333333333,85.0
2022-01-08 06:40:23.326000+00:00,2769.0,2.0,5.6,3.233333333333333,85.0
2022-01-08 06:40:40.326000+00:00,2769.0,5.6,5.6,3.233333333333333,85.0
2022-01-08 06:40:57.326000+00:00,2769.0,4.9,5.6,3.233333333333333,85.0
2022-01-08 06:41:14.326000+00:00,2769.0,3.4,5.6,3.233333333333333,85.0
2022-01-08 06:41:31.326000+00:00,2769.0,1.2,5.6,3.233333333333333,85.0
2022-01-08 06:41:33.326000+00:00,2769.0,0.0,5.6,3.233333333333333,85.0
2022-01-08 06:41:39.326000+00:00,2767.0,0.2,0.2,0.2,1.0
2022-01-08 06:41:41.326000+00:00,2767.0,0.0,0.2,0.2,1.0
2022-01-08 06:43:25.326000+00:00,2779.0,0.8,0.8,0.8,9.0
2022-01-08 06:43:27.326000+00:00,2779.0,0.0,0.8,0.8,9.0
2022-01-08 06:43:32.325000+00:00,2797.0,12.5,21.0,18.918750000000003,944.0
2022-01-08 06:44:35.258333333+00:00,2797.0,19.6,21.0,18.918750000000003,944.0
2022-01-08 06:45:38.191666667+00:00,2797.0,20.7,21.0,18.918750000000003,944.0
2022-01-08 06:46:41.125000+00:00,2797.0,20.6,21.0,18.918750000000003,944.0
2022-01-08 06:47:44.058333333+00:00,2797.0,20.9,21.0,18.918750000000003,944.0
2022-01-08 06:48:46.991666667+00:00,2797.0,20.8,21.0,18.918750000000003,944.0
2022-01-08 06:49:49.925000+00:00,2797.0,21.0,21.0,18.918750000000003,944.0
2022-01-08 06:50:52.858333332+00:00,2797.0,20.4,21.0,18.918750000000003,944.0
2022-01-08 06:51:55.791666667+00:00,2797.0,19.9,21.0,18.918750000000003,944.0
2022-01-08 06:52:58.725000+00:00,2797.0,19.8,21.0,18.918750000000003,944.0
2022-01-08 06:54:01.658333333+00:00,2797.0,19.8,21.0,18.918750000000003,944.0
2022-01-08 06:55:04.591666667+00:00,2797.0,19.8,21.0,18.918750000000003,944.0
2022-01-08 06:56:07.525000+00:00,2797.0,19.9,21.0,18.918750000000003,944.0
2022-01-08 06:57:10.458333333+00:00,2797.0,19.9,21.0,18.918750000000003,944.0
2022-01-08 06:58:13.391666667+00:00,2797.0,19.4,21.0,18.918750000000003,944.0
2022-01-08 06:59:16.325000+00:00,2797.0,7.7,21.0,18.918750000000003,944.0
2022-01-08 06:59:18.325000+00:00,2797.0,0.0,21.0,18.918750000000003,944.0
2022-01-08 07:21:18.325000+00:00,2772.0,0.1,0.1,0.1,5.0
2022-01-08 07:21:20.325000+00:00,2772.0,0.0,0.1,0.1,5.0
2022-01-08 07:21:30.764000+00:00,2776.0,0.0,0.0,0.0,1.0
2022-01-08 07:21:32.764000+00:00,2776.0,0.0,0.0,0.0,1.0
2022-01-08 07:21:37.325000+00:00,2782.0,2.1,5.3,3.211111111111111,127.0
2022-01-08 07:21:53.200000+00:00,2782.0,3.5,5.3,3.211111111111111,127.0
2022-01-08 07:22:09.075000+00:00,2782.0,3.7,5.3,3.211111111111111,127.0
2022-01-08 07:22:24.950000+00:00,2782.0,3.2,5.3,3.211111111111111,127.0
2022-01-08 07:22:40.825000+00:00,2782.0,3.7,5.3,3.211111111111111,127.0
2022-01-08 07:22:56.700000+00:00,2782.0,5.3,5.3,3.211111111111111,127.0
2022-01-08 07:23:12.575000+00:00,2782.0,4.4,5.3,3.211111111111111,127.0
2022-01-08 07:23:28.450000+00:00,2782.0,2.3,5.3,3.211111111111111,127.0
2022-01-08 07:23:44.325000+00:00,2782.0,0.7,5.3,3.211111111111111,127.0
2022-01-08 07:23:46.325000+00:00,2782.0,0.0,5.3,3.211111111111111,127.0
2022-01-08 07:24:03.325000+00:00,2783.0,0.7,0.7,0.7,12.0
2022-01-08 07:24:05.325000+00:00,2783.0,0.0,0.7,0.7,12.0
2022-01-08 07:24:10.325000+00:00,2789.0,1.5,2.8,1.975,113.0
2022-01-08 07:24:26.467857143+00:00,2789.0,2.4,2.8,1.975,113.0
2022-01-08 07:24:42.610714286+00:00,2789.0,2.3,2.8,1.975,113.0
2022-01-08 07:24:58.753571429+00:00,2789.0,1.8,2.8,1.975,113.0
2022-01-08 07:25:14.896428571+00:00,2789.0,2.3,2.8,1.975,113.0
2022-01-08 07:25:31.039285714+00:00,2789.0,2.8,2.8,1.975,113.0
2022-01-08 07:25:47.182142857+00:00,2789.0,2.0,2.8,1.975,113.0
2022-01-08 07:26:03.325000+00:00,2789.0,0.7,2.8,1.975,113.0
2022-01-08 07:26:05.325000+00:00,2789.0,0.0,2.8,1.975,113.0
2022-01-08 07:26:10.325000+00:00,2794.0,1.5,1.5,1.3,28.0
2022-01-08 07:26:38.325000+00:00,2794.0,1.1,1.5,1.3,28.0
2022-01-08 07:26:40.325000+00:00,2794.0,0.0,1.5,1.3,28.0
2022-01-08 07:54:44.763000+00:00,2777.0,0.1,0.1,0.1,3.0
2022-01-08 07:54:46.763000+00:00,2777.0,0.0,0.1,0.1,3.0
2022-01-08 07:55:41.324000+00:00,2807.0,5.3,12.7,12.06315789473684,1142.0
2022-01-08 07:56:41.429263158+00:00,2807.0,12.6,12.7,12.06315789473684,1142.0
2022-01-08 07:57:41.534526316+00:00,2807.0,12.7,12.7,12.06315789473684,1142.0
2022-01-08 07:58:41.639789474+00:00,2807.0,12.7,12.7,12.06315789473684,1142.0
2022-01-08 07:59:41.745052632+00:00,2807.0,12.7,12.7,12.06315789473684,1142.0
2022-01-08 08:00:41.850315789+00:00,2807.0,12.7,12.7,12.06315789473684,1142.0
2022-01-08 08:01:41.955578947+00:00,2807.0,12.7,12.7,12.06315789473684,1142.0
2022-01-08 08:02:42.060842105+00:00,2807.0,12.7,12.7,12.06315789473684,1142.0
2022-01-08 08:03:42.166105263+00:00,2807.0,12.7,12.7,12.06315789473684,1142.0
2022-01-08 08:04:42.271368421+00:00,2807.0,12.7,12.7,12.06315789473684,1142.0
2022-01-08 08:05:42.376631579+00:00,2807.0,12.7,12.7,12.06315789473684,1142.0
2022-01-08 08:06:42.481894737+00:00,2807.0,12.7,12.7,12.06315789473684,1142.0
2022-01-08 08:07:42.587157894+00:00,2807.0,12.7,12.7,12.06315789473684,1142.0
2022-01-08 08:08:42.692421053+00:00,2807.0,12.7,12.7,12.06315789473684,1142.0
2022-01-08 08:09:42.797684211+00:00,2807.0,12.7,12.7,12.06315789473684,1142.0
2022-01-08 08:10:42.902947368+00:00,2807.0,12.7,12.7,12.06315789473684,1142.0
2022-01-08 08:11:43.008210526+00:00,2807.0,12.7,12.7,12.06315789473684,1142.0
2022-01-08 08:12:43.113473684+00:00,2807.0,12.7,12.7,12.06315789473684,1142.0
2022-01-08 08:13:43.218736842+00:00,2807.0,8.1,12.7,12.06315789473684,1142.0
2022-01-08 08:14:43.324000+00:00,2807.0,0.0,12.7,12.06315789473684,1142.0
2022-01-08 08:14:45.324000+00:00,2807.0,0.0,12.7,12.06315789473684,1142.0
2022-01-08 08:16:26.323000+00:00,2800.0,10.0,12.6,12.1,1408.0
2022-01-08 08:17:44.545222222+00:00,2800.0,12.5,12.6,12.1,1408.0
2022-01-08 08:19:02.767444444+00:00,2800.0,12.5,12.6,12.1,1408.0
2022-01-08 08:20:20.989666667+00:00,2800.0,12.6,12.6,12.1,1408.0
2022-01-08 08:21:39.211888889+00:00,2800.0,12.5,12.6,12.1,1408.0
2022-01-08 08:22:57.434111111+00:00,2800.0,12.5,12.6,12.1,1408.0
2022-01-08 08:24:15.656333333+00:00,2800.0,12.5,12.6,12.1,1408.0
2022-01-08 08:25:33.878555556+00:00,2800.0,12.5,12.6,12.1,1408.0
2022-01-08 08:26:52.100777778+00:00,2800.0,12.5,12.6,12.1,1408.0
2022-01-08 08:28:10.323000+00:00,2800.0,12.5,12.6,12.1,1408.0
2022-01-08 08:29:28.545222222+00:00,2800.0,12.5,12.6,12.1,1408.0
2022-01-08 08:30:46.767444444+00:00,2800.0,12.5,12.6,12.1,1408.0
2022-01-08 08:32:04.989666667+00:00,2800.0,12.5,12.6,12.1,1408.0
2022-01-08 08:33:23.211888889+00:00,2800.0,12.5,12.6,12.1,1408.0
2022-01-08 08:34:41.434111111+00:00,2800.0,12.5,12.6,12.1,1408.0
2022-01-08 08:35:59.656333333+00:00,2800.0,12.5,12.6,12.1,1408.0
2022-01-08 08:37:17.878555556+00:00,2800.0,12.5,12.6,12.1,1408.0
2022-01-08 08:38:36.100777778+00:00,2800.0,12.4,12.6,12.1,1408.0
2022-01-08 08:39:54.323000+00:00,2800.0,7.4,12.6,12.1,1408.0
2022-01-08 08:39:56.323000+00:00,2800.0,0.0,12.6,12.1,1408.0
2022-01-08 08:40:02.762000+00:00,2764.0,0.1,0.1,0.1,1.0
2022-01-08 08:40:04.762000+00:00,2764.0,0.0,0.1,0.1,1.0
2022-01-08 08:40:36.323000+00:00,2768.0,0.4,0.4,0.4,12.0
2022-01-08 08:40:38.323000+00:00,2768.0,0.0,0.4,0.4,12.0
2022-01-08 08:41:51.762000+00:00,2775.0,0.5,0.5,0.5,14.0
2022-01-08 08:41:53.762000+00:00,2775.0,0.0,0.5,0.5,14.0
2022-01-08 09:13:28.323000+00:00,2796.0,0.5,0.5,0.35,20.0
2022-01-08 09:13:48.323000+00:00,2796.0,0.2,0.5,0.35,20.0
2022-01-08 09:13:50.323000+00:00,2796.0,0.0,0.5,0.35,20.0
2022-01-08 09:14:47.322000+00:00,2820.0,1.9,15.0,9.330769230769231,378.0
2022-01-08 09:15:18.822000+00:00,2820.0,9.2,15.0,9.330769230769231,378.0
2022-01-08 09:15:50.322000+00:00,2820.0,12.6,15.0,9.330769230769231,378.0
2022-01-08 09:16:21.822000+00:00,2820.0,14.6,15.0,9.330769230769231,378.0
2022-01-08 09:16:53.322000+00:00,2820.0,15.0,15.0,9.330769230769231,378.0
2022-01-08 09:17:24.822000+00:00,2820.0,13.6,15.0,9.330769230769231,378.0
2022-01-08 09:17:56.322000+00:00,2820.0,11.6,15.0,9.330769230769231,378.0
2022-01-08 09:18:27.822000+00:00,2820.0,10.6,15.0,9.330769230769231,378.0
2022-01-08 09:18:59.322000+00:00,2820.0,10.2,15.0,9.330769230769231,378.0
2022-01-08 09:19:30.822000+00:00,2820.0,9.3,15.0,9.330769230769231,378.0
2022-01-08 09:20:02.322000+00:00,2820.0,7.5,15.0,9.330769230769231,378.0
2022-01-08 09:20:33.822000+00:00,2820.0,4.8,15.0,9.330769230769231,378.0
2022-01-08 09:21:05.322000+00:00,2820.0,0.4,15.0,9.330769230769231,378.0
2022-01-08 09:21:07.322000+00:00,2820.0,0.0,15.0,9.330769230769231,378.0
2022-01-08 09:21:18.322000+00:00,2823.0,6.6,10.4,7.829999999999998,573.0
2022-01-08 09:21:48.479894737+00:00,2823.0,9.3,10.4,7.829999999999998,573.0
2022-01-08 09:22:18.637789474+00:00,2823.0,10.3,10.4,7.829999999999998,573.0
2022-01-08 09:22:48.795684211+00:00,2823.0,10.0,10.4,7.829999999999998,573.0
2022-01-08 09:23:18.953578947+00:00,2823.0,10.2,10.4,7.829999999999998,573.0
2022-01-08 09:23:49.111473684+00:00,2823.0,10.4,10.4,7.829999999999998,573.0
2022-01-08 09:24:19.269368421+00:00,2823.0,10.0,10.4,7.829999999999998,573.0
2022-01-08 09:24:49.427263158+00:00,2823.0,9.4,10.4,7.829999999999998,573.0
2022-01-08 09:25:19.585157894+00:00,2823.0,8.3,10.4,7.829999999999998,573.0
2022-01-08 09:25:49.743052632+00:00,2823.0,7.8,10.4,7.829999999999998,573.0
2022-01-08 09:26:19.900947368+00:00,2823.0,8.0,10.4,7.829999999999998,573.0
2022-01-08 09:26:50.058842105+00:00,2823.0,8.8,10.4,7.829999999999998,573.0
2022-01-08 09:27:20.216736842+00:00,2823.0,8.8,10.4,7.829999999999998,573.0
2022-01-08 09:27:50.374631579+00:00,2823.0,8.4,10.4,7.829999999999998,573.0
2022-01-08 09:28:20.532526316+00:00,2823.0,8.6,10.4,7.829999999999998,573.0
2022-01-08 09:28:50.690421053+00:00,2823.0,8.0,10.4,7.829999999999998,573.0
2022-01-08 09:29:20.848315789+00:00,2823.0,6.9,10.4,7.829999999999998,573.0
2022-01-08 09:29:51.006210526+00:00,2823.0,5.1,10.4,7.829999999999998,573.0
2022-01-08 09:30:21.164105263+00:00,2823.0,1.5,10.4,7.829999999999998,573.0
2022-01-08 09:30:51.322000+00:00,2823.0,0.2,10.4,7.829999999999998,573.0
2022-01-08 09:30:53.322000+00:00,2823.0,0.0,10.4,7.829999999999998,573.0
2022-01-08 09:31:09.761000+00:00,2828.0,6.0,7.7,6.6,633.0
2022-01-08 09:31:54.975285714+00:00,2828.0,7.3,7.7,6.6,633.0
2022-01-08 09:32:40.189571429+00:00,2828.0,6.8,7.7,6.6,633.0
2022-01-08 09:33:25.403857143+00:00,2828.0,7.1,7.7,6.6,633.0
2022-01-08 09:34:10.618142857+00:00,2828.0,6.8,7.7,6.6,633.0
2022-01-08 09:34:55.832428571+00:00,2828.0,6.7,7.7,6.6,633.0
2022-01-08 09:35:41.046714286+00:00,2828.0,6.7,7.7,6.6,633.0
2022-01-08 09:36:26.261000+00:00,2828.0,6.8,7.7,6.6,633.0
2022-01-08 09:37:11.475285714+00:00,2828.0,7.0,7.7,6.6,633.0
2022-01-08 09:37:56.689571429+00:00,2828.0,7.5,7.7,6.6,633.0
2022-01-08 09:38:41.903857143+00:00,2828.0,7.7,7.7,6.6,633.0
2022-01-08 09:39:27.118142857+00:00,2828.0,6.8,7.7,6.6,633.0
2022-01-08 09:40:12.332428571+00:00,2828.0,6.1,7.7,6.6,633.0
2022-01-08 09:40:57.546714286+00:00,2828.0,3.1,7.7,6.6,633.0
2022-01-08 09:41:42.761000+00:00,2828.0,0.0,7.7,6.6,633.0
2022-01-08 09:41:44.761000+00:00,2828.0,0.0,7.7,6.6,633.0
2022-01-08 09:42:20.760000+00:00,2838.0,7.8,8.0,6.564705882352941,2477.0
2022-01-08 09:44:38.371111111+00:00,2838.0,8.0,8.0,6.564705882352941,2477.0
2022-01-08 09:46:55.982222222+00:00,2838.0,7.3,8.0,6.564705882352941,2477.0
2022-01-08 09:49:13.593333333+00:00,2838.0,7.5,8.0,6.564705882352941,2477.0
2022-01-08 09:51:31.204444444+00:00,2838.0,7.2,8.0,6.564705882352941,2477.0
2022-01-08 09:53:48.815555556+00:00,2838.0,6.3,8.0,6.564705882352941,2477.0
2022-01-08 09:56:06.426666667+00:00,2838.0,5.3,8.0,6.564705882352941,2477.0
2022-01-08 09:58:24.037777778+00:00,2838.0,6.8,8.0,6.564705882352941,2477.0
2022-01-08 10:00:41.648888889+00:00,2838.0,6.6,8.0,6.564705882352941,2477.0
2022-01-08 10:02:59.260000+00:00,2838.0,6.9,8.0,6.564705882352941,2477.0
2022-01-08 10:05:16.871111111+00:00,2838.0,4.3,8.0,6.564705882352941,2477.0
2022-01-08 10:07:34.482222222+00:00,2838.0,4.5,8.0,6.564705882352941,2477.0
2022-01-08 10:09:52.093333333+00:00,2838.0,7.4,8.0,6.564705882352941,2477.0
2022-01-08 10:12:09.704444444+00:00,2838.0,7.4,8.0,6.564705882352941,2477.0
2022-01-08 10:14:27.315555556+00:00,2838.0,7.4,8.0,6.564705882352941,2477.0
2022-01-08 10:16:44.926666667+00:00,2838.0,7.5,8.0,6.564705882352941,2477.0
2022-01-08 10:19:02.537777778+00:00,2838.0,3.4,8.0,6.564705882352941,2477.0
2022-01-08 10:21:20.148888889+00:00,2838.0,0.0,8.0,6.564705882352941,2477.0
2022-01-08 10:23:37.760000+00:00,2838.0,0.0,8.0,6.564705882352941,2477.0
2022-01-08 10:23:39.760000+00:00,2838.0,0.0,8.0,6.564705882352941,2477.0
2022-01-08 10:24:15.760000+00:00,2840.0,6.0,7.2,6.475,739.0
2022-01-08 10:25:01.947500+00:00,2840.0,7.2,7.2,6.475,739.0
2022-01-08 10:25:48.135000+00:00,2840.0,7.2,7.2,6.475,739.0
2022-01-08 10:26:34.322500+00:00,2840.0,6.5,7.2,6.475,739.0
2022-01-08 10:27:20.510000+00:00,2840.0,6.4,7.2,6.475,739.0
2022-01-08 10:28:06.697500+00:00,2840.0,6.6,7.2,6.475,739.0
2022-01-08 10:28:52.885000+00:00,2840.0,6.5,7.2,6.475,739.0
2022-01-08 10:29:39.072500+00:00,2840.0,6.4,7.2,6.475,739.0
2022-01-08 10:30:25.260000+00:00,2840.0,6.7,7.2,6.475,739.0
2022-01-08 10:31:11.447500+00:00,2840.0,6.6,7.2,6.475,739.0
2022-01-08 10:31:57.635000+00:00,2840.0,6.6,7.2,6.475,739.0
2022-01-08 10:32:43.822500+00:00,2840.0,6.4,7.2,6.475,739.0
2022-01-08 10:33:30.010000+00:00,2840.0,6.8,7.2,6.475,739.0
2022-01-08 10:34:16.197500+00:00,2840.0,6.5,7.2,6.475,739.0
2022-01-08 10:35:02.385000+00:00,2840.0,6.4,7.2,6.475,739.0
2022-01-08 10:35:48.572500+00:00,2840.0,4.8,7.2,6.475,739.0
2022-01-08 10:36:34.760000+00:00,2840.0,0.0,7.2,6.475,739.0
2022-01-08 10:36:36.760000+00:00,2840.0,0.0,7.2,6.475,739.0
2022-01-08 10:52:14.760000+00:00,2847.0,0.4,1.8,0.8250000000000001,179.0
2022-01-08 10:52:31.032727273+00:00,2847.0,0.6,1.8,0.8250000000000001,179.0
2022-01-08 10:52:47.305454545+00:00,2847.0,1.4,1.8,0.8250000000000001,179.0
2022-01-08 10:53:03.578181818+00:00,2847.0,1.1,1.8,0.8250000000000001,179.0
2022-01-08 10:53:19.850909091+00:00,2847.0,1.0,1.8,0.8250000000000001,179.0
2022-01-08 10:53:36.123636364+00:00,2847.0,0.4,1.8,0.8250000000000001,179.0
2022-01-08 10:53:52.396363636+00:00,2847.0,0.3,1.8,0.8250000000000001,179.0
2022-01-08 10:54:08.669090909+00:00,2847.0,0.5,1.8,0.8250000000000001,179.0
2022-01-08 10:54:24.941818182+00:00,2847.0,1.0,1.8,0.8250000000000001,179.0
2022-01-08 10:54:41.214545455+00:00,2847.0,1.8,1.8,0.8250000000000001,179.0
2022-01-08 10:54:57.487272727+00:00,2847.0,0.9,1.8,0.8250000000000001,179.0
2022-01-08 10:55:13.760000+00:00,2847.0,0.5,1.8,0.8250000000000001,179.0
2022-01-08 10:55:15.760000+00:00,2847.0,0.0,1.8,0.8250000000000001,179.0
2022-01-08 10:57:35.320000+00:00,2860.0,3.1,4.3,1.76875,456.0
2022-01-08 10:58:05.720000+00:00,2860.0,4.3,4.3,1.76875,456.0
2022-01-08 10:58:36.120000+00:00,2860.0,3.6,4.3,1.76875,456.0
2022-01-08 10:59:06.520000+00:00,2860.0,1.8,4.3,1.76875,456.0
2022-01-08 10:59:36.920000+00:00,2860.0,1.3,4.3,1.76875,456.0
2022-01-08 11:00:07.320000+00:00,2860.0,1.7,4.3,1.76875,456.0
2022-01-08 11:00:37.720000+00:00,2860.0,1.3,4.3,1.76875,456.0
2022-01-08 11:01:08.120000+00:00,2860.0,1.5,4.3,1.76875,456.0
2022-01-08 11:01:38.520000+00:00,2860.0,1.6,4.3,1.76875,456.0
2022-01-08 11:02:08.920000+00:00,2860.0,2.2,4.3,1.76875,456.0
2022-01-08 11:02:39.320000+00:00,2860.0,1.5,4.3,1.76875,456.0
2022-01-08 11:03:09.720000+00:00,2860.0,0.9,4.3,1.76875,456.0
2022-01-08 11:03:40.120000+00:00,2860.0,1.4,4.3,1.76875,456.0
2022-01-08 11:04:10.520000+00:00,2860.0,1.1,4.3,1.76875,456.0
2022-01-08 11:04:40.920000+00:00,2860.0,0.6,4.3,1.76875,456.0
2022-01-08 11:05:11.320000+00:00,2860.0,0.4,4.3,1.76875,456.0
2022-01-08 11:05:13.320000+00:00,2860.0,0.0,4.3,1.76875,456.0
2022-01-08 11:05:18.320000+00:00,2860.0,1.2,4.0,1.6384615384615384,389.0
2022-01-08 11:05:50.736666667+00:00,2860.0,1.2,4.0,1.6384615384615384,389.0
2022-01-08 11:06:23.153333333+00:00,2860.0,1.0,4.0,1.6384615384615384,389.0
2022-01-08 11:06:55.570000+00:00,2860.0,1.4,4.0,1.6384615384615384,389.0
2022-01-08 11:07:27.986666667+00:00,2860.0,0.8,4.0,1.6384615384615384,389.0
2022-01-08 11:08:00.403333333+00:00,2860.0,1.8,4.0,1.6384615384615384,389.0
2022-01-08 11:08:32.820000+00:00,2860.0,1.4,4.0,1.6384615384615384,389.0
2022-01-08 11:09:05.236666667+00:00,2860.0,1.6,4.0,1.6384615384615384,389.0
2022-01-08 11:09:37.653333333+00:00,2860.0,1.8,4.0,1.6384615384615384,389.0
2022-01-08 11:10:10.070000+00:00,2860.0,4.0,4.0,1.6384615384615384,389.0
2022-01-08 11:10:42.486666667+00:00,2860.0,2.6,4.0,1.6384615384615384,389.0
2022-01-08 11:11:14.903333333+00:00,2860.0,1.3,4.0,1.6384615384615384,389.0
2022-01-08 11:11:47.320000+00:00,2860.0,1.2,4.0,1.6384615384615384,389.0
2022-01-08 11:11:49.320000+00:00,2860.0,0.0,4.0,1.6384615384615384,389.0
2022-01-08 11:11:54.760000+00:00,2862.0,1.4,2.5,1.49375,229.0
2022-01-08 11:12:10.026666667+00:00,2862.0,1.2,2.5,1.49375,229.0
2022-01-08 11:12:25.293333332+00:00,2862.0,1.2,2.5,1.49375,229.0
2022-01-08 11:12:40.560000+00:00,2862.0,1.9,2.5,1.49375,229.0
2022-01-08 11:12:55.826666667+00:00,2862.0,2.2,2.5,1.49375,229.0
2022-01-08 11:13:11.093333333+00:00,2862.0,1.5,2.5,1.49375,229.0
2022-01-08 11:13:26.360000+00:00,2862.0,1.3,2.5,1.49375,229.0
2022-01-08 11:13:41.626666667+00:00,2862.0,1.2,2.5,1.49375,229.0
2022-01-08 11:13:56.893333333+00:00,2862.0,1.4,2.5,1.49375,229.0
2022-01-08 11:14:12.160000+00:00,2862.0,1.4,2.5,1.49375,229.0
2022-01-08 11:14:27.426666667+00:00,2862.0,2.2,2.5,1.49375,229.0
2022-01-08 11:14:42.693333333+00:00,2862.0,2.5,2.5,1.49375,229.0
2022-01-08 11:14:57.960000+00:00,2862.0,1.7,2.5,1.49375,229.0
2022-01-08 11:15:13.226666667+00:00,2862.0,1.2,2.5,1.49375,229.0
2022-01-08 11:15:28.493333333+00:00,2862.0,1.3,2.5,1.49375,229.0
2022-01-08 11:15:43.760000+00:00,2862.0,0.3,2.5,1.49375,229.0
2022-01-08 11:15:45.760000+00:00,2862.0,0.0,2.5,1.49375,229.0
2022-01-08 11:25:00.320000+00:00,2862.0,1.3,1.9,1.081818181818182,313.0
2022-01-08 11:25:31.620000+00:00,2862.0,1.3,1.9,1.081818181818182,313.0
2022-01-08 11:26:02.920000+00:00,2862.0,1.4,1.9,1.081818181818182,313.0
2022-01-08 11:26:34.220000+00:00,2862.0,0.8,1.9,1.081818181818182,313.0
2022-01-08 11:27:05.520000+00:00,2862.0,0.9,1.9,1.081818181818182,313.0
2022-01-08 11:27:36.820000+00:00,2862.0,1.2,1.9,1.081818181818182,313.0
2022-01-08 11:28:08.120000+00:00,2862.0,1.9,1.9,1.081818181818182,313.0
2022-01-08 11:28:39.420000+00:00,2862.0,0.8,1.9,1.081818181818182,313.0
2022-01-08 11:29:10.720000+00:00,2862.0,0.8,1.9,1.081818181818182,313.0
2022-01-08 11:29:42.020000+00:00,2862.0,1.0,1.9,1.081818181818182,313.0
2022-01-08 11:30:13.320000+00:00,2862.0,0.5,1.9,1.081818181818182,313.0
2022-01-08 11:30:15.320000+00:00,2862.0,0.0,1.9,1.081818181818182,313.0
2022-01-08 11:36:32.320000+00:00,2876.0,0.5,1.8,0.9,79.0
2022-01-08 11:36:48.120000+00:00,2876.0,0.5,1.8,0.9,79.0
2022-01-08 11:37:03.920000+00:00,2876.0,0.7,1.8,0.9,79.0
2022-01-08 11:37:19.720000+00:00,2876.0,1.8,1.8,0.9,79.0
2022-01-08 11:37:35.520000+00:00,2876.0,1.0,1.8,0.9,79.0
2022-01-08 11:37:51.320000+00:00,2876.0,0.0,1.8,0.9,79.0
2022-01-08 11:37:53.320000+00:00,2876.0,0.0,1.8,0.9,79.0
2022-01-08 11:54:56.320000+00:00,2864.0,0.4,0.7,0.4333333333333333,33.0
2022-01-08 11:55:12.820000+00:00,2864.0,0.7,0.7,0.4333333333333333,33.0
2022-01-08 11:55:29.320000+00:00,2864.0,0.2,0.7,0.4333333333333333,33.0
2022-01-08 11:55:31.320000+00:00,2864.0,0.0,0.7,0.4333333333333333,33.0
2022-01-08 11:55:36.759000+00:00,2868.0,1.0,1.5,0.6700000000000002,138.0
2022-01-08 11:55:52.092333333+00:00,2868.0,1.5,1.5,0.6700000000000002,138.0
2022-01-08 11:56:07.425666667+00:00,2868.0,0.6,1.5,0.6700000000000002,138.0
2022-01-08 11:56:22.759000+00:00,2868.0,0.5,1.5,0.6700000000000002,138.0
2022-01-08 11:56:38.092333333+00:00,2868.0,0.4,1.5,0.6700000000000002,138.0
2022-01-08 11:56:53.425666667+00:00,2868.0,0.5,1.5,0.6700000000000002,138.0
2022-01-08 11:57:08.759000+00:00,2868.0,0.5,1.5,0.6700000000000002,138.0
2022-01-08 11:57:24.092333333+00:00,2868.0,0.8,1.5,0.6700000000000002,138.0
2022-01-08 11:57:39.425666667+00:00,2868.0,0.7,1.5,0.6700000000000002,138.0
2022-01-08 11:57:54.759000+00:00,2868.0,0.2,1.5,0.6700000000000002,138.0
2022-01-08 11:57:56.759000+00:00,2868.0,0.0,1.5,0.6700000000000002,138.0
2022-01-08 11:59:55.320000+00:00,2877.0,0.8,0.9,0.7333333333333334,39.0
2022-01-08 12:00:14.820000+00:00,2877.0,0.9,0.9,0.7333333333333334,39.0
2022-01-08 12:00:34.320000+00:00,2877.0,0.5,0.9,0.7333333333333334,39.0
2022-01-08 12:00:36.320000+00:00,2877.0,0.0,0.9,0.7333333333333334,39.0
2022-01-08 12:00:41.759000+00:00,2882.0,0.6,0.8,0.5444444444444445,122.0
2022-01-08 12:00:57.009000+00:00,2882.0,0.4,0.8,0.5444444444444445,122.0
2022-01-08 12:01:12.259000+00:00,2882.0,0.3,0.8,0.5444444444444445,122.0
2022-01-08 12:01:27.509000+00:00,2882.0,0.5,0.8,0.5444444444444445,122.0
2022-01-08 12:01:42.759000+00:00,2882.0,0.8,0.8,0.5444444444444445,122.0
2022-01-08 12:01:58.009000+00:00,2882.0,0.7,0.8,0.5444444444444445,122.0
2022-01-08 12:02:13.259000+00:00,2882.0,0.8,0.8,0.5444444444444445,122.0
2022-01-08 12:02:28.509000+00:00,2882.0,0.6,0.8,0.5444444444444445,122.0
2022-01-08 12:02:43.759000+00:00,2882.0,0.2,0.8,0.5444444444444445,122.0
2022-01-08 12:02:45.759000+00:00,2882.0,0.0,0.8,0.5444444444444445,122.0
2022-01-08 12:02:50.320000+00:00,2885.0,0.7,0.7,0.5399999999999999,66.0
2022-01-08 12:03:06.820000+00:00,2885.0,0.6,0.7,0.5399999999999999,66.0
2022-01-08 12:03:23.320000+00:00,2885.0,0.5,0.7,0.5399999999999999,66.0
2022-01-08 12:03:39.820000+00:00,2885.0,0.6,0.7,0.5399999999999999,66.0
2022-01-08 12:03:56.320000+00:00,2885.0,0.3,0.7,0.5399999999999999,66.0
2022-01-08 12:03:58.320000+00:00,2885.0,0.0,0.7,0.5399999999999999,66.0
2022-01-08 12:04:03.320000+00:00,2884.0,1.1,1.5,0.6833333333333332,264.0
2022-01-08 12:04:18.849411765+00:00,2884.0,1.5,1.5,0.6833333333333332,264.0
2022-01-08 12:04:34.378823529+00:00,2884.0,1.2,1.5,0.6833333333333332,264.0
2022-01-08 12:04:49.908235294+00:00,2884.0,0.4,1.5,0.6833333333333332,264.0
2022-01-08 12:05:05.437647059+00:00,2884.0,1.2,1.5,0.6833333333333332,264.0
2022-01-08 12:05:20.967058824+00:00,2884.0,1.4,1.5,0.6833333333333332,264.0
2022-01-08 12:05:36.496470588+00:00,2884.0,0.6,1.5,0.6833333333333332,264.0
2022-01-08 12:05:52.025882353+00:00,2884.0,0.4,1.5,0.6833333333333332,264.0
2022-01-08 12:06:07.555294118+00:00,2884.0,0.6,1.5,0.6833333333333332,264.0
2022-01-08 12:06:23.084705882+00:00,2884.0,0.4,1.5,0.6833333333333332,264.0
2022-01-08 12:06:38.614117647+00:00,2884.0,0.4,1.5,0.6833333333333332,264.0
2022-01-08 12:06:54.143529412+00:00,2884.0,0.4,1.5,0.6833333333333332,264.0
2022-01-08 12:07:09.672941176+00:00,2884.0,0.5,1.5,0.6833333333333332,264.0
2022-01-08 12:07:25.202352941+00:00,2884.0,0.5,1.5,0.6833333333333332,264.0
2022-01-08 12:07:40.731764706+00:00,2884.0,0.7,1.5,0.6833333333333332,264.0
2022-01-08 12:07:56.261176471+00:00,2884.0,0.4,1.5,0.6833333333333332,264.0
2022-01-08 12:08:11.790588235+00:00,2884.0,0.4,1.5,0.6833333333333332,264.0
2022-01-08 12:08:27.320000+00:00,2884.0,0.2,1.5,0.6833333333333332,264.0
2022-01-08 12:08:29.320000+00:00,2884.0,0.0,1.5,0.6833333333333332,264.0
2022-01-08 12:19:43.759000+00:00,2832.0,0.6,0.6,0.6,7.0
2022-01-08 12:19:45.759000+00:00,2832.0,0.0,0.6,0.6,7.0
2022-01-08 12:19:54.759000+00:00,2833.0,0.2,0.2,0.2,4.0
2022-01-08 12:19:56.759000+00:00,2833.0,0.0,0.2,0.2,4.0
2022-01-08 12:20:26.759000+00:00,2834.0,0.4,0.4,0.4,9.0
2022-01-08 12:20:28.759000+00:00,2834.0,0.0,0.4,0.4,9.0
2022-01-08 12:37:43.319000+00:00,2802.0,0.5,0.5,0.5,13.0
2022-01-08 12:37:45.319000+00:00,2802.0,0.0,0.5,0.5,13.0
2022-01-08 12:37:55.758000+00:00,2803.0,0.3,0.3,0.3,5.0
2022-01-08 12:37:57.758000+00:00,2803.0,0.0,0.3,0.3,5.0
2022-01-08 12:38:26.319000+00:00,2826.0,11.6,14.9,10.877777777777776,1031.0
2022-01-08 12:39:26.966058824+00:00,2826.0,14.9,14.9,10.877777777777776,1031.0
2022-01-08 12:40:27.613117647+00:00,2826.0,13.6,14.9,10.877777777777776,1031.0
2022-01-08 12:41:28.260176471+00:00,2826.0,12.2,14.9,10.877777777777776,1031.0
2022-01-08 12:42:28.907235294+00:00,2826.0,11.8,14.9,10.877777777777776,1031.0
2022-01-08 12:43:29.554294118+00:00,2826.0,12.5,14.9,10.877777777777776,1031.0
2022-01-08 12:44:30.201352941+00:00,2826.0,12.0,14.9,10.877777777777776,1031.0
2022-01-08 12:45:30.848411765+00:00,2826.0,11.8,14.9,10.877777777777776,1031.0
2022-01-08 12:46:31.495470588+00:00,2826.0,12.2,14.9,10.877777777777776,1031.0
2022-01-08 12:47:32.142529412+00:00,2826.0,12.0,14.9,10.877777777777776,1031.0
2022-01-08 12:48:32.789588235+00:00,2826.0,11.7,14.9,10.877777777777776,1031.0
2022-01-08 12:49:33.436647059+00:00,2826.0,10.6,14.9,10.877777777777776,1031.0
2022-01-08 12:50:34.083705882+00:00,2826.0,10.3,14.9,10.877777777777776,1031.0
2022-01-08 12:51:34.730764706+00:00,2826.0,10.5,14.9,10.877777777777776,1031.0
2022-01-08 12:52:35.377823529+00:00,2826.0,10.4,14.9,10.877777777777776,1031.0
2022-01-08 12:53:36.024882353+00:00,2826.0,10.2,14.9,10.877777777777776,1031.0
2022-01-08 12:54:36.671941176+00:00,2826.0,7.3,14.9,10.877777777777776,1031.0
2022-01-08 12:55:37.319000+00:00,2826.0,0.2,14.9,10.877777777777776,1031.0
2022-01-08 12:55:39.319000+00:00,2826.0,0.0,14.9,10.877777777777776,1031.0
2022-01-08 12:56:21.319000+00:00,2819.0,5.3,7.0,5.864705882352942,749.0
2022-01-08 12:57:08.131500+00:00,2819.0,5.0,7.0,5.864705882352942,749.0
2022-01-08 12:57:54.944000+00:00,2819.0,6.7,7.0,5.864705882352942,749.0
2022-01-08 12:58:41.756500+00:00,2819.0,5.9,7.0,5.864705882352942,749.0
2022-01-08 12:59:28.569000+00:00,2819.0,5.9,7.0,5.864705882352942,749.0
2022-01-08 13:00:15.381500+00:00,2819.0,5.8,7.0,5.864705882352942,749.0
2022-01-08 13:01:02.194000+00:00,2819.0,5.1,7.0,5.864705882352942,749.0
2022-01-08 13:01:49.006500+00:00,2819.0,5.0,7.0,5.864705882352942,749.0
2022-01-08 13:02:35.819000+00:00,2819.0,6.7,7.0,5.864705882352942,749.0
2022-01-08 13:03:22.631500+00:00,2819.0,6.7,7.0,5.864705882352942,749.0
2022-01-08 13:04:09.444000+00:00,2819.0,6.4,7.0,5.864705882352942,749.0
2022-01-08 13:04:56.256500+00:00,2819.0,6.3,7.0,5.864705882352942,749.0
2022-01-08 13:05:43.069000+00:00,2819.0,7.0,7.0,5.864705882352942,749.0
2022-01-08 13:06:29.881500+00:00,2819.0,6.4,7.0,5.864705882352942,749.0
2022-01-08 13:07:16.694000+00:00,2819.0,6.8,7.0,5.864705882352942,749.0
2022-01-08 13:08:03.506500+00:00,2819.0,6.8,7.0,5.864705882352942,749.0
2022-01-08 13:08:50.319000+00:00,2819.0,1.9,7.0,5.864705882352942,749.0
2022-01-08 13:08:52.319000+00:00,2819.0,0.0,7.0,5.864705882352942,749.0
2022-01-08 13:09:00.319000+00:00,2816.0,0.2,0.2,0.2,3.0
2022-01-08 13:09:02.319000+00:00,2816.0,0.0,0.2,0.2,3.0
2022-01-08 13:09:41.758000+00:00,2822.0,1.6,1.6,1.1,33.0
2022-01-08 13:09:58.258000+00:00,2822.0,1.4,1.6,1.1,33.0
2022-01-08 13:10:14.758000+00:00,2822.0,0.3,1.6,1.1,33.0
2022-01-08 13:10:16.758000+00:00,2822.0,0.0,1.6,1.1,33.0
2022-01-08 13:13:39.318000+00:00,2830.0,3.4,3.4,2.25,49.0
2022-01-08 13:13:55.651333333+00:00,2830.0,3.2,3.4,2.25,49.0
2022-01-08 13:14:11.984666667+00:00,2830.0,2.1,3.4,2.25,49.0
2022-01-08 13:14:28.318000+00:00,2830.0,0.3,3.4,2.25,49.0
2022-01-08 13:14:30.318000+00:00,2830.0,0.0,3.4,2.25,49.0
2022-01-08 13:19:16.758000+00:00,2855.0,0.9,1.2,0.875,49.0
2022-01-08 13:19:33.091333333+00:00,2855.0,1.2,1.2,0.875,49.0
2022-01-08 13:19:49.424666667+00:00,2855.0,1.1,1.2,0.875,49.0
2022-01-08 13:20:05.758000+00:00,2855.0,0.3,1.2,0.875,49.0
2022-01-08 13:20:07.758000+00:00,2855.0,0.0,1.2,0.875,49.0
2022-01-08 13:35:55.757000+00:00,2836.0,4.9,7.0,5.3,562.0
2022-01-08 13:36:26.979222222+00:00,2836.0,6.5,7.0,5.3,562.0
2022-01-08 13:36:58.201444444+00:00,2836.0,6.1,7.0,5.3,562.0
2022-01-08 13:37:29.423666667+00:00,2836.0,5.3,7.0,5.3,562.0
2022-01-08 13:38:00.645888889+00:00,2836.0,4.5,7.0,5.3,562.0
2022-01-08 13:38:31.868111111+00:00,2836.0,4.9,7.0,5.3,562.0
2022-01-08 13:39:03.090333333+00:00,2836.0,4.7,7.0,5.3,562.0
2022-01-08 13:39:34.312555556+00:00,2836.0,3.6,7.0,5.3,562.0
2022-01-08 13:40:05.534777778+00:00,2836.0,3.5,7.0,5.3,562.0
2022-01-08 13:40:36.757000+00:00,2836.0,6.2,7.0,5.3,562.0
2022-01-08 13:41:07.979222222+00:00,2836.0,6.6,7.0,5.3,562.0
2022-01-08 13:41:39.201444444+00:00,2836.0,6.6,7.0,5.3,562.0
2022-01-08 13:42:10.423666667+00:00,2836.0,6.7,7.0,5.3,562.0
2022-01-08 13:42:41.645888889+00:00,2836.0,7.0,7.0,5.3,562.0
2022-01-08 13:43:12.868111111+00:00,2836.0,6.7,7.0,5.3,562.0
2022-01-08 13:43:44.090333333+00:00,2836.0,7.0,7.0,5.3,562.0
2022-01-08 13:44:15.312555556+00:00,2836.0,5.5,7.0,5.3,562.0
2022-01-08 13:44:46.534777778+00:00,2836.0,4.1,7.0,5.3,562.0
2022-01-08 13:45:17.757000+00:00,2836.0,0.3,7.0,5.3,562.0
2022-01-08 13:45:19.757000+00:00,2836.0,0.0,7.0,5.3,562.0
2022-01-08 13:45:39.318000+00:00,2825.0,5.4,7.1,6.4,782.0
2022-01-08 13:46:25.318000+00:00,2825.0,6.8,7.1,6.4,782.0
2022-01-08 13:47:11.318000+00:00,2825.0,6.5,7.1,6.4,782.0
2022-01-08 13:47:57.318000+00:00,2825.0,6.8,7.1,6.4,782.0
2022-01-08 13:48:43.318000+00:00,2825.0,6.6,7.1,6.4,782.0
2022-01-08 13:49:29.318000+00:00,2825.0,6.6,7.1,6.4,782.0
2022-01-08 13:50:15.318000+00:00,2825.0,6.6,7.1,6.4,782.0
2022-01-08 13:51:01.318000+00:00,2825.0,6.8,7.1,6.4,782.0
2022-01-08 13:51:47.318000+00:00,2825.0,6.8,7.1,6.4,782.0
2022-01-08 13:52:33.318000+00:00,2825.0,6.7,7.1,6.4,782.0
2022-01-08 13:53:19.318000+00:00,2825.0,6.9,7.1,6.4,782.0
2022-01-08 13:54:05.318000+00:00,2825.0,7.0,7.1,6.4,782.0
2022-01-08 13:54:51.318000+00:00,2825.0,6.8,7.1,6.4,782.0
2022-01-08 13:55:37.318000+00:00,2825.0,7.1,7.1,6.4,782.0
2022-01-08 13:56:23.318000+00:00,2825.0,7.0,7.1,6.4,782.0
2022-01-08 13:57:09.318000+00:00,2825.0,6.8,7.1,6.4,782.0
2022-01-08 13:57:55.318000+00:00,2825.0,6.4,7.1,6.4,782.0
2022-01-08 13:58:41.318000+00:00,2825.0,1.6,7.1,6.4,782.0
2022-01-08 13:58:43.318000+00:00,2825.0,0.0,7.1,6.4,782.0
2022-01-08 13:59:08.317000+00:00,2823.0,4.4,7.4,5.994117647058823,722.0
2022-01-08 13:59:53.442000+00:00,2823.0,6.7,7.4,5.994117647058823,722.0
2022-01-08 14:00:38.567000+00:00,2823.0,6.6,7.4,5.994117647058823,722.0
2022-01-08 14:01:23.692000+00:00,2823.0,6.5,7.4,5.994117647058823,722.0
2022-01-08 14:02:08.817000+00:00,2823.0,6.7,7.4,5.994117647058823,722.0
2022-01-08 14:02:53.942000+00:00,2823.0,6.6,7.4,5.994117647058823,722.0
2022-01-08 14:03:39.067000+00:00,2823.0,6.5,7.4,5.994117647058823,722.0
2022-01-08 14:04:24.192000+00:00,2823.0,6.6,7.4,5.994117647058823,722.0
2022-01-08 14:05:09.317000+00:00,2823.0,7.0,7.4,5.994117647058823,722.0
2022-01-08 14:05:54.442000+00:00,2823.0,7.4,7.4,5.994117647058823,722.0
2022-01-08 14:06:39.567000+00:00,2823.0,6.9,7.4,5.994117647058823,722.0
2022-01-08 14:07:24.692000+00:00,2823.0,6.6,7.4,5.994117647058823,722.0
2022-01-08 14:08:09.817000+00:00,2823.0,6.2,7.4,5.994117647058823,722.0
2022-01-08 14:08:54.942000+00:00,2823.0,6.1,7.4,5.994117647058823,722.0
2022-01-08 14:09:40.067000+00:00,2823.0,6.0,7.4,5.994117647058823,722.0
2022-01-08 14:10:25.192000+00:00,2823.0,4.8,7.4,5.994117647058823,722.0
2022-01-08 14:11:10.317000+00:00,2823.0,0.3,7.4,5.994117647058823,722.0
2022-01-08 14:11:12.317000+00:00,2823.0,0.0,7.4,5.994117647058823,722.0
2022-01-08 14:12:06.317000+00:00,2827.0,5.3,7.5,6.577777777777778,797.0
2022-01-08 14:12:53.199352941+00:00,2827.0,6.5,7.5,6.577777777777778,797.0
2022-01-08 14:13:40.081705882+00:00,2827.0,6.4,7.5,6.577777777777778,797.0
2022-01-08 14:14:26.964058824+00:00,2827.0,6.9,7.5,6.577777777777778,797.0
2022-01-08 14:15:13.846411765+00:00,2827.0,5.8,7.5,6.577777777777778,797.0
2022-01-08 14:16:00.728764706+00:00,2827.0,6.4,7.5,6.577777777777778,797.0
2022-01-08 14:16:47.611117647+00:00,2827.0,7.0,7.5,6.577777777777778,797.0
2022-01-08 14:17:34.493470588+00:00,2827.0,7.1,7.5,6.577777777777778,797.0
2022-01-08 14:18:21.375823529+00:00,2827.0,7.1,7.5,6.577777777777778,797.0
2022-01-08 14:19:08.258176471+00:00,2827.0,7.2,7.5,6.577777777777778,797.0
2022-01-08 14:19:55.140529412+00:00,2827.0,7.2,7.5,6.577777777777778,797.0
2022-01-08 14:20:42.022882353+00:00,2827.0,7.1,7.5,6.577777777777778,797.0
2022-01-08 14:21:28.905235294+00:00,2827.0,7.1,7.5,6.577777777777778,797.0
2022-01-08 14:22:15.787588235+00:00,2827.0,7.1,7.5,6.577777777777778,797.0
2022-01-08 14:23:02.669941176+00:00,2827.0,7.2,7.5,6.577777777777778,797.0
2022-01-08 14:23:49.552294118+00:00,2827.0,7.5,7.5,6.577777777777778,797.0
2022-01-08 14:24:36.434647059+00:00,2827.0,6.7,7.5,6.577777777777778,797.0
2022-01-08 14:25:23.317000+00:00,2827.0,2.8,7.5,6.577777777777778,797.0
2022-01-08 14:25:25.317000+00:00,2827.0,0.0,7.5,6.577777777777778,797.0
2022-01-08 14:25:31.756000+00:00,2812.0,0.0,0.0,0.0,1.0
2022-01-08 14:25:33.756000+00:00,2812.0,0.0,0.0,0.0,1.0
2022-01-08 14:44:30.317000+00:00,2827.0,0.8,1.1,0.8333333333333334,41.0
2022-01-08 14:44:50.817000+00:00,2827.0,1.1,1.1,0.8333333333333334,41.0
2022-01-08 14:45:11.317000+00:00,2827.0,0.6,1.1,0.8333333333333334,41.0
2022-01-08 14:45:13.317000+00:00,2827.0,0.0,1.1,0.8333333333333334,41.0
2022-01-08 14:45:28.316000+00:00,2824.0,2.7,3.3,3.06875,705.0
2022-01-08 14:46:15.316000+00:00,2824.0,3.1,3.3,3.06875,705.0
2022-01-08 14:47:02.316000+00:00,2824.0,3.2,3.3,3.06875,705.0
2022-01-08 14:47:49.316000+00:00,2824.0,3.2,3.3,3.06875,705.0
2022-01-08 14:48:36.316000+00:00,2824.0,3.2,3.3,3.06875,705.0
2022-01-08 14:49:23.316000+00:00,2824.0,3.1,3.3,3.06875,705.0
2022-01-08 14:50:10.316000+00:00,2824.0,3.2,3.3,3.06875,705.0
2022-01-08 14:50:57.316000+00:00,2824.0,3.1,3.3,3.06875,705.0
2022-01-08 14:51:44.316000+00:00,2824.0,3.2,3.3,3.06875,705.0
2022-01-08 14:52:31.316000+00:00,2824.0,3.2,3.3,3.06875,705.0
2022-01-08 14:53:18.316000+00:00,2824.0,3.2,3.3,3.06875,705.0
2022-01-08 14:54:05.316000+00:00,2824.0,3.3,3.3,3.06875,705.0
2022-01-08 14:54:52.316000+00:00,2824.0,3.2,3.3,3.06875,705.0
2022-01-08 14:55:39.316000+00:00,2824.0,3.1,3.3,3.06875,705.0
2022-01-08 14:56:26.316000+00:00,2824.0,3.1,3.3,3.06875,705.0
2022-01-08 14:57:13.316000+00:00,2824.0,2.0,3.3,3.06875,705.0
2022-01-08 14:57:15.316000+00:00,2824.0,0.0,3.3,3.06875,705.0
2022-01-08 14:57:38.316000+00:00,2817.0,0.4,0.4,0.4,5.0
2022-01-08 14:57:40.316000+00:00,2817.0,0.0,0.4,0.4,5.0
2022-01-08 14:57:45.316000+00:00,2819.0,0.8,0.8,0.45,16.0
2022-01-08 14:58:01.316000+00:00,2819.0,0.1,0.8,0.45,16.0
2022-01-08 14:58:03.316000+00:00,2819.0,0.0,0.8,0.45,16.0
2022-01-08 15:02:12.317000+00:00,2821.0,1.7,2.8,1.6571428571428568,96.0
2022-01-08 15:02:28.317000+00:00,2821.0,1.9,2.8,1.6571428571428568,96.0
2022-01-08 15:02:44.317000+00:00,2821.0,2.0,2.8,1.6571428571428568,96.0
2022-01-08 15:03:00.317000+00:00,2821.0,2.8,2.8,1.6571428571428568,96.0
2022-01-08 15:03:16.317000+00:00,2821.0,2.0,2.8,1.6571428571428568,96.0
2022-01-08 15:03:32.317000+00:00,2821.0,1.1,2.8,1.6571428571428568,96.0
2022-01-08 15:03:48.317000+00:00,2821.0,0.1,2.8,1.6571428571428568,96.0
2022-01-08 15:03:50.317000+00:00,2821.0,0.0,2.8,1.6571428571428568,96.0
2022-01-08 15:06:53.755000+00:00,2828.0,4.3,5.3,5.079999999999999,884.0
2022-01-08 15:07:40.281315789+00:00,2828.0,5.2,5.3,5.079999999999999,884.0
2022-01-08 15:08:26.807631579+00:00,2828.0,5.2,5.3,5.079999999999999,884.0
2022-01-08 15:09:13.333947368+00:00,2828.0,5.2,5.3,5.079999999999999,884.0
2022-01-08 15:09:59.860263158+00:00,2828.0,5.2,5.3,5.079999999999999,884.0
2022-01-08 15:10:46.386578947+00:00,2828.0,5.2,5.3,5.079999999999999,884.0
2022-01-08 15:11:32.912894737+00:00,2828.0,5.3,5.3,5.079999999999999,884.0
2022-01-08 15:12:19.439210526+00:00,2828.0,5.3,5.3,5.079999999999999,884.0
2022-01-08 15:13:05.965526316+00:00,2828.0,5.3,5.3,5.079999999999999,884.0
2022-01-08 15:13:52.491842105+00:00,2828.0,5.3,5.3,5.079999999999999,884.0
2022-01-08 15:14:39.018157894+00:00,2828.0,5.3,5.3,5.079999999999999,884.0
2022-01-08 15:15:25.544473684+00:00,2828.0,5.3,5.3,5.079999999999999,884.0
2022-01-08 15:16:12.070789474+00:00,2828.0,5.2,5.3,5.079999999999999,884.0
2022-01-08 15:16:58.597105263+00:00,2828.0,5.3,5.3,5.079999999999999,884.0
2022-01-08 15:17:45.123421053+00:00,2828.0,5.3,5.3,5.079999999999999,884.0
2022-01-08 15:18:31.649736842+00:00,2828.0,5.3,5.3,5.079999999999999,884.0
2022-01-08 15:19:18.176052632+00:00,2828.0,5.3,5.3,5.079999999999999,884.0
2022-01-08 15:20:04.702368421+00:00,2828.0,5.3,5.3,5.079999999999999,884.0
2022-01-08 15:20:51.228684211+00:00,2828.0,5.2,5.3,5.079999999999999,884.0
2022-01-08 15:21:37.755000+00:00,2828.0,2.6,5.3,5.079999999999999,884.0
2022-01-08 15:21:39.755000+00:00,2828.0,0.0,5.3,5.079999999999999,884.0
2022-01-08 15:22:17.316000+00:00,2828.0,4.3,5.2,4.84375,923.0
2022-01-08 15:23:18.849333332+00:00,2828.0,5.0,5.2,4.84375,923.0
2022-01-08 15:24:20.382666667+00:00,2828.0,5.1,5.2,4.84375,923.0
2022-01-08 15:25:21.916000+00:00,2828.0,5.1,5.2,4.84375,923.0
2022-01-08 15:26:23.449333333+00:00,2828.0,5.1,5.2,4.84375,923.0
2022-01-08 15:27:24.982666667+00:00,2828.0,5.1,5.2,4.84375,923.0
2022-01-08 15:28:26.516000+00:00,2828.0,5.1,5.2,4.84375,923.0
2022-01-08 15:29:28.049333333+00:00,2828.0,5.1,5.2,4.84375,923.0
2022-01-08 15:30:29.582666667+00:00,2828.0,5.1,5.2,4.84375,923.0
2022-01-08 15:31:31.116000+00:00,2828.0,5.1,5.2,4.84375,923.0
2022-01-08 15:32:32.649333333+00:00,2828.0,5.2,5.2,4.84375,923.0
2022-01-08 15:33:34.182666667+00:00,2828.0,5.1,5.2,4.84375,923.0
2022-01-08 15:34:35.716000+00:00,2828.0,5.2,5.2,4.84375,923.0
2022-01-08 15:35:37.249333333+00:00,2828.0,5.1,5.2,4.84375,923.0
2022-01-08 15:36:38.782666667+00:00,2828.0,5.1,5.2,4.84375,923.0
2022-01-08 15:37:40.316000+00:00,2828.0,1.7,5.2,4.84375,923.0
2022-01-08 15:37:42.316000+00:00,2828.0,0.0,5.2,4.84375,923.0
2022-01-08 15:38:39.755000+00:00,2824.0,1.6,4.6,2.2416666666666663,170.0
2022-01-08 15:38:55.209545455+00:00,2824.0,1.7,4.6,2.2416666666666663,170.0
2022-01-08 15:39:10.664090909+00:00,2824.0,3.5,4.6,2.2416666666666663,170.0
2022-01-08 15:39:26.118636364+00:00,2824.0,4.3,4.6,2.2416666666666663,170.0
2022-01-08 15:39:41.573181818+00:00,2824.0,4.6,4.6,2.2416666666666663,170.0
2022-01-08 15:39:57.027727273+00:00,2824.0,3.6,4.6,2.2416666666666663,170.0
2022-01-08 15:40:12.482272727+00:00,2824.0,2.2,4.6,2.2416666666666663,170.0
2022-01-08 15:40:27.936818182+00:00,2824.0,1.8,4.6,2.2416666666666663,170.0
2022-01-08 15:40:43.391363636+00:00,2824.0,1.5,4.6,2.2416666666666663,170.0
2022-01-08 15:40:58.845909091+00:00,2824.0,1.2,4.6,2.2416666666666663,170.0
2022-01-08 15:41:14.300454545+00:00,2824.0,0.7,4.6,2.2416666666666663,170.0
2022-01-08 15:41:29.755000+00:00,2824.0,0.2,4.6,2.2416666666666663,170.0
2022-01-08 15:41:31.755000+00:00,2824.0,0.0,4.6,2.2416666666666663,170.0
2022-01-08 15:41:36.315000+00:00,2828.0,0.6,5.1,4.384210526315789,839.0
2022-01-08 15:42:22.926111111+00:00,2828.0,1.0,5.1,4.384210526315789,839.0
2022-01-08 15:43:09.537222222+00:00,2828.0,2.6,5.1,4.384210526315789,839.0
2022-01-08 15:43:56.148333333+00:00,2828.0,5.1,5.1,4.384210526315789,839.0
2022-01-08 15:44:42.759444444+00:00,2828.0,5.1,5.1,4.384210526315789,839.0
2022-01-08 15:45:29.370555556+00:00,2828.0,5.1,5.1,4.384210526315789,839.0
2022-01-08 15:46:15.981666667+00:00,2828.0,5.1,5.1,4.384210526315789,839.0
2022-01-08 15:47:02.592777778+00:00,2828.0,5.1,5.1,4.384210526315789,839.0
2022-01-08 15:47:49.203888889+00:00,2828.0,5.1,5.1,4.384210526315789,839.0
2022-01-08 15:48:35.815000+00:00,2828.0,5.1,5.1,4.384210526315789,839.0
2022-01-08 15:49:22.426111111+00:00,2828.0,5.1,5.1,4.384210526315789,839.0
2022-01-08 15:50:09.037222222+00:00,2828.0,5.1,5.1,4.384210526315789,839.0
2022-01-08 15:50:55.648333333+00:00,2828.0,5.1,5.1,4.384210526315789,839.0
2022-01-08 15:51:42.259444444+00:00,2828.0,5.1,5.1,4.384210526315789,839.0
2022-01-08 15:52:28.870555556+00:00,2828.0,5.1,5.1,4.384210526315789,839.0
2022-01-08 15:53:15.481666667+00:00,2828.0,5.1,5.1,4.384210526315789,839.0
2022-01-08 15:54:02.092777778+00:00,2828.0,5.1,5.1,4.384210526315789,839.0
2022-01-08 15:54:48.703888889+00:00,2828.0,5.1,5.1,4.384210526315789,839.0
2022-01-08 15:55:35.315000+00:00,2828.0,2.6,5.1,4.384210526315789,839.0
2022-01-08 15:55:37.315000+00:00,2828.0,0.0,5.1,4.384210526315789,839.0
2022-01-08 15:56:39.315000+00:00,2825.0,2.5,5.1,3.9,957.0
2022-01-08 15:57:43.115000+00:00,2825.0,2.8,5.1,3.9,957.0
2022-01-08 15:58:46.915000+00:00,2825.0,2.7,5.1,3.9,957.0
2022-01-08 15:59:50.715000+00:00,2825.0,2.5,5.1,3.9,957.0
2022-01-08 16:00:54.515000+00:00,2825.0,2.8,5.1,3.9,957.0
2022-01-08 16:01:58.315000+00:00,2825.0,2.7,5.1,3.9,957.0
2022-01-08 16:03:02.115000+00:00,2825.0,2.2,5.1,3.9,957.0
2022-01-08 16:04:05.915000+00:00,2825.0,5.0,5.1,3.9,957.0
2022-01-08 16:05:09.715000+00:00,2825.0,5.1,5.1,3.9,957.0
2022-01-08 16:06:13.515000+00:00,2825.0,5.1,5.1,3.9,957.0
2022-01-08 16:07:17.315000+00:00,2825.0,5.1,5.1,3.9,957.0
2022-01-08 16:08:21.115000+00:00,2825.0,5.1,5.1,3.9,957.0
2022-01-08 16:09:24.915000+00:00,2825.0,5.1,5.1,3.9,957.0
2022-01-08 16:10:28.715000+00:00,2825.0,5.1,5.1,3.9,957.0
2022-01-08 16:11:32.515000+00:00,2825.0,5.1,5.1,3.9,957.0
2022-01-08 16:12:36.315000+00:00,2825.0,3.5,5.1,3.9,957.0
2022-01-08 16:12:38.315000+00:00,2825.0,0.0,5.1,3.9,957.0
2022-01-08 16:13:24.315000+00:00,2825.0,2.3,5.2,4.905882352941177,1014.0
2022-01-08 16:14:27.690000+00:00,2825.0,5.1,5.2,4.905882352941177,1014.0
2022-01-08 16:15:31.065000+00:00,2825.0,5.2,5.2,4.905882352941177,1014.0
2022-01-08 16:16:34.440000+00:00,2825.0,5.2,5.2,4.905882352941177,1014.0
2022-01-08 16:17:37.815000+00:00,2825.0,5.2,5.2,4.905882352941177,1014.0
2022-01-08 16:18:41.190000+00:00,2825.0,5.2,5.2,4.905882352941177,1014.0
2022-01-08 16:19:44.565000+00:00,2825.0,5.2,5.2,4.905882352941177,1014.0
2022-01-08 16:20:47.940000+00:00,2825.0,5.2,5.2,4.905882352941177,1014.0
2022-01-08 16:21:51.315000+00:00,2825.0,5.2,5.2,4.905882352941177,1014.0
2022-01-08 16:22:54.690000+00:00,2825.0,5.2,5.2,4.905882352941177,1014.0
2022-01-08 16:23:58.065000+00:00,2825.0,5.2,5.2,4.905882352941177,1014.0
2022-01-08 16:25:01.440000+00:00,2825.0,5.2,5.2,4.905882352941177,1014.0
2022-01-08 16:26:04.815000+00:00,2825.0,5.2,5.2,4.905882352941177,1014.0
2022-01-08 16:27:08.190000+00:00,2825.0,5.2,5.2,4.905882352941177,1014.0
2022-01-08 16:28:11.565000+00:00,2825.0,5.2,5.2,4.905882352941177,1014.0
2022-01-08 16:29:14.940000+00:00,2825.0,5.2,5.2,4.905882352941177,1014.0
2022-01-08 16:30:18.315000+00:00,2825.0,3.2,5.2,4.905882352941177,1014.0
2022-01-08 16:30:20.315000+00:00,2825.0,0.0,5.2,4.905882352941177,1014.0
2022-01-08 16:31:16.314000+00:00,2819.0,3.8,5.1,4.866666666666666,1059.0
2022-01-08 16:32:18.608117647+00:00,2819.0,5.1,5.1,4.866666666666666,1059.0
2022-01-08 16:33:20.902235294+00:00,2819.0,5.1,5.1,4.866666666666666,1059.0
2022-01-08 16:34:23.196352941+00:00,2819.0,5.1,5.1,4.866666666666666,1059.0
2022-01-08 16:35:25.490470588+00:00,2819.0,5.1,5.1,4.866666666666666,1059.0
2022-01-08 16:36:27.784588235+00:00,2819.0,5.1,5.1,4.866666666666666,1059.0
2022-01-08 16:37:30.078705882+00:00,2819.0,5.1,5.1,4.866666666666666,1059.0
2022-01-08 16:38:32.372823529+00:00,2819.0,5.1,5.1,4.866666666666666,1059.0
2022-01-08 16:39:34.666941176+00:00,2819.0,5.1,5.1,4.866666666666666,1059.0
2022-01-08 16:40:36.961058824+00:00,2819.0,5.1,5.1,4.866666666666666,1059.0
2022-01-08 16:41:39.255176471+00:00,2819.0,5.1,5.1,4.866666666666666,1059.0
2022-01-08 16:42:41.549294118+00:00,2819.0,5.1,5.1,4.866666666666666,1059.0
2022-01-08 16:43:43.843411765+00:00,2819.0,5.1,5.1,4.866666666666666,1059.0
2022-01-08 16:44:46.137529412+00:00,2819.0,5.1,5.1,4.866666666666666,1059.0
2022-01-08 16:45:48.431647059+00:00,2819.0,5.1,5.1,4.866666666666666,1059.0
2022-01-08 16:46:50.725764706+00:00,2819.0,5.1,5.1,4.866666666666666,1059.0
2022-01-08 16:47:53.019882353+00:00,2819.0,5.1,5.1,4.866666666666666,1059.0
2022-01-08 16:48:55.314000+00:00,2819.0,2.2,5.1,4.866666666666666,1059.0
2022-01-08 16:48:57.314000+00:00,2819.0,0.0,5.1,4.866666666666666,1059.0
2022-01-08 16:50:04.314000+00:00,2815.0,1.6,5.1,4.552941176470589,979.0
2022-01-08 16:51:05.501500+00:00,2815.0,4.0,5.1,4.552941176470589,979.0
2022-01-08 16:52:06.689000+00:00,2815.0,5.0,5.1,4.552941176470589,979.0
2022-01-08 16:53:07.876500+00:00,2815.0,5.1,5.1,4.552941176470589,979.0
2022-01-08 16:54:09.064000+00:00,2815.0,5.0,5.1,4.552941176470589,979.0
2022-01-08 16:55:10.251500+00:00,2815.0,5.1,5.1,4.552941176470589,979.0
2022-01-08 16:56:11.439000+00:00,2815.0,5.1,5.1,4.552941176470589,979.0
2022-01-08 16:57:12.626500+00:00,2815.0,5.0,5.1,4.552941176470589,979.0
2022-01-08 16:58:13.814000+00:00,2815.0,5.1,5.1,4.552941176470589,979.0
2022-01-08 16:59:15.001500+00:00,2815.0,5.1,5.1,4.552941176470589,979.0
2022-01-08 17:00:16.189000+00:00,2815.0,5.1,5.1,4.552941176470589,979.0
2022-01-08 17:01:17.376500+00:00,2815.0,5.1,5.1,4.552941176470589,979.0
2022-01-08 17:02:18.564000+00:00,2815.0,5.1,5.1,4.552941176470589,979.0
2022-01-08 17:03:19.751500+00:00,2815.0,5.1,5.1,4.552941176470589,979.0
2022-01-08 17:04:20.939000+00:00,2815.0,5.1,5.1,4.552941176470589,979.0
2022-01-08 17:05:22.126500+00:00,2815.0,4.9,5.1,4.552941176470589,979.0
2022-01-08 17:06:23.314000+00:00,2815.0,0.9,5.1,4.552941176470589,979.0
2022-01-08 17:06:25.314000+00:00,2815.0,0.0,5.1,4.552941176470589,979.0
2022-01-08 17:07:39.314000+00:00,2813.0,3.9,5.1,4.816666666666666,1049.0
2022-01-08 17:08:41.019882353+00:00,2813.0,5.0,5.1,4.816666666666666,1049.0
2022-01-08 17:09:42.725764706+00:00,2813.0,5.0,5.1,4.816666666666666,1049.0
2022-01-08 17:10:44.431647059+00:00,2813.0,5.0,5.1,4.816666666666666,1049.0
2022-01-08 17:11:46.137529412+00:00,2813.0,5.0,5.1,4.816666666666666,1049.0
2022-01-08 17:12:47.843411765+00:00,2813.0,5.1,5.1,4.816666666666666,1049.0
2022-01-08 17:13:49.549294118+00:00,2813.0,5.0,5.1,4.816666666666666,1049.0
2022-01-08 17:14:51.255176471+00:00,2813.0,5.1,5.1,4.816666666666666,1049.0
2022-01-08 17:15:52.961058824+00:00,2813.0,5.0,5.1,4.816666666666666,1049.0
2022-01-08 17:16:54.666941176+00:00,2813.0,5.1,5.1,4.816666666666666,1049.0
2022-01-08 17:17:56.372823529+00:00,2813.0,5.1,5.1,4.816666666666666,1049.0
2022-01-08 17:18:58.078705882+00:00,2813.0,5.1,5.1,4.816666666666666,1049.0
2022-01-08 17:19:59.784588235+00:00,2813.0,5.1,5.1,4.816666666666666,1049.0
2022-01-08 17:21:01.490470588+00:00,2813.0,5.1,5.1,4.816666666666666,1049.0
2022-01-08 17:22:03.196352941+00:00,2813.0,5.1,5.1,4.816666666666666,1049.0
2022-01-08 17:23:04.902235294+00:00,2813.0,5.1,5.1,4.816666666666666,1049.0
2022-01-08 17:24:06.608117647+00:00,2813.0,5.0,5.1,4.816666666666666,1049.0
2022-01-08 17:25:08.314000+00:00,2813.0,1.9,5.1,4.816666666666666,1049.0
2022-01-08 17:25:10.314000+00:00,2813.0,0.0,5.1,4.816666666666666,1049.0
2022-01-08 17:26:00.314000+00:00,2811.0,1.5,5.1,4.636842105263158,846.0
2022-01-08 17:26:47.314000+00:00,2811.0,3.9,5.1,4.636842105263158,846.0
2022-01-08 17:27:34.314000+00:00,2811.0,5.0,5.1,4.636842105263158,846.0
2022-01-08 17:28:21.314000+00:00,2811.0,5.0,5.1,4.636842105263158,846.0
2022-01-08 17:29:08.314000+00:00,2811.0,5.0,5.1,4.636842105263158,846.0
2022-01-08 17:29:55.314000+00:00,2811.0,5.0,5.1,4.636842105263158,846.0
2022-01-08 17:30:42.314000+00:00,2811.0,5.0,5.1,4.636842105263158,846.0
2022-01-08 17:31:29.314000+00:00,2811.0,5.0,5.1,4.636842105263158,846.0
2022-01-08 17:32:16.314000+00:00,2811.0,5.1,5.1,4.636842105263158,846.0
2022-01-08 17:33:03.314000+00:00,2811.0,5.1,5.1,4.636842105263158,846.0
2022-01-08 17:33:50.314000+00:00,2811.0,5.0,5.1,4.636842105263158,846.0
2022-01-08 17:34:37.314000+00:00,2811.0,5.1,5.1,4.636842105263158,846.0
2022-01-08 17:35:24.314000+00:00,2811.0,5.1,5.1,4.636842105263158,846.0
2022-01-08 17:36:11.314000+00:00,2811.0,5.1,5.1,4.636842105263158,846.0
2022-01-08 17:36:58.314000+00:00,2811.0,5.1,5.1,4.636842105263158,846.0
2022-01-08 17:37:45.314000+00:00,2811.0,5.1,5.1,4.636842105263158,846.0
2022-01-08 17:38:32.314000+00:00,2811.0,5.1,5.1,4.636842105263158,846.0
2022-01-08 17:39:19.314000+00:00,2811.0,5.0,5.1,4.636842105263158,846.0
2022-01-08 17:40:06.314000+00:00,2811.0,1.9,5.1,4.636842105263158,846.0
2022-01-08 17:40:08.314000+00:00,2811.0,0.0,5.1,4.636842105263158,846.0
2022-01-08 17:40:59.313000+00:00,2809.0,2.0,5.0,4.58235294117647,986.0
2022-01-08 17:42:00.938000+00:00,2809.0,4.7,5.0,4.58235294117647,986.0
2022-01-08 17:43:02.563000+00:00,2809.0,5.0,5.0,4.58235294117647,986.0
2022-01-08 17:44:04.188000+00:00,2809.0,5.0,5.0,4.58235294117647,986.0
2022-01-08 17:45:05.813000+00:00,2809.0,5.0,5.0,4.58235294117647,986.0
2022-01-08 17:46:07.438000+00:00,2809.0,5.0,5.0,4.58235294117647,986.0
2022-01-08 17:47:09.063000+00:00,2809.0,5.0,5.0,4.58235294117647,986.0
2022-01-08 17:48:10.688000+00:00,2809.0,5.0,5.0,4.58235294117647,986.0
2022-01-08 17:49:12.313000+00:00,2809.0,5.0,5.0,4.58235294117647,986.0
2022-01-08 17:50:13.938000+00:00,2809.0,5.0,5.0,4.58235294117647,986.0
2022-01-08 17:51:15.563000+00:00,2809.0,5.0,5.0,4.58235294117647,986.0
2022-01-08 17:52:17.188000+00:00,2809.0,5.0,5.0,4.58235294117647,986.0
2022-01-08 17:53:18.813000+00:00,2809.0,5.0,5.0,4.58235294117647,986.0
2022-01-08 17:54:20.438000+00:00,2809.0,5.0,5.0,4.58235294117647,986.0
2022-01-08 17:55:22.063000+00:00,2809.0,5.0,5.0,4.58235294117647,986.0
2022-01-08 17:56:23.688000+00:00,2809.0,4.9,5.0,4.58235294117647,986.0
2022-01-08 17:57:25.313000+00:00,2809.0,1.3,5.0,4.58235294117647,986.0
2022-01-08 17:57:27.313000+00:00,2809.0,0.0,5.0,4.58235294117647,986.0
2022-01-08 17:58:26.752000+00:00,2801.0,1.6,5.0,4.535294117647059,749.0
2022-01-08 17:59:13.564500+00:00,2801.0,3.2,5.0,4.535294117647059,749.0
2022-01-08 18:00:00.377000+00:00,2801.0,5.0,5.0,4.535294117647059,749.0
2022-01-08 18:00:47.189500+00:00,2801.0,5.0,5.0,4.535294117647059,749.0
2022-01-08 18:01:34.002000+00:00,2801.0,5.0,5.0,4.535294117647059,749.0
2022-01-08 18:02:20.814500+00:00,2801.0,5.0,5.0,4.535294117647059,749.0
2022-01-08 18:03:07.627000+00:00,2801.0,5.0,5.0,4.535294117647059,749.0
2022-01-08 18:03:54.439500+00:00,2801.0,5.0,5.0,4.535294117647059,749.0
2022-01-08 18:04:41.252000+00:00,2801.0,5.0,5.0,4.535294117647059,749.0
2022-01-08 18:05:28.064500+00:00,2801.0,5.0,5.0,4.535294117647059,749.0
2022-01-08 18:06:14.877000+00:00,2801.0,5.0,5.0,4.535294117647059,749.0
2022-01-08 18:07:01.689500+00:00,2801.0,5.0,5.0,4.535294117647059,749.0
2022-01-08 18:07:48.502000+00:00,2801.0,5.0,5.0,4.535294117647059,749.0
2022-01-08 18:08:35.314500+00:00,2801.0,5.0,5.0,4.535294117647059,749.0
2022-01-08 18:09:22.127000+00:00,2801.0,5.0,5.0,4.535294117647059,749.0
2022-01-08 18:10:08.939500+00:00,2801.0,5.0,5.0,4.535294117647059,749.0
2022-01-08 18:10:55.752000+00:00,2801.0,2.3,5.0,4.535294117647059,749.0
2022-01-08 18:10:57.752000+00:00,2801.0,0.0,5.0,4.535294117647059,749.0
2022-01-08 18:15:52.313000+00:00,2795.0,0.4,0.5,0.3571428571428571,91.0
2022-01-08 18:16:07.479666667+00:00,2795.0,0.5,0.5,0.3571428571428571,91.0
2022-01-08 18:16:22.646333333+00:00,2795.0,0.5,0.5,0.3571428571428571,91.0
2022-01-08 18:16:37.813000+00:00,2795.0,0.5,0.5,0.3571428571428571,91.0
2022-01-08 18:16:52.979666667+00:00,2795.0,0.3,0.5,0.3571428571428571,91.0
2022-01-08 18:17:08.146333333+00:00,2795.0,0.2,0.5,0.3571428571428571,91.0
2022-01-08 18:17:23.313000+00:00,2795.0,0.1,0.5,0.3571428571428571,91.0
2022-01-08 18:17:25.313000+00:00,2795.0,0.0,0.5,0.3571428571428571,91.0
2022-01-08 18:17:30.313000+00:00,2795.0,0.3,0.5,0.3272727272727272,159.0
2022-01-08 18:17:46.213000+00:00,2795.0,0.3,0.5,0.3272727272727272,159.0
2022-01-08 18:18:02.113000+00:00,2795.0,0.3,0.5,0.3272727272727272,159.0
2022-01-08 18:18:18.013000+00:00,2795.0,0.4,0.5,0.3272727272727272,159.0
2022-01-08 18:18:33.913000+00:00,2795.0,0.4,0.5,0.3272727272727272,159.0
2022-01-08 18:18:49.813000+00:00,2795.0,0.3,0.5,0.3272727272727272,159.0
2022-01-08 18:19:05.713000+00:00,2795.0,0.2,0.5,0.3272727272727272,159.0
2022-01-08 18:19:21.613000+00:00,2795.0,0.3,0.5,0.3272727272727272,159.0
2022-01-08 18:19:37.513000+00:00,2795.0,0.3,0.5,0.3272727272727272,159.0
2022-01-08 18:19:53.413000+00:00,2795.0,0.5,0.5,0.3272727272727272,159.0
2022-01-08 18:20:09.313000+00:00,2795.0,0.3,0.5,0.3272727272727272,159.0
2022-01-08 18:20:11.313000+00:00,2795.0,0.0,0.5,0.3272727272727272,159.0
2022-01-08 18:20:16.313000+00:00,2795.0,0.5,0.6,0.4125,108.0
2022-01-08 18:20:31.741571429+00:00,2795.0,0.5,0.6,0.4125,108.0
2022-01-08 18:20:47.170142857+00:00,2795.0,0.6,0.6,0.4125,108.0
2022-01-08 18:21:02.598714286+00:00,2795.0,0.5,0.6,0.4125,108.0
2022-01-08 18:21:18.027285714+00:00,2795.0,0.4,0.6,0.4125,108.0
2022-01-08 18:21:33.455857143+00:00,2795.0,0.5,0.6,0.4125,108.0
2022-01-08 18:21:48.884428571+00:00,2795.0,0.2,0.6,0.4125,108.0
2022-01-08 18:22:04.313000+00:00,2795.0,0.1,0.6,0.4125,108.0
2022-01-08 18:22:06.313000+00:00,2795.0,0.0,0.6,0.4125,108.0
2022-01-08 18:22:15.752000+00:00,2795.0,0.3,0.5,0.36,72.0
2022-01-08 18:22:33.752000+00:00,2795.0,0.3,0.5,0.36,72.0
2022-01-08 18:22:51.752000+00:00,2795.0,0.4,0.5,0.36,72.0
2022-01-08 18:23:09.752000+00:00,2795.0,0.5,0.5,0.36,72.0
2022-01-08 18:23:27.752000+00:00,2795.0,0.3,0.5,0.36,72.0
2022-01-08 18:23:29.752000+00:00,2795.0,0.0,0.5,0.36,72.0
2022-01-08 18:23:35.752000+00:00,2795.0,0.3,0.6,0.375,48.0
2022-01-08 18:23:51.752000+00:00,2795.0,0.5,0.6,0.375,48.0
2022-01-08 18:24:07.752000+00:00,2795.0,0.6,0.6,0.375,48.0
2022-01-08 18:24:23.752000+00:00,2795.0,0.1,0.6,0.375,48.0
2022-01-08 18:24:25.752000+00:00,2795.0,0.0,0.6,0.375,48.0
2022-01-08 18:24:30.313000+00:00,2794.0,1.2,1.4,0.6500000000000001,210.0
2022-01-08 18:24:45.313000+00:00,2794.0,1.4,1.4,0.6500000000000001,210.0
2022-01-08 18:25:00.313000+00:00,2794.0,1.1,1.4,0.6500000000000001,210.0
2022-01-08 18:25:15.313000+00:00,2794.0,0.6,1.4,0.6500000000000001,210.0
2022-01-08 18:25:30.313000+00:00,2794.0,0.5,1.4,0.6500000000000001,210.0
2022-01-08 18:25:45.313000+00:00,2794.0,0.6,1.4,0.6500000000000001,210.0
2022-01-08 18:26:00.313000+00:00,2794.0,0.6,1.4,0.6500000000000001,210.0
2022-01-08 18:26:15.313000+00:00,2794.0,0.3,1.4,0.6500000000000001,210.0
2022-01-08 18:26:30.313000+00:00,2794.0,0.5,1.4,0.6500000000000001,210.0
2022-01-08 18:26:45.313000+00:00,2794.0,0.4,1.4,0.6500000000000001,210.0
2022-01-08 18:27:00.313000+00:00,2794.0,0.5,1.4,0.6500000000000001,210.0
2022-01-08 18:27:15.313000+00:00,2794.0,0.6,1.4,0.6500000000000001,210.0
2022-01-08 18:27:30.313000+00:00,2794.0,0.5,1.4,0.6500000000000001,210.0
2022-01-08 18:27:45.313000+00:00,2794.0,0.3,1.4,0.6500000000000001,210.0
2022-01-08 18:28:00.313000+00:00,2794.0,0.0,1.4,0.6500000000000001,210.0
2022-01-08 18:28:02.313000+00:00,2794.0,0.0,1.4,0.6500000000000001,210.0
2022-01-08 18:28:07.313000+00:00,2793.0,0.7,0.8,0.6,101.0
2022-01-08 18:28:24.146333333+00:00,2793.0,0.8,0.8,0.6,101.0
2022-01-08 18:28:40.979666667+00:00,2793.0,0.8,0.8,0.6,101.0
2022-01-08 18:28:57.813000+00:00,2793.0,0.6,0.8,0.6,101.0
2022-01-08 18:29:14.646333333+00:00,2793.0,0.5,0.8,0.6,101.0
2022-01-08 18:29:31.479666667+00:00,2793.0,0.6,0.8,0.6,101.0
2022-01-08 18:29:48.313000+00:00,2793.0,0.2,0.8,0.6,101.0
2022-01-08 18:29:50.313000+00:00,2793.0,0.0,0.8,0.6,101.0
2022-01-08 18:32:07.752000+00:00,2792.0,0.7,0.7,0.5166666666666666,81.0
2022-01-08 18:32:23.952000+00:00,2792.0,0.7,0.7,0.5166666666666666,81.0
2022-01-08 18:32:40.152000+00:00,2792.0,0.7,0.7,0.5166666666666666,81.0
2022-01-08 18:32:56.352000+00:00,2792.0,0.5,0.7,0.5166666666666666,81.0
2022-01-08 18:33:12.552000+00:00,2792.0,0.3,0.7,0.5166666666666666,81.0
2022-01-08 18:33:28.752000+00:00,2792.0,0.2,0.7,0.5166666666666666,81.0
2022-01-08 18:33:30.752000+00:00,2792.0,0.0,0.7,0.5166666666666666,81.0
2022-01-08 18:34:03.312000+00:00,2792.0,0.2,0.5,0.3,55.0
2022-01-08 18:34:21.645333333+00:00,2792.0,0.5,0.5,0.3,55.0
2022-01-08 18:34:39.978666667+00:00,2792.0,0.4,0.5,0.3,55.0
2022-01-08 18:34:58.312000+00:00,2792.0,0.1,0.5,0.3,55.0
2022-01-08 18:35:00.312000+00:00,2792.0,0.0,0.5,0.3,55.0
2022-01-08 18:35:16.752000+00:00,2792.0,0.2,0.2,0.15,26.0
2022-01-08 18:35:42.752000+00:00,2792.0,0.1,0.2,0.15,26.0
2022-01-08 18:35:44.752000+00:00,2792.0,0.0,0.2,0.15,26.0
2022-01-08 18:44:16.751000+00:00,2790.0,0.2,0.2,0.2,3.0
2022-01-08 18:44:18.751000+00:00,2790.0,0.0,0.2,0.2,3.0
2022-01-08 18:44:23.751000+00:00,2791.0,0.5,0.5,0.3999999999999999,103.0
2022-01-08 18:44:40.917666667+00:00,2791.0,0.5,0.5,0.3999999999999999,103.0
2022-01-08 18:44:58.084333333+00:00,2791.0,0.4,0.5,0.3999999999999999,103.0
2022-01-08 18:45:15.251000+00:00,2791.0,0.5,0.5,0.3999999999999999,103.0
2022-01-08 18:45:32.417666667+00:00,2791.0,0.4,0.5,0.3999999999999999,103.0
2022-01-08 18:45:49.584333333+00:00,2791.0,0.4,0.5,0.3999999999999999,103.0
2022-01-08 18:46:06.751000+00:00,2791.0,0.1,0.5,0.3999999999999999,103.0
2022-01-08 18:46:08.751000+00:00,2791.0,0.0,0.5,0.3999999999999999,103.0
2022-01-08 18:47:53.751000+00:00,2790.0,0.5,0.6,0.4600000000000001,63.0
2022-01-08 18:48:09.501000+00:00,2790.0,0.6,0.6,0.4600000000000001,63.0
2022-01-08 18:48:25.251000+00:00,2790.0,0.6,0.6,0.4600000000000001,63.0
2022-01-08 18:48:41.001000+00:00,2790.0,0.5,0.6,0.4600000000000001,63.0
2022-01-08 18:48:56.751000+00:00,2790.0,0.1,0.6,0.4600000000000001,63.0
2022-01-08 18:48:58.751000+00:00,2790.0,0.0,0.6,0.4600000000000001,63.0
2022-01-08 18:49:03.312000+00:00,2789.0,1.1,5.0,4.523529411764706,749.0
2022-01-08 18:49:50.124500+00:00,2789.0,3.9,5.0,4.523529411764706,749.0
2022-01-08 18:50:36.937000+00:00,2789.0,5.0,5.0,4.523529411764706,749.0
2022-01-08 18:51:23.749500+00:00,2789.0,5.0,5.0,4.523529411764706,749.0
2022-01-08 18:52:10.562000+00:00,2789.0,5.0,5.0,4.523529411764706,749.0
2022-01-08 18:52:57.374500+00:00,2789.0,5.0,5.0,4.523529411764706,749.0
2022-01-08 18:53:44.187000+00:00,2789.0,5.0,5.0,4.523529411764706,749.0
2022-01-08 18:54:30.999500+00:00,2789.0,5.0,5.0,4.523529411764706,749.0
2022-01-08 18:55:17.812000+00:00,2789.0,5.0,5.0,4.523529411764706,749.0
2022-01-08 18:56:04.624500+00:00,2789.0,5.0,5.0,4.523529411764706,749.0
2022-01-08 18:56:51.437000+00:00,2789.0,5.0,5.0,4.523529411764706,749.0
2022-01-08 18:57:38.249500+00:00,2789.0,5.0,5.0,4.523529411764706,749.0
2022-01-08 18:58:25.062000+00:00,2789.0,5.0,5.0,4.523529411764706,749.0
2022-01-08 18:59:11.874500+00:00,2789.0,5.0,5.0,4.523529411764706,749.0
2022-01-08 18:59:58.687000+00:00,2789.0,5.0,5.0,4.523529411764706,749.0
2022-01-08 19:00:45.499500+00:00,2789.0,5.0,5.0,4.523529411764706,749.0
2022-01-08 19:01:32.312000+00:00,2789.0,1.9,5.0,4.523529411764706,749.0
2022-01-08 19:01:34.312000+00:00,2789.0,0.0,5.0,4.523529411764706,749.0
2022-01-08 19:06:37.751000+00:00,2775.0,0.5,0.8,0.55,143.0
2022-01-08 19:06:53.639888889+00:00,2775.0,0.5,0.8,0.55,143.0
2022-01-08 19:07:09.528777778+00:00,2775.0,0.6,0.8,0.55,143.0
2022-01-08 19:07:25.417666667+00:00,2775.0,0.7,0.8,0.55,143.0
2022-01-08 19:07:41.306555556+00:00,2775.0,0.8,0.8,0.55,143.0
2022-01-08 19:07:57.195444444+00:00,2775.0,0.8,0.8,0.55,143.0
2022-01-08 19:08:13.084333333+00:00,2775.0,0.6,0.8,0.55,143.0
2022-01-08 19:08:28.973222222+00:00,2775.0,0.5,0.8,0.55,143.0
2022-01-08 19:08:44.862111111+00:00,2775.0,0.4,0.8,0.55,143.0
2022-01-08 19:09:00.751000+00:00,2775.0,0.1,0.8,0.55,143.0
2022-01-08 19:09:02.751000+00:00,2775.0,0.0,0.8,0.55,143.0
2022-01-08 19:09:39.312000+00:00,2776.0,0.5,1.0,0.65,118.0
2022-01-08 19:09:56.169142857+00:00,2776.0,1.0,1.0,0.65,118.0
2022-01-08 19:10:13.026285714+00:00,2776.0,0.7,1.0,0.65,118.0
2022-01-08 19:10:29.883428571+00:00,2776.0,0.4,1.0,0.65,118.0
2022-01-08 19:10:46.740571429+00:00,2776.0,0.9,1.0,0.65,118.0
2022-01-08 19:11:03.597714286+00:00,2776.0,0.9,1.0,0.65,118.0
2022-01-08 19:11:20.454857143+00:00,2776.0,0.5,1.0,0.65,118.0
2022-01-08 19:11:37.312000+00:00,2776.0,0.3,1.0,0.65,118.0
2022-01-08 19:11:39.312000+00:00,2776.0,0.0,1.0,0.65,118.0
2022-01-08 19:14:00.312000+00:00,2776.0,0.2,0.6,0.36,73.0
2022-01-08 19:14:18.562000+00:00,2776.0,0.3,0.6,0.36,73.0
2022-01-08 19:14:36.812000+00:00,2776.0,0.5,0.6,0.36,73.0
2022-01-08 19:14:55.062000+00:00,2776.0,0.6,0.6,0.36,73.0
2022-01-08 19:15:13.312000+00:00,2776.0,0.2,0.6,0.36,73.0
2022-01-08 19:15:15.312000+00:00,2776.0,0.0,0.6,0.36,73.0
2022-01-08 19:15:20.311000+00:00,2776.0,0.7,1.0,0.6888888888888889,135.0
2022-01-08 19:15:35.311000+00:00,2776.0,0.7,1.0,0.6888888888888889,135.0
2022-01-08 19:15:50.311000+00:00,2776.0,0.5,1.0,0.6888888888888889,135.0
2022-01-08 19:16:05.311000+00:00,2776.0,1.0,1.0,0.6888888888888889,135.0
2022-01-08 19:16:20.311000+00:00,2776.0,0.7,1.0,0.6888888888888889,135.0
2022-01-08 19:16:35.311000+00:00,2776.0,0.7,1.0,0.6888888888888889,135.0
2022-01-08 19:16:50.311000+00:00,2776.0,0.9,1.0,0.6888888888888889,135.0
2022-01-08 19:17:05.311000+00:00,2776.0,0.7,1.0,0.6888888888888889,135.0
2022-01-08 19:17:20.311000+00:00,2776.0,0.3,1.0,0.6888888888888889,135.0
2022-01-08 19:17:35.311000+00:00,2776.0,0.0,1.0,0.6888888888888889,135.0
2022-01-08 19:17:37.311000+00:00,2776.0,0.0,1.0,0.6888888888888889,135.0
2022-01-08 19:17:43.311000+00:00,2776.0,0.3,0.5,0.35,59.0
2022-01-08 19:18:02.977666667+00:00,2776.0,0.4,0.5,0.35,59.0
2022-01-08 19:18:22.644333333+00:00,2776.0,0.5,0.5,0.35,59.0
2022-01-08 19:18:42.311000+00:00,2776.0,0.2,0.5,0.35,59.0
2022-01-08 19:18:44.311000+00:00,2776.0,0.0,0.5,0.35,59.0
2022-01-08 19:22:52.751000+00:00,2774.0,0.6,0.9,0.7166666666666667,80.0
2022-01-08 19:23:08.751000+00:00,2774.0,0.9,0.9,0.7166666666666667,80.0
2022-01-08 19:23:24.751000+00:00,2774.0,0.9,0.9,0.7166666666666667,80.0
2022-01-08 19:23:40.751000+00:00,2774.0,0.9,0.9,0.7166666666666667,80.0
2022-01-08 19:23:56.751000+00:00,2774.0,0.8,0.9,0.7166666666666667,80.0
2022-01-08 19:24:12.751000+00:00,2774.0,0.2,0.9,0.7166666666666667,80.0
2022-01-08 19:24:14.751000+00:00,2774.0,0.0,0.9,0.7166666666666667,80.0
2022-01-08 19:24:21.311000+00:00,2774.0,0.4,0.6,0.4416666666666667,170.0
2022-01-08 19:24:36.765545455+00:00,2774.0,0.5,0.6,0.4416666666666667,170.0
2022-01-08 19:24:52.220090909+00:00,2774.0,0.5,0.6,0.4416666666666667,170.0
2022-01-08 19:25:07.674636364+00:00,2774.0,0.4,0.6,0.4416666666666667,170.0
2022-01-08 19:25:23.129181818+00:00,2774.0,0.4,0.6,0.4416666666666667,170.0
2022-01-08 19:25:38.583727273+00:00,2774.0,0.4,0.6,0.4416666666666667,170.0
2022-01-08 19:25:54.038272727+00:00,2774.0,0.6,0.6,0.4416666666666667,170.0
2022-01-08 19:26:09.492818182+00:00,2774.0,0.5,0.6,0.4416666666666667,170.0
2022-01-08 19:26:24.947363636+00:00,2774.0,0.5,0.6,0.4416666666666667,170.0
2022-01-08 19:26:40.401909091+00:00,2774.0,0.5,0.6,0.4416666666666667,170.0
2022-01-08 19:26:55.856454545+00:00,2774.0,0.4,0.6,0.4416666666666667,170.0
2022-01-08 19:27:11.311000+00:00,2774.0,0.2,0.6,0.4416666666666667,170.0
2022-01-08 19:27:13.311000+00:00,2774.0,0.0,0.6,0.4416666666666667,170.0
2022-01-08 19:27:22.750000+00:00,2773.0,1.2,2.7,2.15625,467.0
2022-01-08 19:27:53.883333333+00:00,2773.0,1.9,2.7,2.15625,467.0
2022-01-08 19:28:25.016666667+00:00,2773.0,2.0,2.7,2.15625,467.0
2022-01-08 19:28:56.150000+00:00,2773.0,1.7,2.7,2.15625,467.0
2022-01-08 19:29:27.283333332+00:00,2773.0,2.2,2.7,2.15625,467.0
2022-01-08 19:29:58.416666667+00:00,2773.0,2.3,2.7,2.15625,467.0
2022-01-08 19:30:29.550000+00:00,2773.0,1.7,2.7,2.15625,467.0
2022-01-08 19:31:00.683333333+00:00,2773.0,2.3,2.7,2.15625,467.0
2022-01-08 19:31:31.816666667+00:00,2773.0,2.7,2.7,2.15625,467.0
2022-01-08 19:32:02.950000+00:00,2773.0,2.7,2.7,2.15625,467.0
2022-01-08 19:32:34.083333333+00:00,2773.0,2.6,2.7,2.15625,467.0
2022-01-08 19:33:05.216666667+00:00,2773.0,2.6,2.7,2.15625,467.0
2022-01-08 19:33:36.350000+00:00,2773.0,2.6,2.7,2.15625,467.0
2022-01-08 19:34:07.483333333+00:00,2773.0,2.6,2.7,2.15625,467.0
2022-01-08 19:34:38.616666667+00:00,2773.0,2.6,2.7,2.15625,467.0
2022-01-08 19:35:09.750000+00:00,2773.0,0.8,2.7,2.15625,467.0
2022-01-08 19:35:11.750000+00:00,2773.0,0.0,2.7,2.15625,467.0
2022-01-08 19:36:14.750000+00:00,2766.0,1.8,5.0,4.566666666666666,799.0
2022-01-08 19:37:01.750000+00:00,2766.0,4.0,5.0,4.566666666666666,799.0
2022-01-08 19:37:48.750000+00:00,2766.0,4.9,5.0,4.566666666666666,799.0
2022-01-08 19:38:35.750000+00:00,2766.0,5.0,5.0,4.566666666666666,799.0
2022-01-08 19:39:22.750000+00:00,2766.0,4.9,5.0,4.566666666666666,799.0
2022-01-08 19:40:09.750000+00:00,2766.0,5.0,5.0,4.566666666666666,799.0
2022-01-08 19:40:56.750000+00:00,2766.0,5.0,5.0,4.566666666666666,799.0
2022-01-08 19:41:43.750000+00:00,2766.0,5.0,5.0,4.566666666666666,799.0
2022-01-08 19:42:30.750000+00:00,2766.0,5.0,5.0,4.566666666666666,799.0
2022-01-08 19:43:17.750000+00:00,2766.0,5.0,5.0,4.566666666666666,799.0
2022-01-08 19:44:04.750000+00:00,2766.0,5.0,5.0,4.566666666666666,799.0
2022-01-08 19:44:51.750000+00:00,2766.0,5.0,5.0,4.566666666666666,799.0
2022-01-08 19:45:38.750000+00:00,2766.0,5.0,5.0,4.566666666666666,799.0
2022-01-08 19:46:25.750000+00:00,2766.0,5.0,5.0,4.566666666666666,799.0
2022-01-08 19:47:12.750000+00:00,2766.0,5.0,5.0,4.566666666666666,799.0
2022-01-08 19:47:59.750000+00:00,2766.0,5.0,5.0,4.566666666666666,799.0
2022-01-08 19:48:46.750000+00:00,2766.0,5.0,5.0,4.566666666666666,799.0
2022-01-08 19:49:33.750000+00:00,2766.0,1.6,5.0,4.566666666666666,799.0
2022-01-08 19:49:35.750000+00:00,2766.0,0.0,5.0,4.566666666666666,799.0
2022-01-08 19:50:44.311000+00:00,2754.0,0.8,1.2,0.807142857142857,209.0
2022-01-08 19:51:00.387923077+00:00,2754.0,0.8,1.2,0.807142857142857,209.0
2022-01-08 19:51:16.464846154+00:00,2754.0,0.9,1.2,0.807142857142857,209.0
2022-01-08 19:51:32.541769231+00:00,2754.0,0.9,1.2,0.807142857142857,209.0
2022-01-08 19:51:48.618692308+00:00,2754.0,0.9,1.2,0.807142857142857,209.0
2022-01-08 19:52:04.695615385+00:00,2754.0,0.6,1.2,0.807142857142857,209.0
2022-01-08 19:52:20.772538462+00:00,2754.0,1.1,1.2,0.807142857142857,209.0
2022-01-08 19:52:36.849461538+00:00,2754.0,1.1,1.2,0.807142857142857,209.0
2022-01-08 19:52:52.926384615+00:00,2754.0,0.8,1.2,0.807142857142857,209.0
2022-01-08 19:53:09.003307692+00:00,2754.0,0.7,1.2,0.807142857142857,209.0
2022-01-08 19:53:25.080230769+00:00,2754.0,1.2,1.2,0.807142857142857,209.0
2022-01-08 19:53:41.157153846+00:00,2754.0,0.9,1.2,0.807142857142857,209.0
2022-01-08 19:53:57.234076923+00:00,2754.0,0.4,1.2,0.807142857142857,209.0
2022-01-08 19:54:13.311000+00:00,2754.0,0.2,1.2,0.807142857142857,209.0
2022-01-08 19:54:15.311000+00:00,2754.0,0.0,1.2,0.807142857142857,209.0
2022-01-08 19:54:20.311000+00:00,2756.0,0.4,1.4,0.85,212.0
2022-01-08 19:54:35.453857143+00:00,2756.0,0.4,1.4,0.85,212.0
2022-01-08 19:54:50.596714286+00:00,2756.0,0.4,1.4,0.85,212.0
2022-01-08 19:55:05.739571429+00:00,2756.0,0.5,1.4,0.85,212.0
2022-01-08 19:55:20.882428571+00:00,2756.0,0.5,1.4,0.85,212.0
2022-01-08 19:55:36.025285714+00:00,2756.0,0.6,1.4,0.85,212.0
2022-01-08 19:55:51.168142857+00:00,2756.0,1.1,1.4,0.85,212.0
2022-01-08 19:56:06.311000+00:00,2756.0,1.2,1.4,0.85,212.0
2022-01-08 19:56:21.453857143+00:00,2756.0,1.4,1.4,0.85,212.0
2022-01-08 19:56:36.596714286+00:00,2756.0,1.4,1.4,0.85,212.0
2022-01-08 19:56:51.739571429+00:00,2756.0,1.2,1.4,0.85,212.0
2022-01-08 19:57:06.882428571+00:00,2756.0,1.3,1.4,0.85,212.0
2022-01-08 19:57:22.025285714+00:00,2756.0,1.0,1.4,0.85,212.0
2022-01-08 19:57:37.168142857+00:00,2756.0,0.5,1.4,0.85,212.0
2022-01-08 19:57:52.311000+00:00,2756.0,0.0,1.4,0.85,212.0
2022-01-08 19:57:54.311000+00:00,2756.0,0.0,1.4,0.85,212.0
2022-01-08 19:57:59.750000+00:00,2758.0,0.5,0.6,0.45,55.0
2022-01-08 19:58:18.083333333+00:00,2758.0,0.6,0.6,0.45,55.0
2022-01-08 19:58:36.416666667+00:00,2758.0,0.5,0.6,0.45,55.0
2022-01-08 19:58:54.750000+00:00,2758.0,0.2,0.6,0.45,55.0
2022-01-08 19:58:56.750000+00:00,2758.0,0.0,0.6,0.45,55.0
2022-01-08 19:59:55.310000+00:00,2760.0,0.5,0.5,0.4399999999999999,74.0
2022-01-08 20:00:13.810000+00:00,2760.0,0.5,0.5,0.4399999999999999,74.0
2022-01-08 20:00:32.310000+00:00,2760.0,0.4,0.5,0.4399999999999999,74.0
2022-01-08 20:00:50.810000+00:00,2760.0,0.5,0.5,0.4399999999999999,74.0
2022-01-08 20:01:09.310000+00:00,2760.0,0.3,0.5,0.4399999999999999,74.0
2022-01-08 20:01:11.310000+00:00,2760.0,0.0,0.5,0.4399999999999999,74.0
2022-01-08 20:02:09.750000+00:00,2763.0,0.2,0.2,0.175,56.0
2022-01-08 20:02:28.416666667+00:00,2763.0,0.1,0.2,0.175,56.0
2022-01-08 20:02:47.083333333+00:00,2763.0,0.2,0.2,0.175,56.0
2022-01-08 20:03:05.750000+00:00,2763.0,0.2,0.2,0.175,56.0
2022-01-08 20:03:07.750000+00:00,2763.0,0.0,0.2,0.175,56.0
2022-01-08 20:03:18.750000+00:00,2764.0,0.2,0.6,0.3666666666666667,43.0
2022-01-08 20:03:40.250000+00:00,2764.0,0.6,0.6,0.3666666666666667,43.0
2022-01-08 20:04:01.750000+00:00,2764.0,0.3,0.6,0.3666666666666667,43.0
2022-01-08 20:04:03.750000+00:00,2764.0,0.0,0.6,0.3666666666666667,43.0
2022-01-08 20:04:08.310000+00:00,2765.0,0.5,1.1,0.6428571428571429,106.0
2022-01-08 20:04:23.452857143+00:00,2765.0,0.6,1.1,0.6428571428571429,106.0
2022-01-08 20:04:38.595714286+00:00,2765.0,0.8,1.1,0.6428571428571429,106.0
2022-01-08 20:04:53.738571429+00:00,2765.0,1.1,1.1,0.6428571428571429,106.0
2022-01-08 20:05:08.881428571+00:00,2765.0,0.9,1.1,0.6428571428571429,106.0
2022-01-08 20:05:24.024285714+00:00,2765.0,0.4,1.1,0.6428571428571429,106.0
2022-01-08 20:05:39.167142857+00:00,2765.0,0.2,1.1,0.6428571428571429,106.0
2022-01-08 20:05:54.310000+00:00,2765.0,0.0,1.1,0.6428571428571429,106.0
2022-01-08 20:05:56.310000+00:00,2765.0,0.0,1.1,0.6428571428571429,106.0
2022-01-08 20:06:57.311000+00:00,2766.0,0.4,0.4,0.25,20.0
2022-01-08 20:07:17.311000+00:00,2766.0,0.1,0.4,0.25,20.0
2022-01-08 20:07:19.311000+00:00,2766.0,0.0,0.4,0.25,20.0
2022-01-08 20:07:28.311000+00:00,2766.0,0.4,0.5,0.37,148.0
2022-01-08 20:07:44.755444444+00:00,2766.0,0.4,0.5,0.37,148.0
2022-01-08 20:08:01.199888889+00:00,2766.0,0.3,0.5,0.37,148.0
2022-01-08 20:08:17.644333333+00:00,2766.0,0.4,0.5,0.37,148.0
2022-01-08 20:08:34.088777778+00:00,2766.0,0.5,0.5,0.37,148.0
2022-01-08 20:08:50.533222222+00:00,2766.0,0.3,0.5,0.37,148.0
2022-01-08 20:09:06.977666667+00:00,2766.0,0.3,0.5,0.37,148.0
2022-01-08 20:09:23.422111111+00:00,2766.0,0.4,0.5,0.37,148.0
2022-01-08 20:09:39.866555556+00:00,2766.0,0.4,0.5,0.37,148.0
2022-01-08 20:09:56.311000+00:00,2766.0,0.3,0.5,0.37,148.0
2022-01-08 20:09:58.311000+00:00,2766.0,0.0,0.5,0.37,148.0
2022-01-08 20:10:03.310000+00:00,2764.0,0.7,1.0,0.5000000000000001,277.0
2022-01-08 20:10:18.698888889+00:00,2764.0,0.8,1.0,0.5000000000000001,277.0
2022-01-08 20:10:34.087777778+00:00,2764.0,0.8,1.0,0.5000000000000001,277.0
2022-01-08 20:10:49.476666667+00:00,2764.0,1.0,1.0,0.5000000000000001,277.0
2022-01-08 20:11:04.865555556+00:00,2764.0,1.0,1.0,0.5000000000000001,277.0
2022-01-08 20:11:20.254444444+00:00,2764.0,0.5,1.0,0.5000000000000001,277.0
2022-01-08 20:11:35.643333333+00:00,2764.0,0.3,1.0,0.5000000000000001,277.0
2022-01-08 20:11:51.032222222+00:00,2764.0,0.5,1.0,0.5000000000000001,277.0
2022-01-08 20:12:06.421111111+00:00,2764.0,0.6,1.0,0.5000000000000001,277.0
2022-01-08 20:12:21.810000+00:00,2764.0,0.5,1.0,0.5000000000000001,277.0
2022-01-08 20:12:37.198888889+00:00,2764.0,0.3,1.0,0.5000000000000001,277.0
2022-01-08 20:12:52.587777778+00:00,2764.0,0.3,1.0,0.5000000000000001,277.0
2022-01-08 20:13:07.976666667+00:00,2764.0,0.3,1.0,0.5000000000000001,277.0
2022-01-08 20:13:23.365555556+00:00,2764.0,0.3,1.0,0.5000000000000001,277.0
2022-01-08 20:13:38.754444444+00:00,2764.0,0.5,1.0,0.5000000000000001,277.0
2022-01-08 20:13:54.143333333+00:00,2764.0,0.4,1.0,0.5000000000000001,277.0
2022-01-08 20:14:09.532222222+00:00,2764.0,0.3,1.0,0.5000000000000001,277.0
2022-01-08 20:14:24.921111111+00:00,2764.0,0.3,1.0,0.5000000000000001,277.0
2022-01-08 20:14:40.310000+00:00,2764.0,0.1,1.0,0.5000000000000001,277.0
2022-01-08 20:14:42.310000+00:00,2764.0,0.0,1.0,0.5000000000000001,277.0
2022-01-08 20:14:47.749000+00:00,2761.0,0.5,0.6,0.5222222222222223,134.0
2022-01-08 20:15:04.499000+00:00,2761.0,0.4,0.6,0.5222222222222223,134.0
2022-01-08 20:15:21.249000+00:00,2761.0,0.5,0.6,0.5222222222222223,134.0
2022-01-08 20:15:37.999000+00:00,2761.0,0.6,0.6,0.5222222222222223,134.0
2022-01-08 20:15:54.749000+00:00,2761.0,0.6,0.6,0.5222222222222223,134.0
2022-01-08 20:16:11.499000+00:00,2761.0,0.6,0.6,0.5222222222222223,134.0
2022-01-08 20:16:28.249000+00:00,2761.0,0.6,0.6,0.5222222222222223,134.0
2022-01-08 20:16:44.999000+00:00,2761.0,0.5,0.6,0.5222222222222223,134.0
2022-01-08 20:17:01.749000+00:00,2761.0,0.4,0.6,0.5222222222222223,134.0
2022-01-08 20:17:03.749000+00:00,2761.0,0.0,0.6,0.5222222222222223,134.0
2022-01-08 20:21:19.310000+00:00,2760.0,0.4,0.6,0.4692307692307693,196.0
2022-01-08 20:21:34.386923077+00:00,2760.0,0.4,0.6,0.4692307692307693,196.0
2022-01-08 20:21:49.463846154+00:00,2760.0,0.5,0.6,0.4692307692307693,196.0
2022-01-08 20:22:04.540769231+00:00,2760.0,0.5,0.6,0.4692307692307693,196.0
2022-01-08 20:22:19.617692308+00:00,2760.0,0.6,0.6,0.4692307692307693,196.0
2022-01-08 20:22:34.694615385+00:00,2760.0,0.6,0.6,0.4692307692307693,196.0
2022-01-08 20:22:49.771538462+00:00,2760.0,0.6,0.6,0.4692307692307693,196.0
2022-01-08 20:23:04.848461538+00:00,2760.0,0.5,0.6,0.4692307692307693,196.0
2022-01-08 20:23:19.925384615+00:00,2760.0,0.4,0.6,0.4692307692307693,196.0
2022-01-08 20:23:35.002307692+00:00,2760.0,0.5,0.6,0.4692307692307693,196.0
2022-01-08 20:23:50.079230769+00:00,2760.0,0.4,0.6,0.4692307692307693,196.0
2022-01-08 20:24:05.156153846+00:00,2760.0,0.4,0.6,0.4692307692307693,196.0
2022-01-08 20:24:20.233076923+00:00,2760.0,0.3,0.6,0.4692307692307693,196.0
2022-01-08 20:24:35.310000+00:00,2760.0,0.0,0.6,0.4692307692307693,196.0
2022-01-08 20:24:37.310000+00:00,2760.0,0.0,0.6,0.4692307692307693,196.0
2022-01-08 20:24:45.749000+00:00,2759.0,0.4,0.8,0.4999999999999999,148.0
2022-01-08 20:25:02.193444444+00:00,2759.0,0.4,0.8,0.4999999999999999,148.0
2022-01-08 20:25:18.637888889+00:00,2759.0,0.4,0.8,0.4999999999999999,148.0
2022-01-08 20:25:35.082333333+00:00,2759.0,0.4,0.8,0.4999999999999999,148.0
2022-01-08 20:25:51.526777778+00:00,2759.0,0.5,0.8,0.4999999999999999,148.0
2022-01-08 20:26:07.971222222+00:00,2759.0,0.7,0.8,0.4999999999999999,148.0
2022-01-08 20:26:24.415666667+00:00,2759.0,0.8,0.8,0.4999999999999999,148.0
2022-01-08 20:26:40.860111111+00:00,2759.0,0.6,0.8,0.4999999999999999,148.0
2022-01-08 20:26:57.304555556+00:00,2759.0,0.5,0.8,0.4999999999999999,148.0
2022-01-08 20:27:13.749000+00:00,2759.0,0.3,0.8,0.4999999999999999,148.0
2022-01-08 20:27:15.749000+00:00,2759.0,0.0,0.8,0.4999999999999999,148.0
2022-01-08 20:27:20.310000+00:00,2760.0,0.6,0.8,0.5272727272727272,152.0
2022-01-08 20:27:35.510000+00:00,2760.0,0.7,0.8,0.5272727272727272,152.0
2022-01-08 20:27:50.710000+00:00,2760.0,0.8,0.8,0.5272727272727272,152.0
2022-01-08 20:28:05.910000+00:00,2760.0,0.7,0.8,0.5272727272727272,152.0
2022-01-08 20:28:21.110000+00:00,2760.0,0.7,0.8,0.5272727272727272,152.0
2022-01-08 20:28:36.310000+00:00,2760.0,0.5,0.8,0.5272727272727272,152.0
2022-01-08 20:28:51.510000+00:00,2760.0,0.5,0.8,0.5272727272727272,152.0
2022-01-08 20:29:06.710000+00:00,2760.0,0.6,0.8,0.5272727272727272,152.0
2022-01-08 20:29:21.910000+00:00,2760.0,0.4,0.8,0.5272727272727272,152.0
2022-01-08 20:29:37.110000+00:00,2760.0,0.2,0.8,0.5272727272727272,152.0
2022-01-08 20:29:52.310000+00:00,2760.0,0.1,0.8,0.5272727272727272,152.0
2022-01-08 20:29:54.310000+00:00,2760.0,0.0,0.8,0.5272727272727272,152.0
2022-01-08 20:30:01.310000+00:00,2760.0,0.5,0.6,0.4600000000000001,63.0
2022-01-08 20:30:17.060000+00:00,2760.0,0.6,0.6,0.4600000000000001,63.0
2022-01-08 20:30:32.810000+00:00,2760.0,0.6,0.6,0.4600000000000001,63.0
2022-01-08 20:30:48.560000+00:00,2760.0,0.5,0.6,0.4600000000000001,63.0
2022-01-08 20:31:04.310000+00:00,2760.0,0.1,0.6,0.4600000000000001,63.0
2022-01-08 20:31:06.310000+00:00,2760.0,0.0,0.6,0.4600000000000001,63.0
2022-01-08 20:31:11.749000+00:00,2760.0,0.5,0.6,0.50625,233.0
2022-01-08 20:31:27.282333332+00:00,2760.0,0.5,0.6,0.50625,233.0
2022-01-08 20:31:42.815666667+00:00,2760.0,0.6,0.6,0.50625,233.0
2022-01-08 20:31:58.349000+00:00,2760.0,0.5,0.6,0.50625,233.0
2022-01-08 20:32:13.882333333+00:00,2760.0,0.5,0.6,0.50625,233.0
2022-01-08 20:32:29.415666667+00:00,2760.0,0.6,0.6,0.50625,233.0
2022-01-08 20:32:44.949000+00:00,2760.0,0.6,0.6,0.50625,233.0
2022-01-08 20:33:00.482333333+00:00,2760.0,0.5,0.6,0.50625,233.0
2022-01-08 20:33:16.015666667+00:00,2760.0,0.5,0.6,0.50625,233.0
2022-01-08 20:33:31.549000+00:00,2760.0,0.5,0.6,0.50625,233.0
2022-01-08 20:33:47.082333333+00:00,2760.0,0.5,0.6,0.50625,233.0
2022-01-08 20:34:02.615666667+00:00,2760.0,0.5,0.6,0.50625,233.0
2022-01-08 20:34:18.149000+00:00,2760.0,0.6,0.6,0.50625,233.0
2022-01-08 20:34:33.682333333+00:00,2760.0,0.3,0.6,0.50625,233.0
2022-01-08 20:34:49.215666667+00:00,2760.0,0.6,0.6,0.50625,233.0
2022-01-08 20:35:04.749000+00:00,2760.0,0.3,0.6,0.50625,233.0
2022-01-08 20:35:06.749000+00:00,2760.0,0.0,0.6,0.50625,233.0
2022-01-08 20:35:12.749000+00:00,2760.0,0.6,1.5,0.9636363636363636,158.0
2022-01-08 20:35:28.549000+00:00,2760.0,0.7,1.5,0.9636363636363636,158.0
2022-01-08 20:35:44.349000+00:00,2760.0,0.9,1.5,0.9636363636363636,158.0
2022-01-08 20:36:00.149000+00:00,2760.0,0.9,1.5,0.9636363636363636,158.0
2022-01-08 20:36:15.949000+00:00,2760.0,1.2,1.5,0.9636363636363636,158.0
2022-01-08 20:36:31.749000+00:00,2760.0,1.5,1.5,0.9636363636363636,158.0
2022-01-08 20:36:47.549000+00:00,2760.0,1.4,1.5,0.9636363636363636,158.0
2022-01-08 20:37:03.349000+00:00,2760.0,1.3,1.5,0.9636363636363636,158.0
2022-01-08 20:37:19.149000+00:00,2760.0,1.1,1.5,0.9636363636363636,158.0
2022-01-08 20:37:34.949000+00:00,2760.0,0.7,1.5,0.9636363636363636,158.0
2022-01-08 20:37:50.749000+00:00,2760.0,0.3,1.5,0.9636363636363636,158.0
2022-01-08 20:37:52.749000+00:00,2760.0,0.0,1.5,0.9636363636363636,158.0
2022-01-08 20:38:02.309000+00:00,2760.0,0.5,0.5,0.3333333333333333,32.0
2022-01-08 20:38:18.309000+00:00,2760.0,0.4,0.5,0.3333333333333333,32.0
2022-01-08 20:38:34.309000+00:00,2760.0,0.1,0.5,0.3333333333333333,32.0
2022-01-08 20:38:36.309000+00:00,2760.0,0.0,0.5,0.3333333333333333,32.0
2022-01-08 20:38:45.309000+00:00,2762.0,1.3,5.0,4.315000000000001,858.0
2022-01-08 20:39:30.466894737+00:00,2762.0,2.6,5.0,4.315000000000001,858.0
2022-01-08 20:40:15.624789474+00:00,2762.0,4.6,5.0,4.315000000000001,858.0
2022-01-08 20:41:00.782684211+00:00,2762.0,4.9,5.0,4.315000000000001,858.0
2022-01-08 20:41:45.940578947+00:00,2762.0,4.9,5.0,4.315000000000001,858.0
2022-01-08 20:42:31.098473684+00:00,2762.0,4.9,5.0,4.315000000000001,858.0
2022-01-08 20:43:16.256368421+00:00,2762.0,4.9,5.0,4.315000000000001,858.0
2022-01-08 20:44:01.414263158+00:00,2762.0,4.9,5.0,4.315000000000001,858.0
2022-01-08 20:44:46.572157894+00:00,2762.0,4.9,5.0,4.315000000000001,858.0
2022-01-08 20:45:31.730052632+00:00,2762.0,4.9,5.0,4.315000000000001,858.0
2022-01-08 20:46:16.887947368+00:00,2762.0,4.9,5.0,4.315000000000001,858.0
2022-01-08 20:47:02.045842105+00:00,2762.0,4.9,5.0,4.315000000000001,858.0
2022-01-08 20:47:47.203736842+00:00,2762.0,4.9,5.0,4.315000000000001,858.0
2022-01-08 20:48:32.361631579+00:00,2762.0,4.9,5.0,4.315000000000001,858.0
2022-01-08 20:49:17.519526316+00:00,2762.0,5.0,5.0,4.315000000000001,858.0
2022-01-08 20:50:02.677421053+00:00,2762.0,4.9,5.0,4.315000000000001,858.0
2022-01-08 20:50:47.835315789+00:00,2762.0,4.9,5.0,4.315000000000001,858.0
2022-01-08 20:51:32.993210526+00:00,2762.0,4.9,5.0,4.315000000000001,858.0
2022-01-08 20:52:18.151105263+00:00,2762.0,3.9,5.0,4.315000000000001,858.0
2022-01-08 20:53:03.309000+00:00,2762.0,0.3,5.0,4.315000000000001,858.0
2022-01-08 20:53:05.309000+00:00,2762.0,0.0,5.0,4.315000000000001,858.0
2022-01-08 20:53:35.309000+00:00,2755.0,0.7,0.7,0.5,21.0
2022-01-08 20:53:56.309000+00:00,2755.0,0.3,0.7,0.5,21.0
2022-01-08 20:53:58.309000+00:00,2755.0,0.0,0.7,0.5,21.0
2022-01-08 20:54:09.309000+00:00,2755.0,1.0,1.1,0.8428571428571429,99.0
2022-01-08 20:54:25.809000+00:00,2755.0,1.0,1.1,0.8428571428571429,99.0
2022-01-08 20:54:42.309000+00:00,2755.0,0.9,1.1,0.8428571428571429,99.0
2022-01-08 20:54:58.809000+00:00,2755.0,1.1,1.1,0.8428571428571429,99.0
2022-01-08 20:55:15.309000+00:00,2755.0,1.0,1.1,0.8428571428571429,99.0
2022-01-08 20:55:31.809000+00:00,2755.0,0.7,1.1,0.8428571428571429,99.0
2022-01-08 20:55:48.309000+00:00,2755.0,0.2,1.1,0.8428571428571429,99.0
2022-01-08 20:55:50.309000+00:00,2755.0,0.0,1.1,0.8428571428571429,99.0
2022-01-08 20:56:08.748000+00:00,2755.0,0.7,0.8,0.56,67.0
2022-01-08 20:56:25.498000+00:00,2755.0,0.8,0.8,0.56,67.0
2022-01-08 20:56:42.248000+00:00,2755.0,0.7,0.8,0.56,67.0
2022-01-08 20:56:58.998000+00:00,2755.0,0.5,0.8,0.56,67.0
2022-01-08 20:57:15.748000+00:00,2755.0,0.1,0.8,0.56,67.0
2022-01-08 20:57:17.748000+00:00,2755.0,0.0,0.8,0.56,67.0
2022-01-08 20:57:23.748000+00:00,2755.0,0.5,0.6,0.4555555555555555,259.0
2022-01-08 20:57:38.983294118+00:00,2755.0,0.5,0.6,0.4555555555555555,259.0
2022-01-08 20:57:54.218588235+00:00,2755.0,0.5,0.6,0.4555555555555555,259.0
2022-01-08 20:58:09.453882353+00:00,2755.0,0.5,0.6,0.4555555555555555,259.0
2022-01-08 20:58:24.689176471+00:00,2755.0,0.4,0.6,0.4555555555555555,259.0
2022-01-08 20:58:39.924470588+00:00,2755.0,0.6,0.6,0.4555555555555555,259.0
2022-01-08 20:58:55.159764706+00:00,2755.0,0.5,0.6,0.4555555555555555,259.0
2022-01-08 20:59:10.395058824+00:00,2755.0,0.4,0.6,0.4555555555555555,259.0
2022-01-08 20:59:25.630352941+00:00,2755.0,0.3,0.6,0.4555555555555555,259.0
2022-01-08 20:59:40.865647059+00:00,2755.0,0.3,0.6,0.4555555555555555,259.0
2022-01-08 20:59:56.100941176+00:00,2755.0,0.3,0.6,0.4555555555555555,259.0
2022-01-08 21:00:11.336235294+00:00,2755.0,0.5,0.6,0.4555555555555555,259.0
2022-01-08 21:00:26.571529412+00:00,2755.0,0.6,0.6,0.4555555555555555,259.0
2022-01-08 21:00:41.806823529+00:00,2755.0,0.5,0.6,0.4555555555555555,259.0
2022-01-08 21:00:57.042117647+00:00,2755.0,0.4,0.6,0.4555555555555555,259.0
2022-01-08 21:01:12.277411765+00:00,2755.0,0.6,0.6,0.4555555555555555,259.0
2022-01-08 21:01:27.512705882+00:00,2755.0,0.6,0.6,0.4555555555555555,259.0
2022-01-08 21:01:42.748000+00:00,2755.0,0.2,0.6,0.4555555555555555,259.0
2022-01-08 21:01:44.748000+00:00,2755.0,0.0,0.6,0.4555555555555555,259.0
2022-01-08 21:02:00.748000+00:00,2759.0,1.4,5.0,4.572222222222222,811.0
2022-01-08 21:02:45.803555556+00:00,2759.0,3.0,5.0,4.572222222222222,811.0
2022-01-08 21:03:30.859111111+00:00,2759.0,4.9,5.0,4.572222222222222,811.0
2022-01-08 21:04:15.914666667+00:00,2759.0,5.0,5.0,4.572222222222222,811.0
2022-01-08 21:05:00.970222222+00:00,2759.0,5.0,5.0,4.572222222222222,811.0
2022-01-08 21:05:46.025777778+00:00,2759.0,5.0,5.0,4.572222222222222,811.0
2022-01-08 21:06:31.081333333+00:00,2759.0,5.0,5.0,4.572222222222222,811.0
2022-01-08 21:07:16.136888889+00:00,2759.0,5.0,5.0,4.572222222222222,811.0
2022-01-08 21:08:01.192444444+00:00,2759.0,5.0,5.0,4.572222222222222,811.0
2022-01-08 21:08:46.248000+00:00,2759.0,5.0,5.0,4.572222222222222,811.0
2022-01-08 21:09:31.303555556+00:00,2759.0,5.0,5.0,4.572222222222222,811.0
2022-01-08 21:10:16.359111111+00:00,2759.0,5.0,5.0,4.572222222222222,811.0
2022-01-08 21:11:01.414666667+00:00,2759.0,5.0,5.0,4.572222222222222,811.0
2022-01-08 21:11:46.470222222+00:00,2759.0,5.0,5.0,4.572222222222222,811.0
2022-01-08 21:12:31.525777778+00:00,2759.0,5.0,5.0,4.572222222222222,811.0
2022-01-08 21:13:16.581333333+00:00,2759.0,5.0,5.0,4.572222222222222,811.0
2022-01-08 21:14:01.636888889+00:00,2759.0,5.0,5.0,4.572222222222222,811.0
2022-01-08 21:14:46.692444444+00:00,2759.0,3.0,5.0,4.572222222222222,811.0
2022-01-08 21:15:31.748000+00:00,2759.0,0.0,5.0,4.572222222222222,811.0
2022-01-08 21:15:33.748000+00:00,2759.0,0.0,5.0,4.572222222222222,811.0
2022-01-08 21:16:34.308000+00:00,2755.0,1.4,4.9,4.50625,949.0
2022-01-08 21:17:37.574666667+00:00,2755.0,4.3,4.9,4.50625,949.0
2022-01-08 21:18:40.841333332+00:00,2755.0,4.9,4.9,4.50625,949.0
2022-01-08 21:19:44.108000+00:00,2755.0,4.9,4.9,4.50625,949.0
2022-01-08 21:20:47.374666667+00:00,2755.0,4.9,4.9,4.50625,949.0
2022-01-08 21:21:50.641333333+00:00,2755.0,4.9,4.9,4.50625,949.0
2022-01-08 21:22:53.908000+00:00,2755.0,4.9,4.9,4.50625,949.0
2022-01-08 21:23:57.174666667+00:00,2755.0,4.9,4.9,4.50625,949.0
2022-01-08 21:25:00.441333333+00:00,2755.0,4.9,4.9,4.50625,949.0
2022-01-08 21:26:03.708000+00:00,2755.0,4.9,4.9,4.50625,949.0
2022-01-08 21:27:06.974666667+00:00,2755.0,4.9,4.9,4.50625,949.0
2022-01-08 21:28:10.241333333+00:00,2755.0,4.9,4.9,4.50625,949.0
2022-01-08 21:29:13.508000+00:00,2755.0,4.9,4.9,4.50625,949.0
2022-01-08 21:30:16.774666667+00:00,2755.0,4.9,4.9,4.50625,949.0
2022-01-08 21:31:20.041333333+00:00,2755.0,4.9,4.9,4.50625,949.0
2022-01-08 21:32:23.308000+00:00,2755.0,2.7,4.9,4.50625,949.0
2022-01-08 21:32:25.308000+00:00,2755.0,0.0,4.9,4.50625,949.0
2022-01-08 21:33:32.308000+00:00,2755.0,2.1,5.0,4.68235294117647,1013.0
2022-01-08 21:34:35.620500+00:00,2755.0,4.8,5.0,4.68235294117647,1013.0
2022-01-08 21:35:38.933000+00:00,2755.0,4.9,5.0,4.68235294117647,1013.0
2022-01-08 21:36:42.245500+00:00,2755.0,5.0,5.0,4.68235294117647,1013.0
2022-01-08 21:37:45.558000+00:00,2755.0,5.0,5.0,4.68235294117647,1013.0
2022-01-08 21:38:48.870500+00:00,2755.0,5.0,5.0,4.68235294117647,1013.0
2022-01-08 21:39:52.183000+00:00,2755.0,5.0,5.0,4.68235294117647,1013.0
2022-01-08 21:40:55.495500+00:00,2755.0,5.0,5.0,4.68235294117647,1013.0
2022-01-08 21:41:58.808000+00:00,2755.0,5.0,5.0,4.68235294117647,1013.0
2022-01-08 21:43:02.120500+00:00,2755.0,5.0,5.0,4.68235294117647,1013.0
2022-01-08 21:44:05.433000+00:00,2755.0,5.0,5.0,4.68235294117647,1013.0
2022-01-08 21:45:08.745500+00:00,2755.0,5.0,5.0,4.68235294117647,1013.0
2022-01-08 21:46:12.058000+00:00,2755.0,5.0,5.0,4.68235294117647,1013.0
2022-01-08 21:47:15.370500+00:00,2755.0,5.0,5.0,4.68235294117647,1013.0
2022-01-08 21:48:18.683000+00:00,2755.0,5.0,5.0,4.68235294117647,1013.0
2022-01-08 21:49:21.995500+00:00,2755.0,5.0,5.0,4.68235294117647,1013.0
2022-01-08 21:50:25.308000+00:00,2755.0,2.8,5.0,4.68235294117647,1013.0
2022-01-08 21:50:27.308000+00:00,2755.0,0.0,5.0,4.68235294117647,1013.0
2022-01-08 21:51:30.746000+00:00,2755.0,2.3,5.0,4.483333333333333,1032.0
2022-01-08 21:52:31.451882353+00:00,2755.0,4.4,5.0,4.483333333333333,1032.0
2022-01-08 21:53:32.157764706+00:00,2755.0,5.0,5.0,4.483333333333333,1032.0
2022-01-08 21:54:32.863647059+00:00,2755.0,5.0,5.0,4.483333333333333,1032.0
2022-01-08 21:55:33.569529412+00:00,2755.0,5.0,5.0,4.483333333333333,1032.0
2022-01-08 21:56:34.275411765+00:00,2755.0,5.0,5.0,4.483333333333333,1032.0
2022-01-08 21:57:34.981294118+00:00,2755.0,5.0,5.0,4.483333333333333,1032.0
2022-01-08 21:58:35.687176471+00:00,2755.0,5.0,5.0,4.483333333333333,1032.0
2022-01-08 21:59:36.393058824+00:00,2755.0,5.0,5.0,4.483333333333333,1032.0
2022-01-08 22:00:37.098941176+00:00,2755.0,5.0,5.0,4.483333333333333,1032.0
2022-01-08 22:01:37.804823529+00:00,2755.0,5.0,5.0,4.483333333333333,1032.0
2022-01-08 22:02:38.510705882+00:00,2755.0,5.0,5.0,4.483333333333333,1032.0
2022-01-08 22:03:39.216588235+00:00,2755.0,5.0,5.0,4.483333333333333,1032.0
2022-01-08 22:04:39.922470588+00:00,2755.0,5.0,5.0,4.483333333333333,1032.0
2022-01-08 22:05:40.628352941+00:00,2755.0,5.0,5.0,4.483333333333333,1032.0
2022-01-08 22:06:41.334235294+00:00,2755.0,5.0,5.0,4.483333333333333,1032.0
2022-01-08 22:07:42.040117647+00:00,2755.0,3.7,5.0,4.483333333333333,1032.0
2022-01-08 22:08:42.746000+00:00,2755.0,0.3,5.0,4.483333333333333,1032.0
2022-01-08 22:08:44.746000+00:00,2755.0,0.0,5.0,4.483333333333333,1032.0
2022-01-08 22:08:57.307000+00:00,2752.0,1.3,1.3,0.92,69.0
2022-01-08 22:09:14.557000+00:00,2752.0,1.3,1.3,0.92,69.0
2022-01-08 22:09:31.807000+00:00,2752.0,1.0,1.3,0.92,69.0
2022-01-08 22:09:49.057000+00:00,2752.0,0.7,1.3,0.92,69.0
2022-01-08 22:10:06.307000+00:00,2752.0,0.3,1.3,0.92,69.0
2022-01-08 22:10:08.307000+00:00,2752.0,0.0,1.3,0.92,69.0
2022-01-08 22:49:19.306000+00:00,2750.0,0.5,0.6,0.4571428571428572,105.0
2022-01-08 22:49:34.306000+00:00,2750.0,0.6,0.6,0.4571428571428572,105.0
2022-01-08 22:49:49.306000+00:00,2750.0,0.5,0.6,0.4571428571428572,105.0
2022-01-08 22:50:04.306000+00:00,2750.0,0.5,0.6,0.4571428571428572,105.0
2022-01-08 22:50:19.306000+00:00,2750.0,0.6,0.6,0.4571428571428572,105.0
2022-01-08 22:50:34.306000+00:00,2750.0,0.3,0.6,0.4571428571428572,105.0
2022-01-08 22:50:49.306000+00:00,2750.0,0.2,0.6,0.4571428571428572,105.0
2022-01-08 22:51:04.306000+00:00,2750.0,0.0,0.6,0.4571428571428572,105.0
2022-01-08 22:51:06.306000+00:00,2750.0,0.0,0.6,0.4571428571428572,105.0
2022-01-08 22:54:02.306000+00:00,2749.0,0.3,0.7,0.3999999999999999,105.0
2022-01-08 22:54:17.306000+00:00,2749.0,0.4,0.7,0.3999999999999999,105.0
2022-01-08 22:54:32.306000+00:00,2749.0,0.2,0.7,0.3999999999999999,105.0
2022-01-08 22:54:47.306000+00:00,2749.0,0.5,0.7,0.3999999999999999,105.0
2022-01-08 22:55:02.306000+00:00,2749.0,0.4,0.7,0.3999999999999999,105.0
2022-01-08 22:55:17.306000+00:00,2749.0,0.7,0.7,0.3999999999999999,105.0
2022-01-08 22:55:32.306000+00:00,2749.0,0.3,0.7,0.3999999999999999,105.0
2022-01-08 22:55:47.306000+00:00,2749.0,0.0,0.7,0.3999999999999999,105.0
2022-01-08 22:55:49.306000+00:00,2749.0,0.0,0.7,0.3999999999999999,105.0
2022-01-08 22:58:32.745000+00:00,2746.0,0.4,0.4,0.3399999999999999,68.0
2022-01-08 22:58:49.745000+00:00,2746.0,0.3,0.4,0.3399999999999999,68.0
2022-01-08 22:59:06.745000+00:00,2746.0,0.3,0.4,0.3399999999999999,68.0
2022-01-08 22:59:23.745000+00:00,2746.0,0.4,0.4,0.3399999999999999,68.0
2022-01-08 22:59:40.745000+00:00,2746.0,0.3,0.4,0.3399999999999999,68.0
2022-01-08 22:59:42.745000+00:00,2746.0,0.0,0.4,0.3399999999999999,68.0
2022-01-08 23:01:11.306000+00:00,2744.0,0.4,0.4,0.3,109.0
2022-01-08 23:01:26.877428571+00:00,2744.0,0.3,0.4,0.3,109.0
2022-01-08 23:01:42.448857143+00:00,2744.0,0.3,0.4,0.3,109.0
2022-01-08 23:01:58.020285714+00:00,2744.0,0.2,0.4,0.3,109.0
2022-01-08 23:02:13.591714286+00:00,2744.0,0.3,0.4,0.3,109.0
2022-01-08 23:02:29.163142857+00:00,2744.0,0.3,0.4,0.3,109.0
2022-01-08 23:02:44.734571429+00:00,2744.0,0.3,0.4,0.3,109.0
2022-01-08 23:03:00.306000+00:00,2744.0,0.0,0.4,0.3,109.0
2022-01-08 23:03:02.306000+00:00,2744.0,0.0,0.4,0.3,109.0
2022-01-08 23:03:13.306000+00:00,2742.0,0.2,0.3,0.22,74.0
2022-01-08 23:03:31.806000+00:00,2742.0,0.2,0.3,0.22,74.0
2022-01-08 23:03:50.306000+00:00,2742.0,0.3,0.3,0.22,74.0
2022-01-08 23:04:08.806000+00:00,2742.0,0.3,0.3,0.22,74.0
2022-01-08 23:04:27.306000+00:00,2742.0,0.1,0.3,0.22,74.0
2022-01-08 23:04:29.306000+00:00,2742.0,0.0,0.3,0.22,74.0
2022-01-08 23:04:34.745000+00:00,2741.0,0.3,0.5,0.35,52.0
2022-01-08 23:04:52.078333333+00:00,2741.0,0.4,0.5,0.35,52.0
2022-01-08 23:05:09.411666667+00:00,2741.0,0.5,0.5,0.35,52.0
2022-01-08 23:05:26.745000+00:00,2741.0,0.2,0.5,0.35,52.0
2022-01-08 23:05:28.745000+00:00,2741.0,0.0,0.5,0.35,52.0
2022-01-08 23:05:34.745000+00:00,2738.0,0.3,0.5,0.2769230769230769,182.0
2022-01-08 23:05:49.911666667+00:00,2738.0,0.3,0.5,0.2769230769230769,182.0
2022-01-08 23:06:05.078333333+00:00,2738.0,0.1,0.5,0.2769230769230769,182.0
2022-01-08 23:06:20.245000+00:00,2738.0,0.2,0.5,0.2769230769230769,182.0
2022-01-08 23:06:35.411666667+00:00,2738.0,0.2,0.5,0.2769230769230769,182.0
2022-01-08 23:06:50.578333333+00:00,2738.0,0.3,0.5,0.2769230769230769,182.0
2022-01-08 23:07:05.745000+00:00,2738.0,0.5,0.5,0.2769230769230769,182.0
2022-01-08 23:07:20.911666667+00:00,2738.0,0.4,0.5,0.2769230769230769,182.0
2022-01-08 23:07:36.078333333+00:00,2738.0,0.2,0.5,0.2769230769230769,182.0
2022-01-08 23:07:51.245000+00:00,2738.0,0.3,0.5,0.2769230769230769,182.0
2022-01-08 23:08:06.411666667+00:00,2738.0,0.5,0.5,0.2769230769230769,182.0
2022-01-08 23:08:21.578333333+00:00,2738.0,0.2,0.5,0.2769230769230769,182.0
2022-01-08 23:08:36.745000+00:00,2738.0,0.1,0.5,0.2769230769230769,182.0
2022-01-08 23:08:38.745000+00:00,2738.0,0.0,0.5,0.2769230769230769,182.0
2022-01-08 23:13:19.305000+00:00,2733.0,0.4,0.5,0.3875,109.0
2022-01-08 23:13:34.876428571+00:00,2733.0,0.4,0.5,0.3875,109.0
2022-01-08 23:13:50.447857143+00:00,2733.0,0.4,0.5,0.3875,109.0
2022-01-08 23:14:06.019285714+00:00,2733.0,0.4,0.5,0.3875,109.0
2022-01-08 23:14:21.590714286+00:00,2733.0,0.5,0.5,0.3875,109.0
2022-01-08 23:14:37.162142857+00:00,2733.0,0.4,0.5,0.3875,109.0
2022-01-08 23:14:52.733571429+00:00,2733.0,0.4,0.5,0.3875,109.0
2022-01-08 23:15:08.305000+00:00,2733.0,0.2,0.5,0.3875,109.0
2022-01-08 23:15:10.305000+00:00,2733.0,0.0,0.5,0.3875,109.0
2022-01-08 23:15:45.745000+00:00,2734.0,0.3,0.4,0.3,59.0
2022-01-08 23:16:05.411666667+00:00,2734.0,0.4,0.4,0.3,59.0
2022-01-08 23:16:25.078333333+00:00,2734.0,0.3,0.4,0.3,59.0
2022-01-08 23:16:44.745000+00:00,2734.0,0.2,0.4,0.3,59.0
2022-01-08 23:16:46.745000+00:00,2734.0,0.0,0.4,0.3,59.0
2022-01-08 23:16:58.305000+00:00,2733.0,0.2,0.5,0.3357142857142857,204.0
2022-01-08 23:17:13.997307692+00:00,2733.0,0.3,0.5,0.3357142857142857,204.0
2022-01-08 23:17:29.689615385+00:00,2733.0,0.2,0.5,0.3357142857142857,204.0
2022-01-08 23:17:45.381923077+00:00,2733.0,0.3,0.5,0.3357142857142857,204.0
2022-01-08 23:18:01.074230769+00:00,2733.0,0.4,0.5,0.3357142857142857,204.0
2022-01-08 23:18:16.766538462+00:00,2733.0,0.4,0.5,0.3357142857142857,204.0
2022-01-08 23:18:32.458846154+00:00,2733.0,0.4,0.5,0.3357142857142857,204.0
2022-01-08 23:18:48.151153846+00:00,2733.0,0.5,0.5,0.3357142857142857,204.0
2022-01-08 23:19:03.843461538+00:00,2733.0,0.4,0.5,0.3357142857142857,204.0
2022-01-08 23:19:19.535769231+00:00,2733.0,0.4,0.5,0.3357142857142857,204.0
2022-01-08 23:19:35.228076923+00:00,2733.0,0.3,0.5,0.3357142857142857,204.0
2022-01-08 23:19:50.920384615+00:00,2733.0,0.3,0.5,0.3357142857142857,204.0
2022-01-08 23:20:06.612692308+00:00,2733.0,0.3,0.5,0.3357142857142857,204.0
2022-01-08 23:20:22.305000+00:00,2733.0,0.3,0.5,0.3357142857142857,204.0
2022-01-08 23:20:24.305000+00:00,2733.0,0.0,0.5,0.3357142857142857,204.0
2022-01-08 23:20:50.305000+00:00,2732.0,0.2,0.2,0.15,21.0
2022-01-08 23:21:11.305000+00:00,2732.0,0.1,0.2,0.15,21.0
2022-01-08 23:21:13.305000+00:00,2732.0,0.0,0.2,0.15,21.0
2022-01-08 23:21:21.306000+00:00,2733.0,0.2,0.3,0.2333333333333333,44.0
2022-01-08 23:21:43.306000+00:00,2733.0,0.2,0.3,0.2333333333333333,44.0
2022-01-08 23:22:05.306000+00:00,2733.0,0.3,0.3,0.2333333333333333,44.0
2022-01-08 23:22:07.306000+00:00,2733.0,0.0,0.3,0.2333333333333333,44.0
2022-01-08 23:22:16.306000+00:00,2734.0,0.3,0.4,0.3,58.0
2022-01-08 23:22:35.639333333+00:00,2734.0,0.3,0.4,0.3,58.0
2022-01-08 23:22:54.972666667+00:00,2734.0,0.4,0.4,0.3,58.0
2022-01-08 23:23:14.306000+00:00,2734.0,0.2,0.4,0.3,58.0
2022-01-08 23:23:16.306000+00:00,2734.0,0.0,0.4,0.3,58.0
2022-01-08 23:23:22.305000+00:00,2734.0,0.3,0.5,0.33,142.0
2022-01-08 23:23:38.082777778+00:00,2734.0,0.4,0.5,0.33,142.0
2022-01-08 23:23:53.860555556+00:00,2734.0,0.4,0.5,0.33,142.0
2022-01-08 23:24:09.638333333+00:00,2734.0,0.5,0.5,0.33,142.0
2022-01-08 23:24:25.416111111+00:00,2734.0,0.4,0.5,0.33,142.0
2022-01-08 23:24:41.193888889+00:00,2734.0,0.3,0.5,0.33,142.0
2022-01-08 23:24:56.971666667+00:00,2734.0,0.3,0.5,0.33,142.0
2022-01-08 23:25:12.749444444+00:00,2734.0,0.4,0.5,0.33,142.0
2022-01-08 23:25:28.527222222+00:00,2734.0,0.2,0.5,0.33,142.0
2022-01-08 23:25:44.305000+00:00,2734.0,0.1,0.5,0.33,142.0
2022-01-08 23:25:46.305000+00:00,2734.0,0.0,0.5,0.33,142.0
2022-01-08 23:27:16.305000+00:00,2735.0,0.4,0.4,0.3,68.0
2022-01-08 23:27:33.305000+00:00,2735.0,0.4,0.4,0.3,68.0
2022-01-08 23:27:50.305000+00:00,2735.0,0.3,0.4,0.3,68.0
2022-01-08 23:28:07.305000+00:00,2735.0,0.2,0.4,0.3,68.0
2022-01-08 23:28:24.305000+00:00,2735.0,0.2,0.4,0.3,68.0
2022-01-08 23:28:26.305000+00:00,2735.0,0.0,0.4,0.3,68.0
2022-01-08 23:33:19.744000+00:00,2734.0,0.4,0.4,0.2857142857142857,102.0
2022-01-08 23:33:36.744000+00:00,2734.0,0.4,0.4,0.2857142857142857,102.0
2022-01-08 23:33:53.744000+00:00,2734.0,0.3,0.4,0.2857142857142857,102.0
2022-01-08 23:34:10.744000+00:00,2734.0,0.3,0.4,0.2857142857142857,102.0
2022-01-08 23:34:27.744000+00:00,2734.0,0.3,0.4,0.2857142857142857,102.0
2022-01-08 23:34:44.744000+00:00,2734.0,0.2,0.4,0.2857142857142857,102.0
2022-01-08 23:35:01.744000+00:00,2734.0,0.1,0.4,0.2857142857142857,102.0
2022-01-08 23:35:03.744000+00:00,2734.0,0.0,0.4,0.2857142857142857,102.0
2022-01-08 23:35:15.744000+00:00,2734.0,0.5,0.5,0.3999999999999999,57.0
2022-01-08 23:35:34.744000+00:00,2734.0,0.4,0.5,0.3999999999999999,57.0
2022-01-08 23:35:53.744000+00:00,2734.0,0.5,0.5,0.3999999999999999,57.0
2022-01-08 23:36:12.744000+00:00,2734.0,0.2,0.5,0.3999999999999999,57.0
2022-01-08 23:36:14.744000+00:00,2734.0,0.0,0.5,0.3999999999999999,57.0
2022-01-08 23:36:19.305000+00:00,2733.0,0.4,0.4,0.35,87.0
2022-01-08 23:36:36.705000+00:00,2733.0,0.4,0.4,0.35,87.0
2022-01-08 23:36:54.105000+00:00,2733.0,0.4,0.4,0.35,87.0
2022-01-08 23:37:11.505000+00:00,2733.0,0.4,0.4,0.35,87.0
2022-01-08 23:37:28.905000+00:00,2733.0,0.3,0.4,0.35,87.0
2022-01-08 23:37:46.305000+00:00,2733.0,0.2,0.4,0.35,87.0
2022-01-08 23:37:48.305000+00:00,2733.0,0.0,0.4,0.35,87.0
2022-01-08 23:37:53.744000+00:00,2733.0,0.6,0.7,0.5333333333333333,125.0
2022-01-08 23:38:09.369000+00:00,2733.0,0.6,0.7,0.5333333333333333,125.0
2022-01-08 23:38:24.994000+00:00,2733.0,0.7,0.7,0.5333333333333333,125.0
2022-01-08 23:38:40.619000+00:00,2733.0,0.4,0.7,0.5333333333333333,125.0
2022-01-08 23:38:56.244000+00:00,2733.0,0.5,0.7,0.5333333333333333,125.0
2022-01-08 23:39:11.869000+00:00,2733.0,0.5,0.7,0.5333333333333333,125.0
2022-01-08 23:39:27.494000+00:00,2733.0,0.6,0.7,0.5333333333333333,125.0
2022-01-08 23:39:43.119000+00:00,2733.0,0.7,0.7,0.5333333333333333,125.0
2022-01-08 23:39:58.744000+00:00,2733.0,0.2,0.7,0.5333333333333333,125.0
2022-01-08 23:40:00.744000+00:00,2733.0,0.0,0.7,0.5333333333333333,125.0
2022-01-08 23:40:05.305000+00:00,2732.0,0.7,0.8,0.6058823529411763,248.0
2022-01-08 23:40:20.805000+00:00,2732.0,0.8,0.8,0.6058823529411763,248.0
2022-01-08 23:40:36.305000+00:00,2732.0,0.7,0.8,0.6058823529411763,248.0
2022-01-08 23:40:51.805000+00:00,2732.0,0.7,0.8,0.6058823529411763,248.0
2022-01-08 23:41:07.305000+00:00,2732.0,0.7,0.8,0.6058823529411763,248.0
2022-01-08 23:41:22.805000+00:00,2732.0,0.7,0.8,0.6058823529411763,248.0
2022-01-08 23:41:38.305000+00:00,2732.0,0.7,0.8,0.6058823529411763,248.0
2022-01-08 23:41:53.805000+00:00,2732.0,0.8,0.8,0.6058823529411763,248.0
2022-01-08 23:42:09.305000+00:00,2732.0,0.7,0.8,0.6058823529411763,248.0
2022-01-08 23:42:24.805000+00:00,2732.0,0.6,0.8,0.6058823529411763,248.0
2022-01-08 23:42:40.305000+00:00,2732.0,0.6,0.8,0.6058823529411763,248.0
2022-01-08 23:42:55.805000+00:00,2732.0,0.6,0.8,0.6058823529411763,248.0
2022-01-08 23:43:11.305000+00:00,2732.0,0.4,0.8,0.6058823529411763,248.0
2022-01-08 23:43:26.805000+00:00,2732.0,0.6,0.8,0.6058823529411763,248.0
2022-01-08 23:43:42.305000+00:00,2732.0,0.5,0.8,0.6058823529411763,248.0
2022-01-08 23:43:57.805000+00:00,2732.0,0.3,0.8,0.6058823529411763,248.0
2022-01-08 23:44:13.305000+00:00,2732.0,0.2,0.8,0.6058823529411763,248.0
2022-01-08 23:44:15.305000+00:00,2732.0,0.0,0.8,0.6058823529411763,248.0
2022-01-08 23:46:03.304000+00:00,2734.0,0.3,1.4,0.631578947368421,281.0
2022-01-08 23:46:18.915111111+00:00,2734.0,0.4,1.4,0.631578947368421,281.0
2022-01-08 23:46:34.526222222+00:00,2734.0,0.6,1.4,0.631578947368421,281.0
2022-01-08 23:46:50.137333333+00:00,2734.0,0.6,1.4,0.631578947368421,281.0
2022-01-08 23:47:05.748444444+00:00,2734.0,0.6,1.4,0.631578947368421,281.0
2022-01-08 23:47:21.359555556+00:00,2734.0,0.6,1.4,0.631578947368421,281.0
2022-01-08 23:47:36.970666667+00:00,2734.0,0.5,1.4,0.631578947368421,281.0
2022-01-08 23:47:52.581777778+00:00,2734.0,0.4,1.4,0.631578947368421,281.0
2022-01-08 23:48:08.192888889+00:00,2734.0,0.5,1.4,0.631578947368421,281.0
2022-01-08 23:48:23.804000+00:00,2734.0,0.4,1.4,0.631578947368421,281.0
2022-01-08 23:48:39.415111111+00:00,2734.0,0.4,1.4,0.631578947368421,281.0
2022-01-08 23:48:55.026222222+00:00,2734.0,0.7,1.4,0.631578947368421,281.0
2022-01-08 23:49:10.637333333+00:00,2734.0,1.4,1.4,0.631578947368421,281.0
2022-01-08 23:49:26.248444444+00:00,2734.0,1.2,1.4,0.631578947368421,281.0
2022-01-08 23:49:41.859555556+00:00,2734.0,1.2,1.4,0.631578947368421,281.0
2022-01-08 23:49:57.470666667+00:00,2734.0,0.9,1.4,0.631578947368421,281.0
2022-01-08 23:50:13.081777778+00:00,2734.0,0.6,1.4,0.631578947368421,281.0
2022-01-08 23:50:28.692888889+00:00,2734.0,0.4,1.4,0.631578947368421,281.0
2022-01-08 23:50:44.304000+00:00,2734.0,0.3,1.4,0.631578947368421,281.0
2022-01-08 23:50:46.304000+00:00,2734.0,0.0,1.4,0.631578947368421,281.0
2022-01-08 23:50:51.744000+00:00,2737.0,0.3,0.4,0.275,56.0
2022-01-08 23:51:10.410666667+00:00,2737.0,0.3,0.4,0.275,56.0
2022-01-08 23:51:29.077333333+00:00,2737.0,0.4,0.4,0.275,56.0
2022-01-08 23:51:47.744000+00:00,2737.0,0.1,0.4,0.275,56.0
2022-01-08 23:51:49.744000+00:00,2737.0,0.0,0.4,0.275,56.0
2022-01-08 23:51:59.304000+00:00,2739.0,0.3,0.7,0.3999999999999999,101.0
2022-01-08 23:52:16.137333333+00:00,2739.0,0.2,0.7,0.3999999999999999,101.0
2022-01-08 23:52:32.970666667+00:00,2739.0,0.3,0.7,0.3999999999999999,101.0
2022-01-08 23:52:49.804000+00:00,2739.0,0.6,0.7,0.3999999999999999,101.0
2022-01-08 23:53:06.637333333+00:00,2739.0,0.7,0.7,0.3999999999999999,101.0
2022-01-08 23:53:23.470666667+00:00,2739.0,0.5,0.7,0.3999999999999999,101.0
2022-01-08 23:53:40.304000+00:00,2739.0,0.2,0.7,0.3999999999999999,101.0
2022-01-08 23:53:42.304000+00:00,2739.0,0.0,0.7,0.3999999999999999,101.0
2022-01-08 23:53:50.743000+00:00,2740.0,0.3,0.3,0.2,25.0
2022-01-08 23:54:15.743000+00:00,2740.0,0.1,0.3,0.2,25.0
2022-01-08 23:54:17.743000+00:00,2740.0,0.0,0.3,0.2,25.0
2022-01-08 23:54:32.304000+00:00,2742.0,0.3,0.7,0.4785714285714285,201.0
2022-01-08 23:54:47.765538462+00:00,2742.0,0.5,0.7,0.4785714285714285,201.0
2022-01-08 23:55:03.227076923+00:00,2742.0,0.5,0.7,0.4785714285714285,201.0
2022-01-08 23:55:18.688615385+00:00,2742.0,0.4,0.7,0.4785714285714285,201.0
2022-01-08 23:55:34.150153846+00:00,2742.0,0.4,0.7,0.4785714285714285,201.0
2022-01-08 23:55:49.611692308+00:00,2742.0,0.5,0.7,0.4785714285714285,201.0
2022-01-08 23:56:05.073230769+00:00,2742.0,0.7,0.7,0.4785714285714285,201.0
2022-01-08 23:56:20.534769231+00:00,2742.0,0.7,0.7,0.4785714285714285,201.0
2022-01-08 23:56:35.996307692+00:00,2742.0,0.7,0.7,0.4785714285714285,201.0
2022-01-08 23:56:51.457846154+00:00,2742.0,0.6,0.7,0.4785714285714285,201.0
2022-01-08 23:57:06.919384615+00:00,2742.0,0.5,0.7,0.4785714285714285,201.0
2022-01-08 23:57:22.380923077+00:00,2742.0,0.5,0.7,0.4785714285714285,201.0
2022-01-08 23:57:37.842461538+00:00,2742.0,0.3,0.7,0.4785714285714285,201.0
2022-01-08 23:57:53.304000+00:00,2742.0,0.1,0.7,0.4785714285714285,201.0
2022-01-08 23:57:55.304000+00:00,2742.0,0.0,0.7,0.4785714285714285,201.0
2022-01-08 23:58:05.304000+00:00,2744.0,0.4,0.7,0.4499999999999999,117.0
2022-01-08 23:58:22.018285714+00:00,2744.0,0.3,0.7,0.4499999999999999,117.0
2022-01-08 23:58:38.732571429+00:00,2744.0,0.2,0.7,0.4499999999999999,117.0
2022-01-08 23:58:55.446857143+00:00,2744.0,0.5,0.7,0.4499999999999999,117.0
2022-01-08 23:59:12.161142857+00:00,2744.0,0.7,0.7,0.4499999999999999,117.0
2022-01-08 23:59:28.875428571+00:00,2744.0,0.6,0.7,0.4499999999999999,117.0
2022-01-08 23:59:45.589714286+00:00,2744.0,0.6,0.7,0.4499999999999999,117.0
2022-01-09 00:00:02.304000+00:00,2744.0,0.3,0.7,0.4499999999999999,117.0
2022-01-09 00:00:04.304000+00:00,2744.0,0.0,0.7,0.4499999999999999,117.0
2022-01-09 00:00:09.743000+00:00,2745.0,0.5,0.6,0.45,146.0
2022-01-09 00:00:25.965222222+00:00,2745.0,0.5,0.6,0.45,146.0
2022-01-09 00:00:42.187444444+00:00,2745.0,0.5,0.6,0.45,146.0
2022-01-09 00:00:58.409666667+00:00,2745.0,0.5,0.6,0.45,146.0
2022-01-09 00:01:14.631888889+00:00,2745.0,0.6,0.6,0.45,146.0
2022-01-09 00:01:30.854111111+00:00,2745.0,0.6,0.6,0.45,146.0
2022-01-09 00:01:47.076333333+00:00,2745.0,0.4,0.6,0.45,146.0
2022-01-09 00:02:03.298555556+00:00,2745.0,0.3,0.6,0.45,146.0
2022-01-09 00:02:19.520777778+00:00,2745.0,0.3,0.6,0.45,146.0
2022-01-09 00:02:35.743000+00:00,2745.0,0.3,0.6,0.45,146.0
2022-01-09 00:02:37.743000+00:00,2745.0,0.0,0.6,0.45,146.0
2022-01-09 00:04:32.743000+00:00,2747.0,0.4,0.9,0.5944444444444446,269.0
2022-01-09 00:04:48.566529412+00:00,2747.0,0.4,0.9,0.5944444444444446,269.0
2022-01-09 00:05:04.390058824+00:00,2747.0,0.5,0.9,0.5944444444444446,269.0
2022-01-09 00:05:20.213588235+00:00,2747.0,0.5,0.9,0.5944444444444446,269.0
2022-01-09 00:05:36.037117647+00:00,2747.0,0.5,0.9,0.5944444444444446,269.0
2022-01-09 00:05:51.860647059+00:00,2747.0,0.5,0.9,0.5944444444444446,269.0
2022-01-09 00:06:07.684176471+00:00,2747.0,0.6,0.9,0.5944444444444446,269.0
2022-01-09 00:06:23.507705882+00:00,2747.0,0.6,0.9,0.5944444444444446,269.0
2022-01-09 00:06:39.331235294+00:00,2747.0,0.5,0.9,0.5944444444444446,269.0
2022-01-09 00:06:55.154764706+00:00,2747.0,0.5,0.9,0.5944444444444446,269.0
2022-01-09 00:07:10.978294118+00:00,2747.0,0.7,0.9,0.5944444444444446,269.0
2022-01-09 00:07:26.801823529+00:00,2747.0,0.8,0.9,0.5944444444444446,269.0
2022-01-09 00:07:42.625352941+00:00,2747.0,0.7,0.9,0.5944444444444446,269.0
2022-01-09 00:07:58.448882353+00:00,2747.0,0.8,0.9,0.5944444444444446,269.0
2022-01-09 00:08:14.272411765+00:00,2747.0,0.7,0.9,0.5944444444444446,269.0
2022-01-09 00:08:30.095941176+00:00,2747.0,0.6,0.9,0.5944444444444446,269.0
2022-01-09 00:08:45.919470588+00:00,2747.0,0.9,0.9,0.5944444444444446,269.0
2022-01-09 00:09:01.743000+00:00,2747.0,0.5,0.9,0.5944444444444446,269.0
2022-01-09 00:09:03.743000+00:00,2747.0,0.0,0.9,0.5944444444444446,269.0
2022-01-09 00:09:08.743000+00:00,2747.0,0.3,0.3,0.25,27.0
2022-01-09 00:09:35.743000+00:00,2747.0,0.2,0.3,0.25,27.0
2022-01-09 00:09:37.743000+00:00,2747.0,0.0,0.3,0.25,27.0
2022-01-09 00:09:42.304000+00:00,2749.0,0.4,0.4,0.38,76.0
2022-01-09 00:09:57.504000+00:00,2749.0,0.4,0.4,0.38,76.0
2022-01-09 00:10:12.704000+00:00,2749.0,0.4,0.4,0.38,76.0
2022-01-09 00:10:27.904000+00:00,2749.0,0.4,0.4,0.38,76.0
2022-01-09 00:10:43.104000+00:00,2749.0,0.3,0.4,0.38,76.0
2022-01-09 00:10:58.304000+00:00,2749.0,0.0,0.4,0.38,76.0
2022-01-09 00:11:00.304000+00:00,2749.0,0.0,0.4,0.38,76.0
2022-01-09 00:16:05.304000+00:00,2747.0,0.6,0.6,0.3999999999999999,37.0
2022-01-09 00:16:23.804000+00:00,2747.0,0.4,0.6,0.3999999999999999,37.0
2022-01-09 00:16:42.304000+00:00,2747.0,0.2,0.6,0.3999999999999999,37.0
2022-01-09 00:16:44.304000+00:00,2747.0,0.0,0.6,0.3999999999999999,37.0
2022-01-09 00:40:08.742000+00:00,2725.0,0.4,0.7,0.5,43.0
2022-01-09 00:40:30.242000+00:00,2725.0,0.7,0.7,0.5,43.0
2022-01-09 00:40:51.742000+00:00,2725.0,0.4,0.7,0.5,43.0
2022-01-09 00:40:53.742000+00:00,2725.0,0.0,0.7,0.5,43.0
2022-01-09 00:42:19.742000+00:00,2725.0,0.6,0.6,0.42,65.0
2022-01-09 00:42:35.992000+00:00,2725.0,0.5,0.6,0.42,65.0
2022-01-09 00:42:52.242000+00:00,2725.0,0.5,0.6,0.42,65.0
2022-01-09 00:43:08.492000+00:00,2725.0,0.4,0.6,0.42,65.0
2022-01-09 00:43:24.742000+00:00,2725.0,0.1,0.6,0.42,65.0
2022-01-09 00:43:26.742000+00:00,2725.0,0.0,0.6,0.42,65.0
2022-01-09 00:56:52.742000+00:00,2711.0,0.3,0.3,0.3,16.0
2022-01-09 00:57:08.742000+00:00,2711.0,0.0,0.3,0.3,16.0
2022-01-09 00:57:10.742000+00:00,2711.0,0.0,0.3,0.3,16.0
2022-01-09 01:10:33.302000+00:00,2718.0,0.2,0.2,0.2,12.0
2022-01-09 01:10:35.302000+00:00,2718.0,0.0,0.2,0.2,12.0
2022-01-09 01:10:44.741000+00:00,2719.0,0.1,0.1,0.1,4.0
2022-01-09 01:10:46.741000+00:00,2719.0,0.0,0.1,0.1,4.0
2022-01-09 01:16:48.302000+00:00,2722.0,0.3,0.3,0.3,7.0
2022-01-09 01:16:50.302000+00:00,2722.0,0.0,0.3,0.3,7.0
2022-01-09 01:17:12.302000+00:00,2727.0,4.6,6.2,4.3875,236.0
2022-01-09 01:17:28.035333333+00:00,2727.0,6.2,6.2,4.3875,236.0
2022-01-09 01:17:43.768666667+00:00,2727.0,6.2,6.2,4.3875,236.0
2022-01-09 01:17:59.502000+00:00,2727.0,5.8,6.2,4.3875,236.0
2022-01-09 01:18:15.235333333+00:00,2727.0,5.3,6.2,4.3875,236.0
2022-01-09 01:18:30.968666667+00:00,2727.0,5.1,6.2,4.3875,236.0
2022-01-09 01:18:46.702000+00:00,2727.0,4.6,6.2,4.3875,236.0
2022-01-09 01:19:02.435333333+00:00,2727.0,4.7,6.2,4.3875,236.0
2022-01-09 01:19:18.168666667+00:00,2727.0,5.4,6.2,4.3875,236.0
2022-01-09 01:19:33.902000+00:00,2727.0,5.0,6.2,4.3875,236.0
2022-01-09 01:19:49.635333333+00:00,2727.0,5.0,6.2,4.3875,236.0
2022-01-09 01:20:05.368666667+00:00,2727.0,4.0,6.2,4.3875,236.0
2022-01-09 01:20:21.102000+00:00,2727.0,3.3,6.2,4.3875,236.0
2022-01-09 01:20:36.835333332+00:00,2727.0,2.6,6.2,4.3875,236.0
2022-01-09 01:20:52.568666667+00:00,2727.0,1.8,6.2,4.3875,236.0
2022-01-09 01:21:08.302000+00:00,2727.0,0.6,6.2,4.3875,236.0
2022-01-09 01:21:10.302000+00:00,2727.0,0.0,6.2,4.3875,236.0
2022-01-09 01:21:15.302000+00:00,2723.0,0.4,1.2,0.5142857142857143,105.0
2022-01-09 01:21:30.302000+00:00,2723.0,0.2,1.2,0.5142857142857143,105.0
2022-01-09 01:21:45.302000+00:00,2723.0,0.5,1.2,0.5142857142857143,105.0
2022-01-09 01:22:00.302000+00:00,2723.0,0.3,1.2,0.5142857142857143,105.0
2022-01-09 01:22:15.302000+00:00,2723.0,1.2,1.2,0.5142857142857143,105.0
2022-01-09 01:22:30.302000+00:00,2723.0,0.8,1.2,0.5142857142857143,105.0
2022-01-09 01:22:45.302000+00:00,2723.0,0.2,1.2,0.5142857142857143,105.0
2022-01-09 01:23:00.302000+00:00,2723.0,0.0,1.2,0.5142857142857143,105.0
2022-01-09 01:23:02.302000+00:00,2723.0,0.0,1.2,0.5142857142857143,105.0
2022-01-09 01:26:15.302000+00:00,2724.0,0.5,0.5,0.3166666666666667,76.0
2022-01-09 01:26:30.502000+00:00,2724.0,0.3,0.5,0.3166666666666667,76.0
2022-01-09 01:26:45.702000+00:00,2724.0,0.4,0.5,0.3166666666666667,76.0
2022-01-09 01:27:00.902000+00:00,2724.0,0.3,0.5,0.3166666666666667,76.0
2022-01-09 01:27:16.102000+00:00,2724.0,0.3,0.5,0.3166666666666667,76.0
2022-01-09 01:27:31.302000+00:00,2724.0,0.1,0.5,0.3166666666666667,76.0
2022-01-09 01:27:33.302000+00:00,2724.0,0.0,0.5,0.3166666666666667,76.0
2022-01-09 01:29:18.301000+00:00,2730.0,0.7,0.7,0.4333333333333333,84.0
2022-01-09 01:29:35.101000+00:00,2730.0,0.7,0.7,0.4333333333333333,84.0
2022-01-09 01:29:51.901000+00:00,2730.0,0.5,0.7,0.4333333333333333,84.0
2022-01-09 01:30:08.701000+00:00,2730.0,0.3,0.7,0.4333333333333333,84.0
2022-01-09 01:30:25.501000+00:00,2730.0,0.2,0.7,0.4333333333333333,84.0
2022-01-09 01:30:42.301000+00:00,2730.0,0.2,0.7,0.4333333333333333,84.0
2022-01-09 01:30:44.301000+00:00,2730.0,0.0,0.7,0.4333333333333333,84.0
2022-01-09 01:30:51.301000+00:00,2732.0,0.5,0.5,0.375,55.0
2022-01-09 01:31:09.634333333+00:00,2732.0,0.4,0.5,0.375,55.0
2022-01-09 01:31:27.967666667+00:00,2732.0,0.3,0.5,0.375,55.0
2022-01-09 01:31:46.301000+00:00,2732.0,0.3,0.5,0.375,55.0
2022-01-09 01:31:48.301000+00:00,2732.0,0.0,0.5,0.375,55.0
2022-01-09 01:33:34.740000+00:00,2736.0,0.2,0.3,0.2375,111.0
2022-01-09 01:33:50.597142857+00:00,2736.0,0.3,0.3,0.2375,111.0
2022-01-09 01:34:06.454285714+00:00,2736.0,0.3,0.3,0.2375,111.0
2022-01-09 01:34:22.311428571+00:00,2736.0,0.2,0.3,0.2375,111.0
2022-01-09 01:34:38.168571429+00:00,2736.0,0.2,0.3,0.2375,111.0
2022-01-09 01:34:54.025714286+00:00,2736.0,0.2,0.3,0.2375,111.0
2022-01-09 01:35:09.882857143+00:00,2736.0,0.3,0.3,0.2375,111.0
2022-01-09 01:35:25.740000+00:00,2736.0,0.2,0.3,0.2375,111.0
2022-01-09 01:35:27.740000+00:00,2736.0,0.0,0.3,0.2375,111.0
2022-01-09 01:35:33.301000+00:00,2738.0,0.3,0.4,0.2666666666666666,76.0
2022-01-09 01:35:48.501000+00:00,2738.0,0.4,0.4,0.2666666666666666,76.0
2022-01-09 01:36:03.701000+00:00,2738.0,0.4,0.4,0.2666666666666666,76.0
2022-01-09 01:36:18.901000+00:00,2738.0,0.2,0.4,0.2666666666666666,76.0
2022-01-09 01:36:34.101000+00:00,2738.0,0.2,0.4,0.2666666666666666,76.0
2022-01-09 01:36:49.301000+00:00,2738.0,0.1,0.4,0.2666666666666666,76.0
2022-01-09 01:36:51.301000+00:00,2738.0,0.0,0.4,0.2666666666666666,76.0
2022-01-09 01:38:02.301000+00:00,2739.0,0.2,0.2,0.2,8.0
2022-01-09 01:38:04.301000+00:00,2739.0,0.0,0.2,0.2,8.0
2022-01-09 01:39:09.301000+00:00,2740.0,0.7,0.8,0.5222222222222221,122.0
2022-01-09 01:39:24.551000+00:00,2740.0,0.7,0.8,0.5222222222222221,122.0
2022-01-09 01:39:39.801000+00:00,2740.0,0.4,0.8,0.5222222222222221,122.0
2022-01-09 01:39:55.051000+00:00,2740.0,0.8,0.8,0.5222222222222221,122.0
2022-01-09 01:40:10.301000+00:00,2740.0,0.6,0.8,0.5222222222222221,122.0
2022-01-09 01:40:25.551000+00:00,2740.0,0.6,0.8,0.5222222222222221,122.0
2022-01-09 01:40:40.801000+00:00,2740.0,0.4,0.8,0.5222222222222221,122.0
2022-01-09 01:40:56.051000+00:00,2740.0,0.4,0.8,0.5222222222222221,122.0
2022-01-09 01:41:11.301000+00:00,2740.0,0.1,0.8,0.5222222222222221,122.0
2022-01-09 01:41:13.301000+00:00,2740.0,0.0,0.8,0.5222222222222221,122.0
2022-01-09 02:00:34.740000+00:00,2738.0,0.1,0.1,0.1,11.0
2022-01-09 02:00:36.740000+00:00,2738.0,0.0,0.1,0.1,11.0
2022-01-09 02:01:19.740000+00:00,2746.0,0.4,7.1,5.300000000000001,238.0
2022-01-09 02:01:35.606666667+00:00,2746.0,3.2,7.1,5.300000000000001,238.0
2022-01-09 02:01:51.473333333+00:00,2746.0,5.4,7.1,5.300000000000001,238.0
2022-01-09 02:02:07.340000+00:00,2746.0,6.9,7.1,5.300000000000001,238.0
2022-01-09 02:02:23.206666667+00:00,2746.0,7.1,7.1,5.300000000000001,238.0
2022-01-09 02:02:39.073333333+00:00,2746.0,7.0,7.1,5.300000000000001,238.0
2022-01-09 02:02:54.940000+00:00,2746.0,7.0,7.1,5.300000000000001,238.0
2022-01-09 02:03:10.806666667+00:00,2746.0,6.6,7.1,5.300000000000001,238.0
2022-01-09 02:03:26.673333333+00:00,2746.0,6.7,7.1,5.300000000000001,238.0
2022-01-09 02:03:42.540000+00:00,2746.0,6.7,7.1,5.300000000000001,238.0
2022-01-09 02:03:58.406666667+00:00,2746.0,6.7,7.1,5.300000000000001,238.0
2022-01-09 02:04:14.273333332+00:00,2746.0,6.6,7.1,5.300000000000001,238.0
2022-01-09 02:04:30.140000+00:00,2746.0,6.2,7.1,5.300000000000001,238.0
2022-01-09 02:04:46.006666667+00:00,2746.0,5.2,7.1,5.300000000000001,238.0
2022-01-09 02:05:01.873333333+00:00,2746.0,2.5,7.1,5.300000000000001,238.0
2022-01-09 02:05:17.740000+00:00,2746.0,0.6,7.1,5.300000000000001,238.0
2022-01-09 02:05:19.740000+00:00,2746.0,0.0,7.1,5.300000000000001,238.0
2022-01-09 02:05:39.300000+00:00,2750.0,6.4,10.9,9.422222222222222,1028.0
2022-01-09 02:06:39.770588235+00:00,2750.0,10.6,10.9,9.422222222222222,1028.0
2022-01-09 02:07:40.241176471+00:00,2750.0,10.9,10.9,9.422222222222222,1028.0
2022-01-09 02:08:40.711764706+00:00,2750.0,10.9,10.9,9.422222222222222,1028.0
2022-01-09 02:09:41.182352941+00:00,2750.0,9.9,10.9,9.422222222222222,1028.0
2022-01-09 02:10:41.652941176+00:00,2750.0,9.7,10.9,9.422222222222222,1028.0
2022-01-09 02:11:42.123529412+00:00,2750.0,9.8,10.9,9.422222222222222,1028.0
2022-01-09 02:12:42.594117647+00:00,2750.0,10.5,10.9,9.422222222222222,1028.0
2022-01-09 02:13:43.064705882+00:00,2750.0,10.4,10.9,9.422222222222222,1028.0
2022-01-09 02:14:43.535294118+00:00,2750.0,10.5,10.9,9.422222222222222,1028.0
2022-01-09 02:15:44.005882353+00:00,2750.0,10.5,10.9,9.422222222222222,1028.0
2022-01-09 02:16:44.476470588+00:00,2750.0,10.5,10.9,9.422222222222222,1028.0
2022-01-09 02:17:44.947058824+00:00,2750.0,10.5,10.9,9.422222222222222,1028.0
2022-01-09 02:18:45.417647059+00:00,2750.0,10.5,10.9,9.422222222222222,1028.0
2022-01-09 02:19:45.888235294+00:00,2750.0,10.5,10.9,9.422222222222222,1028.0
2022-01-09 02:20:46.358823529+00:00,2750.0,10.5,10.9,9.422222222222222,1028.0
2022-01-09 02:21:46.829411765+00:00,2750.0,6.9,10.9,9.422222222222222,1028.0
2022-01-09 02:22:47.300000+00:00,2750.0,0.1,10.9,9.422222222222222,1028.0
2022-01-09 02:22:49.300000+00:00,2750.0,0.0,10.9,9.422222222222222,1028.0
2022-01-09 02:23:46.300000+00:00,2731.0,0.4,0.4,0.4,10.0
2022-01-09 02:23:48.300000+00:00,2731.0,0.0,0.4,0.4,10.0
2022-01-09 02:24:05.300000+00:00,2743.0,7.0,8.5,7.043749999999999,915.0
2022-01-09 02:25:06.300000+00:00,2743.0,8.0,8.5,7.043749999999999,915.0
2022-01-09 02:26:07.300000+00:00,2743.0,8.5,8.5,7.043749999999999,915.0
2022-01-09 02:27:08.300000+00:00,2743.0,7.4,8.5,7.043749999999999,915.0
2022-01-09 02:28:09.300000+00:00,2743.0,6.8,8.5,7.043749999999999,915.0
2022-01-09 02:29:10.300000+00:00,2743.0,7.5,8.5,7.043749999999999,915.0
2022-01-09 02:30:11.300000+00:00,2743.0,8.1,8.5,7.043749999999999,915.0
2022-01-09 02:31:12.300000+00:00,2743.0,7.7,8.5,7.043749999999999,915.0
2022-01-09 02:32:13.300000+00:00,2743.0,7.6,8.5,7.043749999999999,915.0
2022-01-09 02:33:14.300000+00:00,2743.0,7.2,8.5,7.043749999999999,915.0
2022-01-09 02:34:15.300000+00:00,2743.0,7.0,8.5,7.043749999999999,915.0
2022-01-09 02:35:16.300000+00:00,2743.0,7.2,8.5,7.043749999999999,915.0
2022-01-09 02:36:17.300000+00:00,2743.0,7.2,8.5,7.043749999999999,915.0
2022-01-09 02:37:18.300000+00:00,2743.0,6.7,8.5,7.043749999999999,915.0
2022-01-09 02:38:19.300000+00:00,2743.0,6.4,8.5,7.043749999999999,915.0
2022-01-09 02:39:20.300000+00:00,2743.0,2.4,8.5,7.043749999999999,915.0
2022-01-09 02:39:22.300000+00:00,2743.0,0.0,8.5,7.043749999999999,915.0
2022-01-09 02:57:12.738000+00:00,2732.0,0.1,0.1,0.1,1.0
2022-01-09 02:57:14.738000+00:00,2732.0,0.0,0.1,0.1,1.0
2022-01-09 02:57:19.299000+00:00,2750.0,6.3,9.9,9.36,880.0
2022-01-09 02:58:05.614789474+00:00,2750.0,9.9,9.9,9.36,880.0
2022-01-09 02:58:51.930578947+00:00,2750.0,9.9,9.9,9.36,880.0
2022-01-09 02:59:38.246368421+00:00,2750.0,9.9,9.9,9.36,880.0
2022-01-09 03:00:24.562157894+00:00,2750.0,9.9,9.9,9.36,880.0
2022-01-09 03:01:10.877947368+00:00,2750.0,9.9,9.9,9.36,880.0
2022-01-09 03:01:57.193736842+00:00,2750.0,9.9,9.9,9.36,880.0
2022-01-09 03:02:43.509526316+00:00,2750.0,9.9,9.9,9.36,880.0
2022-01-09 03:03:29.825315789+00:00,2750.0,9.9,9.9,9.36,880.0
2022-01-09 03:04:16.141105263+00:00,2750.0,9.9,9.9,9.36,880.0
2022-01-09 03:05:02.456894737+00:00,2750.0,9.9,9.9,9.36,880.0
2022-01-09 03:05:48.772684211+00:00,2750.0,9.9,9.9,9.36,880.0
2022-01-09 03:06:35.088473684+00:00,2750.0,9.9,9.9,9.36,880.0
2022-01-09 03:07:21.404263158+00:00,2750.0,9.9,9.9,9.36,880.0
2022-01-09 03:08:07.720052632+00:00,2750.0,9.9,9.9,9.36,880.0
2022-01-09 03:08:54.035842105+00:00,2750.0,9.9,9.9,9.36,880.0
2022-01-09 03:09:40.351631579+00:00,2750.0,9.9,9.9,9.36,880.0
2022-01-09 03:10:26.667421053+00:00,2750.0,9.9,9.9,9.36,880.0
2022-01-09 03:11:12.983210526+00:00,2750.0,9.6,9.9,9.36,880.0
2022-01-09 03:11:59.299000+00:00,2750.0,3.0,9.9,9.36,880.0
2022-01-09 03:12:01.299000+00:00,2750.0,0.0,9.9,9.36,880.0
2022-01-09 03:13:11.737000+00:00,2755.0,7.6,9.9,8.649999999999999,909.0
2022-01-09 03:14:12.337000+00:00,2755.0,9.8,9.9,8.649999999999999,909.0
2022-01-09 03:15:12.937000+00:00,2755.0,9.9,9.9,8.649999999999999,909.0
2022-01-09 03:16:13.537000+00:00,2755.0,9.9,9.9,8.649999999999999,909.0
2022-01-09 03:17:14.137000+00:00,2755.0,9.5,9.9,8.649999999999999,909.0
2022-01-09 03:18:14.737000+00:00,2755.0,9.6,9.9,8.649999999999999,909.0
2022-01-09 03:19:15.337000+00:00,2755.0,9.6,9.9,8.649999999999999,909.0
2022-01-09 03:20:15.937000+00:00,2755.0,9.5,9.9,8.649999999999999,909.0
2022-01-09 03:21:16.537000+00:00,2755.0,9.4,9.9,8.649999999999999,909.0
2022-01-09 03:22:17.137000+00:00,2755.0,9.4,9.9,8.649999999999999,909.0
2022-01-09 03:23:17.737000+00:00,2755.0,9.6,9.9,8.649999999999999,909.0
2022-01-09 03:24:18.337000+00:00,2755.0,9.5,9.9,8.649999999999999,909.0
2022-01-09 03:25:18.937000+00:00,2755.0,9.4,9.9,8.649999999999999,909.0
2022-01-09 03:26:19.537000+00:00,2755.0,9.3,9.9,8.649999999999999,909.0
2022-01-09 03:27:20.137000+00:00,2755.0,6.2,9.9,8.649999999999999,909.0
2022-01-09 03:28:20.737000+00:00,2755.0,0.2,9.9,8.649999999999999,909.0
2022-01-09 03:28:22.737000+00:00,2755.0,0.0,9.9,8.649999999999999,909.0
2022-01-09 03:29:13.298000+00:00,2756.0,7.7,11.0,9.18125,914.0
2022-01-09 03:30:14.231333333+00:00,2756.0,9.3,11.0,9.18125,914.0
2022-01-09 03:31:15.164666667+00:00,2756.0,8.9,11.0,9.18125,914.0
2022-01-09 03:32:16.098000+00:00,2756.0,8.3,11.0,9.18125,914.0
2022-01-09 03:33:17.031333333+00:00,2756.0,8.6,11.0,9.18125,914.0
2022-01-09 03:34:17.964666667+00:00,2756.0,8.7,11.0,9.18125,914.0
2022-01-09 03:35:18.898000+00:00,2756.0,8.8,11.0,9.18125,914.0
2022-01-09 03:36:19.831333332+00:00,2756.0,9.6,11.0,9.18125,914.0
2022-01-09 03:37:20.764666667+00:00,2756.0,10.5,11.0,9.18125,914.0
2022-01-09 03:38:21.698000+00:00,2756.0,11.0,11.0,9.18125,914.0
2022-01-09 03:39:22.631333333+00:00,2756.0,10.9,11.0,9.18125,914.0
2022-01-09 03:40:23.564666667+00:00,2756.0,11.0,11.0,9.18125,914.0
2022-01-09 03:41:24.498000+00:00,2756.0,10.9,11.0,9.18125,914.0
2022-01-09 03:42:25.431333333+00:00,2756.0,10.9,11.0,9.18125,914.0
2022-01-09 03:43:26.364666667+00:00,2756.0,9.4,11.0,9.18125,914.0
2022-01-09 03:44:27.298000+00:00,2756.0,2.4,11.0,9.18125,914.0
2022-01-09 03:44:29.298000+00:00,2756.0,0.0,11.0,9.18125,914.0
2022-01-09 03:44:37.737000+00:00,2738.0,0.1,0.1,0.1,2.0
2022-01-09 03:44:39.737000+00:00,2738.0,0.0,0.1,0.1,2.0
2022-01-09 03:45:30.298000+00:00,2742.0,0.2,0.2,0.2,4.0
2022-01-09 03:45:32.298000+00:00,2742.0,0.0,0.2,0.2,4.0
2022-01-09 03:45:45.737000+00:00,2744.0,0.3,0.3,0.3,8.0
2022-01-09 03:45:47.737000+00:00,2744.0,0.0,0.3,0.3,8.0
2022-01-09 03:46:06.737000+00:00,2762.0,6.9,12.8,11.10625,711.0
2022-01-09 03:46:54.137000+00:00,2762.0,10.4,12.8,11.10625,711.0
2022-01-09 03:47:41.537000+00:00,2762.0,11.7,12.8,11.10625,711.0
2022-01-09 03:48:28.937000+00:00,2762.0,12.7,12.8,11.10625,711.0
2022-01-09 03:49:16.337000+00:00,2762.0,12.8,12.8,11.10625,711.0
2022-01-09 03:50:03.737000+00:00,2762.0,12.2,12.8,11.10625,711.0
2022-01-09 03:50:51.137000+00:00,2762.0,12.4,12.8,11.10625,711.0
2022-01-09 03:51:38.537000+00:00,2762.0,12.3,12.8,11.10625,711.0
2022-01-09 03:52:25.937000+00:00,2762.0,12.4,12.8,11.10625,711.0
2022-01-09 03:53:13.337000+00:00,2762.0,12.4,12.8,11.10625,711.0
2022-01-09 03:54:00.737000+00:00,2762.0,12.3,12.8,11.10625,711.0
2022-01-09 03:54:48.137000+00:00,2762.0,12.1,12.8,11.10625,711.0
2022-01-09 03:55:35.537000+00:00,2762.0,11.9,12.8,11.10625,711.0
2022-01-09 03:56:22.937000+00:00,2762.0,11.5,12.8,11.10625,711.0
2022-01-09 03:57:10.337000+00:00,2762.0,11.0,12.8,11.10625,711.0
2022-01-09 03:57:57.737000+00:00,2762.0,2.7,12.8,11.10625,711.0
2022-01-09 03:57:59.737000+00:00,2762.0,0.0,12.8,11.10625,711.0
2022-01-09 03:58:16.298000+00:00,2744.0,0.7,0.7,0.3999999999999999,17.0
2022-01-09 03:58:33.298000+00:00,2744.0,0.1,0.7,0.3999999999999999,17.0
2022-01-09 03:58:35.298000+00:00,2744.0,0.0,0.7,0.3999999999999999,17.0
2022-01-09 03:58:40.737000+00:00,2746.0,0.8,0.8,0.7,28.0
2022-01-09 03:59:08.737000+00:00,2746.0,0.6,0.8,0.7,28.0
2022-01-09 03:59:10.737000+00:00,2746.0,0.0,0.8,0.7,28.0
2022-01-09 04:00:51.737000+00:00,2753.0,3.0,3.5,2.275,51.0
2022-01-09 04:01:08.737000+00:00,2753.0,3.5,3.5,2.275,51.0
2022-01-09 04:01:25.737000+00:00,2753.0,2.1,3.5,2.275,51.0
2022-01-09 04:01:42.737000+00:00,2753.0,0.5,3.5,2.275,51.0
2022-01-09 04:01:44.737000+00:00,2753.0,0.0,3.5,2.275,51.0
2022-01-09 04:01:55.297000+00:00,2769.0,15.3,16.9,12.95,1574.0
2022-01-09 04:03:27.885235294+00:00,2769.0,16.9,16.9,12.95,1574.0
2022-01-09 04:05:00.473470588+00:00,2769.0,16.4,16.9,12.95,1574.0
2022-01-09 04:06:33.061705882+00:00,2769.0,13.0,16.9,12.95,1574.0
2022-01-09 04:08:05.649941176+00:00,2769.0,12.5,16.9,12.95,1574.0
2022-01-09 04:09:38.238176471+00:00,2769.0,12.6,16.9,12.95,1574.0
2022-01-09 04:11:10.826411765+00:00,2769.0,12.6,16.9,12.95,1574.0
2022-01-09 04:12:43.414647059+00:00,2769.0,12.6,16.9,12.95,1574.0
2022-01-09 04:14:16.002882353+00:00,2769.0,12.6,16.9,12.95,1574.0
2022-01-09 04:15:48.591117647+00:00,2769.0,12.6,16.9,12.95,1574.0
2022-01-09 04:17:21.179352941+00:00,2769.0,12.6,16.9,12.95,1574.0
2022-01-09 04:18:53.767588235+00:00,2769.0,12.6,16.9,12.95,1574.0
2022-01-09 04:20:26.355823529+00:00,2769.0,12.6,16.9,12.95,1574.0
2022-01-09 04:21:58.944058824+00:00,2769.0,12.6,16.9,12.95,1574.0
2022-01-09 04:23:31.532294118+00:00,2769.0,12.6,16.9,12.95,1574.0
2022-01-09 04:25:04.120529412+00:00,2769.0,12.6,16.9,12.95,1574.0
2022-01-09 04:26:36.708764706+00:00,2769.0,12.6,16.9,12.95,1574.0
2022-01-09 04:28:09.297000+00:00,2769.0,7.8,16.9,12.95,1574.0
2022-01-09 04:28:11.297000+00:00,2769.0,0.0,16.9,12.95,1574.0
2022-01-09 04:29:45.296000+00:00,2779.0,10.6,12.7,12.342105263157894,1689.0
2022-01-09 04:31:19.129333333+00:00,2779.0,12.7,12.7,12.342105263157894,1689.0
2022-01-09 04:32:52.962666667+00:00,2779.0,12.7,12.7,12.342105263157894,1689.0
2022-01-09 04:34:26.796000+00:00,2779.0,12.7,12.7,12.342105263157894,1689.0
2022-01-09 04:36:00.629333333+00:00,2779.0,12.7,12.7,12.342105263157894,1689.0
2022-01-09 04:37:34.462666667+00:00,2779.0,12.7,12.7,12.342105263157894,1689.0
2022-01-09 04:39:08.296000+00:00,2779.0,12.7,12.7,12.342105263157894,1689.0
2022-01-09 04:40:42.129333333+00:00,2779.0,12.7,12.7,12.342105263157894,1689.0
2022-01-09 04:42:15.962666667+00:00,2779.0,12.7,12.7,12.342105263157894,1689.0
2022-01-09 04:43:49.796000+00:00,2779.0,12.7,12.7,12.342105263157894,1689.0
2022-01-09 04:45:23.629333333+00:00,2779.0,12.7,12.7,12.342105263157894,1689.0
2022-01-09 04:46:57.462666667+00:00,2779.0,12.7,12.7,12.342105263157894,1689.0
2022-01-09 04:48:31.296000+00:00,2779.0,12.7,12.7,12.342105263157894,1689.0
2022-01-09 04:50:05.129333333+00:00,2779.0,12.7,12.7,12.342105263157894,1689.0
2022-01-09 04:51:38.962666667+00:00,2779.0,12.7,12.7,12.342105263157894,1689.0
2022-01-09 04:53:12.796000+00:00,2779.0,12.7,12.7,12.342105263157894,1689.0
2022-01-09 04:54:46.629333333+00:00,2779.0,12.7,12.7,12.342105263157894,1689.0
2022-01-09 04:56:20.462666667+00:00,2779.0,12.7,12.7,12.342105263157894,1689.0
2022-01-09 04:57:54.296000+00:00,2779.0,8.0,12.7,12.342105263157894,1689.0
2022-01-09 04:57:56.296000+00:00,2779.0,0.0,12.7,12.342105263157894,1689.0
2022-01-09 04:58:53.296000+00:00,2763.0,0.3,0.3,0.3,17.0
2022-01-09 04:59:10.296000+00:00,2763.0,0.0,0.3,0.3,17.0
2022-01-09 04:59:12.296000+00:00,2763.0,0.0,0.3,0.3,17.0
2022-01-09 04:59:27.295000+00:00,2786.0,9.9,12.8,12.245,1471.0
2022-01-09 05:00:44.716052632+00:00,2786.0,12.7,12.8,12.245,1471.0
2022-01-09 05:02:02.137105263+00:00,2786.0,12.7,12.8,12.245,1471.0
2022-01-09 05:03:19.558157894+00:00,2786.0,12.7,12.8,12.245,1471.0
2022-01-09 05:04:36.979210526+00:00,2786.0,12.7,12.8,12.245,1471.0
2022-01-09 05:05:54.400263158+00:00,2786.0,12.7,12.8,12.245,1471.0
2022-01-09 05:07:11.821315789+00:00,2786.0,12.8,12.8,12.245,1471.0
2022-01-09 05:08:29.242368421+00:00,2786.0,12.8,12.8,12.245,1471.0
2022-01-09 05:09:46.663421053+00:00,2786.0,12.8,12.8,12.245,1471.0
2022-01-09 05:11:04.084473684+00:00,2786.0,12.8,12.8,12.245,1471.0
2022-01-09 05:12:21.505526316+00:00,2786.0,12.8,12.8,12.245,1471.0
2022-01-09 05:13:38.926578947+00:00,2786.0,12.8,12.8,12.245,1471.0
2022-01-09 05:14:56.347631579+00:00,2786.0,12.8,12.8,12.245,1471.0
2022-01-09 05:16:13.768684211+00:00,2786.0,12.8,12.8,12.245,1471.0
2022-01-09 05:17:31.189736842+00:00,2786.0,12.8,12.8,12.245,1471.0
2022-01-09 05:18:48.610789474+00:00,2786.0,12.8,12.8,12.245,1471.0
2022-01-09 05:20:06.031842105+00:00,2786.0,12.8,12.8,12.245,1471.0
2022-01-09 05:21:23.452894737+00:00,2786.0,12.8,12.8,12.245,1471.0
2022-01-09 05:22:40.873947368+00:00,2786.0,12.8,12.8,12.245,1471.0
2022-01-09 05:23:58.295000+00:00,2786.0,5.1,12.8,12.245,1471.0
2022-01-09 05:24:00.295000+00:00,2786.0,0.0,12.8,12.245,1471.0
2022-01-09 05:25:17.734000+00:00,2794.0,11.1,13.0,12.411111111111111,1612.0
2022-01-09 05:26:52.557529412+00:00,2794.0,13.0,13.0,12.411111111111111,1612.0
2022-01-09 05:28:27.381058824+00:00,2794.0,12.8,13.0,12.411111111111111,1612.0
2022-01-09 05:30:02.204588235+00:00,2794.0,12.7,13.0,12.411111111111111,1612.0
2022-01-09 05:31:37.028117647+00:00,2794.0,12.7,13.0,12.411111111111111,1612.0
2022-01-09 05:33:11.851647059+00:00,2794.0,12.7,13.0,12.411111111111111,1612.0
2022-01-09 05:34:46.675176471+00:00,2794.0,12.7,13.0,12.411111111111111,1612.0
2022-01-09 05:36:21.498705882+00:00,2794.0,12.7,13.0,12.411111111111111,1612.0
2022-01-09 05:37:56.322235294+00:00,2794.0,12.6,13.0,12.411111111111111,1612.0
2022-01-09 05:39:31.145764706+00:00,2794.0,12.7,13.0,12.411111111111111,1612.0
2022-01-09 05:41:05.969294118+00:00,2794.0,12.7,13.0,12.411111111111111,1612.0
2022-01-09 05:42:40.792823529+00:00,2794.0,12.7,13.0,12.411111111111111,1612.0
2022-01-09 05:44:15.616352941+00:00,2794.0,12.7,13.0,12.411111111111111,1612.0
2022-01-09 05:45:50.439882353+00:00,2794.0,12.7,13.0,12.411111111111111,1612.0
2022-01-09 05:47:25.263411765+00:00,2794.0,12.6,13.0,12.411111111111111,1612.0
2022-01-09 05:49:00.086941176+00:00,2794.0,12.7,13.0,12.411111111111111,1612.0
2022-01-09 05:50:34.910470588+00:00,2794.0,12.7,13.0,12.411111111111111,1612.0
2022-01-09 05:52:09.734000+00:00,2794.0,8.9,13.0,12.411111111111111,1612.0
2022-01-09 05:52:11.734000+00:00,2794.0,0.0,13.0,12.411111111111111,1612.0
2022-01-09 05:53:09.294000+00:00,2795.0,11.0,12.7,12.358823529411763,1511.0
2022-01-09 05:54:43.731500+00:00,2795.0,12.7,12.7,12.358823529411763,1511.0
2022-01-09 05:56:18.169000+00:00,2795.0,12.7,12.7,12.358823529411763,1511.0
2022-01-09 05:57:52.606500+00:00,2795.0,12.7,12.7,12.358823529411763,1511.0
2022-01-09 05:59:27.044000+00:00,2795.0,12.7,12.7,12.358823529411763,1511.0
2022-01-09 06:01:01.481500+00:00,2795.0,12.7,12.7,12.358823529411763,1511.0
2022-01-09 06:02:35.919000+00:00,2795.0,12.7,12.7,12.358823529411763,1511.0
2022-01-09 06:04:10.356500+00:00,2795.0,12.7,12.7,12.358823529411763,1511.0
2022-01-09 06:05:44.794000+00:00,2795.0,12.7,12.7,12.358823529411763,1511.0
2022-01-09 06:07:19.231500+00:00,2795.0,12.7,12.7,12.358823529411763,1511.0
2022-01-09 06:08:53.669000+00:00,2795.0,12.7,12.7,12.358823529411763,1511.0
2022-01-09 06:10:28.106500+00:00,2795.0,12.7,12.7,12.358823529411763,1511.0
2022-01-09 06:12:02.544000+00:00,2795.0,12.7,12.7,12.358823529411763,1511.0
2022-01-09 06:13:36.981500+00:00,2795.0,12.7,12.7,12.358823529411763,1511.0
2022-01-09 06:15:11.419000+00:00,2795.0,12.7,12.7,12.358823529411763,1511.0
2022-01-09 06:16:45.856500+00:00,2795.0,12.7,12.7,12.358823529411763,1511.0
2022-01-09 06:18:20.294000+00:00,2795.0,8.6,12.7,12.358823529411763,1511.0
2022-01-09 06:18:22.294000+00:00,2795.0,0.0,12.7,12.358823529411763,1511.0
2022-01-09 06:46:25.733000+00:00,2781.0,0.1,0.1,0.1,2.0
2022-01-09 06:46:27.733000+00:00,2781.0,0.0,0.1,0.1,2.0
2022-01-09 06:47:22.732000+00:00,2807.0,9.0,12.6,12.09,1484.0
2022-01-09 06:48:40.837263158+00:00,2807.0,12.4,12.6,12.09,1484.0
2022-01-09 06:49:58.942526316+00:00,2807.0,12.6,12.6,12.09,1484.0
2022-01-09 06:51:17.047789474+00:00,2807.0,12.6,12.6,12.09,1484.0
2022-01-09 06:52:35.153052632+00:00,2807.0,12.6,12.6,12.09,1484.0
2022-01-09 06:53:53.258315789+00:00,2807.0,12.5,12.6,12.09,1484.0
2022-01-09 06:55:11.363578947+00:00,2807.0,12.5,12.6,12.09,1484.0
2022-01-09 06:56:29.468842105+00:00,2807.0,12.5,12.6,12.09,1484.0
2022-01-09 06:57:47.574105263+00:00,2807.0,12.5,12.6,12.09,1484.0
2022-01-09 06:59:05.679368421+00:00,2807.0,12.5,12.6,12.09,1484.0
2022-01-09 07:00:23.784631579+00:00,2807.0,12.5,12.6,12.09,1484.0
2022-01-09 07:01:41.889894737+00:00,2807.0,12.5,12.6,12.09,1484.0
2022-01-09 07:02:59.995157894+00:00,2807.0,12.5,12.6,12.09,1484.0
2022-01-09 07:04:18.100421053+00:00,2807.0,12.5,12.6,12.09,1484.0
2022-01-09 07:05:36.205684211+00:00,2807.0,12.5,12.6,12.09,1484.0
2022-01-09 07:06:54.310947368+00:00,2807.0,12.5,12.6,12.09,1484.0
2022-01-09 07:08:12.416210526+00:00,2807.0,12.5,12.6,12.09,1484.0
2022-01-09 07:09:30.521473684+00:00,2807.0,12.5,12.6,12.09,1484.0
2022-01-09 07:10:48.626736842+00:00,2807.0,12.5,12.6,12.09,1484.0
2022-01-09 07:12:06.732000+00:00,2807.0,7.6,12.6,12.09,1484.0
2022-01-09 07:12:08.732000+00:00,2807.0,0.0,12.6,12.09,1484.0
2022-01-09 07:13:21.292000+00:00,2808.0,9.1,12.5,12.0,1411.0
2022-01-09 07:14:39.680888889+00:00,2808.0,12.5,12.5,12.0,1411.0
2022-01-09 07:15:58.069777778+00:00,2808.0,12.5,12.5,12.0,1411.0
2022-01-09 07:17:16.458666667+00:00,2808.0,12.5,12.5,12.0,1411.0
2022-01-09 07:18:34.847555556+00:00,2808.0,12.5,12.5,12.0,1411.0
2022-01-09 07:19:53.236444444+00:00,2808.0,12.5,12.5,12.0,1411.0
2022-01-09 07:21:11.625333333+00:00,2808.0,12.5,12.5,12.0,1411.0
2022-01-09 07:22:30.014222222+00:00,2808.0,12.5,12.5,12.0,1411.0
2022-01-09 07:23:48.403111111+00:00,2808.0,12.5,12.5,12.0,1411.0
2022-01-09 07:25:06.792000+00:00,2808.0,12.5,12.5,12.0,1411.0
2022-01-09 07:26:25.180888889+00:00,2808.0,12.5,12.5,12.0,1411.0
2022-01-09 07:27:43.569777778+00:00,2808.0,12.5,12.5,12.0,1411.0
2022-01-09 07:29:01.958666667+00:00,2808.0,12.5,12.5,12.0,1411.0
2022-01-09 07:30:20.347555556+00:00,2808.0,12.5,12.5,12.0,1411.0
2022-01-09 07:31:38.736444444+00:00,2808.0,12.5,12.5,12.0,1411.0
2022-01-09 07:32:57.125333333+00:00,2808.0,12.5,12.5,12.0,1411.0
2022-01-09 07:34:15.514222222+00:00,2808.0,12.5,12.5,12.0,1411.0
2022-01-09 07:35:33.903111111+00:00,2808.0,12.4,12.5,12.0,1411.0
2022-01-09 07:36:52.292000+00:00,2808.0,6.5,12.5,12.0,1411.0
2022-01-09 07:36:54.292000+00:00,2808.0,0.0,12.5,12.0,1411.0
2022-01-09 07:37:49.731000+00:00,2790.0,0.1,0.1,0.1,1.0
2022-01-09 07:37:51.731000+00:00,2790.0,0.0,0.1,0.1,1.0
2022-01-09 07:38:22.292000+00:00,2815.0,9.8,12.7,12.149999999999997,1780.0
2022-01-09 07:39:55.976210526+00:00,2815.0,12.6,12.7,12.149999999999997,1780.0
2022-01-09 07:41:29.660421053+00:00,2815.0,12.7,12.7,12.149999999999997,1780.0
2022-01-09 07:43:03.344631579+00:00,2815.0,12.6,12.7,12.149999999999997,1780.0
2022-01-09 07:44:37.028842105+00:00,2815.0,12.6,12.7,12.149999999999997,1780.0
2022-01-09 07:46:10.713052632+00:00,2815.0,12.6,12.7,12.149999999999997,1780.0
2022-01-09 07:47:44.397263158+00:00,2815.0,12.6,12.7,12.149999999999997,1780.0
2022-01-09 07:49:18.081473684+00:00,2815.0,12.6,12.7,12.149999999999997,1780.0
2022-01-09 07:50:51.765684211+00:00,2815.0,12.6,12.7,12.149999999999997,1780.0
2022-01-09 07:52:25.449894737+00:00,2815.0,12.6,12.7,12.149999999999997,1780.0
2022-01-09 07:53:59.134105263+00:00,2815.0,12.7,12.7,12.149999999999997,1780.0
2022-01-09 07:55:32.818315789+00:00,2815.0,12.7,12.7,12.149999999999997,1780.0
2022-01-09 07:57:06.502526316+00:00,2815.0,12.6,12.7,12.149999999999997,1780.0
2022-01-09 07:58:40.186736842+00:00,2815.0,12.7,12.7,12.149999999999997,1780.0
2022-01-09 08:00:13.870947368+00:00,2815.0,12.7,12.7,12.149999999999997,1780.0
2022-01-09 08:01:47.555157894+00:00,2815.0,12.7,12.7,12.149999999999997,1780.0
2022-01-09 08:03:21.239368421+00:00,2815.0,12.7,12.7,12.149999999999997,1780.0
2022-01-09 08:04:54.923578947+00:00,2815.0,12.7,12.7,12.149999999999997,1780.0
2022-01-09 08:06:28.607789474+00:00,2815.0,12.7,12.7,12.149999999999997,1780.0
2022-01-09 08:08:02.292000+00:00,2815.0,5.5,12.7,12.149999999999997,1780.0
2022-01-09 08:08:04.292000+00:00,2815.0,0.0,12.7,12.149999999999997,1780.0
2022-01-09 08:08:25.292000+00:00,2788.0,0.5,0.5,0.5,6.0
2022-01-09 08:08:27.292000+00:00,2788.0,0.0,0.5,0.5,6.0
2022-01-09 08:08:34.292000+00:00,2790.0,0.3,0.3,0.3,2.0
2022-01-09 08:08:36.292000+00:00,2790.0,0.0,0.3,0.3,2.0
2022-01-09 08:31:27.291000+00:00,2795.0,0.3,0.3,0.3,6.0
2022-01-09 08:31:29.291000+00:00,2795.0,0.0,0.3,0.3,6.0
2022-01-09 08:32:25.291000+00:00,2804.0,0.4,0.4,0.4,8.0
2022-01-09 08:32:27.291000+00:00,2804.0,0.0,0.4,0.4,8.0
2022-01-09 08:48:57.291000+00:00,2790.0,0.8,0.8,0.8,9.0
2022-01-09 08:48:59.291000+00:00,2790.0,0.0,0.8,0.8,9.0
2022-01-09 08:49:14.291000+00:00,2794.0,0.0,0.0,0.0,0.0
2022-01-09 08:49:14.291000+00:00,2794.0,0.0,0.0,0.0,0.0
2022-01-09 08:49:14.291000+00:00,2794.0,0.0,0.0,0.0,0.0
2022-01-09 08:49:14.291000+00:00,2794.0,0.0,0.0,0.0,0.0
2022-01-09 08:49:14.291000+00:00,2794.0,0.0,0.0,0.0,0.0
2022-01-09 08:49:14.291000+00:00,2794.0,0.0,0.0,0.0,0.0
2022-01-09 08:49:14.291000+00:00,2794.0,0.0,0.0,0.0,0.0
2022-01-09 08:49:14.291000+00:00,2794.0,0.0,0.0,0.0,0.0
2022-01-09 08:49:14.291000+00:00,2794.0,0.0,0.0,0.0,0.0
2022-01-09 08:49:14.291000+00:00,2794.0,0.0,0.0,0.0,0.0
2022-01-09 08:49:14.291000+00:00,2794.0,0.0,0.0,0.0,0.0
2022-01-09 08:49:14.291000+00:00,2794.0,0.0,0.0,0.0,0.0
2022-01-09 08:49:14.291000+00:00,2794.0,0.0,0.0,0.0,0.0
2022-01-09 08:49:14.291000+00:00,2794.0,0.0,0.0,0.0,0.0
2022-01-09 08:49:14.291000+00:00,2794.0,0.0,0.0,0.0,0.0
2022-01-09 08:49:14.291000+00:00,2794.0,0.0,0.0,0.0,0.0
2022-01-09 08:49:14.291000+00:00,2794.0,0.0,0.0,0.0,0.0
2022-01-09 08:49:14.291000+00:00,2794.0,0.0,0.0,0.0,0.0
2022-01-09 08:49:14.291000+00:00,2794.0,0.0,0.0,0.0,0.0
2022-01-09 08:49:14.291000+00:00,2794.0,0.0,0.0,0.0,0.0
2022-01-09 08:49:16.291000+00:00,2794.0,0.0,0.0,0.0,0.0
2022-01-09 09:04:37.730000+00:00,2806.0,0.5,0.5,0.5,6.0
2022-01-09 09:04:39.730000+00:00,2806.0,0.0,0.5,0.5,6.0
2022-01-09 09:17:15.290000+00:00,2857.0,6.5,8.4,7.14375,934.0
2022-01-09 09:18:17.556666667+00:00,2857.0,7.8,8.4,7.14375,934.0
2022-01-09 09:19:19.823333332+00:00,2857.0,7.5,8.4,7.14375,934.0
2022-01-09 09:20:22.090000+00:00,2857.0,8.4,8.4,7.14375,934.0
2022-01-09 09:21:24.356666667+00:00,2857.0,7.4,8.4,7.14375,934.0
2022-01-09 09:22:26.623333333+00:00,2857.0,6.1,8.4,7.14375,934.0
2022-01-09 09:23:28.890000+00:00,2857.0,7.8,8.4,7.14375,934.0
2022-01-09 09:24:31.156666667+00:00,2857.0,7.4,8.4,7.14375,934.0
2022-01-09 09:25:33.423333333+00:00,2857.0,7.5,8.4,7.14375,934.0
2022-01-09 09:26:35.690000+00:00,2857.0,7.1,8.4,7.14375,934.0
2022-01-09 09:27:37.956666667+00:00,2857.0,6.9,8.4,7.14375,934.0
2022-01-09 09:28:40.223333333+00:00,2857.0,7.0,8.4,7.14375,934.0
2022-01-09 09:29:42.490000+00:00,2857.0,7.7,8.4,7.14375,934.0
2022-01-09 09:30:44.756666667+00:00,2857.0,7.6,8.4,7.14375,934.0
2022-01-09 09:31:47.023333333+00:00,2857.0,7.8,8.4,7.14375,934.0
2022-01-09 09:32:49.290000+00:00,2857.0,3.8,8.4,7.14375,934.0
2022-01-09 09:32:51.290000+00:00,2857.0,0.0,8.4,7.14375,934.0
2022-01-09 09:33:08.290000+00:00,2830.0,0.1,0.1,0.1,12.0
2022-01-09 09:33:10.290000+00:00,2830.0,0.0,0.1,0.1,12.0
2022-01-09 09:33:41.729000+00:00,2835.0,5.8,7.0,6.01,892.0
2022-01-09 09:34:28.676368421+00:00,2835.0,7.0,7.0,6.01,892.0
2022-01-09 09:35:15.623736842+00:00,2835.0,6.9,7.0,6.01,892.0
2022-01-09 09:36:02.571105263+00:00,2835.0,6.6,7.0,6.01,892.0
2022-01-09 09:36:49.518473684+00:00,2835.0,6.9,7.0,6.01,892.0
2022-01-09 09:37:36.465842105+00:00,2835.0,6.8,7.0,6.01,892.0
2022-01-09 09:38:23.413210526+00:00,2835.0,6.2,7.0,6.01,892.0
2022-01-09 09:39:10.360578947+00:00,2835.0,5.7,7.0,6.01,892.0
2022-01-09 09:39:57.307947368+00:00,2835.0,5.9,7.0,6.01,892.0
2022-01-09 09:40:44.255315789+00:00,2835.0,6.7,7.0,6.01,892.0
2022-01-09 09:41:31.202684211+00:00,2835.0,6.7,7.0,6.01,892.0
2022-01-09 09:42:18.150052632+00:00,2835.0,6.3,7.0,6.01,892.0
2022-01-09 09:43:05.097421053+00:00,2835.0,6.1,7.0,6.01,892.0
2022-01-09 09:43:52.044789474+00:00,2835.0,6.1,7.0,6.01,892.0
2022-01-09 09:44:38.992157894+00:00,2835.0,6.0,7.0,6.01,892.0
2022-01-09 09:45:25.939526316+00:00,2835.0,5.5,7.0,6.01,892.0
2022-01-09 09:46:12.886894737+00:00,2835.0,5.4,7.0,6.01,892.0
2022-01-09 09:46:59.834263158+00:00,2835.0,5.2,7.0,6.01,892.0
2022-01-09 09:47:46.781631579+00:00,2835.0,5.1,7.0,6.01,892.0
2022-01-09 09:48:33.729000+00:00,2835.0,3.3,7.0,6.01,892.0
2022-01-09 09:48:35.729000+00:00,2835.0,0.0,7.0,6.01,892.0
2022-01-09 09:48:41.290000+00:00,2814.0,0.0,0.0,0.0,1.0
2022-01-09 09:48:43.290000+00:00,2814.0,0.0,0.0,0.0,1.0
2022-01-09 10:01:44.290000+00:00,2821.0,0.2,0.2,0.2,2.0
2022-01-09 10:01:46.290000+00:00,2821.0,0.0,0.2,0.2,2.0
2022-01-09 10:01:52.290000+00:00,2823.0,0.1,0.1,0.1,1.0
2022-01-09 10:01:54.290000+00:00,2823.0,0.0,0.1,0.1,1.0
2022-01-09 10:02:02.290000+00:00,2825.0,0.1,0.1,0.1,3.0
2022-01-09 10:02:04.290000+00:00,2825.0,0.0,0.1,0.1,3.0
2022-01-09 10:02:09.289000+00:00,2838.0,2.8,4.3,3.721428571428572,612.0
2022-01-09 10:02:56.365923077+00:00,2838.0,4.3,4.3,3.721428571428572,612.0
2022-01-09 10:03:43.442846154+00:00,2838.0,3.8,4.3,3.721428571428572,612.0
2022-01-09 10:04:30.519769231+00:00,2838.0,4.0,4.3,3.721428571428572,612.0
2022-01-09 10:05:17.596692308+00:00,2838.0,4.0,4.3,3.721428571428572,612.0
2022-01-09 10:06:04.673615385+00:00,2838.0,4.0,4.3,3.721428571428572,612.0
2022-01-09 10:06:51.750538462+00:00,2838.0,4.0,4.3,3.721428571428572,612.0
2022-01-09 10:07:38.827461538+00:00,2838.0,4.0,4.3,3.721428571428572,612.0
2022-01-09 10:08:25.904384615+00:00,2838.0,4.0,4.3,3.721428571428572,612.0
2022-01-09 10:09:12.981307692+00:00,2838.0,3.9,4.3,3.721428571428572,612.0
2022-01-09 10:10:00.058230769+00:00,2838.0,4.1,4.3,3.721428571428572,612.0
2022-01-09 10:10:47.135153846+00:00,2838.0,4.1,4.3,3.721428571428572,612.0
2022-01-09 10:11:34.212076923+00:00,2838.0,3.9,4.3,3.721428571428572,612.0
2022-01-09 10:12:21.289000+00:00,2838.0,1.2,4.3,3.721428571428572,612.0
2022-01-09 10:12:23.289000+00:00,2838.0,0.0,4.3,3.721428571428572,612.0
2022-01-09 10:12:50.728000+00:00,2849.0,2.9,4.0,3.642105263157895,572.0
2022-01-09 10:13:20.833263158+00:00,2849.0,3.2,4.0,3.642105263157895,572.0
2022-01-09 10:13:50.938526316+00:00,2849.0,2.9,4.0,3.642105263157895,572.0
2022-01-09 10:14:21.043789474+00:00,2849.0,4.0,4.0,3.642105263157895,572.0
2022-01-09 10:14:51.149052632+00:00,2849.0,4.0,4.0,3.642105263157895,572.0
2022-01-09 10:15:21.254315789+00:00,2849.0,3.9,4.0,3.642105263157895,572.0
2022-01-09 10:15:51.359578947+00:00,2849.0,3.9,4.0,3.642105263157895,572.0
2022-01-09 10:16:21.464842105+00:00,2849.0,3.9,4.0,3.642105263157895,572.0
2022-01-09 10:16:51.570105263+00:00,2849.0,3.9,4.0,3.642105263157895,572.0
2022-01-09 10:17:21.675368421+00:00,2849.0,3.9,4.0,3.642105263157895,572.0
2022-01-09 10:17:51.780631579+00:00,2849.0,3.9,4.0,3.642105263157895,572.0
2022-01-09 10:18:21.885894737+00:00,2849.0,3.8,4.0,3.642105263157895,572.0
2022-01-09 10:18:51.991157894+00:00,2849.0,3.9,4.0,3.642105263157895,572.0
2022-01-09 10:19:22.096421053+00:00,2849.0,3.8,4.0,3.642105263157895,572.0
2022-01-09 10:19:52.201684211+00:00,2849.0,3.9,4.0,3.642105263157895,572.0
2022-01-09 10:20:22.306947368+00:00,2849.0,3.9,4.0,3.642105263157895,572.0
2022-01-09 10:20:52.412210526+00:00,2849.0,3.9,4.0,3.642105263157895,572.0
2022-01-09 10:21:22.517473684+00:00,2849.0,3.8,4.0,3.642105263157895,572.0
2022-01-09 10:21:52.622736842+00:00,2849.0,1.8,4.0,3.642105263157895,572.0
2022-01-09 10:22:22.728000+00:00,2849.0,0.0,4.0,3.642105263157895,572.0
2022-01-09 10:22:24.728000+00:00,2849.0,0.0,4.0,3.642105263157895,572.0
2022-01-09 10:22:57.728000+00:00,2851.0,3.1,4.1,3.657894736842104,586.0
2022-01-09 10:23:28.570105263+00:00,2851.0,2.7,4.1,3.657894736842104,586.0
2022-01-09 10:23:59.412210526+00:00,2851.0,3.2,4.1,3.657894736842104,586.0
2022-01-09 10:24:30.254315789+00:00,2851.0,3.5,4.1,3.657894736842104,586.0
2022-01-09 10:25:01.096421053+00:00,2851.0,3.9,4.1,3.657894736842104,586.0
2022-01-09 10:25:31.938526316+00:00,2851.0,3.9,4.1,3.657894736842104,586.0
2022-01-09 10:26:02.780631579+00:00,2851.0,3.8,4.1,3.657894736842104,586.0
2022-01-09 10:26:33.622736842+00:00,2851.0,3.9,4.1,3.657894736842104,586.0
2022-01-09 10:27:04.464842105+00:00,2851.0,4.1,4.1,3.657894736842104,586.0
2022-01-09 10:27:35.306947368+00:00,2851.0,4.0,4.1,3.657894736842104,586.0
2022-01-09 10:28:06.149052632+00:00,2851.0,3.8,4.1,3.657894736842104,586.0
2022-01-09 10:28:36.991157894+00:00,2851.0,3.8,4.1,3.657894736842104,586.0
2022-01-09 10:29:07.833263158+00:00,2851.0,3.8,4.1,3.657894736842104,586.0
2022-01-09 10:29:38.675368421+00:00,2851.0,3.8,4.1,3.657894736842104,586.0
2022-01-09 10:30:09.517473684+00:00,2851.0,3.9,4.1,3.657894736842104,586.0
2022-01-09 10:30:40.359578947+00:00,2851.0,3.9,4.1,3.657894736842104,586.0
2022-01-09 10:31:11.201684211+00:00,2851.0,3.9,4.1,3.657894736842104,586.0
2022-01-09 10:31:42.043789474+00:00,2851.0,3.9,4.1,3.657894736842104,586.0
2022-01-09 10:32:12.885894737+00:00,2851.0,2.6,4.1,3.657894736842104,586.0
2022-01-09 10:32:43.728000+00:00,2851.0,0.0,4.1,3.657894736842104,586.0
2022-01-09 10:32:45.728000+00:00,2851.0,0.0,4.1,3.657894736842104,586.0
2022-01-09 10:42:56.289000+00:00,2849.0,4.4,6.5,4.45,423.0
2022-01-09 10:43:26.503285714+00:00,2849.0,6.5,6.5,4.45,423.0
2022-01-09 10:43:56.717571429+00:00,2849.0,6.0,6.5,4.45,423.0
2022-01-09 10:44:26.931857143+00:00,2849.0,4.8,6.5,4.45,423.0
2022-01-09 10:44:57.146142857+00:00,2849.0,4.6,6.5,4.45,423.0
2022-01-09 10:45:27.360428571+00:00,2849.0,4.4,6.5,4.45,423.0
2022-01-09 10:45:57.574714286+00:00,2849.0,4.4,6.5,4.45,423.0
2022-01-09 10:46:27.789000+00:00,2849.0,4.5,6.5,4.45,423.0
2022-01-09 10:46:58.003285714+00:00,2849.0,4.8,6.5,4.45,423.0
2022-01-09 10:47:28.217571429+00:00,2849.0,4.2,6.5,4.45,423.0
2022-01-09 10:47:58.431857143+00:00,2849.0,4.6,6.5,4.45,423.0
2022-01-09 10:48:28.646142857+00:00,2849.0,4.5,6.5,4.45,423.0
2022-01-09 10:48:58.860428571+00:00,2849.0,4.0,6.5,4.45,423.0
2022-01-09 10:49:29.074714286+00:00,2849.0,0.6,6.5,4.45,423.0
2022-01-09 10:49:59.289000+00:00,2849.0,0.0,6.5,4.45,423.0
2022-01-09 10:50:01.289000+00:00,2849.0,0.0,6.5,4.45,423.0
2022-01-09 10:51:18.289000+00:00,2850.0,1.1,1.1,0.65,20.0
2022-01-09 10:51:38.289000+00:00,2850.0,0.2,1.1,0.65,20.0
2022-01-09 10:51:40.289000+00:00,2850.0,0.0,1.1,0.65,20.0
2022-01-09 10:52:56.728000+00:00,2865.0,2.7,2.7,1.7692307692307692,397.0
2022-01-09 10:53:27.266461538+00:00,2865.0,1.7,2.7,1.7692307692307692,397.0
2022-01-09 10:53:57.804923077+00:00,2865.0,2.6,2.7,1.7692307692307692,397.0
2022-01-09 10:54:28.343384615+00:00,2865.0,2.5,2.7,1.7692307692307692,397.0
2022-01-09 10:54:58.881846154+00:00,2865.0,1.8,2.7,1.7692307692307692,397.0
2022-01-09 10:55:29.420307692+00:00,2865.0,1.7,2.7,1.7692307692307692,397.0
2022-01-09 10:55:59.958769231+00:00,2865.0,2.1,2.7,1.7692307692307692,397.0
2022-01-09 10:56:30.497230769+00:00,2865.0,1.8,2.7,1.7692307692307692,397.0
2022-01-09 10:57:01.035692308+00:00,2865.0,1.8,2.7,1.7692307692307692,397.0
2022-01-09 10:57:31.574153846+00:00,2865.0,1.5,2.7,1.7692307692307692,397.0
2022-01-09 10:58:02.112615385+00:00,2865.0,0.9,2.7,1.7692307692307692,397.0
2022-01-09 10:58:32.651076923+00:00,2865.0,0.8,2.7,1.7692307692307692,397.0
2022-01-09 10:59:03.189538462+00:00,2865.0,1.1,2.7,1.7692307692307692,397.0
2022-01-09 10:59:33.728000+00:00,2865.0,0.0,2.7,1.7692307692307692,397.0
2022-01-09 10:59:35.728000+00:00,2865.0,0.0,2.7,1.7692307692307692,397.0
2022-01-09 10:59:40.289000+00:00,2875.0,6.3,23.3,16.654999999999998,574.0
2022-01-09 11:00:10.499526316+00:00,2875.0,12.0,23.3,16.654999999999998,574.0
2022-01-09 11:00:40.710052632+00:00,2875.0,12.8,23.3,16.654999999999998,574.0
2022-01-09 11:01:10.920578947+00:00,2875.0,13.4,23.3,16.654999999999998,574.0
2022-01-09 11:01:41.131105263+00:00,2875.0,15.6,23.3,16.654999999999998,574.0
2022-01-09 11:02:11.341631579+00:00,2875.0,19.3,23.3,16.654999999999998,574.0
2022-01-09 11:02:41.552157894+00:00,2875.0,20.6,23.3,16.654999999999998,574.0
2022-01-09 11:03:11.762684211+00:00,2875.0,20.4,23.3,16.654999999999998,574.0
2022-01-09 11:03:41.973210526+00:00,2875.0,21.5,23.3,16.654999999999998,574.0
2022-01-09 11:04:12.183736842+00:00,2875.0,22.2,23.3,16.654999999999998,574.0
2022-01-09 11:04:42.394263158+00:00,2875.0,21.5,23.3,16.654999999999998,574.0
2022-01-09 11:05:12.604789474+00:00,2875.0,22.4,23.3,16.654999999999998,574.0
2022-01-09 11:05:42.815315789+00:00,2875.0,23.3,23.3,16.654999999999998,574.0
2022-01-09 11:06:13.025842105+00:00,2875.0,22.9,23.3,16.654999999999998,574.0
2022-01-09 11:06:43.236368421+00:00,2875.0,20.2,23.3,16.654999999999998,574.0
2022-01-09 11:07:13.446894737+00:00,2875.0,20.3,23.3,16.654999999999998,574.0
2022-01-09 11:07:43.657421053+00:00,2875.0,20.3,23.3,16.654999999999998,574.0
2022-01-09 11:08:13.867947368+00:00,2875.0,13.2,23.3,16.654999999999998,574.0
2022-01-09 11:08:44.078473684+00:00,2875.0,4.5,23.3,16.654999999999998,574.0
2022-01-09 11:09:14.289000+00:00,2875.0,0.4,23.3,16.654999999999998,574.0
2022-01-09 11:09:16.289000+00:00,2875.0,0.0,23.3,16.654999999999998,574.0
2022-01-09 11:59:51.288000+00:00,2786.0,0.1,0.1,0.1,2.0
2022-01-09 11:59:53.288000+00:00,2786.0,0.0,0.1,0.1,2.0
2022-01-09 12:20:45.726000+00:00,2846.0,9.0,11.2,9.794117647058824,971.0
2022-01-09 12:21:46.413500+00:00,2846.0,11.2,11.2,9.794117647058824,971.0
2022-01-09 12:22:47.101000+00:00,2846.0,10.7,11.2,9.794117647058824,971.0
2022-01-09 12:23:47.788500+00:00,2846.0,11.1,11.2,9.794117647058824,971.0
2022-01-09 12:24:48.476000+00:00,2846.0,10.8,11.2,9.794117647058824,971.0
2022-01-09 12:25:49.163500+00:00,2846.0,10.3,11.2,9.794117647058824,971.0
2022-01-09 12:26:49.851000+00:00,2846.0,10.4,11.2,9.794117647058824,971.0
2022-01-09 12:27:50.538500+00:00,2846.0,10.4,11.2,9.794117647058824,971.0
2022-01-09 12:28:51.226000+00:00,2846.0,10.3,11.2,9.794117647058824,971.0
2022-01-09 12:29:51.913500+00:00,2846.0,10.3,11.2,9.794117647058824,971.0
2022-01-09 12:30:52.601000+00:00,2846.0,10.3,11.2,9.794117647058824,971.0
2022-01-09 12:31:53.288500+00:00,2846.0,10.4,11.2,9.794117647058824,971.0
2022-01-09 12:32:53.976000+00:00,2846.0,10.4,11.2,9.794117647058824,971.0
2022-01-09 12:33:54.663500+00:00,2846.0,10.4,11.2,9.794117647058824,971.0
2022-01-09 12:34:55.351000+00:00,2846.0,10.4,11.2,9.794117647058824,971.0
2022-01-09 12:35:56.038500+00:00,2846.0,8.6,11.2,9.794117647058824,971.0
2022-01-09 12:36:56.726000+00:00,2846.0,1.5,11.2,9.794117647058824,971.0
2022-01-09 12:36:58.726000+00:00,2846.0,0.0,11.2,9.794117647058824,971.0
2022-01-09 12:37:56.287000+00:00,2861.0,9.9,10.8,10.047058823529412,1013.0
2022-01-09 12:38:59.599500+00:00,2861.0,10.8,10.8,10.047058823529412,1013.0
2022-01-09 12:40:02.912000+00:00,2861.0,10.4,10.8,10.047058823529412,1013.0
2022-01-09 12:41:06.224500+00:00,2861.0,10.4,10.8,10.047058823529412,1013.0
2022-01-09 12:42:09.537000+00:00,2861.0,10.4,10.8,10.047058823529412,1013.0
2022-01-09 12:43:12.849500+00:00,2861.0,10.3,10.8,10.047058823529412,1013.0
2022-01-09 12:44:16.162000+00:00,2861.0,10.3,10.8,10.047058823529412,1013.0
2022-01-09 12:45:19.474500+00:00,2861.0,10.4,10.8,10.047058823529412,1013.0
2022-01-09 12:46:22.787000+00:00,2861.0,10.5,10.8,10.047058823529412,1013.0
2022-01-09 12:47:26.099500+00:00,2861.0,10.4,10.8,10.047058823529412,1013.0
2022-01-09 12:48:29.412000+00:00,2861.0,10.4,10.8,10.047058823529412,1013.0
2022-01-09 12:49:32.724500+00:00,2861.0,10.4,10.8,10.047058823529412,1013.0
2022-01-09 12:50:36.037000+00:00,2861.0,10.3,10.8,10.047058823529412,1013.0
2022-01-09 12:51:39.349500+00:00,2861.0,10.4,10.8,10.047058823529412,1013.0
2022-01-09 12:52:42.662000+00:00,2861.0,10.3,10.8,10.047058823529412,1013.0
2022-01-09 12:53:45.974500+00:00,2861.0,10.6,10.8,10.047058823529412,1013.0
2022-01-09 12:54:49.287000+00:00,2861.0,4.6,10.8,10.047058823529412,1013.0
2022-01-09 12:54:51.287000+00:00,2861.0,0.0,10.8,10.047058823529412,1013.0
2022-01-09 12:55:31.726000+00:00,2869.0,10.0,10.3,9.15625,1907.0
2022-01-09 12:57:17.670444444+00:00,2869.0,10.3,10.3,9.15625,1907.0
2022-01-09 12:59:03.614888889+00:00,2869.0,10.3,10.3,9.15625,1907.0
2022-01-09 13:00:49.559333333+00:00,2869.0,9.9,10.3,9.15625,1907.0
2022-01-09 13:02:35.503777778+00:00,2869.0,9.6,10.3,9.15625,1907.0
2022-01-09 13:04:21.448222222+00:00,2869.0,10.2,10.3,9.15625,1907.0
2022-01-09 13:06:07.392666667+00:00,2869.0,9.2,10.3,9.15625,1907.0
2022-01-09 13:07:53.337111111+00:00,2869.0,8.7,10.3,9.15625,1907.0
2022-01-09 13:09:39.281555556+00:00,2869.0,3.4,10.3,9.15625,1907.0
2022-01-09 13:11:25.226000+00:00,2869.0,8.5,10.3,9.15625,1907.0
2022-01-09 13:13:11.170444444+00:00,2869.0,9.4,10.3,9.15625,1907.0
2022-01-09 13:14:57.114888889+00:00,2869.0,9.9,10.3,9.15625,1907.0
2022-01-09 13:16:43.059333333+00:00,2869.0,10.0,10.3,9.15625,1907.0
2022-01-09 13:18:29.003777778+00:00,2869.0,10.0,10.3,9.15625,1907.0
2022-01-09 13:20:14.948222222+00:00,2869.0,10.1,10.3,9.15625,1907.0
2022-01-09 13:22:00.892666667+00:00,2869.0,7.0,10.3,9.15625,1907.0
2022-01-09 13:23:46.837111111+00:00,2869.0,0.0,10.3,9.15625,1907.0
2022-01-09 13:25:32.781555556+00:00,2869.0,0.0,10.3,9.15625,1907.0
2022-01-09 13:27:18.726000+00:00,2869.0,0.0,10.3,9.15625,1907.0
2022-01-09 13:27:20.726000+00:00,2869.0,0.0,10.3,9.15625,1907.0
2022-01-09 13:43:22.286000+00:00,2881.0,6.6,10.8,9.4625,713.0
2022-01-09 13:44:09.819333332+00:00,2881.0,9.8,10.8,9.4625,713.0
2022-01-09 13:44:57.352666667+00:00,2881.0,10.1,10.8,9.4625,713.0
2022-01-09 13:45:44.886000+00:00,2881.0,10.0,10.8,9.4625,713.0
2022-01-09 13:46:32.419333333+00:00,2881.0,9.8,10.8,9.4625,713.0
2022-01-09 13:47:19.952666667+00:00,2881.0,9.9,10.8,9.4625,713.0
2022-01-09 13:48:07.486000+00:00,2881.0,10.4,10.8,9.4625,713.0
2022-01-09 13:48:55.019333333+00:00,2881.0,10.8,10.8,9.4625,713.0
2022-01-09 13:49:42.552666667+00:00,2881.0,10.3,10.8,9.4625,713.0
2022-01-09 13:50:30.086000+00:00,2881.0,10.8,10.8,9.4625,713.0
2022-01-09 13:51:17.619333333+00:00,2881.0,10.0,10.8,9.4625,713.0
2022-01-09 13:52:05.152666667+00:00,2881.0,9.9,10.8,9.4625,713.0
2022-01-09 13:52:52.686000+00:00,2881.0,10.0,10.8,9.4625,713.0
2022-01-09 13:53:40.219333333+00:00,2881.0,10.3,10.8,9.4625,713.0
2022-01-09 13:54:27.752666667+00:00,2881.0,9.9,10.8,9.4625,713.0
2022-01-09 13:55:15.286000+00:00,2881.0,2.8,10.8,9.4625,713.0
2022-01-09 13:55:17.286000+00:00,2881.0,0.0,10.8,9.4625,713.0
2022-01-09 13:56:06.286000+00:00,2882.0,8.2,10.9,9.6,872.0
2022-01-09 13:56:52.180736842+00:00,2882.0,10.1,10.9,9.6,872.0
2022-01-09 13:57:38.075473684+00:00,2882.0,10.0,10.9,9.6,872.0
2022-01-09 13:58:23.970210526+00:00,2882.0,10.1,10.9,9.6,872.0
2022-01-09 13:59:09.864947368+00:00,2882.0,10.9,10.9,9.6,872.0
2022-01-09 13:59:55.759684211+00:00,2882.0,9.9,10.9,9.6,872.0
2022-01-09 14:00:41.654421053+00:00,2882.0,10.2,10.9,9.6,872.0
2022-01-09 14:01:27.549157894+00:00,2882.0,10.4,10.9,9.6,872.0
2022-01-09 14:02:13.443894737+00:00,2882.0,10.5,10.9,9.6,872.0
2022-01-09 14:02:59.338631579+00:00,2882.0,10.3,10.9,9.6,872.0
2022-01-09 14:03:45.233368421+00:00,2882.0,10.5,10.9,9.6,872.0
2022-01-09 14:04:31.128105263+00:00,2882.0,10.0,10.9,9.6,872.0
2022-01-09 14:05:17.022842105+00:00,2882.0,10.1,10.9,9.6,872.0
2022-01-09 14:06:02.917578947+00:00,2882.0,10.4,10.9,9.6,872.0
2022-01-09 14:06:48.812315789+00:00,2882.0,10.6,10.9,9.6,872.0
2022-01-09 14:07:34.707052632+00:00,2882.0,10.6,10.9,9.6,872.0
2022-01-09 14:08:20.601789474+00:00,2882.0,10.5,10.9,9.6,872.0
2022-01-09 14:09:06.496526316+00:00,2882.0,10.3,10.9,9.6,872.0
2022-01-09 14:09:52.391263158+00:00,2882.0,7.6,10.9,9.6,872.0
2022-01-09 14:10:38.286000+00:00,2882.0,0.8,10.9,9.6,872.0
2022-01-09 14:10:40.286000+00:00,2882.0,0.0,10.9,9.6,872.0
2022-01-09 14:10:49.286000+00:00,2859.0,0.3,0.3,0.3,4.0
2022-01-09 14:10:51.286000+00:00,2859.0,0.0,0.3,0.3,4.0
2022-01-09 14:25:15.725000+00:00,2860.0,0.0,0.0,0.0,3.0
2022-01-09 14:25:17.725000+00:00,2860.0,0.0,0.0,0.0,3.0
2022-01-09 14:33:12.286000+00:00,2861.0,2.0,3.0,1.95,82.0
2022-01-09 14:33:28.686000+00:00,2861.0,2.8,3.0,1.95,82.0
2022-01-09 14:33:45.086000+00:00,2861.0,3.0,3.0,1.95,82.0
2022-01-09 14:34:01.486000+00:00,2861.0,2.3,3.0,1.95,82.0
2022-01-09 14:34:17.886000+00:00,2861.0,1.2,3.0,1.95,82.0
2022-01-09 14:34:34.286000+00:00,2861.0,0.4,3.0,1.95,82.0
2022-01-09 14:34:36.286000+00:00,2861.0,0.0,3.0,1.95,82.0
2022-01-09 14:41:55.286000+00:00,2858.0,1.5,2.7,1.35,60.0
2022-01-09 14:42:10.286000+00:00,2858.0,2.7,2.7,1.35,60.0
2022-01-09 14:42:25.286000+00:00,2858.0,1.0,2.7,1.35,60.0
2022-01-09 14:42:40.286000+00:00,2858.0,0.2,2.7,1.35,60.0
2022-01-09 14:42:55.286000+00:00,2858.0,0.0,2.7,1.35,60.0
2022-01-09 14:42:57.286000+00:00,2858.0,0.0,2.7,1.35,60.0
2022-01-09 14:55:08.725000+00:00,2853.0,1.0,5.2,4.540000000000001,879.0
2022-01-09 14:55:54.988157894+00:00,2853.0,1.9,5.2,4.540000000000001,879.0
2022-01-09 14:56:41.251315789+00:00,2853.0,3.8,5.2,4.540000000000001,879.0
2022-01-09 14:57:27.514473684+00:00,2853.0,5.1,5.2,4.540000000000001,879.0
2022-01-09 14:58:13.777631579+00:00,2853.0,5.1,5.2,4.540000000000001,879.0
2022-01-09 14:59:00.040789474+00:00,2853.0,5.1,5.2,4.540000000000001,879.0
2022-01-09 14:59:46.303947368+00:00,2853.0,5.1,5.2,4.540000000000001,879.0
2022-01-09 15:00:32.567105263+00:00,2853.0,5.2,5.2,4.540000000000001,879.0
2022-01-09 15:01:18.830263158+00:00,2853.0,5.2,5.2,4.540000000000001,879.0
2022-01-09 15:02:05.093421053+00:00,2853.0,5.2,5.2,4.540000000000001,879.0
2022-01-09 15:02:51.356578947+00:00,2853.0,5.1,5.2,4.540000000000001,879.0
2022-01-09 15:03:37.619736842+00:00,2853.0,5.1,5.2,4.540000000000001,879.0
2022-01-09 15:04:23.882894737+00:00,2853.0,5.1,5.2,4.540000000000001,879.0
2022-01-09 15:05:10.146052632+00:00,2853.0,5.2,5.2,4.540000000000001,879.0
2022-01-09 15:05:56.409210526+00:00,2853.0,5.1,5.2,4.540000000000001,879.0
2022-01-09 15:06:42.672368421+00:00,2853.0,5.1,5.2,4.540000000000001,879.0
2022-01-09 15:07:28.935526316+00:00,2853.0,5.2,5.2,4.540000000000001,879.0
2022-01-09 15:08:15.198684211+00:00,2853.0,5.1,5.2,4.540000000000001,879.0
2022-01-09 15:09:01.461842105+00:00,2853.0,5.2,5.2,4.540000000000001,879.0
2022-01-09 15:09:47.725000+00:00,2853.0,1.9,5.2,4.540000000000001,879.0
2022-01-09 15:09:49.725000+00:00,2853.0,0.0,5.2,4.540000000000001,879.0
2022-01-09 15:10:51.285000+00:00,2853.0,4.4,5.2,4.966666666666666,1067.0
2022-01-09 15:11:54.049705882+00:00,2853.0,5.1,5.2,4.966666666666666,1067.0
2022-01-09 15:12:56.814411765+00:00,2853.0,5.1,5.2,4.966666666666666,1067.0
2022-01-09 15:13:59.579117647+00:00,2853.0,5.1,5.2,4.966666666666666,1067.0
2022-01-09 15:15:02.343823529+00:00,2853.0,5.1,5.2,4.966666666666666,1067.0
2022-01-09 15:16:05.108529412+00:00,2853.0,5.1,5.2,4.966666666666666,1067.0
2022-01-09 15:17:07.873235294+00:00,2853.0,5.2,5.2,4.966666666666666,1067.0
2022-01-09 15:18:10.637941176+00:00,2853.0,5.1,5.2,4.966666666666666,1067.0
2022-01-09 15:19:13.402647059+00:00,2853.0,5.1,5.2,4.966666666666666,1067.0
2022-01-09 15:20:16.167352941+00:00,2853.0,5.2,5.2,4.966666666666666,1067.0
2022-01-09 15:21:18.932058824+00:00,2853.0,5.2,5.2,4.966666666666666,1067.0
2022-01-09 15:22:21.696764706+00:00,2853.0,5.1,5.2,4.966666666666666,1067.0
2022-01-09 15:23:24.461470588+00:00,2853.0,5.1,5.2,4.966666666666666,1067.0
2022-01-09 15:24:27.226176471+00:00,2853.0,5.2,5.2,4.966666666666666,1067.0
2022-01-09 15:25:29.990882353+00:00,2853.0,5.2,5.2,4.966666666666666,1067.0
2022-01-09 15:26:32.755588235+00:00,2853.0,5.2,5.2,4.966666666666666,1067.0
2022-01-09 15:27:35.520294118+00:00,2853.0,5.1,5.2,4.966666666666666,1067.0
2022-01-09 15:28:38.285000+00:00,2853.0,2.8,5.2,4.966666666666666,1067.0
2022-01-09 15:28:40.285000+00:00,2853.0,0.0,5.2,4.966666666666666,1067.0
2022-01-09 15:29:27.724000+00:00,2852.0,3.0,5.2,4.899999999999999,1017.0
2022-01-09 15:30:31.286500+00:00,2852.0,5.1,5.2,4.899999999999999,1017.0
2022-01-09 15:31:34.849000+00:00,2852.0,5.1,5.2,4.899999999999999,1017.0
2022-01-09 15:32:38.411500+00:00,2852.0,5.1,5.2,4.899999999999999,1017.0
2022-01-09 15:33:41.974000+00:00,2852.0,5.1,5.2,4.899999999999999,1017.0
2022-01-09 15:34:45.536500+00:00,2852.0,5.1,5.2,4.899999999999999,1017.0
2022-01-09 15:35:49.099000+00:00,2852.0,5.1,5.2,4.899999999999999,1017.0
2022-01-09 15:36:52.661500+00:00,2852.0,5.1,5.2,4.899999999999999,1017.0
2022-01-09 15:37:56.224000+00:00,2852.0,5.1,5.2,4.899999999999999,1017.0
2022-01-09 15:38:59.786500+00:00,2852.0,5.2,5.2,4.899999999999999,1017.0
2022-01-09 15:40:03.349000+00:00,2852.0,5.1,5.2,4.899999999999999,1017.0
2022-01-09 15:41:06.911500+00:00,2852.0,5.2,5.2,4.899999999999999,1017.0
2022-01-09 15:42:10.474000+00:00,2852.0,5.1,5.2,4.899999999999999,1017.0
2022-01-09 15:43:14.036500+00:00,2852.0,5.1,5.2,4.899999999999999,1017.0
2022-01-09 15:44:17.599000+00:00,2852.0,5.1,5.2,4.899999999999999,1017.0
2022-01-09 15:45:21.161500+00:00,2852.0,5.1,5.2,4.899999999999999,1017.0
2022-01-09 15:46:24.724000+00:00,2852.0,3.6,5.2,4.899999999999999,1017.0
2022-01-09 15:46:26.724000+00:00,2852.0,0.0,5.2,4.899999999999999,1017.0
2022-01-09 15:47:25.285000+00:00,2850.0,2.1,5.1,4.783333333333332,1069.0
2022-01-09 15:48:28.167352941+00:00,2850.0,4.7,5.1,4.783333333333332,1069.0
2022-01-09 15:49:31.049705882+00:00,2850.0,5.1,5.1,4.783333333333332,1069.0
2022-01-09 15:50:33.932058824+00:00,2850.0,5.1,5.1,4.783333333333332,1069.0
2022-01-09 15:51:36.814411765+00:00,2850.0,5.1,5.1,4.783333333333332,1069.0
2022-01-09 15:52:39.696764706+00:00,2850.0,5.1,5.1,4.783333333333332,1069.0
2022-01-09 15:53:42.579117647+00:00,2850.0,5.1,5.1,4.783333333333332,1069.0
2022-01-09 15:54:45.461470588+00:00,2850.0,5.1,5.1,4.783333333333332,1069.0
2022-01-09 15:55:48.343823529+00:00,2850.0,5.1,5.1,4.783333333333332,1069.0
2022-01-09 15:56:51.226176471+00:00,2850.0,5.1,5.1,4.783333333333332,1069.0
2022-01-09 15:57:54.108529412+00:00,2850.0,5.1,5.1,4.783333333333332,1069.0
2022-01-09 15:58:56.990882353+00:00,2850.0,5.1,5.1,4.783333333333332,1069.0
2022-01-09 15:59:59.873235294+00:00,2850.0,5.1,5.1,4.783333333333332,1069.0
2022-01-09 16:01:02.755588235+00:00,2850.0,5.1,5.1,4.783333333333332,1069.0
2022-01-09 16:02:05.637941176+00:00,2850.0,5.1,5.1,4.783333333333332,1069.0
2022-01-09 16:03:08.520294118+00:00,2850.0,5.1,5.1,4.783333333333332,1069.0
2022-01-09 16:04:11.402647059+00:00,2850.0,5.1,5.1,4.783333333333332,1069.0
2022-01-09 16:05:14.285000+00:00,2850.0,2.8,5.1,4.783333333333332,1069.0
2022-01-09 16:05:16.285000+00:00,2850.0,0.0,5.1,4.783333333333332,1069.0
2022-01-09 16:06:27.285000+00:00,2848.0,4.1,5.2,4.816666666666666,1045.0
2022-01-09 16:07:28.755588235+00:00,2848.0,4.6,5.2,4.816666666666666,1045.0
2022-01-09 16:08:30.226176471+00:00,2848.0,5.1,5.2,4.816666666666666,1045.0
2022-01-09 16:09:31.696764706+00:00,2848.0,5.1,5.2,4.816666666666666,1045.0
2022-01-09 16:10:33.167352941+00:00,2848.0,5.0,5.2,4.816666666666666,1045.0
2022-01-09 16:11:34.637941176+00:00,2848.0,5.1,5.2,4.816666666666666,1045.0
2022-01-09 16:12:36.108529412+00:00,2848.0,5.1,5.2,4.816666666666666,1045.0
2022-01-09 16:13:37.579117647+00:00,2848.0,5.0,5.2,4.816666666666666,1045.0
2022-01-09 16:14:39.049705882+00:00,2848.0,5.1,5.2,4.816666666666666,1045.0
2022-01-09 16:15:40.520294118+00:00,2848.0,5.1,5.2,4.816666666666666,1045.0
2022-01-09 16:16:41.990882353+00:00,2848.0,5.2,5.2,4.816666666666666,1045.0
2022-01-09 16:17:43.461470588+00:00,2848.0,5.0,5.2,4.816666666666666,1045.0
2022-01-09 16:18:44.932058824+00:00,2848.0,5.1,5.2,4.816666666666666,1045.0
2022-01-09 16:19:46.402647059+00:00,2848.0,5.1,5.2,4.816666666666666,1045.0
2022-01-09 16:20:47.873235294+00:00,2848.0,5.1,5.2,4.816666666666666,1045.0
2022-01-09 16:21:49.343823529+00:00,2848.0,5.1,5.2,4.816666666666666,1045.0
2022-01-09 16:22:50.814411765+00:00,2848.0,5.1,5.2,4.816666666666666,1045.0
2022-01-09 16:23:52.285000+00:00,2848.0,1.7,5.2,4.816666666666666,1045.0
2022-01-09 16:23:54.285000+00:00,2848.0,0.0,5.2,4.816666666666666,1045.0
2022-01-09 16:25:16.285000+00:00,2844.0,2.6,5.1,4.658823529411764,973.0
2022-01-09 16:26:17.097500+00:00,2844.0,5.0,5.1,4.658823529411764,973.0
2022-01-09 16:27:17.910000+00:00,2844.0,5.1,5.1,4.658823529411764,973.0
2022-01-09 16:28:18.722500+00:00,2844.0,5.1,5.1,4.658823529411764,973.0
2022-01-09 16:29:19.535000+00:00,2844.0,5.1,5.1,4.658823529411764,973.0
2022-01-09 16:30:20.347500+00:00,2844.0,5.1,5.1,4.658823529411764,973.0
2022-01-09 16:31:21.160000+00:00,2844.0,5.1,5.1,4.658823529411764,973.0
2022-01-09 16:32:21.972500+00:00,2844.0,5.1,5.1,4.658823529411764,973.0
2022-01-09 16:33:22.785000+00:00,2844.0,5.1,5.1,4.658823529411764,973.0
2022-01-09 16:34:23.597500+00:00,2844.0,5.1,5.1,4.658823529411764,973.0
2022-01-09 16:35:24.410000+00:00,2844.0,5.1,5.1,4.658823529411764,973.0
2022-01-09 16:36:25.222500+00:00,2844.0,5.1,5.1,4.658823529411764,973.0
2022-01-09 16:37:26.035000+00:00,2844.0,5.1,5.1,4.658823529411764,973.0
2022-01-09 16:38:26.847500+00:00,2844.0,5.1,5.1,4.658823529411764,973.0
2022-01-09 16:39:27.660000+00:00,2844.0,5.1,5.1,4.658823529411764,973.0
2022-01-09 16:40:28.472500+00:00,2844.0,4.5,5.1,4.658823529411764,973.0
2022-01-09 16:41:29.285000+00:00,2844.0,0.8,5.1,4.658823529411764,973.0
2022-01-09 16:41:31.285000+00:00,2844.0,0.0,5.1,4.658823529411764,973.0
2022-01-09 16:42:40.723000+00:00,2838.0,3.1,5.2,4.879999999999998,1180.0
2022-01-09 16:43:42.828263158+00:00,2838.0,5.0,5.2,4.879999999999998,1180.0
2022-01-09 16:44:44.933526316+00:00,2838.0,5.1,5.2,4.879999999999998,1180.0
2022-01-09 16:45:47.038789474+00:00,2838.0,5.1,5.2,4.879999999999998,1180.0
2022-01-09 16:46:49.144052632+00:00,2838.0,5.1,5.2,4.879999999999998,1180.0
2022-01-09 16:47:51.249315789+00:00,2838.0,5.1,5.2,4.879999999999998,1180.0
2022-01-09 16:48:53.354578947+00:00,2838.0,5.2,5.2,4.879999999999998,1180.0
2022-01-09 16:49:55.459842105+00:00,2838.0,5.1,5.2,4.879999999999998,1180.0
2022-01-09 16:50:57.565105263+00:00,2838.0,5.1,5.2,4.879999999999998,1180.0
2022-01-09 16:51:59.670368421+00:00,2838.0,5.1,5.2,4.879999999999998,1180.0
2022-01-09 16:53:01.775631579+00:00,2838.0,5.1,5.2,4.879999999999998,1180.0
2022-01-09 16:54:03.880894737+00:00,2838.0,5.1,5.2,4.879999999999998,1180.0
2022-01-09 16:55:05.986157894+00:00,2838.0,5.1,5.2,4.879999999999998,1180.0
2022-01-09 16:56:08.091421053+00:00,2838.0,5.2,5.2,4.879999999999998,1180.0
2022-01-09 16:57:10.196684211+00:00,2838.0,5.1,5.2,4.879999999999998,1180.0
2022-01-09 16:58:12.301947368+00:00,2838.0,5.1,5.2,4.879999999999998,1180.0
2022-01-09 16:59:14.407210526+00:00,2838.0,5.1,5.2,4.879999999999998,1180.0
2022-01-09 17:00:16.512473684+00:00,2838.0,5.1,5.2,4.879999999999998,1180.0
2022-01-09 17:01:18.617736842+00:00,2838.0,5.1,5.2,4.879999999999998,1180.0
2022-01-09 17:02:20.723000+00:00,2838.0,2.6,5.2,4.879999999999998,1180.0
2022-01-09 17:02:22.723000+00:00,2838.0,0.0,5.2,4.879999999999998,1180.0
2022-01-09 17:03:42.284000+00:00,2832.0,3.5,5.2,4.924999999999999,897.0
2022-01-09 17:04:29.494526316+00:00,2832.0,5.1,5.2,4.924999999999999,897.0
2022-01-09 17:05:16.705052632+00:00,2832.0,5.2,5.2,4.924999999999999,897.0
2022-01-09 17:06:03.915578947+00:00,2832.0,5.1,5.2,4.924999999999999,897.0
2022-01-09 17:06:51.126105263+00:00,2832.0,5.1,5.2,4.924999999999999,897.0
2022-01-09 17:07:38.336631579+00:00,2832.0,5.1,5.2,4.924999999999999,897.0
2022-01-09 17:08:25.547157894+00:00,2832.0,5.1,5.2,4.924999999999999,897.0
2022-01-09 17:09:12.757684211+00:00,2832.0,5.1,5.2,4.924999999999999,897.0
2022-01-09 17:09:59.968210526+00:00,2832.0,5.1,5.2,4.924999999999999,897.0
2022-01-09 17:10:47.178736842+00:00,2832.0,5.1,5.2,4.924999999999999,897.0
2022-01-09 17:11:34.389263158+00:00,2832.0,5.1,5.2,4.924999999999999,897.0
2022-01-09 17:12:21.599789474+00:00,2832.0,5.1,5.2,4.924999999999999,897.0
2022-01-09 17:13:08.810315789+00:00,2832.0,5.2,5.2,4.924999999999999,897.0
2022-01-09 17:13:56.020842105+00:00,2832.0,5.1,5.2,4.924999999999999,897.0
2022-01-09 17:14:43.231368421+00:00,2832.0,5.1,5.2,4.924999999999999,897.0
2022-01-09 17:15:30.441894737+00:00,2832.0,5.2,5.2,4.924999999999999,897.0
2022-01-09 17:16:17.652421053+00:00,2832.0,5.1,5.2,4.924999999999999,897.0
2022-01-09 17:17:04.862947368+00:00,2832.0,5.2,5.2,4.924999999999999,897.0
2022-01-09 17:17:52.073473684+00:00,2832.0,5.1,5.2,4.924999999999999,897.0
2022-01-09 17:18:39.284000+00:00,2832.0,2.8,5.2,4.924999999999999,897.0
2022-01-09 17:18:41.284000+00:00,2832.0,0.0,5.2,4.924999999999999,897.0
2022-01-09 17:19:58.723000+00:00,2830.0,4.3,5.2,4.973684210526316,1127.0
2022-01-09 17:21:01.334111111+00:00,2830.0,5.0,5.2,4.973684210526316,1127.0
2022-01-09 17:22:03.945222222+00:00,2830.0,5.0,5.2,4.973684210526316,1127.0
2022-01-09 17:23:06.556333333+00:00,2830.0,5.1,5.2,4.973684210526316,1127.0
2022-01-09 17:24:09.167444444+00:00,2830.0,5.2,5.2,4.973684210526316,1127.0
2022-01-09 17:25:11.778555556+00:00,2830.0,5.2,5.2,4.973684210526316,1127.0
2022-01-09 17:26:14.389666667+00:00,2830.0,5.2,5.2,4.973684210526316,1127.0
2022-01-09 17:27:17.000777778+00:00,2830.0,5.1,5.2,4.973684210526316,1127.0
2022-01-09 17:28:19.611888889+00:00,2830.0,5.2,5.2,4.973684210526316,1127.0
2022-01-09 17:29:22.223000+00:00,2830.0,5.2,5.2,4.973684210526316,1127.0
2022-01-09 17:30:24.834111111+00:00,2830.0,5.2,5.2,4.973684210526316,1127.0
2022-01-09 17:31:27.445222222+00:00,2830.0,5.2,5.2,4.973684210526316,1127.0
2022-01-09 17:32:30.056333333+00:00,2830.0,5.2,5.2,4.973684210526316,1127.0
2022-01-09 17:33:32.667444444+00:00,2830.0,5.2,5.2,4.973684210526316,1127.0
2022-01-09 17:34:35.278555556+00:00,2830.0,5.1,5.2,4.973684210526316,1127.0
2022-01-09 17:35:37.889666667+00:00,2830.0,5.2,5.2,4.973684210526316,1127.0
2022-01-09 17:36:40.500777778+00:00,2830.0,5.1,5.2,4.973684210526316,1127.0
2022-01-09 17:37:43.111888889+00:00,2830.0,5.1,5.2,4.973684210526316,1127.0
2022-01-09 17:38:45.723000+00:00,2830.0,2.7,5.2,4.973684210526316,1127.0
2022-01-09 17:38:47.723000+00:00,2830.0,0.0,5.2,4.973684210526316,1127.0
2022-01-09 17:39:43.723000+00:00,2827.0,4.1,5.1,4.766666666666667,1035.0
2022-01-09 17:40:44.605352941+00:00,2827.0,5.0,5.1,4.766666666666667,1035.0
2022-01-09 17:41:45.487705882+00:00,2827.0,5.0,5.1,4.766666666666667,1035.0
2022-01-09 17:42:46.370058824+00:00,2827.0,5.1,5.1,4.766666666666667,1035.0
2022-01-09 17:43:47.252411765+00:00,2827.0,5.1,5.1,4.766666666666667,1035.0
2022-01-09 17:44:48.134764706+00:00,2827.0,5.0,5.1,4.766666666666667,1035.0
2022-01-09 17:45:49.017117647+00:00,2827.0,5.0,5.1,4.766666666666667,1035.0
2022-01-09 17:46:49.899470588+00:00,2827.0,5.0,5.1,4.766666666666667,1035.0
2022-01-09 17:47:50.781823529+00:00,2827.0,5.1,5.1,4.766666666666667,1035.0
2022-01-09 17:48:51.664176471+00:00,2827.0,5.1,5.1,4.766666666666667,1035.0
2022-01-09 17:49:52.546529412+00:00,2827.0,5.0,5.1,4.766666666666667,1035.0
2022-01-09 17:50:53.428882353+00:00,2827.0,5.1,5.1,4.766666666666667,1035.0
2022-01-09 17:51:54.311235294+00:00,2827.0,5.1,5.1,4.766666666666667,1035.0
2022-01-09 17:52:55.193588235+00:00,2827.0,5.1,5.1,4.766666666666667,1035.0
2022-01-09 17:53:56.075941176+00:00,2827.0,5.0,5.1,4.766666666666667,1035.0
2022-01-09 17:54:56.958294118+00:00,2827.0,5.0,5.1,4.766666666666667,1035.0
2022-01-09 17:55:57.840647059+00:00,2827.0,4.8,5.1,4.766666666666667,1035.0
2022-01-09 17:56:58.723000+00:00,2827.0,1.2,5.1,4.766666666666667,1035.0
2022-01-09 17:57:00.723000+00:00,2827.0,0.0,5.1,4.766666666666667,1035.0
2022-01-09 17:58:17.722000+00:00,2821.0,2.5,5.1,4.76111111111111,1052.0
2022-01-09 17:59:19.604352941+00:00,2821.0,5.0,5.1,4.76111111111111,1052.0
2022-01-09 18:00:21.486705882+00:00,2821.0,5.1,5.1,4.76111111111111,1052.0
2022-01-09 18:01:23.369058824+00:00,2821.0,5.0,5.1,4.76111111111111,1052.0
2022-01-09 18:02:25.251411765+00:00,2821.0,5.1,5.1,4.76111111111111,1052.0
2022-01-09 18:03:27.133764706+00:00,2821.0,5.1,5.1,4.76111111111111,1052.0
2022-01-09 18:04:29.016117647+00:00,2821.0,5.1,5.1,4.76111111111111,1052.0
2022-01-09 18:05:30.898470588+00:00,2821.0,5.1,5.1,4.76111111111111,1052.0
2022-01-09 18:06:32.780823529+00:00,2821.0,5.0,5.1,4.76111111111111,1052.0
2022-01-09 18:07:34.663176471+00:00,2821.0,5.1,5.1,4.76111111111111,1052.0
2022-01-09 18:08:36.545529412+00:00,2821.0,5.1,5.1,4.76111111111111,1052.0
2022-01-09 18:09:38.427882353+00:00,2821.0,5.1,5.1,4.76111111111111,1052.0
2022-01-09 18:10:40.310235294+00:00,2821.0,5.1,5.1,4.76111111111111,1052.0
2022-01-09 18:11:42.192588235+00:00,2821.0,5.1,5.1,4.76111111111111,1052.0
2022-01-09 18:12:44.074941176+00:00,2821.0,5.1,5.1,4.76111111111111,1052.0
2022-01-09 18:13:45.957294118+00:00,2821.0,5.1,5.1,4.76111111111111,1052.0
2022-01-09 18:14:47.839647059+00:00,2821.0,5.1,5.1,4.76111111111111,1052.0
2022-01-09 18:15:49.722000+00:00,2821.0,1.9,5.1,4.76111111111111,1052.0
2022-01-09 18:15:51.722000+00:00,2821.0,0.0,5.1,4.76111111111111,1052.0
2022-01-09 18:17:12.283000+00:00,2817.0,1.9,5.2,4.7,981.0
2022-01-09 18:18:13.595500+00:00,2817.0,4.8,5.2,4.7,981.0
2022-01-09 18:19:14.908000+00:00,2817.0,5.2,5.2,4.7,981.0
2022-01-09 18:20:16.220500+00:00,2817.0,5.1,5.2,4.7,981.0
2022-01-09 18:21:17.533000+00:00,2817.0,5.2,5.2,4.7,981.0
2022-01-09 18:22:18.845500+00:00,2817.0,5.2,5.2,4.7,981.0
2022-01-09 18:23:20.158000+00:00,2817.0,5.2,5.2,4.7,981.0
2022-01-09 18:24:21.470500+00:00,2817.0,5.1,5.2,4.7,981.0
2022-01-09 18:25:22.783000+00:00,2817.0,5.2,5.2,4.7,981.0
2022-01-09 18:26:24.095500+00:00,2817.0,5.1,5.2,4.7,981.0
2022-01-09 18:27:25.408000+00:00,2817.0,5.2,5.2,4.7,981.0
2022-01-09 18:28:26.720500+00:00,2817.0,5.2,5.2,4.7,981.0
2022-01-09 18:29:28.033000+00:00,2817.0,5.1,5.2,4.7,981.0
2022-01-09 18:30:29.345500+00:00,2817.0,5.2,5.2,4.7,981.0
2022-01-09 18:31:30.658000+00:00,2817.0,5.1,5.2,4.7,981.0
2022-01-09 18:32:31.970500+00:00,2817.0,5.0,5.2,4.7,981.0
2022-01-09 18:33:33.283000+00:00,2817.0,1.1,5.2,4.7,981.0
2022-01-09 18:33:35.283000+00:00,2817.0,0.0,5.2,4.7,981.0
2022-01-09 18:34:55.722000+00:00,2815.0,3.4,5.3,4.875000000000001,873.0
2022-01-09 18:35:41.669368421+00:00,2815.0,5.3,5.3,4.875000000000001,873.0
2022-01-09 18:36:27.616736842+00:00,2815.0,5.3,5.3,4.875000000000001,873.0
2022-01-09 18:37:13.564105263+00:00,2815.0,5.2,5.3,4.875000000000001,873.0
2022-01-09 18:37:59.511473684+00:00,2815.0,5.2,5.3,4.875000000000001,873.0
2022-01-09 18:38:45.458842105+00:00,2815.0,5.3,5.3,4.875000000000001,873.0
2022-01-09 18:39:31.406210526+00:00,2815.0,5.3,5.3,4.875000000000001,873.0
2022-01-09 18:40:17.353578947+00:00,2815.0,5.2,5.3,4.875000000000001,873.0
2022-01-09 18:41:03.300947368+00:00,2815.0,5.1,5.3,4.875000000000001,873.0
2022-01-09 18:41:49.248315789+00:00,2815.0,5.1,5.3,4.875000000000001,873.0
2022-01-09 18:42:35.195684211+00:00,2815.0,5.2,5.3,4.875000000000001,873.0
2022-01-09 18:43:21.143052632+00:00,2815.0,5.1,5.3,4.875000000000001,873.0
2022-01-09 18:44:07.090421053+00:00,2815.0,5.1,5.3,4.875000000000001,873.0
2022-01-09 18:44:53.037789474+00:00,2815.0,5.2,5.3,4.875000000000001,873.0
2022-01-09 18:45:38.985157894+00:00,2815.0,5.2,5.3,4.875000000000001,873.0
2022-01-09 18:46:24.932526316+00:00,2815.0,5.2,5.3,4.875000000000001,873.0
2022-01-09 18:47:10.879894737+00:00,2815.0,5.2,5.3,4.875000000000001,873.0
2022-01-09 18:47:56.827263158+00:00,2815.0,5.2,5.3,4.875000000000001,873.0
2022-01-09 18:48:42.774631579+00:00,2815.0,4.8,5.3,4.875000000000001,873.0
2022-01-09 18:49:28.722000+00:00,2815.0,0.9,5.3,4.875000000000001,873.0
2022-01-09 18:49:30.722000+00:00,2815.0,0.0,5.3,4.875000000000001,873.0
2022-01-09 18:50:24.722000+00:00,2811.0,2.9,5.2,4.752941176470589,992.0
2022-01-09 18:51:26.722000+00:00,2811.0,5.0,5.2,4.752941176470589,992.0
2022-01-09 18:52:28.722000+00:00,2811.0,5.0,5.2,4.752941176470589,992.0
2022-01-09 18:53:30.722000+00:00,2811.0,5.0,5.2,4.752941176470589,992.0
2022-01-09 18:54:32.722000+00:00,2811.0,5.0,5.2,4.752941176470589,992.0
2022-01-09 18:55:34.722000+00:00,2811.0,5.0,5.2,4.752941176470589,992.0
2022-01-09 18:56:36.722000+00:00,2811.0,5.0,5.2,4.752941176470589,992.0
2022-01-09 18:57:38.722000+00:00,2811.0,5.1,5.2,4.752941176470589,992.0
2022-01-09 18:58:40.722000+00:00,2811.0,5.2,5.2,4.752941176470589,992.0
2022-01-09 18:59:42.722000+00:00,2811.0,5.1,5.2,4.752941176470589,992.0
2022-01-09 19:00:44.722000+00:00,2811.0,5.1,5.2,4.752941176470589,992.0
2022-01-09 19:01:46.722000+00:00,2811.0,5.1,5.2,4.752941176470589,992.0
2022-01-09 19:02:48.722000+00:00,2811.0,5.1,5.2,4.752941176470589,992.0
2022-01-09 19:03:50.722000+00:00,2811.0,5.1,5.2,4.752941176470589,992.0
2022-01-09 19:04:52.722000+00:00,2811.0,5.1,5.2,4.752941176470589,992.0
2022-01-09 19:05:54.722000+00:00,2811.0,5.1,5.2,4.752941176470589,992.0
2022-01-09 19:06:56.722000+00:00,2811.0,1.9,5.2,4.752941176470589,992.0
2022-01-09 19:06:58.722000+00:00,2811.0,0.0,5.2,4.752941176470589,992.0
2022-01-09 19:08:00.721000+00:00,2809.0,1.3,5.2,4.427777777777778,772.0
2022-01-09 19:08:46.132764706+00:00,2809.0,2.5,5.2,4.427777777777778,772.0
2022-01-09 19:09:31.544529412+00:00,2809.0,4.9,5.2,4.427777777777778,772.0
2022-01-09 19:10:16.956294118+00:00,2809.0,5.1,5.2,4.427777777777778,772.0
2022-01-09 19:11:02.368058824+00:00,2809.0,5.1,5.2,4.427777777777778,772.0
2022-01-09 19:11:47.779823529+00:00,2809.0,5.1,5.2,4.427777777777778,772.0
2022-01-09 19:12:33.191588235+00:00,2809.0,5.2,5.2,4.427777777777778,772.0
2022-01-09 19:13:18.603352941+00:00,2809.0,5.1,5.2,4.427777777777778,772.0
2022-01-09 19:14:04.015117647+00:00,2809.0,5.1,5.2,4.427777777777778,772.0
2022-01-09 19:14:49.426882353+00:00,2809.0,5.1,5.2,4.427777777777778,772.0
2022-01-09 19:15:34.838647059+00:00,2809.0,5.1,5.2,4.427777777777778,772.0
2022-01-09 19:16:20.250411765+00:00,2809.0,5.1,5.2,4.427777777777778,772.0
2022-01-09 19:17:05.662176471+00:00,2809.0,5.1,5.2,4.427777777777778,772.0
2022-01-09 19:17:51.073941176+00:00,2809.0,5.1,5.2,4.427777777777778,772.0
2022-01-09 19:18:36.485705882+00:00,2809.0,5.1,5.2,4.427777777777778,772.0
2022-01-09 19:19:21.897470588+00:00,2809.0,5.1,5.2,4.427777777777778,772.0
2022-01-09 19:20:07.309235294+00:00,2809.0,4.2,5.2,4.427777777777778,772.0
2022-01-09 19:20:52.721000+00:00,2809.0,0.4,5.2,4.427777777777778,772.0
2022-01-09 19:20:54.721000+00:00,2809.0,0.0,5.2,4.427777777777778,772.0
2022-01-09 19:22:02.282000+00:00,2806.0,3.7,5.1,4.8500000000000005,1078.0
2022-01-09 19:23:05.693764706+00:00,2806.0,5.0,5.1,4.8500000000000005,1078.0
2022-01-09 19:24:09.105529412+00:00,2806.0,5.0,5.1,4.8500000000000005,1078.0
2022-01-09 19:25:12.517294118+00:00,2806.0,5.0,5.1,4.8500000000000005,1078.0
2022-01-09 19:26:15.929058824+00:00,2806.0,5.0,5.1,4.8500000000000005,1078.0
2022-01-09 19:27:19.340823529+00:00,2806.0,5.0,5.1,4.8500000000000005,1078.0
2022-01-09 19:28:22.752588235+00:00,2806.0,5.0,5.1,4.8500000000000005,1078.0
2022-01-09 19:29:26.164352941+00:00,2806.0,5.0,5.1,4.8500000000000005,1078.0
2022-01-09 19:30:29.576117647+00:00,2806.0,5.0,5.1,4.8500000000000005,1078.0
2022-01-09 19:31:32.987882353+00:00,2806.0,5.0,5.1,4.8500000000000005,1078.0
2022-01-09 19:32:36.399647059+00:00,2806.0,5.0,5.1,4.8500000000000005,1078.0
2022-01-09 19:33:39.811411765+00:00,2806.0,5.0,5.1,4.8500000000000005,1078.0
2022-01-09 19:34:43.223176471+00:00,2806.0,5.0,5.1,4.8500000000000005,1078.0
2022-01-09 19:35:46.634941176+00:00,2806.0,5.1,5.1,4.8500000000000005,1078.0
2022-01-09 19:36:50.046705882+00:00,2806.0,5.0,5.1,4.8500000000000005,1078.0
2022-01-09 19:37:53.458470588+00:00,2806.0,5.0,5.1,4.8500000000000005,1078.0
2022-01-09 19:38:56.870235294+00:00,2806.0,5.0,5.1,4.8500000000000005,1078.0
2022-01-09 19:40:00.282000+00:00,2806.0,3.5,5.1,4.8500000000000005,1078.0
2022-01-09 19:40:02.282000+00:00,2806.0,0.0,5.1,4.8500000000000005,1078.0
2022-01-09 19:40:51.721000+00:00,2803.0,3.5,5.1,4.778947368421052,835.0
2022-01-09 19:41:38.109888889+00:00,2803.0,4.8,5.1,4.778947368421052,835.0
2022-01-09 19:42:24.498777778+00:00,2803.0,5.0,5.1,4.778947368421052,835.0
2022-01-09 19:43:10.887666667+00:00,2803.0,5.0,5.1,4.778947368421052,835.0
2022-01-09 19:43:57.276555556+00:00,2803.0,5.0,5.1,4.778947368421052,835.0
2022-01-09 19:44:43.665444444+00:00,2803.0,5.1,5.1,4.778947368421052,835.0
2022-01-09 19:45:30.054333333+00:00,2803.0,5.1,5.1,4.778947368421052,835.0
2022-01-09 19:46:16.443222222+00:00,2803.0,5.1,5.1,4.778947368421052,835.0
2022-01-09 19:47:02.832111111+00:00,2803.0,5.0,5.1,4.778947368421052,835.0
2022-01-09 19:47:49.221000+00:00,2803.0,5.1,5.1,4.778947368421052,835.0
2022-01-09 19:48:35.609888889+00:00,2803.0,5.1,5.1,4.778947368421052,835.0
2022-01-09 19:49:21.998777778+00:00,2803.0,5.1,5.1,4.778947368421052,835.0
2022-01-09 19:50:08.387666667+00:00,2803.0,5.0,5.1,4.778947368421052,835.0
2022-01-09 19:50:54.776555556+00:00,2803.0,5.1,5.1,4.778947368421052,835.0
2022-01-09 19:51:41.165444444+00:00,2803.0,5.0,5.1,4.778947368421052,835.0
2022-01-09 19:52:27.554333333+00:00,2803.0,5.0,5.1,4.778947368421052,835.0
2022-01-09 19:53:13.943222222+00:00,2803.0,5.1,5.1,4.778947368421052,835.0
2022-01-09 19:54:00.332111111+00:00,2803.0,4.9,5.1,4.778947368421052,835.0
2022-01-09 19:54:46.721000+00:00,2803.0,1.8,5.1,4.778947368421052,835.0
2022-01-09 19:54:48.721000+00:00,2803.0,0.0,5.1,4.778947368421052,835.0
2022-01-09 19:55:32.281000+00:00,2800.0,1.8,5.1,4.445,868.0
2022-01-09 19:56:17.965210526+00:00,2800.0,2.4,5.1,4.445,868.0
2022-01-09 19:57:03.649421053+00:00,2800.0,4.3,5.1,4.445,868.0
2022-01-09 19:57:49.333631579+00:00,2800.0,4.9,5.1,4.445,868.0
2022-01-09 19:58:35.017842105+00:00,2800.0,5.0,5.1,4.445,868.0
2022-01-09 19:59:20.702052632+00:00,2800.0,5.0,5.1,4.445,868.0
2022-01-09 20:00:06.386263158+00:00,2800.0,5.0,5.1,4.445,868.0
2022-01-09 20:00:52.070473684+00:00,2800.0,5.0,5.1,4.445,868.0
2022-01-09 20:01:37.754684211+00:00,2800.0,5.0,5.1,4.445,868.0
2022-01-09 20:02:23.438894737+00:00,2800.0,5.1,5.1,4.445,868.0
2022-01-09 20:03:09.123105263+00:00,2800.0,5.0,5.1,4.445,868.0
2022-01-09 20:03:54.807315789+00:00,2800.0,5.1,5.1,4.445,868.0
2022-01-09 20:04:40.491526316+00:00,2800.0,5.0,5.1,4.445,868.0
2022-01-09 20:05:26.175736842+00:00,2800.0,5.0,5.1,4.445,868.0
2022-01-09 20:06:11.859947368+00:00,2800.0,5.1,5.1,4.445,868.0
2022-01-09 20:06:57.544157894+00:00,2800.0,5.0,5.1,4.445,868.0
2022-01-09 20:07:43.228368421+00:00,2800.0,5.0,5.1,4.445,868.0
2022-01-09 20:08:28.912578947+00:00,2800.0,5.0,5.1,4.445,868.0
2022-01-09 20:09:14.596789474+00:00,2800.0,4.4,5.1,4.445,868.0
2022-01-09 20:10:00.281000+00:00,2800.0,0.8,5.1,4.445,868.0
2022-01-09 20:10:02.281000+00:00,2800.0,0.0,5.1,4.445,868.0
2022-01-09 20:11:19.720000+00:00,2796.0,4.3,5.1,4.747058823529412,980.0
2022-01-09 20:12:20.970000+00:00,2796.0,5.0,5.1,4.747058823529412,980.0
2022-01-09 20:13:22.220000+00:00,2796.0,5.0,5.1,4.747058823529412,980.0
2022-01-09 20:14:23.470000+00:00,2796.0,5.0,5.1,4.747058823529412,980.0
2022-01-09 20:15:24.720000+00:00,2796.0,5.0,5.1,4.747058823529412,980.0
2022-01-09 20:16:25.970000+00:00,2796.0,5.0,5.1,4.747058823529412,980.0
2022-01-09 20:17:27.220000+00:00,2796.0,5.0,5.1,4.747058823529412,980.0
2022-01-09 20:18:28.470000+00:00,2796.0,5.0,5.1,4.747058823529412,980.0
2022-01-09 20:19:29.720000+00:00,2796.0,5.0,5.1,4.747058823529412,980.0
2022-01-09 20:20:30.970000+00:00,2796.0,5.0,5.1,4.747058823529412,980.0
2022-01-09 20:21:32.220000+00:00,2796.0,5.0,5.1,4.747058823529412,980.0
2022-01-09 20:22:33.470000+00:00,2796.0,5.1,5.1,4.747058823529412,980.0
2022-01-09 20:23:34.720000+00:00,2796.0,5.0,5.1,4.747058823529412,980.0
2022-01-09 20:24:35.970000+00:00,2796.0,5.0,5.1,4.747058823529412,980.0
2022-01-09 20:25:37.220000+00:00,2796.0,5.0,5.1,4.747058823529412,980.0
2022-01-09 20:26:38.470000+00:00,2796.0,5.0,5.1,4.747058823529412,980.0
2022-01-09 20:27:39.720000+00:00,2796.0,1.3,5.1,4.747058823529412,980.0
2022-01-09 20:27:41.720000+00:00,2796.0,0.0,5.1,4.747058823529412,980.0
2022-01-09 20:28:04.281000+00:00,2789.0,0.3,0.3,0.3,12.0
2022-01-09 20:28:06.281000+00:00,2789.0,0.0,0.3,0.3,12.0
2022-01-09 21:00:35.719000+00:00,2781.0,3.6,5.1,4.43125,904.0
2022-01-09 21:01:35.985666667+00:00,2781.0,5.1,5.1,4.43125,904.0
2022-01-09 21:02:36.252333332+00:00,2781.0,5.1,5.1,4.43125,904.0
2022-01-09 21:03:36.519000+00:00,2781.0,2.9,5.1,4.43125,904.0
2022-01-09 21:04:36.785666667+00:00,2781.0,4.8,5.1,4.43125,904.0
2022-01-09 21:05:37.052333333+00:00,2781.0,5.0,5.1,4.43125,904.0
2022-01-09 21:06:37.319000+00:00,2781.0,5.0,5.1,4.43125,904.0
2022-01-09 21:07:37.585666667+00:00,2781.0,5.0,5.1,4.43125,904.0
2022-01-09 21:08:37.852333333+00:00,2781.0,5.0,5.1,4.43125,904.0
2022-01-09 21:09:38.119000+00:00,2781.0,5.0,5.1,4.43125,904.0
2022-01-09 21:10:38.385666667+00:00,2781.0,5.0,5.1,4.43125,904.0
2022-01-09 21:11:38.652333333+00:00,2781.0,5.0,5.1,4.43125,904.0
2022-01-09 21:12:38.919000+00:00,2781.0,5.0,5.1,4.43125,904.0
2022-01-09 21:13:39.185666667+00:00,2781.0,5.0,5.1,4.43125,904.0
2022-01-09 21:14:39.452333333+00:00,2781.0,4.1,5.1,4.43125,904.0
2022-01-09 21:15:39.719000+00:00,2781.0,0.3,5.1,4.43125,904.0
2022-01-09 21:15:41.719000+00:00,2781.0,0.0,5.1,4.43125,904.0
2022-01-09 21:16:44.280000+00:00,2778.0,4.3,5.1,4.755,1152.0
2022-01-09 21:17:44.911578947+00:00,2778.0,5.0,5.1,4.755,1152.0
2022-01-09 21:18:45.543157894+00:00,2778.0,5.0,5.1,4.755,1152.0
2022-01-09 21:19:46.174736842+00:00,2778.0,5.1,5.1,4.755,1152.0
2022-01-09 21:20:46.806315789+00:00,2778.0,5.0,5.1,4.755,1152.0
2022-01-09 21:21:47.437894737+00:00,2778.0,5.0,5.1,4.755,1152.0
2022-01-09 21:22:48.069473684+00:00,2778.0,5.0,5.1,4.755,1152.0
2022-01-09 21:23:48.701052632+00:00,2778.0,5.0,5.1,4.755,1152.0
2022-01-09 21:24:49.332631579+00:00,2778.0,5.0,5.1,4.755,1152.0
2022-01-09 21:25:49.964210526+00:00,2778.0,5.0,5.1,4.755,1152.0
2022-01-09 21:26:50.595789474+00:00,2778.0,5.0,5.1,4.755,1152.0
2022-01-09 21:27:51.227368421+00:00,2778.0,5.1,5.1,4.755,1152.0
2022-01-09 21:28:51.858947368+00:00,2778.0,5.0,5.1,4.755,1152.0
2022-01-09 21:29:52.490526316+00:00,2778.0,5.0,5.1,4.755,1152.0
2022-01-09 21:30:53.122105263+00:00,2778.0,5.1,5.1,4.755,1152.0
2022-01-09 21:31:53.753684211+00:00,2778.0,5.0,5.1,4.755,1152.0
2022-01-09 21:32:54.385263158+00:00,2778.0,5.0,5.1,4.755,1152.0
2022-01-09 21:33:55.016842105+00:00,2778.0,5.0,5.1,4.755,1152.0
2022-01-09 21:34:55.648421053+00:00,2778.0,4.6,5.1,4.755,1152.0
2022-01-09 21:35:56.280000+00:00,2778.0,0.9,5.1,4.755,1152.0
2022-01-09 21:35:58.280000+00:00,2778.0,0.0,5.1,4.755,1152.0
2022-01-09 21:36:05.719000+00:00,2778.0,1.3,5.0,3.984615384615385,363.0
2022-01-09 21:36:35.969000+00:00,2778.0,3.5,5.0,3.984615384615385,363.0
2022-01-09 21:37:06.219000+00:00,2778.0,4.9,5.0,3.984615384615385,363.0
2022-01-09 21:37:36.469000+00:00,2778.0,5.0,5.0,3.984615384615385,363.0
2022-01-09 21:38:06.719000+00:00,2778.0,5.0,5.0,3.984615384615385,363.0
2022-01-09 21:38:36.969000+00:00,2778.0,5.0,5.0,3.984615384615385,363.0
2022-01-09 21:39:07.219000+00:00,2778.0,5.0,5.0,3.984615384615385,363.0
2022-01-09 21:39:37.469000+00:00,2778.0,5.0,5.0,3.984615384615385,363.0
2022-01-09 21:40:07.719000+00:00,2778.0,5.0,5.0,3.984615384615385,363.0
2022-01-09 21:40:37.969000+00:00,2778.0,5.0,5.0,3.984615384615385,363.0
2022-01-09 21:41:08.219000+00:00,2778.0,5.0,5.0,3.984615384615385,363.0
2022-01-09 21:41:38.469000+00:00,2778.0,1.9,5.0,3.984615384615385,363.0
2022-01-09 21:42:08.719000+00:00,2778.0,0.2,5.0,3.984615384615385,363.0
2022-01-09 21:42:10.719000+00:00,2778.0,0.0,5.0,3.984615384615385,363.0
2022-01-09 21:43:22.718000+00:00,2778.0,3.5,5.0,4.82,1181.0
2022-01-09 21:44:24.875894737+00:00,2778.0,5.0,5.0,4.82,1181.0
2022-01-09 21:45:27.033789474+00:00,2778.0,5.0,5.0,4.82,1181.0
2022-01-09 21:46:29.191684211+00:00,2778.0,5.0,5.0,4.82,1181.0
2022-01-09 21:47:31.349578947+00:00,2778.0,5.0,5.0,4.82,1181.0
2022-01-09 21:48:33.507473684+00:00,2778.0,5.0,5.0,4.82,1181.0
2022-01-09 21:49:35.665368421+00:00,2778.0,5.0,5.0,4.82,1181.0
2022-01-09 21:50:37.823263158+00:00,2778.0,5.0,5.0,4.82,1181.0
2022-01-09 21:51:39.981157894+00:00,2778.0,5.0,5.0,4.82,1181.0
2022-01-09 21:52:42.139052632+00:00,2778.0,5.0,5.0,4.82,1181.0
2022-01-09 21:53:44.296947368+00:00,2778.0,5.0,5.0,4.82,1181.0
2022-01-09 21:54:46.454842105+00:00,2778.0,5.0,5.0,4.82,1181.0
2022-01-09 21:55:48.612736842+00:00,2778.0,5.0,5.0,4.82,1181.0
2022-01-09 21:56:50.770631579+00:00,2778.0,5.0,5.0,4.82,1181.0
2022-01-09 21:57:52.928526316+00:00,2778.0,5.0,5.0,4.82,1181.0
2022-01-09 21:58:55.086421053+00:00,2778.0,5.0,5.0,4.82,1181.0
2022-01-09 21:59:57.244315789+00:00,2778.0,5.0,5.0,4.82,1181.0
2022-01-09 22:00:59.402210526+00:00,2778.0,5.0,5.0,4.82,1181.0
2022-01-09 22:02:01.560105263+00:00,2778.0,5.0,5.0,4.82,1181.0
2022-01-09 22:03:03.718000+00:00,2778.0,2.9,5.0,4.82,1181.0
2022-01-09 22:03:05.718000+00:00,2778.0,0.0,5.0,4.82,1181.0
2022-01-09 22:03:49.279000+00:00,2779.0,3.9,5.1,4.8052631578947365,1106.0
2022-01-09 22:04:50.723444444+00:00,2779.0,5.0,5.1,4.8052631578947365,1106.0
2022-01-09 22:05:52.167888889+00:00,2779.0,5.0,5.1,4.8052631578947365,1106.0
2022-01-09 22:06:53.612333333+00:00,2779.0,5.0,5.1,4.8052631578947365,1106.0
2022-01-09 22:07:55.056777778+00:00,2779.0,5.0,5.1,4.8052631578947365,1106.0
2022-01-09 22:08:56.501222222+00:00,2779.0,5.0,5.1,4.8052631578947365,1106.0
2022-01-09 22:09:57.945666667+00:00,2779.0,5.0,5.1,4.8052631578947365,1106.0
2022-01-09 22:10:59.390111111+00:00,2779.0,5.1,5.1,4.8052631578947365,1106.0
2022-01-09 22:12:00.834555556+00:00,2779.0,5.0,5.1,4.8052631578947365,1106.0
2022-01-09 22:13:02.279000+00:00,2779.0,5.0,5.1,4.8052631578947365,1106.0
2022-01-09 22:14:03.723444444+00:00,2779.0,5.0,5.1,4.8052631578947365,1106.0
2022-01-09 22:15:05.167888889+00:00,2779.0,5.1,5.1,4.8052631578947365,1106.0
2022-01-09 22:16:06.612333333+00:00,2779.0,5.1,5.1,4.8052631578947365,1106.0
2022-01-09 22:17:08.056777778+00:00,2779.0,5.0,5.1,4.8052631578947365,1106.0
2022-01-09 22:18:09.501222222+00:00,2779.0,5.1,5.1,4.8052631578947365,1106.0
2022-01-09 22:19:10.945666667+00:00,2779.0,5.0,5.1,4.8052631578947365,1106.0
2022-01-09 22:20:12.390111111+00:00,2779.0,4.9,5.1,4.8052631578947365,1106.0
2022-01-09 22:21:13.834555556+00:00,2779.0,5.0,5.1,4.8052631578947365,1106.0
2022-01-09 22:22:15.279000+00:00,2779.0,2.1,5.1,4.8052631578947365,1106.0
2022-01-09 22:22:17.279000+00:00,2779.0,0.0,5.1,4.8052631578947365,1106.0
2022-01-09 22:23:21.278000+00:00,2778.0,3.8,5.1,4.858823529411764,1252.0
2022-01-09 22:24:39.528000+00:00,2778.0,5.0,5.1,4.858823529411764,1252.0
2022-01-09 22:25:57.778000+00:00,2778.0,5.0,5.1,4.858823529411764,1252.0
2022-01-09 22:27:16.028000+00:00,2778.0,5.0,5.1,4.858823529411764,1252.0
2022-01-09 22:28:34.278000+00:00,2778.0,5.0,5.1,4.858823529411764,1252.0
2022-01-09 22:29:52.528000+00:00,2778.0,5.0,5.1,4.858823529411764,1252.0
2022-01-09 22:31:10.778000+00:00,2778.0,5.0,5.1,4.858823529411764,1252.0
2022-01-09 22:32:29.028000+00:00,2778.0,5.0,5.1,4.858823529411764,1252.0
2022-01-09 22:33:47.278000+00:00,2778.0,5.1,5.1,4.858823529411764,1252.0
2022-01-09 22:35:05.528000+00:00,2778.0,5.0,5.1,4.858823529411764,1252.0
2022-01-09 22:36:23.778000+00:00,2778.0,5.1,5.1,4.858823529411764,1252.0
2022-01-09 22:37:42.028000+00:00,2778.0,5.1,5.1,4.858823529411764,1252.0
2022-01-09 22:39:00.278000+00:00,2778.0,5.1,5.1,4.858823529411764,1252.0
2022-01-09 22:40:18.528000+00:00,2778.0,5.1,5.1,4.858823529411764,1252.0
2022-01-09 22:41:36.778000+00:00,2778.0,5.1,5.1,4.858823529411764,1252.0
2022-01-09 22:42:55.028000+00:00,2778.0,5.1,5.1,4.858823529411764,1252.0
2022-01-09 22:44:13.278000+00:00,2778.0,3.1,5.1,4.858823529411764,1252.0
2022-01-09 22:44:15.278000+00:00,2778.0,0.0,5.1,4.858823529411764,1252.0
2022-01-09 22:45:25.717000+00:00,2775.0,3.6,5.1,4.783333333333333,1302.0
2022-01-09 22:46:42.305235294+00:00,2775.0,5.1,5.1,4.783333333333333,1302.0
2022-01-09 22:47:58.893470588+00:00,2775.0,5.0,5.1,4.783333333333333,1302.0
2022-01-09 22:49:15.481705882+00:00,2775.0,5.1,5.1,4.783333333333333,1302.0
2022-01-09 22:50:32.069941176+00:00,2775.0,5.0,5.1,4.783333333333333,1302.0
2022-01-09 22:51:48.658176471+00:00,2775.0,5.0,5.1,4.783333333333333,1302.0
2022-01-09 22:53:05.246411765+00:00,2775.0,5.1,5.1,4.783333333333333,1302.0
2022-01-09 22:54:21.834647059+00:00,2775.0,5.0,5.1,4.783333333333333,1302.0
2022-01-09 22:55:38.422882353+00:00,2775.0,5.0,5.1,4.783333333333333,1302.0
2022-01-09 22:56:55.011117647+00:00,2775.0,5.0,5.1,4.783333333333333,1302.0
2022-01-09 22:58:11.599352941+00:00,2775.0,5.0,5.1,4.783333333333333,1302.0
2022-01-09 22:59:28.187588235+00:00,2775.0,5.0,5.1,4.783333333333333,1302.0
2022-01-09 23:00:44.775823529+00:00,2775.0,5.0,5.1,4.783333333333333,1302.0
2022-01-09 23:02:01.364058824+00:00,2775.0,5.0,5.1,4.783333333333333,1302.0
2022-01-09 23:03:17.952294118+00:00,2775.0,5.0,5.1,4.783333333333333,1302.0
2022-01-09 23:04:34.540529412+00:00,2775.0,5.1,5.1,4.783333333333333,1302.0
2022-01-09 23:05:51.128764706+00:00,2775.0,5.0,5.1,4.783333333333333,1302.0
2022-01-09 23:07:07.717000+00:00,2775.0,2.1,5.1,4.783333333333333,1302.0
2022-01-09 23:07:09.717000+00:00,2775.0,0.0,5.1,4.783333333333333,1302.0
2022-01-09 23:08:10.717000+00:00,2774.0,4.4,5.1,4.770588235294118,1218.0
2022-01-09 23:09:26.842000+00:00,2774.0,5.0,5.1,4.770588235294118,1218.0
2022-01-09 23:10:42.967000+00:00,2774.0,5.1,5.1,4.770588235294118,1218.0
2022-01-09 23:11:59.092000+00:00,2774.0,5.0,5.1,4.770588235294118,1218.0
2022-01-09 23:13:15.217000+00:00,2774.0,5.1,5.1,4.770588235294118,1218.0
2022-01-09 23:14:31.342000+00:00,2774.0,5.1,5.1,4.770588235294118,1218.0
2022-01-09 23:15:47.467000+00:00,2774.0,5.0,5.1,4.770588235294118,1218.0
2022-01-09 23:17:03.592000+00:00,2774.0,5.1,5.1,4.770588235294118,1218.0
2022-01-09 23:18:19.717000+00:00,2774.0,5.1,5.1,4.770588235294118,1218.0
2022-01-09 23:19:35.842000+00:00,2774.0,5.1,5.1,4.770588235294118,1218.0
2022-01-09 23:20:51.967000+00:00,2774.0,5.1,5.1,4.770588235294118,1218.0
2022-01-09 23:22:08.092000+00:00,2774.0,5.1,5.1,4.770588235294118,1218.0
2022-01-09 23:23:24.217000+00:00,2774.0,5.1,5.1,4.770588235294118,1218.0
2022-01-09 23:24:40.342000+00:00,2774.0,5.1,5.1,4.770588235294118,1218.0
2022-01-09 23:25:56.467000+00:00,2774.0,5.1,5.1,4.770588235294118,1218.0
2022-01-09 23:27:12.592000+00:00,2774.0,4.8,5.1,4.770588235294118,1218.0
2022-01-09 23:28:28.717000+00:00,2774.0,0.8,5.1,4.770588235294118,1218.0
2022-01-09 23:28:30.717000+00:00,2774.0,0.0,5.1,4.770588235294118,1218.0
2022-01-09 23:29:30.277000+00:00,2772.0,4.3,5.1,4.764705882352941,1221.0
2022-01-09 23:30:46.589500+00:00,2772.0,5.0,5.1,4.764705882352941,1221.0
2022-01-09 23:32:02.902000+00:00,2772.0,5.0,5.1,4.764705882352941,1221.0
2022-01-09 23:33:19.214500+00:00,2772.0,5.0,5.1,4.764705882352941,1221.0
2022-01-09 23:34:35.527000+00:00,2772.0,5.0,5.1,4.764705882352941,1221.0
2022-01-09 23:35:51.839500+00:00,2772.0,5.0,5.1,4.764705882352941,1221.0
2022-01-09 23:37:08.152000+00:00,2772.0,5.1,5.1,4.764705882352941,1221.0
2022-01-09 23:38:24.464500+00:00,2772.0,5.0,5.1,4.764705882352941,1221.0
2022-01-09 23:39:40.777000+00:00,2772.0,5.0,5.1,4.764705882352941,1221.0
2022-01-09 23:40:57.089500+00:00,2772.0,5.1,5.1,4.764705882352941,1221.0
2022-01-09 23:42:13.402000+00:00,2772.0,5.0,5.1,4.764705882352941,1221.0
2022-01-09 23:43:29.714500+00:00,2772.0,5.1,5.1,4.764705882352941,1221.0
2022-01-09 23:44:46.027000+00:00,2772.0,5.1,5.1,4.764705882352941,1221.0
2022-01-09 23:46:02.339500+00:00,2772.0,5.1,5.1,4.764705882352941,1221.0
2022-01-09 23:47:18.652000+00:00,2772.0,5.1,5.1,4.764705882352941,1221.0
2022-01-09 23:48:34.964500+00:00,2772.0,4.9,5.1,4.764705882352941,1221.0
2022-01-09 23:49:51.277000+00:00,2772.0,1.2,5.1,4.764705882352941,1221.0
2022-01-09 23:49:53.277000+00:00,2772.0,0.0,5.1,4.764705882352941,1221.0
2022-01-09 23:51:14.276000+00:00,2770.0,3.1,5.2,4.864705882352943,1246.0
2022-01-09 23:52:32.151000+00:00,2770.0,5.2,5.2,4.864705882352943,1246.0
2022-01-09 23:53:50.026000+00:00,2770.0,5.2,5.2,4.864705882352943,1246.0
2022-01-09 23:55:07.901000+00:00,2770.0,5.1,5.2,4.864705882352943,1246.0
2022-01-09 23:56:25.776000+00:00,2770.0,5.2,5.2,4.864705882352943,1246.0
2022-01-09 23:57:43.651000+00:00,2770.0,5.2,5.2,4.864705882352943,1246.0
2022-01-09 23:59:01.526000+00:00,2770.0,5.1,5.2,4.864705882352943,1246.0
2022-01-10 00:00:19.401000+00:00,2770.0,5.1,5.2,4.864705882352943,1246.0
2022-01-10 00:01:37.276000+00:00,2770.0,5.1,5.2,4.864705882352943,1246.0
2022-01-10 00:02:55.151000+00:00,2770.0,5.1,5.2,4.864705882352943,1246.0
2022-01-10 00:04:13.026000+00:00,2770.0,5.2,5.2,4.864705882352943,1246.0
2022-01-10 00:05:30.901000+00:00,2770.0,5.2,5.2,4.864705882352943,1246.0
2022-01-10 00:06:48.776000+00:00,2770.0,5.1,5.2,4.864705882352943,1246.0
2022-01-10 00:08:06.651000+00:00,2770.0,5.2,5.2,4.864705882352943,1246.0
2022-01-10 00:09:24.526000+00:00,2770.0,5.1,5.2,4.864705882352943,1246.0
2022-01-10 00:10:42.401000+00:00,2770.0,5.1,5.2,4.864705882352943,1246.0
2022-01-10 00:12:00.276000+00:00,2770.0,2.4,5.2,4.864705882352943,1246.0
2022-01-10 00:12:02.276000+00:00,2770.0,0.0,5.2,4.864705882352943,1246.0
2022-01-10 00:35:38.276000+00:00,2764.0,0.4,0.4,0.4,15.0
2022-01-10 00:35:53.276000+00:00,2764.0,0.0,0.4,0.4,15.0
2022-01-10 00:35:55.276000+00:00,2764.0,0.0,0.4,0.4,15.0
2022-01-10 00:54:27.275000+00:00,2767.0,3.2,5.1,4.8055555555555545,1305.0
2022-01-10 00:55:44.039705882+00:00,2767.0,5.0,5.1,4.8055555555555545,1305.0
2022-01-10 00:57:00.804411765+00:00,2767.0,5.0,5.1,4.8055555555555545,1305.0
2022-01-10 00:58:17.569117647+00:00,2767.0,5.0,5.1,4.8055555555555545,1305.0
2022-01-10 00:59:34.333823529+00:00,2767.0,5.0,5.1,4.8055555555555545,1305.0
2022-01-10 01:00:51.098529412+00:00,2767.0,5.0,5.1,4.8055555555555545,1305.0
2022-01-10 01:02:07.863235294+00:00,2767.0,5.0,5.1,4.8055555555555545,1305.0
2022-01-10 01:03:24.627941176+00:00,2767.0,5.1,5.1,4.8055555555555545,1305.0
2022-01-10 01:04:41.392647059+00:00,2767.0,5.1,5.1,4.8055555555555545,1305.0
2022-01-10 01:05:58.157352941+00:00,2767.0,5.1,5.1,4.8055555555555545,1305.0
2022-01-10 01:07:14.922058824+00:00,2767.0,5.1,5.1,4.8055555555555545,1305.0
2022-01-10 01:08:31.686764706+00:00,2767.0,5.1,5.1,4.8055555555555545,1305.0
2022-01-10 01:09:48.451470588+00:00,2767.0,5.1,5.1,4.8055555555555545,1305.0
2022-01-10 01:11:05.216176471+00:00,2767.0,5.1,5.1,4.8055555555555545,1305.0
2022-01-10 01:12:21.980882353+00:00,2767.0,5.1,5.1,4.8055555555555545,1305.0
2022-01-10 01:13:38.745588235+00:00,2767.0,5.1,5.1,4.8055555555555545,1305.0
2022-01-10 01:14:55.510294118+00:00,2767.0,5.1,5.1,4.8055555555555545,1305.0
2022-01-10 01:16:12.275000+00:00,2767.0,2.3,5.1,4.8055555555555545,1305.0
2022-01-10 01:16:14.275000+00:00,2767.0,0.0,5.1,4.8055555555555545,1305.0
2022-01-10 01:18:01.275000+00:00,2766.0,4.6,5.3,5.016666666666667,792.0
2022-01-10 01:18:47.863235294+00:00,2766.0,5.2,5.3,5.016666666666667,792.0
2022-01-10 01:19:34.451470588+00:00,2766.0,5.2,5.3,5.016666666666667,792.0
2022-01-10 01:20:21.039705882+00:00,2766.0,5.2,5.3,5.016666666666667,792.0
2022-01-10 01:21:07.627941176+00:00,2766.0,5.2,5.3,5.016666666666667,792.0
2022-01-10 01:21:54.216176471+00:00,2766.0,5.2,5.3,5.016666666666667,792.0
2022-01-10 01:22:40.804411765+00:00,2766.0,5.2,5.3,5.016666666666667,792.0
2022-01-10 01:23:27.392647059+00:00,2766.0,5.2,5.3,5.016666666666667,792.0
2022-01-10 01:24:13.980882353+00:00,2766.0,5.3,5.3,5.016666666666667,792.0
2022-01-10 01:25:00.569117647+00:00,2766.0,5.2,5.3,5.016666666666667,792.0
2022-01-10 01:25:47.157352941+00:00,2766.0,5.2,5.3,5.016666666666667,792.0
2022-01-10 01:26:33.745588235+00:00,2766.0,5.2,5.3,5.016666666666667,792.0
2022-01-10 01:27:20.333823529+00:00,2766.0,5.2,5.3,5.016666666666667,792.0
2022-01-10 01:28:06.922058824+00:00,2766.0,5.2,5.3,5.016666666666667,792.0
2022-01-10 01:28:53.510294118+00:00,2766.0,5.3,5.3,5.016666666666667,792.0
2022-01-10 01:29:40.098529412+00:00,2766.0,5.3,5.3,5.016666666666667,792.0
2022-01-10 01:30:26.686764706+00:00,2766.0,5.2,5.3,5.016666666666667,792.0
2022-01-10 01:31:13.275000+00:00,2766.0,2.2,5.3,5.016666666666667,792.0
2022-01-10 01:31:15.275000+00:00,2766.0,0.0,5.3,5.016666666666667,792.0
2022-01-10 01:31:34.714000+00:00,2761.0,0.1,0.1,0.1,6.0
2022-01-10 01:31:36.714000+00:00,2761.0,0.0,0.1,0.1,6.0
2022-01-10 01:32:24.275000+00:00,2762.0,0.7,0.8,0.5499999999999999,81.0
2022-01-10 01:32:40.475000+00:00,2762.0,0.5,0.8,0.5499999999999999,81.0
2022-01-10 01:32:56.675000+00:00,2762.0,0.8,0.8,0.5499999999999999,81.0
2022-01-10 01:33:12.875000+00:00,2762.0,0.5,0.8,0.5499999999999999,81.0
2022-01-10 01:33:29.075000+00:00,2762.0,0.5,0.8,0.5499999999999999,81.0
2022-01-10 01:33:45.275000+00:00,2762.0,0.3,0.8,0.5499999999999999,81.0
2022-01-10 01:33:47.275000+00:00,2762.0,0.0,0.8,0.5499999999999999,81.0
2022-01-10 01:34:37.274000+00:00,2764.0,2.0,4.8,2.4000000000000004,116.0
2022-01-10 01:34:53.845428571+00:00,2764.0,4.3,4.8,2.4000000000000004,116.0
2022-01-10 01:35:10.416857143+00:00,2764.0,4.8,4.8,2.4000000000000004,116.0
2022-01-10 01:35:26.988285714+00:00,2764.0,3.2,4.8,2.4000000000000004,116.0
2022-01-10 01:35:43.559714286+00:00,2764.0,2.1,4.8,2.4000000000000004,116.0
2022-01-10 01:36:00.131142857+00:00,2764.0,1.7,4.8,2.4000000000000004,116.0
2022-01-10 01:36:16.702571429+00:00,2764.0,0.7,4.8,2.4000000000000004,116.0
2022-01-10 01:36:33.274000+00:00,2764.0,0.4,4.8,2.4000000000000004,116.0
2022-01-10 01:36:35.274000+00:00,2764.0,0.0,4.8,2.4000000000000004,116.0
2022-01-10 01:37:32.274000+00:00,2762.0,0.9,0.9,0.6250000000000001,60.0
2022-01-10 01:37:47.274000+00:00,2762.0,0.8,0.9,0.6250000000000001,60.0
2022-01-10 01:38:02.274000+00:00,2762.0,0.6,0.9,0.6250000000000001,60.0
2022-01-10 01:38:17.274000+00:00,2762.0,0.2,0.9,0.6250000000000001,60.0
2022-01-10 01:38:32.274000+00:00,2762.0,0.0,0.9,0.6250000000000001,60.0
2022-01-10 01:38:34.274000+00:00,2762.0,0.0,0.9,0.6250000000000001,60.0
2022-01-10 01:44:36.274000+00:00,2761.0,0.4,0.4,0.2777777777777778,123.0
2022-01-10 01:44:51.649000+00:00,2761.0,0.4,0.4,0.2777777777777778,123.0
2022-01-10 01:45:07.024000+00:00,2761.0,0.4,0.4,0.2777777777777778,123.0
2022-01-10 01:45:22.399000+00:00,2761.0,0.3,0.4,0.2777777777777778,123.0
2022-01-10 01:45:37.774000+00:00,2761.0,0.2,0.4,0.2777777777777778,123.0
2022-01-10 01:45:53.149000+00:00,2761.0,0.3,0.4,0.2777777777777778,123.0
2022-01-10 01:46:08.524000+00:00,2761.0,0.2,0.4,0.2777777777777778,123.0
2022-01-10 01:46:23.899000+00:00,2761.0,0.2,0.4,0.2777777777777778,123.0
2022-01-10 01:46:39.274000+00:00,2761.0,0.1,0.4,0.2777777777777778,123.0
2022-01-10 01:46:41.274000+00:00,2761.0,0.0,0.4,0.2777777777777778,123.0
2022-01-10 01:51:59.713000+00:00,2761.0,0.5,0.5,0.4,23.0
2022-01-10 01:52:22.713000+00:00,2761.0,0.3,0.5,0.4,23.0
2022-01-10 01:52:24.713000+00:00,2761.0,0.0,0.5,0.4,23.0
2022-01-10 01:52:30.274000+00:00,2762.0,0.7,0.7,0.4600000000000001,69.0
2022-01-10 01:52:47.524000+00:00,2762.0,0.7,0.7,0.4600000000000001,69.0
2022-01-10 01:53:04.774000+00:00,2762.0,0.6,0.7,0.4600000000000001,69.0
2022-01-10 01:53:22.024000+00:00,2762.0,0.2,0.7,0.4600000000000001,69.0
2022-01-10 01:53:39.274000+00:00,2762.0,0.1,0.7,0.4600000000000001,69.0
2022-01-10 01:53:41.274000+00:00,2762.0,0.0,0.7,0.4600000000000001,69.0
2022-01-10 01:53:46.713000+00:00,2761.0,0.5,0.9,0.4375,113.0
2022-01-10 01:54:02.855857143+00:00,2761.0,0.3,0.9,0.4375,113.0
2022-01-10 01:54:18.998714286+00:00,2761.0,0.3,0.9,0.4375,113.0
2022-01-10 01:54:35.141571429+00:00,2761.0,0.4,0.9,0.4375,113.0
2022-01-10 01:54:51.284428571+00:00,2761.0,0.7,0.9,0.4375,113.0
2022-01-10 01:55:07.427285714+00:00,2761.0,0.9,0.9,0.4375,113.0
2022-01-10 01:55:23.570142857+00:00,2761.0,0.2,0.9,0.4375,113.0
2022-01-10 01:55:39.713000+00:00,2761.0,0.2,0.9,0.4375,113.0
2022-01-10 01:55:41.713000+00:00,2761.0,0.0,0.9,0.4375,113.0
2022-01-10 01:57:24.274000+00:00,2762.0,0.3,0.3,0.25,23.0
2022-01-10 01:57:47.274000+00:00,2762.0,0.2,0.3,0.25,23.0
2022-01-10 01:57:49.274000+00:00,2762.0,0.0,0.3,0.25,23.0
2022-01-10 02:00:52.274000+00:00,2761.0,0.2,0.2,0.2,7.0
2022-01-10 02:00:54.274000+00:00,2761.0,0.0,0.2,0.2,7.0
2022-01-10 02:00:59.274000+00:00,2763.0,0.6,0.6,0.52,73.0
2022-01-10 02:01:17.524000+00:00,2763.0,0.5,0.6,0.52,73.0
2022-01-10 02:01:35.774000+00:00,2763.0,0.6,0.6,0.52,73.0
2022-01-10 02:01:54.024000+00:00,2763.0,0.6,0.6,0.52,73.0
2022-01-10 02:02:12.274000+00:00,2763.0,0.3,0.6,0.52,73.0
2022-01-10 02:02:14.274000+00:00,2763.0,0.0,0.6,0.52,73.0
2022-01-10 02:02:19.274000+00:00,2762.0,0.6,2.2,0.91,139.0
2022-01-10 02:02:34.718444444+00:00,2762.0,0.6,2.2,0.91,139.0
2022-01-10 02:02:50.162888889+00:00,2762.0,0.8,2.2,0.91,139.0
2022-01-10 02:03:05.607333333+00:00,2762.0,0.5,2.2,0.91,139.0
2022-01-10 02:03:21.051777778+00:00,2762.0,1.2,2.2,0.91,139.0
2022-01-10 02:03:36.496222222+00:00,2762.0,2.0,2.2,0.91,139.0
2022-01-10 02:03:51.940666667+00:00,2762.0,2.2,2.2,0.91,139.0
2022-01-10 02:04:07.385111111+00:00,2762.0,0.7,2.2,0.91,139.0
2022-01-10 02:04:22.829555556+00:00,2762.0,0.3,2.2,0.91,139.0
2022-01-10 02:04:38.274000+00:00,2762.0,0.2,2.2,0.91,139.0
2022-01-10 02:04:40.274000+00:00,2762.0,0.0,2.2,0.91,139.0
2022-01-10 02:04:45.274000+00:00,2761.0,0.9,0.9,0.65,26.0
2022-01-10 02:05:11.274000+00:00,2761.0,0.4,0.9,0.65,26.0
2022-01-10 02:05:13.274000+00:00,2761.0,0.0,0.9,0.65,26.0
2022-01-10 02:05:18.713000+00:00,2779.0,10.6,17.9,11.373684210526315,1103.0
2022-01-10 02:06:19.990777778+00:00,2779.0,17.9,17.9,11.373684210526315,1103.0
2022-01-10 02:07:21.268555556+00:00,2779.0,12.9,17.9,11.373684210526315,1103.0
2022-01-10 02:08:22.546333333+00:00,2779.0,13.0,17.9,11.373684210526315,1103.0
2022-01-10 02:09:23.824111111+00:00,2779.0,13.0,17.9,11.373684210526315,1103.0
2022-01-10 02:10:25.101888889+00:00,2779.0,14.4,17.9,11.373684210526315,1103.0
2022-01-10 02:11:26.379666667+00:00,2779.0,11.2,17.9,11.373684210526315,1103.0
2022-01-10 02:12:27.657444444+00:00,2779.0,11.3,17.9,11.373684210526315,1103.0
2022-01-10 02:13:28.935222222+00:00,2779.0,11.1,17.9,11.373684210526315,1103.0
2022-01-10 02:14:30.213000+00:00,2779.0,11.0,17.9,11.373684210526315,1103.0
2022-01-10 02:15:31.490777778+00:00,2779.0,11.1,17.9,11.373684210526315,1103.0
2022-01-10 02:16:32.768555556+00:00,2779.0,11.1,17.9,11.373684210526315,1103.0
2022-01-10 02:17:34.046333333+00:00,2779.0,11.1,17.9,11.373684210526315,1103.0
2022-01-10 02:18:35.324111111+00:00,2779.0,11.4,17.9,11.373684210526315,1103.0
2022-01-10 02:19:36.601888889+00:00,2779.0,11.3,17.9,11.373684210526315,1103.0
2022-01-10 02:20:37.879666667+00:00,2779.0,11.4,17.9,11.373684210526315,1103.0
2022-01-10 02:21:39.157444444+00:00,2779.0,11.4,17.9,11.373684210526315,1103.0
2022-01-10 02:22:40.435222222+00:00,2779.0,9.5,17.9,11.373684210526315,1103.0
2022-01-10 02:23:41.713000+00:00,2779.0,1.4,17.9,11.373684210526315,1103.0
2022-01-10 02:23:43.713000+00:00,2779.0,0.0,17.9,11.373684210526315,1103.0
2022-01-10 02:24:45.711000+00:00,2777.0,10.2,11.2,8.458823529411763,3957.0
2022-01-10 02:28:25.544333333+00:00,2777.0,11.0,11.2,8.458823529411763,3957.0
2022-01-10 02:32:05.377666667+00:00,2777.0,11.2,11.2,8.458823529411763,3957.0
2022-01-10 02:35:45.211000+00:00,2777.0,11.2,11.2,8.458823529411763,3957.0
2022-01-10 02:39:25.044333333+00:00,2777.0,5.7,11.2,8.458823529411763,3957.0
2022-01-10 02:43:04.877666667+00:00,2777.0,10.5,11.2,8.458823529411763,3957.0
2022-01-10 02:46:44.711000+00:00,2777.0,7.8,11.2,8.458823529411763,3957.0
2022-01-10 02:50:24.544333333+00:00,2777.0,9.1,11.2,8.458823529411763,3957.0
2022-01-10 02:54:04.377666667+00:00,2777.0,5.2,11.2,8.458823529411763,3957.0
2022-01-10 02:57:44.211000+00:00,2777.0,8.2,11.2,8.458823529411763,3957.0
2022-01-10 03:01:24.044333333+00:00,2777.0,9.1,11.2,8.458823529411763,3957.0
2022-01-10 03:05:03.877666667+00:00,2777.0,7.8,11.2,8.458823529411763,3957.0
2022-01-10 03:08:43.711000+00:00,2777.0,5.2,11.2,8.458823529411763,3957.0
2022-01-10 03:12:23.544333333+00:00,2777.0,8.0,11.2,8.458823529411763,3957.0
2022-01-10 03:16:03.377666667+00:00,2777.0,7.9,11.2,8.458823529411763,3957.0
2022-01-10 03:19:43.211000+00:00,2777.0,8.7,11.2,8.458823529411763,3957.0
2022-01-10 03:23:23.044333333+00:00,2777.0,7.0,11.2,8.458823529411763,3957.0
2022-01-10 03:27:02.877666667+00:00,2777.0,0.0,11.2,8.458823529411763,3957.0
2022-01-10 03:30:42.711000+00:00,2777.0,0.0,11.2,8.458823529411763,3957.0
2022-01-10 03:30:44.711000+00:00,2777.0,0.0,11.2,8.458823529411763,3957.0
2022-01-10 03:31:19.272000+00:00,2762.0,0.2,1.0,0.5499999999999999,85.0
2022-01-10 03:31:36.272000+00:00,2762.0,0.3,1.0,0.5499999999999999,85.0
2022-01-10 03:31:53.272000+00:00,2762.0,0.9,1.0,0.5499999999999999,85.0
2022-01-10 03:32:10.272000+00:00,2762.0,0.5,1.0,0.5499999999999999,85.0
2022-01-10 03:32:27.272000+00:00,2762.0,1.0,1.0,0.5499999999999999,85.0
2022-01-10 03:32:44.272000+00:00,2762.0,0.4,1.0,0.5499999999999999,85.0
2022-01-10 03:32:46.272000+00:00,2762.0,0.0,1.0,0.5499999999999999,85.0
2022-01-10 03:32:51.711000+00:00,2775.0,5.2,8.1,7.117647058823529,735.0
2022-01-10 03:33:37.648500+00:00,2775.0,7.3,8.1,7.117647058823529,735.0
2022-01-10 03:34:23.586000+00:00,2775.0,6.2,8.1,7.117647058823529,735.0
2022-01-10 03:35:09.523500+00:00,2775.0,8.0,8.1,7.117647058823529,735.0
2022-01-10 03:35:55.461000+00:00,2775.0,7.5,8.1,7.117647058823529,735.0
2022-01-10 03:36:41.398500+00:00,2775.0,8.1,8.1,7.117647058823529,735.0
2022-01-10 03:37:27.336000+00:00,2775.0,7.9,8.1,7.117647058823529,735.0
2022-01-10 03:38:13.273500+00:00,2775.0,8.0,8.1,7.117647058823529,735.0
2022-01-10 03:38:59.211000+00:00,2775.0,8.0,8.1,7.117647058823529,735.0
2022-01-10 03:39:45.148500+00:00,2775.0,8.0,8.1,7.117647058823529,735.0
2022-01-10 03:40:31.086000+00:00,2775.0,8.0,8.1,7.117647058823529,735.0
2022-01-10 03:41:17.023500+00:00,2775.0,8.0,8.1,7.117647058823529,735.0
2022-01-10 03:42:02.961000+00:00,2775.0,8.0,8.1,7.117647058823529,735.0
2022-01-10 03:42:48.898500+00:00,2775.0,8.0,8.1,7.117647058823529,735.0
2022-01-10 03:43:34.836000+00:00,2775.0,8.0,8.1,7.117647058823529,735.0
2022-01-10 03:44:20.773500+00:00,2775.0,5.8,8.1,7.117647058823529,735.0
2022-01-10 03:45:06.711000+00:00,2775.0,1.0,8.1,7.117647058823529,735.0
2022-01-10 03:45:08.711000+00:00,2775.0,0.0,8.1,7.117647058823529,735.0
2022-01-10 03:45:26.711000+00:00,2772.0,5.1,7.9,5.942857142857142,607.0
2022-01-10 03:46:13.403307692+00:00,2772.0,5.9,7.9,5.942857142857142,607.0
2022-01-10 03:47:00.095615385+00:00,2772.0,6.1,7.9,5.942857142857142,607.0
2022-01-10 03:47:46.787923077+00:00,2772.0,6.2,7.9,5.942857142857142,607.0
2022-01-10 03:48:33.480230769+00:00,2772.0,7.9,7.9,5.942857142857142,607.0
2022-01-10 03:49:20.172538462+00:00,2772.0,7.1,7.9,5.942857142857142,607.0
2022-01-10 03:50:06.864846154+00:00,2772.0,6.8,7.9,5.942857142857142,607.0
2022-01-10 03:50:53.557153846+00:00,2772.0,6.7,7.9,5.942857142857142,607.0
2022-01-10 03:51:40.249461538+00:00,2772.0,6.0,7.9,5.942857142857142,607.0
2022-01-10 03:52:26.941769231+00:00,2772.0,5.9,7.9,5.942857142857142,607.0
2022-01-10 03:53:13.634076923+00:00,2772.0,5.7,7.9,5.942857142857142,607.0
2022-01-10 03:54:00.326384615+00:00,2772.0,5.8,7.9,5.942857142857142,607.0
2022-01-10 03:54:47.018692308+00:00,2772.0,5.4,7.9,5.942857142857142,607.0
2022-01-10 03:55:33.711000+00:00,2772.0,2.6,7.9,5.942857142857142,607.0
2022-01-10 03:55:35.711000+00:00,2772.0,0.0,7.9,5.942857142857142,607.0
2022-01-10 04:03:03.271000+00:00,2776.0,0.6,0.6,0.6,11.0
2022-01-10 04:03:05.271000+00:00,2776.0,0.0,0.6,0.6,11.0
2022-01-10 04:03:16.271000+00:00,2778.0,0.2,0.2,0.2,6.0
2022-01-10 04:03:18.271000+00:00,2778.0,0.0,0.2,0.2,6.0
2022-01-10 04:03:26.271000+00:00,2779.0,0.2,0.2,0.2,3.0
2022-01-10 04:03:28.271000+00:00,2779.0,0.0,0.2,0.2,3.0
2022-01-10 04:11:28.271000+00:00,2778.0,0.2,0.2,0.2,5.0
2022-01-10 04:11:30.271000+00:00,2778.0,0.0,0.2,0.2,5.0
2022-01-10 04:28:28.270000+00:00,2791.0,6.8,9.1,7.7666666666666675,773.0
2022-01-10 04:29:13.740588235+00:00,2791.0,8.7,9.1,7.7666666666666675,773.0
2022-01-10 04:29:59.211176471+00:00,2791.0,9.0,9.1,7.7666666666666675,773.0
2022-01-10 04:30:44.681764706+00:00,2791.0,8.9,9.1,7.7666666666666675,773.0
2022-01-10 04:31:30.152352941+00:00,2791.0,9.1,9.1,7.7666666666666675,773.0
2022-01-10 04:32:15.622941176+00:00,2791.0,8.9,9.1,7.7666666666666675,773.0
2022-01-10 04:33:01.093529412+00:00,2791.0,8.6,9.1,7.7666666666666675,773.0
2022-01-10 04:33:46.564117647+00:00,2791.0,8.3,9.1,7.7666666666666675,773.0
2022-01-10 04:34:32.034705882+00:00,2791.0,8.3,9.1,7.7666666666666675,773.0
2022-01-10 04:35:17.505294118+00:00,2791.0,8.1,9.1,7.7666666666666675,773.0
2022-01-10 04:36:02.975882353+00:00,2791.0,8.4,9.1,7.7666666666666675,773.0
2022-01-10 04:36:48.446470588+00:00,2791.0,8.4,9.1,7.7666666666666675,773.0
2022-01-10 04:37:33.917058824+00:00,2791.0,8.3,9.1,7.7666666666666675,773.0
2022-01-10 04:38:19.387647059+00:00,2791.0,7.9,9.1,7.7666666666666675,773.0
2022-01-10 04:39:04.858235294+00:00,2791.0,8.2,9.1,7.7666666666666675,773.0
2022-01-10 04:39:50.328823529+00:00,2791.0,7.9,9.1,7.7666666666666675,773.0
2022-01-10 04:40:35.799411765+00:00,2791.0,5.1,9.1,7.7666666666666675,773.0
2022-01-10 04:41:21.270000+00:00,2791.0,0.9,9.1,7.7666666666666675,773.0
2022-01-10 04:41:23.270000+00:00,2791.0,0.0,9.1,7.7666666666666675,773.0
2022-01-10 04:41:28.270000+00:00,2771.0,0.6,0.6,0.4499999999999999,20.0
2022-01-10 04:41:48.270000+00:00,2771.0,0.3,0.6,0.4499999999999999,20.0
2022-01-10 04:41:50.270000+00:00,2771.0,0.0,0.6,0.4499999999999999,20.0
2022-01-10 04:41:55.270000+00:00,2774.0,0.9,1.4,1.0625,108.0
2022-01-10 04:42:10.698571429+00:00,2774.0,1.0,1.4,1.0625,108.0
2022-01-10 04:42:26.127142857+00:00,2774.0,1.2,1.4,1.0625,108.0
2022-01-10 04:42:41.555714286+00:00,2774.0,1.3,1.4,1.0625,108.0
2022-01-10 04:42:56.984285714+00:00,2774.0,1.3,1.4,1.0625,108.0
2022-01-10 04:43:12.412857143+00:00,2774.0,1.4,1.4,1.0625,108.0
2022-01-10 04:43:27.841428571+00:00,2774.0,1.2,1.4,1.0625,108.0
2022-01-10 04:43:43.270000+00:00,2774.0,0.2,1.4,1.0625,108.0
2022-01-10 04:43:45.270000+00:00,2774.0,0.0,1.4,1.0625,108.0
2022-01-10 04:44:47.270000+00:00,2784.0,1.1,2.3,1.5777777777777775,124.0
2022-01-10 04:45:02.770000+00:00,2784.0,1.7,2.3,1.5777777777777775,124.0
2022-01-10 04:45:18.270000+00:00,2784.0,2.0,2.3,1.5777777777777775,124.0
2022-01-10 04:45:33.770000+00:00,2784.0,2.3,2.3,1.5777777777777775,124.0
2022-01-10 04:45:49.270000+00:00,2784.0,2.1,2.3,1.5777777777777775,124.0
2022-01-10 04:46:04.770000+00:00,2784.0,2.0,2.3,1.5777777777777775,124.0
2022-01-10 04:46:20.270000+00:00,2784.0,1.8,2.3,1.5777777777777775,124.0
2022-01-10 04:46:35.770000+00:00,2784.0,1.0,2.3,1.5777777777777775,124.0
2022-01-10 04:46:51.270000+00:00,2784.0,0.2,2.3,1.5777777777777775,124.0
2022-01-10 04:46:53.270000+00:00,2784.0,0.0,2.3,1.5777777777777775,124.0
2022-01-10 05:06:31.709000+00:00,2768.0,0.4,0.4,0.4,12.0
2022-01-10 05:06:33.709000+00:00,2768.0,0.0,0.4,0.4,12.0
2022-01-10 05:06:42.270000+00:00,2772.0,0.0,0.0,0.0,0.0
2022-01-10 05:06:42.270000+00:00,2772.0,0.0,0.0,0.0,0.0
2022-01-10 05:06:42.270000+00:00,2772.0,0.0,0.0,0.0,0.0
2022-01-10 05:06:42.270000+00:00,2772.0,0.0,0.0,0.0,0.0
2022-01-10 05:06:42.270000+00:00,2772.0,0.0,0.0,0.0,0.0
2022-01-10 05:06:42.270000+00:00,2772.0,0.0,0.0,0.0,0.0
2022-01-10 05:06:42.270000+00:00,2772.0,0.0,0.0,0.0,0.0
2022-01-10 05:06:42.270000+00:00,2772.0,0.0,0.0,0.0,0.0
2022-01-10 05:06:42.270000+00:00,2772.0,0.0,0.0,0.0,0.0
2022-01-10 05:06:42.270000+00:00,2772.0,0.0,0.0,0.0,0.0
2022-01-10 05:06:42.270000+00:00,2772.0,0.0,0.0,0.0,0.0
2022-01-10 05:06:42.270000+00:00,2772.0,0.0,0.0,0.0,0.0
2022-01-10 05:06:42.270000+00:00,2772.0,0.0,0.0,0.0,0.0
2022-01-10 05:06:42.270000+00:00,2772.0,0.0,0.0,0.0,0.0
2022-01-10 05:06:42.270000+00:00,2772.0,0.0,0.0,0.0,0.0
2022-01-10 05:06:42.270000+00:00,2772.0,0.0,0.0,0.0,0.0
2022-01-10 05:06:42.270000+00:00,2772.0,0.0,0.0,0.0,0.0
2022-01-10 05:06:42.270000+00:00,2772.0,0.0,0.0,0.0,0.0
2022-01-10 05:06:42.270000+00:00,2772.0,0.0,0.0,0.0,0.0
2022-01-10 05:06:42.270000+00:00,2772.0,0.0,0.0,0.0,0.0
2022-01-10 05:06:44.270000+00:00,2772.0,0.0,0.0,0.0,0.0
2022-01-10 05:06:49.709000+00:00,2797.0,5.8,12.7,11.476470588235294,979.0
2022-01-10 05:07:50.896500+00:00,2797.0,12.2,12.7,11.476470588235294,979.0
2022-01-10 05:08:52.084000+00:00,2797.0,12.7,12.7,11.476470588235294,979.0
2022-01-10 05:09:53.271500+00:00,2797.0,12.7,12.7,11.476470588235294,979.0
2022-01-10 05:10:54.459000+00:00,2797.0,12.7,12.7,11.476470588235294,979.0
2022-01-10 05:11:55.646500+00:00,2797.0,12.7,12.7,11.476470588235294,979.0
2022-01-10 05:12:56.834000+00:00,2797.0,12.7,12.7,11.476470588235294,979.0
2022-01-10 05:13:58.021500+00:00,2797.0,12.6,12.7,11.476470588235294,979.0
2022-01-10 05:14:59.209000+00:00,2797.0,12.6,12.7,11.476470588235294,979.0
2022-01-10 05:16:00.396500+00:00,2797.0,12.6,12.7,11.476470588235294,979.0
2022-01-10 05:17:01.584000+00:00,2797.0,12.6,12.7,11.476470588235294,979.0
2022-01-10 05:18:02.771500+00:00,2797.0,12.7,12.7,11.476470588235294,979.0
2022-01-10 05:19:03.959000+00:00,2797.0,12.6,12.7,11.476470588235294,979.0
2022-01-10 05:20:05.146500+00:00,2797.0,12.7,12.7,11.476470588235294,979.0
2022-01-10 05:21:06.334000+00:00,2797.0,12.6,12.7,11.476470588235294,979.0
2022-01-10 05:22:07.521500+00:00,2797.0,11.0,12.7,11.476470588235294,979.0
2022-01-10 05:23:08.709000+00:00,2797.0,1.6,12.7,11.476470588235294,979.0
2022-01-10 05:23:10.709000+00:00,2797.0,0.0,12.7,11.476470588235294,979.0
2022-01-10 05:24:33.708000+00:00,2804.0,10.1,12.7,11.525,1427.0
2022-01-10 05:25:48.813263158+00:00,2804.0,12.6,12.7,11.525,1427.0
2022-01-10 05:27:03.918526316+00:00,2804.0,12.6,12.7,11.525,1427.0
2022-01-10 05:28:19.023789474+00:00,2804.0,12.6,12.7,11.525,1427.0
2022-01-10 05:29:34.129052632+00:00,2804.0,12.6,12.7,11.525,1427.0
2022-01-10 05:30:49.234315789+00:00,2804.0,12.6,12.7,11.525,1427.0
2022-01-10 05:32:04.339578947+00:00,2804.0,12.6,12.7,11.525,1427.0
2022-01-10 05:33:19.444842105+00:00,2804.0,12.6,12.7,11.525,1427.0
2022-01-10 05:34:34.550105263+00:00,2804.0,12.6,12.7,11.525,1427.0
2022-01-10 05:35:49.655368421+00:00,2804.0,12.6,12.7,11.525,1427.0
2022-01-10 05:37:04.760631579+00:00,2804.0,12.6,12.7,11.525,1427.0
2022-01-10 05:38:19.865894737+00:00,2804.0,12.6,12.7,11.525,1427.0
2022-01-10 05:39:34.971157894+00:00,2804.0,12.6,12.7,11.525,1427.0
2022-01-10 05:40:50.076421053+00:00,2804.0,12.6,12.7,11.525,1427.0
2022-01-10 05:42:05.181684211+00:00,2804.0,12.7,12.7,11.525,1427.0
2022-01-10 05:43:20.286947368+00:00,2804.0,12.6,12.7,11.525,1427.0
2022-01-10 05:44:35.392210526+00:00,2804.0,12.6,12.7,11.525,1427.0
2022-01-10 05:45:50.497473684+00:00,2804.0,12.3,12.7,11.525,1427.0
2022-01-10 05:47:05.602736842+00:00,2804.0,6.3,12.7,11.525,1427.0
2022-01-10 05:48:20.708000+00:00,2804.0,0.1,12.7,11.525,1427.0
2022-01-10 05:48:22.708000+00:00,2804.0,0.0,12.7,11.525,1427.0
2022-01-10 05:49:19.708000+00:00,2798.0,11.0,12.8,12.326315789473682,1684.0
2022-01-10 05:50:53.263555556+00:00,2798.0,12.7,12.8,12.326315789473682,1684.0
2022-01-10 05:52:26.819111111+00:00,2798.0,12.7,12.8,12.326315789473682,1684.0
2022-01-10 05:54:00.374666667+00:00,2798.0,12.7,12.8,12.326315789473682,1684.0
2022-01-10 05:55:33.930222222+00:00,2798.0,12.8,12.8,12.326315789473682,1684.0
2022-01-10 05:57:07.485777778+00:00,2798.0,12.7,12.8,12.326315789473682,1684.0
2022-01-10 05:58:41.041333333+00:00,2798.0,12.8,12.8,12.326315789473682,1684.0
2022-01-10 06:00:14.596888889+00:00,2798.0,12.7,12.8,12.326315789473682,1684.0
2022-01-10 06:01:48.152444444+00:00,2798.0,12.7,12.8,12.326315789473682,1684.0
2022-01-10 06:03:21.708000+00:00,2798.0,12.7,12.8,12.326315789473682,1684.0
2022-01-10 06:04:55.263555556+00:00,2798.0,12.7,12.8,12.326315789473682,1684.0
2022-01-10 06:06:28.819111111+00:00,2798.0,12.7,12.8,12.326315789473682,1684.0
2022-01-10 06:08:02.374666667+00:00,2798.0,12.7,12.8,12.326315789473682,1684.0
2022-01-10 06:09:35.930222222+00:00,2798.0,12.7,12.8,12.326315789473682,1684.0
2022-01-10 06:11:09.485777778+00:00,2798.0,12.7,12.8,12.326315789473682,1684.0
2022-01-10 06:12:43.041333333+00:00,2798.0,12.7,12.8,12.326315789473682,1684.0
2022-01-10 06:14:16.596888889+00:00,2798.0,12.7,12.8,12.326315789473682,1684.0
2022-01-10 06:15:50.152444444+00:00,2798.0,12.7,12.8,12.326315789473682,1684.0
2022-01-10 06:17:23.708000+00:00,2798.0,7.1,12.8,12.326315789473682,1684.0
2022-01-10 06:17:25.708000+00:00,2798.0,0.0,12.8,12.326315789473682,1684.0
2022-01-10 06:49:14.268000+00:00,2777.0,0.3,0.3,0.3,7.0
2022-01-10 06:49:16.268000+00:00,2777.0,0.0,0.3,0.3,7.0
2022-01-10 06:49:52.706000+00:00,2800.0,11.7,14.4,12.811111111111112,1600.0
2022-01-10 06:51:26.823647059+00:00,2800.0,14.4,14.4,12.811111111111112,1600.0
2022-01-10 06:53:00.941294118+00:00,2800.0,13.9,14.4,12.811111111111112,1600.0
2022-01-10 06:54:35.058941176+00:00,2800.0,13.3,14.4,12.811111111111112,1600.0
2022-01-10 06:56:09.176588235+00:00,2800.0,13.0,14.4,12.811111111111112,1600.0
2022-01-10 06:57:43.294235294+00:00,2800.0,13.0,14.4,12.811111111111112,1600.0
2022-01-10 06:59:17.411882353+00:00,2800.0,13.0,14.4,12.811111111111112,1600.0
2022-01-10 07:00:51.529529412+00:00,2800.0,13.0,14.4,12.811111111111112,1600.0
2022-01-10 07:02:25.647176471+00:00,2800.0,13.1,14.4,12.811111111111112,1600.0
2022-01-10 07:03:59.764823529+00:00,2800.0,13.1,14.4,12.811111111111112,1600.0
2022-01-10 07:05:33.882470588+00:00,2800.0,13.1,14.4,12.811111111111112,1600.0
2022-01-10 07:07:08.000117647+00:00,2800.0,13.0,14.4,12.811111111111112,1600.0
2022-01-10 07:08:42.117764706+00:00,2800.0,13.1,14.4,12.811111111111112,1600.0
2022-01-10 07:10:16.235411765+00:00,2800.0,13.0,14.4,12.811111111111112,1600.0
2022-01-10 07:11:50.353058824+00:00,2800.0,13.1,14.4,12.811111111111112,1600.0
2022-01-10 07:13:24.470705882+00:00,2800.0,13.0,14.4,12.811111111111112,1600.0
2022-01-10 07:14:58.588352941+00:00,2800.0,13.0,14.4,12.811111111111112,1600.0
2022-01-10 07:16:32.706000+00:00,2800.0,7.8,14.4,12.811111111111112,1600.0
2022-01-10 07:16:34.706000+00:00,2800.0,0.0,14.4,12.811111111111112,1600.0
2022-01-10 07:18:07.706000+00:00,2788.0,0.1,0.1,0.1,2.0
2022-01-10 07:18:09.706000+00:00,2788.0,0.0,0.1,0.1,2.0
2022-01-10 07:18:32.706000+00:00,2801.0,0.1,0.1,0.1,3.0
2022-01-10 07:18:34.706000+00:00,2801.0,0.0,0.1,0.1,3.0
2022-01-10 07:18:41.706000+00:00,2825.0,7.9,13.4,11.68125,715.0
2022-01-10 07:19:29.372666667+00:00,2825.0,13.2,13.4,11.68125,715.0
2022-01-10 07:20:17.039333333+00:00,2825.0,13.4,13.4,11.68125,715.0
2022-01-10 07:21:04.706000+00:00,2825.0,13.3,13.4,11.68125,715.0
2022-01-10 07:21:52.372666667+00:00,2825.0,13.3,13.4,11.68125,715.0
2022-01-10 07:22:40.039333333+00:00,2825.0,13.3,13.4,11.68125,715.0
2022-01-10 07:23:27.706000+00:00,2825.0,13.4,13.4,11.68125,715.0
2022-01-10 07:24:15.372666667+00:00,2825.0,13.3,13.4,11.68125,715.0
2022-01-10 07:25:03.039333333+00:00,2825.0,13.3,13.4,11.68125,715.0
2022-01-10 07:25:50.706000+00:00,2825.0,13.1,13.4,11.68125,715.0
2022-01-10 07:26:38.372666667+00:00,2825.0,13.0,13.4,11.68125,715.0
2022-01-10 07:27:26.039333333+00:00,2825.0,13.2,13.4,11.68125,715.0
2022-01-10 07:28:13.706000+00:00,2825.0,12.9,13.4,11.68125,715.0
2022-01-10 07:29:01.372666667+00:00,2825.0,11.1,13.4,11.68125,715.0
2022-01-10 07:29:49.039333333+00:00,2825.0,6.1,13.4,11.68125,715.0
2022-01-10 07:30:36.706000+00:00,2825.0,3.1,13.4,11.68125,715.0
2022-01-10 07:30:38.706000+00:00,2825.0,0.0,13.4,11.68125,715.0
2022-01-10 07:31:36.706000+00:00,2820.0,10.7,13.8,10.81111111111111,1539.0
2022-01-10 07:33:07.235411765+00:00,2820.0,13.2,13.8,10.81111111111111,1539.0
2022-01-10 07:34:37.764823529+00:00,2820.0,13.3,13.8,10.81111111111111,1539.0
2022-01-10 07:36:08.294235294+00:00,2820.0,13.1,13.8,10.81111111111111,1539.0
2022-01-10 07:37:38.823647059+00:00,2820.0,13.3,13.8,10.81111111111111,1539.0
2022-01-10 07:39:09.353058824+00:00,2820.0,13.8,13.8,10.81111111111111,1539.0
2022-01-10 07:40:39.882470588+00:00,2820.0,12.9,13.8,10.81111111111111,1539.0
2022-01-10 07:42:10.411882353+00:00,2820.0,12.9,13.8,10.81111111111111,1539.0
2022-01-10 07:43:40.941294118+00:00,2820.0,12.1,13.8,10.81111111111111,1539.0
2022-01-10 07:45:11.470705882+00:00,2820.0,10.0,13.8,10.81111111111111,1539.0
2022-01-10 07:46:42.000117647+00:00,2820.0,9.8,13.8,10.81111111111111,1539.0
2022-01-10 07:48:12.529529412+00:00,2820.0,10.1,13.8,10.81111111111111,1539.0
2022-01-10 07:49:43.058941176+00:00,2820.0,10.7,13.8,10.81111111111111,1539.0
2022-01-10 07:51:13.588352941+00:00,2820.0,10.8,13.8,10.81111111111111,1539.0
2022-01-10 07:52:44.117764706+00:00,2820.0,9.0,13.8,10.81111111111111,1539.0
2022-01-10 07:54:14.647176471+00:00,2820.0,9.3,13.8,10.81111111111111,1539.0
2022-01-10 07:55:45.176588235+00:00,2820.0,8.2,13.8,10.81111111111111,1539.0
2022-01-10 07:57:15.706000+00:00,2820.0,1.4,13.8,10.81111111111111,1539.0
2022-01-10 07:57:17.706000+00:00,2820.0,0.0,13.8,10.81111111111111,1539.0
2022-01-10 08:32:33.705000+00:00,2850.0,2.0,8.7,6.494444444444444,1098.0
2022-01-10 08:33:34.705000+00:00,2850.0,3.4,8.7,6.494444444444444,1098.0
2022-01-10 08:34:35.705000+00:00,2850.0,1.5,8.7,6.494444444444444,1098.0
2022-01-10 08:35:36.705000+00:00,2850.0,7.0,8.7,6.494444444444444,1098.0
2022-01-10 08:36:37.705000+00:00,2850.0,8.6,8.7,6.494444444444444,1098.0
2022-01-10 08:37:38.705000+00:00,2850.0,8.7,8.7,6.494444444444444,1098.0
2022-01-10 08:38:39.705000+00:00,2850.0,8.6,8.7,6.494444444444444,1098.0
2022-01-10 08:39:40.705000+00:00,2850.0,8.6,8.7,6.494444444444444,1098.0
2022-01-10 08:40:41.705000+00:00,2850.0,7.8,8.7,6.494444444444444,1098.0
2022-01-10 08:41:42.705000+00:00,2850.0,7.5,8.7,6.494444444444444,1098.0
2022-01-10 08:42:43.705000+00:00,2850.0,7.6,8.7,6.494444444444444,1098.0
2022-01-10 08:43:44.705000+00:00,2850.0,7.3,8.7,6.494444444444444,1098.0
2022-01-10 08:44:45.705000+00:00,2850.0,7.3,8.7,6.494444444444444,1098.0
2022-01-10 08:45:46.705000+00:00,2850.0,7.3,8.7,6.494444444444444,1098.0
2022-01-10 08:46:47.705000+00:00,2850.0,7.5,8.7,6.494444444444444,1098.0
2022-01-10 08:47:48.705000+00:00,2850.0,7.6,8.7,6.494444444444444,1098.0
2022-01-10 08:48:49.705000+00:00,2850.0,7.3,8.7,6.494444444444444,1098.0
2022-01-10 08:49:50.705000+00:00,2850.0,1.3,8.7,6.494444444444444,1098.0
2022-01-10 08:50:51.705000+00:00,2850.0,0.0,8.7,6.494444444444444,1098.0
2022-01-10 08:50:53.705000+00:00,2850.0,0.0,8.7,6.494444444444444,1098.0
2022-01-10 08:51:09.265000+00:00,2835.0,7.2,9.4,7.6625,999.0
2022-01-10 08:52:11.702500+00:00,2835.0,8.2,9.4,7.6625,999.0
2022-01-10 08:53:14.140000+00:00,2835.0,7.3,9.4,7.6625,999.0
2022-01-10 08:54:16.577500+00:00,2835.0,7.2,9.4,7.6625,999.0
2022-01-10 08:55:19.015000+00:00,2835.0,7.3,9.4,7.6625,999.0
2022-01-10 08:56:21.452500+00:00,2835.0,8.4,9.4,7.6625,999.0
2022-01-10 08:57:23.890000+00:00,2835.0,9.4,9.4,7.6625,999.0
2022-01-10 08:58:26.327500+00:00,2835.0,9.3,9.4,7.6625,999.0
2022-01-10 08:59:28.765000+00:00,2835.0,9.4,9.4,7.6625,999.0
2022-01-10 09:00:31.202500+00:00,2835.0,8.6,9.4,7.6625,999.0
2022-01-10 09:01:33.640000+00:00,2835.0,8.5,9.4,7.6625,999.0
2022-01-10 09:02:36.077500+00:00,2835.0,8.4,9.4,7.6625,999.0
2022-01-10 09:03:38.515000+00:00,2835.0,7.3,9.4,7.6625,999.0
2022-01-10 09:04:40.952500+00:00,2835.0,7.0,9.4,7.6625,999.0
2022-01-10 09:05:43.390000+00:00,2835.0,7.2,9.4,7.6625,999.0
2022-01-10 09:06:45.827500+00:00,2835.0,1.9,9.4,7.6625,999.0
2022-01-10 09:07:48.265000+00:00,2835.0,0.0,9.4,7.6625,999.0
2022-01-10 09:07:50.265000+00:00,2835.0,0.0,9.4,7.6625,999.0
2022-01-10 09:07:55.265000+00:00,2826.0,6.7,9.3,8.010526315789473,886.0
2022-01-10 09:08:41.896578947+00:00,2826.0,8.2,9.3,8.010526315789473,886.0
2022-01-10 09:09:28.528157894+00:00,2826.0,8.2,9.3,8.010526315789473,886.0
2022-01-10 09:10:15.159736842+00:00,2826.0,8.2,9.3,8.010526315789473,886.0
2022-01-10 09:11:01.791315789+00:00,2826.0,8.2,9.3,8.010526315789473,886.0
2022-01-10 09:11:48.422894737+00:00,2826.0,9.2,9.3,8.010526315789473,886.0
2022-01-10 09:12:35.054473684+00:00,2826.0,9.3,9.3,8.010526315789473,886.0
2022-01-10 09:13:21.686052632+00:00,2826.0,8.8,9.3,8.010526315789473,886.0
2022-01-10 09:14:08.317631579+00:00,2826.0,8.5,9.3,8.010526315789473,886.0
2022-01-10 09:14:54.949210526+00:00,2826.0,8.6,9.3,8.010526315789473,886.0
2022-01-10 09:15:41.580789474+00:00,2826.0,8.1,9.3,8.010526315789473,886.0
2022-01-10 09:16:28.212368421+00:00,2826.0,8.2,9.3,8.010526315789473,886.0
2022-01-10 09:17:14.843947368+00:00,2826.0,8.1,9.3,8.010526315789473,886.0
2022-01-10 09:18:01.475526316+00:00,2826.0,7.6,9.3,8.010526315789473,886.0
2022-01-10 09:18:48.107105263+00:00,2826.0,7.9,9.3,8.010526315789473,886.0
2022-01-10 09:19:34.738684211+00:00,2826.0,8.4,9.3,8.010526315789473,886.0
2022-01-10 09:20:21.370263158+00:00,2826.0,8.3,9.3,8.010526315789473,886.0
2022-01-10 09:21:08.001842105+00:00,2826.0,7.7,9.3,8.010526315789473,886.0
2022-01-10 09:21:54.633421053+00:00,2826.0,4.0,9.3,8.010526315789473,886.0
2022-01-10 09:22:41.265000+00:00,2826.0,0.0,9.3,8.010526315789473,886.0
2022-01-10 09:22:43.265000+00:00,2826.0,0.0,9.3,8.010526315789473,886.0
2022-01-10 09:23:03.704000+00:00,2824.0,6.3,8.8,6.6125,956.0
2022-01-10 09:24:07.437333333+00:00,2824.0,7.9,8.8,6.6125,956.0
2022-01-10 09:25:11.170666667+00:00,2824.0,7.8,8.8,6.6125,956.0
2022-01-10 09:26:14.904000+00:00,2824.0,7.4,8.8,6.6125,956.0
2022-01-10 09:27:18.637333333+00:00,2824.0,7.1,8.8,6.6125,956.0
2022-01-10 09:28:22.370666667+00:00,2824.0,7.2,8.8,6.6125,956.0
2022-01-10 09:29:26.104000+00:00,2824.0,7.8,8.8,6.6125,956.0
2022-01-10 09:30:29.837333333+00:00,2824.0,8.8,8.8,6.6125,956.0
2022-01-10 09:31:33.570666667+00:00,2824.0,7.6,8.8,6.6125,956.0
2022-01-10 09:32:37.304000+00:00,2824.0,7.4,8.8,6.6125,956.0
2022-01-10 09:33:41.037333333+00:00,2824.0,7.5,8.8,6.6125,956.0
2022-01-10 09:34:44.770666667+00:00,2824.0,7.4,8.8,6.6125,956.0
2022-01-10 09:35:48.504000+00:00,2824.0,7.0,8.8,6.6125,956.0
2022-01-10 09:36:52.237333332+00:00,2824.0,7.0,8.8,6.6125,956.0
2022-01-10 09:37:55.970666667+00:00,2824.0,1.2,8.8,6.6125,956.0
2022-01-10 09:38:59.704000+00:00,2824.0,0.4,8.8,6.6125,956.0
2022-01-10 09:39:01.704000+00:00,2824.0,0.0,8.8,6.6125,956.0
2022-01-10 10:28:23.264000+00:00,2793.0,0.1,0.1,0.1,2.0
2022-01-10 10:28:25.264000+00:00,2793.0,0.0,0.1,0.1,2.0
2022-01-10 10:29:03.703000+00:00,2800.0,5.2,7.8,6.226315789473684,817.0
2022-01-10 10:29:49.091888889+00:00,2800.0,6.2,7.8,6.226315789473684,817.0
2022-01-10 10:30:34.480777778+00:00,2800.0,6.1,7.8,6.226315789473684,817.0
2022-01-10 10:31:19.869666667+00:00,2800.0,6.8,7.8,6.226315789473684,817.0
2022-01-10 10:32:05.258555556+00:00,2800.0,6.6,7.8,6.226315789473684,817.0
2022-01-10 10:32:50.647444444+00:00,2800.0,6.4,7.8,6.226315789473684,817.0
2022-01-10 10:33:36.036333333+00:00,2800.0,6.6,7.8,6.226315789473684,817.0
2022-01-10 10:34:21.425222222+00:00,2800.0,6.1,7.8,6.226315789473684,817.0
2022-01-10 10:35:06.814111111+00:00,2800.0,6.1,7.8,6.226315789473684,817.0
2022-01-10 10:35:52.203000+00:00,2800.0,6.9,7.8,6.226315789473684,817.0
2022-01-10 10:36:37.591888889+00:00,2800.0,7.0,7.8,6.226315789473684,817.0
2022-01-10 10:37:22.980777778+00:00,2800.0,6.4,7.8,6.226315789473684,817.0
2022-01-10 10:38:08.369666667+00:00,2800.0,6.6,7.8,6.226315789473684,817.0
2022-01-10 10:38:53.758555556+00:00,2800.0,7.8,7.8,6.226315789473684,817.0
2022-01-10 10:39:39.147444444+00:00,2800.0,7.8,7.8,6.226315789473684,817.0
2022-01-10 10:40:24.536333333+00:00,2800.0,7.1,7.8,6.226315789473684,817.0
2022-01-10 10:41:09.925222222+00:00,2800.0,6.5,7.8,6.226315789473684,817.0
2022-01-10 10:41:55.314111111+00:00,2800.0,5.1,7.8,6.226315789473684,817.0
2022-01-10 10:42:40.703000+00:00,2800.0,1.0,7.8,6.226315789473684,817.0
2022-01-10 10:42:42.703000+00:00,2800.0,0.0,7.8,6.226315789473684,817.0
2022-01-10 10:43:35.263000+00:00,2789.0,2.8,7.4,4.75625,474.0
2022-01-10 10:44:06.863000+00:00,2789.0,3.9,7.4,4.75625,474.0
2022-01-10 10:44:38.463000+00:00,2789.0,5.5,7.4,4.75625,474.0
2022-01-10 10:45:10.063000+00:00,2789.0,4.8,7.4,4.75625,474.0
2022-01-10 10:45:41.663000+00:00,2789.0,5.7,7.4,4.75625,474.0
2022-01-10 10:46:13.263000+00:00,2789.0,6.7,7.4,4.75625,474.0
2022-01-10 10:46:44.863000+00:00,2789.0,7.4,7.4,4.75625,474.0
2022-01-10 10:47:16.463000+00:00,2789.0,7.2,7.4,4.75625,474.0
2022-01-10 10:47:48.063000+00:00,2789.0,4.4,7.4,4.75625,474.0
2022-01-10 10:48:19.663000+00:00,2789.0,4.5,7.4,4.75625,474.0
2022-01-10 10:48:51.263000+00:00,2789.0,4.8,7.4,4.75625,474.0
2022-01-10 10:49:22.863000+00:00,2789.0,4.5,7.4,4.75625,474.0
2022-01-10 10:49:54.463000+00:00,2789.0,4.2,7.4,4.75625,474.0
2022-01-10 10:50:26.063000+00:00,2789.0,4.4,7.4,4.75625,474.0
2022-01-10 10:50:57.663000+00:00,2789.0,4.0,7.4,4.75625,474.0
2022-01-10 10:51:29.263000+00:00,2789.0,1.3,7.4,4.75625,474.0
2022-01-10 10:51:31.263000+00:00,2789.0,0.0,7.4,4.75625,474.0
2022-01-10 10:52:01.263000+00:00,2800.0,10.8,20.5,19.126315789473683,1393.0
2022-01-10 10:53:18.651888889+00:00,2800.0,20.0,20.5,19.126315789473683,1393.0
2022-01-10 10:54:36.040777778+00:00,2800.0,20.5,20.5,19.126315789473683,1393.0
2022-01-10 10:55:53.429666667+00:00,2800.0,20.4,20.5,19.126315789473683,1393.0
2022-01-10 10:57:10.818555556+00:00,2800.0,20.5,20.5,19.126315789473683,1393.0
2022-01-10 10:58:28.207444444+00:00,2800.0,20.5,20.5,19.126315789473683,1393.0
2022-01-10 10:59:45.596333333+00:00,2800.0,20.4,20.5,19.126315789473683,1393.0
2022-01-10 11:01:02.985222222+00:00,2800.0,20.5,20.5,19.126315789473683,1393.0
2022-01-10 11:02:20.374111111+00:00,2800.0,20.4,20.5,19.126315789473683,1393.0
2022-01-10 11:03:37.763000+00:00,2800.0,20.5,20.5,19.126315789473683,1393.0
2022-01-10 11:04:55.151888889+00:00,2800.0,20.4,20.5,19.126315789473683,1393.0
2022-01-10 11:06:12.540777778+00:00,2800.0,20.4,20.5,19.126315789473683,1393.0
2022-01-10 11:07:29.929666667+00:00,2800.0,20.4,20.5,19.126315789473683,1393.0
2022-01-10 11:08:47.318555556+00:00,2800.0,20.5,20.5,19.126315789473683,1393.0
2022-01-10 11:10:04.707444444+00:00,2800.0,20.5,20.5,19.126315789473683,1393.0
2022-01-10 11:11:22.096333333+00:00,2800.0,20.5,20.5,19.126315789473683,1393.0
2022-01-10 11:12:39.485222222+00:00,2800.0,20.4,20.5,19.126315789473683,1393.0
2022-01-10 11:13:56.874111111+00:00,2800.0,19.6,20.5,19.126315789473683,1393.0
2022-01-10 11:15:14.263000+00:00,2800.0,6.2,20.5,19.126315789473683,1393.0
2022-01-10 11:15:16.263000+00:00,2800.0,0.0,20.5,19.126315789473683,1393.0
2022-01-10 11:17:17.702000+00:00,2789.0,11.9,20.5,15.15,952.0
2022-01-10 11:18:21.168666667+00:00,2789.0,20.5,20.5,15.15,952.0
2022-01-10 11:19:24.635333333+00:00,2789.0,19.0,20.5,15.15,952.0
2022-01-10 11:20:28.102000+00:00,2789.0,18.0,20.5,15.15,952.0
2022-01-10 11:21:31.568666667+00:00,2789.0,17.6,20.5,15.15,952.0
2022-01-10 11:22:35.035333333+00:00,2789.0,16.6,20.5,15.15,952.0
2022-01-10 11:23:38.502000+00:00,2789.0,17.7,20.5,15.15,952.0
2022-01-10 11:24:41.968666667+00:00,2789.0,17.2,20.5,15.15,952.0
2022-01-10 11:25:45.435333333+00:00,2789.0,17.2,20.5,15.15,952.0
2022-01-10 11:26:48.902000+00:00,2789.0,15.0,20.5,15.15,952.0
2022-01-10 11:27:52.368666667+00:00,2789.0,15.4,20.5,15.15,952.0
2022-01-10 11:28:55.835333333+00:00,2789.0,15.0,20.5,15.15,952.0
2022-01-10 11:29:59.302000+00:00,2789.0,14.2,20.5,15.15,952.0
2022-01-10 11:31:02.768666667+00:00,2789.0,14.0,20.5,15.15,952.0
2022-01-10 11:32:06.235333332+00:00,2789.0,9.6,20.5,15.15,952.0
2022-01-10 11:33:09.702000+00:00,2789.0,3.5,20.5,15.15,952.0
2022-01-10 11:33:11.702000+00:00,2789.0,0.0,20.5,15.15,952.0
2022-01-10 11:33:24.701000+00:00,2767.0,0.2,0.2,0.2,7.0
2022-01-10 11:33:26.701000+00:00,2767.0,0.0,0.2,0.2,7.0
2022-01-10 11:33:31.262000+00:00,2769.0,0.9,1.0,0.6666666666666666,32.0
2022-01-10 11:33:47.262000+00:00,2769.0,1.0,1.0,0.6666666666666666,32.0
2022-01-10 11:34:03.262000+00:00,2769.0,0.1,1.0,0.6666666666666666,32.0
2022-01-10 11:34:05.262000+00:00,2769.0,0.0,1.0,0.6666666666666666,32.0
2022-01-10 11:34:10.262000+00:00,2771.0,1.5,2.3,1.325,49.0
2022-01-10 11:34:26.595333333+00:00,2771.0,2.3,2.3,1.325,49.0
2022-01-10 11:34:42.928666667+00:00,2771.0,1.2,2.3,1.325,49.0
2022-01-10 11:34:59.262000+00:00,2771.0,0.3,2.3,1.325,49.0
2022-01-10 11:35:01.262000+00:00,2771.0,0.0,2.3,1.325,49.0
2022-01-10 11:38:14.701000+00:00,2796.0,4.0,8.3,7.4866666666666655,668.0
2022-01-10 11:39:02.415285714+00:00,2796.0,6.8,8.3,7.4866666666666655,668.0
2022-01-10 11:39:50.129571429+00:00,2796.0,8.2,8.3,7.4866666666666655,668.0
2022-01-10 11:40:37.843857143+00:00,2796.0,8.3,8.3,7.4866666666666655,668.0
2022-01-10 11:41:25.558142857+00:00,2796.0,8.2,8.3,7.4866666666666655,668.0
2022-01-10 11:42:13.272428571+00:00,2796.0,8.3,8.3,7.4866666666666655,668.0
2022-01-10 11:43:00.986714286+00:00,2796.0,8.2,8.3,7.4866666666666655,668.0
2022-01-10 11:43:48.701000+00:00,2796.0,8.2,8.3,7.4866666666666655,668.0
2022-01-10 11:44:36.415285714+00:00,2796.0,8.1,8.3,7.4866666666666655,668.0
2022-01-10 11:45:24.129571429+00:00,2796.0,8.1,8.3,7.4866666666666655,668.0
2022-01-10 11:46:11.843857143+00:00,2796.0,8.2,8.3,7.4866666666666655,668.0
2022-01-10 11:46:59.558142857+00:00,2796.0,8.2,8.3,7.4866666666666655,668.0
2022-01-10 11:47:47.272428571+00:00,2796.0,8.1,8.3,7.4866666666666655,668.0
2022-01-10 11:48:34.986714286+00:00,2796.0,8.1,8.3,7.4866666666666655,668.0
2022-01-10 11:49:22.701000+00:00,2796.0,3.3,8.3,7.4866666666666655,668.0
2022-01-10 11:49:24.701000+00:00,2796.0,0.0,8.3,7.4866666666666655,668.0
2022-01-10 11:49:33.262000+00:00,2780.0,0.0,0.0,0.0,2.0
2022-01-10 11:49:35.262000+00:00,2780.0,0.0,0.0,0.0,2.0
2022-01-10 12:08:51.262000+00:00,2798.0,0.0,0.0,0.0,1.0
2022-01-10 12:08:53.262000+00:00,2798.0,0.0,0.0,0.0,1.0
2022-01-10 12:16:26.261000+00:00,2810.0,0.3,0.3,0.3,9.0
2022-01-10 12:16:28.261000+00:00,2810.0,0.0,0.3,0.3,9.0
2022-01-10 12:19:52.261000+00:00,2807.0,2.4,3.5,2.9157894736842107,548.0
2022-01-10 12:20:22.705444444+00:00,2807.0,3.2,3.5,2.9157894736842107,548.0
2022-01-10 12:20:53.149888889+00:00,2807.0,3.2,3.5,2.9157894736842107,548.0
2022-01-10 12:21:23.594333333+00:00,2807.0,3.1,3.5,2.9157894736842107,548.0
2022-01-10 12:21:54.038777778+00:00,2807.0,2.6,3.5,2.9157894736842107,548.0
2022-01-10 12:22:24.483222222+00:00,2807.0,2.4,3.5,2.9157894736842107,548.0
2022-01-10 12:22:54.927666667+00:00,2807.0,3.2,3.5,2.9157894736842107,548.0
2022-01-10 12:23:25.372111111+00:00,2807.0,3.2,3.5,2.9157894736842107,548.0
2022-01-10 12:23:55.816555556+00:00,2807.0,3.0,3.5,2.9157894736842107,548.0
2022-01-10 12:24:26.261000+00:00,2807.0,3.5,3.5,2.9157894736842107,548.0
2022-01-10 12:24:56.705444444+00:00,2807.0,3.5,3.5,2.9157894736842107,548.0
2022-01-10 12:25:27.149888889+00:00,2807.0,3.3,3.5,2.9157894736842107,548.0
2022-01-10 12:25:57.594333333+00:00,2807.0,3.2,3.5,2.9157894736842107,548.0
2022-01-10 12:26:28.038777778+00:00,2807.0,3.3,3.5,2.9157894736842107,548.0
2022-01-10 12:26:58.483222222+00:00,2807.0,3.2,3.5,2.9157894736842107,548.0
2022-01-10 12:27:28.927666667+00:00,2807.0,3.3,3.5,2.9157894736842107,548.0
2022-01-10 12:27:59.372111111+00:00,2807.0,3.2,3.5,2.9157894736842107,548.0
2022-01-10 12:28:29.816555556+00:00,2807.0,2.5,3.5,2.9157894736842107,548.0
2022-01-10 12:29:00.261000+00:00,2807.0,0.1,3.5,2.9157894736842107,548.0
2022-01-10 12:29:02.261000+00:00,2807.0,0.0,3.5,2.9157894736842107,548.0
2022-01-10 12:29:16.700000+00:00,2795.0,2.4,3.1,2.2625,230.0
2022-01-10 12:29:32.033333333+00:00,2795.0,2.8,3.1,2.2625,230.0
2022-01-10 12:29:47.366666667+00:00,2795.0,1.9,3.1,2.2625,230.0
2022-01-10 12:30:02.700000+00:00,2795.0,2.1,3.1,2.2625,230.0
2022-01-10 12:30:18.033333333+00:00,2795.0,3.1,3.1,2.2625,230.0
2022-01-10 12:30:33.366666667+00:00,2795.0,2.6,3.1,2.2625,230.0
2022-01-10 12:30:48.700000+00:00,2795.0,1.7,3.1,2.2625,230.0
2022-01-10 12:31:04.033333333+00:00,2795.0,1.5,3.1,2.2625,230.0
2022-01-10 12:31:19.366666667+00:00,2795.0,2.0,3.1,2.2625,230.0
2022-01-10 12:31:34.700000+00:00,2795.0,2.8,3.1,2.2625,230.0
2022-01-10 12:31:50.033333333+00:00,2795.0,2.8,3.1,2.2625,230.0
2022-01-10 12:32:05.366666667+00:00,2795.0,2.7,3.1,2.2625,230.0
2022-01-10 12:32:20.700000+00:00,2795.0,2.6,3.1,2.2625,230.0
2022-01-10 12:32:36.033333333+00:00,2795.0,2.7,3.1,2.2625,230.0
2022-01-10 12:32:51.366666667+00:00,2795.0,1.9,3.1,2.2625,230.0
2022-01-10 12:33:06.700000+00:00,2795.0,0.6,3.1,2.2625,230.0
2022-01-10 12:33:08.700000+00:00,2795.0,0.0,3.1,2.2625,230.0
2022-01-10 12:33:14.261000+00:00,2792.0,0.1,4.7,3.005263157894737,272.0
2022-01-10 12:33:29.372111111+00:00,2792.0,1.0,4.7,3.005263157894737,272.0
2022-01-10 12:33:44.483222222+00:00,2792.0,3.3,4.7,3.005263157894737,272.0
2022-01-10 12:33:59.594333333+00:00,2792.0,4.7,4.7,3.005263157894737,272.0
2022-01-10 12:34:14.705444444+00:00,2792.0,4.7,4.7,3.005263157894737,272.0
2022-01-10 12:34:29.816555556+00:00,2792.0,4.3,4.7,3.005263157894737,272.0
2022-01-10 12:34:44.927666667+00:00,2792.0,4.1,4.7,3.005263157894737,272.0
2022-01-10 12:35:00.038777778+00:00,2792.0,3.9,4.7,3.005263157894737,272.0
2022-01-10 12:35:15.149888889+00:00,2792.0,3.8,4.7,3.005263157894737,272.0
2022-01-10 12:35:30.261000+00:00,2792.0,3.7,4.7,3.005263157894737,272.0
2022-01-10 12:35:45.372111111+00:00,2792.0,3.8,4.7,3.005263157894737,272.0
2022-01-10 12:36:00.483222222+00:00,2792.0,3.7,4.7,3.005263157894737,272.0
2022-01-10 12:36:15.594333333+00:00,2792.0,3.8,4.7,3.005263157894737,272.0
2022-01-10 12:36:30.705444444+00:00,2792.0,3.7,4.7,3.005263157894737,272.0
2022-01-10 12:36:45.816555556+00:00,2792.0,3.4,4.7,3.005263157894737,272.0
2022-01-10 12:37:00.927666667+00:00,2792.0,2.8,4.7,3.005263157894737,272.0
2022-01-10 12:37:16.038777778+00:00,2792.0,1.6,4.7,3.005263157894737,272.0
2022-01-10 12:37:31.149888889+00:00,2792.0,0.6,4.7,3.005263157894737,272.0
2022-01-10 12:37:46.261000+00:00,2792.0,0.1,4.7,3.005263157894737,272.0
2022-01-10 12:37:48.261000+00:00,2792.0,0.0,4.7,3.005263157894737,272.0
2022-01-10 13:12:23.260000+00:00,2787.0,3.5,5.1,4.76470588235294,973.0
2022-01-10 13:13:24.072500+00:00,2787.0,5.1,5.1,4.76470588235294,973.0
2022-01-10 13:14:24.885000+00:00,2787.0,5.1,5.1,4.76470588235294,973.0
2022-01-10 13:15:25.697500+00:00,2787.0,5.1,5.1,4.76470588235294,973.0
2022-01-10 13:16:26.510000+00:00,2787.0,5.1,5.1,4.76470588235294,973.0
2022-01-10 13:17:27.322500+00:00,2787.0,5.1,5.1,4.76470588235294,973.0
2022-01-10 13:18:28.135000+00:00,2787.0,5.1,5.1,4.76470588235294,973.0
2022-01-10 13:19:28.947500+00:00,2787.0,5.1,5.1,4.76470588235294,973.0
2022-01-10 13:20:29.760000+00:00,2787.0,5.1,5.1,4.76470588235294,973.0
2022-01-10 13:21:30.572500+00:00,2787.0,5.1,5.1,4.76470588235294,973.0
2022-01-10 13:22:31.385000+00:00,2787.0,5.1,5.1,4.76470588235294,973.0
2022-01-10 13:23:32.197500+00:00,2787.0,5.1,5.1,4.76470588235294,973.0
2022-01-10 13:24:33.010000+00:00,2787.0,5.1,5.1,4.76470588235294,973.0
2022-01-10 13:25:33.822500+00:00,2787.0,5.1,5.1,4.76470588235294,973.0
2022-01-10 13:26:34.635000+00:00,2787.0,5.1,5.1,4.76470588235294,973.0
2022-01-10 13:27:35.447500+00:00,2787.0,4.8,5.1,4.76470588235294,973.0
2022-01-10 13:28:36.260000+00:00,2787.0,1.3,5.1,4.76470588235294,973.0
2022-01-10 13:28:38.260000+00:00,2787.0,0.0,5.1,4.76470588235294,973.0
2022-01-10 13:29:19.261000+00:00,2782.0,0.3,0.3,0.3,12.0
2022-01-10 13:29:21.261000+00:00,2782.0,0.0,0.3,0.3,12.0
2022-01-10 13:33:59.260000+00:00,2787.0,3.8,5.1,4.845000000000001,1176.0
2022-01-10 13:35:01.154736842+00:00,2787.0,4.9,5.1,4.845000000000001,1176.0
2022-01-10 13:36:03.049473684+00:00,2787.0,5.0,5.1,4.845000000000001,1176.0
2022-01-10 13:37:04.944210526+00:00,2787.0,5.0,5.1,4.845000000000001,1176.0
2022-01-10 13:38:06.838947368+00:00,2787.0,5.0,5.1,4.845000000000001,1176.0
2022-01-10 13:39:08.733684211+00:00,2787.0,5.0,5.1,4.845000000000001,1176.0
2022-01-10 13:40:10.628421053+00:00,2787.0,5.0,5.1,4.845000000000001,1176.0
2022-01-10 13:41:12.523157894+00:00,2787.0,5.0,5.1,4.845000000000001,1176.0
2022-01-10 13:42:14.417894737+00:00,2787.0,5.0,5.1,4.845000000000001,1176.0
2022-01-10 13:43:16.312631579+00:00,2787.0,5.0,5.1,4.845000000000001,1176.0
2022-01-10 13:44:18.207368421+00:00,2787.0,5.0,5.1,4.845000000000001,1176.0
2022-01-10 13:45:20.102105263+00:00,2787.0,5.0,5.1,4.845000000000001,1176.0
2022-01-10 13:46:21.996842105+00:00,2787.0,5.1,5.1,4.845000000000001,1176.0
2022-01-10 13:47:23.891578947+00:00,2787.0,5.0,5.1,4.845000000000001,1176.0
2022-01-10 13:48:25.786315789+00:00,2787.0,5.0,5.1,4.845000000000001,1176.0
2022-01-10 13:49:27.681052632+00:00,2787.0,5.0,5.1,4.845000000000001,1176.0
2022-01-10 13:50:29.575789474+00:00,2787.0,5.1,5.1,4.845000000000001,1176.0
2022-01-10 13:51:31.470526316+00:00,2787.0,5.0,5.1,4.845000000000001,1176.0
2022-01-10 13:52:33.365263158+00:00,2787.0,5.0,5.1,4.845000000000001,1176.0
2022-01-10 13:53:35.260000+00:00,2787.0,3.0,5.1,4.845000000000001,1176.0
2022-01-10 13:53:37.260000+00:00,2787.0,0.0,5.1,4.845000000000001,1176.0
2022-01-10 13:54:00.260000+00:00,2781.0,0.2,0.2,0.2,3.0
2022-01-10 13:54:02.260000+00:00,2781.0,0.0,0.2,0.2,3.0
2022-01-10 13:54:12.260000+00:00,2786.0,3.9,5.1,4.699999999999999,907.0
2022-01-10 13:55:12.726666667+00:00,2786.0,5.1,5.1,4.699999999999999,907.0
2022-01-10 13:56:13.193333333+00:00,2786.0,5.1,5.1,4.699999999999999,907.0
2022-01-10 13:57:13.660000+00:00,2786.0,5.1,5.1,4.699999999999999,907.0
2022-01-10 13:58:14.126666667+00:00,2786.0,5.1,5.1,4.699999999999999,907.0
2022-01-10 13:59:14.593333333+00:00,2786.0,5.1,5.1,4.699999999999999,907.0
2022-01-10 14:00:15.060000+00:00,2786.0,5.1,5.1,4.699999999999999,907.0
2022-01-10 14:01:15.526666667+00:00,2786.0,5.1,5.1,4.699999999999999,907.0
2022-01-10 14:02:15.993333333+00:00,2786.0,5.1,5.1,4.699999999999999,907.0
2022-01-10 14:03:16.460000+00:00,2786.0,5.1,5.1,4.699999999999999,907.0
2022-01-10 14:04:16.926666667+00:00,2786.0,5.1,5.1,4.699999999999999,907.0
2022-01-10 14:05:17.393333333+00:00,2786.0,5.1,5.1,4.699999999999999,907.0
2022-01-10 14:06:17.860000+00:00,2786.0,5.1,5.1,4.699999999999999,907.0
2022-01-10 14:07:18.326666667+00:00,2786.0,5.1,5.1,4.699999999999999,907.0
2022-01-10 14:08:18.793333332+00:00,2786.0,4.5,5.1,4.699999999999999,907.0
2022-01-10 14:09:19.260000+00:00,2786.0,0.5,5.1,4.699999999999999,907.0
2022-01-10 14:09:21.260000+00:00,2786.0,0.0,5.1,4.699999999999999,907.0
2022-01-10 14:10:22.259000+00:00,2783.0,3.0,5.1,4.773684210526315,1131.0
2022-01-10 14:11:25.092333333+00:00,2783.0,2.8,5.1,4.773684210526315,1131.0
2022-01-10 14:12:27.925666667+00:00,2783.0,5.0,5.1,4.773684210526315,1131.0
2022-01-10 14:13:30.759000+00:00,2783.0,5.0,5.1,4.773684210526315,1131.0
2022-01-10 14:14:33.592333333+00:00,2783.0,5.1,5.1,4.773684210526315,1131.0
2022-01-10 14:15:36.425666667+00:00,2783.0,5.1,5.1,4.773684210526315,1131.0
2022-01-10 14:16:39.259000+00:00,2783.0,5.1,5.1,4.773684210526315,1131.0
2022-01-10 14:17:42.092333333+00:00,2783.0,5.1,5.1,4.773684210526315,1131.0
2022-01-10 14:18:44.925666667+00:00,2783.0,5.1,5.1,4.773684210526315,1131.0
2022-01-10 14:19:47.759000+00:00,2783.0,5.1,5.1,4.773684210526315,1131.0
2022-01-10 14:20:50.592333333+00:00,2783.0,5.1,5.1,4.773684210526315,1131.0
2022-01-10 14:21:53.425666667+00:00,2783.0,5.1,5.1,4.773684210526315,1131.0
2022-01-10 14:22:56.259000+00:00,2783.0,5.1,5.1,4.773684210526315,1131.0
2022-01-10 14:23:59.092333333+00:00,2783.0,5.1,5.1,4.773684210526315,1131.0
2022-01-10 14:25:01.925666667+00:00,2783.0,5.1,5.1,4.773684210526315,1131.0
2022-01-10 14:26:04.759000+00:00,2783.0,5.1,5.1,4.773684210526315,1131.0
2022-01-10 14:27:07.592333333+00:00,2783.0,5.1,5.1,4.773684210526315,1131.0
2022-01-10 14:28:10.425666667+00:00,2783.0,5.1,5.1,4.773684210526315,1131.0
2022-01-10 14:29:13.259000+00:00,2783.0,3.5,5.1,4.773684210526315,1131.0
2022-01-10 14:29:15.259000+00:00,2783.0,0.0,5.1,4.773684210526315,1131.0
2022-01-10 14:30:08.259000+00:00,2781.0,2.5,5.1,4.6,1022.0
2022-01-10 14:31:08.376647059+00:00,2781.0,4.8,5.1,4.6,1022.0
2022-01-10 14:32:08.494294118+00:00,2781.0,5.1,5.1,4.6,1022.0
2022-01-10 14:33:08.611941176+00:00,2781.0,5.0,5.1,4.6,1022.0
2022-01-10 14:34:08.729588235+00:00,2781.0,5.0,5.1,4.6,1022.0
2022-01-10 14:35:08.847235294+00:00,2781.0,5.1,5.1,4.6,1022.0
2022-01-10 14:36:08.964882353+00:00,2781.0,5.1,5.1,4.6,1022.0
2022-01-10 14:37:09.082529412+00:00,2781.0,5.1,5.1,4.6,1022.0
2022-01-10 14:38:09.200176471+00:00,2781.0,5.0,5.1,4.6,1022.0
2022-01-10 14:39:09.317823529+00:00,2781.0,5.1,5.1,4.6,1022.0
2022-01-10 14:40:09.435470588+00:00,2781.0,5.1,5.1,4.6,1022.0
2022-01-10 14:41:09.553117647+00:00,2781.0,5.1,5.1,4.6,1022.0
2022-01-10 14:42:09.670764706+00:00,2781.0,5.1,5.1,4.6,1022.0
2022-01-10 14:43:09.788411765+00:00,2781.0,5.1,5.1,4.6,1022.0
2022-01-10 14:44:09.906058824+00:00,2781.0,5.1,5.1,4.6,1022.0
2022-01-10 14:45:10.023705882+00:00,2781.0,5.1,5.1,4.6,1022.0
2022-01-10 14:46:10.141352941+00:00,2781.0,4.2,5.1,4.6,1022.0
2022-01-10 14:47:10.259000+00:00,2781.0,0.2,5.1,4.6,1022.0
2022-01-10 14:47:12.259000+00:00,2781.0,0.0,5.1,4.6,1022.0
2022-01-10 14:48:14.259000+00:00,2780.0,3.7,5.2,4.658823529411764,748.0
2022-01-10 14:49:01.009000+00:00,2780.0,5.0,5.2,4.658823529411764,748.0
2022-01-10 14:49:47.759000+00:00,2780.0,5.1,5.2,4.658823529411764,748.0
2022-01-10 14:50:34.509000+00:00,2780.0,5.1,5.2,4.658823529411764,748.0
2022-01-10 14:51:21.259000+00:00,2780.0,5.1,5.2,4.658823529411764,748.0
2022-01-10 14:52:08.009000+00:00,2780.0,5.1,5.2,4.658823529411764,748.0
2022-01-10 14:52:54.759000+00:00,2780.0,5.1,5.2,4.658823529411764,748.0
2022-01-10 14:53:41.509000+00:00,2780.0,5.1,5.2,4.658823529411764,748.0
2022-01-10 14:54:28.259000+00:00,2780.0,5.1,5.2,4.658823529411764,748.0
2022-01-10 14:55:15.009000+00:00,2780.0,5.1,5.2,4.658823529411764,748.0
2022-01-10 14:56:01.759000+00:00,2780.0,5.1,5.2,4.658823529411764,748.0
2022-01-10 14:56:48.509000+00:00,2780.0,5.1,5.2,4.658823529411764,748.0
2022-01-10 14:57:35.259000+00:00,2780.0,5.1,5.2,4.658823529411764,748.0
2022-01-10 14:58:22.009000+00:00,2780.0,5.2,5.2,4.658823529411764,748.0
2022-01-10 14:59:08.759000+00:00,2780.0,4.5,5.2,4.658823529411764,748.0
2022-01-10 14:59:55.509000+00:00,2780.0,3.7,5.2,4.658823529411764,748.0
2022-01-10 15:00:42.259000+00:00,2780.0,1.0,5.2,4.658823529411764,748.0
2022-01-10 15:00:44.259000+00:00,2780.0,0.0,5.2,4.658823529411764,748.0
2022-01-10 15:01:31.698000+00:00,2777.0,1.0,1.0,0.7999999999999999,35.0
2022-01-10 15:01:49.198000+00:00,2777.0,0.9,1.0,0.7999999999999999,35.0
2022-01-10 15:02:06.698000+00:00,2777.0,0.5,1.0,0.7999999999999999,35.0
2022-01-10 15:02:08.698000+00:00,2777.0,0.0,1.0,0.7999999999999999,35.0
2022-01-10 15:02:17.697000+00:00,2780.0,4.3,5.1,4.882352941176471,1252.0
2022-01-10 15:03:35.947000+00:00,2780.0,5.0,5.1,4.882352941176471,1252.0
2022-01-10 15:04:54.197000+00:00,2780.0,5.0,5.1,4.882352941176471,1252.0
2022-01-10 15:06:12.447000+00:00,2780.0,5.0,5.1,4.882352941176471,1252.0
2022-01-10 15:07:30.697000+00:00,2780.0,5.0,5.1,4.882352941176471,1252.0
2022-01-10 15:08:48.947000+00:00,2780.0,5.0,5.1,4.882352941176471,1252.0
2022-01-10 15:10:07.197000+00:00,2780.0,5.0,5.1,4.882352941176471,1252.0
2022-01-10 15:11:25.447000+00:00,2780.0,5.0,5.1,4.882352941176471,1252.0
2022-01-10 15:12:43.697000+00:00,2780.0,5.1,5.1,4.882352941176471,1252.0
2022-01-10 15:14:01.947000+00:00,2780.0,5.0,5.1,4.882352941176471,1252.0
2022-01-10 15:15:20.197000+00:00,2780.0,5.1,5.1,4.882352941176471,1252.0
2022-01-10 15:16:38.447000+00:00,2780.0,5.1,5.1,4.882352941176471,1252.0
2022-01-10 15:17:56.697000+00:00,2780.0,5.1,5.1,4.882352941176471,1252.0
2022-01-10 15:19:14.947000+00:00,2780.0,5.1,5.1,4.882352941176471,1252.0
2022-01-10 15:20:33.197000+00:00,2780.0,5.1,5.1,4.882352941176471,1252.0
2022-01-10 15:21:51.447000+00:00,2780.0,5.1,5.1,4.882352941176471,1252.0
2022-01-10 15:23:09.697000+00:00,2780.0,3.0,5.1,4.882352941176471,1252.0
2022-01-10 15:23:11.697000+00:00,2780.0,0.0,5.1,4.882352941176471,1252.0
2022-01-10 15:24:22.697000+00:00,2779.0,2.2,5.1,4.704999999999999,1156.0
2022-01-10 15:25:23.539105263+00:00,2779.0,4.9,5.1,4.704999999999999,1156.0
2022-01-10 15:26:24.381210526+00:00,2779.0,5.0,5.1,4.704999999999999,1156.0
2022-01-10 15:27:25.223315789+00:00,2779.0,5.1,5.1,4.704999999999999,1156.0
2022-01-10 15:28:26.065421053+00:00,2779.0,5.1,5.1,4.704999999999999,1156.0
2022-01-10 15:29:26.907526316+00:00,2779.0,5.1,5.1,4.704999999999999,1156.0
2022-01-10 15:30:27.749631579+00:00,2779.0,5.1,5.1,4.704999999999999,1156.0
2022-01-10 15:31:28.591736842+00:00,2779.0,5.1,5.1,4.704999999999999,1156.0
2022-01-10 15:32:29.433842105+00:00,2779.0,5.1,5.1,4.704999999999999,1156.0
2022-01-10 15:33:30.275947368+00:00,2779.0,5.1,5.1,4.704999999999999,1156.0
2022-01-10 15:34:31.118052632+00:00,2779.0,5.1,5.1,4.704999999999999,1156.0
2022-01-10 15:35:31.960157894+00:00,2779.0,5.1,5.1,4.704999999999999,1156.0
2022-01-10 15:36:32.802263158+00:00,2779.0,5.0,5.1,4.704999999999999,1156.0
2022-01-10 15:37:33.644368421+00:00,2779.0,5.1,5.1,4.704999999999999,1156.0
2022-01-10 15:38:34.486473684+00:00,2779.0,5.1,5.1,4.704999999999999,1156.0
2022-01-10 15:39:35.328578947+00:00,2779.0,5.1,5.1,4.704999999999999,1156.0
2022-01-10 15:40:36.170684211+00:00,2779.0,5.1,5.1,4.704999999999999,1156.0
2022-01-10 15:41:37.012789474+00:00,2779.0,5.1,5.1,4.704999999999999,1156.0
2022-01-10 15:42:37.854894737+00:00,2779.0,4.9,5.1,4.704999999999999,1156.0
2022-01-10 15:43:38.697000+00:00,2779.0,0.7,5.1,4.704999999999999,1156.0
2022-01-10 15:43:40.697000+00:00,2779.0,0.0,5.1,4.704999999999999,1156.0
2022-01-10 15:45:02.257000+00:00,2779.0,2.6,5.1,4.61578947368421,1373.0
2022-01-10 15:46:18.534777778+00:00,2779.0,5.0,5.1,4.61578947368421,1373.0
2022-01-10 15:47:34.812555556+00:00,2779.0,5.0,5.1,4.61578947368421,1373.0
2022-01-10 15:48:51.090333333+00:00,2779.0,5.0,5.1,4.61578947368421,1373.0
2022-01-10 15:50:07.368111111+00:00,2779.0,5.0,5.1,4.61578947368421,1373.0
2022-01-10 15:51:23.645888889+00:00,2779.0,5.1,5.1,4.61578947368421,1373.0
2022-01-10 15:52:39.923666667+00:00,2779.0,5.0,5.1,4.61578947368421,1373.0
2022-01-10 15:53:56.201444444+00:00,2779.0,5.0,5.1,4.61578947368421,1373.0
2022-01-10 15:55:12.479222222+00:00,2779.0,5.1,5.1,4.61578947368421,1373.0
2022-01-10 15:56:28.757000+00:00,2779.0,5.1,5.1,4.61578947368421,1373.0
2022-01-10 15:57:45.034777778+00:00,2779.0,5.1,5.1,4.61578947368421,1373.0
2022-01-10 15:59:01.312555556+00:00,2779.0,5.0,5.1,4.61578947368421,1373.0
2022-01-10 16:00:17.590333333+00:00,2779.0,5.1,5.1,4.61578947368421,1373.0
2022-01-10 16:01:33.868111111+00:00,2779.0,5.1,5.1,4.61578947368421,1373.0
2022-01-10 16:02:50.145888889+00:00,2779.0,5.1,5.1,4.61578947368421,1373.0
2022-01-10 16:04:06.423666667+00:00,2779.0,5.1,5.1,4.61578947368421,1373.0
2022-01-10 16:05:22.701444444+00:00,2779.0,5.1,5.1,4.61578947368421,1373.0
2022-01-10 16:06:38.979222222+00:00,2779.0,3.4,5.1,4.61578947368421,1373.0
2022-01-10 16:07:55.257000+00:00,2779.0,0.8,5.1,4.61578947368421,1373.0
2022-01-10 16:07:57.257000+00:00,2779.0,0.0,5.1,4.61578947368421,1373.0
2022-01-10 16:49:41.256000+00:00,2776.0,0.6,1.7,0.9588235294117649,254.0
2022-01-10 16:49:57.131000+00:00,2776.0,0.7,1.7,0.9588235294117649,254.0
2022-01-10 16:50:13.006000+00:00,2776.0,0.7,1.7,0.9588235294117649,254.0
2022-01-10 16:50:28.881000+00:00,2776.0,0.7,1.7,0.9588235294117649,254.0
2022-01-10 16:50:44.756000+00:00,2776.0,0.9,1.7,0.9588235294117649,254.0
2022-01-10 16:51:00.631000+00:00,2776.0,1.1,1.7,0.9588235294117649,254.0
2022-01-10 16:51:16.506000+00:00,2776.0,1.4,1.7,0.9588235294117649,254.0
2022-01-10 16:51:32.381000+00:00,2776.0,1.1,1.7,0.9588235294117649,254.0
2022-01-10 16:51:48.256000+00:00,2776.0,0.7,1.7,0.9588235294117649,254.0
2022-01-10 16:52:04.131000+00:00,2776.0,1.1,1.7,0.9588235294117649,254.0
2022-01-10 16:52:20.006000+00:00,2776.0,1.7,1.7,0.9588235294117649,254.0
2022-01-10 16:52:35.881000+00:00,2776.0,1.4,1.7,0.9588235294117649,254.0
2022-01-10 16:52:51.756000+00:00,2776.0,1.2,1.7,0.9588235294117649,254.0
2022-01-10 16:53:07.631000+00:00,2776.0,0.8,1.7,0.9588235294117649,254.0
2022-01-10 16:53:23.506000+00:00,2776.0,0.7,1.7,0.9588235294117649,254.0
2022-01-10 16:53:39.381000+00:00,2776.0,0.9,1.7,0.9588235294117649,254.0
2022-01-10 16:53:55.256000+00:00,2776.0,0.6,1.7,0.9588235294117649,254.0
2022-01-10 16:53:57.256000+00:00,2776.0,0.0,1.7,0.9588235294117649,254.0
2022-01-10 17:30:38.255000+00:00,2777.0,3.8,5.2,4.9,1164.0
2022-01-10 17:31:39.518157894+00:00,2777.0,5.1,5.2,4.9,1164.0
2022-01-10 17:32:40.781315789+00:00,2777.0,5.1,5.2,4.9,1164.0
2022-01-10 17:33:42.044473684+00:00,2777.0,5.1,5.2,4.9,1164.0
2022-01-10 17:34:43.307631579+00:00,2777.0,5.2,5.2,4.9,1164.0
2022-01-10 17:35:44.570789474+00:00,2777.0,5.2,5.2,4.9,1164.0
2022-01-10 17:36:45.833947368+00:00,2777.0,5.2,5.2,4.9,1164.0
2022-01-10 17:37:47.097105263+00:00,2777.0,5.1,5.2,4.9,1164.0
2022-01-10 17:38:48.360263158+00:00,2777.0,5.2,5.2,4.9,1164.0
2022-01-10 17:39:49.623421053+00:00,2777.0,5.2,5.2,4.9,1164.0
2022-01-10 17:40:50.886578947+00:00,2777.0,5.2,5.2,4.9,1164.0
2022-01-10 17:41:52.149736842+00:00,2777.0,5.2,5.2,4.9,1164.0
2022-01-10 17:42:53.412894737+00:00,2777.0,5.1,5.2,4.9,1164.0
2022-01-10 17:43:54.676052632+00:00,2777.0,5.1,5.2,4.9,1164.0
2022-01-10 17:44:55.939210526+00:00,2777.0,5.2,5.2,4.9,1164.0
2022-01-10 17:45:57.202368421+00:00,2777.0,5.1,5.2,4.9,1164.0
2022-01-10 17:46:58.465526316+00:00,2777.0,5.1,5.2,4.9,1164.0
2022-01-10 17:47:59.728684211+00:00,2777.0,5.1,5.2,4.9,1164.0
2022-01-10 17:49:00.991842105+00:00,2777.0,5.1,5.2,4.9,1164.0
2022-01-10 17:50:02.255000+00:00,2777.0,1.6,5.2,4.9,1164.0
2022-01-10 17:50:04.255000+00:00,2777.0,0.0,5.2,4.9,1164.0
2022-01-10 17:51:18.255000+00:00,2773.0,2.1,3.1,2.5842105263157897,829.0
2022-01-10 17:52:04.310555556+00:00,2773.0,3.1,3.1,2.5842105263157897,829.0
2022-01-10 17:52:50.366111111+00:00,2773.0,2.5,3.1,2.5842105263157897,829.0
2022-01-10 17:53:36.421666667+00:00,2773.0,2.8,3.1,2.5842105263157897,829.0
2022-01-10 17:54:22.477222222+00:00,2773.0,2.8,3.1,2.5842105263157897,829.0
2022-01-10 17:55:08.532777778+00:00,2773.0,2.8,3.1,2.5842105263157897,829.0
2022-01-10 17:55:54.588333333+00:00,2773.0,2.8,3.1,2.5842105263157897,829.0
2022-01-10 17:56:40.643888889+00:00,2773.0,2.8,3.1,2.5842105263157897,829.0
2022-01-10 17:57:26.699444444+00:00,2773.0,2.8,3.1,2.5842105263157897,829.0
2022-01-10 17:58:12.755000+00:00,2773.0,2.8,3.1,2.5842105263157897,829.0
2022-01-10 17:58:58.810555556+00:00,2773.0,2.8,3.1,2.5842105263157897,829.0
2022-01-10 17:59:44.866111111+00:00,2773.0,2.8,3.1,2.5842105263157897,829.0
2022-01-10 18:00:30.921666667+00:00,2773.0,2.8,3.1,2.5842105263157897,829.0
2022-01-10 18:01:16.977222222+00:00,2773.0,2.8,3.1,2.5842105263157897,829.0
2022-01-10 18:02:03.032777778+00:00,2773.0,2.7,3.1,2.5842105263157897,829.0
2022-01-10 18:02:49.088333333+00:00,2773.0,2.8,3.1,2.5842105263157897,829.0
2022-01-10 18:03:35.143888889+00:00,2773.0,2.8,3.1,2.5842105263157897,829.0
2022-01-10 18:04:21.199444444+00:00,2773.0,1.7,3.1,2.5842105263157897,829.0
2022-01-10 18:05:07.255000+00:00,2773.0,0.6,3.1,2.5842105263157897,829.0
2022-01-10 18:05:09.255000+00:00,2773.0,0.0,3.1,2.5842105263157897,829.0
2022-01-10 18:05:54.254000+00:00,2777.0,1.1,5.2,4.625,722.0
2022-01-10 18:06:39.379000+00:00,2777.0,2.7,5.2,4.625,722.0
2022-01-10 18:07:24.504000+00:00,2777.0,5.1,5.2,4.625,722.0
2022-01-10 18:08:09.629000+00:00,2777.0,5.2,5.2,4.625,722.0
2022-01-10 18:08:54.754000+00:00,2777.0,5.2,5.2,4.625,722.0
2022-01-10 18:09:39.879000+00:00,2777.0,5.2,5.2,4.625,722.0
2022-01-10 18:10:25.004000+00:00,2777.0,5.2,5.2,4.625,722.0
2022-01-10 18:11:10.129000+00:00,2777.0,5.2,5.2,4.625,722.0
2022-01-10 18:11:55.254000+00:00,2777.0,5.2,5.2,4.625,722.0
2022-01-10 18:12:40.379000+00:00,2777.0,5.2,5.2,4.625,722.0
2022-01-10 18:13:25.504000+00:00,2777.0,5.2,5.2,4.625,722.0
2022-01-10 18:14:10.629000+00:00,2777.0,5.2,5.2,4.625,722.0
2022-01-10 18:14:55.754000+00:00,2777.0,5.2,5.2,4.625,722.0
2022-01-10 18:15:40.879000+00:00,2777.0,5.2,5.2,4.625,722.0
2022-01-10 18:16:26.004000+00:00,2777.0,5.2,5.2,4.625,722.0
2022-01-10 18:17:11.129000+00:00,2777.0,2.7,5.2,4.625,722.0
2022-01-10 18:17:56.254000+00:00,2777.0,0.0,5.2,4.625,722.0
2022-01-10 18:17:58.254000+00:00,2777.0,0.0,5.2,4.625,722.0
2022-01-10 18:19:04.693000+00:00,2776.0,3.2,5.2,4.895,1180.0
2022-01-10 18:20:06.798263158+00:00,2776.0,5.1,5.2,4.895,1180.0
2022-01-10 18:21:08.903526316+00:00,2776.0,5.1,5.2,4.895,1180.0
2022-01-10 18:22:11.008789474+00:00,2776.0,5.1,5.2,4.895,1180.0
2022-01-10 18:23:13.114052632+00:00,2776.0,5.1,5.2,4.895,1180.0
2022-01-10 18:24:15.219315789+00:00,2776.0,5.1,5.2,4.895,1180.0
2022-01-10 18:25:17.324578947+00:00,2776.0,5.1,5.2,4.895,1180.0
2022-01-10 18:26:19.429842105+00:00,2776.0,5.2,5.2,4.895,1180.0
2022-01-10 18:27:21.535105263+00:00,2776.0,5.1,5.2,4.895,1180.0
2022-01-10 18:28:23.640368421+00:00,2776.0,5.1,5.2,4.895,1180.0
2022-01-10 18:29:25.745631579+00:00,2776.0,5.1,5.2,4.895,1180.0
2022-01-10 18:30:27.850894737+00:00,2776.0,5.2,5.2,4.895,1180.0
2022-01-10 18:31:29.956157894+00:00,2776.0,5.1,5.2,4.895,1180.0
2022-01-10 18:32:32.061421053+00:00,2776.0,5.1,5.2,4.895,1180.0
2022-01-10 18:33:34.166684211+00:00,2776.0,5.1,5.2,4.895,1180.0
2022-01-10 18:34:36.271947368+00:00,2776.0,5.1,5.2,4.895,1180.0
2022-01-10 18:35:38.377210526+00:00,2776.0,5.1,5.2,4.895,1180.0
2022-01-10 18:36:40.482473684+00:00,2776.0,5.1,5.2,4.895,1180.0
2022-01-10 18:37:42.587736842+00:00,2776.0,5.2,5.2,4.895,1180.0
2022-01-10 18:38:44.693000+00:00,2776.0,2.6,5.2,4.895,1180.0
2022-01-10 18:38:46.693000+00:00,2776.0,0.0,5.2,4.895,1180.0
2022-01-10 18:39:45.253000+00:00,2775.0,2.5,5.2,4.752631578947367,1134.0
2022-01-10 18:40:48.253000+00:00,2775.0,4.9,5.2,4.752631578947367,1134.0
2022-01-10 18:41:51.253000+00:00,2775.0,5.1,5.2,4.752631578947367,1134.0
2022-01-10 18:42:54.253000+00:00,2775.0,5.1,5.2,4.752631578947367,1134.0
2022-01-10 18:43:57.253000+00:00,2775.0,5.1,5.2,4.752631578947367,1134.0
2022-01-10 18:45:00.253000+00:00,2775.0,5.2,5.2,4.752631578947367,1134.0
2022-01-10 18:46:03.253000+00:00,2775.0,5.1,5.2,4.752631578947367,1134.0
2022-01-10 18:47:06.253000+00:00,2775.0,5.1,5.2,4.752631578947367,1134.0
2022-01-10 18:48:09.253000+00:00,2775.0,5.1,5.2,4.752631578947367,1134.0
2022-01-10 18:49:12.253000+00:00,2775.0,5.2,5.2,4.752631578947367,1134.0
2022-01-10 18:50:15.253000+00:00,2775.0,5.1,5.2,4.752631578947367,1134.0
2022-01-10 18:51:18.253000+00:00,2775.0,5.1,5.2,4.752631578947367,1134.0
2022-01-10 18:52:21.253000+00:00,2775.0,5.1,5.2,4.752631578947367,1134.0
2022-01-10 18:53:24.253000+00:00,2775.0,5.1,5.2,4.752631578947367,1134.0
2022-01-10 18:54:27.253000+00:00,2775.0,5.1,5.2,4.752631578947367,1134.0
2022-01-10 18:55:30.253000+00:00,2775.0,5.1,5.2,4.752631578947367,1134.0
2022-01-10 18:56:33.253000+00:00,2775.0,5.1,5.2,4.752631578947367,1134.0
2022-01-10 18:57:36.253000+00:00,2775.0,5.1,5.2,4.752631578947367,1134.0
2022-01-10 18:58:39.253000+00:00,2775.0,1.1,5.2,4.752631578947367,1134.0
2022-01-10 18:58:41.253000+00:00,2775.0,0.0,5.2,4.752631578947367,1134.0
2022-01-10 18:59:25.253000+00:00,2775.0,2.8,5.1,4.755555555555556,1048.0
2022-01-10 19:00:26.900058824+00:00,2775.0,4.9,5.1,4.755555555555556,1048.0
2022-01-10 19:01:28.547117647+00:00,2775.0,5.1,5.1,4.755555555555556,1048.0
2022-01-10 19:02:30.194176471+00:00,2775.0,5.1,5.1,4.755555555555556,1048.0
2022-01-10 19:03:31.841235294+00:00,2775.0,5.1,5.1,4.755555555555556,1048.0
2022-01-10 19:04:33.488294118+00:00,2775.0,5.1,5.1,4.755555555555556,1048.0
2022-01-10 19:05:35.135352941+00:00,2775.0,5.1,5.1,4.755555555555556,1048.0
2022-01-10 19:06:36.782411765+00:00,2775.0,5.1,5.1,4.755555555555556,1048.0
2022-01-10 19:07:38.429470588+00:00,2775.0,5.1,5.1,4.755555555555556,1048.0
2022-01-10 19:08:40.076529412+00:00,2775.0,5.1,5.1,4.755555555555556,1048.0
2022-01-10 19:09:41.723588235+00:00,2775.0,5.1,5.1,4.755555555555556,1048.0
2022-01-10 19:10:43.370647059+00:00,2775.0,5.1,5.1,4.755555555555556,1048.0
2022-01-10 19:11:45.017705882+00:00,2775.0,5.1,5.1,4.755555555555556,1048.0
2022-01-10 19:12:46.664764706+00:00,2775.0,5.1,5.1,4.755555555555556,1048.0
2022-01-10 19:13:48.311823529+00:00,2775.0,5.1,5.1,4.755555555555556,1048.0
2022-01-10 19:14:49.958882353+00:00,2775.0,5.1,5.1,4.755555555555556,1048.0
2022-01-10 19:15:51.605941176+00:00,2775.0,5.0,5.1,4.755555555555556,1048.0
2022-01-10 19:16:53.253000+00:00,2775.0,1.5,5.1,4.755555555555556,1048.0
2022-01-10 19:16:55.253000+00:00,2775.0,0.0,5.1,4.755555555555556,1048.0
2022-01-10 19:17:53.253000+00:00,2774.0,2.6,5.2,4.878947368421053,1119.0
2022-01-10 19:18:55.419666667+00:00,2774.0,5.1,5.2,4.878947368421053,1119.0
2022-01-10 19:19:57.586333333+00:00,2774.0,5.2,5.2,4.878947368421053,1119.0
2022-01-10 19:20:59.753000+00:00,2774.0,5.2,5.2,4.878947368421053,1119.0
2022-01-10 19:22:01.919666667+00:00,2774.0,5.2,5.2,4.878947368421053,1119.0
2022-01-10 19:23:04.086333333+00:00,2774.0,5.2,5.2,4.878947368421053,1119.0
2022-01-10 19:24:06.253000+00:00,2774.0,5.2,5.2,4.878947368421053,1119.0
2022-01-10 19:25:08.419666667+00:00,2774.0,5.2,5.2,4.878947368421053,1119.0
2022-01-10 19:26:10.586333333+00:00,2774.0,5.2,5.2,4.878947368421053,1119.0
2022-01-10 19:27:12.753000+00:00,2774.0,5.2,5.2,4.878947368421053,1119.0
2022-01-10 19:28:14.919666667+00:00,2774.0,5.2,5.2,4.878947368421053,1119.0
2022-01-10 19:29:17.086333333+00:00,2774.0,5.2,5.2,4.878947368421053,1119.0
2022-01-10 19:30:19.253000+00:00,2774.0,5.2,5.2,4.878947368421053,1119.0
2022-01-10 19:31:21.419666667+00:00,2774.0,5.2,5.2,4.878947368421053,1119.0
2022-01-10 19:32:23.586333333+00:00,2774.0,5.2,5.2,4.878947368421053,1119.0
2022-01-10 19:33:25.753000+00:00,2774.0,5.2,5.2,4.878947368421053,1119.0
2022-01-10 19:34:27.919666667+00:00,2774.0,5.2,5.2,4.878947368421053,1119.0
2022-01-10 19:35:30.086333333+00:00,2774.0,5.2,5.2,4.878947368421053,1119.0
2022-01-10 19:36:32.253000+00:00,2774.0,1.8,5.2,4.878947368421053,1119.0
2022-01-10 19:36:34.253000+00:00,2774.0,0.0,5.2,4.878947368421053,1119.0
2022-01-10 19:37:36.252000+00:00,2773.0,2.4,5.1,4.861111111111111,1081.0
2022-01-10 19:38:36.307555556+00:00,2773.0,5.0,5.1,4.861111111111111,1081.0
2022-01-10 19:39:36.363111111+00:00,2773.0,5.1,5.1,4.861111111111111,1081.0
2022-01-10 19:40:36.418666667+00:00,2773.0,5.1,5.1,4.861111111111111,1081.0
2022-01-10 19:41:36.474222222+00:00,2773.0,5.1,5.1,4.861111111111111,1081.0
2022-01-10 19:42:36.529777778+00:00,2773.0,5.1,5.1,4.861111111111111,1081.0
2022-01-10 19:43:36.585333333+00:00,2773.0,5.1,5.1,4.861111111111111,1081.0
2022-01-10 19:44:36.640888889+00:00,2773.0,5.1,5.1,4.861111111111111,1081.0
2022-01-10 19:45:36.696444444+00:00,2773.0,5.1,5.1,4.861111111111111,1081.0
2022-01-10 19:46:36.752000+00:00,2773.0,5.1,5.1,4.861111111111111,1081.0
2022-01-10 19:47:36.807555556+00:00,2773.0,5.1,5.1,4.861111111111111,1081.0
2022-01-10 19:48:36.863111111+00:00,2773.0,5.1,5.1,4.861111111111111,1081.0
2022-01-10 19:49:36.918666667+00:00,2773.0,5.1,5.1,4.861111111111111,1081.0
2022-01-10 19:50:36.974222222+00:00,2773.0,5.1,5.1,4.861111111111111,1081.0
2022-01-10 19:51:37.029777778+00:00,2773.0,5.1,5.1,4.861111111111111,1081.0
2022-01-10 19:52:37.085333333+00:00,2773.0,5.1,5.1,4.861111111111111,1081.0
2022-01-10 19:53:37.140888889+00:00,2773.0,5.1,5.1,4.861111111111111,1081.0
2022-01-10 19:54:37.196444444+00:00,2773.0,3.6,5.1,4.861111111111111,1081.0
2022-01-10 19:55:37.252000+00:00,2773.0,0.0,5.1,4.861111111111111,1081.0
2022-01-10 19:55:39.252000+00:00,2773.0,0.0,5.1,4.861111111111111,1081.0
2022-01-10 19:56:49.691000+00:00,2771.0,3.5,5.1,4.711111111111111,1295.0
2022-01-10 19:58:05.867470588+00:00,2771.0,5.0,5.1,4.711111111111111,1295.0
2022-01-10 19:59:22.043941176+00:00,2771.0,5.1,5.1,4.711111111111111,1295.0
2022-01-10 20:00:38.220411765+00:00,2771.0,5.1,5.1,4.711111111111111,1295.0
2022-01-10 20:01:54.396882353+00:00,2771.0,5.1,5.1,4.711111111111111,1295.0
2022-01-10 20:03:10.573352941+00:00,2771.0,5.1,5.1,4.711111111111111,1295.0
2022-01-10 20:04:26.749823529+00:00,2771.0,5.1,5.1,4.711111111111111,1295.0
2022-01-10 20:05:42.926294118+00:00,2771.0,5.1,5.1,4.711111111111111,1295.0
2022-01-10 20:06:59.102764706+00:00,2771.0,5.1,5.1,4.711111111111111,1295.0
2022-01-10 20:08:15.279235294+00:00,2771.0,5.1,5.1,4.711111111111111,1295.0
2022-01-10 20:09:31.455705882+00:00,2771.0,5.1,5.1,4.711111111111111,1295.0
2022-01-10 20:10:47.632176471+00:00,2771.0,5.1,5.1,4.711111111111111,1295.0
2022-01-10 20:12:03.808647059+00:00,2771.0,5.1,5.1,4.711111111111111,1295.0
2022-01-10 20:13:19.985117647+00:00,2771.0,5.1,5.1,4.711111111111111,1295.0
2022-01-10 20:14:36.161588235+00:00,2771.0,5.1,5.1,4.711111111111111,1295.0
2022-01-10 20:15:52.338058824+00:00,2771.0,5.1,5.1,4.711111111111111,1295.0
2022-01-10 20:17:08.514529412+00:00,2771.0,4.0,5.1,4.711111111111111,1295.0
2022-01-10 20:18:24.691000+00:00,2771.0,0.9,5.1,4.711111111111111,1295.0
2022-01-10 20:18:26.691000+00:00,2771.0,0.0,5.1,4.711111111111111,1295.0
2022-01-10 20:18:52.691000+00:00,2767.0,0.1,0.1,0.1,3.0
2022-01-10 20:18:54.691000+00:00,2767.0,0.0,0.1,0.1,3.0
2022-01-10 20:19:37.251000+00:00,2771.0,3.1,5.2,4.636842105263159,1097.0
2022-01-10 20:20:38.195444444+00:00,2771.0,5.0,5.2,4.636842105263159,1097.0
2022-01-10 20:21:39.139888889+00:00,2771.0,5.1,5.2,4.636842105263159,1097.0
2022-01-10 20:22:40.084333333+00:00,2771.0,5.1,5.2,4.636842105263159,1097.0
2022-01-10 20:23:41.028777778+00:00,2771.0,5.1,5.2,4.636842105263159,1097.0
2022-01-10 20:24:41.973222222+00:00,2771.0,5.1,5.2,4.636842105263159,1097.0
2022-01-10 20:25:42.917666667+00:00,2771.0,5.2,5.2,4.636842105263159,1097.0
2022-01-10 20:26:43.862111111+00:00,2771.0,5.2,5.2,4.636842105263159,1097.0
2022-01-10 20:27:44.806555556+00:00,2771.0,5.2,5.2,4.636842105263159,1097.0
2022-01-10 20:28:45.751000+00:00,2771.0,5.2,5.2,4.636842105263159,1097.0
2022-01-10 20:29:46.695444444+00:00,2771.0,5.2,5.2,4.636842105263159,1097.0
2022-01-10 20:30:47.639888889+00:00,2771.0,5.1,5.2,4.636842105263159,1097.0
2022-01-10 20:31:48.584333333+00:00,2771.0,5.2,5.2,4.636842105263159,1097.0
2022-01-10 20:32:49.528777778+00:00,2771.0,5.2,5.2,4.636842105263159,1097.0
2022-01-10 20:33:50.473222222+00:00,2771.0,5.2,5.2,4.636842105263159,1097.0
2022-01-10 20:34:51.417666667+00:00,2771.0,5.1,5.2,4.636842105263159,1097.0
2022-01-10 20:35:52.362111111+00:00,2771.0,5.1,5.2,4.636842105263159,1097.0
2022-01-10 20:36:53.306555556+00:00,2771.0,2.3,5.2,4.636842105263159,1097.0
2022-01-10 20:37:54.251000+00:00,2771.0,0.4,5.2,4.636842105263159,1097.0
2022-01-10 20:37:56.251000+00:00,2771.0,0.0,5.2,4.636842105263159,1097.0
2022-01-10 20:38:59.690000+00:00,2769.0,1.8,5.1,4.63157894736842,1093.0
2022-01-10 20:40:00.412222222+00:00,2769.0,4.9,5.1,4.63157894736842,1093.0
2022-01-10 20:41:01.134444444+00:00,2769.0,5.1,5.1,4.63157894736842,1093.0
2022-01-10 20:42:01.856666667+00:00,2769.0,5.1,5.1,4.63157894736842,1093.0
2022-01-10 20:43:02.578888889+00:00,2769.0,5.0,5.1,4.63157894736842,1093.0
2022-01-10 20:44:03.301111111+00:00,2769.0,5.1,5.1,4.63157894736842,1093.0
2022-01-10 20:45:04.023333333+00:00,2769.0,5.1,5.1,4.63157894736842,1093.0
2022-01-10 20:46:04.745555556+00:00,2769.0,5.1,5.1,4.63157894736842,1093.0
2022-01-10 20:47:05.467777778+00:00,2769.0,5.1,5.1,4.63157894736842,1093.0
2022-01-10 20:48:06.190000+00:00,2769.0,5.1,5.1,4.63157894736842,1093.0
2022-01-10 20:49:06.912222222+00:00,2769.0,5.1,5.1,4.63157894736842,1093.0
2022-01-10 20:50:07.634444444+00:00,2769.0,5.0,5.1,4.63157894736842,1093.0
2022-01-10 20:51:08.356666667+00:00,2769.0,5.1,5.1,4.63157894736842,1093.0
2022-01-10 20:52:09.078888889+00:00,2769.0,5.1,5.1,4.63157894736842,1093.0
2022-01-10 20:53:09.801111111+00:00,2769.0,5.1,5.1,4.63157894736842,1093.0
2022-01-10 20:54:10.523333333+00:00,2769.0,5.1,5.1,4.63157894736842,1093.0
2022-01-10 20:55:11.245555556+00:00,2769.0,5.1,5.1,4.63157894736842,1093.0
2022-01-10 20:56:11.967777778+00:00,2769.0,4.3,5.1,4.63157894736842,1093.0
2022-01-10 20:57:12.690000+00:00,2769.0,0.7,5.1,4.63157894736842,1093.0
2022-01-10 20:57:14.690000+00:00,2769.0,0.0,5.1,4.63157894736842,1093.0
2022-01-10 20:58:36.250000+00:00,2768.0,3.5,5.2,4.9,1380.0
2022-01-10 20:59:52.916666667+00:00,2768.0,5.1,5.2,4.9,1380.0
2022-01-10 21:01:09.583333333+00:00,2768.0,5.1,5.2,4.9,1380.0
2022-01-10 21:02:26.250000+00:00,2768.0,5.1,5.2,4.9,1380.0
2022-01-10 21:03:42.916666667+00:00,2768.0,5.1,5.2,4.9,1380.0
2022-01-10 21:04:59.583333333+00:00,2768.0,5.1,5.2,4.9,1380.0
2022-01-10 21:06:16.250000+00:00,2768.0,5.2,5.2,4.9,1380.0
2022-01-10 21:07:32.916666667+00:00,2768.0,5.1,5.2,4.9,1380.0
2022-01-10 21:08:49.583333333+00:00,2768.0,5.1,5.2,4.9,1380.0
2022-01-10 21:10:06.250000+00:00,2768.0,5.2,5.2,4.9,1380.0
2022-01-10 21:11:22.916666667+00:00,2768.0,5.2,5.2,4.9,1380.0
2022-01-10 21:12:39.583333333+00:00,2768.0,5.1,5.2,4.9,1380.0
2022-01-10 21:13:56.250000+00:00,2768.0,5.1,5.2,4.9,1380.0
2022-01-10 21:15:12.916666667+00:00,2768.0,5.2,5.2,4.9,1380.0
2022-01-10 21:16:29.583333333+00:00,2768.0,5.2,5.2,4.9,1380.0
2022-01-10 21:17:46.250000+00:00,2768.0,5.2,5.2,4.9,1380.0
2022-01-10 21:19:02.916666667+00:00,2768.0,5.2,5.2,4.9,1380.0
2022-01-10 21:20:19.583333333+00:00,2768.0,5.1,5.2,4.9,1380.0
2022-01-10 21:21:36.250000+00:00,2768.0,2.2,5.2,4.9,1380.0
2022-01-10 21:21:38.250000+00:00,2768.0,0.0,5.2,4.9,1380.0
2022-01-10 21:22:40.250000+00:00,2767.0,3.0,5.0,4.8052631578947365,1394.0
2022-01-10 21:23:57.694444444+00:00,2767.0,5.0,5.0,4.8052631578947365,1394.0
2022-01-10 21:25:15.138888889+00:00,2767.0,5.0,5.0,4.8052631578947365,1394.0
2022-01-10 21:26:32.583333333+00:00,2767.0,5.0,5.0,4.8052631578947365,1394.0
2022-01-10 21:27:50.027777778+00:00,2767.0,5.0,5.0,4.8052631578947365,1394.0
2022-01-10 21:29:07.472222222+00:00,2767.0,5.0,5.0,4.8052631578947365,1394.0
2022-01-10 21:30:24.916666667+00:00,2767.0,5.0,5.0,4.8052631578947365,1394.0
2022-01-10 21:31:42.361111111+00:00,2767.0,5.0,5.0,4.8052631578947365,1394.0
2022-01-10 21:32:59.805555556+00:00,2767.0,5.0,5.0,4.8052631578947365,1394.0
2022-01-10 21:34:17.250000+00:00,2767.0,5.0,5.0,4.8052631578947365,1394.0
2022-01-10 21:35:34.694444444+00:00,2767.0,5.0,5.0,4.8052631578947365,1394.0
2022-01-10 21:36:52.138888889+00:00,2767.0,5.0,5.0,4.8052631578947365,1394.0
2022-01-10 21:38:09.583333333+00:00,2767.0,5.0,5.0,4.8052631578947365,1394.0
2022-01-10 21:39:27.027777778+00:00,2767.0,5.0,5.0,4.8052631578947365,1394.0
2022-01-10 21:40:44.472222222+00:00,2767.0,5.0,5.0,4.8052631578947365,1394.0
2022-01-10 21:42:01.916666667+00:00,2767.0,5.0,5.0,4.8052631578947365,1394.0
2022-01-10 21:43:19.361111111+00:00,2767.0,5.0,5.0,4.8052631578947365,1394.0
2022-01-10 21:44:36.805555556+00:00,2767.0,5.0,5.0,4.8052631578947365,1394.0
2022-01-10 21:45:54.250000+00:00,2767.0,3.3,5.0,4.8052631578947365,1394.0
2022-01-10 21:45:56.250000+00:00,2767.0,0.0,5.0,4.8052631578947365,1394.0
2022-01-10 22:13:36.248000+00:00,2764.0,3.5,5.1,4.864999999999999,1467.0
2022-01-10 22:14:53.458526316+00:00,2764.0,5.0,5.1,4.864999999999999,1467.0
2022-01-10 22:16:10.669052632+00:00,2764.0,5.0,5.1,4.864999999999999,1467.0
2022-01-10 22:17:27.879578947+00:00,2764.0,5.1,5.1,4.864999999999999,1467.0
2022-01-10 22:18:45.090105263+00:00,2764.0,5.0,5.1,4.864999999999999,1467.0
2022-01-10 22:20:02.300631579+00:00,2764.0,5.0,5.1,4.864999999999999,1467.0
2022-01-10 22:21:19.511157894+00:00,2764.0,5.0,5.1,4.864999999999999,1467.0
2022-01-10 22:22:36.721684211+00:00,2764.0,5.1,5.1,4.864999999999999,1467.0
2022-01-10 22:23:53.932210526+00:00,2764.0,5.1,5.1,4.864999999999999,1467.0
2022-01-10 22:25:11.142736842+00:00,2764.0,5.0,5.1,4.864999999999999,1467.0
2022-01-10 22:26:28.353263158+00:00,2764.0,5.1,5.1,4.864999999999999,1467.0
2022-01-10 22:27:45.563789474+00:00,2764.0,5.1,5.1,4.864999999999999,1467.0
2022-01-10 22:29:02.774315789+00:00,2764.0,5.1,5.1,4.864999999999999,1467.0
2022-01-10 22:30:19.984842105+00:00,2764.0,5.1,5.1,4.864999999999999,1467.0
2022-01-10 22:31:37.195368421+00:00,2764.0,5.0,5.1,4.864999999999999,1467.0
2022-01-10 22:32:54.405894737+00:00,2764.0,5.1,5.1,4.864999999999999,1467.0
2022-01-10 22:34:11.616421053+00:00,2764.0,5.1,5.1,4.864999999999999,1467.0
2022-01-10 22:35:28.826947368+00:00,2764.0,5.1,5.1,4.864999999999999,1467.0
2022-01-10 22:36:46.037473684+00:00,2764.0,5.0,5.1,4.864999999999999,1467.0
2022-01-10 22:38:03.248000+00:00,2764.0,2.8,5.1,4.864999999999999,1467.0
2022-01-10 22:38:05.248000+00:00,2764.0,0.0,5.1,4.864999999999999,1467.0
2022-01-10 22:39:29.248000+00:00,2761.0,3.9,5.1,4.882352941176471,1506.0
2022-01-10 22:41:03.373000+00:00,2761.0,5.0,5.1,4.882352941176471,1506.0
2022-01-10 22:42:37.498000+00:00,2761.0,5.0,5.1,4.882352941176471,1506.0
2022-01-10 22:44:11.623000+00:00,2761.0,5.0,5.1,4.882352941176471,1506.0
2022-01-10 22:45:45.748000+00:00,2761.0,5.0,5.1,4.882352941176471,1506.0
2022-01-10 22:47:19.873000+00:00,2761.0,5.1,5.1,4.882352941176471,1506.0
2022-01-10 22:48:53.998000+00:00,2761.0,5.0,5.1,4.882352941176471,1506.0
2022-01-10 22:50:28.123000+00:00,2761.0,5.0,5.1,4.882352941176471,1506.0
2022-01-10 22:52:02.248000+00:00,2761.0,5.1,5.1,4.882352941176471,1506.0
2022-01-10 22:53:36.373000+00:00,2761.0,5.0,5.1,4.882352941176471,1506.0
2022-01-10 22:55:10.498000+00:00,2761.0,5.0,5.1,4.882352941176471,1506.0
2022-01-10 22:56:44.623000+00:00,2761.0,5.1,5.1,4.882352941176471,1506.0
2022-01-10 22:58:18.748000+00:00,2761.0,5.1,5.1,4.882352941176471,1506.0
2022-01-10 22:59:52.873000+00:00,2761.0,5.1,5.1,4.882352941176471,1506.0
2022-01-10 23:01:26.998000+00:00,2761.0,5.1,5.1,4.882352941176471,1506.0
2022-01-10 23:03:01.123000+00:00,2761.0,5.1,5.1,4.882352941176471,1506.0
2022-01-10 23:04:35.248000+00:00,2761.0,3.4,5.1,4.882352941176471,1506.0
2022-01-10 23:04:37.248000+00:00,2761.0,0.0,5.1,4.882352941176471,1506.0
2022-01-10 23:05:42.247000+00:00,2760.0,2.9,5.1,4.836842105263156,1395.0
2022-01-10 23:06:59.747000+00:00,2760.0,5.1,5.1,4.836842105263156,1395.0
2022-01-10 23:08:17.247000+00:00,2760.0,5.0,5.1,4.836842105263156,1395.0
2022-01-10 23:09:34.747000+00:00,2760.0,5.0,5.1,4.836842105263156,1395.0
2022-01-10 23:10:52.247000+00:00,2760.0,5.0,5.1,4.836842105263156,1395.0
2022-01-10 23:12:09.747000+00:00,2760.0,5.0,5.1,4.836842105263156,1395.0
2022-01-10 23:13:27.247000+00:00,2760.0,5.0,5.1,4.836842105263156,1395.0
2022-01-10 23:14:44.747000+00:00,2760.0,5.1,5.1,4.836842105263156,1395.0
2022-01-10 23:16:02.247000+00:00,2760.0,5.0,5.1,4.836842105263156,1395.0
2022-01-10 23:17:19.747000+00:00,2760.0,5.0,5.1,4.836842105263156,1395.0
2022-01-10 23:18:37.247000+00:00,2760.0,5.0,5.1,4.836842105263156,1395.0
2022-01-10 23:19:54.747000+00:00,2760.0,5.1,5.1,4.836842105263156,1395.0
2022-01-10 23:21:12.247000+00:00,2760.0,5.1,5.1,4.836842105263156,1395.0
2022-01-10 23:22:29.747000+00:00,2760.0,5.1,5.1,4.836842105263156,1395.0
2022-01-10 23:23:47.247000+00:00,2760.0,5.1,5.1,4.836842105263156,1395.0
2022-01-10 23:25:04.747000+00:00,2760.0,5.1,5.1,4.836842105263156,1395.0
2022-01-10 23:26:22.247000+00:00,2760.0,5.1,5.1,4.836842105263156,1395.0
2022-01-10 23:27:39.747000+00:00,2760.0,5.1,5.1,4.836842105263156,1395.0
2022-01-10 23:28:57.247000+00:00,2760.0,3.1,5.1,4.836842105263156,1395.0
2022-01-10 23:28:59.247000+00:00,2760.0,0.0,5.1,4.836842105263156,1395.0
2022-01-10 23:30:10.247000+00:00,2759.0,4.0,5.2,4.873684210526316,1379.0
2022-01-10 23:31:26.858111111+00:00,2759.0,5.1,5.2,4.873684210526316,1379.0
2022-01-10 23:32:43.469222222+00:00,2759.0,5.1,5.2,4.873684210526316,1379.0
2022-01-10 23:34:00.080333333+00:00,2759.0,5.1,5.2,4.873684210526316,1379.0
2022-01-10 23:35:16.691444444+00:00,2759.0,5.1,5.2,4.873684210526316,1379.0
2022-01-10 23:36:33.302555556+00:00,2759.0,5.2,5.2,4.873684210526316,1379.0
2022-01-10 23:37:49.913666667+00:00,2759.0,5.2,5.2,4.873684210526316,1379.0
2022-01-10 23:39:06.524777778+00:00,2759.0,5.1,5.2,4.873684210526316,1379.0
2022-01-10 23:40:23.135888889+00:00,2759.0,5.2,5.2,4.873684210526316,1379.0
2022-01-10 23:41:39.747000+00:00,2759.0,5.2,5.2,4.873684210526316,1379.0
2022-01-10 23:42:56.358111111+00:00,2759.0,5.2,5.2,4.873684210526316,1379.0
2022-01-10 23:44:12.969222222+00:00,2759.0,5.2,5.2,4.873684210526316,1379.0
2022-01-10 23:45:29.580333333+00:00,2759.0,5.2,5.2,4.873684210526316,1379.0
2022-01-10 23:46:46.191444444+00:00,2759.0,5.2,5.2,4.873684210526316,1379.0
2022-01-10 23:48:02.802555556+00:00,2759.0,5.2,5.2,4.873684210526316,1379.0
2022-01-10 23:49:19.413666667+00:00,2759.0,5.2,5.2,4.873684210526316,1379.0
2022-01-10 23:50:36.024777778+00:00,2759.0,5.2,5.2,4.873684210526316,1379.0
2022-01-10 23:51:52.635888889+00:00,2759.0,4.7,5.2,4.873684210526316,1379.0
2022-01-10 23:53:09.247000+00:00,2759.0,1.2,5.2,4.873684210526316,1379.0
2022-01-10 23:53:11.247000+00:00,2759.0,0.0,5.2,4.873684210526316,1379.0
2022-01-10 23:54:15.246000+00:00,2757.0,3.1,5.1,4.719999999999999,1431.0
2022-01-10 23:55:30.561789474+00:00,2757.0,5.1,5.1,4.719999999999999,1431.0
2022-01-10 23:56:45.877578947+00:00,2757.0,5.1,5.1,4.719999999999999,1431.0
2022-01-10 23:58:01.193368421+00:00,2757.0,5.1,5.1,4.719999999999999,1431.0
2022-01-10 23:59:16.509157894+00:00,2757.0,5.1,5.1,4.719999999999999,1431.0
2022-01-11 00:00:31.824947368+00:00,2757.0,5.1,5.1,4.719999999999999,1431.0
2022-01-11 00:01:47.140736842+00:00,2757.0,5.1,5.1,4.719999999999999,1431.0
2022-01-11 00:03:02.456526316+00:00,2757.0,5.1,5.1,4.719999999999999,1431.0
2022-01-11 00:04:17.772315789+00:00,2757.0,5.1,5.1,4.719999999999999,1431.0
2022-01-11 00:05:33.088105263+00:00,2757.0,5.1,5.1,4.719999999999999,1431.0
2022-01-11 00:06:48.403894737+00:00,2757.0,5.1,5.1,4.719999999999999,1431.0
2022-01-11 00:08:03.719684211+00:00,2757.0,5.1,5.1,4.719999999999999,1431.0
2022-01-11 00:09:19.035473684+00:00,2757.0,5.1,5.1,4.719999999999999,1431.0
2022-01-11 00:10:34.351263158+00:00,2757.0,5.1,5.1,4.719999999999999,1431.0
2022-01-11 00:11:49.667052632+00:00,2757.0,5.1,5.1,4.719999999999999,1431.0
2022-01-11 00:13:04.982842105+00:00,2757.0,5.1,5.1,4.719999999999999,1431.0
2022-01-11 00:14:20.298631579+00:00,2757.0,5.1,5.1,4.719999999999999,1431.0
2022-01-11 00:15:35.614421053+00:00,2757.0,5.1,5.1,4.719999999999999,1431.0
2022-01-11 00:16:50.930210526+00:00,2757.0,4.1,5.1,4.719999999999999,1431.0
2022-01-11 00:18:06.246000+00:00,2757.0,0.5,5.1,4.719999999999999,1431.0
2022-01-11 00:18:08.246000+00:00,2757.0,0.0,5.1,4.719999999999999,1431.0
2022-01-11 00:19:18.685000+00:00,2755.0,2.2,5.1,4.811111111111111,1324.0
2022-01-11 00:20:36.567352941+00:00,2755.0,5.0,5.1,4.811111111111111,1324.0
2022-01-11 00:21:54.449705882+00:00,2755.0,5.1,5.1,4.811111111111111,1324.0
2022-01-11 00:23:12.332058824+00:00,2755.0,5.1,5.1,4.811111111111111,1324.0
2022-01-11 00:24:30.214411765+00:00,2755.0,5.1,5.1,4.811111111111111,1324.0
2022-01-11 00:25:48.096764706+00:00,2755.0,5.1,5.1,4.811111111111111,1324.0
2022-01-11 00:27:05.979117647+00:00,2755.0,5.1,5.1,4.811111111111111,1324.0
2022-01-11 00:28:23.861470588+00:00,2755.0,5.1,5.1,4.811111111111111,1324.0
2022-01-11 00:29:41.743823529+00:00,2755.0,5.1,5.1,4.811111111111111,1324.0
2022-01-11 00:30:59.626176471+00:00,2755.0,5.1,5.1,4.811111111111111,1324.0
2022-01-11 00:32:17.508529412+00:00,2755.0,5.1,5.1,4.811111111111111,1324.0
2022-01-11 00:33:35.390882353+00:00,2755.0,5.1,5.1,4.811111111111111,1324.0
2022-01-11 00:34:53.273235294+00:00,2755.0,5.1,5.1,4.811111111111111,1324.0
2022-01-11 00:36:11.155588235+00:00,2755.0,5.1,5.1,4.811111111111111,1324.0
2022-01-11 00:37:29.037941176+00:00,2755.0,5.1,5.1,4.811111111111111,1324.0
2022-01-11 00:38:46.920294118+00:00,2755.0,5.1,5.1,4.811111111111111,1324.0
2022-01-11 00:40:04.802647059+00:00,2755.0,5.1,5.1,4.811111111111111,1324.0
2022-01-11 00:41:22.685000+00:00,2755.0,2.9,5.1,4.811111111111111,1324.0
2022-01-11 00:41:24.685000+00:00,2755.0,0.0,5.1,4.811111111111111,1324.0
2022-01-11 00:42:36.684000+00:00,2753.0,3.2,5.2,4.922222222222223,1337.0
2022-01-11 00:43:55.331058824+00:00,2753.0,5.1,5.2,4.922222222222223,1337.0
2022-01-11 00:45:13.978117647+00:00,2753.0,5.1,5.2,4.922222222222223,1337.0
2022-01-11 00:46:32.625176471+00:00,2753.0,5.1,5.2,4.922222222222223,1337.0
2022-01-11 00:47:51.272235294+00:00,2753.0,5.2,5.2,4.922222222222223,1337.0
2022-01-11 00:49:09.919294118+00:00,2753.0,5.1,5.2,4.922222222222223,1337.0
2022-01-11 00:50:28.566352941+00:00,2753.0,5.2,5.2,4.922222222222223,1337.0
2022-01-11 00:51:47.213411765+00:00,2753.0,5.1,5.2,4.922222222222223,1337.0
2022-01-11 00:53:05.860470588+00:00,2753.0,5.1,5.2,4.922222222222223,1337.0
2022-01-11 00:54:24.507529412+00:00,2753.0,5.2,5.2,4.922222222222223,1337.0
2022-01-11 00:55:43.154588235+00:00,2753.0,5.1,5.2,4.922222222222223,1337.0
2022-01-11 00:57:01.801647059+00:00,2753.0,5.1,5.2,4.922222222222223,1337.0
2022-01-11 00:58:20.448705882+00:00,2753.0,5.2,5.2,4.922222222222223,1337.0
2022-01-11 00:59:39.095764706+00:00,2753.0,5.2,5.2,4.922222222222223,1337.0
2022-01-11 01:00:57.742823529+00:00,2753.0,5.1,5.2,4.922222222222223,1337.0
2022-01-11 01:02:16.389882353+00:00,2753.0,5.1,5.2,4.922222222222223,1337.0
2022-01-11 01:03:35.036941176+00:00,2753.0,5.2,5.2,4.922222222222223,1337.0
2022-01-11 01:04:53.684000+00:00,2753.0,3.2,5.2,4.922222222222223,1337.0
2022-01-11 01:04:55.684000+00:00,2753.0,0.0,5.2,4.922222222222223,1337.0
2022-01-11 01:06:13.244000+00:00,2751.0,2.8,5.1,4.74736842105263,1362.0
2022-01-11 01:07:28.910666667+00:00,2751.0,5.0,5.1,4.74736842105263,1362.0
2022-01-11 01:08:44.577333333+00:00,2751.0,5.1,5.1,4.74736842105263,1362.0
2022-01-11 01:10:00.244000+00:00,2751.0,5.1,5.1,4.74736842105263,1362.0
2022-01-11 01:11:15.910666667+00:00,2751.0,5.1,5.1,4.74736842105263,1362.0
2022-01-11 01:12:31.577333333+00:00,2751.0,5.1,5.1,4.74736842105263,1362.0
2022-01-11 01:13:47.244000+00:00,2751.0,5.1,5.1,4.74736842105263,1362.0
2022-01-11 01:15:02.910666667+00:00,2751.0,5.1,5.1,4.74736842105263,1362.0
2022-01-11 01:16:18.577333333+00:00,2751.0,5.1,5.1,4.74736842105263,1362.0
2022-01-11 01:17:34.244000+00:00,2751.0,5.1,5.1,4.74736842105263,1362.0
2022-01-11 01:18:49.910666667+00:00,2751.0,5.1,5.1,4.74736842105263,1362.0
2022-01-11 01:20:05.577333333+00:00,2751.0,5.1,5.1,4.74736842105263,1362.0
2022-01-11 01:21:21.244000+00:00,2751.0,5.1,5.1,4.74736842105263,1362.0
2022-01-11 01:22:36.910666667+00:00,2751.0,5.1,5.1,4.74736842105263,1362.0
2022-01-11 01:23:52.577333333+00:00,2751.0,5.1,5.1,4.74736842105263,1362.0
2022-01-11 01:25:08.244000+00:00,2751.0,5.1,5.1,4.74736842105263,1362.0
2022-01-11 01:26:23.910666667+00:00,2751.0,5.1,5.1,4.74736842105263,1362.0
2022-01-11 01:27:39.577333333+00:00,2751.0,4.8,5.1,4.74736842105263,1362.0
2022-01-11 01:28:55.244000+00:00,2751.0,1.1,5.1,4.74736842105263,1362.0
2022-01-11 01:28:57.244000+00:00,2751.0,0.0,5.1,4.74736842105263,1362.0
2022-01-11 01:54:55.244000+00:00,2728.0,0.2,0.2,0.2,6.0
2022-01-11 01:54:57.244000+00:00,2728.0,0.0,0.2,0.2,6.0
2022-01-11 01:59:02.244000+00:00,2729.0,0.4,0.4,0.4,10.0
2022-01-11 01:59:04.244000+00:00,2729.0,0.0,0.4,0.4,10.0
2022-01-11 01:59:28.243000+00:00,2739.0,4.7,7.1,6.561111111111111,1043.0
2022-01-11 02:00:29.595941176+00:00,2739.0,6.4,7.1,6.561111111111111,1043.0
2022-01-11 02:01:30.948882353+00:00,2739.0,6.8,7.1,6.561111111111111,1043.0
2022-01-11 02:02:32.301823529+00:00,2739.0,6.7,7.1,6.561111111111111,1043.0
2022-01-11 02:03:33.654764706+00:00,2739.0,6.9,7.1,6.561111111111111,1043.0
2022-01-11 02:04:35.007705882+00:00,2739.0,6.9,7.1,6.561111111111111,1043.0
2022-01-11 02:05:36.360647059+00:00,2739.0,6.9,7.1,6.561111111111111,1043.0
2022-01-11 02:06:37.713588235+00:00,2739.0,7.0,7.1,6.561111111111111,1043.0
2022-01-11 02:07:39.066529412+00:00,2739.0,7.0,7.1,6.561111111111111,1043.0
2022-01-11 02:08:40.419470588+00:00,2739.0,7.0,7.1,6.561111111111111,1043.0
2022-01-11 02:09:41.772411765+00:00,2739.0,6.9,7.1,6.561111111111111,1043.0
2022-01-11 02:10:43.125352941+00:00,2739.0,7.0,7.1,6.561111111111111,1043.0
2022-01-11 02:11:44.478294118+00:00,2739.0,7.0,7.1,6.561111111111111,1043.0
2022-01-11 02:12:45.831235294+00:00,2739.0,7.1,7.1,6.561111111111111,1043.0
2022-01-11 02:13:47.184176471+00:00,2739.0,7.0,7.1,6.561111111111111,1043.0
2022-01-11 02:14:48.537117647+00:00,2739.0,7.0,7.1,6.561111111111111,1043.0
2022-01-11 02:15:49.890058824+00:00,2739.0,7.0,7.1,6.561111111111111,1043.0
2022-01-11 02:16:51.243000+00:00,2739.0,2.8,7.1,6.561111111111111,1043.0
2022-01-11 02:16:53.243000+00:00,2739.0,0.0,7.1,6.561111111111111,1043.0
2022-01-11 02:37:39.243000+00:00,2733.0,5.3,6.0,4.824999999999999,337.0
2022-01-11 02:38:09.879363636+00:00,2733.0,6.0,6.0,4.824999999999999,337.0
2022-01-11 02:38:40.515727273+00:00,2733.0,6.0,6.0,4.824999999999999,337.0
2022-01-11 02:39:11.152090909+00:00,2733.0,5.6,6.0,4.824999999999999,337.0
2022-01-11 02:39:41.788454545+00:00,2733.0,5.4,6.0,4.824999999999999,337.0
2022-01-11 02:40:12.424818182+00:00,2733.0,5.1,6.0,4.824999999999999,337.0
2022-01-11 02:40:43.061181818+00:00,2733.0,5.4,6.0,4.824999999999999,337.0
2022-01-11 02:41:13.697545455+00:00,2733.0,5.3,6.0,4.824999999999999,337.0
2022-01-11 02:41:44.333909091+00:00,2733.0,4.9,6.0,4.824999999999999,337.0
2022-01-11 02:42:14.970272727+00:00,2733.0,4.8,6.0,4.824999999999999,337.0
2022-01-11 02:42:45.606636364+00:00,2733.0,3.2,6.0,4.824999999999999,337.0
2022-01-11 02:43:16.243000+00:00,2733.0,0.9,6.0,4.824999999999999,337.0
2022-01-11 02:43:18.243000+00:00,2733.0,0.0,6.0,4.824999999999999,337.0
2022-01-11 02:58:50.681000+00:00,2732.0,0.1,0.1,0.1,1.0
2022-01-11 02:58:52.681000+00:00,2732.0,0.0,0.1,0.1,1.0
2022-01-11 02:58:58.242000+00:00,2736.0,5.1,5.8,4.166666666666667,335.0
2022-01-11 02:59:28.696545455+00:00,2736.0,5.8,5.8,4.166666666666667,335.0
2022-01-11 02:59:59.151090909+00:00,2736.0,4.8,5.8,4.166666666666667,335.0
2022-01-11 03:00:29.605636364+00:00,2736.0,4.4,5.8,4.166666666666667,335.0
2022-01-11 03:01:00.060181818+00:00,2736.0,3.5,5.8,4.166666666666667,335.0
2022-01-11 03:01:30.514727273+00:00,2736.0,4.1,5.8,4.166666666666667,335.0
2022-01-11 03:02:00.969272727+00:00,2736.0,4.0,5.8,4.166666666666667,335.0
2022-01-11 03:02:31.423818182+00:00,2736.0,4.8,5.8,4.166666666666667,335.0
2022-01-11 03:03:01.878363636+00:00,2736.0,5.7,5.8,4.166666666666667,335.0
2022-01-11 03:03:32.332909091+00:00,2736.0,4.2,5.8,4.166666666666667,335.0
2022-01-11 03:04:02.787454545+00:00,2736.0,3.0,5.8,4.166666666666667,335.0
2022-01-11 03:04:33.242000+00:00,2736.0,0.6,5.8,4.166666666666667,335.0
2022-01-11 03:04:35.242000+00:00,2736.0,0.0,5.8,4.166666666666667,335.0
2022-01-11 03:06:00.681000+00:00,2735.0,1.2,1.2,0.85,24.0
2022-01-11 03:06:24.681000+00:00,2735.0,0.5,1.2,0.85,24.0
2022-01-11 03:06:26.681000+00:00,2735.0,0.0,1.2,0.85,24.0
2022-01-11 03:06:31.242000+00:00,2737.0,0.4,1.0,0.7000000000000001,101.0
2022-01-11 03:06:48.075333333+00:00,2737.0,0.8,1.0,0.7000000000000001,101.0
2022-01-11 03:07:04.908666667+00:00,2737.0,0.6,1.0,0.7000000000000001,101.0
2022-01-11 03:07:21.742000+00:00,2737.0,1.0,1.0,0.7000000000000001,101.0
2022-01-11 03:07:38.575333333+00:00,2737.0,0.8,1.0,0.7000000000000001,101.0
2022-01-11 03:07:55.408666667+00:00,2737.0,0.8,1.0,0.7000000000000001,101.0
2022-01-11 03:08:12.242000+00:00,2737.0,0.5,1.0,0.7000000000000001,101.0
2022-01-11 03:08:14.242000+00:00,2737.0,0.0,1.0,0.7000000000000001,101.0
2022-01-11 03:13:41.681000+00:00,2745.0,0.8,0.8,0.8,13.0
2022-01-11 03:13:43.681000+00:00,2745.0,0.0,0.8,0.8,13.0
2022-01-11 03:13:48.241000+00:00,2764.0,9.8,19.7,15.833333333333334,1276.0
2022-01-11 03:15:03.299823529+00:00,2764.0,11.6,19.7,15.833333333333334,1276.0
2022-01-11 03:16:18.358647059+00:00,2764.0,14.0,19.7,15.833333333333334,1276.0
2022-01-11 03:17:33.417470588+00:00,2764.0,14.8,19.7,15.833333333333334,1276.0
2022-01-11 03:18:48.476294118+00:00,2764.0,15.1,19.7,15.833333333333334,1276.0
2022-01-11 03:20:03.535117647+00:00,2764.0,19.7,19.7,15.833333333333334,1276.0
2022-01-11 03:21:18.593941176+00:00,2764.0,18.6,19.7,15.833333333333334,1276.0
2022-01-11 03:22:33.652764706+00:00,2764.0,18.7,19.7,15.833333333333334,1276.0
2022-01-11 03:23:48.711588235+00:00,2764.0,18.7,19.7,15.833333333333334,1276.0
2022-01-11 03:25:03.770411765+00:00,2764.0,18.6,19.7,15.833333333333334,1276.0
2022-01-11 03:26:18.829235294+00:00,2764.0,18.4,19.7,15.833333333333334,1276.0
2022-01-11 03:27:33.888058824+00:00,2764.0,18.6,19.7,15.833333333333334,1276.0
2022-01-11 03:28:48.946882353+00:00,2764.0,18.8,19.7,15.833333333333334,1276.0
2022-01-11 03:30:04.005705882+00:00,2764.0,18.7,19.7,15.833333333333334,1276.0
2022-01-11 03:31:19.064529412+00:00,2764.0,18.7,19.7,15.833333333333334,1276.0
2022-01-11 03:32:34.123352941+00:00,2764.0,18.6,19.7,15.833333333333334,1276.0
2022-01-11 03:33:49.182176471+00:00,2764.0,13.3,19.7,15.833333333333334,1276.0
2022-01-11 03:35:04.241000+00:00,2764.0,0.3,19.7,15.833333333333334,1276.0
2022-01-11 03:35:06.241000+00:00,2764.0,0.0,19.7,15.833333333333334,1276.0
2022-01-11 03:36:37.241000+00:00,2761.0,13.2,16.5,13.194736842105264,1374.0
2022-01-11 03:37:53.574333333+00:00,2761.0,16.4,16.5,13.194736842105264,1374.0
2022-01-11 03:39:09.907666667+00:00,2761.0,16.3,16.5,13.194736842105264,1374.0
2022-01-11 03:40:26.241000+00:00,2761.0,16.2,16.5,13.194736842105264,1374.0
2022-01-11 03:41:42.574333333+00:00,2761.0,16.1,16.5,13.194736842105264,1374.0
2022-01-11 03:42:58.907666667+00:00,2761.0,16.5,16.5,13.194736842105264,1374.0
2022-01-11 03:44:15.241000+00:00,2761.0,15.5,16.5,13.194736842105264,1374.0
2022-01-11 03:45:31.574333333+00:00,2761.0,15.1,16.5,13.194736842105264,1374.0
2022-01-11 03:46:47.907666667+00:00,2761.0,14.7,16.5,13.194736842105264,1374.0
2022-01-11 03:48:04.241000+00:00,2761.0,15.3,16.5,13.194736842105264,1374.0
2022-01-11 03:49:20.574333333+00:00,2761.0,14.2,16.5,13.194736842105264,1374.0
2022-01-11 03:50:36.907666667+00:00,2761.0,13.1,16.5,13.194736842105264,1374.0
2022-01-11 03:51:53.241000+00:00,2761.0,12.0,16.5,13.194736842105264,1374.0
2022-01-11 03:53:09.574333333+00:00,2761.0,11.3,16.5,13.194736842105264,1374.0
2022-01-11 03:54:25.907666667+00:00,2761.0,11.1,16.5,13.194736842105264,1374.0
2022-01-11 03:55:42.241000+00:00,2761.0,9.3,16.5,13.194736842105264,1374.0
2022-01-11 03:56:58.574333333+00:00,2761.0,12.2,16.5,13.194736842105264,1374.0
2022-01-11 03:58:14.907666667+00:00,2761.0,10.9,16.5,13.194736842105264,1374.0
2022-01-11 03:59:31.241000+00:00,2761.0,1.3,16.5,13.194736842105264,1374.0
2022-01-11 03:59:33.241000+00:00,2761.0,0.0,16.5,13.194736842105264,1374.0
2022-01-11 04:01:09.679000+00:00,2762.0,9.8,12.0,11.005882352941176,1238.0
2022-01-11 04:02:27.054000+00:00,2762.0,11.8,12.0,11.005882352941176,1238.0
2022-01-11 04:03:44.429000+00:00,2762.0,11.4,12.0,11.005882352941176,1238.0
2022-01-11 04:05:01.804000+00:00,2762.0,11.6,12.0,11.005882352941176,1238.0
2022-01-11 04:06:19.179000+00:00,2762.0,11.7,12.0,11.005882352941176,1238.0
2022-01-11 04:07:36.554000+00:00,2762.0,11.6,12.0,11.005882352941176,1238.0
2022-01-11 04:08:53.929000+00:00,2762.0,11.5,12.0,11.005882352941176,1238.0
2022-01-11 04:10:11.304000+00:00,2762.0,11.7,12.0,11.005882352941176,1238.0
2022-01-11 04:11:28.679000+00:00,2762.0,11.4,12.0,11.005882352941176,1238.0
2022-01-11 04:12:46.054000+00:00,2762.0,11.9,12.0,11.005882352941176,1238.0
2022-01-11 04:14:03.429000+00:00,2762.0,11.6,12.0,11.005882352941176,1238.0
2022-01-11 04:15:20.804000+00:00,2762.0,11.6,12.0,11.005882352941176,1238.0
2022-01-11 04:16:38.179000+00:00,2762.0,12.0,12.0,11.005882352941176,1238.0
2022-01-11 04:17:55.554000+00:00,2762.0,11.9,12.0,11.005882352941176,1238.0
2022-01-11 04:19:12.929000+00:00,2762.0,11.3,12.0,11.005882352941176,1238.0
2022-01-11 04:20:30.304000+00:00,2762.0,11.1,12.0,11.005882352941176,1238.0
2022-01-11 04:21:47.679000+00:00,2762.0,3.2,12.0,11.005882352941176,1238.0
2022-01-11 04:21:49.679000+00:00,2762.0,0.0,12.0,11.005882352941176,1238.0
2022-01-11 04:22:47.240000+00:00,2763.0,9.1,11.8,10.586666666666668,919.0
2022-01-11 04:23:48.506666667+00:00,2763.0,11.1,11.8,10.586666666666668,919.0
2022-01-11 04:24:49.773333332+00:00,2763.0,11.2,11.8,10.586666666666668,919.0
2022-01-11 04:25:51.040000+00:00,2763.0,11.2,11.8,10.586666666666668,919.0
2022-01-11 04:26:52.306666667+00:00,2763.0,11.3,11.8,10.586666666666668,919.0
2022-01-11 04:27:53.573333333+00:00,2763.0,11.8,11.8,10.586666666666668,919.0
2022-01-11 04:28:54.840000+00:00,2763.0,11.4,11.8,10.586666666666668,919.0
2022-01-11 04:29:56.106666667+00:00,2763.0,11.0,11.8,10.586666666666668,919.0
2022-01-11 04:30:57.373333333+00:00,2763.0,11.2,11.8,10.586666666666668,919.0
2022-01-11 04:31:58.640000+00:00,2763.0,11.0,11.8,10.586666666666668,919.0
2022-01-11 04:32:59.906666667+00:00,2763.0,11.0,11.8,10.586666666666668,919.0
2022-01-11 04:34:01.173333333+00:00,2763.0,10.7,11.8,10.586666666666668,919.0
2022-01-11 04:35:02.440000+00:00,2763.0,10.2,11.8,10.586666666666668,919.0
2022-01-11 04:36:03.706666667+00:00,2763.0,9.8,11.8,10.586666666666668,919.0
2022-01-11 04:37:04.973333333+00:00,2763.0,6.8,11.8,10.586666666666668,919.0
2022-01-11 04:38:06.240000+00:00,2763.0,0.0,11.8,10.586666666666668,919.0
2022-01-11 04:38:08.240000+00:00,2763.0,0.0,11.8,10.586666666666668,919.0
2022-01-11 04:39:01.239000+00:00,2763.0,9.7,13.0,11.576470588235294,1265.0
2022-01-11 04:40:20.301500+00:00,2763.0,12.2,13.0,11.576470588235294,1265.0
2022-01-11 04:41:39.364000+00:00,2763.0,11.6,13.0,11.576470588235294,1265.0
2022-01-11 04:42:58.426500+00:00,2763.0,12.1,13.0,11.576470588235294,1265.0
2022-01-11 04:44:17.489000+00:00,2763.0,12.3,13.0,11.576470588235294,1265.0
2022-01-11 04:45:36.551500+00:00,2763.0,12.0,13.0,11.576470588235294,1265.0
2022-01-11 04:46:55.614000+00:00,2763.0,12.4,13.0,11.576470588235294,1265.0
2022-01-11 04:48:14.676500+00:00,2763.0,12.7,13.0,11.576470588235294,1265.0
2022-01-11 04:49:33.739000+00:00,2763.0,12.5,13.0,11.576470588235294,1265.0
2022-01-11 04:50:52.801500+00:00,2763.0,12.5,13.0,11.576470588235294,1265.0
2022-01-11 04:52:11.864000+00:00,2763.0,13.0,13.0,11.576470588235294,1265.0
2022-01-11 04:53:30.926500+00:00,2763.0,12.0,13.0,11.576470588235294,1265.0
2022-01-11 04:54:49.989000+00:00,2763.0,11.8,13.0,11.576470588235294,1265.0
2022-01-11 04:56:09.051500+00:00,2763.0,11.7,13.0,11.576470588235294,1265.0
2022-01-11 04:57:28.114000+00:00,2763.0,11.3,13.0,11.576470588235294,1265.0
2022-01-11 04:58:47.176500+00:00,2763.0,11.3,13.0,11.576470588235294,1265.0
2022-01-11 05:00:06.239000+00:00,2763.0,5.7,13.0,11.576470588235294,1265.0
2022-01-11 05:00:08.239000+00:00,2763.0,0.0,13.0,11.576470588235294,1265.0
2022-01-11 05:19:25.677000+00:00,2761.0,7.3,10.4,9.45,864.0
2022-01-11 05:20:11.150684211+00:00,2761.0,10.0,10.4,9.45,864.0
2022-01-11 05:20:56.624368421+00:00,2761.0,10.1,10.4,9.45,864.0
2022-01-11 05:21:42.098052632+00:00,2761.0,10.0,10.4,9.45,864.0
2022-01-11 05:22:27.571736842+00:00,2761.0,10.0,10.4,9.45,864.0
2022-01-11 05:23:13.045421053+00:00,2761.0,10.1,10.4,9.45,864.0
2022-01-11 05:23:58.519105263+00:00,2761.0,10.4,10.4,9.45,864.0
2022-01-11 05:24:43.992789474+00:00,2761.0,10.3,10.4,9.45,864.0
2022-01-11 05:25:29.466473684+00:00,2761.0,10.2,10.4,9.45,864.0
2022-01-11 05:26:14.940157894+00:00,2761.0,10.3,10.4,9.45,864.0
2022-01-11 05:27:00.413842105+00:00,2761.0,10.2,10.4,9.45,864.0
2022-01-11 05:27:45.887526316+00:00,2761.0,10.4,10.4,9.45,864.0
2022-01-11 05:28:31.361210526+00:00,2761.0,10.2,10.4,9.45,864.0
2022-01-11 05:29:16.834894737+00:00,2761.0,10.3,10.4,9.45,864.0
2022-01-11 05:30:02.308578947+00:00,2761.0,10.4,10.4,9.45,864.0
2022-01-11 05:30:47.782263158+00:00,2761.0,10.3,10.4,9.45,864.0
2022-01-11 05:31:33.255947368+00:00,2761.0,10.2,10.4,9.45,864.0
2022-01-11 05:32:18.729631579+00:00,2761.0,9.8,10.4,9.45,864.0
2022-01-11 05:33:04.203315789+00:00,2761.0,7.0,10.4,9.45,864.0
2022-01-11 05:33:49.677000+00:00,2761.0,1.5,10.4,9.45,864.0
2022-01-11 05:33:51.677000+00:00,2761.0,0.0,10.4,9.45,864.0
2022-01-11 05:51:40.238000+00:00,2755.0,0.5,0.5,0.5,14.0
2022-01-11 05:51:42.238000+00:00,2755.0,0.0,0.5,0.5,14.0
2022-01-11 05:51:47.238000+00:00,2757.0,1.6,1.6,1.0,33.0
2022-01-11 05:52:03.738000+00:00,2757.0,1.2,1.6,1.0,33.0
2022-01-11 05:52:20.238000+00:00,2757.0,0.2,1.6,1.0,33.0
2022-01-11 05:52:22.238000+00:00,2757.0,0.0,1.6,1.0,33.0
2022-01-11 05:52:31.238000+00:00,2758.0,0.1,0.1,0.1,4.0
2022-01-11 05:52:33.238000+00:00,2758.0,0.0,0.1,0.1,4.0
2022-01-11 06:10:46.676000+00:00,2759.0,0.6,0.6,0.4,19.0
2022-01-11 06:11:05.676000+00:00,2759.0,0.2,0.6,0.4,19.0
2022-01-11 06:11:07.676000+00:00,2759.0,0.0,0.6,0.4,19.0
2022-01-11 06:36:48.237000+00:00,2754.0,0.2,0.2,0.2,3.0
2022-01-11 06:36:50.237000+00:00,2754.0,0.0,0.2,0.2,3.0
2022-01-11 06:37:00.237000+00:00,2757.0,1.1,1.1,0.6666666666666666,32.0
2022-01-11 06:37:16.237000+00:00,2757.0,0.8,1.1,0.6666666666666666,32.0
2022-01-11 06:37:32.237000+00:00,2757.0,0.1,1.1,0.6666666666666666,32.0
2022-01-11 06:37:34.237000+00:00,2757.0,0.0,1.1,0.6666666666666666,32.0
2022-01-11 06:37:54.676000+00:00,2759.0,0.2,0.2,0.2,9.0
2022-01-11 06:37:56.676000+00:00,2759.0,0.0,0.2,0.2,9.0
2022-01-11 06:38:18.676000+00:00,2760.0,0.1,0.1,0.1,3.0
2022-01-11 06:38:20.676000+00:00,2760.0,0.0,0.1,0.1,3.0
2022-01-11 06:57:27.236000+00:00,2754.0,0.3,0.3,0.3,6.0
2022-01-11 06:57:29.236000+00:00,2754.0,0.0,0.3,0.3,6.0
2022-01-11 06:57:36.236000+00:00,2755.0,0.1,0.1,0.1,2.0
2022-01-11 06:57:38.236000+00:00,2755.0,0.0,0.1,0.1,2.0
2022-01-11 06:57:43.236000+00:00,2758.0,0.9,0.9,0.65,23.0
2022-01-11 06:58:06.236000+00:00,2758.0,0.4,0.9,0.65,23.0
2022-01-11 06:58:08.236000+00:00,2758.0,0.0,0.9,0.65,23.0
2022-01-11 07:00:14.236000+00:00,2765.0,0.8,0.8,0.55,19.0
2022-01-11 07:00:33.236000+00:00,2765.0,0.3,0.8,0.55,19.0
2022-01-11 07:00:35.236000+00:00,2765.0,0.0,0.8,0.55,19.0
2022-01-11 07:00:42.236000+00:00,2766.0,0.1,0.1,0.1,2.0
2022-01-11 07:00:44.236000+00:00,2766.0,0.0,0.1,0.1,2.0
2022-01-11 07:00:49.675000+00:00,2777.0,10.8,15.7,13.080000000000002,1442.0
2022-01-11 07:02:05.569736842+00:00,2777.0,15.6,15.7,13.080000000000002,1442.0
2022-01-11 07:03:21.464473684+00:00,2777.0,14.2,15.7,13.080000000000002,1442.0
2022-01-11 07:04:37.359210526+00:00,2777.0,15.0,15.7,13.080000000000002,1442.0
2022-01-11 07:05:53.253947368+00:00,2777.0,14.6,15.7,13.080000000000002,1442.0
2022-01-11 07:07:09.148684211+00:00,2777.0,15.7,15.7,13.080000000000002,1442.0
2022-01-11 07:08:25.043421053+00:00,2777.0,15.1,15.7,13.080000000000002,1442.0
2022-01-11 07:09:40.938157894+00:00,2777.0,15.2,15.7,13.080000000000002,1442.0
2022-01-11 07:10:56.832894737+00:00,2777.0,13.2,15.7,13.080000000000002,1442.0
2022-01-11 07:12:12.727631579+00:00,2777.0,13.3,15.7,13.080000000000002,1442.0
2022-01-11 07:13:28.622368421+00:00,2777.0,13.4,15.7,13.080000000000002,1442.0
2022-01-11 07:14:44.517105263+00:00,2777.0,13.4,15.7,13.080000000000002,1442.0
2022-01-11 07:16:00.411842105+00:00,2777.0,13.4,15.7,13.080000000000002,1442.0
2022-01-11 07:17:16.306578947+00:00,2777.0,13.4,15.7,13.080000000000002,1442.0
2022-01-11 07:18:32.201315789+00:00,2777.0,13.4,15.7,13.080000000000002,1442.0
2022-01-11 07:19:48.096052632+00:00,2777.0,13.4,15.7,13.080000000000002,1442.0
2022-01-11 07:21:03.990789474+00:00,2777.0,13.4,15.7,13.080000000000002,1442.0
2022-01-11 07:22:19.885526316+00:00,2777.0,13.4,15.7,13.080000000000002,1442.0
2022-01-11 07:23:35.780263158+00:00,2777.0,10.4,15.7,13.080000000000002,1442.0
2022-01-11 07:24:51.675000+00:00,2777.0,1.3,15.7,13.080000000000002,1442.0
2022-01-11 07:24:53.675000+00:00,2777.0,0.0,15.7,13.080000000000002,1442.0
2022-01-11 07:25:00.675000+00:00,2751.0,0.1,0.1,0.1,2.0
2022-01-11 07:25:02.675000+00:00,2751.0,0.0,0.1,0.1,2.0
2022-01-11 07:26:20.235000+00:00,2777.0,11.2,13.2,12.25,2050.0
2022-01-11 07:28:08.129736842+00:00,2777.0,12.6,13.2,12.25,2050.0
2022-01-11 07:29:56.024473684+00:00,2777.0,12.7,13.2,12.25,2050.0
2022-01-11 07:31:43.919210526+00:00,2777.0,12.7,13.2,12.25,2050.0
2022-01-11 07:33:31.813947368+00:00,2777.0,13.2,13.2,12.25,2050.0
2022-01-11 07:35:19.708684211+00:00,2777.0,13.2,13.2,12.25,2050.0
2022-01-11 07:37:07.603421053+00:00,2777.0,13.2,13.2,12.25,2050.0
2022-01-11 07:38:55.498157894+00:00,2777.0,13.2,13.2,12.25,2050.0
2022-01-11 07:40:43.392894737+00:00,2777.0,13.2,13.2,12.25,2050.0
2022-01-11 07:42:31.287631579+00:00,2777.0,13.2,13.2,12.25,2050.0
2022-01-11 07:44:19.182368421+00:00,2777.0,13.2,13.2,12.25,2050.0
2022-01-11 07:46:07.077105263+00:00,2777.0,13.2,13.2,12.25,2050.0
2022-01-11 07:47:54.971842105+00:00,2777.0,13.2,13.2,12.25,2050.0
2022-01-11 07:49:42.866578947+00:00,2777.0,13.2,13.2,12.25,2050.0
2022-01-11 07:51:30.761315789+00:00,2777.0,13.2,13.2,12.25,2050.0
2022-01-11 07:53:18.656052632+00:00,2777.0,13.2,13.2,12.25,2050.0
2022-01-11 07:55:06.550789474+00:00,2777.0,12.0,13.2,12.25,2050.0
2022-01-11 07:56:54.445526316+00:00,2777.0,0.9,13.2,12.25,2050.0
2022-01-11 07:58:42.340263158+00:00,2777.0,0.0,13.2,12.25,2050.0
2022-01-11 08:00:30.235000+00:00,2777.0,0.0,13.2,12.25,2050.0
2022-01-11 08:00:32.235000+00:00,2777.0,0.0,13.2,12.25,2050.0
2022-01-11 08:02:13.234000+00:00,2783.0,10.6,13.6,12.61,1738.0
2022-01-11 08:03:44.707684211+00:00,2783.0,13.1,13.6,12.61,1738.0
2022-01-11 08:05:16.181368421+00:00,2783.0,12.7,13.6,12.61,1738.0
2022-01-11 08:06:47.655052632+00:00,2783.0,13.1,13.6,12.61,1738.0
2022-01-11 08:08:19.128736842+00:00,2783.0,13.3,13.6,12.61,1738.0
2022-01-11 08:09:50.602421053+00:00,2783.0,13.3,13.6,12.61,1738.0
2022-01-11 08:11:22.076105263+00:00,2783.0,12.9,13.6,12.61,1738.0
2022-01-11 08:12:53.549789474+00:00,2783.0,12.8,13.6,12.61,1738.0
2022-01-11 08:14:25.023473684+00:00,2783.0,13.0,13.6,12.61,1738.0
2022-01-11 08:15:56.497157894+00:00,2783.0,13.2,13.6,12.61,1738.0
2022-01-11 08:17:27.970842105+00:00,2783.0,13.3,13.6,12.61,1738.0
2022-01-11 08:18:59.444526316+00:00,2783.0,13.5,13.6,12.61,1738.0
2022-01-11 08:20:30.918210526+00:00,2783.0,13.5,13.6,12.61,1738.0
2022-01-11 08:22:02.391894737+00:00,2783.0,13.5,13.6,12.61,1738.0
2022-01-11 08:23:33.865578947+00:00,2783.0,13.6,13.6,12.61,1738.0
2022-01-11 08:25:05.339263158+00:00,2783.0,13.6,13.6,12.61,1738.0
2022-01-11 08:26:36.812947368+00:00,2783.0,13.6,13.6,12.61,1738.0
2022-01-11 08:28:08.286631579+00:00,2783.0,13.6,13.6,12.61,1738.0
2022-01-11 08:29:39.760315789+00:00,2783.0,12.6,13.6,12.61,1738.0
2022-01-11 08:31:11.234000+00:00,2783.0,3.4,13.6,12.61,1738.0
2022-01-11 08:31:13.234000+00:00,2783.0,0.0,13.6,12.61,1738.0
2022-01-11 08:32:49.673000+00:00,2785.0,8.1,17.1,13.310526315789472,835.0
2022-01-11 08:33:36.061888889+00:00,2785.0,12.8,17.1,13.310526315789472,835.0
2022-01-11 08:34:22.450777778+00:00,2785.0,12.7,17.1,13.310526315789472,835.0
2022-01-11 08:35:08.839666667+00:00,2785.0,12.5,17.1,13.310526315789472,835.0
2022-01-11 08:35:55.228555556+00:00,2785.0,15.2,17.1,13.310526315789472,835.0
2022-01-11 08:36:41.617444444+00:00,2785.0,15.6,17.1,13.310526315789472,835.0
2022-01-11 08:37:28.006333333+00:00,2785.0,14.9,17.1,13.310526315789472,835.0
2022-01-11 08:38:14.395222222+00:00,2785.0,14.7,17.1,13.310526315789472,835.0
2022-01-11 08:39:00.784111111+00:00,2785.0,15.7,17.1,13.310526315789472,835.0
2022-01-11 08:39:47.173000+00:00,2785.0,16.5,17.1,13.310526315789472,835.0
2022-01-11 08:40:33.561888889+00:00,2785.0,17.1,17.1,13.310526315789472,835.0
2022-01-11 08:41:19.950777778+00:00,2785.0,16.8,17.1,13.310526315789472,835.0
2022-01-11 08:42:06.339666667+00:00,2785.0,16.5,17.1,13.310526315789472,835.0
2022-01-11 08:42:52.728555556+00:00,2785.0,12.9,17.1,13.310526315789472,835.0
2022-01-11 08:43:39.117444444+00:00,2785.0,13.1,17.1,13.310526315789472,835.0
2022-01-11 08:44:25.506333333+00:00,2785.0,13.3,17.1,13.310526315789472,835.0
2022-01-11 08:45:11.895222222+00:00,2785.0,13.1,17.1,13.310526315789472,835.0
2022-01-11 08:45:58.284111111+00:00,2785.0,9.1,17.1,13.310526315789472,835.0
2022-01-11 08:46:44.673000+00:00,2785.0,2.3,17.1,13.310526315789472,835.0
2022-01-11 08:46:46.673000+00:00,2785.0,0.0,17.1,13.310526315789472,835.0
2022-01-11 09:05:28.233000+00:00,2760.0,0.4,0.4,0.4,10.0
2022-01-11 09:05:30.233000+00:00,2760.0,0.0,0.4,0.4,10.0
2022-01-11 09:25:48.672000+00:00,2760.0,0.0,0.0,0.0,0.0
2022-01-11 09:25:48.672000+00:00,2760.0,0.0,0.0,0.0,0.0
2022-01-11 09:25:48.672000+00:00,2760.0,0.0,0.0,0.0,0.0
2022-01-11 09:25:48.672000+00:00,2760.0,0.0,0.0,0.0,0.0
2022-01-11 09:25:48.672000+00:00,2760.0,0.0,0.0,0.0,0.0
2022-01-11 09:25:48.672000+00:00,2760.0,0.0,0.0,0.0,0.0
2022-01-11 09:25:48.672000+00:00,2760.0,0.0,0.0,0.0,0.0
2022-01-11 09:25:48.672000+00:00,2760.0,0.0,0.0,0.0,0.0
2022-01-11 09:25:48.672000+00:00,2760.0,0.0,0.0,0.0,0.0
2022-01-11 09:25:48.672000+00:00,2760.0,0.0,0.0,0.0,0.0
2022-01-11 09:25:48.672000+00:00,2760.0,0.0,0.0,0.0,0.0
2022-01-11 09:25:48.672000+00:00,2760.0,0.0,0.0,0.0,0.0
2022-01-11 09:25:48.672000+00:00,2760.0,0.0,0.0,0.0,0.0
2022-01-11 09:25:48.672000+00:00,2760.0,0.0,0.0,0.0,0.0
2022-01-11 09:25:48.672000+00:00,2760.0,0.0,0.0,0.0,0.0
2022-01-11 09:25:48.672000+00:00,2760.0,0.0,0.0,0.0,0.0
2022-01-11 09:25:48.672000+00:00,2760.0,0.0,0.0,0.0,0.0
2022-01-11 09:25:48.672000+00:00,2760.0,0.0,0.0,0.0,0.0
2022-01-11 09:25:48.672000+00:00,2760.0,0.0,0.0,0.0,0.0
2022-01-11 09:25:48.672000+00:00,2760.0,0.0,0.0,0.0,0.0
2022-01-11 09:25:50.672000+00:00,2760.0,0.0,0.0,0.0,0.0
2022-01-11 09:26:29.232000+00:00,2765.0,1.7,4.6,3.857894736842106,566.0
2022-01-11 09:27:00.676444444+00:00,2765.0,3.4,4.6,3.857894736842106,566.0
2022-01-11 09:27:32.120888889+00:00,2765.0,3.9,4.6,3.857894736842106,566.0
2022-01-11 09:28:03.565333333+00:00,2765.0,3.9,4.6,3.857894736842106,566.0
2022-01-11 09:28:35.009777778+00:00,2765.0,3.9,4.6,3.857894736842106,566.0
2022-01-11 09:29:06.454222222+00:00,2765.0,3.7,4.6,3.857894736842106,566.0
2022-01-11 09:29:37.898666667+00:00,2765.0,3.9,4.6,3.857894736842106,566.0
2022-01-11 09:30:09.343111111+00:00,2765.0,4.1,4.6,3.857894736842106,566.0
2022-01-11 09:30:40.787555556+00:00,2765.0,3.5,4.6,3.857894736842106,566.0
2022-01-11 09:31:12.232000+00:00,2765.0,4.6,4.6,3.857894736842106,566.0
2022-01-11 09:31:43.676444444+00:00,2765.0,4.6,4.6,3.857894736842106,566.0
2022-01-11 09:32:15.120888889+00:00,2765.0,4.6,4.6,3.857894736842106,566.0
2022-01-11 09:32:46.565333333+00:00,2765.0,4.5,4.6,3.857894736842106,566.0
2022-01-11 09:33:18.009777778+00:00,2765.0,4.5,4.6,3.857894736842106,566.0
2022-01-11 09:33:49.454222222+00:00,2765.0,4.6,4.6,3.857894736842106,566.0
2022-01-11 09:34:20.898666667+00:00,2765.0,4.5,4.6,3.857894736842106,566.0
2022-01-11 09:34:52.343111111+00:00,2765.0,3.9,4.6,3.857894736842106,566.0
2022-01-11 09:35:23.787555556+00:00,2765.0,3.3,4.6,3.857894736842106,566.0
2022-01-11 09:35:55.232000+00:00,2765.0,2.2,4.6,3.857894736842106,566.0
2022-01-11 09:35:57.232000+00:00,2765.0,0.0,4.6,3.857894736842106,566.0
2022-01-11 09:36:19.232000+00:00,2764.0,2.4,3.5,2.242857142857143,97.0
2022-01-11 09:36:35.398666667+00:00,2764.0,3.5,3.5,2.242857142857143,97.0
2022-01-11 09:36:51.565333333+00:00,2764.0,3.3,3.5,2.242857142857143,97.0
2022-01-11 09:37:07.732000+00:00,2764.0,2.4,3.5,2.242857142857143,97.0
2022-01-11 09:37:23.898666667+00:00,2764.0,2.2,3.5,2.242857142857143,97.0
2022-01-11 09:37:40.065333333+00:00,2764.0,1.4,3.5,2.242857142857143,97.0
2022-01-11 09:37:56.232000+00:00,2764.0,0.5,3.5,2.242857142857143,97.0
2022-01-11 09:37:58.232000+00:00,2764.0,0.0,3.5,2.242857142857143,97.0
2022-01-11 10:00:05.671000+00:00,2790.0,6.8,12.2,10.270588235294117,996.0
2022-01-11 10:01:07.921000+00:00,2790.0,7.1,12.2,10.270588235294117,996.0
2022-01-11 10:02:10.171000+00:00,2790.0,7.7,12.2,10.270588235294117,996.0
2022-01-11 10:03:12.421000+00:00,2790.0,8.9,12.2,10.270588235294117,996.0
2022-01-11 10:04:14.671000+00:00,2790.0,11.0,12.2,10.270588235294117,996.0
2022-01-11 10:05:16.921000+00:00,2790.0,11.2,12.2,10.270588235294117,996.0
2022-01-11 10:06:19.171000+00:00,2790.0,11.2,12.2,10.270588235294117,996.0
2022-01-11 10:07:21.421000+00:00,2790.0,11.2,12.2,10.270588235294117,996.0
2022-01-11 10:08:23.671000+00:00,2790.0,11.2,12.2,10.270588235294117,996.0
2022-01-11 10:09:25.921000+00:00,2790.0,11.2,12.2,10.270588235294117,996.0
2022-01-11 10:10:28.171000+00:00,2790.0,12.0,12.2,10.270588235294117,996.0
2022-01-11 10:11:30.421000+00:00,2790.0,12.2,12.2,10.270588235294117,996.0
2022-01-11 10:12:32.671000+00:00,2790.0,12.1,12.2,10.270588235294117,996.0
2022-01-11 10:13:34.921000+00:00,2790.0,12.2,12.2,10.270588235294117,996.0
2022-01-11 10:14:37.171000+00:00,2790.0,12.1,12.2,10.270588235294117,996.0
2022-01-11 10:15:39.421000+00:00,2790.0,12.0,12.2,10.270588235294117,996.0
2022-01-11 10:16:41.671000+00:00,2790.0,4.5,12.2,10.270588235294117,996.0
2022-01-11 10:16:43.671000+00:00,2790.0,0.0,12.2,10.270588235294117,996.0
2022-01-11 10:18:22.231000+00:00,2778.0,9.4,15.1,13.565000000000005,1195.0
2022-01-11 10:19:25.125736842+00:00,2778.0,13.8,15.1,13.565000000000005,1195.0
2022-01-11 10:20:28.020473684+00:00,2778.0,15.1,15.1,13.565000000000005,1195.0
2022-01-11 10:21:30.915210526+00:00,2778.0,14.4,15.1,13.565000000000005,1195.0
2022-01-11 10:22:33.809947368+00:00,2778.0,14.1,15.1,13.565000000000005,1195.0
2022-01-11 10:23:36.704684211+00:00,2778.0,14.1,15.1,13.565000000000005,1195.0
2022-01-11 10:24:39.599421053+00:00,2778.0,14.0,15.1,13.565000000000005,1195.0
2022-01-11 10:25:42.494157894+00:00,2778.0,14.1,15.1,13.565000000000005,1195.0
2022-01-11 10:26:45.388894737+00:00,2778.0,14.2,15.1,13.565000000000005,1195.0
2022-01-11 10:27:48.283631579+00:00,2778.0,14.1,15.1,13.565000000000005,1195.0
2022-01-11 10:28:51.178368421+00:00,2778.0,14.0,15.1,13.565000000000005,1195.0
2022-01-11 10:29:54.073105263+00:00,2778.0,13.7,15.1,13.565000000000005,1195.0
2022-01-11 10:30:56.967842105+00:00,2778.0,14.2,15.1,13.565000000000005,1195.0
2022-01-11 10:31:59.862578947+00:00,2778.0,14.1,15.1,13.565000000000005,1195.0
2022-01-11 10:33:02.757315789+00:00,2778.0,13.9,15.1,13.565000000000005,1195.0
2022-01-11 10:34:05.652052632+00:00,2778.0,13.9,15.1,13.565000000000005,1195.0
2022-01-11 10:35:08.546789474+00:00,2778.0,13.9,15.1,13.565000000000005,1195.0
2022-01-11 10:36:11.441526316+00:00,2778.0,13.9,15.1,13.565000000000005,1195.0
2022-01-11 10:37:14.336263158+00:00,2778.0,13.8,15.1,13.565000000000005,1195.0
2022-01-11 10:38:17.231000+00:00,2778.0,8.6,15.1,13.565000000000005,1195.0
2022-01-11 10:38:19.231000+00:00,2778.0,0.0,15.1,13.565000000000005,1195.0
2022-01-11 10:39:39.230000+00:00,2770.0,7.8,13.4,10.81875,927.0
2022-01-11 10:40:41.030000+00:00,2770.0,8.2,13.4,10.81875,927.0
2022-01-11 10:41:42.830000+00:00,2770.0,8.5,13.4,10.81875,927.0
2022-01-11 10:42:44.630000+00:00,2770.0,9.6,13.4,10.81875,927.0
2022-01-11 10:43:46.430000+00:00,2770.0,12.3,13.4,10.81875,927.0
2022-01-11 10:44:48.230000+00:00,2770.0,13.4,13.4,10.81875,927.0
2022-01-11 10:45:50.030000+00:00,2770.0,12.6,13.4,10.81875,927.0
2022-01-11 10:46:51.830000+00:00,2770.0,12.8,13.4,10.81875,927.0
2022-01-11 10:47:53.630000+00:00,2770.0,13.0,13.4,10.81875,927.0
2022-01-11 10:48:55.430000+00:00,2770.0,13.1,13.4,10.81875,927.0
2022-01-11 10:49:57.230000+00:00,2770.0,13.2,13.4,10.81875,927.0
2022-01-11 10:50:59.030000+00:00,2770.0,12.7,13.4,10.81875,927.0
2022-01-11 10:52:00.830000+00:00,2770.0,11.6,13.4,10.81875,927.0
2022-01-11 10:53:02.630000+00:00,2770.0,11.2,13.4,10.81875,927.0
2022-01-11 10:54:04.430000+00:00,2770.0,10.0,13.4,10.81875,927.0
2022-01-11 10:55:06.230000+00:00,2770.0,3.1,13.4,10.81875,927.0
2022-01-11 10:55:08.230000+00:00,2770.0,0.0,13.4,10.81875,927.0
2022-01-11 10:55:54.670000+00:00,2751.0,0.2,0.2,0.2,3.0
2022-01-11 10:55:56.670000+00:00,2751.0,0.0,0.2,0.2,3.0
2022-01-11 11:26:53.229000+00:00,2768.0,9.9,12.5,12.026315789473683,1412.0
2022-01-11 11:28:11.673444444+00:00,2768.0,12.4,12.5,12.026315789473683,1412.0
2022-01-11 11:29:30.117888889+00:00,2768.0,12.5,12.5,12.026315789473683,1412.0
2022-01-11 11:30:48.562333333+00:00,2768.0,12.4,12.5,12.026315789473683,1412.0
2022-01-11 11:32:07.006777778+00:00,2768.0,12.5,12.5,12.026315789473683,1412.0
2022-01-11 11:33:25.451222222+00:00,2768.0,12.4,12.5,12.026315789473683,1412.0
2022-01-11 11:34:43.895666667+00:00,2768.0,12.5,12.5,12.026315789473683,1412.0
2022-01-11 11:36:02.340111111+00:00,2768.0,12.4,12.5,12.026315789473683,1412.0
2022-01-11 11:37:20.784555556+00:00,2768.0,12.4,12.5,12.026315789473683,1412.0
2022-01-11 11:38:39.229000+00:00,2768.0,12.5,12.5,12.026315789473683,1412.0
2022-01-11 11:39:57.673444444+00:00,2768.0,12.5,12.5,12.026315789473683,1412.0
2022-01-11 11:41:16.117888889+00:00,2768.0,12.5,12.5,12.026315789473683,1412.0
2022-01-11 11:42:34.562333333+00:00,2768.0,12.4,12.5,12.026315789473683,1412.0
2022-01-11 11:43:53.006777778+00:00,2768.0,12.4,12.5,12.026315789473683,1412.0
2022-01-11 11:45:11.451222222+00:00,2768.0,12.4,12.5,12.026315789473683,1412.0
2022-01-11 11:46:29.895666667+00:00,2768.0,12.4,12.5,12.026315789473683,1412.0
2022-01-11 11:47:48.340111111+00:00,2768.0,12.5,12.5,12.026315789473683,1412.0
2022-01-11 11:49:06.784555556+00:00,2768.0,12.4,12.5,12.026315789473683,1412.0
2022-01-11 11:50:25.229000+00:00,2768.0,7.1,12.5,12.026315789473683,1412.0
2022-01-11 11:50:27.229000+00:00,2768.0,0.0,12.5,12.026315789473683,1412.0
2022-01-11 11:51:39.228000+00:00,2769.0,10.0,12.6,11.827777777777778,1297.0
2022-01-11 11:52:55.522117647+00:00,2769.0,12.6,12.6,11.827777777777778,1297.0
2022-01-11 11:54:11.816235294+00:00,2769.0,12.6,12.6,11.827777777777778,1297.0
2022-01-11 11:55:28.110352941+00:00,2769.0,12.6,12.6,11.827777777777778,1297.0
2022-01-11 11:56:44.404470588+00:00,2769.0,12.6,12.6,11.827777777777778,1297.0
2022-01-11 11:58:00.698588235+00:00,2769.0,12.6,12.6,11.827777777777778,1297.0
2022-01-11 11:59:16.992705882+00:00,2769.0,12.6,12.6,11.827777777777778,1297.0
2022-01-11 12:00:33.286823529+00:00,2769.0,12.5,12.6,11.827777777777778,1297.0
2022-01-11 12:01:49.580941176+00:00,2769.0,12.5,12.6,11.827777777777778,1297.0
2022-01-11 12:03:05.875058824+00:00,2769.0,12.5,12.6,11.827777777777778,1297.0
2022-01-11 12:04:22.169176471+00:00,2769.0,12.5,12.6,11.827777777777778,1297.0
2022-01-11 12:05:38.463294118+00:00,2769.0,12.6,12.6,11.827777777777778,1297.0
2022-01-11 12:06:54.757411765+00:00,2769.0,12.6,12.6,11.827777777777778,1297.0
2022-01-11 12:08:11.051529412+00:00,2769.0,12.6,12.6,11.827777777777778,1297.0
2022-01-11 12:09:27.345647059+00:00,2769.0,12.6,12.6,11.827777777777778,1297.0
2022-01-11 12:10:43.639764706+00:00,2769.0,12.6,12.6,11.827777777777778,1297.0
2022-01-11 12:11:59.933882353+00:00,2769.0,11.8,12.6,11.827777777777778,1297.0
2022-01-11 12:13:16.228000+00:00,2769.0,2.5,12.6,11.827777777777778,1297.0
2022-01-11 12:13:18.228000+00:00,2769.0,0.0,12.6,11.827777777777778,1297.0
2022-01-11 12:14:48.227000+00:00,2767.0,10.0,12.5,11.605,1429.0
2022-01-11 12:16:03.437526316+00:00,2767.0,12.5,12.5,11.605,1429.0
2022-01-11 12:17:18.648052632+00:00,2767.0,12.5,12.5,11.605,1429.0
2022-01-11 12:18:33.858578947+00:00,2767.0,12.5,12.5,11.605,1429.0
2022-01-11 12:19:49.069105263+00:00,2767.0,12.4,12.5,11.605,1429.0
2022-01-11 12:21:04.279631579+00:00,2767.0,12.5,12.5,11.605,1429.0
2022-01-11 12:22:19.490157894+00:00,2767.0,12.4,12.5,11.605,1429.0
2022-01-11 12:23:34.700684211+00:00,2767.0,12.4,12.5,11.605,1429.0
2022-01-11 12:24:49.911210526+00:00,2767.0,12.4,12.5,11.605,1429.0
2022-01-11 12:26:05.121736842+00:00,2767.0,12.5,12.5,11.605,1429.0
2022-01-11 12:27:20.332263158+00:00,2767.0,12.5,12.5,11.605,1429.0
2022-01-11 12:28:35.542789474+00:00,2767.0,12.5,12.5,11.605,1429.0
2022-01-11 12:29:50.753315789+00:00,2767.0,12.5,12.5,11.605,1429.0
2022-01-11 12:31:05.963842105+00:00,2767.0,12.4,12.5,11.605,1429.0
2022-01-11 12:32:21.174368421+00:00,2767.0,12.4,12.5,11.605,1429.0
2022-01-11 12:33:36.384894737+00:00,2767.0,12.5,12.5,11.605,1429.0
2022-01-11 12:34:51.595421053+00:00,2767.0,12.5,12.5,11.605,1429.0
2022-01-11 12:36:06.805947368+00:00,2767.0,12.4,12.5,11.605,1429.0
2022-01-11 12:37:22.016473684+00:00,2767.0,10.0,12.5,11.605,1429.0
2022-01-11 12:38:37.227000+00:00,2767.0,0.3,12.5,11.605,1429.0
2022-01-11 12:38:39.227000+00:00,2767.0,0.0,12.5,11.605,1429.0
2022-01-11 12:40:09.666000+00:00,2768.0,10.1,12.6,12.19,1481.0
2022-01-11 12:41:27.613368421+00:00,2768.0,12.6,12.6,12.19,1481.0
2022-01-11 12:42:45.560736842+00:00,2768.0,12.5,12.6,12.19,1481.0
2022-01-11 12:44:03.508105263+00:00,2768.0,12.5,12.6,12.19,1481.0
2022-01-11 12:45:21.455473684+00:00,2768.0,12.5,12.6,12.19,1481.0
2022-01-11 12:46:39.402842105+00:00,2768.0,12.6,12.6,12.19,1481.0
2022-01-11 12:47:57.350210526+00:00,2768.0,12.6,12.6,12.19,1481.0
2022-01-11 12:49:15.297578947+00:00,2768.0,12.6,12.6,12.19,1481.0
2022-01-11 12:50:33.244947368+00:00,2768.0,12.6,12.6,12.19,1481.0
2022-01-11 12:51:51.192315789+00:00,2768.0,12.6,12.6,12.19,1481.0
2022-01-11 12:53:09.139684211+00:00,2768.0,12.6,12.6,12.19,1481.0
2022-01-11 12:54:27.087052632+00:00,2768.0,12.6,12.6,12.19,1481.0
2022-01-11 12:55:45.034421053+00:00,2768.0,12.6,12.6,12.19,1481.0
2022-01-11 12:57:02.981789474+00:00,2768.0,12.6,12.6,12.19,1481.0
2022-01-11 12:58:20.929157894+00:00,2768.0,12.5,12.6,12.19,1481.0
2022-01-11 12:59:38.876526316+00:00,2768.0,12.6,12.6,12.19,1481.0
2022-01-11 13:00:56.823894737+00:00,2768.0,12.6,12.6,12.19,1481.0
2022-01-11 13:02:14.771263158+00:00,2768.0,12.5,12.6,12.19,1481.0
2022-01-11 13:03:32.718631579+00:00,2768.0,12.6,12.6,12.19,1481.0
2022-01-11 13:04:50.666000+00:00,2768.0,7.4,12.6,12.19,1481.0
2022-01-11 13:04:52.666000+00:00,2768.0,0.0,12.6,12.19,1481.0
2022-01-11 13:06:46.666000+00:00,2753.0,0.8,2.4,1.4142857142857144,96.0
2022-01-11 13:07:02.666000+00:00,2753.0,0.9,2.4,1.4142857142857144,96.0
2022-01-11 13:07:18.666000+00:00,2753.0,1.8,2.4,1.4142857142857144,96.0
2022-01-11 13:07:34.666000+00:00,2753.0,2.2,2.4,1.4142857142857144,96.0
2022-01-11 13:07:50.666000+00:00,2753.0,2.4,2.4,1.4142857142857144,96.0
2022-01-11 13:08:06.666000+00:00,2753.0,1.5,2.4,1.4142857142857144,96.0
2022-01-11 13:08:22.666000+00:00,2753.0,0.3,2.4,1.4142857142857144,96.0
2022-01-11 13:08:24.666000+00:00,2753.0,0.0,2.4,1.4142857142857144,96.0
2022-01-11 13:10:51.227000+00:00,2760.0,0.4,0.6,0.4333333333333333,35.0
2022-01-11 13:11:08.727000+00:00,2760.0,0.6,0.6,0.4333333333333333,35.0
2022-01-11 13:11:26.227000+00:00,2760.0,0.3,0.6,0.4333333333333333,35.0
2022-01-11 13:11:28.227000+00:00,2760.0,0.0,0.6,0.4333333333333333,35.0
2022-01-11 13:12:46.227000+00:00,2763.0,0.5,0.7,0.4600000000000001,64.0
2022-01-11 13:13:02.227000+00:00,2763.0,0.6,0.7,0.4600000000000001,64.0
2022-01-11 13:13:18.227000+00:00,2763.0,0.7,0.7,0.4600000000000001,64.0
2022-01-11 13:13:34.227000+00:00,2763.0,0.4,0.7,0.4600000000000001,64.0
2022-01-11 13:13:50.227000+00:00,2763.0,0.1,0.7,0.4600000000000001,64.0
2022-01-11 13:13:52.227000+00:00,2763.0,0.0,0.7,0.4600000000000001,64.0
2022-01-11 13:13:58.227000+00:00,2764.0,0.4,0.4,0.3,21.0
2022-01-11 13:14:19.227000+00:00,2764.0,0.2,0.4,0.3,21.0
2022-01-11 13:14:21.227000+00:00,2764.0,0.0,0.4,0.3,21.0
2022-01-11 13:14:26.226000+00:00,2765.0,0.6,0.8,0.5,40.0
2022-01-11 13:14:46.226000+00:00,2765.0,0.8,0.8,0.5,40.0
2022-01-11 13:15:06.226000+00:00,2765.0,0.1,0.8,0.5,40.0
2022-01-11 13:15:08.226000+00:00,2765.0,0.0,0.8,0.5,40.0
2022-01-11 13:27:27.665000+00:00,2752.0,0.5,0.5,0.5,9.0
2022-01-11 13:27:29.665000+00:00,2752.0,0.0,0.5,0.5,9.0
2022-01-11 13:27:38.226000+00:00,2768.0,8.2,12.1,8.095,890.0
2022-01-11 13:28:25.068105263+00:00,2768.0,12.1,12.1,8.095,890.0
2022-01-11 13:29:11.910210526+00:00,2768.0,10.7,12.1,8.095,890.0
2022-01-11 13:29:58.752315789+00:00,2768.0,9.7,12.1,8.095,890.0
2022-01-11 13:30:45.594421053+00:00,2768.0,9.5,12.1,8.095,890.0
2022-01-11 13:31:32.436526316+00:00,2768.0,8.3,12.1,8.095,890.0
2022-01-11 13:32:19.278631579+00:00,2768.0,8.3,12.1,8.095,890.0
2022-01-11 13:33:06.120736842+00:00,2768.0,8.3,12.1,8.095,890.0
2022-01-11 13:33:52.962842105+00:00,2768.0,9.1,12.1,8.095,890.0
2022-01-11 13:34:39.804947368+00:00,2768.0,9.5,12.1,8.095,890.0
2022-01-11 13:35:26.647052632+00:00,2768.0,9.6,12.1,8.095,890.0
2022-01-11 13:36:13.489157894+00:00,2768.0,8.8,12.1,8.095,890.0
2022-01-11 13:37:00.331263158+00:00,2768.0,8.0,12.1,8.095,890.0
2022-01-11 13:37:47.173368421+00:00,2768.0,7.7,12.1,8.095,890.0
2022-01-11 13:38:34.015473684+00:00,2768.0,7.2,12.1,8.095,890.0
2022-01-11 13:39:20.857578947+00:00,2768.0,7.0,12.1,8.095,890.0
2022-01-11 13:40:07.699684211+00:00,2768.0,6.5,12.1,8.095,890.0
2022-01-11 13:40:54.541789474+00:00,2768.0,6.5,12.1,8.095,890.0
2022-01-11 13:41:41.383894737+00:00,2768.0,5.3,12.1,8.095,890.0
2022-01-11 13:42:28.226000+00:00,2768.0,1.6,12.1,8.095,890.0
2022-01-11 13:42:30.226000+00:00,2768.0,0.0,12.1,8.095,890.0
2022-01-11 13:51:17.665000+00:00,2760.0,2.1,2.1,1.8333333333333333,44.0
2022-01-11 13:51:39.665000+00:00,2760.0,2.0,2.1,1.8333333333333333,44.0
2022-01-11 13:52:01.665000+00:00,2760.0,1.4,2.1,1.8333333333333333,44.0
2022-01-11 13:52:03.665000+00:00,2760.0,0.0,2.1,1.8333333333333333,44.0
2022-01-11 14:09:30.225000+00:00,2771.0,0.2,0.2,0.2,10.0
2022-01-11 14:09:32.225000+00:00,2771.0,0.0,0.2,0.2,10.0
2022-01-11 14:44:57.224000+00:00,2773.0,3.2,5.4,4.9,624.0
2022-01-11 14:45:45.224000+00:00,2773.0,5.2,5.4,4.9,624.0
2022-01-11 14:46:33.224000+00:00,2773.0,5.4,5.4,4.9,624.0
2022-01-11 14:47:21.224000+00:00,2773.0,5.3,5.4,4.9,624.0
2022-01-11 14:48:09.224000+00:00,2773.0,5.3,5.4,4.9,624.0
2022-01-11 14:48:57.224000+00:00,2773.0,5.3,5.4,4.9,624.0
2022-01-11 14:49:45.224000+00:00,2773.0,5.3,5.4,4.9,624.0
2022-01-11 14:50:33.224000+00:00,2773.0,5.3,5.4,4.9,624.0
2022-01-11 14:51:21.224000+00:00,2773.0,5.2,5.4,4.9,624.0
2022-01-11 14:52:09.224000+00:00,2773.0,5.3,5.4,4.9,624.0
2022-01-11 14:52:57.224000+00:00,2773.0,5.3,5.4,4.9,624.0
2022-01-11 14:53:45.224000+00:00,2773.0,5.4,5.4,4.9,624.0
2022-01-11 14:54:33.224000+00:00,2773.0,5.4,5.4,4.9,624.0
2022-01-11 14:55:21.224000+00:00,2773.0,1.7,5.4,4.9,624.0
2022-01-11 14:55:23.224000+00:00,2773.0,0.0,5.4,4.9,624.0
2022-01-11 15:02:37.224000+00:00,2762.0,0.6,0.7,0.54,65.0
2022-01-11 15:02:53.474000+00:00,2762.0,0.7,0.7,0.54,65.0
2022-01-11 15:03:09.724000+00:00,2762.0,0.6,0.7,0.54,65.0
2022-01-11 15:03:25.974000+00:00,2762.0,0.6,0.7,0.54,65.0
2022-01-11 15:03:42.224000+00:00,2762.0,0.2,0.7,0.54,65.0
2022-01-11 15:03:44.224000+00:00,2762.0,0.0,0.7,0.54,65.0
2022-01-11 15:05:08.224000+00:00,2760.0,0.3,0.6,0.4166666666666667,87.0
2022-01-11 15:05:25.624000+00:00,2760.0,0.3,0.6,0.4166666666666667,87.0
2022-01-11 15:05:43.024000+00:00,2760.0,0.6,0.6,0.4166666666666667,87.0
2022-01-11 15:06:00.424000+00:00,2760.0,0.5,0.6,0.4166666666666667,87.0
2022-01-11 15:06:17.824000+00:00,2760.0,0.5,0.6,0.4166666666666667,87.0
2022-01-11 15:06:35.224000+00:00,2760.0,0.3,0.6,0.4166666666666667,87.0
2022-01-11 15:06:37.224000+00:00,2760.0,0.0,0.6,0.4166666666666667,87.0
2022-01-11 15:06:42.662000+00:00,2759.0,0.6,5.1,4.152941176470588,978.0
2022-01-11 15:07:43.787000+00:00,2759.0,0.6,5.1,4.152941176470588,978.0
2022-01-11 15:08:44.912000+00:00,2759.0,1.9,5.1,4.152941176470588,978.0
2022-01-11 15:09:46.037000+00:00,2759.0,5.1,5.1,4.152941176470588,978.0
2022-01-11 15:10:47.162000+00:00,2759.0,5.1,5.1,4.152941176470588,978.0
2022-01-11 15:11:48.287000+00:00,2759.0,5.1,5.1,4.152941176470588,978.0
2022-01-11 15:12:49.412000+00:00,2759.0,5.1,5.1,4.152941176470588,978.0
2022-01-11 15:13:50.537000+00:00,2759.0,5.0,5.1,4.152941176470588,978.0
2022-01-11 15:14:51.662000+00:00,2759.0,5.1,5.1,4.152941176470588,978.0
2022-01-11 15:15:52.787000+00:00,2759.0,5.1,5.1,4.152941176470588,978.0
2022-01-11 15:16:53.912000+00:00,2759.0,5.1,5.1,4.152941176470588,978.0
2022-01-11 15:17:55.037000+00:00,2759.0,5.1,5.1,4.152941176470588,978.0
2022-01-11 15:18:56.162000+00:00,2759.0,5.1,5.1,4.152941176470588,978.0
2022-01-11 15:19:57.287000+00:00,2759.0,5.1,5.1,4.152941176470588,978.0
2022-01-11 15:20:58.412000+00:00,2759.0,5.1,5.1,4.152941176470588,978.0
2022-01-11 15:21:59.537000+00:00,2759.0,5.0,5.1,4.152941176470588,978.0
2022-01-11 15:23:00.662000+00:00,2759.0,1.4,5.1,4.152941176470588,978.0
2022-01-11 15:23:02.662000+00:00,2759.0,0.0,5.1,4.152941176470588,978.0
2022-01-11 15:23:50.662000+00:00,2758.0,3.4,5.1,4.6,913.0
2022-01-11 15:24:51.528666667+00:00,2758.0,5.1,5.1,4.6,913.0
2022-01-11 15:25:52.395333333+00:00,2758.0,5.1,5.1,4.6,913.0
2022-01-11 15:26:53.262000+00:00,2758.0,5.1,5.1,4.6,913.0
2022-01-11 15:27:54.128666667+00:00,2758.0,5.1,5.1,4.6,913.0
2022-01-11 15:28:54.995333333+00:00,2758.0,5.1,5.1,4.6,913.0
2022-01-11 15:29:55.862000+00:00,2758.0,5.1,5.1,4.6,913.0
2022-01-11 15:30:56.728666667+00:00,2758.0,5.1,5.1,4.6,913.0
2022-01-11 15:31:57.595333333+00:00,2758.0,5.1,5.1,4.6,913.0
2022-01-11 15:32:58.462000+00:00,2758.0,5.1,5.1,4.6,913.0
2022-01-11 15:33:59.328666667+00:00,2758.0,5.1,5.1,4.6,913.0
2022-01-11 15:35:00.195333332+00:00,2758.0,5.1,5.1,4.6,913.0
2022-01-11 15:36:01.062000+00:00,2758.0,5.1,5.1,4.6,913.0
2022-01-11 15:37:01.928666667+00:00,2758.0,5.1,5.1,4.6,913.0
2022-01-11 15:38:02.795333333+00:00,2758.0,3.8,5.1,4.6,913.0
2022-01-11 15:39:03.662000+00:00,2758.0,0.1,5.1,4.6,913.0
2022-01-11 15:39:05.662000+00:00,2758.0,0.0,5.1,4.6,913.0
2022-01-11 15:40:01.662000+00:00,2756.0,2.5,5.1,4.623529411764705,967.0
2022-01-11 15:41:02.099500+00:00,2756.0,5.0,5.1,4.623529411764705,967.0
2022-01-11 15:42:02.537000+00:00,2756.0,5.1,5.1,4.623529411764705,967.0
2022-01-11 15:43:02.974500+00:00,2756.0,5.1,5.1,4.623529411764705,967.0
2022-01-11 15:44:03.412000+00:00,2756.0,5.1,5.1,4.623529411764705,967.0
2022-01-11 15:45:03.849500+00:00,2756.0,5.1,5.1,4.623529411764705,967.0
2022-01-11 15:46:04.287000+00:00,2756.0,5.1,5.1,4.623529411764705,967.0
2022-01-11 15:47:04.724500+00:00,2756.0,5.1,5.1,4.623529411764705,967.0
2022-01-11 15:48:05.162000+00:00,2756.0,5.1,5.1,4.623529411764705,967.0
2022-01-11 15:49:05.599500+00:00,2756.0,5.1,5.1,4.623529411764705,967.0
2022-01-11 15:50:06.037000+00:00,2756.0,5.1,5.1,4.623529411764705,967.0
2022-01-11 15:51:06.474500+00:00,2756.0,5.1,5.1,4.623529411764705,967.0
2022-01-11 15:52:06.912000+00:00,2756.0,5.1,5.1,4.623529411764705,967.0
2022-01-11 15:53:07.349500+00:00,2756.0,5.1,5.1,4.623529411764705,967.0
2022-01-11 15:54:07.787000+00:00,2756.0,5.1,5.1,4.623529411764705,967.0
2022-01-11 15:55:08.224500+00:00,2756.0,4.4,5.1,4.623529411764705,967.0
2022-01-11 15:56:08.662000+00:00,2756.0,0.4,5.1,4.623529411764705,967.0
2022-01-11 15:56:10.662000+00:00,2756.0,0.0,5.1,4.623529411764705,967.0
2022-01-11 15:57:26.222000+00:00,2754.0,2.8,5.1,4.517647058823529,1001.0
2022-01-11 15:58:28.784500+00:00,2754.0,5.1,5.1,4.517647058823529,1001.0
2022-01-11 15:59:31.347000+00:00,2754.0,5.0,5.1,4.517647058823529,1001.0
2022-01-11 16:00:33.909500+00:00,2754.0,5.1,5.1,4.517647058823529,1001.0
2022-01-11 16:01:36.472000+00:00,2754.0,5.1,5.1,4.517647058823529,1001.0
2022-01-11 16:02:39.034500+00:00,2754.0,5.1,5.1,4.517647058823529,1001.0
2022-01-11 16:03:41.597000+00:00,2754.0,5.1,5.1,4.517647058823529,1001.0
2022-01-11 16:04:44.159500+00:00,2754.0,5.1,5.1,4.517647058823529,1001.0
2022-01-11 16:05:46.722000+00:00,2754.0,5.1,5.1,4.517647058823529,1001.0
2022-01-11 16:06:49.284500+00:00,2754.0,5.1,5.1,4.517647058823529,1001.0
2022-01-11 16:07:51.847000+00:00,2754.0,5.1,5.1,4.517647058823529,1001.0
2022-01-11 16:08:54.409500+00:00,2754.0,5.1,5.1,4.517647058823529,1001.0
2022-01-11 16:09:56.972000+00:00,2754.0,5.1,5.1,4.517647058823529,1001.0
2022-01-11 16:10:59.534500+00:00,2754.0,5.1,5.1,4.517647058823529,1001.0
2022-01-11 16:12:02.097000+00:00,2754.0,5.1,5.1,4.517647058823529,1001.0
2022-01-11 16:13:04.659500+00:00,2754.0,2.5,5.1,4.517647058823529,1001.0
2022-01-11 16:14:07.222000+00:00,2754.0,0.2,5.1,4.517647058823529,1001.0
2022-01-11 16:14:09.222000+00:00,2754.0,0.0,5.1,4.517647058823529,1001.0
2022-01-11 16:14:14.661000+00:00,2750.0,0.7,0.7,0.6,90.0
2022-01-11 16:14:29.661000+00:00,2750.0,0.7,0.7,0.6,90.0
2022-01-11 16:14:44.661000+00:00,2750.0,0.6,0.7,0.6,90.0
2022-01-11 16:14:59.661000+00:00,2750.0,0.6,0.7,0.6,90.0
2022-01-11 16:15:14.661000+00:00,2750.0,0.6,0.7,0.6,90.0
2022-01-11 16:15:29.661000+00:00,2750.0,0.4,0.7,0.6,90.0
2022-01-11 16:15:44.661000+00:00,2750.0,0.0,0.7,0.6,90.0
2022-01-11 16:15:46.661000+00:00,2750.0,0.0,0.7,0.6,90.0
2022-01-11 16:19:42.222000+00:00,2749.0,0.7,1.0,0.6166666666666667,530.0
2022-01-11 16:20:13.398470588+00:00,2749.0,0.5,1.0,0.6166666666666667,530.0
2022-01-11 16:20:44.574941176+00:00,2749.0,0.5,1.0,0.6166666666666667,530.0
2022-01-11 16:21:15.751411765+00:00,2749.0,0.4,1.0,0.6166666666666667,530.0
2022-01-11 16:21:46.927882353+00:00,2749.0,0.5,1.0,0.6166666666666667,530.0
2022-01-11 16:22:18.104352941+00:00,2749.0,0.7,1.0,0.6166666666666667,530.0
2022-01-11 16:22:49.280823529+00:00,2749.0,0.6,1.0,0.6166666666666667,530.0
2022-01-11 16:23:20.457294118+00:00,2749.0,0.6,1.0,0.6166666666666667,530.0
2022-01-11 16:23:51.633764706+00:00,2749.0,0.6,1.0,0.6166666666666667,530.0
2022-01-11 16:24:22.810235294+00:00,2749.0,0.7,1.0,0.6166666666666667,530.0
2022-01-11 16:24:53.986705882+00:00,2749.0,0.6,1.0,0.6166666666666667,530.0
2022-01-11 16:25:25.163176471+00:00,2749.0,0.3,1.0,0.6166666666666667,530.0
2022-01-11 16:25:56.339647059+00:00,2749.0,0.7,1.0,0.6166666666666667,530.0
2022-01-11 16:26:27.516117647+00:00,2749.0,0.7,1.0,0.6166666666666667,530.0
2022-01-11 16:26:58.692588235+00:00,2749.0,0.8,1.0,0.6166666666666667,530.0
2022-01-11 16:27:29.869058824+00:00,2749.0,0.9,1.0,0.6166666666666667,530.0
2022-01-11 16:28:01.045529412+00:00,2749.0,1.0,1.0,0.6166666666666667,530.0
2022-01-11 16:28:32.222000+00:00,2749.0,0.3,1.0,0.6166666666666667,530.0
2022-01-11 16:28:34.222000+00:00,2749.0,0.0,1.0,0.6166666666666667,530.0
2022-01-11 16:28:50.660000+00:00,2749.0,2.1,2.8,2.54375,677.0
2022-01-11 16:29:35.793333333+00:00,2749.0,2.8,2.8,2.54375,677.0
2022-01-11 16:30:20.926666667+00:00,2749.0,2.8,2.8,2.54375,677.0
2022-01-11 16:31:06.060000+00:00,2749.0,2.8,2.8,2.54375,677.0
2022-01-11 16:31:51.193333332+00:00,2749.0,2.8,2.8,2.54375,677.0
2022-01-11 16:32:36.326666667+00:00,2749.0,2.8,2.8,2.54375,677.0
2022-01-11 16:33:21.460000+00:00,2749.0,2.8,2.8,2.54375,677.0
2022-01-11 16:34:06.593333333+00:00,2749.0,2.8,2.8,2.54375,677.0
2022-01-11 16:34:51.726666667+00:00,2749.0,2.8,2.8,2.54375,677.0
2022-01-11 16:35:36.860000+00:00,2749.0,2.8,2.8,2.54375,677.0
2022-01-11 16:36:21.993333333+00:00,2749.0,2.8,2.8,2.54375,677.0
2022-01-11 16:37:07.126666667+00:00,2749.0,2.8,2.8,2.54375,677.0
2022-01-11 16:37:52.260000+00:00,2749.0,2.8,2.8,2.54375,677.0
2022-01-11 16:38:37.393333333+00:00,2749.0,2.8,2.8,2.54375,677.0
2022-01-11 16:39:22.526666667+00:00,2749.0,2.1,2.8,2.54375,677.0
2022-01-11 16:40:07.660000+00:00,2749.0,0.1,2.8,2.54375,677.0
2022-01-11 16:40:09.660000+00:00,2749.0,0.0,2.8,2.54375,677.0
2022-01-11 16:41:05.221000+00:00,2752.0,3.4,5.2,4.773684210526316,1089.0
2022-01-11 16:42:05.721000+00:00,2752.0,5.0,5.2,4.773684210526316,1089.0
2022-01-11 16:43:06.221000+00:00,2752.0,5.1,5.2,4.773684210526316,1089.0
2022-01-11 16:44:06.721000+00:00,2752.0,5.1,5.2,4.773684210526316,1089.0
2022-01-11 16:45:07.221000+00:00,2752.0,5.1,5.2,4.773684210526316,1089.0
2022-01-11 16:46:07.721000+00:00,2752.0,5.1,5.2,4.773684210526316,1089.0
2022-01-11 16:47:08.221000+00:00,2752.0,5.1,5.2,4.773684210526316,1089.0
2022-01-11 16:48:08.721000+00:00,2752.0,5.1,5.2,4.773684210526316,1089.0
2022-01-11 16:49:09.221000+00:00,2752.0,5.1,5.2,4.773684210526316,1089.0
2022-01-11 16:50:09.721000+00:00,2752.0,5.1,5.2,4.773684210526316,1089.0
2022-01-11 16:51:10.221000+00:00,2752.0,5.1,5.2,4.773684210526316,1089.0
2022-01-11 16:52:10.721000+00:00,2752.0,5.1,5.2,4.773684210526316,1089.0
2022-01-11 16:53:11.221000+00:00,2752.0,5.2,5.2,4.773684210526316,1089.0
2022-01-11 16:54:11.721000+00:00,2752.0,5.2,5.2,4.773684210526316,1089.0
2022-01-11 16:55:12.221000+00:00,2752.0,5.2,5.2,4.773684210526316,1089.0
2022-01-11 16:56:12.721000+00:00,2752.0,5.2,5.2,4.773684210526316,1089.0
2022-01-11 16:57:13.221000+00:00,2752.0,5.2,5.2,4.773684210526316,1089.0
2022-01-11 16:58:13.721000+00:00,2752.0,4.6,5.2,4.773684210526316,1089.0
2022-01-11 16:59:14.221000+00:00,2752.0,0.7,5.2,4.773684210526316,1089.0
2022-01-11 16:59:16.221000+00:00,2752.0,0.0,5.2,4.773684210526316,1089.0
2022-01-11 17:00:37.220000+00:00,2749.0,3.2,5.2,3.5823529411764707,990.0
2022-01-11 17:01:39.095000+00:00,2749.0,5.1,5.2,3.5823529411764707,990.0
2022-01-11 17:02:40.970000+00:00,2749.0,5.2,5.2,3.5823529411764707,990.0
2022-01-11 17:03:42.845000+00:00,2749.0,5.1,5.2,3.5823529411764707,990.0
2022-01-11 17:04:44.720000+00:00,2749.0,5.2,5.2,3.5823529411764707,990.0
2022-01-11 17:05:46.595000+00:00,2749.0,5.2,5.2,3.5823529411764707,990.0
2022-01-11 17:06:48.470000+00:00,2749.0,5.1,5.2,3.5823529411764707,990.0
2022-01-11 17:07:50.345000+00:00,2749.0,5.1,5.2,3.5823529411764707,990.0
2022-01-11 17:08:52.220000+00:00,2749.0,5.2,5.2,3.5823529411764707,990.0
2022-01-11 17:09:54.095000+00:00,2749.0,5.2,5.2,3.5823529411764707,990.0
2022-01-11 17:10:55.970000+00:00,2749.0,5.1,5.2,3.5823529411764707,990.0
2022-01-11 17:11:57.845000+00:00,2749.0,2.2,5.2,3.5823529411764707,990.0
2022-01-11 17:12:59.720000+00:00,2749.0,0.7,5.2,3.5823529411764707,990.0
2022-01-11 17:14:01.595000+00:00,2749.0,0.3,5.2,3.5823529411764707,990.0
2022-01-11 17:15:03.470000+00:00,2749.0,0.9,5.2,3.5823529411764707,990.0
2022-01-11 17:16:05.345000+00:00,2749.0,1.2,5.2,3.5823529411764707,990.0
2022-01-11 17:17:07.220000+00:00,2749.0,0.9,5.2,3.5823529411764707,990.0
2022-01-11 17:17:09.220000+00:00,2749.0,0.0,5.2,3.5823529411764707,990.0
2022-01-11 17:17:28.659000+00:00,2750.0,4.1,5.2,5.07,1198.0
2022-01-11 17:18:31.711631579+00:00,2750.0,5.2,5.2,5.07,1198.0
2022-01-11 17:19:34.764263158+00:00,2750.0,5.2,5.2,5.07,1198.0
2022-01-11 17:20:37.816894737+00:00,2750.0,5.2,5.2,5.07,1198.0
2022-01-11 17:21:40.869526316+00:00,2750.0,5.2,5.2,5.07,1198.0
2022-01-11 17:22:43.922157894+00:00,2750.0,5.2,5.2,5.07,1198.0
2022-01-11 17:23:46.974789474+00:00,2750.0,5.2,5.2,5.07,1198.0
2022-01-11 17:24:50.027421053+00:00,2750.0,5.2,5.2,5.07,1198.0
2022-01-11 17:25:53.080052632+00:00,2750.0,5.2,5.2,5.07,1198.0
2022-01-11 17:26:56.132684211+00:00,2750.0,5.2,5.2,5.07,1198.0
2022-01-11 17:27:59.185315789+00:00,2750.0,5.2,5.2,5.07,1198.0
2022-01-11 17:29:02.237947368+00:00,2750.0,5.2,5.2,5.07,1198.0
2022-01-11 17:30:05.290578947+00:00,2750.0,5.2,5.2,5.07,1198.0
2022-01-11 17:31:08.343210526+00:00,2750.0,5.2,5.2,5.07,1198.0
2022-01-11 17:32:11.395842105+00:00,2750.0,5.2,5.2,5.07,1198.0
2022-01-11 17:33:14.448473684+00:00,2750.0,5.2,5.2,5.07,1198.0
2022-01-11 17:34:17.501105263+00:00,2750.0,5.2,5.2,5.07,1198.0
2022-01-11 17:35:20.553736842+00:00,2750.0,5.2,5.2,5.07,1198.0
2022-01-11 17:36:23.606368421+00:00,2750.0,5.2,5.2,5.07,1198.0
2022-01-11 17:37:26.659000+00:00,2750.0,3.7,5.2,5.07,1198.0
2022-01-11 17:37:28.659000+00:00,2750.0,0.0,5.2,5.07,1198.0
2022-01-11 17:38:53.219000+00:00,2748.0,2.2,5.3,4.444444444444445,1069.0
2022-01-11 17:39:56.101352941+00:00,2748.0,3.0,5.3,4.444444444444445,1069.0
2022-01-11 17:40:58.983705882+00:00,2748.0,2.8,5.3,4.444444444444445,1069.0
2022-01-11 17:42:01.866058824+00:00,2748.0,2.4,5.3,4.444444444444445,1069.0
2022-01-11 17:43:04.748411765+00:00,2748.0,3.8,5.3,4.444444444444445,1069.0
2022-01-11 17:44:07.630764706+00:00,2748.0,5.2,5.3,4.444444444444445,1069.0
2022-01-11 17:45:10.513117647+00:00,2748.0,5.2,5.3,4.444444444444445,1069.0
2022-01-11 17:46:13.395470588+00:00,2748.0,5.2,5.3,4.444444444444445,1069.0
2022-01-11 17:47:16.277823529+00:00,2748.0,5.3,5.3,4.444444444444445,1069.0
2022-01-11 17:48:19.160176471+00:00,2748.0,5.2,5.3,4.444444444444445,1069.0
2022-01-11 17:49:22.042529412+00:00,2748.0,5.2,5.3,4.444444444444445,1069.0
2022-01-11 17:50:24.924882353+00:00,2748.0,5.2,5.3,4.444444444444445,1069.0
2022-01-11 17:51:27.807235294+00:00,2748.0,5.3,5.3,4.444444444444445,1069.0
2022-01-11 17:52:30.689588235+00:00,2748.0,5.3,5.3,4.444444444444445,1069.0
2022-01-11 17:53:33.571941176+00:00,2748.0,5.3,5.3,4.444444444444445,1069.0
2022-01-11 17:54:36.454294118+00:00,2748.0,5.2,5.3,4.444444444444445,1069.0
2022-01-11 17:55:39.336647059+00:00,2748.0,5.2,5.3,4.444444444444445,1069.0
2022-01-11 17:56:42.219000+00:00,2748.0,3.0,5.3,4.444444444444445,1069.0
2022-01-11 17:56:44.219000+00:00,2748.0,0.0,5.3,4.444444444444445,1069.0
2022-01-11 17:58:06.658000+00:00,2746.0,2.9,5.1,4.76470588235294,1223.0
2022-01-11 17:59:23.095500+00:00,2746.0,5.1,5.1,4.76470588235294,1223.0
2022-01-11 18:00:39.533000+00:00,2746.0,5.1,5.1,4.76470588235294,1223.0
2022-01-11 18:01:55.970500+00:00,2746.0,5.1,5.1,4.76470588235294,1223.0
2022-01-11 18:03:12.408000+00:00,2746.0,5.1,5.1,4.76470588235294,1223.0
2022-01-11 18:04:28.845500+00:00,2746.0,5.1,5.1,4.76470588235294,1223.0
2022-01-11 18:05:45.283000+00:00,2746.0,5.1,5.1,4.76470588235294,1223.0
2022-01-11 18:07:01.720500+00:00,2746.0,5.1,5.1,4.76470588235294,1223.0
2022-01-11 18:08:18.158000+00:00,2746.0,5.1,5.1,4.76470588235294,1223.0
2022-01-11 18:09:34.595500+00:00,2746.0,5.1,5.1,4.76470588235294,1223.0
2022-01-11 18:10:51.033000+00:00,2746.0,5.1,5.1,4.76470588235294,1223.0
2022-01-11 18:12:07.470500+00:00,2746.0,5.1,5.1,4.76470588235294,1223.0
2022-01-11 18:13:23.908000+00:00,2746.0,5.1,5.1,4.76470588235294,1223.0
2022-01-11 18:14:40.345500+00:00,2746.0,5.1,5.1,4.76470588235294,1223.0
2022-01-11 18:15:56.783000+00:00,2746.0,5.1,5.1,4.76470588235294,1223.0
2022-01-11 18:17:13.220500+00:00,2746.0,5.1,5.1,4.76470588235294,1223.0
2022-01-11 18:18:29.658000+00:00,2746.0,1.6,5.1,4.76470588235294,1223.0
2022-01-11 18:18:31.658000+00:00,2746.0,0.0,5.1,4.76470588235294,1223.0
2022-01-11 18:19:40.657000+00:00,2746.0,2.2,5.2,4.872222222222222,1065.0
2022-01-11 18:20:43.304058824+00:00,2746.0,5.0,5.2,4.872222222222222,1065.0
2022-01-11 18:21:45.951117647+00:00,2746.0,5.2,5.2,4.872222222222222,1065.0
2022-01-11 18:22:48.598176471+00:00,2746.0,5.1,5.2,4.872222222222222,1065.0
2022-01-11 18:23:51.245235294+00:00,2746.0,5.1,5.2,4.872222222222222,1065.0
2022-01-11 18:24:53.892294118+00:00,2746.0,5.1,5.2,4.872222222222222,1065.0
2022-01-11 18:25:56.539352941+00:00,2746.0,5.1,5.2,4.872222222222222,1065.0
2022-01-11 18:26:59.186411765+00:00,2746.0,5.1,5.2,4.872222222222222,1065.0
2022-01-11 18:28:01.833470588+00:00,2746.0,5.1,5.2,4.872222222222222,1065.0
2022-01-11 18:29:04.480529412+00:00,2746.0,5.1,5.2,4.872222222222222,1065.0
2022-01-11 18:30:07.127588235+00:00,2746.0,5.2,5.2,4.872222222222222,1065.0
2022-01-11 18:31:09.774647059+00:00,2746.0,5.2,5.2,4.872222222222222,1065.0
2022-01-11 18:32:12.421705882+00:00,2746.0,5.1,5.2,4.872222222222222,1065.0
2022-01-11 18:33:15.068764706+00:00,2746.0,5.1,5.2,4.872222222222222,1065.0
2022-01-11 18:34:17.715823529+00:00,2746.0,5.2,5.2,4.872222222222222,1065.0
2022-01-11 18:35:20.362882353+00:00,2746.0,5.2,5.2,4.872222222222222,1065.0
2022-01-11 18:36:23.009941176+00:00,2746.0,5.1,5.2,4.872222222222222,1065.0
2022-01-11 18:37:25.657000+00:00,2746.0,3.5,5.2,4.872222222222222,1065.0
2022-01-11 18:37:27.657000+00:00,2746.0,0.0,5.2,4.872222222222222,1065.0
2022-01-11 18:38:46.218000+00:00,2745.0,3.6,5.2,4.782352941176471,1213.0
2022-01-11 18:40:02.030500+00:00,2745.0,5.1,5.2,4.782352941176471,1213.0
2022-01-11 18:41:17.843000+00:00,2745.0,5.1,5.2,4.782352941176471,1213.0
2022-01-11 18:42:33.655500+00:00,2745.0,5.2,5.2,4.782352941176471,1213.0
2022-01-11 18:43:49.468000+00:00,2745.0,5.2,5.2,4.782352941176471,1213.0
2022-01-11 18:45:05.280500+00:00,2745.0,5.1,5.2,4.782352941176471,1213.0
2022-01-11 18:46:21.093000+00:00,2745.0,5.1,5.2,4.782352941176471,1213.0
2022-01-11 18:47:36.905500+00:00,2745.0,5.1,5.2,4.782352941176471,1213.0
2022-01-11 18:48:52.718000+00:00,2745.0,5.2,5.2,4.782352941176471,1213.0
2022-01-11 18:50:08.530500+00:00,2745.0,5.1,5.2,4.782352941176471,1213.0
2022-01-11 18:51:24.343000+00:00,2745.0,5.2,5.2,4.782352941176471,1213.0
2022-01-11 18:52:40.155500+00:00,2745.0,5.1,5.2,4.782352941176471,1213.0
2022-01-11 18:53:55.968000+00:00,2745.0,5.2,5.2,4.782352941176471,1213.0
2022-01-11 18:55:11.780500+00:00,2745.0,5.2,5.2,4.782352941176471,1213.0
2022-01-11 18:56:27.593000+00:00,2745.0,5.1,5.2,4.782352941176471,1213.0
2022-01-11 18:57:43.405500+00:00,2745.0,4.8,5.2,4.782352941176471,1213.0
2022-01-11 18:58:59.218000+00:00,2745.0,0.9,5.2,4.782352941176471,1213.0
2022-01-11 18:59:01.218000+00:00,2745.0,0.0,5.2,4.782352941176471,1213.0
2022-01-11 19:00:18.656000+00:00,2743.0,3.0,5.2,4.752941176470588,1224.0
2022-01-11 19:01:35.156000+00:00,2743.0,5.1,5.2,4.752941176470588,1224.0
2022-01-11 19:02:51.656000+00:00,2743.0,5.1,5.2,4.752941176470588,1224.0
2022-01-11 19:04:08.156000+00:00,2743.0,5.1,5.2,4.752941176470588,1224.0
2022-01-11 19:05:24.656000+00:00,2743.0,5.1,5.2,4.752941176470588,1224.0
2022-01-11 19:06:41.156000+00:00,2743.0,5.1,5.2,4.752941176470588,1224.0
2022-01-11 19:07:57.656000+00:00,2743.0,5.1,5.2,4.752941176470588,1224.0
2022-01-11 19:09:14.156000+00:00,2743.0,5.1,5.2,4.752941176470588,1224.0
2022-01-11 19:10:30.656000+00:00,2743.0,5.1,5.2,4.752941176470588,1224.0
2022-01-11 19:11:47.156000+00:00,2743.0,5.1,5.2,4.752941176470588,1224.0
2022-01-11 19:13:03.656000+00:00,2743.0,5.1,5.2,4.752941176470588,1224.0
2022-01-11 19:14:20.156000+00:00,2743.0,5.1,5.2,4.752941176470588,1224.0
2022-01-11 19:15:36.656000+00:00,2743.0,5.1,5.2,4.752941176470588,1224.0
2022-01-11 19:16:53.156000+00:00,2743.0,5.2,5.2,4.752941176470588,1224.0
2022-01-11 19:18:09.656000+00:00,2743.0,5.2,5.2,4.752941176470588,1224.0
2022-01-11 19:19:26.156000+00:00,2743.0,5.0,5.2,4.752941176470588,1224.0
2022-01-11 19:20:42.656000+00:00,2743.0,1.2,5.2,4.752941176470588,1224.0
2022-01-11 19:20:44.656000+00:00,2743.0,0.0,5.2,4.752941176470588,1224.0
2022-01-11 19:21:58.656000+00:00,2743.0,2.3,5.1,4.847058823529411,1259.0
2022-01-11 19:23:17.343500+00:00,2743.0,5.0,5.1,4.847058823529411,1259.0
2022-01-11 19:24:36.031000+00:00,2743.0,5.1,5.1,4.847058823529411,1259.0
2022-01-11 19:25:54.718500+00:00,2743.0,5.1,5.1,4.847058823529411,1259.0
2022-01-11 19:27:13.406000+00:00,2743.0,5.1,5.1,4.847058823529411,1259.0
2022-01-11 19:28:32.093500+00:00,2743.0,5.1,5.1,4.847058823529411,1259.0
2022-01-11 19:29:50.781000+00:00,2743.0,5.1,5.1,4.847058823529411,1259.0
2022-01-11 19:31:09.468500+00:00,2743.0,5.1,5.1,4.847058823529411,1259.0
2022-01-11 19:32:28.156000+00:00,2743.0,5.1,5.1,4.847058823529411,1259.0
2022-01-11 19:33:46.843500+00:00,2743.0,5.1,5.1,4.847058823529411,1259.0
2022-01-11 19:35:05.531000+00:00,2743.0,5.1,5.1,4.847058823529411,1259.0
2022-01-11 19:36:24.218500+00:00,2743.0,5.1,5.1,4.847058823529411,1259.0
2022-01-11 19:37:42.906000+00:00,2743.0,5.1,5.1,4.847058823529411,1259.0
2022-01-11 19:39:01.593500+00:00,2743.0,5.1,5.1,4.847058823529411,1259.0
2022-01-11 19:40:20.281000+00:00,2743.0,5.1,5.1,4.847058823529411,1259.0
2022-01-11 19:41:38.968500+00:00,2743.0,5.1,5.1,4.847058823529411,1259.0
2022-01-11 19:42:57.656000+00:00,2743.0,3.7,5.1,4.847058823529411,1259.0
2022-01-11 19:42:59.656000+00:00,2743.0,0.0,5.1,4.847058823529411,1259.0
2022-01-11 19:44:10.655000+00:00,2742.0,4.0,5.2,5.027777777777779,1342.0
2022-01-11 19:45:29.596176471+00:00,2742.0,5.1,5.2,5.027777777777779,1342.0
2022-01-11 19:46:48.537352941+00:00,2742.0,5.2,5.2,5.027777777777779,1342.0
2022-01-11 19:48:07.478529412+00:00,2742.0,5.2,5.2,5.027777777777779,1342.0
2022-01-11 19:49:26.419705882+00:00,2742.0,5.2,5.2,5.027777777777779,1342.0
2022-01-11 19:50:45.360882353+00:00,2742.0,5.2,5.2,5.027777777777779,1342.0
2022-01-11 19:52:04.302058824+00:00,2742.0,5.2,5.2,5.027777777777779,1342.0
2022-01-11 19:53:23.243235294+00:00,2742.0,5.2,5.2,5.027777777777779,1342.0
2022-01-11 19:54:42.184411765+00:00,2742.0,5.2,5.2,5.027777777777779,1342.0
2022-01-11 19:56:01.125588235+00:00,2742.0,5.2,5.2,5.027777777777779,1342.0
2022-01-11 19:57:20.066764706+00:00,2742.0,5.2,5.2,5.027777777777779,1342.0
2022-01-11 19:58:39.007941176+00:00,2742.0,5.2,5.2,5.027777777777779,1342.0
2022-01-11 19:59:57.949117647+00:00,2742.0,5.2,5.2,5.027777777777779,1342.0
2022-01-11 20:01:16.890294118+00:00,2742.0,5.2,5.2,5.027777777777779,1342.0
2022-01-11 20:02:35.831470588+00:00,2742.0,5.2,5.2,5.027777777777779,1342.0
2022-01-11 20:03:54.772647059+00:00,2742.0,5.2,5.2,5.027777777777779,1342.0
2022-01-11 20:05:13.713823529+00:00,2742.0,5.2,5.2,5.027777777777779,1342.0
2022-01-11 20:06:32.655000+00:00,2742.0,3.4,5.2,5.027777777777779,1342.0
2022-01-11 20:06:34.655000+00:00,2742.0,0.0,5.2,5.027777777777779,1342.0
2022-01-11 20:07:44.215000+00:00,2740.0,3.1,5.1,4.605555555555555,1041.0
2022-01-11 20:08:45.450294118+00:00,2740.0,5.1,5.1,4.605555555555555,1041.0
2022-01-11 20:09:46.685588235+00:00,2740.0,5.1,5.1,4.605555555555555,1041.0
2022-01-11 20:10:47.920882353+00:00,2740.0,5.1,5.1,4.605555555555555,1041.0
2022-01-11 20:11:49.156176471+00:00,2740.0,5.1,5.1,4.605555555555555,1041.0
2022-01-11 20:12:50.391470588+00:00,2740.0,5.1,5.1,4.605555555555555,1041.0
2022-01-11 20:13:51.626764706+00:00,2740.0,5.1,5.1,4.605555555555555,1041.0
2022-01-11 20:14:52.862058824+00:00,2740.0,5.1,5.1,4.605555555555555,1041.0
2022-01-11 20:15:54.097352941+00:00,2740.0,5.1,5.1,4.605555555555555,1041.0
2022-01-11 20:16:55.332647059+00:00,2740.0,5.1,5.1,4.605555555555555,1041.0
2022-01-11 20:17:56.567941176+00:00,2740.0,5.1,5.1,4.605555555555555,1041.0
2022-01-11 20:18:57.803235294+00:00,2740.0,5.1,5.1,4.605555555555555,1041.0
2022-01-11 20:19:59.038529412+00:00,2740.0,5.1,5.1,4.605555555555555,1041.0
2022-01-11 20:21:00.273823529+00:00,2740.0,5.1,5.1,4.605555555555555,1041.0
2022-01-11 20:22:01.509117647+00:00,2740.0,5.1,5.1,4.605555555555555,1041.0
2022-01-11 20:23:02.744411765+00:00,2740.0,5.1,5.1,4.605555555555555,1041.0
2022-01-11 20:24:03.979705882+00:00,2740.0,2.6,5.1,4.605555555555555,1041.0
2022-01-11 20:25:05.215000+00:00,2740.0,0.7,5.1,4.605555555555555,1041.0
2022-01-11 20:25:07.215000+00:00,2740.0,0.0,5.1,4.605555555555555,1041.0
2022-01-11 20:26:07.215000+00:00,2739.0,1.6,5.1,4.755555555555556,1336.0
2022-01-11 20:27:25.803235294+00:00,2739.0,4.8,5.1,4.755555555555556,1336.0
2022-01-11 20:28:44.391470588+00:00,2739.0,5.1,5.1,4.755555555555556,1336.0
2022-01-11 20:30:02.979705882+00:00,2739.0,5.1,5.1,4.755555555555556,1336.0
2022-01-11 20:31:21.567941176+00:00,2739.0,5.1,5.1,4.755555555555556,1336.0
2022-01-11 20:32:40.156176471+00:00,2739.0,5.1,5.1,4.755555555555556,1336.0
2022-01-11 20:33:58.744411765+00:00,2739.0,5.1,5.1,4.755555555555556,1336.0
2022-01-11 20:35:17.332647059+00:00,2739.0,5.1,5.1,4.755555555555556,1336.0
2022-01-11 20:36:35.920882353+00:00,2739.0,5.1,5.1,4.755555555555556,1336.0
2022-01-11 20:37:54.509117647+00:00,2739.0,5.1,5.1,4.755555555555556,1336.0
2022-01-11 20:39:13.097352941+00:00,2739.0,5.1,5.1,4.755555555555556,1336.0
2022-01-11 20:40:31.685588235+00:00,2739.0,5.1,5.1,4.755555555555556,1336.0
2022-01-11 20:41:50.273823529+00:00,2739.0,5.1,5.1,4.755555555555556,1336.0
2022-01-11 20:43:08.862058824+00:00,2739.0,5.1,5.1,4.755555555555556,1336.0
2022-01-11 20:44:27.450294118+00:00,2739.0,5.1,5.1,4.755555555555556,1336.0
2022-01-11 20:45:46.038529412+00:00,2739.0,5.1,5.1,4.755555555555556,1336.0
2022-01-11 20:47:04.626764706+00:00,2739.0,5.1,5.1,4.755555555555556,1336.0
2022-01-11 20:48:23.215000+00:00,2739.0,2.7,5.1,4.755555555555556,1336.0
2022-01-11 20:48:25.215000+00:00,2739.0,0.0,5.1,4.755555555555556,1336.0
2022-01-11 20:49:43.214000+00:00,2739.0,3.2,5.2,4.738888888888889,1288.0
2022-01-11 20:50:58.978705882+00:00,2739.0,5.1,5.2,4.738888888888889,1288.0
2022-01-11 20:52:14.743411765+00:00,2739.0,5.2,5.2,4.738888888888889,1288.0
2022-01-11 20:53:30.508117647+00:00,2739.0,5.2,5.2,4.738888888888889,1288.0
2022-01-11 20:54:46.272823529+00:00,2739.0,5.2,5.2,4.738888888888889,1288.0
2022-01-11 20:56:02.037529412+00:00,2739.0,5.1,5.2,4.738888888888889,1288.0
2022-01-11 20:57:17.802235294+00:00,2739.0,5.1,5.2,4.738888888888889,1288.0
2022-01-11 20:58:33.566941176+00:00,2739.0,5.1,5.2,4.738888888888889,1288.0
2022-01-11 20:59:49.331647059+00:00,2739.0,5.1,5.2,4.738888888888889,1288.0
2022-01-11 21:01:05.096352941+00:00,2739.0,5.1,5.2,4.738888888888889,1288.0
2022-01-11 21:02:20.861058824+00:00,2739.0,5.1,5.2,4.738888888888889,1288.0
2022-01-11 21:03:36.625764706+00:00,2739.0,5.1,5.2,4.738888888888889,1288.0
2022-01-11 21:04:52.390470588+00:00,2739.0,5.1,5.2,4.738888888888889,1288.0
2022-01-11 21:06:08.155176471+00:00,2739.0,5.2,5.2,4.738888888888889,1288.0
2022-01-11 21:07:23.919882353+00:00,2739.0,5.2,5.2,4.738888888888889,1288.0
2022-01-11 21:08:39.684588235+00:00,2739.0,5.1,5.2,4.738888888888889,1288.0
2022-01-11 21:09:55.449294118+00:00,2739.0,4.5,5.2,4.738888888888889,1288.0
2022-01-11 21:11:11.214000+00:00,2739.0,0.6,5.2,4.738888888888889,1288.0
2022-01-11 21:11:13.214000+00:00,2739.0,0.0,5.2,4.738888888888889,1288.0
2022-01-11 21:12:34.653000+00:00,2738.0,3.4,5.1,4.857894736842105,1411.0
2022-01-11 21:13:53.041888889+00:00,2738.0,5.1,5.1,4.857894736842105,1411.0
2022-01-11 21:15:11.430777778+00:00,2738.0,5.1,5.1,4.857894736842105,1411.0
2022-01-11 21:16:29.819666667+00:00,2738.0,5.1,5.1,4.857894736842105,1411.0
2022-01-11 21:17:48.208555556+00:00,2738.0,5.1,5.1,4.857894736842105,1411.0
2022-01-11 21:19:06.597444444+00:00,2738.0,5.1,5.1,4.857894736842105,1411.0
2022-01-11 21:20:24.986333333+00:00,2738.0,5.1,5.1,4.857894736842105,1411.0
2022-01-11 21:21:43.375222222+00:00,2738.0,5.1,5.1,4.857894736842105,1411.0
2022-01-11 21:23:01.764111111+00:00,2738.0,5.1,5.1,4.857894736842105,1411.0
2022-01-11 21:24:20.153000+00:00,2738.0,5.1,5.1,4.857894736842105,1411.0
2022-01-11 21:25:38.541888889+00:00,2738.0,5.1,5.1,4.857894736842105,1411.0
2022-01-11 21:26:56.930777778+00:00,2738.0,5.1,5.1,4.857894736842105,1411.0
2022-01-11 21:28:15.319666667+00:00,2738.0,5.1,5.1,4.857894736842105,1411.0
2022-01-11 21:29:33.708555556+00:00,2738.0,5.1,5.1,4.857894736842105,1411.0
2022-01-11 21:30:52.097444444+00:00,2738.0,5.1,5.1,4.857894736842105,1411.0
2022-01-11 21:32:10.486333333+00:00,2738.0,5.1,5.1,4.857894736842105,1411.0
2022-01-11 21:33:28.875222222+00:00,2738.0,5.1,5.1,4.857894736842105,1411.0
2022-01-11 21:34:47.264111111+00:00,2738.0,5.1,5.1,4.857894736842105,1411.0
2022-01-11 21:36:05.653000+00:00,2738.0,2.2,5.1,4.857894736842105,1411.0
2022-01-11 21:36:07.653000+00:00,2738.0,0.0,5.1,4.857894736842105,1411.0
2022-01-11 21:37:18.652000+00:00,2738.0,4.1,5.1,4.7631578947368425,1357.0
2022-01-11 21:38:34.040888889+00:00,2738.0,5.0,5.1,4.7631578947368425,1357.0
2022-01-11 21:39:49.429777778+00:00,2738.0,5.1,5.1,4.7631578947368425,1357.0
2022-01-11 21:41:04.818666667+00:00,2738.0,5.1,5.1,4.7631578947368425,1357.0
2022-01-11 21:42:20.207555556+00:00,2738.0,5.1,5.1,4.7631578947368425,1357.0
2022-01-11 21:43:35.596444444+00:00,2738.0,5.1,5.1,4.7631578947368425,1357.0
2022-01-11 21:44:50.985333333+00:00,2738.0,5.1,5.1,4.7631578947368425,1357.0
2022-01-11 21:46:06.374222222+00:00,2738.0,5.1,5.1,4.7631578947368425,1357.0
2022-01-11 21:47:21.763111111+00:00,2738.0,5.1,5.1,4.7631578947368425,1357.0
2022-01-11 21:48:37.152000+00:00,2738.0,5.1,5.1,4.7631578947368425,1357.0
2022-01-11 21:49:52.540888889+00:00,2738.0,5.1,5.1,4.7631578947368425,1357.0
2022-01-11 21:51:07.929777778+00:00,2738.0,5.1,5.1,4.7631578947368425,1357.0
2022-01-11 21:52:23.318666667+00:00,2738.0,5.1,5.1,4.7631578947368425,1357.0
2022-01-11 21:53:38.707555556+00:00,2738.0,5.1,5.1,4.7631578947368425,1357.0
2022-01-11 21:54:54.096444444+00:00,2738.0,5.1,5.1,4.7631578947368425,1357.0
2022-01-11 21:56:09.485333333+00:00,2738.0,5.1,5.1,4.7631578947368425,1357.0
2022-01-11 21:57:24.874222222+00:00,2738.0,5.1,5.1,4.7631578947368425,1357.0
2022-01-11 21:58:40.263111111+00:00,2738.0,4.4,5.1,4.7631578947368425,1357.0
2022-01-11 21:59:55.652000+00:00,2738.0,0.5,5.1,4.7631578947368425,1357.0
2022-01-11 21:59:57.652000+00:00,2738.0,0.0,5.1,4.7631578947368425,1357.0
2022-01-11 22:01:15.652000+00:00,2733.0,1.0,2.8,2.442857142857143,626.0
2022-01-11 22:02:03.805846154+00:00,2733.0,1.6,2.8,2.442857142857143,626.0
2022-01-11 22:02:51.959692308+00:00,2733.0,2.6,2.8,2.442857142857143,626.0
2022-01-11 22:03:40.113538462+00:00,2733.0,2.7,2.8,2.442857142857143,626.0
2022-01-11 22:04:28.267384615+00:00,2733.0,2.8,2.8,2.442857142857143,626.0
2022-01-11 22:05:16.421230769+00:00,2733.0,2.7,2.8,2.442857142857143,626.0
2022-01-11 22:06:04.575076923+00:00,2733.0,2.8,2.8,2.442857142857143,626.0
2022-01-11 22:06:52.728923077+00:00,2733.0,2.7,2.8,2.442857142857143,626.0
2022-01-11 22:07:40.882769231+00:00,2733.0,2.7,2.8,2.442857142857143,626.0
2022-01-11 22:08:29.036615385+00:00,2733.0,2.7,2.8,2.442857142857143,626.0
2022-01-11 22:09:17.190461538+00:00,2733.0,2.7,2.8,2.442857142857143,626.0
2022-01-11 22:10:05.344307692+00:00,2733.0,2.8,2.8,2.442857142857143,626.0
2022-01-11 22:10:53.498153846+00:00,2733.0,2.7,2.8,2.442857142857143,626.0
2022-01-11 22:11:41.652000+00:00,2733.0,1.7,2.8,2.442857142857143,626.0
2022-01-11 22:11:43.652000+00:00,2733.0,0.0,2.8,2.442857142857143,626.0
2022-01-11 22:12:44.651000+00:00,2737.0,4.2,5.1,4.858823529411764,1239.0
2022-01-11 22:14:02.088500+00:00,2737.0,5.1,5.1,4.858823529411764,1239.0
2022-01-11 22:15:19.526000+00:00,2737.0,5.1,5.1,4.858823529411764,1239.0
2022-01-11 22:16:36.963500+00:00,2737.0,5.1,5.1,4.858823529411764,1239.0
2022-01-11 22:17:54.401000+00:00,2737.0,5.1,5.1,4.858823529411764,1239.0
2022-01-11 22:19:11.838500+00:00,2737.0,5.1,5.1,4.858823529411764,1239.0
2022-01-11 22:20:29.276000+00:00,2737.0,5.1,5.1,4.858823529411764,1239.0
2022-01-11 22:21:46.713500+00:00,2737.0,5.1,5.1,4.858823529411764,1239.0
2022-01-11 22:23:04.151000+00:00,2737.0,5.1,5.1,4.858823529411764,1239.0
2022-01-11 22:24:21.588500+00:00,2737.0,5.1,5.1,4.858823529411764,1239.0
2022-01-11 22:25:39.026000+00:00,2737.0,5.1,5.1,4.858823529411764,1239.0
2022-01-11 22:26:56.463500+00:00,2737.0,5.1,5.1,4.858823529411764,1239.0
2022-01-11 22:28:13.901000+00:00,2737.0,5.1,5.1,4.858823529411764,1239.0
2022-01-11 22:29:31.338500+00:00,2737.0,5.1,5.1,4.858823529411764,1239.0
2022-01-11 22:30:48.776000+00:00,2737.0,5.1,5.1,4.858823529411764,1239.0
2022-01-11 22:32:06.213500+00:00,2737.0,5.1,5.1,4.858823529411764,1239.0
2022-01-11 22:33:23.651000+00:00,2737.0,1.9,5.1,4.858823529411764,1239.0
2022-01-11 22:33:25.651000+00:00,2737.0,0.0,5.1,4.858823529411764,1239.0
2022-01-11 22:34:38.212000+00:00,2737.0,3.3,5.2,4.936842105263159,1411.0
2022-01-11 22:35:56.600888889+00:00,2737.0,5.1,5.2,4.936842105263159,1411.0
2022-01-11 22:37:14.989777778+00:00,2737.0,5.1,5.2,4.936842105263159,1411.0
2022-01-11 22:38:33.378666667+00:00,2737.0,5.2,5.2,4.936842105263159,1411.0
2022-01-11 22:39:51.767555556+00:00,2737.0,5.1,5.2,4.936842105263159,1411.0
2022-01-11 22:41:10.156444444+00:00,2737.0,5.1,5.2,4.936842105263159,1411.0
2022-01-11 22:42:28.545333333+00:00,2737.0,5.1,5.2,4.936842105263159,1411.0
2022-01-11 22:43:46.934222222+00:00,2737.0,5.1,5.2,4.936842105263159,1411.0
2022-01-11 22:45:05.323111111+00:00,2737.0,5.2,5.2,4.936842105263159,1411.0
2022-01-11 22:46:23.712000+00:00,2737.0,5.2,5.2,4.936842105263159,1411.0
2022-01-11 22:47:42.100888889+00:00,2737.0,5.1,5.2,4.936842105263159,1411.0
2022-01-11 22:49:00.489777778+00:00,2737.0,5.2,5.2,4.936842105263159,1411.0
2022-01-11 22:50:18.878666667+00:00,2737.0,5.1,5.2,4.936842105263159,1411.0
2022-01-11 22:51:37.267555556+00:00,2737.0,5.2,5.2,4.936842105263159,1411.0
2022-01-11 22:52:55.656444444+00:00,2737.0,5.2,5.2,4.936842105263159,1411.0
2022-01-11 22:54:14.045333333+00:00,2737.0,5.2,5.2,4.936842105263159,1411.0
2022-01-11 22:55:32.434222222+00:00,2737.0,5.2,5.2,4.936842105263159,1411.0
2022-01-11 22:56:50.823111111+00:00,2737.0,5.2,5.2,4.936842105263159,1411.0
2022-01-11 22:58:09.212000+00:00,2737.0,2.9,5.2,4.936842105263159,1411.0
2022-01-11 22:58:11.212000+00:00,2737.0,0.0,5.2,4.936842105263159,1411.0
2022-01-11 22:59:10.211000+00:00,2736.0,2.8,5.1,4.864999999999998,1182.0
2022-01-11 23:00:12.421526316+00:00,2736.0,5.1,5.1,4.864999999999998,1182.0
2022-01-11 23:01:14.632052632+00:00,2736.0,5.0,5.1,4.864999999999998,1182.0
2022-01-11 23:02:16.842578947+00:00,2736.0,5.1,5.1,4.864999999999998,1182.0
2022-01-11 23:03:19.053105263+00:00,2736.0,5.1,5.1,4.864999999999998,1182.0
2022-01-11 23:04:21.263631579+00:00,2736.0,5.1,5.1,4.864999999999998,1182.0
2022-01-11 23:05:23.474157894+00:00,2736.0,5.0,5.1,4.864999999999998,1182.0
2022-01-11 23:06:25.684684211+00:00,2736.0,5.0,5.1,4.864999999999998,1182.0
2022-01-11 23:07:27.895210526+00:00,2736.0,5.1,5.1,4.864999999999998,1182.0
2022-01-11 23:08:30.105736842+00:00,2736.0,5.1,5.1,4.864999999999998,1182.0
2022-01-11 23:09:32.316263158+00:00,2736.0,5.1,5.1,4.864999999999998,1182.0
2022-01-11 23:10:34.526789474+00:00,2736.0,5.1,5.1,4.864999999999998,1182.0
2022-01-11 23:11:36.737315789+00:00,2736.0,5.1,5.1,4.864999999999998,1182.0
2022-01-11 23:12:38.947842105+00:00,2736.0,5.1,5.1,4.864999999999998,1182.0
2022-01-11 23:13:41.158368421+00:00,2736.0,5.1,5.1,4.864999999999998,1182.0
2022-01-11 23:14:43.368894737+00:00,2736.0,5.0,5.1,4.864999999999998,1182.0
2022-01-11 23:15:45.579421053+00:00,2736.0,5.1,5.1,4.864999999999998,1182.0
2022-01-11 23:16:47.789947368+00:00,2736.0,5.1,5.1,4.864999999999998,1182.0
2022-01-11 23:17:50.000473684+00:00,2736.0,5.1,5.1,4.864999999999998,1182.0
2022-01-11 23:18:52.211000+00:00,2736.0,3.1,5.1,4.864999999999998,1182.0
2022-01-11 23:18:54.211000+00:00,2736.0,0.0,5.1,4.864999999999998,1182.0
2022-01-11 23:20:14.650000+00:00,2734.0,4.3,5.1,4.922222222222221,1337.0
2022-01-11 23:21:33.297058824+00:00,2734.0,5.1,5.1,4.922222222222221,1337.0
2022-01-11 23:22:51.944117647+00:00,2734.0,5.1,5.1,4.922222222222221,1337.0
2022-01-11 23:24:10.591176471+00:00,2734.0,5.1,5.1,4.922222222222221,1337.0
2022-01-11 23:25:29.238235294+00:00,2734.0,5.1,5.1,4.922222222222221,1337.0
2022-01-11 23:26:47.885294118+00:00,2734.0,5.1,5.1,4.922222222222221,1337.0
2022-01-11 23:28:06.532352941+00:00,2734.0,5.0,5.1,4.922222222222221,1337.0
2022-01-11 23:29:25.179411765+00:00,2734.0,5.1,5.1,4.922222222222221,1337.0
2022-01-11 23:30:43.826470588+00:00,2734.0,5.1,5.1,4.922222222222221,1337.0
2022-01-11 23:32:02.473529412+00:00,2734.0,5.1,5.1,4.922222222222221,1337.0
2022-01-11 23:33:21.120588235+00:00,2734.0,5.1,5.1,4.922222222222221,1337.0
2022-01-11 23:34:39.767647059+00:00,2734.0,5.1,5.1,4.922222222222221,1337.0
2022-01-11 23:35:58.414705882+00:00,2734.0,5.1,5.1,4.922222222222221,1337.0
2022-01-11 23:37:17.061764706+00:00,2734.0,5.1,5.1,4.922222222222221,1337.0
2022-01-11 23:38:35.708823529+00:00,2734.0,5.1,5.1,4.922222222222221,1337.0
2022-01-11 23:39:54.355882353+00:00,2734.0,5.1,5.1,4.922222222222221,1337.0
2022-01-11 23:41:13.002941176+00:00,2734.0,5.1,5.1,4.922222222222221,1337.0
2022-01-11 23:42:31.650000+00:00,2734.0,2.8,5.1,4.922222222222221,1337.0
2022-01-11 23:42:33.650000+00:00,2734.0,0.0,5.1,4.922222222222221,1337.0
2022-01-11 23:43:42.210000+00:00,2733.0,3.1,5.1,4.858823529411764,1254.0
2022-01-11 23:45:00.585000+00:00,2733.0,5.1,5.1,4.858823529411764,1254.0
2022-01-11 23:46:18.960000+00:00,2733.0,5.1,5.1,4.858823529411764,1254.0
2022-01-11 23:47:37.335000+00:00,2733.0,5.1,5.1,4.858823529411764,1254.0
2022-01-11 23:48:55.710000+00:00,2733.0,5.1,5.1,4.858823529411764,1254.0
2022-01-11 23:50:14.085000+00:00,2733.0,5.1,5.1,4.858823529411764,1254.0
2022-01-11 23:51:32.460000+00:00,2733.0,5.1,5.1,4.858823529411764,1254.0
2022-01-11 23:52:50.835000+00:00,2733.0,5.1,5.1,4.858823529411764,1254.0
2022-01-11 23:54:09.210000+00:00,2733.0,5.1,5.1,4.858823529411764,1254.0
2022-01-11 23:55:27.585000+00:00,2733.0,5.1,5.1,4.858823529411764,1254.0
2022-01-11 23:56:45.960000+00:00,2733.0,5.1,5.1,4.858823529411764,1254.0
2022-01-11 23:58:04.335000+00:00,2733.0,5.1,5.1,4.858823529411764,1254.0
2022-01-11 23:59:22.710000+00:00,2733.0,5.1,5.1,4.858823529411764,1254.0
2022-01-12 00:00:41.085000+00:00,2733.0,5.1,5.1,4.858823529411764,1254.0
2022-01-12 00:01:59.460000+00:00,2733.0,5.1,5.1,4.858823529411764,1254.0
2022-01-12 00:03:17.835000+00:00,2733.0,5.1,5.1,4.858823529411764,1254.0
2022-01-12 00:04:36.210000+00:00,2733.0,3.0,5.1,4.858823529411764,1254.0
2022-01-12 00:04:38.210000+00:00,2733.0,0.0,5.1,4.858823529411764,1254.0
2022-01-12 00:05:46.649000+00:00,2732.0,3.1,5.2,4.78421052631579,1367.0
2022-01-12 00:07:02.593444444+00:00,2732.0,5.2,5.2,4.78421052631579,1367.0
2022-01-12 00:08:18.537888889+00:00,2732.0,5.2,5.2,4.78421052631579,1367.0
2022-01-12 00:09:34.482333333+00:00,2732.0,5.1,5.2,4.78421052631579,1367.0
2022-01-12 00:10:50.426777778+00:00,2732.0,5.2,5.2,4.78421052631579,1367.0
2022-01-12 00:12:06.371222222+00:00,2732.0,5.1,5.2,4.78421052631579,1367.0
2022-01-12 00:13:22.315666667+00:00,2732.0,5.1,5.2,4.78421052631579,1367.0
2022-01-12 00:14:38.260111111+00:00,2732.0,5.2,5.2,4.78421052631579,1367.0
2022-01-12 00:15:54.204555556+00:00,2732.0,5.2,5.2,4.78421052631579,1367.0
2022-01-12 00:17:10.149000+00:00,2732.0,5.2,5.2,4.78421052631579,1367.0
2022-01-12 00:18:26.093444444+00:00,2732.0,5.2,5.2,4.78421052631579,1367.0
2022-01-12 00:19:42.037888889+00:00,2732.0,5.2,5.2,4.78421052631579,1367.0
2022-01-12 00:20:57.982333333+00:00,2732.0,5.2,5.2,4.78421052631579,1367.0
2022-01-12 00:22:13.926777778+00:00,2732.0,5.2,5.2,4.78421052631579,1367.0
2022-01-12 00:23:29.871222222+00:00,2732.0,5.2,5.2,4.78421052631579,1367.0
2022-01-12 00:24:45.815666667+00:00,2732.0,5.2,5.2,4.78421052631579,1367.0
2022-01-12 00:26:01.760111111+00:00,2732.0,5.2,5.2,4.78421052631579,1367.0
2022-01-12 00:27:17.704555556+00:00,2732.0,4.3,5.2,4.78421052631579,1367.0
2022-01-12 00:28:33.649000+00:00,2732.0,0.6,5.2,4.78421052631579,1367.0
2022-01-12 00:28:35.649000+00:00,2732.0,0.0,5.2,4.78421052631579,1367.0
2022-01-12 00:29:34.648000+00:00,2731.0,1.4,5.1,4.594444444444445,1042.0
2022-01-12 00:30:35.942117647+00:00,2731.0,4.1,5.1,4.594444444444445,1042.0
2022-01-12 00:31:37.236235294+00:00,2731.0,5.1,5.1,4.594444444444445,1042.0
2022-01-12 00:32:38.530352941+00:00,2731.0,5.1,5.1,4.594444444444445,1042.0
2022-01-12 00:33:39.824470588+00:00,2731.0,5.1,5.1,4.594444444444445,1042.0
2022-01-12 00:34:41.118588235+00:00,2731.0,5.1,5.1,4.594444444444445,1042.0
2022-01-12 00:35:42.412705882+00:00,2731.0,5.1,5.1,4.594444444444445,1042.0
2022-01-12 00:36:43.706823529+00:00,2731.0,5.1,5.1,4.594444444444445,1042.0
2022-01-12 00:37:45.000941176+00:00,2731.0,5.1,5.1,4.594444444444445,1042.0
2022-01-12 00:38:46.295058824+00:00,2731.0,5.1,5.1,4.594444444444445,1042.0
2022-01-12 00:39:47.589176471+00:00,2731.0,5.1,5.1,4.594444444444445,1042.0
2022-01-12 00:40:48.883294118+00:00,2731.0,5.1,5.1,4.594444444444445,1042.0
2022-01-12 00:41:50.177411765+00:00,2731.0,5.1,5.1,4.594444444444445,1042.0
2022-01-12 00:42:51.471529412+00:00,2731.0,5.1,5.1,4.594444444444445,1042.0
2022-01-12 00:43:52.765647059+00:00,2731.0,5.1,5.1,4.594444444444445,1042.0
2022-01-12 00:44:54.059764706+00:00,2731.0,5.1,5.1,4.594444444444445,1042.0
2022-01-12 00:45:55.353882353+00:00,2731.0,4.9,5.1,4.594444444444445,1042.0
2022-01-12 00:46:56.648000+00:00,2731.0,0.9,5.1,4.594444444444445,1042.0
2022-01-12 00:46:58.648000+00:00,2731.0,0.0,5.1,4.594444444444445,1042.0
2022-01-12 00:48:18.208000+00:00,2730.0,2.6,5.1,4.85,1193.0
2022-01-12 00:49:20.997473684+00:00,2730.0,5.0,5.1,4.85,1193.0
2022-01-12 00:50:23.786947368+00:00,2730.0,5.1,5.1,4.85,1193.0
2022-01-12 00:51:26.576421053+00:00,2730.0,5.1,5.1,4.85,1193.0
2022-01-12 00:52:29.365894737+00:00,2730.0,5.1,5.1,4.85,1193.0
2022-01-12 00:53:32.155368421+00:00,2730.0,5.1,5.1,4.85,1193.0
2022-01-12 00:54:34.944842105+00:00,2730.0,5.1,5.1,4.85,1193.0
2022-01-12 00:55:37.734315789+00:00,2730.0,5.1,5.1,4.85,1193.0
2022-01-12 00:56:40.523789474+00:00,2730.0,5.1,5.1,4.85,1193.0
2022-01-12 00:57:43.313263158+00:00,2730.0,5.1,5.1,4.85,1193.0
2022-01-12 00:58:46.102736842+00:00,2730.0,5.1,5.1,4.85,1193.0
2022-01-12 00:59:48.892210526+00:00,2730.0,5.1,5.1,4.85,1193.0
2022-01-12 01:00:51.681684211+00:00,2730.0,5.1,5.1,4.85,1193.0
2022-01-12 01:01:54.471157894+00:00,2730.0,5.1,5.1,4.85,1193.0
2022-01-12 01:02:57.260631579+00:00,2730.0,5.1,5.1,4.85,1193.0
2022-01-12 01:04:00.050105263+00:00,2730.0,5.1,5.1,4.85,1193.0
2022-01-12 01:05:02.839578947+00:00,2730.0,5.1,5.1,4.85,1193.0
2022-01-12 01:06:05.629052632+00:00,2730.0,5.1,5.1,4.85,1193.0
2022-01-12 01:07:08.418526316+00:00,2730.0,5.1,5.1,4.85,1193.0
2022-01-12 01:08:11.208000+00:00,2730.0,2.7,5.1,4.85,1193.0
2022-01-12 01:08:13.208000+00:00,2730.0,0.0,5.1,4.85,1193.0
2022-01-12 01:09:35.208000+00:00,2729.0,2.7,5.1,4.777777777777777,1065.0
2022-01-12 01:10:37.855058824+00:00,2729.0,5.0,5.1,4.777777777777777,1065.0
2022-01-12 01:11:40.502117647+00:00,2729.0,5.1,5.1,4.777777777777777,1065.0
2022-01-12 01:12:43.149176471+00:00,2729.0,5.1,5.1,4.777777777777777,1065.0
2022-01-12 01:13:45.796235294+00:00,2729.0,5.1,5.1,4.777777777777777,1065.0
2022-01-12 01:14:48.443294118+00:00,2729.0,5.1,5.1,4.777777777777777,1065.0
2022-01-12 01:15:51.090352941+00:00,2729.0,5.1,5.1,4.777777777777777,1065.0
2022-01-12 01:16:53.737411765+00:00,2729.0,5.1,5.1,4.777777777777777,1065.0
2022-01-12 01:17:56.384470588+00:00,2729.0,5.1,5.1,4.777777777777777,1065.0
2022-01-12 01:18:59.031529412+00:00,2729.0,5.1,5.1,4.777777777777777,1065.0
2022-01-12 01:20:01.678588235+00:00,2729.0,5.1,5.1,4.777777777777777,1065.0
2022-01-12 01:21:04.325647059+00:00,2729.0,5.1,5.1,4.777777777777777,1065.0
2022-01-12 01:22:06.972705882+00:00,2729.0,5.1,5.1,4.777777777777777,1065.0
2022-01-12 01:23:09.619764706+00:00,2729.0,5.1,5.1,4.777777777777777,1065.0
2022-01-12 01:24:12.266823529+00:00,2729.0,5.1,5.1,4.777777777777777,1065.0
2022-01-12 01:25:14.913882353+00:00,2729.0,5.1,5.1,4.777777777777777,1065.0
2022-01-12 01:26:17.560941176+00:00,2729.0,5.1,5.1,4.777777777777777,1065.0
2022-01-12 01:27:20.208000+00:00,2729.0,1.8,5.1,4.777777777777777,1065.0
2022-01-12 01:27:22.208000+00:00,2729.0,0.0,5.1,4.777777777777777,1065.0
2022-01-12 01:28:21.208000+00:00,2725.0,1.2,1.7,1.4727272727272729,166.0
2022-01-12 01:28:36.298909091+00:00,2725.0,1.7,1.7,1.4727272727272729,166.0
2022-01-12 01:28:51.389818182+00:00,2725.0,1.7,1.7,1.4727272727272729,166.0
2022-01-12 01:29:06.480727273+00:00,2725.0,1.6,1.7,1.4727272727272729,166.0
2022-01-12 01:29:21.571636364+00:00,2725.0,1.6,1.7,1.4727272727272729,166.0
2022-01-12 01:29:36.662545455+00:00,2725.0,1.6,1.7,1.4727272727272729,166.0
2022-01-12 01:29:51.753454545+00:00,2725.0,1.7,1.7,1.4727272727272729,166.0
2022-01-12 01:30:06.844363636+00:00,2725.0,1.5,1.7,1.4727272727272729,166.0
2022-01-12 01:30:21.935272727+00:00,2725.0,1.4,1.7,1.4727272727272729,166.0
2022-01-12 01:30:37.026181818+00:00,2725.0,1.6,1.7,1.4727272727272729,166.0
2022-01-12 01:30:52.117090909+00:00,2725.0,0.6,1.7,1.4727272727272729,166.0
2022-01-12 01:31:07.208000+00:00,2725.0,0.0,1.7,1.4727272727272729,166.0
2022-01-12 01:31:09.208000+00:00,2725.0,0.0,1.7,1.4727272727272729,166.0
2022-01-12 01:31:18.208000+00:00,2725.0,0.3,0.3,0.2333333333333333,49.0
2022-01-12 01:31:34.541333333+00:00,2725.0,0.3,0.3,0.2333333333333333,49.0
2022-01-12 01:31:50.874666667+00:00,2725.0,0.1,0.3,0.2333333333333333,49.0
2022-01-12 01:32:07.208000+00:00,2725.0,0.0,0.3,0.2333333333333333,49.0
2022-01-12 01:32:09.208000+00:00,2725.0,0.0,0.3,0.2333333333333333,49.0
2022-01-12 01:34:07.208000+00:00,2726.0,1.7,2.1,1.31,143.0
2022-01-12 01:34:23.096888889+00:00,2726.0,1.5,2.1,1.31,143.0
2022-01-12 01:34:38.985777778+00:00,2726.0,1.6,2.1,1.31,143.0
2022-01-12 01:34:54.874666667+00:00,2726.0,1.6,2.1,1.31,143.0
2022-01-12 01:35:10.763555556+00:00,2726.0,2.1,2.1,1.31,143.0
2022-01-12 01:35:26.652444444+00:00,2726.0,1.5,2.1,1.31,143.0
2022-01-12 01:35:42.541333333+00:00,2726.0,1.3,2.1,1.31,143.0
2022-01-12 01:35:58.430222222+00:00,2726.0,1.0,2.1,1.31,143.0
2022-01-12 01:36:14.319111111+00:00,2726.0,0.5,2.1,1.31,143.0
2022-01-12 01:36:30.208000+00:00,2726.0,0.3,2.1,1.31,143.0
2022-01-12 01:36:32.208000+00:00,2726.0,0.0,2.1,1.31,143.0
2022-01-12 01:36:37.647000+00:00,2725.0,0.6,0.7,0.4199999999999999,145.0
2022-01-12 01:36:53.758111111+00:00,2725.0,0.7,0.7,0.4199999999999999,145.0
2022-01-12 01:37:09.869222222+00:00,2725.0,0.7,0.7,0.4199999999999999,145.0
2022-01-12 01:37:25.980333333+00:00,2725.0,0.5,0.7,0.4199999999999999,145.0
2022-01-12 01:37:42.091444444+00:00,2725.0,0.3,0.7,0.4199999999999999,145.0
2022-01-12 01:37:58.202555556+00:00,2725.0,0.4,0.7,0.4199999999999999,145.0
2022-01-12 01:38:14.313666667+00:00,2725.0,0.4,0.7,0.4199999999999999,145.0
2022-01-12 01:38:30.424777778+00:00,2725.0,0.4,0.7,0.4199999999999999,145.0
2022-01-12 01:38:46.535888889+00:00,2725.0,0.1,0.7,0.4199999999999999,145.0
2022-01-12 01:39:02.647000+00:00,2725.0,0.1,0.7,0.4199999999999999,145.0
2022-01-12 01:39:04.647000+00:00,2725.0,0.0,0.7,0.4199999999999999,145.0
2022-01-12 01:39:09.647000+00:00,2725.0,0.8,1.0,0.76,66.0
2022-01-12 01:39:26.147000+00:00,2725.0,1.0,1.0,0.76,66.0
2022-01-12 01:39:42.647000+00:00,2725.0,0.9,1.0,0.76,66.0
2022-01-12 01:39:59.147000+00:00,2725.0,0.8,1.0,0.76,66.0
2022-01-12 01:40:15.647000+00:00,2725.0,0.3,1.0,0.76,66.0
2022-01-12 01:40:17.647000+00:00,2725.0,0.0,1.0,0.76,66.0
2022-01-12 01:40:59.207000+00:00,2738.0,8.5,14.7,9.127777777777778,770.0
2022-01-12 01:41:44.501117647+00:00,2738.0,13.4,14.7,9.127777777777778,770.0
2022-01-12 01:42:29.795235294+00:00,2738.0,14.7,14.7,9.127777777777778,770.0
2022-01-12 01:43:15.089352941+00:00,2738.0,13.1,14.7,9.127777777777778,770.0
2022-01-12 01:44:00.383470588+00:00,2738.0,10.7,14.7,9.127777777777778,770.0
2022-01-12 01:44:45.677588235+00:00,2738.0,7.4,14.7,9.127777777777778,770.0
2022-01-12 01:45:30.971705882+00:00,2738.0,5.9,14.7,9.127777777777778,770.0
2022-01-12 01:46:16.265823529+00:00,2738.0,8.6,14.7,9.127777777777778,770.0
2022-01-12 01:47:01.559941176+00:00,2738.0,10.0,14.7,9.127777777777778,770.0
2022-01-12 01:47:46.854058824+00:00,2738.0,9.9,14.7,9.127777777777778,770.0
2022-01-12 01:48:32.148176471+00:00,2738.0,10.1,14.7,9.127777777777778,770.0
2022-01-12 01:49:17.442294118+00:00,2738.0,10.1,14.7,9.127777777777778,770.0
2022-01-12 01:50:02.736411765+00:00,2738.0,10.0,14.7,9.127777777777778,770.0
2022-01-12 01:50:48.030529412+00:00,2738.0,10.0,14.7,9.127777777777778,770.0
2022-01-12 01:51:33.324647059+00:00,2738.0,9.4,14.7,9.127777777777778,770.0
2022-01-12 01:52:18.618764706+00:00,2738.0,8.0,14.7,9.127777777777778,770.0
2022-01-12 01:53:03.912882353+00:00,2738.0,4.3,14.7,9.127777777777778,770.0
2022-01-12 01:53:49.207000+00:00,2738.0,0.2,14.7,9.127777777777778,770.0
2022-01-12 01:53:51.207000+00:00,2738.0,0.0,14.7,9.127777777777778,770.0
2022-01-12 01:54:26.207000+00:00,2718.0,0.4,0.4,0.4,12.0
2022-01-12 01:54:28.207000+00:00,2718.0,0.0,0.4,0.4,12.0
2022-01-12 01:54:33.646000+00:00,2719.0,0.6,0.9,0.5333333333333333,33.0
2022-01-12 01:54:50.146000+00:00,2719.0,0.9,0.9,0.5333333333333333,33.0
2022-01-12 01:55:06.646000+00:00,2719.0,0.1,0.9,0.5333333333333333,33.0
2022-01-12 01:55:08.646000+00:00,2719.0,0.0,0.9,0.5333333333333333,33.0
2022-01-12 01:55:13.646000+00:00,2719.0,0.6,0.6,0.55,30.0
2022-01-12 01:55:28.646000+00:00,2719.0,0.5,0.6,0.55,30.0
2022-01-12 01:55:43.646000+00:00,2719.0,0.0,0.6,0.55,30.0
2022-01-12 01:55:45.646000+00:00,2719.0,0.0,0.6,0.55,30.0
2022-01-12 02:45:31.206000+00:00,2707.0,0.2,0.2,0.2,4.0
2022-01-12 02:45:33.206000+00:00,2707.0,0.0,0.2,0.2,4.0
2022-01-12 03:05:07.205000+00:00,2711.0,0.1,0.1,0.1,2.0
2022-01-12 03:05:09.205000+00:00,2711.0,0.0,0.1,0.1,2.0
2022-01-12 03:06:01.205000+00:00,2729.0,6.7,13.5,10.022222222222222,782.0
2022-01-12 03:06:47.205000+00:00,2729.0,9.3,13.5,10.022222222222222,782.0
2022-01-12 03:07:33.205000+00:00,2729.0,10.7,13.5,10.022222222222222,782.0
2022-01-12 03:08:19.205000+00:00,2729.0,11.2,13.5,10.022222222222222,782.0
2022-01-12 03:09:05.205000+00:00,2729.0,11.4,13.5,10.022222222222222,782.0
2022-01-12 03:09:51.205000+00:00,2729.0,11.6,13.5,10.022222222222222,782.0
2022-01-12 03:10:37.205000+00:00,2729.0,12.6,13.5,10.022222222222222,782.0
2022-01-12 03:11:23.205000+00:00,2729.0,13.5,13.5,10.022222222222222,782.0
2022-01-12 03:12:09.205000+00:00,2729.0,13.5,13.5,10.022222222222222,782.0
2022-01-12 03:12:55.205000+00:00,2729.0,12.1,13.5,10.022222222222222,782.0
2022-01-12 03:13:41.205000+00:00,2729.0,11.9,13.5,10.022222222222222,782.0
2022-01-12 03:14:27.205000+00:00,2729.0,12.0,13.5,10.022222222222222,782.0
2022-01-12 03:15:13.205000+00:00,2729.0,10.9,13.5,10.022222222222222,782.0
2022-01-12 03:15:59.205000+00:00,2729.0,10.5,13.5,10.022222222222222,782.0
2022-01-12 03:16:45.205000+00:00,2729.0,10.6,13.5,10.022222222222222,782.0
2022-01-12 03:17:31.205000+00:00,2729.0,9.5,13.5,10.022222222222222,782.0
2022-01-12 03:18:17.205000+00:00,2729.0,2.3,13.5,10.022222222222222,782.0
2022-01-12 03:19:03.205000+00:00,2729.0,0.1,13.5,10.022222222222222,782.0
2022-01-12 03:19:05.205000+00:00,2729.0,0.0,13.5,10.022222222222222,782.0
2022-01-12 03:19:36.643000+00:00,2737.0,16.4,17.8,10.92222222222222,2657.0
2022-01-12 03:21:56.485105263+00:00,2737.0,17.8,17.8,10.92222222222222,2657.0
2022-01-12 03:24:16.327210526+00:00,2737.0,14.0,17.8,10.92222222222222,2657.0
2022-01-12 03:26:36.169315789+00:00,2737.0,13.2,17.8,10.92222222222222,2657.0
2022-01-12 03:28:56.011421053+00:00,2737.0,11.0,17.8,10.92222222222222,2657.0
2022-01-12 03:31:15.853526316+00:00,2737.0,9.8,17.8,10.92222222222222,2657.0
2022-01-12 03:33:35.695631579+00:00,2737.0,9.9,17.8,10.92222222222222,2657.0
2022-01-12 03:35:55.537736842+00:00,2737.0,9.5,17.8,10.92222222222222,2657.0
2022-01-12 03:38:15.379842105+00:00,2737.0,9.4,17.8,10.92222222222222,2657.0
2022-01-12 03:40:35.221947368+00:00,2737.0,4.4,17.8,10.92222222222222,2657.0
2022-01-12 03:42:55.064052632+00:00,2737.0,10.2,17.8,10.92222222222222,2657.0
2022-01-12 03:45:14.906157894+00:00,2737.0,10.7,17.8,10.92222222222222,2657.0
2022-01-12 03:47:34.748263158+00:00,2737.0,10.5,17.8,10.92222222222222,2657.0
2022-01-12 03:49:54.590368421+00:00,2737.0,10.5,17.8,10.92222222222222,2657.0
2022-01-12 03:52:14.432473684+00:00,2737.0,10.4,17.8,10.92222222222222,2657.0
2022-01-12 03:54:34.274578947+00:00,2737.0,10.5,17.8,10.92222222222222,2657.0
2022-01-12 03:56:54.116684211+00:00,2737.0,10.2,17.8,10.92222222222222,2657.0
2022-01-12 03:59:13.958789474+00:00,2737.0,8.2,17.8,10.92222222222222,2657.0
2022-01-12 04:01:33.800894737+00:00,2737.0,0.0,17.8,10.92222222222222,2657.0
2022-01-12 04:03:53.643000+00:00,2737.0,0.0,17.8,10.92222222222222,2657.0
2022-01-12 04:03:55.643000+00:00,2737.0,0.0,17.8,10.92222222222222,2657.0
2022-01-12 04:04:49.643000+00:00,2747.0,7.2,11.5,9.62,857.0
2022-01-12 04:05:34.748263158+00:00,2747.0,9.5,11.5,9.62,857.0
2022-01-12 04:06:19.853526316+00:00,2747.0,9.8,11.5,9.62,857.0
2022-01-12 04:07:04.958789474+00:00,2747.0,10.6,11.5,9.62,857.0
2022-01-12 04:07:50.064052632+00:00,2747.0,10.7,11.5,9.62,857.0
2022-01-12 04:08:35.169315789+00:00,2747.0,11.0,11.5,9.62,857.0
2022-01-12 04:09:20.274578947+00:00,2747.0,11.0,11.5,9.62,857.0
2022-01-12 04:10:05.379842105+00:00,2747.0,10.5,11.5,9.62,857.0
2022-01-12 04:10:50.485105263+00:00,2747.0,10.4,11.5,9.62,857.0
2022-01-12 04:11:35.590368421+00:00,2747.0,10.4,11.5,9.62,857.0
2022-01-12 04:12:20.695631579+00:00,2747.0,10.4,11.5,9.62,857.0
2022-01-12 04:13:05.800894737+00:00,2747.0,11.1,11.5,9.62,857.0
2022-01-12 04:13:50.906157894+00:00,2747.0,10.4,11.5,9.62,857.0
2022-01-12 04:14:36.011421053+00:00,2747.0,11.0,11.5,9.62,857.0
2022-01-12 04:15:21.116684211+00:00,2747.0,11.0,11.5,9.62,857.0
2022-01-12 04:16:06.221947368+00:00,2747.0,11.0,11.5,9.62,857.0
2022-01-12 04:16:51.327210526+00:00,2747.0,11.5,11.5,9.62,857.0
2022-01-12 04:17:36.432473684+00:00,2747.0,9.7,11.5,9.62,857.0
2022-01-12 04:18:21.537736842+00:00,2747.0,4.9,11.5,9.62,857.0
2022-01-12 04:19:06.643000+00:00,2747.0,0.3,11.5,9.62,857.0
2022-01-12 04:19:08.643000+00:00,2747.0,0.0,11.5,9.62,857.0
