time,water-temperature,dive-depth,dive-max-depth,dive-mean-depth,dive-duration,profile_tstep_s,is_consecutive
2022-01-06 10:55:44.886000+00:00,2871.0,"[8.5, 11.2, 11.1, 12.2, 13.6, 13.2, 13.6, 11.9, 11.1, 12.3, 12.0, 10.0, 9.6, 8.8, 3.6, 0.1, 0.0, 0.0, 0.0, 0.0]",13.6,10.175,676.0,45.0,True
2022-01-06 10:59:39.886000+00:00,2847.0,"[0.6, 0.7, 0.4, 0.1, 0.0, 0.0, 0.0, 0.0, 0.0, 0.0, 0.0, 0.0, 0.0, 0.0, 0.0, 0.0, 0.0, 0.0, 0.0, 0.0]",0.7,0.4499999999999999,49.0,15.0,True
2022-01-06 11:20:20.882000+00:00,2857.0,"[9.7, 13.8, 14.0, 14.0, 14.0, 14.0, 14.0, 14.0, 14.0, 14.0, 14.0, 14.0, 14.0, 13.9, 13.9, 14.0, 14.0, 14.0, 13.1, 4.5]",14.0,13.245,1167.0,60.0,True
2022-01-06 11:36:23.879000+00:00,2843.0,"[8.6, 12.2, 12.6, 11.9, 12.2, 13.0, 12.3, 13.2, 13.8, 13.8, 13.8, 13.9, 13.6, 13.3, 13.2, 13.0, 13.6, 9.0, 1.3, 0.0]",13.9,12.01578947368421,828.0,45.0,True
2022-01-06 11:53:01.876000+00:00,2839.0,"[8.9, 12.6, 12.8, 13.9, 13.9, 14.6, 14.5, 13.8, 11.9, 11.4, 10.3, 9.3, 8.8, 8.2, 9.1, 9.2, 8.3, 7.8, 3.9, 0.5]",14.6,10.185,861.0,45.0,True
2022-01-06 12:15:57.872000+00:00,2837.0,"[9.9, 12.1, 12.1, 12.7, 12.6, 12.6, 12.6, 12.6, 12.7, 12.7, 12.7, 12.7, 12.7, 12.7, 12.7, 12.7, 6.8, 0.0, 0.0, 0.0]",12.7,12.094117647058823,1253.0,75.0,False
2022-01-06 12:38:28.868000+00:00,2808.0,"[0.2, 0.0, 0.0, 0.0, 0.0, 0.0, 0.0, 0.0, 0.0, 0.0, 0.0, 0.0, 0.0, 0.0, 0.0, 0.0, 0.0, 0.0, 0.0, 0.0]",0.2,0.2,7.0,15.0,True
2022-01-06 13:00:40.864000+00:00,2826.0,"[9.2, 11.0, 10.8, 11.5, 12.1, 12.3, 12.3, 12.3, 12.3, 12.3, 12.3, 12.3, 12.3, 12.4, 12.3, 12.3, 12.3, 12.3, 12.2, 5.1]",12.4,11.595,1192.0,60.0,True
2022-01-06 13:00:54.864000+00:00,2806.0,"[0.1, 0.0, 0.0, 0.0, 0.0, 0.0, 0.0, 0.0, 0.0, 0.0, 0.0, 0.0, 0.0, 0.0, 0.0, 0.0, 0.0, 0.0, 0.0, 0.0]",0.1,0.1,6.0,15.0,True
2022-01-06 13:01:33.864000+00:00,2807.0,"[0.1, 0.2, 0.0, 0.0, 0.0, 0.0, 0.0, 0.0, 0.0, 0.0, 0.0, 0.0, 0.0, 0.0, 0.0, 0.0, 0.0, 0.0, 0.0, 0.0]",0.2,0.15,30.0,15.0,True
2022-01-06 13:02:06.864000+00:00,2808.0,"[0.4, 0.1, 0.0, 0.0, 0.0, 0.0, 0.0, 0.0, 0.0, 0.0, 0.0, 0.0, 0.0, 0.0, 0.0, 0.0, 0.0, 0.0, 0.0, 0.0]",0.4,0.25,24.0,15.0,True
2022-01-06 13:02:27.864000+00:00,2809.0,"[0.2, 0.0, 0.0, 0.0, 0.0, 0.0, 0.0, 0.0, 0.0, 0.0, 0.0, 0.0, 0.0, 0.0, 0.0, 0.0, 0.0, 0.0, 0.0, 0.0]",0.2,0.2,14.0,15.0,True
2022-01-06 13:11:07.862000+00:00,2822.0,"[6.5, 11.1, 12.4, 12.3, 12.8, 12.8, 12.7, 12.8, 11.9, 10.4, 8.7, 7.8, 7.1, 7.2, 6.1, 3.9, 1.1, 0.0, 0.0, 0.0]",12.8,9.270588235294117,494.0,30.0,True
2022-01-06 13:27:33.859000+00:00,2815.0,"[5.6, 7.5, 7.3, 7.3, 7.3, 7.3, 7.3, 7.3, 7.3, 7.3, 7.3, 7.3, 7.3, 7.3, 7.3, 4.8, 0.0, 0.0, 0.0, 0.0]",7.5,7.05,958.0,60.0,True
2022-01-06 13:43:47.856000+00:00,2814.0,"[5.1, 7.3, 7.3, 7.4, 7.3, 7.3, 7.4, 7.3, 7.4, 7.4, 7.4, 7.3, 7.3, 7.3, 7.3, 7.3, 7.4, 7.3, 7.3, 2.4]",7.4,6.975000000000001,889.0,45.0,True
2022-01-06 14:00:26.854000+00:00,2814.0,"[5.7, 7.3, 7.3, 7.3, 7.3, 7.3, 7.4, 7.4, 7.4, 7.4, 7.4, 7.4, 7.4, 7.4, 6.5, 1.0, 0.0, 0.0, 0.0, 0.0]",7.4,6.80625,921.0,60.0,True
2022-01-06 14:14:29.851000+00:00,2814.0,"[4.4, 7.2, 7.3, 7.3, 7.3, 7.3, 7.3, 7.3, 7.3, 7.3, 7.3, 7.3, 7.3, 7.3, 7.3, 6.3, 1.7, 0.0, 0.0, 0.0]",7.3,6.735294117647059,752.0,45.0,True
2022-01-06 14:22:13.850000+00:00,2805.0,"[2.6, 4.1, 2.9, 2.6, 2.6, 2.8, 2.6, 2.6, 2.8, 3.2, 3.2, 2.9, 0.5, 0.0, 0.0, 0.0, 0.0, 0.0, 0.0, 0.0]",4.1,2.723076923076923,380.0,30.0,True
2022-01-06 14:29:40.848000+00:00,2805.0,"[3.8, 5.5, 6.5, 7.4, 5.5, 4.9, 5.4, 5.0, 5.1, 3.9, 3.2, 1.9, 0.3, 0.0, 0.0, 0.0, 0.0, 0.0, 0.0, 0.0]",7.4,4.492307692307692,366.0,30.0,True
2022-01-06 14:43:18.846000+00:00,2807.0,"[3.2, 5.4, 5.5, 5.5, 5.5, 5.5, 5.5, 5.5, 5.5, 5.5, 5.5, 5.5, 5.5, 5.5, 5.4, 5.5, 5.4, 1.7, 0.0, 0.0]",5.5,5.144444444444445,789.0,45.0,True
2022-01-06 14:59:12.843000+00:00,2803.0,"[3.3, 5.3, 5.5, 5.5, 5.4, 5.4, 5.5, 5.4, 5.4, 5.5, 5.4, 5.4, 5.5, 5.5, 5.5, 5.4, 5.4, 5.5, 4.3, 0.6]",5.5,5.035,863.0,45.0,True
2022-01-06 15:09:33.841000+00:00,2803.0,"[3.1, 4.1, 3.4, 2.9, 3.1, 3.3, 3.8, 4.5, 4.9, 5.2, 5.7, 5.7, 5.7, 5.6, 5.7, 5.7, 4.2, 1.2, 0.0, 0.0]",5.7,4.322222222222223,536.0,30.0,True
2022-01-06 15:25:41.838000+00:00,2803.0,"[3.3, 5.8, 7.2, 6.5, 4.6, 3.5, 3.0, 3.4, 4.5, 5.2, 5.4, 5.4, 5.4, 5.4, 5.5, 5.5, 5.4, 5.4, 5.4, 2.9]",7.2,4.9350000000000005,893.0,45.0,True
2022-01-06 15:44:51.835000+00:00,2803.0,"[4.2, 5.4, 5.4, 5.3, 5.4, 5.4, 5.4, 5.4, 5.4, 5.4, 5.4, 5.3, 5.4, 5.4, 5.4, 5.3, 5.4, 3.8, 0.0, 0.0]",5.4,5.227777777777778,1077.0,60.0,True
2022-01-06 16:02:52.832000+00:00,2802.0,"[4.3, 5.4, 5.3, 5.3, 5.4, 5.3, 5.3, 5.3, 5.3, 5.3, 5.3, 5.3, 5.3, 5.3, 5.3, 5.3, 2.2, 0.0, 0.0, 0.0]",5.4,5.070588235294117,988.0,60.0,True
2022-01-06 16:20:49.829000+00:00,2801.0,"[3.9, 5.3, 5.3, 5.3, 5.3, 5.3, 5.3, 5.3, 5.3, 5.2, 5.3, 5.3, 5.3, 5.4, 5.3, 5.3, 1.9, 0.0, 0.0, 0.0]",5.4,5.01764705882353,1008.0,60.0,True
2022-01-06 16:38:32.825000+00:00,2812.0,"[4.3, 6.9, 8.3, 9.0, 9.0, 9.1, 9.0, 9.0, 9.1, 9.0, 9.0, 9.1, 9.0, 9.0, 9.0, 9.0, 4.4, 0.0, 0.0, 0.0]",9.1,8.305882352941177,1012.0,60.0,False
2022-01-06 17:22:14.817000+00:00,2806.0,"[6.1, 7.0, 7.1, 7.1, 7.1, 7.1, 7.1, 7.1, 7.1, 7.1, 7.1, 7.0, 7.0, 7.0, 7.0, 7.0, 7.1, 7.1, 7.1, 4.3]",7.1,6.88,1197.0,60.0,True
2022-01-06 17:42:43.814000+00:00,2806.0,"[5.8, 7.0, 7.0, 7.0, 7.0, 7.0, 7.0, 6.9, 6.9, 7.0, 7.0, 6.9, 7.0, 7.0, 7.0, 6.9, 6.9, 6.9, 6.4, 0.8]",7.0,6.57,1157.0,60.0,True
2022-01-06 18:05:23.810000+00:00,2805.0,"[6.0, 6.9, 7.0, 7.0, 6.9, 7.0, 7.0, 7.0, 6.9, 6.9, 7.0, 7.0, 7.0, 6.9, 6.9, 7.0, 5.2, 0.0, 0.0, 0.0]",7.0,6.800000000000001,1273.0,75.0,True
2022-01-06 18:28:18.806000+00:00,2805.0,"[6.3, 7.0, 7.0, 7.0, 7.0, 7.0, 6.9, 7.0, 7.0, 7.0, 7.0, 6.9, 7.0, 7.0, 7.0, 7.0, 6.9, 2.4, 0.0, 0.0]",7.0,6.688888888888889,1300.0,75.0,True
2022-01-06 18:50:59.802000+00:00,2804.0,"[6.3, 6.9, 7.0, 7.0, 7.1, 7.1, 7.1, 7.0, 7.0, 7.0, 7.0, 7.0, 7.1, 7.0, 7.1, 7.0, 6.4, 1.4, 0.0, 0.0]",7.1,6.638888888888889,1288.0,75.0,True
2022-01-06 19:12:34.798000+00:00,2801.0,"[4.8, 7.0, 7.0, 7.0, 7.0, 7.0, 7.0, 7.0, 7.0, 7.0, 7.0, 7.0, 6.9, 6.9, 7.0, 6.9, 2.1, 0.0, 0.0, 0.0]",7.0,6.564705882352941,1224.0,75.0,True
2022-01-06 19:36:03.794000+00:00,2799.0,"[6.1, 6.9, 6.9, 6.9, 7.0, 7.0, 7.0, 7.0, 7.0, 7.0, 6.9, 6.9, 7.0, 7.0, 7.0, 7.0, 7.0, 4.0, 0.0, 0.0]",7.0,6.755555555555556,1337.0,75.0,True
2022-01-06 19:59:25.790000+00:00,2793.0,"[5.5, 7.0, 7.0, 7.0, 7.0, 7.0, 7.0, 7.0, 7.0, 7.0, 7.0, 7.0, 7.0, 7.0, 7.0, 7.0, 7.0, 4.2, 0.0, 0.0]",7.0,6.761111111111111,1328.0,75.0,True
2022-01-06 20:24:57.786000+00:00,2788.0,"[6.1, 7.0, 7.0, 7.0, 7.0, 7.0, 7.0, 7.0, 7.0, 7.0, 7.0, 7.0, 7.0, 7.0, 7.0, 7.0, 7.0, 7.0, 6.9, 2.1]",7.0,6.705,1449.0,75.0,True
2022-01-06 20:51:34.781000+00:00,2787.0,"[6.2, 7.1, 7.1, 7.1, 7.1, 7.1, 7.1, 7.1, 7.1, 7.1, 7.1, 7.1, 7.1, 7.2, 7.2, 7.1, 4.4, 0.0, 0.0, 0.0]",7.2,6.9,1504.0,90.0,True
2022-01-06 21:18:00.776000+00:00,2785.0,"[6.3, 7.1, 7.1, 7.1, 7.1, 7.1, 7.1, 7.1, 7.1, 7.1, 7.1, 7.1, 7.1, 7.1, 7.1, 7.1, 4.2, 0.0, 0.0, 0.0]",7.1,6.882352941176471,1502.0,90.0,True
2022-01-06 21:44:13.772000+00:00,2783.0,"[5.7, 7.1, 7.2, 7.2, 7.2, 7.2, 7.2, 7.2, 7.2, 7.2, 7.2, 7.2, 7.2, 7.2, 7.2, 7.2, 7.2, 7.2, 7.2, 4.4]",7.2,6.98,1490.0,75.0,True
2022-01-06 22:08:43.767000+00:00,2788.0,"[5.9, 8.1, 9.1, 9.1, 9.1, 9.1, 9.2, 9.2, 9.1, 9.2, 9.1, 9.2, 9.2, 9.2, 9.2, 9.2, 9.1, 8.3, 2.9, 0.0]",9.2,8.552631578947368,1387.0,75.0,True
2022-01-06 22:36:10.763000+00:00,2781.0,"[6.1, 7.1, 7.1, 7.2, 7.1, 7.2, 7.2, 7.2, 7.2, 7.2, 7.2, 7.2, 7.2, 7.2, 7.2, 7.2, 6.6, 1.9, 0.0, 0.0]",7.2,6.794444444444445,1562.0,90.0,True
2022-01-06 23:04:07.758000+00:00,2779.0,"[6.4, 7.2, 7.2, 7.2, 7.2, 7.2, 7.2, 7.2, 7.2, 7.2, 7.2, 7.2, 7.2, 7.2, 7.2, 7.2, 7.2, 4.7, 0.0, 0.0]",7.2,7.016666666666668,1588.0,90.0,True
2022-01-06 23:34:16.753000+00:00,2776.0,"[6.4, 7.2, 7.2, 7.2, 7.2, 7.2, 7.2, 7.2, 7.2, 7.3, 7.3, 7.2, 7.3, 7.2, 7.2, 7.3, 7.2, 7.3, 6.7, 1.3]",7.3,6.865,1722.0,90.0,True
2022-01-07 00:05:01.747000+00:00,2775.0,"[6.6, 7.2, 7.2, 7.2, 7.3, 7.3, 7.3, 7.2, 7.3, 7.3, 7.3, 7.3, 7.2, 7.2, 7.3, 7.3, 7.3, 7.3, 7.3, 3.9]",7.3,7.065,1753.0,90.0,True
2022-01-07 00:32:16.743000+00:00,2773.0,"[6.4, 7.3, 7.3, 7.3, 7.3, 7.2, 7.3, 7.3, 7.3, 7.3, 7.3, 7.3, 7.3, 7.3, 7.3, 7.3, 7.0, 1.5, 0.0, 0.0]",7.3,6.905555555555555,1552.0,90.0,True
2022-01-07 00:58:16.738000+00:00,2770.0,"[4.8, 7.3, 7.3, 7.3, 7.3, 7.3, 7.3, 7.3, 7.3, 7.3, 7.3, 7.3, 7.3, 7.3, 7.3, 7.3, 7.3, 7.3, 7.3, 4.6]",7.3,7.040000000000001,1480.0,75.0,True
2022-01-07 01:29:02.733000+00:00,2770.0,"[6.5, 7.4, 7.4, 7.5, 7.4, 7.4, 7.4, 7.4, 7.4, 7.4, 7.4, 7.4, 7.4, 7.4, 7.4, 7.4, 7.4, 7.4, 7.0, 2.2]",7.5,7.08,1738.0,90.0,True
2022-01-07 01:55:33.728000+00:00,2777.0,"[5.2, 9.0, 9.3, 9.3, 9.3, 9.3, 9.3, 9.3, 9.3, 9.3, 9.3, 9.3, 9.3, 9.3, 9.3, 9.3, 9.3, 9.3, 9.3, 4.2]",9.3,8.825000000000001,1473.0,75.0,True
2022-01-07 02:25:46.723000+00:00,2773.0,"[7.3, 8.5, 8.8, 9.3, 9.3, 9.3, 9.3, 9.3, 9.3, 9.3, 9.3, 9.3, 9.3, 9.3, 9.3, 9.3, 9.3, 9.3, 6.0, 0.0]",9.3,8.95263157894737,1701.0,90.0,True
2022-01-07 02:26:20.723000+00:00,2758.0,"[0.2, 0.0, 0.0, 0.0, 0.0, 0.0, 0.0, 0.0, 0.0, 0.0, 0.0, 0.0, 0.0, 0.0, 0.0, 0.0, 0.0, 0.0, 0.0, 0.0]",0.2,0.2,5.0,15.0,True
2022-01-07 02:26:45.723000+00:00,2759.0,"[0.2, 0.0, 0.0, 0.0, 0.0, 0.0, 0.0, 0.0, 0.0, 0.0, 0.0, 0.0, 0.0, 0.0, 0.0, 0.0, 0.0, 0.0, 0.0, 0.0]",0.2,0.2,14.0,15.0,True
2022-01-07 02:27:11.723000+00:00,2761.0,"[0.2, 0.0, 0.0, 0.0, 0.0, 0.0, 0.0, 0.0, 0.0, 0.0, 0.0, 0.0, 0.0, 0.0, 0.0, 0.0, 0.0, 0.0, 0.0, 0.0]",0.2,0.2,17.0,15.0,True
2022-01-07 02:27:31.723000+00:00,2761.0,"[0.2, 0.0, 0.0, 0.0, 0.0, 0.0, 0.0, 0.0, 0.0, 0.0, 0.0, 0.0, 0.0, 0.0, 0.0, 0.0, 0.0, 0.0, 0.0, 0.0]",0.2,0.2,10.0,15.0,True
2022-01-07 02:58:17.718000+00:00,2782.0,"[6.9, 10.1, 11.6, 11.8, 11.8, 11.8, 11.8, 11.8, 11.8, 11.8, 11.8, 11.8, 11.8, 11.8, 11.8, 11.8, 11.8, 11.8, 11.8, 5.4]",11.8,11.140000000000002,1762.0,90.0,True
2022-01-07 03:33:23.712000+00:00,2795.0,"[10.6, 12.2, 12.2, 12.2, 12.2, 12.2, 12.2, 12.2, 12.2, 12.2, 12.2, 12.2, 12.2, 12.2, 12.2, 11.6, 3.3, 0.0, 0.0, 0.0]",12.2,11.547058823529412,1962.0,105.0,True
2022-01-07 04:07:39.706000+00:00,2799.0,"[10.7, 12.3, 12.3, 12.5, 12.5, 12.5, 12.6, 12.6, 12.5, 12.5, 12.5, 12.5, 12.5, 12.5, 12.5, 10.6, 1.0, 0.0, 0.0, 0.0]",12.6,11.594117647058823,1930.0,105.0,True
2022-01-07 04:07:51.706000+00:00,2779.0,"[0.1, 0.0, 0.0, 0.0, 0.0, 0.0, 0.0, 0.0, 0.0, 0.0, 0.0, 0.0, 0.0, 0.0, 0.0, 0.0, 0.0, 0.0, 0.0, 0.0]",0.1,0.1,5.0,15.0,True
2022-01-07 04:09:57.705000+00:00,2785.0,"[0.3, 0.7, 0.1, 0.3, 0.6, 1.1, 0.5, 0.2, 0.0, 0.0, 0.0, 0.0, 0.0, 0.0, 0.0, 0.0, 0.0, 0.0, 0.0, 0.0]",1.1,0.475,117.0,15.0,True
2022-01-07 04:13:33.705000+00:00,2796.0,"[0.3, 0.2, 0.2, 0.3, 0.4, 0.8, 0.4, 0.2, 0.2, 0.2, 0.2, 0.2, 0.2, 0.1, 0.0, 0.0, 0.0, 0.0, 0.0, 0.0]",0.8,0.2785714285714286,206.0,15.0,True
2022-01-07 04:42:54.699000+00:00,2806.0,"[11.3, 14.0, 11.8, 12.1, 12.3, 12.2, 12.2, 12.2, 12.2, 12.2, 12.3, 12.2, 12.2, 12.2, 12.2, 12.3, 12.2, 12.2, 5.1, 0.0]",14.0,11.86315789473684,1677.0,90.0,True
2022-01-07 04:46:55.699000+00:00,2774.0,"[0.2, 0.2, 0.1, 0.4, 0.6, 0.5, 0.5, 0.5, 0.4, 0.3, 0.2, 0.2, 0.0, 0.0, 0.0, 0.0, 0.0, 0.0, 0.0, 0.0]",0.6,0.3416666666666666,180.0,15.0,True
2022-01-07 04:47:11.699000+00:00,2784.0,"[0.2, 0.0, 0.0, 0.0, 0.0, 0.0, 0.0, 0.0, 0.0, 0.0, 0.0, 0.0, 0.0, 0.0, 0.0, 0.0, 0.0, 0.0, 0.0, 0.0]",0.2,0.2,8.0,15.0,True
2022-01-07 05:23:37.692000+00:00,2802.0,"[10.8, 12.6, 12.2, 12.6, 12.8, 12.7, 12.8, 12.7, 12.8, 12.7, 12.7, 12.7, 12.7, 12.7, 12.7, 12.7, 12.7, 9.0, 0.0, 0.0]",12.8,12.366666666666664,2126.0,120.0,True
2022-01-07 06:00:49.686000+00:00,2806.0,"[10.7, 12.1, 12.3, 12.3, 12.3, 12.2, 12.3, 12.0, 12.0, 12.0, 12.0, 12.0, 12.0, 12.0, 12.0, 12.0, 12.0, 8.0, 0.0, 0.0]",12.3,11.788888888888888,2118.0,120.0,True
2022-01-07 06:41:59.679000+00:00,2809.0,"[11.0, 11.9, 12.0, 12.0, 12.0, 12.0, 12.0, 12.0, 12.0, 12.0, 12.0, 12.0, 12.0, 12.0, 12.0, 12.0, 12.0, 12.0, 11.6, 3.6]",12.0,11.505,2303.0,120.0,True
2022-01-07 07:17:58.673000+00:00,2803.0,"[10.2, 12.0, 12.0, 12.0, 12.0, 12.0, 12.0, 12.0, 12.0, 12.0, 12.0, 12.0, 12.0, 12.0, 12.0, 12.0, 7.4, 0.0, 0.0, 0.0]",12.0,11.623529411764704,1997.0,105.0,True
2022-01-07 07:48:25.667000+00:00,2799.0,"[11.9, 15.3, 14.6, 14.8, 14.8, 14.9, 14.8, 14.8, 14.8, 14.8, 14.8, 14.8, 14.9, 14.8, 14.8, 14.8, 14.8, 14.8, 8.3, 0.0]",15.3,14.331578947368424,1705.0,90.0,True
2022-01-07 07:50:02.667000+00:00,2777.0,"[0.1, 0.0, 0.0, 0.0, 0.0, 0.0, 0.0, 0.0, 0.0, 0.0, 0.0, 0.0, 0.0, 0.0, 0.0, 0.0, 0.0, 0.0, 0.0, 0.0]",0.1,0.1,11.0,15.0,True
2022-01-07 08:19:22.662000+00:00,2796.0,"[10.6, 14.8, 14.5, 14.7, 14.8, 14.8, 14.8, 14.8, 14.8, 14.8, 14.7, 14.5, 15.0, 15.0, 15.0, 15.0, 15.0, 15.0, 13.7, 2.7]",15.0,13.95,1732.0,90.0,True
2022-01-07 08:54:30.656000+00:00,2758.0,"[12.4, 15.0, 15.0, 15.0, 15.0, 14.9, 15.0, 15.0, 15.0, 15.0, 15.0, 15.0, 15.0, 15.0, 15.0, 14.8, 5.2, 0.0, 0.0, 0.0]",15.0,14.252941176470587,1987.0,105.0,True
2022-01-07 08:57:03.656000+00:00,2716.0,"[0.5, 0.0, 0.0, 0.0, 0.0, 0.0, 0.0, 0.0, 0.0, 0.0, 0.0, 0.0, 0.0, 0.0, 0.0, 0.0, 0.0, 0.0, 0.0, 0.0]",0.5,0.5,8.0,15.0,True
2022-01-07 09:21:25.652000+00:00,2737.0,"[10.4, 15.1, 15.1, 15.2, 15.1, 15.1, 15.1, 15.1, 15.2, 15.1, 15.1, 15.2, 15.1, 15.1, 15.1, 15.0, 14.8, 13.6, 9.5, 1.3]",15.2,13.815,1445.0,75.0,True
2022-01-07 09:24:22.651000+00:00,2710.0,"[1.8, 2.3, 2.4, 2.4, 2.4, 1.2, 0.2, 0.0, 0.0, 0.0, 0.0, 0.0, 0.0, 0.0, 0.0, 0.0, 0.0, 0.0, 0.0, 0.0]",2.4,1.8142857142857145,92.0,15.0,True
2022-01-07 09:52:41.647000+00:00,2734.0,"[6.8, 13.3, 13.3, 13.3, 13.3, 13.3, 13.4, 13.3, 13.3, 13.3, 13.3, 13.3, 13.3, 13.3, 13.3, 13.4, 13.3, 13.3, 5.9, 0.0]",13.4,12.578947368421057,1683.0,90.0,True
2022-01-07 09:55:25.646000+00:00,2710.0,"[0.0, 0.0, 0.0, 0.0, 0.0, 0.0, 0.0, 0.0, 0.0, 0.0, 0.0, 0.0, 0.0, 0.0, 0.0, 0.0, 0.0, 0.0, 0.0, 0.0]",0.0,0.0,4.0,15.0,True
2022-01-07 09:56:23.646000+00:00,2728.0,"[0.7, 1.1, 0.9, 0.2, 0.0, 0.0, 0.0, 0.0, 0.0, 0.0, 0.0, 0.0, 0.0, 0.0, 0.0, 0.0, 0.0, 0.0, 0.0, 0.0]",1.1,0.7250000000000001,51.0,15.0,True
2022-01-07 10:32:18.640000+00:00,2729.0,"[10.6, 11.9, 12.2, 12.2, 12.2, 12.2, 12.2, 12.2, 12.2, 12.2, 12.2, 12.2, 12.2, 12.2, 12.2, 12.2, 12.2, 7.7, 0.0, 0.0]",12.2,11.84444444444444,2138.0,120.0,True
2022-01-07 10:34:12.640000+00:00,2699.0,"[0.3, 0.0, 0.0, 0.0, 0.0, 0.0, 0.0, 0.0, 0.0, 0.0, 0.0, 0.0, 0.0, 0.0, 0.0, 0.0, 0.0, 0.0, 0.0, 0.0]",0.3,0.3,15.0,15.0,True
2022-01-07 10:34:52.640000+00:00,2711.0,"[0.2, 0.0, 0.0, 0.0, 0.0, 0.0, 0.0, 0.0, 0.0, 0.0, 0.0, 0.0, 0.0, 0.0, 0.0, 0.0, 0.0, 0.0, 0.0, 0.0]",0.2,0.2,8.0,15.0,False
2022-01-07 11:36:12.629000+00:00,2707.0,"[0.1, 0.0, 0.0, 0.0, 0.0, 0.0, 0.0, 0.0, 0.0, 0.0, 0.0, 0.0, 0.0, 0.0, 0.0, 0.0, 0.0, 0.0, 0.0, 0.0]",0.1,0.1,3.0,15.0,True
2022-01-07 12:00:16.650000+00:00,2732.0,"[5.1, 7.4, 7.3, 7.4, 7.4, 7.4, 7.4, 7.4, 7.4, 7.4, 7.4, 7.4, 7.4, 7.4, 7.4, 7.4, 7.4, 7.4, 5.0, 0.0]",7.4,7.147368421052632,1417.0,75.0,True
2022-01-07 12:33:55.620000+00:00,2757.0,"[6.7, 7.5, 7.5, 7.5, 7.5, 7.5, 7.5, 7.4, 7.5, 7.4, 7.5, 7.5, 7.4, 7.5, 7.5, 2.0, 0.0, 0.0, 0.0, 0.0]",7.5,7.0875,1910.0,105.0,True
2022-01-07 13:39:19.609000+00:00,2768.0,"[7.0, 7.3, 7.4, 7.4, 7.3, 7.3, 7.3, 6.1, 4.7, 7.4, 7.3, 7.3, 7.4, 7.3, 7.3, 7.4, 4.9, 0.0, 0.0, 0.0]",7.4,6.947058823529411,3886.0,210.0,True
2022-01-07 14:08:53.705000+00:00,2784.0,"[6.3, 7.3, 7.3, 7.3, 7.3, 7.3, 7.4, 7.3, 7.3, 7.3, 7.3, 7.3, 7.4, 7.3, 7.3, 7.3, 7.3, 7.3, 3.7, 0.0]",7.4,7.068421052631578,1674.0,90.0,True
2022-01-07 14:38:58.598000+00:00,2786.0,"[6.1, 7.3, 7.3, 7.3, 7.3, 7.3, 7.3, 7.3, 7.3, 7.3, 7.3, 7.3, 7.3, 7.3, 7.2, 7.3, 7.3, 7.3, 6.7, 0.9]",7.3,6.885,1720.0,90.0,True
2022-01-07 15:11:30.593000+00:00,2787.0,"[6.5, 7.2, 7.3, 7.2, 7.2, 7.2, 7.3, 7.3, 7.3, 7.3, 7.3, 7.3, 7.2, 7.3, 7.3, 5.5, 0.0, 0.0, 0.0, 0.0]",7.3,7.10625,1860.0,105.0,False
2022-01-07 15:54:52.585000+00:00,2783.0,"[3.5, 5.4, 5.5, 5.5, 5.4, 5.5, 5.4, 5.4, 5.4, 5.5, 5.5, 5.4, 5.4, 5.5, 5.4, 5.4, 5.5, 5.4, 3.7, 0.0]",5.5,5.247368421052633,1393.0,75.0,True
2022-01-07 16:19:22.581000+00:00,2782.0,"[4.7, 5.4, 5.4, 5.5, 5.4, 5.4, 5.4, 5.4, 5.5, 5.4, 5.4, 5.4, 5.4, 5.4, 5.4, 5.4, 5.4, 5.5, 3.1, 0.0]",5.5,5.257894736842106,1398.0,75.0,True
2022-01-07 16:43:55.576000+00:00,2781.0,"[4.0, 4.9, 5.4, 5.3, 5.4, 5.4, 5.3, 5.3, 5.3, 5.4, 5.4, 5.4, 5.4, 5.4, 5.4, 5.3, 5.4, 5.4, 3.3, 0.0]",5.4,5.163157894736843,1404.0,75.0,True
2022-01-07 17:10:40.572000+00:00,2793.0,"[5.4, 9.1, 9.1, 9.1, 9.1, 9.1, 9.1, 9.1, 9.1, 9.1, 9.1, 9.1, 9.1, 9.1, 9.1, 9.1, 6.0, 0.0, 0.0, 0.0]",9.1,8.7,1523.0,90.0,True
2022-01-07 17:43:16.566000+00:00,2786.0,"[6.6, 7.1, 7.1, 7.1, 7.1, 7.1, 7.1, 7.1, 7.1, 7.0, 7.1, 7.1, 7.1, 7.0, 7.0, 5.0, 0.0, 0.0, 0.0, 0.0]",7.1,6.918749999999999,1874.0,105.0,True
2022-01-07 18:11:32.561000+00:00,2786.0,"[6.3, 7.0, 7.0, 7.1, 7.1, 7.2, 7.1, 7.2, 7.2, 7.2, 7.2, 7.1, 7.2, 7.1, 7.1, 7.1, 7.2, 5.4, 0.0, 0.0]",7.2,6.988888888888889,1615.0,90.0,True
2022-01-07 18:42:34.556000+00:00,2782.0,"[6.3, 7.0, 7.0, 7.0, 7.0, 7.0, 7.0, 7.0, 7.0, 7.0, 7.0, 7.0, 7.0, 7.0, 7.0, 7.0, 7.0, 7.0, 7.0, 5.2]",7.0,6.875,1781.0,90.0,True
2022-01-07 19:15:22.550000+00:00,2768.0,"[6.4, 7.0, 7.0, 7.0, 7.0, 7.0, 7.0, 7.0, 7.0, 7.0, 7.0, 7.0, 7.0, 7.0, 7.0, 4.4, 0.0, 0.0, 0.0, 0.0]",7.0,6.8,1891.0,105.0,True
2022-01-07 19:46:23.545000+00:00,2767.0,"[6.3, 7.0, 7.0, 7.0, 7.0, 7.0, 7.0, 7.0, 7.0, 7.0, 7.0, 7.0, 7.0, 7.0, 7.0, 7.0, 7.0, 7.0, 7.0, 5.0]",7.0,6.865,1778.0,90.0,True
2022-01-07 20:17:18.224000+00:00,2770.0,"[6.3, 7.1, 7.1, 7.1, 7.1, 7.1, 7.1, 7.1, 7.1, 7.1, 7.1, 7.1, 7.1, 7.1, 7.1, 7.1, 7.1, 7.1, 7.1, 4.9]",7.1,6.95,1777.0,90.0,True
2022-01-07 20:49:26.534000+00:00,2771.0,"[6.6, 7.0, 7.0, 7.1, 7.0, 7.0, 7.0, 7.0, 7.0, 7.1, 7.1, 7.1, 7.0, 7.1, 7.0, 4.0, 0.0, 0.0, 0.0, 0.0]",7.1,6.81875,1847.0,105.0,True
2022-01-07 21:21:51.529000+00:00,2771.0,"[6.6, 7.0, 7.0, 7.0, 7.1, 7.1, 7.1, 7.0, 7.0, 7.0, 7.1, 7.1, 7.0, 7.0, 7.0, 3.7, 0.0, 0.0, 0.0, 0.0]",7.1,6.8,1863.0,105.0,True
2022-01-07 21:57:07.523000+00:00,2772.0,"[6.5, 7.1, 7.1, 7.0, 7.0, 7.1, 7.1, 7.1, 7.1, 7.1, 7.1, 7.1, 7.1, 7.1, 7.1, 7.1, 6.1, 0.0, 0.0, 0.0]",7.1,6.994117647058822,2037.0,105.0,True
2022-01-07 22:32:03.517000+00:00,2773.0,"[6.6, 7.1, 7.1, 7.1, 7.1, 7.1, 7.1, 7.1, 7.1, 7.1, 7.1, 7.1, 7.1, 7.1, 7.1, 7.2, 5.3, 0.0, 0.0, 0.0]",7.2,6.970588235294117,2022.0,105.0,True
2022-01-07 23:04:56.511000+00:00,2773.0,"[6.3, 7.1, 7.1, 7.1, 7.2, 7.2, 7.2, 7.2, 7.2, 7.2, 7.2, 7.2, 7.2, 7.2, 7.2, 4.4, 0.0, 0.0, 0.0, 0.0]",7.2,6.95,1892.0,105.0,True
2022-01-07 23:36:40.506000+00:00,2772.0,"[6.6, 7.2, 7.2, 7.2, 7.2, 7.2, 7.2, 7.2, 7.2, 7.2, 7.2, 7.2, 7.2, 7.2, 7.0, 1.9, 0.0, 0.0, 0.0, 0.0]",7.2,6.81875,1821.0,105.0,True
2022-01-08 00:12:01.500000+00:00,2771.0,"[6.7, 7.2, 7.2, 7.2, 7.2, 7.2, 7.2, 7.2, 7.2, 7.2, 7.2, 7.2, 7.2, 7.2, 7.2, 7.3, 6.6, 0.6, 0.0, 0.0]",7.3,6.777777777777778,2044.0,105.0,True
2022-01-08 00:47:15.494000+00:00,2768.0,"[7.0, 7.3, 7.3, 7.2, 7.2, 7.3, 7.3, 7.3, 7.3, 7.3, 7.3, 7.3, 7.3, 7.3, 7.3, 7.3, 6.2, 0.0, 0.0, 0.0]",7.3,7.205882352941177,2035.0,105.0,True
2022-01-08 01:22:26.488000+00:00,2764.0,"[6.7, 7.3, 7.3, 7.3, 7.3, 7.3, 7.3, 7.3, 7.3, 7.3, 7.3, 7.3, 7.3, 7.3, 7.3, 7.3, 5.4, 0.0, 0.0, 0.0]",7.3,7.152941176470588,2024.0,105.0,True
2022-01-08 01:29:49.486000+00:00,2753.0,"[2.3, 1.9, 1.9, 1.5, 1.8, 1.6, 1.4, 1.8, 2.0, 2.0, 2.4, 2.0, 0.4, 0.0, 0.0, 0.0, 0.0, 0.0, 0.0, 0.0]",2.4,1.769230769230769,367.0,30.0,False
2022-01-08 02:27:32.477000+00:00,2763.0,"[6.7, 7.3, 7.3, 7.3, 7.3, 7.3, 7.3, 7.3, 7.3, 7.3, 7.3, 7.3, 7.3, 7.3, 6.8, 1.4, 0.0, 0.0, 0.0, 0.0]",7.3,6.8625,1811.0,105.0,True
2022-01-08 02:59:25.471000+00:00,2766.0,"[7.0, 7.3, 7.3, 7.3, 7.3, 7.3, 7.3, 7.3, 7.3, 7.3, 7.3, 7.3, 7.3, 7.3, 6.9, 1.4, 0.0, 0.0, 0.0, 0.0]",7.3,6.887499999999999,1812.0,105.0,True
2022-01-08 03:32:32.466000+00:00,2768.0,"[6.4, 7.3, 7.3, 7.3, 7.3, 7.3, 7.3, 7.3, 7.3, 7.3, 7.3, 7.3, 7.3, 7.3, 7.3, 4.2, 0.0, 0.0, 0.0, 0.0]",7.3,7.05,1869.0,105.0,False
2022-01-08 04:33:54.455000+00:00,2773.0,"[5.2, 7.3, 7.3, 7.3, 7.3, 7.3, 7.3, 7.3, 7.3, 7.3, 7.3, 7.3, 7.3, 7.3, 7.3, 7.3, 7.3, 3.1, 0.0, 0.0]",7.3,6.949999999999999,1576.0,90.0,True
2022-01-08 05:03:49.450000+00:00,2782.0,"[5.9, 5.9, 6.0, 7.2, 7.3, 7.3, 7.3, 7.3, 7.3, 7.3, 7.3, 7.3, 7.3, 7.3, 7.3, 7.3, 7.3, 7.3, 5.5, 0.0]",7.3,6.984210526315789,1705.0,90.0,True
2022-01-08 05:32:04.445000+00:00,2784.0,"[5.1, 7.2, 7.2, 7.2, 7.2, 7.2, 7.2, 7.2, 7.2, 7.3, 7.2, 7.2, 7.2, 7.2, 7.2, 7.2, 7.2, 4.2, 0.0, 0.0]",7.3,6.922222222222223,1592.0,90.0,True
2022-01-08 06:07:03.439000+00:00,2798.0,"[6.4, 7.2, 7.3, 7.3, 7.2, 7.2, 7.2, 7.2, 7.2, 7.2, 7.2, 7.2, 7.2, 7.2, 7.2, 7.2, 3.9, 0.0, 0.0, 0.0]",7.3,6.970588235294118,1993.0,105.0,True
2022-01-08 06:07:50.439000+00:00,2780.0,"[0.2, 0.1, 0.0, 0.0, 0.0, 0.0, 0.0, 0.0, 0.0, 0.0, 0.0, 0.0, 0.0, 0.0, 0.0, 0.0, 0.0, 0.0, 0.0, 0.0]",0.2,0.15,16.0,15.0,True
2022-01-08 06:39:36.056000+00:00,2791.0,"[6.3, 7.2, 7.2, 7.2, 7.2, 7.2, 7.2, 7.2, 7.2, 7.2, 7.2, 7.2, 7.2, 7.2, 7.2, 5.0, 0.0, 0.0, 0.0, 0.0]",7.2,7.0062500000000005,1882.0,105.0,True
2022-01-08 07:09:37.429000+00:00,2805.0,"[6.0, 7.2, 7.2, 7.2, 7.2, 7.2, 7.2, 7.2, 7.2, 7.2, 7.2, 7.2, 7.2, 7.2, 7.2, 7.2, 7.2, 7.2, 4.9, 0.0]",7.2,7.015789473684211,1705.0,90.0,False
2022-01-08 07:10:47.428000+00:00,2798.0,"[0.3, 0.0, 0.0, 0.0, 0.0, 0.0, 0.0, 0.0, 0.0, 0.0, 0.0, 0.0, 0.0, 0.0, 0.0, 0.0, 0.0, 0.0, 0.0, 0.0]",0.3,0.3,7.0,15.0,True
2022-01-08 07:11:32.428000+00:00,2804.0,"[1.1, 0.6, 0.0, 0.0, 0.0, 0.0, 0.0, 0.0, 0.0, 0.0, 0.0, 0.0, 0.0, 0.0, 0.0, 0.0, 0.0, 0.0, 0.0, 0.0]",1.1,0.8500000000000001,29.0,15.0,True
2022-01-08 07:41:33.423000+00:00,2811.0,"[6.3, 7.2, 7.2, 7.2, 7.2, 7.2, 7.2, 7.2, 7.2, 7.2, 7.2, 7.2, 7.2, 7.2, 7.2, 7.2, 7.2, 7.2, 7.2, 5.1]",7.2,7.05,1790.0,90.0,True
2022-01-08 08:15:53.417000+00:00,2821.0,"[6.8, 7.2, 7.2, 7.2, 7.2, 7.2, 7.2, 7.2, 7.2, 7.2, 7.2, 7.2, 7.2, 7.2, 7.2, 6.4, 0.1, 0.0, 0.0, 0.0]",7.2,6.711764705882352,1946.0,105.0,True
2022-01-08 08:47:18.411000+00:00,2820.0,"[6.3, 7.2, 7.2, 7.2, 7.3, 7.3, 7.3, 7.3, 7.2, 7.3, 7.2, 7.2, 7.2, 7.2, 7.3, 7.3, 7.2, 7.2, 7.3, 5.2]",7.3,7.095000000000001,1791.0,90.0,True
2022-01-08 08:47:43.411000+00:00,2803.0,"[0.2, 0.0, 0.0, 0.0, 0.0, 0.0, 0.0, 0.0, 0.0, 0.0, 0.0, 0.0, 0.0, 0.0, 0.0, 0.0, 0.0, 0.0, 0.0, 0.0]",0.2,0.2,7.0,15.0,True
2022-01-08 08:48:22.411000+00:00,2807.0,"[0.2, 0.0, 0.0, 0.0, 0.0, 0.0, 0.0, 0.0, 0.0, 0.0, 0.0, 0.0, 0.0, 0.0, 0.0, 0.0, 0.0, 0.0, 0.0, 0.0]",0.2,0.2,15.0,15.0,False
2022-01-08 08:49:56.411000+00:00,2818.0,"[0.3, 0.4, 0.2, 0.3, 0.3, 0.0, 0.0, 0.0, 0.0, 0.0, 0.0, 0.0, 0.0, 0.0, 0.0, 0.0, 0.0, 0.0, 0.0, 0.0]",0.4,0.3,72.0,15.0,True
2022-01-08 08:50:08.411000+00:00,2824.0,"[0.1, 0.0, 0.0, 0.0, 0.0, 0.0, 0.0, 0.0, 0.0, 0.0, 0.0, 0.0, 0.0, 0.0, 0.0, 0.0, 0.0, 0.0, 0.0, 0.0]",0.1,0.1,4.0,15.0,True
2022-01-08 09:07:12.408000+00:00,2858.0,"[6.0, 6.9, 6.8, 6.8, 6.8, 6.8, 6.8, 6.8, 6.8, 6.8, 6.8, 6.8, 6.9, 6.9, 6.8, 4.4, 0.1, 0.0, 0.0, 0.0]",6.9,6.235294117647059,1000.0,60.0,False
2022-01-08 09:23:29.404000+00:00,2885.0,"[6.8, 7.7, 7.6, 7.7, 7.6, 7.6, 7.6, 7.7, 8.3, 7.5, 6.9, 6.7, 6.5, 2.5, 0.0, 0.0, 0.0, 0.0, 0.0, 0.0]",8.3,7.05,656.0,45.0,True
2022-01-08 09:35:57.121000+00:00,2869.0,"[5.9, 7.3, 7.3, 7.3, 7.3, 7.3, 7.3, 7.2, 7.3, 7.3, 7.2, 7.3, 7.3, 7.3, 6.8, 4.0, 0.1, 0.0, 0.0, 0.0]",7.3,6.5588235294117645,738.0,45.0,True
2022-01-08 09:51:47.399000+00:00,2886.0,"[6.5, 7.9, 7.9, 7.9, 8.3, 8.3, 8.3, 8.3, 8.4, 8.4, 8.4, 8.4, 8.3, 8.4, 8.3, 8.4, 8.4, 8.4, 7.2, 1.3]",8.4,7.785000000000001,890.0,45.0,False
2022-01-08 11:21:39.726000+00:00,2873.0,"[1.4, 1.2, 1.0, 1.1, 1.4, 2.3, 5.0, 7.3, 7.4, 7.3, 7.3, 7.3, 7.3, 7.3, 7.3, 7.3, 7.3, 7.3, 2.8, 0.0]",7.4,5.084210526315789,1668.0,90.0,True
2022-01-08 11:39:20.380000+00:00,2856.0,"[6.0, 7.2, 7.3, 7.4, 7.4, 7.4, 7.5, 7.4, 7.3, 7.3, 7.3, 7.3, 7.3, 7.3, 7.3, 5.7, 1.6, 0.0, 0.0, 0.0]",7.5,6.823529411764705,984.0,60.0,False
2022-01-08 12:08:19.836000+00:00,2900.0,"[3.0, 1.1, 1.0, 0.6, 0.4, 0.4, 0.9, 1.1, 0.9, 2.6, 3.1, 2.9, 7.5, 8.2, 8.2, 8.1, 8.1, 7.3, 0.1, 0.0]",8.2,3.4473684210526314,1672.0,90.0,False
2022-01-08 12:40:01.369000+00:00,2841.0,"[5.7, 7.4, 7.3, 7.4, 7.4, 7.4, 7.4, 7.3, 7.3, 7.3, 7.3, 7.4, 7.3, 7.3, 7.3, 7.4, 1.6, 0.0, 0.0, 0.0]",7.4,6.911764705882352,1291.0,75.0,True
2022-01-08 13:04:52.308000+00:00,2821.0,"[6.3, 7.3, 7.3, 7.4, 7.3, 7.4, 7.3, 7.3, 7.3, 7.3, 7.3, 7.3, 7.3, 7.3, 7.3, 7.3, 7.3, 7.3, 6.9, 0.9]",7.4,6.92,1446.0,75.0,False
2022-01-08 14:17:10.352000+00:00,2809.0,"[6.6, 7.3, 7.3, 7.3, 7.3, 7.3, 7.3, 7.3, 7.3, 7.3, 7.3, 7.3, 7.3, 7.3, 7.3, 7.3, 7.3, 6.9, 1.6, 0.0]",7.3,6.942105263157893,1642.0,90.0,False
2022-01-08 14:47:14.348000+00:00,2798.0,"[0.1, 0.0, 0.0, 0.0, 0.0, 0.0, 0.0, 0.0, 0.0, 0.0, 0.0, 0.0, 0.0, 0.0, 0.0, 0.0, 0.0, 0.0, 0.0, 0.0]",0.1,0.1,7.0,15.0,True
2022-01-08 14:53:21.346000+00:00,2809.0,"[3.1, 5.0, 7.5, 5.9, 6.8, 6.4, 7.5, 7.8, 5.7, 2.1, 0.2, 0.0, 0.0, 0.0, 0.0, 0.0, 0.0, 0.0, 0.0, 0.0]",7.8,5.272727272727273,303.0,30.0,True
2022-01-08 15:11:47.343000+00:00,2820.0,"[6.9, 8.6, 8.9, 7.7, 9.0, 9.3, 9.3, 9.3, 9.3, 9.3, 8.6, 8.4, 8.5, 8.6, 8.5, 8.4, 8.0, 3.9, 0.1, 0.0]",9.3,7.926315789473685,1084.0,60.0,True
2022-01-08 15:37:11.339000+00:00,2819.0,"[4.9, 5.7, 5.8, 5.7, 5.8, 5.8, 5.8, 5.8, 5.8, 5.8, 5.8, 5.8, 5.8, 5.8, 5.8, 5.8, 5.8, 5.8, 5.8, 3.8]",5.8,5.644999999999999,1468.0,75.0,True
2022-01-08 16:03:44.334000+00:00,2828.0,"[4.8, 5.7, 5.7, 5.7, 5.7, 5.7, 5.7, 5.7, 5.7, 5.7, 5.7, 5.7, 5.7, 5.7, 5.7, 5.7, 4.6, 0.0, 0.0, 0.0]",5.7,5.582352941176471,1528.0,90.0,True
2022-01-08 16:28:24.330000+00:00,2824.0,"[4.6, 5.7, 5.7, 5.7, 5.7, 5.7, 5.7, 5.7, 5.7, 5.7, 5.7, 5.7, 5.7, 5.7, 5.7, 5.7, 5.7, 5.7, 3.8, 0.0]",5.7,5.542105263157895,1414.0,75.0,True
2022-01-08 16:55:46.325000+00:00,2827.0,"[6.4, 8.5, 9.2, 9.3, 9.4, 9.3, 9.3, 9.3, 9.3, 9.3, 9.3, 9.3, 9.3, 9.3, 9.3, 9.3, 8.8, 2.2, 0.0, 0.0]",9.4,8.672222222222222,1566.0,90.0,True
2022-01-08 17:20:29.321000+00:00,2813.0,"[5.7, 5.8, 5.6, 5.5, 5.6, 5.5, 5.5, 5.6, 5.6, 5.7, 7.6, 9.2, 9.2, 9.2, 9.2, 9.2, 9.1, 8.3, 3.4, 0.0]",9.2,6.868421052631579,1395.0,75.0,True
2022-01-08 17:47:56.316000+00:00,2815.0,"[4.9, 7.2, 9.4, 9.4, 9.4, 9.4, 9.4, 9.4, 9.4, 9.4, 9.4, 9.4, 9.4, 9.4, 9.4, 9.4, 9.3, 3.3, 0.0, 0.0]",9.4,8.683333333333334,1566.0,90.0,True
2022-01-08 18:15:44.312000+00:00,2815.0,"[7.4, 9.4, 9.3, 9.4, 9.4, 9.4, 9.3, 9.3, 9.3, 9.3, 9.3, 9.4, 9.4, 9.3, 9.3, 9.3, 6.5, 1.9, 0.0, 0.0]",9.4,8.661111111111111,1565.0,90.0,True
2022-01-08 18:30:39.309000+00:00,2806.0,"[3.7, 4.6, 4.7, 4.8, 4.0, 4.8, 5.3, 5.3, 5.3, 5.3, 5.3, 5.3, 5.3, 5.3, 5.3, 5.3, 5.3, 4.4, 1.2, 0.0]",5.3,4.7631578947368425,833.0,45.0,True
2022-01-08 18:55:56.305000+00:00,2813.0,"[2.9, 5.0, 5.6, 5.6, 5.6, 5.6, 5.6, 5.6, 5.6, 5.6, 5.6, 5.7, 5.6, 5.6, 5.6, 5.6, 5.6, 5.6, 5.3, 0.9]",5.7,5.19,1436.0,75.0,True
2022-01-08 19:29:58.299000+00:00,2804.0,"[5.4, 6.5, 7.1, 7.1, 7.1, 7.0, 7.1, 7.1, 7.1, 7.1, 7.0, 7.1, 7.1, 7.1, 7.0, 7.1, 3.9, 0.0, 0.0, 0.0]",7.1,6.758823529411765,1966.0,105.0,True
2022-01-08 20:01:05.294000+00:00,2769.0,"[6.3, 7.1, 7.1, 7.1, 7.1, 7.1, 7.1, 7.1, 7.1, 7.1, 7.1, 7.1, 7.1, 7.1, 7.1, 7.1, 7.1, 7.1, 7.1, 5.3]",7.1,6.970000000000001,1795.0,90.0,True
2022-01-08 20:29:47.289000+00:00,2739.0,"[6.3, 7.1, 7.1, 7.1, 7.1, 7.1, 7.1, 7.1, 7.1, 7.1, 7.1, 7.1, 7.1, 7.1, 7.1, 7.1, 7.1, 7.1, 3.1, 0.0]",7.1,6.847368421052631,1655.0,90.0,True
2022-01-08 21:00:18.284000+00:00,2732.0,"[6.6, 7.1, 7.1, 7.1, 7.1, 7.1, 7.1, 7.0, 7.1, 7.1, 7.1, 7.1, 7.1, 7.1, 7.1, 7.1, 7.1, 7.1, 7.1, 4.0]",7.1,6.914999999999999,1760.0,90.0,True
2022-01-08 21:33:04.279000+00:00,2730.0,"[6.5, 7.1, 7.1, 7.0, 7.1, 7.1, 7.1, 7.1, 7.1, 7.1, 7.1, 7.1, 7.1, 7.1, 7.1, 5.2, 0.0, 0.0, 0.0, 0.0]",7.1,6.9375,1900.0,105.0,True
2022-01-08 22:04:42.274000+00:00,2732.0,"[6.5, 7.1, 7.1, 7.1, 7.1, 7.1, 7.1, 7.1, 7.1, 7.1, 7.1, 7.1, 7.1, 7.1, 7.1, 3.0, 0.0, 0.0, 0.0, 0.0]",7.1,6.80625,1830.0,105.0,True
2022-01-08 22:41:59.268000+00:00,2753.0,"[6.6, 7.1, 7.1, 7.1, 7.1, 7.1, 7.1, 7.1, 7.1, 7.1, 7.1, 7.1, 7.1, 7.1, 7.1, 7.2, 7.2, 6.2, 0.0, 0.0]",7.2,7.033333333333333,2157.0,120.0,True
2022-01-08 23:17:45.262000+00:00,2769.0,"[6.0, 7.3, 7.3, 7.3, 7.3, 7.3, 7.3, 7.3, 7.3, 7.3, 7.3, 7.3, 7.3, 7.3, 7.3, 7.3, 7.3, 1.8, 0.0, 0.0]",7.3,6.922222222222222,2071.0,105.0,False
2022-01-09 00:29:41.250000+00:00,2736.0,"[6.8, 7.2, 7.2, 7.2, 7.2, 7.2, 7.2, 7.2, 7.2, 7.2, 7.2, 7.2, 7.2, 7.2, 7.2, 7.2, 7.2, 4.6, 0.0, 0.0]",7.2,7.033333333333334,2120.0,120.0,False
2022-01-09 01:32:23.239000+00:00,2752.0,"[4.9, 5.7, 5.7, 5.7, 5.7, 5.7, 5.7, 5.7, 5.7, 5.8, 5.7, 5.7, 5.7, 5.7, 5.7, 5.8, 5.8, 5.8, 5.0, 0.2]",5.8,5.37,1713.0,90.0,False
2022-01-09 01:34:28.239000+00:00,2753.0,"[0.4, 0.3, 0.1, 0.0, 0.0, 0.0, 0.0, 0.0, 0.0, 0.0, 0.0, 0.0, 0.0, 0.0, 0.0, 0.0, 0.0, 0.0, 0.0, 0.0]",0.4,0.2666666666666666,33.0,15.0,True
2022-01-09 01:36:03.239000+00:00,2754.0,"[0.3, 0.3, 0.3, 0.2, 0.1, 0.2, 0.0, 0.0, 0.0, 0.0, 0.0, 0.0, 0.0, 0.0, 0.0, 0.0, 0.0, 0.0, 0.0, 0.0]",0.3,0.2333333333333333,88.0,15.0,True
2022-01-09 01:37:28.239000+00:00,2755.0,"[0.3, 0.2, 0.1, 0.1, 0.1, 0.0, 0.0, 0.0, 0.0, 0.0, 0.0, 0.0, 0.0, 0.0, 0.0, 0.0, 0.0, 0.0, 0.0, 0.0]",0.3,0.1599999999999999,73.0,15.0,False
2022-01-09 01:43:47.237000+00:00,2754.0,"[0.3, 0.2, 0.0, 0.0, 0.0, 0.0, 0.0, 0.0, 0.0, 0.0, 0.0, 0.0, 0.0, 0.0, 0.0, 0.0, 0.0, 0.0, 0.0, 0.0]",0.3,0.25,27.0,15.0,True
2022-01-09 01:46:37.237000+00:00,2753.0,"[0.3, 0.5, 0.2, 0.3, 0.6, 0.4, 0.2, 0.3, 0.2, 0.2, 0.0, 0.0, 0.0, 0.0, 0.0, 0.0, 0.0, 0.0, 0.0, 0.0]",0.6,0.32,151.0,15.0,True
2022-01-09 01:47:40.237000+00:00,2754.0,"[0.3, 0.7, 0.3, 0.2, 0.0, 0.0, 0.0, 0.0, 0.0, 0.0, 0.0, 0.0, 0.0, 0.0, 0.0, 0.0, 0.0, 0.0, 0.0, 0.0]",0.7,0.375,51.0,15.0,True
2022-01-09 01:48:09.775000+00:00,2755.0,"[0.2, 0.1, 0.0, 0.0, 0.0, 0.0, 0.0, 0.0, 0.0, 0.0, 0.0, 0.0, 0.0, 0.0, 0.0, 0.0, 0.0, 0.0, 0.0, 0.0]",0.2,0.15,23.0,15.0,False
2022-01-09 01:51:04.236000+00:00,2757.0,"[0.1, 0.1, 0.2, 0.1, 0.0, 0.0, 0.0, 0.0, 0.0, 0.0, 0.0, 0.0, 0.0, 0.0, 0.0, 0.0, 0.0, 0.0, 0.0, 0.0]",0.2,0.125,50.0,15.0,False
2022-01-09 01:52:33.236000+00:00,2757.0,"[0.2, 0.0, 0.0, 0.0, 0.0, 0.0, 0.0, 0.0, 0.0, 0.0, 0.0, 0.0, 0.0, 0.0, 0.0, 0.0, 0.0, 0.0, 0.0, 0.0]",0.2,0.2,6.0,15.0,False
2022-01-09 01:54:20.236000+00:00,2758.0,"[0.4, 0.9, 0.5, 0.0, 0.0, 0.0, 0.0, 0.0, 0.0, 0.0, 0.0, 0.0, 0.0, 0.0, 0.0, 0.0, 0.0, 0.0, 0.0, 0.0]",0.9,0.6,40.0,15.0,True
2022-01-09 01:54:37.060000+00:00,2758.0,"[0.2, 0.0, 0.0, 0.0, 0.0, 0.0, 0.0, 0.0, 0.0, 0.0, 0.0, 0.0, 0.0, 0.0, 0.0, 0.0, 0.0, 0.0, 0.0, 0.0]",0.2,0.2,11.0,15.0,True
2022-01-09 02:01:53.234000+00:00,2774.0,"[5.8, 11.3, 11.7, 11.7, 12.0, 11.9, 11.9, 11.9, 11.9, 11.8, 11.4, 10.2, 7.9, 3.1, 0.3, 0.0, 0.0, 0.0, 0.0, 0.0]",12.0,9.653333333333334,424.0,30.0,True
2022-01-09 02:16:00.232000+00:00,2763.0,"[6.7, 8.4, 8.7, 8.6, 8.1, 7.6, 7.4, 7.2, 7.3, 6.8, 6.4, 6.8, 6.9, 7.6, 7.3, 5.7, 5.8, 2.4, 0.0, 0.0]",8.7,6.983333333333333,799.0,45.0,True
2022-01-09 02:16:16.232000+00:00,2755.0,"[0.2, 0.0, 0.0, 0.0, 0.0, 0.0, 0.0, 0.0, 0.0, 0.0, 0.0, 0.0, 0.0, 0.0, 0.0, 0.0, 0.0, 0.0, 0.0, 0.0]",0.2,0.2,8.0,15.0,True
2022-01-09 02:16:30.232000+00:00,2756.0,"[0.2, 0.0, 0.0, 0.0, 0.0, 0.0, 0.0, 0.0, 0.0, 0.0, 0.0, 0.0, 0.0, 0.0, 0.0, 0.0, 0.0, 0.0, 0.0, 0.0]",0.2,0.2,5.0,15.0,True
2022-01-09 02:32:23.229000+00:00,2763.0,"[2.4, 3.2, 3.1, 5.1, 7.3, 7.3, 7.3, 7.3, 7.3, 7.3, 7.3, 7.3, 7.3, 7.3, 6.7, 1.4, 0.0, 0.0, 0.0, 0.0]",7.3,5.93125,927.0,60.0,True
2022-01-09 02:52:20.226000+00:00,2766.0,"[4.7, 7.2, 7.3, 7.3, 7.3, 7.3, 7.3, 7.2, 7.3, 7.2, 7.3, 7.2, 4.8, 4.6, 4.6, 4.6, 4.6, 4.6, 3.2, 0.0]",7.3,6.084210526315789,1121.0,60.0,True
2022-01-09 03:04:03.224000+00:00,2765.0,"[4.1, 4.9, 4.8, 4.8, 4.9, 4.8, 4.8, 4.8, 4.8, 4.7, 4.7, 4.7, 4.7, 3.8, 0.5, 0.0, 0.0, 0.0, 0.0, 0.0]",4.9,4.386666666666668,648.0,45.0,True
2022-01-09 03:26:02.220000+00:00,2770.0,"[6.0, 7.3, 7.3, 7.3, 7.3, 7.3, 7.3, 7.3, 7.3, 7.3, 7.3, 7.3, 7.3, 7.3, 7.3, 7.3, 4.7, 0.0, 0.0, 0.0]",7.3,7.070588235294117,1260.0,75.0,True
2022-01-09 03:39:37.218000+00:00,2787.0,"[6.2, 8.1, 7.2, 7.0, 7.0, 7.6, 8.1, 10.4, 12.7, 12.8, 12.8, 12.8, 12.8, 12.6, 10.6, 2.6, 0.0, 0.0, 0.0, 0.0]",12.8,9.45625,713.0,45.0,True
2022-01-09 03:39:53.218000+00:00,2771.0,"[0.2, 0.0, 0.0, 0.0, 0.0, 0.0, 0.0, 0.0, 0.0, 0.0, 0.0, 0.0, 0.0, 0.0, 0.0, 0.0, 0.0, 0.0, 0.0, 0.0]",0.2,0.2,8.0,15.0,True
2022-01-09 03:40:43.218000+00:00,2774.0,"[0.4, 0.3, 0.1, 0.0, 0.0, 0.0, 0.0, 0.0, 0.0, 0.0, 0.0, 0.0, 0.0, 0.0, 0.0, 0.0, 0.0, 0.0, 0.0, 0.0]",0.4,0.2666666666666666,41.0,15.0,True
2022-01-09 03:41:06.218000+00:00,2776.0,"[0.2, 0.0, 0.0, 0.0, 0.0, 0.0, 0.0, 0.0, 0.0, 0.0, 0.0, 0.0, 0.0, 0.0, 0.0, 0.0, 0.0, 0.0, 0.0, 0.0]",0.2,0.2,14.0,15.0,True
2022-01-09 04:05:01.214000+00:00,2797.0,"[11.4, 13.8, 13.3, 12.3, 11.9, 12.0, 12.1, 12.1, 12.1, 12.1, 12.2, 12.1, 12.8, 14.7, 15.2, 15.3, 15.3, 15.0, 5.6, 0.0]",15.3,12.7,1404.0,75.0,False
2022-01-09 05:14:37.202000+00:00,2820.0,"[7.0, 10.6, 10.7, 9.9, 9.9, 9.6, 9.2, 8.5, 8.1, 8.1, 8.1, 8.0, 7.6, 7.3, 7.0, 6.9, 7.0, 6.7, 3.1, 0.1]",10.7,7.669999999999999,591.0,30.0,True
2022-01-09 05:26:54.199000+00:00,2812.0,"[5.1, 5.8, 5.7, 5.7, 5.6, 5.5, 5.2, 4.9, 4.9, 4.9, 5.0, 5.0, 5.0, 4.9, 5.0, 3.2, 0.1, 0.0, 0.0, 0.0]",5.8,4.794117647058823,721.0,45.0,False
2022-01-09 05:53:39.033000+00:00,2849.0,"[1.6, 2.0, 1.8, 1.6, 1.0, 1.2, 1.2, 1.2, 1.3, 1.0, 1.0, 1.9, 2.4, 2.5, 2.1, 3.7, 4.6, 4.2, 1.6, 0.0]",4.6,1.9947368421052636,852.0,45.0,False
2022-01-09 07:06:40.743000+00:00,2860.0,"[0.1, 0.0, 0.0, 0.0, 0.0, 0.0, 0.0, 0.0, 0.0, 0.0, 0.0, 0.0, 0.0, 0.0, 0.0, 0.0, 0.0, 0.0, 0.0, 0.0]",0.1,0.1,6.0,15.0,False
2022-01-09 07:08:02.182000+00:00,2866.0,"[0.2, 0.3, 0.2, 0.0, 0.0, 0.0, 0.0, 0.0, 0.0, 0.0, 0.0, 0.0, 0.0, 0.0, 0.0, 0.0, 0.0, 0.0, 0.0, 0.0]",0.3,0.2333333333333333,45.0,15.0,True
2022-01-09 07:08:58.181000+00:00,2870.0,"[0.6, 0.6, 0.1, 0.0, 0.0, 0.0, 0.0, 0.0, 0.0, 0.0, 0.0, 0.0, 0.0, 0.0, 0.0, 0.0, 0.0, 0.0, 0.0, 0.0]",0.6,0.4333333333333333,49.0,15.0,False
2022-01-09 07:49:21.174000+00:00,2833.0,"[1.5, 1.1, 1.3, 1.5, 1.7, 1.4, 5.1, 7.1, 7.2, 7.2, 7.2, 7.2, 7.3, 7.3, 7.3, 7.3, 7.3, 7.0, 1.7, 0.0]",7.3,4.984210526315789,1650.0,90.0,False
2022-01-09 08:49:06.164000+00:00,2817.0,"[5.8, 7.2, 7.2, 7.3, 7.3, 7.2, 7.2, 7.2, 7.2, 7.2, 7.2, 7.2, 7.2, 7.2, 7.2, 7.2, 7.2, 7.2, 7.2, 3.7]",7.3,6.964999999999999,1757.0,90.0,False
2022-01-09 09:49:14.792000+00:00,2837.0,"[6.1, 7.2, 7.2, 7.3, 7.3, 7.3, 7.3, 7.3, 7.3, 7.3, 7.3, 7.3, 7.3, 7.2, 7.3, 7.3, 7.3, 4.2, 0.0, 0.0]",7.3,7.044444444444444,1612.0,90.0,False
2022-01-09 10:47:51.143000+00:00,2829.0,"[6.6, 7.2, 7.2, 7.2, 7.3, 7.3, 7.2, 7.2, 7.2, 7.3, 7.2, 7.3, 7.3, 7.2, 6.7, 0.4, 0.0, 0.0, 0.0, 0.0]",7.3,6.737500000000001,1814.0,105.0,False
2022-01-09 11:42:17.134000+00:00,2809.0,"[6.3, 7.2, 7.2, 7.2, 7.2, 7.2, 7.2, 7.2, 7.2, 7.2, 7.3, 7.2, 7.2, 7.2, 7.2, 7.3, 7.2, 2.5, 0.0, 0.0]",7.3,6.9,1562.0,90.0,True
2022-01-09 12:10:49.129000+00:00,2804.0,"[6.2, 7.2, 7.3, 7.2, 7.3, 7.2, 7.2, 7.2, 7.2, 7.2, 7.2, 7.2, 7.2, 7.2, 7.3, 7.2, 7.2, 6.2, 0.3, 0.0]",7.3,6.747368421052633,1624.0,90.0,False
2022-01-09 13:42:00.113000+00:00,2828.0,"[6.6, 7.2, 7.2, 7.2, 7.2, 7.2, 7.3, 7.2, 7.3, 7.3, 7.2, 7.3, 7.2, 7.2, 7.0, 1.5, 0.0, 0.0, 0.0, 0.0]",7.3,6.81875,1814.0,105.0,False
2022-01-09 14:41:43.102000+00:00,2845.0,"[3.8, 7.2, 7.2, 7.2, 7.2, 7.2, 7.2, 7.2, 7.3, 7.2, 7.2, 7.2, 7.2, 7.2, 7.2, 7.2, 7.3, 5.3, 0.0, 0.0]",7.3,6.916666666666667,1628.0,90.0,True
2022-01-09 15:10:04.477000+00:00,2843.0,"[6.4, 7.3, 7.3, 7.2, 7.2, 7.3, 7.2, 7.2, 7.2, 7.2, 7.3, 7.3, 7.2, 7.3, 7.2, 7.3, 7.3, 3.5, 0.0, 0.0]",7.3,6.994444444444444,1638.0,90.0,True
2022-01-09 15:28:18.094000+00:00,2848.0,"[5.6, 8.6, 9.1, 9.1, 9.5, 9.4, 9.5, 9.5, 9.5, 9.5, 9.5, 9.5, 9.5, 9.1, 5.5, 7.4, 8.1, 3.7, 0.0, 0.0]",9.5,8.422222222222222,1063.0,60.0,True
2022-01-09 15:56:27.090000+00:00,2838.0,"[5.1, 5.7, 5.7, 5.7, 5.7, 5.7, 5.7, 5.7, 5.7, 5.6, 5.7, 5.7, 5.7, 5.7, 5.6, 5.7, 5.7, 5.4, 0.9, 0.0]",5.7,5.389473684210527,1631.0,90.0,False
2022-01-09 16:52:49.080000+00:00,2832.0,"[6.5, 7.2, 7.2, 7.2, 7.2, 7.2, 7.2, 7.2, 7.2, 7.2, 7.2, 7.2, 7.2, 7.2, 7.2, 7.2, 7.2, 7.2, 3.0, 0.0]",7.2,6.942105263157895,1653.0,90.0,True
2022-01-09 17:23:40.075000+00:00,2830.0,"[6.5, 7.2, 7.2, 7.2, 7.2, 7.2, 7.2, 7.2, 7.2, 7.2, 7.2, 7.2, 7.2, 7.1, 7.2, 7.2, 7.2, 7.2, 7.2, 5.4]",7.2,7.07,1779.0,90.0,True
2022-01-09 17:52:04.070000+00:00,2823.0,"[6.6, 7.2, 7.2, 7.2, 7.2, 7.2, 7.2, 7.2, 7.1, 7.1, 7.2, 7.2, 7.2, 7.2, 7.2, 7.2, 7.2, 6.9, 1.0, 0.0]",7.2,6.815789473684211,1637.0,90.0,True
2022-01-09 18:21:02.065000+00:00,2810.0,"[6.5, 7.2, 7.2, 7.1, 7.2, 7.1, 7.2, 7.1, 7.2, 7.1, 7.1, 7.2, 7.1, 7.1, 7.2, 7.2, 7.2, 7.1, 4.6, 0.0]",7.2,6.98421052631579,1672.0,90.0,True
2022-01-09 18:54:26.060000+00:00,2800.0,"[6.6, 7.2, 7.1, 7.2, 7.2, 7.2, 7.1, 7.1, 7.1, 7.1, 7.2, 7.2, 7.2, 7.2, 7.2, 6.9, 1.5, 0.0, 0.0, 0.0]",7.2,6.782352941176471,1933.0,105.0,True
2022-01-09 19:27:46.054000+00:00,2777.0,"[6.6, 7.2, 7.1, 7.1, 7.2, 7.2, 7.1, 7.1, 7.1, 7.1, 7.1, 7.1, 7.2, 7.1, 7.1, 6.9, 1.4, 0.0, 0.0, 0.0]",7.2,6.747058823529413,1932.0,105.0,True
2022-01-09 20:04:18.048000+00:00,2778.0,"[6.9, 7.1, 7.1, 7.1, 7.2, 7.1, 7.1, 7.1, 7.1, 7.1, 7.1, 7.1, 7.1, 7.1, 7.1, 7.1, 7.1, 5.2, 0.0, 0.0]",7.2,6.988888888888889,2115.0,120.0,False
2022-01-09 21:48:32.030000+00:00,2784.0,"[6.5, 7.1, 7.1, 7.0, 7.1, 7.1, 7.1, 7.1, 7.1, 7.1, 7.1, 7.1, 7.1, 7.1, 6.7, 0.7, 0.0, 0.0, 0.0, 0.0]",7.1,6.63125,1809.0,105.0,True
2022-01-09 22:23:10.024000+00:00,2784.0,"[6.6, 7.1, 7.1, 7.1, 7.1, 7.1, 7.1, 7.1, 7.1, 7.1, 7.1, 7.1, 7.1, 7.1, 7.1, 7.1, 5.8, 0.0, 0.0, 0.0]",7.1,6.994117647058823,2006.0,105.0,True
2022-01-09 22:58:04.018000+00:00,2784.0,"[6.4, 7.1, 7.1, 7.1, 7.1, 7.1, 7.1, 7.1, 7.1, 7.1, 7.1, 7.1, 7.1, 7.1, 7.1, 7.2, 4.6, 0.0, 0.0, 0.0]",7.2,6.917647058823529,2014.0,105.0,True
2022-01-09 23:32:00.012000+00:00,2783.0,"[6.6, 7.1, 7.1, 7.1, 7.1, 7.2, 7.2, 7.1, 7.1, 7.1, 7.1, 7.2, 7.2, 7.1, 7.1, 7.2, 3.4, 0.0, 0.0, 0.0]",7.2,6.882352941176471,1960.0,105.0,True
2022-01-10 00:06:58.006000+00:00,2782.0,"[6.6, 7.1, 7.2, 7.3, 7.3, 7.3, 7.3, 7.3, 7.3, 7.2, 7.3, 7.2, 7.3, 7.3, 7.3, 7.3, 5.0, 0.0, 0.0, 0.0]",7.3,7.094117647058823,2016.0,105.0,True
2022-01-10 01:16:06.994000+00:00,2777.0,"[6.7, 7.2, 7.2, 7.2, 7.2, 7.2, 7.2, 7.2, 7.2, 7.2, 7.2, 7.2, 7.2, 7.2, 7.2, 7.3, 5.9, 0.0, 0.0, 0.0]",7.3,7.100000000000001,2038.0,105.0,False
2022-01-10 01:20:36.994000+00:00,2770.0,"[0.1, 0.0, 0.0, 0.0, 0.0, 0.0, 0.0, 0.0, 0.0, 0.0, 0.0, 0.0, 0.0, 0.0, 0.0, 0.0, 0.0, 0.0, 0.0, 0.0]",0.1,0.1,2.0,15.0,False
2022-01-10 03:02:57.977000+00:00,2773.0,"[1.1, 1.2, 0.5, 0.1, 0.0, 0.0, 0.0, 0.0, 0.0, 0.0, 0.0, 0.0, 0.0, 0.0, 0.0, 0.0, 0.0, 0.0, 0.0, 0.0]",1.2,0.725,46.0,15.0,True
2022-01-10 03:03:44.977000+00:00,2775.0,"[0.5, 0.3, 0.0, 0.0, 0.0, 0.0, 0.0, 0.0, 0.0, 0.0, 0.0, 0.0, 0.0, 0.0, 0.0, 0.0, 0.0, 0.0, 0.0, 0.0]",0.5,0.4,23.0,15.0,True
2022-01-10 03:04:47.977000+00:00,2776.0,"[0.1, 0.2, 0.3, 0.2, 0.0, 0.0, 0.0, 0.0, 0.0, 0.0, 0.0, 0.0, 0.0, 0.0, 0.0, 0.0, 0.0, 0.0, 0.0, 0.0]",0.3,0.2,55.0,15.0,True
2022-01-10 03:07:22.976000+00:00,2780.0,"[0.2, 0.3, 0.3, 0.2, 0.2, 0.3, 0.3, 0.2, 0.2, 0.2, 0.0, 0.0, 0.0, 0.0, 0.0, 0.0, 0.0, 0.0, 0.0, 0.0]",0.3,0.24,147.0,15.0,True
2022-01-10 03:17:12.974000+00:00,2801.0,"[5.1, 9.8, 14.5, 13.8, 14.4, 14.7, 14.0, 13.7, 13.2, 13.4, 13.4, 13.3, 13.3, 13.3, 13.1, 10.9, 10.8, 10.5, 5.5, 1.4]",14.7,11.605,583.0,30.0,True
2022-01-10 03:33:13.972000+00:00,2797.0,"[7.5, 11.3, 12.2, 12.2, 12.2, 12.2, 11.9, 11.1, 11.7, 12.2, 12.2, 12.2, 12.2, 12.0, 10.3, 2.5, 0.0, 0.0, 0.0, 0.0]",12.2,10.99375,930.0,60.0,False
2022-01-10 03:53:55.968000+00:00,2788.0,"[3.1, 5.7, 7.2, 7.7, 8.2, 8.6, 9.1, 8.6, 6.0, 5.1, 3.9, 2.3, 0.9, 0.0, 0.0, 0.0, 0.0, 0.0, 0.0, 0.0]",9.1,5.876923076923077,191.0,15.0,True
2022-01-10 03:55:56.968000+00:00,2787.0,"[0.5, 0.5, 0.6, 0.5, 0.5, 0.4, 0.0, 0.0, 0.0, 0.0, 0.0, 0.0, 0.0, 0.0, 0.0, 0.0, 0.0, 0.0, 0.0, 0.0]",0.6,0.5,90.0,15.0,False
2022-01-10 04:04:17.967000+00:00,2796.0,"[0.4, 0.6, 0.3, 0.2, 0.2, 0.2, 0.2, 0.2, 0.3, 0.3, 0.2, 0.2, 0.4, 0.4, 0.7, 0.4, 0.5, 0.6, 0.3, 0.0]",0.7,0.3473684210526315,276.0,15.0,True
2022-01-10 04:05:47.966000+00:00,2803.0,"[0.3, 0.3, 0.1, 0.0, 0.0, 0.0, 0.0, 0.0, 0.0, 0.0, 0.0, 0.0, 0.0, 0.0, 0.0, 0.0, 0.0, 0.0, 0.0, 0.0]",0.3,0.2333333333333333,33.0,15.0,True
2022-01-10 04:22:55.963000+00:00,2820.0,"[11.2, 15.5, 15.0, 16.2, 17.0, 17.2, 18.1, 18.1, 18.1, 18.1, 18.1, 18.1, 18.1, 18.0, 15.7, 11.2, 3.7, 0.0, 0.0, 0.0]",18.1,15.729411764705883,1003.0,60.0,True
2022-01-10 04:23:58.963000+00:00,2791.0,"[0.4, 0.2, 0.6, 0.3, 0.0, 0.0, 0.0, 0.0, 0.0, 0.0, 0.0, 0.0, 0.0, 0.0, 0.0, 0.0, 0.0, 0.0, 0.0, 0.0]",0.6,0.375,56.0,15.0,True
2022-01-10 04:25:02.963000+00:00,2794.0,"[0.2, 0.6, 0.3, 0.2, 0.0, 0.0, 0.0, 0.0, 0.0, 0.0, 0.0, 0.0, 0.0, 0.0, 0.0, 0.0, 0.0, 0.0, 0.0, 0.0]",0.6,0.325,57.0,15.0,False
2022-01-10 04:26:51.963000+00:00,2801.0,"[0.3, 0.0, 0.0, 0.0, 0.0, 0.0, 0.0, 0.0, 0.0, 0.0, 0.0, 0.0, 0.0, 0.0, 0.0, 0.0, 0.0, 0.0, 0.0, 0.0]",0.3,0.3,14.0,15.0,False
2022-01-10 05:07:42.956000+00:00,2779.0,"[0.2, 0.0, 0.0, 0.0, 0.0, 0.0, 0.0, 0.0, 0.0, 0.0, 0.0, 0.0, 0.0, 0.0, 0.0, 0.0, 0.0, 0.0, 0.0, 0.0]",0.2,0.2,9.0,15.0,True
2022-01-10 05:35:04.951000+00:00,2807.0,"[9.6, 12.2, 12.2, 12.2, 12.2, 12.2, 12.2, 12.2, 12.2, 12.2, 12.2, 12.1, 12.2, 12.2, 12.2, 11.3, 10.6, 5.7, 0.0, 0.0]",12.2,11.549999999999995,1586.0,90.0,False
2022-01-10 06:11:49.945000+00:00,2805.0,"[9.5, 12.1, 12.2, 12.2, 12.2, 12.2, 12.1, 12.1, 12.2, 12.2, 12.2, 12.2, 12.2, 12.1, 12.2, 12.2, 12.1, 4.0, 0.0, 0.0]",12.2,11.566666666666665,2090.0,105.0,False
2022-01-10 06:31:43.942000+00:00,2799.0,"[5.0, 8.8, 8.7, 7.1, 5.9, 6.7, 6.7, 6.8, 6.8, 8.6, 7.1, 2.3, 0.3, 0.0, 0.0, 0.0, 0.0, 0.0, 0.0, 0.0]",8.8,6.215384615384614,381.0,30.0,False
2022-01-10 08:08:21.926000+00:00,2794.0,"[0.1, 0.0, 0.0, 0.0, 0.0, 0.0, 0.0, 0.0, 0.0, 0.0, 0.0, 0.0, 0.0, 0.0, 0.0, 0.0, 0.0, 0.0, 0.0, 0.0]",0.1,0.1,3.0,15.0,False
2022-01-10 08:34:27.921000+00:00,2793.0,"[0.1, 0.0, 0.0, 0.0, 0.0, 0.0, 0.0, 0.0, 0.0, 0.0, 0.0, 0.0, 0.0, 0.0, 0.0, 0.0, 0.0, 0.0, 0.0, 0.0]",0.1,0.1,3.0,15.0,False
2022-01-10 08:47:31.919000+00:00,2831.0,"[0.3, 0.2, 0.0, 0.0, 0.0, 0.0, 0.0, 0.0, 0.0, 0.0, 0.0, 0.0, 0.0, 0.0, 0.0, 0.0, 0.0, 0.0, 0.0, 0.0]",0.3,0.25,26.0,15.0,False
2022-01-10 09:05:45.015000+00:00,2809.0,"[0.2, 0.1, 0.0, 0.0, 0.0, 0.0, 0.0, 0.0, 0.0, 0.0, 0.0, 0.0, 0.0, 0.0, 0.0, 0.0, 0.0, 0.0, 0.0, 0.0]",0.2,0.15,57.0,15.0,True
2022-01-10 09:37:21.911000+00:00,2813.0,"[4.9, 7.2, 7.2, 7.2, 7.2, 7.2, 7.2, 7.2, 7.2, 7.2, 7.2, 7.2, 7.2, 7.2, 7.2, 5.5, 0.0, 0.0, 0.0, 0.0]",7.2,6.95,1890.0,105.0,False
2022-01-10 10:43:41.900000+00:00,2799.0,"[6.3, 7.2, 7.1, 7.2, 7.2, 7.2, 7.2, 7.1, 7.2, 7.1, 7.2, 7.1, 7.2, 7.1, 7.1, 7.1, 7.1, 7.1, 7.1, 5.8]",7.2,7.035000000000001,1784.0,90.0,False
2022-01-10 11:50:59.888000+00:00,2801.0,"[6.4, 7.2, 7.1, 7.1, 7.2, 7.1, 7.1, 7.1, 7.2, 7.1, 7.1, 7.1, 7.2, 7.1, 7.1, 7.2, 5.2, 0.0, 0.0, 0.0]",7.2,6.976470588235294,1975.0,105.0,False
2022-01-10 12:57:10.877000+00:00,2797.0,"[6.3, 7.1, 7.2, 7.1, 7.1, 7.1, 7.2, 7.2, 7.1, 7.1, 7.1, 7.2, 7.1, 7.2, 7.2, 2.6, 0.0, 0.0, 0.0, 0.0]",7.2,6.80625,1835.0,105.0,True
2022-01-10 13:31:49.871000+00:00,2797.0,"[6.5, 7.2, 7.2, 7.1, 7.2, 7.1, 7.1, 7.2, 7.2, 7.2, 7.1, 7.2, 7.2, 7.2, 7.1, 7.2, 3.9, 0.0, 0.0, 0.0]",7.2,6.935294117647059,1989.0,105.0,False
2022-01-10 14:38:47.861000+00:00,2790.0,"[6.5, 7.2, 7.2, 7.2, 7.2, 7.2, 7.2, 7.2, 7.2, 7.2, 7.2, 7.2, 7.2, 7.2, 7.2, 7.2, 3.8, 0.0, 0.0, 0.0]",7.2,6.958823529411765,1964.0,105.0,True
2022-01-10 15:08:54.856000+00:00,2784.0,"[5.2, 5.7, 5.7, 5.6, 5.7, 5.6, 5.7, 5.6, 5.6, 5.7, 5.6, 5.6, 5.7, 5.7, 5.7, 5.6, 5.7, 5.6, 5.3, 0.8]",5.7,5.369999999999999,1720.0,90.0,False
2022-01-10 15:52:16.849000+00:00,2782.0,"[5.6, 6.1, 3.5, 4.3, 4.3, 5.5, 5.5, 5.5, 5.5, 5.5, 5.5, 5.6, 5.5, 5.5, 5.5, 3.1, 0.0, 0.0, 0.0, 0.0]",6.1,5.125,956.0,60.0,True
2022-01-10 16:23:31.843000+00:00,2793.0,"[6.1, 9.0, 9.2, 9.2, 9.3, 9.2, 9.2, 9.2, 9.2, 9.2, 9.2, 9.2, 9.3, 9.2, 8.5, 0.9, 0.0, 0.0, 0.0, 0.0]",9.3,8.44375,1811.0,105.0,False
2022-01-10 17:38:05.831000+00:00,2784.0,"[6.8, 7.2, 7.2, 7.2, 7.2, 7.2, 7.2, 7.2, 7.2, 7.2, 7.2, 7.2, 7.2, 7.2, 7.2, 7.2, 7.2, 7.2, 6.5, 0.0]",7.2,7.142105263157895,2280.0,120.0,True
2022-01-10 18:11:33.826000+00:00,2783.0,"[6.9, 7.2, 7.2, 7.2, 7.2, 7.2, 7.2, 7.2, 7.2, 7.2, 7.3, 7.2, 7.2, 7.2, 7.2, 7.0, 2.0, 0.0, 0.0, 0.0]",7.3,6.870588235294118,1937.0,105.0,True
2022-01-10 18:48:13.820000+00:00,2783.0,"[6.8, 7.2, 7.2, 7.2, 7.2, 7.2, 7.2, 7.2, 7.2, 7.2, 7.2, 7.2, 7.2, 7.2, 7.2, 7.2, 7.2, 6.2, 0.0, 0.0]",7.2,7.122222222222224,2130.0,120.0,True
2022-01-10 19:23:27.814000+00:00,2782.0,"[6.9, 7.2, 7.2, 7.2, 7.2, 7.2, 7.1, 7.2, 7.2, 7.2, 7.2, 7.2, 7.2, 7.2, 7.2, 7.2, 6.2, 0.0, 0.0, 0.0]",7.2,7.117647058823529,2037.0,105.0,True
2022-01-10 19:57:28.809000+00:00,2779.0,"[6.7, 7.2, 7.2, 7.2, 7.2, 7.2, 7.2, 7.2, 7.2, 7.2, 7.2, 7.2, 7.2, 7.2, 7.2, 7.2, 3.7, 0.0, 0.0, 0.0]",7.2,6.964705882352941,1962.0,105.0,False
2022-01-10 21:10:56.797000+00:00,2776.0,"[6.7, 7.2, 7.2, 7.2, 7.2, 7.1, 7.2, 7.2, 7.2, 7.2, 7.2, 7.2, 7.1, 7.2, 7.1, 7.2, 7.2, 7.2, 4.8, 0.0]",7.2,7.031578947368423,2254.0,120.0,True
2022-01-10 21:49:47.790000+00:00,2775.0,"[6.8, 7.2, 7.2, 7.2, 7.2, 7.1, 7.2, 7.2, 7.2, 7.2, 7.2, 7.2, 7.2, 7.1, 7.2, 7.2, 7.2, 7.2, 4.5, 0.0]",7.2,7.026315789473684,2251.0,120.0,True
2022-01-10 22:25:27.784000+00:00,2775.0,"[6.6, 7.2, 7.2, 7.2, 7.2, 7.2, 7.2, 7.2, 7.1, 7.2, 7.2, 7.1, 7.1, 7.2, 7.2, 7.2, 7.2, 3.2, 0.0, 0.0]",7.2,6.927777777777779,2066.0,105.0,True
2022-01-10 23:02:07.778000+00:00,2774.0,"[6.6, 7.2, 7.2, 7.2, 7.2, 7.2, 7.2, 7.2, 7.2, 7.2, 7.2, 7.2, 7.2, 7.2, 7.2, 7.2, 7.2, 5.6, 0.0, 0.0]",7.2,7.0777777777777775,2123.0,120.0,True
2022-01-10 23:39:53.772000+00:00,2771.0,"[6.7, 7.1, 7.1, 7.2, 7.2, 7.2, 7.1, 7.1, 7.2, 7.2, 7.2, 7.2, 7.2, 7.2, 7.2, 7.2, 7.2, 7.1, 2.9, 0.0]",7.2,6.921052631578949,2183.0,120.0,True
2022-01-11 00:18:07.765000+00:00,2771.0,"[6.7, 7.2, 7.2, 7.2, 7.2, 7.2, 7.2, 7.2, 7.2, 7.2, 7.2, 7.2, 7.2, 7.2, 7.2, 7.3, 7.2, 7.3, 4.6, 0.0]",7.3,7.047368421052632,2210.0,120.0,True
2022-01-11 00:50:55.760000+00:00,2768.0,"[6.6, 7.2, 7.2, 7.2, 7.2, 7.2, 7.2, 7.2, 7.2, 7.2, 7.2, 7.2, 7.2, 7.2, 7.2, 3.3, 0.0, 0.0, 0.0, 0.0]",7.2,6.91875,1887.0,105.0,False
2022-01-11 00:59:18.759000+00:00,2758.0,"[2.0, 1.6, 1.3, 0.9, 0.4, 0.3, 0.2, 0.4, 0.4, 0.4, 0.2, 0.0, 0.0, 0.0, 0.0, 0.0, 0.0, 0.0, 0.0, 0.0]",2.0,0.7363636363636364,308.0,30.0,True
2022-01-11 01:01:19.758000+00:00,2758.0,"[0.5, 0.5, 0.3, 0.4, 0.4, 0.5, 0.4, 0.3, 0.0, 0.0, 0.0, 0.0, 0.0, 0.0, 0.0, 0.0, 0.0, 0.0, 0.0, 0.0]",0.5,0.4125,113.0,15.0,False
2022-01-11 01:10:59.757000+00:00,2750.0,"[0.4, 0.4, 0.4, 0.4, 0.4, 0.4, 0.4, 0.3, 0.3, 0.3, 0.4, 0.4, 0.4, 0.3, 0.2, 0.2, 0.2, 0.1, 0.2, 0.0]",0.4,0.3210526315789473,282.0,15.0,False
2022-01-11 01:28:38.754000+00:00,2749.0,"[0.2, 0.3, 0.2, 0.1, 0.2, 0.0, 0.0, 0.0, 0.0, 0.0, 0.0, 0.0, 0.0, 0.0, 0.0, 0.0, 0.0, 0.0, 0.0, 0.0]",0.3,0.2,70.0,15.0,False
2022-01-11 01:34:58.753000+00:00,2751.0,"[1.2, 2.3, 2.6, 2.9, 3.1, 3.3, 3.0, 3.0, 3.2, 1.9, 0.4, 0.1, 0.0, 0.0, 0.0, 0.0, 0.0, 0.0, 0.0, 0.0]",3.3,2.25,177.0,15.0,False
2022-01-11 01:43:34.752000+00:00,2756.0,"[0.3, 0.2, 0.1, 0.1, 0.0, 0.0, 0.0, 0.0, 0.0, 0.0, 0.0, 0.0, 0.0, 0.0, 0.0, 0.0, 0.0, 0.0, 0.0, 0.0]",0.3,0.175,61.0,15.0,True
2022-01-11 01:45:37.751000+00:00,2757.0,"[0.1, 0.1, 0.2, 0.2, 0.2, 0.1, 0.1, 0.2, 0.0, 0.0, 0.0, 0.0, 0.0, 0.0, 0.0, 0.0, 0.0, 0.0, 0.0, 0.0]",0.2,0.15,115.0,15.0,True
2022-01-11 01:46:21.751000+00:00,2758.0,"[0.3, 0.3, 0.1, 0.0, 0.0, 0.0, 0.0, 0.0, 0.0, 0.0, 0.0, 0.0, 0.0, 0.0, 0.0, 0.0, 0.0, 0.0, 0.0, 0.0]",0.3,0.2333333333333333,37.0,15.0,False
2022-01-11 02:02:54.748000+00:00,2762.0,"[0.2, 0.0, 0.0, 0.0, 0.0, 0.0, 0.0, 0.0, 0.0, 0.0, 0.0, 0.0, 0.0, 0.0, 0.0, 0.0, 0.0, 0.0, 0.0, 0.0]",0.2,0.2,5.0,15.0,False
2022-01-11 02:15:53.746000+00:00,2755.0,"[0.1, 0.0, 0.0, 0.0, 0.0, 0.0, 0.0, 0.0, 0.0, 0.0, 0.0, 0.0, 0.0, 0.0, 0.0, 0.0, 0.0, 0.0, 0.0, 0.0]",0.1,0.1,1.0,15.0,False
2022-01-11 02:22:47.745000+00:00,2751.0,"[0.2, 0.0, 0.0, 0.0, 0.0, 0.0, 0.0, 0.0, 0.0, 0.0, 0.0, 0.0, 0.0, 0.0, 0.0, 0.0, 0.0, 0.0, 0.0, 0.0]",0.2,0.2,13.0,15.0,True
2022-01-11 02:35:57.743000+00:00,2756.0,"[5.5, 6.4, 6.1, 5.3, 6.2, 6.4, 6.1, 6.0, 6.0, 5.8, 6.0, 6.0, 5.9, 5.9, 5.9, 6.3, 4.7, 0.0, 0.0, 0.0]",6.4,5.911764705882353,764.0,45.0,True
2022-01-11 02:50:16.741000+00:00,2760.0,"[6.0, 6.7, 6.1, 6.3, 6.4, 6.4, 6.3, 6.3, 6.3, 6.2, 6.3, 6.3, 6.4, 6.3, 6.5, 6.3, 6.2, 3.5, 0.0, 0.0]",6.7,6.155555555555555,804.0,45.0,True
2022-01-11 02:50:27.741000+00:00,2757.0,"[0.1, 0.0, 0.0, 0.0, 0.0, 0.0, 0.0, 0.0, 0.0, 0.0, 0.0, 0.0, 0.0, 0.0, 0.0, 0.0, 0.0, 0.0, 0.0, 0.0]",0.1,0.1,4.0,15.0,True
2022-01-11 03:02:51.299000+00:00,2764.0,"[5.7, 6.3, 6.1, 6.2, 6.2, 6.0, 6.1, 6.3, 6.2, 6.2, 6.1, 6.3, 6.0, 6.0, 6.1, 2.6, 0.0, 0.0, 0.0, 0.0]",6.3,5.9,702.0,45.0,False
2022-01-11 03:15:21.737000+00:00,2763.0,"[0.1, 0.0, 0.0, 0.0, 0.0, 0.0, 0.0, 0.0, 0.0, 0.0, 0.0, 0.0, 0.0, 0.0, 0.0, 0.0, 0.0, 0.0, 0.0, 0.0]",0.1,0.1,6.0,15.0,False
2022-01-11 03:16:16.297000+00:00,2765.0,"[0.3, 0.2, 0.0, 0.0, 0.0, 0.0, 0.0, 0.0, 0.0, 0.0, 0.0, 0.0, 0.0, 0.0, 0.0, 0.0, 0.0, 0.0, 0.0, 0.0]",0.3,0.25,21.0,15.0,True
2022-01-11 03:16:51.736000+00:00,2766.0,"[0.4, 0.3, 0.0, 0.0, 0.0, 0.0, 0.0, 0.0, 0.0, 0.0, 0.0, 0.0, 0.0, 0.0, 0.0, 0.0, 0.0, 0.0, 0.0, 0.0]",0.4,0.35,23.0,15.0,True
2022-01-11 03:17:15.297000+00:00,2766.0,"[0.2, 0.0, 0.0, 0.0, 0.0, 0.0, 0.0, 0.0, 0.0, 0.0, 0.0, 0.0, 0.0, 0.0, 0.0, 0.0, 0.0, 0.0, 0.0, 0.0]",0.2,0.2,16.0,15.0,False
2022-01-11 03:20:21.736000+00:00,2765.0,"[0.5, 0.2, 0.0, 0.0, 0.0, 0.0, 0.0, 0.0, 0.0, 0.0, 0.0, 0.0, 0.0, 0.0, 0.0, 0.0, 0.0, 0.0, 0.0, 0.0]",0.5,0.35,27.0,15.0,False
2022-01-11 03:31:39.295000+00:00,2766.0,"[4.6, 4.8, 5.0, 6.0, 5.7, 5.4, 5.2, 5.4, 5.3, 5.4, 5.9, 6.1, 6.1, 4.4, 0.5, 0.0, 0.0, 0.0, 0.0, 0.0]",6.1,5.053333333333333,637.0,45.0,True
2022-01-11 03:42:14.732000+00:00,2773.0,"[5.3, 6.9, 7.4, 7.7, 7.7, 7.7, 7.6, 7.5, 7.7, 7.7, 7.7, 7.5, 7.7, 7.8, 7.7, 7.8, 8.3, 8.5, 5.4, 1.6]",8.5,7.159999999999999,594.0,30.0,True
2022-01-11 03:42:28.732000+00:00,2765.0,"[0.2, 0.0, 0.0, 0.0, 0.0, 0.0, 0.0, 0.0, 0.0, 0.0, 0.0, 0.0, 0.0, 0.0, 0.0, 0.0, 0.0, 0.0, 0.0, 0.0]",0.2,0.2,7.0,15.0,False
2022-01-11 03:43:54.732000+00:00,2769.0,"[0.4, 0.4, 0.3, 0.0, 0.0, 0.0, 0.0, 0.0, 0.0, 0.0, 0.0, 0.0, 0.0, 0.0, 0.0, 0.0, 0.0, 0.0, 0.0, 0.0]",0.4,0.3666666666666667,44.0,15.0,False
2022-01-11 04:25:30.725000+00:00,2780.0,"[8.9, 10.5, 10.4, 11.6, 11.5, 11.8, 11.8, 11.7, 11.7, 11.8, 11.8, 11.8, 11.5, 10.3, 7.7, 4.4, 0.0, 0.0, 0.0, 0.0]",11.8,10.575,958.0,60.0,False
2022-01-11 05:29:12.715000+00:00,2765.0,"[6.6, 7.3, 7.3, 7.3, 7.3, 7.3, 7.3, 7.3, 7.3, 7.3, 7.2, 7.3, 7.3, 7.3, 7.3, 7.3, 3.7, 0.0, 0.0, 0.0]",7.3,7.041176470588235,1950.0,105.0,True
2022-01-11 06:00:04.710000+00:00,2769.0,"[6.1, 7.3, 7.3, 7.3, 7.3, 7.3, 7.3, 7.3, 7.3, 7.3, 7.3, 7.3, 7.3, 7.3, 7.3, 7.3, 7.3, 7.3, 7.3, 5.1]",7.3,7.13,1769.0,90.0,False
2022-01-11 07:29:31.695000+00:00,2774.0,"[6.4, 7.3, 7.3, 7.3, 7.3, 7.3, 7.3, 7.3, 7.3, 7.3, 7.3, 7.3, 7.3, 7.3, 7.2, 7.3, 7.3, 4.4, 0.0, 0.0]",7.3,7.083333333333333,1583.0,90.0,True
2022-01-11 07:57:46.690000+00:00,2774.0,"[6.4, 7.3, 7.3, 7.3, 7.3, 7.3, 7.3, 7.2, 7.3, 7.3, 7.3, 7.3, 7.3, 7.2, 7.3, 7.2, 7.2, 7.0, 1.8, 0.0]",7.3,6.926315789473685,1635.0,90.0,False
2022-01-11 08:56:08.681000+00:00,2779.0,"[6.1, 7.3, 7.3, 7.2, 7.2, 7.3, 7.2, 7.3, 7.2, 7.2, 7.3, 7.2, 7.2, 7.3, 7.2, 7.2, 7.2, 7.3, 4.4, 0.0]",7.3,7.031578947368421,1670.0,90.0,True
2022-01-11 09:24:34.676000+00:00,2778.0,"[6.1, 7.2, 7.2, 7.2, 7.2, 7.2, 7.2, 7.2, 7.2, 7.2, 7.2, 7.2, 7.2, 7.2, 7.2, 7.2, 7.2, 5.0, 0.0, 0.0]",7.2,7.016666666666667,1606.0,90.0,True
2022-01-11 10:00:56.670000+00:00,2775.0,"[6.5, 7.2, 7.2, 7.2, 7.2, 7.2, 7.2, 7.2, 7.2, 7.1, 7.2, 7.2, 7.2, 7.2, 7.2, 7.2, 7.2, 4.7, 0.0, 0.0]",7.2,7.016666666666668,2088.0,105.0,True
2022-01-11 10:35:22.664000+00:00,2772.0,"[6.6, 7.2, 7.2, 7.1, 7.2, 7.2, 7.2, 7.2, 7.2, 7.2, 7.1, 7.2, 7.2, 7.2, 7.1, 7.2, 5.1, 0.0, 0.0, 0.0]",7.2,7.023529411764706,1973.0,105.0,True
2022-01-11 11:12:13.658000+00:00,2772.0,"[6.5, 7.1, 7.1, 7.1, 7.1, 7.2, 7.2, 7.1, 7.1, 7.2, 7.2, 7.2, 7.2, 7.2, 7.1, 7.2, 7.2, 4.3, 0.0, 0.0]",7.2,6.961111111111112,2106.0,120.0,False
2022-01-11 12:22:07.647000+00:00,2776.0,"[6.6, 7.1, 7.2, 7.1, 7.1, 7.1, 7.2, 7.1, 7.1, 7.1, 7.1, 7.1, 7.1, 7.1, 7.2, 7.2, 7.2, 6.9, 1.6, 0.0]",7.2,6.800000000000001,2172.0,120.0,True
2022-01-11 12:57:40.641000+00:00,2778.0,"[6.5, 7.1, 7.1, 7.1, 7.1, 7.1, 7.1, 7.1, 7.1, 7.1, 7.1, 7.1, 7.1, 7.1, 7.1, 7.2, 6.0, 0.0, 0.0, 0.0]",7.2,7.005882352941176,2031.0,105.0,False
2022-01-11 14:47:04.623000+00:00,2768.0,"[6.6, 7.2, 7.1, 7.2, 7.2, 7.2, 7.2, 7.2, 7.2, 7.2, 7.2, 7.2, 7.2, 7.2, 7.2, 7.2, 7.2, 4.8, 0.0, 0.0]",7.2,7.027777777777778,2134.0,120.0,False
2022-01-11 15:49:57.612000+00:00,2759.0,"[2.5, 2.1, 3.6, 5.5, 5.4, 5.5, 5.5, 5.5, 5.5, 5.5, 5.5, 5.5, 5.5, 5.5, 5.5, 5.5, 5.5, 5.1, 0.6, 0.0]",5.5,4.778947368421052,1630.0,90.0,True
2022-01-11 16:24:06.607000+00:00,2759.0,"[4.9, 5.4, 5.4, 5.4, 5.4, 5.5, 5.4, 5.4, 5.4, 5.5, 5.4, 5.5, 5.5, 5.4, 5.5, 5.5, 3.1, 0.0, 0.0, 0.0]",5.5,5.270588235294118,1982.0,105.0,True
2022-01-11 16:56:33.602000+00:00,2759.0,"[4.8, 5.5, 5.5, 5.4, 5.5, 5.5, 5.4, 5.5, 5.5, 5.5, 5.5, 5.5, 5.5, 5.5, 5.5, 4.0, 0.0, 0.0, 0.0, 0.0]",5.5,5.35,1874.0,105.0,True
2022-01-11 17:29:17.596000+00:00,2769.0,"[5.9, 6.1, 8.8, 9.2, 9.2, 9.2, 9.2, 9.3, 9.3, 9.3, 9.3, 9.2, 9.2, 9.2, 9.2, 5.1, 0.0, 0.0, 0.0, 0.0]",9.3,8.54375,1891.0,105.0,True
2022-01-11 18:09:04.590000+00:00,2763.0,"[6.8, 7.2, 7.3, 7.2, 7.2, 7.3, 7.2, 7.2, 7.3, 7.3, 7.3, 7.3, 7.3, 7.3, 7.3, 7.3, 7.3, 7.3, 7.3, 2.4]",7.3,7.005000000000001,2313.0,120.0,True
2022-01-11 18:44:10.584000+00:00,2761.0,"[6.3, 7.2, 7.3, 7.2, 7.3, 7.2, 7.2, 7.3, 7.3, 7.3, 7.2, 7.3, 7.2, 7.3, 7.2, 7.3, 6.3, 0.0, 0.0, 0.0]",7.3,7.141176470588235,2034.0,105.0,True
2022-01-11 19:21:16.578000+00:00,2761.0,"[6.5, 7.2, 7.2, 7.3, 7.3, 7.4, 7.3, 7.3, 7.3, 7.2, 7.2, 7.3, 7.2, 7.3, 7.2, 7.3, 7.3, 6.1, 0.0, 0.0]",7.4,7.161111111111111,2153.0,120.0,True
2022-01-11 19:54:39.573000+00:00,2760.0,"[5.8, 7.3, 7.3, 7.3, 7.3, 7.3, 7.2, 7.3, 7.3, 7.3, 7.3, 7.3, 7.3, 7.2, 7.3, 6.8, 0.8, 0.0, 0.0, 0.0]",7.3,6.788235294117647,1930.0,105.0,True
2022-01-11 20:32:53.566000+00:00,2759.0,"[6.5, 7.2, 7.2, 7.2, 7.2, 7.3, 7.2, 7.3, 7.2, 7.2, 7.2, 7.2, 7.2, 7.2, 7.2, 7.2, 7.3, 7.3, 4.8, 0.0]",7.3,7.0578947368421066,2211.0,120.0,True
2022-01-11 21:20:51.558000+00:00,2758.0,"[6.8, 7.2, 7.2, 7.2, 7.2, 7.2, 7.2, 7.2, 7.2, 7.2, 7.2, 7.2, 7.2, 7.2, 7.2, 7.2, 7.2, 7.2, 5.4, 0.0]",7.2,7.084210526315791,2799.0,150.0,False
2022-01-11 22:41:29.545000+00:00,2756.0,"[6.8, 7.2, 7.2, 7.2, 7.2, 7.2, 7.2, 7.2, 7.2, 7.2, 7.2, 7.2, 7.2, 7.2, 7.2, 7.2, 7.2, 7.2, 5.8, 0.0]",7.2,7.105263157894738,2247.0,120.0,True
2022-01-11 23:08:16.540000+00:00,2755.0,"[6.4, 7.2, 7.2, 7.2, 7.2, 7.2, 7.2, 7.2, 7.2, 7.2, 7.2, 7.2, 7.2, 7.2, 7.6, 6.6, 5.6, 0.0, 0.0, 0.0]",7.6,7.047058823529412,1527.0,90.0,True
2022-01-11 23:18:24.539000+00:00,2759.0,"[6.7, 7.5, 6.9, 7.1, 8.0, 9.0, 9.0, 9.1, 8.4, 8.7, 8.4, 8.7, 8.9, 9.0, 8.8, 8.4, 8.5, 4.9, 2.2, 0.0]",9.1,7.8,566.0,30.0,True
2022-01-11 23:43:37.535000+00:00,2751.0,"[3.5, 3.1, 4.8, 5.8, 5.8, 5.9, 5.8, 5.8, 5.8, 5.8, 5.8, 5.8, 5.9, 5.8, 5.8, 5.8, 5.8, 5.8, 5.8, 3.4]",5.9,5.39,1474.0,75.0,True
2022-01-12 00:17:28.529000+00:00,2754.0,"[4.7, 6.0, 6.9, 7.0, 6.9, 7.0, 7.0, 6.9, 6.9, 6.9, 6.9, 7.0, 7.0, 7.0, 6.9, 6.9, 3.1, 0.0, 0.0, 0.0]",7.0,6.529411764705882,1964.0,105.0,True
2022-01-12 00:50:06.524000+00:00,2758.0,"[7.0, 8.3, 8.5, 8.5, 8.5, 8.5, 8.5, 8.5, 8.5, 8.5, 8.5, 8.5, 8.5, 8.5, 8.5, 6.6, 0.0, 0.0, 0.0, 0.0]",8.5,8.274999999999999,1888.0,105.0,True
2022-01-12 01:19:42.519000+00:00,2755.0,"[4.2, 8.5, 8.6, 8.5, 8.6, 8.6, 8.7, 8.6, 8.6, 8.7, 8.6, 8.7, 8.7, 8.6, 8.7, 8.7, 8.7, 8.7, 5.7, 0.0]",8.7,8.247368421052629,1701.0,90.0,True
2022-01-12 01:32:09.517000+00:00,2750.0,"[4.9, 6.4, 6.3, 8.6, 8.9, 8.9, 8.9, 8.0, 6.4, 6.1, 6.4, 6.4, 6.5, 7.1, 3.8, 0.2, 0.0, 0.0, 0.0, 0.0]",8.9,6.4875,678.0,45.0,False
2022-01-12 01:35:08.516000+00:00,2741.0,"[0.3, 0.3, 0.2, 0.2, 0.1, 0.1, 0.3, 0.4, 0.3, 0.2, 0.0, 0.0, 0.0, 0.0, 0.0, 0.0, 0.0, 0.0, 0.0, 0.0]",0.4,0.24,148.0,15.0,True
2022-01-12 01:36:08.516000+00:00,2742.0,"[0.3, 0.3, 0.3, 0.1, 0.0, 0.0, 0.0, 0.0, 0.0, 0.0, 0.0, 0.0, 0.0, 0.0, 0.0, 0.0, 0.0, 0.0, 0.0, 0.0]",0.3,0.2499999999999999,53.0,15.0,True
2022-01-12 01:37:27.516000+00:00,2744.0,"[0.4, 0.2, 0.2, 0.1, 0.2, 0.0, 0.0, 0.0, 0.0, 0.0, 0.0, 0.0, 0.0, 0.0, 0.0, 0.0, 0.0, 0.0, 0.0, 0.0]",0.4,0.22,72.0,15.0,True
2022-01-12 01:38:27.516000+00:00,2745.0,"[0.2, 0.2, 0.2, 0.2, 0.0, 0.0, 0.0, 0.0, 0.0, 0.0, 0.0, 0.0, 0.0, 0.0, 0.0, 0.0, 0.0, 0.0, 0.0, 0.0]",0.2,0.2,52.0,15.0,True
2022-01-12 02:01:03.512000+00:00,2770.0,"[10.5, 13.0, 13.0, 13.0, 13.0, 13.0, 13.0, 13.0, 13.0, 13.1, 11.2, 13.1, 13.6, 13.7, 13.6, 13.6, 12.3, 6.7, 0.0, 0.0]",13.7,12.522222222222222,1346.0,75.0,False
2022-01-12 02:03:50.511000+00:00,2756.0,"[0.2, 0.2, 0.1, 0.0, 0.0, 0.0, 0.0, 0.0, 0.0, 0.0, 0.0, 0.0, 0.0, 0.0, 0.0, 0.0, 0.0, 0.0, 0.0, 0.0]",0.2,0.1666666666666666,32.0,15.0,False
2022-01-12 02:10:30.510000+00:00,2753.0,"[0.1, 0.2, 0.1, 0.1, 0.0, 0.0, 0.0, 0.0, 0.0, 0.0, 0.0, 0.0, 0.0, 0.0, 0.0, 0.0, 0.0, 0.0, 0.0, 0.0]",0.2,0.125,50.0,15.0,False
2022-01-12 02:17:33.509000+00:00,2753.0,"[0.1, 0.0, 0.0, 0.0, 0.0, 0.0, 0.0, 0.0, 0.0, 0.0, 0.0, 0.0, 0.0, 0.0, 0.0, 0.0, 0.0, 0.0, 0.0, 0.0]",0.1,0.1,16.0,15.0,True
2022-01-12 02:19:44.509000+00:00,2751.0,"[0.1, 0.0, 0.0, 0.0, 0.0, 0.0, 0.0, 0.0, 0.0, 0.0, 0.0, 0.0, 0.0, 0.0, 0.0, 0.0, 0.0, 0.0, 0.0, 0.0]",0.1,0.1,12.0,15.0,True
2022-01-12 02:24:02.508000+00:00,2750.0,"[0.2, 0.0, 0.0, 0.0, 0.0, 0.0, 0.0, 0.0, 0.0, 0.0, 0.0, 0.0, 0.0, 0.0, 0.0, 0.0, 0.0, 0.0, 0.0, 0.0]",0.2,0.2,8.0,15.0,True
2022-01-12 02:26:48.508000+00:00,2750.0,"[0.3, 0.0, 0.0, 0.0, 0.0, 0.0, 0.0, 0.0, 0.0, 0.0, 0.0, 0.0, 0.0, 0.0, 0.0, 0.0, 0.0, 0.0, 0.0, 0.0]",0.3,0.3,12.0,15.0,True
2022-01-12 02:29:15.507000+00:00,2750.0,"[1.3, 1.0, 0.2, 0.2, 0.0, 0.1, 0.0, 0.0, 0.0, 0.0, 0.0, 0.0, 0.0, 0.0, 0.0, 0.0, 0.0, 0.0, 0.0, 0.0]",1.3,0.56,85.0,15.0,True
2022-01-12 02:29:43.508000+00:00,2751.0,"[0.1, 0.0, 0.0, 0.0, 0.0, 0.0, 0.0, 0.0, 0.0, 0.0, 0.0, 0.0, 0.0, 0.0, 0.0, 0.0, 0.0, 0.0, 0.0, 0.0]",0.1,0.1,6.0,15.0,False
2022-01-12 02:30:52.272000+00:00,2752.0,"[0.2, 0.0, 0.0, 0.0, 0.0, 0.0, 0.0, 0.0, 0.0, 0.0, 0.0, 0.0, 0.0, 0.0, 0.0, 0.0, 0.0, 0.0, 0.0, 0.0]",0.2,0.2,6.0,15.0,True
2022-01-12 02:31:28.507000+00:00,2753.0,"[0.1, 0.0, 0.0, 0.0, 0.0, 0.0, 0.0, 0.0, 0.0, 0.0, 0.0, 0.0, 0.0, 0.0, 0.0, 0.0, 0.0, 0.0, 0.0, 0.0]",0.1,0.1,16.0,15.0,True
2022-01-12 02:33:01.507000+00:00,2754.0,"[0.2, 0.1, 0.1, 0.0, 0.0, 0.0, 0.0, 0.0, 0.0, 0.0, 0.0, 0.0, 0.0, 0.0, 0.0, 0.0, 0.0, 0.0, 0.0, 0.0]",0.2,0.1333333333333333,39.0,15.0,True
2022-01-12 02:33:36.506000+00:00,2754.0,"[0.1, 0.1, 0.0, 0.0, 0.0, 0.0, 0.0, 0.0, 0.0, 0.0, 0.0, 0.0, 0.0, 0.0, 0.0, 0.0, 0.0, 0.0, 0.0, 0.0]",0.1,0.1,22.0,15.0,True
2022-01-12 02:34:37.506000+00:00,2755.0,"[0.2, 0.0, 0.0, 0.0, 0.0, 0.0, 0.0, 0.0, 0.0, 0.0, 0.0, 0.0, 0.0, 0.0, 0.0, 0.0, 0.0, 0.0, 0.0, 0.0]",0.2,0.2,7.0,15.0,True
2022-01-12 02:35:46.506000+00:00,2755.0,"[0.2, 0.1, 0.0, 0.0, 0.0, 0.0, 0.0, 0.0, 0.0, 0.0, 0.0, 0.0, 0.0, 0.0, 0.0, 0.0, 0.0, 0.0, 0.0, 0.0]",0.2,0.15,23.0,15.0,False
2022-01-12 02:38:57.506000+00:00,2755.0,"[0.2, 0.2, 0.3, 0.3, 0.2, 0.1, 0.2, 0.2, 0.1, 0.2, 0.1, 0.0, 0.0, 0.0, 0.0, 0.0, 0.0, 0.0, 0.0, 0.0]",0.3,0.1909090909090909,155.0,15.0,False
2022-01-12 03:13:13.500000+00:00,2764.0,"[2.3, 2.2, 4.6, 7.2, 8.6, 10.1, 10.5, 10.6, 10.6, 10.6, 10.6, 10.6, 10.5, 10.6, 10.6, 10.6, 10.2, 4.6, 0.5, 0.0]",10.6,8.215789473684211,815.0,45.0,False
2022-01-12 04:22:45.489000+00:00,2771.0,"[10.0, 12.2, 12.2, 12.2, 12.2, 12.2, 12.2, 12.2, 12.2, 12.2, 12.2, 12.2, 12.2, 12.2, 12.2, 12.2, 12.2, 8.1, 0.0, 0.0]",12.2,11.85,2144.0,120.0,True
2022-01-12 04:23:18.489000+00:00,2751.0,"[0.3, 0.0, 0.0, 0.0, 0.0, 0.0, 0.0, 0.0, 0.0, 0.0, 0.0, 0.0, 0.0, 0.0, 0.0, 0.0, 0.0, 0.0, 0.0, 0.0]",0.3,0.3,9.0,15.0,False
2022-01-12 05:41:07.476000+00:00,2762.0,"[1.6, 3.0, 3.5, 3.6, 3.9, 4.5, 6.2, 7.8, 6.3, 3.7, 1.0, 0.0, 0.0, 0.0, 0.0, 0.0, 0.0, 0.0, 0.0, 0.0]",7.8,4.1,163.0,15.0,False
2022-01-12 07:37:51.457000+00:00,2757.0,"[0.1, 0.0, 0.0, 0.0, 0.0, 0.0, 0.0, 0.0, 0.0, 0.0, 0.0, 0.0, 0.0, 0.0, 0.0, 0.0, 0.0, 0.0, 0.0, 0.0]",0.1,0.1,4.0,15.0,True
2022-01-12 08:08:33.452000+00:00,2777.0,"[7.9, 9.6, 9.6, 9.6, 9.6, 9.6, 9.6, 9.6, 9.6, 9.6, 9.6, 9.6, 9.6, 9.6, 9.1, 1.8, 0.0, 0.0, 0.0, 0.0]",9.6,8.975,1818.0,105.0,False
2022-01-12 08:28:09.449000+00:00,2771.0,"[0.1, 0.0, 0.0, 0.0, 0.0, 0.0, 0.0, 0.0, 0.0, 0.0, 0.0, 0.0, 0.0, 0.0, 0.0, 0.0, 0.0, 0.0, 0.0, 0.0]",0.1,0.1,3.0,15.0,True
2022-01-12 08:28:24.449000+00:00,2772.0,"[0.1, 0.0, 0.0, 0.0, 0.0, 0.0, 0.0, 0.0, 0.0, 0.0, 0.0, 0.0, 0.0, 0.0, 0.0, 0.0, 0.0, 0.0, 0.0, 0.0]",0.1,0.1,8.0,15.0,False
2022-01-12 10:15:15.431000+00:00,2775.0,"[6.6, 7.2, 7.2, 7.2, 7.2, 7.2, 7.2, 7.2, 7.2, 7.2, 7.2, 7.2, 7.2, 7.2, 7.2, 1.9, 0.0, 0.0, 0.0, 0.0]",7.2,6.83125,1832.0,105.0,True
2022-01-12 10:46:45.426000+00:00,2774.0,"[6.5, 7.2, 7.2, 7.2, 7.1, 7.2, 7.2, 7.2, 7.1, 7.2, 7.1, 7.2, 7.2, 7.2, 6.3, 0.1, 0.0, 0.0, 0.0, 0.0]",7.2,6.6375,1801.0,105.0,False
2022-01-12 11:19:10.421000+00:00,2765.0,"[0.2, 0.0, 0.0, 0.0, 0.0, 0.0, 0.0, 0.0, 0.0, 0.0, 0.0, 0.0, 0.0, 0.0, 0.0, 0.0, 0.0, 0.0, 0.0, 0.0]",0.2,0.2,11.0,15.0,True
2022-01-12 11:19:39.420000+00:00,2768.0,"[0.2, 0.1, 0.0, 0.0, 0.0, 0.0, 0.0, 0.0, 0.0, 0.0, 0.0, 0.0, 0.0, 0.0, 0.0, 0.0, 0.0, 0.0, 0.0, 0.0]",0.2,0.15,19.0,15.0,True
2022-01-12 11:20:31.420000+00:00,2771.0,"[0.3, 0.2, 0.1, 0.0, 0.0, 0.0, 0.0, 0.0, 0.0, 0.0, 0.0, 0.0, 0.0, 0.0, 0.0, 0.0, 0.0, 0.0, 0.0, 0.0]",0.3,0.1999999999999999,45.0,15.0,False
2022-01-12 11:22:49.420000+00:00,2779.0,"[0.3, 0.2, 0.2, 0.2, 0.1, 0.0, 0.0, 0.0, 0.0, 0.0, 0.0, 0.0, 0.0, 0.0, 0.0, 0.0, 0.0, 0.0, 0.0, 0.0]",0.3,0.1999999999999999,73.0,15.0,True
2022-01-12 11:23:19.420000+00:00,2783.0,"[0.2, 0.1, 0.0, 0.0, 0.0, 0.0, 0.0, 0.0, 0.0, 0.0, 0.0, 0.0, 0.0, 0.0, 0.0, 0.0, 0.0, 0.0, 0.0, 0.0]",0.2,0.15,20.0,15.0,False
2022-01-12 11:47:04.416000+00:00,2782.0,"[1.9, 5.1, 7.1, 7.2, 7.2, 7.2, 7.2, 7.2, 7.1, 7.1, 7.1, 7.1, 7.1, 7.1, 7.1, 7.1, 7.1, 7.1, 3.1, 0.0]",7.2,6.536842105263157,1379.0,75.0,True
2022-01-12 12:23:09.410000+00:00,2770.0,"[6.7, 7.1, 7.1, 7.1, 7.1, 7.1, 7.1, 7.1, 7.1, 7.1, 7.1, 7.1, 7.1, 7.1, 7.1, 7.1, 7.1, 5.2, 0.0, 0.0]",7.1,6.972222222222221,2093.0,105.0,False
2022-01-12 12:25:22.410000+00:00,2766.0,"[0.2, 0.1, 0.0, 0.0, 0.0, 0.0, 0.0, 0.0, 0.0, 0.0, 0.0, 0.0, 0.0, 0.0, 0.0, 0.0, 0.0, 0.0, 0.0, 0.0]",0.2,0.15,22.0,15.0,True
2022-01-12 12:25:41.410000+00:00,2769.0,"[0.2, 0.0, 0.0, 0.0, 0.0, 0.0, 0.0, 0.0, 0.0, 0.0, 0.0, 0.0, 0.0, 0.0, 0.0, 0.0, 0.0, 0.0, 0.0, 0.0]",0.2,0.2,9.0,15.0,True
2022-01-12 12:26:03.410000+00:00,2771.0,"[0.1, 0.0, 0.0, 0.0, 0.0, 0.0, 0.0, 0.0, 0.0, 0.0, 0.0, 0.0, 0.0, 0.0, 0.0, 0.0, 0.0, 0.0, 0.0, 0.0]",0.1,0.1,14.0,15.0,True
2022-01-12 12:27:04.410000+00:00,2774.0,"[0.2, 0.2, 0.2, 0.1, 0.0, 0.0, 0.0, 0.0, 0.0, 0.0, 0.0, 0.0, 0.0, 0.0, 0.0, 0.0, 0.0, 0.0, 0.0, 0.0]",0.2,0.175,53.0,15.0,True
2022-01-12 12:28:07.409000+00:00,2777.0,"[0.2, 0.2, 0.4, 0.2, 0.0, 0.0, 0.0, 0.0, 0.0, 0.0, 0.0, 0.0, 0.0, 0.0, 0.0, 0.0, 0.0, 0.0, 0.0, 0.0]",0.4,0.25,56.0,15.0,False
2022-01-12 13:33:51.399000+00:00,2773.0,"[6.0, 7.2, 7.1, 7.1, 7.1, 7.1, 7.1, 7.1, 7.1, 7.1, 7.1, 7.1, 7.1, 7.1, 7.1, 7.1, 5.2, 0.0, 0.0, 0.0]",7.2,6.929411764705883,2021.0,105.0,True
2022-01-12 14:07:33.393000+00:00,2774.0,"[6.4, 7.1, 7.1, 7.1, 7.1, 7.1, 7.1, 7.1, 7.1, 7.1, 7.1, 7.1, 7.1, 7.2, 7.1, 6.9, 1.1, 0.0, 0.0, 0.0]",7.2,6.699999999999999,1930.0,105.0,True
2022-01-12 14:44:17.387000+00:00,2774.0,"[6.6, 7.1, 7.1, 7.1, 7.1, 7.1, 7.1, 7.1, 7.1, 7.1, 7.2, 7.1, 7.1, 7.2, 7.1, 7.2, 7.2, 4.0, 0.0, 0.0]",7.2,6.922222222222223,2109.0,120.0,True
2022-01-12 15:16:28.382000+00:00,2774.0,"[5.8, 7.2, 7.1, 7.2, 7.2, 7.1, 7.2, 7.2, 7.2, 7.2, 7.2, 7.2, 7.2, 7.2, 7.2, 3.3, 0.0, 0.0, 0.0, 0.0]",7.2,6.85625,1843.0,105.0,False
2022-01-12 15:31:19.379000+00:00,2769.0,"[0.3, 0.0, 0.0, 0.0, 0.0, 0.0, 0.0, 0.0, 0.0, 0.0, 0.0, 0.0, 0.0, 0.0, 0.0, 0.0, 0.0, 0.0, 0.0, 0.0]",0.3,0.3,10.0,15.0,True
2022-01-12 15:33:07.379000+00:00,2769.0,"[0.2, 0.2, 0.2, 0.2, 0.1, 0.2, 0.0, 0.0, 0.0, 0.0, 0.0, 0.0, 0.0, 0.0, 0.0, 0.0, 0.0, 0.0, 0.0, 0.0]",0.2,0.1833333333333333,94.0,15.0,False
2022-01-12 15:39:55.378000+00:00,2768.0,"[0.4, 0.1, 0.0, 0.0, 0.0, 0.0, 0.0, 0.0, 0.0, 0.0, 0.0, 0.0, 0.0, 0.0, 0.0, 0.0, 0.0, 0.0, 0.0, 0.0]",0.4,0.25,18.0,15.0,False
2022-01-12 15:57:18.375000+00:00,2771.0,"[0.2, 0.0, 0.0, 0.0, 0.0, 0.0, 0.0, 0.0, 0.0, 0.0, 0.0, 0.0, 0.0, 0.0, 0.0, 0.0, 0.0, 0.0, 0.0, 0.0]",0.2,0.2,11.0,15.0,True
2022-01-12 15:57:54.375000+00:00,2771.0,"[0.1, 0.0, 0.0, 0.0, 0.0, 0.0, 0.0, 0.0, 0.0, 0.0, 0.0, 0.0, 0.0, 0.0, 0.0, 0.0, 0.0, 0.0, 0.0, 0.0]",0.1,0.1,8.0,15.0,False
2022-01-12 16:00:40.375000+00:00,2771.0,"[0.2, 0.2, 0.0, 0.0, 0.0, 0.0, 0.0, 0.0, 0.0, 0.0, 0.0, 0.0, 0.0, 0.0, 0.0, 0.0, 0.0, 0.0, 0.0, 0.0]",0.2,0.2,29.0,15.0,False
2022-01-12 16:05:45.374000+00:00,2771.0,"[0.3, 0.1, 0.0, 0.0, 0.0, 0.0, 0.0, 0.0, 0.0, 0.0, 0.0, 0.0, 0.0, 0.0, 0.0, 0.0, 0.0, 0.0, 0.0, 0.0]",0.3,0.2,18.0,15.0,False
2022-01-12 17:35:39.358000+00:00,2775.0,"[3.1, 5.5, 6.6, 6.5, 6.5, 6.5, 6.4, 6.6, 6.4, 6.3, 6.3, 6.4, 6.1, 6.2, 6.0, 5.7, 3.3, 1.2, 0.0, 0.0]",6.6,5.644444444444444,540.0,30.0,True
2022-01-12 17:50:58.356000+00:00,2770.0,"[2.7, 3.6, 5.4, 5.1, 5.7, 3.9, 3.9, 5.1, 5.1, 4.1, 4.4, 4.5, 4.8, 3.4, 3.7, 5.2, 4.4, 4.1, 2.9, 1.4]",5.7,4.17,884.0,45.0,True
2022-01-12 17:56:15.355000+00:00,2764.0,"[1.4, 1.6, 1.6, 1.6, 1.9, 1.8, 1.5, 1.4, 1.5, 1.1, 0.4, 0.0, 0.0, 0.0, 0.0, 0.0, 0.0, 0.0, 0.0, 0.0]",1.9,1.4363636363636365,310.0,30.0,True
2022-01-12 18:19:16.351000+00:00,2771.0,"[2.2, 3.4, 3.5, 5.7, 5.8, 6.4, 7.3, 7.4, 7.4, 7.4, 7.4, 7.4, 7.4, 7.4, 7.4, 7.4, 7.4, 4.6, 0.0, 0.0]",7.4,6.272222222222222,1339.0,75.0,True
2022-01-12 18:56:02.345000+00:00,2771.0,"[6.8, 7.3, 7.3, 7.3, 7.3, 7.3, 7.3, 7.3, 7.3, 7.3, 7.3, 7.3, 7.3, 7.3, 7.3, 7.3, 7.3, 6.0, 0.0, 0.0]",7.3,7.199999999999999,2130.0,120.0,True
2022-01-12 19:22:09.340000+00:00,2771.0,"[6.3, 7.3, 7.3, 7.3, 7.3, 7.3, 7.3, 7.3, 7.3, 7.3, 7.3, 7.3, 7.3, 7.3, 7.4, 7.4, 7.4, 7.3, 7.3, 4.7]",7.4,7.135000000000001,1490.0,75.0,True
2022-01-12 19:56:10.335000+00:00,2770.0,"[6.8, 7.3, 7.3, 7.3, 7.3, 7.3, 7.3, 7.3, 7.3, 7.3, 7.3, 7.3, 7.3, 7.3, 7.3, 7.3, 4.5, 0.0, 0.0, 0.0]",7.3,7.105882352941176,1968.0,105.0,True
2022-01-12 20:28:01.330000+00:00,2770.0,"[6.8, 7.3, 7.3, 7.3, 7.3, 7.3, 7.3, 7.3, 7.3, 7.3, 7.3, 7.3, 7.3, 7.3, 7.3, 3.7, 0.0, 0.0, 0.0, 0.0]",7.3,7.043749999999999,1843.0,105.0,True
2022-01-12 21:02:04.324000+00:00,2769.0,"[6.8, 7.3, 7.3, 7.2, 7.2, 7.2, 7.2, 7.2, 7.3, 7.2, 7.2, 7.2, 7.2, 7.3, 7.3, 7.3, 5.6, 0.0, 0.0, 0.0]",7.3,7.117647058823529,1980.0,105.0,False
2022-01-12 22:19:24.311000+00:00,2768.0,"[6.6, 7.3, 7.3, 7.3, 7.3, 7.3, 7.3, 7.3, 7.3, 7.2, 7.3, 7.2, 7.2, 7.3, 7.2, 7.3, 7.3, 7.3, 5.1, 0.0]",7.3,7.126315789473685,2255.0,120.0,True
2022-01-12 22:56:51.305000+00:00,2767.0,"[6.7, 7.3, 7.3, 7.2, 7.2, 7.2, 7.2, 7.3, 7.2, 7.2, 7.2, 7.2, 7.2, 7.2, 7.2, 7.3, 7.2, 6.7, 0.9, 0.0]",7.3,6.836842105263158,2168.0,120.0,True
2022-01-12 23:31:20.299000+00:00,2766.0,"[6.5, 7.3, 7.3, 7.4, 7.3, 7.3, 7.3, 7.3, 7.3, 7.3, 7.3, 7.3, 7.3, 7.3, 7.3, 7.3, 4.7, 0.0, 0.0, 0.0]",7.4,7.105882352941176,1994.0,105.0,True
2022-01-13 00:10:37.293000+00:00,2764.0,"[6.5, 7.2, 7.2, 7.2, 7.2, 7.2, 7.2, 7.2, 7.2, 7.2, 7.2, 7.2, 7.2, 7.2, 7.2, 7.2, 7.2, 7.3, 6.0, 0.0]",7.3,7.105263157894737,2269.0,120.0,True
2022-01-13 00:51:47.286000+00:00,2762.0,"[6.7, 7.2, 7.2, 7.2, 7.2, 7.2, 7.2, 7.2, 7.2, 7.2, 7.2, 7.2, 7.2, 7.2, 7.2, 7.2, 7.2, 7.2, 7.2, 5.9]",7.2,7.109999999999999,2389.0,120.0,True
2022-01-13 01:25:51.280000+00:00,2761.0,"[6.6, 7.2, 7.2, 7.2, 7.2, 7.2, 7.2, 7.2, 7.2, 7.2, 7.2, 7.2, 7.2, 7.2, 7.2, 7.2, 2.3, 0.0, 0.0, 0.0]",7.2,6.876470588235294,1958.0,105.0,True
2022-01-13 01:26:53.280000+00:00,2754.0,"[0.2, 0.0, 0.0, 0.0, 0.0, 0.0, 0.0, 0.0, 0.0, 0.0, 0.0, 0.0, 0.0, 0.0, 0.0, 0.0, 0.0, 0.0, 0.0, 0.0]",0.2,0.2,11.0,15.0,True
2022-01-13 01:27:14.280000+00:00,2754.0,"[0.1, 0.0, 0.0, 0.0, 0.0, 0.0, 0.0, 0.0, 0.0, 0.0, 0.0, 0.0, 0.0, 0.0, 0.0, 0.0, 0.0, 0.0, 0.0, 0.0]",0.1,0.1,14.0,15.0,True
2022-01-13 01:31:37.279000+00:00,2762.0,"[3.4, 6.0, 8.2, 9.8, 9.8, 9.2, 8.7, 8.2, 7.8, 7.3, 6.2, 3.8, 1.8, 0.6, 0.0, 0.0, 0.0, 0.0, 0.0, 0.0]",9.8,6.485714285714285,207.0,15.0,False
2022-01-13 02:04:44.274000+00:00,2731.0,"[0.4, 0.4, 0.4, 0.2, 0.0, 0.0, 0.0, 0.0, 0.0, 0.0, 0.0, 0.0, 0.0, 0.0, 0.0, 0.0, 0.0, 0.0, 0.0, 0.0]",0.4,0.35,59.0,15.0,False
2022-01-13 02:21:56.271000+00:00,2735.0,"[0.4, 0.3, 0.0, 0.0, 0.0, 0.0, 0.0, 0.0, 0.0, 0.0, 0.0, 0.0, 0.0, 0.0, 0.0, 0.0, 0.0, 0.0, 0.0, 0.0]",0.4,0.35,32.0,15.0,False
2022-01-13 03:01:29.265000+00:00,2744.0,"[0.7, 0.8, 0.9, 0.3, 0.0, 0.0, 0.0, 0.0, 0.0, 0.0, 0.0, 0.0, 0.0, 0.0, 0.0, 0.0, 0.0, 0.0, 0.0, 0.0]",0.9,0.6749999999999999,49.0,15.0,True
2022-01-13 03:07:42.264000+00:00,2751.0,"[3.0, 3.3, 3.5, 4.8, 7.6, 7.5, 7.5, 7.9, 8.1, 7.8, 6.6, 2.3, 0.4, 0.0, 0.0, 0.0, 0.0, 0.0, 0.0, 0.0]",8.1,5.407692307692307,366.0,30.0,True
2022-01-13 03:23:57.261000+00:00,2749.0,"[6.8, 8.7, 8.5, 8.3, 8.3, 8.1, 8.1, 7.1, 8.0, 7.9, 7.2, 7.4, 7.3, 7.4, 6.2, 1.6, 0.0, 0.0, 0.0, 0.0]",8.7,7.30625,924.0,60.0,False
2022-01-13 03:49:14.257000+00:00,2749.0,"[4.3, 2.5, 5.2, 7.1, 7.3, 7.3, 7.3, 7.3, 7.3, 7.3, 7.3, 7.3, 7.3, 7.3, 7.3, 7.3, 7.3, 7.3, 4.3, 0.0]",7.3,6.610526315789473,1395.0,75.0,False
2022-01-13 04:56:11.247000+00:00,2735.0,"[6.5, 7.4, 7.4, 7.3, 7.4, 7.3, 7.4, 7.3, 7.4, 7.3, 7.4, 7.3, 7.4, 7.4, 7.4, 7.4, 7.4, 7.4, 6.4, 0.5]",7.4,6.9350000000000005,1717.0,90.0,False
2022-01-13 06:37:33.230000+00:00,2753.0,"[6.6, 7.3, 7.3, 7.4, 7.4, 7.4, 7.4, 7.4, 7.4, 7.4, 7.4, 7.3, 7.4, 7.4, 7.4, 7.4, 6.9, 1.1, 0.0, 0.0]",7.4,6.961111111111111,2050.0,105.0,True
2022-01-13 07:12:50.225000+00:00,2760.0,"[6.5, 7.4, 7.4, 7.4, 7.4, 7.4, 7.4, 7.4, 7.4, 7.4, 7.4, 7.4, 7.4, 7.4, 7.4, 7.4, 5.2, 0.0, 0.0, 0.0]",7.4,7.2176470588235295,2019.0,105.0,True
2022-01-13 07:15:19.224000+00:00,2761.0,"[0.6, 0.7, 0.6, 0.5, 0.2, 0.0, 0.0, 0.0, 0.0, 0.0, 0.0, 0.0, 0.0, 0.0, 0.0, 0.0, 0.0, 0.0, 0.0, 0.0]",0.7,0.52,69.0,15.0,False
2022-01-13 07:23:13.727000+00:00,2806.0,"[0.6, 0.8, 0.7, 0.4, 0.3, 0.3, 0.2, 0.0, 0.0, 0.0, 0.0, 0.0, 0.0, 0.0, 0.0, 0.0, 0.0, 0.0, 0.0, 0.0]",0.8,0.4714285714285713,100.0,15.0,False
2022-01-13 07:30:38.222000+00:00,2824.0,"[0.4, 0.2, 0.2, 0.4, 0.4, 0.5, 0.3, 0.2, 0.2, 0.0, 0.0, 0.0, 0.0, 0.0, 0.0, 0.0, 0.0, 0.0, 0.0, 0.0]",0.5,0.3111111111111111,129.0,15.0,False
2022-01-13 07:51:16.218000+00:00,2850.0,"[0.2, 0.2, 0.2, 0.2, 0.2, 0.2, 0.2, 0.2, 0.2, 0.2, 0.2, 0.2, 0.2, 0.1, 0.4, 0.2, 0.2, 0.0, 0.0, 0.0]",0.4,0.2058823529411765,250.0,15.0,False
2022-01-13 08:04:20.216000+00:00,2792.0,"[0.3, 0.1, 0.0, 0.0, 0.0, 0.0, 0.0, 0.0, 0.0, 0.0, 0.0, 0.0, 0.0, 0.0, 0.0, 0.0, 0.0, 0.0, 0.0, 0.0]",0.3,0.2,21.0,15.0,True
2022-01-13 08:05:08.216000+00:00,2795.0,"[0.3, 0.2, 0.3, 0.0, 0.0, 0.0, 0.0, 0.0, 0.0, 0.0, 0.0, 0.0, 0.0, 0.0, 0.0, 0.0, 0.0, 0.0, 0.0, 0.0]",0.3,0.2666666666666666,40.0,15.0,False
2022-01-13 08:06:37.216000+00:00,2800.0,"[0.2, 0.1, 0.0, 0.0, 0.0, 0.0, 0.0, 0.0, 0.0, 0.0, 0.0, 0.0, 0.0, 0.0, 0.0, 0.0, 0.0, 0.0, 0.0, 0.0]",0.2,0.15,21.0,15.0,False
2022-01-13 08:11:06.215000+00:00,2816.0,"[0.2, 0.2, 0.0, 0.0, 0.0, 0.0, 0.0, 0.0, 0.0, 0.0, 0.0, 0.0, 0.0, 0.0, 0.0, 0.0, 0.0, 0.0, 0.0, 0.0]",0.2,0.2,24.0,15.0,False
2022-01-13 08:25:19.212000+00:00,2780.0,"[0.3, 0.2, 0.1, 0.0, 0.0, 0.0, 0.0, 0.0, 0.0, 0.0, 0.0, 0.0, 0.0, 0.0, 0.0, 0.0, 0.0, 0.0, 0.0, 0.0]",0.3,0.1999999999999999,32.0,15.0,True
2022-01-13 08:26:23.212000+00:00,2783.0,"[0.3, 0.2, 0.2, 0.1, 0.0, 0.0, 0.0, 0.0, 0.0, 0.0, 0.0, 0.0, 0.0, 0.0, 0.0, 0.0, 0.0, 0.0, 0.0, 0.0]",0.3,0.1999999999999999,57.0,15.0,True
2022-01-13 08:30:10.212000+00:00,2793.0,"[0.3, 0.2, 0.1, 0.2, 0.3, 0.2, 0.1, 0.2, 0.2, 0.2, 0.2, 0.2, 0.2, 0.2, 0.0, 0.0, 0.0, 0.0, 0.0, 0.0]",0.3,0.2,209.0,15.0,True
2022-01-13 08:32:30.211000+00:00,2807.0,"[0.3, 0.2, 0.3, 0.5, 1.0, 0.7, 0.5, 0.3, 0.2, 0.0, 0.0, 0.0, 0.0, 0.0, 0.0, 0.0, 0.0, 0.0, 0.0, 0.0]",1.0,0.4444444444444444,133.0,15.0,False
2022-01-13 08:39:53.210000+00:00,2835.0,"[0.5, 0.1, 0.0, 0.0, 0.0, 0.0, 0.0, 0.0, 0.0, 0.0, 0.0, 0.0, 0.0, 0.0, 0.0, 0.0, 0.0, 0.0, 0.0, 0.0]",0.5,0.3,19.0,15.0,True
2022-01-13 08:50:14.208000+00:00,2836.0,"[7.7, 12.0, 12.2, 11.4, 11.8, 12.0, 12.1, 12.1, 11.3, 11.5, 12.2, 11.4, 8.7, 2.2, 0.0, 0.0, 0.0, 0.0, 0.0, 0.0]",12.2,10.614285714285712,613.0,45.0,False
2022-01-13 08:53:41.208000+00:00,2800.0,"[0.4, 0.1, 0.0, 0.0, 0.0, 0.0, 0.0, 0.0, 0.0, 0.0, 0.0, 0.0, 0.0, 0.0, 0.0, 0.0, 0.0, 0.0, 0.0, 0.0]",0.4,0.25,18.0,15.0,False
2022-01-13 08:55:01.208000+00:00,2806.0,"[0.1, 0.0, 0.0, 0.0, 0.0, 0.0, 0.0, 0.0, 0.0, 0.0, 0.0, 0.0, 0.0, 0.0, 0.0, 0.0, 0.0, 0.0, 0.0, 0.0]",0.1,0.1,7.0,15.0,False
2022-01-13 08:59:48.207000+00:00,2816.0,"[0.4, 0.2, 0.2, 0.0, 0.0, 0.0, 0.0, 0.0, 0.0, 0.0, 0.0, 0.0, 0.0, 0.0, 0.0, 0.0, 0.0, 0.0, 0.0, 0.0]",0.4,0.2666666666666666,46.0,15.0,True
2022-01-13 09:00:24.206000+00:00,2819.0,"[0.1, 0.1, 0.0, 0.0, 0.0, 0.0, 0.0, 0.0, 0.0, 0.0, 0.0, 0.0, 0.0, 0.0, 0.0, 0.0, 0.0, 0.0, 0.0, 0.0]",0.1,0.1,23.0,15.0,False
2022-01-13 09:02:47.206000+00:00,2821.0,"[0.2, 0.0, 0.0, 0.0, 0.0, 0.0, 0.0, 0.0, 0.0, 0.0, 0.0, 0.0, 0.0, 0.0, 0.0, 0.0, 0.0, 0.0, 0.0, 0.0]",0.2,0.2,12.0,15.0,False
2022-01-13 09:15:05.204000+00:00,2819.0,"[0.4, 0.2, 0.2, 0.3, 0.2, 0.8, 0.2, 0.2, 0.2, 0.0, 0.0, 0.0, 0.0, 0.0, 0.0, 0.0, 0.0, 0.0, 0.0, 0.0]",0.8,0.3,133.0,15.0,True
2022-01-13 09:15:17.204000+00:00,2818.0,"[0.2, 0.0, 0.0, 0.0, 0.0, 0.0, 0.0, 0.0, 0.0, 0.0, 0.0, 0.0, 0.0, 0.0, 0.0, 0.0, 0.0, 0.0, 0.0, 0.0]",0.2,0.2,5.0,15.0,True
2022-01-13 09:30:15.201000+00:00,2813.0,"[9.9, 16.2, 16.3, 16.4, 16.4, 16.2, 16.2, 16.2, 16.2, 16.2, 16.2, 16.2, 15.8, 15.3, 15.3, 15.2, 14.9, 14.5, 11.2, 2.8]",16.4,14.679999999999998,888.0,45.0,True
2022-01-13 09:30:27.762000+00:00,2772.0,"[0.1, 0.0, 0.0, 0.0, 0.0, 0.0, 0.0, 0.0, 0.0, 0.0, 0.0, 0.0, 0.0, 0.0, 0.0, 0.0, 0.0, 0.0, 0.0, 0.0]",0.1,0.1,5.0,15.0,False
2022-01-13 11:39:51.180000+00:00,2759.0,"[0.1, 0.0, 0.0, 0.0, 0.0, 0.0, 0.0, 0.0, 0.0, 0.0, 0.0, 0.0, 0.0, 0.0, 0.0, 0.0, 0.0, 0.0, 0.0, 0.0]",0.1,0.1,2.0,15.0,False
2022-01-13 12:52:11.168000+00:00,2781.0,"[5.9, 7.2, 7.1, 7.1, 7.1, 7.1, 7.2, 7.2, 7.1, 7.1, 7.2, 7.2, 7.1, 7.2, 7.1, 7.1, 7.1, 6.8, 1.7, 0.0]",7.2,6.768421052631578,1365.0,75.0,True
2022-01-13 13:20:16.163000+00:00,2778.0,"[2.5, 3.3, 6.1, 7.1, 7.2, 7.1, 7.1, 7.2, 7.1, 7.1, 7.2, 7.1, 7.2, 7.2, 7.2, 7.2, 7.1, 4.6, 0.0, 0.0]",7.2,6.477777777777778,1594.0,90.0,True
2022-01-13 13:53:31.157000+00:00,2776.0,"[6.9, 7.1, 7.2, 7.1, 7.1, 7.1, 7.1, 7.1, 7.1, 7.1, 7.1, 7.1, 7.1, 7.1, 7.1, 5.6, 0.0, 0.0, 0.0, 0.0]",7.2,7.0,1906.0,105.0,False
2022-01-13 14:34:03.151000+00:00,2763.0,"[2.1, 6.0, 5.0, 2.1, 0.3, 0.0, 0.0, 0.0, 0.0, 0.0, 0.0, 0.0, 0.0, 0.0, 0.0, 0.0, 0.0, 0.0, 0.0, 0.0]",6.0,3.1,65.0,15.0,False
2022-01-13 15:12:53.144000+00:00,2772.0,"[0.7, 1.0, 1.1, 1.0, 0.7, 0.1, 0.0, 0.0, 0.0, 0.0, 0.0, 0.0, 0.0, 0.0, 0.0, 0.0, 0.0, 0.0, 0.0, 0.0]",1.1,0.7666666666666666,77.0,15.0,True
2022-01-13 15:15:01.144000+00:00,2771.0,"[1.0, 1.1, 1.4, 1.2, 1.4, 1.8, 1.4, 0.5, 0.0, 0.0, 0.0, 0.0, 0.0, 0.0, 0.0, 0.0, 0.0, 0.0, 0.0, 0.0]",1.8,1.225,120.0,15.0,True
2022-01-13 15:36:45.140000+00:00,2773.0,"[2.9, 2.8, 6.4, 7.6, 8.6, 9.3, 9.3, 9.4, 6.4, 5.6, 5.7, 5.7, 5.7, 5.7, 5.7, 5.7, 5.0, 0.2, 0.0, 0.0]",9.4,5.983333333333333,1279.0,75.0,True
2022-01-13 16:08:15.135000+00:00,2762.0,"[5.3, 5.6, 5.6, 5.6, 5.6, 5.6, 5.6, 5.6, 5.6, 5.6, 5.6, 5.6, 5.6, 5.6, 5.5, 1.8, 0.0, 0.0, 0.0, 0.0]",5.6,5.3375,1818.0,105.0,True
2022-01-13 16:36:45.131000+00:00,2759.0,"[5.5, 5.8, 5.9, 5.9, 5.9, 5.9, 5.9, 5.9, 5.9, 5.9, 5.9, 5.9, 5.9, 5.9, 5.8, 5.7, 5.7, 5.5, 0.8, 0.0]",5.9,5.557894736842106,1637.0,90.0,True
2022-01-13 17:08:13.125000+00:00,2767.0,"[6.6, 7.3, 7.3, 7.2, 7.2, 7.2, 7.2, 7.2, 7.2, 7.2, 7.3, 7.2, 7.3, 7.2, 7.2, 3.4, 0.0, 0.0, 0.0, 0.0]",7.3,6.949999999999999,1829.0,105.0,True
2022-01-13 17:42:39.120000+00:00,2767.0,"[6.4, 7.2, 7.2, 7.2, 7.2, 7.2, 7.2, 7.2, 7.2, 7.2, 7.2, 7.2, 7.3, 7.3, 7.2, 7.3, 4.0, 0.0, 0.0, 0.0]",7.3,6.98235294117647,1985.0,105.0,True
2022-01-13 18:14:07.114000+00:00,2766.0,"[6.6, 7.3, 7.3, 7.3, 7.3, 7.3, 7.3, 7.3, 7.3, 7.3, 7.3, 7.3, 7.3, 7.3, 6.7, 0.6, 0.0, 0.0, 0.0, 0.0]",7.3,6.8,1806.0,105.0,True
2022-01-13 18:47:36.109000+00:00,2767.0,"[6.9, 7.3, 7.3, 7.3, 7.3, 7.3, 7.3, 7.3, 7.3, 7.3, 7.3, 7.3, 7.4, 7.3, 7.3, 6.9, 1.3, 0.0, 0.0, 0.0]",7.4,6.905882352941176,1931.0,105.0,True
2022-01-13 19:19:52.104000+00:00,2766.0,"[6.7, 7.3, 7.3, 7.3, 7.3, 7.3, 7.3, 7.3, 7.3, 7.3, 7.3, 7.3, 7.3, 7.3, 7.3, 3.8, 0.0, 0.0, 0.0, 0.0]",7.3,7.043749999999999,1863.0,105.0,True
2022-01-13 19:51:53.098000+00:00,2763.0,"[6.7, 7.4, 7.4, 7.4, 7.4, 7.4, 7.4, 7.4, 7.4, 7.4, 7.4, 7.4, 7.4, 7.4, 7.4, 4.8, 0.0, 0.0, 0.0, 0.0]",7.4,7.19375,1855.0,105.0,True
2022-01-13 20:21:10.093000+00:00,2761.0,"[6.6, 7.3, 7.3, 7.3, 7.3, 7.3, 7.3, 7.3, 7.3, 7.3, 7.3, 7.3, 7.3, 7.3, 7.3, 7.3, 7.3, 7.3, 5.1, 0.0]",7.3,7.14736842105263,1697.0,90.0,True
2022-01-13 20:55:50.088000+00:00,2761.0,"[7.0, 7.3, 7.3, 7.3, 7.3, 7.3, 7.3, 7.3, 7.3, 7.3, 7.3, 7.3, 7.3, 7.3, 7.3, 7.3, 5.3, 0.0, 0.0, 0.0]",7.3,7.164705882352941,2019.0,105.0,False
2022-01-13 22:07:20.076000+00:00,2759.0,"[6.7, 7.3, 7.3, 7.3, 7.3, 7.2, 7.3, 7.3, 7.2, 7.3, 7.3, 7.3, 7.3, 7.3, 7.3, 7.3, 7.3, 7.3, 6.5, 0.4]",7.3,6.875,2283.0,120.0,True
2022-01-13 22:41:48.070000+00:00,2753.0,"[6.6, 7.3, 7.3, 7.2, 7.3, 7.3, 7.3, 7.3, 7.2, 7.3, 7.3, 7.3, 7.2, 7.2, 7.2, 7.3, 5.0, 0.0, 0.0, 0.0]",7.3,7.094117647058823,1996.0,105.0,False
2022-01-14 01:03:17.047000+00:00,2741.0,"[1.5, 1.3, 1.3, 1.2, 0.9, 0.9, 1.0, 1.2, 1.2, 1.3, 1.3, 1.1, 0.8, 0.1, 0.0, 0.0, 0.0, 0.0, 0.0, 0.0]",1.5,1.0785714285714287,393.0,30.0,True
2022-01-14 01:14:36.045000+00:00,2748.0,"[1.8, 2.5, 5.5, 7.8, 8.6, 8.7, 8.7, 8.7, 8.0, 7.4, 7.2, 6.3, 3.7, 3.7, 1.8, 0.0, 0.0, 0.0, 0.0, 0.0]",8.7,6.026666666666667,658.0,45.0,True
2022-01-14 01:51:47.039000+00:00,2765.0,"[9.5, 12.1, 12.2, 12.1, 12.2, 12.2, 12.2, 12.1, 12.1, 12.2, 12.2, 12.2, 12.1, 12.1, 12.2, 12.2, 12.2, 11.5, 3.8, 0.0]",12.2,11.54736842105263,2205.0,120.0,False
2022-01-14 02:11:24.036000+00:00,2758.0,"[5.6, 8.4, 9.9, 7.2, 6.3, 5.5, 5.0, 7.8, 10.4, 10.9, 9.6, 10.6, 10.7, 10.7, 10.4, 6.2, 3.3, 0.4, 0.0, 0.0]",10.9,7.716666666666667,768.0,45.0,False
2022-01-14 03:16:44.025000+00:00,2760.0,"[0.2, 0.3, 0.3, 0.4, 0.9, 0.6, 0.4, 0.5, 0.5, 0.5, 0.5, 0.4, 0.8, 0.5, 0.0, 0.0, 0.0, 0.0, 0.0, 0.0]",0.9,0.4857142857142857,205.0,15.0,False
2022-01-14 03:25:40.024000+00:00,2771.0,"[0.2, 0.3, 0.1, 0.0, 0.0, 0.0, 0.0, 0.0, 0.0, 0.0, 0.0, 0.0, 0.0, 0.0, 0.0, 0.0, 0.0, 0.0, 0.0, 0.0]",0.3,0.1999999999999999,36.0,15.0,False
2022-01-14 03:29:57.024000+00:00,2770.0,"[0.4, 0.3, 0.3, 1.9, 1.4, 0.3, 0.3, 0.2, 0.0, 0.0, 0.0, 0.0, 0.0, 0.0, 0.0, 0.0, 0.0, 0.0, 0.0, 0.0]",1.9,0.6375,120.0,15.0,True
2022-01-14 03:30:15.023000+00:00,2769.0,"[0.3, 0.0, 0.0, 0.0, 0.0, 0.0, 0.0, 0.0, 0.0, 0.0, 0.0, 0.0, 0.0, 0.0, 0.0, 0.0, 0.0, 0.0, 0.0, 0.0]",0.3,0.3,11.0,15.0,True
2022-01-14 03:44:49.582000+00:00,2777.0,"[9.0, 14.3, 14.4, 14.3, 14.4, 13.6, 13.3, 12.6, 13.0, 12.1, 11.3, 12.1, 12.5, 14.5, 14.7, 14.6, 14.6, 11.5, 4.5, 0.0]",14.7,12.7,853.0,45.0,True
2022-01-14 03:45:06.021000+00:00,2750.0,"[0.2, 0.0, 0.0, 0.0, 0.0, 0.0, 0.0, 0.0, 0.0, 0.0, 0.0, 0.0, 0.0, 0.0, 0.0, 0.0, 0.0, 0.0, 0.0, 0.0]",0.2,0.2,10.0,15.0,False
2022-01-14 03:49:59.020000+00:00,2753.0,"[0.3, 0.3, 0.3, 0.4, 0.5, 0.4, 0.1, 0.0, 0.0, 0.0, 0.0, 0.0, 0.0, 0.0, 0.0, 0.0, 0.0, 0.0, 0.0, 0.0]",0.5,0.3285714285714285,99.0,15.0,True
2022-01-14 03:52:49.019000+00:00,2753.0,"[0.3, 0.4, 0.5, 0.4, 0.3, 0.2, 0.3, 0.2, 0.2, 0.5, 0.4, 0.0, 0.0, 0.0, 0.0, 0.0, 0.0, 0.0, 0.0, 0.0]",0.5,0.3363636363636363,162.0,15.0,True
2022-01-14 03:53:02.019000+00:00,2753.0,"[0.1, 0.0, 0.0, 0.0, 0.0, 0.0, 0.0, 0.0, 0.0, 0.0, 0.0, 0.0, 0.0, 0.0, 0.0, 0.0, 0.0, 0.0, 0.0, 0.0]",0.1,0.1,6.0,15.0,True
2022-01-14 04:21:09.015000+00:00,2763.0,"[9.6, 11.7, 11.3, 11.8, 12.0, 12.0, 12.0, 12.0, 12.0, 11.9, 11.9, 11.9, 11.9, 11.9, 12.0, 12.0, 11.9, 12.0, 6.3, 0.0]",12.0,11.478947368421052,1669.0,90.0,True
2022-01-14 04:42:47.012000+00:00,2759.0,"[10.3, 11.8, 11.8, 12.1, 12.6, 13.3, 15.8, 16.1, 15.5, 15.2, 15.3, 15.3, 15.1, 15.0, 14.7, 9.0, 0.6, 0.0, 0.0, 0.0]",16.1,12.911764705882351,1206.0,75.0,False
2022-01-14 05:04:04.008000+00:00,2746.0,"[0.3, 0.0, 0.0, 0.0, 0.0, 0.0, 0.0, 0.0, 0.0, 0.0, 0.0, 0.0, 0.0, 0.0, 0.0, 0.0, 0.0, 0.0, 0.0, 0.0]",0.3,0.3,14.0,15.0,True
2022-01-14 05:06:57.008000+00:00,2749.0,"[0.5, 0.5, 0.4, 0.9, 0.8, 0.5, 0.6, 0.5, 0.5, 0.5, 0.3, 0.0, 0.0, 0.0, 0.0, 0.0, 0.0, 0.0, 0.0, 0.0]",0.9,0.5454545454545454,164.0,15.0,True
2022-01-14 05:07:59.007000+00:00,2752.0,"[0.2, 0.3, 0.3, 0.2, 0.0, 0.0, 0.0, 0.0, 0.0, 0.0, 0.0, 0.0, 0.0, 0.0, 0.0, 0.0, 0.0, 0.0, 0.0, 0.0]",0.3,0.25,54.0,15.0,True
2022-01-14 05:08:35.007000+00:00,2754.0,"[0.7, 0.5, 0.0, 0.0, 0.0, 0.0, 0.0, 0.0, 0.0, 0.0, 0.0, 0.0, 0.0, 0.0, 0.0, 0.0, 0.0, 0.0, 0.0, 0.0]",0.7,0.6,28.0,15.0,True
2022-01-14 05:36:37.003000+00:00,2766.0,"[12.0, 13.7, 13.0, 12.7, 14.7, 13.9, 13.8, 13.6, 14.8, 15.2, 14.4, 11.8, 12.2, 12.6, 12.4, 12.6, 12.6, 12.3, 3.7, 0.0]",15.2,12.736842105263158,1653.0,90.0,True
2022-01-14 05:37:00.003000+00:00,2740.0,"[0.2, 0.0, 0.0, 0.0, 0.0, 0.0, 0.0, 0.0, 0.0, 0.0, 0.0, 0.0, 0.0, 0.0, 0.0, 0.0, 0.0, 0.0, 0.0, 0.0]",0.2,0.2,3.0,15.0,False
2022-01-14 06:09:48.998000+00:00,2746.0,"[2.8, 4.2, 7.5, 7.4, 7.4, 7.4, 7.4, 7.4, 7.4, 7.4, 7.4, 7.4, 7.4, 7.4, 7.4, 7.4, 5.4, 0.0, 0.0, 0.0]",7.5,6.829411764705883,1267.0,75.0,True
2022-01-14 06:46:35.992000+00:00,2745.0,"[6.6, 7.4, 7.4, 7.4, 7.4, 7.4, 7.4, 7.4, 7.4, 7.4, 7.4, 7.4, 7.4, 7.4, 7.4, 7.4, 7.4, 5.4, 0.0, 0.0]",7.4,7.2444444444444445,2098.0,105.0,True
2022-01-14 07:21:49.986000+00:00,2744.0,"[6.7, 7.4, 7.4, 7.4, 7.4, 7.4, 7.4, 7.4, 7.4, 7.4, 7.4, 7.4, 7.4, 7.4, 7.4, 7.4, 5.8, 0.0, 0.0, 0.0]",7.4,7.264705882352941,2004.0,105.0,True
2022-01-14 07:59:18.980000+00:00,2744.0,"[6.6, 7.4, 7.4, 7.4, 7.4, 7.4, 7.4, 7.4, 7.4, 7.4, 7.4, 7.4, 7.4, 7.4, 7.4, 7.4, 7.4, 6.2, 0.0, 0.0]",7.4,7.28888888888889,2153.0,120.0,True
2022-01-14 08:36:31.974000+00:00,2744.0,"[6.2, 7.4, 7.4, 7.4, 7.4, 7.4, 7.4, 7.4, 7.4, 7.4, 7.4, 7.4, 7.4, 7.4, 7.4, 7.4, 7.4, 5.9, 0.0, 0.0]",7.4,7.25,2124.0,120.0,True
2022-01-14 09:15:07.968000+00:00,2743.0,"[6.7, 7.4, 7.4, 7.4, 7.3, 7.3, 7.4, 7.4, 7.4, 7.4, 7.4, 7.4, 7.3, 7.3, 7.3, 7.4, 7.3, 7.3, 4.5, 0.0]",7.4,7.173684210526316,2208.0,120.0,True
2022-01-14 09:54:01.962000+00:00,2742.0,"[6.7, 7.3, 7.3, 7.3, 7.3, 7.3, 7.3, 7.3, 7.3, 7.3, 7.3, 7.3, 7.3, 7.3, 7.3, 7.3, 7.3, 7.3, 5.1, 0.0]",7.3,7.152631578947367,2218.0,120.0,True
2022-01-14 10:31:31.956000+00:00,2740.0,"[6.7, 7.3, 7.3, 7.3, 7.3, 7.3, 7.3, 7.3, 7.3, 7.3, 7.3, 7.3, 7.3, 7.3, 7.3, 7.3, 7.3, 5.4, 0.0, 0.0]",7.3,7.16111111111111,2143.0,120.0,True
2022-01-14 11:00:59.951000+00:00,2734.0,"[5.9, 7.2, 7.2, 7.2, 7.2, 7.2, 7.2, 7.2, 7.3, 7.2, 7.2, 7.2, 7.2, 7.2, 7.2, 7.2, 7.2, 7.2, 5.1, 0.0]",7.3,7.026315789473684,1678.0,90.0,True
2022-01-14 11:29:37.947000+00:00,2728.0,"[6.1, 7.2, 7.2, 7.2, 7.2, 7.2, 7.2, 7.2, 7.2, 7.2, 7.2, 7.2, 7.2, 7.2, 7.2, 7.2, 7.2, 5.5, 0.4, 0.0]",7.2,6.694736842105264,1626.0,90.0,True
2022-01-14 11:48:15.944000+00:00,2728.0,"[4.1, 3.6, 5.0, 7.7, 9.2, 9.2, 9.1, 9.2, 9.2, 9.2, 9.2, 9.1, 9.1, 9.0, 8.8, 8.4, 6.2, 0.7, 0.0, 0.0]",9.2,7.555555555555554,1028.0,60.0,True
2022-01-14 12:05:33.941000+00:00,2728.0,"[5.5, 7.7, 8.1, 7.6, 7.9, 7.4, 8.0, 7.9, 8.0, 8.1, 7.6, 7.9, 7.9, 8.0, 7.9, 6.7, 1.4, 0.0, 0.0, 0.0]",8.1,7.2705882352941185,969.0,60.0,True
2022-01-14 12:23:53.938000+00:00,2728.0,"[6.2, 7.5, 7.9, 7.7, 7.5, 7.5, 7.5, 7.5, 8.0, 7.8, 7.9, 7.9, 7.5, 7.6, 7.9, 8.2, 6.8, 1.0, 0.0, 0.0]",8.2,7.216666666666667,1027.0,60.0,False
2022-01-14 13:18:47.930000+00:00,2727.0,"[5.8, 7.1, 7.1, 7.1, 7.1, 7.1, 7.1, 7.1, 7.1, 7.1, 7.1, 7.1, 7.1, 7.1, 7.1, 7.1, 7.1, 2.3, 0.0, 0.0]",7.1,6.76111111111111,2074.0,105.0,True
2022-01-14 13:49:39.925000+00:00,2728.0,"[6.1, 7.1, 7.1, 7.1, 7.1, 7.1, 7.1, 7.1, 7.1, 7.1, 7.1, 7.1, 7.1, 7.1, 7.1, 7.1, 7.1, 7.1, 7.1, 4.3]",7.1,6.909999999999999,1762.0,90.0,True
2022-01-14 14:25:53.919000+00:00,2731.0,"[6.3, 7.1, 7.1, 7.1, 7.1, 7.1, 7.1, 7.1, 7.1, 7.1, 7.1, 7.1, 7.1, 7.1, 7.1, 7.1, 7.1, 4.3, 0.0, 0.0]",7.1,6.9,2091.0,105.0,False
2022-01-14 15:17:54.910000+00:00,2739.0,"[4.0, 6.6, 8.9, 9.1, 9.1, 9.1, 9.1, 9.1, 9.1, 9.1, 9.1, 9.1, 9.1, 9.1, 9.1, 9.1, 9.1, 9.1, 9.1, 4.6]",9.1,8.485,1772.0,90.0,True
2022-01-14 15:53:32.905000+00:00,2737.0,"[6.1, 8.5, 8.5, 8.5, 8.5, 8.5, 8.5, 8.5, 8.5, 8.5, 8.5, 8.5, 8.5, 8.5, 8.5, 8.5, 8.1, 1.8, 0.0, 0.0]",8.5,7.972222222222222,2056.0,105.0,False
2022-01-14 16:53:33.896000+00:00,2730.0,"[6.3, 6.9, 5.5, 5.4, 7.9, 8.0, 7.8, 7.9, 8.0, 8.0, 8.0, 8.0, 8.0, 8.0, 8.0, 8.0, 7.7, 5.5, 3.3, 2.7]",8.0,6.945,1483.0,75.0,True
2022-01-14 17:26:28.891000+00:00,2720.0,"[4.7, 5.4, 5.4, 5.4, 5.4, 5.4, 5.5, 5.5, 5.5, 5.5, 5.5, 5.5, 5.4, 5.5, 5.5, 5.1, 0.2, 0.0, 0.0, 0.0]",5.5,5.082352941176472,1923.0,105.0,False
2022-01-14 19:48:01.869000+00:00,2724.0,"[6.4, 7.3, 7.3, 7.3, 7.3, 7.3, 7.3, 7.3, 7.3, 7.3, 7.3, 7.4, 7.3, 7.3, 7.3, 7.4, 7.4, 7.4, 7.4, 4.7]",7.4,7.15,2328.0,120.0,True
2022-01-14 20:30:03.862000+00:00,2726.0,"[6.7, 7.4, 7.3, 7.3, 7.3, 7.4, 7.4, 7.4, 7.4, 7.3, 7.4, 7.4, 7.4, 7.4, 7.4, 7.4, 3.2, 0.0, 0.0, 0.0]",7.4,7.088235294117648,2437.0,135.0,True
2022-01-14 21:06:32.857000+00:00,2726.0,"[6.8, 7.4, 7.4, 7.4, 7.4, 7.4, 7.4, 7.4, 7.4, 7.4, 7.4, 7.4, 7.4, 7.4, 7.4, 7.4, 7.4, 4.2, 0.0, 0.0]",7.4,7.188888888888889,2107.0,120.0,True
2022-01-14 21:41:50.851000+00:00,2725.0,"[6.3, 7.4, 7.4, 7.4, 7.4, 7.4, 7.4, 7.3, 7.3, 7.3, 7.4, 7.4, 7.4, 7.4, 7.4, 7.4, 6.7, 0.4, 0.0, 0.0]",7.4,6.894444444444445,2044.0,105.0,True
2022-01-14 22:16:08.846000+00:00,2722.0,"[6.9, 7.4, 7.4, 7.3, 7.3, 7.3, 7.3, 7.3, 7.4, 7.3, 7.3, 7.3, 7.3, 7.3, 7.3, 7.3, 4.9, 0.0, 0.0, 0.0]",7.4,7.152941176470588,1994.0,105.0,True
2022-01-14 22:44:24.841000+00:00,2722.0,"[6.2, 7.3, 7.3, 7.3, 7.3, 7.3, 7.3, 7.3, 7.3, 7.3, 7.3, 7.3, 7.3, 7.3, 7.3, 7.3, 7.3, 7.0, 1.4, 0.0]",7.3,6.915789473684211,1639.0,90.0,True
2022-01-14 23:22:57.835000+00:00,2723.0,"[7.0, 7.3, 7.3, 7.3, 7.3, 7.3, 7.3, 7.3, 7.3, 7.3, 7.3, 7.3, 7.3, 7.2, 7.2, 7.3, 7.3, 7.3, 6.0, 0.0]",7.3,7.205263157894737,2250.0,120.0,True
2022-01-14 23:59:01.829000+00:00,2725.0,"[6.9, 7.3, 7.2, 7.2, 7.3, 7.3, 7.3, 7.3, 7.3, 7.3, 7.3, 7.3, 7.3, 7.3, 7.3, 7.3, 7.3, 3.7, 0.0, 0.0]",7.3,7.066666666666666,2101.0,120.0,True
2022-01-15 00:32:44.823000+00:00,2726.0,"[6.6, 7.2, 7.2, 7.3, 7.2, 7.2, 7.2, 7.2, 7.2, 7.2, 7.2, 7.2, 7.2, 7.2, 7.2, 6.0, 1.2, 0.0, 0.0, 0.0]",7.3,6.747058823529412,1953.0,105.0,True
2022-01-15 01:03:18.818000+00:00,2733.0,"[3.9, 7.3, 3.5, 5.0, 5.9, 4.3, 5.1, 11.0, 13.1, 12.2, 12.1, 12.1, 12.1, 12.2, 12.2, 12.2, 12.2, 12.3, 12.3, 6.4]",13.1,9.37,1777.0,90.0,True
2022-01-15 01:37:30.812000+00:00,2740.0,"[9.9, 12.1, 12.1, 12.1, 12.1, 12.1, 12.1, 12.1, 12.1, 12.1, 11.8, 10.9, 10.6, 11.9, 12.1, 11.8, 4.2, 0.0, 0.0, 0.0]",12.1,11.299999999999995,1968.0,105.0,False
2022-01-15 01:45:40.811000+00:00,2723.0,"[0.4, 0.5, 0.4, 0.3, 0.3, 0.4, 0.4, 0.3, 0.2, 0.3, 0.3, 0.0, 0.0, 0.0, 0.0, 0.0, 0.0, 0.0, 0.0, 0.0]",0.5,0.3454545454545454,159.0,15.0,True
2022-01-15 01:46:32.811000+00:00,2723.0,"[0.7, 0.5, 0.2, 0.0, 0.0, 0.0, 0.0, 0.0, 0.0, 0.0, 0.0, 0.0, 0.0, 0.0, 0.0, 0.0, 0.0, 0.0, 0.0, 0.0]",0.7,0.4666666666666666,45.0,15.0,False
2022-01-15 01:59:13.809000+00:00,2723.0,"[0.6, 1.1, 1.9, 3.0, 3.8, 3.9, 2.9, 2.3, 2.1, 1.7, 0.9, 0.3, 0.0, 0.0, 0.0, 0.0, 0.0, 0.0, 0.0, 0.0]",3.9,2.0416666666666665,173.0,15.0,True
2022-01-15 02:02:20.808000+00:00,2723.0,"[1.0, 2.2, 2.3, 2.4, 2.4, 2.4, 2.4, 2.4, 2.2, 3.2, 3.7, 1.0, 0.0, 0.0, 0.0, 0.0, 0.0, 0.0, 0.0, 0.0]",3.7,2.3,178.0,15.0,False
2022-01-15 03:08:56.798000+00:00,2745.0,"[10.5, 12.6, 12.1, 12.1, 12.1, 12.1, 12.1, 12.1, 12.1, 12.1, 12.2, 12.2, 12.2, 12.2, 12.2, 12.2, 12.2, 11.9, 3.9, 0.0]",12.6,11.636842105263156,2726.0,150.0,True
2022-01-15 03:54:09.790000+00:00,2743.0,"[6.5, 10.8, 12.0, 12.2, 12.2, 12.2, 12.2, 12.2, 12.2, 12.2, 12.2, 12.2, 12.2, 12.2, 12.2, 12.2, 12.1, 6.2, 0.0, 0.0]",12.2,11.455555555555554,2607.0,135.0,False
2022-01-15 05:28:41.775000+00:00,2748.0,"[10.3, 12.3, 12.3, 12.3, 12.3, 12.3, 12.3, 12.3, 12.3, 12.3, 12.3, 12.3, 12.3, 12.4, 12.3, 12.3, 5.5, 0.0, 0.0, 0.0]",12.4,11.788235294117648,2468.0,135.0,False
2022-01-15 06:20:24.767000+00:00,2749.0,"[1.8, 1.7, 0.3, 0.0, 0.0, 0.0, 0.0, 0.0, 0.0, 0.0, 0.0, 0.0, 0.0, 0.0, 0.0, 0.0, 0.0, 0.0, 0.0, 0.0]",1.8,1.2666666666666666,34.0,15.0,False
2022-01-15 07:04:13.760000+00:00,2746.0,"[1.0, 0.5, 0.0, 0.0, 0.0, 0.0, 0.0, 0.0, 0.0, 0.0, 0.0, 0.0, 0.0, 0.0, 0.0, 0.0, 0.0, 0.0, 0.0, 0.0]",1.0,0.75,28.0,15.0,False
2022-01-15 07:48:49.753000+00:00,2784.0,"[4.8, 7.1, 6.2, 5.7, 5.4, 6.3, 6.5, 6.7, 6.9, 7.0, 6.9, 6.7, 6.6, 6.5, 6.7, 6.1, 1.5, 0.0, 0.0, 0.0]",7.1,6.094117647058823,500.0,30.0,True
2022-01-15 08:05:44.750000+00:00,2798.0,"[5.3, 6.8, 9.3, 8.4, 8.3, 8.1, 8.1, 7.9, 7.5, 7.7, 7.8, 7.6, 7.4, 7.5, 7.0, 5.7, 0.6, 0.0, 0.0, 0.0]",9.3,7.117647058823529,964.0,60.0,False
2022-01-15 08:35:46.745000+00:00,2797.0,"[6.5, 7.5, 6.5, 6.1, 6.2, 6.4, 7.0, 6.8, 6.7, 7.0, 7.3, 7.0, 7.2, 7.6, 7.2, 2.6, 0.0, 0.0, 0.0, 0.0]",7.6,6.6,713.0,45.0,False
2022-01-15 08:55:28.741000+00:00,2776.0,"[0.4, 0.0, 0.0, 0.0, 0.0, 0.0, 0.0, 0.0, 0.0, 0.0, 0.0, 0.0, 0.0, 0.0, 0.0, 0.0, 0.0, 0.0, 0.0, 0.0]",0.4,0.4,11.0,15.0,True
2022-01-15 08:55:39.741000+00:00,2779.0,"[0.2, 0.0, 0.0, 0.0, 0.0, 0.0, 0.0, 0.0, 0.0, 0.0, 0.0, 0.0, 0.0, 0.0, 0.0, 0.0, 0.0, 0.0, 0.0, 0.0]",0.2,0.2,4.0,15.0,True
2022-01-15 09:02:55.740000+00:00,2797.0,"[4.6, 5.0, 4.6, 5.3, 7.2, 7.9, 7.9, 7.9, 7.9, 7.6, 7.8, 7.3, 5.3, 1.6, 0.0, 0.0, 0.0, 0.0, 0.0, 0.0]",7.9,6.278571428571428,414.0,30.0,False
2022-01-15 10:14:38.728000+00:00,2751.0,"[6.3, 7.4, 7.4, 7.4, 7.4, 7.4, 7.4, 7.4, 7.4, 7.4, 7.4, 7.4, 7.4, 7.4, 7.4, 7.4, 7.4, 7.1, 1.2, 0.0]",7.4,7.0,1639.0,90.0,False
2022-01-15 11:15:16.718000+00:00,2770.0,"[6.3, 7.3, 7.3, 7.3, 7.3, 7.3, 7.3, 7.3, 7.3, 7.3, 7.3, 7.3, 7.2, 7.3, 7.3, 7.3, 7.2, 7.3, 7.0, 1.1]",7.3,6.914999999999999,1729.0,90.0,False
2022-01-15 11:47:48.713000+00:00,2773.0,"[6.5, 7.3, 7.2, 7.2, 7.2, 7.2, 7.2, 7.2, 7.2, 7.2, 7.2, 7.2, 7.2, 7.2, 7.2, 4.3, 0.0, 0.0, 0.0, 0.0]",7.3,6.98125,1866.0,105.0,False
2022-01-15 13:08:34.700000+00:00,2788.0,"[6.7, 8.1, 7.9, 7.9, 8.1, 8.2, 8.2, 8.2, 8.2, 8.3, 8.3, 8.3, 8.3, 8.3, 8.2, 8.3, 6.9, 0.9, 0.0, 0.0]",8.3,7.627777777777778,1027.0,60.0,True
2022-01-15 13:23:24.697000+00:00,2783.0,"[6.8, 8.2, 8.0, 7.8, 7.9, 8.2, 8.5, 8.3, 8.3, 8.4, 8.6, 8.2, 8.6, 8.7, 8.2, 7.7, 7.8, 7.2, 2.7, 0.0]",8.7,7.794736842105263,832.0,45.0,False
2022-01-15 13:41:11.694000+00:00,2771.0,"[0.2, 0.0, 0.0, 0.0, 0.0, 0.0, 0.0, 0.0, 0.0, 0.0, 0.0, 0.0, 0.0, 0.0, 0.0, 0.0, 0.0, 0.0, 0.0, 0.0]",0.2,0.2,10.0,15.0,True
2022-01-15 13:41:29.694000+00:00,2773.0,"[0.2, 0.0, 0.0, 0.0, 0.0, 0.0, 0.0, 0.0, 0.0, 0.0, 0.0, 0.0, 0.0, 0.0, 0.0, 0.0, 0.0, 0.0, 0.0, 0.0]",0.2,0.2,7.0,15.0,False
2022-01-15 13:42:23.694000+00:00,2776.0,"[0.3, 0.1, 0.0, 0.0, 0.0, 0.0, 0.0, 0.0, 0.0, 0.0, 0.0, 0.0, 0.0, 0.0, 0.0, 0.0, 0.0, 0.0, 0.0, 0.0]",0.3,0.2,22.0,15.0,True
2022-01-15 13:43:07.694000+00:00,2778.0,"[0.5, 1.1, 0.2, 0.0, 0.0, 0.0, 0.0, 0.0, 0.0, 0.0, 0.0, 0.0, 0.0, 0.0, 0.0, 0.0, 0.0, 0.0, 0.0, 0.0]",1.1,0.6,33.0,15.0,True
2022-01-15 14:07:34.690000+00:00,2781.0,"[5.6, 7.1, 7.1, 7.1, 7.1, 7.1, 7.1, 7.1, 7.1, 7.1, 7.1, 7.1, 7.1, 7.1, 7.1, 7.1, 7.1, 7.1, 7.0, 3.0]",7.1,6.815,1457.0,75.0,True
2022-01-15 14:23:35.687000+00:00,2782.0,"[5.9, 7.7, 8.4, 8.2, 8.2, 8.2, 8.1, 8.1, 8.2, 8.2, 8.2, 8.2, 8.2, 8.2, 8.1, 8.2, 8.1, 8.1, 8.0, 3.7]",8.4,7.81,885.0,45.0,False
2022-01-15 15:09:30.679000+00:00,2772.0,"[5.1, 7.0, 7.1, 7.1, 7.1, 7.1, 7.1, 7.1, 7.1, 7.1, 7.1, 7.1, 7.1, 7.1, 7.1, 7.1, 7.1, 7.1, 5.8, 0.4]",7.1,6.595000000000001,1715.0,90.0,True
2022-01-15 15:27:16.676000+00:00,2769.0,"[5.7, 7.2, 7.1, 7.1, 7.1, 7.1, 7.1, 7.1, 7.1, 7.1, 7.1, 7.7, 6.0, 5.8, 4.3, 2.3, 1.3, 0.0, 0.0, 0.0]",7.7,6.129411764705883,987.0,60.0,False
2022-01-15 15:36:58.477000+00:00,2765.0,"[0.8, 0.8, 0.7, 0.5, 0.5, 0.5, 0.4, 0.6, 0.7, 0.7, 0.7, 1.0, 1.5, 0.8, 0.0, 0.0, 0.0, 0.0, 0.0, 0.0]",1.5,0.7285714285714286,419.0,30.0,True
2022-01-15 15:59:46.671000+00:00,2772.0,"[1.8, 4.6, 5.4, 5.4, 5.4, 5.4, 5.4, 5.4, 5.4, 5.4, 5.4, 5.4, 5.4, 5.3, 5.3, 5.3, 5.3, 4.8, 0.3, 0.0]",5.4,4.84736842105263,1353.0,75.0,True
2022-01-15 16:27:29.666000+00:00,2771.0,"[4.4, 5.4, 5.4, 5.4, 5.4, 5.3, 5.3, 5.4, 5.4, 5.4, 5.4, 5.4, 5.4, 5.4, 5.3, 5.4, 5.4, 3.6, 0.0, 0.0]",5.4,5.227777777777778,1592.0,90.0,True
2022-01-15 16:55:42.662000+00:00,2770.0,"[5.0, 5.4, 5.4, 5.4, 5.4, 5.4, 5.4, 5.5, 5.5, 5.5, 5.5, 5.5, 5.5, 5.5, 5.5, 5.5, 5.5, 5.2, 0.9, 0.0]",5.5,5.18421052631579,1629.0,90.0,True
2022-01-15 17:19:14.658000+00:00,2765.0,"[4.1, 5.5, 5.7, 5.6, 5.6, 5.6, 5.6, 5.7, 5.7, 5.6, 5.6, 5.7, 5.7, 5.6, 5.6, 5.6, 5.6, 4.8, 0.3, 0.0]",5.7,5.221052631578947,1355.0,75.0,True
2022-01-15 17:46:25.653000+00:00,2761.0,"[6.2, 7.1, 7.2, 7.2, 7.2, 7.1, 7.2, 7.2, 7.2, 7.2, 7.2, 7.2, 7.2, 7.2, 7.3, 7.3, 7.3, 4.1, 0.0, 0.0]",7.3,6.977777777777778,1581.0,90.0,True
2022-01-15 18:20:12.648000+00:00,2759.0,"[6.8, 7.2, 7.2, 7.2, 7.2, 7.2, 7.2, 7.2, 7.2, 7.2, 7.3, 7.3, 7.3, 7.2, 7.2, 7.3, 4.7, 0.0, 0.0, 0.0]",7.3,7.052941176470588,1969.0,105.0,False
2022-01-15 19:31:56.636000+00:00,2763.0,"[6.5, 7.4, 7.3, 7.3, 7.3, 7.3, 7.4, 7.4, 7.4, 7.3, 7.3, 7.3, 7.3, 7.3, 7.4, 7.4, 7.3, 2.4, 0.0, 0.0]",7.4,7.016666666666667,2083.0,105.0,False
2022-01-15 20:46:19.624000+00:00,2767.0,"[6.0, 7.4, 7.4, 7.3, 7.3, 7.4, 7.4, 7.4, 7.3, 7.4, 7.4, 7.5, 7.5, 7.4, 7.3, 5.5, 0.0, 0.0, 0.0, 0.0]",7.5,7.18125,1906.0,105.0,False
2022-01-15 21:23:25.618000+00:00,2776.0,"[3.9, 8.4, 8.4, 5.7, 9.6, 12.5, 12.5, 11.7, 11.7, 11.7, 11.7, 11.7, 8.9, 10.5, 8.3, 2.4, 0.0, 0.0, 0.0, 0.0]",12.5,9.35,930.0,60.0,False
2022-01-15 22:46:19.605000+00:00,2775.0,"[10.3, 10.9, 10.9, 10.9, 11.0, 10.9, 10.9, 10.9, 10.9, 11.0, 10.9, 10.9, 10.9, 10.9, 10.9, 10.9, 7.4, 0.0, 0.0, 0.0]",11.0,10.67058823529412,2529.0,135.0,True
2022-01-15 23:24:43.598000+00:00,2776.0,"[5.7, 8.5, 9.0, 10.9, 10.9, 10.8, 10.8, 10.8, 10.9, 10.9, 10.8, 10.8, 10.8, 10.9, 10.9, 10.9, 10.8, 10.8, 6.6, 0.0]",10.9,10.131578947368425,2232.0,120.0,True
2022-01-16 00:03:35.592000+00:00,2778.0,"[8.3, 9.5, 9.4, 8.2, 10.7, 11.1, 11.1, 11.5, 10.8, 10.8, 10.8, 10.8, 10.8, 10.8, 10.8, 10.8, 10.8, 10.8, 6.9, 0.0]",11.5,10.247368421052633,2257.0,120.0,True
2022-01-16 00:45:29.585000+00:00,2780.0,"[8.4, 8.9, 10.9, 10.7, 10.7, 10.8, 10.8, 10.7, 10.7, 10.8, 10.8, 10.8, 11.1, 11.2, 11.2, 11.1, 4.0, 0.0, 0.0, 0.0]",11.2,10.211764705882352,2439.0,135.0,False
2022-01-16 01:31:12.578000+00:00,2762.0,"[0.4, 0.3, 0.3, 0.2, 0.1, 0.0, 0.0, 0.0, 0.0, 0.0, 0.0, 0.0, 0.0, 0.0, 0.0, 0.0, 0.0, 0.0, 0.0, 0.0]",0.4,0.26,70.0,15.0,True
2022-01-16 01:34:51.577000+00:00,2763.0,"[0.2, 0.2, 0.2, 0.2, 0.3, 0.2, 0.2, 0.3, 0.2, 0.2, 0.2, 0.2, 0.3, 0.3, 0.0, 0.0, 0.0, 0.0, 0.0, 0.0]",0.3,0.2285714285714286,211.0,15.0,True
2022-01-16 01:37:52.576000+00:00,2765.0,"[2.0, 4.1, 4.9, 5.0, 5.1, 4.4, 4.2, 3.7, 3.5, 1.9, 1.0, 0.2, 0.0, 0.0, 0.0, 0.0, 0.0, 0.0, 0.0, 0.0]",5.1,3.333333333333333,170.0,15.0,True
2022-01-16 01:39:08.576000+00:00,2764.0,"[2.2, 3.7, 3.7, 1.8, 0.5, 0.0, 0.0, 0.0, 0.0, 0.0, 0.0, 0.0, 0.0, 0.0, 0.0, 0.0, 0.0, 0.0, 0.0, 0.0]",3.7,2.3800000000000003,69.0,15.0,True
2022-01-16 02:16:00.570000+00:00,2781.0,"[7.4, 6.2, 10.6, 10.7, 10.8, 10.8, 10.8, 10.8, 10.8, 10.8, 10.7, 10.7, 10.8, 10.8, 10.8, 10.9, 10.9, 10.8, 2.4, 0.0]",10.9,9.921052631578949,2193.0,120.0,True
2022-01-16 02:52:33.564000+00:00,2774.0,"[7.2, 9.4, 9.6, 9.5, 9.5, 9.6, 9.6, 9.6, 9.5, 9.4, 9.5, 9.7, 9.6, 9.6, 9.5, 9.5, 9.6, 3.3, 0.0, 0.0]",9.7,9.066666666666668,2079.0,105.0,True
2022-01-16 03:29:49.558000+00:00,2776.0,"[7.3, 10.7, 10.8, 10.8, 10.7, 10.6, 10.7, 10.8, 10.8, 10.8, 10.7, 10.7, 10.7, 10.7, 10.9, 10.8, 10.7, 6.3, 0.0, 0.0]",10.9,10.305555555555555,2136.0,120.0,True
2022-01-16 04:09:22.551000+00:00,2777.0,"[9.2, 10.2, 10.8, 10.6, 10.7, 10.8, 10.9, 10.9, 10.8, 10.7, 10.7, 10.9, 10.9, 10.8, 10.8, 10.8, 10.8, 10.9, 6.8, 0.0]",10.9,10.473684210526317,2260.0,120.0,False
2022-01-16 04:54:11.544000+00:00,2763.0,"[0.4, 0.0, 0.0, 0.0, 0.0, 0.0, 0.0, 0.0, 0.0, 0.0, 0.0, 0.0, 0.0, 0.0, 0.0, 0.0, 0.0, 0.0, 0.0, 0.0]",0.4,0.4,16.0,15.0,False
2022-01-16 05:46:08.536000+00:00,2791.0,"[4.8, 8.8, 6.9, 7.4, 8.7, 10.1, 10.5, 10.0, 9.9, 9.9, 9.9, 9.7, 9.7, 9.7, 7.9, 1.0, 0.0, 0.0, 0.0, 0.0]",10.5,8.43125,918.0,60.0,True
2022-01-16 05:46:20.536000+00:00,2777.0,"[0.1, 0.0, 0.0, 0.0, 0.0, 0.0, 0.0, 0.0, 0.0, 0.0, 0.0, 0.0, 0.0, 0.0, 0.0, 0.0, 0.0, 0.0, 0.0, 0.0]",0.1,0.1,4.0,15.0,False
2022-01-16 06:21:02.530000+00:00,2807.0,"[6.5, 7.9, 8.8, 8.8, 8.0, 8.0, 7.9, 7.7, 7.9, 7.6, 7.5, 7.4, 7.3, 7.4, 7.5, 7.3, 2.0, 0.0, 0.0, 0.0]",8.8,7.382352941176471,742.0,45.0,False
2022-01-16 06:54:12.524000+00:00,2800.0,"[0.1, 0.0, 0.0, 0.0, 0.0, 0.0, 0.0, 0.0, 0.0, 0.0, 0.0, 0.0, 0.0, 0.0, 0.0, 0.0, 0.0, 0.0, 0.0, 0.0]",0.1,0.1,4.0,15.0,True
2022-01-16 06:54:37.524000+00:00,2805.0,"[0.2, 0.0, 0.0, 0.0, 0.0, 0.0, 0.0, 0.0, 0.0, 0.0, 0.0, 0.0, 0.0, 0.0, 0.0, 0.0, 0.0, 0.0, 0.0, 0.0]",0.2,0.2,6.0,15.0,False
2022-01-16 07:53:20.514000+00:00,2826.0,"[10.5, 12.2, 12.8, 12.8, 12.7, 12.7, 12.7, 12.8, 12.8, 12.8, 12.7, 12.7, 12.8, 12.7, 12.7, 12.7, 12.7, 5.2, 0.0, 0.0]",12.8,12.166666666666664,1576.0,90.0,False
2022-01-16 08:28:55.508000+00:00,2813.0,"[0.1, 0.3, 0.1, 0.0, 0.0, 0.0, 0.0, 0.0, 0.0, 0.0, 0.0, 0.0, 0.0, 0.0, 0.0, 0.0, 0.0, 0.0, 0.0, 0.0]",0.3,0.1666666666666666,32.0,15.0,False
2022-01-16 08:34:36.507000+00:00,2843.0,"[0.9, 0.4, 0.4, 0.1, 0.0, 0.0, 0.0, 0.0, 0.0, 0.0, 0.0, 0.0, 0.0, 0.0, 0.0, 0.0, 0.0, 0.0, 0.0, 0.0]",0.9,0.45,46.0,15.0,False
2022-01-16 08:58:03.503000+00:00,2865.0,"[0.3, 0.5, 0.7, 1.0, 0.7, 0.6, 0.7, 0.5, 0.6, 0.6, 0.3, 0.0, 0.0, 0.0, 0.0, 0.0, 0.0, 0.0, 0.0, 0.0]",1.0,0.5909090909090908,325.0,30.0,False
2022-01-16 09:12:41.061000+00:00,2875.0,"[0.3, 0.3, 0.1, 0.0, 0.0, 0.0, 0.0, 0.0, 0.0, 0.0, 0.0, 0.0, 0.0, 0.0, 0.0, 0.0, 0.0, 0.0, 0.0, 0.0]",0.3,0.2333333333333333,33.0,15.0,False
2022-01-16 09:13:54.005000+00:00,2880.0,"[0.2, 0.0, 0.0, 0.0, 0.0, 0.0, 0.0, 0.0, 0.0, 0.0, 0.0, 0.0, 0.0, 0.0, 0.0, 0.0, 0.0, 0.0, 0.0, 0.0]",0.2,0.2,8.0,15.0,False
2022-01-16 09:24:25.498000+00:00,2886.0,"[0.4, 0.4, 0.1, 0.0, 0.0, 0.0, 0.0, 0.0, 0.0, 0.0, 0.0, 0.0, 0.0, 0.0, 0.0, 0.0, 0.0, 0.0, 0.0, 0.0]",0.4,0.3,31.0,15.0,False
2022-01-16 09:42:56.055000+00:00,2884.0,"[0.6, 0.9, 0.2, 0.1, 0.0, 0.0, 0.0, 0.0, 0.0, 0.0, 0.0, 0.0, 0.0, 0.0, 0.0, 0.0, 0.0, 0.0, 0.0, 0.0]",0.9,0.45,55.0,15.0,False
2022-01-16 09:48:21.494000+00:00,2888.0,"[0.2, 0.1, 0.0, 0.0, 0.0, 0.0, 0.0, 0.0, 0.0, 0.0, 0.0, 0.0, 0.0, 0.0, 0.0, 0.0, 0.0, 0.0, 0.0, 0.0]",0.2,0.15,20.0,15.0,True
2022-01-16 09:49:00.054000+00:00,2890.0,"[0.6, 0.5, 0.0, 0.0, 0.0, 0.0, 0.0, 0.0, 0.0, 0.0, 0.0, 0.0, 0.0, 0.0, 0.0, 0.0, 0.0, 0.0, 0.0, 0.0]",0.6,0.55,31.0,15.0,False
2022-01-16 09:53:13.493000+00:00,2890.0,"[0.4, 0.1, 0.0, 0.0, 0.0, 0.0, 0.0, 0.0, 0.0, 0.0, 0.0, 0.0, 0.0, 0.0, 0.0, 0.0, 0.0, 0.0, 0.0, 0.0]",0.4,0.25,23.0,15.0,False
2022-01-16 10:04:36.491000+00:00,2885.0,"[0.3, 0.2, 0.1, 0.0, 0.0, 0.0, 0.0, 0.0, 0.0, 0.0, 0.0, 0.0, 0.0, 0.0, 0.0, 0.0, 0.0, 0.0, 0.0, 0.0]",0.3,0.1999999999999999,34.0,15.0,True
2022-01-16 10:07:06.051000+00:00,2887.0,"[0.4, 0.4, 0.5, 0.5, 0.4, 0.4, 0.4, 0.3, 0.2, 0.0, 0.0, 0.0, 0.0, 0.0, 0.0, 0.0, 0.0, 0.0, 0.0, 0.0]",0.5,0.3888888888888889,134.0,15.0,True
2022-01-16 10:07:48.490000+00:00,2889.0,"[0.4, 0.2, 0.0, 0.0, 0.0, 0.0, 0.0, 0.0, 0.0, 0.0, 0.0, 0.0, 0.0, 0.0, 0.0, 0.0, 0.0, 0.0, 0.0, 0.0]",0.4,0.3,17.0,15.0,True
2022-01-16 10:11:24.490000+00:00,2889.0,"[0.3, 0.5, 0.8, 0.6, 0.7, 0.3, 0.3, 0.2, 0.3, 1.4, 0.8, 0.2, 0.3, 0.1, 0.0, 0.0, 0.0, 0.0, 0.0, 0.0]",1.4,0.4857142857142857,209.0,15.0,False
2022-01-16 10:17:21.049000+00:00,2890.0,"[0.3, 1.2, 1.6, 1.0, 0.7, 0.2, 0.0, 0.0, 0.0, 0.0, 0.0, 0.0, 0.0, 0.0, 0.0, 0.0, 0.0, 0.0, 0.0, 0.0]",1.6,0.8333333333333334,82.0,15.0,False
2022-01-16 10:32:56.486000+00:00,2829.0,"[0.1, 0.0, 0.0, 0.0, 0.0, 0.0, 0.0, 0.0, 0.0, 0.0, 0.0, 0.0, 0.0, 0.0, 0.0, 0.0, 0.0, 0.0, 0.0, 0.0]",0.1,0.1,4.0,15.0,False
2022-01-16 11:16:57.039000+00:00,2968.0,"[1.8, 1.9, 1.9, 1.8, 1.9, 2.3, 2.3, 2.5, 2.6, 2.3, 2.6, 2.7, 2.7, 2.3, 2.0, 2.3, 1.8, 1.0, 0.0, 0.0]",2.7,2.15,270.0,15.0,False
2022-01-16 11:45:38.033000+00:00,2852.0,"[0.3, 0.0, 0.0, 0.0, 0.0, 0.0, 0.0, 0.0, 0.0, 0.0, 0.0, 0.0, 0.0, 0.0, 0.0, 0.0, 0.0, 0.0, 0.0, 0.0]",0.3,0.3,4.0,15.0,True
2022-01-16 12:02:40.470000+00:00,2842.0,"[7.7, 8.6, 8.7, 9.5, 10.0, 9.9, 8.7, 8.3, 8.1, 7.8, 7.9, 8.1, 7.7, 7.3, 7.0, 7.0, 3.4, 0.0, 0.0, 0.0]",10.0,7.982352941176471,998.0,60.0,False
2022-01-16 14:57:29.440000+00:00,2833.0,"[4.2, 5.2, 5.3, 5.3, 5.3, 5.3, 5.3, 5.3, 5.3, 5.2, 5.3, 5.3, 5.3, 5.3, 5.3, 5.3, 5.2, 5.1, 1.1, 0.0]",5.3,4.994736842105263,1366.0,75.0,False
2022-01-16 15:43:56.432000+00:00,2831.0,"[4.6, 5.3, 5.3, 5.3, 5.2, 5.3, 5.3, 5.3, 5.3, 5.3, 5.3, 5.3, 5.3, 5.3, 5.3, 5.3, 5.0, 0.9, 0.0, 0.0]",5.3,4.9944444444444445,1284.0,75.0,False
2022-01-16 16:22:09.425000+00:00,2826.0,"[3.8, 5.3, 5.4, 5.3, 5.4, 5.3, 5.4, 5.4, 5.3, 5.4, 5.4, 5.4, 5.4, 5.4, 5.3, 5.3, 3.1, 0.0, 0.0, 0.0]",5.4,5.1352941176470575,1007.0,60.0,True
2022-01-16 16:22:40.425000+00:00,2823.0,"[0.3, 0.0, 0.0, 0.0, 0.0, 0.0, 0.0, 0.0, 0.0, 0.0, 0.0, 0.0, 0.0, 0.0, 0.0, 0.0, 0.0, 0.0, 0.0, 0.0]",0.3,0.3,11.0,15.0,True
2022-01-16 16:36:46.423000+00:00,2825.0,"[4.2, 5.4, 5.4, 5.4, 5.4, 5.4, 5.3, 5.4, 5.4, 5.4, 5.4, 5.4, 5.4, 5.4, 5.4, 5.4, 5.4, 3.9, 0.0, 0.0]",5.4,5.2444444444444445,808.0,45.0,True
2022-01-16 17:02:10.419000+00:00,2814.0,"[4.2, 6.8, 7.1, 7.1, 7.1, 7.1, 7.1, 7.1, 7.1, 7.1, 7.1, 7.1, 7.1, 7.1, 7.1, 7.1, 7.1, 7.1, 7.1, 3.3]",7.1,6.75,1452.0,75.0,True
2022-01-16 17:29:52.414000+00:00,2805.0,"[6.0, 7.1, 7.1, 7.1, 7.1, 7.1, 7.1, 7.1, 7.1, 7.1, 7.1, 7.1, 7.1, 7.1, 7.2, 7.1, 7.1, 4.6, 0.0, 0.0]",7.2,6.905555555555555,1583.0,90.0,True
2022-01-16 17:57:42.409000+00:00,2811.0,"[6.1, 7.2, 7.1, 7.1, 7.1, 7.1, 7.1, 7.2, 7.2, 7.2, 7.2, 7.2, 7.1, 7.2, 7.2, 7.2, 7.2, 4.8, 0.0, 0.0]",7.2,6.972222222222222,1595.0,90.0,True
2022-01-16 18:28:23.404000+00:00,2814.0,"[6.7, 7.2, 7.2, 7.2, 7.2, 7.2, 7.2, 7.2, 7.2, 7.2, 7.2, 7.2, 7.2, 7.2, 7.2, 7.2, 7.2, 7.2, 7.2, 3.5]",7.2,6.989999999999999,1769.0,90.0,True
2022-01-16 18:54:54.400000+00:00,2815.0,"[5.3, 7.2, 7.2, 7.2, 7.2, 7.2, 7.3, 7.2, 7.3, 7.2, 7.2, 7.2, 7.2, 7.2, 7.3, 7.3, 5.9, 0.0, 0.0, 0.0]",7.3,7.03529411764706,1515.0,90.0,False
2022-01-16 19:51:28.391000+00:00,2822.0,"[6.6, 7.3, 7.3, 7.3, 7.4, 7.3, 7.3, 7.3, 7.3, 7.3, 7.3, 7.3, 7.3, 7.3, 7.4, 7.3, 7.3, 4.9, 0.0, 0.0]",7.4,7.138888888888889,1608.0,90.0,True
2022-01-16 20:16:33.386000+00:00,2822.0,"[4.9, 7.4, 7.4, 7.3, 7.4, 7.4, 7.4, 7.4, 7.4, 7.4, 7.4, 7.4, 7.4, 7.4, 7.3, 7.3, 7.4, 7.4, 6.1, 0.2]",7.4,6.834999999999999,1432.0,75.0,True
2022-01-16 20:42:44.382000+00:00,2823.0,"[6.6, 7.4, 7.4, 7.4, 7.4, 7.3, 7.4, 7.4, 7.4, 7.4, 7.4, 7.4, 7.3, 7.3, 7.4, 7.4, 5.1, 0.0, 0.0, 0.0]",7.4,7.2,1506.0,90.0,False
2022-01-16 22:12:22.368000+00:00,2794.0,"[6.0, 7.4, 7.4, 7.4, 7.5, 7.4, 7.4, 7.4, 7.4, 7.4, 7.4, 7.4, 7.4, 7.4, 7.4, 7.4, 7.4, 7.4, 7.4, 5.8]",7.5,7.255000000000001,1795.0,90.0,True
2022-01-16 22:42:12.363000+00:00,2794.0,"[6.2, 7.4, 7.4, 7.4, 7.4, 7.4, 7.4, 7.4, 7.4, 7.4, 7.4, 7.4, 7.4, 7.4, 7.4, 7.4, 7.4, 7.4, 6.5, 0.5]",7.4,6.95,1714.0,90.0,True
2022-01-16 23:17:11.357000+00:00,2792.0,"[6.8, 7.4, 7.3, 7.4, 7.4, 7.4, 7.3, 7.3, 7.4, 7.4, 7.4, 7.3, 7.4, 7.3, 7.4, 7.4, 5.4, 0.0, 0.0, 0.0]",7.4,7.2176470588235295,2019.0,105.0,True
2022-01-16 23:51:11.351000+00:00,2791.0,"[6.8, 7.4, 7.4, 7.4, 7.3, 7.3, 7.4, 7.4, 7.4, 7.4, 7.3, 7.3, 7.3, 7.4, 7.3, 7.4, 3.4, 0.0, 0.0, 0.0]",7.4,7.094117647058823,1960.0,105.0,True
2022-01-17 00:26:29.345000+00:00,2790.0,"[6.8, 7.3, 7.3, 7.3, 7.3, 7.3, 7.3, 7.3, 9.0, 9.4, 9.5, 9.4, 9.4, 9.5, 9.5, 9.4, 7.1, 0.0, 0.0, 0.0]",9.5,8.241176470588234,2027.0,105.0,True
2022-01-17 01:07:14.339000+00:00,2790.0,"[8.2, 9.4, 9.4, 9.4, 9.3, 9.4, 9.4, 9.4, 9.4, 9.3, 9.4, 9.3, 9.3, 9.3, 9.3, 9.4, 9.4, 9.3, 9.4, 6.3]",9.4,9.150000000000002,2366.0,120.0,True
2022-01-17 01:37:07.334000+00:00,2789.0,"[6.2, 8.9, 9.4, 9.4, 9.4, 9.4, 9.4, 9.5, 9.4, 9.4, 9.4, 9.4, 9.4, 9.4, 9.4, 9.4, 9.4, 9.4, 6.6, 0.0]",9.5,9.063157894736843,1707.0,90.0,False
2022-01-17 02:00:53.330000+00:00,2773.0,"[0.1, 0.0, 0.0, 0.0, 0.0, 0.0, 0.0, 0.0, 0.0, 0.0, 0.0, 0.0, 0.0, 0.0, 0.0, 0.0, 0.0, 0.0, 0.0, 0.0]",0.1,0.1,9.0,15.0,False
2022-01-17 02:04:01.330000+00:00,2776.0,"[0.4, 0.2, 0.0, 0.0, 0.0, 0.0, 0.0, 0.0, 0.0, 0.0, 0.0, 0.0, 0.0, 0.0, 0.0, 0.0, 0.0, 0.0, 0.0, 0.0]",0.4,0.3,29.0,15.0,False
2022-01-17 02:05:40.329000+00:00,2777.0,"[0.3, 0.0, 0.0, 0.0, 0.0, 0.0, 0.0, 0.0, 0.0, 0.0, 0.0, 0.0, 0.0, 0.0, 0.0, 0.0, 0.0, 0.0, 0.0, 0.0]",0.3,0.3,16.0,15.0,True
2022-01-17 02:35:32.325000+00:00,2783.0,"[10.3, 11.9, 12.1, 11.8, 11.7, 12.0, 12.1, 12.1, 12.1, 12.1, 12.1, 12.1, 12.1, 12.1, 12.0, 12.1, 11.9, 12.3, 12.5, 6.9]",12.5,11.715,1770.0,90.0,True
2022-01-17 02:36:20.325000+00:00,2758.0,"[0.2, 0.0, 0.0, 0.0, 0.0, 0.0, 0.0, 0.0, 0.0, 0.0, 0.0, 0.0, 0.0, 0.0, 0.0, 0.0, 0.0, 0.0, 0.0, 0.0]",0.2,0.2,10.0,15.0,True
2022-01-17 02:37:11.324000+00:00,2759.0,"[0.7, 1.5, 0.3, 0.0, 0.0, 0.0, 0.0, 0.0, 0.0, 0.0, 0.0, 0.0, 0.0, 0.0, 0.0, 0.0, 0.0, 0.0, 0.0, 0.0]",1.5,0.8333333333333334,44.0,15.0,True
2022-01-17 02:38:34.324000+00:00,2761.0,"[0.4, 0.3, 0.3, 0.2, 0.2, 0.0, 0.0, 0.0, 0.0, 0.0, 0.0, 0.0, 0.0, 0.0, 0.0, 0.0, 0.0, 0.0, 0.0, 0.0]",0.4,0.2799999999999999,76.0,15.0,True
2022-01-17 02:39:09.324000+00:00,2763.0,"[0.2, 0.2, 0.0, 0.0, 0.0, 0.0, 0.0, 0.0, 0.0, 0.0, 0.0, 0.0, 0.0, 0.0, 0.0, 0.0, 0.0, 0.0, 0.0, 0.0]",0.2,0.2,28.0,15.0,False
2022-01-17 03:09:40.319000+00:00,2774.0,"[6.5, 8.0, 7.5, 6.5, 6.6, 6.4, 6.8, 6.4, 6.6, 6.7, 6.8, 6.7, 6.8, 6.8, 7.1, 5.6, 0.5, 0.0, 0.0, 0.0]",8.0,6.370588235294117,726.0,45.0,False
2022-01-17 03:29:50.316000+00:00,2771.0,"[0.3, 0.0, 0.0, 0.0, 0.0, 0.0, 0.0, 0.0, 0.0, 0.0, 0.0, 0.0, 0.0, 0.0, 0.0, 0.0, 0.0, 0.0, 0.0, 0.0]",0.3,0.3,16.0,15.0,False
2022-01-17 03:32:07.316000+00:00,2777.0,"[0.2, 0.3, 0.2, 0.1, 0.0, 0.0, 0.0, 0.0, 0.0, 0.0, 0.0, 0.0, 0.0, 0.0, 0.0, 0.0, 0.0, 0.0, 0.0, 0.0]",0.3,0.1999999999999999,50.0,15.0,True
2022-01-17 03:38:52.315000+00:00,2784.0,"[0.2, 0.2, 0.2, 0.3, 0.4, 0.3, 0.5, 0.3, 0.3, 0.3, 0.4, 0.3, 0.2, 0.2, 0.0, 0.0, 0.0, 0.0, 0.0, 0.0]",0.5,0.2928571428571428,397.0,30.0,False
2022-01-17 03:49:25.313000+00:00,2811.0,"[0.3, 0.5, 0.2, 0.0, 0.0, 0.0, 0.0, 0.0, 0.0, 0.0, 0.0, 0.0, 0.0, 0.0, 0.0, 0.0, 0.0, 0.0, 0.0, 0.0]",0.5,0.3333333333333333,38.0,15.0,False
2022-01-17 04:10:19.310000+00:00,2776.0,"[0.1, 0.0, 0.0, 0.0, 0.0, 0.0, 0.0, 0.0, 0.0, 0.0, 0.0, 0.0, 0.0, 0.0, 0.0, 0.0, 0.0, 0.0, 0.0, 0.0]",0.1,0.1,5.0,15.0,False
2022-01-17 04:14:46.309000+00:00,2791.0,"[0.1, 0.0, 0.0, 0.0, 0.0, 0.0, 0.0, 0.0, 0.0, 0.0, 0.0, 0.0, 0.0, 0.0, 0.0, 0.0, 0.0, 0.0, 0.0, 0.0]",0.1,0.1,1.0,15.0,False
2022-01-17 04:49:57.303000+00:00,2792.0,"[0.3, 0.2, 0.1, 0.0, 0.0, 0.0, 0.0, 0.0, 0.0, 0.0, 0.0, 0.0, 0.0, 0.0, 0.0, 0.0, 0.0, 0.0, 0.0, 0.0]",0.3,0.1999999999999999,33.0,15.0,False
2022-01-17 05:08:13.300000+00:00,2836.0,"[0.4, 0.4, 0.5, 0.8, 0.9, 1.2, 0.8, 0.9, 0.8, 0.8, 0.8, 0.6, 0.5, 0.1, 0.0, 0.0, 0.0, 0.0, 0.0, 0.0]",1.2,0.6785714285714286,196.0,15.0,False
2022-01-17 05:24:05.297000+00:00,2857.0,"[0.3, 0.3, 0.2, 0.2, 0.2, 0.2, 0.2, 0.3, 0.2, 0.0, 0.0, 0.0, 0.0, 0.0, 0.0, 0.0, 0.0, 0.0, 0.0, 0.0]",0.3,0.2333333333333333,127.0,15.0,False
2022-01-17 05:28:20.297000+00:00,2860.0,"[0.4, 0.3, 0.2, 0.1, 0.2, 0.2, 0.2, 0.2, 0.2, 0.2, 0.1, 0.0, 0.0, 0.0, 0.0, 0.0, 0.0, 0.0, 0.0, 0.0]",0.4,0.2090909090909091,163.0,15.0,True
2022-01-17 05:29:09.297000+00:00,2861.0,"[0.3, 0.3, 0.2, 0.0, 0.0, 0.0, 0.0, 0.0, 0.0, 0.0, 0.0, 0.0, 0.0, 0.0, 0.0, 0.0, 0.0, 0.0, 0.0, 0.0]",0.3,0.2666666666666666,42.0,15.0,True
2022-01-17 05:29:22.296000+00:00,2862.0,"[0.2, 0.0, 0.0, 0.0, 0.0, 0.0, 0.0, 0.0, 0.0, 0.0, 0.0, 0.0, 0.0, 0.0, 0.0, 0.0, 0.0, 0.0, 0.0, 0.0]",0.2,0.2,5.0,15.0,True
2022-01-17 05:43:49.294000+00:00,2818.0,"[8.1, 18.5, 19.2, 19.2, 19.2, 19.3, 19.3, 19.3, 19.3, 19.3, 18.6, 17.7, 17.9, 17.4, 16.9, 16.6, 16.5, 14.1, 4.9, 0.3]",19.3,16.08,859.0,45.0,True
2022-01-17 05:44:11.294000+00:00,2746.0,"[0.3, 0.0, 0.0, 0.0, 0.0, 0.0, 0.0, 0.0, 0.0, 0.0, 0.0, 0.0, 0.0, 0.0, 0.0, 0.0, 0.0, 0.0, 0.0, 0.0]",0.3,0.3,9.0,15.0,True
2022-01-17 05:44:30.294000+00:00,2747.0,"[0.2, 0.0, 0.0, 0.0, 0.0, 0.0, 0.0, 0.0, 0.0, 0.0, 0.0, 0.0, 0.0, 0.0, 0.0, 0.0, 0.0, 0.0, 0.0, 0.0]",0.2,0.2,10.0,15.0,False
2022-01-17 05:49:51.293000+00:00,2781.0,"[0.3, 0.4, 0.4, 0.6, 1.3, 0.5, 0.0, 0.0, 0.0, 0.0, 0.0, 0.0, 0.0, 0.0, 0.0, 0.0, 0.0, 0.0, 0.0, 0.0]",1.3,0.5833333333333334,91.0,15.0,True
2022-01-17 05:50:22.293000+00:00,2791.0,"[0.4, 0.0, 0.0, 0.0, 0.0, 0.0, 0.0, 0.0, 0.0, 0.0, 0.0, 0.0, 0.0, 0.0, 0.0, 0.0, 0.0, 0.0, 0.0, 0.0]",0.4,0.4,17.0,15.0,False
2022-01-17 06:11:47.290000+00:00,2763.0,"[0.5, 0.5, 0.7, 0.6, 0.3, 0.0, 0.0, 0.0, 0.0, 0.0, 0.0, 0.0, 0.0, 0.0, 0.0, 0.0, 0.0, 0.0, 0.0, 0.0]",0.7,0.5199999999999999,75.0,15.0,False
2022-01-17 06:12:35.289000+00:00,2776.0,"[0.1, 0.0, 0.0, 0.0, 0.0, 0.0, 0.0, 0.0, 0.0, 0.0, 0.0, 0.0, 0.0, 0.0, 0.0, 0.0, 0.0, 0.0, 0.0, 0.0]",0.1,0.1,7.0,15.0,False
2022-01-17 06:42:53.284000+00:00,2783.0,"[0.4, 0.3, 0.4, 0.4, 0.3, 0.1, 0.0, 0.0, 0.0, 0.0, 0.0, 0.0, 0.0, 0.0, 0.0, 0.0, 0.0, 0.0, 0.0, 0.0]",0.4,0.3166666666666667,76.0,15.0,True
2022-01-17 06:43:11.285000+00:00,2792.0,"[0.2, 0.0, 0.0, 0.0, 0.0, 0.0, 0.0, 0.0, 0.0, 0.0, 0.0, 0.0, 0.0, 0.0, 0.0, 0.0, 0.0, 0.0, 0.0, 0.0]",0.2,0.2,10.0,15.0,False
2022-01-17 07:09:27.280000+00:00,2780.0,"[0.1, 0.0, 0.0, 0.0, 0.0, 0.0, 0.0, 0.0, 0.0, 0.0, 0.0, 0.0, 0.0, 0.0, 0.0, 0.0, 0.0, 0.0, 0.0, 0.0]",0.1,0.1,2.0,15.0,False
2022-01-17 07:10:02.280000+00:00,2787.0,"[0.2, 0.1, 0.0, 0.0, 0.0, 0.0, 0.0, 0.0, 0.0, 0.0, 0.0, 0.0, 0.0, 0.0, 0.0, 0.0, 0.0, 0.0, 0.0, 0.0]",0.2,0.15,17.0,15.0,False
2022-01-17 07:13:22.279000+00:00,2812.0,"[0.2, 0.3, 0.2, 0.3, 0.3, 0.4, 0.1, 0.0, 0.0, 0.0, 0.0, 0.0, 0.0, 0.0, 0.0, 0.0, 0.0, 0.0, 0.0, 0.0]",0.4,0.2571428571428572,95.0,15.0,True
2022-01-17 07:14:38.279000+00:00,2827.0,"[0.6, 0.6, 0.3, 0.4, 0.3, 0.0, 0.0, 0.0, 0.0, 0.0, 0.0, 0.0, 0.0, 0.0, 0.0, 0.0, 0.0, 0.0, 0.0, 0.0]",0.6,0.4399999999999999,69.0,15.0,False
2022-01-17 07:23:56.278000+00:00,2872.0,"[0.4, 0.4, 0.4, 0.2, 0.0, 0.0, 0.0, 0.0, 0.0, 0.0, 0.0, 0.0, 0.0, 0.0, 0.0, 0.0, 0.0, 0.0, 0.0, 0.0]",0.4,0.35,53.0,15.0,False
2022-01-17 07:37:12.275000+00:00,2889.0,"[0.4, 0.2, 0.0, 0.0, 0.0, 0.0, 0.0, 0.0, 0.0, 0.0, 0.0, 0.0, 0.0, 0.0, 0.0, 0.0, 0.0, 0.0, 0.0, 0.0]",0.4,0.3,18.0,15.0,True
2022-01-17 07:55:25.272000+00:00,2885.0,"[10.7, 14.9, 14.5, 14.0, 13.3, 13.2, 14.3, 14.1, 12.7, 12.7, 12.5, 12.2, 12.5, 12.1, 12.8, 12.8, 11.7, 3.9, 0.0, 0.0]",14.9,12.494444444444444,1050.0,60.0,False
2022-01-17 08:14:32.269000+00:00,2891.0,"[10.5, 14.7, 13.1, 12.2, 12.2, 12.4, 12.4, 12.1, 12.1, 11.8, 12.3, 12.1, 10.8, 10.5, 8.1, 1.1, 0.0, 0.0, 0.0, 0.0]",14.7,11.15,910.0,60.0,True
2022-01-17 08:15:04.269000+00:00,2859.0,"[0.5, 0.4, 0.0, 0.0, 0.0, 0.0, 0.0, 0.0, 0.0, 0.0, 0.0, 0.0, 0.0, 0.0, 0.0, 0.0, 0.0, 0.0, 0.0, 0.0]",0.5,0.45,25.0,15.0,True
2022-01-17 08:16:08.751000+00:00,2864.0,"[0.4, 0.5, 0.3, 0.2, 0.0, 0.0, 0.0, 0.0, 0.0, 0.0, 0.0, 0.0, 0.0, 0.0, 0.0, 0.0, 0.0, 0.0, 0.0, 0.0]",0.5,0.35,58.0,15.0,False
2022-01-17 08:20:17.268000+00:00,2886.0,"[1.1, 1.4, 0.8, 0.6, 1.3, 1.1, 0.5, 0.1, 0.0, 0.0, 0.0, 0.0, 0.0, 0.0, 0.0, 0.0, 0.0, 0.0, 0.0, 0.0]",1.4,0.8625,106.0,15.0,True
2022-01-17 08:20:43.268000+00:00,2893.0,"[0.7, 0.2, 0.0, 0.0, 0.0, 0.0, 0.0, 0.0, 0.0, 0.0, 0.0, 0.0, 0.0, 0.0, 0.0, 0.0, 0.0, 0.0, 0.0, 0.0]",0.7,0.4499999999999999,19.0,15.0,False
2022-01-17 08:48:21.263000+00:00,2891.0,"[7.0, 8.1, 8.4, 8.7, 8.8, 8.8, 8.9, 9.1, 9.3, 8.9, 8.0, 7.7, 7.6, 8.8, 9.5, 9.6, 9.7, 9.5, 3.0, 0.0]",9.7,8.389473684210525,844.0,45.0,False
2022-01-17 08:49:38.263000+00:00,2877.0,"[0.5, 0.3, 0.0, 0.0, 0.0, 0.0, 0.0, 0.0, 0.0, 0.0, 0.0, 0.0, 0.0, 0.0, 0.0, 0.0, 0.0, 0.0, 0.0, 0.0]",0.5,0.4,30.0,15.0,True
2022-01-17 08:49:51.263000+00:00,2879.0,"[0.1, 0.0, 0.0, 0.0, 0.0, 0.0, 0.0, 0.0, 0.0, 0.0, 0.0, 0.0, 0.0, 0.0, 0.0, 0.0, 0.0, 0.0, 0.0, 0.0]",0.1,0.1,4.0,15.0,True
2022-01-17 08:50:13.263000+00:00,2883.0,"[0.3, 0.0, 0.0, 0.0, 0.0, 0.0, 0.0, 0.0, 0.0, 0.0, 0.0, 0.0, 0.0, 0.0, 0.0, 0.0, 0.0, 0.0, 0.0, 0.0]",0.3,0.3,11.0,15.0,False
2022-01-17 09:15:09.258000+00:00,2895.0,"[3.3, 5.5, 6.2, 5.8, 9.3, 12.4, 12.4, 12.5, 12.5, 12.5, 12.5, 11.7, 6.4, 4.0, 1.7, 0.0, 0.0, 0.0, 0.0, 0.0]",12.5,8.580000000000002,444.0,30.0,False
2022-01-17 09:39:03.255000+00:00,2853.0,"[0.3, 0.3, 0.4, 0.5, 0.3, 0.3, 0.4, 0.4, 0.3, 0.1, 0.0, 0.0, 0.0, 0.0, 0.0, 0.0, 0.0, 0.0, 0.0, 0.0]",0.5,0.3299999999999999,139.0,15.0,True
2022-01-17 09:40:38.254000+00:00,2867.0,"[0.5, 0.4, 0.4, 0.3, 0.4, 0.2, 0.0, 0.0, 0.0, 0.0, 0.0, 0.0, 0.0, 0.0, 0.0, 0.0, 0.0, 0.0, 0.0, 0.0]",0.5,0.3666666666666667,88.0,15.0,True
2022-01-17 09:41:28.254000+00:00,2879.0,"[0.2, 0.1, 0.0, 0.0, 0.0, 0.0, 0.0, 0.0, 0.0, 0.0, 0.0, 0.0, 0.0, 0.0, 0.0, 0.0, 0.0, 0.0, 0.0, 0.0]",0.2,0.15,24.0,15.0,True
2022-01-17 10:02:19.250000+00:00,2881.0,"[12.0, 15.9, 17.3, 18.0, 15.4, 16.5, 17.3, 16.6, 14.4, 11.4, 9.2, 10.3, 9.4, 9.0, 9.3, 7.1, 0.9, 0.0, 0.0, 0.0]",18.0,12.352941176470589,1206.0,75.0,True
2022-01-17 10:03:32.250000+00:00,2836.0,"[0.6, 0.6, 0.0, 0.0, 0.0, 0.0, 0.0, 0.0, 0.0, 0.0, 0.0, 0.0, 0.0, 0.0, 0.0, 0.0, 0.0, 0.0, 0.0, 0.0]",0.6,0.6,26.0,15.0,False
2022-01-17 12:28:10.225000+00:00,2972.0,"[0.1, 0.0, 0.0, 0.0, 0.0, 0.0, 0.0, 0.0, 0.0, 0.0, 0.0, 0.0, 0.0, 0.0, 0.0, 0.0, 0.0, 0.0, 0.0, 0.0]",0.1,0.1,4.0,15.0,True
2022-01-17 12:30:04.225000+00:00,2970.0,"[1.2, 1.6, 1.9, 1.6, 1.4, 1.2, 0.6, 0.1, 0.0, 0.0, 0.0, 0.0, 0.0, 0.0, 0.0, 0.0, 0.0, 0.0, 0.0, 0.0]",1.9,1.2,107.0,15.0,True
2022-01-17 12:39:49.224000+00:00,2939.0,"[3.9, 5.5, 5.6, 5.6, 5.6, 5.7, 5.8, 5.8, 6.0, 7.5, 8.2, 7.2, 4.5, 6.4, 5.7, 6.2, 6.9, 6.1, 2.1, 0.0]",8.2,5.8052631578947365,554.0,30.0,True
2022-01-17 12:52:31.221000+00:00,2890.0,"[5.0, 7.3, 7.3, 7.7, 8.1, 8.2, 7.9, 7.7, 8.0, 7.8, 7.8, 7.6, 6.8, 6.6, 6.6, 3.1, 0.0, 0.0, 0.0, 0.0]",8.2,7.09375,708.0,45.0,True
2022-01-17 13:07:11.219000+00:00,2867.0,"[5.2, 6.5, 6.7, 6.9, 7.3, 7.3, 7.2, 6.9, 6.7, 6.7, 6.6, 6.6, 6.4, 6.7, 6.8, 6.8, 7.2, 5.9, 0.8, 0.0]",7.3,6.378947368421054,815.0,45.0,True
2022-01-17 13:22:13.216000+00:00,2860.0,"[6.4, 7.7, 7.8, 7.8, 7.9, 7.8, 7.0, 6.8, 7.9, 8.2, 7.8, 7.3, 6.8, 7.1, 6.9, 6.6, 6.3, 6.2, 1.8, 0.0]",8.2,6.9526315789473685,828.0,45.0,True
2022-01-17 13:34:20.214000+00:00,2871.0,"[5.8, 7.5, 7.7, 7.3, 7.1, 7.1, 7.2, 7.2, 7.8, 8.2, 9.1, 8.5, 8.0, 7.9, 3.3, 0.0, 0.0, 0.0, 0.0, 0.0]",9.1,7.313333333333333,668.0,45.0,False
2022-01-17 13:35:48.214000+00:00,2860.0,"[0.5, 1.3, 0.4, 0.2, 0.0, 0.0, 0.0, 0.0, 0.0, 0.0, 0.0, 0.0, 0.0, 0.0, 0.0, 0.0, 0.0, 0.0, 0.0, 0.0]",1.3,0.6000000000000001,53.0,15.0,True
2022-01-17 13:36:01.214000+00:00,2861.0,"[0.2, 0.0, 0.0, 0.0, 0.0, 0.0, 0.0, 0.0, 0.0, 0.0, 0.0, 0.0, 0.0, 0.0, 0.0, 0.0, 0.0, 0.0, 0.0, 0.0]",0.2,0.2,6.0,15.0,True
2022-01-17 13:56:46.211000+00:00,2878.0,"[9.8, 13.0, 12.2, 12.3, 12.0, 12.0, 11.5, 10.9, 11.7, 12.5, 12.5, 12.6, 12.5, 12.5, 12.6, 11.3, 2.6, 0.0, 0.0, 0.0]",13.0,11.441176470588236,1214.0,75.0,True
2022-01-17 13:59:52.210000+00:00,2862.0,"[0.3, 0.6, 0.0, 0.0, 0.0, 0.0, 0.0, 0.0, 0.0, 0.0, 0.0, 0.0, 0.0, 0.0, 0.0, 0.0, 0.0, 0.0, 0.0, 0.0]",0.6,0.4499999999999999,27.0,15.0,True
2022-01-17 14:14:50.208000+00:00,2881.0,"[8.3, 10.7, 10.7, 10.3, 9.9, 9.0, 8.9, 9.8, 9.5, 9.2, 9.3, 8.6, 8.2, 8.4, 8.3, 8.2, 8.0, 7.7, 7.6, 4.0]",10.7,8.73,885.0,45.0,True
2022-01-17 14:27:40.206000+00:00,2867.0,"[6.6, 8.0, 8.1, 7.7, 7.7, 7.6, 7.5, 7.7, 7.7, 7.6, 7.6, 7.5, 7.5, 7.9, 7.6, 4.1, 0.0, 0.0, 0.0, 0.0]",8.1,7.399999999999999,712.0,45.0,True
2022-01-17 14:41:18.203000+00:00,2866.0,"[5.9, 7.1, 7.0, 7.0, 7.1, 7.1, 7.7, 8.0, 7.9, 7.6, 7.5, 7.6, 7.6, 7.6, 7.7, 8.2, 3.8, 0.0, 0.0, 0.0]",8.2,7.199999999999999,755.0,45.0,False
2022-01-17 15:18:39.197000+00:00,2859.0,"[3.1, 5.1, 5.2, 5.3, 5.3, 5.3, 5.3, 5.2, 5.3, 5.2, 5.3, 5.2, 5.3, 5.3, 5.3, 5.3, 5.3, 5.3, 3.3, 0.0]",5.3,5.047368421052632,1380.0,75.0,True
2022-01-17 15:42:08.193000+00:00,2860.0,"[4.5, 5.3, 5.3, 5.3, 5.3, 5.3, 5.3, 5.3, 5.3, 5.3, 5.3, 5.3, 5.2, 5.2, 5.2, 5.3, 5.3, 4.1, 0.0, 0.0]",5.3,5.172222222222221,1341.0,75.0,True
2022-01-17 16:05:36.189000+00:00,2860.0,"[4.2, 5.3, 5.3, 5.3, 5.3, 5.3, 5.3, 5.3, 5.3, 5.3, 5.3, 5.2, 5.3, 5.3, 5.3, 5.2, 5.3, 4.5, 0.0, 0.0]",5.3,5.183333333333334,1349.0,75.0,True
2022-01-17 16:29:14.185000+00:00,2858.0,"[4.0, 5.2, 5.3, 5.2, 5.3, 5.2, 5.3, 5.3, 5.3, 5.3, 5.3, 5.3, 5.3, 5.3, 5.2, 5.3, 5.3, 4.6, 0.1, 0.0]",5.3,4.9,1351.0,75.0,True
2022-01-17 16:54:25.181000+00:00,2856.0,"[4.5, 5.3, 5.3, 5.3, 5.2, 5.3, 5.3, 5.3, 5.3, 5.3, 5.3, 5.3, 5.3, 5.3, 5.3, 5.3, 5.3, 5.3, 5.3, 1.1]",5.3,5.044999999999999,1442.0,75.0,True
2022-01-17 17:20:24.176000+00:00,2851.0,"[4.3, 5.3, 5.3, 5.2, 5.3, 5.3, 5.3, 5.3, 5.3, 5.3, 5.3, 5.3, 5.3, 5.3, 5.3, 5.3, 5.3, 5.3, 5.3, 4.3]",5.3,5.194999999999999,1485.0,75.0,True
2022-01-17 17:43:49.173000+00:00,2845.0,"[4.2, 5.4, 5.3, 5.3, 5.4, 5.3, 5.4, 5.4, 5.4, 5.4, 5.4, 5.4, 5.4, 5.4, 5.4, 5.4, 5.4, 4.1, 0.0, 0.0]",5.4,5.2444444444444445,1334.0,75.0,True
2022-01-17 18:07:19.169000+00:00,2844.0,"[3.6, 5.4, 5.4, 5.4, 5.4, 5.4, 5.4, 5.4, 5.4, 5.4, 5.4, 5.4, 5.4, 5.4, 5.4, 5.4, 5.5, 3.8, 0.0, 0.0]",5.5,5.216666666666667,1337.0,75.0,True
2022-01-17 18:30:37.165000+00:00,2844.0,"[3.5, 5.4, 5.4, 5.4, 5.4, 5.5, 5.4, 5.4, 5.4, 5.4, 5.5, 5.5, 5.4, 5.5, 5.5, 5.5, 5.5, 4.1, 0.0, 0.0]",5.5,5.26111111111111,1330.0,75.0,True
2022-01-17 18:54:36.161000+00:00,2843.0,"[4.2, 5.4, 5.4, 5.4, 5.4, 5.4, 5.4, 5.5, 5.4, 5.4, 5.4, 5.4, 5.4, 5.5, 5.5, 5.5, 5.5, 5.3, 1.7, 0.0]",5.5,5.163157894736842,1363.0,75.0,True
2022-01-17 19:19:59.156000+00:00,2842.0,"[4.7, 5.5, 5.5, 5.5, 5.5, 5.5, 5.5, 5.5, 5.5, 5.5, 5.5, 5.5, 5.5, 5.5, 5.5, 5.5, 5.5, 5.5, 5.5, 1.9]",5.5,5.28,1445.0,75.0,True
2022-01-17 19:44:35.152000+00:00,2842.0,"[4.8, 5.5, 5.5, 5.6, 5.6, 5.5, 5.5, 5.5, 5.5, 5.5, 5.5, 5.6, 5.6, 5.6, 5.6, 5.6, 5.6, 5.5, 3.8, 0.0]",5.6,5.41578947368421,1413.0,75.0,False
2022-01-17 20:36:10.144000+00:00,2838.0,"[5.1, 5.6, 5.6, 5.6, 5.6, 5.6, 5.5, 5.6, 5.6, 5.6, 5.6, 5.6, 5.6, 5.6, 5.6, 5.6, 5.6, 5.6, 5.6, 4.2]",5.6,5.499999999999999,1491.0,75.0,True
2022-01-17 21:01:39.140000+00:00,2836.0,"[4.1, 5.6, 5.7, 5.7, 5.7, 5.7, 5.7, 5.7, 5.6, 5.6, 5.6, 5.7, 5.7, 5.6, 5.7, 5.7, 5.6, 5.7, 5.6, 3.4]",5.7,5.47,1455.0,75.0,True
2022-01-17 21:28:00.135000+00:00,2834.0,"[5.1, 5.7, 5.7, 5.7, 5.7, 5.6, 5.7, 5.7, 5.6, 5.7, 5.7, 5.7, 5.7, 5.7, 5.7, 5.7, 4.3, 0.0, 0.0, 0.0]",5.7,5.570588235294117,1508.0,90.0,True
2022-01-17 21:52:42.131000+00:00,2832.0,"[3.6, 5.6, 5.7, 5.7, 5.7, 5.7, 5.7, 5.7, 5.7, 5.7, 5.7, 5.7, 5.7, 5.7, 5.7, 5.7, 5.7, 5.7, 3.6, 0.0]",5.7,5.473684210526316,1411.0,75.0,True
2022-01-17 22:20:42.127000+00:00,2813.0,"[4.7, 5.7, 5.7, 5.7, 5.7, 5.7, 5.7, 5.7, 5.7, 5.7, 5.7, 5.7, 5.7, 5.7, 5.7, 5.7, 5.7, 4.6, 0.0, 0.0]",5.7,5.583333333333333,1613.0,90.0,True
2022-01-17 22:46:37.123000+00:00,2803.0,"[3.9, 5.7, 5.7, 5.7, 5.7, 5.8, 5.7, 5.7, 5.7, 5.7, 5.7, 5.7, 5.7, 5.7, 5.7, 5.7, 5.7, 5.7, 5.7, 4.3]",5.8,5.545,1481.0,75.0,True
2022-01-17 23:13:13.119000+00:00,2807.0,"[4.9, 5.7, 5.7, 5.7, 5.7, 5.7, 5.7, 5.6, 5.6, 5.7, 5.7, 5.7, 5.7, 5.7, 5.7, 5.7, 4.8, 0.0, 0.0, 0.0]",5.7,5.588235294117647,1527.0,90.0,True
2022-01-17 23:39:49.115000+00:00,2812.0,"[4.9, 5.7, 5.7, 5.7, 5.7, 5.7, 5.7, 5.6, 5.7, 5.6, 5.6, 5.7, 5.7, 5.6, 5.7, 5.6, 4.8, 0.0, 0.0, 0.0]",5.7,5.570588235294117,1527.0,90.0,True
2022-01-18 00:09:40.110000+00:00,2814.0,"[4.8, 5.6, 5.6, 5.6, 5.6, 5.6, 5.6, 5.6, 5.6, 5.6, 5.6, 5.6, 5.6, 5.6, 5.6, 5.6, 5.6, 5.6, 5.5, 1.4]",5.6,5.345,1721.0,90.0,True
2022-01-18 00:35:55.106000+00:00,2810.0,"[5.0, 5.7, 5.7, 5.7, 5.7, 5.6, 5.6, 5.6, 5.6, 5.6, 5.7, 5.7, 5.6, 5.6, 5.6, 5.6, 4.1, 0.0, 0.0, 0.0]",5.7,5.511764705882352,1506.0,90.0,True
2022-01-18 01:01:44.102000+00:00,2803.0,"[4.5, 5.6, 5.5, 5.6, 5.6, 5.5, 5.6, 5.6, 5.5, 5.6, 5.6, 5.5, 5.5, 5.5, 5.5, 5.5, 5.5, 5.6, 5.6, 4.1]",5.6,5.424999999999999,1481.0,75.0,True
2022-01-18 01:28:11.097000+00:00,2802.0,"[4.9, 5.5, 5.5, 5.5, 5.5, 5.5, 5.6, 5.5, 5.5, 5.5, 5.5, 5.6, 5.6, 5.5, 5.5, 5.5, 3.9, 0.0, 0.0, 0.0]",5.6,5.388235294117648,1517.0,90.0,True
2022-01-18 01:32:05.097000+00:00,2800.0,"[2.9, 4.7, 5.5, 5.7, 5.4, 5.1, 4.4, 3.0, 1.5, 0.2, 0.0, 0.0, 0.0, 0.0, 0.0, 0.0, 0.0, 0.0, 0.0, 0.0]",5.7,3.84,142.0,15.0,True
2022-01-18 01:40:09.095000+00:00,2813.0,"[5.7, 7.8, 8.2, 9.6, 9.6, 9.6, 9.6, 9.6, 9.6, 9.6, 9.6, 9.6, 9.4, 6.9, 4.0, 1.0, 0.0, 0.0, 0.0, 0.0]",9.6,8.0875,465.0,30.0,True
2022-01-18 01:40:46.095000+00:00,2801.0,"[0.3, 0.2, 0.0, 0.0, 0.0, 0.0, 0.0, 0.0, 0.0, 0.0, 0.0, 0.0, 0.0, 0.0, 0.0, 0.0, 0.0, 0.0, 0.0, 0.0]",0.3,0.25,28.0,15.0,False
2022-01-18 01:49:19.094000+00:00,2803.0,"[0.4, 0.6, 0.5, 0.2, 0.3, 0.2, 0.6, 0.3, 0.2, 0.2, 0.2, 0.2, 0.1, 0.0, 0.0, 0.0, 0.0, 0.0, 0.0, 0.0]",0.6,0.3076923076923077,188.0,15.0,True
2022-01-18 01:53:31.093000+00:00,2817.0,"[4.4, 8.3, 10.9, 12.3, 12.3, 12.5, 12.3, 11.4, 10.5, 9.8, 8.7, 6.9, 5.4, 4.2, 2.3, 0.4, 0.0, 0.0, 0.0, 0.0]",12.5,8.287500000000001,232.0,15.0,False
2022-01-18 02:00:48.092000+00:00,2804.0,"[0.2, 0.2, 0.3, 0.2, 0.0, 0.0, 0.0, 0.0, 0.0, 0.0, 0.0, 0.0, 0.0, 0.0, 0.0, 0.0, 0.0, 0.0, 0.0, 0.0]",0.3,0.2249999999999999,56.0,15.0,False
2022-01-18 02:37:38.086000+00:00,2806.0,"[0.5, 0.3, 0.0, 0.0, 0.0, 0.0, 0.0, 0.0, 0.0, 0.0, 0.0, 0.0, 0.0, 0.0, 0.0, 0.0, 0.0, 0.0, 0.0, 0.0]",0.5,0.4,26.0,15.0,False
2022-01-18 02:41:44.646000+00:00,2808.0,"[0.2, 0.0, 0.0, 0.0, 0.0, 0.0, 0.0, 0.0, 0.0, 0.0, 0.0, 0.0, 0.0, 0.0, 0.0, 0.0, 0.0, 0.0, 0.0, 0.0]",0.2,0.2,10.0,15.0,False
2022-01-18 03:06:48.081000+00:00,2807.0,"[0.2, 0.0, 0.0, 0.0, 0.0, 0.0, 0.0, 0.0, 0.0, 0.0, 0.0, 0.0, 0.0, 0.0, 0.0, 0.0, 0.0, 0.0, 0.0, 0.0]",0.2,0.2,6.0,15.0,False
2022-01-18 03:09:27.642000+00:00,2810.0,"[0.4, 0.4, 0.3, 0.3, 0.2, 0.0, 0.0, 0.0, 0.0, 0.0, 0.0, 0.0, 0.0, 0.0, 0.0, 0.0, 0.0, 0.0, 0.0, 0.0]",0.4,0.32,71.0,15.0,False
2022-01-18 03:15:25.641000+00:00,2816.0,"[0.1, 0.0, 0.0, 0.0, 0.0, 0.0, 0.0, 0.0, 0.0, 0.0, 0.0, 0.0, 0.0, 0.0, 0.0, 0.0, 0.0, 0.0, 0.0, 0.0]",0.1,0.1,7.0,15.0,False
2022-01-18 04:14:54.070000+00:00,2812.0,"[0.6, 0.5, 0.0, 0.0, 0.0, 0.0, 0.0, 0.0, 0.0, 0.0, 0.0, 0.0, 0.0, 0.0, 0.0, 0.0, 0.0, 0.0, 0.0, 0.0]",0.6,0.55,28.0,15.0,True
2022-01-18 04:15:19.070000+00:00,2815.0,"[0.2, 0.1, 0.0, 0.0, 0.0, 0.0, 0.0, 0.0, 0.0, 0.0, 0.0, 0.0, 0.0, 0.0, 0.0, 0.0, 0.0, 0.0, 0.0, 0.0]",0.2,0.15,17.0,15.0,True
2022-01-18 04:17:01.070000+00:00,2820.0,"[0.4, 0.4, 0.3, 0.2, 0.3, 0.2, 0.1, 0.0, 0.0, 0.0, 0.0, 0.0, 0.0, 0.0, 0.0, 0.0, 0.0, 0.0, 0.0, 0.0]",0.4,0.2714285714285714,95.0,15.0,True
2022-01-18 04:18:07.070000+00:00,2826.0,"[0.3, 0.3, 0.4, 0.2, 0.0, 0.0, 0.0, 0.0, 0.0, 0.0, 0.0, 0.0, 0.0, 0.0, 0.0, 0.0, 0.0, 0.0, 0.0, 0.0]",0.4,0.3,59.0,15.0,True
2022-01-18 04:18:51.070000+00:00,2831.0,"[0.3, 0.2, 0.1, 0.0, 0.0, 0.0, 0.0, 0.0, 0.0, 0.0, 0.0, 0.0, 0.0, 0.0, 0.0, 0.0, 0.0, 0.0, 0.0, 0.0]",0.3,0.1999999999999999,36.0,15.0,True
2022-01-18 04:46:06.065000+00:00,2838.0,"[9.2, 10.7, 11.7, 12.2, 11.6, 12.4, 12.4, 12.1, 12.4, 12.3, 12.3, 12.3, 12.3, 12.3, 12.3, 12.3, 12.4, 8.1, 0.0, 0.0]",12.4,11.738888888888887,1613.0,90.0,True
2022-01-18 04:47:37.065000+00:00,2809.0,"[0.2, 0.2, 0.0, 0.0, 0.0, 0.0, 0.0, 0.0, 0.0, 0.0, 0.0, 0.0, 0.0, 0.0, 0.0, 0.0, 0.0, 0.0, 0.0, 0.0]",0.2,0.2,34.0,15.0,True
2022-01-18 04:49:29.065000+00:00,2817.0,"[0.2, 0.5, 0.5, 0.3, 0.3, 0.2, 0.1, 0.0, 0.0, 0.0, 0.0, 0.0, 0.0, 0.0, 0.0, 0.0, 0.0, 0.0, 0.0, 0.0]",0.5,0.3,103.0,15.0,False
2022-01-18 04:54:18.064000+00:00,2836.0,"[0.5, 0.8, 0.7, 0.8, 0.4, 0.4, 0.6, 0.3, 0.0, 0.0, 0.0, 0.0, 0.0, 0.0, 0.0, 0.0, 0.0, 0.0, 0.0, 0.0]",0.8,0.5625,121.0,15.0,True
2022-01-18 04:55:06.064000+00:00,2840.0,"[0.3, 0.4, 0.3, 0.0, 0.0, 0.0, 0.0, 0.0, 0.0, 0.0, 0.0, 0.0, 0.0, 0.0, 0.0, 0.0, 0.0, 0.0, 0.0, 0.0]",0.4,0.3333333333333333,39.0,15.0,True
2022-01-18 05:06:23.062000+00:00,2856.0,"[7.5, 18.2, 19.3, 17.7, 15.4, 15.4, 14.9, 15.1, 16.3, 17.0, 16.2, 15.4, 12.0, 6.1, 1.0, 0.0, 0.0, 0.0, 0.0, 0.0]",19.3,13.833333333333334,643.0,45.0,True
2022-01-18 05:24:49.059000+00:00,2840.0,"[8.7, 14.6, 15.3, 13.1, 11.8, 12.1, 12.2, 12.1, 12.2, 12.2, 12.2, 12.2, 12.1, 12.2, 12.1, 10.9, 5.9, 0.6, 0.0, 0.0]",15.3,11.25,1026.0,60.0,True
2022-01-18 05:25:11.059000+00:00,2809.0,"[0.1, 0.0, 0.0, 0.0, 0.0, 0.0, 0.0, 0.0, 0.0, 0.0, 0.0, 0.0, 0.0, 0.0, 0.0, 0.0, 0.0, 0.0, 0.0, 0.0]",0.1,0.1,5.0,15.0,False
2022-01-18 05:26:01.059000+00:00,2814.0,"[0.3, 0.1, 0.0, 0.0, 0.0, 0.0, 0.0, 0.0, 0.0, 0.0, 0.0, 0.0, 0.0, 0.0, 0.0, 0.0, 0.0, 0.0, 0.0, 0.0]",0.3,0.2,17.0,15.0,True
2022-01-18 05:26:34.059000+00:00,2817.0,"[0.4, 0.4, 0.0, 0.0, 0.0, 0.0, 0.0, 0.0, 0.0, 0.0, 0.0, 0.0, 0.0, 0.0, 0.0, 0.0, 0.0, 0.0, 0.0, 0.0]",0.4,0.4,25.0,15.0,True
2022-01-18 05:27:36.059000+00:00,2820.0,"[0.5, 0.4, 0.5, 0.2, 0.0, 0.0, 0.0, 0.0, 0.0, 0.0, 0.0, 0.0, 0.0, 0.0, 0.0, 0.0, 0.0, 0.0, 0.0, 0.0]",0.5,0.3999999999999999,54.0,15.0,False
2022-01-18 05:34:01.057000+00:00,2842.0,"[0.7, 0.7, 1.5, 0.9, 0.4, 0.4, 0.9, 0.8, 0.0, 0.0, 0.0, 0.0, 0.0, 0.0, 0.0, 0.0, 0.0, 0.0, 0.0, 0.0]",1.5,0.7875,115.0,15.0,False
2022-01-18 05:41:56.056000+00:00,2836.0,"[0.7, 0.6, 0.3, 0.2, 0.3, 0.7, 0.5, 0.5, 0.3, 0.0, 0.0, 0.0, 0.0, 0.0, 0.0, 0.0, 0.0, 0.0, 0.0, 0.0]",0.7,0.4555555555555555,131.0,15.0,False
2022-01-18 05:46:56.055000+00:00,2839.0,"[0.3, 0.2, 0.2, 0.2, 0.3, 0.2, 0.2, 0.0, 0.0, 0.0, 0.0, 0.0, 0.0, 0.0, 0.0, 0.0, 0.0, 0.0, 0.0, 0.0]",0.3,0.2285714285714285,108.0,15.0,True
2022-01-18 05:47:25.055000+00:00,2840.0,"[0.3, 0.1, 0.0, 0.0, 0.0, 0.0, 0.0, 0.0, 0.0, 0.0, 0.0, 0.0, 0.0, 0.0, 0.0, 0.0, 0.0, 0.0, 0.0, 0.0]",0.3,0.2,19.0,15.0,True
2022-01-18 05:50:20.055000+00:00,2840.0,"[0.3, 0.3, 0.3, 0.3, 0.3, 0.5, 0.6, 0.4, 0.3, 0.2, 0.4, 0.2, 0.0, 0.0, 0.0, 0.0, 0.0, 0.0, 0.0, 0.0]",0.6,0.3416666666666666,168.0,15.0,True
2022-01-18 05:52:51.054000+00:00,2838.0,"[0.4, 0.5, 0.4, 0.3, 0.2, 0.2, 0.4, 0.5, 0.4, 0.2, 0.0, 0.0, 0.0, 0.0, 0.0, 0.0, 0.0, 0.0, 0.0, 0.0]",0.5,0.35,144.0,15.0,False
2022-01-18 05:55:01.054000+00:00,2837.0,"[0.2, 0.2, 0.2, 0.0, 0.0, 0.0, 0.0, 0.0, 0.0, 0.0, 0.0, 0.0, 0.0, 0.0, 0.0, 0.0, 0.0, 0.0, 0.0, 0.0]",0.2,0.2,39.0,15.0,True
2022-01-18 05:57:24.054000+00:00,2836.0,"[0.2, 0.5, 0.3, 0.2, 0.2, 0.2, 0.2, 0.2, 0.1, 0.0, 0.0, 0.0, 0.0, 0.0, 0.0, 0.0, 0.0, 0.0, 0.0, 0.0]",0.5,0.2333333333333333,136.0,15.0,True
2022-01-18 05:58:52.053000+00:00,2834.0,"[0.2, 0.2, 0.1, 0.3, 0.3, 0.1, 0.0, 0.0, 0.0, 0.0, 0.0, 0.0, 0.0, 0.0, 0.0, 0.0, 0.0, 0.0, 0.0, 0.0]",0.3,0.2,81.0,15.0,True
2022-01-18 05:59:25.053000+00:00,2833.0,"[0.3, 0.2, 0.0, 0.0, 0.0, 0.0, 0.0, 0.0, 0.0, 0.0, 0.0, 0.0, 0.0, 0.0, 0.0, 0.0, 0.0, 0.0, 0.0, 0.0]",0.3,0.25,26.0,15.0,True
2022-01-18 06:00:08.053000+00:00,2834.0,"[0.2, 0.2, 0.1, 0.0, 0.0, 0.0, 0.0, 0.0, 0.0, 0.0, 0.0, 0.0, 0.0, 0.0, 0.0, 0.0, 0.0, 0.0, 0.0, 0.0]",0.2,0.1666666666666666,35.0,15.0,True
2022-01-18 06:13:38.051000+00:00,2839.0,"[7.8, 11.3, 11.3, 10.3, 10.2, 9.9, 9.5, 9.3, 8.6, 7.4, 7.1, 7.4, 8.1, 7.8, 7.9, 8.0, 7.0, 2.2, 0.0, 0.0]",11.3,8.394444444444444,797.0,45.0,True
2022-01-18 06:37:35.047000+00:00,2845.0,"[6.9, 9.6, 10.1, 10.6, 12.7, 12.4, 12.7, 12.0, 12.4, 12.4, 12.4, 12.4, 12.4, 12.4, 12.4, 12.4, 12.4, 9.6, 0.5, 0.0]",12.7,10.984210526315788,1353.0,75.0,True
2022-01-18 06:38:16.047000+00:00,2824.0,"[0.2, 0.0, 0.0, 0.0, 0.0, 0.0, 0.0, 0.0, 0.0, 0.0, 0.0, 0.0, 0.0, 0.0, 0.0, 0.0, 0.0, 0.0, 0.0, 0.0]",0.2,0.2,8.0,15.0,True
2022-01-18 06:38:36.047000+00:00,2826.0,"[0.2, 0.0, 0.0, 0.0, 0.0, 0.0, 0.0, 0.0, 0.0, 0.0, 0.0, 0.0, 0.0, 0.0, 0.0, 0.0, 0.0, 0.0, 0.0, 0.0]",0.2,0.2,12.0,15.0,True
2022-01-18 06:38:59.047000+00:00,2828.0,"[0.1, 0.0, 0.0, 0.0, 0.0, 0.0, 0.0, 0.0, 0.0, 0.0, 0.0, 0.0, 0.0, 0.0, 0.0, 0.0, 0.0, 0.0, 0.0, 0.0]",0.1,0.1,14.0,15.0,True
2022-01-18 07:06:57.042000+00:00,2841.0,"[11.5, 12.0, 11.9, 12.4, 12.6, 12.5, 12.5, 12.6, 12.6, 12.5, 11.9, 12.2, 12.3, 12.3, 12.3, 12.3, 12.2, 9.3, 0.0, 0.0]",12.6,12.105555555555556,1616.0,90.0,True
2022-01-18 07:36:30.037000+00:00,2825.0,"[9.8, 11.7, 11.8, 11.6, 11.8, 12.0, 12.6, 12.6, 12.6, 12.6, 12.6, 12.6, 12.6, 12.6, 12.6, 12.6, 12.6, 12.6, 7.4, 0.0]",12.6,11.963157894736842,1677.0,90.0,True
2022-01-18 08:09:04.032000+00:00,2823.0,"[10.9, 12.1, 12.3, 12.3, 12.3, 12.3, 12.3, 12.3, 12.3, 12.3, 12.3, 12.3, 12.3, 12.4, 12.3, 6.5, 0.0, 0.0, 0.0, 0.0]",12.4,11.843750000000002,1853.0,105.0,False
2022-01-18 09:15:52.021000+00:00,2789.0,"[0.1, 0.0, 0.0, 0.0, 0.0, 0.0, 0.0, 0.0, 0.0, 0.0, 0.0, 0.0, 0.0, 0.0, 0.0, 0.0, 0.0, 0.0, 0.0, 0.0]",0.1,0.1,3.0,15.0,False
2022-01-18 09:18:03.021000+00:00,2800.0,"[0.5, 0.3, 0.8, 1.2, 1.3, 0.8, 0.2, 0.0, 0.0, 0.0, 0.0, 0.0, 0.0, 0.0, 0.0, 0.0, 0.0, 0.0, 0.0, 0.0]",1.3,0.7285714285714285,95.0,15.0,False
2022-01-18 09:27:47.019000+00:00,2873.0,"[0.4, 0.6, 0.0, 0.0, 0.0, 0.0, 0.0, 0.0, 0.0, 0.0, 0.0, 0.0, 0.0, 0.0, 0.0, 0.0, 0.0, 0.0, 0.0, 0.0]",0.6,0.5,31.0,15.0,True
2022-01-18 09:29:53.019000+00:00,2885.0,"[0.3, 0.4, 0.3, 0.3, 0.3, 0.1, 0.0, 0.0, 0.0, 0.0, 0.0, 0.0, 0.0, 0.0, 0.0, 0.0, 0.0, 0.0, 0.0, 0.0]",0.4,0.2833333333333334,88.0,15.0,True
2022-01-18 09:31:37.579000+00:00,2892.0,"[0.3, 0.3, 0.3, 0.1, 0.1, 0.1, 0.1, 0.0, 0.0, 0.0, 0.0, 0.0, 0.0, 0.0, 0.0, 0.0, 0.0, 0.0, 0.0, 0.0]",0.3,0.1857142857142857,93.0,15.0,True
2022-01-18 09:33:04.018000+00:00,2896.0,"[0.4, 0.7, 0.8, 0.6, 0.3, 0.2, 0.0, 0.0, 0.0, 0.0, 0.0, 0.0, 0.0, 0.0, 0.0, 0.0, 0.0, 0.0, 0.0, 0.0]",0.8,0.5,80.0,15.0,False
2022-01-18 09:51:32.015000+00:00,2854.0,"[0.4, 0.3, 0.0, 0.0, 0.0, 0.0, 0.0, 0.0, 0.0, 0.0, 0.0, 0.0, 0.0, 0.0, 0.0, 0.0, 0.0, 0.0, 0.0, 0.0]",0.4,0.35,19.0,15.0,False
2022-01-18 10:00:39.013000+00:00,2899.0,"[0.6, 0.4, 0.0, 0.0, 0.0, 0.0, 0.0, 0.0, 0.0, 0.0, 0.0, 0.0, 0.0, 0.0, 0.0, 0.0, 0.0, 0.0, 0.0, 0.0]",0.6,0.5,29.0,15.0,False
2022-01-18 10:13:45.011000+00:00,2857.0,"[0.4, 0.0, 0.0, 0.0, 0.0, 0.0, 0.0, 0.0, 0.0, 0.0, 0.0, 0.0, 0.0, 0.0, 0.0, 0.0, 0.0, 0.0, 0.0, 0.0]",0.4,0.4,9.0,15.0,False
2022-01-18 10:42:19.006000+00:00,2852.0,"[0.3, 0.0, 0.0, 0.0, 0.0, 0.0, 0.0, 0.0, 0.0, 0.0, 0.0, 0.0, 0.0, 0.0, 0.0, 0.0, 0.0, 0.0, 0.0, 0.0]",0.3,0.3,13.0,15.0,False
2022-01-18 11:05:30.003000+00:00,2882.0,"[0.2, 0.2, 0.3, 0.4, 0.7, 0.4, 0.6, 0.6, 0.3, 0.4, 0.1, 0.0, 0.0, 0.0, 0.0, 0.0, 0.0, 0.0, 0.0, 0.0]",0.7,0.3818181818181818,152.0,15.0,False
2022-01-18 11:17:25.001000+00:00,2877.0,"[0.2, 0.0, 0.0, 0.0, 0.0, 0.0, 0.0, 0.0, 0.0, 0.0, 0.0, 0.0, 0.0, 0.0, 0.0, 0.0, 0.0, 0.0, 0.0, 0.0]",0.2,0.2,9.0,15.0,False
2022-01-18 11:25:00.999000+00:00,2889.0,"[2.1, 3.2, 3.6, 4.3, 5.6, 7.5, 7.6, 6.7, 7.4, 7.3, 6.2, 5.4, 5.3, 3.4, 1.2, 0.4, 0.1, 0.0, 0.0, 0.0]",7.6,4.547058823529411,241.0,15.0,False
2022-01-18 11:50:53.995000+00:00,2874.0,"[6.8, 8.2, 8.7, 8.5, 8.6, 8.2, 7.9, 7.4, 7.0, 7.1, 7.4, 7.3, 7.7, 7.3, 7.2, 7.5, 4.8, 0.2, 0.0, 0.0]",8.7,7.1,766.0,45.0,False
2022-01-18 11:51:19.995000+00:00,2863.0,"[0.1, 0.0, 0.0, 0.0, 0.0, 0.0, 0.0, 0.0, 0.0, 0.0, 0.0, 0.0, 0.0, 0.0, 0.0, 0.0, 0.0, 0.0, 0.0, 0.0]",0.1,0.1,4.0,15.0,False
2022-01-18 12:01:05.993000+00:00,2870.0,"[0.1, 0.0, 0.0, 0.0, 0.0, 0.0, 0.0, 0.0, 0.0, 0.0, 0.0, 0.0, 0.0, 0.0, 0.0, 0.0, 0.0, 0.0, 0.0, 0.0]",0.1,0.1,4.0,15.0,True
2022-01-18 12:15:54.991000+00:00,2870.0,"[6.0, 7.1, 7.3, 7.3, 7.1, 6.6, 6.4, 6.3, 6.6, 6.9, 6.6, 6.7, 7.6, 7.7, 7.6, 7.3, 7.2, 7.3, 5.1, 0.0]",7.7,6.878947368421052,853.0,45.0,True
2022-01-18 12:28:06.989000+00:00,2856.0,"[6.5, 6.5, 6.7, 6.7, 6.7, 7.7, 7.4, 7.5, 7.7, 7.7, 7.4, 7.2, 7.5, 7.5, 5.7, 0.6, 0.0, 0.0, 0.0, 0.0]",7.7,6.6875,681.0,45.0,True
2022-01-18 12:41:06.987000+00:00,2856.0,"[6.3, 7.7, 8.0, 7.9, 8.5, 8.7, 8.1, 7.9, 8.5, 8.7, 9.0, 8.8, 8.5, 8.4, 7.9, 5.6, 0.2, 0.0, 0.0, 0.0]",9.0,7.570588235294117,722.0,45.0,False
2022-01-18 13:12:30.982000+00:00,2827.0,"[0.1, 0.0, 0.0, 0.0, 0.0, 0.0, 0.0, 0.0, 0.0, 0.0, 0.0, 0.0, 0.0, 0.0, 0.0, 0.0, 0.0, 0.0, 0.0, 0.0]",0.1,0.1,5.0,15.0,True
2022-01-18 13:26:57.980000+00:00,2843.0,"[5.9, 6.7, 6.7, 6.6, 6.7, 6.9, 7.1, 7.1, 7.1, 7.2, 6.7, 7.1, 7.0, 7.6, 7.3, 7.1, 6.4, 4.1, 0.0, 0.0]",7.6,6.738888888888889,794.0,45.0,True
2022-01-18 13:40:22.977000+00:00,2848.0,"[4.7, 6.6, 7.2, 7.5, 6.7, 6.5, 6.7, 6.8, 6.7, 6.1, 6.1, 6.6, 6.7, 6.6, 6.7, 6.5, 2.0, 0.0, 0.0, 0.0]",7.5,6.276470588235294,740.0,45.0,True
2022-01-18 13:41:29.977000+00:00,2843.0,"[0.8, 1.3, 0.4, 0.0, 0.0, 0.0, 0.0, 0.0, 0.0, 0.0, 0.0, 0.0, 0.0, 0.0, 0.0, 0.0, 0.0, 0.0, 0.0, 0.0]",1.3,0.8333333333333334,38.0,15.0,True
2022-01-18 13:41:44.977000+00:00,2844.0,"[0.2, 0.0, 0.0, 0.0, 0.0, 0.0, 0.0, 0.0, 0.0, 0.0, 0.0, 0.0, 0.0, 0.0, 0.0, 0.0, 0.0, 0.0, 0.0, 0.0]",0.2,0.2,7.0,15.0,False
2022-01-18 13:57:13.975000+00:00,2846.0,"[0.2, 0.0, 0.0, 0.0, 0.0, 0.0, 0.0, 0.0, 0.0, 0.0, 0.0, 0.0, 0.0, 0.0, 0.0, 0.0, 0.0, 0.0, 0.0, 0.0]",0.2,0.2,6.0,15.0,False
2022-01-18 13:58:03.975000+00:00,2849.0,"[0.4, 0.1, 0.0, 0.0, 0.0, 0.0, 0.0, 0.0, 0.0, 0.0, 0.0, 0.0, 0.0, 0.0, 0.0, 0.0, 0.0, 0.0, 0.0, 0.0]",0.4,0.25,18.0,15.0,True
2022-01-18 14:08:57.973000+00:00,2860.0,"[5.8, 8.5, 8.3, 8.3, 8.1, 8.1, 8.0, 7.8, 7.5, 8.0, 7.6, 6.3, 5.8, 3.5, 0.0, 0.0, 0.0, 0.0, 0.0, 0.0]",8.5,7.257142857142857,627.0,45.0,False
2022-01-18 14:44:56.967000+00:00,2852.0,"[4.0, 5.3, 5.3, 5.4, 5.4, 5.3, 5.3, 5.3, 5.3, 5.3, 5.3, 5.3, 5.3, 5.4, 5.4, 5.1, 0.6, 0.0, 0.0, 0.0]",5.4,4.958823529411764,1206.0,75.0,False
2022-01-18 15:27:23.960000+00:00,2849.0,"[4.6, 5.3, 5.3, 5.3, 5.3, 5.3, 5.3, 5.3, 5.3, 5.3, 5.3, 5.3, 5.3, 5.3, 5.3, 5.3, 5.3, 5.3, 3.7, 0.0]",5.3,5.178947368421052,1413.0,75.0,True
2022-01-18 15:52:36.956000+00:00,2845.0,"[4.2, 5.3, 5.3, 5.3, 5.3, 5.3, 5.3, 5.3, 5.3, 5.3, 5.3, 5.3, 5.3, 5.2, 5.3, 5.3, 5.2, 5.3, 5.3, 2.7]",5.3,5.105,1451.0,75.0,True
2022-01-18 16:18:55.952000+00:00,2845.0,"[4.5, 5.3, 5.3, 5.3, 5.2, 5.2, 5.3, 5.3, 5.3, 5.3, 5.2, 5.3, 5.3, 5.3, 5.3, 5.3, 4.4, 0.0, 0.0, 0.0]",5.3,5.182352941176471,1515.0,90.0,False
2022-01-18 17:35:23.939000+00:00,2840.0,"[3.9, 5.3, 5.3, 5.3, 5.3, 5.3, 5.3, 5.3, 5.3, 5.3, 5.3, 5.3, 5.3, 5.3, 5.3, 5.3, 5.3, 5.4, 5.1, 1.0]",5.4,5.01,1437.0,75.0,True
2022-01-18 18:01:23.935000+00:00,2842.0,"[5.4, 7.1, 6.4, 7.1, 7.1, 7.1, 7.1, 7.1, 7.1, 7.1, 7.1, 7.1, 7.1, 7.1, 7.1, 7.1, 7.1, 7.1, 7.1, 5.3]",7.1,6.889999999999999,1485.0,75.0,True
2022-01-18 18:27:18.931000+00:00,2840.0,"[4.6, 6.8, 7.1, 7.2, 7.2, 7.1, 7.2, 7.1, 7.2, 7.2, 7.2, 7.1, 7.1, 7.2, 7.1, 7.2, 7.2, 7.1, 7.2, 4.6]",7.2,6.885,1479.0,75.0,True
2022-01-18 18:56:21.926000+00:00,2837.0,"[6.1, 7.2, 7.1, 7.2, 7.1, 7.2, 7.2, 7.1, 7.2, 7.2, 7.2, 7.2, 7.2, 7.2, 7.2, 7.2, 7.2, 7.2, 3.4, 0.0]",7.2,6.926315789473685,1655.0,90.0,True
2022-01-18 19:23:28.922000+00:00,2835.0,"[6.3, 7.2, 7.3, 7.2, 7.2, 7.2, 7.2, 7.2, 7.2, 7.2, 7.2, 7.2, 7.2, 7.2, 7.2, 7.2, 7.0, 1.7, 0.0, 0.0]",7.3,6.8388888888888895,1544.0,90.0,True
2022-01-18 19:48:26.918000+00:00,2832.0,"[6.2, 7.3, 7.2, 7.3, 7.2, 7.2, 7.3, 7.3, 7.3, 7.3, 7.3, 7.3, 7.3, 7.3, 7.3, 7.3, 7.3, 7.3, 4.9, 0.0]",7.3,7.1000000000000005,1416.0,75.0,True
2022-01-18 20:15:01.914000+00:00,2831.0,"[6.5, 7.3, 7.3, 7.3, 7.3, 7.3, 7.3, 7.3, 7.3, 7.3, 7.3, 7.3, 7.3, 7.3, 7.3, 7.3, 5.8, 0.0, 0.0, 0.0]",7.3,7.164705882352941,1515.0,90.0,True
2022-01-18 20:40:32.910000+00:00,2831.0,"[6.3, 7.3, 7.3, 7.3, 7.3, 7.3, 7.3, 7.3, 7.3, 7.3, 7.3, 7.3, 7.3, 7.4, 7.4, 7.4, 7.3, 7.4, 7.4, 3.2]",7.4,7.069999999999999,1452.0,75.0,True
2022-01-18 21:04:28.906000+00:00,2830.0,"[6.3, 7.4, 7.4, 7.4, 7.4, 7.4, 7.4, 7.4, 7.4, 7.4, 7.4, 7.4, 7.4, 7.4, 7.4, 7.3, 7.4, 6.9, 1.2, 0.0]",7.4,6.984210526315789,1360.0,75.0,True
2022-01-18 21:28:02.902000+00:00,2830.0,"[4.9, 7.4, 7.4, 7.4, 7.4, 7.4, 7.4, 7.4, 7.4, 7.4, 7.4, 7.4, 7.4, 7.4, 7.4, 7.5, 7.4, 5.0, 0.0, 0.0]",7.5,7.133333333333334,1339.0,75.0,True
2022-01-18 21:51:50.899000+00:00,2830.0,"[6.1, 7.4, 7.4, 7.4, 7.4, 7.4, 7.4, 7.4, 7.4, 7.4, 7.4, 7.4, 7.4, 7.4, 7.4, 7.4, 7.4, 6.8, 1.0, 0.0]",7.4,6.963157894736843,1358.0,75.0,True
2022-01-18 22:15:45.895000+00:00,2828.0,"[6.3, 7.4, 7.4, 7.4, 7.4, 7.4, 7.4, 7.4, 7.4, 7.5, 7.4, 7.4, 7.4, 7.4, 7.4, 7.4, 7.5, 7.1, 1.6, 0.0]",7.5,7.031578947368421,1363.0,75.0,False
2022-01-19 00:27:55.873000+00:00,2812.0,"[6.4, 7.4, 7.4, 7.4, 7.4, 7.4, 7.4, 7.4, 7.4, 7.4, 7.4, 7.4, 7.4, 7.4, 7.4, 7.4, 7.4, 5.2, 0.0, 0.0]",7.4,7.222222222222222,1609.0,90.0,True
2022-01-19 00:53:20.870000+00:00,2809.0,"[3.8, 5.6, 5.6, 5.6, 5.6, 5.7, 5.6, 5.6, 5.6, 5.7, 5.6, 5.6, 5.6, 5.6, 5.6, 5.6, 5.6, 5.6, 5.6, 2.5]",5.7,5.364999999999999,1457.0,75.0,True
2022-01-19 01:20:03.865000+00:00,2804.0,"[5.0, 5.6, 5.6, 5.6, 5.6, 5.6, 5.6, 5.6, 5.6, 5.6, 5.6, 5.5, 5.6, 5.6, 5.5, 5.6, 5.5, 1.5, 0.0, 0.0]",5.6,5.322222222222221,1544.0,90.0,True
2022-01-19 01:44:47.862000+00:00,2797.0,"[4.8, 5.6, 5.6, 5.6, 5.6, 5.5, 5.5, 5.5, 5.5, 5.6, 5.6, 5.5, 5.5, 5.5, 5.5, 5.5, 5.5, 5.6, 3.7, 0.0]",5.6,5.405263157894737,1413.0,75.0,True
2022-01-19 02:03:04.859000+00:00,2793.0,"[3.2, 5.5, 5.5, 5.5, 5.5, 5.5, 5.5, 5.5, 5.5, 5.5, 5.5, 5.5, 5.5, 5.5, 5.5, 5.6, 3.8, 0.0, 0.0, 0.0]",5.6,5.270588235294119,1017.0,60.0,True
2022-01-19 02:07:26.858000+00:00,2789.0,"[2.6, 4.5, 5.1, 5.8, 6.0, 5.4, 5.3, 4.1, 2.5, 1.7, 1.5, 0.6, 0.0, 0.0, 0.0, 0.0, 0.0, 0.0, 0.0, 0.0]",6.0,3.758333333333333,179.0,15.0,True
2022-01-19 02:11:51.858000+00:00,2789.0,"[0.3, 0.3, 0.3, 0.3, 0.2, 0.3, 0.4, 0.5, 0.5, 0.6, 0.4, 0.3, 0.3, 0.3, 0.2, 0.2, 0.2, 0.0, 0.0, 0.0]",0.6,0.3294117647058824,254.0,15.0,False
2022-01-19 02:19:23.856000+00:00,2801.0,"[0.6, 0.4, 0.0, 0.0, 0.0, 0.0, 0.0, 0.0, 0.0, 0.0, 0.0, 0.0, 0.0, 0.0, 0.0, 0.0, 0.0, 0.0, 0.0, 0.0]",0.6,0.5,21.0,15.0,True
2022-01-19 02:20:26.856000+00:00,2804.0,"[0.2, 0.3, 0.3, 0.0, 0.0, 0.0, 0.0, 0.0, 0.0, 0.0, 0.0, 0.0, 0.0, 0.0, 0.0, 0.0, 0.0, 0.0, 0.0, 0.0]",0.3,0.2666666666666666,36.0,15.0,True
2022-01-19 02:22:21.856000+00:00,2805.0,"[1.4, 2.4, 2.9, 3.4, 1.5, 0.2, 0.1, 0.0, 0.0, 0.0, 0.0, 0.0, 0.0, 0.0, 0.0, 0.0, 0.0, 0.0, 0.0, 0.0]",3.4,1.6999999999999995,101.0,15.0,False
2022-01-19 02:51:02.851000+00:00,2784.0,"[0.3, 0.3, 0.2, 0.1, 0.0, 0.0, 0.0, 0.0, 0.0, 0.0, 0.0, 0.0, 0.0, 0.0, 0.0, 0.0, 0.0, 0.0, 0.0, 0.0]",0.3,0.225,52.0,15.0,True
2022-01-19 02:51:55.851000+00:00,2786.0,"[0.3, 0.4, 0.1, 0.0, 0.0, 0.0, 0.0, 0.0, 0.0, 0.0, 0.0, 0.0, 0.0, 0.0, 0.0, 0.0, 0.0, 0.0, 0.0, 0.0]",0.4,0.2666666666666666,44.0,15.0,False
2022-01-19 03:02:17.850000+00:00,2800.0,"[0.3, 0.3, 0.2, 0.2, 0.2, 0.3, 0.2, 0.2, 0.0, 0.0, 0.0, 0.0, 0.0, 0.0, 0.0, 0.0, 0.0, 0.0, 0.0, 0.0]",0.3,0.2375,114.0,15.0,True
2022-01-19 03:02:39.849000+00:00,2802.0,"[0.3, 0.0, 0.0, 0.0, 0.0, 0.0, 0.0, 0.0, 0.0, 0.0, 0.0, 0.0, 0.0, 0.0, 0.0, 0.0, 0.0, 0.0, 0.0, 0.0]",0.3,0.3,15.0,15.0,True
2022-01-19 03:19:42.847000+00:00,2815.0,"[9.6, 14.0, 13.0, 13.9, 15.1, 13.6, 14.9, 12.2, 12.5, 9.5, 9.1, 10.9, 11.9, 10.7, 10.0, 9.3, 2.3, 0.0, 0.0, 0.0]",15.1,11.323529411764708,997.0,60.0,False
2022-01-19 03:36:49.844000+00:00,2807.0,"[0.4, 0.4, 0.3, 0.2, 0.1, 0.0, 0.0, 0.0, 0.0, 0.0, 0.0, 0.0, 0.0, 0.0, 0.0, 0.0, 0.0, 0.0, 0.0, 0.0]",0.4,0.28,63.0,15.0,False
2022-01-19 04:20:07.837000+00:00,2803.0,"[0.2, 0.0, 0.0, 0.0, 0.0, 0.0, 0.0, 0.0, 0.0, 0.0, 0.0, 0.0, 0.0, 0.0, 0.0, 0.0, 0.0, 0.0, 0.0, 0.0]",0.2,0.2,3.0,15.0,True
2022-01-19 04:20:25.837000+00:00,2805.0,"[0.3, 0.0, 0.0, 0.0, 0.0, 0.0, 0.0, 0.0, 0.0, 0.0, 0.0, 0.0, 0.0, 0.0, 0.0, 0.0, 0.0, 0.0, 0.0, 0.0]",0.3,0.3,11.0,15.0,True
2022-01-19 04:20:47.837000+00:00,2806.0,"[0.2, 0.0, 0.0, 0.0, 0.0, 0.0, 0.0, 0.0, 0.0, 0.0, 0.0, 0.0, 0.0, 0.0, 0.0, 0.0, 0.0, 0.0, 0.0, 0.0]",0.2,0.2,15.0,15.0,False
2022-01-19 04:21:45.837000+00:00,2808.0,"[0.2, 0.2, 0.1, 0.0, 0.0, 0.0, 0.0, 0.0, 0.0, 0.0, 0.0, 0.0, 0.0, 0.0, 0.0, 0.0, 0.0, 0.0, 0.0, 0.0]",0.2,0.1666666666666666,32.0,15.0,True
2022-01-19 04:22:43.398000+00:00,2810.0,"[0.3, 0.5, 0.3, 0.2, 0.0, 0.0, 0.0, 0.0, 0.0, 0.0, 0.0, 0.0, 0.0, 0.0, 0.0, 0.0, 0.0, 0.0, 0.0, 0.0]",0.5,0.325,51.0,15.0,False
2022-01-19 04:45:33.833000+00:00,2803.0,"[10.7, 14.2, 11.9, 11.8, 11.6, 11.5, 11.8, 12.0, 12.0, 12.1, 12.1, 12.0, 12.0, 12.0, 12.0, 12.0, 10.0, 1.7, 0.0, 0.0]",14.2,11.3,1287.0,75.0,True
2022-01-19 05:05:58.830000+00:00,2800.0,"[10.4, 13.2, 12.2, 11.8, 12.0, 11.9, 12.1, 12.1, 12.1, 12.1, 12.1, 12.0, 12.1, 12.1, 11.8, 12.7, 14.1, 12.3, 5.2, 0.0]",14.1,11.805263157894736,1125.0,60.0,False
2022-01-19 05:23:27.827000+00:00,2801.0,"[0.4, 0.3, 0.0, 0.0, 0.0, 0.0, 0.0, 0.0, 0.0, 0.0, 0.0, 0.0, 0.0, 0.0, 0.0, 0.0, 0.0, 0.0, 0.0, 0.0]",0.4,0.35,32.0,15.0,False
2022-01-19 05:39:45.825000+00:00,2820.0,"[0.1, 0.0, 0.0, 0.0, 0.0, 0.0, 0.0, 0.0, 0.0, 0.0, 0.0, 0.0, 0.0, 0.0, 0.0, 0.0, 0.0, 0.0, 0.0, 0.0]",0.1,0.1,5.0,15.0,True
2022-01-19 05:40:08.825000+00:00,2823.0,"[0.3, 0.0, 0.0, 0.0, 0.0, 0.0, 0.0, 0.0, 0.0, 0.0, 0.0, 0.0, 0.0, 0.0, 0.0, 0.0, 0.0, 0.0, 0.0, 0.0]",0.3,0.3,15.0,15.0,False
2022-01-19 05:47:46.824000+00:00,2854.0,"[0.3, 0.3, 0.2, 0.1, 0.2, 0.2, 0.2, 0.1, 0.3, 0.2, 0.2, 0.2, 0.3, 0.2, 0.1, 0.0, 0.0, 0.0, 0.0, 0.0]",0.3,0.2066666666666667,212.0,15.0,False
2022-01-19 05:51:40.823000+00:00,2873.0,"[0.5, 0.7, 0.7, 0.5, 0.4, 0.4, 0.3, 0.3, 0.1, 0.0, 0.0, 0.0, 0.0, 0.0, 0.0, 0.0, 0.0, 0.0, 0.0, 0.0]",0.7,0.4333333333333333,123.0,15.0,True
2022-01-19 05:53:38.823000+00:00,2879.0,"[0.2, 0.2, 0.1, 0.3, 0.4, 0.3, 0.1, 0.1, 0.0, 0.0, 0.0, 0.0, 0.0, 0.0, 0.0, 0.0, 0.0, 0.0, 0.0, 0.0]",0.4,0.2125,110.0,15.0,True
2022-01-19 06:17:10.819000+00:00,2862.0,"[9.2, 13.0, 12.1, 12.1, 12.2, 12.2, 12.2, 12.2, 12.2, 12.1, 12.2, 12.2, 12.1, 12.2, 12.2, 12.2, 12.2, 11.8, 4.4, 0.0]",13.0,11.63157894736842,1391.0,75.0,False
2022-01-19 06:36:31.816000+00:00,2846.0,"[0.3, 0.4, 0.3, 0.2, 0.0, 0.0, 0.0, 0.0, 0.0, 0.0, 0.0, 0.0, 0.0, 0.0, 0.0, 0.0, 0.0, 0.0, 0.0, 0.0]",0.4,0.3,52.0,15.0,False
2022-01-19 06:55:20.813000+00:00,2856.0,"[0.5, 0.5, 0.3, 0.0, 0.0, 0.0, 0.0, 0.0, 0.0, 0.0, 0.0, 0.0, 0.0, 0.0, 0.0, 0.0, 0.0, 0.0, 0.0, 0.0]",0.5,0.4333333333333333,43.0,15.0,False
2022-01-19 07:12:58.810000+00:00,2853.0,"[0.0, 0.0, 0.0, 0.0, 0.0, 0.0, 0.0, 0.0, 0.0, 0.0, 0.0, 0.0, 0.0, 0.0, 0.0, 0.0, 0.0, 0.0, 0.0, 0.0]",0.0,0.0,2.0,15.0,True
2022-01-19 07:27:45.807000+00:00,2869.0,"[5.9, 6.6, 6.6, 6.5, 7.0, 6.8, 6.7, 6.7, 6.6, 6.5, 6.4, 6.4, 6.3, 6.7, 6.4, 6.3, 6.4, 6.4, 5.1, 0.7]",7.0,6.15,861.0,45.0,False
2022-01-19 07:53:44.803000+00:00,2887.0,"[5.5, 8.1, 7.8, 7.2, 6.9, 6.8, 6.9, 6.8, 6.7, 6.7, 6.6, 7.6, 7.5, 6.2, 1.1, 0.0, 0.0, 0.0, 0.0, 0.0]",8.1,6.56,648.0,45.0,True
2022-01-19 08:07:05.801000+00:00,2892.0,"[6.2, 7.7, 7.9, 7.9, 8.1, 7.9, 7.9, 8.3, 8.7, 9.1, 9.4, 9.6, 10.5, 11.5, 11.8, 6.7, 1.2, 0.0, 0.0, 0.0]",11.8,8.258823529411764,732.0,45.0,True
2022-01-19 08:07:42.361000+00:00,2865.0,"[0.3, 0.2, 0.0, 0.0, 0.0, 0.0, 0.0, 0.0, 0.0, 0.0, 0.0, 0.0, 0.0, 0.0, 0.0, 0.0, 0.0, 0.0, 0.0, 0.0]",0.3,0.25,30.0,15.0,True
2022-01-19 08:08:37.801000+00:00,2869.0,"[0.3, 0.2, 0.1, 0.0, 0.0, 0.0, 0.0, 0.0, 0.0, 0.0, 0.0, 0.0, 0.0, 0.0, 0.0, 0.0, 0.0, 0.0, 0.0, 0.0]",0.3,0.1999999999999999,47.0,15.0,True
2022-01-19 08:09:13.800000+00:00,2874.0,"[0.3, 0.1, 0.0, 0.0, 0.0, 0.0, 0.0, 0.0, 0.0, 0.0, 0.0, 0.0, 0.0, 0.0, 0.0, 0.0, 0.0, 0.0, 0.0, 0.0]",0.3,0.2,24.0,15.0,True
2022-01-19 08:09:54.801000+00:00,2880.0,"[0.3, 0.1, 0.0, 0.0, 0.0, 0.0, 0.0, 0.0, 0.0, 0.0, 0.0, 0.0, 0.0, 0.0, 0.0, 0.0, 0.0, 0.0, 0.0, 0.0]",0.3,0.2,22.0,15.0,False
2022-01-19 08:31:27.358000+00:00,2887.0,"[10.5, 16.1, 16.0, 15.9, 15.5, 15.3, 15.6, 15.9, 15.5, 15.3, 15.9, 15.7, 14.5, 15.1, 15.2, 15.2, 14.8, 14.8, 11.1, 2.3]",16.1,14.310000000000002,1174.0,60.0,False
2022-01-19 08:32:19.797000+00:00,2837.0,"[0.2, 0.0, 0.0, 0.0, 0.0, 0.0, 0.0, 0.0, 0.0, 0.0, 0.0, 0.0, 0.0, 0.0, 0.0, 0.0, 0.0, 0.0, 0.0, 0.0]",0.2,0.2,16.0,15.0,True
2022-01-19 08:34:09.796000+00:00,2850.0,"[1.1, 1.8, 0.9, 0.0, 0.0, 0.0, 0.0, 0.0, 0.0, 0.0, 0.0, 0.0, 0.0, 0.0, 0.0, 0.0, 0.0, 0.0, 0.0, 0.0]",1.8,1.2666666666666668,45.0,15.0,False
2022-01-19 09:43:11.785000+00:00,2900.0,"[10.9, 12.0, 12.5, 12.6, 12.6, 12.7, 12.7, 12.7, 12.7, 12.7, 12.7, 12.7, 12.7, 12.7, 12.7, 12.5, 4.7, 0.0, 0.0, 0.0]",12.7,12.04705882352941,1948.0,105.0,False
2022-01-19 09:46:29.784000+00:00,2894.0,"[0.1, 0.1, 0.1, 0.1, 0.0, 0.0, 0.0, 0.0, 0.0, 0.0, 0.0, 0.0, 0.0, 0.0, 0.0, 0.0, 0.0, 0.0, 0.0, 0.0]",0.1,0.1,51.0,15.0,False
2022-01-19 10:14:01.780000+00:00,2871.0,"[0.2, 0.0, 0.0, 0.0, 0.0, 0.0, 0.0, 0.0, 0.0, 0.0, 0.0, 0.0, 0.0, 0.0, 0.0, 0.0, 0.0, 0.0, 0.0, 0.0]",0.2,0.2,14.0,15.0,False
2022-01-19 10:55:23.773000+00:00,2930.0,"[5.6, 6.7, 6.8, 7.1, 7.8, 8.4, 7.8, 7.8, 8.2, 7.7, 8.0, 8.0, 7.9, 8.0, 7.7, 7.5, 2.4, 0.0, 0.0, 0.0]",8.4,7.258823529411764,753.0,45.0,True
2022-01-19 11:08:37.771000+00:00,2928.0,"[6.1, 7.4, 7.3, 7.1, 7.2, 7.2, 7.2, 7.1, 7.2, 7.1, 7.0, 6.7, 6.7, 6.9, 7.1, 5.2, 0.2, 0.0, 0.0, 0.0]",7.4,6.511764705882353,731.0,45.0,True
2022-01-19 11:24:53.768000+00:00,2941.0,"[6.8, 8.6, 7.7, 7.4, 7.2, 7.4, 7.6, 7.7, 7.6, 7.1, 7.2, 7.2, 7.7, 7.7, 7.8, 7.5, 6.8, 6.6, 6.7, 2.8]",8.6,7.154999999999999,880.0,45.0,True
2022-01-19 11:25:05.768000+00:00,2921.0,"[0.1, 0.0, 0.0, 0.0, 0.0, 0.0, 0.0, 0.0, 0.0, 0.0, 0.0, 0.0, 0.0, 0.0, 0.0, 0.0, 0.0, 0.0, 0.0, 0.0]",0.1,0.1,5.0,15.0,True
2022-01-19 11:26:27.768000+00:00,2931.0,"[1.2, 1.3, 0.5, 0.0, 0.0, 0.0, 0.0, 0.0, 0.0, 0.0, 0.0, 0.0, 0.0, 0.0, 0.0, 0.0, 0.0, 0.0, 0.0, 0.0]",1.3,1.0,39.0,15.0,True
2022-01-19 11:27:33.767000+00:00,2935.0,"[0.5, 0.6, 0.4, 0.2, 0.0, 0.0, 0.0, 0.0, 0.0, 0.0, 0.0, 0.0, 0.0, 0.0, 0.0, 0.0, 0.0, 0.0, 0.0, 0.0]",0.6,0.425,59.0,15.0,True
2022-01-19 11:28:02.767000+00:00,2939.0,"[0.4, 0.1, 0.0, 0.0, 0.0, 0.0, 0.0, 0.0, 0.0, 0.0, 0.0, 0.0, 0.0, 0.0, 0.0, 0.0, 0.0, 0.0, 0.0, 0.0]",0.4,0.25,22.0,15.0,True
2022-01-19 11:30:42.767000+00:00,2945.0,"[0.2, 0.4, 0.3, 0.3, 0.3, 0.2, 0.2, 0.3, 0.1, 0.0, 0.0, 0.0, 0.0, 0.0, 0.0, 0.0, 0.0, 0.0, 0.0, 0.0]",0.4,0.2555555555555556,146.0,15.0,True
2022-01-19 11:31:04.767000+00:00,2951.0,"[0.1, 0.0, 0.0, 0.0, 0.0, 0.0, 0.0, 0.0, 0.0, 0.0, 0.0, 0.0, 0.0, 0.0, 0.0, 0.0, 0.0, 0.0, 0.0, 0.0]",0.1,0.1,13.0,15.0,False
2022-01-19 11:53:35.763000+00:00,2947.0,"[7.9, 10.9, 10.7, 9.5, 9.0, 8.5, 8.4, 8.7, 8.0, 7.8, 7.4, 6.9, 6.7, 6.5, 6.3, 6.2, 6.3, 2.3, 0.0, 0.0]",10.9,7.666666666666667,800.0,45.0,False
2022-01-19 12:07:20.761000+00:00,2915.0,"[0.3, 0.0, 0.0, 0.0, 0.0, 0.0, 0.0, 0.0, 0.0, 0.0, 0.0, 0.0, 0.0, 0.0, 0.0, 0.0, 0.0, 0.0, 0.0, 0.0]",0.3,0.3,11.0,15.0,True
2022-01-19 12:08:30.761000+00:00,2917.0,"[0.4, 0.4, 0.2, 0.2, 0.1, 0.0, 0.0, 0.0, 0.0, 0.0, 0.0, 0.0, 0.0, 0.0, 0.0, 0.0, 0.0, 0.0, 0.0, 0.0]",0.4,0.26,63.0,15.0,True
2022-01-19 12:08:57.761000+00:00,2922.0,"[0.4, 0.0, 0.0, 0.0, 0.0, 0.0, 0.0, 0.0, 0.0, 0.0, 0.0, 0.0, 0.0, 0.0, 0.0, 0.0, 0.0, 0.0, 0.0, 0.0]",0.4,0.4,14.0,15.0,False
2022-01-19 12:33:20.756000+00:00,2964.0,"[0.3, 0.1, 0.1, 0.2, 0.1, 5.7, 8.9, 8.5, 8.9, 7.9, 7.9, 8.2, 7.4, 7.9, 8.4, 8.9, 8.5, 5.1, 0.8, 0.0]",8.9,5.463157894736842,819.0,45.0,False
2022-01-19 12:34:15.756000+00:00,2927.0,"[0.4, 0.2, 0.0, 0.0, 0.0, 0.0, 0.0, 0.0, 0.0, 0.0, 0.0, 0.0, 0.0, 0.0, 0.0, 0.0, 0.0, 0.0, 0.0, 0.0]",0.4,0.3,22.0,15.0,True
2022-01-19 12:34:41.756000+00:00,2927.0,"[0.3, 0.1, 0.0, 0.0, 0.0, 0.0, 0.0, 0.0, 0.0, 0.0, 0.0, 0.0, 0.0, 0.0, 0.0, 0.0, 0.0, 0.0, 0.0, 0.0]",0.3,0.2,19.0,15.0,True
2022-01-19 12:43:10.755000+00:00,2931.0,"[5.6, 8.2, 7.7, 7.7, 7.5, 7.2, 7.1, 7.0, 6.8, 8.3, 9.2, 9.4, 9.6, 9.6, 8.5, 5.0, 0.8, 0.0, 0.0, 0.0]",9.6,7.364705882352942,496.0,30.0,True
2022-01-19 12:43:32.755000+00:00,2911.0,"[0.4, 0.0, 0.0, 0.0, 0.0, 0.0, 0.0, 0.0, 0.0, 0.0, 0.0, 0.0, 0.0, 0.0, 0.0, 0.0, 0.0, 0.0, 0.0, 0.0]",0.4,0.4,15.0,15.0,True
2022-01-19 12:43:58.755000+00:00,2912.0,"[0.3, 0.1, 0.0, 0.0, 0.0, 0.0, 0.0, 0.0, 0.0, 0.0, 0.0, 0.0, 0.0, 0.0, 0.0, 0.0, 0.0, 0.0, 0.0, 0.0]",0.3,0.2,19.0,15.0,False
2022-01-19 16:00:39.722000+00:00,2902.0,"[4.8, 5.3, 5.3, 5.3, 5.3, 5.3, 5.3, 5.3, 5.3, 5.3, 5.3, 5.3, 5.3, 5.3, 5.3, 5.3, 1.9, 0.0, 0.0, 0.0]",5.3,5.070588235294117,1214.0,75.0,True
2022-01-19 16:22:57.718000+00:00,2893.0,"[4.1, 5.3, 5.3, 5.3, 5.3, 5.3, 5.3, 5.3, 5.3, 5.2, 5.3, 5.3, 5.3, 5.3, 5.2, 5.3, 4.1, 0.0, 0.0, 0.0]",5.3,5.147058823529411,1267.0,75.0,True
2022-01-19 16:45:21.714000+00:00,2885.0,"[4.2, 5.3, 5.3, 5.3, 5.3, 5.3, 5.3, 5.3, 5.3, 5.3, 5.3, 5.3, 5.3, 5.3, 5.3, 5.3, 4.3, 0.1, 0.0, 0.0]",5.3,4.894444444444443,1276.0,75.0,True
2022-01-19 17:06:35.711000+00:00,2882.0,"[3.4, 5.2, 5.3, 5.3, 5.3, 5.3, 5.3, 5.3, 5.3, 5.3, 5.3, 5.3, 5.3, 5.3, 5.3, 4.6, 0.3, 0.0, 0.0, 0.0]",5.3,4.847058823529411,1203.0,75.0,True
2022-01-19 17:21:32.708000+00:00,2885.0,"[2.5, 2.5, 3.9, 6.2, 7.1, 7.0, 7.0, 7.1, 7.1, 7.2, 7.1, 7.2, 7.1, 7.2, 7.2, 7.1, 7.1, 7.2, 5.1, 0.2]",7.2,6.005,859.0,45.0,True
2022-01-19 17:45:07.705000+00:00,2884.0,"[6.3, 7.0, 7.0, 7.0, 7.1, 7.0, 7.0, 7.1, 7.0, 7.0, 7.0, 7.0, 7.0, 7.1, 7.1, 7.0, 7.1, 5.6, 0.0, 0.0]",7.1,6.91111111111111,1348.0,75.0,True
2022-01-19 18:10:50.700000+00:00,2880.0,"[6.2, 7.1, 7.0, 7.0, 7.1, 7.1, 7.1, 7.0, 7.1, 7.1, 7.1, 7.1, 7.1, 7.1, 7.1, 7.1, 7.1, 7.1, 7.1, 4.0]",7.1,6.885,1465.0,75.0,True
2022-01-19 18:33:14.697000+00:00,2877.0,"[6.2, 7.1, 7.1, 7.2, 7.1, 7.1, 7.1, 7.1, 7.1, 7.1, 7.1, 7.1, 7.1, 7.1, 7.2, 7.1, 5.1, 0.0, 0.0, 0.0]",7.2,6.941176470588236,1268.0,75.0,True
2022-01-19 18:56:19.693000+00:00,2874.0,"[6.3, 7.3, 7.2, 7.3, 7.3, 7.3, 7.2, 7.3, 7.3, 7.2, 7.2, 7.3, 7.2, 7.3, 7.3, 7.3, 7.2, 2.0, 0.0, 0.0]",7.3,6.916666666666668,1297.0,75.0,True
2022-01-19 19:17:44.690000+00:00,2872.0,"[6.0, 7.2, 7.2, 7.2, 7.2, 7.2, 7.2, 7.2, 7.2, 7.2, 7.2, 7.2, 7.2, 7.2, 7.2, 6.2, 0.5, 0.0, 0.0, 0.0]",7.2,6.676470588235294,1207.0,75.0,True
2022-01-19 19:41:40.686000+00:00,2871.0,"[6.1, 7.2, 7.2, 7.3, 7.2, 7.2, 7.2, 7.2, 7.2, 7.2, 7.2, 7.2, 7.3, 7.3, 7.2, 7.3, 7.3, 5.6, 0.0, 0.0]",7.3,7.0777777777777775,1347.0,75.0,True
2022-01-19 20:03:50.682000+00:00,2870.0,"[6.2, 7.3, 7.3, 7.3, 7.3, 7.3, 7.3, 7.2, 7.2, 7.3, 7.3, 7.3, 7.3, 7.3, 7.3, 7.3, 4.4, 0.0, 0.0, 0.0]",7.3,7.052941176470589,1253.0,75.0,True
2022-01-19 20:28:36.678000+00:00,2868.0,"[6.3, 7.3, 7.3, 7.3, 7.3, 7.3, 7.3, 7.3, 7.3, 7.3, 7.3, 7.3, 7.3, 7.3, 7.3, 7.3, 7.3, 7.3, 4.9, 0.0]",7.3,7.121052631578948,1405.0,75.0,True
2022-01-19 20:52:18.675000+00:00,2867.0,"[6.1, 7.4, 7.3, 7.4, 7.4, 7.4, 7.4, 7.4, 7.4, 7.4, 7.4, 7.4, 7.4, 7.4, 7.4, 7.4, 7.4, 5.2, 0.0, 0.0]",7.4,7.199999999999999,1344.0,75.0,True
2022-01-19 21:16:53.671000+00:00,2865.0,"[6.2, 7.4, 7.3, 7.4, 7.4, 7.3, 7.3, 7.4, 7.4, 7.4, 7.4, 7.4, 7.4, 7.4, 7.4, 7.4, 7.4, 7.4, 4.9, 0.0]",7.4,7.189473684210528,1394.0,75.0,True
2022-01-19 21:41:39.667000+00:00,2863.0,"[6.2, 7.4, 7.4, 7.4, 7.4, 7.4, 7.4, 7.4, 7.4, 7.4, 7.4, 7.4, 7.4, 7.4, 7.4, 7.4, 7.4, 7.5, 5.3, 0.0]",7.5,7.231578947368423,1408.0,75.0,True
2022-01-19 22:05:06.663000+00:00,2862.0,"[5.9, 7.4, 7.4, 7.4, 7.4, 7.4, 7.4, 7.5, 7.5, 7.5, 7.4, 7.5, 7.4, 7.4, 7.4, 7.4, 7.5, 5.0, 0.0, 0.0]",7.5,7.211111111111112,1320.0,75.0,True
2022-01-19 22:29:02.659000+00:00,2861.0,"[5.6, 7.5, 7.5, 7.4, 7.5, 7.5, 7.5, 7.5, 7.5, 7.5, 7.5, 7.5, 7.5, 7.5, 7.5, 7.5, 7.5, 6.2, 0.2, 0.0]",7.5,6.942105263157893,1353.0,75.0,True
2022-01-19 22:53:09.655000+00:00,2860.0,"[6.4, 7.6, 7.5, 7.5, 7.5, 7.5, 7.5, 7.5, 7.5, 7.5, 7.5, 7.5, 7.5, 7.5, 7.5, 7.5, 7.5, 6.6, 1.0, 0.0]",7.6,7.057894736842105,1362.0,75.0,True
2022-01-19 23:16:28.652000+00:00,2859.0,"[6.1, 7.5, 7.5, 7.5, 7.5, 7.5, 7.5, 7.5, 7.5, 7.5, 7.5, 7.5, 7.5, 7.5, 7.5, 7.5, 7.5, 3.4, 0.0, 0.0]",7.5,7.194444444444445,1312.0,75.0,True
2022-01-19 23:41:47.648000+00:00,2861.0,"[6.3, 7.6, 7.6, 7.6, 7.6, 7.6, 7.6, 7.6, 7.6, 7.6, 7.6, 7.6, 7.6, 7.6, 7.6, 7.6, 7.6, 7.6, 5.2, 0.0]",7.6,7.405263157894736,1421.0,75.0,True
2022-01-20 00:06:50.644000+00:00,2855.0,"[3.8, 5.8, 5.8, 5.7, 5.8, 5.7, 5.8, 5.8, 5.7, 5.8, 5.7, 5.8, 5.7, 5.7, 5.7, 5.7, 5.7, 5.8, 4.7, 0.0]",5.8,5.589473684210526,1423.0,75.0,True
2022-01-20 00:31:54.639000+00:00,2847.0,"[4.0, 5.7, 5.8, 5.7, 5.7, 5.7, 5.7, 5.7, 5.7, 5.7, 5.7, 5.7, 5.7, 5.7, 5.7, 5.7, 5.7, 5.7, 5.5, 1.1]",5.8,5.38,1435.0,75.0,True
2022-01-20 00:58:39.635000+00:00,2837.0,"[4.7, 5.7, 5.7, 5.7, 5.7, 5.7, 5.7, 5.7, 5.7, 5.7, 5.7, 5.7, 5.7, 5.7, 5.7, 5.7, 5.0, 0.2, 0.0, 0.0]",5.7,5.300000000000001,1534.0,90.0,True
2022-01-20 01:27:58.630000+00:00,2833.0,"[5.0, 5.6, 5.6, 5.6, 5.6, 5.7, 5.6, 5.6, 5.6, 5.6, 5.6, 5.6, 5.6, 5.6, 5.6, 5.6, 5.6, 5.6, 4.3, 0.0]",5.7,5.505263157894736,1688.0,90.0,True
2022-01-20 01:46:28.628000+00:00,2832.0,"[3.9, 5.6, 5.7, 5.6, 5.6, 5.6, 5.6, 5.7, 5.6, 5.6, 5.6, 5.6, 5.6, 5.6, 5.6, 5.6, 3.7, 0.0, 0.0, 0.0]",5.7,5.4,1016.0,60.0,True
2022-01-20 01:46:43.628000+00:00,2830.0,"[0.1, 0.0, 0.0, 0.0, 0.0, 0.0, 0.0, 0.0, 0.0, 0.0, 0.0, 0.0, 0.0, 0.0, 0.0, 0.0, 0.0, 0.0, 0.0, 0.0]",0.1,0.1,5.0,15.0,True
2022-01-20 01:47:19.627000+00:00,2831.0,"[0.1, 0.0, 0.0, 0.0, 0.0, 0.0, 0.0, 0.0, 0.0, 0.0, 0.0, 0.0, 0.0, 0.0, 0.0, 0.0, 0.0, 0.0, 0.0, 0.0]",0.1,0.1,7.0,15.0,True
2022-01-20 01:48:44.627000+00:00,2831.0,"[0.3, 0.3, 0.2, 0.3, 0.2, 0.1, 0.0, 0.0, 0.0, 0.0, 0.0, 0.0, 0.0, 0.0, 0.0, 0.0, 0.0, 0.0, 0.0, 0.0]",0.3,0.2333333333333333,78.0,15.0,True
2022-01-20 01:50:13.627000+00:00,2831.0,"[0.3, 0.4, 0.2, 0.2, 0.1, 0.1, 0.0, 0.0, 0.0, 0.0, 0.0, 0.0, 0.0, 0.0, 0.0, 0.0, 0.0, 0.0, 0.0, 0.0]",0.4,0.2166666666666666,82.0,15.0,True
2022-01-20 01:52:10.627000+00:00,2831.0,"[0.1, 0.2, 0.2, 0.1, 0.1, 0.2, 0.1, 0.0, 0.0, 0.0, 0.0, 0.0, 0.0, 0.0, 0.0, 0.0, 0.0, 0.0, 0.0, 0.0]",0.2,0.1428571428571428,95.0,15.0,True
2022-01-20 01:53:57.626000+00:00,2832.0,"[0.2, 0.2, 0.2, 0.2, 0.2, 0.1, 0.0, 0.0, 0.0, 0.0, 0.0, 0.0, 0.0, 0.0, 0.0, 0.0, 0.0, 0.0, 0.0, 0.0]",0.2,0.1833333333333333,89.0,15.0,True
2022-01-20 01:55:32.626000+00:00,2833.0,"[0.2, 0.1, 0.1, 0.0, 0.0, 0.0, 0.0, 0.0, 0.0, 0.0, 0.0, 0.0, 0.0, 0.0, 0.0, 0.0, 0.0, 0.0, 0.0, 0.0]",0.2,0.1333333333333333,39.0,15.0,True
2022-01-20 01:57:14.626000+00:00,2834.0,"[0.2, 0.2, 0.2, 0.2, 0.2, 0.1, 0.0, 0.0, 0.0, 0.0, 0.0, 0.0, 0.0, 0.0, 0.0, 0.0, 0.0, 0.0, 0.0, 0.0]",0.2,0.1833333333333333,91.0,15.0,True
2022-01-20 01:59:10.626000+00:00,2835.0,"[0.4, 0.1, 0.2, 0.1, 0.2, 0.1, 0.1, 0.0, 0.0, 0.0, 0.0, 0.0, 0.0, 0.0, 0.0, 0.0, 0.0, 0.0, 0.0, 0.0]",0.4,0.1714285714285714,101.0,15.0,False
2022-01-20 02:06:33.624000+00:00,2836.0,"[4.9, 7.0, 7.1, 7.1, 10.2, 12.7, 12.1, 12.9, 12.4, 8.4, 4.0, 1.1, 0.0, 0.0, 0.0, 0.0, 0.0, 0.0, 0.0, 0.0]",12.9,8.325000000000001,352.0,30.0,True
2022-01-20 02:06:53.624000+00:00,2806.0,"[0.2, 0.0, 0.0, 0.0, 0.0, 0.0, 0.0, 0.0, 0.0, 0.0, 0.0, 0.0, 0.0, 0.0, 0.0, 0.0, 0.0, 0.0, 0.0, 0.0]",0.2,0.2,13.0,15.0,True
2022-01-20 02:07:22.624000+00:00,2805.0,"[0.3, 0.0, 0.0, 0.0, 0.0, 0.0, 0.0, 0.0, 0.0, 0.0, 0.0, 0.0, 0.0, 0.0, 0.0, 0.0, 0.0, 0.0, 0.0, 0.0]",0.3,0.3,16.0,15.0,True
2022-01-20 02:09:55.624000+00:00,2800.0,"[0.1, 0.2, 0.2, 0.2, 0.2, 0.2, 0.2, 0.2, 0.2, 0.1, 0.0, 0.0, 0.0, 0.0, 0.0, 0.0, 0.0, 0.0, 0.0, 0.0]",0.2,0.18,142.0,15.0,False
2022-01-20 02:11:49.623000+00:00,2803.0,"[0.3, 0.2, 0.0, 0.0, 0.0, 0.0, 0.0, 0.0, 0.0, 0.0, 0.0, 0.0, 0.0, 0.0, 0.0, 0.0, 0.0, 0.0, 0.0, 0.0]",0.3,0.25,20.0,15.0,True
2022-01-20 02:26:33.621000+00:00,2796.0,"[8.2, 13.6, 12.8, 12.3, 12.1, 10.8, 11.1, 11.8, 11.8, 11.8, 11.8, 11.8, 11.8, 11.8, 11.8, 11.8, 11.0, 8.3, 3.2, 0.0]",13.6,11.031578947368422,848.0,45.0,True
2022-01-20 02:47:50.618000+00:00,2767.0,"[8.7, 12.3, 12.1, 11.9, 11.7, 11.8, 11.8, 11.9, 12.3, 12.3, 13.5, 14.0, 13.9, 11.9, 12.7, 13.9, 13.4, 13.4, 12.0, 4.1]",14.0,11.98,1181.0,60.0,True
2022-01-20 02:48:07.618000+00:00,2751.0,"[0.2, 0.0, 0.0, 0.0, 0.0, 0.0, 0.0, 0.0, 0.0, 0.0, 0.0, 0.0, 0.0, 0.0, 0.0, 0.0, 0.0, 0.0, 0.0, 0.0]",0.2,0.2,10.0,15.0,True
2022-01-20 02:48:53.618000+00:00,2754.0,"[0.5, 0.4, 0.3, 0.0, 0.0, 0.0, 0.0, 0.0, 0.0, 0.0, 0.0, 0.0, 0.0, 0.0, 0.0, 0.0, 0.0, 0.0, 0.0, 0.0]",0.5,0.3999999999999999,39.0,15.0,True
2022-01-20 02:49:10.618000+00:00,2756.0,"[0.2, 0.0, 0.0, 0.0, 0.0, 0.0, 0.0, 0.0, 0.0, 0.0, 0.0, 0.0, 0.0, 0.0, 0.0, 0.0, 0.0, 0.0, 0.0, 0.0]",0.2,0.2,9.0,15.0,True
2022-01-20 02:49:36.618000+00:00,2760.0,"[0.4, 0.0, 0.0, 0.0, 0.0, 0.0, 0.0, 0.0, 0.0, 0.0, 0.0, 0.0, 0.0, 0.0, 0.0, 0.0, 0.0, 0.0, 0.0, 0.0]",0.4,0.4,10.0,15.0,False
2022-01-20 03:10:51.614000+00:00,2772.0,"[0.2, 0.0, 0.0, 0.0, 0.0, 0.0, 0.0, 0.0, 0.0, 0.0, 0.0, 0.0, 0.0, 0.0, 0.0, 0.0, 0.0, 0.0, 0.0, 0.0]",0.2,0.2,12.0,15.0,True
2022-01-20 03:11:09.614000+00:00,2775.0,"[0.2, 0.0, 0.0, 0.0, 0.0, 0.0, 0.0, 0.0, 0.0, 0.0, 0.0, 0.0, 0.0, 0.0, 0.0, 0.0, 0.0, 0.0, 0.0, 0.0]",0.2,0.2,11.0,15.0,True
2022-01-20 03:11:49.175000+00:00,2778.0,"[0.4, 0.2, 0.0, 0.0, 0.0, 0.0, 0.0, 0.0, 0.0, 0.0, 0.0, 0.0, 0.0, 0.0, 0.0, 0.0, 0.0, 0.0, 0.0, 0.0]",0.4,0.3,25.0,15.0,False
2022-01-20 03:17:45.174000+00:00,2807.0,"[0.3, 0.3, 0.2, 0.2, 0.0, 0.0, 0.0, 0.0, 0.0, 0.0, 0.0, 0.0, 0.0, 0.0, 0.0, 0.0, 0.0, 0.0, 0.0, 0.0]",0.3,0.25,62.0,15.0,True
2022-01-20 03:18:48.613000+00:00,2812.0,"[0.3, 0.3, 0.3, 0.2, 0.0, 0.0, 0.0, 0.0, 0.0, 0.0, 0.0, 0.0, 0.0, 0.0, 0.0, 0.0, 0.0, 0.0, 0.0, 0.0]",0.3,0.2749999999999999,56.0,15.0,False
2022-01-20 03:22:21.613000+00:00,2823.0,"[0.3, 0.2, 0.2, 0.2, 0.2, 0.1, 0.1, 0.2, 0.2, 0.2, 0.0, 0.0, 0.0, 0.0, 0.0, 0.0, 0.0, 0.0, 0.0, 0.0]",0.3,0.19,140.0,15.0,True
2022-01-20 03:24:44.612000+00:00,2830.0,"[0.3, 0.2, 0.2, 0.2, 0.2, 0.2, 0.1, 0.2, 0.1, 0.0, 0.0, 0.0, 0.0, 0.0, 0.0, 0.0, 0.0, 0.0, 0.0, 0.0]",0.3,0.1888888888888889,135.0,15.0,False
2022-01-20 03:25:50.612000+00:00,2835.0,"[0.2, 0.0, 0.0, 0.0, 0.0, 0.0, 0.0, 0.0, 0.0, 0.0, 0.0, 0.0, 0.0, 0.0, 0.0, 0.0, 0.0, 0.0, 0.0, 0.0]",0.2,0.2,24.0,15.0,False
2022-01-20 03:50:47.608000+00:00,2748.0,"[0.1, 0.0, 0.0, 0.0, 0.0, 0.0, 0.0, 0.0, 0.0, 0.0, 0.0, 0.0, 0.0, 0.0, 0.0, 0.0, 0.0, 0.0, 0.0, 0.0]",0.1,0.1,5.0,15.0,True
2022-01-20 03:51:08.608000+00:00,2750.0,"[0.3, 0.0, 0.0, 0.0, 0.0, 0.0, 0.0, 0.0, 0.0, 0.0, 0.0, 0.0, 0.0, 0.0, 0.0, 0.0, 0.0, 0.0, 0.0, 0.0]",0.3,0.3,12.0,15.0,False
2022-01-20 04:16:38.604000+00:00,2719.0,"[0.3, 0.0, 0.0, 0.0, 0.0, 0.0, 0.0, 0.0, 0.0, 0.0, 0.0, 0.0, 0.0, 0.0, 0.0, 0.0, 0.0, 0.0, 0.0, 0.0]",0.3,0.3,11.0,15.0,True
2022-01-20 04:17:03.604000+00:00,2721.0,"[0.2, 0.0, 0.0, 0.0, 0.0, 0.0, 0.0, 0.0, 0.0, 0.0, 0.0, 0.0, 0.0, 0.0, 0.0, 0.0, 0.0, 0.0, 0.0, 0.0]",0.2,0.2,16.0,15.0,True
2022-01-20 04:17:47.604000+00:00,2724.0,"[0.1, 0.1, 0.1, 0.0, 0.0, 0.0, 0.0, 0.0, 0.0, 0.0, 0.0, 0.0, 0.0, 0.0, 0.0, 0.0, 0.0, 0.0, 0.0, 0.0]",0.1,0.1,36.0,15.0,False
2022-01-20 04:22:42.164000+00:00,2770.0,"[0.1, 0.1, 0.2, 0.1, 0.0, 0.0, 0.0, 0.0, 0.0, 0.0, 0.0, 0.0, 0.0, 0.0, 0.0, 0.0, 0.0, 0.0, 0.0, 0.0]",0.2,0.125,52.0,15.0,False
2022-01-20 04:26:44.602000+00:00,2805.0,"[0.2, 0.2, 0.2, 0.2, 0.2, 0.2, 0.1, 0.2, 0.2, 0.2, 0.1, 0.0, 0.0, 0.0, 0.0, 0.0, 0.0, 0.0, 0.0, 0.0]",0.2,0.1818181818181818,163.0,15.0,True
2022-01-20 04:29:09.602000+00:00,2827.0,"[0.2, 0.5, 1.0, 0.5, 0.2, 0.2, 0.2, 0.2, 0.1, 0.0, 0.0, 0.0, 0.0, 0.0, 0.0, 0.0, 0.0, 0.0, 0.0, 0.0]",1.0,0.3444444444444444,122.0,15.0,True
2022-01-20 04:29:46.602000+00:00,2836.0,"[0.1, 0.2, 0.0, 0.0, 0.0, 0.0, 0.0, 0.0, 0.0, 0.0, 0.0, 0.0, 0.0, 0.0, 0.0, 0.0, 0.0, 0.0, 0.0, 0.0]",0.2,0.15,30.0,15.0,False
2022-01-20 04:32:50.602000+00:00,2850.0,"[0.2, 0.0, 0.0, 0.0, 0.0, 0.0, 0.0, 0.0, 0.0, 0.0, 0.0, 0.0, 0.0, 0.0, 0.0, 0.0, 0.0, 0.0, 0.0, 0.0]",0.2,0.2,6.0,15.0,True
2022-01-20 04:34:24.601000+00:00,2855.0,"[0.2, 0.3, 0.3, 0.1, 0.0, 0.0, 0.0, 0.0, 0.0, 0.0, 0.0, 0.0, 0.0, 0.0, 0.0, 0.0, 0.0, 0.0, 0.0, 0.0]",0.3,0.225,59.0,15.0,False
2022-01-20 04:44:23.600000+00:00,2864.0,"[0.2, 0.3, 0.1, 0.2, 0.2, 0.2, 1.0, 0.8, 0.2, 0.6, 0.4, 0.5, 0.3, 0.2, 0.2, 0.6, 0.1, 0.0, 0.0, 0.0]",1.0,0.3588235294117647,500.0,30.0,False
2022-01-20 05:32:25.592000+00:00,2818.0,"[0.3, 0.0, 0.0, 0.0, 0.0, 0.0, 0.0, 0.0, 0.0, 0.0, 0.0, 0.0, 0.0, 0.0, 0.0, 0.0, 0.0, 0.0, 0.0, 0.0]",0.3,0.3,10.0,15.0,False
2022-01-20 05:54:48.588000+00:00,2870.0,"[0.3, 0.4, 0.2, 0.3, 0.3, 0.9, 0.3, 0.3, 0.2, 0.3, 0.3, 0.3, 0.3, 0.2, 0.3, 0.2, 0.0, 0.0, 0.0, 0.0]",0.9,0.31875,477.0,30.0,False
2022-01-20 06:11:13.586000+00:00,2852.0,"[0.2, 0.0, 0.0, 0.0, 0.0, 0.0, 0.0, 0.0, 0.0, 0.0, 0.0, 0.0, 0.0, 0.0, 0.0, 0.0, 0.0, 0.0, 0.0, 0.0]",0.2,0.2,7.0,15.0,True
2022-01-20 06:11:42.586000+00:00,2855.0,"[0.3, 0.2, 0.0, 0.0, 0.0, 0.0, 0.0, 0.0, 0.0, 0.0, 0.0, 0.0, 0.0, 0.0, 0.0, 0.0, 0.0, 0.0, 0.0, 0.0]",0.3,0.25,18.0,15.0,True
2022-01-20 06:23:09.584000+00:00,2866.0,"[4.4, 5.0, 5.1, 5.3, 5.3, 5.4, 5.3, 5.1, 4.9, 4.7, 4.5, 4.3, 4.3, 3.7, 1.0, 0.0, 0.0, 0.0, 0.0, 0.0]",5.4,4.553333333333332,640.0,45.0,True
2022-01-20 06:29:45.583000+00:00,2867.0,"[3.4, 4.2, 4.2, 4.4, 4.5, 4.4, 4.2, 3.9, 3.9, 4.2, 4.4, 2.7, 0.2, 0.0, 0.0, 0.0, 0.0, 0.0, 0.0, 0.0]",4.5,3.738461538461539,362.0,30.0,False
2022-01-20 06:41:40.581000+00:00,2869.0,"[0.3, 0.0, 0.0, 0.0, 0.0, 0.0, 0.0, 0.0, 0.0, 0.0, 0.0, 0.0, 0.0, 0.0, 0.0, 0.0, 0.0, 0.0, 0.0, 0.0]",0.3,0.3,10.0,15.0,True
2022-01-20 06:52:06.579000+00:00,2875.0,"[4.0, 4.9, 4.8, 4.9, 4.8, 4.9, 5.0, 4.9, 5.0, 4.8, 4.9, 4.9, 4.8, 4.7, 4.6, 4.7, 4.7, 4.6, 3.6, 0.7]",5.0,4.51,579.0,30.0,False
2022-01-20 07:20:35.574000+00:00,2893.0,"[2.8, 2.9, 3.0, 2.9, 2.9, 2.8, 2.9, 3.1, 2.6, 0.9, 0.0, 0.0, 0.0, 0.0, 0.0, 0.0, 0.0, 0.0, 0.0, 0.0]",3.1,2.68,142.0,15.0,False
2022-01-20 07:29:19.573000+00:00,2911.0,"[0.4, 0.0, 0.0, 0.0, 0.0, 0.0, 0.0, 0.0, 0.0, 0.0, 0.0, 0.0, 0.0, 0.0, 0.0, 0.0, 0.0, 0.0, 0.0, 0.0]",0.4,0.4,8.0,15.0,False
2022-01-20 07:41:21.571000+00:00,2918.0,"[2.5, 2.6, 2.7, 2.6, 2.5, 2.4, 2.4, 2.5, 2.4, 2.4, 0.9, 0.0, 0.0, 0.0, 0.0, 0.0, 0.0, 0.0, 0.0, 0.0]",2.7,2.3545454545454545,318.0,30.0,False
2022-01-20 07:57:07.569000+00:00,2918.0,"[2.0, 2.7, 2.6, 2.6, 2.6, 2.7, 2.8, 2.6, 1.4, 0.1, 0.0, 0.0, 0.0, 0.0, 0.0, 0.0, 0.0, 0.0, 0.0, 0.0]",2.8,2.21,137.0,15.0,False
2022-01-20 08:09:10.567000+00:00,2918.0,"[2.2, 3.0, 2.8, 2.8, 2.8, 2.6, 1.6, 0.3, 0.0, 0.0, 0.0, 0.0, 0.0, 0.0, 0.0, 0.0, 0.0, 0.0, 0.0, 0.0]",3.0,2.2625,111.0,15.0,True
2022-01-20 08:16:28.565000+00:00,2923.0,"[2.5, 2.8, 2.8, 2.9, 2.8, 2.8, 2.7, 2.8, 2.8, 2.9, 2.9, 2.8, 2.8, 1.5, 0.0, 0.0, 0.0, 0.0, 0.0, 0.0]",2.9,2.7,416.0,30.0,True
2022-01-20 08:18:23.565000+00:00,2924.0,"[2.3, 2.9, 2.9, 3.0, 3.1, 2.7, 1.4, 0.4, 0.0, 0.0, 0.0, 0.0, 0.0, 0.0, 0.0, 0.0, 0.0, 0.0, 0.0, 0.0]",3.1,2.3375,108.0,15.0,True
2022-01-20 08:25:03.564000+00:00,2927.0,"[2.5, 2.9, 2.8, 2.9, 2.9, 2.8, 2.8, 2.7, 2.7, 2.8, 2.9, 2.5, 0.8, 0.0, 0.0, 0.0, 0.0, 0.0, 0.0, 0.0]",2.9,2.615384615384615,378.0,30.0,True
2022-01-20 08:31:50.563000+00:00,2928.0,"[2.8, 2.9, 2.9, 3.0, 3.1, 3.2, 3.1, 3.1, 3.0, 3.1, 2.9, 3.0, 1.5, 0.0, 0.0, 0.0, 0.0, 0.0, 0.0, 0.0]",3.2,2.892307692307692,381.0,30.0,True
2022-01-20 08:39:22.562000+00:00,2926.0,"[2.6, 2.8, 3.0, 3.0, 3.0, 3.0, 2.8, 2.8, 2.8, 2.8, 2.9, 2.8, 2.7, 1.2, 0.0, 0.0, 0.0, 0.0, 0.0, 0.0]",3.0,2.7285714285714286,412.0,30.0,False
2022-01-20 08:44:46.561000+00:00,2924.0,"[2.8, 2.8, 2.9, 2.9, 2.9, 2.8, 2.8, 2.8, 2.8, 2.3, 0.4, 0.0, 0.0, 0.0, 0.0, 0.0, 0.0, 0.0, 0.0, 0.0]",2.9,2.563636363636363,305.0,30.0,False
2022-01-20 08:52:50.560000+00:00,2930.0,"[0.2, 0.0, 0.0, 0.0, 0.0, 0.0, 0.0, 0.0, 0.0, 0.0, 0.0, 0.0, 0.0, 0.0, 0.0, 0.0, 0.0, 0.0, 0.0, 0.0]",0.2,0.2,3.0,15.0,False
2022-01-20 09:06:14.557000+00:00,2932.0,"[2.3, 2.5, 2.6, 2.6, 2.7, 2.7, 2.7, 2.6, 2.7, 2.5, 2.8, 2.1, 0.3, 0.0, 0.0, 0.0, 0.0, 0.0, 0.0, 0.0]",2.8,2.3923076923076927,366.0,30.0,True
2022-01-20 09:14:35.556000+00:00,2934.0,"[2.6, 2.8, 3.0, 3.0, 3.1, 3.0, 2.8, 2.6, 2.7, 2.8, 2.9, 2.9, 2.9, 3.0, 2.2, 0.6, 0.0, 0.0, 0.0, 0.0]",3.1,2.6812500000000004,459.0,30.0,False
2022-01-20 09:31:45.553000+00:00,2932.0,"[0.2, 0.0, 0.0, 0.0, 0.0, 0.0, 0.0, 0.0, 0.0, 0.0, 0.0, 0.0, 0.0, 0.0, 0.0, 0.0, 0.0, 0.0, 0.0, 0.0]",0.2,0.2,3.0,15.0,False
2022-01-20 09:43:27.552000+00:00,2933.0,"[2.4, 3.3, 3.2, 3.1, 3.2, 3.2, 3.2, 3.3, 3.1, 3.4, 3.1, 3.2, 3.3, 3.1, 0.7, 0.0, 0.0, 0.0, 0.0, 0.0]",3.4,2.986666666666667,430.0,30.0,False
2022-01-20 10:03:26.548000+00:00,2928.0,"[3.2, 3.6, 3.5, 3.6, 3.7, 3.8, 3.7, 3.4, 3.4, 3.8, 3.6, 3.6, 2.8, 0.8, 0.0, 0.0, 0.0, 0.0, 0.0, 0.0]",3.8,3.3214285714285707,400.0,30.0,True
2022-01-20 10:06:39.548000+00:00,2922.0,"[1.3, 2.3, 2.4, 2.2, 2.2, 2.2, 2.0, 1.9, 2.4, 2.3, 1.7, 0.7, 0.0, 0.0, 0.0, 0.0, 0.0, 0.0, 0.0, 0.0]",2.4,1.9666666666666663,176.0,15.0,False
2022-01-20 10:38:50.543000+00:00,2915.0,"[2.9, 3.4, 3.3, 3.3, 3.3, 3.3, 3.2, 3.2, 3.2, 3.3, 3.3, 3.1, 3.3, 3.2, 3.2, 2.6, 0.6, 0.0, 0.0, 0.0]",3.4,3.041176470588235,485.0,30.0,False
2022-01-20 11:24:23.535000+00:00,2926.0,"[2.8, 3.2, 3.1, 3.1, 3.1, 3.3, 3.3, 3.3, 3.2, 3.4, 3.2, 3.2, 3.2, 1.4, 0.1, 0.0, 0.0, 0.0, 0.0, 0.0]",3.4,2.8600000000000003,423.0,30.0,True
2022-01-20 11:31:56.534000+00:00,2921.0,"[3.1, 3.5, 3.3, 3.6, 3.4, 3.3, 3.3, 3.2, 3.2, 3.1, 3.2, 3.1, 3.1, 3.0, 1.1, 0.0, 0.0, 0.0, 0.0, 0.0]",3.6,3.1000000000000005,433.0,30.0,False
2022-01-20 11:44:05.532000+00:00,2913.0,"[2.7, 3.1, 3.3, 3.2, 2.6, 3.3, 3.3, 2.9, 0.3, 2.7, 2.8, 2.8, 2.8, 2.8, 1.6, 0.0, 0.0, 0.0, 0.0, 0.0]",3.3,2.68,683.0,45.0,False
2022-01-20 12:27:36.524000+00:00,2887.0,"[0.4, 0.0, 0.0, 0.0, 0.0, 0.0, 0.0, 0.0, 0.0, 0.0, 0.0, 0.0, 0.0, 0.0, 0.0, 0.0, 0.0, 0.0, 0.0, 0.0]",0.4,0.4,14.0,15.0,False
2022-01-20 12:57:15.520000+00:00,2880.0,"[3.2, 3.5, 4.1, 7.3, 7.5, 7.5, 7.4, 7.5, 7.4, 7.4, 7.5, 7.5, 7.4, 7.4, 7.5, 7.4, 7.4, 6.1, 0.4, 0.0]",7.5,6.389473684210526,1083.0,60.0,True
2022-01-20 13:14:04.517000+00:00,2868.0,"[6.0, 7.4, 7.4, 7.4, 7.4, 7.4, 7.4, 7.4, 7.4, 7.4, 7.4, 7.4, 7.4, 7.4, 7.4, 3.7, 0.0, 0.0, 0.0, 0.0]",7.4,7.081250000000001,928.0,60.0,True
2022-01-20 13:31:58.514000+00:00,2849.0,"[5.8, 7.4, 7.4, 7.4, 7.4, 7.4, 7.4, 7.4, 7.4, 7.4, 7.5, 7.5, 7.5, 7.4, 7.5, 7.5, 5.3, 0.0, 0.0, 0.0]",7.5,7.211764705882352,1004.0,60.0,True
2022-01-20 13:46:57.512000+00:00,2833.0,"[4.5, 7.2, 7.3, 7.4, 7.4, 7.3, 7.3, 7.3, 7.3, 7.3, 7.3, 7.4, 7.4, 7.3, 7.3, 7.3, 7.3, 7.2, 2.0, 0.0]",7.4,6.884210526315789,830.0,45.0,False
2022-01-20 13:53:01.511000+00:00,2847.0,"[0.4, 0.7, 1.0, 0.5, 0.0, 0.0, 0.0, 0.0, 0.0, 0.0, 0.0, 0.0, 0.0, 0.0, 0.0, 0.0, 0.0, 0.0, 0.0, 0.0]",1.0,0.65,56.0,15.0,True
2022-01-20 14:06:27.508000+00:00,2864.0,"[5.8, 7.3, 6.9, 6.9, 7.7, 7.6, 7.3, 7.3, 7.3, 7.3, 7.3, 7.3, 7.2, 7.3, 7.2, 7.2, 7.2, 2.6, 0.0, 0.0]",7.7,6.927777777777777,796.0,45.0,True
2022-01-20 14:21:28.506000+00:00,2869.0,"[2.9, 2.8, 3.9, 4.9, 6.4, 7.3, 7.2, 7.3, 7.2, 7.2, 7.2, 7.2, 7.2, 7.2, 7.2, 7.2, 7.3, 6.8, 1.5, 0.0]",7.3,6.1000000000000005,824.0,45.0,True
2022-01-20 14:36:58.504000+00:00,2878.0,"[4.4, 7.2, 7.2, 7.3, 7.4, 7.4, 7.4, 7.4, 7.3, 7.4, 7.4, 7.3, 7.4, 7.4, 7.3, 7.4, 7.3, 7.3, 3.9, 0.0]",7.4,7.005263157894737,858.0,45.0,True
2022-01-20 14:46:01.502000+00:00,2877.0,"[3.5, 4.2, 3.1, 3.6, 4.6, 3.4, 4.3, 4.4, 4.4, 4.6, 4.7, 4.4, 3.3, 2.8, 2.8, 0.3, 0.0, 0.0, 0.0, 0.0]",4.7,3.65,466.0,30.0,True
2022-01-20 14:58:23.500000+00:00,2888.0,"[5.7, 7.2, 7.2, 7.2, 7.2, 7.2, 7.2, 7.2, 7.2, 7.2, 7.2, 7.2, 6.6, 6.0, 4.1, 1.4, 0.0, 0.0, 0.0, 0.0]",7.2,6.4375,696.0,45.0,True
2022-01-20 15:03:52.499000+00:00,2881.0,"[1.4, 1.8, 1.8, 1.3, 1.1, 1.7, 2.0, 1.3, 1.9, 2.7, 3.9, 4.8, 4.8, 4.5, 4.4, 3.2, 1.4, 0.2, 0.0, 0.0]",4.8,2.455555555555556,268.0,15.0,True
2022-01-20 15:21:23.496000+00:00,2886.0,"[4.7, 5.9, 5.4, 5.7, 5.6, 5.6, 5.6, 5.6, 5.6, 5.5, 5.6, 5.6, 5.6, 5.6, 5.6, 5.4, 3.4, 0.1, 0.0, 0.0]",5.9,5.116666666666666,1021.0,60.0,False
2022-01-20 15:28:02.495000+00:00,2885.0,"[1.8, 3.2, 3.3, 4.2, 5.2, 4.6, 3.8, 3.6, 3.7, 4.5, 5.1, 4.0, 3.6, 3.9, 4.0, 3.9, 3.0, 1.1, 0.0, 0.0]",5.2,3.6944444444444446,271.0,15.0,True
2022-01-20 15:48:41.492000+00:00,2887.0,"[3.3, 4.8, 5.4, 5.4, 5.4, 5.4, 5.4, 5.3, 5.4, 5.4, 5.4, 5.4, 5.4, 5.4, 5.4, 5.4, 5.3, 5.3, 5.4, 4.4]",5.4,5.2,1199.0,60.0,True
2022-01-20 16:09:40.488000+00:00,2888.0,"[4.5, 5.4, 5.4, 5.4, 5.3, 5.4, 5.4, 5.4, 5.3, 5.4, 5.3, 5.4, 5.3, 5.4, 5.4, 5.3, 5.4, 5.4, 5.3, 3.6]",5.4,5.235,1193.0,60.0,True
2022-01-20 16:31:20.485000+00:00,2876.0,"[4.6, 5.4, 5.3, 5.4, 5.3, 5.3, 5.3, 5.3, 5.3, 5.3, 5.3, 5.3, 5.3, 5.3, 5.3, 5.3, 3.4, 0.0, 0.0, 0.0]",5.4,5.158823529411764,1239.0,75.0,True
2022-01-20 16:52:59.481000+00:00,2874.0,"[4.7, 5.3, 5.4, 5.4, 5.4, 5.3, 5.3, 5.3, 5.3, 5.4, 5.3, 5.3, 5.4, 5.3, 5.4, 5.3, 3.1, 0.0, 0.0, 0.0]",5.4,5.170588235294116,1236.0,75.0,True
2022-01-20 17:13:05.478000+00:00,2877.0,"[3.7, 5.3, 5.4, 5.3, 5.3, 5.4, 5.4, 5.4, 5.3, 5.3, 5.4, 5.3, 5.4, 5.3, 5.4, 5.3, 5.3, 5.4, 4.8, 0.5]",5.4,4.995,1145.0,60.0,True
2022-01-20 17:33:39.475000+00:00,2878.0,"[4.6, 5.3, 5.3, 5.3, 5.3, 5.3, 5.3, 5.3, 5.4, 5.4, 5.3, 5.4, 5.3, 5.3, 5.3, 5.4, 5.4, 5.3, 5.4, 2.4]",5.4,5.15,1166.0,60.0,True
2022-01-20 17:54:17.471000+00:00,2876.0,"[4.6, 5.3, 5.3, 5.3, 5.3, 5.3, 5.3, 5.3, 5.3, 5.3, 5.3, 5.3, 5.3, 5.3, 5.3, 5.3, 5.3, 5.3, 5.3, 3.2]",5.3,5.159999999999999,1177.0,60.0,True
2022-01-20 18:15:16.468000+00:00,2872.0,"[4.4, 5.3, 5.3, 5.3, 5.3, 5.4, 5.3, 5.3, 5.3, 5.3, 5.3, 5.3, 5.3, 5.3, 5.3, 5.3, 5.3, 5.3, 5.3, 4.1]",5.4,5.199999999999999,1197.0,60.0,True
2022-01-20 18:37:03.465000+00:00,2868.0,"[4.2, 5.3, 5.3, 5.3, 5.3, 5.3, 5.3, 5.3, 5.3, 5.3, 5.3, 5.3, 5.3, 5.3, 5.4, 5.4, 3.8, 0.0, 0.0, 0.0]",5.4,5.158823529411764,1242.0,75.0,True
2022-01-20 18:37:37.465000+00:00,2863.0,"[0.2, 0.0, 0.0, 0.0, 0.0, 0.0, 0.0, 0.0, 0.0, 0.0, 0.0, 0.0, 0.0, 0.0, 0.0, 0.0, 0.0, 0.0, 0.0, 0.0]",0.2,0.2,6.0,15.0,True
2022-01-20 18:58:20.461000+00:00,2864.0,"[4.7, 5.3, 5.4, 5.4, 5.4, 5.4, 5.4, 5.4, 5.4, 5.4, 5.4, 5.4, 5.4, 5.4, 5.4, 4.7, 0.2, 0.0, 0.0, 0.0]",5.4,5.005882352941177,1203.0,75.0,True
2022-01-20 19:21:48.458000+00:00,2861.0,"[4.8, 5.4, 5.4, 5.4, 5.4, 5.4, 5.4, 5.4, 5.4, 5.4, 5.4, 5.4, 5.4, 5.4, 5.4, 5.4, 5.4, 3.7, 0.0, 0.0]",5.4,5.272222222222223,1338.0,75.0,True
2022-01-20 19:43:51.454000+00:00,2858.0,"[2.9, 5.4, 5.4, 5.4, 5.4, 5.4, 5.4, 5.4, 5.5, 5.4, 5.5, 5.5, 5.5, 5.5, 5.5, 5.5, 3.2, 0.0, 0.0, 0.0]",5.5,5.164705882352941,1247.0,75.0,True
2022-01-20 20:08:27.450000+00:00,2857.0,"[4.6, 5.5, 5.5, 5.5, 5.5, 5.5, 5.5, 5.5, 5.5, 5.5, 5.5, 5.5, 5.5, 5.5, 5.5, 5.5, 5.5, 5.5, 4.4, 0.0]",5.5,5.394736842105263,1409.0,75.0,True
2022-01-20 20:34:11.446000+00:00,2856.0,"[4.8, 5.5, 5.6, 5.5, 5.5, 5.5, 5.5, 5.6, 5.6, 5.6, 5.6, 5.5, 5.6, 5.6, 5.6, 5.6, 5.6, 5.6, 5.6, 3.6]",5.6,5.429999999999999,1466.0,75.0,True
2022-01-20 20:59:12.442000+00:00,2854.0,"[4.9, 5.5, 5.5, 5.5, 5.6, 5.6, 5.6, 5.5, 5.5, 5.6, 5.5, 5.6, 5.6, 5.5, 5.5, 5.6, 5.6, 5.6, 4.8, 0.0]",5.6,5.478947368421052,1425.0,75.0,True
2022-01-20 21:25:00.438000+00:00,2852.0,"[4.7, 5.6, 5.6, 5.6, 5.6, 5.6, 5.6, 5.7, 5.6, 5.7, 5.6, 5.7, 5.6, 5.6, 5.6, 5.7, 5.7, 5.7, 5.7, 3.6]",5.7,5.49,1466.0,75.0,False
2022-01-20 21:50:44.434000+00:00,2850.0,"[4.9, 5.6, 5.6, 5.6, 5.6, 5.6, 5.6, 5.6, 5.7, 5.6, 5.6, 5.6, 5.6, 5.7, 5.6, 5.6, 5.7, 5.6, 5.7, 3.7]",5.7,5.49,1467.0,75.0,True
2022-01-20 22:16:15.430000+00:00,2848.0,"[4.9, 5.7, 5.7, 5.6, 5.7, 5.7, 5.7, 5.7, 5.7, 5.7, 5.7, 5.7, 5.7, 5.7, 5.6, 5.7, 5.7, 5.7, 5.7, 2.4]",5.7,5.485000000000001,1456.0,75.0,True
2022-01-20 22:44:37.426000+00:00,2849.0,"[5.0, 5.6, 5.7, 5.7, 5.7, 5.7, 5.7, 5.7, 5.7, 5.7, 5.7, 5.7, 5.7, 5.7, 5.7, 5.7, 5.7, 4.6, 0.0, 0.0]",5.7,5.594444444444445,1615.0,90.0,True
2022-01-20 23:11:29.421000+00:00,2854.0,"[5.0, 5.7, 5.7, 5.7, 5.7, 5.7, 5.7, 5.7, 5.7, 5.7, 5.7, 5.7, 5.7, 5.7, 5.7, 5.7, 5.4, 0.7, 0.0, 0.0]",5.7,5.366666666666667,1536.0,90.0,True
2022-01-20 23:36:21.417000+00:00,2857.0,"[4.8, 5.7, 5.7, 5.7, 5.7, 5.7, 5.7, 5.8, 5.7, 5.7, 5.7, 5.7, 5.8, 5.7, 5.7, 5.7, 5.8, 5.8, 4.6, 0.0]",5.8,5.6157894736842096,1420.0,75.0,True
2022-01-21 00:04:24.413000+00:00,2853.0,"[5.1, 5.7, 5.7, 5.7, 5.8, 5.7, 5.7, 5.8, 5.7, 5.7, 5.7, 5.7, 5.7, 5.7, 5.8, 5.7, 5.7, 4.6, 0.0, 0.0]",5.8,5.622222222222223,1600.0,90.0,True
2022-01-21 00:30:58.409000+00:00,2847.0,"[4.8, 5.8, 5.7, 5.8, 5.7, 5.7, 5.7, 5.8, 5.7, 5.7, 5.8, 5.7, 5.7, 5.7, 5.7, 5.7, 5.7, 5.7, 5.7, 4.1]",5.8,5.595000000000001,1491.0,75.0,True
2022-01-21 00:59:56.404000+00:00,2848.0,"[4.9, 5.7, 5.7, 5.8, 5.7, 5.7, 5.7, 5.7, 5.7, 5.7, 5.7, 5.7, 5.7, 5.7, 5.7, 5.7, 5.7, 5.7, 3.3, 0.0]",5.8,5.536842105263158,1656.0,90.0,True
2022-01-21 01:28:26.400000+00:00,2843.0,"[4.7, 5.7, 5.7, 5.7, 5.7, 5.7, 5.7, 5.7, 5.7, 5.7, 5.7, 5.7, 5.6, 5.7, 5.6, 5.6, 5.6, 5.3, 0.8, 0.0]",5.7,5.347368421052631,1628.0,90.0,True
2022-01-21 01:31:14.399000+00:00,2839.0,"[0.1, 0.1, 0.0, 0.0, 0.0, 0.0, 0.0, 0.0, 0.0, 0.0, 0.0, 0.0, 0.0, 0.0, 0.0, 0.0, 0.0, 0.0, 0.0, 0.0]",0.1,0.1,33.0,15.0,True
2022-01-21 01:31:43.399000+00:00,2839.0,"[0.1, 0.1, 0.0, 0.0, 0.0, 0.0, 0.0, 0.0, 0.0, 0.0, 0.0, 0.0, 0.0, 0.0, 0.0, 0.0, 0.0, 0.0, 0.0, 0.0]",0.1,0.1,17.0,15.0,True
2022-01-21 01:32:28.399000+00:00,2840.0,"[0.1, 0.0, 0.0, 0.0, 0.0, 0.0, 0.0, 0.0, 0.0, 0.0, 0.0, 0.0, 0.0, 0.0, 0.0, 0.0, 0.0, 0.0, 0.0, 0.0]",0.1,0.1,14.0,15.0,False
2022-01-21 01:39:57.398000+00:00,2842.0,"[0.1, 0.0, 0.0, 0.0, 0.0, 0.0, 0.0, 0.0, 0.0, 0.0, 0.0, 0.0, 0.0, 0.0, 0.0, 0.0, 0.0, 0.0, 0.0, 0.0]",0.1,0.1,16.0,15.0,False
2022-01-21 01:42:19.397000+00:00,2845.0,"[0.2, 0.0, 0.0, 0.0, 0.0, 0.0, 0.0, 0.0, 0.0, 0.0, 0.0, 0.0, 0.0, 0.0, 0.0, 0.0, 0.0, 0.0, 0.0, 0.0]",0.2,0.2,27.0,15.0,True
2022-01-21 01:42:57.397000+00:00,2847.0,"[0.4, 0.0, 0.0, 0.0, 0.0, 0.0, 0.0, 0.0, 0.0, 0.0, 0.0, 0.0, 0.0, 0.0, 0.0, 0.0, 0.0, 0.0, 0.0, 0.0]",0.4,0.4,10.0,15.0,False
2022-01-21 01:44:04.397000+00:00,2848.0,"[0.2, 0.0, 0.0, 0.0, 0.0, 0.0, 0.0, 0.0, 0.0, 0.0, 0.0, 0.0, 0.0, 0.0, 0.0, 0.0, 0.0, 0.0, 0.0, 0.0]",0.2,0.2,11.0,15.0,True
2022-01-21 01:44:40.397000+00:00,2850.0,"[0.1, 0.0, 0.0, 0.0, 0.0, 0.0, 0.0, 0.0, 0.0, 0.0, 0.0, 0.0, 0.0, 0.0, 0.0, 0.0, 0.0, 0.0, 0.0, 0.0]",0.1,0.1,16.0,15.0,True
2022-01-21 01:46:03.397000+00:00,2850.0,"[0.1, 0.2, 0.1, 0.0, 0.0, 0.0, 0.0, 0.0, 0.0, 0.0, 0.0, 0.0, 0.0, 0.0, 0.0, 0.0, 0.0, 0.0, 0.0, 0.0]",0.2,0.1333333333333333,36.0,15.0,False
2022-01-21 01:47:36.396000+00:00,2851.0,"[0.2, 0.0, 0.0, 0.0, 0.0, 0.0, 0.0, 0.0, 0.0, 0.0, 0.0, 0.0, 0.0, 0.0, 0.0, 0.0, 0.0, 0.0, 0.0, 0.0]",0.2,0.2,17.0,15.0,False
2022-01-21 01:48:51.396000+00:00,2853.0,"[0.2, 0.1, 0.0, 0.0, 0.0, 0.0, 0.0, 0.0, 0.0, 0.0, 0.0, 0.0, 0.0, 0.0, 0.0, 0.0, 0.0, 0.0, 0.0, 0.0]",0.2,0.15,30.0,15.0,False
2022-01-21 01:51:42.396000+00:00,2854.0,"[0.3, 0.1, 0.0, 0.0, 0.0, 0.0, 0.0, 0.0, 0.0, 0.0, 0.0, 0.0, 0.0, 0.0, 0.0, 0.0, 0.0, 0.0, 0.0, 0.0]",0.3,0.2,19.0,15.0,False
2022-01-21 01:53:29.396000+00:00,2855.0,"[0.2, 0.0, 0.0, 0.0, 0.0, 0.0, 0.0, 0.0, 0.0, 0.0, 0.0, 0.0, 0.0, 0.0, 0.0, 0.0, 0.0, 0.0, 0.0, 0.0]",0.2,0.2,5.0,15.0,False
2022-01-21 01:56:58.395000+00:00,2857.0,"[0.2, 0.1, 0.0, 0.0, 0.0, 0.0, 0.0, 0.0, 0.0, 0.0, 0.0, 0.0, 0.0, 0.0, 0.0, 0.0, 0.0, 0.0, 0.0, 0.0]",0.2,0.15,29.0,15.0,False
2022-01-21 02:00:59.394000+00:00,2857.0,"[0.1, 0.0, 0.0, 0.0, 0.0, 0.0, 0.0, 0.0, 0.0, 0.0, 0.0, 0.0, 0.0, 0.0, 0.0, 0.0, 0.0, 0.0, 0.0, 0.0]",0.1,0.1,3.0,15.0,True
2022-01-21 02:01:29.394000+00:00,2858.0,"[0.1, 0.0, 0.0, 0.0, 0.0, 0.0, 0.0, 0.0, 0.0, 0.0, 0.0, 0.0, 0.0, 0.0, 0.0, 0.0, 0.0, 0.0, 0.0, 0.0]",0.1,0.1,5.0,15.0,False
2022-01-21 02:02:07.394000+00:00,2860.0,"[0.1, 0.0, 0.0, 0.0, 0.0, 0.0, 0.0, 0.0, 0.0, 0.0, 0.0, 0.0, 0.0, 0.0, 0.0, 0.0, 0.0, 0.0, 0.0, 0.0]",0.1,0.1,8.0,15.0,True
2022-01-21 02:02:31.394000+00:00,2860.0,"[0.0, 0.0, 0.0, 0.0, 0.0, 0.0, 0.0, 0.0, 0.0, 0.0, 0.0, 0.0, 0.0, 0.0, 0.0, 0.0, 0.0, 0.0, 0.0, 0.0]",0.0,0.0,8.0,15.0,False
2022-01-21 02:06:10.394000+00:00,2859.0,"[0.2, 0.3, 0.3, 0.2, 0.2, 0.1, 0.1, 0.0, 0.0, 0.0, 0.0, 0.0, 0.0, 0.0, 0.0, 0.0, 0.0, 0.0, 0.0, 0.0]",0.3,0.2,94.0,15.0,True
2022-01-21 02:09:24.393000+00:00,2857.0,"[0.1, 0.2, 0.2, 0.3, 0.1, 0.0, 0.0, 0.0, 0.0, 0.0, 0.0, 0.0, 0.0, 0.0, 0.0, 0.0, 0.0, 0.0, 0.0, 0.0]",0.3,0.18,73.0,15.0,False
2022-01-21 02:14:08.392000+00:00,2855.0,"[0.1, 0.0, 0.0, 0.0, 0.0, 0.0, 0.0, 0.0, 0.0, 0.0, 0.0, 0.0, 0.0, 0.0, 0.0, 0.0, 0.0, 0.0, 0.0, 0.0]",0.1,0.1,12.0,15.0,True
2022-01-21 02:14:56.392000+00:00,2856.0,"[0.2, 0.0, 0.0, 0.0, 0.0, 0.0, 0.0, 0.0, 0.0, 0.0, 0.0, 0.0, 0.0, 0.0, 0.0, 0.0, 0.0, 0.0, 0.0, 0.0]",0.2,0.2,16.0,15.0,True
2022-01-21 02:15:42.392000+00:00,2856.0,"[0.2, 0.1, 0.0, 0.0, 0.0, 0.0, 0.0, 0.0, 0.0, 0.0, 0.0, 0.0, 0.0, 0.0, 0.0, 0.0, 0.0, 0.0, 0.0, 0.0]",0.2,0.15,17.0,15.0,True
2022-01-21 02:17:02.392000+00:00,2855.0,"[0.2, 0.3, 0.1, 0.1, 0.3, 0.0, 0.0, 0.0, 0.0, 0.0, 0.0, 0.0, 0.0, 0.0, 0.0, 0.0, 0.0, 0.0, 0.0, 0.0]",0.3,0.2,73.0,15.0,False
2022-01-21 02:17:57.392000+00:00,2855.0,"[0.1, 0.0, 0.0, 0.0, 0.0, 0.0, 0.0, 0.0, 0.0, 0.0, 0.0, 0.0, 0.0, 0.0, 0.0, 0.0, 0.0, 0.0, 0.0, 0.0]",0.1,0.1,16.0,15.0,False
2022-01-21 02:24:35.391000+00:00,2851.0,"[0.2, 0.2, 0.2, 0.2, 0.2, 0.1, 0.1, 0.1, 0.0, 0.0, 0.0, 0.0, 0.0, 0.0, 0.0, 0.0, 0.0, 0.0, 0.0, 0.0]",0.2,0.1625,117.0,15.0,False
2022-01-21 02:53:20.386000+00:00,2804.0,"[0.6, 0.2, 0.0, 0.0, 0.0, 0.0, 0.0, 0.0, 0.0, 0.0, 0.0, 0.0, 0.0, 0.0, 0.0, 0.0, 0.0, 0.0, 0.0, 0.0]",0.6,0.4,27.0,15.0,False
2022-01-21 03:03:14.385000+00:00,2800.0,"[4.5, 8.2, 8.2, 7.7, 6.5, 7.5, 7.4, 8.1, 7.0, 7.3, 7.0, 3.4, 1.3, 0.0, 0.0, 0.0, 0.0, 0.0, 0.0, 0.0]",8.2,6.4692307692307685,387.0,30.0,False
2022-01-21 03:04:52.384000+00:00,2777.0,"[0.4, 0.0, 0.0, 0.0, 0.0, 0.0, 0.0, 0.0, 0.0, 0.0, 0.0, 0.0, 0.0, 0.0, 0.0, 0.0, 0.0, 0.0, 0.0, 0.0]",0.4,0.4,16.0,15.0,False
2022-01-21 03:21:05.382000+00:00,2744.0,"[0.3, 0.1, 0.0, 0.0, 0.0, 0.0, 0.0, 0.0, 0.0, 0.0, 0.0, 0.0, 0.0, 0.0, 0.0, 0.0, 0.0, 0.0, 0.0, 0.0]",0.3,0.2,17.0,15.0,True
2022-01-21 03:22:04.382000+00:00,2746.0,"[0.3, 0.4, 0.3, 0.1, 0.0, 0.0, 0.0, 0.0, 0.0, 0.0, 0.0, 0.0, 0.0, 0.0, 0.0, 0.0, 0.0, 0.0, 0.0, 0.0]",0.4,0.275,51.0,15.0,False
2022-01-21 03:37:43.380000+00:00,2772.0,"[7.6, 12.3, 11.9, 13.1, 13.4, 11.5, 10.7, 9.8, 9.7, 11.1, 9.0, 8.7, 8.5, 8.4, 8.9, 8.0, 7.3, 6.1, 1.9, 0.0]",13.4,9.363157894736842,836.0,45.0,False
2022-01-21 03:48:21.378000+00:00,2765.0,"[1.5, 3.8, 7.4, 10.2, 10.9, 9.8, 7.6, 4.5, 1.9, 0.4, 0.2, 0.0, 0.0, 0.0, 0.0, 0.0, 0.0, 0.0, 0.0, 0.0]",10.9,5.290909090909091,317.0,30.0,True
2022-01-21 03:49:20.378000+00:00,2753.0,"[0.3, 0.6, 0.2, 0.1, 0.0, 0.0, 0.0, 0.0, 0.0, 0.0, 0.0, 0.0, 0.0, 0.0, 0.0, 0.0, 0.0, 0.0, 0.0, 0.0]",0.6,0.3,47.0,15.0,False
2022-01-21 03:51:44.378000+00:00,2760.0,"[0.2, 0.0, 0.0, 0.0, 0.0, 0.0, 0.0, 0.0, 0.0, 0.0, 0.0, 0.0, 0.0, 0.0, 0.0, 0.0, 0.0, 0.0, 0.0, 0.0]",0.2,0.2,13.0,15.0,True
2022-01-21 03:52:37.378000+00:00,2766.0,"[1.0, 0.1, 0.0, 0.0, 0.0, 0.0, 0.0, 0.0, 0.0, 0.0, 0.0, 0.0, 0.0, 0.0, 0.0, 0.0, 0.0, 0.0, 0.0, 0.0]",1.0,0.55,24.0,15.0,False
2022-01-21 03:56:46.377000+00:00,2790.0,"[0.7, 0.8, 1.0, 1.3, 0.2, 0.2, 0.3, 0.1, 0.0, 0.0, 0.0, 0.0, 0.0, 0.0, 0.0, 0.0, 0.0, 0.0, 0.0, 0.0]",1.3,0.575,114.0,15.0,True
2022-01-21 03:57:39.377000+00:00,2799.0,"[0.2, 0.2, 0.0, 0.0, 0.0, 0.0, 0.0, 0.0, 0.0, 0.0, 0.0, 0.0, 0.0, 0.0, 0.0, 0.0, 0.0, 0.0, 0.0, 0.0]",0.2,0.2,24.0,15.0,False
2022-01-21 04:00:24.376000+00:00,2813.0,"[0.9, 0.1, 0.0, 0.0, 0.0, 0.0, 0.0, 0.0, 0.0, 0.0, 0.0, 0.0, 0.0, 0.0, 0.0, 0.0, 0.0, 0.0, 0.0, 0.0]",0.9,0.5,27.0,15.0,True
2022-01-21 04:02:16.376000+00:00,2818.0,"[0.2, 0.3, 0.6, 0.1, 0.0, 0.0, 0.0, 0.0, 0.0, 0.0, 0.0, 0.0, 0.0, 0.0, 0.0, 0.0, 0.0, 0.0, 0.0, 0.0]",0.6,0.3,60.0,15.0,True
2022-01-21 04:02:44.376000+00:00,2821.0,"[0.4, 0.1, 0.0, 0.0, 0.0, 0.0, 0.0, 0.0, 0.0, 0.0, 0.0, 0.0, 0.0, 0.0, 0.0, 0.0, 0.0, 0.0, 0.0, 0.0]",0.4,0.25,21.0,15.0,False
2022-01-21 04:04:06.376000+00:00,2827.0,"[0.2, 0.0, 0.0, 0.0, 0.0, 0.0, 0.0, 0.0, 0.0, 0.0, 0.0, 0.0, 0.0, 0.0, 0.0, 0.0, 0.0, 0.0, 0.0, 0.0]",0.2,0.2,6.0,15.0,False
2022-01-21 04:33:46.371000+00:00,2843.0,"[0.2, 0.1, 0.0, 0.0, 0.0, 0.0, 0.0, 0.0, 0.0, 0.0, 0.0, 0.0, 0.0, 0.0, 0.0, 0.0, 0.0, 0.0, 0.0, 0.0]",0.2,0.15,25.0,15.0,False
2022-01-21 05:25:36.363000+00:00,2860.0,"[0.2, 0.1, 0.1, 0.2, 3.3, 4.7, 8.2, 18.6, 18.6, 18.6, 18.6, 18.6, 18.5, 18.7, 18.7, 18.6, 18.6, 18.7, 14.0, 1.6]",18.7,11.86,1155.0,60.0,True
2022-01-21 05:26:18.363000+00:00,2825.0,"[0.1, 0.0, 0.0, 0.0, 0.0, 0.0, 0.0, 0.0, 0.0, 0.0, 0.0, 0.0, 0.0, 0.0, 0.0, 0.0, 0.0, 0.0, 0.0, 0.0]",0.1,0.1,5.0,15.0,False
2022-01-21 05:28:31.363000+00:00,2834.0,"[0.3, 0.3, 0.2, 0.2, 0.1, 0.0, 0.0, 0.0, 0.0, 0.0, 0.0, 0.0, 0.0, 0.0, 0.0, 0.0, 0.0, 0.0, 0.0, 0.0]",0.3,0.22,66.0,15.0,False
2022-01-21 06:09:25.356000+00:00,2834.0,"[0.4, 0.2, 0.2, 0.2, 0.2, 0.4, 0.4, 0.3, 0.3, 0.2, 0.3, 0.4, 0.9, 0.4, 0.1, 0.0, 0.0, 0.0, 0.0, 0.0]",0.9,0.3266666666666666,213.0,15.0,False
2022-01-21 06:10:43.356000+00:00,2842.0,"[0.1, 0.0, 0.0, 0.0, 0.0, 0.0, 0.0, 0.0, 0.0, 0.0, 0.0, 0.0, 0.0, 0.0, 0.0, 0.0, 0.0, 0.0, 0.0, 0.0]",0.1,0.1,10.0,15.0,True
2022-01-21 06:12:14.356000+00:00,2845.0,"[0.2, 0.3, 0.3, 0.2, 0.1, 0.0, 0.0, 0.0, 0.0, 0.0, 0.0, 0.0, 0.0, 0.0, 0.0, 0.0, 0.0, 0.0, 0.0, 0.0]",0.3,0.22,73.0,15.0,False
2022-01-21 06:18:20.355000+00:00,2854.0,"[0.2, 0.3, 0.5, 0.4, 0.2, 0.1, 0.2, 0.1, 0.0, 0.0, 0.0, 0.0, 0.0, 0.0, 0.0, 0.0, 0.0, 0.0, 0.0, 0.0]",0.5,0.25,112.0,15.0,False
2022-01-21 06:18:46.355000+00:00,2856.0,"[0.1, 0.0, 0.0, 0.0, 0.0, 0.0, 0.0, 0.0, 0.0, 0.0, 0.0, 0.0, 0.0, 0.0, 0.0, 0.0, 0.0, 0.0, 0.0, 0.0]",0.1,0.1,6.0,15.0,False
2022-01-21 06:27:16.353000+00:00,2844.0,"[0.3, 0.1, 0.0, 0.0, 0.0, 0.0, 0.0, 0.0, 0.0, 0.0, 0.0, 0.0, 0.0, 0.0, 0.0, 0.0, 0.0, 0.0, 0.0, 0.0]",0.3,0.2,17.0,15.0,True
2022-01-21 06:27:37.353000+00:00,2844.0,"[0.3, 0.0, 0.0, 0.0, 0.0, 0.0, 0.0, 0.0, 0.0, 0.0, 0.0, 0.0, 0.0, 0.0, 0.0, 0.0, 0.0, 0.0, 0.0, 0.0]",0.3,0.3,13.0,15.0,False
2022-01-21 06:34:39.353000+00:00,2836.0,"[0.4, 0.3, 0.3, 0.3, 0.2, 0.0, 0.0, 0.0, 0.0, 0.0, 0.0, 0.0, 0.0, 0.0, 0.0, 0.0, 0.0, 0.0, 0.0, 0.0]",0.4,0.3,68.0,15.0,True
2022-01-21 06:57:35.349000+00:00,2836.0,"[11.7, 15.9, 15.1, 14.5, 15.3, 16.0, 16.6, 16.6, 16.6, 16.6, 16.6, 16.6, 16.5, 16.5, 16.5, 16.5, 16.4, 7.7, 0.0, 0.0]",16.6,15.455555555555556,1336.0,75.0,False
2022-01-21 07:20:59.345000+00:00,2831.0,"[0.2, 0.0, 0.0, 0.0, 0.0, 0.0, 0.0, 0.0, 0.0, 0.0, 0.0, 0.0, 0.0, 0.0, 0.0, 0.0, 0.0, 0.0, 0.0, 0.0]",0.2,0.2,8.0,15.0,False
2022-01-21 07:38:40.342000+00:00,2866.0,"[11.7, 16.8, 16.5, 16.4, 16.3, 16.2, 16.3, 16.3, 15.9, 15.6, 15.2, 15.5, 15.8, 15.9, 12.9, 6.5, 3.5, 0.0, 0.0, 0.0]",16.8,14.311764705882354,988.0,60.0,False
2022-01-21 07:49:36.341000+00:00,2902.0,"[0.8, 1.6, 0.6, 0.2, 0.0, 0.0, 0.0, 0.0, 0.0, 0.0, 0.0, 0.0, 0.0, 0.0, 0.0, 0.0, 0.0, 0.0, 0.0, 0.0]",1.6,0.8000000000000002,51.0,15.0,True
2022-01-21 07:49:54.340000+00:00,2903.0,"[0.5, 0.0, 0.0, 0.0, 0.0, 0.0, 0.0, 0.0, 0.0, 0.0, 0.0, 0.0, 0.0, 0.0, 0.0, 0.0, 0.0, 0.0, 0.0, 0.0]",0.5,0.5,11.0,15.0,True
2022-01-21 08:06:09.338000+00:00,2903.0,"[11.6, 17.9, 18.6, 18.7, 18.4, 17.9, 17.9, 18.0, 17.6, 17.7, 17.7, 17.7, 17.6, 17.4, 14.9, 5.3, 0.0, 0.0, 0.0, 0.0]",18.7,16.55625,945.0,60.0,False
2022-01-21 08:09:50.337000+00:00,2863.0,"[0.5, 0.5, 0.7, 1.3, 1.0, 0.2, 0.0, 0.0, 0.0, 0.0, 0.0, 0.0, 0.0, 0.0, 0.0, 0.0, 0.0, 0.0, 0.0, 0.0]",1.3,0.7000000000000001,86.0,15.0,True
2022-01-21 08:10:24.337000+00:00,2868.0,"[0.4, 0.3, 0.0, 0.0, 0.0, 0.0, 0.0, 0.0, 0.0, 0.0, 0.0, 0.0, 0.0, 0.0, 0.0, 0.0, 0.0, 0.0, 0.0, 0.0]",0.4,0.35,27.0,15.0,True
2022-01-21 08:11:26.337000+00:00,2875.0,"[0.3, 0.2, 0.3, 0.1, 0.0, 0.0, 0.0, 0.0, 0.0, 0.0, 0.0, 0.0, 0.0, 0.0, 0.0, 0.0, 0.0, 0.0, 0.0, 0.0]",0.3,0.225,51.0,15.0,True
2022-01-21 08:12:54.337000+00:00,2885.0,"[0.3, 0.3, 0.3, 0.4, 0.3, 0.1, 0.0, 0.0, 0.0, 0.0, 0.0, 0.0, 0.0, 0.0, 0.0, 0.0, 0.0, 0.0, 0.0, 0.0]",0.4,0.2833333333333333,81.0,15.0,False
2022-01-21 08:15:01.336000+00:00,2906.0,"[0.6, 0.2, 0.0, 0.0, 0.0, 0.0, 0.0, 0.0, 0.0, 0.0, 0.0, 0.0, 0.0, 0.0, 0.0, 0.0, 0.0, 0.0, 0.0, 0.0]",0.6,0.4,20.0,15.0,False
2022-01-21 08:34:03.333000+00:00,2880.0,"[0.2, 0.0, 0.0, 0.0, 0.0, 0.0, 0.0, 0.0, 0.0, 0.0, 0.0, 0.0, 0.0, 0.0, 0.0, 0.0, 0.0, 0.0, 0.0, 0.0]",0.2,0.2,9.0,15.0,True
2022-01-21 08:34:54.333000+00:00,2885.0,"[0.8, 0.6, 0.1, 0.0, 0.0, 0.0, 0.0, 0.0, 0.0, 0.0, 0.0, 0.0, 0.0, 0.0, 0.0, 0.0, 0.0, 0.0, 0.0, 0.0]",0.8,0.5,34.0,15.0,True
2022-01-21 08:35:02.333000+00:00,2886.0,"[0.1, 0.0, 0.0, 0.0, 0.0, 0.0, 0.0, 0.0, 0.0, 0.0, 0.0, 0.0, 0.0, 0.0, 0.0, 0.0, 0.0, 0.0, 0.0, 0.0]",0.1,0.1,1.0,15.0,False
2022-01-21 09:03:59.328000+00:00,2892.0,"[0.2, 0.1, 0.0, 0.0, 0.0, 0.0, 0.0, 0.0, 0.0, 0.0, 0.0, 0.0, 0.0, 0.0, 0.0, 0.0, 0.0, 0.0, 0.0, 0.0]",0.2,0.15,16.0,15.0,True
2022-01-21 09:04:26.328000+00:00,2895.0,"[0.3, 0.1, 0.0, 0.0, 0.0, 0.0, 0.0, 0.0, 0.0, 0.0, 0.0, 0.0, 0.0, 0.0, 0.0, 0.0, 0.0, 0.0, 0.0, 0.0]",0.3,0.2,20.0,15.0,False
2022-01-21 09:25:29.325000+00:00,2892.0,"[0.1, 0.1, 0.2, 0.1, 0.0, 0.0, 0.0, 0.0, 0.0, 0.0, 0.0, 0.0, 0.0, 0.0, 0.0, 0.0, 0.0, 0.0, 0.0, 0.0]",0.2,0.125,48.0,15.0,False
2022-01-21 09:29:24.324000+00:00,2915.0,"[0.3, 0.2, 0.3, 0.6, 0.3, 0.3, 0.3, 0.1, 0.0, 0.0, 0.0, 0.0, 0.0, 0.0, 0.0, 0.0, 0.0, 0.0, 0.0, 0.0]",0.6,0.3,108.0,15.0,False
2022-01-21 09:35:06.323000+00:00,2951.0,"[0.1, 0.1, 0.1, 0.3, 0.1, 0.1, 0.0, 0.0, 0.0, 0.0, 0.0, 0.0, 0.0, 0.0, 0.0, 0.0, 0.0, 0.0, 0.0, 0.0]",0.3,0.1333333333333333,85.0,15.0,False
2022-01-21 09:39:51.323000+00:00,2962.0,"[0.1, 0.1, 0.4, 0.2, 0.0, 0.0, 0.0, 0.0, 0.0, 0.0, 0.0, 0.0, 0.0, 0.0, 0.0, 0.0, 0.0, 0.0, 0.0, 0.0]",0.4,0.2,63.0,15.0,True
2022-01-21 09:41:28.322000+00:00,2971.0,"[0.2, 0.2, 0.1, 0.0, 0.0, 0.0, 0.0, 0.0, 0.0, 0.0, 0.0, 0.0, 0.0, 0.0, 0.0, 0.0, 0.0, 0.0, 0.0, 0.0]",0.2,0.1666666666666666,32.0,15.0,False
2022-01-21 09:44:27.322000+00:00,2982.0,"[0.3, 0.2, 0.0, 0.0, 0.0, 0.0, 0.0, 0.0, 0.0, 0.0, 0.0, 0.0, 0.0, 0.0, 0.0, 0.0, 0.0, 0.0, 0.0, 0.0]",0.3,0.25,26.0,15.0,False
2022-01-21 09:50:58.321000+00:00,3001.0,"[0.7, 0.2, 0.0, 0.0, 0.0, 0.0, 0.0, 0.0, 0.0, 0.0, 0.0, 0.0, 0.0, 0.0, 0.0, 0.0, 0.0, 0.0, 0.0, 0.0]",0.7,0.4499999999999999,18.0,15.0,True
2022-01-21 10:03:37.319000+00:00,2991.0,"[8.5, 12.8, 16.4, 18.9, 19.5, 19.0, 20.3, 18.4, 16.7, 17.6, 19.5, 16.7, 16.0, 12.1, 9.5, 6.6, 1.3, 0.0, 0.0, 0.0]",20.3,14.694117647058825,731.0,45.0,True
2022-01-21 10:04:01.319000+00:00,2927.0,"[0.3, 0.1, 0.0, 0.0, 0.0, 0.0, 0.0, 0.0, 0.0, 0.0, 0.0, 0.0, 0.0, 0.0, 0.0, 0.0, 0.0, 0.0, 0.0, 0.0]",0.3,0.2,17.0,15.0,False
2022-01-21 10:08:03.318000+00:00,2943.0,"[0.3, 0.3, 0.1, 0.0, 0.0, 0.0, 0.0, 0.0, 0.0, 0.0, 0.0, 0.0, 0.0, 0.0, 0.0, 0.0, 0.0, 0.0, 0.0, 0.0]",0.3,0.2333333333333333,45.0,15.0,True
2022-01-21 10:08:51.318000+00:00,2948.0,"[0.3, 0.2, 0.1, 0.0, 0.0, 0.0, 0.0, 0.0, 0.0, 0.0, 0.0, 0.0, 0.0, 0.0, 0.0, 0.0, 0.0, 0.0, 0.0, 0.0]",0.3,0.1999999999999999,34.0,15.0,False
2022-01-21 10:27:35.315000+00:00,2901.0,"[0.1, 0.0, 0.0, 0.0, 0.0, 0.0, 0.0, 0.0, 0.0, 0.0, 0.0, 0.0, 0.0, 0.0, 0.0, 0.0, 0.0, 0.0, 0.0, 0.0]",0.1,0.1,2.0,15.0,True
2022-01-21 10:27:52.315000+00:00,2902.0,"[0.3, 0.0, 0.0, 0.0, 0.0, 0.0, 0.0, 0.0, 0.0, 0.0, 0.0, 0.0, 0.0, 0.0, 0.0, 0.0, 0.0, 0.0, 0.0, 0.0]",0.3,0.3,9.0,15.0,False
2022-01-21 10:28:32.315000+00:00,2904.0,"[0.2, 0.0, 0.0, 0.0, 0.0, 0.0, 0.0, 0.0, 0.0, 0.0, 0.0, 0.0, 0.0, 0.0, 0.0, 0.0, 0.0, 0.0, 0.0, 0.0]",0.2,0.2,7.0,15.0,True
2022-01-21 10:46:08.312000+00:00,2930.0,"[12.0, 16.8, 16.8, 16.6, 16.3, 15.8, 15.6, 15.9, 16.3, 16.3, 16.1, 15.9, 15.0, 14.6, 14.7, 14.7, 5.6, 0.0, 0.0, 0.0]",16.8,15.0,1005.0,60.0,False
2022-01-21 10:46:41.312000+00:00,2896.0,"[0.2, 0.0, 0.0, 0.0, 0.0, 0.0, 0.0, 0.0, 0.0, 0.0, 0.0, 0.0, 0.0, 0.0, 0.0, 0.0, 0.0, 0.0, 0.0, 0.0]",0.2,0.2,12.0,15.0,False
2022-01-21 11:07:16.308000+00:00,2898.0,"[0.2, 0.0, 0.0, 0.0, 0.0, 0.0, 0.0, 0.0, 0.0, 0.0, 0.0, 0.0, 0.0, 0.0, 0.0, 0.0, 0.0, 0.0, 0.0, 0.0]",0.2,0.2,21.0,15.0,True
2022-01-21 11:07:47.308000+00:00,2900.0,"[0.4, 0.3, 0.0, 0.0, 0.0, 0.0, 0.0, 0.0, 0.0, 0.0, 0.0, 0.0, 0.0, 0.0, 0.0, 0.0, 0.0, 0.0, 0.0, 0.0]",0.4,0.35,24.0,15.0,True
2022-01-21 11:08:02.308000+00:00,2903.0,"[0.2, 0.0, 0.0, 0.0, 0.0, 0.0, 0.0, 0.0, 0.0, 0.0, 0.0, 0.0, 0.0, 0.0, 0.0, 0.0, 0.0, 0.0, 0.0, 0.0]",0.2,0.2,6.0,15.0,False
2022-01-21 11:17:41.307000+00:00,2910.0,"[0.4, 0.1, 0.0, 0.0, 0.0, 0.0, 0.0, 0.0, 0.0, 0.0, 0.0, 0.0, 0.0, 0.0, 0.0, 0.0, 0.0, 0.0, 0.0, 0.0]",0.4,0.25,19.0,15.0,False
2022-01-21 15:36:15.265000+00:00,2865.0,"[1.3, 1.6, 0.7, 4.8, 5.5, 5.5, 5.5, 5.5, 5.5, 5.5, 5.4, 5.5, 5.5, 5.5, 5.5, 5.5, 3.8, 0.0, 0.0, 0.0]",5.5,4.594117647058823,1271.0,75.0,True
2022-01-21 15:57:28.262000+00:00,2857.0,"[3.9, 5.4, 5.4, 5.4, 5.4, 5.4, 5.4, 5.4, 5.4, 5.4, 5.4, 5.4, 5.4, 5.4, 5.4, 5.1, 0.8, 0.0, 0.0, 0.0]",5.4,5.023529411764706,1207.0,75.0,True
2022-01-21 16:19:10.259000+00:00,2861.0,"[4.9, 5.4, 5.4, 5.4, 5.4, 5.4, 5.4, 5.4, 5.4, 5.4, 5.4, 5.4, 5.4, 5.4, 5.4, 5.4, 3.5, 0.0, 0.0, 0.0]",5.4,5.258823529411765,1230.0,75.0,True
2022-01-21 16:40:32.256000+00:00,2862.0,"[4.0, 5.4, 5.4, 5.4, 5.4, 5.4, 5.4, 5.4, 5.4, 5.4, 5.4, 5.3, 5.4, 5.4, 5.4, 4.6, 0.3, 0.0, 0.0, 0.0]",5.4,4.964705882352941,1210.0,75.0,True
2022-01-21 17:00:44.252000+00:00,2864.0,"[2.2, 3.8, 2.9, 4.9, 5.3, 5.3, 5.3, 5.3, 5.4, 5.3, 5.4, 5.3, 5.3, 5.4, 5.3, 5.3, 5.3, 5.4, 4.6, 0.4]",5.4,4.67,1147.0,60.0,True
2022-01-21 17:01:33.252000+00:00,2864.0,"[0.6, 0.0, 0.0, 0.0, 0.0, 0.0, 0.0, 0.0, 0.0, 0.0, 0.0, 0.0, 0.0, 0.0, 0.0, 0.0, 0.0, 0.0, 0.0, 0.0]",0.6,0.6,10.0,15.0,True
2022-01-21 17:20:38.250000+00:00,2867.0,"[4.3, 5.4, 5.3, 5.3, 5.3, 5.3, 5.3, 5.3, 5.3, 5.4, 5.3, 5.3, 5.3, 5.3, 5.4, 5.3, 5.3, 5.3, 3.2, 0.0]",5.4,5.152631578947368,1131.0,60.0,True
2022-01-21 17:40:39.246000+00:00,2867.0,"[4.5, 5.3, 5.3, 5.3, 5.3, 5.3, 5.3, 5.3, 5.3, 5.3, 5.3, 5.3, 5.3, 5.3, 5.3, 5.3, 5.3, 5.3, 4.3, 0.0]",5.3,5.205263157894737,1140.0,60.0,True
2022-01-21 18:02:17.243000+00:00,2867.0,"[4.1, 5.3, 5.3, 5.3, 5.3, 5.3, 5.3, 5.3, 5.3, 5.3, 5.3, 5.3, 5.3, 5.3, 5.3, 5.3, 2.7, 0.0, 0.0, 0.0]",5.3,5.076470588235294,1230.0,75.0,False
2022-01-21 18:22:55.240000+00:00,2868.0,"[3.7, 5.3, 5.3, 5.3, 5.3, 5.3, 5.3, 5.3, 5.4, 5.3, 5.3, 5.4, 5.3, 5.3, 5.3, 5.3, 5.3, 5.4, 5.3, 1.9]",5.4,5.065,1177.0,60.0,True
2022-01-21 18:43:01.237000+00:00,2868.0,"[4.1, 5.3, 5.4, 5.3, 5.3, 5.3, 5.4, 5.3, 5.3, 5.3, 5.3, 5.3, 5.3, 5.4, 5.3, 5.3, 5.4, 5.3, 4.3, 0.0]",5.4,5.205263157894737,1140.0,60.0,True
2022-01-21 19:03:35.233000+00:00,2867.0,"[4.4, 5.3, 5.3, 5.4, 5.3, 5.4, 5.3, 5.4, 5.3, 5.4, 5.4, 5.4, 5.3, 5.4, 5.4, 5.3, 5.4, 5.4, 5.4, 3.3]",5.4,5.21,1168.0,60.0,True
2022-01-21 19:23:50.230000+00:00,2867.0,"[4.2, 5.3, 5.3, 5.3, 5.4, 5.4, 5.4, 5.3, 5.4, 5.3, 5.4, 5.4, 5.4, 5.4, 5.4, 5.4, 5.3, 5.4, 4.8, 0.6]",5.4,5.04,1146.0,60.0,True
2022-01-21 19:46:19.227000+00:00,2866.0,"[4.6, 5.4, 5.4, 5.4, 5.4, 5.4, 5.4, 5.4, 5.4, 5.4, 5.4, 5.4, 5.4, 5.4, 5.4, 5.4, 4.6, 0.0, 0.0, 0.0]",5.4,5.305882352941176,1274.0,75.0,True
2022-01-21 20:08:42.223000+00:00,2866.0,"[4.4, 5.4, 5.4, 5.4, 5.4, 5.4, 5.4, 5.5, 5.5, 5.5, 5.5, 5.4, 5.5, 5.5, 5.5, 5.5, 3.9, 0.0, 0.0, 0.0]",5.5,5.300000000000001,1266.0,75.0,False
2022-01-21 21:14:04.213000+00:00,2864.0,"[4.6, 5.5, 5.6, 5.6, 5.5, 5.6, 5.5, 5.6, 5.6, 5.6, 5.5, 5.6, 5.6, 5.6, 5.6, 5.6, 2.8, 0.0, 0.0, 0.0]",5.6,5.352941176470587,1235.0,75.0,True
2022-01-21 21:36:01.210000+00:00,2864.0,"[5.0, 5.6, 5.5, 5.6, 5.5, 5.5, 5.5, 5.6, 5.6, 5.6, 5.5, 5.6, 5.6, 5.6, 5.6, 5.6, 2.9, 0.0, 0.0, 0.0]",5.6,5.376470588235295,1233.0,75.0,True
2022-01-21 21:57:31.206000+00:00,2862.0,"[3.9, 5.6, 5.6, 5.6, 5.6, 5.6, 5.6, 5.6, 5.6, 5.6, 5.6, 5.6, 5.6, 5.6, 5.6, 5.0, 0.4, 0.0, 0.0, 0.0]",5.6,5.158823529411764,1206.0,75.0,True
2022-01-21 22:19:08.203000+00:00,2863.0,"[4.9, 5.6, 5.6, 5.6, 5.6, 5.6, 5.6, 5.6, 5.6, 5.6, 5.6, 5.6, 5.7, 5.6, 5.6, 5.5, 1.6, 0.0, 0.0, 0.0]",5.7,5.323529411764705,1214.0,75.0,True
2022-01-21 22:40:51.200000+00:00,2862.0,"[4.4, 5.7, 5.6, 5.7, 5.7, 5.6, 5.7, 5.7, 5.6, 5.7, 5.6, 5.6, 5.7, 5.7, 5.7, 5.7, 2.6, 0.0, 0.0, 0.0]",5.7,5.411764705882353,1232.0,75.0,False
2022-01-21 23:24:39.193000+00:00,2861.0,"[4.7, 5.7, 5.7, 5.7, 5.7, 5.7, 5.7, 5.7, 5.7, 5.7, 5.7, 5.7, 5.7, 5.7, 5.7, 5.7, 5.7, 5.7, 5.7, 4.2]",5.7,5.575000000000001,1197.0,60.0,True
2022-01-21 23:45:41.190000+00:00,2860.0,"[4.4, 5.7, 5.7, 5.7, 5.7, 5.7, 5.7, 5.7, 5.7, 5.7, 5.7, 5.7, 5.7, 5.7, 5.8, 5.7, 5.7, 5.7, 5.8, 3.5]",5.8,5.535,1180.0,60.0,True
2022-01-22 00:05:41.187000+00:00,2860.0,"[4.8, 5.8, 5.8, 5.7, 5.8, 5.7, 5.7, 5.8, 5.7, 5.7, 5.8, 5.7, 5.7, 5.8, 5.8, 5.7, 5.8, 5.8, 3.3, 0.0]",5.8,5.573684210526316,1126.0,60.0,True
2022-01-22 00:26:43.183000+00:00,2858.0,"[4.5, 5.7, 5.7, 5.7, 5.7, 5.8, 5.7, 5.8, 5.8, 5.7, 5.7, 5.7, 5.7, 5.7, 5.7, 5.8, 5.7, 5.7, 5.8, 3.0]",5.8,5.53,1183.0,60.0,True
2022-01-22 00:45:57.180000+00:00,2857.0,"[1.9, 3.8, 5.8, 5.8, 5.8, 5.8, 5.8, 5.8, 5.8, 5.8, 5.8, 5.8, 5.8, 5.8, 5.8, 5.8, 5.8, 5.0, 0.5, 0.0]",5.8,5.16842105263158,1086.0,60.0,False
2022-01-22 01:11:26.176000+00:00,2863.0,"[2.3, 3.0, 3.8, 4.2, 4.3, 4.3, 4.5, 4.7, 4.7, 5.0, 5.5, 5.8, 6.5, 7.6, 7.6, 7.4, 6.5, 4.3, 1.9, 0.4]",7.6,4.715000000000001,296.0,15.0,True
2022-01-22 01:12:41.176000+00:00,2862.0,"[0.2, 0.0, 0.0, 0.0, 0.0, 0.0, 0.0, 0.0, 0.0, 0.0, 0.0, 0.0, 0.0, 0.0, 0.0, 0.0, 0.0, 0.0, 0.0, 0.0]",0.2,0.2,38.0,15.0,False
2022-01-22 01:29:27.174000+00:00,2871.0,"[0.3, 0.1, 0.1, 0.1, 0.0, 0.0, 0.0, 0.0, 0.0, 0.0, 0.0, 0.0, 0.0, 0.0, 0.0, 0.0, 0.0, 0.0, 0.0, 0.0]",0.3,0.15,53.0,15.0,False
2022-01-22 01:30:31.173000+00:00,2872.0,"[0.1, 0.0, 0.0, 0.0, 0.0, 0.0, 0.0, 0.0, 0.0, 0.0, 0.0, 0.0, 0.0, 0.0, 0.0, 0.0, 0.0, 0.0, 0.0, 0.0]",0.1,0.1,11.0,15.0,True
2022-01-22 01:32:14.173000+00:00,2872.0,"[0.2, 0.2, 0.0, 0.1, 0.0, 0.0, 0.0, 0.0, 0.0, 0.0, 0.0, 0.0, 0.0, 0.0, 0.0, 0.0, 0.0, 0.0, 0.0, 0.0]",0.2,0.1666666666666666,63.0,15.0,False
2022-01-22 01:36:45.172000+00:00,2871.0,"[0.2, 0.2, 0.2, 0.1, 0.0, 0.0, 0.0, 0.0, 0.0, 0.0, 0.0, 0.0, 0.0, 0.0, 0.0, 0.0, 0.0, 0.0, 0.0, 0.0]",0.2,0.175,53.0,15.0,True
2022-01-22 01:37:17.172000+00:00,2871.0,"[0.1, 0.0, 0.0, 0.0, 0.0, 0.0, 0.0, 0.0, 0.0, 0.0, 0.0, 0.0, 0.0, 0.0, 0.0, 0.0, 0.0, 0.0, 0.0, 0.0]",0.1,0.1,16.0,15.0,True
2022-01-22 01:39:38.172000+00:00,2871.0,"[0.1, 0.1, 0.4, 0.3, 0.1, 0.2, 0.2, 0.1, 0.0, 0.0, 0.0, 0.0, 0.0, 0.0, 0.0, 0.0, 0.0, 0.0, 0.0, 0.0]",0.4,0.1875,109.0,15.0,False
2022-01-22 01:46:12.171000+00:00,2870.0,"[0.2, 0.1, 0.2, 0.2, 0.1, 0.1, 0.7, 0.2, 0.0, 0.0, 0.0, 0.0, 0.0, 0.0, 0.0, 0.0, 0.0, 0.0, 0.0, 0.0]",0.7,0.2249999999999999,118.0,15.0,False
2022-01-22 01:54:00.170000+00:00,2868.0,"[0.1, 0.0, 0.0, 0.0, 0.0, 0.0, 0.0, 0.0, 0.0, 0.0, 0.0, 0.0, 0.0, 0.0, 0.0, 0.0, 0.0, 0.0, 0.0, 0.0]",0.1,0.1,4.0,15.0,False
2022-01-22 01:55:32.169000+00:00,2869.0,"[0.2, 0.1, 0.0, 0.0, 0.0, 0.0, 0.0, 0.0, 0.0, 0.0, 0.0, 0.0, 0.0, 0.0, 0.0, 0.0, 0.0, 0.0, 0.0, 0.0]",0.2,0.15,27.0,15.0,True
2022-01-22 01:56:21.169000+00:00,2869.0,"[0.2, 0.3, 0.1, 0.0, 0.0, 0.0, 0.0, 0.0, 0.0, 0.0, 0.0, 0.0, 0.0, 0.0, 0.0, 0.0, 0.0, 0.0, 0.0, 0.0]",0.3,0.1999999999999999,31.0,15.0,False
2022-01-22 01:57:24.169000+00:00,2868.0,"[0.1, 0.0, 0.0, 0.0, 0.0, 0.0, 0.0, 0.0, 0.0, 0.0, 0.0, 0.0, 0.0, 0.0, 0.0, 0.0, 0.0, 0.0, 0.0, 0.0]",0.1,0.1,11.0,15.0,True
2022-01-22 02:00:19.169000+00:00,2867.0,"[0.1, 0.0, 0.0, 0.0, 0.0, 0.0, 0.0, 0.0, 0.0, 0.0, 0.0, 0.0, 0.0, 0.0, 0.0, 0.0, 0.0, 0.0, 0.0, 0.0]",0.1,0.1,12.0,15.0,False
2022-01-22 02:04:27.168000+00:00,2867.0,"[0.1, 0.1, 0.0, 0.0, 0.0, 0.0, 0.0, 0.0, 0.0, 0.0, 0.0, 0.0, 0.0, 0.0, 0.0, 0.0, 0.0, 0.0, 0.0, 0.0]",0.1,0.1,31.0,15.0,False
2022-01-22 02:05:55.168000+00:00,2868.0,"[0.2, 0.4, 1.3, 0.7, 0.0, 0.0, 0.0, 0.0, 0.0, 0.0, 0.0, 0.0, 0.0, 0.0, 0.0, 0.0, 0.0, 0.0, 0.0, 0.0]",1.3,0.65,54.0,15.0,False
2022-01-22 02:19:49.166000+00:00,2864.0,"[0.3, 0.3, 0.4, 0.6, 0.1, 0.0, 0.0, 0.0, 0.0, 0.0, 0.0, 0.0, 0.0, 0.0, 0.0, 0.0, 0.0, 0.0, 0.0, 0.0]",0.6,0.34,63.0,15.0,False
2022-01-22 02:35:11.163000+00:00,2862.0,"[0.2, 0.2, 0.4, 0.2, 0.0, 0.0, 0.0, 0.0, 0.0, 0.0, 0.0, 0.0, 0.0, 0.0, 0.0, 0.0, 0.0, 0.0, 0.0, 0.0]",0.4,0.25,50.0,15.0,True
2022-01-22 02:35:45.163000+00:00,2863.0,"[0.5, 0.4, 0.0, 0.0, 0.0, 0.0, 0.0, 0.0, 0.0, 0.0, 0.0, 0.0, 0.0, 0.0, 0.0, 0.0, 0.0, 0.0, 0.0, 0.0]",0.5,0.45,27.0,15.0,True
2022-01-22 02:36:00.163000+00:00,2864.0,"[0.3, 0.0, 0.0, 0.0, 0.0, 0.0, 0.0, 0.0, 0.0, 0.0, 0.0, 0.0, 0.0, 0.0, 0.0, 0.0, 0.0, 0.0, 0.0, 0.0]",0.3,0.3,6.0,15.0,False
2022-01-22 02:36:46.163000+00:00,2866.0,"[0.4, 0.0, 0.0, 0.0, 0.0, 0.0, 0.0, 0.0, 0.0, 0.0, 0.0, 0.0, 0.0, 0.0, 0.0, 0.0, 0.0, 0.0, 0.0, 0.0]",0.4,0.4,12.0,15.0,True
2022-01-22 02:50:01.161000+00:00,2878.0,"[8.3, 11.1, 11.2, 13.7, 13.9, 13.5, 9.8, 10.0, 10.6, 10.4, 9.0, 6.9, 5.9, 6.1, 11.9, 12.8, 6.0, 1.8, 0.0, 0.0]",13.9,9.605555555555556,788.0,45.0,False
2022-01-22 02:50:44.161000+00:00,2858.0,"[0.2, 0.0, 0.0, 0.0, 0.0, 0.0, 0.0, 0.0, 0.0, 0.0, 0.0, 0.0, 0.0, 0.0, 0.0, 0.0, 0.0, 0.0, 0.0, 0.0]",0.2,0.2,10.0,15.0,False
2022-01-22 02:59:04.160000+00:00,2862.0,"[0.3, 0.0, 0.0, 0.0, 0.0, 0.0, 0.0, 0.0, 0.0, 0.0, 0.0, 0.0, 0.0, 0.0, 0.0, 0.0, 0.0, 0.0, 0.0, 0.0]",0.3,0.3,21.0,15.0,False
2022-01-22 03:01:21.159000+00:00,2865.0,"[0.6, 0.8, 0.5, 0.0, 0.0, 0.0, 0.0, 0.0, 0.0, 0.0, 0.0, 0.0, 0.0, 0.0, 0.0, 0.0, 0.0, 0.0, 0.0, 0.0]",0.8,0.6333333333333333,39.0,15.0,False
2022-01-22 03:14:48.157000+00:00,2852.0,"[0.2, 0.0, 0.0, 0.0, 0.0, 0.0, 0.0, 0.0, 0.0, 0.0, 0.0, 0.0, 0.0, 0.0, 0.0, 0.0, 0.0, 0.0, 0.0, 0.0]",0.2,0.2,15.0,15.0,False
2022-01-22 03:19:19.156000+00:00,2860.0,"[0.1, 0.0, 0.0, 0.0, 0.0, 0.0, 0.0, 0.0, 0.0, 0.0, 0.0, 0.0, 0.0, 0.0, 0.0, 0.0, 0.0, 0.0, 0.0, 0.0]",0.1,0.1,11.0,15.0,False
2022-01-22 03:22:29.156000+00:00,2865.0,"[0.3, 0.8, 0.4, 0.8, 0.1, 0.0, 0.0, 0.0, 0.0, 0.0, 0.0, 0.0, 0.0, 0.0, 0.0, 0.0, 0.0, 0.0, 0.0, 0.0]",0.8,0.48,64.0,15.0,False
2022-01-22 03:40:13.154000+00:00,2855.0,"[0.1, 0.0, 0.0, 0.0, 0.0, 0.0, 0.0, 0.0, 0.0, 0.0, 0.0, 0.0, 0.0, 0.0, 0.0, 0.0, 0.0, 0.0, 0.0, 0.0]",0.1,0.1,5.0,15.0,True
2022-01-22 03:40:28.153000+00:00,2856.0,"[0.2, 0.0, 0.0, 0.0, 0.0, 0.0, 0.0, 0.0, 0.0, 0.0, 0.0, 0.0, 0.0, 0.0, 0.0, 0.0, 0.0, 0.0, 0.0, 0.0]",0.2,0.2,8.0,15.0,False
2022-01-22 03:44:01.153000+00:00,2863.0,"[0.3, 0.2, 0.0, 0.0, 0.0, 0.0, 0.0, 0.0, 0.0, 0.0, 0.0, 0.0, 0.0, 0.0, 0.0, 0.0, 0.0, 0.0, 0.0, 0.0]",0.3,0.25,23.0,15.0,True
2022-01-22 03:44:35.153000+00:00,2865.0,"[0.5, 0.3, 0.0, 0.0, 0.0, 0.0, 0.0, 0.0, 0.0, 0.0, 0.0, 0.0, 0.0, 0.0, 0.0, 0.0, 0.0, 0.0, 0.0, 0.0]",0.5,0.4,27.0,15.0,False
2022-01-22 04:01:04.150000+00:00,2858.0,"[0.2, 0.0, 0.0, 0.0, 0.0, 0.0, 0.0, 0.0, 0.0, 0.0, 0.0, 0.0, 0.0, 0.0, 0.0, 0.0, 0.0, 0.0, 0.0, 0.0]",0.2,0.2,4.0,15.0,False
2022-01-22 04:02:06.150000+00:00,2863.0,"[0.2, 0.0, 0.0, 0.0, 0.0, 0.0, 0.0, 0.0, 0.0, 0.0, 0.0, 0.0, 0.0, 0.0, 0.0, 0.0, 0.0, 0.0, 0.0, 0.0]",0.2,0.2,6.0,15.0,False
2022-01-22 04:07:52.149000+00:00,2880.0,"[0.2, 0.2, 0.0, 0.0, 0.0, 0.0, 0.0, 0.0, 0.0, 0.0, 0.0, 0.0, 0.0, 0.0, 0.0, 0.0, 0.0, 0.0, 0.0, 0.0]",0.2,0.2,31.0,15.0,True
2022-01-22 04:13:34.148000+00:00,2884.0,"[0.3, 0.3, 0.5, 0.5, 0.3, 0.3, 0.3, 0.7, 0.4, 1.1, 0.5, 0.0, 0.0, 0.0, 0.0, 0.0, 0.0, 0.0, 0.0, 0.0]",1.1,0.4727272727272727,335.0,30.0,True
2022-01-22 04:30:00.146000+00:00,2899.0,"[11.3, 17.6, 16.2, 15.7, 16.7, 17.7, 17.2, 18.3, 18.3, 15.1, 16.3, 17.2, 15.5, 16.1, 14.8, 9.4, 1.7, 0.0, 0.0, 0.0]",18.3,15.005882352941178,973.0,60.0,False
2022-01-22 04:31:25.146000+00:00,2868.0,"[0.2, 0.2, 0.2, 0.0, 0.0, 0.0, 0.0, 0.0, 0.0, 0.0, 0.0, 0.0, 0.0, 0.0, 0.0, 0.0, 0.0, 0.0, 0.0, 0.0]",0.2,0.2,38.0,15.0,False
2022-01-22 04:34:35.145000+00:00,2879.0,"[0.5, 1.0, 0.3, 0.1, 0.0, 0.0, 0.0, 0.0, 0.0, 0.0, 0.0, 0.0, 0.0, 0.0, 0.0, 0.0, 0.0, 0.0, 0.0, 0.0]",1.0,0.475,50.0,15.0,False
2022-01-22 04:40:31.144000+00:00,2892.0,"[0.3, 0.3, 0.2, 0.3, 0.6, 0.6, 0.4, 0.4, 0.2, 0.3, 0.0, 0.0, 0.0, 0.0, 0.0, 0.0, 0.0, 0.0, 0.0, 0.0]",0.6,0.36,147.0,15.0,False
2022-01-22 04:45:01.144000+00:00,2903.0,"[0.3, 0.0, 0.0, 0.0, 0.0, 0.0, 0.0, 0.0, 0.0, 0.0, 0.0, 0.0, 0.0, 0.0, 0.0, 0.0, 0.0, 0.0, 0.0, 0.0]",0.3,0.3,13.0,15.0,False
2022-01-22 04:56:57.142000+00:00,2878.0,"[0.1, 0.0, 0.0, 0.0, 0.0, 0.0, 0.0, 0.0, 0.0, 0.0, 0.0, 0.0, 0.0, 0.0, 0.0, 0.0, 0.0, 0.0, 0.0, 0.0]",0.1,0.1,4.0,15.0,True
2022-01-22 04:57:18.141000+00:00,2880.0,"[0.3, 0.0, 0.0, 0.0, 0.0, 0.0, 0.0, 0.0, 0.0, 0.0, 0.0, 0.0, 0.0, 0.0, 0.0, 0.0, 0.0, 0.0, 0.0, 0.0]",0.3,0.3,14.0,15.0,True
2022-01-22 04:57:29.142000+00:00,2882.0,"[0.1, 0.0, 0.0, 0.0, 0.0, 0.0, 0.0, 0.0, 0.0, 0.0, 0.0, 0.0, 0.0, 0.0, 0.0, 0.0, 0.0, 0.0, 0.0, 0.0]",0.1,0.1,2.0,15.0,False
2022-01-22 05:16:29.139000+00:00,2871.0,"[0.2, 0.0, 0.0, 0.0, 0.0, 0.0, 0.0, 0.0, 0.0, 0.0, 0.0, 0.0, 0.0, 0.0, 0.0, 0.0, 0.0, 0.0, 0.0, 0.0]",0.2,0.2,6.0,15.0,True
2022-01-22 05:16:45.139000+00:00,2874.0,"[0.3, 0.0, 0.0, 0.0, 0.0, 0.0, 0.0, 0.0, 0.0, 0.0, 0.0, 0.0, 0.0, 0.0, 0.0, 0.0, 0.0, 0.0, 0.0, 0.0]",0.3,0.3,9.0,15.0,False
2022-01-22 05:17:56.138000+00:00,2878.0,"[0.2, 0.1, 0.1, 0.0, 0.0, 0.0, 0.0, 0.0, 0.0, 0.0, 0.0, 0.0, 0.0, 0.0, 0.0, 0.0, 0.0, 0.0, 0.0, 0.0]",0.2,0.1333333333333333,33.0,15.0,False
2022-01-22 05:39:33.135000+00:00,2881.0,"[0.5, 0.6, 0.5, 0.1, 0.0, 0.0, 0.0, 0.0, 0.0, 0.0, 0.0, 0.0, 0.0, 0.0, 0.0, 0.0, 0.0, 0.0, 0.0, 0.0]",0.6,0.425,48.0,15.0,True
2022-01-22 05:41:00.696000+00:00,2886.0,"[0.3, 0.6, 0.8, 0.8, 0.4, 0.1, 0.0, 0.0, 0.0, 0.0, 0.0, 0.0, 0.0, 0.0, 0.0, 0.0, 0.0, 0.0, 0.0, 0.0]",0.8,0.5,80.0,15.0,False
2022-01-22 06:23:05.128000+00:00,2911.0,"[11.1, 14.7, 14.0, 14.3, 14.8, 14.9, 15.1, 15.1, 15.1, 15.1, 15.1, 15.1, 15.1, 15.1, 15.0, 15.0, 15.0, 14.8, 7.1, 0.0]",15.1,14.289473684210526,1135.0,60.0,True
2022-01-22 06:23:18.128000+00:00,2879.0,"[0.2, 0.0, 0.0, 0.0, 0.0, 0.0, 0.0, 0.0, 0.0, 0.0, 0.0, 0.0, 0.0, 0.0, 0.0, 0.0, 0.0, 0.0, 0.0, 0.0]",0.2,0.2,6.0,15.0,True
2022-01-22 06:23:34.128000+00:00,2881.0,"[0.1, 0.0, 0.0, 0.0, 0.0, 0.0, 0.0, 0.0, 0.0, 0.0, 0.0, 0.0, 0.0, 0.0, 0.0, 0.0, 0.0, 0.0, 0.0, 0.0]",0.1,0.1,9.0,15.0,True
2022-01-22 06:23:58.128000+00:00,2885.0,"[0.3, 0.0, 0.0, 0.0, 0.0, 0.0, 0.0, 0.0, 0.0, 0.0, 0.0, 0.0, 0.0, 0.0, 0.0, 0.0, 0.0, 0.0, 0.0, 0.0]",0.3,0.3,15.0,15.0,False
2022-01-22 06:42:53.125000+00:00,2915.0,"[11.1, 14.6, 15.0, 14.9, 13.8, 14.1, 15.1, 13.5, 13.4, 14.9, 15.3, 15.4, 15.8, 15.6, 15.5, 15.2, 8.6, 0.3, 0.0, 0.0]",15.8,13.45,1041.0,60.0,False
2022-01-22 06:46:33.125000+00:00,2892.0,"[0.2, 0.2, 0.3, 0.2, 0.3, 0.2, 0.1, 0.0, 0.0, 0.0, 0.0, 0.0, 0.0, 0.0, 0.0, 0.0, 0.0, 0.0, 0.0, 0.0]",0.3,0.2142857142857142,104.0,15.0,False
2022-01-22 06:48:11.124000+00:00,2905.0,"[0.4, 0.1, 0.0, 0.0, 0.0, 0.0, 0.0, 0.0, 0.0, 0.0, 0.0, 0.0, 0.0, 0.0, 0.0, 0.0, 0.0, 0.0, 0.0, 0.0]",0.4,0.25,18.0,15.0,True
2022-01-22 07:05:49.121000+00:00,2924.0,"[10.9, 15.2, 15.5, 15.6, 15.8, 15.8, 15.8, 15.8, 15.8, 15.6, 15.4, 12.3, 11.3, 11.1, 11.6, 12.5, 7.1, 0.5, 0.0, 0.0]",15.8,12.977777777777778,1026.0,60.0,True
2022-01-22 07:06:20.121000+00:00,2889.0,"[0.7, 0.5, 0.0, 0.0, 0.0, 0.0, 0.0, 0.0, 0.0, 0.0, 0.0, 0.0, 0.0, 0.0, 0.0, 0.0, 0.0, 0.0, 0.0, 0.0]",0.7,0.6,24.0,15.0,True
2022-01-22 07:07:35.121000+00:00,2892.0,"[0.4, 0.3, 0.4, 0.9, 0.4, 0.0, 0.0, 0.0, 0.0, 0.0, 0.0, 0.0, 0.0, 0.0, 0.0, 0.0, 0.0, 0.0, 0.0, 0.0]",0.9,0.48,68.0,15.0,True
2022-01-22 07:07:56.121000+00:00,2895.0,"[0.4, 0.0, 0.0, 0.0, 0.0, 0.0, 0.0, 0.0, 0.0, 0.0, 0.0, 0.0, 0.0, 0.0, 0.0, 0.0, 0.0, 0.0, 0.0, 0.0]",0.4,0.4,14.0,15.0,True
2022-01-22 07:24:20.119000+00:00,2930.0,"[10.6, 15.0, 13.3, 12.6, 13.9, 14.2, 14.1, 14.0, 14.2, 14.4, 14.2, 14.1, 13.3, 13.1, 7.7, 0.9, 0.0, 0.0, 0.0, 0.0]",15.0,12.475,908.0,60.0,True
2022-01-22 07:24:38.118000+00:00,2898.0,"[0.2, 0.0, 0.0, 0.0, 0.0, 0.0, 0.0, 0.0, 0.0, 0.0, 0.0, 0.0, 0.0, 0.0, 0.0, 0.0, 0.0, 0.0, 0.0, 0.0]",0.2,0.2,11.0,15.0,True
2022-01-22 07:26:28.118000+00:00,2904.0,"[0.2, 0.2, 0.1, 0.2, 0.3, 0.5, 0.1, 0.0, 0.0, 0.0, 0.0, 0.0, 0.0, 0.0, 0.0, 0.0, 0.0, 0.0, 0.0, 0.0]",0.5,0.2285714285714286,103.0,15.0,True
2022-01-22 07:28:04.118000+00:00,2912.0,"[0.2, 0.2, 0.1, 0.2, 0.2, 0.1, 0.0, 0.0, 0.0, 0.0, 0.0, 0.0, 0.0, 0.0, 0.0, 0.0, 0.0, 0.0, 0.0, 0.0]",0.2,0.1666666666666666,83.0,15.0,True
2022-01-22 07:28:38.118000+00:00,2920.0,"[0.1, 0.1, 0.0, 0.0, 0.0, 0.0, 0.0, 0.0, 0.0, 0.0, 0.0, 0.0, 0.0, 0.0, 0.0, 0.0, 0.0, 0.0, 0.0, 0.0]",0.1,0.1,25.0,15.0,True
2022-01-22 07:29:28.118000+00:00,2926.0,"[0.2, 0.2, 0.1, 0.0, 0.0, 0.0, 0.0, 0.0, 0.0, 0.0, 0.0, 0.0, 0.0, 0.0, 0.0, 0.0, 0.0, 0.0, 0.0, 0.0]",0.2,0.1666666666666666,37.0,15.0,False
2022-01-22 07:31:24.117000+00:00,2943.0,"[0.1, 0.2, 0.3, 0.0, 0.0, 0.0, 0.0, 0.0, 0.0, 0.0, 0.0, 0.0, 0.0, 0.0, 0.0, 0.0, 0.0, 0.0, 0.0, 0.0]",0.3,0.2,39.0,15.0,True
2022-01-22 07:44:23.115000+00:00,2966.0,"[8.5, 13.6, 13.5, 12.9, 12.7, 12.5, 12.5, 12.5, 12.7, 12.8, 12.7, 13.4, 13.9, 13.6, 11.0, 3.3, 0.1, 0.0, 0.0, 0.0]",13.9,11.305882352941175,730.0,45.0,True
2022-01-22 08:05:52.112000+00:00,2936.0,"[9.7, 12.4, 11.8, 12.0, 12.2, 12.1, 12.2, 12.2, 12.2, 12.2, 12.2, 12.2, 12.2, 12.2, 12.2, 12.2, 6.9, 0.0, 0.0, 0.0]",12.4,11.711764705882352,1248.0,75.0,True
2022-01-22 08:26:40.109000+00:00,2934.0,"[9.5, 12.0, 11.7, 11.8, 12.1, 12.6, 12.6, 12.6, 12.6, 12.6, 12.6, 12.6, 12.6, 12.6, 12.6, 12.6, 12.6, 12.6, 11.3, 1.2]",12.6,11.669999999999998,1163.0,60.0,True
2022-01-22 08:46:12.106000+00:00,2940.0,"[9.3, 12.1, 12.6, 12.7, 12.7, 12.7, 12.7, 12.7, 12.7, 12.7, 12.7, 12.7, 12.7, 12.7, 12.7, 12.7, 12.7, 3.0, 0.0, 0.0]",12.7,11.933333333333332,1076.0,60.0,True
2022-01-22 09:02:54.103000+00:00,2937.0,"[9.1, 12.6, 12.7, 12.7, 12.7, 12.7, 12.7, 12.7, 12.7, 12.7, 12.7, 12.7, 12.7, 12.7, 11.8, 1.6, 0.0, 0.0, 0.0, 0.0]",12.7,11.71875,941.0,60.0,True
2022-01-22 09:25:41.099000+00:00,2938.0,"[10.2, 12.0, 11.7, 12.1, 12.3, 12.3, 12.3, 12.3, 12.2, 12.4, 12.3, 12.4, 12.3, 12.3, 12.4, 12.3, 4.9, 0.0, 0.0, 0.0]",12.4,11.688235294117648,1260.0,75.0,True
2022-01-22 09:53:12.095000+00:00,2930.0,"[10.4, 12.4, 12.1, 12.4, 12.4, 12.4, 12.3, 12.4, 12.4, 12.4, 12.4, 12.4, 12.4, 12.4, 12.4, 12.4, 12.1, 2.2, 0.0, 0.0]",12.4,11.683333333333332,1573.0,90.0,True
2022-01-22 10:13:05.092000+00:00,2936.0,"[8.6, 12.1, 12.4, 12.4, 12.4, 12.4, 12.4, 12.2, 12.4, 12.4, 12.4, 12.4, 12.4, 12.4, 12.4, 12.4, 12.4, 7.5, 0.0, 0.0]",12.4,11.88888888888889,1099.0,60.0,False
2022-01-22 10:28:21.090000+00:00,2921.0,"[0.6, 1.5, 0.6, 0.2, 0.0, 0.0, 0.0, 0.0, 0.0, 0.0, 0.0, 0.0, 0.0, 0.0, 0.0, 0.0, 0.0, 0.0, 0.0, 0.0]",1.5,0.7250000000000001,59.0,15.0,False
2022-01-22 10:31:52.089000+00:00,2945.0,"[0.3, 0.4, 0.4, 0.3, 0.3, 0.1, 0.0, 0.3, 0.3, 0.3, 0.0, 0.0, 0.0, 0.0, 0.0, 0.0, 0.0, 0.0, 0.0, 0.0]",0.4,0.3,147.0,15.0,False
2022-01-22 15:14:30.045000+00:00,3074.0,"[0.5, 0.6, 0.4, 0.0, 0.0, 0.0, 0.0, 0.0, 0.0, 0.0, 0.0, 0.0, 0.0, 0.0, 0.0, 0.0, 0.0, 0.0, 0.0, 0.0]",0.6,0.5,47.0,15.0,False
2022-01-22 15:44:30.041000+00:00,3158.0,"[4.4, 7.2, 9.0, 9.1, 9.1, 9.0, 9.0, 9.1, 9.1, 9.1, 9.1, 9.1, 9.1, 9.1, 9.0, 9.1, 9.1, 9.1, 5.2, 0.0]",9.1,8.526315789473683,1123.0,60.0,False
2022-01-10 00:40:48+00:00,2777.0,"[6.5, 7.2, 7.2, 7.2, 7.2, 7.2, 7.2, 7.2, 7.2, 7.2, 7.2, 7.2, 7.2, 7.2, 7.2, 6.5, 0.4, 0.0, 0.0, 0.0]",7.2,6.71764705882353,1925.0,105.0,True
