index,salt-9gpl-freq-131khz,salt-13gpl-freq-131khz,salt-17gpl-freq-131khz,salt-21gpl-freq-131khz,salt-24gpl-freq-131khz,salt-28gpl-freq-131khz,salt-32gpl-freq-131khz,salt-36gpl-freq-131khz,salt-40gpl-freq-131khz
0,625,624,608,575,575,575,575,568,575
1,560,575,568,560,543,543,543,511,543
2,455,496,496,499,496,504,496,455,504
3,384,399,415,448,448,448,448,387,448
4,255,319,319,384,384,384,384,384,384
5,255,255,319,352,384,384,384,399,384
6,415,387,415,415,415,415,448,512,448
7,636,543,572,568,560,543,543,639,543
8,792,768,768,704,704,671,704,671,639
9,708,768,704,671,671,639,639,572,639
10,483,511,511,511,511,511,511,448,511
11,255,384,384,384,387,399,391,384,412
12,255,255,319,319,352,384,384,384,384
13,255,255,319,352,384,384,384,391,384
14,399,384,399,399,414,412,415,512,415
15,572,527,543,527,527,527,527,575,526
16,632,608,608,575,575,575,575,575,575
17,575,575,575,575,575,575,575,543,575
18,543,560,543,543,543,543,543,496,543
19,448,455,455,463,463,480,480,415,480
20,384,384,391,412,412,414,415,412,415
21,384,384,391,399,399,399,415,448,415
22,448,448,448,448,448,449,451,512,451
23,575,543,543,540,540,543,540,624,542
24,768,704,671,639,639,639,639,704,639
25,797,776,768,768,768,768,704,639,704
26,639,671,639,639,639,639,639,543,636
27,496,511,511,511,511,511,511,448,511
28,384,399,414,448,415,415,448,391,448
29,319,352,384,384,384,384,391,415,387
30,448,414,448,448,448,448,448,542,448
31,639,608,575,572,575,575,572,639,575
32,799,768,768,704,704,704,671,712,704
33,776,776,768,768,768,712,704,626,704
34,511,612,575,608,575,575,575,448,575
35,255,384,391,414,399,391,415,319,399
36,227,252,255,255,255,255,319,385,319
37,449,391,399,414,415,415,415,575,448
38,768,639,627,624,624,632,608,712,624
39,829,799,768,768,768,768,768,704,768
40,712,768,704,704,639,671,639,608,639
41,575,608,575,575,575,575,575,511,575
42,480,496,504,508,504,497,511,451,499
43,399,415,448,448,448,448,449,455,448
44,480,451,455,462,480,463,480,524,480
45,568,543,540,527,540,540,536,560,542
46,575,575,568,561,563,568,560,575,568
47,624,608,575,575,575,575,575,575,575
48,608,608,575,575,575,575,575,569,575
49,575,575,572,572,568,568,568,527,563
50,496,511,511,511,511,511,511,481,511
51,448,455,480,480,480,480,480,463,480
52,415,448,448,449,455,455,451,451,455
53,448,448,448,448,449,455,451,483,455
54,519,512,512,512,512,512,512,572,512
55,639,624,575,608,575,575,575,639,575
56,768,768,671,671,671,639,639,704,639
57,799,776,768,768,768,704,704,704,704
58,704,768,704,704,671,639,639,563,639
59,455,511,511,511,511,511,511,391,511
60,255,319,384,384,384,384,384,384,384
61,352,319,384,384,384,384,384,512,387
62,561,515,512,513,512,512,519,608,519
63,712,639,632,639,636,624,632,671,624
64,776,768,704,704,704,639,704,639,639
65,639,671,639,639,639,639,639,572,634
66,511,543,543,543,543,543,543,463,511
67,384,415,448,448,448,451,448,384,448
68,255,319,384,384,384,385,384,415,387
69,448,399,415,448,448,448,448,540,448
70,624,575,560,575,572,560,572,632,560
71,768,671,639,639,639,633,639,639,632
72,768,712,671,671,639,639,639,632,639
73,634,639,636,624,624,624,624,511,609
74,480,504,510,504,504,511,508,455,511
75,448,448,451,451,449,455,451,463,455
76,463,455,480,480,480,480,480,519,480
77,561,543,543,543,540,536,543,568,527
78,575,575,575,575,572,568,572,563,568
79,572,575,568,568,561,560,568,527,543
80,496,511,510,511,511,511,511,483,511
81,480,480,480,480,480,483,483,483,483
82,480,480,480,480,480,483,481,483,483
83,480,480,480,483,483,483,486,527,487
84,575,543,543,543,543,543,543,575,543
85,639,639,624,624,608,608,609,614,608
86,638,639,624,624,608,608,608,575,608
87,568,574,563,560,560,560,560,527,543
88,540,511,527,511,511,511,511,543,527
89,575,560,543,543,543,543,543,575,543
90,639,625,608,608,608,575,575,639,575
91,768,712,671,639,639,639,639,639,639
92,712,712,671,639,639,639,639,575,639
93,511,568,543,543,543,543,543,448,543
94,319,387,399,415,448,448,448,391,415
95,384,384,384,385,391,399,399,512,399
96,575,519,524,519,512,515,519,639,524
97,780,768,704,671,639,639,639,704,639
98,776,768,768,712,704,704,704,639,704
99,639,639,639,639,639,636,632,511,625
100,463,510,508,511,511,511,511,415,504
101,319,384,387,391,412,414,412,387,399
102,384,384,384,387,391,399,399,512,399
103,575,527,527,527,515,519,519,639,527
104,768,768,704,704,639,639,639,704,671
105,768,768,768,712,704,704,704,639,704
106,639,639,639,639,639,638,632,543,632
107,487,511,511,511,511,511,511,448,511
108,384,384,399,399,415,415,448,415,415
109,412,391,415,415,448,448,448,512,448
110,543,524,524,519,512,519,519,575,524
111,671,639,639,636,611,624,624,636,624
112,639,639,639,639,632,636,627,575,636
113,572,575,575,575,575,575,575,496,572
114,448,455,463,463,480,480,480,448,480
115,391,399,415,415,448,448,448,451,448
116,448,448,448,448,451,451,455,512,451
117,512,512,512,512,512,512,512,540,512
118,575,572,568,563,543,543,543,611,561
119,768,671,639,639,636,639,639,671,639
120,768,768,712,704,704,704,704,639,671
121,639,639,636,632,626,624,625,543,624
122,511,511,511,511,511,511,511,480,511
123,414,448,451,455,480,463,463,448,463
124,384,391,412,415,448,415,448,463,448
125,512,480,512,512,483,512,483,560,487
126,638,608,575,575,575,575,575,632,575
127,768,704,639,639,639,639,639,632,639
128,636,639,632,624,624,624,624,543,624
129,508,511,511,511,511,511,511,463,511
130,384,415,448,448,448,448,448,415,448
131,385,391,414,415,448,415,415,451,448
132,455,448,455,455,463,462,463,519,463
133,575,543,543,543,543,543,543,575,543
134,632,624,608,608,575,575,575,575,575
135,575,575,575,572,568,569,568,543,568
136,568,563,543,543,543,543,543,543,543
137,568,560,543,543,543,543,543,543,543
138,575,575,572,568,569,568,568,543,563
139,542,543,543,543,543,543,543,511,543
140,496,508,510,511,511,510,511,481,511
141,448,455,462,480,463,480,480,480,480
142,455,455,463,480,480,480,480,496,480
143,512,512,512,512,496,512,512,527,512
144,575,560,543,543,543,543,543,568,543
145,575,575,575,572,575,572,568,568,568
146,575,575,574,572,572,568,568,543,568
147,511,537,536,540,537,536,536,496,527
148,448,455,480,480,480,480,480,480,480
149,512,481,486,496,496,496,496,540,496
150,575,572,568,543,561,560,543,575,560
151,632,624,608,575,575,575,575,575,575
152,609,608,575,575,575,575,575,574,575
153,575,575,575,575,575,572,572,575,572
154,624,575,575,575,575,575,575,608,575
155,704,639,639,636,632,624,624,639,624
156,704,671,639,639,639,639,639,575,639
157,511,575,575,575,572,575,575,496,569
158,399,448,449,463,455,480,480,448,463
159,391,399,415,415,448,448,448,483,448
160,543,512,512,512,513,512,512,608,513
161,768,704,639,639,639,639,639,768,639
162,831,799,769,768,768,768,768,704,768
163,639,704,704,671,639,639,639,511,639
164,448,487,496,496,496,505,504,448,496
165,384,384,399,412,412,415,415,448,415
166,451,448,449,455,455,455,455,519,463
167,575,543,543,543,543,537,540,575,543
168,639,632,624,624,608,575,608,624,608
169,704,639,639,639,638,632,632,639,632
170,768,704,671,639,639,639,639,639,639
171,671,671,639,639,639,639,639,575,639
172,511,568,543,543,543,560,543,497,543
173,451,480,480,480,480,487,483,463,480
174,448,448,448,451,455,455,462,455,455
175,448,448,455,455,462,455,463,513,463
176,574,542,543,543,540,527,542,608,540
177,639,639,632,632,615,608,624,639,609
178,704,704,639,639,639,639,639,624,639
179,608,624,608,608,608,608,608,511,575
180,448,480,480,480,480,496,481,448,481
181,384,384,399,399,415,415,415,449,415
182,512,451,455,463,480,480,463,575,480
183,704,639,624,624,624,608,608,768,608
184,829,794,768,768,768,768,768,712,768
185,768,768,768,705,704,704,704,575,671
186,511,575,575,574,568,575,575,480,568
187,384,415,448,448,448,451,451,387,448
188,318,319,384,384,384,387,387,414,391
189,415,399,415,415,448,448,448,543,448
190,639,608,575,575,575,575,575,704,575
191,831,776,768,768,768,704,704,768,704
192,824,799,768,768,768,768,768,639,768
193,575,639,624,624,608,611,608,480,608
194,352,415,448,448,448,448,448,384,448
195,227,255,319,319,319,352,384,384,384
196,352,319,384,384,384,384,384,512,384
197,540,512,512,512,512,512,512,575,512
198,639,625,608,608,611,608,575,639,575
199,768,768,688,639,671,671,639,639,639
200,768,768,671,639,639,639,639,624,639
201,614,638,624,624,608,608,608,511,608
202,451,504,504,511,496,504,510,448,511
203,384,412,415,448,448,448,448,415,448
204,384,384,391,399,412,414,415,451,415
205,512,448,463,463,480,480,480,527,480
206,575,543,543,543,543,543,543,575,542
207,639,626,624,608,608,608,608,608,575
208,624,632,624,608,608,608,608,574,575
209,561,575,568,568,560,560,560,543,560
210,511,542,511,527,527,511,527,496,511
211,415,480,480,480,480,480,480,415,480
212,319,384,391,399,399,399,399,415,415
213,415,399,415,448,448,448,448,513,448
214,575,543,543,543,543,542,543,624,542
215,712,639,639,639,639,633,638,639,632
216,768,704,671,639,639,639,639,639,639
217,768,704,639,639,639,639,639,632,639
218,636,639,632,632,624,624,612,511,609
219,481,511,511,511,511,511,511,480,511
220,448,448,463,463,463,480,463,480,480
221,455,455,480,480,480,480,480,496,480
222,512,512,496,496,496,496,512,543,512
223,624,575,569,568,574,569,568,608,568
224,671,639,632,624,632,624,624,632,624
225,671,639,639,639,639,639,632,575,632
226,560,575,575,575,572,575,572,511,572
227,449,480,496,496,486,496,496,451,496
228,384,399,448,448,448,448,448,448,448
229,387,391,415,415,415,415,448,480,448
230,512,512,512,512,512,512,512,575,512
231,768,639,638,624,625,624,624,704,624
232,824,776,768,768,768,768,768,768,704
233,768,768,768,768,768,712,704,624,704
234,511,575,575,575,575,575,574,463,569
235,319,387,399,415,415,415,415,384,415
236,240,255,255,319,319,319,319,384,352
237,384,352,384,384,387,387,391,512,399
238,561,515,515,512,519,519,519,575,519
239,768,671,639,638,639,639,639,639,636
240,768,768,768,704,704,704,704,638,671
241,575,634,614,624,608,608,608,496,575
242,384,448,448,455,448,448,455,399,455
243,255,319,384,384,384,384,384,385,385
244,319,319,384,384,384,384,385,412,387
245,399,391,412,415,415,415,448,512,448
246,608,543,543,536,543,543,543,639,543
247,768,768,671,639,639,639,639,704,639
248,768,768,704,704,704,704,704,639,671
249,704,704,639,639,639,639,639,575,639
250,511,575,570,575,568,568,568,504,561
251,451,480,487,496,496,496,496,448,496
252,385,412,448,448,448,448,448,448,448
253,415,415,448,448,448,448,448,480,449
254,512,480,480,480,480,483,483,527,512
255,575,543,543,542,543,543,543,608,543
256,639,636,624,609,608,608,608,608,608
257,575,575,575,575,575,575,575,511,575
258,455,496,499,510,504,508,508,448,504
259,384,391,414,448,415,448,448,415,448
260,399,399,415,448,448,448,448,512,448
261,515,512,512,512,512,512,512,574,512
262,639,609,575,575,575,575,575,624,575
263,639,639,632,624,624,624,624,608,624
264,608,624,608,608,575,575,575,543,575
265,496,511,511,511,511,511,511,480,511
266,448,448,455,463,455,480,480,480,463
267,480,480,480,481,481,483,481,512,483
268,480,483,483,483,496,496,496,496,496
269,480,486,483,483,496,487,496,496,496
270,455,480,480,480,480,480,483,512,496
271,513,512,512,512,512,512,512,542,512
272,568,543,543,543,543,543,543,572,543
273,624,575,575,575,575,575,575,608,575
274,638,632,612,624,608,609,608,572,608
275,511,543,543,543,543,543,543,463,543
276,384,412,415,415,448,448,448,384,448
277,319,319,384,384,384,384,384,448,384
278,512,448,463,480,463,512,512,575,480
279,768,639,639,639,639,639,632,768,638
280,896,828,799,794,768,769,768,768,768
281,768,783,768,768,768,768,768,575,712
282,480,511,511,511,511,511,511,448,511
283,384,399,399,399,415,415,448,415,415
284,391,391,412,412,415,415,448,480,448
285,512,512,512,512,512,512,512,543,512
286,632,575,575,575,575,575,575,624,575
287,716,639,639,639,639,639,636,639,639
288,776,768,712,704,704,671,671,704,671
289,768,768,704,704,671,639,639,608,639
290,511,608,575,574,575,575,575,480,568
291,384,448,448,448,448,449,451,448,448
292,415,415,415,448,448,448,448,512,448
293,560,519,527,527,527,527,526,575,527
294,639,624,614,612,608,575,575,608,575
295,639,639,638,636,624,624,624,608,612
296,638,632,624,611,608,608,608,608,575
297,639,639,625,624,624,624,609,632,608
298,639,639,636,632,625,624,624,575,624
299,568,575,572,572,572,575,574,504,568
300,455,480,480,480,483,487,487,480,483
301,512,480,483,483,487,483,496,540,487
302,575,568,561,560,543,543,543,575,543
303,624,624,608,608,575,575,575,608,575
304,639,639,626,624,624,609,608,608,608
305,611,624,608,608,575,575,575,568,575
306,560,574,560,560,560,543,560,511,543
307,480,496,497,504,504,508,508,455,504
308,399,415,448,448,448,449,451,448,451
309,448,448,448,451,455,455,455,519,463
310,575,561,560,560,543,543,543,632,543
311,768,712,704,671,639,639,639,768,639
312,831,816,776,768,768,768,768,768,768
313,776,788,768,768,768,768,768,624,712
314,511,575,575,572,572,575,511,448,568
315,255,352,384,384,387,399,399,384,391
316,352,319,384,384,384,384,384,463,384
317,543,512,512,512,512,512,512,575,512
318,704,639,639,639,632,624,624,639,626
319,768,768,704,704,671,639,639,639,639
320,768,768,704,704,671,639,639,639,639
321,639,639,638,633,632,632,624,575,624
322,511,560,543,543,543,560,543,496,543
323,415,448,455,455,463,480,480,448,480
324,384,391,415,415,415,448,448,448,448
325,399,415,448,448,448,448,448,480,448
326,512,480,480,483,483,480,483,527,496
327,608,575,561,568,568,543,543,624,563
328,768,704,639,671,639,639,639,704,639
329,799,776,768,768,768,768,704,704,704
330,768,768,704,704,671,671,639,575,639
331,496,511,511,511,511,511,543,448,511
332,316,384,399,391,399,415,415,384,399
333,255,255,319,319,352,384,384,391,384
334,399,384,399,412,415,415,415,513,415
335,575,543,540,543,543,527,527,633,543
336,768,704,639,639,639,639,639,639,639
337,768,712,671,671,639,639,639,624,639
338,611,626,614,608,608,608,608,511,575
339,451,496,508,497,499,511,511,448,504
340,384,384,412,399,412,448,448,448,415
341,448,448,448,448,448,449,449,537,451
342,624,575,543,568,568,543,543,624,543
343,704,639,639,639,639,632,624,639,632
344,704,639,639,639,639,636,632,608,632
345,638,626,614,608,608,608,608,575,575
346,639,626,624,608,608,608,608,608,575
347,639,639,626,624,611,624,611,575,608
348,543,575,572,568,568,568,568,504,568
349,455,480,480,483,487,483,496,486,496
350,512,496,496,496,497,496,497,543,497
351,608,572,568,568,563,560,543,609,543
352,704,639,639,636,632,627,624,626,624
353,636,639,632,624,612,624,611,511,611
354,480,511,511,511,511,511,511,480,511
355,448,451,455,463,463,480,480,483,480
356,512,512,512,512,512,512,512,527,512
357,575,543,543,543,543,543,543,575,543
358,671,639,632,632,624,624,624,639,608
359,704,704,639,639,639,639,639,608,638
360,575,608,575,575,575,575,575,543,575
361,511,511,527,527,527,536,537,511,540
362,496,504,504,508,508,508,511,519,511
363,527,527,527,527,527,527,527,540,527
364,540,543,540,542,537,537,542,543,527
365,543,543,543,543,543,543,543,527,540
366,511,519,524,519,524,524,524,511,511
367,515,511,511,511,511,511,511,542,515
368,563,543,543,543,543,543,543,543,543
369,511,543,527,527,527,536,540,510,540
370,480,496,496,499,496,496,504,480,504
371,415,448,451,455,455,455,463,480,463
372,480,463,480,480,480,480,483,519,480
373,543,536,536,527,536,527,527,575,527
374,639,624,608,575,575,575,575,624,575
375,636,636,614,609,608,608,608,568,608
376,511,543,543,543,543,543,543,511,543
377,519,511,511,511,511,511,519,526,524
378,542,527,527,527,527,527,536,543,527
379,575,575,575,575,575,575,575,575,568
380,575,575,575,575,575,575,575,543,572
381,543,543,543,543,543,543,543,511,543
382,480,496,496,497,496,496,497,480,504
383,463,455,480,480,480,480,480,512,481
384,527,513,519,519,519,519,519,540,519
385,527,540,536,536,537,536,527,511,527
386,504,511,511,511,511,511,511,513,511
387,496,512,512,512,512,512,512,497,512
388,455,480,480,483,483,487,496,480,487
389,451,463,480,480,480,480,480,480,480
390,480,480,480,480,483,481,481,515,483
391,543,527,527,527,540,527,527,568,527
392,608,575,575,575,575,572,575,575,572
393,624,608,608,575,575,575,575,575,575
394,611,611,608,575,575,575,575,568,575
395,511,543,543,543,543,543,543,480,543
396,384,448,448,448,448,448,448,387,449
397,255,319,352,384,384,384,384,384,384
398,319,319,384,384,384,384,384,451,384
399,527,512,512,512,512,512,512,608,512
400,768,704,671,639,639,639,639,704,639
401,768,768,768,768,712,704,704,632,704
402,575,624,608,611,608,608,575,508,575
403,399,463,463,480,463,480,480,399,481
404,255,319,352,384,384,384,384,352,385
405,255,255,255,319,319,319,319,414,384
406,512,448,448,448,449,448,451,575,448
407,768,639,639,627,639,624,625,704,614
408,824,776,768,768,768,768,768,768,704
409,794,780,768,768,768,768,768,639,704
410,634,639,639,639,632,626,624,511,627
411,415,463,463,480,480,480,480,448,496
412,384,384,391,399,412,415,415,448,448
413,448,448,448,449,455,455,455,512,462
414,543,527,527,524,527,527,527,575,519
415,639,639,636,624,624,624,611,639,608
416,704,704,671,639,639,639,639,639,639
417,639,639,639,639,636,632,632,575,627
418,511,560,543,543,543,543,543,463,543
419,384,412,415,448,448,448,448,415,448
420,414,399,415,448,448,448,448,512,448
421,543,519,519,513,519,519,515,575,519
422,639,624,611,575,575,575,575,639,575
423,768,704,671,639,639,639,639,639,639
424,671,704,639,639,639,639,639,608,636
425,575,608,575,575,575,575,575,511,575
426,451,480,483,497,496,496,497,449,504
427,391,412,448,448,448,448,448,448,451
428,399,415,448,448,448,448,448,463,449
429,480,455,463,463,480,480,480,537,480
430,624,575,572,568,563,563,568,639,543
431,768,768,704,704,671,671,671,704,639
432,768,768,704,704,639,639,639,575,639
433,511,511,560,560,543,543,543,448,560
434,255,384,384,391,399,399,399,384,448
435,255,255,319,352,384,384,384,399,384
436,399,391,399,415,415,415,448,527,448
437,624,575,574,572,568,568,572,639,543
438,768,705,704,671,639,639,639,639,639
439,639,671,639,639,639,636,636,575,632
440,575,608,575,575,575,575,575,543,575
441,511,511,527,527,527,527,527,511,540
442,519,519,519,515,519,524,519,515,526
443,496,510,508,511,511,511,515,512,511
444,512,512,512,515,513,519,519,511,512
445,496,504,504,505,504,510,510,512,508
446,519,512,519,515,515,519,519,526,515
447,536,527,527,526,527,527,527,540,527
448,572,543,543,543,543,543,543,575,543
449,608,575,575,575,575,575,575,568,575
450,511,560,543,543,543,543,543,504,543
451,448,480,480,480,480,480,481,448,483
452,384,399,412,415,415,448,448,448,448
453,448,448,448,449,448,451,451,512,455
454,543,519,527,527,527,527,527,575,526
455,639,624,624,609,608,608,608,639,575
456,704,704,671,639,639,639,639,608,639
457,563,608,575,575,575,575,575,496,575
458,385,448,448,449,449,455,455,415,463
459,319,384,384,387,387,391,391,415,399
460,387,391,412,415,448,448,448,451,448
461,448,448,448,455,455,455,463,480,463
462,480,480,483,481,512,512,512,524,512
463,560,540,543,540,527,540,543,575,527
464,608,575,575,575,575,575,575,560,575
465,508,543,540,540,540,542,540,480,540
466,399,448,448,451,455,455,455,448,463
467,399,415,448,448,448,448,448,455,449
468,448,448,451,455,455,455,463,463,480
469,455,451,480,480,480,480,480,519,480
470,575,543,543,543,542,542,543,608,537
471,671,639,636,632,624,624,624,639,608
472,768,712,704,671,639,639,639,638,639
473,625,639,632,626,624,624,624,543,611
474,483,511,511,511,511,511,511,451,511
475,384,399,414,415,448,448,448,415,448
476,384,384,399,399,415,415,415,451,448
477,463,448,455,462,455,463,480,540,480
478,608,569,568,561,543,543,563,608,543
479,639,639,624,624,608,608,611,624,575
480,639,639,626,624,611,609,611,575,608
481,511,568,560,560,560,560,543,508,543
482,480,483,496,496,497,504,496,496,504
483,480,481,487,496,496,496,496,487,496
484,448,463,480,480,480,480,480,480,483
485,448,451,463,480,463,480,480,480,480
486,448,448,463,463,462,480,480,512,480
487,519,512,512,512,512,512,512,543,512
488,575,569,572,568,561,560,561,575,543
489,639,624,609,608,608,575,575,624,575
490,639,639,632,626,624,624,612,572,611
491,511,543,543,543,543,543,511,463,543
492,384,415,448,448,448,448,448,391,451
493,255,319,384,384,384,385,384,399,391
494,412,387,412,415,415,415,448,524,448
495,608,543,563,543,560,543,543,636,543
496,768,671,639,639,639,639,639,632,639
497,624,639,624,624,624,611,608,508,608
498,391,455,455,480,463,480,463,384,480
499,227,255,255,319,319,352,319,352,352
500,255,255,319,352,352,384,384,448,384
501,512,448,512,512,512,512,512,543,512
502,624,575,575,572,575,572,575,632,574
503,768,671,639,639,639,639,639,704,639
504,768,768,768,704,704,704,704,639,671
505,624,639,632,632,624,624,624,511,611
506,415,480,480,480,480,483,480,387,483
507,255,255,319,384,384,384,384,384,384
508,255,255,319,384,384,384,384,448,384
509,512,448,455,451,455,455,463,543,463
510,671,608,624,575,575,575,608,639,575
511,792,768,768,704,704,704,704,671,639
512,704,768,671,639,639,639,639,511,639
513,415,511,496,508,508,508,504,384,510
514,199,255,255,319,319,352,352,255,384
515,243,255,255,255,255,319,319,387,319
516,399,384,399,399,399,399,415,512,415
517,624,543,568,543,543,543,543,624,543
518,768,639,639,639,639,634,638,639,632
519,704,639,639,639,639,639,639,624,638
520,611,632,612,611,608,608,575,543,608
521,480,511,511,511,511,511,511,448,511
522,255,384,384,391,399,399,415,384,415
523,255,255,255,319,319,319,352,384,352
524,384,384,384,384,387,387,391,480,399
525,513,512,512,512,512,512,512,563,512
526,638,575,575,575,575,575,575,634,575
527,704,639,639,639,639,639,639,609,639
528,575,611,575,575,575,575,575,508,575
529,448,480,480,480,481,480,483,448,483
530,384,399,412,414,448,415,448,415,448
531,384,384,399,399,415,415,415,415,415
532,391,391,414,415,415,415,448,512,448
533,540,512,513,513,512,512,512,575,512
534,704,639,639,638,624,624,624,639,624
535,768,768,704,671,639,639,639,638,639
536,639,639,639,636,636,632,624,575,624
537,624,624,608,575,608,575,575,575,575
538,575,575,572,568,569,561,568,511,563
539,496,511,508,511,508,510,511,496,511
540,496,487,496,496,496,497,499,513,497
541,512,512,515,515,519,519,515,527,515
542,524,527,527,527,527,527,526,536,527
543,560,543,543,542,542,540,540,575,540
544,639,624,608,575,575,575,575,639,575
545,768,671,639,639,639,639,639,639,639
546,704,671,639,639,639,639,639,575,637
547,511,574,560,568,560,563,543,455,560
548,319,399,414,448,448,448,448,384,448
549,316,319,384,384,384,384,384,448,387
550,512,448,480,463,480,463,480,608,512
551,768,639,639,639,639,632,639,768,624
552,896,826,798,776,776,768,768,768,768
553,768,776,768,768,716,768,704,608,704
554,511,575,568,575,568,575,568,451,569
555,319,399,399,448,415,448,415,384,448
556,255,255,319,352,352,384,384,412,384
557,451,399,448,448,448,448,448,563,448
558,639,611,608,575,608,575,575,639,575
559,768,768,704,671,704,639,639,671,639
560,768,768,704,704,704,671,671,636,639
561,614,639,624,624,624,624,608,511,608
562,496,511,511,511,511,511,511,480,511
563,391,448,448,448,448,455,451,415,463
564,384,384,399,399,412,415,415,448,415
565,451,415,448,448,449,448,451,543,449
566,639,608,575,575,575,575,575,704,572
567,820,768,768,768,768,704,706,768,704
568,768,768,768,716,712,704,704,624,704
569,575,611,575,575,575,608,575,511,575
570,481,504,504,508,504,511,508,496,511
571,480,480,483,496,496,496,496,497,496
572,496,496,512,512,512,512,512,519,512
573,543,526,527,526,527,519,527,575,519
574,639,624,608,608,608,575,608,639,575
575,768,704,639,639,639,639,639,639,639
576,704,671,639,639,639,639,639,575,639
577,511,572,563,561,560,561,560,481,561
578,415,448,451,455,455,455,463,415,480
579,384,384,391,399,399,399,412,399,415
580,384,384,391,399,415,412,415,512,415
581,568,526,527,527,527,524,527,632,519
582,768,704,671,639,639,639,639,671,639
583,768,768,707,704,704,671,671,639,639
584,704,704,639,639,639,639,639,575,639
585,511,575,572,568,568,568,563,508,568
586,463,480,483,496,496,496,496,455,497
587,399,415,448,448,448,448,448,451,451
588,448,448,448,451,455,455,455,512,463
589,512,487,512,512,512,512,512,540,512
590,575,563,543,543,543,543,543,575,543
591,608,575,575,575,575,575,575,575,575
592,608,608,575,575,575,575,575,561,575
593,543,543,543,543,543,543,543,511,543
594,511,511,511,511,511,511,511,512,519
595,480,496,496,496,499,504,499,480,504
596,455,455,480,480,480,480,480,512,480
597,543,524,519,519,527,526,527,575,519
598,639,624,608,608,608,575,575,624,575
599,639,639,632,624,624,624,624,575,611
600,608,609,575,575,575,575,575,568,575
601,575,572,568,561,563,560,560,575,543
602,632,608,575,575,575,575,575,624,575
603,639,639,638,636,632,632,632,608,624
604,608,624,608,575,575,575,575,511,575
605,496,508,511,508,510,508,511,496,511
606,504,496,496,497,499,496,499,537,504
607,572,560,543,543,543,543,543,574,543
608,608,575,575,575,575,575,575,575,575
609,639,632,611,609,608,608,608,608,575
610,624,624,608,575,575,575,575,574,575
611,575,575,572,568,568,568,563,511,568
612,483,508,511,511,511,511,511,463,511
613,399,448,448,451,451,451,455,448,463
614,448,448,448,451,455,455,455,527,455
615,632,575,560,561,568,563,560,639,543
616,782,768,704,704,671,671,639,706,639
617,798,776,768,768,768,712,704,639,704
618,608,639,636,632,624,624,624,504,624
619,387,448,480,480,480,480,480,385,480
620,255,255,384,384,384,384,384,384,384
621,384,319,384,384,384,387,387,463,391
622,519,512,512,512,512,512,512,575,512
623,704,639,624,624,624,614,608,639,608
624,768,704,639,639,639,639,639,632,639
625,639,639,636,632,624,624,624,575,624
626,511,572,568,563,543,543,560,487,560
627,391,448,455,463,455,462,480,391,480
628,255,319,384,384,384,384,384,387,384
629,391,384,387,391,399,409,415,512,415
630,575,543,543,540,543,543,543,636,542
631,768,704,639,639,639,639,639,704,639
632,797,768,768,768,768,712,712,671,704
633,704,768,704,704,671,639,639,575,639
634,511,575,575,575,572,568,574,480,572
635,384,448,448,449,448,448,451,399,455
636,319,384,384,391,391,391,399,415,399
637,391,391,399,414,415,415,415,512,448
638,543,512,512,512,515,515,519,575,512
639,639,609,575,575,575,575,575,624,575
640,639,639,638,636,632,626,632,624,624
641,639,639,636,632,624,624,624,560,624
642,496,511,511,511,511,511,511,451,511
643,384,399,448,448,448,448,448,387,448
644,319,319,384,384,384,384,384,415,391
645,448,414,448,448,448,448,448,519,448
646,575,543,543,543,543,543,543,612,542
647,768,639,639,639,638,639,639,639,632
648,768,768,704,671,639,639,671,609,639
649,511,608,575,575,575,575,575,480,575
650,384,415,448,448,451,448,448,384,451
651,255,255,319,384,384,384,384,384,384
652,384,384,384,384,387,391,391,512,399
653,608,543,540,543,540,543,543,624,543
654,704,639,639,639,636,638,639,624,632
655,636,639,632,624,624,624,624,568,608
656,511,543,543,543,543,543,543,480,543
657,384,415,448,448,448,448,448,399,448
658,319,384,385,387,391,391,391,415,399
659,391,387,399,415,415,415,415,512,448
660,560,524,513,526,515,519,527,608,524
661,639,639,624,626,609,611,624,632,609
662,639,639,637,639,632,625,632,575,624
663,575,575,575,575,575,575,575,574,575
664,608,575,575,575,575,575,575,575,574
665,624,624,608,608,575,575,575,575,575
666,575,575,575,575,574,572,568,543,568
667,543,543,543,543,543,543,543,527,543
668,511,527,527,527,527,527,527,504,527
669,480,480,487,496,496,496,497,512,496
670,527,515,524,519,519,524,524,568,518
671,608,575,575,575,575,575,575,575,574
672,624,608,608,575,575,575,575,575,575
673,632,624,611,608,575,608,575,575,575
674,575,575,575,575,575,575,575,568,575
675,569,572,560,563,568,568,560,511,543
676,499,511,511,511,511,511,511,480,511
677,415,448,448,451,455,455,455,480,455
678,512,463,480,480,480,480,481,542,481
679,575,569,568,572,543,568,560,575,561
680,639,632,624,624,608,611,608,624,608
681,704,639,639,639,636,639,636,624,632
682,639,639,624,624,624,614,624,575,608
683,572,575,572,572,572,568,568,511,563
684,455,481,487,487,497,496,496,463,496
685,415,448,448,448,455,455,455,451,455
686,448,448,448,449,451,455,455,512,455
687,515,512,512,512,512,512,512,543,512
688,575,572,561,568,543,560,568,575,543
689,632,608,575,608,575,575,575,608,575
690,639,632,614,624,608,608,608,574,608
691,511,543,543,543,543,543,543,463,543
692,384,399,415,415,448,448,448,412,448
693,384,384,391,391,399,415,414,480,415
694,515,512,512,512,512,512,512,575,512
695,639,624,609,624,575,610,608,639,608
696,768,768,704,704,704,704,671,704,671
697,768,768,704,704,704,671,639,632,639
698,608,632,608,608,609,575,575,511,575
699,448,480,480,480,481,480,481,415,480
700,384,384,391,391,399,399,415,399,415
701,384,384,391,399,399,414,415,480,415
702,512,512,512,512,512,512,512,568,512
703,624,575,575,575,575,575,575,624,575
704,671,639,634,638,632,624,624,636,624
705,639,639,639,639,639,632,632,572,624
706,511,543,511,511,543,511,511,455,511
707,384,415,415,415,448,448,448,399,448
708,384,384,391,391,399,399,415,415,415
709,391,391,415,415,415,448,448,480,448
710,512,512,512,512,512,512,512,537,512
711,569,543,543,543,543,543,543,575,543
712,636,608,575,575,575,575,575,624,575
713,639,639,638,632,632,624,624,575,624
714,568,575,575,572,575,575,575,496,572
715,448,463,463,463,480,480,480,448,480
716,384,399,415,415,448,448,448,415,448
717,384,387,399,414,415,448,415,448,415
718,448,448,448,451,449,451,455,519,455
719,568,536,543,543,540,527,540,575,540
720,636,624,608,608,608,575,575,575,575
721,575,575,575,575,575,574,572,496,572
722,391,451,451,455,463,463,463,384,463
723,255,319,384,384,384,384,384,384,384
724,319,319,384,384,384,384,384,463,384
725,540,512,512,512,512,512,512,608,512
726,768,639,639,639,634,639,638,704,632
727,799,768,768,768,768,708,704,639,704
728,639,704,639,639,639,639,639,543,638
729,480,511,511,511,511,511,511,448,511
730,319,391,399,399,415,415,415,399,415
731,384,384,384,387,391,399,399,448,412
732,463,448,449,455,455,463,463,540,480
733,624,568,561,572,563,568,568,608,563
734,639,639,624,625,624,624,624,608,608
735,639,632,624,624,611,608,609,575,608
736,575,575,575,575,575,575,575,511,575
737,448,496,496,496,496,487,496,448,496
738,352,387,399,399,414,414,415,448,415
739,385,391,414,415,415,415,448,455,448
740,448,448,455,451,463,462,463,512,480
741,527,512,512,512,519,515,519,542,515
742,569,543,543,543,543,543,543,561,543
743,608,575,575,575,575,575,575,574,572
744,575,575,575,575,575,574,574,543,569
745,561,568,560,560,543,543,543,543,543
746,543,543,543,543,543,543,543,540,543
747,504,526,527,527,524,526,519,480,526
748,385,448,448,448,448,448,448,391,448
749,255,319,384,384,384,384,384,399,385
750,385,384,391,399,412,415,415,512,415
751,527,512,512,512,515,512,519,575,515
752,624,608,575,575,575,575,575,575,575
753,511,560,543,543,543,543,543,480,543
754,399,448,448,448,448,451,448,415,451
755,387,391,414,415,415,448,415,455,448
756,512,455,480,480,480,480,480,512,480
757,499,512,512,512,512,512,512,511,512
758,497,504,508,510,510,511,515,496,512
759,480,480,483,487,496,496,496,496,496
760,512,512,512,512,512,512,512,543,512
761,608,575,572,575,574,568,568,575,561
762,575,575,575,575,575,575,572,536,574
763,508,511,511,511,511,511,511,487,511
764,448,480,480,480,480,481,480,448,483
765,384,415,448,415,448,448,448,448,448
766,391,399,415,415,448,448,448,480,448
767,512,512,512,512,512,512,512,543,512
768,575,575,563,572,568,560,568,575,560
769,568,575,572,572,569,568,568,511,563
770,414,455,480,480,480,480,480,412,481
771,255,319,384,384,384,387,385,387,391
772,384,384,385,391,391,399,399,512,399
773,543,512,512,512,512,512,512,543,512
774,575,575,568,568,572,561,568,543,560
775,543,543,543,543,543,543,543,524,543
776,496,508,511,511,511,511,511,504,511
777,463,480,496,496,496,496,496,480,499
778,385,415,448,448,448,448,448,448,451
779,384,384,399,412,415,415,415,448,415
780,455,448,448,455,455,455,462,513,462
781,572,542,527,540,527,527,540,560,540
782,575,575,568,568,572,563,568,511,568
783,448,487,496,496,504,497,504,448,504
784,319,384,399,399,412,415,412,399,415
785,384,384,391,399,399,415,414,512,415
786,513,512,512,512,512,512,512,540,512
787,543,543,543,543,542,542,543,536,540
788,527,527,527,527,527,527,527,496,527
789,455,480,480,483,487,483,486,480,481
790,480,480,480,480,483,483,481,515,483
791,527,518,515,515,519,519,519,542,519
792,568,543,543,542,542,543,543,574,542
793,636,608,575,575,575,575,575,575,575
794,639,632,624,611,608,608,609,575,608
795,624,624,608,608,575,575,608,543,575
796,511,511,511,511,540,540,511,483,527
797,448,455,480,480,480,480,480,449,480
798,387,415,448,448,448,448,448,448,448
799,414,414,415,448,448,448,448,512,448
800,572,515,513,515,519,512,526,609,519
801,768,704,639,639,639,639,639,639,639
802,768,768,704,639,671,639,639,575,639
803,511,575,572,574,572,574,568,480,563
804,319,399,399,415,415,448,415,384,448
805,231,255,255,319,319,319,319,384,352
806,415,384,399,412,415,415,415,542,415
807,704,575,608,575,575,575,575,704,575
808,864,776,768,768,768,768,768,768,768
809,768,768,768,768,712,704,706,609,704
810,511,575,575,575,569,575,572,455,568
811,255,387,387,391,399,415,399,384,415
812,255,255,319,319,352,384,384,387,384
813,384,384,387,399,399,399,399,512,412
814,575,527,543,543,540,527,543,608,536
815,707,639,639,639,632,624,636,638,624
816,704,639,639,639,639,639,639,624,632
817,614,633,611,608,608,608,608,511,575
818,415,496,487,480,487,496,487,415,496
819,255,384,384,384,387,399,391,384,399
820,255,319,384,384,384,384,384,399,384
821,415,387,414,415,415,415,448,527,448
822,639,575,572,575,568,543,575,639,568
823,816,768,704,704,704,704,704,768,704
824,820,798,768,768,768,768,768,639,768
825,608,639,638,624,624,632,624,504,614
826,384,455,480,462,480,480,463,384,480
827,252,255,384,352,384,384,384,384,384
828,319,319,384,384,384,384,384,448,384
829,512,455,455,463,480,463,512,568,512
830,639,624,575,608,575,575,608,639,575
831,704,704,639,639,639,639,639,624,639
832,639,639,632,624,624,624,624,575,609
833,511,569,568,563,562,561,543,487,543
834,387,448,455,455,455,455,455,399,463
835,319,352,384,384,387,391,391,387,399
836,352,352,384,384,384,385,391,448,391
837,512,455,463,480,512,480,512,543,512
838,632,575,575,575,575,575,575,626,572
839,708,671,639,639,639,639,639,639,632
840,704,704,639,639,639,639,639,575,639
841,504,511,543,543,543,543,511,448,511
842,319,384,399,399,412,415,414,384,448
843,255,319,384,384,384,384,384,414,384
844,399,391,412,415,415,415,448,463,448
845,455,455,463,480,480,480,480,512,480
846,512,512,512,512,512,512,512,527,512
847,543,543,543,543,543,543,543,543,540
848,540,543,543,543,542,543,543,511,543
849,508,511,511,511,511,511,511,512,511
850,512,512,512,512,515,515,512,519,515
851,504,510,513,513,515,515,515,483,515
852,415,455,463,480,463,463,480,412,480
853,316,384,384,387,384,387,391,399,391
854,399,387,399,415,415,415,415,512,448
855,608,543,540,540,543,542,543,639,543
856,788,768,704,671,704,639,671,704,671
857,768,768,768,768,706,704,704,638,704
858,608,639,632,624,611,612,608,496,608
859,384,449,455,463,451,463,455,384,455
860,255,319,384,384,384,384,384,384,384
861,319,319,384,384,384,384,384,455,387
862,519,512,512,512,512,512,512,575,512
863,639,608,575,575,608,575,575,632,575
864,704,639,639,639,639,638,639,633,638
865,639,639,639,636,632,632,632,543,624
866,480,511,511,511,511,511,511,448,511
867,319,384,399,399,399,414,399,384,399
868,255,255,319,384,384,384,384,399,384
869,415,391,412,415,448,448,448,518,448
870,608,543,540,540,543,543,543,624,543
871,768,639,639,639,639,637,639,639,639
872,768,716,704,671,671,639,671,608,639
873,511,575,575,575,572,575,574,455,569
874,319,391,448,448,415,448,415,384,448
875,255,319,384,384,384,384,384,391,384
876,384,384,387,391,399,399,412,449,399
877,448,448,448,448,455,451,455,483,463
878,512,483,512,512,512,512,512,527,512
879,575,543,543,542,543,543,543,568,543
880,575,575,575,575,572,575,572,543,574
881,511,543,543,543,540,543,540,480,540
882,387,448,455,455,455,455,455,391,455
883,255,319,384,384,384,384,384,352,384
884,255,255,319,319,319,319,384,391,384
885,415,387,399,399,415,415,415,527,415
886,639,575,568,574,575,575,575,671,574
887,831,768,768,768,768,768,712,704,705
888,768,768,768,705,704,704,704,574,671
889,480,511,511,511,511,511,511,415,511
890,255,384,385,384,384,385,387,319,391
891,199,255,255,255,255,255,319,352,319
892,319,255,319,352,384,384,384,463,384
893,543,512,512,512,512,512,512,608,512
894,704,639,639,639,633,639,638,632,636
895,624,639,624,624,624,624,624,511,611
896,448,483,496,496,496,496,496,448,496
897,352,384,399,399,412,412,414,415,415
898,384,385,399,399,414,412,415,449,415
899,448,448,451,451,455,455,455,480,455
900,463,480,480,480,481,480,483,480,483
901,448,455,463,463,480,480,480,448,480
902,352,387,399,399,415,415,415,391,415
903,384,384,384,384,391,391,391,455,399
904,512,455,480,512,512,512,512,575,512
905,639,608,575,575,575,575,575,632,575
906,639,639,632,625,624,624,624,543,611
907,481,511,511,511,511,511,511,415,511
908,255,384,384,384,387,384,384,255,391
909,192,241,255,255,255,255,255,352,255
910,384,319,384,384,384,384,384,512,384
911,624,542,543,543,540,543,543,639,542
912,768,671,639,639,639,639,639,636,639
913,608,638,624,608,608,608,608,496,608
914,384,451,455,448,463,451,455,352,480
915,192,255,255,255,319,255,316,255,319
916,193,224,255,255,255,255,255,384,255
917,399,384,384,391,391,399,399,560,399
918,704,608,575,608,608,608,608,768,575
919,831,780,768,768,768,768,768,768,768
920,783,780,768,768,768,712,705,633,704
921,575,632,614,608,608,575,575,455,575
922,255,387,399,399,415,414,415,255,448
923,192,227,255,255,255,255,255,255,255
924,231,231,255,255,255,255,255,415,319
925,512,415,448,448,448,448,512,575,448
926,704,639,624,624,608,614,608,704,575
927,794,768,768,708,704,704,704,704,688
928,768,768,713,704,704,704,671,575,671
929,504,511,511,511,511,511,511,399,511
930,255,319,384,384,384,384,384,319,384
931,241,255,255,316,319,319,319,384,319
932,255,319,384,384,384,384,384,448,384
933,448,448,448,448,448,449,448,543,451
934,632,575,575,572,574,572,568,639,572
935,796,768,768,704,704,704,671,704,704
936,768,768,704,704,688,671,671,575,671
937,511,511,511,511,511,511,511,448,511
938,319,384,391,414,412,414,448,352,415
939,224,255,255,255,319,319,319,319,319
940,255,255,319,319,319,319,352,448,352
941,512,512,512,512,512,512,512,568,512
942,633,575,575,575,575,575,572,608,575
943,639,636,624,608,609,608,608,575,608
944,608,608,575,575,575,575,575,527,575
945,483,511,510,511,511,511,511,448,511
946,384,399,415,448,448,448,448,384,448
947,248,255,319,384,352,384,384,352,384
948,255,255,319,319,319,352,352,391,384
949,415,384,399,399,415,415,415,527,448
950,639,575,572,560,569,568,543,639,568
951,768,712,704,639,671,639,639,671,639
952,768,768,704,704,704,671,639,632,639
953,608,639,624,624,609,608,612,497,608
954,384,448,448,463,455,455,480,384,455
955,224,255,255,319,319,319,352,319,352
956,255,255,319,319,319,319,352,399,384
957,399,385,399,399,415,415,415,512,448
958,560,519,519,512,519,519,513,575,519
959,639,638,624,608,611,610,608,624,608
960,639,639,636,632,624,624,624,560,614
961,496,511,511,511,511,511,511,448,511
962,255,384,384,387,387,384,399,319,399
963,199,240,255,255,255,255,312,352,255
964,319,319,352,384,384,384,384,512,384
965,572,527,527,518,519,527,526,575,519
966,639,632,624,608,608,608,608,575,575
967,575,575,575,575,575,575,575,511,575
968,483,504,504,511,511,508,511,463,511
969,415,448,448,451,451,451,455,448,455
970,384,391,399,415,415,415,415,412,448
971,384,384,387,391,399,399,399,412,414
972,384,384,391,391,399,399,399,399,414
973,319,384,385,387,391,399,399,415,399
974,391,387,414,415,415,415,415,512,448
975,543,519,519,515,519,513,524,575,513
976,639,639,626,624,624,612,624,624,608
977,632,639,624,624,608,609,609,511,608
978,448,487,496,497,487,497,496,391,504
979,255,319,384,384,384,384,384,255,384
980,192,199,255,255,255,255,255,255,255
981,255,255,255,255,319,319,319,448,319
982,512,448,512,512,512,512,512,608,512
983,768,671,639,639,639,636,639,768,632
984,896,831,776,768,768,768,768,704,768
985,704,768,704,704,671,671,639,511,639
986,399,455,480,480,462,480,463,384,480
987,224,255,255,319,255,319,319,255,352
988,192,199,255,255,255,255,255,319,255
989,319,319,319,384,384,384,384,512,384
990,575,540,527,527,542,527,540,624,526
991,704,639,638,632,639,632,632,624,624
992,639,639,624,624,612,611,608,560,608
993,511,511,543,543,511,511,511,480,543
994,415,448,463,463,455,480,463,391,480
995,255,319,384,384,384,384,384,352,387
996,255,255,319,319,384,384,384,399,384
997,415,391,399,415,415,415,448,512,448
998,527,512,512,515,512,512,512,560,512
999,608,575,572,575,569,568,568,575,568
1000,624,611,575,608,575,575,575,572,575
1001,543,572,568,568,543,560,543,480,543
1002,384,448,448,448,448,451,451,384,455
1003,255,255,319,319,384,384,384,384,384
1004,319,319,384,384,384,384,384,448,384
1005,512,451,455,480,480,463,512,542,480
1006,575,568,543,561,543,543,543,543,543
1007,536,543,543,543,543,543,543,496,543
1008,399,448,455,455,455,455,463,399,480
1009,255,319,384,384,384,384,385,319,387
1010,231,255,255,255,319,319,319,384,319
1011,319,255,352,384,384,384,384,512,384
1012,560,512,512,518,512,512,513,575,512
1013,671,639,627,639,624,624,624,632,609
1014,639,639,639,639,632,632,624,575,624
1015,560,575,575,572,573,568,568,480,568
1016,384,448,448,448,448,448,448,384,448
1017,255,255,352,319,384,384,384,384,384
1018,384,319,384,384,384,384,385,455,387
1019,512,512,480,512,512,512,512,518,512
1020,515,519,512,519,519,518,519,508,519
1021,480,496,487,496,504,496,497,487,499
1022,480,480,480,481,483,486,483,496,487
1023,481,486,496,496,487,496,496,496,496
1024,463,480,483,480,480,483,483,460,483
1025,399,448,448,448,448,448,449,399,448
1026,255,384,384,384,385,384,391,384,387
1027,255,255,319,352,384,384,384,415,384
1028,512,415,448,448,448,448,448,543,448
1029,624,575,575,575,568,575,568,608,572
1030,624,624,608,608,575,575,575,543,575
1031,497,511,511,511,511,511,511,463,511
1032,391,448,448,448,448,448,449,415,448
1033,384,387,399,399,415,415,448,448,415
1034,384,391,412,415,415,448,448,448,448
1035,384,384,391,414,415,415,415,415,415
1036,384,384,391,399,412,415,415,451,415
1037,512,455,463,480,480,480,480,527,480
1038,608,575,568,543,543,543,543,560,543
1039,543,568,543,543,543,543,543,504,543
1040,448,480,480,480,480,480,480,448,480
1041,391,412,415,448,448,448,448,448,448
1042,414,415,448,448,448,448,448,448,448
1043,391,399,415,448,448,448,448,448,448
1044,399,399,415,448,448,448,448,448,448
1045,448,448,448,448,448,448,451,512,451
1046,543,512,512,512,512,512,512,543,512
1047,614,575,575,572,569,568,568,572,568
1048,575,575,575,574,572,568,568,568,568
1049,575,575,572,572,572,568,568,543,568
1050,560,563,543,543,543,543,543,540,543
1051,540,543,527,540,527,537,536,511,527
1052,480,496,496,499,496,499,499,449,497
1053,387,414,415,448,448,448,448,448,448
1054,448,448,448,448,448,448,451,512,449
1055,560,527,526,519,519,515,519,575,519
1056,639,636,614,608,608,575,575,611,575
1057,636,639,624,614,612,608,608,511,608
1058,483,511,511,511,511,511,511,480,511
1059,448,448,448,455,455,463,463,463,463
1060,455,455,455,480,463,480,480,512,480
1061,513,512,512,512,512,512,512,543,512
1062,624,575,572,568,561,568,561,575,543
1063,639,639,624,608,608,608,608,575,575
1064,575,575,572,568,570,568,561,511,563
1065,511,527,511,511,511,511,527,508,511
1066,483,496,496,499,504,499,504,504,504
1067,512,512,512,512,512,512,512,512,512
1068,496,504,504,508,504,508,504,508,504
1069,496,504,504,512,504,504,504,496,504
1070,480,480,481,483,483,483,481,486,483
1071,483,483,487,487,496,496,496,496,496
1072,496,496,496,496,512,496,504,512,512
1073,527,527,526,519,527,519,526,527,519
1074,527,527,527,527,527,526,527,526,526
1075,536,527,527,527,526,527,527,511,524
1076,496,510,511,511,508,511,511,480,511
1077,448,455,480,480,480,480,480,463,480
1078,480,455,463,463,480,480,480,526,480
1079,608,561,560,543,543,543,543,624,543
1080,712,671,639,639,639,639,639,639,632
1081,639,639,639,639,639,636,632,575,624
1082,575,575,575,575,575,572,574,511,572
1083,451,483,487,496,496,487,496,448,496
1084,384,387,399,414,414,415,415,448,448
1085,448,415,448,448,448,448,448,512,448
1086,568,527,527,527,527,527,527,575,519
1087,639,639,632,624,624,608,611,611,575
1088,632,632,624,608,609,608,608,543,575
1089,511,543,511,511,543,511,511,480,543
1090,399,448,448,448,448,448,448,415,455
1091,384,387,399,414,415,415,415,448,448
1092,448,415,448,448,448,448,448,512,448
1093,540,512,519,518,519,519,519,560,512
1094,575,575,575,574,575,568,575,543,543
1095,543,543,543,543,543,543,543,527,543
1096,543,543,542,540,540,527,527,560,527
1097,608,575,575,575,572,569,568,560,568
1098,543,561,543,543,543,543,543,497,543
1099,448,480,480,480,480,480,480,415,483
1100,319,384,384,391,391,399,399,391,412
1101,384,384,384,387,391,391,399,448,399
1102,463,448,451,455,463,455,463,540,462
1103,608,575,572,574,572,568,568,608,543
1104,639,639,624,632,624,624,608,608,608
1105,632,624,608,608,608,575,575,568,575
1106,543,560,543,543,543,543,543,480,543
1107,387,448,448,448,451,449,451,384,462
1108,255,255,319,319,352,352,384,384,384
1109,384,319,384,384,384,384,384,512,384
1110,568,512,512,515,512,515,513,608,512
1111,768,639,639,639,639,639,632,639,624
1112,768,768,704,704,639,671,639,639,639
1113,768,704,639,639,639,639,639,624,639
1114,608,633,609,608,608,608,608,511,575
1115,448,496,487,480,483,480,483,448,496
1116,387,415,448,415,448,448,448,448,448
1117,448,448,448,448,448,448,448,480,451
1118,483,463,480,481,480,481,481,540,481
1119,608,560,543,572,560,563,560,608,543
1120,639,639,625,632,624,624,624,575,608
1121,624,624,575,575,575,575,575,543,575
1122,568,575,543,543,543,543,543,526,543
1123,511,511,511,511,511,511,511,504,511
1124,504,508,504,504,504,504,504,497,504
1125,480,483,496,496,496,487,496,480,496
1126,448,448,451,455,455,455,455,480,455
1127,512,480,480,487,487,512,512,537,483
1128,575,543,543,543,543,543,543,575,543
1129,639,639,624,624,609,608,612,608,608
1130,611,624,608,608,575,575,575,543,575
1131,511,511,511,511,511,527,527,480,527
1132,399,448,448,448,448,448,448,448,448
1133,385,391,414,414,415,415,415,448,423
1134,448,448,448,448,448,448,448,512,451
1135,543,512,515,519,513,512,515,574,519
1136,639,612,608,608,575,575,575,575,575
1137,572,575,575,575,572,575,575,511,575
1138,448,487,483,483,483,496,496,448,496
1139,319,384,387,387,399,399,399,399,399
1140,384,384,387,391,399,399,412,463,414
1141,512,512,512,512,512,512,512,527,512
1142,575,543,543,543,543,543,543,575,543
1143,671,639,632,626,614,611,624,624,611
1144,671,639,639,639,636,632,632,608,624
1145,608,624,608,608,575,575,575,511,575
1146,463,510,508,499,508,510,504,449,504
1147,384,412,448,415,448,448,448,414,448
1148,384,384,387,391,399,399,399,448,399
1149,448,415,448,448,448,448,451,512,451
1150,540,513,515,519,512,513,524,543,519
1151,624,575,575,575,575,575,575,575,575
1152,639,639,624,624,609,608,608,572,608
1153,511,543,543,543,543,543,543,480,511
1154,384,448,448,448,448,448,448,391,448
1155,255,319,384,384,384,384,384,387,384
1156,385,384,391,391,399,399,412,512,414
1157,527,512,512,512,512,512,512,568,512
1158,639,624,608,608,575,575,608,638,575
1159,704,704,639,639,639,639,639,608,639
1160,511,575,575,575,575,575,569,480,572
1161,384,448,448,448,448,448,448,384,448
1162,252,255,319,319,352,384,352,384,384
1163,352,319,384,384,384,384,384,512,384
1164,568,512,519,515,512,512,518,575,512
1165,639,626,624,611,608,575,608,575,575
1166,608,611,608,575,575,575,575,543,575
1167,504,511,511,527,527,527,511,463,511
1168,384,415,412,415,448,448,448,387,448
1169,318,319,384,384,384,384,384,415,384
1170,415,399,415,415,448,448,448,512,448
1171,512,512,512,512,512,512,512,508,512
1172,512,504,511,508,510,504,510,519,508
1173,568,543,542,542,537,540,537,568,527
1174,624,608,575,575,575,575,575,575,572
1175,609,608,575,575,575,575,575,560,575
1176,575,572,543,543,543,543,543,543,543
1177,608,575,572,568,563,560,568,575,568
1178,608,575,575,575,575,575,575,543,575
1179,511,543,543,543,543,537,540,511,536
1180,504,508,511,511,511,508,508,504,505
1181,483,496,496,497,504,499,496,483,496
1182,480,480,480,480,480,481,480,512,480
1183,543,519,519,515,513,519,515,543,519
1184,608,575,575,572,568,568,568,575,568
1185,639,624,608,608,575,575,575,574,575
1186,560,575,569,568,568,561,568,487,560
1187,415,455,462,463,480,463,480,448,480
1188,415,415,448,448,448,448,448,481,448
1189,512,512,512,512,512,512,512,543,512
1190,575,543,543,543,543,543,543,575,543
1191,624,575,575,575,575,575,575,608,575
1192,671,639,632,624,624,624,609,624,608
1193,639,639,632,632,624,624,624,575,612
1194,575,608,575,575,575,575,575,511,575
1195,448,496,483,483,496,483,496,448,496
1196,384,391,399,412,415,415,415,391,415
1197,352,384,384,384,387,391,391,448,399
1198,451,448,448,448,448,451,449,519,451
1199,572,527,527,527,527,527,527,575,527
1200,639,624,608,608,575,575,575,608,575
1201,624,624,608,575,575,575,575,563,575
1202,543,568,543,543,543,543,543,496,543
1203,448,480,480,480,480,480,483,451,481
1204,415,448,448,448,449,449,455,455,451
1205,448,448,449,455,455,463,463,480,463
1206,480,455,480,480,480,480,480,526,480
1207,575,543,543,543,543,543,542,575,540
1208,639,639,624,611,608,608,608,632,575
1209,671,639,639,638,632,632,632,575,624
1210,568,575,575,575,575,575,575,480,575
1211,391,448,448,451,455,451,455,415,463
1212,384,384,399,412,415,415,415,451,415
1213,512,448,455,455,480,463,480,543,480
1214,624,575,575,568,568,569,572,608,543
1215,639,638,624,624,608,609,609,575,575
1216,575,575,575,575,575,575,575,540,575
1217,504,527,511,511,511,511,511,455,511
1218,384,415,415,448,448,448,448,387,448
1219,319,352,384,384,384,384,384,412,387
1220,399,391,412,415,415,415,415,480,448
1221,512,480,480,480,480,512,512,515,480
1222,543,527,527,527,527,527,527,540,526
1223,543,543,540,543,537,540,542,540,527
1224,543,543,543,543,543,540,542,527,540
1225,527,536,527,527,527,526,511,519,527
1226,526,519,519,511,524,519,515,527,519
1227,543,537,527,527,527,527,527,527,527
1228,504,511,519,519,519,519,519,463,519
1229,384,415,448,448,448,448,449,385,449
1230,255,319,384,384,384,384,384,385,384
1231,384,384,384,387,391,391,399,449,399
1232,480,455,455,455,463,463,463,519,463
1233,575,543,543,543,543,540,540,575,536
1234,639,639,624,608,609,575,575,575,575
1235,560,575,575,572,569,568,568,499,568
1236,448,463,480,480,480,481,483,415,483
1237,319,384,384,391,391,399,399,399,412
1238,385,384,391,399,399,415,415,463,415
1239,512,512,512,512,512,512,512,543,512
1240,632,608,575,575,575,572,569,608,572
1241,639,639,624,624,611,575,575,575,575
1242,575,575,575,575,575,575,575,511,572
1243,480,504,504,504,504,510,510,448,505
1244,384,391,412,415,415,448,448,448,448
1245,448,415,448,448,448,448,448,512,449
1246,572,543,527,540,536,527,527,575,527
1247,671,639,624,626,624,608,608,637,611
1248,671,671,639,639,639,638,632,568,638
1249,504,511,511,511,511,511,511,448,511
1250,255,384,391,387,391,399,399,319,399
1251,240,255,255,255,316,319,319,384,319
1252,384,352,384,384,384,384,387,512,391
1253,560,527,512,526,526,515,524,624,526
1254,768,704,639,639,639,639,639,639,639
1255,768,712,671,671,639,639,639,575,639
1256,575,608,575,575,575,575,575,508,575
1257,455,480,496,480,480,483,483,448,483
1258,384,384,399,399,399,415,415,384,415
1259,255,255,352,352,384,384,384,384,384
1260,255,255,319,352,384,384,384,415,384
1261,448,448,448,448,448,448,449,515,451
1262,543,543,527,540,540,543,540,572,543
1263,624,608,575,575,575,575,575,575,575
1264,624,624,608,575,575,575,575,560,575
1265,511,543,543,543,543,543,543,480,542
1266,391,448,448,448,448,448,448,384,448
1267,255,255,319,319,384,384,384,319,384
1268,231,255,255,255,255,319,319,384,319
1269,384,352,384,384,385,387,387,512,391
1270,608,543,543,543,543,542,543,639,543
1271,768,768,704,671,639,639,639,704,639
1272,768,768,768,704,704,704,704,639,671
1273,639,639,639,632,624,624,624,497,609
1274,384,448,448,448,455,463,451,352,451
1275,224,255,255,255,319,319,319,255,319
1276,224,224,255,255,255,255,255,384,255
1277,399,384,391,391,399,399,412,543,415
1278,639,612,608,608,575,575,575,671,575
1279,781,768,768,768,704,704,704,638,704
1280,608,639,632,624,624,624,609,463,608
1281,319,391,412,415,448,448,415,319,415
1282,227,255,255,255,255,319,255,352,319
1283,255,255,319,319,384,384,384,415,384
1284,415,399,415,448,448,448,448,512,448
1285,519,512,512,512,512,512,512,543,512
1286,608,575,575,575,568,568,572,560,561
1287,543,563,561,561,543,543,543,504,543
1288,480,487,496,496,496,496,496,480,496
1289,448,454,455,455,480,480,463,480,480
1290,448,455,463,463,480,480,480,451,480
1291,384,415,448,448,448,448,448,415,448
1292,384,384,391,399,399,399,415,448,412
1293,415,415,448,448,448,448,448,480,448
1294,512,480,481,483,480,480,481,512,483
1295,543,519,524,526,519,515,515,543,519
1296,575,568,561,560,560,543,543,543,543
1297,543,563,543,543,543,543,543,487,543
1298,399,448,455,455,463,463,480,391,480
1299,255,319,384,384,384,384,387,384,385
1300,255,255,319,352,384,384,384,415,384
1301,512,415,448,448,448,448,448,543,448
1302,639,575,575,575,575,575,568,624,568
1303,704,639,639,639,632,628,624,632,624
1304,671,639,639,639,633,632,625,575,624
1305,575,608,575,575,575,575,575,527,575
1306,504,511,511,511,511,511,511,480,511
1307,399,448,448,448,455,449,455,412,455
1308,352,384,384,385,399,391,399,415,399
1309,448,415,448,448,448,448,448,515,448
1310,575,543,543,543,527,543,527,608,527
1311,704,639,639,639,624,632,624,632,624
1312,639,639,637,637,624,624,624,563,624
1313,511,543,543,543,543,511,543,463,543
1314,384,415,448,448,448,448,451,384,451
1315,255,319,384,384,384,384,384,399,384
1316,448,399,415,415,448,448,448,527,448
1317,624,575,568,569,543,563,543,624,543
1318,704,639,639,639,627,632,624,639,624
1319,704,704,639,639,639,639,639,608,639
1320,575,612,575,575,575,575,575,511,575
1321,483,511,511,508,511,508,511,449,511
1322,384,399,415,415,448,448,448,415,448
1323,384,384,399,399,414,415,415,448,415
1324,415,448,448,448,448,448,448,480,448
1325,512,480,480,483,480,480,480,540,480
1326,611,575,563,572,568,560,543,608,561
1327,671,639,633,636,632,624,624,632,624
1328,704,639,639,639,638,632,632,608,632
1329,575,608,575,575,575,575,575,497,575
1330,391,448,451,451,455,463,463,384,455
1331,255,255,319,319,352,384,384,319,384
1332,252,255,255,316,255,319,319,384,319
1333,384,384,384,387,387,391,391,519,399
1334,639,575,569,572,568,543,543,671,568
1335,820,768,768,768,768,704,704,712,704
1336,776,768,768,768,768,704,704,638,704
1337,636,639,628,624,624,624,624,511,608
1338,448,480,483,483,496,496,496,415,483
1339,384,384,399,399,414,415,415,399,415
1340,384,384,385,391,391,399,399,415,399
1341,399,399,412,415,415,415,415,512,448
1342,543,512,512,513,512,512,512,611,518
1343,768,639,639,639,639,636,639,639,639
1344,704,704,639,639,639,639,639,575,639
1345,511,568,543,543,543,543,543,448,511
1346,319,384,387,399,399,399,399,384,399
1347,255,255,319,319,384,384,352,384,384
1348,384,384,384,387,391,391,399,512,399
1349,574,519,527,519,519,519,527,608,519
1350,671,639,632,624,624,612,624,632,611
1351,671,639,639,636,632,627,632,575,624
1352,575,608,575,575,575,575,575,496,575
1353,399,455,455,480,480,480,455,384,480
1354,255,319,352,384,384,384,384,384,384
1355,319,319,384,384,384,384,384,415,384
1356,415,399,415,415,415,448,448,512,448
1357,527,512,512,512,512,512,512,543,512
1358,575,543,543,543,543,543,543,560,543
1359,575,575,568,568,568,568,568,572,560
1360,608,575,575,575,575,575,575,543,568
1361,511,543,543,543,543,543,542,480,543
1362,384,448,448,448,448,448,448,384,448
1363,255,255,319,319,352,384,384,319,384
1364,255,255,318,319,319,319,352,415,384
1365,512,415,448,448,448,448,449,560,449
1366,639,575,608,608,575,575,575,638,575
1367,768,704,639,639,639,639,639,639,639
1368,704,704,639,639,639,639,639,575,639
1369,575,612,575,575,575,575,575,511,575
1370,481,511,508,504,508,508,504,451,511
1371,384,415,415,415,448,448,448,415,448
1372,384,385,399,399,415,412,415,448,415
1373,415,399,448,448,448,448,448,480,448
1374,515,512,512,512,512,512,512,540,512
1375,575,543,543,560,543,543,543,568,543
1376,608,575,575,575,575,575,572,543,572
1377,543,568,543,543,543,543,543,511,543
1378,508,511,511,510,511,511,511,480,510
1379,448,463,463,463,480,463,480,463,480
1380,451,451,455,463,480,463,480,480,480
1381,480,463,480,480,480,480,481,512,480
1382,524,512,515,518,513,515,513,526,512
1383,527,527,527,527,527,527,527,527,519
1384,543,540,537,536,527,527,527,542,526
1385,543,560,543,543,543,543,542,511,542
1386,480,497,496,496,504,496,499,448,496
1387,391,415,415,448,448,448,448,448,448
1388,391,399,415,415,448,448,448,448,448
1389,399,414,448,448,448,448,448,455,448
1390,455,448,455,463,455,463,463,512,463
1391,543,527,527,524,515,526,519,543,519
1392,575,574,568,543,543,543,543,527,543
1393,504,511,511,511,511,511,511,451,511
1394,384,399,415,415,448,448,448,384,448
1395,248,255,319,319,352,352,384,319,384
1396,255,255,255,255,319,319,319,391,319
1397,412,384,399,399,399,415,415,527,415
1398,639,575,575,575,572,572,568,639,575
1399,768,768,704,704,639,639,639,671,671
1400,768,768,704,671,639,639,639,608,639
1401,575,608,575,575,575,575,575,463,575
1402,352,391,415,448,448,448,448,319,415
1403,199,240,255,255,255,255,255,319,316
1404,255,255,255,319,319,319,319,399,352
1405,415,399,399,415,415,415,415,512,448
1406,568,543,526,526,519,519,519,575,536
1407,639,639,624,608,608,608,608,608,609
1408,632,639,624,609,608,608,608,511,608
1409,480,508,511,511,511,511,511,415,504
1410,255,319,384,384,384,387,391,319,384
1411,192,224,255,255,255,255,255,255,255
1412,240,231,255,255,255,255,312,412,316
1413,512,448,448,448,448,448,449,575,455
1414,768,639,632,628,624,624,624,639,632
1415,704,704,639,639,639,639,639,574,639
1416,511,511,543,543,511,511,511,448,511
1417,384,387,415,415,448,448,415,384,415
1418,255,319,384,384,384,384,384,384,384
1419,319,352,384,384,384,385,387,415,387
1420,385,391,399,415,415,415,448,448,448
1421,384,399,399,415,448,448,448,448,448
1422,399,399,399,415,448,448,448,480,448
1423,512,512,512,512,483,481,487,543,512
1424,608,575,575,574,568,561,568,575,568
1425,575,575,575,575,575,574,572,511,572
1426,448,480,496,483,496,496,483,399,483
1427,255,319,352,384,384,384,384,255,384
1428,224,240,255,255,255,255,255,319,255
1429,319,255,319,384,384,384,384,512,384
1430,575,527,527,519,515,513,524,624,526
1431,768,712,704,639,639,639,639,704,639
1432,780,768,768,768,704,704,704,634,704
1433,575,627,612,609,608,608,575,496,575
1434,391,448,448,448,451,455,448,391,448
1435,255,319,384,384,384,384,384,384,384
1436,255,319,319,384,384,384,384,384,384
1437,319,319,384,384,384,384,384,448,384
1438,512,512,512,480,512,480,512,575,512
1439,768,639,639,632,624,632,624,639,624
1440,768,768,704,671,639,671,639,611,639
1441,575,608,575,575,575,575,575,496,575
1442,399,448,448,455,463,451,455,384,451
1443,241,255,255,319,352,319,384,318,352
1444,248,255,255,255,255,316,319,384,319
1445,384,384,384,384,385,391,391,512,399
1446,575,543,543,527,526,542,527,624,527
1447,704,639,639,639,632,639,626,639,625
1448,768,704,639,639,639,639,639,575,639
1449,511,575,569,575,575,568,572,480,561
1450,415,448,448,455,463,455,463,415,463
1451,384,387,399,399,415,415,415,415,415
1452,385,399,415,415,448,448,448,415,448
1453,384,391,399,399,415,448,415,412,448
1454,384,384,391,399,399,415,415,448,415
1455,451,448,448,448,448,451,451,513,455
1456,543,527,527,527,527,524,527,536,526
1457,526,527,527,527,527,527,527,483,526
1458,448,455,463,480,480,480,480,451,480
1459,415,448,448,448,451,451,455,448,455
1460,399,415,415,448,448,448,448,448,448
1461,448,448,448,448,448,448,449,463,451
1462,480,455,463,480,480,480,480,512,480
1463,543,515,513,512,512,512,512,560,512
1464,608,575,575,575,574,569,568,560,568
1465,511,561,543,543,543,543,543,481,543
1466,448,455,455,480,480,480,480,448,480
1467,384,391,412,415,448,415,448,399,448
1468,384,384,384,387,391,399,399,412,399
1469,391,387,399,399,415,415,415,480,415
1470,512,512,512,512,512,512,512,527,512
1471,543,543,537,527,527,527,527,519,527
1472,519,526,511,519,519,511,519,504,511
1473,496,497,497,504,504,499,504,483,504
1474,463,480,480,481,480,480,483,451,481
1475,399,415,448,448,448,448,448,412,448
1476,319,384,384,387,391,391,399,384,399
1477,255,255,319,319,384,384,384,384,384
1478,316,255,352,352,384,384,384,448,384
1479,512,512,455,463,455,480,463,572,480
1480,639,624,575,614,575,608,575,608,608
1481,632,632,611,624,608,608,575,511,608
1482,463,504,504,504,504,497,504,448,499
1483,384,387,399,399,414,399,415,391,399
1484,319,384,384,384,387,384,391,399,385
1485,384,384,391,391,399,399,415,448,399
1486,399,399,415,415,448,448,448,448,448
1487,399,415,448,448,448,448,448,448,448
1488,384,391,415,415,415,415,448,415,448
1489,384,384,399,399,412,415,415,415,415
1490,384,391,414,415,415,415,448,415,415
1491,384,387,399,399,414,399,415,415,415
1492,412,399,415,415,448,448,448,512,448
1493,527,512,512,512,512,512,512,543,512
1494,572,543,543,543,543,543,543,540,543
1495,543,543,527,537,540,540,527,511,527
1496,504,511,511,511,511,511,510,463,510
1497,399,448,448,448,448,448,449,399,449
1498,384,384,384,387,391,391,399,415,399
1499,399,399,415,415,415,415,448,455,448
1500,448,448,455,455,455,455,455,480,463
1501,512,480,483,512,483,512,512,515,496
1502,543,527,527,527,527,527,519,519,527
1503,496,508,508,508,508,510,508,480,508
1504,448,449,451,455,455,455,463,451,455
1505,448,448,448,448,448,448,451,463,451
1506,448,451,455,455,463,463,480,480,463
1507,448,451,455,455,455,463,480,448,463
1508,352,387,399,414,412,414,415,384,415
1509,316,319,384,384,384,384,384,387,384
1510,384,384,384,387,391,391,391,463,399
1511,543,512,512,512,512,512,512,575,512
1512,768,639,639,624,632,632,611,639,624
1513,704,704,671,639,639,639,639,575,639
1514,483,511,511,511,511,511,511,415,511
1515,248,319,352,384,384,384,384,255,384
1516,103,192,224,240,231,241,255,248,255
1517,192,192,224,241,248,255,255,384,255
1518,512,391,415,415,448,448,415,575,448
1519,768,639,639,636,639,639,624,704,624
1520,780,768,768,768,716,712,704,612,704
1521,511,608,575,575,575,575,575,415,575
1522,255,384,384,384,384,384,391,255,387
1523,103,192,199,231,225,227,255,240,255
1524,127,192,224,227,231,240,255,319,255
1525,255,255,318,319,319,319,319,448,319
1526,519,512,512,512,512,512,512,608,512
1527,768,639,639,632,639,639,624,639,624
1528,705,704,671,639,639,639,639,575,639
1529,511,575,568,569,561,560,568,480,568
1530,391,448,448,448,448,448,451,385,455
1531,255,352,384,384,384,384,384,352,385
1532,255,255,255,319,319,319,352,352,352
1533,255,255,319,319,352,384,384,415,384
1534,512,415,448,448,451,451,448,536,448
1535,608,568,568,543,572,568,543,575,543
1536,608,608,575,575,575,575,575,511,575
1537,455,510,496,504,504,497,504,399,504
1538,255,384,384,384,384,384,387,255,385
1539,195,255,255,255,255,255,255,255,318
1540,195,227,255,255,255,255,255,384,255
1541,384,319,384,384,384,384,384,512,384
1542,612,527,540,527,543,542,524,632,537
1543,768,704,671,639,639,639,639,632,639
1544,624,639,624,624,624,624,609,496,609
1545,384,451,448,448,448,448,463,384,455
1546,248,255,319,319,319,319,384,319,352
1547,255,255,319,319,319,319,384,387,319
1548,384,384,387,391,399,399,399,448,399
1549,449,448,451,455,463,455,455,480,463
1550,448,455,463,463,480,480,480,448,480
1551,384,391,399,399,415,415,415,385,448
1552,319,384,384,384,384,384,384,415,385
1553,448,415,448,448,448,448,448,515,448
1554,575,543,543,543,543,543,542,574,527
1555,575,575,575,575,575,575,572,511,568
1556,415,481,480,480,483,480,483,391,483
1557,255,319,352,352,384,384,384,319,384
1558,231,255,255,255,255,255,319,384,319
1559,384,352,384,384,384,384,384,512,387
1560,639,543,560,560,543,543,543,639,543
1561,799,768,768,706,704,704,671,712,639
1562,792,776,768,768,768,712,704,624,704
1563,511,608,575,575,575,575,575,448,575
1564,255,384,384,384,391,391,415,316,415
1565,192,231,255,255,255,255,255,312,255
1566,255,255,255,316,319,319,319,415,319
1567,512,448,448,449,455,449,448,561,448
1568,639,608,575,608,608,575,575,633,575
1569,704,639,639,639,639,636,625,608,624
1570,608,624,608,575,575,575,575,508,575
1571,448,487,481,480,480,480,496,415,483
1572,384,387,391,399,399,399,415,391,415
1573,352,384,384,385,387,391,399,414,399
1574,399,387,399,414,415,415,415,512,415
1575,560,512,512,515,519,512,512,575,512
1576,639,624,608,608,608,575,575,624,575
1577,704,639,639,639,639,632,627,575,632
1578,560,575,575,568,562,568,568,481,568
1579,399,455,455,451,451,463,480,391,455
1580,255,384,384,384,384,384,384,384,384
1581,352,352,384,384,384,384,385,448,384
1582,448,415,448,448,448,448,448,512,448
1583,575,527,527,536,527,527,527,575,527
1584,639,624,608,608,608,575,575,575,575
1585,543,575,568,568,543,543,543,480,543
1586,387,449,451,449,448,455,455,384,455
1587,255,319,384,384,384,384,384,384,384
1588,352,319,384,384,384,384,384,448,384
1589,512,448,455,455,463,463,463,524,463
1590,575,543,543,543,543,540,536,575,536
1591,671,632,624,624,608,608,575,624,575
1592,639,639,625,624,624,611,611,575,608
1593,575,575,575,575,572,575,575,504,568
1594,448,480,480,480,480,480,480,415,481
1595,352,385,391,399,399,399,412,387,415
1596,319,384,384,384,384,384,385,391,391
1597,384,384,391,391,399,399,399,512,399
1598,543,512,512,512,512,512,512,575,512
1599,671,632,624,611,611,608,608,639,575
1600,768,704,639,639,639,639,639,624,638
1601,624,639,624,624,608,608,608,504,608
1602,385,463,463,480,455,480,455,384,480
1603,224,255,307,255,318,319,319,255,319
1604,231,254,255,255,255,255,316,384,319
1605,352,319,384,384,384,384,384,448,384
1606,512,448,448,449,463,455,463,542,455
1607,639,575,572,568,572,561,568,639,543
1608,768,768,704,639,671,639,639,639,639
1609,639,704,639,639,639,638,632,511,633
1610,448,504,504,511,496,508,496,399,508
1611,255,319,384,384,384,384,384,255,387
1612,195,231,255,255,255,255,255,319,255
1613,255,255,255,255,319,319,319,412,319
1614,448,415,448,415,448,448,448,526,448
1615,637,575,575,543,568,543,560,632,543
1616,768,704,704,639,639,639,639,639,639
1617,639,639,639,639,639,634,627,511,626
1618,387,463,463,480,480,480,480,384,480
1619,192,254,255,255,255,319,318,255,319
1620,127,192,224,241,255,255,255,319,255
1621,384,319,384,384,384,384,384,512,384
1622,639,575,574,543,543,543,560,636,543
1623,768,708,704,639,639,639,639,639,639
1624,768,768,706,704,704,671,671,624,639
1625,608,628,611,611,608,575,575,511,575
1626,451,487,480,504,496,496,496,448,496
1627,319,384,384,399,399,391,399,384,414
1628,255,255,319,319,352,352,352,387,384
1629,415,385,399,399,399,412,415,512,415
1630,608,543,543,527,527,540,543,608,527
1631,768,671,639,639,639,639,639,636,625
1632,639,639,639,638,632,627,632,561,624
1633,508,511,511,511,511,511,511,451,511
1634,319,384,387,415,415,412,414,384,448
1635,255,319,352,384,384,384,384,387,384
1636,384,384,384,387,391,391,399,463,399
1637,527,512,512,512,512,512,512,543,512
1638,611,575,575,561,560,561,561,575,543
1639,624,608,575,575,575,575,575,543,572
1640,511,543,540,527,527,527,527,487,511
1641,448,463,463,480,480,480,480,463,480
1642,448,448,449,455,455,455,455,448,463
1643,391,415,448,448,448,448,448,415,448
1644,387,399,415,415,415,415,448,415,448
1645,391,399,415,415,415,415,448,448,448
1646,512,451,463,455,463,463,463,527,463
1647,575,563,543,543,543,543,543,575,540
1648,624,611,608,575,575,575,575,536,575
1649,463,504,504,508,505,504,508,399,508
1650,255,319,384,384,384,384,385,352,387
1651,255,255,319,319,319,319,384,384,384
1652,352,319,384,384,384,384,384,448,385
1653,512,512,480,480,480,480,480,527,480
1654,575,543,560,543,543,543,543,575,540
1655,625,608,608,575,575,575,575,568,575
1656,568,575,563,568,560,560,560,510,543
1657,496,504,496,504,496,504,504,480,504
1658,455,480,480,480,480,480,480,448,480
1659,387,415,415,415,448,448,448,399,448
1660,384,384,387,391,399,391,399,391,399
1661,384,384,387,387,399,391,399,448,399
1662,463,448,449,455,451,455,455,527,448
1663,608,568,568,563,543,543,543,575,543
1664,639,626,612,609,575,608,575,543,575
1665,511,543,511,511,527,511,511,448,527
1666,255,384,384,384,391,384,387,255,399
1667,192,227,252,255,255,255,255,255,255
1668,255,255,312,319,319,319,319,448,319
1669,512,448,451,455,449,455,455,543,449
1670,639,575,575,575,572,575,575,632,568
1671,704,671,639,639,636,639,639,575,632
1672,511,575,572,574,568,560,563,463,561
1673,384,399,412,415,448,415,415,384,448
1674,255,255,319,319,384,384,384,384,384
1675,319,352,384,384,384,384,384,399,387
1676,384,384,391,399,399,412,415,448,415
1677,415,415,448,448,448,448,448,480,448
1678,512,512,512,512,487,512,512,524,483
1679,543,543,542,543,527,527,527,527,527
1680,511,526,511,519,511,511,511,455,511
1681,384,399,414,415,415,415,415,384,448
1682,255,255,319,319,319,319,319,384,384
1683,319,319,384,384,384,384,384,448,384
1684,448,448,448,448,449,448,448,512,448
1685,572,540,540,542,542,536,527,560,526
1686,575,575,572,574,568,561,568,511,543
1687,511,511,511,511,511,511,511,504,511
1688,512,504,496,499,496,496,497,512,504
1689,537,513,512,512,512,512,512,527,512
1690,572,543,543,543,540,540,540,527,536
1691,511,527,526,526,511,511,511,496,511
1692,451,480,480,480,480,480,481,448,480
1693,384,414,415,415,448,448,448,415,448
1694,399,399,415,415,415,415,448,448,448
1695,455,448,448,451,451,451,451,512,451
1696,543,519,515,515,512,512,512,540,512
1697,569,543,543,543,542,540,540,540,536
1698,543,543,543,543,542,540,540,508,527
1699,480,496,496,496,496,496,497,463,496
1700,448,451,455,455,463,463,480,448,480
1701,415,448,448,448,448,448,448,451,448
1702,463,451,455,455,455,455,463,480,480
1703,512,480,483,487,483,480,483,512,483
1704,536,515,515,519,515,512,512,515,512
1705,511,512,511,511,513,511,511,504,510
1706,508,504,504,504,508,504,504,483,504
1707,463,480,480,480,480,480,480,463,480
1708,463,455,463,463,480,480,480,487,480
1709,512,512,512,512,496,512,496,496,512
1710,455,480,480,480,480,480,480,448,480
1711,399,415,448,448,448,448,448,448,448
1712,412,415,448,448,448,448,448,448,448
1713,399,412,415,448,448,448,448,448,448
1714,448,415,448,448,448,448,448,480,448
1715,512,512,512,512,512,512,512,512,512
1716,499,499,499,504,504,504,504,483,504
1717,463,480,480,480,480,480,483,455,480
1718,415,448,448,448,448,448,451,448,449
1719,448,448,448,448,451,449,455,480,455
1720,487,480,480,480,480,480,480,512,480
1721,543,527,526,527,527,524,519,527,519
1722,543,543,536,536,536,527,527,519,527
1723,511,524,511,511,511,511,511,483,511
1724,449,463,480,480,480,480,480,449,480
1725,448,448,448,448,448,448,449,480,451
1726,480,480,480,480,480,480,480,480,480
1727,448,463,463,480,480,480,480,449,480
1728,415,448,448,448,448,448,448,448,448
1729,448,448,448,448,448,448,448,455,448
1730,451,451,455,463,463,463,463,463,463
1731,448,451,455,455,462,463,463,448,463
1732,352,384,391,399,399,414,415,384,415
1733,255,319,352,384,384,384,384,391,384
1734,399,387,399,412,412,414,415,463,415
1735,512,512,512,512,512,512,512,519,512
1736,572,543,540,543,536,527,527,543,527
1737,575,575,568,568,560,543,543,540,543
1738,511,527,511,511,511,527,526,455,524
1739,384,415,448,448,448,448,448,384,448
1740,231,255,255,319,319,319,352,255,352
1741,224,225,255,255,255,255,255,384,255
1742,384,352,384,384,384,384,384,512,391
1743,575,543,543,543,540,527,527,608,540
1744,639,639,632,624,609,608,608,568,608
1745,511,568,543,543,543,542,543,448,543
1746,319,384,391,391,399,399,415,255,399
1747,127,199,254,255,255,255,255,255,255
1748,192,192,227,241,255,255,255,384,255
1749,448,384,391,399,412,415,399,542,415
1750,639,608,575,575,575,575,568,636,575
1751,768,704,639,639,639,639,639,608,639
1752,575,624,608,575,575,575,575,499,575
1753,448,480,480,480,480,480,481,399,480
1754,319,384,384,384,384,384,391,384,384
1755,384,384,384,384,384,384,387,448,384
1756,512,455,455,480,480,480,480,512,480
1757,519,519,512,515,515,519,512,504,518
1758,483,504,496,496,496,504,496,480,496
1759,449,463,480,463,463,480,480,448,480
1760,384,399,415,415,415,415,448,399,448
1761,384,384,391,391,391,399,412,448,399
1762,448,448,448,448,448,448,448,512,448
1763,519,512,512,512,512,512,512,496,512
1764,455,483,483,480,483,483,483,448,483
1765,384,399,414,414,415,415,415,399,415
1766,384,384,391,399,399,399,412,415,412
1767,391,391,399,414,414,415,448,448,415
1768,455,448,449,449,451,455,455,512,455
1769,543,519,515,515,515,519,513,540,515
1770,543,543,543,543,542,543,540,504,536
1771,455,496,480,481,483,483,487,399,483
1772,255,384,384,384,384,384,385,319,384
1773,224,254,255,255,255,255,255,319,255
1774,352,255,352,352,384,384,384,455,384
1775,543,512,512,512,512,512,512,569,512
1776,625,608,575,575,575,575,575,543,575
1777,511,543,543,543,543,543,542,448,536
1778,319,399,399,399,415,415,448,319,415
1779,195,255,255,255,255,255,319,255,255
1780,127,195,225,248,255,255,255,255,255
1781,255,255,255,319,319,319,319,512,319
1782,575,512,512,512,512,512,512,608,512
1783,768,639,639,639,624,639,612,624,624
1784,639,639,639,637,624,632,624,543,611
1785,511,561,511,511,511,511,511,448,511
1786,352,415,415,414,448,414,448,384,448
1787,224,255,255,316,319,319,319,255,352
1788,192,227,255,255,255,255,255,255,255
1789,255,255,255,255,255,319,319,414,319
1790,512,415,448,449,448,455,448,543,448
1791,671,608,575,608,575,575,575,624,575
1792,639,639,633,636,624,624,624,511,608
1793,455,511,511,508,511,504,511,387,511
1794,227,318,352,319,384,352,384,255,384
1795,127,192,240,231,255,255,255,255,255
1796,127,192,224,227,240,252,255,319,255
1797,384,255,319,352,352,384,384,512,384
1798,638,543,527,543,540,543,537,639,526
1799,780,768,704,704,704,671,639,639,639
1800,626,639,636,632,632,624,624,481,609
1801,384,448,448,448,448,448,448,352,448
1802,199,255,255,255,255,255,319,255,319
1803,241,252,255,255,255,255,318,384,319
1804,384,352,384,384,384,384,384,448,385
1805,448,448,448,448,448,451,449,463,448
1806,448,455,449,463,463,463,463,448,455
1807,384,412,415,448,448,448,448,391,448
1808,319,384,384,384,385,384,387,384,391
1809,255,255,352,319,352,352,384,384,384
1810,319,319,384,384,384,384,384,448,384
1811,515,512,463,480,480,512,512,560,512
1812,639,608,575,575,575,575,575,572,575
1813,543,575,560,568,543,543,543,449,543
1814,319,399,415,412,415,415,415,384,415
1815,255,255,319,319,352,384,384,384,384
1816,399,384,391,391,391,399,412,512,399
1817,624,542,537,543,527,527,543,632,542
1818,768,704,639,639,639,639,639,624,639
1819,575,636,608,608,608,575,575,455,575
1820,255,399,399,399,415,415,399,318,415
1821,199,255,255,255,255,255,255,319,255
1822,319,255,319,319,352,384,384,512,384
1823,575,512,512,512,512,512,512,632,512
1824,768,704,639,639,639,639,639,639,639
1825,639,639,639,639,636,636,636,511,632
1826,399,480,480,480,480,480,480,352,480
1827,192,255,255,255,255,255,255,255,319
1828,199,225,255,255,255,255,255,384,255
1829,399,384,384,384,385,384,387,515,391
1830,639,568,560,568,543,543,543,632,543
1831,768,671,639,639,636,636,636,624,638
1832,639,639,624,624,612,624,608,511,608
1833,448,499,496,496,499,496,497,412,496
1834,319,384,384,384,399,391,399,384,391
1835,255,319,319,352,384,384,384,387,384
1836,399,384,391,399,399,399,399,512,399
1837,568,524,519,519,512,512,512,543,515
1838,572,563,543,543,543,543,543,508,543
1839,480,496,496,496,496,496,496,449,496
1840,399,448,448,448,448,448,448,399,448
1841,319,384,384,384,391,387,391,384,391
1842,352,352,384,384,384,384,387,448,384
1843,455,448,448,448,448,448,448,487,448
1844,512,512,512,512,512,512,512,480,512
1845,455,463,480,480,480,480,463,463,480
1846,480,463,480,480,480,480,480,512,480
1847,540,512,512,512,512,512,512,543,512
1848,608,575,568,568,543,560,563,560,543
1849,572,572,560,543,543,543,543,511,543
1850,481,504,504,504,504,496,497,448,504
1851,384,399,412,415,448,415,415,391,448
1852,384,384,384,384,391,387,391,399,399
1853,387,384,399,399,399,399,415,451,415
1854,512,463,480,480,480,512,480,543,480
1855,608,575,572,568,543,543,543,560,543
1856,543,543,543,543,543,543,542,480,540
1857,415,448,451,451,463,463,455,399,463
1858,352,384,384,387,399,399,399,391,399
1859,384,384,384,384,391,391,391,391,399
1860,319,384,384,384,387,387,387,391,391
1861,384,384,387,391,391,399,399,415,399
1862,415,399,415,415,448,448,448,480,448
1863,527,512,512,512,512,512,512,563,512
1864,639,608,575,575,575,575,575,575,575
1865,575,575,575,575,568,572,568,496,568
1866,448,463,463,463,480,480,480,399,480
1867,319,384,384,384,391,391,391,384,391
1868,255,319,352,384,384,384,384,384,384
1869,255,319,352,352,384,384,384,384,384
1870,352,352,384,384,384,384,385,448,387
1871,512,448,455,463,455,455,463,519,455
1872,575,543,543,543,540,536,542,543,527
1873,543,543,543,543,540,543,540,480,527
1874,384,415,448,448,448,448,448,384,448
1875,241,255,255,319,319,319,319,255,352
1876,254,255,255,255,255,312,319,384,319
1877,448,391,412,415,415,415,415,518,415
1878,639,575,568,569,560,543,560,624,543
1879,768,704,639,639,639,639,639,624,636
1880,632,636,608,611,608,575,608,511,575
1881,449,496,483,487,496,487,487,415,487
1882,255,352,384,384,384,384,384,384,384
1883,255,255,319,319,352,384,384,385,384
1884,387,384,385,391,391,399,399,463,399
1885,542,512,512,512,512,512,512,542,512
1886,575,572,560,560,560,543,543,543,543
1887,575,575,560,561,560,543,543,543,543
1888,511,543,527,527,527,527,527,480,527
1889,385,448,448,448,448,448,448,385,448
1890,255,319,352,384,384,384,384,384,384
1891,319,319,384,384,384,384,384,391,384
1892,384,384,391,391,399,399,399,448,399
1893,463,448,451,451,455,455,463,481,462
1894,512,512,512,512,512,512,512,512,512
1895,543,527,519,519,519,519,519,543,519
1896,575,569,543,543,543,543,543,519,543
1897,483,508,504,504,504,504,504,448,504
1898,384,391,412,414,415,415,415,391,415
1899,319,352,384,384,384,384,384,391,384
1900,384,384,387,391,391,399,399,412,399
1901,384,384,391,391,399,399,399,399,412
1902,384,384,391,391,399,412,412,448,415
1903,455,448,448,448,451,455,455,512,455
1904,527,513,512,512,512,512,512,513,512
1905,504,512,508,508,511,508,508,463,505
1906,391,415,448,448,448,448,448,384,448
1907,255,318,319,352,384,384,384,255,384
1908,195,227,255,255,255,255,255,255,255
1909,255,255,255,255,316,319,319,391,319
1910,448,399,415,415,448,448,448,527,448
1911,639,608,575,575,575,575,575,639,574
1912,776,768,704,704,704,704,671,639,639
1913,636,639,632,624,624,624,624,496,608
1914,384,448,448,448,448,448,448,384,448
1915,224,252,255,255,255,255,255,255,318
1916,224,227,255,255,255,255,255,319,255
1917,255,255,316,319,319,319,319,387,352
1918,399,385,391,399,415,415,415,512,414
1919,543,524,515,515,519,519,524,568,512
1920,624,608,575,575,575,575,575,543,574
1921,511,543,543,543,527,540,537,455,527
1922,384,399,412,415,415,415,415,384,415
1923,224,255,255,255,255,255,255,255,319
1924,127,192,224,231,255,252,255,255,255
1925,255,241,255,255,255,255,255,415,255
1926,512,512,512,512,512,512,512,575,512
1927,768,639,639,639,625,639,625,634,626
1928,639,639,636,636,624,624,612,511,624
1929,448,480,480,480,480,480,480,387,480
1930,255,255,352,319,384,352,384,319,384
1931,255,255,255,255,319,318,319,384,319
1932,319,319,352,352,384,384,384,391,384
1933,387,387,399,399,412,412,415,448,415
1934,399,415,448,448,448,448,448,448,448
1935,384,399,415,415,415,415,415,391,448
1936,255,319,384,384,384,384,384,384,384
1937,319,319,384,384,384,384,384,415,384
1938,512,448,448,448,448,448,449,519,448
1939,608,574,543,543,543,543,543,561,542
1940,575,575,568,568,543,560,561,483,543
1941,384,448,451,448,451,448,451,352,455
1942,192,248,255,255,255,255,255,255,319
1943,240,225,255,255,255,255,255,412,255
1944,536,512,512,512,512,512,512,575,512
1945,768,639,634,639,627,632,632,639,608
1946,712,704,639,639,639,639,639,563,639
1947,480,511,511,511,511,511,511,414,511
1948,255,384,384,384,384,384,384,319,384
1949,199,252,255,255,255,255,255,352,255
1950,384,319,352,384,384,384,384,451,384
1951,537,512,512,512,512,512,512,543,512
1952,639,575,575,575,575,575,575,608,574
1953,639,639,624,624,612,624,608,543,608
1954,480,511,511,511,511,510,508,415,508
1955,255,384,384,384,384,384,384,319,384
1956,195,252,255,255,255,255,255,319,255
1957,319,255,319,319,352,352,384,448,384
1958,512,512,512,512,512,512,480,543,480
1959,639,575,575,575,575,575,575,624,575
1960,704,639,639,638,639,639,632,574,632
1961,511,560,511,511,511,511,511,448,511
1962,255,384,384,385,384,384,391,319,384
1963,227,255,255,255,255,255,319,255,319
1964,255,255,255,255,316,319,319,384,319
1965,391,384,384,384,391,391,391,512,399
1966,568,519,512,512,526,524,512,543,519
1967,575,575,543,543,568,561,543,519,560
1968,505,511,511,511,511,511,511,480,511
1969,448,448,455,455,451,451,455,448,454
1970,384,399,415,415,415,414,415,387,415
1971,255,319,384,384,384,384,384,384,384
1972,255,255,319,335,352,352,384,384,384
1973,384,352,384,384,384,384,384,448,384
1974,512,512,463,480,512,512,512,540,512
1975,608,575,568,568,569,568,543,575,561
1976,639,632,608,608,608,575,575,575,575
1977,575,608,575,575,575,572,574,496,568
1978,399,448,455,451,448,449,455,384,451
1979,248,255,319,319,319,319,319,319,319
1980,254,255,255,255,255,318,319,384,319
1981,319,319,352,384,384,384,384,415,384
1982,451,448,448,448,448,448,448,512,448
1983,575,568,543,543,543,543,542,543,543
1984,563,572,543,543,543,543,543,504,543
1985,463,480,483,481,480,480,480,448,480
1986,391,399,415,415,415,415,415,415,448
1987,384,384,391,391,391,399,399,399,399
1988,352,384,384,384,387,387,391,384,399
1989,255,319,384,384,384,384,384,384,384
1990,255,255,319,352,384,384,384,399,384
1991,448,399,412,415,415,415,448,512,415
1992,524,512,512,512,512,512,512,519,512
1993,568,543,527,527,527,527,527,540,527
1994,543,543,543,540,537,527,540,508,536
1995,463,496,496,496,487,483,487,448,487
1996,319,384,391,391,391,391,391,384,399
1997,224,255,255,255,319,319,319,255,319
1998,192,224,254,255,255,255,255,255,255
1999,255,255,255,255,255,316,319,415,319
2000,512,448,448,448,512,455,455,561,455
2001,704,639,608,608,608,608,608,624,575
2002,639,639,633,625,624,624,624,511,609
2003,448,496,499,483,483,487,487,384,496
2004,192,255,255,255,255,255,318,252,319
2005,103,127,193,199,224,224,224,255,240
2006,241,224,254,255,255,255,255,415,255
2007,543,512,512,512,512,512,512,608,512
2008,768,704,639,639,639,639,639,704,638
2009,792,768,768,704,704,704,704,639,671
2010,624,639,636,624,614,611,608,480,608
2011,319,391,415,415,412,412,414,255,448
2012,127,192,241,252,248,252,255,224,255
2013,127,127,195,224,224,224,227,255,241
2014,384,255,319,319,352,384,384,513,384
2015,639,575,543,543,568,574,560,639,543
2016,768,705,639,639,639,639,639,608,636
2017,575,624,575,575,575,575,575,480,575
2018,399,448,455,455,448,448,449,384,455
2019,255,255,319,384,319,319,384,255,384
2020,193,224,255,255,255,255,255,255,255
2021,255,252,255,255,255,255,255,384,319
2022,387,384,384,384,391,399,399,512,391
2023,575,540,519,515,527,527,519,611,512
2024,768,671,639,639,639,639,624,624,624
2025,624,639,624,610,608,608,575,496,575
2026,415,451,480,463,455,455,463,384,480
2027,255,255,319,319,319,319,384,319,384
2028,248,255,255,255,255,316,319,319,319
2029,255,255,255,318,319,319,319,384,319
2030,384,352,384,384,384,384,384,448,384
2031,512,512,463,480,512,512,463,527,463
2032,575,575,543,543,560,543,543,543,542
2033,543,543,543,543,542,536,536,455,527
2034,384,415,448,448,448,448,448,352,448
2035,224,254,255,255,255,255,319,255,319
2036,192,192,227,231,248,255,255,319,255
2037,384,319,319,352,384,384,384,512,384
2038,540,512,512,512,512,512,512,569,512
2039,639,624,575,575,575,575,575,575,575
2040,575,575,575,575,575,572,568,504,568
2041,480,496,496,487,487,481,496,448,496
2042,399,415,448,448,448,448,448,399,448
2043,319,384,384,384,384,384,387,384,391
2044,319,319,352,352,384,384,384,391,384
2045,387,384,391,391,399,399,399,448,399
2046,448,448,448,448,448,448,448,451,448
2047,455,451,451,455,455,455,451,480,455
2048,512,483,512,512,487,481,481,496,481
2049,496,496,496,496,496,496,512,463,496
2050,412,448,448,448,448,448,455,391,451
2051,255,352,384,384,384,384,384,319,385
2052,224,255,255,255,255,255,319,255,319
2053,231,255,255,255,255,255,255,384,255
2054,319,255,319,352,352,384,384,399,384
2055,415,391,399,415,414,415,415,451,415
2056,463,449,451,455,455,455,455,463,455
2057,448,449,451,451,451,451,455,448,455
2058,384,399,399,399,399,412,415,384,415
2059,255,319,384,384,384,384,384,384,384
2060,255,255,319,319,319,319,384,384,384
2061,255,255,319,352,384,384,384,384,384
2062,384,384,384,384,384,384,384,412,385
2063,387,391,399,399,412,414,415,415,415
2064,391,399,415,415,415,415,448,415,448
2065,384,391,399,399,399,412,415,399,415
2066,352,384,384,384,385,391,391,384,391
2067,255,319,352,352,384,384,384,319,384
2068,255,255,255,319,319,319,319,387,352
2069,448,391,399,415,415,415,415,524,415
2070,639,575,568,568,568,563,543,624,543
2071,768,671,639,639,639,639,632,611,624
2072,639,639,624,611,608,608,575,543,575
2073,543,560,543,543,543,511,543,496,540
2074,449,480,480,480,480,480,480,415,480
2075,384,384,391,391,391,391,399,391,414
2076,384,384,387,391,391,391,399,448,399
2077,455,448,448,448,448,449,449,480,449
2078,512,481,480,481,480,481,480,512,480
2079,568,543,540,536,527,527,524,543,519
2080,575,574,568,560,543,543,543,511,543
2081,508,511,511,508,504,504,508,480,508
2082,480,480,480,480,480,480,480,480,480
2083,463,463,463,463,463,463,480,455,480
2084,448,448,448,448,448,448,451,448,451
2085,448,448,448,448,448,448,448,480,448
2086,512,483,483,512,483,483,481,542,481
2087,639,575,575,575,572,569,563,608,560
2088,704,639,639,632,624,624,624,575,614
2089,572,575,572,568,543,543,543,496,543
2090,448,455,455,463,455,455,462,415,480
2091,352,384,384,387,387,387,391,384,399
2092,255,319,319,384,384,384,384,399,384
2093,448,415,448,448,448,448,448,512,448
2094,575,543,543,527,536,527,536,575,527
2095,639,632,624,608,608,575,608,575,575
2096,575,575,575,575,568,562,568,480,560
2097,391,448,448,448,448,448,448,387,448
2098,352,384,384,384,384,384,384,399,385
2099,399,387,399,399,412,415,414,455,415
2100,512,512,480,512,480,480,480,515,480
2101,574,543,543,527,536,527,527,560,527
2102,624,575,575,568,568,568,568,575,561
2103,639,632,624,608,575,575,575,608,575
2104,632,626,608,575,575,575,575,511,575
2105,483,511,504,511,504,504,504,415,504
2106,319,384,384,391,385,385,391,384,391
2107,384,384,384,384,387,387,391,448,391
2108,512,480,512,480,512,480,512,524,512
2109,575,543,543,540,543,542,542,543,543
2110,575,568,563,543,543,543,543,543,543
2111,575,575,572,543,543,543,543,543,543
2112,574,568,543,543,543,543,542,526,540
2113,511,511,511,519,511,511,511,480,510
2114,415,449,448,455,449,449,451,385,448
2115,255,352,384,384,384,384,384,384,384
2116,384,384,384,384,384,384,384,448,384
2117,512,455,480,463,480,512,512,527,512
2118,608,561,568,543,543,543,543,568,543
2119,625,575,575,575,574,575,574,575,568
2120,639,611,575,575,575,575,575,572,575
2121,575,575,572,568,561,560,561,511,543
2122,504,511,511,511,511,508,511,448,511
2123,384,415,415,448,415,415,448,384,448
2124,255,319,384,384,384,384,384,384,384
2125,319,319,384,384,384,384,384,387,384
2126,391,384,387,387,391,399,399,512,399
2127,575,512,512,512,512,512,512,575,512
2128,704,639,624,609,608,575,575,632,575
2129,704,671,639,639,636,632,624,575,624
2130,511,575,568,560,543,543,543,448,543
2131,316,384,387,391,391,399,399,352,412
2132,255,255,319,319,319,352,384,384,384
2133,387,384,385,387,391,391,399,480,399
2134,540,512,512,512,512,512,512,543,512
2135,638,575,575,575,568,560,543,575,543
2136,639,632,624,611,608,575,575,600,575
2137,639,626,624,608,575,575,575,575,575
2138,608,575,575,575,574,572,572,560,568
2139,575,575,574,568,568,560,561,543,543
2140,542,543,543,536,540,540,540,480,540
2141,399,448,448,448,448,455,455,387,455
2142,318,319,384,384,384,384,384,384,384
2143,384,384,384,384,385,387,387,512,391
2144,575,519,519,519,515,512,512,624,512
2145,768,704,639,639,639,639,637,639,636
2146,704,704,639,639,639,638,636,572,632
2147,511,575,560,543,543,543,543,463,543
2148,384,415,415,448,448,448,448,384,448
2149,255,255,319,319,352,384,384,352,384
2150,319,319,352,384,384,384,384,448,384
2151,536,512,512,512,512,512,512,575,512
2152,768,639,639,639,636,632,626,704,624
2153,799,776,768,712,712,704,704,639,704
2154,627,639,624,611,624,609,608,496,608
2155,412,451,455,455,455,455,455,384,463
2156,255,255,319,352,352,352,384,319,384
2157,255,255,255,255,316,319,319,387,319
2158,448,399,412,415,415,415,415,527,448
2159,632,575,568,562,568,543,543,636,543
2160,768,704,639,639,639,639,638,624,632
2161,624,632,609,608,608,575,575,508,575
2162,448,480,480,480,480,480,480,387,480
2163,255,319,384,384,384,384,384,319,384
2164,255,255,255,255,255,255,319,384,319
2165,415,384,391,399,399,399,399,519,414
2166,624,575,543,561,568,543,543,624,543
2167,704,639,639,639,639,625,624,608,624
2168,636,626,608,608,608,575,575,543,575
2169,575,568,560,543,543,543,543,511,543
2170,511,511,511,508,504,508,508,455,504
2171,448,448,448,448,448,448,448,448,448
2172,448,448,448,448,448,448,448,463,448
2173,463,462,463,463,480,480,463,480,480
2174,480,480,480,480,480,480,480,512,480
2175,543,515,512,513,515,512,512,527,512
2176,575,543,543,543,543,540,536,543,536
2177,575,563,543,543,543,543,543,511,543
2178,487,504,504,497,497,504,499,455,496
2179,414,448,448,448,448,448,448,415,448
2180,384,384,391,391,399,399,399,387,399
2181,384,384,384,384,384,387,391,448,387
2182,512,449,451,455,462,451,455,540,462
2183,632,575,568,568,568,543,543,608,543
2184,704,639,636,628,632,611,608,575,611
2185,575,575,575,575,575,572,572,496,568
2186,415,462,480,463,480,480,480,387,480
2187,255,319,384,384,384,384,384,384,384
2188,255,318,319,352,384,384,384,399,384
2189,412,391,399,412,415,415,415,463,415
2190,512,512,512,512,512,512,512,543,512
2191,639,575,568,572,572,560,543,608,560
2192,639,636,624,611,609,575,575,575,575
2193,624,612,575,575,575,575,575,511,575
2194,463,496,504,496,496,499,504,415,487
2195,352,384,399,391,399,412,415,384,399
2196,255,319,384,352,384,384,384,384,384
2197,319,319,384,384,384,384,384,448,384
2198,512,448,448,448,451,448,448,543,449
2199,639,575,575,575,575,568,568,639,568
2200,776,712,671,671,639,639,639,671,639
2201,768,768,704,704,671,639,639,639,639
2202,671,671,639,639,637,636,636,563,626
2203,511,511,543,511,511,511,511,415,511
2204,255,384,384,384,387,399,391,319,391
2205,224,252,255,255,255,255,255,319,318
2206,384,319,352,384,384,384,384,512,384
2207,615,536,527,526,527,515,527,639,524
2208,799,768,704,671,671,639,639,768,639
2209,864,820,781,768,768,768,768,704,768
2210,704,768,704,704,639,639,639,511,639
2211,385,480,463,480,480,481,480,319,480
2212,127,224,255,255,255,255,255,255,255
2213,224,199,241,255,255,255,255,391,255
2214,512,415,448,448,448,448,448,608,448
2215,780,704,639,638,639,632,639,768,638
2216,916,864,797,768,768,768,768,768,768
2217,792,799,768,768,768,768,768,568,768
2218,448,511,511,511,511,511,511,384,511
2219,199,255,255,319,319,319,319,255,319
2220,192,195,241,255,255,255,255,319,255
2221,319,255,319,319,352,319,384,462,384
2222,568,512,512,512,512,512,512,627,512
2223,792,768,671,639,639,639,639,768,639
2224,824,796,768,768,768,768,708,639,704
2225,671,704,639,639,639,639,639,511,639
2226,391,463,463,480,480,480,480,319,480
2227,159,227,255,255,255,255,255,254,255
2228,192,192,227,248,252,255,255,384,255
2229,448,384,391,387,399,391,412,575,399
2230,768,639,636,624,632,608,624,768,608
2231,904,831,792,776,768,768,768,768,768
2232,768,768,716,768,704,704,704,511,704
2233,415,496,487,504,483,504,486,352,504
2234,231,255,255,319,319,319,319,319,384
2235,352,255,352,384,384,384,384,512,384
2236,575,512,512,512,512,512,512,608,512
2237,704,639,626,611,624,608,611,624,608
2238,639,639,608,608,608,575,608,574,575
2239,575,575,568,568,560,560,560,511,543
2240,508,511,510,511,508,511,508,480,511
2241,480,480,480,481,480,483,480,451,487
2242,415,448,448,448,448,449,448,448,449
2243,399,414,448,448,448,448,448,448,448
2244,399,414,415,415,448,448,448,448,448
2245,415,415,415,432,448,448,448,455,448
2246,512,480,480,480,480,480,480,540,480
2247,639,575,575,575,568,575,568,624,572
2248,768,704,639,639,639,639,638,634,638
2249,671,671,639,639,637,639,632,511,632
2250,480,511,511,511,511,511,508,399,508
2251,255,319,384,384,384,384,384,319,384
2252,224,240,255,255,255,255,255,319,255
2253,319,255,319,352,384,384,384,448,384
2254,512,512,512,512,463,512,512,560,512
2255,639,627,575,608,575,575,575,608,575
2256,639,639,624,624,609,624,608,572,608
2257,560,575,561,562,568,560,543,481,543
2258,399,448,448,448,455,449,451,412,451
2259,352,384,384,384,391,387,391,399,399
2260,384,384,384,385,391,391,391,415,399
2261,415,399,415,415,415,448,448,480,448
2262,526,512,512,512,512,512,512,543,512
2263,639,608,575,575,575,575,575,624,572
2264,768,704,639,639,639,639,639,639,636
2265,768,704,671,639,639,639,639,575,639
2266,511,568,543,511,543,511,511,451,511
2267,384,412,415,415,415,448,415,384,448
2268,255,319,352,384,384,384,384,384,384
2269,319,319,384,384,384,384,384,415,384
2270,512,448,448,448,448,448,451,543,448
2271,671,608,608,575,575,575,575,639,575
2272,777,768,704,704,671,639,639,639,639
2273,708,704,671,639,639,639,639,568,639
2274,480,511,511,511,511,511,511,391,511
2275,224,255,319,319,319,384,319,255,384
2276,227,248,255,255,255,255,255,384,255
2277,415,384,387,391,399,399,412,512,399
2278,624,543,543,543,543,542,543,608,537
2279,768,639,639,638,639,624,634,639,614
2280,768,704,671,639,639,639,639,632,639
2281,639,639,632,624,624,611,611,543,608
2282,499,511,511,511,511,511,511,448,511
2283,319,384,391,391,391,399,399,384,399
2284,255,255,319,319,319,352,352,384,384
2285,319,318,319,352,384,384,384,415,384
2286,512,448,448,448,451,448,451,519,448
2287,575,543,543,540,543,540,543,575,540
2288,639,624,575,575,575,575,575,575,575
2289,575,575,575,563,561,568,543,511,560
2290,486,508,504,496,497,499,496,448,497
2291,391,414,415,415,415,448,448,399,448
2292,387,384,399,399,399,399,415,448,412
2293,415,415,448,448,448,448,448,451,448
2294,455,448,448,451,455,455,455,512,455
2295,560,527,519,519,527,515,519,572,524
2296,626,614,575,575,575,575,575,572,575
2297,575,575,575,572,572,568,563,542,568
2298,543,543,543,542,542,540,536,505,527
2299,496,499,504,496,496,497,497,480,496
2300,480,463,480,480,480,480,480,455,480
2301,415,448,448,448,448,451,451,415,449
2302,384,387,399,412,414,415,415,448,415
2303,455,448,448,448,448,448,448,527,448
2304,611,572,543,543,543,543,543,575,543
2305,624,624,575,575,575,575,575,540,575
2306,508,511,511,511,511,511,511,448,511
2307,319,387,399,399,399,415,415,384,399
2308,255,255,352,352,384,384,384,384,384
2309,384,384,384,384,387,391,391,448,391
2310,512,455,455,463,463,463,463,543,480
2311,639,575,575,575,575,568,572,624,572
2312,704,639,639,639,639,632,627,624,624
2313,639,639,632,626,624,611,609,511,608
2314,480,511,511,505,504,511,508,415,504
2315,319,384,387,384,391,399,399,384,399
2316,255,255,319,319,319,384,352,384,384
2317,384,384,384,384,384,384,387,451,391
2318,512,455,480,512,512,463,512,540,480
2319,608,574,572,572,569,543,560,575,543
2320,608,575,575,575,575,572,575,543,568
2321,543,543,543,543,542,543,536,481,511
2322,448,463,455,455,462,480,455,448,463
2323,391,399,414,415,415,448,415,415,448
2324,391,399,414,415,415,448,415,448,448
2325,448,415,448,448,448,448,448,480,448
2326,512,480,483,483,487,480,483,540,480
2327,624,575,575,572,568,543,543,608,543
2328,704,639,639,639,636,624,624,639,614
2329,768,704,639,639,639,639,636,636,633
2330,704,671,639,639,638,636,627,575,624
2331,574,575,574,572,568,572,568,463,560
2332,384,412,415,415,448,448,448,384,448
2333,255,255,255,319,319,319,352,352,319
2334,384,319,384,384,384,384,384,512,384
2335,575,526,519,524,524,512,512,627,515
2336,782,768,704,671,671,639,639,768,639
2337,864,824,768,768,768,768,768,704,768
2338,768,768,704,704,704,704,671,511,639
2339,415,483,487,483,483,504,504,384,483
2340,192,241,255,255,255,255,319,255,255
2341,225,224,255,255,255,255,255,391,255
2342,512,448,448,448,448,448,448,575,448
2343,780,704,639,639,639,632,627,768,636
2344,896,831,781,776,768,768,768,768,768
2345,831,826,776,768,768,768,768,639,768
2346,575,639,624,611,608,624,611,455,575
2347,255,384,384,384,385,399,399,255,391
2348,127,192,224,227,248,255,255,255,255
2349,319,255,313,319,319,319,319,512,319
2350,624,543,540,540,537,519,527,632,527
2351,776,768,704,704,671,639,639,639,639
2352,768,768,704,704,639,639,639,624,639
2353,636,639,624,611,608,608,608,511,575
2354,508,511,511,511,511,511,511,455,511
2355,384,399,415,415,448,448,448,399,448
2356,384,384,384,384,387,391,391,448,399
2357,455,448,448,448,448,448,448,519,448
2358,632,575,572,563,560,543,543,632,543
2359,780,768,704,671,639,639,639,704,639
2360,768,768,768,705,704,704,671,614,671
2361,511,575,575,575,575,575,572,451,568
2362,319,384,387,391,399,412,399,352,399
2363,255,255,316,319,319,319,352,391,352
2364,449,399,415,415,415,415,448,543,448
2365,671,624,608,575,575,575,575,671,575
2366,831,796,768,768,768,768,706,768,704
2367,792,799,768,768,768,768,712,608,704
2368,510,575,511,511,511,562,511,415,511
2369,255,319,384,384,384,387,384,319,384
2370,227,248,255,255,255,255,319,352,319
2371,319,255,319,352,384,384,384,463,384
2372,575,515,513,512,512,512,512,624,512
2373,768,704,671,639,639,639,639,639,639
2374,708,768,704,639,639,639,639,575,639
2375,560,575,574,572,561,568,560,504,560
2376,487,496,496,504,496,499,496,480,496
2377,480,463,480,480,480,481,480,496,480
2378,513,512,496,512,512,512,512,512,512
2379,483,497,499,497,496,496,496,455,496
2380,399,448,448,448,448,448,448,448,448
2381,448,448,448,448,448,448,448,487,448
2382,527,512,512,512,512,512,512,540,512
2383,575,560,543,543,543,542,543,575,543
2384,639,611,575,575,575,575,575,575,575
2385,608,608,575,575,575,575,575,543,575
2386,511,543,542,543,540,543,537,481,540
2387,415,449,455,463,455,480,463,399,463
2388,319,384,384,384,384,391,387,384,387
2389,384,384,384,384,384,387,387,463,387
2390,527,512,512,512,512,512,512,575,512
2391,768,639,638,624,632,624,624,704,624
2392,831,776,768,768,768,768,704,712,707
2393,768,768,768,704,704,704,704,575,704
2394,496,511,511,511,511,511,511,384,511
2395,255,255,319,384,352,384,384,255,384
2396,240,248,255,255,255,255,255,387,255
2397,512,412,415,415,448,415,448,575,448
2398,768,639,638,627,633,624,625,768,632
2399,896,828,776,768,768,768,768,708,768
2400,768,768,704,704,639,639,639,511,639
2401,480,504,511,511,504,511,508,384,499
2402,255,319,384,384,384,384,384,255,384
2403,241,255,255,255,255,255,319,384,318
2404,387,384,384,384,387,384,391,527,391
2405,639,575,568,575,575,560,568,704,575
2406,824,776,768,768,712,704,704,707,708
2407,768,768,768,704,704,704,704,575,671
2408,511,511,511,511,511,511,511,448,511
2409,399,415,448,448,448,448,448,415,448
2410,399,391,415,415,415,448,448,463,415
2411,512,512,480,512,512,480,480,527,512
2412,527,536,524,527,527,519,524,511,527
2413,481,496,487,497,496,496,496,487,497
2414,496,480,481,496,483,483,487,512,487
2415,527,512,512,512,512,512,512,527,512
2416,575,543,543,543,543,543,543,568,543
2417,608,575,575,575,575,575,572,511,568
2418,480,511,511,511,508,510,510,415,504
2419,319,384,387,399,399,399,412,384,399
2420,255,255,319,319,319,352,352,384,384
2421,319,319,319,384,384,384,384,451,384
2422,519,512,512,512,512,512,512,608,512
2423,768,671,639,639,639,632,639,716,636
2424,831,799,768,768,768,768,768,671,712
2425,704,704,671,639,639,639,639,511,639
2426,480,511,504,511,508,511,504,399,504
2427,255,384,384,384,384,384,384,384,384
2428,255,255,319,352,352,384,384,399,384
2429,387,384,399,399,412,399,415,463,415
2430,512,512,512,480,512,480,512,542,480
2431,624,575,575,568,568,560,561,626,568
2432,768,671,639,639,639,639,638,624,639
2433,632,639,624,624,608,608,575,510,608
2434,448,480,480,480,480,480,480,384,480
2435,255,255,319,319,319,352,384,319,352
2436,255,255,255,255,319,319,319,384,319
2437,391,384,391,399,399,399,412,512,415
2438,543,515,518,519,519,515,512,608,515
2439,768,639,639,639,637,632,624,639,624
2440,768,704,671,671,639,639,639,624,639
2441,638,639,624,611,608,608,608,511,575
2442,487,511,510,510,510,511,511,415,511
2443,255,384,384,384,384,384,391,319,387
2444,224,255,255,255,255,255,255,319,255
2445,255,255,255,255,255,319,319,412,319
2446,512,415,448,448,448,448,448,543,448
2447,639,608,575,575,575,575,572,636,572
2448,768,704,639,639,639,639,639,639,638
2449,671,704,639,639,639,639,638,543,632
2450,463,511,504,504,510,499,511,387,510
2451,255,319,319,352,384,384,384,255,384
2452,195,224,255,255,255,255,255,319,255
2453,255,255,319,319,319,319,319,449,384
2454,542,512,512,512,512,512,512,624,512
2455,768,704,671,639,639,639,639,768,638
2456,896,826,776,768,768,768,768,768,768
2457,783,783,768,768,768,712,716,575,704
2458,508,511,511,511,511,511,511,385,511
2459,248,255,319,319,384,319,319,255,384
2460,254,255,255,255,255,255,255,391,319
2461,448,399,415,448,448,448,448,542,448
2462,633,575,575,575,568,572,575,624,543
2463,704,639,639,639,632,632,639,639,624
2464,768,704,639,639,639,639,639,624,638
2465,636,639,624,609,608,608,608,511,608
2466,463,504,496,496,504,496,496,448,504
2467,399,415,448,415,448,448,448,448,448
2468,399,415,448,415,448,448,448,449,448
2469,448,448,449,451,451,451,455,512,455
2470,519,512,512,512,512,512,512,543,512
2471,639,575,575,575,575,575,575,624,575
2472,712,671,639,639,639,636,639,608,633
2473,624,632,608,608,608,575,575,511,575
2474,511,511,511,511,511,511,511,480,511
2475,415,448,455,448,455,455,451,415,451
2476,384,384,391,391,399,399,399,448,412
2477,455,448,448,448,448,448,455,512,449
2478,575,543,527,536,527,527,537,575,527
2479,639,632,608,608,575,575,608,575,575
2480,575,608,575,575,575,574,575,511,575
2481,480,510,511,508,511,504,504,448,508
2482,384,391,415,415,448,415,415,399,448
2483,384,384,391,391,399,399,399,448,399
2484,448,448,448,448,448,448,448,480,448
2485,512,483,480,483,480,483,496,515,481
2486,574,543,536,540,527,527,540,575,527
2487,639,639,611,612,608,608,608,636,575
2488,768,704,639,639,639,639,639,608,634
2489,575,608,575,575,575,575,575,511,575
2490,483,496,504,497,504,497,497,455,504
2491,399,415,448,448,448,448,448,415,448
2492,384,384,385,387,391,399,399,448,399
2493,512,448,449,451,455,455,462,518,455
2494,575,568,543,543,543,543,543,575,543
2495,639,639,632,624,624,609,609,575,608
2496,575,608,575,575,575,575,575,511,575
2497,480,504,497,497,504,504,504,448,508
2498,384,385,391,399,399,414,415,399,415
2499,384,384,384,387,391,391,399,448,399
2500,448,415,448,448,448,448,448,512,448
2501,542,515,513,512,515,512,518,543,512
2502,575,574,568,560,561,543,560,543,543
2503,575,575,568,563,563,543,561,527,543
2504,505,511,511,511,511,511,511,480,511
2505,451,455,480,480,480,480,480,451,480
2506,415,415,448,448,448,448,448,451,448
2507,451,448,449,451,455,455,462,480,463
2508,512,480,480,480,483,512,496,512,483
2509,527,513,512,512,512,511,519,527,512
2510,568,543,543,543,543,543,543,519,540
2511,487,504,511,510,504,508,508,451,504
2512,391,414,448,448,448,448,448,415,448
2513,384,387,399,399,412,414,415,415,415
2514,384,384,399,399,399,412,415,448,415
2515,448,415,448,448,448,448,448,480,448
2516,483,512,480,480,480,480,487,512,480
2517,515,497,512,512,512,512,512,527,512
2518,575,561,543,543,543,543,543,575,543
2519,639,624,608,575,575,575,575,575,575
2520,575,575,575,575,568,568,568,540,561
2521,542,543,540,537,511,527,511,508,527
2522,480,497,496,497,496,496,496,455,496
2523,415,448,448,448,448,448,448,451,448
2524,480,448,455,455,463,463,480,512,463
2525,543,519,519,515,519,518,524,527,519
2526,560,543,543,540,536,536,542,543,540
2527,575,575,568,560,543,543,543,543,543
2528,574,572,568,560,543,543,543,542,543
2529,543,543,543,542,527,527,527,504,527
2530,455,483,480,480,480,480,480,455,480
2531,415,448,448,448,448,448,448,448,448
2532,391,399,414,415,415,448,448,448,448
2533,455,448,448,449,455,455,455,512,462
2534,513,512,512,512,512,512,512,508,512
2535,527,512,512,519,511,512,512,527,511
2536,575,543,543,543,543,543,543,560,540
2537,608,575,575,575,568,568,568,568,543
2538,608,575,575,572,569,568,568,543,560
2539,543,560,543,543,543,543,543,483,543
2540,387,448,448,448,448,448,449,387,455
2541,255,319,352,352,384,384,384,352,384
2542,255,255,316,319,319,319,319,385,384
2543,448,387,399,412,412,412,415,519,415
2544,639,575,575,575,569,561,572,612,543
2545,704,639,639,639,632,627,628,575,611
2546,569,575,575,575,572,574,572,480,568
2547,384,415,448,448,448,448,448,387,449
2548,255,319,384,384,384,384,384,387,385
2549,384,384,384,384,391,391,391,448,399
2550,512,449,451,451,455,451,463,527,455
2551,639,575,575,572,575,561,574,624,543
2552,712,671,639,639,639,636,636,632,624
2553,639,639,639,638,634,627,625,561,624
2554,496,511,511,511,511,511,511,449,511
2555,384,391,412,415,415,448,415,384,448
2556,255,318,352,384,384,384,384,384,384
2557,384,384,384,385,391,391,391,451,399
2558,512,512,480,512,512,512,512,537,512
2559,624,575,568,563,572,543,563,575,543
2560,614,611,575,575,575,575,575,543,575
2561,543,561,543,543,543,543,543,511,543
2562,496,508,508,510,510,511,504,463,511
2563,384,412,415,448,448,448,448,391,448
2564,319,352,384,384,384,384,384,384,391
2565,319,319,384,384,384,384,384,415,384
2566,455,448,448,448,448,448,449,512,448
2567,575,543,540,537,540,527,537,575,527
2568,639,632,608,608,608,608,575,575,575
2569,608,608,575,575,575,575,575,537,575
2570,504,511,511,511,511,511,511,463,511
2571,387,415,448,448,448,448,448,415,448
2572,384,385,399,399,414,399,415,415,415
2573,414,399,415,415,448,415,448,480,448
2574,512,512,512,512,512,512,512,519,483
2575,543,543,527,527,527,527,527,540,526
2576,572,543,543,540,543,543,543,543,540
2577,560,543,543,543,543,543,543,508,543
2578,449,483,483,481,487,483,483,412,483
2579,255,384,384,384,384,384,384,384,384
2580,384,319,384,384,384,384,384,451,384
2581,512,512,512,480,512,512,512,543,512
2582,636,575,575,575,575,575,575,612,575
2583,671,639,639,632,624,632,624,612,624
2584,639,639,636,624,624,624,624,575,611
2585,609,608,575,575,575,575,575,563,575
2586,609,575,575,575,574,572,574,568,568
2587,575,575,568,568,560,560,560,511,543
2588,463,487,496,496,496,496,496,448,487
2589,384,387,399,412,415,415,415,415,415
2590,399,399,415,415,415,415,415,512,448
2591,568,527,524,519,519,519,524,575,519
2592,768,671,639,639,636,636,636,671,632
2593,799,776,768,768,712,706,704,704,704
2594,768,768,704,704,671,671,639,568,639
2595,480,511,511,511,511,511,511,391,511
2596,255,255,319,319,352,352,352,319,384
2597,255,255,255,255,319,318,319,415,319
2598,512,448,451,451,455,455,463,575,463
2599,768,688,639,639,639,639,639,768,639
2600,896,831,792,780,770,768,768,768,768
2601,799,799,768,768,768,768,768,608,768
2602,504,511,511,511,511,511,511,391,511
2603,231,255,255,319,319,319,319,255,319
2604,224,199,255,255,255,255,255,384,255
2605,512,415,448,448,448,448,448,575,448
2606,768,704,639,639,639,639,639,704,639
2607,799,799,768,768,768,768,768,671,768
2608,704,768,671,639,639,639,639,560,639
2609,480,511,511,511,508,510,510,412,508
2610,255,319,384,384,384,384,384,352,384
2611,255,255,319,319,319,319,319,415,352
2612,512,448,448,448,449,448,455,575,455
2613,768,639,638,626,624,624,625,704,624
2614,831,799,768,768,768,768,768,768,768
2615,829,816,768,768,768,768,768,639,768
2616,639,639,639,639,638,636,626,487,624
2617,384,415,448,448,448,448,448,319,448
2618,199,240,255,255,255,255,255,255,255
2619,255,255,255,319,319,319,319,512,319
2620,568,512,512,512,512,512,512,639,512
2621,799,768,768,704,671,704,704,768,671
2622,904,896,824,799,780,782,776,768,768
2623,776,794,768,768,768,768,768,568,704
2624,451,511,505,508,511,505,504,384,504
2625,248,255,255,319,319,319,319,255,319
2626,227,248,255,255,255,255,255,384,316
2627,384,384,384,384,384,384,387,512,391
2628,575,536,543,543,527,542,542,639,537
2629,768,704,704,704,639,639,639,768,639
2630,831,794,768,768,768,768,768,712,768
2631,768,768,712,705,704,704,704,572,671
2632,504,511,511,511,511,511,511,415,511
2633,319,384,384,384,391,385,391,384,391
2634,255,255,319,319,384,352,384,384,384
2635,384,384,384,384,385,385,391,512,391
2636,572,512,527,526,513,519,512,624,524
2637,768,671,639,639,636,639,632,639,638
2638,704,671,639,639,639,639,639,608,639
2639,624,627,608,575,575,575,575,511,575
2640,496,511,511,510,511,510,511,463,508
2641,448,451,449,451,480,455,463,448,455
2642,391,415,415,448,448,448,448,448,448
2643,385,391,415,415,415,415,448,448,448
2644,463,448,455,455,451,455,455,526,463
2645,624,560,563,543,543,543,543,624,543
2646,768,704,639,639,639,639,639,671,637
2647,788,768,768,704,704,671,671,639,639
2648,768,704,671,639,639,639,639,608,639
2649,632,632,609,608,608,608,608,543,575
2650,487,511,511,511,511,511,511,448,511
2651,319,391,399,415,415,414,415,384,448
2652,255,319,352,384,384,384,384,399,384
2653,449,399,415,415,448,448,448,542,448
2654,671,575,575,575,574,575,575,639,572
2655,828,768,768,704,704,704,704,768,639
2656,864,799,768,768,768,768,768,704,768
2657,704,768,704,671,671,639,639,511,639
2658,391,496,480,496,486,480,480,352,496
2659,193,255,255,312,255,255,316,319,319
2660,255,255,316,319,319,319,319,455,352
2661,563,512,512,512,512,512,512,608,512
2662,768,639,639,639,639,639,638,639,624
2663,768,768,704,671,639,671,639,632,639
2664,639,639,632,624,624,624,624,575,609
2665,575,608,575,575,572,575,574,543,575
2666,543,563,543,543,543,543,543,504,543
2667,455,480,483,496,496,481,481,480,487
2668,451,451,463,463,480,463,463,480,463
2669,480,463,480,480,480,480,480,480,480
2670,480,480,480,480,481,483,480,512,480
2671,568,540,537,527,527,527,527,568,536
2672,624,608,575,575,575,575,575,575,575
2673,632,632,611,608,575,575,575,568,575
2674,511,563,543,543,543,543,543,496,543
2675,448,463,480,480,480,480,480,448,480
2676,384,391,399,415,448,415,415,399,415
2677,384,384,385,391,399,399,399,448,399
2678,480,448,451,455,455,455,455,543,463
2679,639,608,575,575,572,575,575,639,575
2680,798,768,712,704,671,704,671,768,671
2681,794,783,768,768,716,768,704,634,704
2682,575,626,608,608,608,575,575,480,575
2683,387,448,448,448,455,448,451,384,451
2684,255,319,352,384,384,384,384,384,384
2685,319,319,352,384,384,384,384,448,384
2686,519,512,512,512,512,512,512,575,512
2687,704,639,624,632,615,624,608,671,608
2688,768,768,704,704,704,671,639,639,639
2689,632,639,625,626,624,614,614,511,608
2690,448,483,487,487,496,483,496,399,496
2691,255,352,384,384,384,384,391,352,387
2692,255,255,319,319,319,319,384,414,384
2693,512,448,448,448,448,448,448,572,448
2694,671,632,608,608,608,575,575,639,575
2695,768,712,671,639,639,639,639,639,639
2696,704,704,639,639,639,639,639,575,638
2697,511,575,575,572,572,568,572,496,560
2698,448,480,480,480,480,480,487,448,480
2699,384,384,399,399,414,399,415,399,415
2700,384,384,391,399,414,412,414,448,415
2701,448,448,448,448,448,448,448,512,451
2702,543,527,515,519,519,519,513,543,515
2703,575,575,560,560,543,543,543,568,543
2704,575,575,574,572,568,568,568,542,560
2705,511,540,511,511,511,511,511,496,511
2706,480,487,496,496,496,496,496,480,496
2707,448,451,455,463,480,463,480,449,463
2708,415,448,448,448,448,448,448,463,448
2709,512,462,463,463,480,480,480,527,480
2710,608,569,543,543,543,543,543,627,543
2711,768,704,639,639,639,639,639,704,639
2712,768,768,768,704,704,704,704,633,671
2713,608,636,624,608,611,608,608,481,608
2714,391,448,448,448,455,448,451,384,451
2715,255,319,384,384,384,384,384,415,384
2716,512,415,448,448,448,448,448,543,448
2717,704,625,608,608,575,575,575,704,575
2718,816,782,768,768,768,712,704,704,704
2719,704,768,704,671,639,639,639,511,639
2720,480,504,511,504,511,504,511,415,504
2721,384,384,399,399,415,412,415,415,415
2722,415,412,448,448,448,448,448,512,448
2723,519,512,512,512,512,512,512,543,512
2724,608,575,568,572,560,561,543,608,560
2725,639,638,611,624,608,608,575,624,575
2726,671,639,632,632,624,624,624,632,609
2727,708,639,639,639,638,634,636,626,632
2728,639,639,632,624,624,624,612,511,608
2729,480,511,511,511,511,511,511,448,511
2730,384,412,448,415,448,448,448,415,448
2731,384,387,412,412,415,415,415,448,448
2732,448,448,448,448,448,448,448,512,449
2733,543,518,512,512,512,512,513,575,512
2734,712,639,624,626,624,611,624,639,608
2735,768,768,704,704,671,639,671,639,639
2736,671,704,639,639,639,639,639,543,639
2737,463,511,511,511,511,511,511,415,511
2738,255,384,387,384,387,391,391,352,399
2739,255,255,319,319,319,352,319,384,384
2740,352,319,384,384,384,384,384,463,384
2741,543,512,512,512,512,512,512,611,512
2742,768,704,639,639,639,638,639,768,632
2743,896,799,768,768,768,768,768,768,768
2744,794,792,768,768,768,768,768,608,768
2745,511,575,575,575,572,575,511,448,511
2746,319,384,399,399,399,415,415,384,448
2747,255,255,319,319,319,384,384,384,384
2748,319,319,384,384,384,384,384,451,384
2749,542,512,512,512,512,512,512,608,512
2750,768,671,639,639,639,632,633,704,632
2751,831,792,768,768,768,768,768,704,768
2752,768,768,768,704,704,704,704,574,704
2753,480,511,511,511,511,511,511,399,511
2754,255,319,384,384,384,384,384,319,384
2755,224,240,255,255,255,255,255,384,255
2756,384,319,384,384,384,384,384,512,384
2757,543,515,512,512,519,512,512,575,515
2758,639,636,608,608,612,575,575,639,608
2759,768,704,639,639,639,639,639,636,639
2760,639,639,639,639,636,632,632,575,624
2761,568,575,575,568,561,568,563,511,543
2762,463,496,504,499,496,504,497,448,496
2763,319,384,399,399,399,415,399,384,412
2764,255,318,319,352,384,384,384,384,384
2765,319,319,384,384,384,384,384,448,384
2766,512,455,455,480,480,463,512,561,480
2767,638,608,575,575,575,575,575,632,575
2768,768,671,639,639,639,639,639,639,632
2769,671,671,639,639,639,639,636,543,632
2770,480,511,511,511,511,511,511,414,511
2771,255,352,384,384,384,387,384,319,387
2772,225,255,255,255,255,319,319,352,319
2773,319,255,319,352,384,384,384,512,384
2774,575,519,512,519,526,512,519,639,515
2775,799,768,704,704,704,639,671,704,639
2776,792,776,768,768,768,768,704,639,704
2777,639,671,639,639,639,639,636,543,632
2778,480,511,511,511,511,511,511,448,511
2779,319,384,387,384,384,399,391,387,399
2780,384,384,384,384,384,387,391,455,399
2781,512,512,512,512,512,512,512,543,512
2782,611,575,560,568,572,543,568,608,560
2783,704,639,632,627,632,624,624,624,612
2784,639,639,632,624,624,624,609,575,608
2785,574,575,575,572,569,572,568,504,563
2786,448,480,480,480,480,483,480,448,480
2787,384,399,415,415,415,448,448,415,448
2788,384,384,399,399,399,414,415,449,415
2789,480,449,455,455,463,463,480,513,463
2790,543,536,527,527,527,527,527,543,527
2791,568,543,543,543,543,543,543,543,542
2792,608,575,574,569,572,572,568,575,568
2793,610,608,575,575,575,575,575,568,575
2794,575,575,575,574,572,572,568,543,568
2795,543,560,543,543,543,543,543,496,543
2796,399,448,448,451,455,451,463,399,455
2797,255,319,384,384,384,384,387,384,384
2798,255,255,319,352,384,384,384,399,384
2799,448,412,415,448,448,448,448,527,448
2800,639,608,575,575,575,575,569,624,575
2801,704,671,639,639,639,636,627,575,632
2802,574,575,575,575,575,572,574,510,568
2803,448,480,480,480,480,480,483,415,480
2804,255,384,384,384,384,384,391,384,385
2805,255,255,319,352,384,384,384,399,384
2806,391,384,399,399,414,414,415,480,415
2807,527,512,512,512,512,512,512,572,512
2808,704,632,632,624,624,608,575,639,608
2809,768,768,704,671,671,639,639,639,639
2810,704,704,639,639,639,639,639,575,639
2811,510,511,511,511,511,511,511,449,511
2812,384,399,391,399,414,415,448,384,415
2813,255,255,319,352,352,384,384,384,384
2814,384,384,384,384,384,387,391,512,391
2815,543,512,519,519,518,519,512,568,518
2816,608,575,575,575,575,575,575,561,575
2817,561,568,568,543,543,543,543,511,543
2818,496,511,504,504,504,504,508,455,504
2819,384,415,415,448,448,448,448,412,448
2820,384,384,384,391,391,391,399,415,399
2821,391,391,399,415,415,415,415,480,415
2822,519,512,512,512,512,512,512,543,512
2823,608,575,574,568,568,568,563,575,568
2824,637,624,608,575,575,575,575,575,575
2825,608,608,575,575,575,575,575,511,575
2826,451,496,496,504,497,496,497,415,496
2827,319,384,384,391,391,391,399,384,391
2828,319,319,384,384,384,384,384,399,384
2829,384,384,391,391,399,399,414,448,414
2830,512,455,455,455,463,463,480,536,480
2831,575,574,543,543,543,543,543,568,543
2832,575,575,568,560,560,560,543,511,543
2833,497,511,511,511,511,511,511,463,510
2834,399,415,448,448,448,448,448,448,448
2835,415,412,448,448,448,448,448,480,448
2836,480,463,480,480,480,480,480,512,480
2837,519,512,512,512,512,512,512,543,512
2838,614,575,572,568,568,561,561,575,561
2839,639,639,611,608,608,575,575,575,575
2840,575,575,575,575,575,575,572,511,568
2841,487,504,508,508,508,508,505,496,504
2842,524,504,504,512,512,504,512,540,512
2843,575,568,543,543,543,543,543,543,543
2844,572,575,560,543,543,543,543,527,543
2845,511,527,511,519,511,524,511,519,511
2846,543,542,527,527,527,527,527,543,527
2847,575,575,572,561,561,560,563,543,560
2848,563,560,543,543,543,543,543,540,543
2849,543,543,543,540,542,540,543,527,536
2850,519,527,527,527,527,526,527,496,511
2851,480,480,483,483,483,483,496,483,480
2852,512,496,512,496,496,512,497,527,496
2853,543,543,540,540,537,527,540,543,527
2854,563,543,543,543,543,543,543,527,543
2855,543,540,527,527,527,527,527,543,527
2856,608,575,560,562,560,543,560,575,543
2857,633,624,608,575,575,575,575,574,575
2858,575,575,575,568,568,568,568,511,543
2859,511,536,537,511,511,511,511,504,526
2860,480,496,504,497,496,504,497,463,496
2861,448,448,455,455,455,455,462,480,463
2862,512,483,480,512,512,480,496,527,512
2863,575,560,543,543,543,540,543,575,543
2864,634,624,575,575,575,575,575,575,575
2865,575,575,575,569,568,572,568,511,561
2866,487,504,511,510,508,511,508,455,508
2867,399,415,448,448,448,451,448,415,448
2868,384,384,399,399,399,412,412,448,415
2869,455,448,448,448,449,448,451,527,451
2870,636,575,560,560,569,543,568,639,568
2871,798,768,704,671,704,639,671,712,671
2872,799,792,768,768,768,768,768,639,712
2873,608,639,625,624,609,624,608,496,608
2874,399,448,463,480,455,480,455,391,455
2875,255,319,384,384,384,384,384,384,384
2876,319,319,352,384,384,384,384,448,384
2877,512,448,448,448,455,448,463,568,463
2878,768,639,632,608,624,575,611,704,614
2879,826,783,768,768,768,704,705,704,704
2880,768,768,768,712,704,704,704,575,704
2881,499,511,511,561,511,511,511,448,511
2882,255,352,384,387,384,399,387,319,391
2883,224,240,255,255,255,316,316,384,319
2884,352,319,352,384,384,384,384,480,384
2885,543,512,512,512,512,512,512,575,512
2886,639,636,614,608,575,575,575,632,575
2887,768,704,671,639,639,639,639,636,639
2888,639,671,639,639,636,639,632,575,625
2889,575,575,575,575,574,575,572,504,572
2890,448,455,463,480,480,480,480,415,480
2891,384,384,391,399,412,414,415,399,415
2892,384,384,384,385,391,391,399,448,399
2893,455,448,448,449,451,448,455,512,455
2894,543,527,527,527,524,519,524,560,519
2895,632,575,575,575,575,575,575,575,569
2896,639,632,624,611,608,608,608,543,575
2897,511,511,511,511,511,511,511,455,527
2898,384,414,415,415,448,448,448,384,448
2899,255,319,352,384,384,384,384,387,384
2900,385,384,387,391,399,399,399,512,414
2901,543,512,512,512,512,512,512,560,512
2902,639,575,575,575,575,572,575,575,572
2903,639,632,624,624,608,575,575,608,575
2904,704,639,636,632,624,624,624,624,611
2905,639,639,632,624,624,624,612,568,624
2906,511,543,511,511,543,511,511,496,543
2907,451,480,480,480,481,480,480,463,487
2908,448,448,451,448,455,455,455,448,455
2909,448,448,448,448,448,448,448,483,448
2910,543,512,512,512,512,512,512,568,512
2911,638,575,575,575,575,575,575,575,572
2912,632,611,575,575,575,575,575,575,575
2913,608,575,575,575,575,575,575,543,575
2914,543,543,543,543,543,543,543,511,543
2915,511,511,511,511,511,511,511,483,511
2916,448,463,480,480,480,480,480,455,480
2917,448,448,451,455,455,455,455,463,455
2918,448,448,455,455,462,455,463,463,463
2919,455,451,455,463,463,463,463,512,463
2920,575,527,527,527,527,524,526,575,524
2921,639,624,608,608,608,575,575,624,575
2922,704,639,639,639,633,632,632,575,624
2923,575,575,575,575,575,575,575,499,575
2924,448,480,480,480,480,480,480,448,481
2925,384,399,415,415,415,448,448,399,448
2926,319,384,384,387,391,399,399,399,399
2927,384,384,387,399,399,399,412,463,415
2928,512,480,512,512,512,480,512,519,512
2929,543,527,527,527,524,519,527,527,526
2930,543,537,537,541,527,527,536,511,527
2931,496,504,504,504,499,504,504,496,504
2932,487,496,496,496,496,496,496,497,496
2933,496,496,496,496,496,497,496,515,496
2934,536,527,519,519,519,524,519,527,519
2935,527,527,526,527,526,526,519,519,526
2936,527,519,519,526,519,519,519,505,519
2937,487,496,496,496,496,496,496,483,496
2938,480,480,483,483,487,487,496,483,487
2939,480,480,480,481,481,483,487,512,483
2940,512,512,512,512,512,512,512,515,512
2941,519,515,511,515,513,515,512,519,512
2942,542,524,519,524,524,519,519,542,519
2943,561,543,543,543,543,540,542,511,542
2944,480,504,499,504,504,504,508,451,504
2945,391,415,448,448,448,448,448,448,448
2946,391,412,415,415,448,448,448,448,448
2947,399,415,415,448,448,448,448,451,448
2948,455,448,451,455,455,455,455,512,462
2949,543,519,519,527,524,518,515,542,519
2950,540,540,527,540,527,527,527,511,527
2951,496,508,504,508,504,508,510,480,504
2952,415,449,451,454,455,463,480,451,455
2953,448,448,449,451,455,455,455,512,455
2954,542,512,515,513,515,512,512,543,512
2955,575,568,568,561,563,543,543,527,543
2956,463,504,504,504,504,497,504,448,499
2957,319,384,387,391,399,399,399,384,399
2958,319,384,384,384,384,384,387,412,387
2959,387,385,399,399,415,415,415,480,415
2960,512,512,512,512,512,512,512,563,512
2961,627,575,575,575,575,572,575,575,575
2962,575,575,575,575,575,572,575,511,574
2963,480,511,508,504,505,504,508,448,505
2964,384,399,399,415,415,448,415,399,415
2965,384,387,399,399,412,415,415,455,415
2966,512,451,463,463,480,463,480,513,480
2967,543,519,526,519,519,515,524,575,519
2968,639,608,608,575,575,575,575,624,575
2969,639,639,636,624,614,611,624,608,611
2970,624,632,608,608,575,575,575,511,575
2971,496,511,511,511,511,511,511,448,511
2972,384,384,391,399,415,415,399,391,415
2973,384,384,385,391,399,399,399,480,399
2974,512,512,512,512,512,512,512,543,512
2975,608,575,575,575,568,560,568,624,568
2976,704,639,639,639,625,624,626,632,624
2977,639,639,639,632,624,624,624,575,624
2978,568,575,572,568,568,568,560,487,560
2979,448,451,455,455,480,480,463,415,480
2980,384,384,391,399,414,415,412,412,415
2981,384,384,391,399,399,399,414,448,415
2982,448,415,448,448,448,448,448,515,448
2983,575,543,543,542,527,527,542,612,536
2984,704,639,639,632,624,624,624,639,624
2985,768,704,671,639,639,639,639,608,639
2986,575,608,575,575,575,575,575,487,575
2987,448,448,455,455,480,480,463,391,480
2988,255,319,384,384,384,384,384,384,391
2989,384,352,384,384,385,384,387,448,391
2990,451,448,451,451,455,455,462,540,455
2991,575,569,568,543,543,543,543,575,543
2992,632,624,608,575,575,575,575,575,575
2993,575,575,575,575,575,575,574,543,572
2994,543,543,543,543,543,543,537,480,542
2995,414,448,448,451,455,455,455,399,463
2996,319,384,384,385,391,387,391,384,399
2997,319,352,384,384,384,384,384,414,385
2998,414,399,415,415,448,448,448,518,448
2999,608,543,543,543,543,543,543,639,542
3000,768,704,671,639,639,639,639,704,639
3001,768,768,707,704,704,704,671,624,639
3002,575,624,575,575,575,575,575,480,575
3003,391,448,448,451,455,451,448,384,455
3004,255,255,319,384,384,384,384,319,384
3005,255,255,318,319,319,319,319,415,384
3006,512,448,449,448,448,449,455,608,451
3007,768,639,639,639,637,636,639,704,632
3008,768,768,768,705,704,704,704,624,704
3009,575,632,608,608,575,575,575,480,575
3010,384,448,448,448,448,448,448,352,451
3011,195,255,255,255,319,319,319,255,319
3012,231,248,255,255,255,255,255,384,319
3013,399,384,391,391,399,399,412,515,399
3014,639,568,568,543,543,543,560,639,543
3015,788,768,704,704,639,671,671,639,639
3016,639,704,639,639,639,639,639,511,638
3017,448,499,496,504,508,499,497,399,504
3018,255,352,384,384,387,384,384,319,391
3019,227,255,255,255,319,319,319,384,319
3020,319,319,352,384,384,384,384,463,384
3021,527,512,512,512,512,512,512,560,512
3022,614,575,575,575,574,572,575,569,568
3023,575,575,575,574,574,568,572,540,568
3024,511,543,527,511,537,511,511,496,511
3025,448,480,480,480,481,480,480,448,481
3026,319,384,384,387,391,391,399,384,399
3027,255,255,319,384,384,384,384,384,384
3028,352,352,384,384,384,384,387,455,387
3029,527,512,512,512,512,512,512,572,512
3030,639,632,608,575,575,575,575,632,575
3031,712,704,639,639,639,639,639,608,639
3032,608,624,575,575,575,575,575,511,575
3033,462,496,496,496,504,496,496,448,497
3034,352,384,391,399,412,399,399,391,415
3035,384,384,387,391,391,391,399,448,399
3036,448,448,448,448,448,448,451,512,451
3037,515,512,512,512,512,512,512,543,512
3038,632,608,575,575,574,575,574,608,575
3039,671,639,627,624,624,624,611,608,624
3040,639,639,624,611,608,609,608,572,608
3041,543,575,568,568,563,560,543,480,543
3042,384,415,448,448,448,448,448,384,448
3043,255,255,319,384,384,352,384,319,384
3044,255,255,255,255,319,319,319,391,319
3045,448,399,415,415,415,448,448,527,448
3046,624,575,568,543,543,568,560,632,568
3047,768,704,639,639,639,639,639,639,639
3048,639,671,639,639,639,639,626,563,632
3049,511,511,511,511,511,511,511,480,511
3050,412,448,449,455,463,449,455,399,455
3051,255,352,384,384,385,384,387,384,387
3052,255,319,384,384,384,384,384,399,384
3053,384,384,387,391,391,399,412,480,415
3054,536,512,512,512,512,512,512,575,512
3055,671,639,614,608,609,612,608,632,608
3056,639,671,639,639,639,639,636,560,632
3057,463,511,511,511,511,511,511,399,511
3058,255,319,352,384,384,384,384,319,384
3059,241,255,255,255,318,318,319,384,319
3060,319,319,384,384,384,384,384,448,384
3061,512,512,512,512,512,512,512,543,512
3062,624,575,575,575,575,575,575,575,575
3063,639,639,632,625,611,624,612,575,609
3064,575,575,575,575,572,575,575,511,572
3065,496,511,510,511,508,508,510,480,508
3066,399,448,448,448,448,448,448,448,448
3067,399,415,415,448,448,448,448,451,448
3068,448,448,448,448,451,451,455,512,455
3069,526,512,512,512,512,512,512,526,512
3070,543,540,537,527,527,540,527,527,527
3071,543,543,543,540,540,543,536,540,536
3072,543,543,543,543,542,542,540,527,540
3073,496,511,511,511,511,511,511,455,511
3074,384,399,415,415,448,415,448,384,448
3075,255,255,319,352,384,384,384,384,384
3076,255,255,319,352,384,384,384,448,384
3077,512,448,512,451,455,463,455,543,462
3078,639,608,608,575,575,575,575,636,575
3079,768,704,639,639,639,639,639,639,639
3080,671,671,639,639,639,639,638,543,638
3081,455,511,510,505,511,504,511,399,510
3082,255,255,319,352,384,352,384,319,384
3083,248,255,255,255,255,316,319,384,319
3084,319,319,384,384,384,384,384,448,384
3085,512,455,463,463,463,512,480,527,512
3086,575,572,560,543,543,561,543,575,543
3087,639,624,608,608,575,608,575,608,575
3088,639,636,614,614,609,608,608,543,575
3089,504,511,511,511,511,511,511,448,511
3090,384,387,399,399,415,412,448,384,448
3091,255,255,319,319,352,352,384,384,384
3092,319,319,384,384,384,384,384,449,384
3093,543,512,512,512,512,512,512,608,512
3094,768,704,639,639,639,639,632,639,632
3095,768,768,704,704,704,671,671,632,639
3096,625,639,624,624,624,608,608,511,608
3097,496,504,511,504,508,504,511,496,511
3098,512,483,496,483,483,496,504,527,496
3099,563,543,543,527,527,540,540,543,527
3100,543,543,543,543,540,543,540,511,542
3101,504,511,508,508,508,510,504,496,508
3102,497,486,487,496,496,496,483,527,496
3103,608,563,543,543,543,543,543,575,543
3104,704,639,632,627,626,624,614,608,608
3105,632,632,608,608,608,608,608,560,575
3106,511,543,543,543,543,543,543,497,543
3107,448,463,480,480,480,480,480,448,480
3108,384,391,415,415,415,415,448,448,448
3109,415,414,448,448,448,448,448,512,448
3110,575,527,527,526,527,527,519,575,518
3111,768,639,639,639,639,637,624,639,624
3112,826,776,768,713,713,712,704,704,704
3113,768,768,708,704,704,704,671,575,639
3114,487,511,511,511,511,511,511,415,511
3115,255,319,352,384,384,384,384,384,385
3116,255,255,319,384,384,384,384,448,384
3117,512,512,512,512,512,512,512,563,512
3118,671,634,608,608,608,608,575,624,575
3119,712,671,639,639,639,639,632,632,624
3120,704,671,639,639,639,639,639,608,632
3121,614,612,608,575,575,575,575,543,575
3122,511,511,511,527,527,511,527,480,527
3123,387,448,448,448,448,448,451,399,455
3124,255,352,384,384,384,384,384,387,391
3125,384,384,384,385,391,391,391,512,399
3126,575,515,512,512,519,513,512,608,512
3127,772,704,639,639,639,639,639,704,638
3128,831,792,768,768,768,768,768,704,704
3129,776,768,768,708,704,704,704,639,704
3130,639,639,639,636,632,627,632,543,624
3131,480,511,511,511,511,511,511,448,511
3132,255,384,387,384,385,387,391,384,399
3133,255,255,319,319,319,319,352,391,384
3134,449,399,415,415,448,448,448,543,448
3135,768,632,575,608,608,608,608,704,575
3136,896,799,768,768,768,768,768,768,768
3137,768,768,768,712,704,704,704,608,704
3138,511,575,575,574,568,568,568,480,568
3139,319,399,448,415,415,415,415,384,448
3140,255,255,319,319,319,319,352,384,384
3141,384,352,384,384,384,384,385,512,391
3142,638,543,540,543,543,543,543,639,537
3143,824,768,704,708,704,704,704,704,639
3144,768,768,768,705,704,704,704,636,704
3145,608,636,627,608,608,608,608,511,608
3146,415,480,496,480,480,480,480,399,487
3147,255,352,384,384,384,384,384,391,391
3148,387,384,391,399,399,399,399,512,415
3149,543,515,512,519,515,515,524,575,512
3150,639,624,575,575,575,575,575,624,575
3151,704,639,639,636,636,634,636,624,624
3152,632,636,624,608,608,608,608,560,575
3153,511,543,543,543,543,543,542,487,543
3154,448,455,480,463,480,463,463,412,480
3155,384,384,387,391,391,391,391,415,399
3156,448,412,415,448,448,448,448,512,448
3157,575,542,527,540,537,536,543,575,527
3158,639,632,611,611,608,575,608,611,575
3159,639,639,624,624,624,608,610,575,608
3160,611,608,575,575,575,575,575,568,575
3161,575,575,575,575,574,568,568,568,572
3162,614,575,575,575,575,574,572,575,574
3163,636,608,608,608,575,575,575,575,575
3164,638,624,612,608,575,575,575,575,575
3165,611,608,575,575,575,575,575,575,575
3166,627,608,575,575,575,575,575,575,575
3167,575,575,575,575,575,575,575,511,574
3168,480,510,504,511,511,511,508,448,510
3169,399,415,448,448,448,448,448,455,448
3170,512,463,480,480,480,480,480,543,480
3171,632,575,575,572,568,575,572,614,568
3172,639,639,632,624,611,624,614,608,609
3173,612,624,608,575,575,575,575,543,575
3174,543,543,543,543,543,543,543,527,543
3175,543,527,540,536,536,527,527,568,527
3176,639,575,575,575,575,575,575,624,575
3177,671,639,639,636,632,632,624,575,624
3178,575,575,575,575,575,574,572,511,568
3179,480,504,496,499,499,496,496,455,496
3180,399,448,448,448,449,448,448,448,449
3181,399,414,415,448,448,448,448,480,448
3182,527,512,512,512,512,512,512,569,512
3183,639,608,608,575,575,575,575,632,575
3184,704,639,639,639,639,639,636,608,632
3185,575,614,608,575,575,575,575,511,575
3186,463,497,496,497,496,496,496,448,496
3187,384,391,391,414,415,415,415,387,415
3188,319,384,384,384,384,387,387,448,391
3189,512,448,448,448,448,448,451,543,451
3190,639,608,611,608,575,575,575,704,575
3191,820,768,768,768,768,704,704,704,704
3192,768,768,712,704,704,704,671,575,671
3193,511,511,511,511,511,511,511,480,511
3194,448,449,448,451,463,455,455,451,455
3195,448,448,448,451,455,455,455,480,455
3196,480,480,480,483,480,480,483,527,487
3197,575,543,543,560,543,543,543,575,543
3198,637,624,608,608,575,575,575,575,575
3199,575,575,572,572,572,568,563,543,563
3200,543,543,542,540,543,543,540,526,527
3201,527,527,511,511,526,526,511,524,515
3202,543,527,527,526,527,527,527,519,527
3203,508,511,511,511,511,511,511,504,511
3204,483,496,496,504,496,496,497,487,504
3205,451,480,480,480,480,480,480,463,480
3206,448,448,448,451,455,455,455,487,455
3207,536,512,512,512,512,512,512,568,512
3208,639,575,575,575,575,575,575,624,575
3209,704,639,639,637,632,639,632,609,624
3210,608,624,608,575,575,575,575,511,575
3211,480,511,510,504,510,504,508,448,504
3212,352,399,415,415,448,415,415,384,415
3213,319,384,384,384,384,384,384,448,385
3214,512,448,449,455,455,455,463,568,463
3215,639,575,575,575,575,575,575,639,575
3216,776,768,704,704,639,671,671,639,639
3217,639,671,639,639,639,639,639,543,632
3218,487,511,511,511,511,511,511,448,511
3219,319,387,399,399,415,399,399,384,415
3220,255,255,319,352,384,384,384,391,384
3221,415,384,399,412,412,415,415,527,415
3222,639,575,568,575,563,572,575,704,568
3223,831,768,768,768,708,768,768,768,704
3224,831,828,788,776,768,768,768,671,768
3225,639,671,639,639,639,639,632,481,625
3226,384,448,448,448,448,448,448,352,448
3227,255,255,319,319,319,319,319,384,352
3228,415,384,391,412,414,399,415,543,415
3229,639,575,575,575,575,575,575,704,575
3230,831,780,768,768,768,768,768,770,768
3231,896,831,799,794,780,768,776,768,768
3232,712,768,705,704,671,704,671,511,639
3233,399,483,480,480,480,496,480,319,481
3234,224,255,255,255,255,319,255,319,319
3235,319,255,319,319,319,384,384,512,384
3236,575,515,527,527,519,515,527,639,515
3237,768,704,704,671,639,639,639,704,639
3238,768,768,716,704,704,671,704,639,671
3239,639,639,639,637,632,632,624,568,624
3240,561,568,543,543,543,543,543,540,543
3241,575,543,543,543,543,543,543,568,543
3242,608,575,575,575,572,575,574,543,568
3243,511,543,543,543,543,543,543,496,543
3244,449,480,480,480,480,480,480,480,481
3245,512,480,481,481,487,483,487,542,496
3246,575,543,560,543,543,543,543,575,543
3247,624,575,575,575,575,575,575,575,575
3248,639,624,609,608,575,608,608,575,575
3249,575,575,575,575,575,575,575,543,572
3250,527,543,536,540,540,527,527,496,540
3251,448,480,480,480,483,480,480,448,487
3252,384,399,415,448,448,448,448,448,448
3253,448,415,448,448,448,448,448,515,448
3254,575,543,543,527,537,543,543,632,527
3255,768,704,639,639,639,639,639,708,639
3256,831,797,768,768,768,768,768,768,768
3257,768,768,768,768,712,704,704,575,704
3258,508,511,511,511,511,511,511,415,511
3259,319,384,385,399,399,391,391,384,415
3260,255,255,319,384,384,384,384,391,384
3261,387,384,391,399,399,412,415,512,414
3262,575,540,527,519,527,527,527,638,518
3263,792,768,704,671,671,639,639,768,639
3264,831,799,768,768,768,768,768,704,768
3265,768,768,704,704,704,671,671,560,639
3266,455,511,511,511,511,511,511,399,511
3267,255,319,384,384,384,384,384,319,387
3268,227,255,255,255,318,319,319,384,319
3269,384,319,384,384,384,384,384,512,384
3270,624,543,537,543,543,542,543,639,527
3271,820,768,704,704,704,704,704,768,639
3272,831,816,768,768,768,768,768,639,768
3273,636,639,639,639,639,632,632,508,632
3274,391,451,480,463,463,480,480,384,480
3275,240,255,319,319,319,352,384,352,384
3276,255,255,319,319,352,384,384,448,384
3277,512,448,448,448,451,448,451,543,451
3278,639,608,575,575,575,575,575,632,575
3279,705,704,639,639,639,632,639,627,632
3280,639,639,632,632,624,611,624,560,609
3281,504,511,511,511,511,511,511,480,511
3282,415,448,455,451,455,455,455,448,463
3283,384,399,415,415,415,448,448,451,448
3284,463,451,455,455,463,463,463,512,480
3285,543,527,519,519,524,519,524,540,519
3286,563,543,543,543,543,542,543,542,542
3287,575,543,543,543,543,543,543,572,543
3288,639,611,608,575,575,575,575,624,575
3289,704,639,639,639,639,639,632,608,624
3290,624,624,608,608,575,608,575,543,575
3291,511,543,511,511,542,511,542,504,543
3292,455,480,480,481,481,483,486,455,496
3293,399,415,448,448,448,448,448,449,449
3294,451,448,448,451,451,451,455,519,455
3295,628,572,563,543,560,561,560,627,543
3296,768,704,639,639,639,639,639,639,639
3297,768,768,704,704,704,704,671,624,639
3298,511,608,575,575,575,575,575,483,575
3299,384,448,448,448,448,448,448,387,455
3300,255,255,352,384,384,384,384,384,384
3301,316,255,352,384,384,384,384,448,384
3302,543,512,512,512,512,512,512,608,512
3303,768,671,639,639,639,639,639,671,639
3304,782,768,712,704,704,704,704,639,704
3305,704,704,639,639,639,639,639,608,639
3306,572,608,575,575,575,575,575,504,575
3307,384,449,451,463,455,451,455,391,455
3308,255,319,384,384,384,384,384,384,384
3309,255,255,319,319,319,319,352,399,352
3310,448,399,415,415,415,448,448,515,448
3311,608,543,543,543,543,560,560,624,543
3312,768,639,639,639,639,639,639,671,639
3313,768,768,704,671,671,671,671,608,639
3314,511,575,575,575,572,568,568,455,568
3315,319,399,412,448,415,414,415,384,415
3316,231,255,255,319,319,319,319,319,319
3317,255,255,319,319,352,352,384,455,384
3318,543,512,512,512,512,512,512,638,512
3319,780,712,704,639,688,671,671,768,639
3320,831,824,769,768,768,768,768,704,768
3321,639,704,639,639,639,639,639,511,639
3322,448,483,480,497,483,480,481,384,483
3323,255,255,319,384,352,352,352,319,384
3324,240,252,255,255,255,255,316,399,319
3325,512,415,448,448,448,448,448,575,448
3326,768,639,632,614,624,624,632,712,624
3327,831,792,768,768,768,768,768,768,768
3328,768,768,768,768,768,704,704,575,704
3329,480,511,511,511,511,511,511,384,511
3330,224,255,319,319,319,319,319,255,352
3331,195,224,255,255,255,255,255,352,255
3332,319,318,352,352,384,384,384,448,384
3333,512,449,455,455,463,463,512,575,480
3334,704,632,611,624,608,608,624,704,608
3335,798,768,704,768,704,704,704,704,671
3336,768,768,704,712,704,671,704,633,671
3337,608,639,624,624,624,608,608,487,608
3338,384,448,448,448,455,448,448,352,448
3339,199,255,255,255,319,319,319,255,319
3340,224,240,255,255,255,255,255,384,316
3341,448,384,399,399,412,415,415,543,415
3342,639,575,575,575,572,575,575,671,575
3343,792,768,704,708,704,704,704,708,671
3344,768,768,768,768,704,704,704,608,704
3345,511,575,569,568,568,563,560,415,560
3346,255,384,384,384,391,387,385,255,391
3347,192,248,255,255,255,255,255,318,255
3348,255,255,312,319,319,319,319,512,352
3349,575,512,512,512,513,515,519,639,515
3350,824,768,768,712,704,704,704,768,704
3351,829,799,776,768,768,768,768,671,768
3352,639,704,639,639,639,639,639,511,639
3353,480,511,510,504,508,508,508,463,504
3354,480,480,480,480,480,480,480,512,480
3355,543,527,527,519,527,524,526,543,519
3356,568,560,543,543,543,543,543,543,543
3357,537,543,540,540,540,540,542,527,540
3358,540,527,526,527,527,527,527,563,527
3359,634,575,575,575,575,575,575,624,575
3360,704,639,639,639,639,632,632,614,632
3361,632,636,624,608,608,608,608,560,608
3362,511,560,543,543,543,543,543,504,511
3363,451,483,483,483,483,496,487,449,481
3364,399,448,448,448,448,448,448,448,448
3365,448,448,448,449,451,451,455,519,455
3366,575,543,543,543,543,542,543,624,543
3367,768,639,639,639,639,639,639,704,639
3368,824,768,768,768,768,768,768,707,704
3369,768,768,768,705,704,704,704,575,704
3370,511,575,511,511,511,511,511,448,511
3371,352,391,399,399,399,415,414,384,415
3372,255,319,384,384,384,384,384,399,384
3373,391,384,399,399,415,414,415,512,415
3374,575,543,543,543,543,540,543,639,543
3375,768,704,639,639,639,639,639,704,639
3376,768,768,704,704,704,704,704,632,671
3377,608,639,624,608,608,608,608,480,575
3378,384,448,448,448,448,448,448,385,448
3379,319,384,384,384,384,387,385,448,387
3380,448,448,448,448,448,451,451,527,449
3381,575,543,543,543,543,543,543,608,543
3382,671,638,625,624,632,624,624,638,614
3383,704,671,639,639,639,639,639,636,639
3384,704,639,639,639,639,638,636,624,632
3385,704,639,639,639,634,633,632,614,624
3386,632,638,624,610,608,608,608,511,575
3387,480,511,511,510,508,508,510,455,508
3388,399,448,448,448,448,448,448,448,448
3389,399,415,448,448,448,448,448,463,448
3390,480,455,463,480,480,480,480,527,480
3391,624,568,563,560,568,560,563,624,560
3392,708,639,639,639,639,639,639,632,632
3393,639,639,632,625,624,624,624,575,608
3394,575,575,575,575,575,575,575,540,574
3395,510,527,511,511,511,511,511,504,511
3396,480,496,496,496,497,496,496,487,499
3397,451,480,480,480,480,480,481,463,483
3398,448,448,448,449,455,451,462,481,463
3399,524,512,512,512,512,512,512,543,512
3400,628,575,575,572,574,572,575,624,568
3401,704,639,639,636,632,632,632,614,624
3402,627,636,610,608,608,608,608,543,608
3403,504,511,511,511,511,511,511,463,511
3404,384,415,448,448,448,448,448,415,449
3405,384,391,414,415,415,415,448,448,448
3406,448,448,448,449,451,455,455,512,455
3407,575,540,536,527,536,536,540,574,527
3408,626,575,575,575,575,575,575,575,574
3409,624,608,575,575,575,575,575,543,575
3410,511,543,543,543,543,543,543,508,543
3411,480,496,496,497,499,497,499,480,504
3412,448,455,463,480,480,480,480,455,480
3413,448,448,448,455,455,455,462,480,462
3414,512,481,483,486,512,512,512,560,487
3415,671,614,575,575,575,575,575,639,575
3416,776,768,704,704,671,671,671,639,639
3417,704,704,639,639,639,639,639,572,639
3418,511,511,543,511,511,511,511,487,511
3419,462,480,480,481,481,480,481,496,487
3420,496,483,496,512,496,496,512,512,512
3421,527,512,513,515,515,515,519,543,512
3422,608,572,568,568,568,563,568,575,543
3423,626,608,608,575,575,575,575,561,575
3424,560,568,560,543,543,543,543,536,543
3425,543,543,540,536,537,527,536,527,536
3426,542,540,527,527,527,527,527,543,527
3427,568,543,543,543,543,543,543,543,543
3428,536,543,543,543,543,540,542,497,540
3429,455,480,481,480,483,483,483,480,487
3430,512,480,483,480,487,487,496,519,487
3431,568,536,540,527,540,536,540,575,527
3432,639,624,608,575,608,575,575,608,575
3433,624,624,608,575,608,575,575,560,575
3434,511,561,543,543,543,543,543,496,543
3435,448,463,480,480,480,480,480,448,480
3436,414,448,448,448,448,448,448,455,448
3437,448,448,448,451,455,455,463,512,463
3438,543,518,515,519,519,519,526,543,518
3439,575,575,569,570,568,568,568,572,560
3440,609,575,575,575,575,575,575,575,572
3441,575,575,575,575,575,574,575,511,572
3442,463,508,511,504,508,504,508,448,508
3443,384,399,448,415,448,448,448,399,448
3444,319,384,384,384,391,391,399,448,399
3445,451,415,448,448,448,448,455,515,451
3446,575,543,536,543,542,540,543,608,540
3447,704,639,624,633,624,624,624,624,608
3448,639,639,632,632,624,624,614,575,611
3449,560,575,575,568,568,563,560,504,560
3450,448,455,480,480,480,480,480,448,481
3451,391,415,448,448,448,448,448,448,448
3452,448,448,448,448,449,449,451,512,451
3453,527,512,512,512,512,512,512,543,512
3454,575,568,543,560,543,543,543,568,543
3455,608,575,574,575,572,572,572,575,568
3456,575,575,575,575,575,575,574,536,575
3457,480,511,511,508,511,511,511,448,511
3458,384,399,448,415,448,448,448,415,448
3459,384,391,412,415,415,415,448,448,448
3460,412,415,448,448,448,448,448,480,448
3461,512,480,480,480,480,480,483,512,481
3462,536,526,519,519,519,513,519,543,519
3463,575,575,568,560,543,543,543,575,560
3464,632,624,608,575,575,575,575,575,575
3465,575,575,575,575,575,575,575,504,575
3466,399,455,463,463,480,480,480,385,480
3467,255,316,319,352,384,384,384,384,384
3468,318,319,352,384,384,384,384,415,384
3469,448,414,415,448,448,448,448,512,448
3470,575,543,540,527,540,527,527,608,536
3471,671,639,639,632,632,624,624,608,624
3472,608,632,624,608,608,575,575,511,608
3473,463,497,504,504,499,499,504,451,504
3474,387,414,448,448,448,448,448,415,448
3475,352,384,384,391,391,399,399,415,399
3476,399,391,412,415,415,415,448,480,448
3477,512,480,480,512,512,512,480,513,483
3478,543,527,527,524,527,524,527,575,527
3479,639,624,612,575,608,575,575,632,575
3480,704,671,639,639,639,638,639,634,632
3481,671,639,639,639,639,632,636,575,624
3482,511,560,543,560,543,543,543,451,543
3483,352,391,399,448,415,415,448,391,448
3484,384,384,384,387,391,391,399,455,399
3485,512,455,512,480,512,480,512,543,512
3486,624,575,575,561,572,560,569,624,561
3487,768,671,639,639,639,639,639,639,636
3488,705,704,639,639,639,639,639,608,639
3489,608,624,608,608,575,575,575,511,575
3490,448,480,480,496,480,481,483,448,483
3491,384,384,399,415,414,415,415,415,415
3492,384,384,391,399,399,399,414,448,415
3493,448,415,448,448,448,448,448,519,448
3494,624,561,543,543,543,543,543,624,543
3495,768,704,639,639,639,639,639,639,639
3496,768,768,704,671,671,671,671,624,639
3497,575,624,608,608,575,575,575,508,575
3498,415,463,480,483,480,480,480,412,480
3499,255,384,384,384,384,384,385,387,391
3500,384,384,384,384,391,391,391,451,399
3501,512,451,455,455,480,480,480,540,480
3502,633,575,568,560,568,569,575,624,561
3503,705,639,639,639,638,639,639,608,632
3504,575,624,575,575,575,575,575,504,575
3505,414,463,463,480,480,480,480,415,480
3506,319,384,391,399,399,399,399,391,414
3507,319,384,384,384,384,384,385,415,391
3508,415,399,415,415,448,448,448,512,448
3509,527,512,512,512,512,512,515,543,512
3510,575,561,543,543,543,543,561,575,543
3511,671,632,609,608,608,608,611,626,575
3512,704,639,639,639,634,626,632,624,624
3513,639,639,632,624,624,608,609,543,608
3514,497,511,511,511,511,511,511,463,511
3515,387,448,448,448,451,449,448,399,448
3516,352,384,384,387,399,399,399,415,399
3517,415,412,415,448,448,448,448,512,448
3518,527,512,512,512,512,512,512,560,512
3519,639,575,575,575,575,574,575,624,575
3520,671,639,639,634,624,624,627,575,624
3521,511,575,572,575,568,572,568,480,560
3522,385,448,448,451,451,455,449,414,451
3523,319,384,387,391,399,399,399,391,399
3524,352,384,384,385,391,391,391,448,399
3525,448,415,448,448,448,448,448,515,448
3526,575,543,542,540,542,527,543,572,540
3527,575,575,575,575,575,569,575,543,568
3528,543,543,542,543,543,543,542,511,536
3529,496,508,508,511,511,511,510,480,508
3530,399,448,448,455,455,455,455,448,455
3531,385,399,415,415,448,448,448,451,448
3532,455,448,451,455,455,455,463,512,463
3533,542,527,519,519,519,515,524,515,519
3534,487,508,504,508,511,508,508,455,510
3535,415,448,448,448,455,451,451,448,455
3536,415,415,448,448,448,448,448,480,448
3537,512,480,483,481,481,481,487,512,512
3538,511,512,518,513,512,512,519,483,515
3539,415,455,463,480,480,480,480,448,480
3540,384,384,399,409,415,415,415,399,415
3541,384,384,385,391,399,399,399,463,412
3542,515,512,512,512,512,512,512,568,512
3543,639,608,575,575,575,575,575,632,575
3544,768,704,639,639,639,639,639,624,639
3545,627,639,624,624,608,608,608,511,608
3546,480,511,511,511,511,511,511,448,511
3547,384,399,412,415,448,448,415,399,448
3548,384,384,391,399,414,415,415,448,415
3549,448,448,448,449,449,449,455,515,451
3550,575,537,540,543,527,527,540,575,527
3551,627,575,575,575,575,575,575,575,575
3552,611,575,575,575,575,575,575,561,575
3553,568,572,560,560,560,543,543,511,543
3554,463,508,504,504,508,510,504,448,508
3555,319,391,399,399,399,415,415,384,415
3556,255,255,319,319,352,384,384,384,384
3557,319,319,384,384,384,384,384,451,384
3558,542,512,512,512,512,512,512,575,512
3559,706,636,624,632,626,608,612,639,608
3560,768,768,704,704,704,639,639,639,639
3561,671,704,639,639,639,639,639,543,639
3562,448,511,511,504,504,511,508,391,511
3563,248,319,384,352,352,384,384,319,384
3564,248,255,255,316,319,319,319,385,319
3565,391,384,391,399,399,399,415,512,414
3566,512,463,512,512,512,512,512,515,512
3567,540,513,515,515,527,512,515,543,511
3568,568,560,543,543,543,543,543,543,542
3569,543,569,543,543,543,543,543,511,543
3570,480,511,510,504,504,508,508,448,508
3571,319,384,399,399,399,415,415,384,415
3572,255,255,319,352,352,384,384,384,384
3573,352,319,384,384,384,384,384,463,384
3574,543,512,512,512,512,512,512,575,512
3575,704,639,632,632,636,624,624,639,624
3576,768,768,704,671,671,639,639,639,639
3577,639,671,639,639,639,639,632,511,632
3578,415,487,496,487,487,504,496,384,496
3579,240,255,319,319,319,384,384,319,384
3580,255,255,255,319,319,319,319,384,352
3581,384,384,384,384,387,384,391,463,391
3582,527,512,512,512,512,512,512,569,512
3583,639,624,608,608,608,575,575,624,575
3584,639,639,639,639,636,624,624,561,625
3585,480,511,511,511,511,511,511,448,511
3586,255,384,384,384,384,391,391,384,391
3587,255,255,319,319,352,384,384,399,384
3588,415,399,415,415,415,415,448,512,448
3589,512,512,512,512,512,512,486,510,512
3590,515,510,519,513,519,508,512,512,511
3591,496,496,504,499,508,504,499,504,499
3592,515,512,512,499,512,512,512,527,512
3593,575,568,543,543,543,543,543,568,543
3594,575,575,572,568,569,572,568,511,563
3595,463,504,504,504,504,508,504,448,508
3596,255,384,384,385,387,391,391,319,399
3597,224,255,255,255,316,255,319,384,319
3598,384,319,384,384,384,384,385,512,385
3599,540,512,512,512,512,512,512,572,512
3600,639,626,624,611,608,575,575,636,575
3601,704,704,639,639,639,639,639,575,636
3602,511,575,572,572,568,572,560,480,568
3603,384,415,415,448,448,448,448,384,448
3604,255,255,319,319,352,384,384,384,384
3605,384,352,384,384,384,384,387,480,391
3606,527,512,512,512,512,512,512,560,512
3607,638,575,575,575,575,575,575,624,569
3608,708,639,639,639,639,639,632,639,624
3609,671,639,639,639,639,639,632,574,632
3610,511,563,543,543,543,543,543,497,543
3611,463,481,481,480,481,496,496,480,496
3612,449,463,480,463,480,480,480,480,480
3613,451,454,463,463,463,480,480,512,480
3614,543,519,519,519,519,515,519,568,513
3615,624,575,575,575,575,574,572,575,568
3616,575,575,575,574,575,569,563,568,560
3617,575,575,569,560,563,563,543,543,560
3618,543,543,543,543,543,543,542,536,543
3619,527,536,536,527,527,527,527,511,527
3620,480,497,504,508,504,504,504,463,504
3621,412,448,448,451,451,455,455,448,451
3622,448,415,448,448,448,448,448,512,448
3623,575,542,542,527,542,527,536,624,536
3624,768,671,639,639,639,639,639,639,639
3625,704,704,671,639,639,639,639,624,639
3626,611,627,608,608,608,608,575,511,575
3627,480,504,504,510,504,511,505,451,505
3628,399,415,448,448,448,448,448,448,448
3629,385,399,415,448,448,448,448,448,448
3630,415,412,448,448,448,448,448,512,448
3631,543,515,519,512,519,512,513,575,519
3632,639,636,624,608,608,608,608,639,608
3633,712,704,639,639,639,639,639,624,639
3634,608,624,608,608,575,575,575,511,575
3635,463,496,496,504,496,499,499,448,497
3636,352,384,391,414,399,414,415,384,415
3637,319,319,384,384,384,384,384,415,384
3638,448,415,448,448,448,448,448,543,448
3639,671,624,608,575,575,575,575,704,575
3640,824,778,768,768,768,768,708,705,706
3641,768,768,712,704,704,704,671,608,671
3642,575,608,575,575,575,575,575,487,575
3643,391,448,448,463,455,455,455,387,455
3644,255,319,384,384,384,384,384,399,384
3645,414,387,399,412,415,415,415,513,415
3646,575,543,543,536,543,540,543,608,543
3647,671,639,627,624,624,609,611,639,624
3648,704,671,639,639,639,636,639,639,638
3649,639,639,639,636,636,632,632,568,626
3650,496,511,511,511,511,511,511,448,511
3651,319,384,391,412,399,415,414,384,412
3652,248,255,319,319,319,384,352,352,352
3653,319,255,319,384,384,384,384,463,384
3654,572,512,512,512,512,512,512,636,512
3655,783,713,704,639,639,639,639,768,639
3656,831,799,768,768,768,768,768,688,768
3657,639,704,639,639,639,639,639,511,639
3658,415,480,483,496,483,496,496,384,487
3659,231,255,319,352,319,384,384,319,384
3660,255,255,316,319,319,352,352,399,352
3661,448,399,415,415,415,448,448,540,448
3662,639,575,575,572,572,563,563,636,572
3663,705,671,639,639,639,638,636,636,639
3664,639,639,639,632,624,624,624,575,624
3665,543,575,574,568,568,568,572,487,561
3666,384,448,448,449,451,455,463,384,455
3667,248,255,319,319,352,352,384,384,384
3668,352,319,384,384,384,384,384,512,384
3669,560,512,512,512,512,512,512,609,512
3670,768,639,639,639,636,632,624,639,632
3671,768,768,704,671,671,639,639,639,639
3672,768,716,704,671,639,639,639,632,639
3673,612,639,624,624,609,608,608,511,608
3674,448,481,487,496,496,496,497,448,496
3675,387,399,415,448,448,448,448,448,448
3676,415,415,448,448,448,448,448,480,449
3677,512,480,480,480,480,480,480,543,483
3678,624,575,568,568,543,543,560,614,560
3679,639,639,636,632,624,624,624,608,624
3680,624,624,608,608,575,575,608,568,575
3681,572,575,568,568,560,543,563,511,543
3682,511,511,511,511,511,511,511,512,511
3683,499,504,505,508,512,512,504,504,512
3684,480,483,487,496,487,496,487,463,496
3685,448,448,448,451,451,455,455,480,462
3686,512,481,483,512,483,483,512,540,496
3687,575,574,563,560,543,543,543,575,543
3688,639,639,632,624,624,611,614,608,609
3689,611,627,611,608,608,575,575,543,575
3690,511,511,511,511,511,527,527,480,527
3691,399,415,448,448,448,448,448,415,448
3692,387,387,399,415,415,415,415,448,415
3693,448,448,448,448,448,448,451,512,451
3694,543,527,527,527,527,524,526,561,527
3695,575,575,575,575,575,572,570,575,574
3696,608,608,575,575,575,575,575,574,575
3697,575,575,575,572,574,568,568,511,568
3698,455,480,496,487,496,487,496,448,496
3699,384,384,399,399,415,414,415,387,415
3700,319,352,384,384,384,384,387,448,387
3701,448,448,448,448,448,448,448,519,449
3702,575,543,543,543,543,543,540,608,543
3703,671,639,639,632,624,624,624,624,624
3704,639,639,632,624,624,624,614,568,609
3705,560,568,568,560,560,543,543,483,543
3706,448,451,455,463,480,463,480,448,480
3707,391,399,415,415,448,448,448,448,448
3708,415,415,448,448,448,448,448,487,448
3709,519,512,512,512,512,512,512,543,512
3710,575,560,543,543,543,543,543,568,543
3711,608,575,575,575,575,572,572,543,572
3712,543,543,543,543,543,543,543,511,543
3713,504,504,508,505,508,504,510,504,504
3714,497,496,499,496,504,499,504,504,499
3715,480,496,496,496,497,497,499,463,497
3716,384,415,448,448,448,448,448,399,448
3717,319,384,384,384,391,391,391,391,399
3718,384,384,384,384,391,391,391,455,399
3719,518,512,512,512,512,512,512,572,512
3720,639,624,575,575,575,575,575,639,575
3721,768,704,639,639,639,639,639,639,639
3722,671,671,639,639,639,639,639,543,636
3723,451,511,511,511,511,511,511,399,511
3724,255,319,384,384,384,384,384,352,384
3725,255,255,319,319,319,319,352,384,352
3726,352,352,384,384,384,384,385,451,391
3727,512,463,463,480,512,512,512,563,512
3728,639,624,575,575,575,575,575,608,575
3729,636,632,608,608,608,608,608,543,608
3730,511,511,511,511,511,511,511,483,511
3731,448,455,480,480,480,480,480,448,480
3732,384,387,414,415,415,448,415,391,415
3733,319,352,384,384,384,387,385,448,387
3734,512,448,448,448,449,448,451,542,455
3735,639,575,575,575,575,568,574,624,575
3736,768,704,639,639,639,639,639,639,639
3737,768,704,671,639,639,639,639,624,639
3738,611,632,624,608,608,608,608,511,608
3739,448,481,483,483,481,496,496,448,487
3740,399,414,415,448,448,448,448,451,448
3741,448,448,449,455,455,463,463,512,462
3742,515,512,512,512,512,512,512,543,512
3743,624,575,575,574,575,568,568,608,574
3744,639,639,626,611,612,608,608,608,608
3745,636,632,624,608,608,608,575,543,608
3746,510,511,511,511,511,511,540,480,511
3747,415,448,448,455,455,463,480,448,455
3748,384,391,399,415,415,448,448,415,415
3749,387,391,399,412,415,415,448,512,415
3750,543,512,512,512,512,512,512,575,513
3751,704,639,638,624,624,608,608,636,624
3752,704,639,639,639,639,636,633,614,636
3753,639,639,632,624,624,624,624,561,608
3754,511,568,543,543,543,543,543,497,543
3755,462,487,481,487,496,496,497,455,496
3756,391,448,448,448,448,448,448,448,448
3757,415,448,448,448,448,448,448,463,451
3758,455,455,480,463,480,480,480,512,480
3759,542,513,519,519,519,512,515,568,519
3760,624,575,575,575,575,575,575,569,575
3761,543,572,561,561,560,560,543,508,543
3762,448,481,480,481,483,487,483,448,481
3763,384,391,399,399,412,415,415,415,415
3764,399,399,415,415,415,415,448,480,448
3765,512,512,512,512,512,512,512,543,512
3766,632,575,575,575,575,572,575,575,575
3767,639,632,624,624,608,608,608,563,608
3768,511,560,543,543,543,543,543,511,543
3769,504,511,505,504,504,510,508,512,504
3770,512,512,504,504,504,512,512,527,512
3771,560,543,543,536,540,543,543,543,540
3772,543,543,543,543,543,543,543,527,543
3773,511,526,527,527,526,511,526,496,511
3774,448,480,480,480,480,480,480,463,480
3775,448,448,455,455,462,455,463,512,463
3776,512,512,512,512,512,512,512,527,512
3777,543,543,543,537,537,542,543,511,536
3778,463,480,496,496,487,496,496,448,496
3779,384,384,399,415,414,415,415,414,415
3780,384,384,391,399,412,412,415,448,415
3781,448,448,448,448,448,448,448,487,448
3782,519,512,512,512,512,512,512,540,512
3783,568,568,543,543,543,543,543,560,543
3784,575,575,574,568,569,563,568,575,560
3785,575,575,575,574,575,572,574,543,568
3786,511,543,542,543,540,536,540,480,527
3787,384,412,448,448,448,448,448,384,448
3788,255,255,319,352,352,352,384,384,384
3789,319,319,384,384,384,384,384,448,384
3790,448,448,448,448,455,449,455,526,455
3791,575,560,543,540,543,543,543,608,543
3792,639,639,626,608,624,608,612,608,608
3793,624,632,609,608,608,575,575,511,575
3794,455,496,496,504,496,496,496,391,496
3795,255,318,352,384,384,384,384,255,384
3796,199,227,255,255,255,255,255,319,255
3797,319,255,319,319,384,384,384,512,384
3798,575,527,527,512,527,519,527,639,524
3799,768,768,704,639,671,639,639,712,639
3800,799,781,768,768,768,712,712,639,704
3801,625,639,632,625,624,612,611,504,608
3802,415,455,455,480,480,480,463,384,480
3803,255,255,319,384,384,384,384,384,384
3804,319,319,352,384,384,384,384,448,384
3805,451,448,448,448,451,451,455,540,455
3806,614,575,575,543,572,560,568,632,543
3807,704,671,639,639,639,639,639,611,632
3808,575,624,608,575,575,575,575,497,575
3809,415,451,455,480,463,463,463,414,463
3810,319,384,384,391,387,391,391,384,399
3811,255,319,384,384,384,384,384,412,384
3812,399,391,414,415,415,415,448,512,448
3813,512,512,512,512,512,512,512,543,512
3814,614,575,575,568,575,572,568,608,560
3815,639,639,639,624,632,624,624,575,609
3816,574,575,575,575,575,574,572,496,563
3817,415,448,449,463,455,463,462,415,462
3818,352,384,384,391,391,391,391,399,399
3819,384,384,391,399,399,399,412,415,415
3820,384,387,399,399,415,415,415,448,415
3821,415,415,448,448,448,448,448,480,448
3822,512,512,512,512,512,512,512,543,512
3823,575,569,568,543,560,543,560,543,543
3824,543,543,543,543,543,543,543,497,543
3825,415,455,463,480,480,480,480,399,480
3826,255,319,352,384,384,384,384,319,384
3827,248,255,255,312,316,255,319,385,319
3828,415,384,399,399,415,399,415,512,415
3829,575,543,543,540,543,527,543,575,537
3830,671,639,632,624,624,608,624,632,608
3831,639,639,639,632,632,624,632,560,612
3832,480,511,511,511,511,511,511,448,511
3833,319,384,384,391,391,399,399,384,399
3834,255,319,384,384,384,384,384,391,384
3835,384,384,384,391,391,391,399,448,399
3836,512,448,455,455,463,455,480,527,463
3837,575,568,568,543,543,543,560,572,543
3838,575,575,575,572,568,561,568,511,560
3839,497,511,511,511,510,511,511,481,511
3840,449,462,463,480,480,480,480,463,480
3841,448,448,448,449,451,455,455,448,455
3842,399,415,448,448,448,448,448,448,448
3843,384,387,399,399,415,415,415,391,415
3844,255,319,384,384,384,384,384,384,385
3845,319,319,384,384,384,384,384,448,384
3846,512,512,480,480,480,512,512,569,512
3847,639,624,608,575,575,575,575,608,575
3848,611,632,608,608,575,575,575,511,575
3849,480,504,496,496,496,504,499,448,499
3850,384,391,399,412,415,415,415,399,415
3851,384,384,384,387,391,399,399,415,399
3852,385,391,414,415,415,415,415,448,448
3853,384,391,414,415,415,415,415,415,448
3854,391,391,412,415,415,415,415,455,448
3855,512,463,480,480,480,480,480,527,480
3856,575,543,543,543,543,543,543,568,543
3857,572,575,569,568,560,561,560,504,560
3858,414,480,463,480,480,480,480,387,480
3859,255,319,352,384,384,384,384,384,384
3860,319,319,384,384,384,384,384,415,384
3861,448,415,448,448,448,448,448,512,448
3862,519,512,512,512,512,512,512,543,512
3863,639,575,575,575,575,572,575,608,575
3864,704,639,638,624,625,624,624,624,624
3865,639,639,637,624,625,625,624,568,624
3866,511,568,543,511,543,543,511,480,511
3867,391,449,448,451,455,455,451,415,451
3868,319,384,384,387,391,387,391,384,399
3869,319,352,384,384,384,384,385,448,387
3870,513,463,512,512,512,512,512,568,512
3871,704,625,611,575,575,608,575,639,608
3872,768,768,704,639,639,671,639,639,639
3873,639,639,636,632,632,624,614,511,611
3874,451,504,497,508,508,504,499,415,499
3875,255,352,384,384,387,384,387,384,387
3876,318,319,352,384,384,384,384,415,384
3877,448,399,415,448,448,448,448,512,448
3878,543,512,512,512,512,512,512,572,512
3879,671,627,611,608,575,575,575,632,575
3880,712,671,639,639,639,639,636,627,636
3881,639,639,633,632,624,624,624,543,612
3882,483,511,511,511,511,511,511,451,511
3883,384,412,415,448,448,448,448,391,448
3884,316,352,384,384,384,384,384,391,384
3885,399,384,391,399,399,399,415,512,415
3886,568,515,519,515,515,515,519,561,519
3887,575,575,575,572,568,568,561,543,563
3888,527,543,542,542,542,543,537,483,537
3889,415,455,455,463,480,480,463,448,463
3890,399,415,415,448,448,448,448,480,448
3891,512,512,512,496,483,483,487,526,483
3892,527,519,519,527,519,519,526,499,519
3893,480,480,480,480,480,480,481,480,481
3894,480,463,463,480,480,480,480,512,480
3895,527,512,512,512,512,512,512,527,512
3896,568,543,543,543,543,543,542,575,542
3897,639,612,608,608,575,575,575,575,575
3898,633,632,608,608,575,608,575,575,575
3899,575,575,569,574,568,568,560,508,560
3900,449,480,480,480,481,480,480,448,480
3901,384,391,415,415,448,415,448,415,448
3902,384,384,391,391,412,399,412,448,412
3903,455,448,448,449,451,451,455,527,455
3904,575,572,543,560,543,543,543,575,543
3905,575,575,574,575,568,568,568,511,568
3906,499,511,510,511,508,511,510,480,510
3907,448,448,455,455,455,463,463,448,462
3908,384,384,399,399,414,415,415,414,415
3909,384,384,399,399,415,414,415,448,415
3910,448,448,448,448,448,448,449,512,448
3911,543,527,524,527,527,526,524,563,519
3912,608,575,575,575,575,575,572,575,572
3913,624,608,575,575,575,575,575,568,575
3914,575,575,568,568,563,560,561,511,560
3915,480,497,499,496,504,496,499,448,497
3916,255,384,384,384,391,387,399,352,399
3917,248,255,255,255,319,319,319,384,319
3918,352,319,384,384,384,384,384,448,384
3919,512,462,463,512,512,512,512,540,512
3920,608,575,568,572,543,563,568,608,563
3921,639,639,624,624,609,609,611,575,609
3922,575,608,575,575,575,575,575,496,575
3923,391,448,448,448,463,455,455,384,455
3924,254,255,319,319,352,352,352,319,352
3925,248,255,255,255,255,319,319,384,319
3926,391,384,387,391,391,391,399,540,399
3927,639,608,575,575,569,572,575,704,574
3928,824,777,768,768,704,704,768,768,704
3929,799,797,768,768,768,768,768,632,768
3930,511,609,575,575,575,575,575,448,575
3931,319,384,391,391,415,415,415,319,415
3932,224,240,255,255,255,255,255,319,255
3933,255,255,319,319,319,319,384,448,384
3934,512,512,512,512,451,512,463,575,462
3935,639,638,624,611,575,575,575,639,575
3936,704,704,639,639,639,639,638,608,636
3937,624,624,608,575,608,575,575,511,575
3938,510,511,511,511,511,527,511,448,511
3939,384,385,399,414,448,415,448,384,448
3940,255,255,352,384,384,384,384,384,384
3941,319,319,384,384,384,384,384,448,384
3942,512,449,455,455,451,455,455,543,455
3943,612,575,574,568,560,561,560,608,543
3944,704,639,636,627,624,624,624,627,624
3945,639,639,638,632,632,625,624,543,624
3946,481,511,511,511,511,511,511,448,511
3947,255,352,384,384,387,384,391,384,391
3948,255,255,319,319,384,352,384,384,384
3949,319,319,384,384,384,384,384,448,384
3950,455,448,448,448,448,449,455,524,451
3951,608,574,543,543,543,543,543,575,543
3952,639,632,608,608,575,608,575,568,575
3953,511,543,543,543,543,543,537,463,543
3954,352,387,415,415,448,415,415,384,415
3955,192,252,255,255,255,255,319,255,319
3956,224,227,255,255,255,255,255,384,255
3957,399,384,384,387,391,391,399,519,399
3958,671,575,572,572,568,575,575,671,575
3959,831,780,768,768,768,768,768,704,716
3960,716,768,704,704,704,704,671,511,639
3961,448,504,511,504,511,504,504,387,499
3962,227,255,352,352,384,352,384,255,384
3963,159,224,255,255,255,255,255,316,255
3964,255,255,255,319,319,319,319,451,352
3965,543,512,512,512,512,512,512,575,512
3966,639,624,575,608,575,608,575,608,608
3967,633,632,608,608,608,608,608,543,608
3968,511,543,543,543,543,543,543,483,543
3969,415,455,480,462,480,463,480,414,463
3970,319,384,385,384,391,384,391,384,391
3971,255,255,319,352,384,352,384,352,384
3972,255,255,255,319,319,319,319,384,352
3973,352,319,384,384,384,384,384,480,387
3974,543,512,512,512,512,512,512,575,512
3975,639,624,608,608,575,608,608,608,575
3976,639,636,624,624,608,609,608,572,608
3977,568,575,572,568,560,561,560,496,543
3978,415,480,480,463,480,480,480,399,480
3979,255,384,384,384,384,384,384,352,384
3980,231,255,255,319,319,319,319,319,319
3981,227,255,255,255,316,319,319,384,319
3982,352,319,384,384,384,384,384,512,384
3983,575,512,512,515,519,518,515,609,512
3984,768,639,639,639,639,639,636,639,632
3985,639,639,639,639,639,639,632,511,632
3986,448,511,508,496,496,496,496,384,504
3987,195,255,255,316,319,319,319,255,384
3988,127,192,224,227,240,243,255,255,255
3989,255,255,255,255,319,319,319,512,319
3990,608,512,512,519,526,524,519,639,512
3991,816,768,704,704,704,704,671,768,639
3992,826,792,768,768,768,768,768,639,768
3993,608,639,636,613,612,611,608,487,608
3994,384,448,448,448,448,448,448,384,451
3995,224,255,255,255,255,319,319,319,352
3996,255,255,319,319,319,319,352,415,384
3997,512,415,448,448,448,448,448,527,448
3998,639,572,568,572,575,575,568,608,543
3999,639,639,624,624,632,624,609,575,608
4000,608,608,575,575,575,575,575,543,575
4001,511,543,542,511,511,527,511,463,527
4002,384,448,448,448,448,448,448,387,448
4003,255,319,384,384,384,384,384,384,384
4004,318,319,352,384,384,384,384,415,384
4005,512,415,448,448,451,448,448,519,448
4006,608,543,543,543,543,543,543,600,543
4007,671,639,636,624,625,624,611,608,608
4008,611,624,611,575,608,575,575,511,575
4009,504,511,511,511,511,511,511,481,511
4010,448,455,455,463,462,463,463,448,480
4011,352,384,387,391,399,399,412,384,412
4012,319,352,384,384,384,384,384,415,385
4013,415,399,415,448,448,448,448,480,448
4014,480,463,480,480,480,480,480,512,480
4015,519,512,512,512,512,512,512,527,512
4016,543,542,540,527,540,527,527,542,527
4017,536,543,536,527,527,527,527,481,527
4018,399,448,448,449,451,455,455,391,463
4019,255,384,384,384,384,384,384,384,387
4020,255,255,319,352,384,384,384,415,384
4021,512,415,448,448,448,448,448,527,448
4022,611,560,563,543,563,543,560,624,543
4023,704,639,639,639,639,636,636,624,624
4024,636,638,624,609,611,608,608,511,575
4025,497,511,511,511,511,511,511,455,511
4026,399,448,448,448,448,448,448,399,451
4027,319,384,384,384,384,384,387,384,391
4028,319,352,384,384,384,384,384,399,384
4029,387,384,399,399,414,412,415,480,415
4030,524,512,512,512,512,512,512,575,512
4031,639,608,608,608,608,575,575,625,575
4032,639,639,632,632,624,624,624,511,611
4033,480,511,508,508,508,504,510,391,511
4034,255,319,352,352,384,384,384,319,384
4035,241,255,255,255,255,318,319,384,319
4036,384,384,384,387,391,391,391,463,399
4037,512,455,480,512,480,480,512,512,512
4038,527,512,515,519,512,512,515,540,515
4039,543,543,543,543,537,537,542,511,540
4040,483,508,504,504,497,497,504,463,499
4041,448,448,448,448,448,448,449,448,449
4042,448,448,448,448,448,448,448,463,448
4043,463,455,463,463,480,480,480,480,480
4044,448,451,455,463,463,463,480,448,463
4045,384,399,415,415,415,415,448,385,448
4046,255,319,384,384,384,384,384,352,384
4047,255,255,319,319,319,352,384,415,384
4048,512,415,448,448,448,448,448,543,448
4049,632,575,575,575,575,572,572,614,572
4050,639,639,624,624,624,608,608,543,608
4051,496,511,511,511,511,511,511,412,511
4052,255,319,384,384,384,384,384,255,384
4053,192,224,255,255,255,255,255,255,255
4054,255,255,255,255,316,319,319,448,319
4055,543,512,512,512,512,512,512,628,512
4056,768,704,639,671,639,639,639,712,639
4057,797,768,768,768,768,704,704,639,704
4058,624,639,632,624,612,608,608,483,608
4059,399,448,451,448,448,448,448,384,448
4060,255,319,384,352,384,384,384,319,384
4061,255,255,319,319,319,319,352,384,352
4062,384,384,384,384,384,384,387,448,391
4063,463,448,449,462,462,455,463,527,463
4064,575,543,543,543,543,542,543,608,543
4065,639,638,624,624,624,608,624,612,608
4066,624,632,609,608,608,575,608,508,575
4067,415,480,463,455,463,480,463,384,463
4068,227,255,316,319,319,319,319,255,352
4069,195,227,255,255,255,255,255,384,255
4070,384,384,384,384,387,387,391,519,391
4071,611,543,560,543,560,543,543,639,543
4072,768,704,704,671,671,639,639,671,639
4073,768,768,704,704,704,639,639,575,639
4074,511,575,568,511,511,543,543,415,543
4075,255,384,352,384,384,384,384,255,384
4076,127,192,199,224,227,248,252,255,255
4077,231,224,255,255,255,255,255,415,255
4078,512,448,512,512,512,512,512,568,512
4079,624,575,575,575,575,572,572,575,575
4080,608,608,575,575,575,574,574,543,575
4081,511,543,527,511,511,511,511,480,511
4082,448,455,451,455,455,455,463,415,455
4083,384,384,385,391,391,399,415,384,399
4084,255,255,319,319,319,352,384,352,384
4085,255,255,319,319,352,352,384,391,384
4086,387,384,391,399,399,399,399,512,415
4087,575,536,527,527,527,526,519,632,527
4088,768,704,639,639,639,639,639,639,639
4089,639,704,639,639,639,638,636,511,626
4090,480,511,497,504,504,504,511,399,499
4091,255,352,384,384,384,384,391,319,384
4092,224,248,255,255,255,255,319,319,319
4093,255,255,319,319,319,319,352,448,352
4094,512,512,512,512,512,512,512,543,512
4095,575,575,568,569,543,560,543,572,543
4096,575,575,575,575,569,569,563,543,560
