index,salt-9gpl-freq-1khz,salt-13gpl-freq-1khz,salt-17gpl-freq-1khz,salt-21gpl-freq-1khz,salt-24gpl-freq-1khz,salt-28gpl-freq-1khz,salt-32gpl-freq-1khz,salt-36gpl-freq-1khz,salt-40gpl-freq-1khz
0,626,624,608,608,575,575,575,575,575
1,575,572,568,560,560,543,561,560,543
2,504,496,496,496,504,497,499,508,499
3,391,399,415,415,448,448,448,448,448
4,255,255,352,352,384,384,384,384,384
5,255,255,319,352,384,384,384,384,384
6,384,391,415,415,415,415,448,448,448
7,568,563,563,563,543,543,568,543,543
8,768,768,708,704,671,704,704,671,671
9,768,768,704,671,639,639,639,639,639
10,511,511,511,511,511,511,511,511,511
11,384,384,384,384,399,391,391,399,399
12,255,255,319,319,384,384,352,384,384
13,255,255,319,352,384,384,384,384,384
14,384,384,399,399,412,415,415,415,415
15,527,527,542,540,527,527,540,527,536
16,632,608,608,575,575,575,575,575,575
17,614,575,575,575,575,575,575,575,575
18,569,568,543,543,543,543,543,543,543
19,455,463,455,463,480,480,480,480,480
20,384,387,391,399,415,415,415,415,415
21,384,384,391,399,399,414,415,415,415
22,415,448,448,448,448,451,455,451,455
23,543,540,543,540,540,543,543,540,540
24,768,671,639,639,639,639,639,639,639
25,799,772,768,768,768,712,704,704,704
26,705,671,639,639,639,639,634,639,632
27,511,511,511,511,511,511,511,511,511
28,391,414,415,448,448,448,448,448,448
29,319,384,384,384,387,385,391,391,399
30,391,399,448,448,448,448,448,448,448
31,575,575,575,575,575,575,575,575,569
32,768,768,768,704,704,704,704,704,671
33,799,768,768,768,768,712,704,705,704
34,639,624,608,608,575,575,575,575,575
35,384,387,399,399,415,399,399,412,415
36,227,255,255,312,255,316,319,319,319
37,384,387,399,415,415,448,448,448,448
38,639,638,624,624,612,626,624,624,608
39,799,780,768,768,768,768,768,768,705
40,768,768,704,671,671,671,639,639,639
41,627,608,575,575,575,575,575,575,575
42,508,510,505,508,510,505,504,497,511
43,412,448,448,448,448,448,448,448,448
44,448,455,455,480,463,480,480,480,480
45,543,540,540,540,527,543,540,540,527
46,575,574,568,568,561,568,568,568,543
47,624,575,575,575,575,575,575,575,575
48,614,575,575,575,575,575,575,575,575
49,575,575,574,572,568,568,568,561,568
50,511,511,511,511,511,511,511,511,511
51,451,480,480,480,480,480,480,480,480
52,415,448,448,451,455,455,455,463,463
53,415,448,448,448,451,455,455,455,455
54,512,512,512,512,512,512,512,512,512
55,637,608,608,575,575,575,575,575,575
56,768,768,704,671,639,639,639,639,639
57,799,768,768,768,768,712,704,704,704
58,768,768,704,704,671,639,639,639,639
59,511,511,511,511,511,511,511,511,511
60,255,319,384,384,384,384,385,385,387
61,312,319,384,384,384,384,385,385,387
62,514,512,515,515,512,518,512,512,512
63,704,639,639,638,624,633,624,624,624
64,776,768,704,704,704,704,639,639,671
65,704,704,639,639,639,639,639,639,639
66,560,568,543,543,543,543,543,543,543
67,399,448,448,448,449,448,455,455,451
68,255,319,384,384,384,384,387,387,384
69,391,399,448,448,448,448,448,448,448
70,575,572,575,572,560,568,543,543,563
71,768,639,639,639,639,639,636,636,638
72,768,704,671,671,639,639,639,639,639
73,639,639,632,624,624,624,624,614,608
74,504,511,504,504,511,508,511,511,508
75,448,448,448,448,455,455,463,463,455
76,451,455,480,480,480,480,480,480,480
77,543,543,543,543,536,540,537,527,540
78,575,575,575,575,572,568,568,568,568
79,575,575,563,568,561,560,560,560,563
80,511,511,508,511,511,511,511,511,511
81,480,480,480,480,483,483,487,487,483
82,480,480,480,480,481,483,483,483,483
83,480,480,480,483,483,483,483,483,486
84,543,543,543,543,543,543,543,543,543
85,639,632,624,611,608,608,611,609,608
86,639,632,624,609,609,608,608,608,608
87,575,572,563,561,563,560,560,560,560
88,540,536,527,527,527,527,527,511,511
89,563,568,543,543,543,543,543,543,543
90,639,632,610,608,608,608,608,575,575
91,768,768,671,639,639,639,639,639,639
92,768,704,671,639,639,639,639,639,639
93,575,568,543,560,543,543,543,560,543
94,384,391,399,415,448,415,415,448,448
95,319,384,384,387,399,399,391,399,412
96,519,513,519,515,515,524,519,513,524
97,768,768,704,671,639,671,671,639,639
98,792,768,768,768,704,704,704,704,704
99,704,639,639,639,638,632,632,626,624
100,504,511,508,511,511,511,511,511,511
101,352,384,387,399,412,399,399,415,414
102,319,384,384,387,391,391,399,399,399
103,527,515,527,519,519,527,527,524,527
104,768,768,704,671,639,671,671,639,639
105,783,768,768,704,704,704,704,704,704
106,704,639,639,639,639,638,632,632,624
107,511,511,511,511,511,511,511,511,511
108,384,391,399,415,415,415,415,448,415
109,384,399,415,448,448,448,448,448,448
110,519,513,519,515,515,524,526,519,519
111,639,639,632,624,624,626,624,611,624
112,671,639,639,636,634,638,632,624,626
113,575,575,575,575,575,575,569,572,568
114,451,480,480,480,480,480,480,480,480
115,391,414,415,448,448,448,448,448,448
116,415,448,448,451,455,455,455,455,455
117,512,512,512,512,512,512,512,512,512
118,574,568,560,543,560,560,543,543,543
119,704,639,639,639,639,639,639,632,632
120,768,768,704,704,704,704,671,671,639
121,671,639,636,636,624,624,624,624,624
122,511,511,511,511,511,511,511,511,511
123,448,451,455,480,463,463,480,480,480
124,384,399,415,448,415,448,448,448,448
125,463,512,512,480,512,486,483,483,483
126,608,575,575,575,575,575,575,574,574
127,705,639,639,639,639,639,639,639,636
128,639,639,626,624,624,624,624,609,608
129,511,511,511,511,511,511,511,511,511
130,399,448,448,448,448,448,451,448,455
131,384,399,415,415,415,415,448,448,448
132,448,448,455,455,463,463,463,480,480
133,543,543,543,543,543,543,540,543,542
134,636,608,608,575,608,608,575,575,575
135,575,575,575,569,572,572,568,568,563
136,572,568,543,543,543,543,543,543,543
137,568,563,543,543,543,543,543,543,543
138,575,575,572,572,568,568,568,568,568
139,560,543,543,543,543,543,543,543,543
140,511,508,511,511,511,511,511,511,511
141,448,455,463,463,480,480,480,480,480
142,448,455,463,480,480,480,480,480,480
143,486,512,512,512,512,512,496,512,512
144,568,543,543,543,543,543,543,543,543
145,575,575,575,575,572,568,572,568,568
146,575,575,575,572,569,569,574,568,568
147,543,540,540,537,536,540,543,536,540
148,455,463,480,480,480,480,480,481,480
149,480,480,483,487,496,496,496,512,496
150,575,568,543,560,568,560,560,543,543
151,632,615,575,608,608,575,575,575,575
152,624,611,575,575,575,575,575,575,575
153,608,608,575,575,575,575,575,572,574
154,624,608,575,575,575,575,575,575,575
155,671,639,638,632,634,632,624,624,624
156,705,671,639,639,639,639,639,639,639
157,575,575,575,575,575,574,568,575,575
158,448,448,455,455,455,462,455,480,480
159,384,399,415,448,448,448,448,448,448
160,512,513,512,513,515,513,515,512,512
161,768,704,639,639,639,639,639,638,639
162,831,799,768,768,768,768,768,768,768
163,768,704,704,639,639,639,639,639,639
164,480,483,504,499,496,496,496,504,504
165,384,384,399,414,412,415,415,448,448
166,448,448,451,451,455,462,463,455,463
167,543,543,543,543,543,543,543,540,537
168,639,632,608,608,624,608,608,608,575
169,704,639,639,638,639,636,632,626,624
170,768,704,639,639,639,639,639,639,639
171,706,671,639,639,639,639,639,639,639
172,574,568,568,568,543,543,543,543,543
173,455,480,481,483,480,483,483,483,487
174,448,448,451,455,455,455,462,455,463
175,448,448,451,455,463,463,463,463,463
176,543,543,536,527,543,542,542,543,536
177,639,639,624,624,624,624,611,624,608
178,714,704,639,639,639,639,639,639,639
179,639,624,611,608,608,608,608,608,575
180,463,480,487,487,480,483,483,481,483
181,384,384,412,415,412,415,415,415,415
182,448,451,463,480,480,480,480,463,480
183,639,639,624,624,632,624,612,610,611
184,831,796,768,768,768,768,768,768,768
185,768,768,768,704,704,704,671,704,671
186,575,575,575,572,568,569,568,569,568
187,399,448,448,448,448,448,448,448,448
188,319,352,384,384,384,384,387,384,391
189,385,399,415,448,448,448,448,448,448
190,612,575,575,575,575,575,575,575,575
191,799,768,768,768,768,768,712,768,705
192,831,799,768,768,768,768,768,768,768
193,639,639,624,612,608,608,608,608,608
194,399,448,448,448,448,448,448,448,448
195,248,255,319,318,319,319,352,319,352
196,255,319,384,384,384,384,384,384,384
197,512,512,512,512,512,512,512,512,512
198,639,624,608,624,624,609,608,611,608
199,768,768,704,704,704,671,639,671,639
200,768,768,704,671,639,639,639,639,639
201,639,639,624,611,608,608,608,608,608
202,496,508,511,497,504,504,504,496,504
203,385,399,448,415,448,448,448,448,448
204,384,384,399,399,415,415,415,415,415
205,448,449,455,480,480,480,480,480,480
206,543,543,543,543,543,543,543,543,543
207,639,632,612,624,608,608,608,608,608
208,639,632,624,612,608,608,575,608,575
209,575,575,572,568,560,561,560,543,543
210,536,537,536,511,527,527,527,527,527
211,455,463,480,480,480,480,480,480,480
212,384,384,391,391,399,414,412,399,412
213,387,399,415,448,448,448,448,448,448
214,543,543,543,543,543,543,543,543,543
215,704,671,639,639,639,636,639,639,632
216,768,712,639,671,639,639,639,639,639
217,768,704,639,639,639,639,639,639,639
218,639,639,634,624,624,624,624,611,608
219,511,511,511,511,511,511,511,511,511
220,448,448,463,455,463,480,480,463,480
221,449,455,480,480,480,480,480,480,480
222,480,512,496,512,496,496,512,512,512
223,575,575,568,574,568,568,568,572,568
224,639,639,632,632,624,624,624,624,624
225,671,639,639,639,639,637,632,636,628
226,575,575,575,572,575,575,572,572,568
227,496,480,496,483,496,496,496,496,496
228,399,412,448,448,448,448,448,448,448
229,384,391,415,415,448,448,448,448,448
230,463,512,512,512,512,512,512,512,512
231,639,639,625,632,624,627,624,624,624
232,816,781,768,768,768,768,712,768,707
233,799,776,768,768,712,768,704,712,704
234,608,575,575,575,575,575,575,575,574
235,384,384,415,415,415,415,415,415,415
236,240,255,255,319,319,319,352,319,352
237,319,384,384,384,387,387,391,391,399
238,515,519,512,512,515,519,519,519,526
239,704,671,639,639,639,639,636,639,639
240,792,768,768,704,704,704,704,704,704
241,639,632,632,624,608,609,608,608,608
242,415,448,455,455,449,451,455,451,448
243,255,319,384,384,384,384,384,384,384
244,255,319,384,384,384,384,384,384,385
245,384,391,399,415,415,448,448,448,448
246,543,543,542,543,543,543,543,543,543
247,768,708,671,639,639,639,639,639,639
248,768,768,704,704,704,704,671,671,671
249,768,704,639,639,639,639,639,639,639
250,575,575,575,575,568,568,568,560,543
251,480,480,496,496,496,496,496,496,483
252,399,415,448,448,448,448,448,448,448
253,399,415,448,448,448,448,448,449,451
254,463,480,480,480,483,483,483,512,512
255,543,543,543,543,543,543,543,543,543
256,639,639,624,624,608,608,609,608,608
257,611,608,575,575,575,575,575,575,575
258,499,496,508,508,504,510,508,504,504
259,385,387,415,415,415,448,448,448,448
260,387,399,415,415,448,448,448,448,448
261,512,512,512,512,512,512,512,512,512
262,611,611,575,575,575,575,575,575,575
263,639,639,636,632,624,624,624,624,624
264,636,624,608,608,575,575,575,575,575
265,511,511,511,511,511,511,511,511,511
266,448,448,463,455,463,480,480,463,463
267,480,480,480,480,483,483,483,481,483
268,480,483,487,487,496,496,496,512,496
269,480,483,496,487,496,496,496,504,496
270,462,480,480,480,480,483,483,496,487
271,512,512,512,512,512,512,512,512,512
272,560,543,543,543,543,543,543,543,543
273,609,575,575,575,575,575,575,574,575
274,639,632,624,608,608,608,575,575,608
275,568,560,543,543,543,543,543,543,543
276,384,399,448,415,448,448,448,448,448
277,255,319,384,384,384,384,387,387,385
278,448,449,463,480,480,512,512,512,512
279,704,639,639,639,639,638,632,626,636
280,896,830,788,781,776,768,768,768,768
281,824,780,768,768,768,768,716,768,704
282,511,511,511,511,511,511,511,511,511
283,384,399,415,415,415,448,448,448,415
284,384,391,415,415,415,448,448,448,448
285,512,512,512,512,512,512,512,512,512
286,608,575,575,575,575,574,575,575,575
287,704,639,639,639,639,638,638,638,638
288,768,768,704,704,704,671,671,671,671
289,768,768,704,704,671,671,671,671,639
290,608,575,575,575,574,575,575,575,572
291,415,448,448,448,448,455,449,448,448
292,399,415,448,448,448,448,448,448,448
293,526,527,519,527,527,524,527,527,527
294,632,624,608,611,608,575,608,575,575
295,639,639,627,633,624,624,624,624,611
296,639,632,624,624,608,608,608,608,575
297,639,639,627,625,624,624,624,608,608
298,639,639,639,633,632,632,624,624,624
299,608,575,575,574,574,575,569,572,569
300,480,481,480,480,483,487,483,496,486
301,480,480,483,487,496,487,487,487,487
302,572,560,568,560,561,543,543,543,543
303,624,608,608,608,575,575,575,575,575
304,639,639,632,625,624,624,612,608,608
305,624,624,608,608,575,608,575,575,575
306,574,575,560,561,543,568,543,543,543
307,496,504,504,504,504,508,504,508,504
308,415,448,448,448,448,448,449,451,449
309,448,448,448,455,455,455,455,455,455
310,543,543,543,543,543,543,543,543,543
311,768,704,671,671,639,639,639,639,639
312,831,798,776,768,768,768,768,768,768
313,820,783,768,768,768,768,768,768,712
314,608,575,575,575,575,569,568,575,568
315,384,384,384,384,391,387,391,399,391
316,255,319,384,384,384,384,384,385,384
317,512,512,512,512,512,512,512,512,512
318,639,639,639,639,624,632,632,624,632
319,768,712,704,704,639,671,639,639,639
320,768,768,704,704,639,639,639,639,639
321,671,639,638,632,632,632,624,624,624
322,575,572,543,543,561,543,543,560,543
323,449,455,455,455,480,480,480,480,463
324,385,399,415,415,448,448,448,448,448
325,399,415,448,448,448,448,448,448,448
326,455,480,481,483,480,483,486,481,512
327,575,574,572,568,543,560,561,543,568
328,768,706,671,671,639,639,639,639,639
329,820,780,768,768,768,768,712,704,704
330,768,768,704,704,704,671,671,639,639
331,511,511,511,511,511,511,511,511,511
332,352,384,385,391,414,414,414,415,412
333,255,255,319,319,384,384,384,384,384
334,384,385,399,412,414,415,415,415,415
335,543,543,543,543,536,542,543,540,543
336,713,704,671,639,639,639,639,639,639
337,768,712,704,671,639,639,639,639,639
338,639,632,608,608,608,608,608,608,608
339,496,496,496,497,511,510,505,510,504
340,384,384,399,399,415,448,415,415,415
341,415,448,448,448,448,451,455,455,451
342,575,575,572,572,543,560,568,568,568
343,704,671,639,639,632,632,639,634,636
344,704,671,639,639,639,636,639,632,637
345,639,632,610,612,608,608,608,575,608
346,639,632,611,609,608,608,608,608,608
347,639,638,624,624,624,624,611,608,608
348,575,575,572,568,572,572,568,568,561
349,480,480,481,483,496,496,496,496,496
350,483,496,496,512,496,496,504,499,504
351,575,575,568,572,560,543,568,560,563
352,671,639,638,639,624,624,632,624,625
353,639,639,624,632,624,624,624,609,624
354,511,511,511,511,511,511,511,511,511
355,448,448,455,463,480,480,480,480,480
356,483,512,512,512,512,512,512,512,512
357,560,543,543,543,543,543,543,543,543
358,639,639,628,632,624,608,624,611,624
359,712,704,639,639,639,639,639,639,639
360,624,608,575,575,575,575,575,575,575
361,511,511,537,540,542,543,536,536,540
362,504,504,508,508,511,511,511,511,511
363,527,527,527,527,527,527,527,527,527
364,543,543,537,542,536,540,542,536,540
365,543,543,543,543,542,543,543,542,543
366,524,526,511,527,526,526,524,511,526
367,511,511,512,515,511,511,511,515,519
368,560,543,543,543,543,543,543,543,543
369,543,540,540,537,540,542,540,536,540
370,483,487,497,497,504,504,499,499,499
371,448,448,451,455,462,463,462,463,463
372,455,463,480,480,480,481,481,480,483
373,540,527,536,540,527,527,537,536,536
374,632,611,608,608,575,575,575,575,575
375,639,638,624,624,611,608,611,608,608
376,560,560,543,543,543,543,543,543,543
377,511,511,511,511,524,519,511,511,511
378,527,527,527,527,527,527,527,527,527
379,575,575,575,575,572,572,572,572,574
380,608,575,575,575,575,575,575,575,575
381,563,543,543,543,543,543,543,543,543
382,483,496,496,496,504,504,504,504,499
383,448,463,480,480,480,480,480,480,480
384,518,519,519,519,519,519,519,519,519
385,543,540,540,536,540,527,537,537,536
386,511,511,511,511,511,511,511,511,511
387,508,512,512,512,512,515,515,513,515
388,480,480,483,483,487,496,496,496,496
389,451,463,480,480,480,480,481,480,480
390,463,480,480,480,483,483,487,487,483
391,536,537,527,527,527,527,527,527,527
392,575,575,575,575,575,572,574,572,572
393,632,614,575,575,575,575,575,575,575
394,632,614,608,575,575,575,575,575,575
395,543,543,543,543,543,543,543,543,543
396,391,415,448,448,448,451,449,451,448
397,255,318,384,384,384,384,384,384,384
398,255,319,384,384,384,384,384,384,384
399,512,512,512,512,512,512,512,512,512
400,768,704,639,639,639,639,639,639,639
401,797,768,768,712,704,704,704,704,704
402,639,625,624,608,608,608,608,608,575
403,448,455,480,463,480,480,480,481,480
404,255,319,384,384,384,384,384,385,384
405,231,255,255,319,319,319,352,384,352
406,415,415,448,448,448,448,451,448,455
407,704,639,632,639,636,633,632,624,632
408,831,788,768,768,768,768,768,704,768
409,826,788,768,768,768,768,768,768,716
410,671,639,639,638,633,636,632,632,624
411,448,455,480,480,480,480,480,487,480
412,384,384,399,399,415,415,415,448,415
413,415,448,449,451,455,455,455,455,455
414,527,527,519,527,527,527,527,524,527
415,639,639,624,626,624,624,624,608,624
416,768,704,639,639,639,639,639,639,639
417,671,639,639,639,639,636,633,633,626
418,560,543,543,543,543,543,543,543,511
419,387,399,448,448,448,448,448,448,448
420,384,399,415,415,448,448,448,448,448
421,515,519,519,519,519,524,515,526,519
422,636,624,608,608,608,608,575,608,575
423,768,704,671,639,639,639,639,639,639
424,704,671,639,639,639,639,639,639,639
425,624,608,575,575,575,575,575,575,575
426,480,480,487,496,496,496,499,496,497
427,391,415,448,448,448,448,448,448,448
428,399,415,448,448,448,448,448,448,448
429,448,455,480,480,480,480,480,480,480
430,575,575,568,572,568,572,560,568,560
431,768,768,704,704,671,671,639,671,639
432,768,768,704,671,671,639,639,639,639
433,572,568,568,543,543,543,561,543,560
434,352,384,399,391,399,412,415,412,415
435,255,255,384,352,384,384,384,384,384
436,384,391,412,415,415,448,415,448,448
437,575,575,568,575,572,568,563,568,543
438,768,704,639,671,639,639,639,639,639
439,704,639,639,639,639,639,639,632,636
440,611,608,575,575,575,575,575,575,575
441,511,511,542,527,527,536,536,536,540
442,513,519,526,519,524,524,524,527,527
443,504,508,511,511,511,511,511,511,511
444,512,512,513,515,515,515,519,515,515
445,504,499,504,508,505,510,508,504,505
446,515,515,513,515,515,515,515,515,519
447,527,527,527,527,527,527,527,527,527
448,563,543,543,543,543,543,543,543,543
449,624,608,575,575,575,575,575,575,575
450,560,543,543,543,543,543,543,543,543
451,455,463,480,480,480,487,496,483,481
452,384,391,415,448,415,448,448,448,448
453,415,448,448,448,449,451,451,455,455
454,527,527,519,526,527,526,519,527,527
455,639,626,609,608,608,608,575,608,608
456,768,704,639,639,639,639,639,639,639
457,624,608,575,575,575,575,575,575,575
458,415,448,455,463,455,463,480,455,455
459,319,384,385,391,391,399,412,399,399
460,384,391,415,415,415,448,448,448,448
461,448,448,449,451,455,455,455,462,463
462,480,480,480,480,512,512,512,496,487
463,543,537,540,542,543,540,537,543,536
464,611,575,575,575,575,575,575,575,575
465,543,543,543,543,540,543,542,542,536
466,415,448,451,455,451,463,480,455,455
467,391,448,448,448,448,448,449,448,448
468,448,448,451,451,462,455,463,463,463
469,455,455,463,480,480,480,480,480,480
470,560,540,543,543,543,543,540,543,543
471,639,639,639,628,624,624,611,624,624
472,768,704,671,671,639,639,639,639,639
473,639,639,632,626,624,624,624,624,611
474,511,511,511,511,511,511,511,511,511
475,384,415,415,415,448,448,448,448,448
476,384,385,399,399,415,415,415,415,415
477,448,448,463,463,463,463,463,480,480
478,575,543,568,568,563,543,543,563,560
479,639,627,624,624,624,608,608,611,608
480,639,639,626,624,624,614,608,611,608
481,573,575,560,560,560,560,543,543,543
482,480,496,496,496,496,504,504,496,497
483,480,487,496,487,496,496,504,496,496
484,455,480,480,480,480,483,483,483,481
485,448,451,463,480,463,480,480,480,480
486,448,448,463,463,463,480,480,480,480
487,512,512,512,512,512,512,513,513,512
488,575,572,568,568,568,543,568,560,543
489,638,624,609,608,608,575,608,575,575
490,639,639,632,624,624,624,624,624,611
491,560,543,543,511,543,543,543,543,543
492,399,448,448,448,448,455,448,448,448
493,255,352,384,384,384,387,384,385,387
494,384,387,412,415,415,415,448,448,448
495,572,543,563,561,543,543,561,560,543
496,768,671,639,639,639,639,639,639,639
497,639,639,632,624,624,624,624,611,608
498,448,463,455,455,480,480,480,480,480
499,240,255,255,319,319,352,319,319,352
500,255,255,319,352,384,384,384,384,384
501,448,512,512,512,463,512,512,512,512
502,575,575,575,575,568,572,575,575,574
503,712,639,639,639,639,639,639,639,639
504,782,768,768,704,704,704,704,704,671
505,639,639,636,625,632,624,624,624,608
506,455,480,480,480,487,481,480,480,480
507,255,255,319,352,384,384,384,384,384
508,255,255,319,352,384,384,384,384,384
509,448,448,449,455,451,463,463,463,463
510,639,608,608,608,608,608,608,608,575
511,783,768,768,704,704,704,704,704,671
512,768,704,671,639,639,639,639,639,639
513,483,508,504,496,504,497,497,496,499
514,231,255,319,319,319,319,319,319,352
515,224,255,255,255,318,319,319,319,319
516,384,384,391,399,414,414,415,415,415
517,575,543,543,543,562,543,568,560,543
518,704,639,639,639,639,639,639,638,632
519,712,671,639,639,639,639,639,639,637
520,639,632,614,608,608,608,608,575,575
521,511,511,511,511,511,511,511,511,511
522,352,384,387,399,391,414,399,399,414
523,240,255,316,319,319,319,319,352,352
524,319,384,384,385,391,391,399,399,399
525,512,512,512,512,512,512,512,512,512
526,624,575,575,575,575,575,575,575,575
527,704,671,639,639,639,639,639,636,636
528,624,624,575,575,575,575,575,575,575
529,451,480,480,480,480,483,480,480,480
530,384,399,415,415,415,448,448,448,448
531,384,384,399,412,415,415,415,448,448
532,384,387,415,415,415,448,448,448,448
533,512,512,515,515,515,512,524,513,512
534,671,639,639,636,632,624,636,624,624
535,768,768,704,671,639,639,639,639,639
536,671,639,639,633,632,636,632,624,624
537,624,611,608,575,575,575,575,575,575
538,575,575,573,568,568,572,568,563,568
539,504,505,510,511,511,511,511,511,510
540,481,486,496,497,497,496,504,504,496
541,515,515,519,519,519,519,519,519,518
542,527,527,527,527,527,527,527,527,527
543,543,543,543,540,540,543,543,527,540
544,638,624,608,575,575,575,608,575,575
545,704,671,639,639,639,639,639,639,639
546,704,671,639,639,639,639,639,639,638
547,574,574,568,568,560,561,543,561,543
548,384,399,415,448,415,448,448,448,448
549,255,319,384,384,384,384,384,385,384
550,448,448,463,463,480,512,512,512,512
551,704,639,639,639,639,636,639,627,637
552,896,831,799,776,770,768,768,768,768
553,799,768,768,768,712,768,704,704,704
554,575,575,572,575,568,574,568,574,561
555,384,399,399,415,415,448,448,448,448
556,255,255,319,352,384,384,384,384,384
557,391,412,448,448,448,448,448,448,448
558,624,608,608,575,575,575,575,575,575
559,768,705,704,671,671,639,639,639,639
560,768,768,704,704,704,671,671,639,639
561,639,639,624,624,611,624,608,611,608
562,511,511,511,511,511,511,511,511,511
563,448,448,448,448,451,455,455,462,455
564,384,384,391,399,412,415,415,415,415
565,412,448,448,448,448,448,451,451,451
566,575,575,575,575,575,575,575,575,575
567,781,768,768,768,713,704,704,704,704
568,797,768,768,768,712,768,704,704,704
569,632,612,608,575,575,575,575,575,575
570,504,505,504,504,510,511,508,511,510
571,480,483,483,486,496,496,496,496,496
572,496,512,512,512,512,499,512,512,512
573,524,527,527,527,527,519,527,524,524
574,624,624,611,608,608,575,575,575,575
575,704,704,639,639,639,639,639,639,639
576,705,704,639,639,639,639,639,639,639
577,575,575,568,560,568,568,560,543,543
578,448,448,448,451,455,463,463,463,463
579,384,384,387,399,399,412,414,415,415
580,384,384,399,399,412,415,415,415,415
581,524,527,527,527,527,527,527,527,527
582,768,704,671,639,639,639,639,639,639
583,768,768,712,704,704,704,671,671,671
584,708,704,639,639,639,639,639,639,639
585,575,575,568,568,563,568,568,561,561
586,480,480,483,487,487,496,496,496,496
587,399,415,448,448,448,448,448,449,448
588,415,448,451,451,455,463,462,463,463
589,512,512,512,512,512,512,512,512,512
590,563,572,568,560,560,561,560,543,560
591,608,608,575,575,575,575,575,575,575
592,608,608,575,575,575,575,575,575,575
593,560,543,543,543,543,543,543,543,543
594,511,511,511,511,511,511,511,511,511
595,483,496,496,496,497,504,504,504,504
596,449,463,480,480,480,480,481,480,480
597,519,527,527,527,526,527,527,527,527
598,632,632,608,608,608,608,575,575,608
599,639,639,632,632,624,624,624,624,624
600,624,624,575,575,575,575,575,575,575
601,575,574,563,568,568,563,563,560,560
602,624,608,575,575,575,575,575,575,575
603,671,639,639,638,632,632,624,625,624
604,625,624,608,575,575,575,575,575,575
605,499,508,510,508,511,508,511,511,511
606,480,496,499,497,496,496,504,497,504
607,560,561,543,543,543,543,543,543,543
608,608,575,575,575,575,575,575,575,575
609,639,632,624,624,608,608,608,575,608
610,627,624,608,608,608,575,575,575,575
611,575,575,568,572,572,568,568,568,568
612,504,511,511,511,511,511,511,511,511
613,415,448,448,448,451,451,463,455,455
614,415,448,449,451,451,455,455,455,455
615,575,575,572,574,560,568,561,543,568
616,768,768,704,704,639,671,671,639,671
617,799,776,768,768,768,768,708,704,708
618,639,639,625,624,626,624,624,624,612
619,448,451,462,455,480,480,480,480,480
620,255,318,352,352,384,384,384,384,384
621,319,352,384,384,384,385,391,391,391
622,512,512,512,512,512,512,512,512,512
623,639,639,632,636,614,626,624,608,624
624,768,704,671,671,639,639,639,639,639
625,639,639,632,636,632,632,624,624,624
626,575,568,560,543,568,560,543,561,543
627,448,448,451,451,463,455,463,480,455
628,255,319,384,384,384,384,384,384,384
629,352,384,391,391,399,399,415,414,415
630,560,543,543,543,543,543,543,543,543
631,768,704,639,639,639,639,639,639,639
632,816,776,768,768,768,768,768,712,707
633,768,768,704,671,671,639,639,639,639
634,575,575,575,575,572,574,575,572,568
635,399,415,448,448,448,449,455,448,448
636,319,384,384,391,391,399,399,399,399
637,384,391,414,415,415,448,448,448,448
638,513,513,515,512,515,515,515,519,519
639,639,624,608,575,575,575,575,575,575
640,671,639,639,636,632,627,624,632,624
641,639,639,632,632,624,624,624,624,624
642,511,511,511,511,511,511,511,511,511
643,384,399,415,448,448,448,448,448,448
644,255,352,384,384,384,385,387,384,387
645,391,415,448,448,448,448,448,448,448
646,568,543,543,543,543,543,543,543,543
647,704,639,639,639,639,637,638,639,636
648,768,768,704,671,671,671,671,639,639
649,612,608,575,575,575,575,575,575,575
650,399,448,448,449,448,451,449,448,448
651,255,255,319,384,384,384,384,384,384
652,319,384,384,384,387,391,391,399,399
653,543,543,543,542,543,543,543,543,543
654,704,639,639,638,639,639,639,639,634
655,639,639,632,624,624,624,624,624,609
656,560,543,543,543,543,543,543,543,543
657,399,415,448,448,448,448,448,448,448
658,319,384,384,391,391,391,391,391,399
659,384,391,412,415,415,415,448,448,448
660,519,526,526,513,527,524,519,527,526
661,639,639,632,614,625,624,624,624,611
662,671,639,639,632,638,626,632,632,624
663,608,575,575,575,575,575,575,575,575
664,608,575,575,575,575,575,575,575,574
665,632,624,608,608,608,575,575,575,575
666,575,575,575,575,574,572,572,570,569
667,560,560,543,543,543,543,543,543,543
668,511,527,527,527,527,527,527,527,527
669,480,483,496,496,496,496,504,496,496
670,515,519,519,519,524,519,519,519,519
671,575,575,575,575,575,575,575,575,575
672,624,608,575,575,575,575,575,575,575
673,632,624,608,575,608,575,575,575,575
674,611,575,575,575,575,575,575,575,575
675,575,572,572,563,563,560,568,560,560
676,511,511,511,511,511,511,511,511,511
677,448,448,448,455,455,455,455,455,462
678,451,463,480,480,480,481,481,481,483
679,572,572,572,563,568,563,563,561,561
680,639,632,625,612,624,608,608,608,608
681,704,639,639,639,639,637,637,634,632
682,639,639,632,624,624,611,614,608,608
683,575,575,574,572,568,568,568,568,563
684,481,496,483,496,496,496,496,496,496
685,448,448,448,451,451,455,455,455,455
686,415,448,448,451,455,455,455,455,463
687,512,512,512,512,512,512,515,512,512
688,572,572,572,561,563,561,568,560,560
689,624,608,608,575,575,575,575,575,575
690,639,632,624,609,608,608,608,608,608
691,563,543,543,543,543,543,543,543,543
692,391,399,415,448,448,448,448,448,448
693,384,384,391,399,412,414,415,415,415
694,512,512,512,512,512,512,512,512,512
695,632,632,624,575,575,608,608,608,608
696,768,768,716,704,671,704,704,671,671
697,768,768,704,704,704,671,671,639,639
698,639,624,611,611,608,608,608,575,575
699,480,463,480,483,487,480,480,480,480
700,384,384,387,399,415,412,399,415,415
701,384,384,391,399,412,414,415,415,415
702,512,512,512,512,512,512,512,512,512
703,575,575,575,575,575,575,575,575,575
704,639,639,639,632,632,625,632,624,624
705,671,639,639,639,636,632,634,632,627
706,563,543,543,543,543,511,511,511,511
707,399,399,415,448,448,448,448,448,448
708,384,384,391,399,399,399,399,414,415
709,384,399,415,415,448,448,448,448,448
710,463,512,512,512,483,512,512,512,512
711,543,543,543,543,543,543,543,543,543
712,624,608,608,575,575,575,575,575,575
713,639,639,639,633,625,624,632,624,624
714,575,575,575,575,575,572,572,569,568
715,451,463,463,463,480,480,480,480,480
716,384,399,415,415,448,448,448,448,448
717,384,391,399,412,415,415,415,415,415
718,415,448,448,449,451,455,455,455,455
719,542,542,543,543,536,543,543,543,543
720,632,624,609,608,608,608,608,575,608
721,575,575,575,575,575,574,575,574,575
722,448,449,449,455,462,455,463,463,463
723,255,319,352,384,384,384,384,384,384
724,255,319,384,384,384,384,384,384,384
725,512,512,512,512,512,512,512,512,512
726,671,639,639,639,639,639,639,634,632
727,792,768,768,768,716,712,712,704,704
728,768,704,639,639,639,639,639,639,639
729,511,511,511,511,511,511,511,511,511
730,384,387,391,399,412,412,415,415,415
731,319,384,384,387,391,399,399,399,399
732,448,448,455,455,463,463,463,455,463
733,575,575,574,572,572,569,572,543,560
734,639,639,632,625,624,624,624,608,611
735,639,639,624,612,624,609,612,608,608
736,608,608,575,575,575,575,575,575,575
737,481,483,483,483,496,487,496,497,497
738,384,384,399,399,414,414,415,448,415
739,384,391,415,415,415,415,448,448,448
740,448,448,455,455,463,462,463,463,463
741,512,512,515,519,519,515,519,513,515
742,543,543,543,543,543,543,543,543,543
743,575,575,575,575,575,575,575,574,572
744,575,575,575,575,575,572,575,574,568
745,574,563,560,560,560,543,543,543,543
746,568,560,543,543,543,543,543,543,543
747,511,511,519,519,524,511,511,524,527
748,412,415,448,448,448,448,448,451,455
749,255,319,384,384,384,384,384,387,391
750,384,384,399,399,415,415,415,415,415
751,512,512,519,519,519,519,524,513,512
752,624,608,608,608,608,575,575,575,575
753,560,543,543,543,543,543,543,543,543
754,415,448,448,448,448,448,448,455,462
755,384,391,399,414,415,415,415,448,448
756,451,463,480,480,480,512,512,480,480
757,512,512,512,512,512,511,513,512,512
758,505,504,511,513,515,512,515,511,512
759,480,480,496,496,496,496,496,496,496
760,512,512,512,512,512,512,512,512,512
761,575,575,575,569,575,574,574,568,568
762,608,575,575,575,575,575,575,575,575
763,511,511,511,511,511,511,511,511,511
764,455,463,480,480,480,480,480,481,483
765,385,399,415,448,448,448,448,448,448
766,384,399,415,448,448,448,448,448,448
767,512,512,512,512,512,512,512,512,512
768,575,575,575,568,572,568,568,563,560
769,575,575,575,572,569,572,568,568,568
770,455,462,480,480,480,481,480,480,483
771,316,352,384,384,384,387,385,391,391
772,319,384,384,391,391,399,399,399,412
773,512,512,512,512,512,512,513,512,512
774,575,575,575,572,569,568,569,563,561
775,568,543,543,543,543,543,543,543,543
776,511,511,511,511,511,511,511,511,511
777,480,483,496,496,496,497,496,496,497
778,399,415,448,448,448,451,448,451,455
779,384,384,399,414,415,415,415,448,448
780,448,448,451,451,455,455,463,462,455
781,543,543,542,527,540,527,540,527,527
782,575,575,575,568,572,568,568,568,563
783,486,496,496,504,496,504,496,497,504
784,384,384,391,399,399,415,414,415,415
785,384,384,391,399,399,415,415,415,415
786,512,512,512,512,512,512,512,512,512
787,543,543,543,543,543,542,543,543,543
788,537,537,536,527,527,527,536,527,527
789,480,480,480,480,481,496,483,481,483
790,463,480,480,480,481,487,483,481,483
791,519,518,519,519,524,519,519,519,519
792,543,543,543,543,543,543,543,543,543
793,624,608,608,575,575,575,575,575,575
794,639,633,624,614,624,608,608,608,608
795,639,624,609,608,608,575,575,608,575
796,511,511,511,511,511,540,527,511,527
797,448,462,455,480,463,480,480,480,480
798,391,415,448,448,448,448,448,448,448
799,391,414,448,448,448,448,448,448,448
800,524,512,524,519,527,515,526,527,519
801,768,671,671,639,639,639,639,639,639
802,768,768,704,639,639,639,639,639,639
803,575,575,575,575,568,574,569,568,568
804,384,399,399,415,415,448,415,415,415
805,231,255,255,319,319,319,319,319,319
806,384,384,399,399,415,415,415,415,415
807,625,575,608,575,575,575,575,575,575
808,831,780,768,768,768,768,768,768,768
809,799,768,768,768,712,768,712,704,704
810,608,575,575,575,572,575,572,572,572
811,352,387,384,414,399,415,399,399,415
812,255,255,319,352,352,384,352,384,384
813,352,384,387,391,399,399,399,412,414
814,543,527,543,527,543,527,543,542,540
815,704,639,639,632,636,624,638,632,624
816,704,639,639,639,639,639,639,639,638
817,639,632,624,611,608,608,608,575,608
818,480,496,480,497,487,504,487,487,496
819,319,384,384,391,387,399,391,391,399
820,255,319,352,384,384,384,384,384,384
821,384,391,415,415,415,415,448,448,448
822,575,572,575,560,574,543,568,568,568
823,780,768,768,704,704,704,704,704,671
824,829,783,768,768,768,768,768,768,768
825,639,639,632,636,624,632,624,624,624
826,448,463,451,480,463,480,480,480,480
827,255,318,319,384,384,384,384,384,384
828,255,319,384,384,384,384,384,384,384
829,448,449,480,463,512,480,512,512,512
830,638,609,624,575,608,608,575,575,575
831,712,671,639,639,639,639,639,639,636
832,639,639,632,624,624,624,624,611,608
833,575,575,561,572,560,563,568,560,560
834,448,448,448,463,455,455,480,480,480
835,319,384,384,387,387,387,399,399,399
836,319,384,384,384,385,385,387,391,399
837,451,455,512,463,512,512,480,512,512
838,608,575,575,575,575,575,575,572,568
839,704,671,639,639,639,639,639,633,632
840,768,704,639,639,639,639,639,639,639
841,511,511,543,561,543,511,543,543,543
842,384,384,391,415,399,415,415,448,415
843,255,319,352,384,384,384,384,384,384
844,384,391,414,415,415,448,415,448,448
845,448,455,480,463,480,480,480,480,480
846,512,512,512,512,512,512,512,512,512
847,543,543,543,543,543,543,543,542,543
848,543,543,543,543,543,543,543,543,543
849,511,511,511,511,511,511,511,511,511
850,512,512,512,515,512,512,512,515,513
851,512,513,511,515,515,518,513,515,513
852,448,455,463,463,480,480,480,480,480
853,319,384,384,384,387,399,391,399,399
854,384,387,412,415,415,415,415,448,448
855,560,543,543,543,543,540,543,540,540
856,768,768,704,704,671,639,639,639,639
857,798,768,768,768,704,704,704,704,704
858,639,639,632,624,608,624,608,611,608
859,415,448,455,448,451,480,455,480,463
860,255,319,384,384,384,384,384,384,385
861,316,352,384,384,384,385,387,387,391
862,512,512,512,512,512,512,512,512,512
863,639,624,575,608,575,575,575,575,575
864,704,639,639,639,639,639,636,632,626
865,671,639,639,637,632,632,624,624,624
866,511,511,511,511,511,511,511,511,511
867,352,384,399,399,399,399,415,415,448
868,255,255,352,384,384,384,384,384,384
869,384,399,414,415,448,448,448,448,448
870,563,543,542,543,543,543,543,540,540
871,705,639,639,639,639,639,638,632,632
872,768,768,704,671,639,671,639,639,639
873,608,575,575,575,575,575,574,575,575
874,384,399,415,448,448,448,448,448,448
875,255,319,352,384,384,384,384,384,384
876,352,384,387,391,399,399,415,414,414
877,448,448,448,448,455,455,455,451,455
878,483,483,483,512,512,512,512,512,512
879,560,543,543,543,543,543,543,540,543
880,608,575,575,575,574,575,575,572,572
881,543,543,543,543,543,543,543,543,543
882,448,448,451,455,455,451,455,480,480
883,255,319,352,384,384,384,384,384,384
884,255,255,319,319,352,352,384,384,384
885,384,384,399,399,415,415,448,415,415
886,608,575,575,572,568,574,575,568,561
887,820,768,768,768,768,768,713,704,704
888,780,768,716,704,704,704,704,704,671
889,511,511,511,511,511,511,511,511,511
890,319,384,384,384,391,391,391,391,399
891,199,255,255,255,255,255,319,319,319
892,255,255,319,352,384,384,384,384,384
893,512,512,512,512,512,512,512,512,512
894,704,639,639,636,624,632,639,625,624
895,639,639,632,624,624,624,624,609,608
896,481,481,496,497,504,504,496,504,504
897,384,384,391,412,415,415,415,415,448
898,384,387,399,412,415,415,415,415,415
899,448,448,449,451,455,455,463,463,455
900,480,480,480,480,480,481,496,483,480
901,448,451,480,480,480,480,480,480,480
902,384,384,399,415,415,415,415,415,448
903,319,384,384,387,391,391,399,399,399
904,455,463,463,512,512,512,512,512,512
905,636,624,575,575,575,575,575,575,575
906,671,639,632,624,624,624,624,624,624
907,511,511,511,511,511,511,511,511,511
908,319,352,384,385,391,391,385,391,391
909,192,227,255,255,255,255,255,255,318
910,255,319,384,384,384,384,384,384,385
911,568,560,543,543,542,543,543,543,543
912,768,704,639,639,639,639,639,639,639
913,639,636,624,608,608,608,608,608,608
914,448,448,455,451,455,451,455,455,463
915,224,252,255,255,255,255,316,319,319
916,159,224,255,255,255,255,255,255,255
917,352,384,384,391,399,399,399,412,399
918,639,625,575,615,609,608,608,608,575
919,831,796,768,768,768,768,768,768,768
920,816,776,768,768,768,768,768,704,704
921,639,624,624,575,575,575,575,575,575
922,384,387,415,399,399,415,414,415,448
923,192,240,255,255,255,255,255,255,255
924,195,241,255,255,255,255,255,319,319
925,415,448,448,448,451,455,512,455,448
926,639,636,611,624,624,624,624,609,575
927,792,768,768,708,712,705,704,704,704
928,768,768,704,704,704,704,704,671,639
929,511,511,511,511,511,511,511,511,511
930,255,319,384,384,384,384,384,384,387
931,227,255,255,319,319,319,319,319,352
932,255,319,384,384,384,384,384,384,384
933,415,448,448,448,455,455,463,455,451
934,575,575,572,575,575,575,575,568,568
935,780,768,712,704,704,704,704,671,639
936,768,768,704,704,704,671,671,639,639
937,568,511,511,511,511,511,511,543,543
938,384,387,399,399,399,399,412,448,448
939,227,255,255,255,319,319,319,319,352
940,252,255,255,319,319,319,352,384,384
941,448,512,512,512,512,512,512,512,512
942,608,575,575,575,575,575,575,574,575
943,639,636,624,609,608,624,608,575,575
944,611,608,575,575,575,575,575,575,575
945,511,511,511,511,511,511,511,511,511
946,387,399,448,415,415,448,448,448,448
947,255,255,319,352,352,352,384,384,384
948,255,255,319,319,319,352,352,384,384
949,384,385,399,412,415,415,415,415,415
950,575,575,561,568,569,575,569,543,543
951,768,768,671,671,671,671,639,639,639
952,768,768,704,704,671,704,671,671,639
953,639,639,632,624,611,611,608,611,609
954,448,448,463,451,455,451,455,480,480
955,241,255,255,319,319,319,319,352,352
956,252,255,319,319,319,319,352,352,384
957,384,385,399,412,415,415,415,415,415
958,519,527,515,524,519,527,526,519,518
959,639,639,624,624,614,624,611,608,608
960,671,639,639,632,624,632,624,624,624
961,511,511,511,511,511,511,511,511,511
962,319,352,384,384,387,384,387,399,391
963,195,227,255,255,255,255,255,255,319
964,255,319,352,384,384,384,384,384,384
965,527,540,527,527,519,537,527,519,527
966,639,639,624,612,608,624,608,575,608
967,608,575,575,575,575,575,575,575,572
968,508,504,510,504,511,510,508,511,504
969,415,448,448,448,451,448,455,455,451
970,384,385,399,414,415,415,415,448,448
971,384,384,387,391,399,399,399,412,415
972,384,384,391,399,399,399,412,412,415
973,352,384,384,387,391,399,399,399,414
974,384,391,412,415,415,448,448,415,448
975,526,519,524,519,515,527,524,519,515
976,639,639,633,625,614,624,624,624,608
977,639,639,625,624,609,610,609,608,608
978,487,487,496,496,504,496,496,496,504
979,255,319,352,384,384,384,384,384,384
980,159,199,252,255,255,255,255,255,255
981,224,255,255,255,255,319,319,319,319
982,448,512,512,512,512,512,512,512,512
983,712,704,639,639,636,639,639,639,632
984,896,831,792,777,768,768,768,768,768
985,768,768,704,704,671,639,639,639,639
986,448,455,463,463,480,463,463,480,483
987,224,255,255,255,319,319,319,319,384
988,127,199,248,255,255,255,255,255,255
989,255,318,352,384,384,384,384,384,384
990,543,543,543,543,527,543,543,527,527
991,704,671,639,639,632,638,639,624,624
992,639,639,626,624,624,624,624,608,608
993,560,543,543,511,511,511,511,511,543
994,448,448,451,451,480,455,455,480,480
995,255,319,384,384,384,384,384,387,387
996,255,255,319,319,384,352,384,384,384
997,384,391,414,415,415,448,448,448,448
998,524,515,513,519,512,519,524,512,515
999,608,575,575,575,568,575,575,568,572
1000,639,612,608,575,575,575,575,575,575
1001,575,572,561,560,560,543,543,543,543
1002,415,448,448,448,448,448,448,455,448
1003,255,255,319,384,352,352,384,384,384
1004,255,319,384,384,384,384,384,384,384
1005,455,455,463,463,512,512,512,512,512
1006,575,568,560,543,561,562,560,543,543
1007,572,543,543,543,543,543,543,543,543
1008,448,448,451,455,455,455,455,463,463
1009,255,319,384,384,384,384,384,387,384
1010,224,255,255,255,318,319,319,319,319
1011,255,319,352,384,384,384,384,384,384
1012,524,515,519,512,519,519,526,512,515
1013,704,639,639,632,632,636,632,624,624
1014,704,639,639,638,632,636,632,624,624
1015,575,575,575,575,568,568,563,568,560
1016,399,448,448,448,448,448,448,451,448
1017,255,255,319,384,384,384,384,384,384
1018,316,319,384,384,384,384,385,387,391
1019,512,512,512,480,512,512,512,512,512
1020,536,524,527,515,519,526,527,515,519
1021,504,496,504,496,496,504,504,496,496
1022,480,480,481,483,481,483,483,483,487
1023,480,483,483,496,487,496,496,512,496
1024,463,480,480,483,480,483,481,496,483
1025,415,448,448,448,448,448,448,451,449
1026,319,384,384,384,384,384,387,387,387
1027,255,255,352,352,384,384,384,384,384
1028,415,415,448,448,448,448,448,448,448
1029,608,575,574,575,575,575,575,572,569
1030,639,624,608,608,575,608,575,575,575
1031,511,511,511,511,511,511,511,511,511
1032,399,448,448,448,448,448,448,448,448
1033,384,391,414,399,415,415,415,415,415
1034,384,399,415,414,415,415,448,448,448
1035,384,384,399,399,412,415,415,415,415
1036,384,384,391,399,399,415,415,415,415
1037,455,451,463,480,480,480,480,480,480
1038,575,568,563,563,560,560,561,560,543
1039,574,568,543,543,543,543,543,543,543
1040,463,480,480,480,480,480,480,480,480
1041,399,415,448,448,448,448,448,448,448
1042,415,448,448,448,448,448,448,448,448
1043,399,415,448,448,448,448,448,448,448
1044,399,414,448,448,448,448,448,448,448
1045,415,448,448,448,448,451,451,451,449
1046,512,512,512,512,513,515,515,513,512
1047,608,575,575,575,575,575,575,575,569
1048,608,575,575,575,572,572,574,572,568
1049,575,575,575,572,568,568,572,568,568
1050,575,568,543,543,543,543,543,543,543
1051,543,543,536,540,537,527,536,527,527
1052,496,496,496,496,496,499,496,497,497
1053,391,415,415,448,448,448,448,448,448
1054,415,448,448,448,448,451,451,455,455
1055,527,524,527,527,524,526,527,527,527
1056,639,626,624,608,608,608,608,608,608
1057,639,639,626,624,611,611,612,608,608
1058,511,511,511,511,511,511,511,511,511
1059,448,448,448,451,455,455,455,455,455
1060,448,455,462,463,480,480,480,480,480
1061,512,512,512,512,496,512,512,512,512
1062,575,575,575,568,568,568,569,568,568
1063,639,638,625,611,608,608,609,608,608
1064,575,575,575,574,568,569,568,563,568
1065,527,527,511,511,511,511,511,511,511
1066,496,496,496,504,504,497,499,497,504
1067,512,512,512,512,512,512,512,512,512
1068,504,504,504,504,504,508,505,504,504
1069,499,499,504,512,499,512,512,504,504
1070,480,480,483,483,481,487,496,487,483
1071,480,483,496,487,487,496,496,496,496
1072,496,496,499,496,497,497,512,499,499
1073,527,527,527,519,524,519,527,519,519
1074,536,527,527,527,527,527,527,526,527
1075,540,527,527,527,527,527,527,527,527
1076,511,510,511,511,511,511,511,511,511
1077,455,455,480,480,480,480,480,480,480
1078,448,455,463,480,480,480,480,480,480
1079,569,568,543,560,543,543,543,543,543
1080,704,671,639,639,639,638,639,636,636
1081,704,639,639,639,638,632,632,624,624
1082,608,575,575,575,575,575,572,568,570
1083,483,487,487,487,496,499,496,496,496
1084,384,387,399,412,415,415,415,415,415
1085,414,448,448,448,448,448,448,448,448
1086,540,536,527,527,527,527,527,527,527
1087,639,639,624,624,611,609,624,608,608
1088,639,632,624,611,608,608,608,608,575
1089,543,511,511,543,511,542,511,511,537
1090,415,448,448,448,448,449,448,451,449
1091,384,391,399,412,415,415,415,415,415
1092,415,448,448,448,448,448,448,448,448
1093,524,519,519,519,519,524,524,519,519
1094,608,575,575,575,572,575,575,572,569
1095,572,543,543,543,543,543,543,543,543
1096,543,543,540,540,540,540,540,527,537
1097,575,575,575,572,568,572,572,568,569
1098,568,561,543,543,543,543,543,543,543
1099,480,480,480,480,481,480,480,483,480
1100,384,384,387,399,399,399,399,415,399
1101,352,384,384,391,399,391,399,399,399
1102,448,448,451,455,455,463,463,463,480
1103,575,575,569,563,563,568,572,543,568
1104,639,639,624,624,624,624,624,608,608
1105,639,624,608,575,575,608,575,575,575
1106,572,560,543,543,543,543,543,543,543
1107,448,448,448,455,455,451,451,463,463
1108,255,255,319,384,384,384,384,384,384
1109,316,319,384,384,384,384,384,384,387
1110,515,512,512,512,512,515,518,512,512
1111,704,671,639,636,638,639,639,624,624
1112,768,768,704,671,671,639,639,639,639
1113,768,706,671,639,639,639,639,639,639
1114,639,634,611,624,608,608,575,608,575
1115,480,480,483,496,487,483,483,497,496
1116,387,399,415,448,448,448,448,448,448
1117,414,448,448,448,448,448,449,448,449
1118,480,480,480,480,480,480,486,480,480
1119,575,575,563,560,560,560,568,543,543
1120,671,639,632,626,624,624,624,608,608
1121,639,624,608,608,575,575,575,575,575
1122,575,574,561,568,560,543,543,543,543
1123,511,511,511,511,511,511,511,511,519
1124,497,504,504,512,504,505,508,512,510
1125,480,483,487,496,487,496,496,496,496
1126,448,448,448,451,451,455,462,455,455
1127,480,480,480,483,483,512,496,512,512
1128,575,568,543,543,543,543,543,543,543
1129,639,639,624,624,612,611,611,608,608
1130,639,624,608,608,575,575,575,575,575
1131,511,511,511,511,527,527,527,527,527
1132,414,415,448,448,448,448,448,451,451
1133,384,385,399,414,415,415,415,448,448
1134,415,448,448,448,448,448,448,448,451
1135,519,519,519,518,515,518,519,512,512
1136,639,626,608,608,575,575,608,575,575
1137,609,575,575,575,575,575,575,572,574
1138,480,483,483,483,487,496,496,487,496
1139,352,384,387,391,399,399,399,412,415
1140,384,384,391,391,409,399,399,415,415
1141,480,512,512,512,512,512,512,512,512
1142,575,568,543,543,543,543,543,543,543
1143,671,639,632,624,624,624,624,624,608
1144,704,639,639,639,632,638,638,632,624
1145,639,624,608,575,575,575,575,575,575
1146,496,504,505,504,505,504,504,504,510
1147,385,399,448,415,448,448,448,448,448
1148,352,384,387,391,399,399,399,399,399
1149,415,448,448,448,448,448,451,449,451
1150,527,526,519,518,515,519,519,519,515
1151,624,608,575,575,575,575,575,575,575
1152,639,639,624,624,608,611,611,611,608
1153,563,543,543,543,543,543,543,543,543
1154,399,415,448,448,448,448,448,448,448
1155,255,319,384,384,384,384,384,384,384
1156,384,384,391,399,399,399,399,399,415
1157,512,512,512,512,512,512,512,512,512
1158,639,632,608,608,608,608,608,575,575
1159,768,704,639,639,639,639,639,639,639
1160,608,575,575,575,575,574,574,575,572
1161,399,415,448,448,448,448,448,448,448
1162,255,255,319,319,319,352,352,384,352
1163,255,319,384,384,384,384,384,384,384
1164,519,519,519,519,519,515,519,513,519
1165,639,639,624,624,608,608,611,575,608
1166,639,624,608,575,575,575,575,575,575
1167,511,511,511,511,511,511,527,527,527
1168,385,391,415,415,415,448,448,448,448
1169,255,319,384,384,384,384,384,384,384
1170,387,399,415,415,448,448,448,448,448
1171,512,512,512,512,512,512,512,512,512
1172,513,515,511,511,510,513,515,511,513
1173,543,543,543,542,540,540,543,540,543
1174,611,608,575,575,575,575,575,575,575
1175,624,608,575,575,575,575,575,575,575
1176,575,568,560,543,543,543,543,543,543
1177,575,575,575,569,568,568,561,563,560
1178,624,608,575,575,575,575,575,575,575
1179,543,543,543,543,542,543,540,540,542
1180,511,511,511,510,510,511,510,510,511
1181,496,497,497,496,497,504,496,497,504
1182,463,480,480,480,480,480,481,483,483
1183,519,519,519,519,519,515,519,519,519
1184,575,575,575,572,568,568,568,568,568
1185,639,624,608,608,608,575,575,575,575
1186,575,575,574,572,568,568,568,568,560
1187,448,455,463,480,463,480,480,480,480
1188,412,415,448,448,448,448,448,448,448
1189,512,512,512,512,512,512,512,512,512
1190,574,563,543,543,543,543,543,543,543
1191,624,608,575,575,575,575,575,575,575
1192,639,639,632,624,624,611,609,608,609
1193,671,639,636,632,625,624,624,624,614
1194,624,608,575,575,575,575,575,575,575
1195,480,481,483,496,487,497,496,496,487
1196,384,384,399,415,415,448,448,448,415
1197,319,384,384,385,387,391,399,399,399
1198,415,448,448,448,451,449,451,451,455
1199,543,543,540,527,537,527,527,527,527
1200,639,634,608,575,608,575,575,575,575
1201,639,624,608,575,575,575,575,575,575
1202,572,560,543,543,543,543,543,543,543
1203,455,463,480,481,480,483,481,487,480
1204,415,448,448,448,449,455,451,455,455
1205,448,448,451,455,463,455,463,463,463
1206,455,463,480,480,480,480,480,480,480
1207,568,560,543,543,543,543,543,540,542
1208,639,639,624,608,608,575,608,575,608
1209,704,639,639,636,632,632,632,624,624
1210,608,575,575,575,575,575,575,575,572
1211,448,448,449,455,463,463,455,463,455
1212,384,384,399,415,415,415,415,448,415
1213,448,455,455,463,480,463,480,480,480
1214,575,575,572,568,568,568,572,560,568
1215,639,639,624,611,608,608,609,608,608
1216,624,608,575,575,575,575,575,575,575
1217,511,511,527,511,511,511,511,511,511
1218,391,412,448,448,448,448,448,448,448
1219,316,319,384,384,384,385,384,384,384
1220,384,391,412,415,415,415,448,415,448
1221,463,480,480,480,480,480,480,512,480
1222,542,537,527,527,527,527,527,527,527
1223,543,543,543,542,540,540,540,543,536
1224,543,543,543,543,543,543,542,543,540
1225,536,527,527,527,527,536,527,527,526
1226,519,519,519,519,519,519,519,519,519
1227,542,536,527,527,527,527,527,527,527
1228,524,519,519,519,519,511,519,519,519
1229,414,415,448,448,448,448,449,448,448
1230,255,319,384,384,384,384,384,384,384
1231,319,384,384,391,391,399,399,399,399
1232,448,449,455,463,463,480,463,480,480
1233,543,543,542,543,543,543,543,543,543
1234,639,632,611,608,608,611,575,608,608
1235,575,575,575,574,568,569,572,568,568
1236,463,480,480,480,480,480,483,480,480
1237,352,384,391,391,391,391,399,399,399
1238,384,384,399,399,414,412,415,415,415
1239,480,512,512,512,512,512,512,512,512
1240,608,575,575,575,575,575,572,575,575
1241,639,632,624,608,608,608,575,608,575
1242,608,575,575,575,575,575,575,575,572
1243,504,504,511,510,504,504,511,504,504
1244,384,391,415,448,415,415,448,415,448
1245,415,448,448,448,448,448,451,448,451
1246,543,543,527,527,540,527,536,540,540
1247,639,639,624,624,624,611,614,624,624
1248,704,671,639,639,639,639,638,639,636
1249,511,511,511,511,511,511,511,511,511
1250,352,384,391,399,399,399,399,399,399
1251,227,255,255,255,319,319,319,319,319
1252,319,352,384,384,384,384,391,387,387
1253,527,527,515,515,515,515,527,527,526
1254,712,704,639,639,639,639,639,639,639
1255,768,712,639,639,639,639,639,639,639
1256,612,608,575,575,575,575,575,575,575
1257,480,480,483,487,496,496,483,483,483
1258,384,384,412,415,415,415,415,415,415
1259,255,255,384,384,384,384,384,384,384
1260,255,255,319,352,384,384,384,384,384
1261,415,448,448,448,448,448,451,451,448
1262,543,543,527,536,527,527,536,542,527
1263,612,608,575,575,575,575,575,575,575
1264,632,624,575,575,575,575,575,575,575
1265,563,543,543,543,543,543,543,543,543
1266,415,448,448,448,455,449,449,448,455
1267,255,255,319,319,384,352,384,384,384
1268,227,255,255,255,255,316,319,319,319
1269,319,384,384,384,384,387,391,391,391
1270,560,568,543,543,540,543,543,543,537
1271,768,768,671,704,639,671,639,639,639
1272,780,768,768,712,704,704,688,704,704
1273,671,639,639,632,632,624,624,624,624
1274,448,448,455,448,463,451,455,451,480
1275,231,255,255,255,319,319,319,319,352
1276,192,225,255,255,255,255,255,255,312
1277,384,384,385,399,391,399,409,415,399
1278,632,625,575,608,575,575,575,608,575
1279,788,768,768,768,704,704,704,704,671
1280,639,639,632,624,624,608,608,609,608
1281,384,391,448,415,448,415,415,415,448
1282,227,255,255,255,319,319,319,319,319
1283,255,255,319,319,384,384,384,384,384
1284,391,414,415,448,448,448,448,448,448
1285,512,512,512,512,512,512,512,512,512
1286,575,575,568,575,569,568,563,575,568
1287,572,568,543,560,543,543,543,560,543
1288,487,487,497,496,504,496,496,496,496
1289,449,451,480,463,480,480,480,463,480
1290,451,455,480,463,480,480,480,480,480
1291,399,415,415,448,448,448,448,448,448
1292,384,384,384,391,399,399,399,414,415
1293,399,415,448,448,448,448,448,448,448
1294,480,480,483,483,483,480,481,496,487
1295,527,519,527,519,519,519,518,524,524
1296,575,568,572,560,543,543,543,543,543
1297,575,568,560,543,543,543,543,543,543
1298,448,451,455,455,480,463,480,463,463
1299,316,319,384,384,384,384,384,384,384
1300,255,255,319,352,384,384,384,384,384
1301,415,415,448,448,448,448,448,451,451
1302,611,575,575,575,575,575,574,575,575
1303,704,639,639,638,632,632,624,632,632
1304,704,639,639,639,636,632,632,632,632
1305,624,608,575,575,575,575,575,575,575
1306,511,511,511,511,511,511,511,511,511
1307,448,448,448,448,455,451,455,451,451
1308,352,384,384,387,391,391,399,399,399
1309,412,415,448,448,448,448,448,448,448
1310,543,543,543,543,542,543,542,543,543
1311,704,639,639,639,632,632,632,633,632
1312,671,639,636,632,624,624,624,624,624
1313,568,543,543,543,543,543,511,543,543
1314,415,415,448,448,448,448,448,448,448
1315,255,319,384,384,384,384,384,384,384
1316,387,399,415,448,448,448,448,448,448
1317,575,572,574,560,543,568,561,568,568
1318,704,639,639,639,632,639,632,634,636
1319,712,704,639,639,639,639,639,639,639
1320,632,614,575,575,575,575,575,575,575
1321,511,511,508,511,511,508,510,510,508
1322,399,412,415,448,448,448,448,448,448
1323,384,384,399,412,415,414,415,415,415
1324,415,415,448,448,448,448,448,448,449
1325,463,480,480,480,480,483,480,487,483
1326,575,572,568,543,560,563,560,568,561
1327,671,639,636,626,624,624,624,624,624
1328,704,639,639,639,633,632,624,626,624
1329,626,608,575,575,575,575,575,575,575
1330,448,448,455,480,463,463,463,455,463
1331,255,255,319,384,384,384,384,384,384
1332,231,255,255,255,319,319,319,319,319
1333,319,384,384,384,391,391,399,399,399
1334,575,575,561,560,543,543,563,569,563
1335,799,768,768,768,704,704,704,704,704
1336,799,768,768,768,768,704,704,704,704
1337,639,639,638,632,624,624,624,609,608
1338,483,483,496,496,496,497,486,486,487
1339,384,384,399,414,415,415,415,415,415
1340,384,384,387,391,399,399,399,399,399
1341,384,391,412,415,415,415,448,448,448
1342,512,519,512,512,512,512,519,519,513
1343,704,704,639,639,639,638,639,639,634
1344,768,704,639,639,639,639,639,639,639
1345,575,560,543,543,543,543,511,543,511
1346,384,384,387,399,414,399,399,399,399
1347,255,255,319,319,384,352,384,352,384
1348,319,384,385,387,391,399,399,399,399
1349,524,536,536,519,519,527,527,527,527
1350,639,639,636,624,624,624,624,624,624
1351,704,639,639,636,632,636,632,632,624
1352,626,608,575,575,575,575,575,575,575
1353,451,449,455,480,480,455,480,455,463
1354,255,255,384,384,384,384,384,384,384
1355,255,319,384,384,384,384,384,384,384
1356,384,399,415,448,448,448,448,448,448
1357,512,512,512,512,512,512,512,512,512
1358,572,561,543,543,543,543,543,543,543
1359,575,575,568,568,568,568,568,563,563
1360,609,575,575,575,575,575,574,568,572
1361,563,543,543,543,543,543,543,537,542
1362,399,448,448,448,448,448,448,448,448
1363,255,255,319,384,384,384,384,384,384
1364,254,255,319,319,319,319,384,384,384
1365,415,448,448,448,448,448,448,451,451
1366,638,608,575,575,575,575,575,575,575
1367,768,704,639,639,639,639,639,639,639
1368,768,704,639,639,639,639,639,639,639
1369,624,609,575,575,575,575,575,575,575
1370,508,511,511,511,508,508,511,508,508
1371,391,415,448,448,448,448,448,448,448
1372,384,391,399,412,415,415,415,415,415
1373,399,415,448,448,448,448,448,448,448
1374,512,512,512,512,512,512,512,512,512
1375,575,560,543,543,543,543,543,543,543
1376,611,575,575,575,575,575,575,572,572
1377,572,568,543,543,543,543,543,543,543
1378,511,511,511,511,511,511,511,511,511
1379,448,463,480,480,480,480,480,480,480
1380,448,451,463,463,480,463,480,480,480
1381,463,463,480,480,480,480,480,481,481
1382,518,512,512,512,513,515,513,515,515
1383,542,527,527,527,527,527,527,527,527
1384,543,543,536,536,527,536,527,527,527
1385,561,543,543,543,543,543,543,543,543
1386,496,497,504,504,497,496,497,499,504
1387,399,415,448,448,448,448,448,448,448
1388,391,399,415,448,448,448,448,448,448
1389,399,415,448,448,448,448,448,448,448
1390,448,448,455,455,463,463,480,480,480
1391,527,519,519,519,519,524,524,519,524
1392,575,572,561,560,543,560,543,543,543
1393,511,511,511,511,511,511,511,511,511
1394,391,415,415,448,448,448,448,448,448
1395,255,255,319,319,384,319,352,384,352
1396,240,255,255,255,319,319,319,319,319
1397,384,384,399,399,412,415,415,415,415
1398,609,575,575,574,575,575,575,568,575
1399,768,768,704,704,671,704,671,639,671
1400,768,768,704,704,671,671,671,639,639
1401,624,615,575,575,575,575,575,575,575
1402,384,399,412,448,448,415,415,448,415
1403,199,248,255,255,255,255,255,319,316
1404,241,255,316,319,319,319,319,352,319
1405,385,399,415,414,415,448,448,448,448
1406,543,542,527,519,526,540,527,526,540
1407,639,639,624,611,608,624,608,575,611
1408,639,638,624,614,608,612,608,608,608
1409,511,504,508,508,511,508,511,511,508
1410,319,319,384,384,385,384,387,391,384
1411,195,224,255,255,255,255,255,255,255
1412,199,240,255,255,255,255,255,312,318
1413,414,448,448,451,448,512,512,451,455
1414,639,639,639,639,624,638,624,632,632
1415,768,704,639,639,639,639,639,639,639
1416,511,511,511,511,511,511,511,511,511
1417,387,391,399,399,448,415,448,415,415
1418,255,319,384,384,384,384,384,384,384
1419,319,352,384,384,384,384,387,385,387
1420,384,391,414,415,415,415,448,448,448
1421,391,399,415,448,415,448,448,448,448
1422,387,399,415,448,415,448,448,448,448
1423,512,512,512,496,512,512,512,512,512
1424,575,575,575,573,575,568,563,560,568
1425,608,575,575,575,575,572,574,568,568
1426,483,480,481,483,483,483,496,496,481
1427,255,319,352,384,384,384,384,384,384
1428,224,240,255,255,255,255,255,255,316
1429,255,316,319,352,384,384,384,384,384
1430,515,527,527,527,526,527,515,515,527
1431,768,768,704,671,639,639,639,639,639
1432,797,768,768,768,704,704,704,704,704
1433,639,624,608,608,608,575,608,608,575
1434,448,448,448,448,448,448,455,455,448
1435,319,319,384,384,384,384,385,385,384
1436,255,319,352,384,384,384,384,384,384
1437,319,352,384,384,384,384,384,384,385
1438,449,480,512,512,512,512,512,480,512
1439,639,639,639,639,627,636,624,624,624
1440,768,768,704,704,639,671,639,639,639
1441,632,608,575,575,575,575,575,575,575
1442,448,448,448,448,455,451,480,455,455
1443,255,255,255,319,352,319,384,352,352
1444,231,255,255,255,255,318,319,319,319
1445,319,384,384,385,391,391,391,399,399
1446,527,543,543,542,527,543,527,542,536
1447,671,639,639,639,632,639,632,634,632
1448,768,704,639,639,639,639,639,639,639
1449,608,575,574,572,572,568,575,560,568
1450,451,448,449,455,463,451,463,455,455
1451,384,387,399,399,415,414,415,415,415
1452,391,399,415,415,448,415,448,448,448
1453,384,391,412,414,415,415,415,415,448
1454,384,384,399,399,399,415,412,415,415
1455,415,448,448,449,448,455,455,455,455
1456,527,540,527,527,527,527,527,527,527
1457,542,540,527,527,527,527,527,527,526
1458,480,463,480,480,480,480,480,480,480
1459,448,448,448,448,455,449,455,451,455
1460,412,415,448,448,448,448,448,448,448
1461,415,448,448,448,448,449,448,448,451
1462,451,463,480,480,480,480,480,480,480
1463,513,519,515,513,512,519,512,515,512
1464,608,575,575,574,572,575,568,574,568
1465,575,561,543,543,543,543,543,543,543
1466,455,455,455,463,480,463,480,480,480
1467,387,391,412,415,432,415,448,415,448
1468,384,384,384,391,391,391,399,399,399
1469,384,387,399,415,414,415,415,415,415
1470,512,512,512,512,512,512,512,512,512
1471,543,543,540,536,537,540,527,527,527
1472,527,524,511,511,526,524,519,518,515
1473,504,504,504,496,508,504,504,504,504
1474,480,480,480,480,483,480,483,480,481
1475,415,448,448,448,448,448,448,448,448
1476,384,384,384,391,391,391,399,399,399
1477,255,255,319,384,352,384,384,384,384
1478,255,255,352,384,384,384,384,384,384
1479,448,448,463,455,480,480,463,480,480
1480,636,624,624,608,608,608,575,575,575
1481,639,632,624,608,609,608,608,608,608
1482,511,508,497,497,504,504,508,504,504
1483,384,391,391,399,399,399,415,415,414
1484,319,384,384,384,384,384,391,387,385
1485,384,384,391,399,399,399,415,415,399
1486,387,399,423,448,448,448,448,448,448
1487,399,412,448,448,448,448,448,448,448
1488,384,391,415,415,415,415,415,448,448
1489,384,384,391,399,414,414,415,415,415
1490,385,391,399,414,415,415,415,448,448
1491,384,387,391,399,412,414,415,415,415
1492,387,399,415,415,415,448,448,448,448
1493,512,512,512,512,512,512,512,512,512
1494,572,560,543,543,543,543,543,543,543
1495,543,540,542,536,540,527,537,527,527
1496,511,510,511,511,511,511,511,511,511
1497,448,448,448,448,448,448,448,451,455
1498,384,384,384,387,391,399,399,399,399
1499,387,399,415,415,415,448,448,448,448
1500,448,448,451,455,455,455,463,455,455
1501,480,480,512,512,487,483,496,512,512
1502,540,527,527,526,527,526,527,524,524
1503,511,505,508,508,508,508,508,510,508
1504,448,448,451,455,455,463,462,463,463
1505,448,448,448,448,448,451,451,451,455
1506,448,451,455,463,463,463,480,463,480
1507,448,451,455,462,463,463,463,462,463
1508,384,385,399,415,415,415,415,415,415
1509,319,319,384,384,384,384,384,384,384
1510,384,384,384,387,391,391,391,399,399
1511,512,512,512,512,512,512,512,512,512
1512,639,639,632,624,632,624,632,624,624
1513,768,704,639,639,639,639,639,639,639
1514,511,511,511,511,511,511,511,511,511
1515,319,319,384,384,384,384,384,384,384
1516,127,192,227,241,240,255,252,255,255
1517,127,192,225,241,252,255,255,255,255
1518,387,412,412,415,448,415,448,448,448
1519,704,671,639,634,639,634,639,639,632
1520,799,768,768,712,716,704,704,704,704
1521,611,575,575,575,575,575,575,574,572
1522,318,319,384,384,384,384,384,384,384
1523,120,127,224,224,224,243,241,248,255
1524,127,159,224,224,231,252,252,254,255
1525,255,255,255,319,319,319,352,352,352
1526,512,512,512,512,512,512,512,512,512
1527,704,639,639,639,639,638,639,632,626
1528,768,704,639,639,639,639,639,639,639
1529,575,575,575,563,563,560,560,560,543
1530,448,448,449,448,448,448,448,448,448
1531,319,319,384,384,384,384,384,384,384
1532,255,255,255,319,319,319,319,352,352
1533,255,255,319,319,352,384,384,384,384
1534,415,448,448,448,451,448,455,448,449
1535,575,574,543,563,568,543,568,543,543
1536,625,608,575,575,575,575,575,575,575
1537,511,499,510,497,504,504,497,505,497
1538,319,352,384,384,384,384,384,387,384
1539,224,241,255,255,255,255,255,255,319
1540,195,224,255,255,255,255,255,255,255
1541,255,319,384,384,384,384,384,384,384
1542,527,543,526,537,543,527,543,527,527
1543,768,712,639,639,639,639,639,639,639
1544,639,639,632,624,624,624,611,608,608
1545,449,448,455,448,448,455,448,463,451
1546,255,255,319,319,319,384,319,384,384
1547,255,255,319,319,319,352,319,352,384
1548,384,384,384,391,399,399,399,399,412
1549,448,449,448,451,462,455,480,451,463
1550,448,463,463,463,480,480,480,463,480
1551,384,391,399,399,414,415,415,415,415
1552,319,319,384,384,384,384,384,387,384
1553,415,415,448,448,448,448,448,448,448
1554,575,543,543,543,543,543,543,543,542
1555,624,575,575,575,575,575,575,572,569
1556,480,483,480,487,480,480,483,480,480
1557,255,319,319,384,384,384,384,384,384
1558,224,255,255,255,255,318,319,319,319
1559,319,319,384,384,384,384,385,387,387
1560,575,543,568,543,543,561,543,543,543
1561,799,768,768,704,704,704,704,671,671
1562,829,776,768,768,768,768,707,704,704
1563,624,609,575,575,575,575,575,575,575
1564,352,384,384,399,391,387,399,412,399
1565,192,231,254,255,255,255,255,255,255
1566,240,255,255,255,319,319,319,319,319
1567,448,448,451,448,449,455,451,448,455
1568,639,608,624,575,575,608,575,575,575
1569,705,639,639,639,638,639,636,632,632
1570,637,624,608,575,575,575,575,575,575
1571,480,487,480,496,480,480,480,487,480
1572,384,391,385,414,399,399,412,415,415
1573,352,384,384,391,391,391,391,399,399
1574,384,391,412,414,415,415,415,448,415
1575,524,512,524,512,512,519,515,512,512
1576,639,624,624,575,575,608,575,575,575
1577,704,639,639,639,634,639,632,632,624
1578,575,575,574,575,569,563,561,568,560
1579,448,455,449,463,463,451,463,463,455
1580,319,384,384,384,384,384,384,384,384
1581,319,384,384,384,384,384,385,385,387
1582,415,448,448,448,448,448,448,448,449
1583,543,527,543,527,527,527,527,527,536
1584,639,624,624,608,575,575,575,575,608
1585,575,575,568,568,563,560,543,543,543
1586,448,448,448,451,455,455,451,455,451
1587,255,319,319,384,384,384,384,384,384
1588,255,352,384,384,384,384,384,384,384
1589,448,451,463,455,455,462,480,463,480
1590,543,543,543,543,537,540,543,540,543
1591,639,636,625,611,608,608,608,575,608
1592,639,639,632,624,624,624,608,611,608
1593,624,575,575,575,575,575,572,572,568
1594,480,480,480,480,480,480,480,480,480
1595,384,384,391,399,399,399,412,415,399
1596,319,384,384,384,384,385,391,391,391
1597,384,384,391,399,399,399,412,414,415
1598,512,512,512,512,512,512,512,512,512
1599,639,636,624,624,608,608,608,608,608
1600,768,704,639,639,639,639,639,639,639
1601,639,639,624,624,611,608,608,608,608
1602,463,463,451,455,480,463,463,480,455
1603,255,255,255,255,319,319,319,319,319
1604,224,255,255,255,255,255,255,319,319
1605,255,319,384,384,384,384,385,384,387
1606,448,448,455,463,455,463,480,455,480
1607,575,575,574,575,568,575,568,563,572
1608,768,704,671,704,639,671,639,639,639
1609,768,671,639,639,639,639,636,639,636
1610,511,511,497,496,508,497,504,504,496
1611,319,384,384,384,384,384,384,384,384
1612,224,255,255,255,255,255,255,255,255
1613,248,255,255,319,319,319,319,319,352
1614,391,399,423,448,448,448,448,448,448
1615,575,568,572,575,561,563,543,572,560
1616,768,704,671,639,639,639,639,639,639
1617,704,639,639,639,639,633,632,632,624
1618,480,480,463,463,480,480,481,480,480
1619,241,255,255,255,255,255,319,255,319
1620,127,192,224,231,248,254,255,255,255
1621,255,255,384,384,384,384,384,384,384
1622,575,543,574,568,568,560,543,568,543
1623,768,704,704,639,671,639,639,639,639
1624,768,768,705,704,704,671,671,639,639
1625,639,639,609,608,608,608,608,575,575
1626,504,505,483,487,486,496,497,487,497
1627,384,384,384,387,391,391,399,399,415
1628,255,255,319,319,319,352,384,384,384
1629,384,384,399,399,415,415,415,415,415
1630,560,540,543,543,543,543,537,540,527
1631,716,671,639,639,639,639,638,636,627
1632,704,639,639,638,636,634,626,624,624
1633,511,543,511,511,511,511,511,511,511
1634,384,387,399,399,399,412,415,415,448
1635,255,319,384,384,384,384,384,384,384
1636,352,384,387,391,391,399,399,399,399
1637,512,512,512,512,512,512,512,512,512
1638,575,575,568,568,572,568,561,543,543
1639,624,608,575,575,575,575,575,575,575
1640,543,543,540,540,527,527,536,536,527
1641,463,463,480,480,463,480,480,480,480
1642,448,448,455,455,455,455,462,463,463
1643,415,415,448,448,448,448,448,448,448
1644,391,399,415,415,415,415,448,448,448
1645,387,391,415,415,415,415,415,448,448
1646,448,451,455,463,463,480,480,463,463
1647,568,568,543,543,543,543,543,543,542
1648,632,624,575,575,575,575,575,575,575
1649,511,510,504,505,504,504,504,510,508
1650,319,319,384,384,384,384,384,387,391
1651,255,255,319,319,319,319,352,384,384
1652,319,319,384,384,384,384,384,384,384
1653,449,512,480,480,480,512,512,463,512
1654,568,568,543,543,543,543,543,542,543
1655,624,611,575,575,575,575,575,575,575
1656,575,575,561,560,543,560,543,560,543
1657,510,504,504,504,499,504,499,505,504
1658,480,463,480,480,480,480,480,480,480
1659,399,412,415,448,448,448,448,448,448
1660,384,384,391,391,391,399,399,399,399
1661,384,384,385,391,391,399,399,399,399
1662,448,448,448,448,451,455,455,455,455
1663,575,563,561,543,543,560,543,543,543
1664,639,627,608,608,575,608,608,575,575
1665,543,511,511,511,527,511,511,527,511
1666,384,384,384,391,391,384,387,387,399
1667,192,227,255,255,255,255,255,255,255
1668,252,255,255,255,319,319,319,319,319
1669,448,448,512,512,451,463,512,463,451
1670,608,575,575,575,575,575,575,575,568
1671,704,639,639,639,639,639,639,639,632
1672,608,575,575,574,569,568,563,560,568
1673,412,415,448,448,448,415,448,415,448
1674,255,319,352,384,384,384,384,384,384
1675,319,352,384,384,384,384,384,384,384
1676,384,384,391,399,399,414,415,415,399
1677,399,399,448,448,448,448,448,448,448
1678,512,512,483,483,512,512,512,512,512
1679,543,543,540,536,527,540,540,527,540
1680,540,527,524,519,519,511,511,511,527
1681,399,415,448,448,448,415,415,448,448
1682,255,255,319,319,319,319,319,384,352
1683,255,319,384,384,384,384,384,384,384
1684,415,448,448,448,448,448,449,448,448
1685,543,527,527,527,527,542,542,527,527
1686,575,575,569,568,568,572,572,560,568
1687,540,511,511,511,511,511,511,511,511
1688,508,508,508,504,504,497,499,504,497
1689,519,519,519,512,512,512,512,512,512
1690,568,543,543,543,543,540,540,540,527
1691,542,527,511,526,519,511,511,511,524
1692,480,480,480,480,480,480,480,480,483
1693,399,415,415,448,448,448,448,448,448
1694,391,399,415,415,448,448,448,448,448
1695,448,448,451,451,451,451,455,455,455
1696,515,513,519,512,512,515,513,512,512
1697,568,543,543,543,542,543,540,540,536
1698,568,543,543,543,542,542,540,537,540
1699,508,497,496,497,504,496,496,497,504
1700,451,455,455,463,480,463,463,480,480
1701,415,448,448,448,448,448,448,448,449
1702,448,451,455,455,455,463,463,463,480
1703,480,480,483,483,481,483,483,483,487
1704,526,515,519,513,512,512,512,512,512
1705,519,512,518,513,511,510,511,510,510
1706,510,504,508,508,504,504,504,504,505
1707,480,480,480,480,481,480,480,480,481
1708,455,462,463,480,480,480,480,480,480
1709,512,512,512,496,512,512,512,512,512
1710,480,480,480,480,481,480,483,483,480
1711,415,415,448,448,448,448,448,448,448
1712,399,415,448,448,448,448,448,448,448
1713,399,412,415,448,448,448,448,448,448
1714,415,415,448,448,448,448,448,448,448
1715,512,512,512,512,512,512,512,512,512
1716,510,508,508,497,504,504,497,504,504
1717,480,480,480,480,481,480,481,483,481
1718,415,448,448,448,448,448,451,449,448
1719,448,448,448,449,451,449,455,455,451
1720,480,480,480,480,480,480,483,480,480
1721,543,540,527,526,524,524,524,526,527
1722,543,543,543,527,527,527,527,527,527
1723,527,524,524,511,511,511,511,511,511
1724,463,463,480,480,480,480,480,480,480
1725,448,448,448,448,451,448,451,449,449
1726,480,480,480,480,480,480,480,480,480
1727,463,463,480,480,480,480,480,480,480
1728,415,448,448,448,448,448,449,448,449
1729,448,448,448,448,448,448,448,448,449
1730,448,455,463,455,455,463,463,463,463
1731,449,449,455,463,455,455,463,462,463
1732,384,384,399,414,412,399,415,414,415
1733,255,319,352,384,384,384,384,384,384
1734,384,385,399,399,415,415,415,415,415
1735,512,512,512,512,512,512,512,512,512
1736,543,543,543,527,527,537,527,527,527
1737,575,575,570,563,543,560,543,543,543
1738,543,537,511,527,527,511,527,511,527
1739,415,448,415,448,448,448,448,448,448
1740,255,255,255,319,319,319,384,319,384
1741,195,231,255,255,255,255,255,255,255
1742,319,352,384,384,384,384,384,387,385
1743,543,540,543,527,536,543,527,542,527
1744,639,639,632,624,608,614,608,608,608
1745,575,568,543,543,543,543,543,543,543
1746,384,387,387,399,399,399,415,399,415
1747,192,224,243,255,255,255,255,255,255
1748,127,193,227,252,255,255,255,255,255
1749,384,384,399,399,399,415,399,415,414
1750,608,575,575,569,575,575,568,575,561
1751,768,704,639,639,639,639,639,639,636
1752,639,624,575,575,575,575,575,575,575
1753,480,480,480,480,480,480,483,480,481
1754,352,384,384,384,385,385,391,387,399
1755,319,384,384,384,384,384,387,387,391
1756,462,455,480,480,480,480,463,512,480
1757,527,515,519,512,513,513,512,515,512
1758,496,496,496,487,496,496,496,496,496
1759,463,463,480,463,480,480,480,480,480
1760,391,412,415,415,448,415,448,448,448
1761,384,384,387,399,399,399,414,399,414
1762,448,448,448,448,448,448,449,449,449
1763,519,512,512,512,512,512,512,512,512
1764,483,480,480,483,481,481,483,486,483
1765,384,399,399,412,415,415,415,415,448
1766,384,384,391,399,399,399,412,412,415
1767,384,391,412,415,415,415,448,415,415
1768,448,448,449,455,455,455,455,455,455
1769,537,519,518,526,519,519,515,519,515
1770,572,543,543,543,543,543,542,542,542
1771,487,487,483,481,480,483,496,487,487
1772,319,384,384,384,384,384,385,384,384
1773,224,255,255,255,255,255,255,255,316
1774,255,319,352,384,384,384,384,384,384
1775,512,512,512,512,512,512,512,512,512
1776,632,608,575,575,575,575,575,575,575
1777,572,543,543,543,543,543,543,543,540
1778,384,387,399,412,415,448,448,415,415
1779,224,255,255,255,255,255,319,319,319
1780,127,192,231,241,252,255,255,255,255
1781,248,255,255,318,319,319,319,319,319
1782,513,515,512,512,512,512,512,512,512
1783,704,671,639,639,639,624,624,632,624
1784,704,639,639,634,632,625,624,624,624
1785,563,543,511,511,511,511,543,511,511
1786,387,391,399,412,415,448,448,415,415
1787,255,255,255,316,319,319,319,319,319
1788,192,224,255,255,255,255,255,255,255
1789,227,255,255,255,255,255,319,319,319
1790,448,448,448,448,448,448,449,455,455
1791,636,624,608,575,575,575,575,575,575
1792,704,639,639,627,624,624,624,624,624
1793,511,511,510,510,511,511,508,508,510
1794,255,255,319,352,384,384,384,384,384
1795,127,192,227,243,255,255,255,255,255
1796,127,192,224,231,252,255,255,255,255
1797,255,255,319,352,352,384,384,384,384
1798,543,543,542,543,527,527,543,536,543
1799,768,768,704,704,639,639,671,639,639
1800,704,639,639,632,624,624,624,609,624
1801,448,448,448,448,449,449,448,448,448
1802,255,255,255,255,319,319,319,319,319
1803,225,255,255,255,255,255,255,319,255
1804,319,352,384,384,384,384,385,385,385
1805,448,448,448,448,448,448,455,449,451
1806,455,455,455,463,455,463,480,463,480
1807,414,412,448,423,415,448,448,448,448
1808,352,384,384,384,385,387,387,391,391
1809,255,255,319,319,352,384,352,384,384
1810,312,319,384,384,384,384,384,384,384
1811,512,512,463,480,480,512,512,512,512
1812,626,608,575,575,575,575,575,575,572
1813,575,575,568,568,560,560,543,543,543
1814,385,391,415,399,415,448,448,415,448
1815,255,255,319,319,352,384,384,384,384
1816,384,384,391,391,399,399,399,412,412
1817,572,543,540,543,543,527,527,543,527
1818,768,704,639,639,639,639,639,639,634
1819,639,632,608,608,575,575,575,575,575
1820,384,391,412,399,399,415,415,399,415
1821,199,248,255,255,255,255,255,255,319
1822,255,255,319,319,352,384,384,384,384
1823,519,512,512,512,512,512,512,512,512
1824,768,704,639,671,639,639,639,639,639
1825,716,671,639,639,639,632,625,624,624
1826,480,480,480,480,480,480,480,480,480
1827,224,255,255,255,255,255,319,316,255
1828,192,225,255,255,255,255,255,255,255
1829,352,384,384,384,384,387,391,391,391
1830,575,560,543,561,543,543,543,543,543
1831,768,671,639,639,639,632,632,633,632
1832,671,639,625,624,624,608,608,608,608
1833,504,504,504,496,504,496,496,487,496
1834,352,384,387,385,391,399,399,391,399
1835,255,255,352,384,384,384,384,384,384
1836,384,384,391,391,399,412,399,414,412
1837,542,515,519,519,512,513,512,515,512
1838,575,561,543,543,543,543,543,543,543
1839,508,497,496,496,497,496,496,496,496
1840,415,448,448,448,448,448,448,448,448
1841,319,384,384,384,391,391,391,391,399
1842,319,384,384,384,384,384,384,387,387
1843,448,448,448,448,448,448,448,451,448
1844,512,512,512,512,496,512,512,512,512
1845,463,463,463,480,463,480,480,480,480
1846,480,480,480,480,480,480,480,480,480
1847,519,512,512,512,512,512,512,512,512
1848,575,575,572,560,568,543,543,543,543
1849,575,572,568,543,543,543,543,543,543
1850,511,508,505,504,499,504,504,504,504
1851,391,399,415,415,415,448,448,448,448
1852,352,384,384,387,387,391,399,391,399
1853,384,387,391,399,412,415,415,415,415
1854,480,463,480,480,480,480,480,480,480
1855,575,569,572,560,543,543,543,543,543
1856,574,543,543,543,543,543,543,543,543
1857,448,449,455,455,451,455,463,455,455
1858,384,384,385,391,391,399,399,399,399
1859,384,384,384,387,391,399,391,391,399
1860,384,384,384,384,385,391,385,387,391
1861,384,384,387,391,391,399,391,399,399
1862,399,399,448,415,415,448,448,448,448
1863,512,512,512,512,512,512,512,512,512
1864,624,575,575,575,575,575,575,575,575
1865,608,575,575,575,572,575,575,568,563
1866,480,480,463,480,480,480,480,480,480
1867,384,384,384,384,385,391,387,387,391
1868,255,319,384,384,384,384,384,384,384
1869,255,319,352,384,384,384,384,384,384
1870,319,352,384,384,384,384,384,387,387
1871,448,448,455,455,455,455,463,463,463
1872,560,543,543,543,543,543,543,540,540
1873,572,543,543,543,543,543,542,540,540
1874,448,448,448,448,448,448,448,448,448
1875,255,255,318,319,319,319,319,319,352
1876,231,255,255,255,255,255,319,319,319
1877,384,387,415,415,415,412,415,415,415
1878,575,569,574,563,561,543,543,543,560
1879,707,671,639,639,639,639,639,639,639
1880,639,639,624,608,608,608,575,575,575
1881,508,504,496,487,496,504,487,496,487
1882,319,384,384,384,384,384,384,384,384
1883,255,255,319,352,384,384,384,384,384
1884,384,384,387,391,391,391,399,399,399
1885,512,512,512,512,512,512,512,512,512
1886,575,568,569,543,543,543,543,543,543
1887,575,575,572,543,543,543,543,543,543
1888,543,543,542,527,527,527,527,527,527
1889,448,448,448,448,448,451,448,448,448
1890,316,319,352,384,384,384,384,384,384
1891,319,319,384,384,384,384,384,384,384
1892,384,384,391,391,399,399,399,399,412
1893,448,448,455,451,455,451,455,455,455
1894,512,512,512,512,512,512,512,512,512
1895,542,524,526,518,519,519,515,515,513
1896,575,568,560,543,543,543,543,543,543
1897,511,511,504,504,510,508,504,504,508
1898,391,399,399,415,415,415,415,415,448
1899,319,384,384,384,384,384,385,384,391
1900,384,384,387,391,391,391,399,399,399
1901,384,384,391,391,391,399,399,409,414
1902,384,384,399,399,399,399,399,412,415
1903,448,448,451,449,451,449,451,451,451
1904,527,512,513,512,513,512,512,512,512
1905,527,513,512,511,512,512,505,504,508
1906,415,448,448,448,448,448,448,448,448
1907,255,319,319,352,384,384,384,384,384
1908,195,248,255,255,255,255,255,255,255
1909,231,255,255,255,316,255,319,319,319
1910,399,399,415,415,448,415,448,448,448
1911,632,575,575,575,575,572,575,572,575
1912,792,768,712,704,704,671,671,639,671
1913,704,639,636,624,624,624,609,608,614
1914,415,448,448,448,448,449,448,448,448
1915,224,255,255,255,255,255,255,316,255
1916,192,231,255,255,255,255,255,255,255
1917,255,255,316,319,319,319,319,319,352
1918,384,384,399,399,415,399,415,415,415
1919,542,515,524,513,524,512,518,513,519
1920,634,608,575,575,575,575,575,575,575
1921,572,560,543,543,540,543,540,527,527
1922,387,399,399,415,415,415,415,415,415
1923,224,255,255,255,255,318,318,319,319
1924,127,192,224,231,248,255,255,255,255
1925,224,241,255,255,255,255,255,316,318
1926,512,512,512,512,512,512,512,512,512
1927,708,671,639,639,639,632,632,624,624
1928,704,639,632,632,632,625,624,608,608
1929,480,480,480,480,480,481,480,480,480
1930,255,255,319,352,352,384,384,384,384
1931,231,255,255,255,255,319,319,319,319
1932,255,319,384,352,384,384,384,384,384
1933,384,391,399,399,415,414,415,415,415
1934,415,415,448,448,448,448,448,448,448
1935,391,399,415,415,415,448,415,415,415
1936,319,319,384,384,384,384,384,384,384
1937,255,319,384,384,384,384,384,384,384
1938,448,448,448,448,448,448,451,449,451
1939,575,572,543,543,543,543,543,543,543
1940,608,575,572,568,563,560,560,560,543
1941,448,448,455,455,449,455,449,451,448
1942,224,241,255,255,255,255,255,255,255
1943,195,227,255,255,255,255,255,255,255
1944,512,512,512,512,512,512,512,512,512
1945,704,639,636,632,634,624,632,624,624
1946,768,704,639,639,639,639,639,639,639
1947,511,511,511,511,511,511,511,511,511
1948,319,319,384,384,384,384,384,384,384
1949,224,240,255,255,255,255,255,255,255
1950,312,319,352,384,384,384,384,384,384
1951,512,512,512,512,512,512,512,512,512
1952,632,611,575,575,575,575,575,575,575
1953,671,639,624,624,624,608,624,608,608
1954,511,511,511,511,511,511,511,511,505
1955,319,319,384,384,384,385,384,387,384
1956,199,231,255,255,255,255,255,255,255
1957,255,255,319,319,319,384,384,384,384
1958,512,512,512,462,512,463,512,463,480
1959,632,624,575,575,575,575,575,574,575
1960,704,671,639,639,638,627,638,624,624
1961,569,543,543,511,511,511,511,511,511
1962,352,384,384,384,387,391,384,391,387
1963,231,255,255,255,255,255,316,319,319
1964,241,255,255,255,255,319,319,319,319
1965,384,384,384,387,387,387,399,391,399
1966,527,527,512,519,512,512,527,512,518
1967,575,575,560,568,543,543,568,543,543
1968,527,511,511,511,511,511,511,511,508
1969,448,448,455,449,455,455,451,455,451
1970,391,391,415,412,415,415,415,415,415
1971,255,319,384,384,384,384,384,384,384
1972,255,255,319,319,384,384,384,384,384
1973,319,384,384,384,384,384,385,384,384
1974,512,480,480,512,480,480,512,512,512
1975,575,575,568,572,543,560,568,543,543
1976,639,624,608,608,575,575,575,575,575
1977,624,575,575,575,575,575,572,572,568
1978,455,455,449,448,463,455,451,455,455
1979,255,255,316,319,319,319,319,384,352
1980,241,255,255,255,255,316,319,319,319
1981,255,319,352,384,384,384,384,384,384
1982,415,415,448,448,448,448,448,448,448
1983,561,543,543,543,540,543,543,540,543
1984,575,568,560,543,543,543,543,543,543
1985,496,483,480,480,483,481,480,481,480
1986,412,415,415,415,448,448,415,448,448
1987,384,387,387,391,399,399,399,399,399
1988,384,384,384,385,391,391,391,391,391
1989,255,319,352,384,384,384,384,384,384
1990,255,255,319,352,384,384,384,384,384
1991,387,391,415,415,415,448,448,415,448
1992,512,512,512,512,512,512,512,512,512
1993,543,543,543,537,540,536,527,527,527
1994,572,560,543,543,542,542,527,536,536
1995,508,496,496,496,496,496,487,496,496
1996,384,384,385,391,399,391,399,412,399
1997,255,255,255,255,319,319,319,319,319
1998,192,224,252,255,255,255,255,255,255
1999,227,255,255,255,255,316,319,319,319
2000,448,448,451,451,448,455,455,448,455
2001,639,632,614,609,575,608,575,575,575
2002,704,639,633,632,624,624,612,609,608
2003,511,504,483,487,497,496,487,497,483
2004,255,255,255,255,319,255,319,319,319
2005,120,127,192,199,224,224,227,240,231
2006,192,224,255,255,255,255,255,255,255
2007,512,512,512,512,512,512,512,512,512
2008,768,704,639,639,639,639,639,636,639
2009,797,768,768,704,704,704,704,704,671
2010,704,639,632,624,624,612,608,609,608
2011,415,415,415,412,448,412,415,415,415
2012,192,199,231,241,255,252,255,255,255
2013,103,127,195,199,224,224,227,227,248
2014,255,255,319,352,319,384,384,384,384
2015,575,572,561,568,543,574,572,568,543
2016,768,704,639,639,639,639,639,639,639
2017,639,624,575,575,575,575,575,575,575
2018,451,451,451,448,455,448,448,448,455
2019,255,255,319,319,384,352,352,352,384
2020,199,231,255,255,255,255,255,255,255
2021,227,255,255,255,255,255,316,318,319
2022,384,384,384,387,387,399,399,399,391
2023,527,519,524,527,515,527,527,527,513
2024,704,639,639,639,636,636,638,638,624
2025,639,639,624,611,608,575,608,575,575
2026,463,480,463,455,480,455,455,455,480
2027,255,319,319,319,384,352,352,352,384
2028,248,255,255,255,255,319,319,319,319
2029,255,255,255,319,319,319,319,319,319
2030,319,319,384,384,384,384,384,384,384
2031,512,455,480,480,463,480,512,512,480
2032,575,560,543,543,543,543,543,543,543
2033,575,543,543,540,540,536,540,540,536
2034,415,448,448,448,448,448,448,448,448
2035,231,255,255,255,319,255,255,319,319
2036,127,195,227,241,255,255,255,255,255
2037,255,255,352,384,384,384,384,384,384
2038,512,512,512,512,512,512,512,512,512
2039,639,608,608,575,575,575,575,575,575
2040,626,575,575,575,572,568,574,568,568
2041,504,504,487,496,496,483,487,496,496
2042,415,448,448,448,448,448,448,448,448
2043,319,384,384,384,387,384,384,391,391
2044,255,319,352,384,384,384,384,384,384
2045,384,384,391,399,399,399,399,399,399
2046,448,448,448,448,448,448,448,448,448
2047,455,449,455,455,455,455,463,455,455
2048,512,512,512,483,512,483,496,512,512
2049,505,496,497,496,496,496,496,496,496
2050,448,448,448,448,449,448,448,449,451
2051,319,384,384,384,384,384,384,384,384
2052,231,255,255,255,318,255,319,319,319
2053,227,255,255,255,255,255,316,316,319
2054,255,312,319,352,352,384,384,384,384
2055,387,391,415,412,415,415,415,415,415
2056,455,448,462,455,455,463,462,455,455
2057,449,448,455,454,455,455,455,455,455
2058,385,391,399,412,414,414,415,415,415
2059,318,319,352,384,384,384,384,384,384
2060,255,255,319,319,319,319,352,352,384
2061,255,318,319,319,384,384,384,384,384
2062,352,384,384,384,384,384,385,387,387
2063,385,387,399,412,414,415,415,415,415
2064,399,399,415,415,415,415,415,448,448
2065,384,387,399,399,399,412,414,415,415
2066,384,384,384,385,387,387,391,391,399
2067,255,319,319,384,384,384,384,384,384
2068,255,255,316,319,319,319,319,319,352
2069,391,399,414,414,415,415,415,415,415
2070,611,575,574,563,568,560,568,560,560
2071,768,704,639,639,639,638,637,636,632
2072,639,639,611,610,608,608,575,575,575
2073,575,561,543,543,511,511,540,540,542
2074,480,480,480,480,480,480,480,480,480
2075,384,384,391,399,399,399,399,412,399
2076,384,384,391,391,399,399,399,399,399
2077,448,448,448,448,451,449,451,455,451
2078,512,483,483,480,483,481,481,480,481
2079,561,543,527,527,527,524,527,519,527
2080,575,574,543,543,543,543,543,543,543
2081,511,511,510,511,504,508,504,504,505
2082,480,480,480,480,480,480,480,480,480
2083,463,463,463,463,480,480,480,480,480
2084,448,448,448,448,449,451,449,455,451
2085,448,448,448,448,448,448,448,449,448
2086,512,487,483,481,487,483,487,512,487
2087,609,575,575,572,575,568,568,543,572
2088,704,639,638,632,627,624,624,608,624
2089,608,575,572,572,561,560,560,543,543
2090,480,455,480,463,463,480,463,480,463
2091,384,384,385,387,391,391,387,399,391
2092,255,319,384,384,384,384,384,384,384
2093,399,415,415,448,448,448,448,448,448
2094,543,560,536,527,527,527,542,526,540
2095,639,639,608,608,575,575,608,575,608
2096,614,575,575,575,572,568,568,560,568
2097,448,448,448,448,448,448,448,448,448
2098,319,352,384,384,384,384,384,387,384
2099,384,387,399,399,415,414,415,415,415
2100,512,512,512,512,512,512,512,512,512
2101,543,543,543,527,527,527,540,527,537
2102,608,575,575,572,568,568,568,543,572
2103,639,639,624,608,575,575,575,575,575
2104,639,632,608,608,575,575,575,575,575
2105,511,508,508,511,510,508,504,508,504
2106,384,384,384,385,391,391,399,399,391
2107,384,384,384,384,391,391,391,391,391
2108,512,512,512,512,480,480,512,512,512
2109,568,568,543,543,543,537,542,527,543
2110,575,575,560,543,543,543,543,543,543
2111,575,575,568,563,543,543,543,543,543
2112,575,563,543,543,543,543,543,543,543
2113,543,527,511,511,511,511,511,511,511
2114,449,448,448,448,451,455,455,455,451
2115,319,319,384,384,384,384,384,384,384
2116,319,384,384,384,384,384,384,384,387
2117,512,512,512,480,512,512,512,480,512
2118,575,575,568,543,543,543,543,543,543
2119,624,608,575,575,575,575,568,572,575
2120,638,624,608,575,575,575,575,575,575
2121,608,575,572,568,561,560,568,560,543
2122,511,511,511,511,508,511,511,511,508
2123,412,399,415,415,415,448,415,448,448
2124,319,319,384,384,384,384,384,384,384
2125,319,319,384,384,384,384,384,384,384
2126,384,384,387,391,391,399,399,399,399
2127,512,515,512,512,512,512,512,512,512
2128,639,639,624,611,608,575,575,575,608
2129,704,671,639,639,637,632,626,624,627
2130,575,575,568,560,543,543,543,543,543
2131,384,384,385,391,399,399,399,399,399
2132,255,255,319,319,319,352,384,352,352
2133,384,384,384,391,391,391,391,399,399
2134,512,512,512,512,512,512,512,512,512
2135,608,575,575,575,572,563,543,563,568
2136,639,636,614,611,608,608,575,575,575
2137,639,632,608,608,575,575,575,575,575
2138,624,575,575,575,572,569,572,568,563
2139,608,575,568,568,561,563,561,560,543
2140,572,543,543,540,542,537,540,536,527
2141,448,448,451,448,455,448,455,451,451
2142,319,352,384,384,384,384,384,384,384
2143,352,384,384,384,387,387,387,391,391
2144,540,526,512,519,512,519,512,515,515
2145,768,704,639,639,639,639,633,639,636
2146,768,704,639,639,639,639,636,638,632
2147,575,574,568,543,543,543,543,543,543
2148,412,415,448,448,448,448,448,448,448
2149,255,255,319,319,384,352,384,384,384
2150,255,319,352,384,384,384,384,384,384
2151,512,512,512,512,512,512,512,512,512
2152,704,639,636,639,624,638,614,624,626
2153,824,776,768,768,704,712,704,704,704
2154,671,639,632,624,624,611,614,608,608
2155,455,455,480,455,480,455,480,455,455
2156,255,316,352,352,384,352,384,384,384
2157,241,255,255,255,319,318,319,319,319
2158,391,399,414,415,415,415,415,415,448
2159,608,575,568,563,543,568,543,560,561
2160,768,704,639,639,639,639,632,636,639
2161,639,636,611,608,575,575,575,575,575
2162,480,480,480,480,483,480,496,480,480
2163,255,319,384,384,384,384,384,384,384
2164,231,255,255,255,255,319,319,319,319
2165,384,384,391,399,399,399,399,412,412
2166,575,575,569,560,543,543,543,543,543
2167,704,639,639,636,627,624,624,624,624
2168,639,632,608,575,575,575,575,575,575
2169,575,569,543,543,543,543,543,543,543
2170,511,511,510,511,511,511,511,508,505
2171,448,448,448,448,451,448,451,448,448
2172,448,448,448,448,448,448,448,448,448
2173,480,463,480,480,463,463,480,480,480
2174,480,480,480,480,480,480,480,480,480
2175,526,519,515,512,512,512,512,512,512
2176,568,543,543,542,543,540,536,537,537
2177,575,569,543,543,543,543,543,543,543
2178,511,505,497,504,504,499,504,499,499
2179,448,448,448,448,448,448,449,448,448
2180,384,384,391,399,399,399,414,399,399
2181,384,384,384,384,384,385,391,387,391
2182,448,449,455,455,455,455,455,455,463
2183,575,575,572,568,561,543,543,543,543
2184,671,639,639,632,624,624,608,624,614
2185,624,575,575,575,575,574,574,568,569
2186,480,463,463,463,463,480,480,480,480
2187,319,319,384,384,384,384,384,384,384
2188,255,319,319,352,384,384,384,384,384
2189,384,391,399,414,414,415,415,415,415
2190,512,512,512,512,480,512,512,480,512
2191,575,575,575,575,563,560,543,560,563
2192,639,639,624,624,608,608,575,575,575
2193,639,624,575,575,575,575,575,575,575
2194,511,504,496,496,496,504,504,496,496
2195,384,384,391,391,399,414,415,399,412
2196,255,319,352,352,384,384,384,384,384
2197,255,319,384,384,384,384,384,384,384
2198,448,448,448,449,451,448,448,449,451
2199,608,608,575,575,575,568,568,572,574
2200,768,768,671,671,639,639,639,639,639
2201,768,768,704,704,671,639,639,639,639
2202,768,671,639,639,636,636,632,624,626
2203,575,543,511,511,511,511,543,511,511
2204,384,384,387,384,385,399,391,391,391
2205,227,248,255,255,255,255,312,316,316
2206,255,319,352,384,384,384,384,384,384
2207,527,543,519,540,527,519,527,526,527
2208,768,768,704,704,671,639,639,639,639
2209,864,824,768,768,768,768,768,768,768
2210,776,768,704,671,671,639,639,639,639
2211,480,463,481,463,480,483,480,480,480
2212,195,224,255,255,255,255,255,255,255
2213,192,199,252,255,255,255,255,255,255
2214,415,448,415,448,448,448,448,448,448
2215,768,704,639,639,638,632,639,632,639
2216,908,864,796,780,768,768,768,768,768
2217,856,799,768,768,768,768,768,768,768
2218,511,511,511,511,511,511,511,511,511
2219,248,255,255,316,319,319,319,352,319
2220,159,199,248,255,255,255,255,255,255
2221,255,255,319,319,352,352,384,384,384
2222,512,512,512,512,512,512,512,512,512
2223,768,768,671,639,639,639,639,639,639
2224,831,799,768,768,768,768,768,704,716
2225,768,704,639,639,639,639,639,639,639
2226,463,463,480,463,480,483,463,481,480
2227,193,225,255,255,255,255,255,255,255
2228,127,192,225,243,255,255,255,255,255
2229,384,384,391,399,391,391,415,399,415
2230,704,671,639,632,624,608,634,608,632
2231,908,864,799,776,768,768,768,768,768
2232,799,768,768,704,704,704,704,704,704
2233,497,487,496,487,504,504,483,496,483
2234,248,255,255,319,319,319,319,319,319
2235,255,255,319,384,384,384,384,384,384
2236,515,519,513,512,512,512,512,512,512
2237,671,639,632,624,611,608,624,608,609
2238,639,639,624,608,608,608,608,575,608
2239,608,575,569,561,568,563,568,543,543
2240,511,511,511,508,511,511,508,511,508
2241,480,480,480,480,483,483,480,483,480
2242,448,448,448,448,448,448,448,451,449
2243,412,415,448,448,448,448,448,448,448
2244,412,415,415,448,448,448,448,448,448
2245,415,415,415,448,448,448,448,448,448
2246,480,480,480,480,480,480,480,480,480
2247,608,575,575,568,572,569,575,560,560
2248,768,704,639,639,639,639,639,632,632
2249,704,671,639,639,639,634,632,632,624
2250,511,511,511,511,511,511,508,511,511
2251,319,352,384,384,384,384,384,387,391
2252,224,248,255,255,255,255,255,318,319
2253,255,318,319,352,384,384,384,384,384
2254,512,512,512,512,480,480,512,463,480
2255,632,624,575,575,575,575,575,575,575
2256,639,639,624,624,609,608,608,608,575
2257,608,575,561,568,560,560,543,543,543
2258,449,448,448,463,455,463,451,455,463
2259,384,384,385,399,391,399,391,399,412
2260,384,384,385,391,391,391,391,399,399
2261,391,412,415,415,448,448,448,448,448
2262,512,512,512,512,512,483,512,512,512
2263,624,608,575,575,575,572,575,575,574
2264,768,704,639,639,639,639,639,639,639
2265,768,768,671,639,639,639,639,639,639
2266,575,511,543,560,543,543,543,511,511
2267,391,399,415,448,415,448,415,415,448
2268,255,319,384,384,384,384,384,384,384
2269,312,319,384,384,384,384,384,384,384
2270,448,448,448,448,451,448,451,455,448
2271,639,624,575,575,575,575,575,575,575
2272,780,768,704,671,704,671,671,639,639
2273,768,705,671,639,639,639,639,639,639
2274,511,511,511,511,511,511,511,511,511
2275,255,255,319,352,319,319,319,319,384
2276,199,248,255,255,255,255,255,255,255
2277,384,384,391,391,399,399,412,412,399
2278,575,543,543,543,543,543,543,543,537
2279,706,639,639,636,638,639,636,624,624
2280,768,704,671,639,639,639,639,639,639
2281,671,639,632,632,624,624,624,608,608
2282,511,511,511,511,511,511,511,511,511
2283,384,387,391,391,391,391,399,399,415
2284,255,255,319,319,319,352,352,384,384
2285,255,319,319,352,384,384,384,384,384
2286,448,448,448,448,448,455,455,448,448
2287,574,543,543,543,543,543,543,536,527
2288,639,624,608,608,575,575,575,575,575
2289,608,575,572,572,568,563,563,543,560
2290,504,508,497,499,499,496,497,496,504
2291,399,415,415,415,448,415,448,448,448
2292,384,387,399,399,399,399,414,415,415
2293,415,415,448,448,448,448,448,448,448
2294,448,448,451,455,455,462,455,455,455
2295,543,527,527,527,527,527,526,518,519
2296,636,608,575,575,575,575,575,575,575
2297,608,575,575,575,575,569,568,560,561
2298,568,543,543,542,543,540,540,536,527
2299,504,504,499,496,497,496,496,504,496
2300,480,480,480,480,480,480,480,480,480
2301,448,448,448,448,448,449,449,455,455
2302,384,399,399,415,415,415,415,415,448
2303,448,448,448,448,448,449,449,448,451
2304,575,563,568,560,560,560,543,543,543
2305,639,608,575,575,575,575,575,575,575
2306,511,511,511,511,511,511,511,511,511
2307,384,391,391,399,399,399,399,415,415
2308,255,319,319,352,384,384,384,384,384
2309,384,384,384,384,391,391,391,391,399
2310,463,455,463,463,480,480,480,463,480
2311,628,575,575,575,575,575,575,568,568
2312,712,639,639,639,639,639,632,624,624
2313,671,639,626,632,624,624,609,608,608
2314,511,511,511,508,504,504,504,508,511
2315,384,384,391,387,391,391,391,399,415
2316,255,255,319,319,319,319,352,352,384
2317,352,384,384,384,385,385,391,387,391
2318,512,455,512,512,512,512,512,480,480
2319,608,575,568,575,572,572,568,561,543
2320,624,575,575,575,575,575,575,575,572
2321,568,560,543,543,543,543,542,540,536
2322,449,480,463,455,463,463,463,463,463
2323,391,412,415,415,415,415,448,415,448
2324,391,399,415,415,415,415,415,415,448
2325,415,415,448,448,448,448,448,448,448
2326,512,480,480,487,496,487,486,480,483
2327,608,575,563,575,572,568,568,543,560
2328,704,639,638,639,636,632,632,624,624
2329,768,704,639,639,639,639,639,638,639
2330,704,671,639,639,639,636,632,632,632
2331,608,575,575,572,568,568,568,561,561
2332,399,414,448,448,448,448,448,448,448
2333,255,255,319,319,319,319,319,319,319
2334,312,319,352,384,384,384,384,384,384
2335,527,527,518,519,524,519,519,515,519
2336,768,768,671,671,671,639,639,639,639
2337,864,824,768,768,768,768,768,768,768
2338,780,768,704,704,704,704,671,671,639
2339,496,483,496,483,483,487,483,496,483
2340,224,248,255,255,255,255,255,316,255
2341,192,224,255,255,255,255,255,255,255
2342,415,448,448,448,448,448,448,448,449
2343,768,704,639,639,639,639,639,639,639
2344,896,826,792,776,768,768,768,768,768
2345,896,816,780,768,768,768,768,768,768
2346,639,639,624,624,608,608,608,608,575
2347,384,384,384,384,384,387,391,391,391
2348,127,192,224,231,241,252,255,255,255
2349,255,255,255,319,319,319,319,319,352
2350,543,542,542,542,540,542,527,527,536
2351,768,768,704,704,704,671,639,639,639
2352,768,768,704,704,671,671,639,639,639
2353,639,639,624,624,609,608,608,608,608
2354,511,511,511,511,511,511,511,511,511
2355,399,415,415,415,415,448,448,448,448
2356,352,384,384,384,385,387,391,391,399
2357,448,448,448,448,448,448,448,448,451
2358,575,575,568,572,569,568,560,560,560
2359,768,768,704,704,671,639,639,639,639
2360,796,768,768,712,704,704,704,704,671
2361,624,575,575,575,575,572,572,572,568
2362,384,384,387,391,391,399,399,399,399
2363,255,255,319,319,319,319,352,319,352
2364,385,399,415,415,415,448,448,448,448
2365,624,624,575,608,575,575,575,575,575
2366,824,794,768,768,768,768,712,712,704
2367,831,798,768,768,768,768,768,768,704
2368,608,575,511,511,511,511,511,511,511
2369,352,352,384,384,384,384,384,384,384
2370,227,255,255,255,255,318,319,318,319
2371,255,318,319,352,384,384,384,384,384
2372,512,512,513,515,512,512,512,512,512
2373,768,704,639,639,639,639,639,639,639
2374,768,705,671,671,639,639,639,639,639
2375,611,575,572,572,563,561,568,560,560
2376,511,496,496,496,496,496,497,496,496
2377,480,480,480,480,480,480,480,480,480
2378,512,512,512,512,512,512,512,512,512
2379,497,508,499,504,496,497,497,496,496
2380,415,448,448,448,448,448,448,448,448
2381,415,448,448,448,448,448,448,448,449
2382,512,512,512,512,512,512,512,512,512
2383,574,543,543,543,543,543,543,543,543
2384,639,608,608,575,575,575,575,575,575
2385,632,608,575,575,575,575,575,575,572
2386,568,543,543,543,540,543,540,536,536
2387,451,455,455,463,455,463,463,463,463
2388,319,384,384,384,384,384,387,387,391
2389,319,384,384,384,384,384,391,387,391
2390,512,512,512,512,512,512,512,512,512
2391,704,639,639,639,627,624,632,624,624
2392,831,776,768,768,768,768,712,704,704
2393,799,768,768,712,704,704,704,704,704
2394,511,511,511,511,511,511,511,511,511
2395,255,319,319,319,352,384,352,384,384
2396,199,254,255,255,255,255,255,255,255
2397,391,399,415,448,448,448,448,448,448
2398,704,639,639,639,634,624,636,624,624
2399,896,830,788,781,768,768,768,768,768
2400,768,768,704,704,671,639,639,639,639
2401,511,511,504,504,504,511,504,511,508
2402,255,319,352,352,384,384,384,384,384
2403,224,255,255,255,255,255,255,319,319
2404,319,384,384,384,387,387,391,391,391
2405,608,575,575,575,575,561,575,543,561
2406,816,768,768,768,768,704,768,704,704
2407,788,768,716,712,704,704,704,671,671
2408,511,511,511,511,511,511,511,511,511
2409,414,448,448,448,448,448,448,448,448
2410,387,399,414,414,415,448,415,448,448
2411,512,512,512,512,512,480,512,480,480
2412,543,527,527,527,527,519,527,519,519
2413,496,497,504,504,497,496,504,496,496
2414,483,483,487,496,496,483,496,487,496
2415,515,512,512,512,512,512,512,512,512
2416,574,543,543,543,543,543,543,543,543
2417,611,575,575,575,575,575,574,572,568
2418,511,511,508,508,511,505,508,510,508
2419,384,387,391,391,399,399,399,414,415
2420,255,255,319,319,352,319,352,384,384
2421,255,319,352,384,384,384,384,384,384
2422,512,463,512,512,512,512,512,512,512
2423,707,671,639,639,638,639,639,632,632
2424,831,799,768,768,768,768,768,768,768
2425,768,704,639,639,639,639,639,639,639
2426,511,511,508,508,511,505,508,511,511
2427,319,352,384,384,384,384,384,391,391
2428,255,316,319,352,384,384,384,384,384
2429,384,385,399,399,414,415,415,412,415
2430,512,480,512,512,512,512,512,480,512
2431,575,575,575,575,560,569,573,543,543
2432,768,704,639,639,639,639,639,639,633
2433,639,639,624,624,609,608,608,608,608
2434,480,480,480,480,486,480,480,480,487
2435,255,255,319,319,384,352,352,352,384
2436,231,255,255,255,319,319,319,319,319
2437,384,384,391,399,399,399,415,414,414
2438,536,519,527,524,513,515,527,519,512
2439,704,639,639,639,632,627,636,632,611
2440,768,768,704,671,639,639,639,639,639
2441,639,639,624,624,611,608,608,608,608
2442,511,511,510,511,511,510,508,510,511
2443,319,384,384,384,384,384,384,384,391
2444,224,255,255,255,255,255,255,255,319
2445,240,255,255,255,255,319,319,319,319
2446,448,448,448,448,448,448,455,451,448
2447,632,608,608,575,575,575,575,575,569
2448,768,704,671,639,639,639,639,639,639
2449,712,704,639,639,639,639,639,636,633
2450,511,511,504,504,511,511,499,499,511
2451,255,319,319,352,384,384,384,384,384
2452,192,231,255,255,255,255,255,255,255
2453,255,255,319,319,319,319,352,352,384
2454,512,512,512,512,512,512,512,512,512
2455,768,704,704,639,639,639,639,639,639
2456,896,831,788,768,768,768,768,768,768
2457,829,792,768,768,768,768,712,706,704
2458,511,511,511,511,511,511,511,511,511
2459,255,255,316,319,384,384,319,319,384
2460,224,252,255,255,316,255,316,316,319
2461,399,415,448,448,448,448,448,448,448
2462,609,608,575,575,568,568,575,575,572
2463,704,671,639,639,636,632,639,639,632
2464,768,704,639,639,639,639,639,639,639
2465,639,639,624,611,609,609,608,608,608
2466,504,496,496,496,497,496,496,496,496
2467,399,399,415,448,448,448,448,448,448
2468,399,412,448,448,448,448,448,448,448
2469,448,448,449,451,451,455,462,455,455
2470,512,512,512,512,512,512,512,512,512
2471,624,611,575,575,575,575,575,575,575
2472,704,704,639,639,639,639,639,639,637
2473,639,624,608,608,608,608,575,575,575
2474,511,511,511,511,511,511,511,511,511
2475,448,448,448,451,451,451,451,455,455
2476,384,384,391,399,399,399,412,414,412
2477,448,448,448,448,448,448,455,455,449
2478,543,543,542,537,540,536,540,540,527
2479,639,628,612,608,608,608,608,575,575
2480,624,608,575,575,575,575,575,575,575
2481,511,510,508,510,508,508,504,504,508
2482,391,399,412,415,415,415,415,415,448
2483,384,384,387,391,391,399,399,399,399
2484,414,448,448,448,448,448,448,448,448
2485,512,480,483,512,512,487,512,512,487
2486,543,542,543,540,540,536,540,540,536
2487,639,634,624,608,608,608,608,608,608
2488,768,704,639,639,639,639,639,637,639
2489,638,611,575,575,575,575,575,575,575
2490,508,505,499,504,499,499,504,496,499
2491,412,415,448,448,448,448,448,448,448
2492,384,384,387,391,391,399,399,399,399
2493,448,448,451,451,455,455,463,455,455
2494,575,560,543,543,543,543,543,543,543
2495,639,639,625,624,624,624,611,608,608
2496,632,608,575,575,575,575,575,575,575
2497,505,504,508,508,504,504,504,499,504
2498,384,387,399,415,412,415,415,415,415
2499,352,384,384,391,391,391,399,399,399
2500,399,415,448,448,448,448,448,448,448
2501,527,519,512,512,515,512,518,512,512
2502,575,575,568,543,561,543,560,543,543
2503,575,575,572,568,568,568,568,560,543
2504,511,511,511,511,511,511,511,511,511
2505,455,455,480,480,463,480,480,480,480
2506,415,448,448,448,448,448,448,448,448
2507,448,448,451,455,455,455,462,455,463
2508,481,480,480,480,483,483,487,512,483
2509,524,519,513,512,512,512,519,515,512
2510,574,568,543,543,543,543,543,543,543
2511,511,510,511,511,510,508,508,508,508
2512,399,414,448,448,448,448,448,448,448
2513,384,385,399,412,415,415,414,415,415
2514,384,384,391,399,415,415,415,415,415
2515,414,448,448,448,448,448,448,448,448
2516,480,480,480,480,480,481,487,483,481
2517,512,512,512,512,512,512,512,512,512
2518,575,575,568,543,543,543,543,543,543
2519,639,632,624,608,575,575,575,575,575
2520,608,575,575,575,572,572,568,568,572
2521,543,542,536,536,540,511,527,511,511
2522,504,496,496,496,499,496,496,496,504
2523,448,448,448,448,448,448,448,449,451
2524,451,455,455,463,463,463,480,463,463
2525,536,527,527,519,515,519,519,515,515
2526,568,543,543,540,540,540,542,536,527
2527,575,575,572,543,543,543,560,543,543
2528,575,568,560,543,543,543,543,543,543
2529,543,543,540,540,540,527,536,527,527
2530,480,480,480,483,487,481,483,483,483
2531,415,448,448,448,448,448,448,449,451
2532,391,414,415,448,448,448,448,448,448
2533,448,448,455,451,455,455,455,455,455
2534,512,512,512,512,512,512,512,512,512
2535,519,512,515,512,511,511,515,508,510
2536,563,543,543,543,543,542,543,543,540
2537,575,575,575,572,575,568,572,568,563
2538,575,575,575,572,575,568,568,568,568
2539,568,561,543,543,543,543,543,543,543
2540,448,448,448,451,448,455,449,451,463
2541,255,319,352,384,384,384,384,384,384
2542,255,255,319,319,319,319,319,352,384
2543,384,384,399,399,412,412,415,415,415
2544,575,575,575,561,569,543,568,568,543
2545,704,639,639,632,628,624,624,624,624
2546,608,575,575,575,572,574,572,568,572
2547,448,448,448,448,448,449,449,448,455
2548,319,384,384,384,384,384,384,384,387
2549,384,384,384,387,391,391,399,399,399
2550,448,448,455,455,455,455,455,463,455
2551,575,575,575,568,572,568,561,572,543
2552,704,639,639,639,639,632,632,636,624
2553,704,639,639,638,632,632,624,624,624
2554,511,511,511,511,511,511,511,511,511
2555,391,414,399,415,415,448,448,415,448
2556,255,319,319,384,384,384,384,384,384
2557,352,384,384,387,391,391,391,399,391
2558,512,463,512,512,512,512,512,512,512
2559,575,575,575,568,568,543,543,568,563
2560,626,608,575,575,575,575,575,575,575
2561,575,568,543,543,543,543,543,543,543
2562,511,511,508,510,508,511,511,504,511
2563,415,448,415,448,448,448,448,448,448
2564,319,384,384,384,384,387,387,384,384
2565,319,319,384,384,384,384,384,384,384
2566,415,448,448,449,448,448,448,451,448
2567,543,543,543,543,540,527,537,540,537
2568,639,624,624,609,608,575,608,575,608
2569,632,609,575,575,575,575,575,575,575
2570,511,511,511,511,511,511,511,511,511
2571,415,448,448,448,448,448,448,448,448
2572,384,391,399,399,414,415,415,415,415
2573,399,412,415,415,448,448,448,448,448
2574,512,512,512,512,512,483,512,512,512
2575,543,540,542,536,527,527,527,527,527
2576,568,543,543,543,543,542,543,540,543
2577,574,560,543,543,543,543,543,543,543
2578,481,487,483,487,481,496,487,481,483
2579,319,384,384,384,384,391,391,384,387
2580,319,352,384,384,384,384,385,384,384
2581,512,512,512,512,512,512,512,512,512
2582,624,608,575,575,575,572,575,575,575
2583,704,639,639,632,632,624,624,624,624
2584,671,639,636,624,624,624,611,611,609
2585,624,608,575,575,575,575,575,575,575
2586,608,608,575,575,572,572,572,568,568
2587,575,575,572,568,560,560,560,543,543
2588,496,496,496,496,496,496,497,496,496
2589,384,391,399,415,415,415,448,415,415
2590,384,391,415,415,415,415,448,448,448
2591,527,526,527,513,519,515,512,519,519
2592,704,671,639,636,638,627,624,632,624
2593,799,780,768,768,712,704,704,704,704
2594,768,768,704,704,671,671,639,639,639
2595,511,511,511,511,511,511,511,511,511
2596,255,255,319,384,352,352,384,384,384
2597,227,255,255,255,319,319,319,319,319
2598,448,448,512,448,455,455,451,455,455
2599,704,704,639,636,639,639,624,636,632
2600,896,831,799,768,768,768,768,768,768
2601,864,799,768,768,768,768,768,768,768
2602,511,511,511,511,511,511,511,511,511
2603,255,255,255,319,319,319,384,319,352
2604,192,224,255,255,255,255,255,255,255
2605,399,399,448,448,448,448,448,448,448
2606,768,704,671,639,639,639,633,639,639
2607,831,792,768,768,768,768,768,712,704
2608,768,768,704,639,639,639,639,639,639
2609,511,511,511,511,511,511,511,510,510
2610,255,319,352,384,384,384,384,384,384
2611,255,255,318,319,319,319,384,352,384
2612,448,448,448,448,451,448,448,455,455
2613,671,639,639,624,625,609,608,612,612
2614,831,783,768,768,768,768,712,708,704
2615,864,799,776,768,768,768,768,768,768
2616,708,704,639,639,638,639,639,632,624
2617,415,448,448,448,448,451,448,448,448
2618,199,255,255,255,255,255,255,255,318
2619,241,255,255,319,319,319,319,319,352
2620,512,512,513,512,512,512,512,512,512
2621,780,768,768,704,704,671,704,671,671
2622,922,896,826,799,792,776,776,768,768
2623,831,792,768,768,768,768,768,712,704
2624,511,511,504,511,508,511,511,508,504
2625,254,255,255,319,319,352,319,319,352
2626,195,248,255,255,255,255,255,255,316
2627,319,384,384,384,384,384,385,391,391
2628,543,540,543,536,543,527,527,540,536
2629,768,768,704,639,671,639,639,639,639
2630,831,797,768,768,768,768,768,768,768
2631,792,768,714,704,704,704,704,704,671
2632,511,511,511,511,511,511,511,511,511
2633,319,384,384,391,384,399,399,391,399
2634,255,255,319,352,352,384,384,384,384
2635,319,384,384,384,385,385,391,391,391
2636,527,513,527,515,527,512,515,519,519
2637,712,639,639,639,639,633,632,638,634
2638,768,704,639,639,639,639,639,639,636
2639,639,632,608,608,575,575,575,575,575
2640,511,511,511,511,510,511,511,510,511
2641,448,451,451,463,455,463,463,455,463
2642,399,415,448,448,448,448,448,448,448
2643,387,399,415,415,415,415,448,448,448
2644,448,448,451,451,463,455,462,463,463
2645,575,560,560,543,560,543,543,543,543
2646,768,671,639,639,639,639,639,638,639
2647,780,768,708,704,704,704,704,671,671
2648,768,704,671,639,639,639,639,639,639
2649,639,639,624,612,608,608,608,575,575
2650,511,511,511,511,511,511,511,511,511
2651,384,391,399,412,415,412,415,415,415
2652,255,319,352,384,384,384,384,384,384
2653,391,399,415,448,448,448,448,448,448
2654,624,575,575,575,575,575,575,575,575
2655,796,768,768,704,706,704,704,704,704
2656,864,799,770,768,768,768,768,768,768
2657,768,768,704,704,639,639,639,639,639
2658,480,496,480,496,481,480,481,481,481
2659,224,255,255,255,255,255,319,319,319
2660,255,255,318,319,319,319,352,352,352
2661,512,512,512,512,512,512,512,512,512
2662,708,639,639,639,639,639,633,632,639
2663,768,768,704,671,671,671,639,639,639
2664,671,639,636,632,624,624,612,611,624
2665,608,608,575,575,575,575,575,574,572
2666,568,568,543,543,543,543,543,543,540
2667,480,487,480,487,496,481,487,486,483
2668,449,455,462,463,480,463,480,463,480
2669,463,480,480,480,480,480,480,480,480
2670,480,480,480,480,481,483,483,480,487
2671,543,527,540,527,527,536,527,527,527
2672,624,575,575,575,575,575,575,575,572
2673,639,626,609,608,575,608,575,575,575
2674,575,568,543,543,543,543,543,543,543
2675,463,480,480,480,480,480,480,480,480
2676,384,399,412,415,448,415,415,415,448
2677,384,384,387,391,399,399,399,399,415
2678,448,448,451,455,455,462,455,463,455
2679,624,575,575,575,572,575,574,575,568
2680,780,768,704,704,671,704,671,671,639
2681,824,780,768,768,768,768,708,708,704
2682,639,632,624,608,608,575,575,575,575
2683,448,448,451,448,455,448,451,449,463
2684,255,319,384,384,384,384,384,384,384
2685,255,319,384,384,384,384,384,384,384
2686,512,512,512,512,512,512,512,512,512
2687,639,639,624,625,608,624,608,609,608
2688,776,768,704,704,671,671,639,639,639
2689,671,639,636,624,624,624,608,609,609
2690,483,496,504,487,497,496,496,496,497
2691,319,384,384,384,391,387,387,387,391
2692,255,255,319,319,384,384,384,384,384
2693,415,448,448,448,448,448,448,448,448
2694,639,624,575,575,575,575,575,575,575
2695,768,704,639,639,639,639,639,639,639
2696,768,704,639,639,639,639,639,639,639
2697,608,575,575,575,575,569,568,568,568
2698,480,480,483,480,496,481,480,480,481
2699,384,384,399,412,415,415,415,415,415
2700,384,384,399,399,414,415,415,415,415
2701,448,448,448,448,448,448,455,451,451
2702,527,524,515,513,513,519,524,524,515
2703,575,574,568,543,543,560,560,560,543
2704,608,575,575,572,572,572,569,568,568
2705,543,537,536,511,537,511,527,511,511
2706,487,496,496,496,497,496,496,496,496
2707,448,455,463,480,480,463,480,463,480
2708,415,448,448,448,448,448,448,448,449
2709,455,463,480,480,480,480,480,480,480
2710,575,568,543,543,543,543,543,543,543
2711,768,704,639,639,639,639,639,639,639
2712,783,768,768,705,704,704,704,704,671
2713,639,636,624,609,609,608,608,608,608
2714,448,448,455,448,455,448,455,451,463
2715,319,319,384,384,384,384,384,384,387
2716,412,415,448,448,448,448,448,448,448
2717,639,624,575,608,575,575,575,575,575
2718,816,776,768,768,768,768,704,712,704
2719,768,768,704,671,639,639,639,639,639
2720,508,508,511,504,508,504,511,508,510
2721,384,385,414,399,415,412,415,415,415
2722,399,415,448,448,448,448,448,448,448
2723,512,512,512,512,512,512,512,512,512
2724,575,575,568,574,568,560,543,568,560
2725,639,632,608,611,608,608,575,608,575
2726,639,639,632,632,624,624,612,624,608
2727,704,671,639,639,638,638,636,636,624
2728,639,639,636,625,624,624,624,624,614
2729,511,511,511,511,511,511,511,511,511
2730,399,415,448,448,448,448,448,448,448
2731,384,391,412,415,448,415,415,415,448
2732,415,448,448,448,448,448,448,449,449
2733,515,515,512,519,512,512,518,519,512
2734,671,639,626,632,624,612,624,624,608
2735,768,768,704,704,639,639,671,671,639
2736,768,704,639,639,639,639,639,639,639
2737,511,511,511,511,511,511,511,511,511
2738,319,384,387,384,391,399,387,391,399
2739,255,255,255,319,319,352,352,319,384
2740,255,319,384,384,384,384,384,384,384
2741,512,512,512,512,512,512,512,512,512
2742,768,704,639,639,639,636,639,639,632
2743,864,820,768,768,768,768,768,768,719
2744,831,799,768,768,768,768,716,768,712
2745,608,575,575,568,575,575,561,511,568
2746,384,384,412,391,415,415,412,399,415
2747,255,255,319,319,352,384,352,352,384
2748,255,319,384,384,384,384,384,384,384
2749,512,512,512,512,512,512,512,512,512
2750,768,704,639,639,639,636,639,639,634
2751,831,799,768,768,768,768,768,768,716
2752,780,768,768,704,704,704,671,671,671
2753,511,511,511,511,511,511,511,511,511
2754,255,319,384,384,384,385,384,384,384
2755,224,231,255,255,255,255,255,255,318
2756,255,319,384,384,384,384,384,384,385
2757,512,527,512,518,515,512,519,519,519
2758,639,639,608,611,608,575,608,608,608
2759,768,704,639,639,639,639,639,639,639
2760,704,639,639,634,632,636,624,624,624
2761,575,575,575,561,563,569,543,543,560
2762,497,496,504,496,496,504,496,496,496
2763,384,384,399,399,399,415,412,412,412
2764,255,316,352,384,384,384,384,384,384
2765,255,319,384,384,384,384,384,384,384
2766,512,512,455,480,480,463,512,512,512
2767,608,612,575,575,575,575,575,575,575
2768,704,704,639,639,639,639,639,639,639
2769,704,671,639,639,639,639,638,634,634
2770,511,511,511,511,511,511,511,511,511
2771,319,319,384,384,385,384,385,385,387
2772,227,255,255,255,255,319,319,319,319
2773,255,312,319,352,384,384,384,384,384
2774,524,527,512,524,512,526,519,524,519
2775,768,768,704,704,671,704,671,671,671
2776,799,782,768,768,768,768,712,704,704
2777,705,671,639,639,639,639,639,636,632
2778,511,511,511,511,511,511,511,511,511
2779,352,384,387,384,399,385,391,391,391
2780,352,384,384,384,391,387,391,391,399
2781,512,512,512,512,512,512,512,512,512
2782,575,575,563,572,543,568,568,562,560
2783,671,639,632,632,624,624,624,624,624
2784,639,639,632,624,624,624,624,609,609
2785,608,575,575,572,575,568,568,568,568
2786,480,480,481,480,496,480,480,480,480
2787,387,399,415,415,448,448,448,448,448
2788,384,387,399,399,415,415,415,415,415
2789,448,451,455,463,455,463,480,480,480
2790,542,540,527,527,519,527,527,527,527
2791,561,543,543,543,543,543,543,543,543
2792,608,575,572,572,568,568,572,572,568
2793,624,608,575,575,575,575,575,575,575
2794,608,575,575,575,575,572,572,568,568
2795,572,543,543,543,543,543,543,543,543
2796,448,448,462,455,463,463,455,455,455
2797,319,352,384,384,384,384,384,384,387
2798,255,255,319,384,384,384,384,384,384
2799,391,412,415,448,448,448,448,448,448
2800,624,608,575,575,574,572,575,575,575
2801,704,639,639,639,638,636,639,632,624
2802,608,575,575,575,575,575,574,574,568
2803,480,480,483,481,487,487,480,481,480
2804,319,352,384,384,387,387,384,387,387
2805,255,319,352,384,384,384,384,384,384
2806,384,387,399,412,412,415,415,415,415
2807,512,512,512,512,512,512,512,512,512
2808,639,639,609,611,608,608,612,575,608
2809,768,768,671,671,639,639,639,639,639
2810,768,704,639,639,639,639,639,639,639
2811,511,511,543,511,511,511,511,511,511
2812,384,391,415,414,415,448,415,448,415
2813,255,255,319,352,384,384,384,384,384
2814,319,384,384,384,387,387,391,391,399
2815,524,519,519,524,513,512,524,512,515
2816,624,608,575,575,575,575,575,572,575
2817,575,568,563,563,560,543,543,543,543
2818,504,504,508,508,511,511,508,511,504
2819,391,412,415,415,448,448,448,448,448
2820,352,384,385,387,399,399,399,412,399
2821,384,391,399,414,415,415,415,415,448
2822,512,512,512,512,512,512,512,512,512
2823,608,575,575,575,568,568,570,561,563
2824,639,615,608,608,575,575,575,575,575
2825,624,608,575,575,575,575,575,575,575
2826,496,496,496,496,497,504,496,496,496
2827,319,384,384,384,391,391,391,391,391
2828,319,352,384,384,384,384,384,384,385
2829,384,384,391,399,399,399,414,415,415
2830,451,455,463,463,463,463,480,480,480
2831,575,568,560,543,543,543,543,560,543
2832,575,575,572,568,563,543,560,568,543
2833,511,511,511,511,511,511,511,511,511
2834,415,448,448,448,449,449,448,448,448
2835,399,415,448,448,448,448,448,448,448
2836,463,480,480,480,480,480,480,480,480
2837,513,512,512,512,512,512,512,512,512
2838,575,575,574,568,568,561,568,568,563
2839,639,632,614,608,608,575,608,575,575
2840,608,575,575,575,575,574,572,572,568
2841,510,504,504,508,510,511,504,510,504
2842,505,512,512,512,512,512,512,505,512
2843,572,568,543,543,543,543,543,543,543
2844,575,574,561,543,543,543,543,543,543
2845,527,511,511,524,519,511,511,511,511
2846,543,540,527,527,527,527,527,527,527
2847,575,575,572,568,568,561,561,560,560
2848,575,561,543,543,543,543,543,543,543
2849,543,543,542,543,543,543,540,540,537
2850,540,527,527,527,527,527,526,527,519
2851,480,480,483,487,487,483,483,487,481
2852,496,496,512,496,496,496,496,496,496
2853,543,543,543,537,536,527,536,527,536
2854,568,560,543,543,543,543,543,543,543
2855,543,540,527,527,527,527,527,527,527
2856,575,575,568,560,543,543,543,543,543
2857,639,624,608,575,575,575,575,575,575
2858,575,575,572,574,568,568,560,568,563
2859,542,540,511,511,511,511,511,511,527
2860,496,497,496,504,504,499,496,499,496
2861,448,448,451,455,463,463,455,463,455
2862,480,481,512,483,487,512,512,512,512
2863,561,543,543,543,542,543,543,543,543
2864,632,624,608,575,575,575,575,575,575
2865,575,575,574,572,569,572,563,568,568
2866,511,508,505,511,511,511,508,510,508
2867,415,448,448,448,449,449,448,449,448
2868,384,384,391,399,415,415,415,415,415
2869,415,448,448,448,448,449,451,451,451
2870,575,575,572,568,543,543,560,543,561
2871,768,768,704,704,639,639,639,639,639
2872,824,781,768,768,768,768,712,704,768
2873,639,639,624,614,624,624,608,608,608
2874,455,451,455,455,480,480,463,480,463
2875,255,352,384,384,384,384,384,385,384
2876,255,319,384,384,384,384,384,384,384
2877,448,448,451,451,448,448,455,455,455
2878,639,639,632,624,608,608,608,608,608
2879,799,768,768,768,768,712,707,712,768
2880,796,768,768,712,704,704,704,704,704
2881,575,511,511,511,568,511,511,511,511
2882,384,384,384,384,399,391,391,391,391
2883,224,255,255,255,255,255,316,255,319
2884,255,319,384,384,384,384,384,384,384
2885,512,512,512,512,512,512,512,512,512
2886,627,624,608,608,575,608,608,608,575
2887,768,704,639,639,639,639,639,639,639
2888,704,639,639,639,639,639,634,636,626
2889,624,575,575,575,575,575,568,572,574
2890,480,463,480,480,480,480,480,480,480
2891,384,384,399,399,415,399,412,414,415
2892,384,384,387,387,391,391,399,399,399
2893,415,448,448,451,449,455,455,455,455
2894,524,527,519,527,519,527,526,527,526
2895,608,575,575,575,575,575,575,575,574
2896,639,632,611,608,608,608,608,575,575
2897,543,511,511,511,511,511,511,527,540
2898,399,414,448,448,448,448,448,448,448
2899,255,319,384,384,384,384,384,384,384
2900,384,384,391,399,399,399,412,414,415
2901,512,512,512,512,512,512,512,512,512
2902,611,575,575,575,575,575,575,575,575
2903,639,632,624,608,608,608,575,575,608
2904,639,639,639,628,624,627,624,614,624
2905,639,639,638,624,625,624,624,624,624
2906,572,543,543,511,543,511,543,511,543
2907,480,480,480,480,487,480,496,487,481
2908,448,448,451,455,455,455,463,463,455
2909,415,448,448,448,448,448,448,448,451
2910,512,512,512,512,512,512,512,512,512
2911,608,608,575,575,575,575,575,572,575
2912,625,612,575,575,575,575,575,575,575
2913,624,608,575,575,575,575,575,575,575
2914,575,560,543,543,543,543,543,543,543
2915,527,511,511,511,519,511,511,511,511
2916,480,463,480,480,480,480,480,480,480
2917,448,448,451,455,455,463,455,455,463
2918,448,449,455,462,455,480,463,463,463
2919,448,451,455,463,462,463,463,463,480
2920,540,527,527,527,527,526,527,527,527
2921,639,624,609,608,608,575,608,608,575
2922,704,639,639,639,639,632,636,634,624
2923,611,575,575,575,575,575,575,575,572
2924,463,480,480,480,480,483,480,480,480
2925,387,399,415,415,415,448,448,448,448
2926,352,384,384,387,391,399,399,399,399
2927,384,384,391,399,399,399,414,415,415
2928,512,512,512,512,512,512,512,512,512
2929,543,527,527,527,527,524,527,527,526
2930,543,542,542,540,536,527,527,537,527
2931,504,504,504,508,504,508,504,504,504
2932,483,487,496,496,496,496,496,496,496
2933,483,496,496,496,496,497,497,496,497
2934,527,527,524,519,519,519,524,524,519
2935,540,527,527,527,526,524,526,527,524
2936,527,527,524,527,524,519,524,526,519
2937,496,496,496,504,497,497,496,497,496
2938,480,481,483,496,496,496,487,496,487
2939,480,480,480,483,481,487,483,483,483
2940,512,512,512,512,512,512,512,512,512
2941,518,519,515,512,512,518,513,512,513
2942,527,527,524,519,519,519,519,519,519
2943,560,543,543,543,543,543,543,543,540
2944,504,497,499,505,497,504,504,504,504
2945,399,415,448,448,448,448,448,448,448
2946,391,412,415,448,448,448,448,448,448
2947,399,415,448,448,448,448,448,448,448
2948,448,448,455,451,455,463,462,463,463
2949,527,527,527,524,519,527,524,519,524
2950,543,542,536,536,527,527,527,527,527
2951,504,504,504,505,504,504,504,504,505
2952,448,448,449,455,455,455,455,455,463
2953,448,448,448,451,455,455,455,455,455
2954,519,515,513,515,519,518,515,515,512
2955,575,572,568,560,568,563,543,543,543
2956,504,497,504,496,504,504,496,497,504
2957,384,384,387,391,399,399,399,399,414
2958,319,384,384,384,384,384,387,387,391
2959,384,387,399,414,415,415,415,415,415
2960,512,512,512,512,512,512,512,512,512
2961,608,575,575,575,575,575,575,575,575
2962,608,575,575,575,575,574,572,568,575
2963,508,504,504,499,505,504,504,504,508
2964,384,391,412,415,415,415,415,415,448
2965,384,387,399,399,399,415,415,415,415
2966,448,462,463,463,480,480,480,480,480
2967,527,527,524,519,526,526,519,519,524
2968,624,624,575,575,575,575,575,575,575
2969,639,639,632,624,624,624,611,608,624
2970,639,624,608,608,575,575,575,575,575
2971,511,511,511,511,511,511,511,511,511
2972,384,384,391,399,399,399,412,415,415
2973,384,384,387,391,399,399,399,399,412
2974,512,512,512,512,512,512,512,512,512
2975,575,575,575,572,569,568,568,568,568
2976,639,639,639,636,632,632,627,624,624
2977,639,639,638,625,624,624,624,612,624
2978,575,575,572,568,561,568,561,543,560
2979,455,451,455,463,463,480,463,480,480
2980,384,384,391,399,412,415,412,415,415
2981,384,384,399,399,414,399,415,415,415
2982,412,415,448,448,448,448,448,448,448
2983,543,543,543,543,540,527,543,537,543
2984,671,639,639,636,625,624,625,624,624
2985,768,704,671,639,639,639,639,639,639
2986,624,608,575,575,575,575,575,572,574
2987,455,463,455,463,480,480,463,480,463
2988,319,384,384,384,384,385,384,385,384
2989,319,384,384,384,387,387,387,391,391
2990,448,448,451,451,455,451,455,462,463
2991,575,568,568,560,543,543,543,543,543
2992,639,624,611,608,575,575,575,575,575
2993,624,608,575,575,575,575,575,572,572
2994,560,543,543,543,542,543,540,540,540
2995,448,448,448,451,455,462,455,455,463
2996,319,384,384,384,387,391,391,391,399
2997,319,384,384,384,384,384,384,385,391
2998,384,399,415,415,415,415,448,448,448
2999,574,543,568,543,543,543,543,543,543
3000,768,704,704,639,639,639,639,639,639
3001,776,768,716,704,704,704,671,704,639
3002,639,632,608,608,575,575,575,575,575
3003,448,448,448,448,448,448,451,449,463
3004,255,319,319,319,384,352,384,384,384
3005,255,255,316,319,319,319,352,352,384
3006,448,448,451,451,455,455,455,455,451
3007,704,671,639,639,639,639,639,636,625
3008,792,768,768,768,704,704,704,704,671
3009,639,624,608,608,575,575,575,575,575
3010,448,448,448,448,448,448,448,448,455
3011,240,255,255,255,255,255,319,319,319
3012,224,252,255,255,255,255,255,255,319
3013,384,384,391,391,399,399,412,399,399
3014,568,568,572,568,543,543,568,543,543
3015,768,768,712,704,671,639,704,639,639
3016,768,704,639,639,639,639,639,639,639
3017,511,504,496,497,497,508,499,510,504
3018,319,384,384,384,384,387,384,391,391
3019,252,255,255,255,319,319,319,319,319
3020,255,319,352,384,384,384,384,384,384
3021,512,512,512,512,512,512,512,512,512
3022,575,575,575,575,575,574,575,568,575
3023,575,575,575,575,569,572,575,568,572
3024,543,540,536,527,527,511,527,527,527
3025,480,480,480,480,480,481,480,483,483
3026,384,384,384,391,399,399,399,412,399
3027,255,319,319,384,384,384,384,384,384
3028,319,384,384,384,384,384,387,385,387
3029,512,512,512,512,512,512,512,512,512
3030,632,611,624,575,608,575,575,575,575
3031,705,704,639,639,639,639,639,639,639
3032,639,624,608,575,575,575,575,575,575
3033,510,508,496,504,496,504,504,504,497
3034,384,387,391,412,399,412,415,415,415
3035,384,384,385,391,399,399,399,399,399
3036,415,448,448,448,451,448,449,451,451
3037,512,512,512,512,512,512,512,512,512
3038,575,575,575,575,575,572,572,568,575
3039,639,639,638,632,624,624,611,608,615
3040,639,639,624,624,609,608,608,608,608
3041,575,575,568,568,560,563,560,563,560
3042,415,448,448,448,448,448,451,451,448
3043,255,255,319,319,352,384,384,384,384
3044,248,255,255,316,319,319,319,319,319
3045,384,399,415,415,448,448,448,448,448
3046,575,575,574,569,572,561,543,543,560
3047,768,704,671,671,639,639,639,639,639
3048,704,671,639,639,639,639,636,632,632
3049,568,543,511,511,511,511,511,543,511
3050,448,448,449,448,451,455,480,463,455
3051,319,352,384,384,384,384,391,387,391
3052,255,319,384,384,384,384,384,384,384
3053,384,384,391,399,399,399,399,399,415
3054,512,512,512,512,512,512,512,512,512
3055,639,639,627,624,624,624,575,608,575
3056,704,671,639,639,639,639,632,632,627
3057,511,511,511,511,511,511,511,511,511
3058,255,319,352,384,384,384,384,384,384
3059,241,255,255,255,255,319,319,319,319
3060,255,319,384,384,384,384,384,384,384
3061,512,512,512,512,512,512,512,512,512
3062,608,575,575,575,575,575,568,575,568
3063,639,639,633,632,624,624,608,624,608
3064,611,575,575,575,575,575,575,575,569
3065,511,511,511,511,511,508,511,511,511
3066,448,448,448,448,448,448,451,448,455
3067,399,415,448,448,448,448,448,448,448
3068,448,448,448,451,451,455,455,455,455
3069,512,512,512,512,512,512,512,512,512
3070,543,543,542,540,527,536,527,536,527
3071,543,543,543,543,540,543,542,540,537
3072,568,543,543,543,543,542,543,542,543
3073,511,511,511,511,511,511,511,511,511
3074,387,415,415,415,448,415,448,448,448
3075,255,255,319,352,384,384,384,384,384
3076,255,255,319,352,384,384,384,384,384
3077,448,448,455,455,455,463,463,463,463
3078,637,608,608,575,575,575,575,575,575
3079,768,704,671,671,639,639,639,639,639
3080,768,704,639,639,639,639,639,639,639
3081,511,511,505,508,510,504,511,505,508
3082,255,316,319,319,384,384,384,384,384
3083,225,255,255,255,319,319,319,319,319
3084,255,319,352,384,384,384,384,384,384
3085,512,512,512,480,512,512,512,512,512
3086,575,575,572,568,561,561,560,560,543
3087,639,626,624,608,608,608,608,608,575
3088,639,636,624,612,608,608,608,608,608
3089,511,511,511,511,511,511,511,511,511
3090,384,391,391,399,412,414,415,415,415
3091,255,255,319,319,384,384,384,384,384
3092,255,319,352,384,384,384,384,384,384
3093,512,512,512,512,512,512,512,512,512
3094,768,639,639,639,639,639,639,639,639
3095,780,768,712,704,704,704,671,671,639
3096,639,639,624,614,624,608,608,608,608
3097,508,511,504,504,511,505,504,504,504
3098,483,496,483,496,496,496,496,496,496
3099,543,543,540,540,527,540,538,527,527
3100,568,543,543,543,543,543,543,543,542
3101,511,511,511,510,511,510,511,511,508
3102,487,496,496,496,496,496,496,496,496
3103,574,561,560,543,543,543,543,543,543
3104,639,639,638,632,624,624,624,608,612
3105,639,632,611,608,608,608,575,575,575
3106,568,560,543,543,543,543,543,543,543
3107,480,480,480,480,480,480,480,481,480
3108,387,399,414,415,448,415,448,448,448
3109,399,415,448,448,448,448,448,448,448
3110,527,527,527,527,519,527,527,519,519
3111,704,639,639,639,633,633,633,624,624
3112,799,769,768,768,716,708,704,704,704
3113,777,768,712,704,704,704,704,671,671
3114,511,511,511,511,511,511,511,511,511
3115,255,319,352,384,384,384,384,385,384
3116,255,255,319,352,384,384,384,384,384
3117,512,512,512,512,512,512,512,512,512
3118,639,632,624,608,608,608,608,575,575
3119,704,704,639,639,639,639,639,632,632
3120,704,671,639,639,639,639,638,639,632
3121,639,624,608,608,575,575,575,575,575
3122,511,511,511,511,511,511,511,527,511
3123,448,448,448,448,448,449,449,451,451
3124,319,352,384,384,384,384,385,385,387
3125,352,384,384,387,391,391,399,399,399
3126,515,519,519,515,515,518,519,519,515
3127,768,704,671,639,639,639,639,639,639
3128,831,799,768,768,768,768,768,768,705
3129,794,768,768,712,704,704,704,704,671
3130,704,639,639,636,632,626,624,624,624
3131,511,511,511,511,511,511,511,511,511
3132,352,384,384,384,391,391,391,391,399
3133,255,255,319,319,352,352,352,384,384
3134,387,399,415,448,448,448,448,448,448
3135,639,639,624,624,608,608,608,608,575
3136,831,816,776,768,768,768,768,768,768
3137,794,768,768,716,704,704,704,704,671
3138,608,575,574,574,568,568,568,568,563
3139,391,399,414,415,448,415,415,448,448
3140,255,255,319,319,352,352,352,384,384
3141,319,384,384,384,384,387,387,387,391
3142,563,568,543,543,543,543,543,543,543
3143,784,768,768,768,704,704,704,704,671
3144,792,768,768,768,704,704,704,704,671
3145,639,639,624,624,608,608,608,608,608
3146,480,480,480,480,480,480,480,480,483
3147,319,319,384,384,384,384,384,384,387
3148,384,384,391,391,399,412,399,399,415
3149,524,519,513,526,519,526,519,524,515
3150,627,624,575,608,575,575,575,575,575
3151,671,639,639,639,632,636,637,637,624
3152,639,633,624,624,608,608,608,608,575
3153,568,543,543,543,543,543,543,543,543
3154,451,455,480,455,480,463,463,463,480
3155,384,384,387,385,391,391,391,391,399
3156,399,412,415,448,448,448,448,448,448
3157,543,543,527,543,540,543,540,543,540
3158,639,632,611,624,608,611,608,609,608
3159,639,639,624,624,609,624,608,624,608
3160,632,608,575,575,575,575,575,575,575
3161,608,575,575,572,572,569,568,568,568
3162,609,575,575,575,575,575,572,572,574
3163,632,614,608,575,575,575,575,575,575
3164,638,624,609,608,608,575,575,575,575
3165,614,608,575,575,575,575,575,575,575
3166,624,608,608,575,575,575,575,575,575
3167,611,575,575,575,575,575,575,575,574
3168,511,508,508,504,504,508,508,510,504
3169,412,415,415,448,448,448,448,448,448
3170,455,463,480,480,480,480,480,480,480
3171,575,575,575,575,575,575,574,572,574
3172,639,639,639,624,624,624,614,611,614
3173,632,624,608,575,575,575,575,575,575
3174,568,543,543,543,543,543,543,543,543
3175,543,543,527,536,527,527,527,527,527
3176,624,608,575,575,575,575,575,575,575
3177,671,639,639,638,634,632,626,624,624
3178,608,575,575,575,575,572,572,572,572
3179,499,496,497,497,497,496,496,496,497
3180,448,448,448,448,448,449,449,448,451
3181,399,412,415,448,448,448,448,448,448
3182,512,512,512,512,512,512,512,512,512
3183,624,624,608,575,575,575,575,575,575
3184,704,671,639,639,639,639,639,636,639
3185,636,624,575,575,575,575,575,575,575
3186,504,496,496,496,496,496,496,496,496
3187,384,391,399,412,414,415,415,415,415
3188,319,384,384,384,384,387,387,391,391
3189,415,448,448,448,448,451,451,451,451
3190,639,611,608,608,575,575,575,575,575
3191,816,768,768,768,768,706,705,704,704
3192,780,768,708,704,704,671,671,671,671
3193,574,511,511,511,511,511,511,511,511
3194,448,448,451,451,455,455,455,455,455
3195,448,448,448,451,451,455,455,455,455
3196,480,480,480,480,480,512,483,512,483
3197,574,560,543,543,543,543,543,543,543
3198,639,624,608,608,575,575,608,608,575
3199,575,575,575,572,572,560,568,568,568
3200,543,543,543,543,542,537,540,540,540
3201,527,527,526,519,511,519,511,519,511
3202,540,527,527,527,527,527,526,527,527
3203,511,519,515,511,511,515,511,511,511
3204,496,499,504,499,504,504,504,504,504
3205,480,480,480,480,483,480,483,481,483
3206,448,448,449,451,455,455,455,462,463
3207,512,512,512,512,512,512,512,512,512
3208,608,575,575,575,575,575,575,575,575
3209,704,639,639,639,633,636,632,625,632
3210,636,624,608,575,575,575,575,575,575
3211,511,511,511,504,511,510,508,511,508
3212,387,399,415,415,448,415,448,448,415
3213,319,352,384,384,384,384,385,387,385
3214,448,448,449,455,455,463,463,455,463
3215,624,608,575,575,575,575,575,575,575
3216,768,768,704,704,671,671,671,639,639
3217,704,671,639,639,639,639,638,639,636
3218,511,511,511,511,511,511,511,511,511
3219,384,387,399,399,399,399,414,415,412
3220,255,255,319,352,384,384,384,384,384
3221,384,384,399,414,415,415,415,415,415
3222,575,575,569,575,568,575,572,560,572
3223,798,768,768,768,768,768,768,704,704
3224,896,831,783,776,768,768,768,768,768
3225,707,671,639,639,639,638,638,639,627
3226,448,415,448,448,448,448,448,451,448
3227,255,255,319,319,352,319,384,384,384
3228,384,387,391,399,412,415,415,415,415
3229,608,624,575,575,575,575,575,575,575
3230,799,797,768,768,768,768,768,707,768
3231,896,864,799,792,776,781,768,768,768
3232,776,768,704,704,704,671,671,639,639
3233,487,463,480,483,496,480,487,480,480
3234,240,248,255,255,319,255,319,319,319
3235,255,255,319,319,384,352,384,384,384
3236,513,527,527,515,515,527,519,527,527
3237,768,768,704,639,639,671,639,639,639
3238,768,768,768,704,704,704,671,671,704
3239,704,639,639,639,638,632,627,624,624
3240,575,563,560,560,568,543,543,543,543
3241,574,543,543,543,560,543,543,543,543
3242,608,575,575,575,575,575,574,572,568
3243,560,543,543,543,543,543,543,543,543
3244,463,480,480,480,480,480,480,480,481
3245,480,481,481,480,481,487,496,483,496
3246,568,569,560,543,543,543,543,543,543
3247,624,608,575,575,575,575,575,575,575
3248,639,632,624,611,609,608,608,575,575
3249,612,575,575,575,575,575,575,572,575
3250,543,543,542,540,536,536,543,511,540
3251,480,480,480,480,480,480,483,480,481
3252,391,399,415,415,415,448,448,448,448
3253,399,415,448,448,448,448,448,448,448
3254,543,543,543,543,543,542,543,542,536
3255,768,704,671,639,639,639,639,639,639
3256,829,799,768,768,768,768,768,768,768
3257,799,768,768,768,708,704,704,704,704
3258,575,511,511,511,511,511,511,511,511
3259,384,384,384,387,391,399,399,399,414
3260,255,255,319,352,384,384,384,384,384
3261,384,384,391,399,408,412,415,415,415
3262,524,543,537,527,527,527,527,527,527
3263,768,768,704,639,639,639,639,639,639
3264,831,799,768,768,768,768,768,768,768
3265,768,768,704,704,671,671,671,671,639
3266,511,511,511,511,511,511,511,511,511
3267,255,319,384,384,384,384,384,384,384
3268,227,255,255,255,319,319,319,319,319
3269,255,319,384,384,384,384,384,384,385
3270,543,543,543,527,542,543,540,543,543
3271,768,768,708,704,704,704,671,704,704
3272,831,799,768,768,768,768,768,768,768
3273,704,639,639,639,634,636,632,632,632
3274,455,455,463,480,480,480,480,480,480
3275,255,255,319,384,352,352,384,384,384
3276,255,255,319,384,384,384,384,384,384
3277,415,448,448,448,448,451,451,451,451
3278,608,608,575,575,575,575,575,575,575
3279,704,639,639,639,638,639,632,632,633
3280,639,639,632,626,624,624,611,611,624
3281,511,511,511,511,511,511,511,511,511
3282,448,448,449,463,455,455,463,480,463
3283,387,399,415,448,448,448,448,448,448
3284,448,451,455,455,480,463,480,480,480
3285,524,524,526,519,524,527,519,519,519
3286,543,543,543,543,543,543,540,540,542
3287,560,543,543,543,543,543,543,543,543
3288,632,614,575,575,575,575,575,575,575
3289,704,671,639,639,639,639,633,632,626
3290,639,627,608,608,608,575,575,575,575
3291,543,543,543,543,543,542,543,543,543
3292,480,480,496,496,483,483,487,496,496
3293,415,415,448,448,448,448,448,449,451
3294,448,448,448,449,455,455,455,455,462
3295,575,574,543,543,568,568,560,543,543
3296,768,704,639,639,639,639,639,639,639
3297,768,768,704,704,704,704,671,639,639
3298,624,608,575,575,575,575,575,575,575
3299,415,448,448,451,448,448,448,455,455
3300,255,255,352,384,384,384,384,384,384
3301,255,255,352,384,384,384,384,384,384
3302,512,512,512,512,512,512,512,512,512
3303,768,704,671,639,639,639,639,638,639
3304,794,768,768,704,704,704,704,704,704
3305,768,704,671,639,639,639,639,639,639
3306,624,608,575,575,575,575,575,575,575
3307,448,448,448,463,455,455,462,480,480
3308,255,318,352,384,384,384,384,384,384
3309,255,255,319,319,319,319,384,384,384
3310,385,399,415,415,448,448,448,448,448
3311,572,572,560,560,560,543,543,543,543
3312,768,704,639,639,639,639,639,639,633
3313,768,768,704,704,671,671,639,639,639
3314,608,575,575,574,574,569,572,572,572
3315,385,387,399,409,415,415,415,415,448
3316,254,255,255,316,319,319,319,319,384
3317,255,255,319,319,352,352,384,384,384
3318,512,512,512,512,512,512,512,512,512
3319,768,768,704,704,704,671,671,671,639
3320,864,831,792,768,768,768,768,768,768
3321,768,704,671,639,639,639,639,639,639
3322,496,480,480,483,481,487,483,483,497
3323,255,255,319,319,352,384,384,384,384
3324,224,248,255,255,255,318,319,319,319
3325,391,415,448,448,448,448,448,448,448
3326,639,639,639,625,636,624,632,624,611
3327,820,799,768,768,768,768,768,768,768
3328,799,768,768,768,768,704,704,704,704
3329,511,511,511,511,511,511,511,511,511
3330,255,255,255,319,319,319,319,352,352
3331,192,224,255,255,255,255,255,255,255
3332,255,255,352,384,384,384,384,384,384
3333,448,512,463,455,512,463,512,480,512
3334,639,636,624,609,624,608,624,608,608
3335,788,768,768,704,706,704,704,704,671
3336,783,768,712,704,704,704,704,671,639
3337,639,639,624,624,608,608,608,608,575
3338,415,448,448,448,448,448,448,448,455
3339,227,255,255,255,316,319,319,319,319
3340,192,241,255,255,255,255,255,255,255
3341,384,384,399,412,415,415,448,448,448
3342,624,575,575,575,575,575,575,575,572
3343,792,768,768,704,704,704,704,671,639
3344,799,768,768,712,708,704,704,704,704
3345,575,575,569,568,563,561,563,561,568
3346,319,384,384,384,384,391,391,391,399
3347,192,252,255,255,255,255,255,255,255
3348,240,255,255,319,319,319,319,352,352
3349,515,512,519,512,519,512,519,512,512
3350,799,768,768,704,712,704,704,704,671
3351,896,799,780,768,768,768,768,768,768
3352,716,704,639,639,639,639,639,639,639
3353,504,511,504,511,508,511,510,511,511
3354,449,480,463,480,480,480,480,480,480
3355,526,527,526,527,527,527,527,519,519
3356,574,563,560,543,543,543,543,543,543
3357,543,543,543,536,543,536,543,537,536
3358,543,527,536,524,527,524,527,526,527
3359,611,608,575,575,575,575,575,574,575
3360,704,671,639,639,638,636,636,628,633
3361,639,639,624,611,608,608,608,608,608
3362,568,543,543,543,543,543,543,543,543
3363,480,480,483,486,486,487,487,487,483
3364,399,415,448,448,448,448,448,448,448
3365,448,448,451,449,455,455,463,455,463
3366,568,560,543,543,543,543,543,543,543
3367,768,704,639,639,639,639,639,639,639
3368,824,788,768,768,768,768,768,712,768
3369,792,768,768,712,704,704,704,704,704
3370,511,511,511,511,511,511,511,511,511
3371,384,384,391,399,414,412,412,415,412
3372,255,319,384,384,384,384,384,384,384
3373,384,384,399,399,415,415,415,415,415
3374,568,561,543,543,543,543,543,543,543
3375,768,712,671,671,639,639,639,639,639
3376,780,768,708,704,704,704,704,704,704
3377,639,632,610,608,608,608,608,608,575
3378,399,415,448,448,448,448,448,448,448
3379,319,352,384,384,384,385,385,387,387
3380,415,448,448,448,448,451,451,451,451
3381,568,560,543,543,543,543,543,543,543
3382,639,639,632,627,632,624,626,624,624
3383,704,704,639,639,639,639,639,639,639
3384,704,639,639,639,639,636,638,632,636
3385,704,639,639,639,639,632,632,632,632
3386,639,636,624,611,608,608,608,608,575
3387,511,511,511,511,508,511,511,511,511
3388,415,448,448,448,448,448,448,448,449
3389,399,415,448,448,448,448,448,448,448
3390,448,455,463,463,480,480,480,480,480
3391,575,575,568,568,572,560,568,563,543
3392,704,639,639,639,639,639,639,638,632
3393,639,639,636,632,626,624,624,624,624
3394,608,608,575,575,575,575,575,575,575
3395,511,511,527,511,511,511,511,511,511
3396,496,496,499,496,496,497,497,496,504
3397,480,480,480,480,480,480,483,483,487
3398,448,448,449,451,455,455,463,455,463
3399,512,512,512,512,512,512,512,512,512
3400,575,575,575,575,575,575,575,574,568
3401,671,639,639,636,638,636,634,625,624
3402,639,638,624,608,608,608,608,608,608
3403,511,511,511,511,511,511,511,511,511
3404,414,415,448,448,448,448,448,448,455
3405,384,391,412,415,415,415,448,448,448
3406,448,448,449,451,455,455,455,462,455
3407,542,542,543,536,543,540,542,542,527
3408,608,608,575,575,575,575,575,575,575
3409,625,624,608,575,575,575,575,575,575
3410,561,543,543,543,543,543,543,543,543
3411,496,497,496,504,496,499,504,504,508
3412,451,455,463,480,480,480,480,480,480
3413,448,448,451,455,455,455,455,455,463
3414,480,481,512,512,512,512,512,512,512
3415,627,624,608,575,608,575,575,575,575
3416,768,768,704,704,704,704,671,671,671
3417,768,704,639,639,639,639,639,639,639
3418,511,511,511,511,511,511,511,511,511
3419,480,480,480,481,480,480,481,483,481
3420,487,496,512,512,496,512,496,512,496
3421,515,519,519,515,515,519,518,519,519
3422,575,575,568,568,572,569,568,568,568
3423,624,624,575,575,575,575,575,575,575
3424,572,569,560,543,560,543,543,543,543
3425,543,543,542,536,536,540,536,536,536
3426,542,540,527,536,527,527,527,527,527
3427,560,560,543,543,543,543,543,543,543
3428,543,543,543,543,543,543,542,542,542
3429,480,480,483,481,487,483,483,487,496
3430,480,480,481,483,496,496,496,496,496
3431,543,543,527,536,540,540,540,540,537
3432,636,624,608,608,575,608,575,575,575
3433,636,624,608,608,575,575,575,575,575
3434,563,561,543,543,543,543,543,543,543
3435,449,455,480,480,480,480,480,480,480
3436,399,415,448,448,448,448,448,448,448
3437,448,448,451,451,455,455,455,455,463
3438,519,527,519,524,527,527,524,526,524
3439,575,575,574,574,575,572,568,568,568
3440,608,608,575,575,575,575,575,575,575
3441,608,575,575,575,575,575,575,575,575
3442,504,504,504,504,505,504,508,508,504
3443,391,399,415,415,448,448,448,448,448
3444,319,384,384,384,391,391,391,391,399
3445,415,448,448,448,451,449,455,451,455
3446,543,543,543,543,543,543,543,543,543
3447,639,639,639,632,632,624,626,624,624
3448,639,639,636,625,626,624,624,624,624
3449,575,575,572,568,568,568,561,568,563
3450,463,463,480,480,480,480,480,480,480
3451,399,415,448,448,448,448,448,448,448
3452,415,448,448,448,448,448,451,451,454
3453,512,512,512,512,512,512,513,512,513
3454,572,572,543,543,561,543,543,543,543
3455,575,575,575,575,575,574,572,574,575
3456,608,608,575,575,575,575,575,575,575
3457,511,511,511,511,511,511,511,511,511
3458,391,399,448,448,448,448,448,448,448
3459,384,391,415,415,415,415,448,415,448
3460,399,415,448,448,448,448,448,448,448
3461,463,480,480,480,483,483,483,483,483
3462,519,527,519,515,527,526,519,519,524
3463,575,575,560,543,568,568,543,543,560
3464,632,624,575,575,575,608,575,575,575
3465,608,575,575,575,575,575,575,572,575
3466,455,455,480,480,480,480,480,480,480
3467,255,319,384,384,384,384,384,384,384
3468,255,319,384,384,384,384,384,384,384
3469,391,415,415,448,448,448,448,448,448
3470,543,543,527,527,540,540,527,527,540
3471,671,639,627,626,632,632,624,614,624
3472,639,633,608,608,608,608,575,575,575
3473,504,504,510,504,504,504,505,504,504
3474,399,415,448,448,448,448,448,448,448
3475,352,384,391,391,399,399,399,414,412
3476,384,391,415,415,415,415,448,448,448
3477,463,512,480,512,512,512,481,480,483
3478,527,540,527,527,527,527,527,524,527
3479,633,632,608,608,608,575,608,575,575
3480,704,671,639,639,639,639,639,636,632
3481,704,639,639,639,639,632,633,632,624
3482,575,568,561,543,543,543,543,543,543
3483,387,391,415,415,415,415,415,448,448
3484,352,384,385,387,391,391,399,399,399
3485,448,463,480,512,512,512,512,512,512
3486,575,575,568,569,574,568,572,568,561
3487,704,704,639,639,639,639,639,639,636
3488,768,704,639,639,639,639,639,639,639
3489,639,624,608,575,575,575,575,575,575
3490,487,480,496,496,481,496,483,487,487
3491,384,385,414,415,414,415,415,415,415
3492,384,384,391,399,399,415,415,415,415
3493,399,415,448,448,448,448,448,448,448
3494,543,560,543,543,543,543,543,543,543
3495,704,671,639,639,639,639,639,639,636
3496,768,768,704,671,704,639,639,639,639
3497,639,624,614,608,608,608,575,575,575
3498,480,480,480,496,480,487,483,480,481
3499,319,384,384,387,384,391,391,387,399
3500,319,384,384,387,391,391,399,399,399
3501,448,451,455,455,480,463,480,480,480
3502,575,575,568,543,572,543,563,572,560
3503,704,639,639,639,639,632,636,639,632
3504,633,611,608,608,575,575,575,575,575
3505,455,462,480,480,480,481,480,480,480
3506,384,384,399,399,399,415,415,399,415
3507,319,384,384,384,384,391,391,391,391
3508,391,412,415,448,448,448,448,448,448
3509,512,512,512,512,512,512,512,512,512
3510,572,563,543,543,560,543,543,543,543
3511,639,638,624,608,612,608,608,608,608
3512,704,639,639,639,636,638,638,632,632
3513,639,639,632,624,624,624,624,608,611
3514,511,511,511,511,511,511,511,511,511
3515,415,448,448,448,448,448,448,451,448
3516,352,384,387,391,391,391,399,399,399
3517,387,412,415,448,448,448,448,448,448
3518,512,512,512,512,512,512,512,512,512
3519,608,575,575,575,575,575,575,575,575
3520,671,639,639,633,632,637,632,624,624
3521,575,575,574,575,568,569,572,568,568
3522,415,448,448,455,449,448,455,451,455
3523,352,384,387,399,399,391,399,399,414
3524,319,384,384,387,391,391,399,399,399
3525,399,448,448,448,448,448,448,448,448
3526,543,543,543,540,543,543,537,543,536
3527,608,575,575,575,575,575,572,575,568
3528,543,543,543,543,540,543,543,543,542
3529,511,508,508,511,510,508,511,511,511
3530,448,448,448,455,451,451,463,455,463
3531,384,399,415,415,448,415,448,448,448
3532,448,449,455,455,463,463,463,463,480
3533,526,526,527,527,526,527,519,527,519
3534,504,510,511,510,510,511,511,511,510
3535,415,448,448,448,449,451,455,455,455
3536,415,448,448,448,448,448,448,448,451
3537,480,480,480,481,483,481,483,487,512
3538,515,515,513,515,515,512,513,515,513
3539,451,463,463,480,480,480,480,480,480
3540,384,391,399,412,414,415,415,415,415
3541,384,384,391,391,399,399,412,412,415
3542,512,512,512,512,512,512,512,512,512
3543,632,608,608,575,575,575,575,575,575
3544,768,671,639,639,639,639,639,639,639
3545,639,634,624,611,608,608,608,608,608
3546,511,511,511,511,511,511,511,511,511
3547,384,399,414,415,415,415,448,448,448
3548,384,384,391,399,412,414,415,415,415
3549,448,448,448,448,451,455,455,455,455
3550,543,543,543,536,542,537,543,543,527
3551,624,608,575,575,575,575,575,575,575
3552,624,608,575,575,575,575,575,575,575
3553,575,575,561,560,560,543,543,543,543
3554,496,508,504,508,508,505,504,504,510
3555,384,384,399,399,412,415,415,415,448
3556,255,255,319,352,384,384,384,384,384
3557,255,319,384,384,384,384,384,384,384
3558,512,512,512,512,512,512,512,512,512
3559,639,639,632,626,624,614,624,624,608
3560,768,768,704,704,671,639,671,671,639
3561,716,704,639,639,639,639,639,639,639
3562,504,508,510,511,508,508,511,508,511
3563,255,255,352,384,384,384,384,384,384
3564,231,255,255,255,319,319,319,319,352
3565,384,384,391,399,412,412,415,415,415
3566,512,512,512,512,512,512,512,512,512
3567,527,527,519,519,515,519,527,526,515
3568,568,560,543,543,543,543,543,543,543
3569,568,543,543,543,543,543,543,543,543
3570,504,499,504,508,508,504,508,504,508
3571,384,384,399,412,412,415,414,415,415
3572,255,255,319,384,384,384,384,384,384
3573,255,319,384,384,384,384,384,384,384
3574,512,512,512,512,512,512,512,512,512
3575,671,639,639,632,627,632,624,632,624
3576,768,768,704,671,671,671,639,671,639
3577,704,639,639,639,639,639,638,636,632
3578,483,487,496,499,496,496,504,496,496
3579,255,255,319,384,352,352,384,384,384
3580,240,255,255,319,319,319,319,319,352
3581,319,384,384,384,387,391,391,391,399
3582,512,512,512,512,512,512,512,512,512
3583,639,624,614,575,608,608,575,608,575
3584,704,639,639,636,634,636,625,632,624
3585,511,511,511,511,511,511,511,511,511
3586,319,384,384,387,384,385,399,387,399
3587,255,255,319,384,352,352,384,384,384
3588,384,399,415,415,415,415,448,448,448
3589,512,512,512,512,512,512,487,512,483
3590,518,513,519,512,515,519,512,518,512
3591,497,496,508,504,504,508,504,505,504
3592,512,512,512,512,512,512,512,512,512
3593,569,568,560,543,543,543,543,543,543
3594,575,575,575,572,568,568,568,568,568
3595,504,504,504,508,504,504,508,504,504
3596,319,384,384,391,391,391,399,391,391
3597,224,255,255,255,319,319,319,319,319
3598,318,352,384,384,384,384,385,387,387
3599,512,512,512,512,512,512,512,512,512
3600,639,632,609,608,608,608,608,575,608
3601,768,704,639,639,639,639,639,639,639
3602,608,575,575,575,568,572,568,561,561
3603,399,415,448,448,448,448,448,448,448
3604,255,255,319,384,352,384,384,384,384
3605,319,384,384,384,384,385,387,391,391
3606,512,512,512,512,512,512,512,512,512
3607,624,575,575,575,575,575,575,575,575
3608,704,639,639,639,639,636,636,636,636
3609,704,639,639,639,638,636,636,632,632
3610,574,569,561,561,543,543,543,543,543
3611,480,483,496,496,487,496,496,487,487
3612,455,463,480,480,480,480,480,480,480
3613,451,455,463,463,480,480,480,480,480
3614,519,519,519,513,519,519,519,524,519
3615,608,575,575,575,575,574,574,575,575
3616,575,575,575,575,575,572,569,568,568
3617,575,575,568,568,568,563,543,560,543
3618,543,543,543,543,543,543,543,543,542
3619,543,540,540,527,527,527,527,527,527
3620,508,504,508,504,504,504,510,504,504
3621,448,448,448,449,451,451,463,455,455
3622,415,448,448,448,448,448,448,448,449
3623,540,540,527,527,540,542,527,540,527
3624,704,639,639,639,639,639,639,639,636
3625,768,704,639,639,639,639,639,639,639
3626,639,632,608,608,575,608,575,575,575
3627,511,511,511,510,505,504,510,504,510
3628,415,448,448,448,448,448,448,448,449
3629,391,399,448,448,448,448,448,448,448
3630,391,415,448,448,448,448,448,448,448
3631,513,512,512,512,519,519,519,519,513
3632,639,624,608,608,608,609,608,608,575
3633,768,704,639,639,639,639,639,639,639
3634,639,632,624,608,575,575,575,575,575
3635,496,504,508,508,504,496,504,497,504
3636,384,391,399,414,415,412,415,415,415
3637,255,352,384,384,384,384,384,384,387
3638,399,415,448,448,448,448,448,448,448
3639,632,608,608,575,575,575,575,575,575
3640,820,768,768,768,768,768,768,704,704
3641,783,768,716,704,704,704,704,671,671
3642,624,609,575,575,575,575,575,575,575
3643,448,455,449,463,480,455,455,462,463
3644,255,319,384,384,384,384,384,384,384
3645,384,387,399,414,415,415,415,415,415
3646,543,543,543,542,536,543,543,543,543
3647,639,639,627,624,609,624,624,611,611
3648,704,639,639,639,639,639,639,634,638
3649,704,639,639,639,638,634,632,632,632
3650,511,511,511,511,511,511,511,511,511
3651,384,391,399,399,412,399,412,415,415
3652,255,255,319,319,319,319,352,352,352
3653,255,255,319,352,384,384,384,384,384
3654,512,512,512,512,512,512,512,512,512
3655,768,704,639,671,671,671,639,639,639
3656,831,799,768,768,768,768,768,768,768
3657,768,704,671,639,639,639,639,639,639
3658,480,496,499,483,496,483,483,483,487
3659,255,255,319,319,319,352,352,384,384
3660,254,255,255,319,319,319,319,352,352
3661,385,391,415,415,448,448,448,448,448
3662,575,572,563,575,575,575,575,568,572
3663,704,639,639,639,639,639,639,636,639
3664,671,639,636,634,636,632,624,624,624
3665,575,575,575,568,568,568,568,568,568
3666,448,455,463,448,451,451,451,462,455
3667,255,255,319,319,319,352,352,384,384
3668,255,319,384,384,384,384,384,384,384
3669,512,512,512,512,513,513,513,512,513
3670,704,639,637,639,639,639,639,636,636
3671,768,768,704,704,704,671,671,639,639
3672,768,768,704,671,671,639,639,639,639
3673,639,639,632,611,608,608,608,608,608
3674,480,497,504,487,483,496,496,487,496
3675,391,415,448,448,448,448,448,448,448
3676,415,448,448,448,448,448,448,451,451
3677,463,463,480,480,483,483,483,512,512
3678,575,572,560,561,569,568,568,543,561
3679,639,639,632,625,632,625,624,612,624
3680,636,632,608,608,608,575,575,575,575
3681,575,575,572,563,561,560,560,543,560
3682,511,527,511,511,511,511,511,519,511
3683,504,510,508,512,508,512,512,508,512
3684,481,487,487,496,496,496,496,496,496
3685,448,448,448,451,455,455,463,463,462
3686,480,481,483,512,512,512,512,512,496
3687,575,568,563,560,560,543,543,543,543
3688,639,639,632,624,624,612,612,608,609
3689,638,624,608,608,608,575,575,575,575
3690,511,511,511,511,511,527,527,527,527
3691,415,415,448,448,448,448,448,451,451
3692,384,391,412,415,415,415,448,448,448
3693,415,448,448,448,449,448,451,451,451
3694,527,527,527,527,527,524,527,519,527
3695,608,575,575,575,575,572,574,568,575
3696,608,575,575,575,575,575,575,575,575
3697,575,575,575,572,574,572,568,569,568
3698,480,480,483,487,496,496,496,496,496
3699,384,387,399,412,415,415,415,415,415
3700,319,384,384,384,384,384,387,385,387
3701,414,448,448,448,448,448,448,448,448
3702,543,543,543,543,543,543,542,543,542
3703,639,639,636,632,632,624,624,624,624
3704,639,639,625,624,624,624,611,608,609
3705,575,568,543,560,560,543,543,543,543
3706,449,455,463,463,463,480,480,480,480
3707,391,412,415,448,448,448,448,448,448
3708,412,415,448,448,448,448,448,448,448
3709,512,512,512,512,512,512,512,512,512
3710,563,560,543,543,543,543,543,543,543
3711,575,575,575,575,575,575,572,574,568
3712,560,543,543,543,543,543,543,543,543
3713,505,508,508,510,508,511,510,508,511
3714,496,497,504,499,499,504,505,504,512
3715,496,496,496,496,496,497,499,497,504
3716,414,448,448,448,448,448,448,448,449
3717,319,384,384,385,391,391,391,399,399
3718,319,384,384,384,387,391,391,399,399
3719,512,512,512,512,512,512,512,512,512
3720,634,624,608,608,575,575,575,575,575
3721,768,704,639,639,639,639,639,639,639
3722,704,671,639,639,639,639,638,637,634
3723,511,511,511,511,511,511,511,511,511
3724,255,319,384,384,384,384,384,384,387
3725,255,255,319,319,319,319,384,384,384
3726,319,352,384,384,384,384,387,387,391
3727,512,512,480,512,512,512,512,512,512
3728,636,614,575,575,575,575,575,575,575
3729,639,632,611,611,608,608,575,608,575
3730,543,511,511,511,511,511,527,511,527
3731,449,462,480,480,480,480,480,480,480
3732,384,391,415,415,415,415,448,415,448
3733,319,352,384,384,384,384,391,387,391
3734,448,448,448,448,448,449,455,451,455
3735,624,575,575,575,575,575,574,575,575
3736,768,704,639,639,639,639,636,639,639
3737,768,704,671,639,639,639,639,639,639
3738,639,636,624,624,608,608,608,608,608
3739,480,480,483,496,487,487,496,487,496
3740,391,412,415,448,448,448,448,448,448
3741,448,448,451,455,455,455,463,463,463
3742,512,512,512,512,512,512,512,512,512
3743,608,575,575,568,575,572,575,575,575
3744,639,639,624,611,624,608,609,611,609
3745,639,636,624,609,608,608,608,608,608
3746,511,511,511,511,511,511,511,511,511
3747,448,448,451,463,455,455,463,455,463
3748,384,391,412,415,415,415,448,415,448
3749,384,391,399,414,415,415,415,415,448
3750,512,512,512,512,512,512,512,512,512
3751,639,639,632,624,624,624,611,624,624
3752,704,671,639,639,639,638,638,639,639
3753,639,639,632,624,615,614,609,624,610
3754,568,561,543,543,543,543,543,543,543
3755,480,481,496,496,496,496,496,487,496
3756,412,448,448,448,448,448,451,448,448
3757,415,448,448,448,448,448,449,448,449
3758,451,455,463,480,480,480,480,480,480
3759,519,519,519,519,515,515,515,519,524
3760,609,575,575,575,575,575,575,575,575
3761,575,575,568,561,543,543,543,543,543
3762,480,481,481,483,483,483,496,483,483
3763,384,391,399,399,415,415,448,415,415
3764,384,391,415,415,448,448,448,448,448
3765,512,512,512,512,487,512,512,512,512
3766,608,575,575,575,575,574,572,574,575
3767,639,632,624,624,608,608,608,608,608
3768,568,560,543,543,543,543,543,543,543
3769,505,511,508,508,510,508,511,508,511
3770,504,505,504,504,512,512,512,505,508
3771,543,543,543,540,543,542,542,540,540
3772,560,543,543,543,543,543,543,543,543
3773,527,527,527,527,526,511,524,526,524
3774,463,480,480,480,480,480,480,480,483
3775,448,449,455,455,455,462,463,463,480
3776,512,512,512,512,512,512,512,512,512
3777,543,543,543,542,543,543,543,540,543
3778,483,481,496,496,496,496,496,496,496
3779,384,384,399,412,415,415,415,415,415
3780,384,384,399,399,412,414,415,415,415
3781,414,448,448,448,448,448,448,448,449
3782,512,512,512,512,512,512,513,512,512
3783,568,568,543,543,543,543,543,543,543
3784,575,575,573,568,572,568,568,563,568
3785,608,575,575,572,575,574,572,572,569
3786,543,543,543,540,540,540,527,537,537
3787,399,415,448,448,448,448,448,448,448
3788,255,255,319,319,352,384,384,384,384
3789,316,319,384,384,384,384,384,384,387
3790,415,448,448,448,451,455,455,455,462
3791,543,543,543,543,543,543,543,543,543
3792,639,639,624,614,614,624,609,608,608
3793,639,632,609,608,608,608,575,575,575
3794,496,496,496,496,496,496,496,497,496
3795,255,319,352,384,384,384,384,384,384
3796,195,227,255,255,255,255,255,255,255
3797,255,255,319,352,384,384,384,384,384
3798,526,527,527,519,527,527,524,527,527
3799,768,768,704,671,671,671,639,639,639
3800,799,788,768,768,768,768,704,712,705
3801,639,639,632,624,624,624,610,612,609
3802,451,455,463,480,463,463,480,480,480
3803,255,255,352,384,384,384,384,384,384
3804,255,319,384,384,384,384,384,384,384
3805,415,448,448,448,451,455,455,455,455
3806,575,575,568,560,568,572,560,561,568
3807,704,704,639,639,639,639,639,636,639
3808,632,624,575,575,575,575,575,575,575
3809,448,451,455,463,463,463,480,480,480
3810,352,384,384,391,387,391,399,399,391
3811,316,319,384,384,384,384,384,384,384
3812,384,391,414,415,415,415,448,448,448
3813,512,512,512,512,512,512,512,512,512
3814,575,575,572,572,575,574,568,568,575
3815,671,639,636,632,633,632,624,624,624
3816,608,575,575,575,575,575,572,572,575
3817,448,448,451,455,455,455,455,480,463
3818,352,384,384,387,391,391,399,399,399
3819,384,384,391,391,399,399,414,415,399
3820,384,391,412,415,415,415,415,448,415
3821,399,415,448,448,448,448,448,448,448
3822,512,512,512,512,512,512,512,512,512
3823,575,575,560,561,543,543,543,543,568
3824,575,563,543,543,543,543,543,543,543
3825,451,455,463,480,463,480,480,480,480
3826,255,319,352,384,384,384,384,384,384
3827,224,255,255,255,319,319,319,319,319
3828,384,387,399,399,415,415,415,415,415
3829,563,543,543,543,543,542,543,540,543
3830,671,639,632,632,624,624,624,611,624
3831,704,639,639,639,624,624,632,624,624
3832,511,511,511,511,511,511,511,511,511
3833,352,384,385,387,399,399,399,399,399
3834,255,319,384,384,384,384,384,384,384
3835,352,384,387,387,399,399,399,399,399
3836,448,451,463,463,463,463,480,463,480
3837,575,572,568,568,543,543,543,543,543
3838,608,575,575,575,568,568,568,568,568
3839,511,511,511,511,511,511,511,511,511
3840,451,462,463,480,480,480,480,480,480
3841,448,448,448,448,455,455,455,455,455
3842,399,415,448,448,448,448,448,448,448
3843,384,387,412,412,415,415,415,415,415
3844,319,352,384,384,384,384,384,385,387
3845,319,319,384,384,384,384,384,384,385
3846,455,455,463,480,480,480,512,512,512
3847,639,624,608,608,608,575,575,575,575
3848,639,624,608,608,608,575,575,575,575
3849,504,497,497,497,504,499,499,505,499
3850,384,391,399,412,415,415,415,448,415
3851,352,384,384,387,391,391,399,399,399
3852,384,391,399,415,415,415,448,448,448
3853,384,391,412,415,415,415,415,448,448
3854,384,391,412,415,415,415,415,448,448
3855,462,463,480,480,480,480,480,480,480
3856,572,543,543,543,543,543,543,543,543
3857,575,575,568,568,568,568,560,560,560
3858,455,480,480,480,480,480,480,480,480
3859,255,319,384,384,384,384,384,384,384
3860,255,319,384,384,384,384,384,384,384
3861,399,415,448,448,448,448,448,448,448
3862,512,512,512,512,512,512,512,512,512
3863,608,575,575,575,575,575,575,572,575
3864,671,639,632,632,632,624,624,624,624
3865,671,639,633,632,632,624,624,624,624
3866,568,572,543,543,543,543,543,543,511
3867,448,451,455,448,451,451,455,462,455
3868,352,384,387,384,387,391,399,399,399
3869,319,384,384,384,384,385,387,384,387
3870,512,455,480,512,512,512,512,512,512
3871,639,624,608,609,608,575,608,608,575
3872,768,768,704,704,704,639,639,639,639
3873,671,639,639,632,632,624,624,624,624
3874,499,511,511,499,504,508,504,504,508
3875,319,384,384,384,384,391,391,387,391
3876,255,319,384,384,384,384,384,384,384
3877,391,399,415,448,448,448,448,448,448
3878,512,512,512,513,512,512,512,515,512
3879,639,624,608,608,608,575,608,608,575
3880,768,671,639,639,639,639,639,639,636
3881,671,639,639,632,632,624,624,624,624
3882,511,511,511,511,511,511,511,511,511
3883,391,415,415,448,448,448,448,448,448
3884,319,352,384,384,384,384,384,384,387
3885,384,384,391,399,412,414,415,415,415
3886,519,518,519,515,527,515,526,519,515
3887,575,575,575,568,575,568,568,572,568
3888,543,543,543,543,543,543,542,543,543
3889,451,463,463,463,463,463,463,480,480
3890,399,415,448,448,448,448,448,448,448
3891,512,512,480,483,486,512,483,483,483
3892,527,526,526,519,526,524,519,519,519
3893,480,480,483,481,483,480,481,483,483
3894,455,480,480,480,480,480,480,480,480
3895,512,519,512,512,513,512,512,513,515
3896,543,560,543,543,543,543,543,543,543
3897,627,624,575,575,575,575,575,575,575
3898,639,632,608,608,608,608,575,575,575
3899,608,575,575,572,568,568,568,568,561
3900,480,480,483,480,480,481,487,483,481
3901,387,391,415,415,415,415,448,448,448
3902,384,384,399,399,399,399,415,415,415
3903,448,448,448,449,455,455,455,455,463
3904,572,568,543,560,560,543,543,543,543
3905,608,575,574,575,575,574,572,568,574
3906,511,511,508,511,511,511,511,511,511
3907,448,451,455,455,455,462,480,463,463
3908,384,391,399,399,412,414,415,415,415
3909,384,387,399,399,414,414,415,415,415
3910,415,448,448,448,448,448,448,451,451
3911,527,524,527,527,524,527,519,526,527
3912,611,575,575,575,575,575,572,574,574
3913,626,575,575,575,575,575,575,575,575
3914,575,575,569,568,563,568,568,560,560
3915,504,510,499,499,504,497,505,504,499
3916,352,384,384,385,391,391,399,399,399
3917,231,255,255,316,319,319,319,319,319
3918,316,319,384,384,384,384,384,384,384
3919,455,451,463,480,480,512,480,512,512
3920,575,568,569,569,561,568,543,543,560
3921,639,639,627,624,611,624,608,608,608
3922,632,624,575,575,575,575,575,575,575
3923,448,455,449,449,451,451,480,480,455
3924,255,255,319,319,319,319,384,384,352
3925,225,255,255,255,319,319,319,319,319
3926,384,384,387,391,399,399,399,399,415
3927,611,575,575,575,575,575,568,568,575
3928,799,768,768,768,712,768,704,704,704
3929,830,794,768,768,768,768,768,768,704
3930,624,624,575,575,575,575,575,575,575
3931,384,399,391,391,414,399,448,448,415
3932,199,255,255,255,255,255,255,319,319
3933,255,255,319,319,319,352,384,384,384
3934,448,448,462,512,463,512,463,455,480
3935,639,624,624,609,608,608,575,575,575
3936,708,671,639,639,639,639,639,632,632
3937,638,632,608,575,575,575,575,575,575
3938,511,511,511,511,511,511,511,527,511
3939,387,412,399,414,415,415,448,448,448
3940,255,319,352,384,384,384,384,384,384
3941,255,319,384,384,384,384,384,384,384
3942,448,448,455,463,463,463,455,455,480
3943,575,575,572,575,569,572,543,543,568
3944,639,639,636,638,632,632,624,624,624
3945,671,639,639,638,632,632,624,624,624
3946,511,511,511,511,511,511,511,511,511
3947,384,384,384,384,384,384,399,399,387
3948,255,255,319,319,352,352,384,384,384
3949,255,319,384,384,384,384,384,384,385
3950,448,448,448,449,451,455,451,449,455
3951,572,560,543,543,560,568,543,543,560
3952,639,632,608,608,608,608,575,575,608
3953,568,561,543,543,543,543,543,542,511
3954,391,414,414,415,415,415,448,448,415
3955,227,255,255,255,255,255,319,319,319
3956,199,240,255,255,255,255,255,255,255
3957,352,384,385,387,399,399,391,399,399
3958,575,575,575,572,575,575,568,572,574
3959,799,776,768,768,768,768,712,704,706
3960,776,768,704,704,704,704,671,639,639
3961,511,511,508,511,504,504,508,511,504
3962,255,255,319,384,352,352,384,384,384
3963,192,225,254,255,255,255,255,255,255
3964,252,255,316,319,319,319,319,352,384
3965,512,512,512,512,512,512,512,512,512
3966,636,624,612,608,608,609,608,575,575
3967,639,632,612,608,608,608,608,575,575
3968,574,568,543,543,543,543,543,543,543
3969,455,463,463,480,480,455,480,480,480
3970,384,384,384,387,391,385,391,399,399
3971,255,255,319,352,384,352,384,384,384
3972,255,255,318,319,319,319,352,384,384
3973,255,319,384,384,384,384,384,384,384
3974,512,512,512,512,512,512,512,512,512
3975,636,624,624,608,608,608,608,575,575
3976,639,639,632,611,611,608,608,608,575
3977,608,575,572,568,568,560,561,568,543
3978,480,463,480,480,480,480,480,480,480
3979,319,352,384,384,384,384,384,387,391
3980,241,255,255,319,319,319,319,319,352
3981,224,255,255,255,318,319,319,319,319
3982,255,319,384,384,384,384,384,384,384
3983,512,524,519,519,519,513,519,512,512
3984,704,704,639,639,639,638,639,632,624
3985,768,671,639,639,639,634,636,633,627
3986,511,497,496,496,499,496,497,508,505
3987,255,255,255,316,319,319,319,352,352
3988,127,192,224,227,240,255,255,255,255
3989,225,255,255,255,319,319,319,319,319
3990,512,527,524,527,524,519,526,512,519
3991,768,768,768,706,704,671,704,639,639
3992,831,799,768,768,768,768,768,768,768
3993,671,639,632,624,609,608,608,611,608
3994,448,415,448,448,448,448,448,455,451
3995,255,255,255,255,319,319,319,319,352
3996,255,255,319,319,319,352,352,384,384
3997,399,448,448,448,448,448,448,448,448
3998,575,575,575,575,572,568,574,560,543
3999,639,639,639,626,624,611,624,609,608
4000,632,611,608,575,575,575,575,575,575
4001,543,511,511,527,511,527,511,536,527
4002,415,412,415,448,448,448,448,448,448
4003,255,319,352,384,384,384,384,384,384
4004,255,319,352,384,384,384,384,384,384
4005,415,448,448,448,448,448,451,449,448
4006,560,568,560,543,543,543,543,543,543
4007,639,639,636,624,624,614,611,624,608
4008,639,625,608,608,575,575,575,575,575
4009,511,511,511,511,511,511,511,511,511
4010,455,451,455,463,463,463,463,463,480
4011,384,384,391,399,399,399,412,412,415
4012,319,352,384,384,384,384,384,384,385
4013,391,414,415,448,448,448,448,448,448
4014,463,480,480,480,480,480,480,481,480
4015,512,512,512,512,512,512,512,512,512
4016,543,543,527,527,527,536,527,537,527
4017,543,543,540,527,527,536,527,537,527
4018,448,448,448,455,455,455,463,455,455
4019,319,352,384,384,384,384,387,384,387
4020,255,318,352,384,384,384,384,384,384
4021,399,415,448,448,448,448,448,448,448
4022,572,572,561,543,562,543,543,560,543
4023,704,639,639,636,639,638,627,636,632
4024,639,639,624,611,609,608,608,608,608
4025,511,511,511,511,511,511,511,511,511
4026,448,448,448,448,448,448,455,448,448
4027,352,384,384,385,384,384,391,387,391
4028,319,319,384,384,384,384,384,384,384
4029,384,384,399,399,412,415,415,415,415
4030,512,512,512,512,512,512,512,512,512
4031,632,624,608,575,575,575,575,575,575
4032,639,639,634,627,624,624,624,624,624
4033,511,511,511,511,511,510,511,508,508
4034,255,319,384,384,384,384,384,384,384
4035,240,255,255,255,255,318,319,319,319
4036,319,384,384,384,391,391,391,399,399
4037,451,463,512,480,512,512,480,480,512
4038,513,519,512,512,513,515,512,512,515
4039,560,543,543,540,540,543,542,540,540
4040,511,504,504,508,505,504,508,504,499
4041,448,448,449,451,455,451,455,451,451
4042,448,448,448,448,449,449,451,449,449
4043,451,462,480,480,480,480,480,480,480
4044,448,455,462,463,480,463,463,480,480
4045,385,399,415,448,448,448,448,448,448
4046,255,319,384,384,384,384,384,384,384
4047,255,255,319,319,384,352,384,384,384
4048,415,415,448,448,448,448,448,448,448
4049,624,575,575,572,568,575,575,572,560
4050,671,639,624,624,611,611,608,608,608
4051,511,511,511,511,511,511,511,511,511
4052,255,319,384,384,384,384,384,384,387
4053,127,199,255,255,255,255,255,255,255
4054,225,255,255,255,319,319,319,319,319
4055,512,512,512,512,512,512,512,512,512
4056,768,712,671,639,639,639,639,639,639
4057,831,782,768,768,712,708,712,704,704
4058,639,639,632,627,611,608,608,611,608
4059,415,448,448,455,448,448,448,455,463
4060,255,318,352,384,384,384,384,384,384
4061,255,255,318,319,319,319,319,384,384
4062,319,384,384,384,384,385,387,387,391
4063,449,455,455,449,463,463,463,455,455
4064,575,568,543,543,543,543,543,540,543
4065,671,639,632,624,624,609,608,608,608
4066,639,632,609,608,608,575,575,575,575
4067,455,455,463,480,463,463,480,480,480
4068,252,255,255,319,319,319,319,384,352
4069,192,224,255,255,255,255,255,255,255
4070,319,384,384,384,387,387,391,391,391
4071,575,575,562,543,560,543,543,543,543
4072,768,768,704,639,671,639,639,639,639
4073,776,768,704,704,671,639,639,639,639
4074,575,575,568,572,543,543,560,560,543
4075,255,319,352,384,384,384,384,384,384
4076,113,127,199,240,231,248,255,255,255
4077,192,225,255,255,255,255,255,255,255
4078,448,512,512,448,512,512,512,512,512
4079,624,608,575,574,575,574,572,575,575
4080,624,608,575,575,575,575,575,575,575
4081,543,511,511,536,527,511,511,527,511
4082,448,448,451,463,455,455,480,455,463
4083,384,384,387,391,391,399,415,399,399
4084,255,255,319,319,352,384,384,384,384
4085,255,255,319,319,352,352,384,384,384
4086,384,384,391,399,399,399,399,415,415
4087,543,537,527,540,536,527,524,527,536
4088,768,704,639,671,639,639,639,639,639
4089,704,671,639,639,639,638,632,633,636
4090,508,504,504,504,504,504,504,497,504
4091,319,352,384,384,384,384,387,384,384
4092,225,255,255,255,255,255,319,319,319
4093,255,255,319,319,319,319,352,352,352
4094,451,512,512,512,512,512,480,512,512
4095,575,575,560,572,572,563,543,543,568
4096,608,575,572,575,575,575,568,563,572
