time,apparent-magnitude,surface brightness,distance-from-observer,solar-elongation,sky-motion-speed,sky-motion-position
2026-Jan-01 00:00,-26.779,-10.59,0.98332666254872,0.0000 /?,2.5469425,85.453594
2026-Jan-01 03:00,-26.779,-10.59,0.98332446455295,0.0000 /?,2.5469354,85.399742
2026-Jan-01 06:00,-26.779,-10.59,0.98332236729784,0.0000 /?,2.5469286,85.345921
2026-Jan-01 09:00,-26.779,-10.59,0.98332037121019,0.0000 /?,2.5469222,85.292131
2026-Jan-01 12:00,-26.779,-10.59,0.983318476694,0.0000 /?,2.5469161,85.238373
2026-Jan-01 15:00,-26.779,-10.59,0.98331668412972,0.0000 /?,2.5469105,85.184646
2026-Jan-01 18:00,-26.779,-10.59,0.98331499387351,0.0000 /?,2.5469052,85.130952
2026-Jan-01 21:00,-26.779,-10.59,0.9833134062566,0.0000 /?,2.5469004,85.077289
2026-Jan-02 00:00,-26.779,-10.59,0.98331192158467,0.0000 /?,2.5468961,85.023659
2026-Jan-02 03:00,-26.779,-10.59,0.9833105401373,0.0000 /?,2.5468921,84.970062
2026-Jan-02 06:00,-26.779,-10.59,0.98330926216751,0.0000 /?,2.5468887,84.916499
2026-Jan-02 09:00,-26.779,-10.59,0.98330808790132,0.0000 /?,2.5468857,84.862968
2026-Jan-02 12:00,-26.779,-10.59,0.98330701753742,0.0000 /?,2.5468832,84.809471
2026-Jan-02 15:00,-26.779,-10.59,0.98330605124689,0.0000 /?,2.5468812,84.756008
2026-Jan-02 18:00,-26.779,-10.59,0.98330518917301,0.0000 /?,2.5468796,84.702579
2026-Jan-02 21:00,-26.779,-10.59,0.98330443143111,0.0000 /?,2.5468786,84.649184
2026-Jan-03 00:00,-26.779,-10.59,0.98330377810852,0.0000 /?,2.546878,84.595824
2026-Jan-03 03:00,-26.779,-10.59,0.98330322926461,0.0000 /?,2.546878,84.542499
2026-Jan-03 06:00,-26.779,-10.59,0.98330278493086,0.0000 /?,2.5468784,84.489209
2026-Jan-03 09:00,-26.779,-10.59,0.98330244511102,0.0000 /?,2.5468793,84.435955
2026-Jan-03 12:00,-26.779,-10.59,0.98330220978135,0.0000 /?,2.5468807,84.382736
2026-Jan-03 15:00,-26.779,-10.59,0.98330207889093,0.0000 /?,2.5468826,84.329554
2026-Jan-03 18:00,-26.779,-10.59,0.98330205236201,0.0000 /?,2.5468849,84.276407
2026-Jan-03 21:00,-26.779,-10.59,0.98330213009046,0.0000 /?,2.5468877,84.223298
2026-Jan-04 00:00,-26.779,-10.59,0.98330231194625,0.0000 /?,2.546891,84.170225
2026-Jan-04 03:00,-26.779,-10.59,0.983302597774,0.0000 /?,2.5468947,84.117189
2026-Jan-04 06:00,-26.779,-10.59,0.98330298739359,0.0000 /?,2.5468988,84.06419
2026-Jan-04 09:00,-26.779,-10.59,0.9833034806008,0.0000 /?,2.5469034,84.01123
2026-Jan-04 12:00,-26.779,-10.59,0.983304077168,0.0000 /?,2.5469084,83.958307
2026-Jan-04 15:00,-26.779,-10.59,0.98330477684494,0.0000 /?,2.5469137,83.905422
2026-Jan-04 18:00,-26.779,-10.59,0.98330557935944,0.0000 /?,2.5469194,83.852576
2026-Jan-04 21:00,-26.779,-10.59,0.98330648441826,0.0000 /?,2.5469255,83.799769
2026-Jan-05 00:00,-26.779,-10.59,0.98330749170792,0.0000 /?,2.5469319,83.747001
2026-Jan-05 03:00,-26.779,-10.59,0.98330860089553,0.0000 /?,2.5469387,83.694273
2026-Jan-05 06:00,-26.779,-10.59,0.98330981162971,0.0000 /?,2.5469457,83.641584
2026-Jan-05 09:00,-26.779,-10.59,0.98331112354143,0.0000 /?,2.546953,83.588936
2026-Jan-05 12:00,-26.779,-10.59,0.98331253624494,0.0000 /?,2.5469606,83.536328
2026-Jan-05 15:00,-26.779,-10.59,0.98331404933868,0.0000 /?,2.5469685,83.48376
2026-Jan-05 18:00,-26.779,-10.59,0.98331566240616,0.0000 /?,2.5469765,83.431234
2026-Jan-05 21:00,-26.779,-10.59,0.98331737501687,0.0000 /?,2.5469848,83.378748
2026-Jan-06 00:00,-26.779,-10.59,0.9833191867272,0.0000 /?,2.5469932,83.326305
2026-Jan-06 03:00,-26.779,-10.59,0.9833210970813,0.0000 /?,2.5470018,83.273903
2026-Jan-06 06:00,-26.779,-10.59,0.98332310561196,0.0000 /?,2.5470105,83.221544
2026-Jan-06 09:00,-26.779,-10.59,0.9833252118415,0.0000 /?,2.5470194,83.169227
2026-Jan-06 12:00,-26.779,-10.59,0.98332741528258,0.0000 /?,2.5470283,83.116953
2026-Jan-06 15:00,-26.779,-10.59,0.98332971543904,0.0000 /?,2.5470373,83.064722
2026-Jan-06 18:00,-26.779,-10.59,0.98333211180668,0.0000 /?,2.5470464,83.012535
2026-Jan-06 21:00,-26.779,-10.59,0.98333460387407,0.0000 /?,2.5470554,82.960392
2026-Jan-07 00:00,-26.779,-10.59,0.98333719112327,0.0000 /?,2.5470645,82.908293
2026-Jan-07 03:00,-26.779,-10.59,0.98333987303059,0.0000 /?,2.5470736,82.856239
2026-Jan-07 06:00,-26.779,-10.59,0.98334264906724,0.0000 /?,2.5470827,82.804229
2026-Jan-07 09:00,-26.779,-10.59,0.98334551870001,0.0000 /?,2.5470916,82.752265
2026-Jan-07 12:00,-26.779,-10.59,0.98334848139196,0.0000 /?,2.5471006,82.700346
2026-Jan-07 15:00,-26.779,-10.59,0.98335153660293,0.0000 /?,2.5471094,82.648473
2026-Jan-07 18:00,-26.779,-10.59,0.98335468379021,0.0000 /?,2.5471181,82.596646
2026-Jan-07 21:00,-26.779,-10.59,0.98335792240902,0.0000 /?,2.5471267,82.544866
2026-Jan-08 00:00,-26.779,-10.59,0.98336125191308,0.0000 /?,2.5471351,82.493133
2026-Jan-08 03:00,-26.779,-10.59,0.98336467175503,0.0000 /?,2.5471433,82.441446
2026-Jan-08 06:00,-26.779,-10.59,0.98336818138696,0.0000 /?,2.5471514,82.389808
2026-Jan-08 09:00,-26.779,-10.59,0.98337178026077,0.0000 /?,2.5471592,82.338217
2026-Jan-08 12:00,-26.779,-10.59,0.98337546782863,0.0000 /?,2.5471668,82.286674
2026-Jan-08 15:00,-26.779,-10.59,0.98337924354328,0.0000 /?,2.5471742,82.23518
2026-Jan-08 18:00,-26.779,-10.59,0.98338310685845,0.0000 /?,2.5471813,82.183735
2026-Jan-08 21:00,-26.779,-10.59,0.9833870572291,0.0000 /?,2.5471882,82.132339
2026-Jan-09 00:00,-26.778,-10.59,0.9833910941118,0.0000 /?,2.5471947,82.080993
2026-Jan-09 03:00,-26.778,-10.59,0.9833952169649,0.0000 /?,2.547201,82.029696
2026-Jan-09 06:00,-26.778,-10.59,0.98339942524886,0.0000 /?,2.5472069,81.97845
2026-Jan-09 09:00,-26.778,-10.59,0.98340371842641,0.0000 /?,2.5472125,81.927254
2026-Jan-09 12:00,-26.778,-10.59,0.9834080959628,0.0000 /?,2.5472177,81.876109
2026-Jan-09 15:00,-26.778,-10.59,0.98341255732594,0.0000 /?,2.5472225,81.825015
2026-Jan-09 18:00,-26.778,-10.59,0.98341710198659,0.0000 /?,2.547227,81.773973
2026-Jan-09 21:00,-26.778,-10.59,0.98342172941852,0.0000 /?,2.5472311,81.722983
2026-Jan-10 00:00,-26.778,-10.59,0.98342643909857,0.0000 /?,2.5472348,81.672044
2026-Jan-10 03:00,-26.778,-10.59,0.98343123050685,0.0000 /?,2.5472381,81.621159
2026-Jan-10 06:00,-26.778,-10.59,0.9834361031268,0.0000 /?,2.5472409,81.570326
2026-Jan-10 09:00,-26.778,-10.59,0.98344105644525,0.0000 /?,2.5472433,81.519546
2026-Jan-10 12:00,-26.778,-10.59,0.98344608995255,0.0000 /?,2.5472452,81.46882
2026-Jan-10 15:00,-26.778,-10.59,0.98345120314258,0.0000 /?,2.5472467,81.418148
2026-Jan-10 18:00,-26.778,-10.59,0.98345639551287,0.0000 /?,2.5472477,81.36753
2026-Jan-10 21:00,-26.778,-10.59,0.98346166656456,0.0000 /?,2.5472482,81.316966
2026-Jan-11 00:00,-26.778,-10.59,0.98346701580251,0.0000 /?,2.5472482,81.266457
2026-Jan-11 03:00,-26.778,-10.59,0.9834724427353,0.0000 /?,2.5472477,81.216004
2026-Jan-11 06:00,-26.778,-10.59,0.98347794687523,0.0000 /?,2.5472467,81.165606
2026-Jan-11 09:00,-26.778,-10.59,0.98348352773841,0.0000 /?,2.5472451,81.115263
2026-Jan-11 12:00,-26.778,-10.59,0.9834891848447,0.0000 /?,2.547243,81.064977
2026-Jan-11 15:00,-26.778,-10.59,0.98349491771777,0.0000 /?,2.5472404,81.014747
2026-Jan-11 18:00,-26.778,-10.59,0.98350072588506,0.0000 /?,2.5472372,80.964574
2026-Jan-11 21:00,-26.778,-10.59,0.98350660887786,0.0000 /?,2.5472334,80.914458
2026-Jan-12 00:00,-26.778,-10.59,0.98351256623125,0.0000 /?,2.547229,80.8644
2026-Jan-12 03:00,-26.778,-10.59,0.98351859748415,0.0000 /?,2.5472241,80.814399
2026-Jan-12 06:00,-26.778,-10.59,0.98352470217928,0.0000 /?,2.5472186,80.764456
2026-Jan-12 09:00,-26.778,-10.59,0.98353087986322,0.0000 /?,2.5472124,80.714572
2026-Jan-12 12:00,-26.778,-10.59,0.98353713008638,0.0000 /?,2.5472057,80.664746
2026-Jan-12 15:00,-26.778,-10.59,0.98354345240303,0.0000 /?,2.5471983,80.614979
2026-Jan-12 18:00,-26.778,-10.59,0.9835498463713,0.0000 /?,2.5471903,80.565272
2026-Jan-12 21:00,-26.778,-10.59,0.98355631155322,0.0000 /?,2.5471816,80.515624
2026-Jan-13 00:00,-26.778,-10.59,0.9835628475147,0.0000 /?,2.5471723,80.466036
2026-Jan-13 03:00,-26.778,-10.59,0.98356945382561,0.0000 /?,2.5471624,80.416508
2026-Jan-13 06:00,-26.778,-10.59,0.98357613005975,0.0000 /?,2.5471518,80.367041
2026-Jan-13 09:00,-26.778,-10.59,0.98358287579493,0.0000 /?,2.5471405,80.317635
2026-Jan-13 12:00,-26.778,-10.59,0.98358969061299,0.0000 /?,2.5471285,80.26829
2026-Jan-13 15:00,-26.778,-10.59,0.98359657409984,0.0000 /?,2.5471158,80.219006
2026-Jan-13 18:00,-26.778,-10.59,0.98360352584553,0.0000 /?,2.5471024,80.169785
2026-Jan-13 21:00,-26.778,-10.59,0.98361054544429,0.0000 /?,2.5470884,80.120625
2026-Jan-14 00:00,-26.778,-10.59,0.98361763249461,0.0000 /?,2.5470736,80.071528
2026-Jan-14 03:00,-26.778,-10.59,0.98362478659929,0.0000 /?,2.5470581,80.022493
2026-Jan-14 06:00,-26.778,-10.59,0.98363200736553,0.0000 /?,2.5470418,79.973522
2026-Jan-14 09:00,-26.778,-10.59,0.98363929440503,0.0000 /?,2.5470248,79.924614
2026-Jan-14 12:00,-26.778,-10.59,0.98364664733406,0.0000 /?,2.5470071,79.87577
2026-Jan-14 15:00,-26.778,-10.59,0.98365406577357,0.0000 /?,2.5469886,79.826989
2026-Jan-14 18:00,-26.778,-10.59,0.98366154934928,0.0000 /?,2.5469693,79.778273
2026-Jan-14 21:00,-26.778,-10.59,0.98366909769183,0.0000 /?,2.5469493,79.729622
2026-Jan-15 00:00,-26.778,-10.59,0.98367671043689,0.0000 /?,2.5469285,79.681035
2026-Jan-15 03:00,-26.778,-10.59,0.98368438722526,0.0000 /?,2.5469068,79.632514
2026-Jan-15 06:00,-26.778,-10.59,0.98369212770306,0.0000 /?,2.5468844,79.584058
2026-Jan-15 09:00,-26.778,-10.59,0.98369993152182,0.0000 /?,2.5468612,79.535667
2026-Jan-15 12:00,-26.778,-10.59,0.98370779833868,0.0000 /?,2.5468372,79.487343
2026-Jan-15 15:00,-26.778,-10.59,0.98371572781653,0.0000 /?,2.5468123,79.439086
2026-Jan-15 18:00,-26.778,-10.59,0.98372371962417,0.0000 /?,2.5467866,79.390895
2026-Jan-15 21:00,-26.778,-10.59,0.9837317734365,0.0000 /?,2.5467601,79.342771
2026-Jan-16 00:00,-26.778,-10.59,0.98373988893471,0.0000 /?,2.5467327,79.294714
2026-Jan-16 03:00,-26.778,-10.59,0.98374806580642,0.0000 /?,2.5467045,79.246725
2026-Jan-16 06:00,-26.778,-10.59,0.98375630374595,0.0000 /?,2.5466754,79.198804
2026-Jan-16 09:00,-26.778,-10.59,0.98376460245444,0.0000 /?,2.5466454,79.150951
2026-Jan-16 12:00,-26.778,-10.59,0.98377296164011,0.0000 /?,2.5466145,79.103166
2026-Jan-16 15:00,-26.778,-10.59,0.98378138101848,0.0000 /?,2.5465828,79.055451
2026-Jan-16 18:00,-26.778,-10.59,0.98378986031252,0.0000 /?,2.5465502,79.007804
2026-Jan-16 21:00,-26.778,-10.59,0.98379839925294,0.0000 /?,2.5465166,78.960227
2026-Jan-17 00:00,-26.778,-10.59,0.9838069975784,0.0000 /?,2.5464822,78.91272
2026-Jan-17 03:00,-26.778,-10.59,0.98381565503569,0.0000 /?,2.5464468,78.865282
2026-Jan-17 06:00,-26.778,-10.59,0.98382437138003,0.0000 /?,2.5464105,78.817915
2026-Jan-17 09:00,-26.778,-10.59,0.98383314637528,0.0000 /?,2.5463733,78.770618
2026-Jan-17 12:00,-26.777,-10.59,0.98384197979415,0.0000 /?,2.5463351,78.723393
2026-Jan-17 15:00,-26.777,-10.59,0.98385087141847,0.0000 /?,2.546296,78.676238
2026-Jan-17 18:00,-26.777,-10.59,0.98385982103943,0.0000 /?,2.5462559,78.629155
2026-Jan-17 21:00,-26.777,-10.59,0.98386882845781,0.0000 /?,2.5462149,78.582143
2026-Jan-18 00:00,-26.777,-10.59,0.98387789348421,0.0000 /?,2.5461729,78.535204
2026-Jan-18 03:00,-26.777,-10.59,0.98388701593932,0.0000 /?,2.54613,78.488337
2026-Jan-18 06:00,-26.777,-10.59,0.98389619565412,0.0000 /?,2.546086,78.441542
2026-Jan-18 09:00,-26.777,-10.59,0.98390543247015,0.0000 /?,2.5460411,78.394821
2026-Jan-18 12:00,-26.777,-10.59,0.98391472623973,0.0000 /?,2.5459952,78.348172
2026-Jan-18 15:00,-26.777,-10.59,0.9839240768262,0.0000 /?,2.5459483,78.301597
2026-Jan-18 18:00,-26.777,-10.59,0.98393348410414,0.0000 /?,2.5459004,78.255096
2026-Jan-18 21:00,-26.777,-10.59,0.98394294795959,0.0000 /?,2.5458515,78.208669
2026-Jan-19 00:00,-26.777,-10.59,0.98395246829027,0.0000 /?,2.5458016,78.162316
2026-Jan-19 03:00,-26.777,-10.59,0.98396204500581,0.0000 /?,2.5457507,78.116037
2026-Jan-19 06:00,-26.777,-10.59,0.98397167802793,0.0000 /?,2.5456988,78.069834
2026-Jan-19 09:00,-26.777,-10.59,0.98398136729067,0.0000 /?,2.5456458,78.023705
2026-Jan-19 12:00,-26.777,-10.59,0.98399111274056,0.0000 /?,2.5455919,77.977652
2026-Jan-19 15:00,-26.777,-10.59,0.98400091433683,0.0000 /?,2.5455369,77.931675
2026-Jan-19 18:00,-26.777,-10.59,0.98401077205154,0.0000 /?,2.5454809,77.885773
2026-Jan-19 21:00,-26.777,-10.59,0.98402068586981,0.0000 /?,2.5454239,77.839948
2026-Jan-20 00:00,-26.777,-10.59,0.98403065578996,0.0000 /?,2.5453659,77.794199
2026-Jan-20 03:00,-26.777,-10.59,0.98404068182361,0.0000 /?,2.5453068,77.748527
2026-Jan-20 06:00,-26.777,-10.59,0.98405076399591,0.0000 /?,2.5452467,77.702932
2026-Jan-20 09:00,-26.777,-10.59,0.9840609023456,0.0000 /?,2.5451856,77.657414
2026-Jan-20 12:00,-26.777,-10.59,0.98407109692514,0.0000 /?,2.5451235,77.611973
2026-Jan-20 15:00,-26.777,-10.59,0.98408134780085,0.0000 /?,2.5450603,77.566611
2026-Jan-20 18:00,-26.777,-10.59,0.98409165505297,0.0000 /?,2.5449962,77.521326
2026-Jan-20 21:00,-26.777,-10.59,0.98410201877578,0.0000 /?,2.544931,77.476119
2026-Jan-21 00:00,-26.777,-10.59,0.98411243907764,0.0000 /?,2.5448648,77.430991
2026-Jan-21 03:00,-26.777,-10.59,0.98412291608106,0.0000 /?,2.5447976,77.385942
2026-Jan-21 06:00,-26.777,-10.59,0.98413344992276,0.0000 /?,2.5447293,77.340972
2026-Jan-21 09:00,-26.777,-10.59,0.98414404075369,0.0000 /?,2.5446601,77.296081
2026-Jan-21 12:00,-26.777,-10.59,0.98415468873905,0.0000 /?,2.5445899,77.251269
2026-Jan-21 15:00,-26.777,-10.59,0.98416539405834,0.0000 /?,2.5445187,77.206537
2026-Jan-21 18:00,-26.777,-10.59,0.9841761569053,0.0000 /?,2.5444465,77.161885
2026-Jan-21 21:00,-26.777,-10.59,0.98418697748792,0.0000 /?,2.5443733,77.117313
2026-Jan-22 00:00,-26.777,-10.59,0.98419785602842,0.0000 /?,2.5442991,77.072822
2026-Jan-22 03:00,-26.777,-10.59,0.98420879276319,0.0000 /?,2.544224,77.02841
2026-Jan-22 06:00,-26.777,-10.59,0.98421978794272,0.0000 /?,2.5441479,76.98408
2026-Jan-22 09:00,-26.777,-10.59,0.98423084183159,0.0000 /?,2.5440709,76.939831
2026-Jan-22 12:00,-26.777,-10.59,0.98424195470831,0.0000 /?,2.5439929,76.895663
2026-Jan-22 15:00,-26.777,-10.59,0.98425312686528,0.0000 /?,2.543914,76.851576
2026-Jan-22 18:00,-26.777,-10.59,0.98426435860865,0.0000 /?,2.5438342,76.807572
2026-Jan-22 21:00,-26.777,-10.59,0.98427565025821,0.0000 /?,2.5437534,76.763648
2026-Jan-23 00:00,-26.777,-10.59,0.98428700214724,0.0000 /?,2.5436718,76.719807
2026-Jan-23 03:00,-26.776,-10.59,0.98429841462238,0.0000 /?,2.5435892,76.676048
2026-Jan-23 06:00,-26.776,-10.59,0.98430988804345,0.0000 /?,2.5435058,76.632372
2026-Jan-23 09:00,-26.776,-10.59,0.98432142278327,0.0000 /?,2.5434215,76.588778
2026-Jan-23 12:00,-26.776,-10.59,0.98433301922747,0.0000 /?,2.5433364,76.545267
2026-Jan-23 15:00,-26.776,-10.59,0.98434467777431,0.0000 /?,2.5432504,76.501839
2026-Jan-23 18:00,-26.776,-10.59,0.98435639883441,0.0000 /?,2.5431636,76.458494
2026-Jan-23 21:00,-26.776,-10.59,0.98436818283057,0.0000 /?,2.543076,76.415233
2026-Jan-24 00:00,-26.776,-10.59,0.98438003019747,0.0000 /?,2.5429876,76.372055
2026-Jan-24 03:00,-26.776,-10.59,0.98439194138147,0.0000 /?,2.5428984,76.32896
2026-Jan-24 06:00,-26.776,-10.59,0.98440391684026,0.0000 /?,2.5428085,76.28595
2026-Jan-24 09:00,-26.776,-10.59,0.98441595704265,0.0000 /?,2.5427178,76.243023
2026-Jan-24 12:00,-26.776,-10.59,0.98442806246818,0.0000 /?,2.5426264,76.200181
2026-Jan-24 15:00,-26.776,-10.59,0.98444023360687,0.0000 /?,2.5425342,76.157423
2026-Jan-24 18:00,-26.776,-10.59,0.98445247095884,0.0000 /?,2.5424414,76.114749
2026-Jan-24 21:00,-26.776,-10.59,0.98446477503397,0.0000 /?,2.5423479,76.07216
2026-Jan-25 00:00,-26.776,-10.59,0.98447714635153,0.0000 /?,2.5422537,76.029656
2026-Jan-25 03:00,-26.776,-10.59,0.98448958543982,0.0000 /?,2.5421589,75.987236
2026-Jan-25 06:00,-26.776,-10.59,0.9845020928357,0.0000 /?,2.5420635,75.944902
2026-Jan-25 09:00,-26.776,-10.59,0.98451466908427,0.0000 /?,2.5419675,75.902653
2026-Jan-25 12:00,-26.776,-10.59,0.98452731473834,0.0000 /?,2.5418709,75.860489
2026-Jan-25 15:00,-26.776,-10.59,0.98454003035804,0.0000 /?,2.5417738,75.818411
2026-Jan-25 18:00,-26.776,-10.59,0.98455281651032,0.0000 /?,2.5416761,75.776418
2026-Jan-25 21:00,-26.776,-10.59,0.98456567376848,0.0000 /?,2.5415779,75.734511
2026-Jan-26 00:00,-26.776,-10.59,0.98457860271162,0.0000 /?,2.5414792,75.692689
2026-Jan-26 03:00,-26.776,-10.59,0.98459160392419,0.0000 /?,2.5413801,75.650954
2026-Jan-26 06:00,-26.776,-10.59,0.98460467799537,0.0000 /?,2.5412805,75.609304
2026-Jan-26 09:00,-26.776,-10.59,0.98461782551855,0.0000 /?,2.5411805,75.567741
2026-Jan-26 12:00,-26.776,-10.59,0.98463104709071,0.0000 /?,2.5410801,75.526264
2026-Jan-26 15:00,-26.776,-10.59,0.98464434331189,0.0000 /?,2.5409793,75.484873
2026-Jan-26 18:00,-26.776,-10.59,0.98465771478449,0.0000 /?,2.5408782,75.443569
2026-Jan-26 21:00,-26.776,-10.59,0.98467116211266,0.0000 /?,2.5407768,75.402351
2026-Jan-27 00:00,-26.776,-10.59,0.98468468590168,0.0000 /?,2.540675,75.36122
2026-Jan-27 03:00,-26.776,-10.59,0.98469828675721,0.0000 /?,2.540573,75.320175
2026-Jan-27 06:00,-26.776,-10.59,0.98471196528466,0.0000 /?,2.5404708,75.279218
2026-Jan-27 09:00,-26.776,-10.59,0.98472572208847,0.0000 /?,2.5403683,75.238347
2026-Jan-27 12:00,-26.776,-10.59,0.98473955777135,0.0000 /?,2.5402656,75.197563
2026-Jan-27 15:00,-26.775,-10.59,0.98475347293355,0.0000 /?,2.5401627,75.156867
2026-Jan-27 18:00,-26.775,-10.59,0.98476746817214,0.0000 /?,2.5400598,75.116257
2026-Jan-27 21:00,-26.775,-10.59,0.98478154408018,0.0000 /?,2.5399566,75.075735
2026-Jan-28 00:00,-26.775,-10.59,0.98479570124596,0.0000 /?,2.5398534,75.0353
2026-Jan-28 03:00,-26.775,-10.59,0.98480994025224,0.0000 /?,2.5397502,74.994952
2026-Jan-28 06:00,-26.775,-10.59,0.98482426167536,0.0000 /?,2.5396469,74.954692
2026-Jan-28 09:00,-26.775,-10.59,0.98483866608453,0.0000 /?,2.5395435,74.914519
2026-Jan-28 12:00,-26.775,-10.59,0.98485315404092,0.0000 /?,2.5394402,74.874434
2026-Jan-28 15:00,-26.775,-10.59,0.98486772609688,0.0000 /?,2.5393369,74.834436
2026-Jan-28 18:00,-26.775,-10.59,0.98488238279511,0.0000 /?,2.5392337,74.794526
2026-Jan-28 21:00,-26.775,-10.59,0.98489712466783,0.0000 /?,2.5391305,74.754704
2026-Jan-29 00:00,-26.775,-10.59,0.98491195223593,0.0000 /?,2.5390275,74.71497
2026-Jan-29 03:00,-26.775,-10.59,0.98492686600818,0.0000 /?,2.5389246,74.675323
2026-Jan-29 06:00,-26.775,-10.59,0.98494186648042,0.0000 /?,2.5388218,74.635765
2026-Jan-29 09:00,-26.775,-10.59,0.9849569541347,0.0000 /?,2.5387193,74.596295
2026-Jan-29 12:00,-26.775,-10.59,0.98497212943857,0.0000 /?,2.5386169,74.556912
2026-Jan-29 15:00,-26.775,-10.59,0.98498739284421,0.0000 /?,2.5385147,74.517618
2026-Jan-29 18:00,-26.775,-10.59,0.98500274478776,0.0000 /?,2.5384128,74.478412
2026-Jan-29 21:00,-26.775,-10.59,0.9850181856885,0.0000 /?,2.5383112,74.439294
2026-Jan-30 00:00,-26.775,-10.59,0.98503371594819,0.0000 /?,2.5382098,74.400264
2026-Jan-30 03:00,-26.775,-10.59,0.98504933595035,0.0000 /?,2.5381088,74.361323
2026-Jan-30 06:00,-26.775,-10.59,0.9850650460596,0.0000 /?,2.538008,74.32247
2026-Jan-30 09:00,-26.775,-10.59,0.98508084662106,0.0000 /?,2.5379076,74.283706
2026-Jan-30 12:00,-26.775,-10.59,0.9850967379597,0.0000 /?,2.5378075,74.24503
2026-Jan-30 15:00,-26.775,-10.59,0.98511272037982,0.0000 /?,2.5377079,74.206442
2026-Jan-30 18:00,-26.775,-10.59,0.98512879416451,0.0000 /?,2.5376085,74.167944
2026-Jan-30 21:00,-26.775,-10.59,0.98514495957518,0.0000 /?,2.5375096,74.129534
2026-Jan-31 00:00,-26.775,-10.59,0.98516121685114,0.0000 /?,2.5374111,74.091212
2026-Jan-31 03:00,-26.775,-10.59,0.98517756620915,0.0000 /?,2.537313,74.05298
2026-Jan-31 06:00,-26.775,-10.59,0.98519400784315,0.0000 /?,2.5372154,74.014836
2026-Jan-31 09:00,-26.774,-10.59,0.98521054192389,0.0000 /?,2.5371182,73.976782
2026-Jan-31 12:00,-26.774,-10.59,0.98522716859874,0.0000 /?,2.5370214,73.938816
2026-Jan-31 15:00,-26.774,-10.59,0.98524388799145,0.0000 /?,2.5369251,73.900939
2026-Jan-31 18:00,-26.774,-10.59,0.98526070020204,0.0000 /?,2.5368292,73.863152
2026-Jan-31 21:00,-26.774,-10.59,0.98527760530667,0.0000 /?,2.5367338,73.825454
2026-Feb-01 00:00,-26.774,-10.59,0.9852946033576,0.0000 /?,2.5366388,73.787845
2026-Feb-01 03:00,-26.774,-10.59,0.98531169438322,0.0000 /?,2.5365444,73.750325
2026-Feb-01 06:00,-26.774,-10.59,0.98532887838806,0.0000 /?,2.5364504,73.712895
2026-Feb-01 09:00,-26.774,-10.59,0.98534615535296,0.0000 /?,2.5363568,73.675555
2026-Feb-01 12:00,-26.774,-10.59,0.98536352523516,0.0000 /?,2.5362637,73.638304
2026-Feb-01 15:00,-26.774,-10.59,0.98538098796855,0.0000 /?,2.5361711,73.601142
2026-Feb-01 18:00,-26.774,-10.59,0.98539854346386,0.0000 /?,2.536079,73.564071
2026-Feb-01 21:00,-26.774,-10.59,0.98541619160904,0.0000 /?,2.5359873,73.527089
2026-Feb-02 00:00,-26.774,-10.59,0.98543393226952,0.0000 /?,2.5358961,73.490197
2026-Feb-02 03:00,-26.774,-10.59,0.98545176528862,0.0000 /?,2.5358053,73.453396
2026-Feb-02 06:00,-26.774,-10.59,0.98546969048793,0.0000 /?,2.5357149,73.416684
2026-Feb-02 09:00,-26.774,-10.59,0.98548770766784,0.0000 /?,2.535625,73.380062
2026-Feb-02 12:00,-26.774,-10.59,0.98550581660791,0.0000 /?,2.5355355,73.343531
2026-Feb-02 15:00,-26.774,-10.59,0.98552401706748,0.0000 /?,2.5354464,73.307091
2026-Feb-02 18:00,-26.774,-10.59,0.98554230878617,0.0000 /?,2.5353577,73.27074
2026-Feb-02 21:00,-26.774,-10.59,0.98556069148443,0.0000 /?,2.5352694,73.234481
2026-Feb-03 00:00,-26.774,-10.59,0.98557916486419,0.0000 /?,2.5351815,73.198311
2026-Feb-03 03:00,-26.774,-10.59,0.98559772860939,0.0000 /?,2.535094,73.162233
2026-Feb-03 06:00,-26.774,-10.59,0.98561638238667,0.0000 /?,2.5350068,73.126246
2026-Feb-03 09:00,-26.774,-10.59,0.98563512584596,0.0000 /?,2.5349199,73.090349
2026-Feb-03 12:00,-26.774,-10.59,0.98565395862118,0.0000 /?,2.5348334,73.054544
2026-Feb-03 15:00,-26.773,-10.59,0.98567288033086,0.0000 /?,2.5347471,73.01883
2026-Feb-03 18:00,-26.773,-10.59,0.98569189057879,0.0000 /?,2.5346612,72.983207
2026-Feb-03 21:00,-26.773,-10.59,0.98571098895474,0.0000 /?,2.5345756,72.947676
2026-Feb-04 00:00,-26.773,-10.59,0.98573017503509,0.0000 /?,2.5344902,72.912236
2026-Feb-04 03:00,-26.773,-10.59,0.98574944838349,0.0000 /?,2.5344051,72.876888
2026-Feb-04 06:00,-26.773,-10.59,0.98576880855153,0.0000 /?,2.5343202,72.841631
2026-Feb-04 09:00,-26.773,-10.59,0.9857882550794,0.0000 /?,2.5342355,72.806466
2026-Feb-04 12:00,-26.773,-10.59,0.98580778749653,0.0000 /?,2.534151,72.771394
2026-Feb-04 15:00,-26.773,-10.59,0.98582740532221,0.0000 /?,2.5340667,72.736413
2026-Feb-04 18:00,-26.773,-10.59,0.98584710806626,0.0000 /?,2.5339826,72.701525
2026-Feb-04 21:00,-26.773,-10.59,0.98586689522957,0.0000 /?,2.5338987,72.666728
2026-Feb-05 00:00,-26.773,-10.59,0.98588676630475,0.0000 /?,2.5338148,72.632025
2026-Feb-05 03:00,-26.773,-10.59,0.98590672077669,0.0000 /?,2.5337311,72.597413
2026-Feb-05 06:00,-26.773,-10.59,0.98592675812314,0.0000 /?,2.5336475,72.562895
2026-Feb-05 09:00,-26.773,-10.59,0.9859468778152,0.0000 /?,2.533564,72.528469
2026-Feb-05 12:00,-26.773,-10.59,0.98596707931792,0.0000 /?,2.5334806,72.494136
2026-Feb-05 15:00,-26.773,-10.59,0.98598736209074,0.0000 /?,2.5333972,72.459896
2026-Feb-05 18:00,-26.773,-10.59,0.98600772558803,0.0000 /?,2.5333138,72.425749
2026-Feb-05 21:00,-26.773,-10.59,0.9860281692595,0.0000 /?,2.5332305,72.391695
2026-Feb-06 00:00,-26.773,-10.59,0.98604869255071,0.0000 /?,2.5331472,72.357735
2026-Feb-06 03:00,-26.773,-10.59,0.98606929490341,0.0000 /?,2.5330639,72.323868
2026-Feb-06 06:00,-26.773,-10.59,0.98608997575603,0.0000 /?,2.5329805,72.290094
2026-Feb-06 09:00,-26.772,-10.59,0.986110734544,0.0000 /?,2.5328971,72.256414
2026-Feb-06 12:00,-26.772,-10.59,0.98613157070014,0.0000 /?,2.5328137,72.222828
2026-Feb-06 15:00,-26.772,-10.59,0.98615248365497,0.0000 /?,2.5327302,72.189336
2026-Feb-06 18:00,-26.772,-10.59,0.98617347283709,0.0000 /?,2.5326466,72.155938
2026-Feb-06 21:00,-26.772,-10.59,0.9861945376734,0.0000 /?,2.532563,72.122634
2026-Feb-07 00:00,-26.772,-10.59,0.98621567758945,0.0000 /?,2.5324792,72.089424
2026-Feb-07 03:00,-26.772,-10.59,0.98623689200966,0.0000 /?,2.5323953,72.056308
2026-Feb-07 06:00,-26.772,-10.59,0.98625818035757,0.0000 /?,2.5323113,72.023287
2026-Feb-07 09:00,-26.772,-10.59,0.98627954205609,0.0000 /?,2.5322271,71.99036
2026-Feb-07 12:00,-26.772,-10.59,0.98630097652767,0.0000 /?,2.5321428,71.957528
2026-Feb-07 15:00,-26.772,-10.59,0.98632248319452,0.0000 /?,2.5320583,71.924791
2026-Feb-07 18:00,-26.772,-10.59,0.98634406147878,0.0000 /?,2.5319736,71.892148
2026-Feb-07 21:00,-26.772,-10.59,0.98636571080267,0.0000 /?,2.5318887,71.8596
2026-Feb-08 00:00,-26.772,-10.59,0.98638743058863,0.0000 /?,2.5318036,71.827148
2026-Feb-08 03:00,-26.772,-10.59,0.98640922025949,0.0000 /?,2.5317183,71.794791
2026-Feb-08 06:00,-26.772,-10.59,0.98643107923854,0.0000 /?,2.5316328,71.762528
2026-Feb-08 09:00,-26.772,-10.59,0.98645300694968,0.0000 /?,2.531547,71.730362
2026-Feb-08 12:00,-26.772,-10.59,0.98647500281749,0.0000 /?,2.5314609,71.69829
2026-Feb-08 15:00,-26.772,-10.59,0.98649706626732,0.0000 /?,2.5313746,71.666315
2026-Feb-08 18:00,-26.772,-10.59,0.98651919672538,0.0000 /?,2.5312881,71.634435
2026-Feb-08 21:00,-26.772,-10.59,0.98654139361878,0.0000 /?,2.5312012,71.60265
2026-Feb-09 00:00,-26.772,-10.59,0.98656365637563,0.0000 /?,2.5311141,71.570962
2026-Feb-09 03:00,-26.771,-10.59,0.98658598442505,0.0000 /?,2.5310266,71.539369
2026-Feb-09 06:00,-26.771,-10.59,0.98660837719724,0.0000 /?,2.5309389,71.507873
2026-Feb-09 09:00,-26.771,-10.59,0.98663083412352,0.0000 /?,2.5308508,71.476473
2026-Feb-09 12:00,-26.771,-10.59,0.98665335463633,0.0000 /?,2.5307624,71.445169
2026-Feb-09 15:00,-26.771,-10.59,0.98667593816933,0.0000 /?,2.5306736,71.413961
2026-Feb-09 18:00,-26.771,-10.59,0.98669858415735,0.0000 /?,2.5305845,71.38285
2026-Feb-09 21:00,-26.771,-10.59,0.98672129203649,0.0000 /?,2.5304951,71.351835
2026-Feb-10 00:00,-26.771,-10.59,0.98674406124405,0.0000 /?,2.5304052,71.320917
2026-Feb-10 03:00,-26.771,-10.59,0.98676689121866,0.0000 /?,2.530315,71.290096
2026-Feb-10 06:00,-26.771,-10.59,0.9867897814002,0.0000 /?,2.5302244,71.259371
2026-Feb-10 09:00,-26.771,-10.59,0.98681273122991,0.0000 /?,2.5301334,71.228744
2026-Feb-10 12:00,-26.771,-10.59,0.98683574015032,0.0000 /?,2.530042,71.198213
2026-Feb-10 15:00,-26.771,-10.59,0.98685880760537,0.0000 /?,2.5299502,71.167779
2026-Feb-10 18:00,-26.771,-10.59,0.98688193304035,0.0000 /?,2.5298579,71.137443
2026-Feb-10 21:00,-26.771,-10.59,0.98690511590199,0.0000 /?,2.5297652,71.107204
2026-Feb-11 00:00,-26.771,-10.59,0.98692835563847,0.0000 /?,2.5296721,71.077063
2026-Feb-11 03:00,-26.771,-10.59,0.98695165169944,0.0000 /?,2.5295785,71.047018
2026-Feb-11 06:00,-26.771,-10.59,0.98697500353609,0.0000 /?,2.5294845,71.017072
2026-Feb-11 09:00,-26.771,-10.59,0.98699841060118,0.0000 /?,2.52939,70.987223
2026-Feb-11 12:00,-26.77,-10.59,0.98702187234908,0.0000 /?,2.529295,70.957472
2026-Feb-11 15:00,-26.77,-10.59,0.98704538823586,0.0000 /?,2.5291995,70.927818
2026-Feb-11 18:00,-26.77,-10.59,0.98706895771935,0.0000 /?,2.5291035,70.898263
2026-Feb-11 21:00,-26.77,-10.59,0.98709258025918,0.0000 /?,2.5290071,70.868805
2026-Feb-12 00:00,-26.77,-10.59,0.9871162553169,0.0000 /?,2.5289101,70.839446
2026-Feb-12 03:00,-26.77,-10.59,0.98713998235604,0.0000 /?,2.5288125,70.810185
2026-Feb-12 06:00,-26.77,-10.59,0.98716376084223,0.0000 /?,2.5287145,70.781022
2026-Feb-12 09:00,-26.77,-10.59,0.98718759024332,0.0000 /?,2.5286158,70.751957
2026-Feb-12 12:00,-26.77,-10.59,0.98721147002944,0.0000 /?,2.5285167,70.722991
2026-Feb-12 15:00,-26.77,-10.59,0.9872353996732,0.0000 /?,2.5284169,70.694123
2026-Feb-12 18:00,-26.77,-10.59,0.98725937864978,0.0000 /?,2.5283166,70.665354
2026-Feb-12 21:00,-26.77,-10.59,0.9872834064371,0.0000 /?,2.5282157,70.636684
2026-Feb-13 00:00,-26.77,-10.59,0.98730748251599,0.0000 /?,2.5281142,70.608113
2026-Feb-13 03:00,-26.77,-10.59,0.98733160637032,0.0000 /?,2.5280121,70.57964
2026-Feb-13 06:00,-26.77,-10.59,0.98735577748724,0.0000 /?,2.5279094,70.551267
2026-Feb-13 09:00,-26.77,-10.59,0.98737999535734,0.0000 /?,2.5278061,70.522992
2026-Feb-13 12:00,-26.77,-10.59,0.98740425947488,0.0000 /?,2.5277021,70.494817
2026-Feb-13 15:00,-26.77,-10.59,0.98742856933796,0.0000 /?,2.5275975,70.466741
2026-Feb-13 18:00,-26.77,-10.59,0.98745292444885,0.0000 /?,2.5274922,70.438764
2026-Feb-13 21:00,-26.769,-10.59,0.98747732431412,0.0000 /?,2.5273862,70.410887
2026-Feb-14 00:00,-26.769,-10.59,0.987501768445,0.0000 /?,2.5272795,70.383109
2026-Feb-14 03:00,-26.769,-10.59,0.98752625635756,0.0000 /?,2.5271722,70.355431
2026-Feb-14 06:00,-26.769,-10.59,0.98755078757307,0.0000 /?,2.5270642,70.327852
2026-Feb-14 09:00,-26.769,-10.59,0.98757536161825,0.0000 /?,2.5269554,70.300373
2026-Feb-14 12:00,-26.769,-10.59,0.98759997802558,0.0000 /?,2.5268459,70.272995
2026-Feb-14 15:00,-26.769,-10.59,0.98762463633361,0.0000 /?,2.5267357,70.245716
2026-Feb-14 18:00,-26.769,-10.59,0.98764933608732,0.0000 /?,2.5266247,70.218537
2026-Feb-14 21:00,-26.769,-10.59,0.98767407683842,0.0000 /?,2.526513,70.191458
2026-Feb-15 00:00,-26.769,-10.59,0.98769885814573,0.0000 /?,2.5264005,70.164479
2026-Feb-15 03:00,-26.769,-10.59,0.98772367957551,0.0000 /?,2.5262873,70.137601
2026-Feb-15 06:00,-26.769,-10.59,0.98774854070186,0.0000 /?,2.5261732,70.110823
2026-Feb-15 09:00,-26.769,-10.59,0.98777344110707,0.0000 /?,2.5260583,70.084146
2026-Feb-15 12:00,-26.769,-10.59,0.987798380382,0.0000 /?,2.5259426,70.057569
2026-Feb-15 15:00,-26.769,-10.59,0.98782335812649,0.0000 /?,2.5258261,70.031092
2026-Feb-15 18:00,-26.769,-10.59,0.98784837394975,0.0000 /?,2.5257088,70.004717
2026-Feb-15 21:00,-26.769,-10.59,0.98787342747077,0.0000 /?,2.5255906,69.978442
2026-Feb-16 00:00,-26.769,-10.59,0.9878985183187,0.0000 /?,2.5254716,69.952268
2026-Feb-16 03:00,-26.769,-10.59,0.98792364613327,0.0000 /?,2.5253517,69.926195
2026-Feb-16 06:00,-26.768,-10.59,0.98794881056522,0.0000 /?,2.5252309,69.900223
2026-Feb-16 09:00,-26.768,-10.59,0.98797401127669,0.0000 /?,2.5251092,69.874352
2026-Feb-16 12:00,-26.768,-10.59,0.98799924794164,0.0000 /?,2.5249867,69.848582
2026-Feb-16 15:00,-26.768,-10.59,0.98802452024626,0.0000 /?,2.5248632,69.822914
2026-Feb-16 18:00,-26.768,-10.59,0.98804982788938,0.0000 /?,2.5247389,69.797347
2026-Feb-16 21:00,-26.768,-10.59,0.98807517058285,0.0000 /?,2.5246136,69.771881
2026-Feb-17 00:00,-26.768,-10.59,0.98810054805199,0.0000 /?,2.5244874,69.746517
2026-Feb-17 03:00,-26.768,-10.59,0.98812596003591,0.0000 /?,2.5243602,69.721254
2026-Feb-17 06:00,-26.768,-10.59,0.98815140628797,0.0000 /?,2.5242322,69.696093
2026-Feb-17 09:00,-26.768,-10.59,0.98817688657608,0.0000 /?,2.5241031,69.671033
2026-Feb-17 12:00,-26.768,-10.59,0.98820240068313,0.0000 /?,2.5239732,69.646076
2026-Feb-17 15:00,-26.768,-10.59,0.98822794840729,0.0000 /?,2.5238422,69.62122
2026-Feb-17 18:00,-26.768,-10.59,0.98825352956238,0.0000 /?,2.5237103,69.596466
2026-Feb-17 21:00,-26.768,-10.59,0.98827914397817,0.0000 /?,2.5235775,69.571814
2026-Feb-18 00:00,-26.768,-10.59,0.9883047915007,0.0000 /?,2.5234437,69.547263
2026-Feb-18 03:00,-26.768,-10.59,0.98833047199258,0.0000 /?,2.5233088,69.522815
2026-Feb-18 06:00,-26.768,-10.59,0.98835618533322,0.0000 /?,2.5231731,69.498469
2026-Feb-18 09:00,-26.768,-10.59,0.98838193141914,0.0000 /?,2.5230363,69.474225
2026-Feb-18 12:00,-26.767,-10.59,0.98840771016415,0.0000 /?,2.5228986,69.450083
2026-Feb-18 15:00,-26.767,-10.59,0.98843352149958,0.0000 /?,2.5227599,69.426043
2026-Feb-18 18:00,-26.767,-10.59,0.98845936537448,0.0000 /?,2.5226202,69.402106
2026-Feb-18 21:00,-26.767,-10.59,0.98848524175575,0.0000 /?,2.5224795,69.378271
2026-Feb-19 00:00,-26.767,-10.59,0.9885111506283,0.0000 /?,2.5223379,69.354538
2026-Feb-19 03:00,-26.767,-10.59,0.98853709199515,0.0000 /?,2.5221953,69.330907
2026-Feb-19 06:00,-26.767,-10.59,0.98856306587755,0.0000 /?,2.5220517,69.307379
2026-Feb-19 09:00,-26.767,-10.59,0.98858907231499,0.0000 /?,2.5219071,69.283953
2026-Feb-19 12:00,-26.767,-10.59,0.98861511136527,0.0000 /?,2.5217616,69.260629
2026-Feb-19 15:00,-26.767,-10.59,0.9886411831045,0.0000 /?,2.5216152,69.237408
2026-Feb-19 18:00,-26.767,-10.59,0.98866728762706,0.0000 /?,2.5214677,69.21429
2026-Feb-19 21:00,-26.767,-10.59,0.98869342504557,0.0000 /?,2.5213194,69.191274
2026-Feb-20 00:00,-26.767,-10.59,0.98871959549083,0.0000 /?,2.5211701,69.16836
2026-Feb-20 03:00,-26.767,-10.59,0.98874579911168,0.0000 /?,2.5210198,69.145549
2026-Feb-20 06:00,-26.767,-10.59,0.98877203607489,0.0000 /?,2.5208687,69.12284
2026-Feb-20 09:00,-26.767,-10.59,0.98879830656498,0.0000 /?,2.5207167,69.100233
2026-Feb-20 12:00,-26.767,-10.59,0.98882461078409,0.0000 /?,2.5205637,69.077729
2026-Feb-20 15:00,-26.766,-10.59,0.9888509489517,0.0000 /?,2.5204099,69.055328
2026-Feb-20 18:00,-26.766,-10.59,0.98887732130443,0.0000 /?,2.5202552,69.033029
2026-Feb-20 21:00,-26.766,-10.59,0.98890372809577,0.0000 /?,2.5200996,69.010832
2026-Feb-21 00:00,-26.766,-10.59,0.98893016959579,0.0000 /?,2.5199432,68.988738
2026-Feb-21 03:00,-26.766,-10.59,0.98895664609081,0.0000 /?,2.5197859,68.966746
2026-Feb-21 06:00,-26.766,-10.59,0.9889831578831,0.0000 /?,2.5196279,68.944856
2026-Feb-21 09:00,-26.766,-10.59,0.98900970529049,0.0000 /?,2.519469,68.923069
2026-Feb-21 12:00,-26.766,-10.59,0.989036288646,0.0000 /?,2.5193093,68.901384
2026-Feb-21 15:00,-26.766,-10.59,0.98906290829742,0.0000 /?,2.5191489,68.879801
2026-Feb-21 18:00,-26.766,-10.59,0.98908956460693,0.0000 /?,2.5189877,68.858321
2026-Feb-21 21:00,-26.766,-10.59,0.98911625795059,0.0000 /?,2.5188258,68.836943
2026-Feb-22 00:00,-26.766,-10.59,0.98914298871793,0.0000 /?,2.5186632,68.815667
2026-Feb-22 03:00,-26.766,-10.59,0.98916975731147,0.0000 /?,2.5184999,68.794493
2026-Feb-22 06:00,-26.766,-10.59,0.98919656414618,0.0000 /?,2.5183359,68.773421
2026-Feb-22 09:00,-26.766,-10.59,0.98922340964901,0.0000 /?,2.5181712,68.752451
2026-Feb-22 12:00,-26.766,-10.59,0.98925029425834,0.0000 /?,2.5180059,68.731583
2026-Feb-22 15:00,-26.766,-10.59,0.98927721842344,0.0000 /?,2.51784,68.710817
2026-Feb-22 18:00,-26.765,-10.59,0.98930418260394,0.0000 /?,2.5176735,68.690153
2026-Feb-22 21:00,-26.765,-10.59,0.98933118726921,0.0000 /?,2.5175064,68.66959
2026-Feb-23 00:00,-26.765,-10.59,0.98935823289784,0.0000 /?,2.5173388,68.64913
2026-Feb-23 03:00,-26.765,-10.59,0.98938531997698,0.0000 /?,2.5171706,68.628771
2026-Feb-23 06:00,-26.765,-10.59,0.98941244900183,0.0000 /?,2.517002,68.608513
2026-Feb-23 09:00,-26.765,-10.59,0.98943962047493,0.0000 /?,2.5168328,68.588358
2026-Feb-23 12:00,-26.765,-10.59,0.98946683490562,0.0000 /?,2.5166633,68.568304
2026-Feb-23 15:00,-26.765,-10.59,0.98949409280936,0.0000 /?,2.5164932,68.548351
2026-Feb-23 18:00,-26.765,-10.59,0.98952139470715,0.0000 /?,2.5163228,68.5285
2026-Feb-23 21:00,-26.765,-10.59,0.98954874112483,0.0000 /?,2.516152,68.50875
2026-Feb-24 00:00,-26.765,-10.59,0.98957613259247,0.0000 /?,2.5159808,68.489101
2026-Feb-24 03:00,-26.765,-10.59,0.9896035696437,0.0000 /?,2.5158093,68.469553
2026-Feb-24 06:00,-26.765,-10.59,0.98963105281509,0.0000 /?,2.5156374,68.450107
2026-Feb-24 09:00,-26.765,-10.59,0.98965858264543,0.0000 /?,2.5154653,68.430761
2026-Feb-24 12:00,-26.765,-10.59,0.98968615967512,0.0000 /?,2.515293,68.411517
2026-Feb-24 15:00,-26.765,-10.59,0.98971378444547,0.0000 /?,2.5151203,68.392373
2026-Feb-24 18:00,-26.765,-10.59,0.98974145749804,0.0000 /?,2.5149475,68.373331
2026-Feb-24 21:00,-26.764,-10.59,0.98976917937398,0.0000 /?,2.5147745,68.354389
2026-Feb-25 00:00,-26.764,-10.59,0.98979695061335,0.0000 /?,2.5146013,68.335548
2026-Feb-25 03:00,-26.764,-10.59,0.98982477175443,0.0000 /?,2.514428,68.316807
2026-Feb-25 06:00,-26.764,-10.59,0.98985264333306,0.0000 /?,2.5142546,68.298167
2026-Feb-25 09:00,-26.764,-10.59,0.989880565882,0.0000 /?,2.5140811,68.279628
2026-Feb-25 12:00,-26.764,-10.59,0.98990853993019,0.0000 /?,2.5139075,68.261189
2026-Feb-25 15:00,-26.764,-10.59,0.98993656600215,0.0000 /?,2.5137339,68.24285
2026-Feb-25 18:00,-26.764,-10.59,0.98996464461727,0.0000 /?,2.5135603,68.224612
2026-Feb-25 21:00,-26.764,-10.59,0.98999277628916,0.0000 /?,2.5133867,68.206474
2026-Feb-26 00:00,-26.764,-10.59,0.990020961525,0.0000 /?,2.5132131,68.188436
2026-Feb-26 03:00,-26.764,-10.59,0.99004920082488,0.0000 /?,2.5130396,68.170498
2026-Feb-26 06:00,-26.764,-10.59,0.99007749468114,0.0000 /?,2.5128661,68.15266
2026-Feb-26 09:00,-26.764,-10.59,0.99010584357777,0.0000 /?,2.5126928,68.134922
2026-Feb-26 12:00,-26.764,-10.59,0.99013424798971,0.0000 /?,2.5125196,68.117284
2026-Feb-26 15:00,-26.764,-10.59,0.9901627083823,0.0000 /?,2.5123465,68.099746
2026-Feb-26 18:00,-26.764,-10.59,0.99019122521062,0.0000 /?,2.5121736,68.082307
2026-Feb-26 21:00,-26.763,-10.59,0.99021979891889,0.0000 /?,2.5120009,68.064968
2026-Feb-27 00:00,-26.763,-10.59,0.99024842993989,0.0000 /?,2.5118284,68.047729
2026-Feb-27 03:00,-26.763,-10.59,0.99027711869439,0.0000 /?,2.5116562,68.03059
2026-Feb-27 06:00,-26.763,-10.59,0.99030586559054,0.0000 /?,2.5114842,68.01355
2026-Feb-27 09:00,-26.763,-10.59,0.99033467102339,0.0000 /?,2.5113125,67.99661
2026-Feb-27 12:00,-26.763,-10.59,0.99036353537429,0.0000 /?,2.511141,67.979769
2026-Feb-27 15:00,-26.763,-10.59,0.9903924590104,0.0000 /?,2.5109699,67.963027
2026-Feb-27 18:00,-26.763,-10.59,0.99042144228422,0.0000 /?,2.5107991,67.946385
2026-Feb-27 21:00,-26.763,-10.59,0.99045048553306,0.0000 /?,2.5106287,67.929842
2026-Feb-28 00:00,-26.763,-10.59,0.99047958907862,0.0000 /?,2.5104586,67.913398
2026-Feb-28 03:00,-26.763,-10.59,0.99050875322652,0.0000 /?,2.5102889,67.897053
2026-Feb-28 06:00,-26.763,-10.59,0.99053797826592,0.0000 /?,2.5101195,67.880808
2026-Feb-28 09:00,-26.763,-10.59,0.99056726446914,0.0000 /?,2.5099506,67.864662
2026-Feb-28 12:00,-26.763,-10.59,0.99059661209124,0.0000 /?,2.5097821,67.848615
2026-Feb-28 15:00,-26.763,-10.59,0.99062602136972,0.0000 /?,2.5096141,67.832666
2026-Feb-28 18:00,-26.763,-10.59,0.99065549252422,0.0000 /?,2.5094464,67.816817
2026-Feb-28 21:00,-26.762,-10.59,0.9906850257562,0.0000 /?,2.5092793,67.801067
2026-Mar-01 00:00,-26.762,-10.59,0.99071462124871,0.0000 /?,2.5091126,67.785416
2026-Mar-01 03:00,-26.762,-10.59,0.99074427916616,0.0000 /?,2.5089464,67.769863
2026-Mar-01 06:00,-26.762,-10.59,0.99077399965409,0.0000 /?,2.5087807,67.75441
2026-Mar-01 09:00,-26.762,-10.59,0.99080378283905,0.0000 /?,2.5086154,67.739055
2026-Mar-01 12:00,-26.762,-10.59,0.99083362882843,0.0000 /?,2.5084507,67.723799
2026-Mar-01 15:00,-26.762,-10.59,0.99086353771035,0.0000 /?,2.5082865,67.708642
2026-Mar-01 18:00,-26.762,-10.59,0.99089350955359,0.0000 /?,2.5081228,67.693584
2026-Mar-01 21:00,-26.762,-10.59,0.99092354440755,0.0000 /?,2.5079596,67.678625
2026-Mar-02 00:00,-26.762,-10.59,0.99095364230224,0.0000 /?,2.5077969,67.663764
2026-Mar-02 03:00,-26.762,-10.59,0.99098380324824,0.0000 /?,2.5076348,67.649002
2026-Mar-02 06:00,-26.762,-10.59,0.99101402723681,0.0000 /?,2.5074732,67.634339
2026-Mar-02 09:00,-26.762,-10.59,0.99104431423992,0.0000 /?,2.5073121,67.619774
2026-Mar-02 12:00,-26.762,-10.59,0.99107466421038,0.0000 /?,2.5071516,67.605309
2026-Mar-02 15:00,-26.762,-10.59,0.99110507708193,0.0000 /?,2.5069916,67.590942
2026-Mar-02 18:00,-26.761,-10.59,0.99113555276944,0.0000 /?,2.5068321,67.576673
2026-Mar-02 21:00,-26.761,-10.59,0.99116609116906,0.0000 /?,2.5066732,67.562504
2026-Mar-03 00:00,-26.761,-10.59,0.99119669215845,0.0000 /?,2.5065147,67.548433
2026-Mar-03 03:00,-26.761,-10.59,0.991227355597,0.0000 /?,2.5063569,67.53446
2026-Mar-03 06:00,-26.761,-10.59,0.9912580813261,0.0000 /?,2.5061995,67.520587
2026-Mar-03 09:00,-26.761,-10.59,0.99128886916941,0.0000 /?,2.5060427,67.506812
2026-Mar-03 12:00,-26.761,-10.59,0.99131971893315,0.0000 /?,2.5058863,67.493136
2026-Mar-03 15:00,-26.761,-10.59,0.99135063040644,0.0000 /?,2.5057305,67.479558
2026-Mar-03 18:00,-26.761,-10.59,0.99138160336163,0.0000 /?,2.5055752,67.466079
2026-Mar-03 21:00,-26.761,-10.59,0.99141263755466,0.0000 /?,2.5054204,67.452699
2026-Mar-04 00:00,-26.761,-10.59,0.99144373272541,0.0000 /?,2.5052661,67.439418
2026-Mar-04 03:00,-26.761,-10.59,0.9914748885981,0.0000 /?,2.5051123,67.426235
2026-Mar-04 06:00,-26.761,-10.59,0.9915061048817,0.0000 /?,2.5049589,67.413152
2026-Mar-04 09:00,-26.761,-10.59,0.9915373812703,0.0000 /?,2.5048061,67.400167
2026-Mar-04 12:00,-26.761,-10.59,0.99156871744357,0.0000 /?,2.5046536,67.38728
2026-Mar-04 15:00,-26.76,-10.59,0.99160011306714,0.0000 /?,2.5045017,67.374493
2026-Mar-04 18:00,-26.76,-10.59,0.99163156779308,0.0000 /?,2.5043502,67.361804
2026-Mar-04 21:00,-26.76,-10.59,0.99166308126027,0.0000 /?,2.5041991,67.349214
2026-Mar-05 00:00,-26.76,-10.59,0.99169465309492,0.0000 /?,2.5040484,67.336723
2026-Mar-05 03:00,-26.76,-10.59,0.99172628291094,0.0000 /?,2.5038981,67.324331
2026-Mar-05 06:00,-26.76,-10.59,0.99175797031042,0.0000 /?,2.5037483,67.312038
2026-Mar-05 09:00,-26.76,-10.59,0.99178971488406,0.0000 /?,2.5035988,67.299843
2026-Mar-05 12:00,-26.76,-10.59,0.9918215162116,0.0000 /?,2.5034498,67.287748
2026-Mar-05 15:00,-26.76,-10.59,0.99185337386229,0.0000 /?,2.5033011,67.275751
2026-Mar-05 18:00,-26.76,-10.59,0.99188528739527,0.0000 /?,2.5031527,67.263854
2026-Mar-05 21:00,-26.76,-10.59,0.99191725636003,0.0000 /?,2.5030047,67.252055
2026-Mar-06 00:00,-26.76,-10.59,0.99194928029684,0.0000 /?,2.502857,67.240355
2026-Mar-06 03:00,-26.76,-10.59,0.99198135873713,0.0000 /?,2.5027097,67.228755
2026-Mar-06 06:00,-26.76,-10.59,0.99201349120391,0.0000 /?,2.5025627,67.217253
2026-Mar-06 09:00,-26.759,-10.59,0.99204567721219,0.0000 /?,2.502416,67.20585
2026-Mar-06 12:00,-26.759,-10.59,0.99207791626931,0.0000 /?,2.5022695,67.194547
2026-Mar-06 15:00,-26.759,-10.59,0.99211020787537,0.0000 /?,2.5021234,67.183342
2026-Mar-06 18:00,-26.759,-10.59,0.99214255152358,0.0000 /?,2.5019775,67.172237
2026-Mar-06 21:00,-26.759,-10.59,0.99217494670057,0.0000 /?,2.5018319,67.161231
2026-Mar-07 00:00,-26.759,-10.59,0.99220739288682,0.0000 /?,2.5016865,67.150324
2026-Mar-07 03:00,-26.759,-10.59,0.99223988955689,0.0000 /?,2.5015413,67.139516
2026-Mar-07 06:00,-26.759,-10.59,0.99227243617983,0.0000 /?,2.5013964,67.128807
2026-Mar-07 09:00,-26.759,-10.59,0.9923050322194,0.0000 /?,2.5012517,67.118197
2026-Mar-07 12:00,-26.759,-10.59,0.99233767713442,0.0000 /?,2.5011072,67.107687
2026-Mar-07 15:00,-26.759,-10.59,0.99237037037903,0.0000 /?,2.5009628,67.097276
2026-Mar-07 18:00,-26.759,-10.59,0.99240311140296,0.0000 /?,2.5008187,67.086964
2026-Mar-07 21:00,-26.759,-10.59,0.99243589965175,0.0000 /?,2.5006747,67.076752
2026-Mar-08 00:00,-26.759,-10.59,0.99246873456703,0.0000 /?,2.5005308,67.066638
2026-Mar-08 03:00,-26.758,-10.59,0.99250161558675,0.0000 /?,2.5003871,67.056624
2026-Mar-08 06:00,-26.758,-10.59,0.99253454214534,0.0000 /?,2.5002436,67.04671
2026-Mar-08 09:00,-26.758,-10.59,0.99256751367397,0.0000 /?,2.5001001,67.036895
2026-Mar-08 12:00,-26.758,-10.59,0.99260052960069,0.0000 /?,2.4999568,67.027179
2026-Mar-08 15:00,-26.758,-10.59,0.99263358935064,0.0000 /?,2.4998136,67.017562
2026-Mar-08 18:00,-26.758,-10.59,0.99266669234621,0.0000 /?,2.4996705,67.008045
2026-Mar-08 21:00,-26.758,-10.59,0.99269983800716,0.0000 /?,2.4995274,66.998628
2026-Mar-09 00:00,-26.758,-10.59,0.9927330257508,0.0000 /?,2.4993844,66.98931
2026-Mar-09 03:00,-26.758,-10.59,0.9927662549921,0.0000 /?,2.4992415,66.980091
2026-Mar-09 06:00,-26.758,-10.59,0.99279952514382,0.0000 /?,2.4990986,66.970972
2026-Mar-09 09:00,-26.758,-10.59,0.9928328356166,0.0000 /?,2.4989558,66.961952
2026-Mar-09 12:00,-26.758,-10.59,0.99286618581909,0.0000 /?,2.498813,66.953032
2026-Mar-09 15:00,-26.758,-10.59,0.99289957515801,0.0000 /?,2.4986702,66.944211
2026-Mar-09 18:00,-26.758,-10.59,0.99293300303826,0.0000 /?,2.4985275,66.93549
2026-Mar-09 21:00,-26.757,-10.59,0.99296646886299,0.0000 /?,2.4983847,66.926869
2026-Mar-10 00:00,-26.757,-10.59,0.99299997203364,0.0000 /?,2.498242,66.918347
2026-Mar-10 03:00,-26.757,-10.59,0.99303351195002,0.0000 /?,2.4980992,66.909925
2026-Mar-10 06:00,-26.757,-10.59,0.9930670880104,0.0000 /?,2.4979564,66.901602
2026-Mar-10 09:00,-26.757,-10.59,0.99310069961148,0.0000 /?,2.4978136,66.893379
2026-Mar-10 12:00,-26.757,-10.59,0.99313434614852,0.0000 /?,2.4976707,66.885256
2026-Mar-10 15:00,-26.757,-10.59,0.99316802701529,0.0000 /?,2.4975278,66.877232
2026-Mar-10 18:00,-26.757,-10.59,0.9932017416042,0.0000 /?,2.4973848,66.869308
2026-Mar-10 21:00,-26.757,-10.59,0.99323548930626,0.0000 /?,2.4972417,66.861484
2026-Mar-11 00:00,-26.757,-10.59,0.99326926951113,0.0000 /?,2.4970986,66.853759
2026-Mar-11 03:00,-26.757,-10.59,0.99330308160716,0.0000 /?,2.4969554,66.846134
2026-Mar-11 06:00,-26.757,-10.59,0.99333692498141,0.0000 /?,2.4968121,66.838609
2026-Mar-11 09:00,-26.757,-10.59,0.99337079901969,0.0000 /?,2.4966687,66.831184
2026-Mar-11 12:00,-26.756,-10.59,0.99340470310653,0.0000 /?,2.4965251,66.823858
2026-Mar-11 15:00,-26.756,-10.59,0.9934386366253,0.0000 /?,2.4963815,66.816633
2026-Mar-11 18:00,-26.756,-10.59,0.99347259895814,0.0000 /?,2.4962377,66.809507
2026-Mar-11 21:00,-26.756,-10.59,0.99350658948607,0.0000 /?,2.4960938,66.802481
2026-Mar-12 00:00,-26.756,-10.59,0.99354060758898,0.0000 /?,2.4959497,66.795554
2026-Mar-12 03:00,-26.756,-10.59,0.9935746526457,0.0000 /?,2.4958054,66.788728
2026-Mar-12 06:00,-26.756,-10.59,0.99360872403399,0.0000 /?,2.495661,66.782002
2026-Mar-12 09:00,-26.756,-10.59,0.99364282113065,0.0000 /?,2.4955164,66.775375
2026-Mar-12 12:00,-26.756,-10.59,0.99367694331154,0.0000 /?,2.4953717,66.768849
2026-Mar-12 15:00,-26.756,-10.59,0.99371108995163,0.0000 /?,2.4952267,66.762422
2026-Mar-12 18:00,-26.756,-10.59,0.9937452604251,0.0000 /?,2.4950815,66.756096
2026-Mar-12 21:00,-26.756,-10.59,0.9937794541054,0.0000 /?,2.4949361,66.749869
2026-Mar-13 00:00,-26.756,-10.59,0.99381367036532,0.0000 /?,2.4947904,66.743742
2026-Mar-13 03:00,-26.756,-10.59,0.99384790857713,0.0000 /?,2.4946445,66.737716
2026-Mar-13 06:00,-26.755,-10.59,0.99388216811262,0.0000 /?,2.4944984,66.731789
2026-Mar-13 09:00,-26.755,-10.59,0.99391644834329,0.0000 /?,2.494352,66.725963
2026-Mar-13 12:00,-26.755,-10.59,0.9939507486404,0.0000 /?,2.4942053,66.720237
2026-Mar-13 15:00,-26.755,-10.59,0.9939850683752,0.0000 /?,2.4940583,66.714611
2026-Mar-13 18:00,-26.755,-10.59,0.99401940691901,0.0000 /?,2.493911,66.709085
2026-Mar-13 21:00,-26.755,-10.59,0.99405376364342,0.0000 /?,2.4937635,66.703659
2026-Mar-14 00:00,-26.755,-10.59,0.99408813792048,0.0000 /?,2.4936156,66.698333
2026-Mar-14 03:00,-26.755,-10.59,0.99412252912289,0.0000 /?,2.4934673,66.693108
2026-Mar-14 06:00,-26.755,-10.59,0.9941569366242,0.0000 /?,2.4933187,66.687982
2026-Mar-14 09:00,-26.755,-10.59,0.99419135979907,0.0000 /?,2.4931698,66.682957
2026-Mar-14 12:00,-26.755,-10.59,0.99422579802352,0.0000 /?,2.4930205,66.678033
2026-Mar-14 15:00,-26.755,-10.59,0.99426025067516,0.0000 /?,2.4928708,66.673209
2026-Mar-14 18:00,-26.755,-10.59,0.99429471713351,0.0000 /?,2.4927207,66.668485
2026-Mar-14 21:00,-26.754,-10.59,0.99432919678027,0.0000 /?,2.4925702,66.663861
2026-Mar-15 00:00,-26.754,-10.59,0.9943636889997,0.0000 /?,2.4924192,66.659338
2026-Mar-15 03:00,-26.754,-10.59,0.99439819317889,0.0000 /?,2.4922678,66.654915
2026-Mar-15 06:00,-26.754,-10.59,0.99443270870817,0.0000 /?,2.492116,66.650592
2026-Mar-15 09:00,-26.754,-10.59,0.99446723498144,0.0000 /?,2.4919637,66.64637
2026-Mar-15 12:00,-26.754,-10.59,0.99450177139665,0.0000 /?,2.4918109,66.642249
2026-Mar-15 15:00,-26.754,-10.59,0.99453631735612,0.0000 /?,2.4916576,66.638228
2026-Mar-15 18:00,-26.754,-10.59,0.99457087226706,0.0000 /?,2.4915038,66.634308
2026-Mar-15 21:00,-26.754,-10.59,0.99460543554196,0.0000 /?,2.4913494,66.630488
2026-Mar-16 00:00,-26.754,-10.59,0.99464000659911,0.0000 /?,2.4911946,66.626769
2026-Mar-16 03:00,-26.754,-10.59,0.99467458486308,0.0000 /?,2.4910391,66.62315
2026-Mar-16 06:00,-26.754,-10.59,0.99470916976522,0.0000 /?,2.4908831,66.619632
2026-Mar-16 09:00,-26.754,-10.59,0.99474376074417,0.0000 /?,2.4907265,66.616215
2026-Mar-16 12:00,-26.753,-10.59,0.99477835724647,0.0000 /?,2.4905693,66.612898
2026-Mar-16 15:00,-26.753,-10.59,0.99481295872702,0.0000 /?,2.4904115,66.609682
2026-Mar-16 18:00,-26.753,-10.59,0.99484756464973,0.0000 /?,2.490253,66.606567
2026-Mar-16 21:00,-26.753,-10.59,0.99488217448808,0.0000 /?,2.4900939,66.603552
2026-Mar-17 00:00,-26.753,-10.59,0.99491678772569,0.0000 /?,2.4899342,66.600638
2026-Mar-17 03:00,-26.753,-10.59,0.99495140385694,0.0000 /?,2.4897737,66.597825
2026-Mar-17 06:00,-26.753,-10.59,0.99498602238761,0.0000 /?,2.4896126,66.595113
2026-Mar-17 09:00,-26.753,-10.59,0.99502064283543,0.0000 /?,2.4894507,66.592501
2026-Mar-17 12:00,-26.753,-10.59,0.99505526473079,0.0000 /?,2.4892882,66.589991
2026-Mar-17 15:00,-26.753,-10.59,0.99508988761728,0.0000 /?,2.4891249,66.587581
2026-Mar-17 18:00,-26.753,-10.59,0.99512451105239,0.0000 /?,2.4889608,66.585272
2026-Mar-17 21:00,-26.753,-10.59,0.99515913460806,0.0000 /?,2.488796,66.583063
2026-Mar-18 00:00,-26.753,-10.59,0.99519375787137,0.0000 /?,2.4886305,66.580956
2026-Mar-18 03:00,-26.753,-10.59,0.99522838044509,0.0000 /?,2.4884641,66.578949
2026-Mar-18 06:00,-26.752,-10.59,0.99526300194833,0.0000 /?,2.488297,66.577043
2026-Mar-18 09:00,-26.752,-10.59,0.99529762201711,0.0000 /?,2.488129,66.575238
2026-Mar-18 12:00,-26.752,-10.59,0.99533224030493,0.0000 /?,2.4879602,66.573534
2026-Mar-18 15:00,-26.752,-10.59,0.99536685648335,0.0000 /?,2.4877906,66.57193
2026-Mar-18 18:00,-26.752,-10.59,0.99540147024252,0.0000 /?,2.4876202,66.570428
2026-Mar-18 21:00,-26.752,-10.59,0.99543608129168,0.0000 /?,2.4874489,66.569026
2026-Mar-19 00:00,-26.752,-10.59,0.99547068935971,0.0000 /?,2.4872768,66.567724
2026-Mar-19 03:00,-26.752,-10.59,0.99550529419554,0.0000 /?,2.4871038,66.566524
2026-Mar-19 06:00,-26.752,-10.59,0.99553989556861,0.0000 /?,2.48693,66.565424
2026-Mar-19 09:00,-26.752,-10.59,0.99557449326929,0.0000 /?,2.4867553,66.564425
2026-Mar-19 12:00,-26.752,-10.59,0.99560908710923,0.0000 /?,2.4865797,66.563526
2026-Mar-19 15:00,-26.752,-10.59,0.9956436769217,0.0000 /?,2.4864033,66.562728
2026-Mar-19 18:00,-26.752,-10.59,0.99567826256192,0.0000 /?,2.486226,66.562031
2026-Mar-19 21:00,-26.751,-10.59,0.99571284390726,0.0000 /?,2.4860478,66.561434
2026-Mar-20 00:00,-26.751,-10.59,0.99574742085753,0.0000 /?,2.4858687,66.560937
2026-Mar-20 03:00,-26.751,-10.59,0.99578199333509,0.0000 /?,2.4856888,66.560541
2026-Mar-20 06:00,-26.751,-10.59,0.995816561285,0.0000 /?,2.485508,66.560246
2026-Mar-20 09:00,-26.751,-10.59,0.99585112467513,0.0000 /?,2.4853263,66.56005
2026-Mar-20 12:00,-26.751,-10.59,0.99588568349617,0.0000 /?,2.4851437,66.559955
2026-Mar-20 15:00,-26.751,-10.59,0.99592023776162,0.0000 /?,2.4849603,66.55996
2026-Mar-20 18:00,-26.751,-10.59,0.99595478750777,0.0000 /?,2.4847761,66.560065
2026-Mar-20 21:00,-26.751,-10.59,0.99598933279354,0.0000 /?,2.484591,66.56027
2026-Mar-21 00:00,-26.751,-10.59,0.9960238737004,0.0000 /?,2.484405,66.560575
2026-Mar-21 03:00,-26.751,-10.59,0.99605841033212,0.0000 /?,2.4842183,66.560979
2026-Mar-21 06:00,-26.751,-10.59,0.99609294281454,0.0000 /?,2.4840307,66.561484
2026-Mar-21 09:00,-26.751,-10.59,0.99612747129531,0.0000 /?,2.4838423,66.562088
2026-Mar-21 12:00,-26.75,-10.59,0.99616199594352,0.0000 /?,2.4836531,66.562792
2026-Mar-21 15:00,-26.75,-10.59,0.99619651694936,0.0000 /?,2.4834632,66.563596
2026-Mar-21 18:00,-26.75,-10.59,0.99623103452368,0.0000 /?,2.4832724,66.564498
2026-Mar-21 21:00,-26.75,-10.59,0.99626554889754,0.0000 /?,2.483081,66.565501
2026-Mar-22 00:00,-26.75,-10.59,0.99630006032172,0.0000 /?,2.4828888,66.566602
2026-Mar-22 03:00,-26.75,-10.59,0.9963345690662,0.0000 /?,2.4826959,66.567803
2026-Mar-22 06:00,-26.75,-10.59,0.99636907541956,0.0000 /?,2.4825023,66.569102
2026-Mar-22 09:00,-26.75,-10.59,0.99640357968844,0.0000 /?,2.482308,66.570501
2026-Mar-22 12:00,-26.75,-10.59,0.99643808219684,0.0000 /?,2.482113,66.571999
2026-Mar-22 15:00,-26.75,-10.59,0.99647258328555,0.0000 /?,2.4819174,66.573595
2026-Mar-22 18:00,-26.75,-10.59,0.9965070833114,0.0000 /?,2.4817212,66.57529
2026-Mar-22 21:00,-26.75,-10.59,0.9965415826466,0.0000 /?,2.4815244,66.577083
2026-Mar-23 00:00,-26.75,-10.59,0.99657608167799,0.0000 /?,2.4813271,66.578975
2026-Mar-23 03:00,-26.749,-10.59,0.99661058080634,0.0000 /?,2.4811292,66.580966
2026-Mar-23 06:00,-26.749,-10.59,0.99664508044555,0.0000 /?,2.4809307,66.583054
2026-Mar-23 09:00,-26.749,-10.59,0.99667958102191,0.0000 /?,2.4807318,66.585241
2026-Mar-23 12:00,-26.749,-10.59,0.99671408297333,0.0000 /?,2.4805323,66.587525
2026-Mar-23 15:00,-26.749,-10.59,0.99674858674852,0.0000 /?,2.4803325,66.589908
2026-Mar-23 18:00,-26.749,-10.59,0.99678309280624,0.0000 /?,2.4801321,66.592388
2026-Mar-23 21:00,-26.749,-10.59,0.99681760161445,0.0000 /?,2.4799314,66.594967
2026-Mar-24 00:00,-26.749,-10.59,0.99685211364959,0.0000 /?,2.4797303,66.597642
2026-Mar-24 03:00,-26.749,-10.59,0.9968866293957,0.0000 /?,2.4795289,66.600416
2026-Mar-24 06:00,-26.749,-10.59,0.99692114934368,0.0000 /?,2.4793271,66.603286
2026-Mar-24 09:00,-26.749,-10.59,0.99695567399048,0.0000 /?,2.479125,66.606254
2026-Mar-24 12:00,-26.749,-10.59,0.99699020383831,0.0000 /?,2.4789227,66.60932
2026-Mar-24 15:00,-26.749,-10.59,0.99702473939387,0.0000 /?,2.47872,66.612482
2026-Mar-24 18:00,-26.749,-10.59,0.99705928116758,0.0000 /?,2.4785172,66.615742
2026-Mar-24 21:00,-26.748,-10.59,0.9970938296728,0.0000 /?,2.4783142,66.619098
2026-Mar-25 00:00,-26.748,-10.59,0.9971283854251,0.0000 /?,2.478111,66.622551
2026-Mar-25 03:00,-26.748,-10.59,0.99716294894154,0.0000 /?,2.4779076,66.626101
2026-Mar-25 06:00,-26.748,-10.59,0.99719752073988,0.0000 /?,2.4777041,66.629748
2026-Mar-25 09:00,-26.748,-10.59,0.99723210133793,0.0000 /?,2.4775005,66.633491
2026-Mar-25 12:00,-26.748,-10.59,0.99726669125282,0.0000 /?,2.4772969,66.637331
2026-Mar-25 15:00,-26.748,-10.59,0.99730129100035,0.0000 /?,2.4770932,66.641267
2026-Mar-25 18:00,-26.748,-10.59,0.99733590109425,0.0000 /?,2.4768894,66.645299
2026-Mar-25 21:00,-26.748,-10.59,0.99737052204562,0.0000 /?,2.4766857,66.649428
2026-Mar-26 00:00,-26.748,-10.59,0.99740515436222,0.0000 /?,2.476482,66.653653
2026-Mar-26 03:00,-26.748,-10.59,0.9974397985479,0.0000 /?,2.4762784,66.657974
2026-Mar-26 06:00,-26.748,-10.59,0.99747445510195,0.0000 /?,2.4760748,66.662391
2026-Mar-26 09:00,-26.748,-10.59,0.99750912451857,0.0000 /?,2.4758713,66.666903
2026-Mar-26 12:00,-26.747,-10.59,0.99754380728624,0.0000 /?,2.475668,66.671512
2026-Mar-26 15:00,-26.747,-10.59,0.9975785038872,0.0000 /?,2.4754648,66.676217
2026-Mar-26 18:00,-26.747,-10.59,0.99761321479694,0.0000 /?,2.4752617,66.681017
2026-Mar-26 21:00,-26.747,-10.59,0.9976479404836,0.0000 /?,2.4750588,66.685913
2026-Mar-27 00:00,-26.747,-10.59,0.99768268140757,0.0000 /?,2.4748562,66.690905
2026-Mar-27 03:00,-26.747,-10.59,0.99771743802092,0.0000 /?,2.4746538,66.695992
2026-Mar-27 06:00,-26.747,-10.59,0.99775221076696,0.0000 /?,2.4744516,66.701175
2026-Mar-27 09:00,-26.747,-10.59,0.99778700007981,0.0000 /?,2.4742497,66.706453
2026-Mar-27 12:00,-26.747,-10.59,0.99782180638395,0.0000 /?,2.474048,66.711827
2026-Mar-27 15:00,-26.747,-10.59,0.99785663009376,0.0000 /?,2.4738467,66.717296
2026-Mar-27 18:00,-26.747,-10.59,0.9978914716132,0.0000 /?,2.4736457,66.72286
2026-Mar-27 21:00,-26.747,-10.59,0.99792633133533,0.0000 /?,2.4734451,66.728519
2026-Mar-28 00:00,-26.747,-10.59,0.99796120964201,0.0000 /?,2.4732448,66.734274
2026-Mar-28 03:00,-26.746,-10.59,0.99799610690352,0.0000 /?,2.4730449,66.740124
2026-Mar-28 06:00,-26.746,-10.59,0.99803102347821,0.0000 /?,2.4728454,66.746069
2026-Mar-28 09:00,-26.746,-10.59,0.99806595971218,0.0000 /?,2.4726463,66.752109
2026-Mar-28 12:00,-26.746,-10.59,0.99810091593901,0.0000 /?,2.4724476,66.758244
2026-Mar-28 15:00,-26.746,-10.59,0.99813589247939,0.0000 /?,2.4722494,66.764474
2026-Mar-28 18:00,-26.746,-10.59,0.99817088964094,0.0000 /?,2.4720517,66.770799
2026-Mar-28 21:00,-26.746,-10.59,0.99820590771787,0.0000 /?,2.4718544,66.777219
2026-Mar-29 00:00,-26.746,-10.59,0.99824094699077,0.0000 /?,2.4716575,66.783734
2026-Mar-29 03:00,-26.746,-10.59,0.99827600772639,0.0000 /?,2.4714612,66.790344
2026-Mar-29 06:00,-26.746,-10.59,0.9983110901774,0.0000 /?,2.4712654,66.797049
2026-Mar-29 09:00,-26.746,-10.59,0.99834619458223,0.0000 /?,2.4710701,66.803849
2026-Mar-29 12:00,-26.746,-10.59,0.99838132116483,0.0000 /?,2.4708754,66.810743
2026-Mar-29 15:00,-26.746,-10.59,0.99841647013457,0.0000 /?,2.4706812,66.817733
2026-Mar-29 18:00,-26.745,-10.59,0.99845164168606,0.0000 /?,2.4704876,66.824817
2026-Mar-29 21:00,-26.745,-10.59,0.99848683599899,0.0000 /?,2.4702945,66.831996
2026-Mar-30 00:00,-26.745,-10.59,0.99852205323805,0.0000 /?,2.470102,66.839269
2026-Mar-30 03:00,-26.745,-10.59,0.99855729355283,0.0000 /?,2.46991,66.846637
2026-Mar-30 06:00,-26.745,-10.59,0.9985925570777,0.0000 /?,2.4697187,66.854101
2026-Mar-30 09:00,-26.745,-10.59,0.99862784393175,0.0000 /?,2.4695279,66.861658
2026-Mar-30 12:00,-26.745,-10.59,0.99866315421876,0.0000 /?,2.4693378,66.869311
2026-Mar-30 15:00,-26.745,-10.59,0.99869848802713,0.0000 /?,2.4691483,66.877058
2026-Mar-30 18:00,-26.745,-10.59,0.99873384542986,0.0000 /?,2.4689594,66.8849
2026-Mar-30 21:00,-26.745,-10.59,0.99876922648457,0.0000 /?,2.4687711,66.892836
2026-Mar-31 00:00,-26.745,-10.59,0.99880463123345,0.0000 /?,2.4685834,66.900868
2026-Mar-31 03:00,-26.745,-10.59,0.99884005970335,0.0000 /?,2.4683964,66.908993
2026-Mar-31 06:00,-26.745,-10.59,0.99887551190575,0.0000 /?,2.46821,66.917214
2026-Mar-31 09:00,-26.744,-10.59,0.99891098783688,0.0000 /?,2.4680242,66.925529
2026-Mar-31 12:00,-26.744,-10.59,0.99894648747772,0.0000 /?,2.4678391,66.933939
2026-Mar-31 15:00,-26.744,-10.59,0.99898201079412,0.0000 /?,2.4676546,66.942444
2026-Mar-31 18:00,-26.744,-10.59,0.99901755773688,0.0000 /?,2.4674707,66.951043
2026-Mar-31 21:00,-26.744,-10.59,0.99905312824185,0.0000 /?,2.4672875,66.959737
2026-Apr-01 00:00,-26.744,-10.59,0.99908872223008,0.0000 /?,2.467105,66.968525
2026-Apr-01 03:00,-26.744,-10.59,0.99912433960792,0.0000 /?,2.466923,66.977408
2026-Apr-01 06:00,-26.744,-10.59,0.99915998026718,0.0000 /?,2.4667418,66.986386
2026-Apr-01 09:00,-26.744,-10.59,0.99919564408528,0.0000 /?,2.4665611,66.995459
2026-Apr-01 12:00,-26.744,-10.59,0.99923133092544,0.0000 /?,2.4663812,67.004626
2026-Apr-01 15:00,-26.744,-10.59,0.99926704063682,0.0000 /?,2.4662018,67.013888
2026-Apr-01 18:00,-26.744,-10.59,0.99930277305475,0.0000 /?,2.4660231,67.023245
2026-Apr-01 21:00,-26.744,-10.59,0.9993385280009,0.0000 /?,2.465845,67.032696
2026-Apr-02 00:00,-26.743,-10.59,0.99937430528351,0.0000 /?,2.4656676,67.042242
2026-Apr-02 03:00,-26.743,-10.59,0.99941010469758,0.0000 /?,2.4654908,67.051883
2026-Apr-02 06:00,-26.743,-10.59,0.99944592602512,0.0000 /?,2.4653146,67.061619
2026-Apr-02 09:00,-26.743,-10.59,0.99948176903537,0.0000 /?,2.465139,67.071449
2026-Apr-02 12:00,-26.743,-10.59,0.99951763348502,0.0000 /?,2.4649641,67.081374
2026-Apr-02 15:00,-26.743,-10.59,0.99955351911849,0.0000 /?,2.4647898,67.091394
2026-Apr-02 18:00,-26.743,-10.59,0.99958942566815,0.0000 /?,2.464616,67.101508
2026-Apr-02 21:00,-26.743,-10.59,0.9996253528546,0.0000 /?,2.4644429,67.111718
2026-Apr-03 00:00,-26.743,-10.59,0.99966130038687,0.0000 /?,2.4642704,67.122022
2026-Apr-03 03:00,-26.743,-10.59,0.99969726796276,0.0000 /?,2.4640984,67.132421
2026-Apr-03 06:00,-26.743,-10.59,0.99973325526903,0.0000 /?,2.4639271,67.142915
2026-Apr-03 09:00,-26.743,-10.59,0.99976926198169,0.0000 /?,2.4637563,67.153503
2026-Apr-03 12:00,-26.743,-10.59,0.9998052877663,0.0000 /?,2.4635861,67.164187
2026-Apr-03 15:00,-26.742,-10.59,0.99984133227816,0.0000 /?,2.4634165,67.174965
2026-Apr-03 18:00,-26.742,-10.59,0.99987739516264,0.0000 /?,2.4632474,67.185838
2026-Apr-03 21:00,-26.742,-10.59,0.99991347605541,0.0000 /?,2.4630789,67.196806
2026-Apr-04 00:00,-26.742,-10.59,0.99994957458272,0.0000 /?,2.4629109,67.207869
2026-Apr-04 03:00,-26.742,-10.59,0.99998569036164,0.0000 /?,2.4627435,67.219027
2026-Apr-04 06:00,-26.742,-10.59,1.00002182300032,0.0000 /?,2.4625766,67.230279
2026-Apr-04 09:00,-26.742,-10.59,1.00005797209828,0.0000 /?,2.4624102,67.241627
2026-Apr-04 12:00,-26.742,-10.59,1.00009413724659,0.0000 /?,2.4622444,67.253069
2026-Apr-04 15:00,-26.742,-10.59,1.00013031802818,0.0000 /?,2.462079,67.264607
2026-Apr-04 18:00,-26.742,-10.59,1.00016651401806,0.0000 /?,2.4619141,67.276239
2026-Apr-04 21:00,-26.742,-10.59,1.00020272478354,0.0000 /?,2.4617498,67.287967
2026-Apr-05 00:00,-26.742,-10.59,1.00023894988447,0.0000 /?,2.4615859,67.299789
2026-Apr-05 03:00,-26.742,-10.59,1.00027518887347,0.0000 /?,2.4614225,67.311706
2026-Apr-05 06:00,-26.741,-10.59,1.00031144129615,0.0000 /?,2.4612596,67.323718
2026-Apr-05 09:00,-26.741,-10.59,1.00034770669131,0.0000 /?,2.4610971,67.335826
2026-Apr-05 12:00,-26.741,-10.59,1.00038398459115,0.0000 /?,2.4609351,67.348028
2026-Apr-05 15:00,-26.741,-10.59,1.00042027452147,0.0000 /?,2.4607735,67.360325
2026-Apr-05 18:00,-26.741,-10.59,1.00045657600183,0.0000 /?,2.4606123,67.372717
2026-Apr-05 21:00,-26.741,-10.59,1.00049288854581,0.0000 /?,2.4604516,67.385205
2026-Apr-06 00:00,-26.741,-10.59,1.00052921166108,0.0000 /?,2.4602913,67.397787
2026-Apr-06 03:00,-26.741,-10.59,1.00056554484966,0.0000 /?,2.4601315,67.410464
2026-Apr-06 06:00,-26.741,-10.59,1.000601887608,0.0000 /?,2.459972,67.423237
2026-Apr-06 09:00,-26.741,-10.59,1.00063823942722,0.0000 /?,2.4598129,67.436104
2026-Apr-06 12:00,-26.741,-10.59,1.00067459979315,0.0000 /?,2.4596542,67.449067
2026-Apr-06 15:00,-26.741,-10.59,1.00071096818655,0.0000 /?,2.4594959,67.462124
2026-Apr-06 18:00,-26.741,-10.59,1.00074734408321,0.0000 /?,2.4593379,67.475277
2026-Apr-06 21:00,-26.74,-10.59,1.00078372695403,0.0000 /?,2.4591803,67.488525
2026-Apr-07 00:00,-26.74,-10.59,1.00082011626521,0.0000 /?,2.4590231,67.501867
2026-Apr-07 03:00,-26.74,-10.59,1.00085651147826,0.0000 /?,2.4588662,67.515305
2026-Apr-07 06:00,-26.74,-10.59,1.00089291205019,0.0000 /?,2.4587097,67.528838
2026-Apr-07 09:00,-26.74,-10.59,1.00092931743353,0.0000 /?,2.4585535,67.542466
2026-Apr-07 12:00,-26.74,-10.59,1.00096572707645,0.0000 /?,2.4583976,67.556189
2026-Apr-07 15:00,-26.74,-10.59,1.00100214042281,0.0000 /?,2.458242,67.570008
2026-Apr-07 18:00,-26.74,-10.59,1.00103855691224,0.0000 /?,2.4580867,67.583921
2026-Apr-07 21:00,-26.74,-10.59,1.00107497598021,0.0000 /?,2.4579317,67.59793
2026-Apr-08 00:00,-26.74,-10.59,1.00111139705809,0.0000 /?,2.4577771,67.612033
2026-Apr-08 03:00,-26.74,-10.59,1.00114781957316,0.0000 /?,2.4576227,67.626232
2026-Apr-08 06:00,-26.74,-10.59,1.0011842429487,0.0000 /?,2.4574685,67.640526
2026-Apr-08 09:00,-26.739,-10.59,1.00122066660402,0.0000 /?,2.4573147,67.654915
2026-Apr-08 12:00,-26.739,-10.59,1.00125708995448,0.0000 /?,2.457161,67.669399
2026-Apr-08 15:00,-26.739,-10.59,1.00129351241155,0.0000 /?,2.4570077,67.683979
2026-Apr-08 18:00,-26.739,-10.59,1.00132993338279,0.0000 /?,2.4568546,67.698653
2026-Apr-08 21:00,-26.739,-10.59,1.00136635227195,0.0000 /?,2.4567017,67.713423
2026-Apr-09 00:00,-26.739,-10.59,1.0014027684789,0.0000 /?,2.456549,67.728288
2026-Apr-09 03:00,-26.739,-10.59,1.00143918139974,0.0000 /?,2.4563965,67.743248
2026-Apr-09 06:00,-26.739,-10.59,1.00147559042677,0.0000 /?,2.4562443,67.758303
2026-Apr-09 09:00,-26.739,-10.59,1.00151199494851,0.0000 /?,2.4560922,67.773453
2026-Apr-09 12:00,-26.739,-10.59,1.00154839434974,0.0000 /?,2.4559404,67.788699
2026-Apr-09 15:00,-26.739,-10.59,1.0015847880115,0.0000 /?,2.4557887,67.80404
2026-Apr-09 18:00,-26.739,-10.59,1.00162117531114,0.0000 /?,2.4556371,67.819476
2026-Apr-09 21:00,-26.739,-10.59,1.00165755562229,0.0000 /?,2.4554858,67.835007
2026-Apr-10 00:00,-26.738,-10.59,1.00169392831496,0.0000 /?,2.4553346,67.850633
2026-Apr-10 03:00,-26.738,-10.59,1.00173029275548,0.0000 /?,2.4551835,67.866354
2026-Apr-10 06:00,-26.738,-10.59,1.00176664830664,0.0000 /?,2.4550326,67.882171
2026-Apr-10 09:00,-26.738,-10.59,1.00180299432761,0.0000 /?,2.4548817,67.898083
2026-Apr-10 12:00,-26.738,-10.59,1.00183933017411,0.0000 /?,2.454731,67.91409
2026-Apr-10 15:00,-26.738,-10.59,1.00187565519835,0.0000 /?,2.4545804,67.930193
2026-Apr-10 18:00,-26.738,-10.59,1.00191196874916,0.0000 /?,2.4544299,67.94639
2026-Apr-10 21:00,-26.738,-10.59,1.00194827017206,0.0000 /?,2.4542794,67.962683
2026-Apr-11 00:00,-26.738,-10.59,1.00198455880928,0.0000 /?,2.454129,67.979071
2026-Apr-11 03:00,-26.738,-10.59,1.0020208339999,0.0000 /?,2.4539787,67.995554
2026-Apr-11 06:00,-26.738,-10.59,1.00205709507998,0.0000 /?,2.4538284,68.012133
2026-Apr-11 09:00,-26.738,-10.59,1.00209334138257,0.0000 /?,2.4536782,68.028806
2026-Apr-11 12:00,-26.738,-10.59,1.00212957223795,0.0000 /?,2.4535279,68.045575
2026-Apr-11 15:00,-26.737,-10.59,1.00216578697372,0.0000 /?,2.4533777,68.06244
2026-Apr-11 18:00,-26.737,-10.59,1.00220198491494,0.0000 /?,2.4532274,68.079399
2026-Apr-11 21:00,-26.737,-10.59,1.00223816538437,0.0000 /?,2.4530772,68.096454
2026-Apr-12 00:00,-26.737,-10.59,1.00227432770259,0.0000 /?,2.4529269,68.113604
2026-Apr-12 03:00,-26.737,-10.59,1.00231047118827,0.0000 /?,2.4527765,68.130849
2026-Apr-12 06:00,-26.737,-10.59,1.00234659515837,0.0000 /?,2.4526261,68.14819
2026-Apr-12 09:00,-26.737,-10.59,1.00238269892842,0.0000 /?,2.4524756,68.165626
2026-Apr-12 12:00,-26.737,-10.59,1.00241878181278,0.0000 /?,2.452325,68.183157
2026-Apr-12 15:00,-26.737,-10.59,1.00245484312492,0.0000 /?,2.4521743,68.200783
2026-Apr-12 18:00,-26.737,-10.59,1.00249088217779,0.0000 /?,2.4520234,68.218505
2026-Apr-12 21:00,-26.737,-10.59,1.00252689828412,0.0000 /?,2.4518725,68.236322
2026-Apr-13 00:00,-26.737,-10.59,1.00256289075682,0.0000 /?,2.4517213,68.254235
2026-Apr-13 03:00,-26.736,-10.59,1.00259885890938,0.0000 /?,2.45157,68.272242
2026-Apr-13 06:00,-26.736,-10.59,1.00263480205628,0.0000 /?,2.4514185,68.290345
2026-Apr-13 09:00,-26.736,-10.59,1.00267071951344,0.0000 /?,2.4512668,68.308543
2026-Apr-13 12:00,-26.736,-10.59,1.00270661059872,0.0000 /?,2.4511149,68.326837
2026-Apr-13 15:00,-26.736,-10.59,1.0027424746324,0.0000 /?,2.4509627,68.345226
2026-Apr-13 18:00,-26.736,-10.59,1.00277831093775,0.0000 /?,2.4508103,68.36371
2026-Apr-13 21:00,-26.736,-10.59,1.00281411884155,0.0000 /?,2.4506575,68.382289
2026-Apr-14 00:00,-26.736,-10.59,1.00284989767471,0.0000 /?,2.4505045,68.400963
2026-Apr-14 03:00,-26.736,-10.59,1.00288564677289,0.0000 /?,2.4503511,68.419733
2026-Apr-14 06:00,-26.736,-10.59,1.00292136547713,0.0000 /?,2.4501974,68.438598
2026-Apr-14 09:00,-26.736,-10.59,1.00295705313451,0.0000 /?,2.4500434,68.457559
2026-Apr-14 12:00,-26.736,-10.59,1.00299270909887,0.0000 /?,2.4498889,68.476614
2026-Apr-14 15:00,-26.736,-10.59,1.00302833273153,0.0000 /?,2.4497341,68.495765
2026-Apr-14 18:00,-26.735,-10.59,1.003063923402,0.0000 /?,2.4495789,68.515011
2026-Apr-14 21:00,-26.735,-10.59,1.00309948048879,0.0000 /?,2.4494232,68.534352
2026-Apr-15 00:00,-26.735,-10.59,1.00313500338016,0.0000 /?,2.449267,68.553788
2026-Apr-15 03:00,-26.735,-10.59,1.00317049147492,0.0000 /?,2.4491104,68.573319
2026-Apr-15 06:00,-26.735,-10.59,1.00320594418328,0.0000 /?,2.4489533,68.592945
2026-Apr-15 09:00,-26.735,-10.59,1.00324136092764,0.0000 /?,2.4487956,68.612667
2026-Apr-15 12:00,-26.735,-10.59,1.00327674114344,0.0000 /?,2.4486375,68.632483
2026-Apr-15 15:00,-26.735,-10.59,1.00331208428001,0.0000 /?,2.4484788,68.652394
2026-Apr-15 18:00,-26.735,-10.59,1.00334738980145,0.0000 /?,2.4483195,68.672401
2026-Apr-15 21:00,-26.735,-10.59,1.00338265718743,0.0000 /?,2.4481596,68.692502
2026-Apr-16 00:00,-26.735,-10.59,1.00341788593405,0.0000 /?,2.4479991,68.712697
2026-Apr-16 03:00,-26.735,-10.59,1.00345307555472,0.0000 /?,2.447838,68.732988
2026-Apr-16 06:00,-26.735,-10.59,1.00348822558096,0.0000 /?,2.4476763,68.753373
2026-Apr-16 09:00,-26.734,-10.59,1.00352333556322,0.0000 /?,2.4475139,68.773853
2026-Apr-16 12:00,-26.734,-10.59,1.0035584050717,0.0000 /?,2.4473508,68.794428
2026-Apr-16 15:00,-26.734,-10.59,1.0035934336971,0.0000 /?,2.4471871,68.815097
2026-Apr-16 18:00,-26.734,-10.59,1.00362842105141,0.0000 /?,2.4470227,68.83586
2026-Apr-16 21:00,-26.734,-10.59,1.0036633667686,0.0000 /?,2.4468575,68.856718
2026-Apr-17 00:00,-26.734,-10.59,1.00369827050533,0.0000 /?,2.4466917,68.87767
2026-Apr-17 03:00,-26.734,-10.59,1.00373313194159,0.0000 /?,2.4465251,68.898716
2026-Apr-17 06:00,-26.734,-10.59,1.00376795078132,0.0000 /?,2.4463578,68.919856
2026-Apr-17 09:00,-26.734,-10.59,1.00380272675296,0.0000 /?,2.4461897,68.94109
2026-Apr-17 12:00,-26.734,-10.59,1.00383745960997,0.0000 /?,2.4460209,68.962418
2026-Apr-17 15:00,-26.734,-10.59,1.00387214913129,0.0000 /?,2.4458514,68.98384
2026-Apr-17 18:00,-26.734,-10.59,1.00390679512177,0.0000 /?,2.445681,69.005355
2026-Apr-17 21:00,-26.734,-10.59,1.00394139741246,0.0000 /?,2.4455099,69.026964
2026-Apr-18 00:00,-26.734,-10.59,1.00397595586096,0.0000 /?,2.4453381,69.048666
2026-Apr-18 03:00,-26.733,-10.59,1.00401047035162,0.0000 /?,2.4451655,69.070462
2026-Apr-18 06:00,-26.733,-10.59,1.00404494079566,0.0000 /?,2.4449921,69.092351
2026-Apr-18 09:00,-26.733,-10.59,1.00407936713133,0.0000 /?,2.444818,69.114332
2026-Apr-18 12:00,-26.733,-10.59,1.00411374932389,0.0000 /?,2.4446431,69.136407
2026-Apr-18 15:00,-26.733,-10.59,1.00414808736557,0.0000 /?,2.4444675,69.158575
2026-Apr-18 18:00,-26.733,-10.59,1.00418238127547,0.0000 /?,2.4442911,69.180835
2026-Apr-18 21:00,-26.733,-10.59,1.00421663109938,0.0000 /?,2.4441139,69.203187
2026-Apr-19 00:00,-26.733,-10.59,1.00425083690954,0.0000 /?,2.4439361,69.225632
2026-Apr-19 03:00,-26.733,-10.59,1.0042849988043,0.0000 /?,2.4437575,69.24817
2026-Apr-19 06:00,-26.733,-10.59,1.00431911690777,0.0000 /?,2.4435783,69.270799
2026-Apr-19 09:00,-26.733,-10.59,1.00435319136938,0.0000 /?,2.4433983,69.29352
2026-Apr-19 12:00,-26.733,-10.59,1.00438722236335,0.0000 /?,2.4432177,69.316333
2026-Apr-19 15:00,-26.733,-10.59,1.00442121008818,0.0000 /?,2.4430364,69.339237
2026-Apr-19 18:00,-26.732,-10.59,1.00445515476597,0.0000 /?,2.4428544,69.362233
2026-Apr-19 21:00,-26.732,-10.59,1.00448905664185,0.0000 /?,2.4426719,69.385321
2026-Apr-20 00:00,-26.732,-10.59,1.00452291598315,0.0000 /?,2.4424887,69.408499
2026-Apr-20 03:00,-26.732,-10.59,1.00455673307874,0.0000 /?,2.4423049,69.431769
2026-Apr-20 06:00,-26.732,-10.59,1.00459050823819,0.0000 /?,2.4421206,69.455129
2026-Apr-20 09:00,-26.732,-10.59,1.00462424179092,0.0000 /?,2.4419357,69.47858
2026-Apr-20 12:00,-26.732,-10.59,1.00465793408536,0.0000 /?,2.4417503,69.502122
2026-Apr-20 15:00,-26.732,-10.59,1.00469158548804,0.0000 /?,2.4415644,69.525754
2026-Apr-20 18:00,-26.732,-10.59,1.00472519638263,0.0000 /?,2.441378,69.549477
2026-Apr-20 21:00,-26.732,-10.59,1.00475876716909,0.0000 /?,2.4411912,69.57329
2026-Apr-21 00:00,-26.732,-10.59,1.0047922982626,0.0000 /?,2.4410039,69.597192
2026-Apr-21 03:00,-26.732,-10.59,1.00482579009268,0.0000 /?,2.4408163,69.621185
2026-Apr-21 06:00,-26.732,-10.59,1.00485924310212,0.0000 /?,2.4406283,69.645267
2026-Apr-21 09:00,-26.732,-10.59,1.0048926577461,0.0000 /?,2.4404399,69.669439
2026-Apr-21 12:00,-26.731,-10.59,1.00492603449111,0.0000 /?,2.4402512,69.6937
2026-Apr-21 15:00,-26.731,-10.59,1.004959373814,0.0000 /?,2.4400622,69.718051
2026-Apr-21 18:00,-26.731,-10.59,1.00499267620104,0.0000 /?,2.4398729,69.74249
2026-Apr-21 21:00,-26.731,-10.59,1.00502594214689,0.0000 /?,2.4396834,69.767019
2026-Apr-22 00:00,-26.731,-10.59,1.00505917215367,0.0000 /?,2.4394937,69.791637
2026-Apr-22 03:00,-26.731,-10.59,1.00509236673003,0.0000 /?,2.4393037,69.816344
2026-Apr-22 06:00,-26.731,-10.59,1.00512552639021,0.0000 /?,2.4391137,69.841139
2026-Apr-22 09:00,-26.731,-10.59,1.00515865165314,0.0000 /?,2.4389235,69.866023
2026-Apr-22 12:00,-26.731,-10.59,1.00519174304154,0.0000 /?,2.4387332,69.890996
2026-Apr-22 15:00,-26.731,-10.59,1.00522480108108,0.0000 /?,2.4385428,69.916057
2026-Apr-22 18:00,-26.731,-10.59,1.00525782629953,0.0000 /?,2.4383523,69.941206
2026-Apr-22 21:00,-26.731,-10.59,1.00529081922595,0.0000 /?,2.4381618,69.966443
2026-Apr-23 00:00,-26.731,-10.59,1.0053237803899,0.0000 /?,2.4379714,69.991769
2026-Apr-23 03:00,-26.731,-10.59,1.00535671032069,0.0000 /?,2.4377809,70.017182
2026-Apr-23 06:00,-26.73,-10.59,1.00538960954663,0.0000 /?,2.4375905,70.042683
2026-Apr-23 09:00,-26.73,-10.59,1.00542247859436,0.0000 /?,2.4374002,70.068272
2026-Apr-23 12:00,-26.73,-10.59,1.00545531798815,0.0000 /?,2.4372099,70.093949
2026-Apr-23 15:00,-26.73,-10.59,1.00548812824927,0.0000 /?,2.4370198,70.119713
2026-Apr-23 18:00,-26.73,-10.59,1.00552090989535,0.0000 /?,2.4368299,70.145565
2026-Apr-23 21:00,-26.73,-10.59,1.00555366343984,0.0000 /?,2.4366401,70.171504
2026-Apr-24 00:00,-26.73,-10.59,1.00558638939139,0.0000 /?,2.4364505,70.197531
2026-Apr-24 03:00,-26.73,-10.59,1.00561908825339,0.0000 /?,2.4362611,70.223645
2026-Apr-24 06:00,-26.73,-10.59,1.00565176052338,0.0000 /?,2.4360719,70.249846
2026-Apr-24 09:00,-26.73,-10.59,1.00568440669267,0.0000 /?,2.4358831,70.276134
2026-Apr-24 12:00,-26.73,-10.59,1.00571702724579,0.0000 /?,2.4356944,70.302509
2026-Apr-24 15:00,-26.73,-10.59,1.00574962266015,0.0000 /?,2.4355061,70.328972
2026-Apr-24 18:00,-26.73,-10.59,1.00578219340558,0.0000 /?,2.4353181,70.355521
2026-Apr-24 21:00,-26.73,-10.59,1.00581473994399,0.0000 /?,2.4351305,70.382157
2026-Apr-25 00:00,-26.729,-10.59,1.00584726272898,0.0000 /?,2.4349432,70.408879
2026-Apr-25 03:00,-26.729,-10.59,1.00587976220552,0.0000 /?,2.4347563,70.435689
2026-Apr-25 06:00,-26.729,-10.59,1.00591223880968,0.0000 /?,2.4345697,70.462585
2026-Apr-25 09:00,-26.729,-10.59,1.00594469296825,0.0000 /?,2.4343836,70.489568
2026-Apr-25 12:00,-26.729,-10.59,1.00597712509856,0.0000 /?,2.4341979,70.516637
2026-Apr-25 15:00,-26.729,-10.59,1.00600953560814,0.0000 /?,2.4340127,70.543793
2026-Apr-25 18:00,-26.729,-10.59,1.00604192489457,0.0000 /?,2.4338279,70.571035
2026-Apr-25 21:00,-26.729,-10.59,1.00607429334518,0.0000 /?,2.4336436,70.598364
2026-Apr-26 00:00,-26.729,-10.59,1.00610664133689,0.0000 /?,2.4334598,70.625778
2026-Apr-26 03:00,-26.729,-10.59,1.006138969236,0.0000 /?,2.4332765,70.653279
2026-Apr-26 06:00,-26.729,-10.59,1.00617127739804,0.0000 /?,2.4330937,70.680867
2026-Apr-26 09:00,-26.729,-10.59,1.00620356616757,0.0000 /?,2.4329114,70.70854
2026-Apr-26 12:00,-26.729,-10.59,1.00623583587806,0.0000 /?,2.4327297,70.7363
2026-Apr-26 15:00,-26.729,-10.59,1.00626808685175,0.0000 /?,2.4325485,70.764146
2026-Apr-26 18:00,-26.728,-10.59,1.00630031939949,0.0000 /?,2.4323679,70.792077
2026-Apr-26 21:00,-26.728,-10.59,1.00633253382067,0.0000 /?,2.4321879,70.820095
2026-Apr-27 00:00,-26.728,-10.59,1.00636473040309,0.0000 /?,2.4320085,70.848198
2026-Apr-27 03:00,-26.728,-10.59,1.00639690942287,0.0000 /?,2.4318297,70.876388
2026-Apr-27 06:00,-26.728,-10.59,1.00642907114435,0.0000 /?,2.4316515,70.904663
2026-Apr-27 09:00,-26.728,-10.59,1.00646121582005,0.0000 /?,2.4314739,70.933024
2026-Apr-27 12:00,-26.728,-10.59,1.00649334369055,0.0000 /?,2.431297,70.961471
2026-Apr-27 15:00,-26.728,-10.59,1.00652545498447,0.0000 /?,2.4311206,70.990003
2026-Apr-27 18:00,-26.728,-10.59,1.00655754991841,0.0000 /?,2.430945,71.018621
2026-Apr-27 21:00,-26.728,-10.59,1.00658962869688,0.0000 /?,2.43077,71.047325
2026-Apr-28 00:00,-26.728,-10.59,1.00662169151229,0.0000 /?,2.4305957,71.076114
2026-Apr-28 03:00,-26.728,-10.59,1.00665373854491,0.0000 /?,2.430422,71.104989
2026-Apr-28 06:00,-26.728,-10.59,1.00668576996283,0.0000 /?,2.4302491,71.133949
2026-Apr-28 09:00,-26.728,-10.59,1.00671778592198,0.0000 /?,2.4300768,71.162995
2026-Apr-28 12:00,-26.728,-10.59,1.00674978656606,0.0000 /?,2.4299052,71.192126
2026-Apr-28 15:00,-26.727,-10.59,1.00678177202659,0.0000 /?,2.4297343,71.221343
2026-Apr-28 18:00,-26.727,-10.59,1.0068137424229,0.0000 /?,2.4295641,71.250645
2026-Apr-28 21:00,-26.727,-10.59,1.00684569786211,0.0000 /?,2.4293947,71.280032
2026-Apr-29 00:00,-26.727,-10.59,1.00687763843915,0.0000 /?,2.4292259,71.309504
2026-Apr-29 03:00,-26.727,-10.59,1.00690956423681,0.0000 /?,2.4290579,71.339061
2026-Apr-29 06:00,-26.727,-10.59,1.00694147532574,0.0000 /?,2.4288906,71.368704
2026-Apr-29 09:00,-26.727,-10.59,1.00697337176445,0.0000 /?,2.428724,71.398432
2026-Apr-29 12:00,-26.727,-10.59,1.00700525359942,0.0000 /?,2.4285582,71.428245
2026-Apr-29 15:00,-26.727,-10.59,1.00703712086507,0.0000 /?,2.4283931,71.458143
2026-Apr-29 18:00,-26.727,-10.59,1.00706897358385,0.0000 /?,2.4282288,71.488125
2026-Apr-29 21:00,-26.727,-10.59,1.00710081176625,0.0000 /?,2.4280651,71.518193
2026-Apr-30 00:00,-26.727,-10.59,1.00713263541091,0.0000 /?,2.4279023,71.548346
2026-Apr-30 03:00,-26.727,-10.59,1.00716444450463,0.0000 /?,2.4277401,71.578584
2026-Apr-30 06:00,-26.727,-10.59,1.00719623902248,0.0000 /?,2.4275788,71.608906
2026-Apr-30 09:00,-26.726,-10.59,1.00722801892785,0.0000 /?,2.4274181,71.639313
2026-Apr-30 12:00,-26.726,-10.59,1.00725978417251,0.0000 /?,2.4272583,71.669805
2026-Apr-30 15:00,-26.726,-10.59,1.00729153469674,0.0000 /?,2.4270991,71.700382
2026-Apr-30 18:00,-26.726,-10.59,1.00732327042935,0.0000 /?,2.4269408,71.731043
2026-Apr-30 21:00,-26.726,-10.59,1.00735499128783,0.0000 /?,2.4267831,71.761789
2026-May-01 00:00,-26.726,-10.59,1.00738669717841,0.0000 /?,2.4266263,71.792619
2026-May-01 03:00,-26.726,-10.59,1.0074183879962,0.0000 /?,2.4264701,71.823534
2026-May-01 06:00,-26.726,-10.59,1.00745006362521,0.0000 /?,2.4263148,71.854534
2026-May-01 09:00,-26.726,-10.59,1.00748172393855,0.0000 /?,2.4261601,71.885618
2026-May-01 12:00,-26.726,-10.59,1.00751336879849,0.0000 /?,2.4260063,71.916786
2026-May-01 15:00,-26.726,-10.59,1.00754499805657,0.0000 /?,2.4258531,71.948039
2026-May-01 18:00,-26.726,-10.59,1.00757661155375,0.0000 /?,2.4257008,71.979376
2026-May-01 21:00,-26.726,-10.59,1.00760820912049,0.0000 /?,2.4255491,72.010797
2026-May-02 00:00,-26.726,-10.59,1.00763979057691,0.0000 /?,2.4253982,72.042302
2026-May-02 03:00,-26.726,-10.59,1.00767135573288,0.0000 /?,2.4252481,72.073892
2026-May-02 06:00,-26.725,-10.59,1.00770290438817,0.0000 /?,2.4250987,72.105566
2026-May-02 09:00,-26.725,-10.59,1.00773443633257,0.0000 /?,2.42495,72.137323
2026-May-02 12:00,-26.725,-10.59,1.00776595134604,0.0000 /?,2.424802,72.169165
2026-May-02 15:00,-26.725,-10.59,1.00779744919881,0.0000 /?,2.4246548,72.201091
2026-May-02 18:00,-26.725,-10.59,1.00782892965153,0.0000 /?,2.4245083,72.233101
2026-May-02 21:00,-26.725,-10.59,1.0078603924554,0.0000 /?,2.4243625,72.265194
2026-May-03 00:00,-26.725,-10.59,1.00789183735231,0.0000 /?,2.4242174,72.297372
2026-May-03 03:00,-26.725,-10.59,1.00792326407498,0.0000 /?,2.4240731,72.329633
2026-May-03 06:00,-26.725,-10.59,1.00795467234708,0.0000 /?,2.4239294,72.361977
2026-May-03 09:00,-26.725,-10.59,1.00798606188336,0.0000 /?,2.4237865,72.394406
2026-May-03 12:00,-26.725,-10.59,1.0080174323898,0.0000 /?,2.4236442,72.426918
2026-May-03 15:00,-26.725,-10.59,1.00804878356376,0.0000 /?,2.4235027,72.459514
2026-May-03 18:00,-26.725,-10.59,1.00808011509404,0.0000 /?,2.4233618,72.492193
2026-May-03 21:00,-26.725,-10.59,1.00811142666111,0.0000 /?,2.4232216,72.524955
2026-May-04 00:00,-26.725,-10.59,1.00814271793713,0.0000 /?,2.4230821,72.557801
2026-May-04 03:00,-26.724,-10.59,1.00817398858618,0.0000 /?,2.4229433,72.590731
2026-May-04 06:00,-26.724,-10.59,1.00820523826431,0.0000 /?,2.4228052,72.623743
2026-May-04 09:00,-26.724,-10.59,1.00823646661967,0.0000 /?,2.4226677,72.656839
2026-May-04 12:00,-26.724,-10.59,1.00826767329267,0.0000 /?,2.4225309,72.690018
2026-May-04 15:00,-26.724,-10.59,1.00829885791606,0.0000 /?,2.4223947,72.72328
2026-May-04 18:00,-26.724,-10.59,1.00833002011503,0.0000 /?,2.4222592,72.756625
2026-May-04 21:00,-26.724,-10.59,1.00836115950736,0.0000 /?,2.4221243,72.790053
2026-May-05 00:00,-26.724,-10.59,1.00839227570347,0.0000 /?,2.4219901,72.823564
2026-May-05 03:00,-26.724,-10.59,1.00842336830658,0.0000 /?,2.4218565,72.857157
2026-May-05 06:00,-26.724,-10.59,1.00845443691274,0.0000 /?,2.4217235,72.890834
2026-May-05 09:00,-26.724,-10.59,1.008485481111,0.0000 /?,2.4215912,72.924593
2026-May-05 12:00,-26.724,-10.59,1.00851650048341,0.0000 /?,2.4214594,72.958435
2026-May-05 15:00,-26.724,-10.59,1.00854749460517,0.0000 /?,2.4213283,72.99236
2026-May-05 18:00,-26.724,-10.59,1.00857846304468,0.0000 /?,2.4211978,73.026366
2026-May-05 21:00,-26.724,-10.59,1.00860940536362,0.0000 /?,2.4210678,73.060456
2026-May-06 00:00,-26.723,-10.59,1.00864032111701,0.0000 /?,2.4209385,73.094628
2026-May-06 03:00,-26.723,-10.59,1.00867120985328,0.0000 /?,2.4208097,73.128882
2026-May-06 06:00,-26.723,-10.59,1.00870207111434,0.0000 /?,2.4206815,73.163218
2026-May-06 09:00,-26.723,-10.59,1.00873290443561,0.0000 /?,2.4205539,73.197637
2026-May-06 12:00,-26.723,-10.59,1.00876370934611,0.0000 /?,2.4204269,73.232137
2026-May-06 15:00,-26.723,-10.59,1.00879448536845,0.0000 /?,2.4203004,73.26672
2026-May-06 18:00,-26.723,-10.59,1.00882523201891,0.0000 /?,2.4201744,73.301384
2026-May-06 21:00,-26.723,-10.59,1.00885594880749,0.0000 /?,2.420049,73.336131
2026-May-07 00:00,-26.723,-10.59,1.0088866352379,0.0000 /?,2.4199242,73.370959
2026-May-07 03:00,-26.723,-10.59,1.00891729080761,0.0000 /?,2.4197998,73.405869
2026-May-07 06:00,-26.723,-10.59,1.00894791500788,0.0000 /?,2.419676,73.440861
2026-May-07 09:00,-26.723,-10.59,1.00897850732379,0.0000 /?,2.4195527,73.475934
2026-May-07 12:00,-26.723,-10.59,1.00900906723423,0.0000 /?,2.4194299,73.511089
2026-May-07 15:00,-26.723,-10.59,1.00903959421193,0.0000 /?,2.4193076,73.546325
2026-May-07 18:00,-26.723,-10.59,1.00907008772349,0.0000 /?,2.4191858,73.581642
2026-May-07 21:00,-26.722,-10.59,1.00910054722936,0.0000 /?,2.4190644,73.617041
2026-May-08 00:00,-26.722,-10.59,1.00913097218388,0.0000 /?,2.4189436,73.652521
2026-May-08 03:00,-26.722,-10.59,1.00916136203526,0.0000 /?,2.4188232,73.688082
2026-May-08 06:00,-26.722,-10.59,1.00919171622562,0.0000 /?,2.4187033,73.723724
2026-May-08 09:00,-26.722,-10.59,1.00922203419096,0.0000 /?,2.4185838,73.759447
2026-May-08 12:00,-26.722,-10.59,1.00925231536121,0.0000 /?,2.4184647,73.795251
2026-May-08 15:00,-26.722,-10.59,1.00928255916019,0.0000 /?,2.4183461,73.831136
2026-May-08 18:00,-26.722,-10.59,1.00931276500568,0.0000 /?,2.4182279,73.867102
2026-May-08 21:00,-26.722,-10.59,1.00934293230938,0.0000 /?,2.4181101,73.903148
2026-May-09 00:00,-26.722,-10.59,1.00937306047696,0.0000 /?,2.4179927,73.939274
2026-May-09 03:00,-26.722,-10.59,1.00940314890806,0.0000 /?,2.4178758,73.975481
2026-May-09 06:00,-26.722,-10.59,1.00943319699635,0.0000 /?,2.4177592,74.011769
2026-May-09 09:00,-26.722,-10.59,1.0094632041295,0.0000 /?,2.4176429,74.048137
2026-May-09 12:00,-26.722,-10.59,1.0094931696893,0.0000 /?,2.417527,74.084585
2026-May-09 15:00,-26.722,-10.59,1.00952309305163,0.0000 /?,2.4174115,74.121113
2026-May-09 18:00,-26.721,-10.59,1.00955297358657,0.0000 /?,2.4172963,74.157721
2026-May-09 21:00,-26.721,-10.59,1.00958281065842,0.0000 /?,2.4171815,74.194409
2026-May-10 00:00,-26.721,-10.59,1.00961260362583,0.0000 /?,2.4170669,74.231176
2026-May-10 03:00,-26.721,-10.59,1.00964235184183,0.0000 /?,2.4169527,74.268024
2026-May-10 06:00,-26.721,-10.59,1.00967205465396,0.0000 /?,2.4168387,74.304951
2026-May-10 09:00,-26.721,-10.59,1.00970171140441,0.0000 /?,2.4167251,74.341958
2026-May-10 12:00,-26.721,-10.59,1.0097313214301,0.0000 /?,2.4166116,74.379044
2026-May-10 15:00,-26.721,-10.59,1.00976088406285,0.0000 /?,2.4164985,74.41621
2026-May-10 18:00,-26.721,-10.59,1.00979039862957,0.0000 /?,2.4163855,74.453455
2026-May-10 21:00,-26.721,-10.59,1.00981986445243,0.0000 /?,2.4162728,74.490779
2026-May-11 00:00,-26.721,-10.59,1.00984928084903,0.0000 /?,2.4161603,74.528182
2026-May-11 03:00,-26.721,-10.59,1.0098786471327,0.0000 /?,2.416048,74.565664
2026-May-11 06:00,-26.721,-10.59,1.00990796261269,0.0000 /?,2.4159358,74.603226
2026-May-11 09:00,-26.721,-10.59,1.00993722659451,0.0000 /?,2.4158238,74.640865
2026-May-11 12:00,-26.721,-10.59,1.00996643838016,0.0000 /?,2.4157119,74.678584
2026-May-11 15:00,-26.721,-10.59,1.00999559726852,0.0000 /?,2.4156002,74.716381
2026-May-11 18:00,-26.72,-10.59,1.01002470255569,0.0000 /?,2.4154886,74.754256
2026-May-11 21:00,-26.72,-10.59,1.01005375353538,0.0000 /?,2.415377,74.79221
2026-May-12 00:00,-26.72,-10.59,1.01008274949934,0.0000 /?,2.4152655,74.830242
2026-May-12 03:00,-26.72,-10.59,1.01011168973778,0.0000 /?,2.415154,74.868352
2026-May-12 06:00,-26.72,-10.59,1.01014057353992,0.0000 /?,2.4150426,74.90654
2026-May-12 09:00,-26.72,-10.59,1.01016940019443,0.0000 /?,2.4149312,74.944806
2026-May-12 12:00,-26.72,-10.59,1.01019816899005,0.0000 /?,2.4148197,74.98315
2026-May-12 15:00,-26.72,-10.59,1.01022687921614,0.0000 /?,2.4147083,75.021571
2026-May-12 18:00,-26.72,-10.59,1.01025553016332,0.0000 /?,2.4145967,75.06007
2026-May-12 21:00,-26.72,-10.59,1.01028412112411,0.0000 /?,2.4144851,75.098647
2026-May-13 00:00,-26.72,-10.59,1.01031265139366,0.0000 /?,2.4143734,75.1373
2026-May-13 03:00,-26.72,-10.59,1.01034112027043,0.0000 /?,2.4142615,75.17603
2026-May-13 06:00,-26.72,-10.59,1.01036952705699,0.0000 /?,2.4141495,75.214838
2026-May-13 09:00,-26.72,-10.59,1.01039787106081,0.0000 /?,2.4140374,75.253722
2026-May-13 12:00,-26.72,-10.59,1.01042615159507,0.0000 /?,2.413925,75.292683
2026-May-13 15:00,-26.72,-10.59,1.01045436797954,0.0000 /?,2.4138124,75.33172
2026-May-13 18:00,-26.719,-10.59,1.01048251954146,0.0000 /?,2.4136996,75.370834
2026-May-13 21:00,-26.719,-10.59,1.01051060561646,0.0000 /?,2.4135865,75.410024
2026-May-14 00:00,-26.719,-10.59,1.01053862554953,0.0000 /?,2.4134731,75.44929
2026-May-14 03:00,-26.719,-10.59,1.01056657869592,0.0000 /?,2.4133594,75.488631
2026-May-14 06:00,-26.719,-10.59,1.01059446442221,0.0000 /?,2.4132454,75.528049
2026-May-14 09:00,-26.719,-10.59,1.01062228210726,0.0000 /?,2.413131,75.567541
2026-May-14 12:00,-26.719,-10.59,1.01065003114323,0.0000 /?,2.4130163,75.607109
2026-May-14 15:00,-26.719,-10.59,1.01067771093664,0.0000 /?,2.4129011,75.646753
2026-May-14 18:00,-26.719,-10.59,1.01070532090939,0.0000 /?,2.4127855,75.686471
2026-May-14 21:00,-26.719,-10.59,1.01073286049977,0.0000 /?,2.4126695,75.726263
2026-May-15 00:00,-26.719,-10.59,1.01076032916353,0.0000 /?,2.412553,75.766131
2026-May-15 03:00,-26.719,-10.59,1.0107877263749,0.0000 /?,2.412436,75.806072
2026-May-15 06:00,-26.719,-10.59,1.01081505162757,0.0000 /?,2.4123185,75.846088
2026-May-15 09:00,-26.719,-10.59,1.01084230443574,0.0000 /?,2.4122005,75.886177
2026-May-15 12:00,-26.719,-10.59,1.01086948433502,0.0000 /?,2.4120819,75.926341
2026-May-15 15:00,-26.719,-10.59,1.01089659088346,0.0000 /?,2.4119628,75.966577
2026-May-15 18:00,-26.719,-10.59,1.01092362366238,0.0000 /?,2.4118431,76.006887
2026-May-15 21:00,-26.718,-10.59,1.0109505822773,0.0000 /?,2.4117228,76.047269
2026-May-16 00:00,-26.718,-10.59,1.01097746635873,0.0000 /?,2.4116018,76.087725
2026-May-16 03:00,-26.718,-10.59,1.01100427556296,0.0000 /?,2.4114803,76.128252
2026-May-16 06:00,-26.718,-10.59,1.0110310095728,0.0000 /?,2.4113582,76.168852
2026-May-16 09:00,-26.718,-10.59,1.01105766809821,0.0000 /?,2.4112354,76.209524
2026-May-16 12:00,-26.718,-10.59,1.01108425087691,0.0000 /?,2.4111119,76.250268
2026-May-16 15:00,-26.718,-10.59,1.01111075767496,0.0000 /?,2.4109878,76.291083
2026-May-16 18:00,-26.718,-10.59,1.01113718828714,0.0000 /?,2.410863,76.331969
2026-May-16 21:00,-26.718,-10.59,1.0111635425374,0.0000 /?,2.4107376,76.372925
2026-May-17 00:00,-26.718,-10.59,1.01118982027914,0.0000 /?,2.4106115,76.413953
2026-May-17 03:00,-26.718,-10.59,1.01121602139545,0.0000 /?,2.4104847,76.455051
2026-May-17 06:00,-26.718,-10.59,1.01124214579924,0.0000 /?,2.4103573,76.496219
2026-May-17 09:00,-26.718,-10.59,1.01126819343335,0.0000 /?,2.4102292,76.537456
2026-May-17 12:00,-26.718,-10.59,1.01129416427046,0.0000 /?,2.4101004,76.578763
2026-May-17 15:00,-26.718,-10.59,1.01132005831304,0.0000 /?,2.409971,76.62014
2026-May-17 18:00,-26.718,-10.59,1.01134587559316,0.0000 /?,2.4098409,76.661585
2026-May-17 21:00,-26.718,-10.59,1.01137161617218,0.0000 /?,2.4097101,76.703099
2026-May-18 00:00,-26.718,-10.59,1.01139728014044,0.0000 /?,2.4095788,76.744681
2026-May-18 03:00,-26.717,-10.59,1.01142286761682,0.0000 /?,2.4094468,76.786331
2026-May-18 06:00,-26.717,-10.59,1.01144837874823,0.0000 /?,2.4093142,76.828049
2026-May-18 09:00,-26.717,-10.59,1.01147381370903,0.0000 /?,2.409181,76.869835
2026-May-18 12:00,-26.717,-10.59,1.0114991727004,0.0000 /?,2.4090472,76.911688
2026-May-18 15:00,-26.717,-10.59,1.0115244559496,0.0000 /?,2.4089129,76.953607
2026-May-18 18:00,-26.717,-10.59,1.01154966370921,0.0000 /?,2.408778,76.995594
2026-May-18 21:00,-26.717,-10.59,1.0115747962563,0.0000 /?,2.4086426,77.037647
2026-May-19 00:00,-26.717,-10.59,1.01159985389156,0.0000 /?,2.4085066,77.079766
2026-May-19 03:00,-26.717,-10.59,1.01162483693835,0.0000 /?,2.4083702,77.12195
2026-May-19 06:00,-26.717,-10.59,1.01164974574174,0.0000 /?,2.4082334,77.164201
2026-May-19 09:00,-26.717,-10.59,1.01167458066752,0.0000 /?,2.4080961,77.206517
2026-May-19 12:00,-26.717,-10.59,1.01169934210114,0.0000 /?,2.4079583,77.248897
2026-May-19 15:00,-26.717,-10.59,1.01172403044667,0.0000 /?,2.4078202,77.291343
2026-May-19 18:00,-26.717,-10.59,1.01174864612572,0.0000 /?,2.4076817,77.333853
2026-May-19 21:00,-26.717,-10.59,1.01177318957634,0.0000 /?,2.4075429,77.376427
2026-May-20 00:00,-26.717,-10.59,1.01179766125192,0.0000 /?,2.4074038,77.419066
2026-May-20 03:00,-26.717,-10.59,1.01182206162008,0.0000 /?,2.4072643,77.461768
2026-May-20 06:00,-26.717,-10.59,1.0118463911616,0.0000 /?,2.4071247,77.504534
2026-May-20 09:00,-26.717,-10.59,1.01187065036926,0.0000 /?,2.4069847,77.547363
2026-May-20 12:00,-26.716,-10.59,1.01189483974682,0.0000 /?,2.4068446,77.590256
2026-May-20 15:00,-26.716,-10.59,1.01191895980787,0.0000 /?,2.4067043,77.633211
2026-May-20 18:00,-26.716,-10.59,1.01194301107483,0.0000 /?,2.4065638,77.676229
2026-May-20 21:00,-26.716,-10.59,1.0119669940779,0.0000 /?,2.4064232,77.719309
2026-May-21 00:00,-26.716,-10.59,1.01199090935402,0.0000 /?,2.4062825,77.762451
2026-May-21 03:00,-26.716,-10.59,1.0120147574459,0.0000 /?,2.4061418,77.805655
2026-May-21 06:00,-26.716,-10.59,1.01203853890108,0.0000 /?,2.406001,77.848922
2026-May-21 09:00,-26.716,-10.59,1.01206225427093,0.0000 /?,2.4058601,77.892249
2026-May-21 12:00,-26.716,-10.59,1.01208590410986,0.0000 /?,2.4057193,77.935638
2026-May-21 15:00,-26.716,-10.59,1.01210948897435,0.0000 /?,2.4055785,77.979088
2026-May-21 18:00,-26.716,-10.59,1.01213300942219,0.0000 /?,2.4054378,78.022599
2026-May-21 21:00,-26.716,-10.59,1.01215646601165,0.0000 /?,2.4052972,78.066171
2026-May-22 00:00,-26.716,-10.59,1.01217985930077,0.0000 /?,2.4051566,78.109803
2026-May-22 03:00,-26.716,-10.59,1.01220318984656,0.0000 /?,2.4050162,78.153496
2026-May-22 06:00,-26.716,-10.59,1.0122264582044,0.0000 /?,2.404876,78.197249
2026-May-22 09:00,-26.716,-10.59,1.01224966492735,0.0000 /?,2.404736,78.241061
2026-May-22 12:00,-26.716,-10.59,1.01227281056552,0.0000 /?,2.4045961,78.284934
2026-May-22 15:00,-26.716,-10.59,1.01229589566555,0.0000 /?,2.4044565,78.328866
2026-May-22 18:00,-26.716,-10.59,1.01231892077001,0.0000 /?,2.4043171,78.372857
2026-May-22 21:00,-26.715,-10.59,1.01234188641693,0.0000 /?,2.404178,78.416908
2026-May-23 00:00,-26.715,-10.59,1.01236479313934,0.0000 /?,2.4040392,78.461018
2026-May-23 03:00,-26.715,-10.59,1.01238764146477,0.0000 /?,2.4039007,78.505186
2026-May-23 06:00,-26.715,-10.59,1.01241043191491,0.0000 /?,2.4037626,78.549413
2026-May-23 09:00,-26.715,-10.59,1.01243316500516,0.0000 /?,2.4036248,78.593699
2026-May-23 12:00,-26.715,-10.59,1.01245584124434,0.0000 /?,2.4034873,78.638043
2026-May-23 15:00,-26.715,-10.59,1.01247846113435,0.0000 /?,2.4033503,78.682445
2026-May-23 18:00,-26.715,-10.59,1.01250102516985,0.0000 /?,2.4032137,78.726905
2026-May-23 21:00,-26.715,-10.59,1.012523533838,0.0000 /?,2.4030774,78.771422
2026-May-24 00:00,-26.715,-10.59,1.01254598761822,0.0000 /?,2.4029417,78.815998
2026-May-24 03:00,-26.715,-10.59,1.01256838698195,0.0000 /?,2.4028063,78.86063
2026-May-24 06:00,-26.715,-10.59,1.01259073239246,0.0000 /?,2.4026715,78.90532
2026-May-24 09:00,-26.715,-10.59,1.01261302430465,0.0000 /?,2.4025371,78.950067
2026-May-24 12:00,-26.715,-10.59,1.01263526316489,0.0000 /?,2.4024033,78.994871
2026-May-24 15:00,-26.715,-10.59,1.01265744941085,0.0000 /?,2.40227,79.039732
2026-May-24 18:00,-26.715,-10.59,1.0126795834714,0.0000 /?,2.4021371,79.084649
2026-May-24 21:00,-26.715,-10.59,1.01270166576645,0.0000 /?,2.4020049,79.129623
2026-May-25 00:00,-26.715,-10.59,1.01272369670687,0.0000 /?,2.4018732,79.174652
2026-May-25 03:00,-26.715,-10.59,1.01274567669438,0.0000 /?,2.401742,79.219738
2026-May-25 06:00,-26.715,-10.59,1.0127676061215,0.0000 /?,2.4016115,79.26488
2026-May-25 09:00,-26.715,-10.59,1.0127894853714,0.0000 /?,2.4014815,79.310077
2026-May-25 12:00,-26.714,-10.59,1.01281131481794,0.0000 /?,2.4013522,79.35533
2026-May-25 15:00,-26.714,-10.59,1.01283309482551,0.0000 /?,2.4012234,79.400638
2026-May-25 18:00,-26.714,-10.59,1.01285482574907,0.0000 /?,2.4010953,79.446001
2026-May-25 21:00,-26.714,-10.59,1.01287650793404,0.0000 /?,2.4009678,79.49142
2026-May-26 00:00,-26.714,-10.59,1.01289814171634,0.0000 /?,2.400841,79.536893
2026-May-26 03:00,-26.714,-10.59,1.01291972742227,0.0000 /?,2.4007148,79.58242
2026-May-26 06:00,-26.714,-10.59,1.01294126536855,0.0000 /?,2.4005893,79.628003
2026-May-26 09:00,-26.714,-10.59,1.0129627558623,0.0000 /?,2.4004644,79.673639
2026-May-26 12:00,-26.714,-10.59,1.01298419920099,0.0000 /?,2.4003403,79.71933
2026-May-26 15:00,-26.714,-10.59,1.01300559567243,0.0000 /?,2.4002168,79.765074
2026-May-26 18:00,-26.714,-10.59,1.0130269455548,0.0000 /?,2.400094,79.810873
2026-May-26 21:00,-26.714,-10.59,1.01304824911659,0.0000 /?,2.399972,79.856724
2026-May-27 00:00,-26.714,-10.59,1.01306950661663,0.0000 /?,2.3998506,79.90263
2026-May-27 03:00,-26.714,-10.59,1.01309071830406,0.0000 /?,2.39973,79.948588
2026-May-27 06:00,-26.714,-10.59,1.01311188441837,0.0000 /?,2.3996101,79.9946
2026-May-27 09:00,-26.714,-10.59,1.01313300518932,0.0000 /?,2.3994909,80.040664
2026-May-27 12:00,-26.714,-10.59,1.01315408083703,0.0000 /?,2.3993725,80.086781
2026-May-27 15:00,-26.714,-10.59,1.01317511157191,0.0000 /?,2.3992548,80.132951
2026-May-27 18:00,-26.714,-10.59,1.01319609759471,0.0000 /?,2.3991379,80.179173
2026-May-27 21:00,-26.714,-10.59,1.01321703909647,0.0000 /?,2.3990217,80.225447
2026-May-28 00:00,-26.714,-10.59,1.01323793625858,0.0000 /?,2.3989063,80.271773
2026-May-28 03:00,-26.714,-10.59,1.01325878925272,0.0000 /?,2.3987917,80.31815
2026-May-28 06:00,-26.713,-10.59,1.01327959824094,0.0000 /?,2.3986779,80.36458
2026-May-28 09:00,-26.713,-10.59,1.01330036337556,0.0000 /?,2.3985648,80.411061
2026-May-28 12:00,-26.713,-10.59,1.01332108479928,0.0000 /?,2.3984525,80.457593
2026-May-28 15:00,-26.713,-10.59,1.01334176264511,0.0000 /?,2.398341,80.504176
2026-May-28 18:00,-26.713,-10.59,1.01336239703639,0.0000 /?,2.3982303,80.55081
2026-May-28 21:00,-26.713,-10.59,1.01338298808682,0.0000 /?,2.3981204,80.597494
2026-May-29 00:00,-26.713,-10.59,1.01340353590044,0.0000 /?,2.3980112,80.644229
2026-May-29 03:00,-26.713,-10.59,1.01342404057164,0.0000 /?,2.3979029,80.691015
2026-May-29 06:00,-26.713,-10.59,1.01344450218516,0.0000 /?,2.3977954,80.73785
2026-May-29 09:00,-26.713,-10.59,1.01346492081611,0.0000 /?,2.3976887,80.784735
2026-May-29 12:00,-26.713,-10.59,1.01348529652997,0.0000 /?,2.3975828,80.831671
2026-May-29 15:00,-26.713,-10.59,1.0135056293826,0.0000 /?,2.3974778,80.878655
2026-May-29 18:00,-26.713,-10.59,1.01352591942024,0.0000 /?,2.3973735,80.925689
2026-May-29 21:00,-26.713,-10.59,1.01354616667953,0.0000 /?,2.3972701,80.972772
2026-May-30 00:00,-26.713,-10.59,1.01356637118752,0.0000 /?,2.3971675,81.019904
2026-May-30 03:00,-26.713,-10.59,1.01358653296167,0.0000 /?,2.3970657,81.067085
2026-May-30 06:00,-26.713,-10.59,1.01360665200987,0.0000 /?,2.3969647,81.114315
2026-May-30 09:00,-26.713,-10.59,1.01362672833047,0.0000 /?,2.3968646,81.161593
2026-May-30 12:00,-26.713,-10.59,1.01364676191227,0.0000 /?,2.3967653,81.208919
2026-May-30 15:00,-26.713,-10.59,1.01366675273455,0.0000 /?,2.3966668,81.256293
2026-May-30 18:00,-26.713,-10.59,1.01368670076707,0.0000 /?,2.3965692,81.303714
2026-May-30 21:00,-26.713,-10.59,1.01370660597012,0.0000 /?,2.3964724,81.351184
2026-May-31 00:00,-26.713,-10.59,1.01372646829453,0.0000 /?,2.3963764,81.398701
2026-May-31 03:00,-26.712,-10.59,1.01374628768166,0.0000 /?,2.3962812,81.446265
2026-May-31 06:00,-26.712,-10.59,1.01376606406348,0.0000 /?,2.3961869,81.493876
2026-May-31 09:00,-26.712,-10.59,1.01378579736254,0.0000 /?,2.3960935,81.541534
2026-May-31 12:00,-26.712,-10.59,1.01380548749203,0.0000 /?,2.3960008,81.589238
2026-May-31 15:00,-26.712,-10.59,1.0138251343558,0.0000 /?,2.395909,81.636989
2026-May-31 18:00,-26.712,-10.59,1.01384473784838,0.0000 /?,2.395818,81.684786
2026-May-31 21:00,-26.712,-10.59,1.01386429785503,0.0000 /?,2.3957278,81.732629
2026-Jun-01 00:00,-26.712,-10.59,1.01388381425173,0.0000 /?,2.3956385,81.780518
2026-Jun-01 03:00,-26.712,-10.59,1.01390328690527,0.0000 /?,2.39555,81.828452
2026-Jun-01 06:00,-26.712,-10.59,1.01392271567323,0.0000 /?,2.3954623,81.876432
2026-Jun-01 09:00,-26.712,-10.59,1.01394210040406,0.0000 /?,2.3953755,81.924457
2026-Jun-01 12:00,-26.712,-10.59,1.01396144093705,0.0000 /?,2.3952895,81.972527
2026-Jun-01 15:00,-26.712,-10.59,1.01398073710246,0.0000 /?,2.3952043,82.020641
2026-Jun-01 18:00,-26.712,-10.59,1.01399998872146,0.0000 /?,2.3951199,82.0688
2026-Jun-01 21:00,-26.712,-10.59,1.01401919560622,0.0000 /?,2.3950363,82.117004
2026-Jun-02 00:00,-26.712,-10.59,1.01403835755997,0.0000 /?,2.3949536,82.165252
2026-Jun-02 03:00,-26.712,-10.59,1.01405747437695,0.0000 /?,2.3948716,82.213543
2026-Jun-02 06:00,-26.712,-10.59,1.01407654584253,0.0000 /?,2.3947905,82.261879
2026-Jun-02 09:00,-26.712,-10.59,1.01409557173323,0.0000 /?,2.3947102,82.310257
2026-Jun-02 12:00,-26.712,-10.59,1.01411455181671,0.0000 /?,2.3946307,82.358679
2026-Jun-02 15:00,-26.712,-10.59,1.01413348585188,0.0000 /?,2.3945519,82.407144
2026-Jun-02 18:00,-26.712,-10.59,1.01415237358887,0.0000 /?,2.394474,82.455652
2026-Jun-02 21:00,-26.712,-10.59,1.0141712147691,0.0000 /?,2.3943969,82.504203
2026-Jun-03 00:00,-26.712,-10.59,1.0141900091253,0.0000 /?,2.3943206,82.552796
2026-Jun-03 03:00,-26.711,-10.59,1.01420875638157,0.0000 /?,2.394245,82.601431
2026-Jun-03 06:00,-26.711,-10.59,1.01422745625337,0.0000 /?,2.3941703,82.650108
2026-Jun-03 09:00,-26.711,-10.59,1.01424610844759,0.0000 /?,2.3940963,82.698827
2026-Jun-03 12:00,-26.711,-10.59,1.01426471266255,0.0000 /?,2.3940231,82.747588
2026-Jun-03 15:00,-26.711,-10.59,1.01428326858806,0.0000 /?,2.3939506,82.796389
2026-Jun-03 18:00,-26.711,-10.59,1.0143017759054,0.0000 /?,2.3938789,82.845232
2026-Jun-03 21:00,-26.711,-10.59,1.0143202342874,0.0000 /?,2.393808,82.894116
2026-Jun-04 00:00,-26.711,-10.59,1.01433864339843,0.0000 /?,2.3937379,82.94304
2026-Jun-04 03:00,-26.711,-10.59,1.01435700289441,0.0000 /?,2.3936685,82.992005
2026-Jun-04 06:00,-26.711,-10.59,1.01437531242288,0.0000 /?,2.3935998,83.04101
2026-Jun-04 09:00,-26.711,-10.59,1.01439357162296,0.0000 /?,2.3935319,83.090055
2026-Jun-04 12:00,-26.711,-10.59,1.0144117801254,0.0000 /?,2.3934647,83.13914
2026-Jun-04 15:00,-26.711,-10.59,1.01442993755258,0.0000 /?,2.3933982,83.188264
2026-Jun-04 18:00,-26.711,-10.59,1.01444804351855,0.0000 /?,2.3933325,83.237427
2026-Jun-04 21:00,-26.711,-10.59,1.01446609762898,0.0000 /?,2.3932675,83.28663
2026-Jun-05 00:00,-26.711,-10.59,1.01448409948125,0.0000 /?,2.3932032,83.335871
2026-Jun-05 03:00,-26.711,-10.59,1.01450204866439,0.0000 /?,2.3931395,83.385151
2026-Jun-05 06:00,-26.711,-10.59,1.01451994475911,0.0000 /?,2.3930766,83.434469
2026-Jun-05 09:00,-26.711,-10.59,1.01453778733783,0.0000 /?,2.3930144,83.483826
2026-Jun-05 12:00,-26.711,-10.59,1.01455557596462,0.0000 /?,2.3929529,83.53322
2026-Jun-05 15:00,-26.711,-10.59,1.01457331019529,0.0000 /?,2.392892,83.582652
2026-Jun-05 18:00,-26.711,-10.59,1.01459098957731,0.0000 /?,2.3928318,83.632121
2026-Jun-05 21:00,-26.711,-10.59,1.01460861364987,0.0000 /?,2.3927723,83.681628
2026-Jun-06 00:00,-26.711,-10.59,1.01462618194385,0.0000 /?,2.3927134,83.731171
2026-Jun-06 03:00,-26.711,-10.59,1.01464369398185,0.0000 /?,2.3926552,83.780752
2026-Jun-06 06:00,-26.711,-10.59,1.01466114927816,0.0000 /?,2.3925976,83.830368
2026-Jun-06 09:00,-26.71,-10.59,1.0146785473388,0.0000 /?,2.3925407,83.880021
2026-Jun-06 12:00,-26.71,-10.59,1.01469588766153,0.0000 /?,2.3924843,83.92971
2026-Jun-06 15:00,-26.71,-10.59,1.01471316973583,0.0000 /?,2.3924286,83.979434
2026-Jun-06 18:00,-26.71,-10.59,1.01473039304293,0.0000 /?,2.3923734,84.029194
2026-Jun-06 21:00,-26.71,-10.59,1.01474755705585,0.0000 /?,2.3923189,84.07899
2026-Jun-07 00:00,-26.71,-10.59,1.0147646612394,0.0000 /?,2.3922649,84.12882
2026-Jun-07 03:00,-26.71,-10.59,1.0147817050502,0.0000 /?,2.3922115,84.178685
2026-Jun-07 06:00,-26.71,-10.59,1.01479868793677,0.0000 /?,2.3921587,84.228585
2026-Jun-07 09:00,-26.71,-10.59,1.0148156093395,0.0000 /?,2.3921064,84.278519
2026-Jun-07 12:00,-26.71,-10.59,1.01483246869077,0.0000 /?,2.3920547,84.328486
2026-Jun-07 15:00,-26.71,-10.59,1.01484926541496,0.0000 /?,2.3920034,84.378488
2026-Jun-07 18:00,-26.71,-10.59,1.01486599892857,0.0000 /?,2.3919527,84.428523
2026-Jun-07 21:00,-26.71,-10.59,1.01488266864025,0.0000 /?,2.3919025,84.478591
2026-Jun-08 00:00,-26.71,-10.59,1.01489927395095,0.0000 /?,2.3918528,84.528693
2026-Jun-08 03:00,-26.71,-10.59,1.014915814254,0.0000 /?,2.3918035,84.578827
2026-Jun-08 06:00,-26.71,-10.59,1.01493228893526,0.0000 /?,2.3917547,84.628993
2026-Jun-08 09:00,-26.71,-10.59,1.01494869737321,0.0000 /?,2.3917063,84.679192
2026-Jun-08 12:00,-26.71,-10.59,1.0149650389392,0.0000 /?,2.3916584,84.729423
2026-Jun-08 15:00,-26.71,-10.59,1.01498131299753,0.0000 /?,2.3916109,84.779685
2026-Jun-08 18:00,-26.71,-10.59,1.01499751890575,0.0000 /?,2.3915638,84.829979
2026-Jun-08 21:00,-26.71,-10.59,1.01501365601479,0.0000 /?,2.391517,84.880304
2026-Jun-09 00:00,-26.71,-10.59,1.0150297236693,0.0000 /?,2.3914706,84.93066
2026-Jun-09 03:00,-26.71,-10.59,1.01504572120782,0.0000 /?,2.3914246,84.981047
2026-Jun-09 06:00,-26.71,-10.59,1.01506164796319,0.0000 /?,2.3913789,85.031463
2026-Jun-09 09:00,-26.71,-10.59,1.01507750326277,0.0000 /?,2.3913335,85.08191
2026-Jun-09 12:00,-26.71,-10.59,1.01509328642889,0.0000 /?,2.3912884,85.132387
2026-Jun-09 15:00,-26.71,-10.59,1.01510899677916,0.0000 /?,2.3912436,85.182893
2026-Jun-09 18:00,-26.71,-10.59,1.01512463362693,0.0000 /?,2.391199,85.233428
2026-Jun-09 21:00,-26.709,-10.59,1.01514019628173,0.0000 /?,2.3911546,85.283993
2026-Jun-10 00:00,-26.709,-10.59,1.01515568404977,0.0000 /?,2.3911105,85.334586
2026-Jun-10 03:00,-26.709,-10.59,1.01517109623442,0.0000 /?,2.3910665,85.385207
2026-Jun-10 06:00,-26.709,-10.59,1.01518643213683,0.0000 /?,2.3910227,85.435856
2026-Jun-10 09:00,-26.709,-10.59,1.01520169105645,0.0000 /?,2.3909791,85.486533
2026-Jun-10 12:00,-26.709,-10.59,1.01521687229172,0.0000 /?,2.3909356,85.537238
2026-Jun-10 15:00,-26.709,-10.59,1.01523197514073,0.0000 /?,2.3908921,85.587969
2026-Jun-10 18:00,-26.709,-10.59,1.01524699890188,0.0000 /?,2.3908488,85.638728
2026-Jun-10 21:00,-26.709,-10.59,1.01526194287469,0.0000 /?,2.3908054,85.689513
2026-Jun-11 00:00,-26.709,-10.59,1.01527680636055,0.0000 /?,2.3907622,85.740324
2026-Jun-11 03:00,-26.709,-10.59,1.01529158866351,0.0000 /?,2.3907189,85.791161
2026-Jun-11 06:00,-26.709,-10.59,1.01530628909122,0.0000 /?,2.3906755,85.842024
2026-Jun-11 09:00,-26.709,-10.59,1.01532090695573,0.0000 /?,2.3906322,85.892912
2026-Jun-11 12:00,-26.709,-10.59,1.0153354415745,0.0000 /?,2.3905887,85.943824
2026-Jun-11 15:00,-26.709,-10.59,1.01534989227129,0.0000 /?,2.3905452,85.994762
2026-Jun-11 18:00,-26.709,-10.59,1.01536425837718,0.0000 /?,2.3905015,86.045723
2026-Jun-11 21:00,-26.709,-10.59,1.01537853923161,0.0000 /?,2.3904576,86.096708
2026-Jun-12 00:00,-26.709,-10.59,1.01539273418338,0.0000 /?,2.3904136,86.147717
2026-Jun-12 03:00,-26.709,-10.59,1.01540684259174,0.0000 /?,2.3903694,86.198749
2026-Jun-12 06:00,-26.709,-10.59,1.0154208638275,0.0000 /?,2.3903249,86.249804
2026-Jun-12 09:00,-26.709,-10.59,1.01543479727408,0.0000 /?,2.3902802,86.300881
2026-Jun-12 12:00,-26.709,-10.59,1.01544864232864,0.0000 /?,2.3902352,86.351981
2026-Jun-12 15:00,-26.709,-10.59,1.01546239840322,0.0000 /?,2.3901898,86.403102
2026-Jun-12 18:00,-26.709,-10.59,1.01547606492585,0.0000 /?,2.3901442,86.454244
2026-Jun-12 21:00,-26.709,-10.59,1.01548964134165,0.0000 /?,2.3900982,86.505407
2026-Jun-13 00:00,-26.709,-10.59,1.01550312711397,0.0000 /?,2.3900518,86.556591
2026-Jun-13 03:00,-26.709,-10.59,1.01551652172546,0.0000 /?,2.390005,86.607795
2026-Jun-13 06:00,-26.709,-10.59,1.01552982467917,0.0000 /?,2.3899578,86.659019
2026-Jun-13 09:00,-26.709,-10.59,1.01554303549959,0.0000 /?,2.3899101,86.710262
2026-Jun-13 12:00,-26.709,-10.59,1.01555615373369,0.0000 /?,2.389862,86.761524
2026-Jun-13 15:00,-26.709,-10.59,1.01556917895188,0.0000 /?,2.3898134,86.812805
2026-Jun-13 18:00,-26.709,-10.59,1.01558211074901,0.0000 /?,2.3897643,86.864104
2026-Jun-13 21:00,-26.709,-10.59,1.01559494874518,0.0000 /?,2.3897147,86.915421
2026-Jun-14 00:00,-26.708,-10.59,1.01560769258669,0.0000 /?,2.3896645,86.966755
2026-Jun-14 03:00,-26.708,-10.59,1.01562034194675,0.0000 /?,2.3896139,87.018106
2026-Jun-14 06:00,-26.708,-10.59,1.01563289652624,0.0000 /?,2.3895626,87.069473
2026-Jun-14 09:00,-26.708,-10.59,1.01564535605435,0.0000 /?,2.3895108,87.120857
2026-Jun-14 12:00,-26.708,-10.59,1.01565772028921,0.0000 /?,2.3894584,87.172256
2026-Jun-14 15:00,-26.708,-10.59,1.01566998901832,0.0000 /?,2.3894054,87.223671
2026-Jun-14 18:00,-26.708,-10.59,1.01568216205905,0.0000 /?,2.3893518,87.2751
2026-Jun-14 21:00,-26.708,-10.59,1.01569423925897,0.0000 /?,2.3892977,87.326544
2026-Jun-15 00:00,-26.708,-10.59,1.01570622049607,0.0000 /?,2.3892429,87.378002
2026-Jun-15 03:00,-26.708,-10.59,1.01571810567901,0.0000 /?,2.3891875,87.429474
2026-Jun-15 06:00,-26.708,-10.59,1.01572989474715,0.0000 /?,2.3891316,87.480959
2026-Jun-15 09:00,-26.708,-10.59,1.01574158767057,0.0000 /?,2.389075,87.532456
2026-Jun-15 12:00,-26.708,-10.59,1.01575318444998,0.0000 /?,2.3890178,87.583966
2026-Jun-15 15:00,-26.708,-10.59,1.01576468511656,0.0000 /?,2.3889601,87.635489
2026-Jun-15 18:00,-26.708,-10.59,1.01577608973167,0.0000 /?,2.3889017,87.687022
2026-Jun-15 21:00,-26.708,-10.59,1.01578739838654,0.0000 /?,2.3888428,87.738567
2026-Jun-16 00:00,-26.708,-10.59,1.01579861120179,0.0000 /?,2.3887833,87.790123
2026-Jun-16 03:00,-26.708,-10.59,1.01580972832699,0.0000 /?,2.3887233,87.841689
2026-Jun-16 06:00,-26.708,-10.59,1.01582074994003,0.0000 /?,2.3886627,87.893265
2026-Jun-16 09:00,-26.708,-10.59,1.01583167624648,0.0000 /?,2.3886016,87.94485
2026-Jun-16 12:00,-26.708,-10.59,1.01584250747888,0.0000 /?,2.38854,87.996445
2026-Jun-16 15:00,-26.708,-10.59,1.01585324389595,0.0000 /?,2.3884779,88.048049
2026-Jun-16 18:00,-26.708,-10.59,1.01586388578176,0.0000 /?,2.3884153,88.099661
2026-Jun-16 21:00,-26.708,-10.59,1.01587443344481,0.0000 /?,2.3883522,88.151281
2026-Jun-17 00:00,-26.708,-10.59,1.01588488721715,0.0000 /?,2.3882887,88.202909
2026-Jun-17 03:00,-26.708,-10.59,1.01589524745334,0.0000 /?,2.3882248,88.254544
2026-Jun-17 06:00,-26.708,-10.59,1.01590551452948,0.0000 /?,2.3881605,88.306186
2026-Jun-17 09:00,-26.708,-10.59,1.01591568884217,0.0000 /?,2.3880958,88.357835
2026-Jun-17 12:00,-26.708,-10.59,1.01592577080741,0.0000 /?,2.3880307,88.40949
2026-Jun-17 15:00,-26.708,-10.59,1.01593576085954,0.0000 /?,2.3879654,88.461151
2026-Jun-17 18:00,-26.708,-10.59,1.01594565945018,0.0000 /?,2.3878997,88.512818
2026-Jun-17 21:00,-26.708,-10.59,1.01595546704704,0.0000 /?,2.3878337,88.56449
2026-Jun-18 00:00,-26.708,-10.59,1.01596518413292,0.0000 /?,2.3877675,88.616167
2026-Jun-18 03:00,-26.708,-10.59,1.01597481120452,0.0000 /?,2.387701,88.667849
2026-Jun-18 06:00,-26.708,-10.59,1.01598434877143,0.0000 /?,2.3876344,88.719535
2026-Jun-18 09:00,-26.708,-10.59,1.01599379735496,0.0000 /?,2.3875675,88.771224
2026-Jun-18 12:00,-26.708,-10.59,1.01600315748714,0.0000 /?,2.3875005,88.822918
2026-Jun-18 15:00,-26.708,-10.59,1.01601242970966,0.0000 /?,2.3874334,88.874615
2026-Jun-18 18:00,-26.708,-10.59,1.01602161457283,0.0000 /?,2.3873662,88.926315
2026-Jun-18 21:00,-26.708,-10.59,1.0160307126346,0.0000 /?,2.3872989,88.978018
2026-Jun-19 00:00,-26.708,-10.59,1.01603972445958,0.0000 /?,2.3872315,89.029723
2026-Jun-19 03:00,-26.708,-10.59,1.01604865061808,0.0000 /?,2.3871642,89.08143
2026-Jun-19 06:00,-26.708,-10.59,1.01605749168527,0.0000 /?,2.3870968,89.133139
2026-Jun-19 09:00,-26.708,-10.59,1.01606624824023,0.0000 /?,2.3870294,89.18485
2026-Jun-19 12:00,-26.707,-10.59,1.01607492086516,0.0000 /?,2.3869621,89.236562
2026-Jun-19 15:00,-26.707,-10.59,1.01608351014456,0.0000 /?,2.3868949,89.288275
2026-Jun-19 18:00,-26.707,-10.59,1.01609201666448,0.0000 /?,2.3868277,89.339989
2026-Jun-19 21:00,-26.707,-10.59,1.01610044101179,0.0000 /?,2.3867607,89.391703
2026-Jun-20 00:00,-26.707,-10.59,1.01610878377347,0.0000 /?,2.3866938,89.443417
2026-Jun-20 03:00,-26.707,-10.59,1.01611704553599,0.0000 /?,2.3866271,89.495132
2026-Jun-20 06:00,-26.707,-10.59,1.01612522688467,0.0000 /?,2.3865606,89.546846
2026-Jun-20 09:00,-26.707,-10.59,1.01613332840313,0.0000 /?,2.3864943,89.598559
2026-Jun-20 12:00,-26.707,-10.59,1.01614135067274,0.0000 /?,2.3864282,89.650271
2026-Jun-20 15:00,-26.707,-10.59,1.01614929427209,0.0000 /?,2.3863624,89.701983
2026-Jun-20 18:00,-26.707,-10.59,1.01615715977655,0.0000 /?,2.3862968,89.753692
2026-Jun-20 21:00,-26.707,-10.59,1.01616494775784,0.0000 /?,2.3862315,89.8054
2026-Jun-21 00:00,-26.707,-10.59,1.01617265878359,0.0000 /?,2.3861665,89.857107
2026-Jun-21 03:00,-26.707,-10.59,1.01618029341699,0.0000 /?,2.3861019,89.90881
2026-Jun-21 06:00,-26.707,-10.59,1.01618785221645,0.0000 /?,2.3860376,89.960512
2026-Jun-21 09:00,-26.707,-10.59,1.01619533573529,0.0000 /?,2.3859737,90.01221
2026-Jun-21 12:00,-26.707,-10.59,1.01620274452142,0.0000 /?,2.3859101,90.063906
2026-Jun-21 15:00,-26.707,-10.59,1.01621007911713,0.0000 /?,2.3858469,90.115598
2026-Jun-21 18:00,-26.707,-10.59,1.01621734005881,0.0000 /?,2.3857842,90.167287
2026-Jun-21 21:00,-26.707,-10.59,1.01622452787676,0.0000 /?,2.3857219,90.218972
2026-Jun-22 00:00,-26.707,-10.59,1.01623164309498,0.0000 /?,2.38566,90.270653
2026-Jun-22 03:00,-26.707,-10.59,1.01623868623105,0.0000 /?,2.3855985,90.32233
2026-Jun-22 06:00,-26.707,-10.59,1.01624565779588,0.0000 /?,2.3855376,90.374002
2026-Jun-22 09:00,-26.707,-10.59,1.01625255829368,0.0000 /?,2.3854771,90.425669
2026-Jun-22 12:00,-26.707,-10.59,1.01625938822178,0.0000 /?,2.3854171,90.477331
2026-Jun-22 15:00,-26.707,-10.59,1.01626614807054,0.0000 /?,2.3853577,90.528988
2026-Jun-22 18:00,-26.707,-10.59,1.01627283832326,0.0000 /?,2.3852987,90.580639
2026-Jun-22 21:00,-26.707,-10.59,1.01627945945611,0.0000 /?,2.3852403,90.632285
2026-Jun-23 00:00,-26.707,-10.59,1.01628601193804,0.0000 /?,2.3851824,90.683924
2026-Jun-23 03:00,-26.707,-10.59,1.01629249623078,0.0000 /?,2.3851251,90.735557
2026-Jun-23 06:00,-26.707,-10.59,1.0162989127887,0.0000 /?,2.3850684,90.787183
2026-Jun-23 09:00,-26.707,-10.59,1.01630526205886,0.0000 /?,2.3850123,90.838803
2026-Jun-23 12:00,-26.707,-10.59,1.01631154448094,0.0000 /?,2.3849567,90.890415
2026-Jun-23 15:00,-26.707,-10.59,1.01631776048719,0.0000 /?,2.3849017,90.94202
2026-Jun-23 18:00,-26.707,-10.59,1.01632391050246,0.0000 /?,2.3848474,90.993618
2026-Jun-23 21:00,-26.707,-10.59,1.01632999494415,0.0000 /?,2.3847936,91.045207
2026-Jun-24 00:00,-26.707,-10.59,1.01633601422219,0.0000 /?,2.3847405,91.096789
2026-Jun-24 03:00,-26.707,-10.59,1.01634196873907,0.0000 /?,2.3846881,91.148362
2026-Jun-24 06:00,-26.707,-10.59,1.01634785888979,0.0000 /?,2.3846362,91.199926
2026-Jun-24 09:00,-26.707,-10.59,1.01635368506187,0.0000 /?,2.3845851,91.251482
2026-Jun-24 12:00,-26.707,-10.59,1.01635944763536,0.0000 /?,2.3845346,91.303028
2026-Jun-24 15:00,-26.707,-10.59,1.01636514698281,0.0000 /?,2.3844848,91.354565
2026-Jun-24 18:00,-26.707,-10.59,1.01637078346926,0.0000 /?,2.3844356,91.406092
2026-Jun-24 21:00,-26.707,-10.59,1.01637635745228,0.0000 /?,2.3843871,91.45761
2026-Jun-25 00:00,-26.707,-10.59,1.01638186928194,0.0000 /?,2.3843394,91.509117
2026-Jun-25 03:00,-26.707,-10.59,1.01638731930076,0.0000 /?,2.3842923,91.560614
2026-Jun-25 06:00,-26.707,-10.59,1.01639270784377,0.0000 /?,2.384246,91.6121
2026-Jun-25 09:00,-26.707,-10.59,1.01639803523847,0.0000 /?,2.3842003,91.663575
2026-Jun-25 12:00,-26.707,-10.59,1.01640330180481,0.0000 /?,2.3841554,91.715039
2026-Jun-25 15:00,-26.707,-10.59,1.01640850785518,0.0000 /?,2.3841113,91.766492
2026-Jun-25 18:00,-26.707,-10.59,1.0164136536944,0.0000 /?,2.3840678,91.817933
2026-Jun-25 21:00,-26.707,-10.59,1.01641873961971,0.0000 /?,2.3840251,91.869362
2026-Jun-26 00:00,-26.707,-10.59,1.01642376592072,0.0000 /?,2.3839832,91.920778
2026-Jun-26 03:00,-26.707,-10.59,1.0164287328794,0.0000 /?,2.383942,91.972183
2026-Jun-26 06:00,-26.707,-10.59,1.01643364077006,0.0000 /?,2.3839016,92.023574
2026-Jun-26 09:00,-26.707,-10.59,1.01643848985931,0.0000 /?,2.3838619,92.074953
2026-Jun-26 12:00,-26.707,-10.59,1.01644328040602,0.0000 /?,2.3838231,92.126318
2026-Jun-26 15:00,-26.707,-10.59,1.0164480126613,0.0000 /?,2.383785,92.17767
2026-Jun-26 18:00,-26.707,-10.59,1.01645268686846,0.0000 /?,2.3837477,92.229009
2026-Jun-26 21:00,-26.707,-10.59,1.01645730326294,0.0000 /?,2.3837111,92.280333
2026-Jun-27 00:00,-26.707,-10.59,1.0164618620723,0.0000 /?,2.3836754,92.331643
2026-Jun-27 03:00,-26.707,-10.59,1.01646636351616,0.0000 /?,2.3836405,92.382939
2026-Jun-27 06:00,-26.707,-10.59,1.01647080780614,0.0000 /?,2.3836064,92.43422
2026-Jun-27 09:00,-26.707,-10.59,1.01647519514581,0.0000 /?,2.3835731,92.485486
2026-Jun-27 12:00,-26.707,-10.59,1.01647952573066,0.0000 /?,2.3835406,92.536736
2026-Jun-27 15:00,-26.707,-10.59,1.01648379974801,0.0000 /?,2.3835089,92.587972
2026-Jun-27 18:00,-26.707,-10.59,1.01648801737697,0.0000 /?,2.3834781,92.639191
2026-Jun-27 21:00,-26.707,-10.59,1.01649217878836,0.0000 /?,2.3834481,92.690395
2026-Jun-28 00:00,-26.707,-10.59,1.01649628414467,0.0000 /?,2.3834189,92.741582
2026-Jun-28 03:00,-26.707,-10.59,1.01650033360001,0.0000 /?,2.3833906,92.792753
2026-Jun-28 06:00,-26.707,-10.59,1.01650432729998,0.0000 /?,2.3833631,92.843907
2026-Jun-28 09:00,-26.707,-10.59,1.01650826538167,0.0000 /?,2.3833364,92.895044
2026-Jun-28 12:00,-26.707,-10.59,1.01651214797357,0.0000 /?,2.3833106,92.946164
2026-Jun-28 15:00,-26.707,-10.59,1.01651597519548,0.0000 /?,2.3832857,92.997267
2026-Jun-28 18:00,-26.707,-10.59,1.01651974715848,0.0000 /?,2.3832616,93.048351
2026-Jun-28 21:00,-26.707,-10.59,1.01652346396482,0.0000 /?,2.3832384,93.099418
2026-Jun-29 00:00,-26.707,-10.59,1.01652712570789,0.0000 /?,2.383216,93.150467
2026-Jun-29 03:00,-26.707,-10.59,1.01653073247212,0.0000 /?,2.3831945,93.201497
2026-Jun-29 06:00,-26.707,-10.59,1.01653428433292,0.0000 /?,2.3831739,93.252508
2026-Jun-29 09:00,-26.707,-10.59,1.01653778135661,0.0000 /?,2.3831541,93.303501
2026-Jun-29 12:00,-26.707,-10.59,1.01654122360037,0.0000 /?,2.3831352,93.354474
2026-Jun-29 15:00,-26.706,-10.59,1.01654461111213,0.0000 /?,2.3831172,93.405427
2026-Jun-29 18:00,-26.706,-10.59,1.01654794393055,0.0000 /?,2.3831001,93.456361
2026-Jun-29 21:00,-26.706,-10.59,1.01655122208492,0.0000 /?,2.3830838,93.507276
2026-Jun-30 00:00,-26.706,-10.59,1.01655444559511,0.0000 /?,2.3830684,93.558169
2026-Jun-30 03:00,-26.706,-10.59,1.01655761447148,0.0000 /?,2.3830539,93.609043
2026-Jun-30 06:00,-26.706,-10.59,1.01656072871488,0.0000 /?,2.3830403,93.659895
2026-Jun-30 09:00,-26.706,-10.59,1.01656378831652,0.0000 /?,2.3830276,93.710727
2026-Jun-30 12:00,-26.706,-10.59,1.01656679325793,0.0000 /?,2.3830158,93.761538
2026-Jun-30 15:00,-26.706,-10.59,1.01656974351093,0.0000 /?,2.3830048,93.812327
2026-Jun-30 18:00,-26.706,-10.59,1.01657263903756,0.0000 /?,2.3829947,93.863094
2026-Jun-30 21:00,-26.706,-10.59,1.01657547978999,0.0000 /?,2.3829855,93.913839
2026-Jul-01 00:00,-26.706,-10.59,1.01657826571051,0.0000 /?,2.3829772,93.964563
2026-Jul-01 03:00,-26.706,-10.59,1.01658099673147,0.0000 /?,2.3829698,94.015263
2026-Jul-01 06:00,-26.706,-10.59,1.01658367277523,0.0000 /?,2.3829633,94.065941
2026-Jul-01 09:00,-26.706,-10.59,1.0165862937541,0.0000 /?,2.3829577,94.116596
2026-Jul-01 12:00,-26.706,-10.59,1.01658885957031,0.0000 /?,2.3829529,94.167228
2026-Jul-01 15:00,-26.706,-10.59,1.01659137011596,0.0000 /?,2.382949,94.217837
2026-Jul-01 18:00,-26.706,-10.59,1.01659382527298,0.0000 /?,2.382946,94.268422
2026-Jul-01 21:00,-26.706,-10.59,1.01659622491311,0.0000 /?,2.3829439,94.318983
2026-Jul-02 00:00,-26.706,-10.59,1.01659856889782,0.0000 /?,2.3829427,94.369519
2026-Jul-02 03:00,-26.706,-10.59,1.01660085707833,0.0000 /?,2.3829423,94.420032
2026-Jul-02 06:00,-26.706,-10.59,1.01660308929553,0.0000 /?,2.3829429,94.470519
2026-Jul-02 09:00,-26.706,-10.59,1.01660526537998,0.0000 /?,2.3829442,94.520982
2026-Jul-02 12:00,-26.706,-10.59,1.01660738515186,0.0000 /?,2.3829465,94.571419
2026-Jul-02 15:00,-26.706,-10.59,1.01660944842097,0.0000 /?,2.3829496,94.621831
2026-Jul-02 18:00,-26.706,-10.59,1.01661145498668,0.0000 /?,2.3829536,94.672218
2026-Jul-02 21:00,-26.706,-10.59,1.01661340463792,0.0000 /?,2.3829585,94.722578
2026-Jul-03 00:00,-26.706,-10.59,1.01661529715316,0.0000 /?,2.3829642,94.772913
2026-Jul-03 03:00,-26.706,-10.59,1.01661713230036,0.0000 /?,2.3829707,94.823221
2026-Jul-03 06:00,-26.706,-10.59,1.01661890983703,0.0000 /?,2.3829781,94.873502
2026-Jul-03 09:00,-26.706,-10.59,1.01662062951013,0.0000 /?,2.3829864,94.923756
2026-Jul-03 12:00,-26.706,-10.59,1.01662229105609,0.0000 /?,2.3829955,94.973983
2026-Jul-03 15:00,-26.706,-10.59,1.01662389420083,0.0000 /?,2.3830054,95.024183
2026-Jul-03 18:00,-26.706,-10.59,1.01662543865969,0.0000 /?,2.3830161,95.074355
2026-Jul-03 21:00,-26.706,-10.59,1.01662692413749,0.0000 /?,2.3830277,95.124499
2026-Jul-04 00:00,-26.706,-10.59,1.01662835032846,0.0000 /?,2.3830401,95.174616
2026-Jul-04 03:00,-26.706,-10.59,1.01662971691628,0.0000 /?,2.3830533,95.224703
2026-Jul-04 06:00,-26.706,-10.59,1.01663102357408,0.0000 /?,2.3830673,95.274762
2026-Jul-04 09:00,-26.706,-10.59,1.01663226996442,0.0000 /?,2.3830821,95.324792
2026-Jul-04 12:00,-26.706,-10.59,1.01663345573931,0.0000 /?,2.3830977,95.374793
2026-Jul-04 15:00,-26.706,-10.59,1.01663458054022,0.0000 /?,2.383114,95.424764
2026-Jul-04 18:00,-26.706,-10.59,1.01663564399809,0.0000 /?,2.3831312,95.474706
2026-Jul-04 21:00,-26.706,-10.59,1.01663664573334,0.0000 /?,2.3831491,95.524618
2026-Jul-05 00:00,-26.706,-10.59,1.01663758535589,0.0000 /?,2.3831678,95.5745
2026-Jul-05 03:00,-26.706,-10.59,1.01663846246522,0.0000 /?,2.3831872,95.624351
2026-Jul-05 06:00,-26.706,-10.59,1.01663927665033,0.0000 /?,2.3832073,95.674172
2026-Jul-05 09:00,-26.706,-10.59,1.01664002748983,0.0000 /?,2.3832282,95.723961
2026-Jul-05 12:00,-26.706,-10.59,1.01664071455197,0.0000 /?,2.3832499,95.77372
2026-Jul-05 15:00,-26.706,-10.59,1.01664133739467,0.0000 /?,2.3832722,95.823447
2026-Jul-05 18:00,-26.706,-10.59,1.01664189556559,0.0000 /?,2.3832952,95.873142
2026-Jul-05 21:00,-26.706,-10.59,1.01664238860218,0.0000 /?,2.3833189,95.922805
2026-Jul-06 00:00,-26.706,-10.59,1.01664281603176,0.0000 /?,2.3833433,95.972437
2026-Jul-06 03:00,-26.706,-10.59,1.01664317737157,0.0000 /?,2.3833684,96.022035
2026-Jul-06 06:00,-26.706,-10.59,1.01664347212891,0.0000 /?,2.3833941,96.071601
2026-Jul-06 09:00,-26.706,-10.59,1.0166436998012,0.0000 /?,2.3834205,96.121134
2026-Jul-06 12:00,-26.706,-10.59,1.01664385987608,0.0000 /?,2.3834475,96.170634
2026-Jul-06 15:00,-26.706,-10.59,1.01664395183157,0.0000 /?,2.3834751,96.2201
2026-Jul-06 18:00,-26.706,-10.59,1.01664397513618,0.0000 /?,2.3835033,96.269532
2026-Jul-06 21:00,-26.706,-10.59,1.01664392924908,0.0000 /?,2.3835321,96.318931
2026-Jul-07 00:00,-26.706,-10.59,1.01664381362025,0.0000 /?,2.3835615,96.368295
2026-Jul-07 03:00,-26.706,-10.59,1.01664362769064,0.0000 /?,2.3835914,96.417624
2026-Jul-07 06:00,-26.706,-10.59,1.01664337089245,0.0000 /?,2.3836219,96.466919
2026-Jul-07 09:00,-26.706,-10.59,1.01664304264925,0.0000 /?,2.3836529,96.516178
2026-Jul-07 12:00,-26.706,-10.59,1.01664264237629,0.0000 /?,2.3836844,96.565402
2026-Jul-07 15:00,-26.706,-10.59,1.01664216948074,0.0000 /?,2.3837164,96.614591
2026-Jul-07 18:00,-26.706,-10.59,1.01664162336196,0.0000 /?,2.3837489,96.663743
2026-Jul-07 21:00,-26.706,-10.59,1.01664100341182,0.0000 /?,2.3837819,96.71286
2026-Jul-08 00:00,-26.706,-10.59,1.01664030901506,0.0000 /?,2.3838152,96.76194
2026-Jul-08 03:00,-26.706,-10.59,1.01663953954958,0.0000 /?,2.383849,96.810983
2026-Jul-08 06:00,-26.706,-10.59,1.01663869438689,0.0000 /?,2.3838832,96.859989
2026-Jul-08 09:00,-26.706,-10.59,1.01663777289249,0.0000 /?,2.3839178,96.908958
2026-Jul-08 12:00,-26.706,-10.59,1.01663677442635,0.0000 /?,2.3839527,96.957889
2026-Jul-08 15:00,-26.706,-10.59,1.01663569834333,0.0000 /?,2.3839879,97.006782
2026-Jul-08 18:00,-26.706,-10.59,1.01663454399372,0.0000 /?,2.3840235,97.055638
2026-Jul-08 21:00,-26.706,-10.59,1.0166333107238,0.0000 /?,2.3840593,97.104454
2026-Jul-09 00:00,-26.706,-10.59,1.01663199787635,0.0000 /?,2.3840955,97.153232
2026-Jul-09 03:00,-26.706,-10.59,1.01663060479133,0.0000 /?,2.3841318,97.201971
2026-Jul-09 06:00,-26.706,-10.59,1.01662913080644,0.0000 /?,2.3841684,97.250671
2026-Jul-09 09:00,-26.706,-10.59,1.01662757525788,0.0000 /?,2.3842052,97.299331
2026-Jul-09 12:00,-26.706,-10.59,1.01662593748097,0.0000 /?,2.3842422,97.347951
2026-Jul-09 15:00,-26.706,-10.59,1.01662421681097,0.0000 /?,2.3842792,97.396531
2026-Jul-09 18:00,-26.706,-10.59,1.0166224125838,0.0000 /?,2.3843165,97.44507
2026-Jul-09 21:00,-26.706,-10.59,1.0166205241369,0.0000 /?,2.3843538,97.493568
2026-Jul-10 00:00,-26.706,-10.59,1.01661855081002,0.0000 /?,2.3843912,97.542025
2026-Jul-10 03:00,-26.706,-10.59,1.01661649194614,0.0000 /?,2.3844286,97.590441
2026-Jul-10 06:00,-26.706,-10.59,1.01661434689236,0.0000 /?,2.384466,97.638815
2026-Jul-10 09:00,-26.706,-10.59,1.01661211500084,0.0000 /?,2.3845034,97.687147
2026-Jul-10 12:00,-26.706,-10.59,1.01660979562975,0.0000 /?,2.3845408,97.735436
2026-Jul-10 15:00,-26.706,-10.59,1.01660738814428,0.0000 /?,2.3845781,97.783683
2026-Jul-10 18:00,-26.706,-10.59,1.01660489191763,0.0000 /?,2.3846154,97.831886
2026-Jul-10 21:00,-26.706,-10.59,1.01660230633206,0.0000 /?,2.3846525,97.880047
2026-Jul-11 00:00,-26.706,-10.59,1.01659963077991,0.0000 /?,2.3846895,97.928163
2026-Jul-11 03:00,-26.706,-10.59,1.01659686466471,0.0000 /?,2.3847263,97.976235
2026-Jul-11 06:00,-26.706,-10.59,1.01659400740219,0.0000 /?,2.3847629,98.024263
2026-Jul-11 09:00,-26.706,-10.59,1.01659105842142,0.0000 /?,2.3847993,98.072246
2026-Jul-11 12:00,-26.706,-10.59,1.01658801716582,0.0000 /?,2.3848354,98.120184
2026-Jul-11 15:00,-26.706,-10.59,1.01658488309433,0.0000 /?,2.3848713,98.168077
2026-Jul-11 18:00,-26.706,-10.59,1.01658165568238,0.0000 /?,2.3849068,98.215924
2026-Jul-11 21:00,-26.706,-10.59,1.01657833442303,0.0000 /?,2.3849421,98.263725
2026-Jul-12 00:00,-26.706,-10.59,1.01657491882797,0.0000 /?,2.384977,98.311479
2026-Jul-12 03:00,-26.706,-10.59,1.01657140842856,0.0000 /?,2.3850115,98.359186
2026-Jul-12 06:00,-26.706,-10.59,1.0165678027768,0.0000 /?,2.3850457,98.406847
2026-Jul-12 09:00,-26.706,-10.59,1.01656410144632,0.0000 /?,2.3850794,98.45446
2026-Jul-12 12:00,-26.706,-10.59,1.01656030403331,0.0000 /?,2.3851128,98.502025
2026-Jul-12 15:00,-26.706,-10.59,1.01655641015738,0.0000 /?,2.3851456,98.549542
2026-Jul-12 18:00,-26.706,-10.59,1.01655241946241,0.0000 /?,2.3851781,98.59701
2026-Jul-12 21:00,-26.706,-10.59,1.01654833161735,0.0000 /?,2.38521,98.64443
2026-Jul-13 00:00,-26.706,-10.59,1.01654414631694,0.0000 /?,2.3852415,98.6918
2026-Jul-13 03:00,-26.707,-10.59,1.01653986328238,0.0000 /?,2.3852724,98.739121
2026-Jul-13 06:00,-26.707,-10.59,1.01653548226194,0.0000 /?,2.3853029,98.786392
2026-Jul-13 09:00,-26.707,-10.59,1.01653100303151,0.0000 /?,2.3853328,98.833612
2026-Jul-13 12:00,-26.707,-10.59,1.01652642539507,0.0000 /?,2.3853622,98.880783
2026-Jul-13 15:00,-26.707,-10.59,1.01652174918507,0.0000 /?,2.385391,98.927902
2026-Jul-13 18:00,-26.707,-10.59,1.01651697426278,0.0000 /?,2.3854193,98.97497
2026-Jul-13 21:00,-26.707,-10.59,1.01651210051852,0.0000 /?,2.3854471,99.021987
2026-Jul-14 00:00,-26.707,-10.59,1.01650712787183,0.0000 /?,2.3854742,99.068952
2026-Jul-14 03:00,-26.707,-10.59,1.01650205627154,0.0000 /?,2.3855009,99.115865
2026-Jul-14 06:00,-26.707,-10.59,1.01649688569581,0.0000 /?,2.3855269,99.162725
2026-Jul-14 09:00,-26.707,-10.59,1.01649161615205,0.0000 /?,2.3855524,99.209532
2026-Jul-14 12:00,-26.707,-10.59,1.01648624767676,0.0000 /?,2.3855774,99.256287
2026-Jul-14 15:00,-26.707,-10.59,1.01648078033532,0.0000 /?,2.3856018,99.302988
2026-Jul-14 18:00,-26.707,-10.59,1.01647521422165,0.0000 /?,2.3856257,99.349636
2026-Jul-14 21:00,-26.707,-10.59,1.0164695494579,0.0000 /?,2.385649,99.396229
2026-Jul-15 00:00,-26.707,-10.59,1.01646378619397,0.0000 /?,2.3856718,99.442768
2026-Jul-15 03:00,-26.707,-10.59,1.01645792460699,0.0000 /?,2.3856941,99.489253
2026-Jul-15 06:00,-26.707,-10.59,1.01645196490076,0.0000 /?,2.3857159,99.535683
2026-Jul-15 09:00,-26.707,-10.59,1.01644590730514,0.0000 /?,2.3857371,99.582059
2026-Jul-15 12:00,-26.707,-10.59,1.01643975207531,0.0000 /?,2.3857579,99.628378
2026-Jul-15 15:00,-26.707,-10.59,1.01643349949108,0.0000 /?,2.3857783,99.674643
2026-Jul-15 18:00,-26.707,-10.59,1.0164271498561,0.0000 /?,2.3857981,99.720851
2026-Jul-15 21:00,-26.707,-10.59,1.016420703497,0.0000 /?,2.3858176,99.767004
2026-Jul-16 00:00,-26.707,-10.59,1.01641416076256,0.0000 /?,2.3858366,99.8131
2026-Jul-16 03:00,-26.707,-10.59,1.01640752202281,0.0000 /?,2.3858552,99.859139
2026-Jul-16 06:00,-26.707,-10.59,1.0164007876681,0.0000 /?,2.3858735,99.905122
2026-Jul-16 09:00,-26.707,-10.59,1.01639395810818,0.0000 /?,2.3858914,99.951048
2026-Jul-16 12:00,-26.707,-10.59,1.0163870337712,0.0000 /?,2.3859089,99.996917
2026-Jul-16 15:00,-26.707,-10.59,1.01638001510281,0.0000 /?,2.3859261,100.04273
2026-Jul-16 18:00,-26.707,-10.59,1.01637290256511,0.0000 /?,2.385943,100.08848
2026-Jul-16 21:00,-26.707,-10.59,1.0163656966357,0.0000 /?,2.3859597,100.13418
2026-Jul-17 00:00,-26.707,-10.59,1.01635839780673,0.0000 /?,2.3859761,100.17982
2026-Jul-17 03:00,-26.707,-10.59,1.01635100658385,0.0000 /?,2.3859922,100.2254
2026-Jul-17 06:00,-26.707,-10.59,1.01634352348534,0.0000 /?,2.3860082,100.27092
2026-Jul-17 09:00,-26.707,-10.59,1.01633594904109,0.0000 /?,2.3860239,100.31638
2026-Jul-17 12:00,-26.707,-10.59,1.01632828379168,0.0000 /?,2.3860395,100.36179
2026-Jul-17 15:00,-26.707,-10.59,1.01632052828746,0.0000 /?,2.3860549,100.40713
2026-Jul-17 18:00,-26.707,-10.59,1.01631268308767,0.0000 /?,2.3860702,100.45242
2026-Jul-17 21:00,-26.707,-10.59,1.01630474875956,0.0000 /?,2.3860855,100.49764
2026-Jul-18 00:00,-26.707,-10.59,1.01629672587752,0.0000 /?,2.3861006,100.54281
2026-Jul-18 03:00,-26.707,-10.59,1.01628861502229,0.0000 /?,2.3861157,100.58792
2026-Jul-18 06:00,-26.707,-10.59,1.01628041678014,0.0000 /?,2.3861307,100.63297
2026-Jul-18 09:00,-26.707,-10.59,1.01627213174215,0.0000 /?,2.3861458,100.67796
2026-Jul-18 12:00,-26.707,-10.59,1.01626376050342,0.0000 /?,2.3861608,100.72288
2026-Jul-18 15:00,-26.707,-10.59,1.01625530366244,0.0000 /?,2.3861759,100.76775
2026-Jul-18 18:00,-26.707,-10.59,1.01624676182037,0.0000 /?,2.386191,100.81256
2026-Jul-18 21:00,-26.707,-10.59,1.01623813558043,0.0000 /?,2.3862062,100.85731
2026-Jul-19 00:00,-26.707,-10.59,1.01622942554729,0.0000 /?,2.3862215,100.90199
2026-Jul-19 03:00,-26.707,-10.59,1.01622063232652,0.0000 /?,2.3862369,100.94662
2026-Jul-19 06:00,-26.707,-10.59,1.01621175652404,0.0000 /?,2.3862525,100.99118
2026-Jul-19 09:00,-26.707,-10.59,1.01620279874563,0.0000 /?,2.3862682,101.03569
2026-Jul-19 12:00,-26.707,-10.59,1.01619375959643,0.0000 /?,2.386284,101.08013
2026-Jul-19 15:00,-26.707,-10.59,1.01618463968053,0.0000 /?,2.3863001,101.12451
2026-Jul-19 18:00,-26.707,-10.59,1.01617543960056,0.0000 /?,2.3863163,101.16883
2026-Jul-19 21:00,-26.707,-10.59,1.01616615995726,0.0000 /?,2.3863328,101.21308
2026-Jul-20 00:00,-26.707,-10.59,1.01615680134921,0.0000 /?,2.3863495,101.25728
2026-Jul-20 03:00,-26.707,-10.59,1.01614736437241,0.0000 /?,2.3863665,101.30141
2026-Jul-20 06:00,-26.707,-10.59,1.01613784962007,0.0000 /?,2.3863838,101.34548
2026-Jul-20 09:00,-26.707,-10.59,1.01612825768225,0.0000 /?,2.3864013,101.38949
2026-Jul-20 12:00,-26.707,-10.59,1.01611858914567,0.0000 /?,2.3864191,101.43344
2026-Jul-20 15:00,-26.707,-10.59,1.01610884459347,0.0000 /?,2.3864373,101.47732
2026-Jul-20 18:00,-26.707,-10.59,1.01609902460497,0.0000 /?,2.3864558,101.52114
2026-Jul-20 21:00,-26.707,-10.59,1.01608912975551,0.0000 /?,2.3864746,101.5649
2026-Jul-21 00:00,-26.707,-10.59,1.01607916061628,0.0000 /?,2.3864938,101.60859
2026-Jul-21 03:00,-26.708,-10.59,1.01606911775417,0.0000 /?,2.3865134,101.65223
2026-Jul-21 06:00,-26.708,-10.59,1.01605900173162,0.0000 /?,2.3865333,101.69579
2026-Jul-21 09:00,-26.708,-10.59,1.01604881310651,0.0000 /?,2.3865537,101.7393
2026-Jul-21 12:00,-26.708,-10.59,1.01603855243204,0.0000 /?,2.3865744,101.78274
2026-Jul-21 15:00,-26.708,-10.59,1.01602822025669,0.0000 /?,2.3865956,101.82612
2026-Jul-21 18:00,-26.708,-10.59,1.01601781712406,0.0000 /?,2.3866172,101.86943
2026-Jul-21 21:00,-26.708,-10.59,1.01600734357286,0.0000 /?,2.3866393,101.91268
2026-Jul-22 00:00,-26.708,-10.59,1.01599680013683,0.0000 /?,2.3866618,101.95587
2026-Jul-22 03:00,-26.708,-10.59,1.01598618734467,0.0000 /?,2.3866848,101.99899
2026-Jul-22 06:00,-26.708,-10.59,1.01597550572005,0.0000 /?,2.3867083,102.04205
2026-Jul-22 09:00,-26.708,-10.59,1.01596475578148,0.0000 /?,2.3867322,102.08504
2026-Jul-22 12:00,-26.708,-10.59,1.01595393804239,0.0000 /?,2.3867567,102.12797
2026-Jul-22 15:00,-26.708,-10.59,1.015943053011,0.0000 /?,2.3867817,102.17083
2026-Jul-22 18:00,-26.708,-10.59,1.01593210119038,0.0000 /?,2.3868072,102.21363
2026-Jul-22 21:00,-26.708,-10.59,1.01592108307836,0.0000 /?,2.3868332,102.25636
2026-Jul-23 00:00,-26.708,-10.59,1.01590999916756,0.0000 /?,2.3868597,102.29903
2026-Jul-23 03:00,-26.708,-10.59,1.01589884994536,0.0000 /?,2.3868868,102.34164
2026-Jul-23 06:00,-26.708,-10.59,1.01588763589388,0.0000 /?,2.3869145,102.38417
2026-Jul-23 09:00,-26.708,-10.59,1.01587635748998,0.0000 /?,2.3869427,102.42665
2026-Jul-23 12:00,-26.708,-10.59,1.01586501520522,0.0000 /?,2.3869715,102.46905
2026-Jul-23 15:00,-26.708,-10.59,1.01585360950585,0.0000 /?,2.3870009,102.51139
2026-Jul-23 18:00,-26.708,-10.59,1.01584214085284,0.0000 /?,2.3870308,102.55367
2026-Jul-23 21:00,-26.708,-10.59,1.01583060970178,0.0000 /?,2.3870614,102.59588
2026-Jul-24 00:00,-26.708,-10.59,1.01581901650294,0.0000 /?,2.3870926,102.63802
2026-Jul-24 03:00,-26.708,-10.59,1.01580736170118,0.0000 /?,2.3871244,102.6801
2026-Jul-24 06:00,-26.708,-10.59,1.01579564573597,0.0000 /?,2.3871568,102.72211
2026-Jul-24 09:00,-26.708,-10.59,1.01578386904133,0.0000 /?,2.3871898,102.76405
2026-Jul-24 12:00,-26.708,-10.59,1.01577203204581,0.0000 /?,2.3872235,102.80592
2026-Jul-24 15:00,-26.708,-10.59,1.01576013517245,0.0000 /?,2.3872578,102.84773
2026-Jul-24 18:00,-26.708,-10.59,1.01574817883875,0.0000 /?,2.3872928,102.88948
2026-Jul-24 21:00,-26.708,-10.59,1.01573616345657,0.0000 /?,2.3873284,102.93115
2026-Jul-25 00:00,-26.708,-10.59,1.01572408943215,0.0000 /?,2.3873647,102.97276
2026-Jul-25 03:00,-26.708,-10.59,1.01571195716601,0.0000 /?,2.3874017,103.0143
2026-Jul-25 06:00,-26.708,-10.59,1.01569976705289,0.0000 /?,2.3874394,103.05578
2026-Jul-25 09:00,-26.708,-10.59,1.0156875194817,0.0000 /?,2.3874777,103.09718
2026-Jul-25 12:00,-26.708,-10.59,1.01567521483541,0.0000 /?,2.3875168,103.13852
2026-Jul-25 15:00,-26.708,-10.59,1.01566285349103,0.0000 /?,2.3875566,103.17979
2026-Jul-25 18:00,-26.708,-10.59,1.01565043581946,0.0000 /?,2.3875971,103.22099
2026-Jul-25 21:00,-26.708,-10.59,1.01563796218544,0.0000 /?,2.3876383,103.26213
2026-Jul-26 00:00,-26.708,-10.59,1.01562543294746,0.0000 /?,2.3876802,103.3032
2026-Jul-26 03:00,-26.708,-10.59,1.01561284845762,0.0000 /?,2.3877228,103.34419
2026-Jul-26 06:00,-26.709,-10.59,1.01560020906157,0.0000 /?,2.3877662,103.38512
2026-Jul-26 09:00,-26.709,-10.59,1.01558751509836,0.0000 /?,2.3878104,103.42598
2026-Jul-26 12:00,-26.709,-10.59,1.01557476690034,0.0000 /?,2.3878553,103.46678
2026-Jul-26 15:00,-26.709,-10.59,1.01556196479304,0.0000 /?,2.387901,103.5075
2026-Jul-26 18:00,-26.709,-10.59,1.01554910909505,0.0000 /?,2.3879474,103.54816
2026-Jul-26 21:00,-26.709,-10.59,1.01553620011784,0.0000 /?,2.3879946,103.58874
2026-Jul-27 00:00,-26.709,-10.59,1.01552323816569,0.0000 /?,2.3880426,103.62926
2026-Jul-27 03:00,-26.709,-10.59,1.01551022353551,0.0000 /?,2.3880914,103.66971
2026-Jul-27 06:00,-26.709,-10.59,1.01549715651669,0.0000 /?,2.388141,103.71009
2026-Jul-27 09:00,-26.709,-10.59,1.01548403739097,0.0000 /?,2.3881914,103.75039
2026-Jul-27 12:00,-26.709,-10.59,1.01547086643227,0.0000 /?,2.3882426,103.79063
2026-Jul-27 15:00,-26.709,-10.59,1.01545764390656,0.0000 /?,2.3882946,103.8308
2026-Jul-27 18:00,-26.709,-10.59,1.01544437007165,0.0000 /?,2.3883474,103.8709
2026-Jul-27 21:00,-26.709,-10.59,1.01543104517707,0.0000 /?,2.388401,103.91093
2026-Jul-28 00:00,-26.709,-10.59,1.01541766946389,0.0000 /?,2.3884555,103.95089
2026-Jul-28 03:00,-26.709,-10.59,1.01540424316456,0.0000 /?,2.3885108,103.99078
2026-Jul-28 06:00,-26.709,-10.59,1.01539076650272,0.0000 /?,2.388567,104.0306
2026-Jul-28 09:00,-26.709,-10.59,1.01537723969304,0.0000 /?,2.388624,104.07035
2026-Jul-28 12:00,-26.709,-10.59,1.01536366294107,0.0000 /?,2.3886819,104.11003
2026-Jul-28 15:00,-26.709,-10.59,1.01535003644301,0.0000 /?,2.3887406,104.14964
2026-Jul-28 18:00,-26.709,-10.59,1.01533636038561,0.0000 /?,2.3888002,104.18918
2026-Jul-28 21:00,-26.709,-10.59,1.01532263494592,0.0000 /?,2.3888606,104.22865
2026-Jul-29 00:00,-26.709,-10.59,1.01530886029118,0.0000 /?,2.3889219,104.26804
2026-Jul-29 03:00,-26.709,-10.59,1.0152950365786,0.0000 /?,2.3889841,104.30737
2026-Jul-29 06:00,-26.709,-10.59,1.01528116395523,0.0000 /?,2.3890472,104.34662
2026-Jul-29 09:00,-26.709,-10.59,1.01526724255776,0.0000 /?,2.3891111,104.38581
2026-Jul-29 12:00,-26.709,-10.59,1.01525327251235,0.0000 /?,2.389176,104.42492
2026-Jul-29 15:00,-26.709,-10.59,1.01523925393449,0.0000 /?,2.3892417,104.46396
2026-Jul-29 18:00,-26.709,-10.59,1.0152251869288,0.0000 /?,2.3893083,104.50293
2026-Jul-29 21:00,-26.709,-10.59,1.01521107158892,0.0000 /?,2.3893759,104.54183
2026-Jul-30 00:00,-26.709,-10.59,1.0151969079973,0.0000 /?,2.3894443,104.58065
2026-Jul-30 03:00,-26.709,-10.59,1.01518269622507,0.0000 /?,2.3895136,104.61941
2026-Jul-30 06:00,-26.709,-10.59,1.0151684363319,0.0000 /?,2.3895838,104.65809
2026-Jul-30 09:00,-26.709,-10.59,1.01515412836583,0.0000 /?,2.389655,104.6967
2026-Jul-30 12:00,-26.709,-10.59,1.01513977236316,0.0000 /?,2.389727,104.73524
2026-Jul-30 15:00,-26.71,-10.59,1.0151253683483,0.0000 /?,2.3898,104.7737
2026-Jul-30 18:00,-26.71,-10.59,1.01511091633362,0.0000 /?,2.3898738,104.81209
2026-Jul-30 21:00,-26.71,-10.59,1.01509641631936,0.0000 /?,2.3899486,104.85041
2026-Jul-31 00:00,-26.71,-10.59,1.0150818682935,0.0000 /?,2.3900243,104.88866
2026-Jul-31 03:00,-26.71,-10.59,1.01506727223163,0.0000 /?,2.3901008,104.92684
2026-Jul-31 06:00,-26.71,-10.59,1.01505262809686,0.0000 /?,2.3901783,104.96494
2026-Jul-31 09:00,-26.71,-10.59,1.01503793583973,0.0000 /?,2.3902567,105.00297
2026-Jul-31 12:00,-26.71,-10.59,1.01502319539811,0.0000 /?,2.390336,105.04093
2026-Jul-31 15:00,-26.71,-10.59,1.01500840669707,0.0000 /?,2.3904162,105.07881
2026-Jul-31 18:00,-26.71,-10.59,1.0149935696489,0.0000 /?,2.3904973,105.11662
2026-Jul-31 21:00,-26.71,-10.59,1.01497868415294,0.0000 /?,2.3905793,105.15436
2026-Aug-01 00:00,-26.71,-10.59,1.01496375009557,0.0000 /?,2.3906622,105.19202
2026-Aug-01 03:00,-26.71,-10.59,1.01494876735014,0.0000 /?,2.390746,105.22961
2026-Aug-01 06:00,-26.71,-10.59,1.01493373577694,0.0000 /?,2.3908307,105.26713
2026-Aug-01 09:00,-26.71,-10.59,1.01491865522313,0.0000 /?,2.3909163,105.30457
2026-Aug-01 12:00,-26.71,-10.59,1.01490352552272,0.0000 /?,2.3910027,105.34194
2026-Aug-01 15:00,-26.71,-10.59,1.01488834649657,0.0000 /?,2.3910901,105.37923
2026-Aug-01 18:00,-26.71,-10.59,1.01487311795234,0.0000 /?,2.3911783,105.41645
2026-Aug-01 21:00,-26.71,-10.59,1.01485783968452,0.0000 /?,2.3912673,105.4536
2026-Aug-02 00:00,-26.71,-10.59,1.01484251147439,0.0000 /?,2.3913573,105.49067
2026-Aug-02 03:00,-26.71,-10.59,1.01482713309008,0.0000 /?,2.3914481,105.52767
2026-Aug-02 06:00,-26.71,-10.59,1.01481170428656,0.0000 /?,2.3915397,105.56459
2026-Aug-02 09:00,-26.71,-10.59,1.01479622480567,0.0000 /?,2.3916321,105.60144
2026-Aug-02 12:00,-26.71,-10.59,1.01478069437618,0.0000 /?,2.3917254,105.63821
2026-Aug-02 15:00,-26.71,-10.59,1.01476511271382,0.0000 /?,2.3918196,105.67491
2026-Aug-02 18:00,-26.71,-10.59,1.01474947952135,0.0000 /?,2.3919145,105.71154
2026-Aug-02 21:00,-26.71,-10.59,1.01473379448864,0.0000 /?,2.3920103,105.74808
2026-Aug-03 00:00,-26.71,-10.59,1.01471805729271,0.0000 /?,2.3921068,105.78456
2026-Aug-03 03:00,-26.71,-10.59,1.01470226759787,0.0000 /?,2.3922041,105.82096
2026-Aug-03 06:00,-26.71,-10.59,1.01468642505578,0.0000 /?,2.3923022,105.85728
2026-Aug-03 09:00,-26.711,-10.59,1.0146705293056,0.0000 /?,2.3924011,105.89352
2026-Aug-03 12:00,-26.711,-10.59,1.01465457997408,0.0000 /?,2.3925007,105.92969
2026-Aug-03 15:00,-26.711,-10.59,1.0146385766757,0.0000 /?,2.3926011,105.96579
2026-Aug-03 18:00,-26.711,-10.59,1.01462251901286,0.0000 /?,2.3927022,106.00181
2026-Aug-03 21:00,-26.711,-10.59,1.01460640657598,0.0000 /?,2.392804,106.03775
2026-Aug-04 00:00,-26.711,-10.59,1.01459023894371,0.0000 /?,2.3929065,106.07362
2026-Aug-04 03:00,-26.711,-10.59,1.0145740156831,0.0000 /?,2.3930097,106.10941
2026-Aug-04 06:00,-26.711,-10.59,1.01455773634983,0.0000 /?,2.3931136,106.14512
2026-Aug-04 09:00,-26.711,-10.59,1.01454140048837,0.0000 /?,2.3932181,106.18076
2026-Aug-04 12:00,-26.711,-10.59,1.01452500763229,0.0000 /?,2.3933233,106.21632
2026-Aug-04 15:00,-26.711,-10.59,1.01450855730443,0.0000 /?,2.3934291,106.2518
2026-Aug-04 18:00,-26.711,-10.59,1.01449204901721,0.0000 /?,2.3935355,106.28721
2026-Aug-04 21:00,-26.711,-10.59,1.01447548227287,0.0000 /?,2.3936425,106.32253
2026-Aug-05 00:00,-26.711,-10.59,1.01445885656383,0.0000 /?,2.3937501,106.35779
2026-Aug-05 03:00,-26.711,-10.59,1.01444217137295,0.0000 /?,2.3938583,106.39296
2026-Aug-05 06:00,-26.711,-10.59,1.01442542617386,0.0000 /?,2.393967,106.42806
2026-Aug-05 09:00,-26.711,-10.59,1.01440862043137,0.0000 /?,2.3940762,106.46307
2026-Aug-05 12:00,-26.711,-10.59,1.01439175360179,0.0000 /?,2.3941859,106.49802
2026-Aug-05 15:00,-26.711,-10.59,1.01437482513334,0.0000 /?,2.3942961,106.53288
2026-Aug-05 18:00,-26.711,-10.59,1.01435783446659,0.0000 /?,2.3944068,106.56766
2026-Aug-05 21:00,-26.711,-10.59,1.01434078103487,0.0000 /?,2.3945179,106.60237
2026-Aug-06 00:00,-26.711,-10.59,1.01432366426473,0.0000 /?,2.3946294,106.637
2026-Aug-06 03:00,-26.711,-10.59,1.01430648357644,0.0000 /?,2.3947414,106.67155
2026-Aug-06 06:00,-26.711,-10.59,1.0142892383845,0.0000 /?,2.3948537,106.70602
2026-Aug-06 09:00,-26.711,-10.59,1.01427192809816,0.0000 /?,2.3949664,106.74041
2026-Aug-06 12:00,-26.711,-10.59,1.01425455212199,0.0000 /?,2.3950794,106.77472
2026-Aug-06 15:00,-26.711,-10.59,1.01423710985643,0.0000 /?,2.3951927,106.80895
2026-Aug-06 18:00,-26.711,-10.59,1.01421960069845,0.0000 /?,2.3953063,106.84311
2026-Aug-06 21:00,-26.712,-10.59,1.01420202404214,0.0000 /?,2.3954202,106.87718
2026-Aug-07 00:00,-26.712,-10.59,1.01418437927937,0.0000 /?,2.3955343,106.91117
2026-Aug-07 03:00,-26.712,-10.59,1.0141666658005,0.0000 /?,2.3956487,106.94509
2026-Aug-07 06:00,-26.712,-10.59,1.01414888299505,0.0000 /?,2.3957632,106.97892
2026-Aug-07 09:00,-26.712,-10.59,1.01413103025247,0.0000 /?,2.3958779,107.01268
2026-Aug-07 12:00,-26.712,-10.59,1.01411310696287,0.0000 /?,2.3959927,107.04635
2026-Aug-07 15:00,-26.712,-10.59,1.0140951125178,0.0000 /?,2.3961076,107.07994
2026-Aug-07 18:00,-26.712,-10.59,1.01407704631106,0.0000 /?,2.3962226,107.11346
2026-Aug-07 21:00,-26.712,-10.59,1.01405890773952,0.0000 /?,2.3963377,107.14689
2026-Aug-08 00:00,-26.712,-10.59,1.01404069620395,0.0000 /?,2.3964528,107.18024
2026-Aug-08 03:00,-26.712,-10.59,1.0140224111099,0.0000 /?,2.396568,107.21351
2026-Aug-08 06:00,-26.712,-10.59,1.01400405186858,0.0000 /?,2.3966831,107.2467
2026-Aug-08 09:00,-26.712,-10.59,1.01398561789773,0.0000 /?,2.3967981,107.2798
2026-Aug-08 12:00,-26.712,-10.59,1.01396710862252,0.0000 /?,2.3969131,107.31283
2026-Aug-08 15:00,-26.712,-10.59,1.01394852347653,0.0000 /?,2.397028,107.34577
2026-Aug-08 18:00,-26.712,-10.59,1.01392986190259,0.0000 /?,2.3971428,107.37863
2026-Aug-08 21:00,-26.712,-10.59,1.01391112335378,0.0000 /?,2.3972575,107.41141
2026-Aug-09 00:00,-26.712,-10.59,1.01389230729431,0.0000 /?,2.3973719,107.44411
2026-Aug-09 03:00,-26.712,-10.59,1.01387341320052,0.0000 /?,2.3974862,107.47672
2026-Aug-09 06:00,-26.712,-10.59,1.01385444056173,0.0000 /?,2.3976002,107.50925
2026-Aug-09 09:00,-26.712,-10.59,1.01383538888125,0.0000 /?,2.397714,107.5417
2026-Aug-09 12:00,-26.712,-10.59,1.01381625767724,0.0000 /?,2.3978276,107.57406
2026-Aug-09 15:00,-26.712,-10.59,1.01379704648362,0.0000 /?,2.3979408,107.60634
2026-Aug-09 18:00,-26.712,-10.59,1.01377775485098,0.0000 /?,2.3980537,107.63854
2026-Aug-09 21:00,-26.712,-10.59,1.01375838234744,0.0000 /?,2.3981663,107.67066
2026-Aug-10 00:00,-26.712,-10.59,1.01373892855949,0.0000 /?,2.3982786,107.70269
2026-Aug-10 03:00,-26.713,-10.59,1.01371939309279,0.0000 /?,2.3983904,107.73463
2026-Aug-10 06:00,-26.713,-10.59,1.01369977557299,0.0000 /?,2.3985019,107.76649
2026-Aug-10 09:00,-26.713,-10.59,1.01368007564646,0.0000 /?,2.398613,107.79827
2026-Aug-10 12:00,-26.713,-10.59,1.01366029298101,0.0000 /?,2.3987236,107.82997
2026-Aug-10 15:00,-26.713,-10.59,1.01364042726655,0.0000 /?,2.3988338,107.86158
2026-Aug-10 18:00,-26.713,-10.59,1.01362047821575,0.0000 /?,2.3989435,107.8931
2026-Aug-10 21:00,-26.713,-10.59,1.01360044556459,0.0000 /?,2.3990528,107.92454
2026-Aug-11 00:00,-26.713,-10.59,1.01358032907292,0.0000 /?,2.3991615,107.95589
2026-Aug-11 03:00,-26.713,-10.59,1.01356012852492,0.0000 /?,2.3992698,107.98716
2026-Aug-11 06:00,-26.713,-10.59,1.01353984372954,0.0000 /?,2.3993775,108.01834
2026-Aug-11 09:00,-26.713,-10.59,1.01351947452084,0.0000 /?,2.3994848,108.04944
2026-Aug-11 12:00,-26.713,-10.59,1.01349902075836,0.0000 /?,2.3995915,108.08046
2026-Aug-11 15:00,-26.713,-10.59,1.01347848232732,0.0000 /?,2.3996977,108.11138
2026-Aug-11 18:00,-26.713,-10.59,1.01345785913881,0.0000 /?,2.3998033,108.14222
2026-Aug-11 21:00,-26.713,-10.59,1.01343715112998,0.0000 /?,2.3999084,108.17298
2026-Aug-12 00:00,-26.713,-10.59,1.01341635826404,0.0000 /?,2.4000129,108.20365
2026-Aug-12 03:00,-26.713,-10.59,1.01339548053029,0.0000 /?,2.4001169,108.23423
2026-Aug-12 06:00,-26.713,-10.59,1.0133745179441,0.0000 /?,2.4002203,108.26472
2026-Aug-12 09:00,-26.713,-10.59,1.01335347054676,0.0000 /?,2.4003232,108.29513
2026-Aug-12 12:00,-26.713,-10.59,1.01333233840531,0.0000 /?,2.4004255,108.32546
2026-Aug-12 15:00,-26.713,-10.59,1.01331112161233,0.0000 /?,2.4005273,108.35569
2026-Aug-12 18:00,-26.713,-10.59,1.01328982028564,0.0000 /?,2.4006286,108.38584
2026-Aug-12 21:00,-26.714,-10.59,1.01326843456797,0.0000 /?,2.4007293,108.4159
2026-Aug-13 00:00,-26.714,-10.59,1.01324696462657,0.0000 /?,2.4008295,108.44588
2026-Aug-13 03:00,-26.714,-10.59,1.01322541065275,0.0000 /?,2.4009291,108.47577
2026-Aug-13 06:00,-26.714,-10.59,1.01320377286143,0.0000 /?,2.4010283,108.50557
2026-Aug-13 09:00,-26.714,-10.59,1.01318205149058,0.0000 /?,2.4011269,108.53528
2026-Aug-13 12:00,-26.714,-10.59,1.01316024680068,0.0000 /?,2.4012251,108.56491
2026-Aug-13 15:00,-26.714,-10.59,1.01313835907408,0.0000 /?,2.4013227,108.59445
2026-Aug-13 18:00,-26.714,-10.59,1.0131163886144,0.0000 /?,2.4014199,108.6239
2026-Aug-13 21:00,-26.714,-10.59,1.01309433574585,0.0000 /?,2.4015167,108.65327
2026-Aug-14 00:00,-26.714,-10.59,1.01307220081251,0.0000 /?,2.401613,108.68255
2026-Aug-14 03:00,-26.714,-10.59,1.01304998417767,0.0000 /?,2.4017088,108.71174
2026-Aug-14 06:00,-26.714,-10.59,1.01302768622301,0.0000 /?,2.4018043,108.74084
2026-Aug-14 09:00,-26.714,-10.59,1.01300530734796,0.0000 /?,2.4018993,108.76986
2026-Aug-14 12:00,-26.714,-10.59,1.01298284796885,0.0000 /?,2.401994,108.79878
2026-Aug-14 15:00,-26.714,-10.59,1.01296030851815,0.0000 /?,2.4020882,108.82762
2026-Aug-14 18:00,-26.714,-10.59,1.01293768944374,0.0000 /?,2.4021822,108.85638
2026-Aug-14 21:00,-26.714,-10.59,1.0129149912081,0.0000 /?,2.4022758,108.88504
2026-Aug-15 00:00,-26.714,-10.59,1.01289221428751,0.0000 /?,2.4023691,108.91362
2026-Aug-15 03:00,-26.714,-10.59,1.01286935917132,0.0000 /?,2.402462,108.94211
2026-Aug-15 06:00,-26.714,-10.59,1.01284642636115,0.0000 /?,2.4025547,108.97051
2026-Aug-15 09:00,-26.714,-10.59,1.01282341637017,0.0000 /?,2.4026472,108.99882
2026-Aug-15 12:00,-26.715,-10.59,1.01280032972228,0.0000 /?,2.4027394,109.02705
2026-Aug-15 15:00,-26.715,-10.59,1.01277716695145,0.0000 /?,2.4028313,109.05519
2026-Aug-15 18:00,-26.715,-10.59,1.01275392860097,0.0000 /?,2.4029231,109.08324
2026-Aug-15 21:00,-26.715,-10.59,1.01273061522273,0.0000 /?,2.4030146,109.1112
2026-Aug-16 00:00,-26.715,-10.59,1.01270722737657,0.0000 /?,2.403106,109.13907
2026-Aug-16 03:00,-26.715,-10.59,1.01268376562959,0.0000 /?,2.4031973,109.16686
2026-Aug-16 06:00,-26.715,-10.59,1.01266023055553,0.0000 /?,2.4032884,109.19456
2026-Aug-16 09:00,-26.715,-10.59,1.01263662273412,0.0000 /?,2.4033793,109.22217
2026-Aug-16 12:00,-26.715,-10.59,1.01261294275051,0.0000 /?,2.4034702,109.2497
2026-Aug-16 15:00,-26.715,-10.59,1.01258919119469,0.0000 /?,2.403561,109.27713
2026-Aug-16 18:00,-26.715,-10.59,1.01256536866092,0.0000 /?,2.4036517,109.30448
2026-Aug-16 21:00,-26.715,-10.59,1.01254147574724,0.0000 /?,2.4037424,109.33174
2026-Aug-17 00:00,-26.715,-10.59,1.01251751305494,0.0000 /?,2.4038331,109.35891
2026-Aug-17 03:00,-26.715,-10.59,1.0124934811881,0.0000 /?,2.4039237,109.38599
2026-Aug-17 06:00,-26.715,-10.59,1.01246938075313,0.0000 /?,2.4040143,109.41299
2026-Aug-17 09:00,-26.715,-10.59,1.01244521235834,0.0000 /?,2.404105,109.4399
2026-Aug-17 12:00,-26.715,-10.59,1.01242097661355,0.0000 /?,2.4041957,109.46672
2026-Aug-17 15:00,-26.715,-10.59,1.01239667412973,0.0000 /?,2.4042864,109.49345
2026-Aug-17 18:00,-26.715,-10.59,1.01237230551859,0.0000 /?,2.4043772,109.52009
2026-Aug-17 21:00,-26.715,-10.59,1.01234787139229,0.0000 /?,2.4044681,109.54665
2026-Aug-18 00:00,-26.716,-10.59,1.01232337236313,0.0000 /?,2.404559,109.57312
2026-Aug-18 03:00,-26.716,-10.59,1.01229880904324,0.0000 /?,2.4046501,109.5995
2026-Aug-18 06:00,-26.716,-10.59,1.01227418204434,0.0000 /?,2.4047413,109.62579
2026-Aug-18 09:00,-26.716,-10.59,1.01224949197746,0.0000 /?,2.4048326,109.65199
2026-Aug-18 12:00,-26.716,-10.59,1.01222473945275,0.0000 /?,2.4049241,109.67811
2026-Aug-18 15:00,-26.716,-10.59,1.01219992507924,0.0000 /?,2.4050157,109.70414
2026-Aug-18 18:00,-26.716,-10.59,1.01217504946464,0.0000 /?,2.4051076,109.73008
2026-Aug-18 21:00,-26.716,-10.59,1.01215011321522,0.0000 /?,2.4051996,109.75593
2026-Aug-19 00:00,-26.716,-10.59,1.01212511693559,0.0000 /?,2.4052918,109.7817
2026-Aug-19 03:00,-26.716,-10.59,1.01210006122857,0.0000 /?,2.4053842,109.80737
2026-Aug-19 06:00,-26.716,-10.59,1.01207494669509,0.0000 /?,2.4054768,109.83296
2026-Aug-19 09:00,-26.716,-10.59,1.01204977393403,0.0000 /?,2.4055697,109.85846
2026-Aug-19 12:00,-26.716,-10.59,1.01202454354215,0.0000 /?,2.4056628,109.88387
2026-Aug-19 15:00,-26.716,-10.59,1.01199925611397,0.0000 /?,2.4057562,109.9092
2026-Aug-19 18:00,-26.716,-10.59,1.01197391224168,0.0000 /?,2.4058499,109.93444
2026-Aug-19 21:00,-26.716,-10.59,1.0119485125151,0.0000 /?,2.4059438,109.95958
2026-Aug-20 00:00,-26.716,-10.59,1.01192305752159,0.0000 /?,2.406038,109.98464
2026-Aug-20 03:00,-26.716,-10.59,1.01189754784596,0.0000 /?,2.4061326,110.00962
2026-Aug-20 06:00,-26.716,-10.59,1.01187198407049,0.0000 /?,2.4062274,110.0345
2026-Aug-20 09:00,-26.717,-10.59,1.01184636677483,0.0000 /?,2.4063226,110.0593
2026-Aug-20 12:00,-26.717,-10.59,1.01182069653595,0.0000 /?,2.406418,110.084
2026-Aug-20 15:00,-26.717,-10.59,1.01179497392814,0.0000 /?,2.4065139,110.10862
2026-Aug-20 18:00,-26.717,-10.59,1.01176919952296,0.0000 /?,2.4066101,110.13316
2026-Aug-20 21:00,-26.717,-10.59,1.01174337388921,0.0000 /?,2.4067066,110.1576
2026-Aug-21 00:00,-26.717,-10.59,1.01171749759288,0.0000 /?,2.4068035,110.18196
2026-Aug-21 03:00,-26.717,-10.59,1.01169157119716,0.0000 /?,2.4069008,110.20622
2026-Aug-21 06:00,-26.717,-10.59,1.01166559526237,0.0000 /?,2.4069985,110.2304
2026-Aug-21 09:00,-26.717,-10.59,1.01163957034597,0.0000 /?,2.4070966,110.25449
2026-Aug-21 12:00,-26.717,-10.59,1.01161349700252,0.0000 /?,2.407195,110.2785
2026-Aug-21 15:00,-26.717,-10.59,1.01158737578363,0.0000 /?,2.4072939,110.30241
2026-Aug-21 18:00,-26.717,-10.59,1.01156120723795,0.0000 /?,2.4073933,110.32624
2026-Aug-21 21:00,-26.717,-10.59,1.01153499191112,0.0000 /?,2.407493,110.34998
2026-Aug-22 00:00,-26.717,-10.59,1.01150873034577,0.0000 /?,2.4075932,110.37363
2026-Aug-22 03:00,-26.717,-10.59,1.01148242308141,0.0000 /?,2.4076939,110.39719
2026-Aug-22 06:00,-26.717,-10.59,1.01145607065445,0.0000 /?,2.407795,110.42066
2026-Aug-22 09:00,-26.717,-10.59,1.01142967359811,0.0000 /?,2.4078966,110.44405
2026-Aug-22 12:00,-26.718,-10.59,1.01140323244238,0.0000 /?,2.4079986,110.46734
2026-Aug-22 15:00,-26.718,-10.59,1.01137674771397,0.0000 /?,2.4081012,110.49055
2026-Aug-22 18:00,-26.718,-10.59,1.01135021993621,0.0000 /?,2.4082042,110.51367
2026-Aug-22 21:00,-26.718,-10.59,1.01132364962899,0.0000 /?,2.4083078,110.53671
2026-Aug-23 00:00,-26.718,-10.59,1.01129703730872,0.0000 /?,2.4084118,110.55965
2026-Aug-23 03:00,-26.718,-10.59,1.01127038348817,0.0000 /?,2.4085164,110.58251
2026-Aug-23 06:00,-26.718,-10.59,1.01124368867643,0.0000 /?,2.4086215,110.60527
2026-Aug-23 09:00,-26.718,-10.59,1.01121695337877,0.0000 /?,2.4087272,110.62795
2026-Aug-23 12:00,-26.718,-10.59,1.01119017809659,0.0000 /?,2.4088334,110.65054
2026-Aug-23 15:00,-26.718,-10.59,1.0111633633272,0.0000 /?,2.4089402,110.67305
2026-Aug-23 18:00,-26.718,-10.59,1.0111365095638,0.0000 /?,2.4090475,110.69546
2026-Aug-23 21:00,-26.718,-10.59,1.01110961729526,0.0000 /?,2.4091554,110.71779
2026-Aug-24 00:00,-26.718,-10.59,1.01108268700604,0.0000 /?,2.4092639,110.74002
2026-Aug-24 03:00,-26.718,-10.59,1.01105571917598,0.0000 /?,2.409373,110.76217
2026-Aug-24 06:00,-26.718,-10.59,1.01102871428016,0.0000 /?,2.4094827,110.78423
2026-Aug-24 09:00,-26.718,-10.59,1.01100167278876,0.0000 /?,2.409593,110.80621
2026-Aug-24 12:00,-26.718,-10.59,1.01097459516681,0.0000 /?,2.4097039,110.82809
2026-Aug-24 15:00,-26.718,-10.59,1.01094748187406,0.0000 /?,2.4098155,110.84989
2026-Aug-24 18:00,-26.719,-10.59,1.01092033336475,0.0000 /?,2.4099277,110.87159
2026-Aug-24 21:00,-26.719,-10.59,1.01089315008742,0.0000 /?,2.4100405,110.89321
2026-Aug-25 00:00,-26.719,-10.59,1.01086593248465,0.0000 /?,2.4101541,110.91474
2026-Aug-25 03:00,-26.719,-10.59,1.0108386809929,0.0000 /?,2.4102682,110.93618
2026-Aug-25 06:00,-26.719,-10.59,1.01081139604223,0.0000 /?,2.4103831,110.95754
2026-Aug-25 09:00,-26.719,-10.59,1.01078407805606,0.0000 /?,2.4104987,110.9788
2026-Aug-25 12:00,-26.719,-10.59,1.01075672745094,0.0000 /?,2.4106149,110.99998
2026-Aug-25 15:00,-26.719,-10.59,1.01072934463627,0.0000 /?,2.4107319,111.02107
2026-Aug-25 18:00,-26.719,-10.59,1.01070193001404,0.0000 /?,2.4108495,111.04207
2026-Aug-25 21:00,-26.719,-10.59,1.01067448397858,0.0000 /?,2.4109679,111.06298
2026-Aug-26 00:00,-26.719,-10.59,1.01064700691624,0.0000 /?,2.4110871,111.0838
2026-Aug-26 03:00,-26.719,-10.59,1.01061949920514,0.0000 /?,2.4112069,111.10453
2026-Aug-26 06:00,-26.719,-10.59,1.01059196121486,0.0000 /?,2.4113276,111.12518
2026-Aug-26 09:00,-26.719,-10.59,1.01056439330615,0.0000 /?,2.411449,111.14574
2026-Aug-26 12:00,-26.719,-10.59,1.01053679583063,0.0000 /?,2.4115711,111.16621
2026-Aug-26 15:00,-26.719,-10.59,1.0105091691305,0.0000 /?,2.411694,111.18659
2026-Aug-26 18:00,-26.719,-10.59,1.01048151353821,0.0000 /?,2.4118178,111.20688
2026-Aug-26 21:00,-26.72,-10.59,1.01045382937615,0.0000 /?,2.4119423,111.22708
2026-Aug-27 00:00,-26.72,-10.59,1.01042611695638,0.0000 /?,2.4120676,111.2472
2026-Aug-27 03:00,-26.72,-10.59,1.01039837658026,0.0000 /?,2.4121937,111.26722
2026-Aug-27 06:00,-26.72,-10.59,1.01037060853819,0.0000 /?,2.4123206,111.28716
2026-Aug-27 09:00,-26.72,-10.59,1.01034281310926,0.0000 /?,2.4124484,111.30701
2026-Aug-27 12:00,-26.72,-10.59,1.01031499056097,0.0000 /?,2.412577,111.32677
2026-Aug-27 15:00,-26.72,-10.59,1.01028714114889,0.0000 /?,2.4127064,111.34644
2026-Aug-27 18:00,-26.72,-10.59,1.01025926511641,0.0000 /?,2.4128367,111.36602
2026-Aug-27 21:00,-26.72,-10.59,1.01023136269437,0.0000 /?,2.4129678,111.38551
2026-Aug-28 00:00,-26.72,-10.59,1.01020343410082,0.0000 /?,2.4130997,111.40492
2026-Aug-28 03:00,-26.72,-10.59,1.01017547954071,0.0000 /?,2.4132326,111.42424
2026-Aug-28 06:00,-26.72,-10.59,1.01014749920559,0.0000 /?,2.4133663,111.44346
2026-Aug-28 09:00,-26.72,-10.59,1.01011949327337,0.0000 /?,2.4135008,111.4626
2026-Aug-28 12:00,-26.72,-10.59,1.01009146190804,0.0000 /?,2.4136363,111.48165
2026-Aug-28 15:00,-26.72,-10.59,1.0100634052594,0.0000 /?,2.4137726,111.50061
2026-Aug-28 18:00,-26.72,-10.59,1.01003532346281,0.0000 /?,2.4139098,111.51948
2026-Aug-28 21:00,-26.721,-10.59,1.01000721663898,0.0000 /?,2.4140478,111.53827
2026-Aug-29 00:00,-26.721,-10.59,1.00997908489373,0.0000 /?,2.4141868,111.55696
2026-Aug-29 03:00,-26.721,-10.59,1.00995092831776,0.0000 /?,2.4143266,111.57557
2026-Aug-29 06:00,-26.721,-10.59,1.00992274698648,0.0000 /?,2.4144674,111.59408
2026-Aug-29 09:00,-26.721,-10.59,1.00989454095981,0.0000 /?,2.414609,111.61251
2026-Aug-29 12:00,-26.721,-10.59,1.00986631028202,0.0000 /?,2.4147515,111.63085
2026-Aug-29 15:00,-26.721,-10.59,1.00983805498154,0.0000 /?,2.4148949,111.6491
2026-Aug-29 18:00,-26.721,-10.59,1.00980977507089,0.0000 /?,2.4150392,111.66726
2026-Aug-29 21:00,-26.721,-10.59,1.00978147054646,0.0000 /?,2.4151844,111.68533
2026-Aug-30 00:00,-26.721,-10.59,1.00975314138852,0.0000 /?,2.4153304,111.70331
2026-Aug-30 03:00,-26.721,-10.59,1.00972478756101,0.0000 /?,2.4154774,111.72121
2026-Aug-30 06:00,-26.721,-10.59,1.00969640901158,0.0000 /?,2.4156252,111.73901
2026-Aug-30 09:00,-26.721,-10.59,1.00966800567146,0.0000 /?,2.4157739,111.75672
2026-Aug-30 12:00,-26.721,-10.59,1.00963957745547,0.0000 /?,2.4159234,111.77435
2026-Aug-30 15:00,-26.721,-10.59,1.00961112426197,0.0000 /?,2.4160739,111.79188
2026-Aug-30 18:00,-26.721,-10.59,1.00958264597291,0.0000 /?,2.4162251,111.80933
2026-Aug-30 21:00,-26.721,-10.59,1.00955414245382,0.0000 /?,2.4163773,111.82668
2026-Aug-31 00:00,-26.722,-10.59,1.00952561355385,0.0000 /?,2.4165303,111.84395
2026-Aug-31 03:00,-26.722,-10.59,1.00949705910587,0.0000 /?,2.4166841,111.86113
2026-Aug-31 06:00,-26.722,-10.59,1.00946847892652,0.0000 /?,2.4168388,111.87821
2026-Aug-31 09:00,-26.722,-10.59,1.00943987281632,0.0000 /?,2.4169942,111.89521
2026-Aug-31 12:00,-26.722,-10.59,1.0094112405598,0.0000 /?,2.4171505,111.91212
2026-Aug-31 15:00,-26.722,-10.59,1.00938258192565,0.0000 /?,2.4173076,111.92894
2026-Aug-31 18:00,-26.722,-10.59,1.00935389666684,0.0000 /?,2.4174655,111.94567
2026-Aug-31 21:00,-26.722,-10.59,1.00932518452088,0.0000 /?,2.4176242,111.9623
2026-Sep-01 00:00,-26.722,-10.59,1.00929644520994,0.0000 /?,2.4177836,111.97885
2026-Sep-01 03:00,-26.722,-10.59,1.00926767844111,0.0000 /?,2.4179438,111.99531
2026-Sep-01 06:00,-26.722,-10.59,1.00923888390665,0.0000 /?,2.4181048,112.01168
2026-Sep-01 09:00,-26.722,-10.59,1.00921006128422,0.0000 /?,2.4182664,112.02795
2026-Sep-01 12:00,-26.722,-10.59,1.00918121023717,0.0000 /?,2.4184288,112.04414
2026-Sep-01 15:00,-26.722,-10.59,1.00915233041486,0.0000 /?,2.4185919,112.06024
2026-Sep-01 18:00,-26.722,-10.59,1.00912342145292,0.0000 /?,2.4187557,112.07625
2026-Sep-01 21:00,-26.722,-10.59,1.00909448297363,0.0000 /?,2.4189202,112.09216
2026-Sep-02 00:00,-26.723,-10.59,1.00906551458625,0.0000 /?,2.4190853,112.10799
2026-Sep-02 03:00,-26.723,-10.59,1.0090365158874,0.0000 /?,2.419251,112.12372
2026-Sep-02 06:00,-26.723,-10.59,1.00900748646143,0.0000 /?,2.4194173,112.13937
2026-Sep-02 09:00,-26.723,-10.59,1.0089784258808,0.0000 /?,2.4195843,112.15492
2026-Sep-02 12:00,-26.723,-10.59,1.00894933370658,0.0000 /?,2.4197519,112.17038
2026-Sep-02 15:00,-26.723,-10.59,1.00892020948878,0.0000 /?,2.41992,112.18575
2026-Sep-02 18:00,-26.723,-10.59,1.00889105276689,0.0000 /?,2.4200886,112.20103
2026-Sep-02 21:00,-26.723,-10.59,1.00886186307028,0.0000 /?,2.4202578,112.21622
2026-Sep-03 00:00,-26.723,-10.59,1.00883263991873,0.0000 /?,2.4204275,112.23132
2026-Sep-03 03:00,-26.723,-10.59,1.0088033828229,0.0000 /?,2.4205976,112.24633
2026-Sep-03 06:00,-26.723,-10.59,1.00877409128488,0.0000 /?,2.4207682,112.26124
2026-Sep-03 09:00,-26.723,-10.59,1.00874476479867,0.0000 /?,2.4209393,112.27606
2026-Sep-03 12:00,-26.723,-10.59,1.00871540285077,0.0000 /?,2.4211108,112.2908
2026-Sep-03 15:00,-26.723,-10.59,1.00868600492071,0.0000 /?,2.4212827,112.30544
2026-Sep-03 18:00,-26.723,-10.59,1.00865657048162,0.0000 /?,2.4214549,112.31999
2026-Sep-03 21:00,-26.723,-10.59,1.00862709900087,0.0000 /?,2.4216275,112.33444
2026-Sep-04 00:00,-26.724,-10.59,1.00859758994059,0.0000 /?,2.4218005,112.34881
2026-Sep-04 03:00,-26.724,-10.59,1.00856804275835,0.0000 /?,2.4219737,112.36308
2026-Sep-04 06:00,-26.724,-10.59,1.00853845690777,0.0000 /?,2.4221472,112.37726
2026-Sep-04 09:00,-26.724,-10.59,1.00850883183914,0.0000 /?,2.422321,112.39135
2026-Sep-04 12:00,-26.724,-10.59,1.00847916700011,0.0000 /?,2.422495,112.40535
2026-Sep-04 15:00,-26.724,-10.59,1.00844946183633,0.0000 /?,2.4226692,112.41925
2026-Sep-04 18:00,-26.724,-10.59,1.00841971579213,0.0000 /?,2.4228436,112.43306
2026-Sep-04 21:00,-26.724,-10.59,1.00838992831122,0.0000 /?,2.4230181,112.44678
2026-Sep-05 00:00,-26.724,-10.59,1.00836009883736,0.0000 /?,2.4231928,112.46041
2026-Sep-05 03:00,-26.724,-10.59,1.00833022681513,0.0000 /?,2.4233676,112.47394
2026-Sep-05 06:00,-26.724,-10.59,1.00830031169056,0.0000 /?,2.4235424,112.48738
2026-Sep-05 09:00,-26.724,-10.59,1.00827035291194,0.0000 /?,2.4237174,112.50073
2026-Sep-05 12:00,-26.724,-10.59,1.0082403499305,0.0000 /?,2.4238923,112.51399
2026-Sep-05 15:00,-26.724,-10.59,1.00821030220115,0.0000 /?,2.4240673,112.52715
2026-Sep-05 18:00,-26.724,-10.59,1.00818020918326,0.0000 /?,2.4242422,112.54022
2026-Sep-05 21:00,-26.724,-10.59,1.00815007034137,0.0000 /?,2.4244171,112.55319
2026-Sep-06 00:00,-26.725,-10.59,1.00811988514599,0.0000 /?,2.4245919,112.56608
2026-Sep-06 03:00,-26.725,-10.59,1.00808965307428,0.0000 /?,2.4247667,112.57886
2026-Sep-06 06:00,-26.725,-10.59,1.00805937361088,0.0000 /?,2.4249413,112.59156
2026-Sep-06 09:00,-26.725,-10.59,1.00802904624862,0.0000 /?,2.4251158,112.60416
2026-Sep-06 12:00,-26.725,-10.59,1.00799867048928,0.0000 /?,2.4252901,112.61667
2026-Sep-06 15:00,-26.725,-10.59,1.00796824584433,0.0000 /?,2.4254642,112.62908
2026-Sep-06 18:00,-26.725,-10.59,1.00793777183569,0.0000 /?,2.4256381,112.6414
2026-Sep-06 21:00,-26.725,-10.59,1.00790724799645,0.0000 /?,2.4258118,112.65363
2026-Sep-07 00:00,-26.725,-10.59,1.0078766738716,0.0000 /?,2.4259852,112.66576
2026-Sep-07 03:00,-26.725,-10.59,1.00784604901873,0.0000 /?,2.4261583,112.6778
2026-Sep-07 06:00,-26.725,-10.59,1.00781537300874,0.0000 /?,2.4263311,112.68974
2026-Sep-07 09:00,-26.725,-10.59,1.00778464542653,0.0000 /?,2.4265036,112.70159
2026-Sep-07 12:00,-26.725,-10.59,1.00775386587167,0.0000 /?,2.4266758,112.71334
2026-Sep-07 15:00,-26.725,-10.59,1.00772303395903,0.0000 /?,2.4268476,112.725
2026-Sep-07 18:00,-26.725,-10.59,1.00769214931943,0.0000 /?,2.427019,112.73657
2026-Sep-07 21:00,-26.726,-10.59,1.00766121160025,0.0000 /?,2.42719,112.74804
2026-Sep-08 00:00,-26.726,-10.59,1.00763022046597,0.0000 /?,2.4273606,112.75941
2026-Sep-08 03:00,-26.726,-10.59,1.0075991755988,0.0000 /?,2.4275308,112.77069
2026-Sep-08 06:00,-26.726,-10.59,1.00756807669914,0.0000 /?,2.4277005,112.78188
2026-Sep-08 09:00,-26.726,-10.59,1.0075369234861,0.0000 /?,2.4278697,112.79297
2026-Sep-08 12:00,-26.726,-10.59,1.00750571569798,0.0000 /?,2.4280385,112.80397
2026-Sep-08 15:00,-26.726,-10.59,1.0074744530927,0.0000 /?,2.4282067,112.81487
2026-Sep-08 18:00,-26.726,-10.59,1.00744313544819,0.0000 /?,2.4283745,112.82568
2026-Sep-08 21:00,-26.726,-10.59,1.00741176256273,0.0000 /?,2.4285417,112.83639
2026-Sep-09 00:00,-26.726,-10.59,1.00738033425534,0.0000 /?,2.4287084,112.847
2026-Sep-09 03:00,-26.726,-10.59,1.007348850366,0.0000 /?,2.4288746,112.85752
2026-Sep-09 06:00,-26.726,-10.59,1.00731731075595,0.0000 /?,2.4290402,112.86795
2026-Sep-09 09:00,-26.726,-10.59,1.00728571530786,0.0000 /?,2.4292052,112.87828
2026-Sep-09 12:00,-26.726,-10.59,1.00725406392602,0.0000 /?,2.4293697,112.88852
2026-Sep-09 15:00,-26.726,-10.59,1.00722235653647,0.0000 /?,2.4295336,112.89866
2026-Sep-09 18:00,-26.727,-10.59,1.00719059308709,0.0000 /?,2.4296969,112.9087
2026-Sep-09 21:00,-26.727,-10.59,1.00715877354761,0.0000 /?,2.4298597,112.91865
2026-Sep-10 00:00,-26.727,-10.59,1.00712689790968,0.0000 /?,2.4300218,112.9285
2026-Sep-10 03:00,-26.727,-10.59,1.00709496618679,0.0000 /?,2.4301834,112.93826
2026-Sep-10 06:00,-26.727,-10.59,1.00706297841418,0.0000 /?,2.4303444,112.94793
2026-Sep-10 09:00,-26.727,-10.59,1.00703093464879,0.0000 /?,2.4305047,112.95749
2026-Sep-10 12:00,-26.727,-10.59,1.00699883496905,0.0000 /?,2.4306645,112.96697
2026-Sep-10 15:00,-26.727,-10.59,1.00696667947473,0.0000 /?,2.4308237,112.97634
2026-Sep-10 18:00,-26.727,-10.59,1.00693446828667,0.0000 /?,2.4309823,112.98563
2026-Sep-10 21:00,-26.727,-10.59,1.00690220154658,0.0000 /?,2.4311404,112.99481
2026-Sep-11 00:00,-26.727,-10.59,1.00686987941669,0.0000 /?,2.4312978,113.0039
2026-Sep-11 03:00,-26.727,-10.59,1.00683750207947,0.0000 /?,2.4314547,113.0129
2026-Sep-11 06:00,-26.727,-10.59,1.00680506973725,0.0000 /?,2.431611,113.0218
2026-Sep-11 09:00,-26.727,-10.59,1.00677258261187,0.0000 /?,2.4317667,113.0306
2026-Sep-11 12:00,-26.728,-10.59,1.00674004094421,0.0000 /?,2.4319218,113.03931
2026-Sep-11 15:00,-26.728,-10.59,1.00670744499383,0.0000 /?,2.4320765,113.04793
2026-Sep-11 18:00,-26.728,-10.59,1.00667479503848,0.0000 /?,2.4322305,113.05644
2026-Sep-11 21:00,-26.728,-10.59,1.00664209137362,0.0000 /?,2.4323841,113.06487
2026-Sep-12 00:00,-26.728,-10.59,1.00660933431195,0.0000 /?,2.4325371,113.07319
2026-Sep-12 03:00,-26.728,-10.59,1.00657652418291,0.0000 /?,2.4326895,113.08143
2026-Sep-12 06:00,-26.728,-10.59,1.00654366133211,0.0000 /?,2.4328415,113.08957
2026-Sep-12 09:00,-26.728,-10.59,1.00651074612086,0.0000 /?,2.432993,113.09761
2026-Sep-12 12:00,-26.728,-10.59,1.0064777789256,0.0000 /?,2.433144,113.10555
2026-Sep-12 15:00,-26.728,-10.59,1.00644476013735,0.0000 /?,2.4332945,113.11341
2026-Sep-12 18:00,-26.728,-10.59,1.00641169016117,0.0000 /?,2.4334446,113.12116
2026-Sep-12 21:00,-26.728,-10.59,1.00637856941558,0.0000 /?,2.4335942,113.12883
2026-Sep-13 00:00,-26.728,-10.59,1.00634539833205,0.0000 /?,2.4337434,113.13639
2026-Sep-13 03:00,-26.728,-10.59,1.0063121773544,0.0000 /?,2.4338921,113.14386
2026-Sep-13 06:00,-26.729,-10.59,1.00627890693825,0.0000 /?,2.4340404,113.15124
2026-Sep-13 09:00,-26.729,-10.59,1.0062455875505,0.0000 /?,2.4341884,113.15852
2026-Sep-13 12:00,-26.729,-10.59,1.00621221966876,0.0000 /?,2.4343359,113.16571
2026-Sep-13 15:00,-26.729,-10.59,1.00617880378082,0.0000 /?,2.4344831,113.1728
2026-Sep-13 18:00,-26.729,-10.59,1.00614534038411,0.0000 /?,2.4346299,113.1798
2026-Sep-13 21:00,-26.729,-10.59,1.00611182998521,0.0000 /?,2.4347764,113.1867
2026-Sep-14 00:00,-26.729,-10.59,1.00607827309932,0.0000 /?,2.4349226,113.19351
2026-Sep-14 03:00,-26.729,-10.59,1.00604467024975,0.0000 /?,2.4350684,113.20022
2026-Sep-14 06:00,-26.729,-10.59,1.00601102196748,0.0000 /?,2.4352139,113.20684
2026-Sep-14 09:00,-26.729,-10.59,1.00597732879064,0.0000 /?,2.4353592,113.21336
2026-Sep-14 12:00,-26.729,-10.59,1.00594359126409,0.0000 /?,2.4355041,113.21979
2026-Sep-14 15:00,-26.729,-10.59,1.00590980993895,0.0000 /?,2.4356488,113.22612
2026-Sep-14 18:00,-26.729,-10.59,1.00587598537222,0.0000 /?,2.4357933,113.23236
2026-Sep-14 21:00,-26.729,-10.59,1.00584211812631,0.0000 /?,2.4359375,113.23851
2026-Sep-15 00:00,-26.73,-10.59,1.00580820876871,0.0000 /?,2.4360815,113.24456
2026-Sep-15 03:00,-26.73,-10.59,1.00577425787154,0.0000 /?,2.4362253,113.25051
2026-Sep-15 06:00,-26.73,-10.59,1.00574026601128,0.0000 /?,2.4363689,113.25638
2026-Sep-15 09:00,-26.73,-10.59,1.00570623376833,0.0000 /?,2.4365123,113.26214
2026-Sep-15 12:00,-26.73,-10.59,1.00567216172677,0.0000 /?,2.4366555,113.26781
2026-Sep-15 15:00,-26.73,-10.59,1.00563805047399,0.0000 /?,2.4367986,113.27339
2026-Sep-15 18:00,-26.73,-10.59,1.00560390060042,0.0000 /?,2.4369416,113.27888
2026-Sep-15 21:00,-26.73,-10.59,1.00556971269925,0.0000 /?,2.4370844,113.28427
2026-Sep-16 00:00,-26.73,-10.59,1.00553548736618,0.0000 /?,2.4372271,113.28956
2026-Sep-16 03:00,-26.73,-10.59,1.00550122519916,0.0000 /?,2.4373697,113.29476
2026-Sep-16 06:00,-26.73,-10.59,1.00546692679816,0.0000 /?,2.4375121,113.29987
2026-Sep-16 09:00,-26.73,-10.59,1.00543259276497,0.0000 /?,2.4376545,113.30488
2026-Sep-16 12:00,-26.73,-10.59,1.00539822370297,0.0000 /?,2.4377969,113.3098
2026-Sep-16 15:00,-26.731,-10.59,1.00536382021699,0.0000 /?,2.4379391,113.31462
2026-Sep-16 18:00,-26.731,-10.59,1.00532938291311,0.0000 /?,2.4380814,113.31935
2026-Sep-16 21:00,-26.731,-10.59,1.00529491239847,0.0000 /?,2.4382236,113.32399
2026-Sep-17 00:00,-26.731,-10.59,1.00526040928121,0.0000 /?,2.4383657,113.32853
2026-Sep-17 03:00,-26.731,-10.59,1.00522587417023,0.0000 /?,2.4385078,113.33298
2026-Sep-17 06:00,-26.731,-10.59,1.00519130767516,0.0000 /?,2.43865,113.33733
2026-Sep-17 09:00,-26.731,-10.59,1.00515671040619,0.0000 /?,2.4387921,113.34159
2026-Sep-17 12:00,-26.731,-10.59,1.00512208297397,0.0000 /?,2.4389343,113.34575
2026-Sep-17 15:00,-26.731,-10.59,1.00508742598956,0.0000 /?,2.4390764,113.34982
2026-Sep-17 18:00,-26.731,-10.59,1.0050527400643,0.0000 /?,2.4392186,113.3538
2026-Sep-17 21:00,-26.731,-10.59,1.00501802580975,0.0000 /?,2.4393609,113.35768
2026-Sep-18 00:00,-26.731,-10.59,1.00498328383764,0.0000 /?,2.4395032,113.36147
2026-Sep-18 03:00,-26.731,-10.59,1.00494851475976,0.0000 /?,2.4396456,113.36517
2026-Sep-18 06:00,-26.731,-10.59,1.00491371918797,0.0000 /?,2.439788,113.36877
2026-Sep-18 09:00,-26.732,-10.59,1.00487889773408,0.0000 /?,2.4399305,113.37227
2026-Sep-18 12:00,-26.732,-10.59,1.00484405100987,0.0000 /?,2.4400732,113.37569
2026-Sep-18 15:00,-26.732,-10.59,1.004809179627,0.0000 /?,2.4402159,113.37901
2026-Sep-18 18:00,-26.732,-10.59,1.00477428419699,0.0000 /?,2.4403587,113.38223
2026-Sep-18 21:00,-26.732,-10.59,1.00473936533118,0.0000 /?,2.4405017,113.38536
2026-Sep-19 00:00,-26.732,-10.59,1.00470442364071,0.0000 /?,2.4406448,113.3884
2026-Sep-19 03:00,-26.732,-10.59,1.00466945973646,0.0000 /?,2.440788,113.39134
2026-Sep-19 06:00,-26.732,-10.59,1.00463447422906,0.0000 /?,2.4409313,113.39419
2026-Sep-19 09:00,-26.732,-10.59,1.00459946772879,0.0000 /?,2.4410749,113.39695
2026-Sep-19 12:00,-26.732,-10.59,1.00456444084563,0.0000 /?,2.4412186,113.39961
2026-Sep-19 15:00,-26.732,-10.59,1.00452939418915,0.0000 /?,2.4413624,113.40218
2026-Sep-19 18:00,-26.732,-10.59,1.00449432836853,0.0000 /?,2.4415065,113.40465
2026-Sep-19 21:00,-26.732,-10.59,1.00445924399248,0.0000 /?,2.4416508,113.40703
2026-Sep-20 00:00,-26.733,-10.59,1.00442414166921,0.0000 /?,2.4417952,113.40932
2026-Sep-20 03:00,-26.733,-10.59,1.0043890220064,0.0000 /?,2.4419399,113.41151
2026-Sep-20 06:00,-26.733,-10.59,1.00435388561112,0.0000 /?,2.4420848,113.41361
2026-Sep-20 09:00,-26.733,-10.59,1.00431873308979,0.0000 /?,2.4422299,113.41561
2026-Sep-20 12:00,-26.733,-10.59,1.00428356504809,0.0000 /?,2.4423753,113.41752
2026-Sep-20 15:00,-26.733,-10.59,1.00424838209094,0.0000 /?,2.4425209,113.41934
2026-Sep-20 18:00,-26.733,-10.59,1.00421318482235,0.0000 /?,2.4426668,113.42107
2026-Sep-20 21:00,-26.733,-10.59,1.00417797384541,0.0000 /?,2.442813,113.4227
2026-Sep-21 00:00,-26.733,-10.59,1.00414274976212,0.0000 /?,2.4429594,113.42423
2026-Sep-21 03:00,-26.733,-10.59,1.00410751317335,0.0000 /?,2.4431062,113.42567
2026-Sep-21 06:00,-26.733,-10.59,1.0040722646787,0.0000 /?,2.4432532,113.42702
2026-Sep-21 09:00,-26.733,-10.59,1.00403700487633,0.0000 /?,2.4434006,113.42828
2026-Sep-21 12:00,-26.733,-10.59,1.00400173436292,0.0000 /?,2.4435483,113.42944
2026-Sep-21 15:00,-26.734,-10.59,1.00396645373344,0.0000 /?,2.4436963,113.43051
2026-Sep-21 18:00,-26.734,-10.59,1.00393116358103,0.0000 /?,2.4438447,113.43148
2026-Sep-21 21:00,-26.734,-10.59,1.00389586449682,0.0000 /?,2.4439934,113.43236
2026-Sep-22 00:00,-26.734,-10.59,1.00386055706973,0.0000 /?,2.4441425,113.43315
2026-Sep-22 03:00,-26.734,-10.59,1.00382524188632,0.0000 /?,2.444292,113.43384
2026-Sep-22 06:00,-26.734,-10.59,1.00378991953052,0.0000 /?,2.4444419,113.43444
2026-Sep-22 09:00,-26.734,-10.59,1.00375459058345,0.0000 /?,2.4445922,113.43494
2026-Sep-22 12:00,-26.734,-10.59,1.00371925562316,0.0000 /?,2.4447428,113.43535
2026-Sep-22 15:00,-26.734,-10.59,1.00368391522439,0.0000 /?,2.444894,113.43567
2026-Sep-22 18:00,-26.734,-10.59,1.00364856995828,0.0000 /?,2.4450455,113.43589
2026-Sep-22 21:00,-26.734,-10.59,1.00361322039212,0.0000 /?,2.4451976,113.43602
2026-Sep-23 00:00,-26.734,-10.59,1.00357786708903,0.0000 /?,2.44535,113.43606
2026-Sep-23 03:00,-26.734,-10.59,1.00354251060765,0.0000 /?,2.445503,113.436
2026-Sep-23 06:00,-26.735,-10.59,1.00350715150184,0.0000 /?,2.4456565,113.43585
2026-Sep-23 09:00,-26.735,-10.59,1.00347179032029,0.0000 /?,2.4458104,113.43561
2026-Sep-23 12:00,-26.735,-10.59,1.00343642760623,0.0000 /?,2.4459649,113.43527
2026-Sep-23 15:00,-26.735,-10.59,1.00340106389698,0.0000 /?,2.4461199,113.43484
2026-Sep-23 18:00,-26.735,-10.59,1.00336569972365,0.0000 /?,2.4462754,113.43431
2026-Sep-23 21:00,-26.735,-10.59,1.0033303356107,0.0000 /?,2.4464315,113.43369
2026-Sep-24 00:00,-26.735,-10.59,1.00329497207552,0.0000 /?,2.4465882,113.43298
2026-Sep-24 03:00,-26.735,-10.59,1.00325960962803,0.0000 /?,2.4467454,113.43217
2026-Sep-24 06:00,-26.735,-10.59,1.00322424877026,0.0000 /?,2.4469032,113.43127
2026-Sep-24 09:00,-26.735,-10.59,1.00318888999585,0.0000 /?,2.4470617,113.43028
2026-Sep-24 12:00,-26.735,-10.59,1.00315353378968,0.0000 /?,2.4472207,113.42919
2026-Sep-24 15:00,-26.735,-10.59,1.00311818062731,0.0000 /?,2.4473804,113.42801
2026-Sep-24 18:00,-26.735,-10.59,1.00308283097458,0.0000 /?,2.4475407,113.42673
2026-Sep-24 21:00,-26.736,-10.59,1.00304748528712,0.0000 /?,2.4477017,113.42536
2026-Sep-25 00:00,-26.736,-10.59,1.00301214400983,0.0000 /?,2.4478634,113.4239
2026-Sep-25 03:00,-26.736,-10.59,1.00297680757642,0.0000 /?,2.4480257,113.42234
2026-Sep-25 06:00,-26.736,-10.59,1.0029414764089,0.0000 /?,2.4481887,113.42069
2026-Sep-25 09:00,-26.736,-10.59,1.0029061509171,0.0000 /?,2.4483524,113.41895
2026-Sep-25 12:00,-26.736,-10.59,1.00287083149818,0.0000 /?,2.4485169,113.41711
2026-Sep-25 15:00,-26.736,-10.59,1.0028355185361,0.0000 /?,2.448682,113.41518
2026-Sep-25 18:00,-26.736,-10.59,1.00280021240116,0.0000 /?,2.4488479,113.41315
2026-Sep-25 21:00,-26.736,-10.59,1.00276491344951,0.0000 /?,2.4490145,113.41103
2026-Sep-26 00:00,-26.736,-10.59,1.00272962202264,0.0000 /?,2.4491819,113.40882
2026-Sep-26 03:00,-26.736,-10.59,1.00269433844693,0.0000 /?,2.4493501,113.40651
2026-Sep-26 06:00,-26.736,-10.59,1.00265906303321,0.0000 /?,2.449519,113.40411
2026-Sep-26 09:00,-26.736,-10.59,1.00262379607623,0.0000 /?,2.4496887,113.40161
2026-Sep-26 12:00,-26.737,-10.59,1.00258853785431,0.0000 /?,2.4498592,113.39902
2026-Sep-26 15:00,-26.737,-10.59,1.00255328862885,0.0000 /?,2.4500304,113.39633
2026-Sep-26 18:00,-26.737,-10.59,1.00251804864394,0.0000 /?,2.4502025,113.39355
2026-Sep-26 21:00,-26.737,-10.59,1.00248281812599,0.0000 /?,2.4503754,113.39068
2026-Sep-27 00:00,-26.737,-10.59,1.00244759728332,0.0000 /?,2.4505491,113.38771
2026-Sep-27 03:00,-26.737,-10.59,1.00241238630586,0.0000 /?,2.4507236,113.38465
2026-Sep-27 06:00,-26.737,-10.59,1.00237718536478,0.0000 /?,2.4508989,113.3815
2026-Sep-27 09:00,-26.737,-10.59,1.00234199461223,0.0000 /?,2.451075,113.37825
2026-Sep-27 12:00,-26.737,-10.59,1.00230681418104,0.0000 /?,2.451252,113.3749
2026-Sep-27 15:00,-26.737,-10.59,1.00227164418447,0.0000 /?,2.4514298,113.37146
2026-Sep-27 18:00,-26.737,-10.59,1.00223648471604,0.0000 /?,2.4516084,113.36793
2026-Sep-27 21:00,-26.737,-10.59,1.0022013358493,0.0000 /?,2.4517879,113.3643
2026-Sep-28 00:00,-26.737,-10.59,1.00216619763768,0.0000 /?,2.4519681,113.36057
2026-Sep-28 03:00,-26.738,-10.59,1.0021310701144,0.0000 /?,2.4521492,113.35675
2026-Sep-28 06:00,-26.738,-10.59,1.00209595329236,0.0000 /?,2.4523311,113.35284
2026-Sep-28 09:00,-26.738,-10.59,1.00206084716409,0.0000 /?,2.4525138,113.34883
2026-Sep-28 12:00,-26.738,-10.59,1.00202575170174,0.0000 /?,2.4526974,113.34473
2026-Sep-28 15:00,-26.738,-10.59,1.00199066685709,0.0000 /?,2.4528817,113.34053
2026-Sep-28 18:00,-26.738,-10.59,1.0019555925616,0.0000 /?,2.4530668,113.33624
2026-Sep-28 21:00,-26.738,-10.59,1.00192052872651,0.0000 /?,2.4532528,113.33185
2026-Sep-29 00:00,-26.738,-10.59,1.00188547524297,0.0000 /?,2.4534395,113.32737
2026-Sep-29 03:00,-26.738,-10.59,1.00185043198217,0.0000 /?,2.453627,113.32279
2026-Sep-29 06:00,-26.738,-10.59,1.00181539879554,0.0000 /?,2.4538152,113.31811
2026-Sep-29 09:00,-26.738,-10.59,1.00178037551502,0.0000 /?,2.4540042,113.31334
2026-Sep-29 12:00,-26.738,-10.59,1.00174536195328,0.0000 /?,2.4541939,113.30848
2026-Sep-29 15:00,-26.738,-10.59,1.00171035790403,0.0000 /?,2.4543844,113.30352
2026-Sep-29 18:00,-26.738,-10.59,1.00167536314234,0.0000 /?,2.4545756,113.29846
2026-Sep-29 21:00,-26.739,-10.59,1.00164037742502,0.0000 /?,2.4547674,113.29331
2026-Sep-30 00:00,-26.739,-10.59,1.00160540049099,0.0000 /?,2.45496,113.28806
2026-Sep-30 03:00,-26.739,-10.59,1.00157043206174,0.0000 /?,2.4551532,113.28271
2026-Sep-30 06:00,-26.739,-10.59,1.0015354718417,0.0000 /?,2.4553471,113.27727
2026-Sep-30 09:00,-26.739,-10.59,1.00150051951879,0.0000 /?,2.4555417,113.27174
2026-Sep-30 12:00,-26.739,-10.59,1.00146557476491,0.0000 /?,2.4557368,113.26611
2026-Sep-30 15:00,-26.739,-10.59,1.00143063723641,0.0000 /?,2.4559325,113.26038
2026-Sep-30 18:00,-26.739,-10.59,1.00139570657472,0.0000 /?,2.4561289,113.25455
2026-Sep-30 21:00,-26.739,-10.59,1.00136078240683,0.0000 /?,2.4563258,113.24863
2026-Oct-01 00:00,-26.739,-10.59,1.00132586434595,0.0000 /?,2.4565232,113.24261
2026-Oct-01 03:00,-26.739,-10.59,1.00129095199209,0.0000 /?,2.4567211,113.2365
2026-Oct-01 06:00,-26.739,-10.59,1.00125604493266,0.0000 /?,2.4569196,113.23028
2026-Oct-01 09:00,-26.739,-10.59,1.00122114274315,0.0000 /?,2.4571185,113.22398
2026-Oct-01 12:00,-26.74,-10.59,1.00118624498774,0.0000 /?,2.4573179,113.21757
2026-Oct-01 15:00,-26.74,-10.59,1.00115135122,0.0000 /?,2.4575177,113.21107
2026-Oct-01 18:00,-26.74,-10.59,1.00111646098353,0.0000 /?,2.4577179,113.20447
2026-Oct-01 21:00,-26.74,-10.59,1.00108157381265,0.0000 /?,2.4579185,113.19777
2026-Oct-02 00:00,-26.74,-10.59,1.00104668923313,0.0000 /?,2.4581195,113.19098
2026-Oct-02 03:00,-26.74,-10.59,1.00101180676282,0.0000 /?,2.4583208,113.18409
2026-Oct-02 06:00,-26.74,-10.59,1.0009769259124,0.0000 /?,2.4585224,113.1771
2026-Oct-02 09:00,-26.74,-10.59,1.00094204618606,0.0000 /?,2.4587243,113.17001
2026-Oct-02 12:00,-26.74,-10.59,1.00090716708223,0.0000 /?,2.4589265,113.16283
2026-Oct-02 15:00,-26.74,-10.59,1.00087228809428,0.0000 /?,2.4591289,113.15555
2026-Oct-02 18:00,-26.74,-10.59,1.0008374087112,0.0000 /?,2.4593315,113.14817
2026-Oct-02 21:00,-26.74,-10.59,1.00080252841838,0.0000 /?,2.4595343,113.1407
2026-Oct-03 00:00,-26.74,-10.59,1.00076764669822,0.0000 /?,2.4597373,113.13312
2026-Oct-03 03:00,-26.741,-10.59,1.00073276303095,0.0000 /?,2.4599404,113.12545
2026-Oct-03 06:00,-26.741,-10.59,1.00069787689521,0.0000 /?,2.4601437,113.11768
2026-Oct-03 09:00,-26.741,-10.59,1.00066298776886,0.0000 /?,2.460347,113.10981
2026-Oct-03 12:00,-26.741,-10.59,1.0006280951296,0.0000 /?,2.4605504,113.10184
2026-Oct-03 15:00,-26.741,-10.59,1.00059319845567,0.0000 /?,2.4607538,113.09378
2026-Oct-03 18:00,-26.741,-10.59,1.00055829722657,0.0000 /?,2.4609572,113.08562
2026-Oct-03 21:00,-26.741,-10.59,1.00052339092367,0.0000 /?,2.4611607,113.07736
2026-Oct-04 00:00,-26.741,-10.59,1.00048847903096,0.0000 /?,2.4613641,113.069
2026-Oct-04 03:00,-26.741,-10.59,1.00045356103563,0.0000 /?,2.4615674,113.06054
2026-Oct-04 06:00,-26.741,-10.59,1.00041863642875,0.0000 /?,2.4617706,113.05198
2026-Oct-04 09:00,-26.741,-10.59,1.00038370470594,0.0000 /?,2.4619738,113.04332
2026-Oct-04 12:00,-26.741,-10.59,1.00034876536797,0.0000 /?,2.4621768,113.03457
2026-Oct-04 15:00,-26.741,-10.59,1.00031381792138,0.0000 /?,2.4623796,113.02572
2026-Oct-04 18:00,-26.742,-10.59,1.00027886187913,0.0000 /?,2.4625823,113.01677
2026-Oct-04 21:00,-26.742,-10.59,1.00024389676114,0.0000 /?,2.4627847,113.00771
2026-Oct-05 00:00,-26.742,-10.59,1.00020892209493,0.0000 /?,2.462987,112.99857
2026-Oct-05 03:00,-26.742,-10.59,1.0001739374162,0.0000 /?,2.463189,112.98932
2026-Oct-05 06:00,-26.742,-10.59,1.00013894226935,0.0000 /?,2.4633907,112.97997
2026-Oct-05 09:00,-26.742,-10.59,1.00010393620807,0.0000 /?,2.4635921,112.97052
2026-Oct-05 12:00,-26.742,-10.59,1.00006891879587,0.0000 /?,2.4637932,112.96098
2026-Oct-05 15:00,-26.742,-10.59,1.0000338896066,0.0000 /?,2.463994,112.95133
2026-Oct-05 18:00,-26.742,-10.59,0.99999884822498,0.0000 /?,2.4641945,112.94159
2026-Oct-05 21:00,-26.742,-10.59,0.99996379424706,0.0000 /?,2.4643945,112.93174
2026-Oct-06 00:00,-26.742,-10.59,0.99992872728074,0.0000 /?,2.4645942,112.9218
2026-Oct-06 03:00,-26.742,-10.59,0.99989364694622,0.0000 /?,2.4647934,112.91176
2026-Oct-06 06:00,-26.742,-10.59,0.99985855287643,0.0000 /?,2.4649923,112.90162
2026-Oct-06 09:00,-26.743,-10.59,0.99982344471749,0.0000 /?,2.4651906,112.89138
2026-Oct-06 12:00,-26.743,-10.59,0.99978832212912,0.0000 /?,2.4653885,112.88104
2026-Oct-06 15:00,-26.743,-10.59,0.999753184785,0.0000 /?,2.465586,112.8706
2026-Oct-06 18:00,-26.743,-10.59,0.99971803237321,0.0000 /?,2.4657829,112.86006
2026-Oct-06 21:00,-26.743,-10.59,0.99968286459654,0.0000 /?,2.4659793,112.84942
2026-Oct-07 00:00,-26.743,-10.59,0.99964768117285,0.0000 /?,2.4661752,112.83868
2026-Oct-07 03:00,-26.743,-10.59,0.99961248183537,0.0000 /?,2.4663706,112.82784
2026-Oct-07 06:00,-26.743,-10.59,0.99957726633303,0.0000 /?,2.4665654,112.81691
2026-Oct-07 09:00,-26.743,-10.59,0.99954203443072,0.0000 /?,2.4667596,112.80587
2026-Oct-07 12:00,-26.743,-10.59,0.99950678590953,0.0000 /?,2.4669533,112.79473
2026-Oct-07 15:00,-26.743,-10.59,0.99947152056701,0.0000 /?,2.4671463,112.7835
2026-Oct-07 18:00,-26.743,-10.59,0.99943623821738,0.0000 /?,2.4673388,112.77216
2026-Oct-07 21:00,-26.743,-10.59,0.9994009386917,0.0000 /?,2.4675306,112.76073
2026-Oct-08 00:00,-26.744,-10.59,0.99936562183806,0.0000 /?,2.4677219,112.74919
2026-Oct-08 03:00,-26.744,-10.59,0.9993302875217,0.0000 /?,2.4679125,112.73756
2026-Oct-08 06:00,-26.744,-10.59,0.99929493562516,0.0000 /?,2.4681024,112.72583
2026-Oct-08 09:00,-26.744,-10.59,0.99925956604837,0.0000 /?,2.4682917,112.714
2026-Oct-08 12:00,-26.744,-10.59,0.99922417870869,0.0000 /?,2.4684804,112.70206
2026-Oct-08 15:00,-26.744,-10.59,0.999188773541,0.0000 /?,2.4686684,112.69003
2026-Oct-08 18:00,-26.744,-10.59,0.99915335049774,0.0000 /?,2.4688557,112.6779
2026-Oct-08 21:00,-26.744,-10.59,0.99911790954886,0.0000 /?,2.4690424,112.66567
2026-Oct-09 00:00,-26.744,-10.59,0.99908245068184,0.0000 /?,2.4692284,112.65334
2026-Oct-09 03:00,-26.744,-10.59,0.99904697390167,0.0000 /?,2.4694137,112.64091
2026-Oct-09 06:00,-26.744,-10.59,0.99901147923072,0.0000 /?,2.4695983,112.62838
2026-Oct-09 09:00,-26.744,-10.59,0.99897596670872,0.0000 /?,2.4697823,112.61575
2026-Oct-09 12:00,-26.744,-10.59,0.99894043639263,0.0000 /?,2.4699655,112.60303
2026-Oct-09 15:00,-26.745,-10.59,0.99890488835652,0.0000 /?,2.4701481,112.5902
2026-Oct-09 18:00,-26.745,-10.59,0.9988693226914,0.0000 /?,2.47033,112.57727
2026-Oct-09 21:00,-26.745,-10.59,0.99883373950507,0.0000 /?,2.4705112,112.56425
2026-Oct-10 00:00,-26.745,-10.59,0.99879813892195,0.0000 /?,2.4706918,112.55112
2026-Oct-10 03:00,-26.745,-10.59,0.99876252108286,0.0000 /?,2.4708716,112.5379
2026-Oct-10 06:00,-26.745,-10.59,0.99872688614478,0.0000 /?,2.4710508,112.52458
2026-Oct-10 09:00,-26.745,-10.59,0.99869123428066,0.0000 /?,2.4712293,112.51116
2026-Oct-10 12:00,-26.745,-10.59,0.99865556567913,0.0000 /?,2.4714071,112.49764
2026-Oct-10 15:00,-26.745,-10.59,0.99861988054424,0.0000 /?,2.4715842,112.48402
2026-Oct-10 18:00,-26.745,-10.59,0.99858417909518,0.0000 /?,2.4717607,112.4703
2026-Oct-10 21:00,-26.745,-10.59,0.99854846156603,0.0000 /?,2.4719365,112.45648
2026-Oct-11 00:00,-26.745,-10.59,0.99851272820536,0.0000 /?,2.4721117,112.44256
2026-Oct-11 03:00,-26.745,-10.59,0.99847697927601,0.0000 /?,2.4722862,112.42855
2026-Oct-11 06:00,-26.746,-10.59,0.99844121505473,0.0000 /?,2.4724601,112.41443
2026-Oct-11 09:00,-26.746,-10.59,0.99840543583183,0.0000 /?,2.4726333,112.40022
2026-Oct-11 12:00,-26.746,-10.59,0.99836964191087,0.0000 /?,2.4728059,112.38591
2026-Oct-11 15:00,-26.746,-10.59,0.9983338336083,0.0000 /?,2.4729779,112.3715
2026-Oct-11 18:00,-26.746,-10.59,0.99829801125311,0.0000 /?,2.4731493,112.35699
2026-Oct-11 21:00,-26.746,-10.59,0.99826217518649,0.0000 /?,2.47332,112.34238
2026-Oct-12 00:00,-26.746,-10.59,0.99822632576145,0.0000 /?,2.4734902,112.32768
2026-Oct-12 03:00,-26.746,-10.59,0.99819046334248,0.0000 /?,2.4736597,112.31287
2026-Oct-12 06:00,-26.746,-10.59,0.9981545883052,0.0000 /?,2.4738287,112.29797
2026-Oct-12 09:00,-26.746,-10.59,0.99811870103596,0.0000 /?,2.4739971,112.28297
2026-Oct-12 12:00,-26.746,-10.59,0.99808280193154,0.0000 /?,2.4741649,112.26787
2026-Oct-12 15:00,-26.746,-10.59,0.99804689139874,0.0000 /?,2.4743322,112.25267
2026-Oct-12 18:00,-26.746,-10.59,0.99801096985406,0.0000 /?,2.4744989,112.23737
2026-Oct-12 21:00,-26.747,-10.59,0.99797503772334,0.0000 /?,2.4746651,112.22198
2026-Oct-13 00:00,-26.747,-10.59,0.99793909544144,0.0000 /?,2.4748307,112.20649
2026-Oct-13 03:00,-26.747,-10.59,0.99790314345184,0.0000 /?,2.4749959,112.19089
2026-Oct-13 06:00,-26.747,-10.59,0.99786718220638,0.0000 /?,2.4751605,112.1752
2026-Oct-13 09:00,-26.747,-10.59,0.99783121216488,0.0000 /?,2.4753246,112.15942
2026-Oct-13 12:00,-26.747,-10.59,0.99779523379486,0.0000 /?,2.4754882,112.14353
2026-Oct-13 15:00,-26.747,-10.59,0.99775924757118,0.0000 /?,2.4756513,112.12755
2026-Oct-13 18:00,-26.747,-10.59,0.99772325397581,0.0000 /?,2.475814,112.11147
2026-Oct-13 21:00,-26.747,-10.59,0.99768725349745,0.0000 /?,2.4759762,112.09529
2026-Oct-14 00:00,-26.747,-10.59,0.99765124663132,0.0000 /?,2.476138,112.07901
2026-Oct-14 03:00,-26.747,-10.59,0.99761523387883,0.0000 /?,2.4762993,112.06264
2026-Oct-14 06:00,-26.747,-10.59,0.99757921574734,0.0000 /?,2.4764601,112.04616
2026-Oct-14 09:00,-26.747,-10.59,0.99754319274991,0.0000 /?,2.4766206,112.02959
2026-Oct-14 12:00,-26.748,-10.59,0.99750716540504,0.0000 /?,2.4767806,112.01293
2026-Oct-14 15:00,-26.748,-10.59,0.99747113423644,0.0000 /?,2.4769402,111.99616
2026-Oct-14 18:00,-26.748,-10.59,0.99743509977279,0.0000 /?,2.4770995,111.9793
2026-Oct-14 21:00,-26.748,-10.59,0.99739906254757,0.0000 /?,2.4772583,111.96233
2026-Oct-15 00:00,-26.748,-10.59,0.9973630230988,0.0000 /?,2.4774168,111.94528
2026-Oct-15 03:00,-26.748,-10.59,0.99732698196888,0.0000 /?,2.4775749,111.92812
2026-Oct-15 06:00,-26.748,-10.59,0.99729093970441,0.0000 /?,2.4777327,111.91087
2026-Oct-15 09:00,-26.748,-10.59,0.99725489685601,0.0000 /?,2.4778901,111.89351
2026-Oct-15 12:00,-26.748,-10.59,0.99721885397816,0.0000 /?,2.4780471,111.87607
2026-Oct-15 15:00,-26.748,-10.59,0.99718281162902,0.0000 /?,2.4782039,111.85852
2026-Oct-15 18:00,-26.748,-10.59,0.99714677037036,0.0000 /?,2.4783603,111.84088
2026-Oct-15 21:00,-26.748,-10.59,0.99711073076735,0.0000 /?,2.4785164,111.82314
2026-Oct-16 00:00,-26.748,-10.59,0.99707469338848,0.0000 /?,2.4786722,111.8053
2026-Oct-16 03:00,-26.749,-10.59,0.99703865880545,0.0000 /?,2.4788277,111.78736
2026-Oct-16 06:00,-26.749,-10.59,0.99700262759305,0.0000 /?,2.478983,111.76933
2026-Oct-16 09:00,-26.749,-10.59,0.99696660032905,0.0000 /?,2.4791379,111.7512
2026-Oct-16 12:00,-26.749,-10.59,0.99693057759416,0.0000 /?,2.4792926,111.73297
2026-Oct-16 15:00,-26.749,-10.59,0.99689455997192,0.0000 /?,2.4794471,111.71465
2026-Oct-16 18:00,-26.749,-10.59,0.99685854804861,0.0000 /?,2.4796013,111.69622
2026-Oct-16 21:00,-26.749,-10.59,0.99682254241323,0.0000 /?,2.4797552,111.67771
2026-Oct-17 00:00,-26.749,-10.59,0.9967865436574,0.0000 /?,2.4799089,111.65909
2026-Oct-17 03:00,-26.749,-10.59,0.99675055237534,0.0000 /?,2.4800624,111.64038
2026-Oct-17 06:00,-26.749,-10.59,0.9967145691638,0.0000 /?,2.4802157,111.62157
2026-Oct-17 09:00,-26.749,-10.59,0.99667859462203,0.0000 /?,2.4803688,111.60266
2026-Oct-17 12:00,-26.749,-10.59,0.99664262935173,0.0000 /?,2.4805217,111.58365
2026-Oct-17 15:00,-26.75,-10.59,0.99660667395705,0.0000 /?,2.4806744,111.56455
2026-Oct-17 18:00,-26.75,-10.59,0.9965707290445,0.0000 /?,2.4808269,111.54536
2026-Oct-17 21:00,-26.75,-10.59,0.996534795223,0.0000 /?,2.4809793,111.52606
2026-Oct-18 00:00,-26.75,-10.59,0.99649887310377,0.0000 /?,2.4811315,111.50667
2026-Oct-18 03:00,-26.75,-10.59,0.99646296330038,0.0000 /?,2.4812835,111.48718
2026-Oct-18 06:00,-26.75,-10.59,0.99642706642868,0.0000 /?,2.4814355,111.46759
2026-Oct-18 09:00,-26.75,-10.59,0.99639118310682,0.0000 /?,2.4815872,111.44791
2026-Oct-18 12:00,-26.75,-10.59,0.99635531395516,0.0000 /?,2.4817389,111.42813
2026-Oct-18 15:00,-26.75,-10.59,0.99631945959631,0.0000 /?,2.4818904,111.40826
2026-Oct-18 18:00,-26.75,-10.59,0.99628362065509,0.0000 /?,2.4820419,111.38828
2026-Oct-18 21:00,-26.75,-10.59,0.99624779775846,0.0000 /?,2.4821932,111.36821
2026-Oct-19 00:00,-26.75,-10.59,0.99621199153555,0.0000 /?,2.4823445,111.34805
2026-Oct-19 03:00,-26.75,-10.59,0.99617620261757,0.0000 /?,2.4824956,111.32778
2026-Oct-19 06:00,-26.751,-10.59,0.99614043163779,0.0000 /?,2.4826467,111.30742
2026-Oct-19 09:00,-26.751,-10.59,0.9961046792315,0.0000 /?,2.4827978,111.28697
2026-Oct-19 12:00,-26.751,-10.59,0.99606894603595,0.0000 /?,2.4829488,111.26642
2026-Oct-19 15:00,-26.751,-10.59,0.99603323269028,0.0000 /?,2.4830998,111.24577
2026-Oct-19 18:00,-26.751,-10.59,0.99599753983547,0.0000 /?,2.4832507,111.22502
2026-Oct-19 21:00,-26.751,-10.59,0.99596186811422,0.0000 /?,2.4834017,111.20418
2026-Oct-20 00:00,-26.751,-10.59,0.99592621817091,0.0000 /?,2.4835526,111.18324
2026-Oct-20 03:00,-26.751,-10.59,0.99589059065149,0.0000 /?,2.4837036,111.1622
2026-Oct-20 06:00,-26.751,-10.59,0.99585498620332,0.0000 /?,2.4838545,111.14107
2026-Oct-20 09:00,-26.751,-10.59,0.99581940547514,0.0000 /?,2.4840055,111.11984
2026-Oct-20 12:00,-26.751,-10.59,0.99578384911682,0.0000 /?,2.4841566,111.09852
2026-Oct-20 15:00,-26.751,-10.59,0.9957483177793,0.0000 /?,2.4843077,111.0771
2026-Oct-20 18:00,-26.751,-10.59,0.99571281211439,0.0000 /?,2.4844589,111.05558
2026-Oct-20 21:00,-26.752,-10.59,0.99567733277457,0.0000 /?,2.4846101,111.03397
2026-Oct-21 00:00,-26.752,-10.59,0.99564188041282,0.0000 /?,2.4847615,111.01226
2026-Oct-21 03:00,-26.752,-10.59,0.99560645568238,0.0000 /?,2.484913,110.99045
2026-Oct-21 06:00,-26.752,-10.59,0.99557105923654,0.0000 /?,2.4850645,110.96855
2026-Oct-21 09:00,-26.752,-10.59,0.99553569172836,0.0000 /?,2.4852163,110.94655
2026-Oct-21 12:00,-26.752,-10.59,0.99550035381042,0.0000 /?,2.4853681,110.92445
2026-Oct-21 15:00,-26.752,-10.59,0.9954650461345,0.0000 /?,2.4855202,110.90226
2026-Oct-21 18:00,-26.752,-10.59,0.99542976935129,0.0000 /?,2.4856724,110.87998
2026-Oct-21 21:00,-26.752,-10.59,0.99539452411005,0.0000 /?,2.4858248,110.85759
2026-Oct-22 00:00,-26.752,-10.59,0.99535931105821,0.0000 /?,2.4859775,110.83511
2026-Oct-22 03:00,-26.752,-10.59,0.99532413084107,0.0000 /?,2.4861303,110.81254
2026-Oct-22 06:00,-26.752,-10.59,0.99528898410131,0.0000 /?,2.4862834,110.78986
2026-Oct-22 09:00,-26.752,-10.59,0.99525387147863,0.0000 /?,2.4864368,110.7671
2026-Oct-22 12:00,-26.753,-10.59,0.99521879360926,0.0000 /?,2.4865904,110.74423
2026-Oct-22 15:00,-26.753,-10.59,0.99518375112551,0.0000 /?,2.4867443,110.72127
2026-Oct-22 18:00,-26.753,-10.59,0.99514874465527,0.0000 /?,2.4868986,110.69821
2026-Oct-22 21:00,-26.753,-10.59,0.99511377482149,0.0000 /?,2.4870531,110.67506
2026-Oct-23 00:00,-26.753,-10.59,0.99507884224162,0.0000 /?,2.487208,110.65181
2026-Oct-23 03:00,-26.753,-10.59,0.9950439475271,0.0000 /?,2.4873633,110.62847
2026-Oct-23 06:00,-26.753,-10.59,0.99500909128273,0.0000 /?,2.4875189,110.60503
2026-Oct-23 09:00,-26.753,-10.59,0.99497427410609,0.0000 /?,2.487675,110.58149
2026-Oct-23 12:00,-26.753,-10.59,0.9949394965869,0.0000 /?,2.4878314,110.55786
2026-Oct-23 15:00,-26.753,-10.59,0.9949047593064,0.0000 /?,2.4879883,110.53413
2026-Oct-23 18:00,-26.753,-10.59,0.99487006283671,0.0000 /?,2.4881456,110.51031
2026-Oct-23 21:00,-26.753,-10.59,0.99483540774008,0.0000 /?,2.4883034,110.48638
2026-Oct-24 00:00,-26.753,-10.59,0.99480079456831,0.0000 /?,2.4884616,110.46237
2026-Oct-24 03:00,-26.754,-10.59,0.99476622386198,0.0000 /?,2.4886204,110.43825
2026-Oct-24 06:00,-26.754,-10.59,0.99473169614975,0.0000 /?,2.4887797,110.41405
2026-Oct-24 09:00,-26.754,-10.59,0.99469721194767,0.0000 /?,2.4889395,110.38974
2026-Oct-24 12:00,-26.754,-10.59,0.99466277175847,0.0000 /?,2.4890998,110.36534
2026-Oct-24 15:00,-26.754,-10.59,0.99462837607077,0.0000 /?,2.4892607,110.34084
2026-Oct-24 18:00,-26.754,-10.59,0.99459402535844,0.0000 /?,2.4894222,110.31625
2026-Oct-24 21:00,-26.754,-10.59,0.99455972007983,0.0000 /?,2.4895843,110.29156
2026-Oct-25 00:00,-26.754,-10.59,0.99452546067706,0.0000 /?,2.489747,110.26677
2026-Oct-25 03:00,-26.754,-10.59,0.99449124757532,0.0000 /?,2.4899103,110.24189
2026-Oct-25 06:00,-26.754,-10.59,0.99445708118219,0.0000 /?,2.4900742,110.21691
2026-Oct-25 09:00,-26.754,-10.59,0.99442296188693,0.0000 /?,2.4902388,110.19184
2026-Oct-25 12:00,-26.754,-10.59,0.99438889005983,0.0000 /?,2.490404,110.16667
2026-Oct-25 15:00,-26.754,-10.59,0.99435486605158,0.0000 /?,2.4905699,110.1414
2026-Oct-25 18:00,-26.754,-10.59,0.99432089019264,0.0000 /?,2.4907365,110.11604
2026-Oct-25 21:00,-26.755,-10.59,0.99428696279264,0.0000 /?,2.4909038,110.09058
2026-Oct-26 00:00,-26.755,-10.59,0.99425308413985,0.0000 /?,2.4910717,110.06502
2026-Oct-26 03:00,-26.755,-10.59,0.99421925450064,0.0000 /?,2.4912404,110.03937
2026-Oct-26 06:00,-26.755,-10.59,0.99418547411899,0.0000 /?,2.4914098,110.01362
2026-Oct-26 09:00,-26.755,-10.59,0.99415174321603,0.0000 /?,2.4915799,109.98778
2026-Oct-26 12:00,-26.755,-10.59,0.99411806198965,0.0000 /?,2.4917507,109.96184
2026-Oct-26 15:00,-26.755,-10.59,0.99408443061416,0.0000 /?,2.4919223,109.9358
2026-Oct-26 18:00,-26.755,-10.59,0.99405084923993,0.0000 /?,2.4920945,109.90966
2026-Oct-26 21:00,-26.755,-10.59,0.99401731799313,0.0000 /?,2.4922675,109.88343
2026-Oct-27 00:00,-26.755,-10.59,0.99398383697558,0.0000 /?,2.4924412,109.8571
2026-Oct-27 03:00,-26.755,-10.59,0.9939504062645,0.0000 /?,2.4926157,109.83068
2026-Oct-27 06:00,-26.755,-10.59,0.99391702591246,0.0000 /?,2.4927909,109.80416
2026-Oct-27 09:00,-26.755,-10.59,0.99388369594734,0.0000 /?,2.4929668,109.77754
2026-Oct-27 12:00,-26.756,-10.59,0.99385041637227,0.0000 /?,2.4931434,109.75082
2026-Oct-27 15:00,-26.756,-10.59,0.99381718716576,0.0000 /?,2.4933207,109.72401
2026-Oct-27 18:00,-26.756,-10.59,0.99378400828179,0.0000 /?,2.4934987,109.6971
2026-Oct-27 21:00,-26.756,-10.59,0.99375087964997,0.0000 /?,2.4936774,109.67009
2026-Oct-28 00:00,-26.756,-10.59,0.99371780117578,0.0000 /?,2.4938568,109.64299
2026-Oct-28 03:00,-26.756,-10.59,0.99368477274089,0.0000 /?,2.4940369,109.61579
2026-Oct-28 06:00,-26.756,-10.59,0.99365179420343,0.0000 /?,2.4942176,109.58849
2026-Oct-28 09:00,-26.756,-10.59,0.99361886539844,0.0000 /?,2.494399,109.5611
2026-Oct-28 12:00,-26.756,-10.59,0.99358598613827,0.0000 /?,2.494581,109.5336
2026-Oct-28 15:00,-26.756,-10.59,0.99355315621312,0.0000 /?,2.4947637,109.50602
2026-Oct-28 18:00,-26.756,-10.59,0.9935203753915,0.0000 /?,2.4949469,109.47833
2026-Oct-28 21:00,-26.756,-10.59,0.99348764342091,0.0000 /?,2.4951307,109.45054
2026-Oct-29 00:00,-26.756,-10.59,0.99345496002835,0.0000 /?,2.4953151,109.42266
2026-Oct-29 03:00,-26.756,-10.59,0.99342232492108,0.0000 /?,2.4955,109.39468
2026-Oct-29 06:00,-26.757,-10.59,0.99338973778725,0.0000 /?,2.4956855,109.36661
2026-Oct-29 09:00,-26.757,-10.59,0.99335719829667,0.0000 /?,2.4958715,109.33843
2026-Oct-29 12:00,-26.757,-10.59,0.99332470610153,0.0000 /?,2.4960579,109.31016
2026-Oct-29 15:00,-26.757,-10.59,0.99329226083722,0.0000 /?,2.4962448,109.28179
2026-Oct-29 18:00,-26.757,-10.59,0.99325986212311,0.0000 /?,2.4964322,109.25332
2026-Oct-29 21:00,-26.757,-10.59,0.9932275095634,0.0000 /?,2.4966199,109.22476
2026-Oct-30 00:00,-26.757,-10.59,0.99319520274796,0.0000 /?,2.4968081,109.1961
2026-Oct-30 03:00,-26.757,-10.59,0.99316294125316,0.0000 /?,2.4969966,109.16733
2026-Oct-30 06:00,-26.757,-10.59,0.99313072464277,0.0000 /?,2.4971855,109.13848
2026-Oct-30 09:00,-26.757,-10.59,0.99309855246882,0.0000 /?,2.4973747,109.10952
2026-Oct-30 12:00,-26.757,-10.59,0.99306642427251,0.0000 /?,2.4975642,109.08047
2026-Oct-30 15:00,-26.757,-10.59,0.99303433958501,0.0000 /?,2.4977539,109.05132
2026-Oct-30 18:00,-26.757,-10.59,0.99300229792846,0.0000 /?,2.4979439,109.02207
2026-Oct-30 21:00,-26.757,-10.59,0.99297029881672,0.0000 /?,2.4981341,108.99272
2026-Oct-31 00:00,-26.758,-10.59,0.99293834175634,0.0000 /?,2.4983244,108.96327
2026-Oct-31 03:00,-26.758,-10.59,0.99290642624737,0.0000 /?,2.498515,108.93373
2026-Oct-31 06:00,-26.758,-10.59,0.99287455178422,0.0000 /?,2.4987056,108.90409
2026-Oct-31 09:00,-26.758,-10.59,0.99284271785651,0.0000 /?,2.4988964,108.87435
2026-Oct-31 12:00,-26.758,-10.59,0.99281092394988,0.0000 /?,2.4990873,108.84452
2026-Oct-31 15:00,-26.758,-10.59,0.99277916954681,0.0000 /?,2.4992782,108.81458
2026-Oct-31 18:00,-26.758,-10.59,0.9927474541274,0.0000 /?,2.4994691,108.78455
2026-Oct-31 21:00,-26.758,-10.59,0.99271577717018,0.0000 /?,2.4996601,108.75442
2026-Nov-01 00:00,-26.758,-10.59,0.99268413815281,0.0000 /?,2.499851,108.72419
2026-Nov-01 03:00,-26.758,-10.59,0.99265253655286,0.0000 /?,2.5000418,108.69387
2026-Nov-01 06:00,-26.758,-10.59,0.99262097184849,0.0000 /?,2.5002326,108.66344
2026-Nov-01 09:00,-26.758,-10.59,0.99258944351918,0.0000 /?,2.5004233,108.63292
2026-Nov-01 12:00,-26.758,-10.59,0.99255795104637,0.0000 /?,2.5006138,108.6023
2026-Nov-01 15:00,-26.758,-10.59,0.99252649391414,0.0000 /?,2.5008042,108.57159
2026-Nov-01 18:00,-26.758,-10.59,0.99249507160978,0.0000 /?,2.5009944,108.54077
2026-Nov-01 21:00,-26.759,-10.59,0.99246368362447,0.0000 /?,2.5011845,108.50986
2026-Nov-02 00:00,-26.759,-10.59,0.99243232945379,0.0000 /?,2.5013742,108.47885
2026-Nov-02 03:00,-26.759,-10.59,0.99240100859835,0.0000 /?,2.5015638,108.44774
2026-Nov-02 06:00,-26.759,-10.59,0.99236972056427,0.0000 /?,2.5017531,108.41654
2026-Nov-02 09:00,-26.759,-10.59,0.9923384648637,0.0000 /?,2.5019421,108.38524
2026-Nov-02 12:00,-26.759,-10.59,0.99230724101536,0.0000 /?,2.5021307,108.35384
2026-Nov-02 15:00,-26.759,-10.59,0.99227604854497,0.0000 /?,2.5023191,108.32234
2026-Nov-02 18:00,-26.759,-10.59,0.99224488698573,0.0000 /?,2.502507,108.29075
2026-Nov-02 21:00,-26.759,-10.59,0.99221375587871,0.0000 /?,2.5026946,108.25906
2026-Nov-03 00:00,-26.759,-10.59,0.99218265477332,0.0000 /?,2.5028818,108.22727
2026-Nov-03 03:00,-26.759,-10.59,0.99215158322766,0.0000 /?,2.5030686,108.19538
2026-Nov-03 06:00,-26.759,-10.59,0.99212054080892,0.0000 /?,2.503255,108.1634
2026-Nov-03 09:00,-26.759,-10.59,0.99208952709371,0.0000 /?,2.5034409,108.13132
2026-Nov-03 12:00,-26.759,-10.59,0.99205854166843,0.0000 /?,2.5036263,108.09914
2026-Nov-03 15:00,-26.76,-10.59,0.99202758412956,0.0000 /?,2.5038112,108.06687
2026-Nov-03 18:00,-26.76,-10.59,0.991996654084,0.0000 /?,2.5039956,108.0345
2026-Nov-03 21:00,-26.76,-10.59,0.99196575114931,0.0000 /?,2.5041795,108.00204
2026-Nov-04 00:00,-26.76,-10.59,0.99193487495405,0.0000 /?,2.5043629,107.96947
2026-Nov-04 03:00,-26.76,-10.59,0.99190402513797,0.0000 /?,2.5045457,107.93681
2026-Nov-04 06:00,-26.76,-10.59,0.99187320135228,0.0000 /?,2.5047279,107.90406
2026-Nov-04 09:00,-26.76,-10.59,0.99184240325992,0.0000 /?,2.5049095,107.8712
2026-Nov-04 12:00,-26.76,-10.59,0.99181163053568,0.0000 /?,2.5050906,107.83826
2026-Nov-04 15:00,-26.76,-10.59,0.9917808828665,0.0000 /?,2.505271,107.80521
2026-Nov-04 18:00,-26.76,-10.59,0.99175015995161,0.0000 /?,2.5054508,107.77207
2026-Nov-04 21:00,-26.76,-10.59,0.99171946150268,0.0000 /?,2.5056299,107.73883
2026-Nov-05 00:00,-26.76,-10.59,0.99168878724404,0.0000 /?,2.5058084,107.7055
2026-Nov-05 03:00,-26.76,-10.59,0.99165813691279,0.0000 /?,2.5059863,107.67207
2026-Nov-05 06:00,-26.76,-10.59,0.99162751025895,0.0000 /?,2.5061634,107.63855
2026-Nov-05 09:00,-26.76,-10.59,0.99159690704558,0.0000 /?,2.5063399,107.60493
2026-Nov-05 12:00,-26.761,-10.59,0.99156632704891,0.0000 /?,2.5065157,107.57122
2026-Nov-05 15:00,-26.761,-10.59,0.99153577005843,0.0000 /?,2.5066907,107.53741
2026-Nov-05 18:00,-26.761,-10.59,0.99150523587695,0.0000 /?,2.5068651,107.5035
2026-Nov-05 21:00,-26.761,-10.59,0.99147472432076,0.0000 /?,2.5070387,107.4695
2026-Nov-06 00:00,-26.761,-10.59,0.99144423521961,0.0000 /?,2.5072116,107.4354
2026-Nov-06 03:00,-26.761,-10.59,0.99141376841683,0.0000 /?,2.5073837,107.40121
2026-Nov-06 06:00,-26.761,-10.59,0.99138332376934,0.0000 /?,2.5075551,107.36693
2026-Nov-06 09:00,-26.761,-10.59,0.9913529011477,0.0000 /?,2.5077258,107.33255
2026-Nov-06 12:00,-26.761,-10.59,0.99132250043615,0.0000 /?,2.5078957,107.29808
2026-Nov-06 15:00,-26.761,-10.59,0.99129212153258,0.0000 /?,2.5080648,107.26351
2026-Nov-06 18:00,-26.761,-10.59,0.99126176434858,0.0000 /?,2.5082331,107.22885
2026-Nov-06 21:00,-26.761,-10.59,0.99123142880943,0.0000 /?,2.5084007,107.19409
2026-Nov-07 00:00,-26.761,-10.59,0.99120111485403,0.0000 /?,2.5085674,107.15924
2026-Nov-07 03:00,-26.761,-10.59,0.99117082243495,0.0000 /?,2.5087334,107.12429
2026-Nov-07 06:00,-26.761,-10.59,0.99114055151833,0.0000 /?,2.5088986,107.08926
2026-Nov-07 09:00,-26.762,-10.59,0.99111030208386,0.0000 /?,2.509063,107.05413
2026-Nov-07 12:00,-26.762,-10.59,0.99108007412474,0.0000 /?,2.5092266,107.0189
2026-Nov-07 15:00,-26.762,-10.59,0.99104986764757,0.0000 /?,2.5093894,106.98358
2026-Nov-07 18:00,-26.762,-10.59,0.99101968267231,0.0000 /?,2.5095514,106.94817
2026-Nov-07 21:00,-26.762,-10.59,0.99098951923218,0.0000 /?,2.5097126,106.91267
2026-Nov-08 00:00,-26.762,-10.59,0.99095937737357,0.0000 /?,2.5098729,106.87707
2026-Nov-08 03:00,-26.762,-10.59,0.99092925715592,0.0000 /?,2.5100325,106.84138
2026-Nov-08 06:00,-26.762,-10.59,0.99089915865165,0.0000 /?,2.5101913,106.8056
2026-Nov-08 09:00,-26.762,-10.59,0.99086908194599,0.0000 /?,2.5103492,106.76972
2026-Nov-08 12:00,-26.762,-10.59,0.99083902713688,0.0000 /?,2.5105064,106.73376
2026-Nov-08 15:00,-26.762,-10.59,0.99080899433484,0.0000 /?,2.5106627,106.6977
2026-Nov-08 18:00,-26.762,-10.59,0.99077898366281,0.0000 /?,2.5108183,106.66155
2026-Nov-08 21:00,-26.762,-10.59,0.990748995256,0.0000 /?,2.510973,106.6253
2026-Nov-09 00:00,-26.762,-10.59,0.99071902926175,0.0000 /?,2.5111269,106.58897
2026-Nov-09 03:00,-26.762,-10.59,0.99068908583934,0.0000 /?,2.51128,106.55254
2026-Nov-09 06:00,-26.763,-10.59,0.99065916515985,0.0000 /?,2.5114324,106.51603
2026-Nov-09 09:00,-26.763,-10.59,0.99062926740598,0.0000 /?,2.5115839,106.47942
2026-Nov-09 12:00,-26.763,-10.59,0.99059939277184,0.0000 /?,2.5117347,106.44272
2026-Nov-09 15:00,-26.763,-10.59,0.99056954146281,0.0000 /?,2.5118846,106.40593
2026-Nov-09 18:00,-26.763,-10.59,0.99053971369531,0.0000 /?,2.5120338,106.36904
2026-Nov-09 21:00,-26.763,-10.59,0.99050990969665,0.0000 /?,2.5121822,106.33207
2026-Nov-10 00:00,-26.763,-10.59,0.9904801297048,0.0000 /?,2.5123298,106.29501
2026-Nov-10 03:00,-26.763,-10.59,0.99045037396822,0.0000 /?,2.5124766,106.25786
2026-Nov-10 06:00,-26.763,-10.59,0.99042064274562,0.0000 /?,2.5126226,106.22061
2026-Nov-10 09:00,-26.763,-10.59,0.99039093630582,0.0000 /?,2.5127679,106.18328
2026-Nov-10 12:00,-26.763,-10.59,0.99036125492747,0.0000 /?,2.5129125,106.14586
2026-Nov-10 15:00,-26.763,-10.59,0.99033159889891,0.0000 /?,2.5130562,106.10835
2026-Nov-10 18:00,-26.763,-10.59,0.99030196851794,0.0000 /?,2.5131993,106.07074
2026-Nov-10 21:00,-26.763,-10.59,0.99027236409163,0.0000 /?,2.5133416,106.03305
2026-Nov-11 00:00,-26.763,-10.59,0.99024278593607,0.0000 /?,2.5134831,105.99527
2026-Nov-11 03:00,-26.763,-10.59,0.99021323437623,0.0000 /?,2.5136239,105.9574
2026-Nov-11 06:00,-26.764,-10.59,0.99018370974572,0.0000 /?,2.513764,105.91945
2026-Nov-11 09:00,-26.764,-10.59,0.99015421238661,0.0000 /?,2.5139034,105.8814
2026-Nov-11 12:00,-26.764,-10.59,0.99012474264922,0.0000 /?,2.514042,105.84326
2026-Nov-11 15:00,-26.764,-10.59,0.99009530089193,0.0000 /?,2.5141799,105.80504
2026-Nov-11 18:00,-26.764,-10.59,0.99006588748099,0.0000 /?,2.5143172,105.76673
2026-Nov-11 21:00,-26.764,-10.59,0.99003650279033,0.0000 /?,2.5144537,105.72833
2026-Nov-12 00:00,-26.764,-10.59,0.99000714720139,0.0000 /?,2.5145896,105.68984
2026-Nov-12 03:00,-26.764,-10.59,0.98997782110293,0.0000 /?,2.5147247,105.65126
2026-Nov-12 06:00,-26.764,-10.59,0.98994852489084,0.0000 /?,2.5148592,105.6126
2026-Nov-12 09:00,-26.764,-10.59,0.98991925896802,0.0000 /?,2.514993,105.57385
2026-Nov-12 12:00,-26.764,-10.59,0.98989002374416,0.0000 /?,2.5151262,105.53501
2026-Nov-12 15:00,-26.764,-10.59,0.98986081963561,0.0000 /?,2.5152587,105.49608
2026-Nov-12 18:00,-26.764,-10.59,0.98983164706522,0.0000 /?,2.5153905,105.45707
2026-Nov-12 21:00,-26.764,-10.59,0.9898025064622,0.0000 /?,2.5155217,105.41797
2026-Nov-13 00:00,-26.764,-10.59,0.98977339826198,0.0000 /?,2.5156523,105.37878
2026-Nov-13 03:00,-26.765,-10.59,0.98974432290605,0.0000 /?,2.5157823,105.33951
2026-Nov-13 06:00,-26.765,-10.59,0.98971528084186,0.0000 /?,2.5159116,105.30015
2026-Nov-13 09:00,-26.765,-10.59,0.9896862725227,0.0000 /?,2.5160403,105.26071
2026-Nov-13 12:00,-26.765,-10.59,0.98965729840757,0.0000 /?,2.5161684,105.22118
2026-Nov-13 15:00,-26.765,-10.59,0.98962835896105,0.0000 /?,2.5162959,105.18156
2026-Nov-13 18:00,-26.765,-10.59,0.98959945465325,0.0000 /?,2.5164228,105.14186
2026-Nov-13 21:00,-26.765,-10.59,0.98957058595968,0.0000 /?,2.5165491,105.10207
2026-Nov-14 00:00,-26.765,-10.59,0.98954175336116,0.0000 /?,2.5166749,105.0622
2026-Nov-14 03:00,-26.765,-10.59,0.98951295734376,0.0000 /?,2.5168001,105.02224
2026-Nov-14 06:00,-26.765,-10.59,0.98948419839869,0.0000 /?,2.5169247,104.98219
2026-Nov-14 09:00,-26.765,-10.59,0.98945547702227,0.0000 /?,2.5170487,104.94207
2026-Nov-14 12:00,-26.765,-10.59,0.98942679371584,0.0000 /?,2.5171723,104.90185
2026-Nov-14 15:00,-26.765,-10.59,0.9893981489857,0.0000 /?,2.5172952,104.86155
2026-Nov-14 18:00,-26.765,-10.59,0.98936954334309,0.0000 /?,2.5174177,104.82117
2026-Nov-14 21:00,-26.765,-10.59,0.98934097730411,0.0000 /?,2.5175396,104.78071
2026-Nov-15 00:00,-26.765,-10.59,0.98931245138969,0.0000 /?,2.517661,104.74016
2026-Nov-15 03:00,-26.766,-10.59,0.98928396612558,0.0000 /?,2.5177819,104.69952
2026-Nov-15 06:00,-26.766,-10.59,0.98925552204227,0.0000 /?,2.5179022,104.6588
2026-Nov-15 09:00,-26.766,-10.59,0.98922711967501,0.0000 /?,2.5180221,104.618
2026-Nov-15 12:00,-26.766,-10.59,0.98919875956378,0.0000 /?,2.5181415,104.57712
2026-Nov-15 15:00,-26.766,-10.59,0.98917044225325,0.0000 /?,2.5182604,104.53615
2026-Nov-15 18:00,-26.766,-10.59,0.98914216829279,0.0000 /?,2.5183789,104.4951
2026-Nov-15 21:00,-26.766,-10.59,0.98911393823645,0.0000 /?,2.5184969,104.45396
2026-Nov-16 00:00,-26.766,-10.59,0.98908575264292,0.0000 /?,2.5186144,104.41275
2026-Nov-16 03:00,-26.766,-10.59,0.98905761207561,0.0000 /?,2.5187315,104.37145
2026-Nov-16 06:00,-26.766,-10.59,0.98902951710254,0.0000 /?,2.5188481,104.33007
2026-Nov-16 09:00,-26.766,-10.59,0.9890014682964,0.0000 /?,2.5189643,104.2886
2026-Nov-16 12:00,-26.766,-10.59,0.98897346623452,0.0000 /?,2.5190801,104.24706
2026-Nov-16 15:00,-26.766,-10.59,0.98894551149889,0.0000 /?,2.5191955,104.20543
2026-Nov-16 18:00,-26.766,-10.59,0.9889176046761,0.0000 /?,2.5193105,104.16372
2026-Nov-16 21:00,-26.766,-10.59,0.98888974635739,0.0000 /?,2.5194251,104.12193
2026-Nov-17 00:00,-26.766,-10.59,0.98886193713861,0.0000 /?,2.5195393,104.08006
2026-Nov-17 03:00,-26.767,-10.59,0.98883417762019,0.0000 /?,2.5196531,104.0381
2026-Nov-17 06:00,-26.767,-10.59,0.98880646840717,0.0000 /?,2.5197666,103.99607
2026-Nov-17 09:00,-26.767,-10.59,0.98877881010911,0.0000 /?,2.5198797,103.95395
2026-Nov-17 12:00,-26.767,-10.59,0.98875120334009,0.0000 /?,2.5199925,103.91176
2026-Nov-17 15:00,-26.767,-10.59,0.98872364871869,0.0000 /?,2.5201049,103.86948
2026-Nov-17 18:00,-26.767,-10.59,0.98869614686791,0.0000 /?,2.520217,103.82713
2026-Nov-17 21:00,-26.767,-10.59,0.98866869841513,0.0000 /?,2.5203288,103.78469
2026-Nov-18 00:00,-26.767,-10.59,0.98864130399202,0.0000 /?,2.5204403,103.74217
2026-Nov-18 03:00,-26.767,-10.59,0.9886139642345,0.0000 /?,2.5205516,103.69958
2026-Nov-18 06:00,-26.767,-10.59,0.98858667978263,0.0000 /?,2.5206625,103.6569
2026-Nov-18 09:00,-26.767,-10.59,0.9885594512805,0.0000 /?,2.5207732,103.61415
2026-Nov-18 12:00,-26.767,-10.59,0.98853227937609,0.0000 /?,2.5208837,103.57131
2026-Nov-18 15:00,-26.767,-10.59,0.98850516472119,0.0000 /?,2.5209939,103.5284
2026-Nov-18 18:00,-26.767,-10.59,0.9884781079712,0.0000 /?,2.5211039,103.48541
2026-Nov-18 21:00,-26.767,-10.59,0.98845110978498,0.0000 /?,2.5212137,103.44234
2026-Nov-19 00:00,-26.767,-10.59,0.98842417082464,0.0000 /?,2.5213232,103.39919
2026-Nov-19 03:00,-26.767,-10.59,0.98839729175536,0.0000 /?,2.5214327,103.35596
2026-Nov-19 06:00,-26.768,-10.59,0.9883704732451,0.0000 /?,2.5215419,103.31265
2026-Nov-19 09:00,-26.768,-10.59,0.98834371596441,0.0000 /?,2.521651,103.26927
2026-Nov-19 12:00,-26.768,-10.59,0.9883170205861,0.0000 /?,2.52176,103.22581
2026-Nov-19 15:00,-26.768,-10.59,0.98829038778496,0.0000 /?,2.5218689,103.18227
2026-Nov-19 18:00,-26.768,-10.59,0.98826381823739,0.0000 /?,2.5219777,103.13865
2026-Nov-19 21:00,-26.768,-10.59,0.98823731262108,0.0000 /?,2.5220864,103.09496
2026-Nov-20 00:00,-26.768,-10.59,0.98821087161459,0.0000 /?,2.522195,103.05119
2026-Nov-20 03:00,-26.768,-10.59,0.98818449589694,0.0000 /?,2.5223036,103.00734
2026-Nov-20 06:00,-26.768,-10.59,0.98815818614717,0.0000 /?,2.5224122,102.96341
2026-Nov-20 09:00,-26.768,-10.59,0.98813194304382,0.0000 /?,2.5225208,102.91941
2026-Nov-20 12:00,-26.768,-10.59,0.98810576726447,0.0000 /?,2.5226294,102.87533
2026-Nov-20 15:00,-26.768,-10.59,0.98807965948514,0.0000 /?,2.522738,102.83118
2026-Nov-20 18:00,-26.768,-10.59,0.98805362037977,0.0000 /?,2.5228467,102.78695
2026-Nov-20 21:00,-26.768,-10.59,0.98802765061955,0.0000 /?,2.5229554,102.74264
2026-Nov-21 00:00,-26.768,-10.59,0.98800175087232,0.0000 /?,2.5230643,102.69826
2026-Nov-21 03:00,-26.768,-10.59,0.98797592180188,0.0000 /?,2.5231733,102.6538
2026-Nov-21 06:00,-26.768,-10.59,0.9879501640673,0.0000 /?,2.5232824,102.60927
2026-Nov-21 09:00,-26.769,-10.59,0.98792447832214,0.0000 /?,2.5233917,102.56466
2026-Nov-21 12:00,-26.769,-10.59,0.98789886521373,0.0000 /?,2.5235011,102.51997
2026-Nov-21 15:00,-26.769,-10.59,0.98787332538235,0.0000 /?,2.5236108,102.47521
2026-Nov-21 18:00,-26.769,-10.59,0.98784785946042,0.0000 /?,2.5237207,102.43038
2026-Nov-21 21:00,-26.769,-10.59,0.98782246807164,0.0000 /?,2.5238309,102.38547
2026-Nov-22 00:00,-26.769,-10.59,0.98779715183013,0.0000 /?,2.5239413,102.34049
2026-Nov-22 03:00,-26.769,-10.59,0.98777191133953,0.0000 /?,2.524052,102.29543
2026-Nov-22 06:00,-26.769,-10.59,0.98774674719207,0.0000 /?,2.5241631,102.2503
2026-Nov-22 09:00,-26.769,-10.59,0.98772165996769,0.0000 /?,2.5242744,102.20509
2026-Nov-22 12:00,-26.769,-10.59,0.98769665023307,0.0000 /?,2.5243862,102.15981
2026-Nov-22 15:00,-26.769,-10.59,0.98767171854066,0.0000 /?,2.5244983,102.11446
2026-Nov-22 18:00,-26.769,-10.59,0.98764686542777,0.0000 /?,2.5246108,102.06903
2026-Nov-22 21:00,-26.769,-10.59,0.9876220914156,0.0000 /?,2.5247237,102.02353
2026-Nov-23 00:00,-26.769,-10.59,0.98759739700825,0.0000 /?,2.5248371,101.97795
2026-Nov-23 03:00,-26.769,-10.59,0.98757278269184,0.0000 /?,2.5249509,101.93231
2026-Nov-23 06:00,-26.769,-10.59,0.98754824893351,0.0000 /?,2.5250652,101.88658
2026-Nov-23 09:00,-26.769,-10.59,0.98752379618055,0.0000 /?,2.52518,101.84079
2026-Nov-23 12:00,-26.769,-10.59,0.98749942485948,0.0000 /?,2.5252953,101.79492
2026-Nov-23 15:00,-26.769,-10.59,0.98747513537515,0.0000 /?,2.5254111,101.74898
2026-Nov-23 18:00,-26.77,-10.59,0.98745092810998,0.0000 /?,2.5255275,101.70297
2026-Nov-23 21:00,-26.77,-10.59,0.98742680342305,0.0000 /?,2.5256444,101.65688
2026-Nov-24 00:00,-26.77,-10.59,0.98740276164941,0.0000 /?,2.5257619,101.61073
2026-Nov-24 03:00,-26.77,-10.59,0.98737880309934,0.0000 /?,2.52588,101.5645
2026-Nov-24 06:00,-26.77,-10.59,0.98735492805765,0.0000 /?,2.5259987,101.5182
2026-Nov-24 09:00,-26.77,-10.59,0.98733113678311,0.0000 /?,2.5261179,101.47182
2026-Nov-24 12:00,-26.77,-10.59,0.98730742950785,0.0000 /?,2.5262378,101.42538
2026-Nov-24 15:00,-26.77,-10.59,0.98728380643688,0.0000 /?,2.5263583,101.37886
2026-Nov-24 18:00,-26.77,-10.59,0.98726026774766,0.0000 /?,2.5264794,101.33227
2026-Nov-24 21:00,-26.77,-10.59,0.98723681358972,0.0000 /?,2.5266011,101.28561
2026-Nov-25 00:00,-26.77,-10.59,0.98721344408439,0.0000 /?,2.5267234,101.23888
2026-Nov-25 03:00,-26.77,-10.59,0.98719015932458,0.0000 /?,2.5268463,101.19207
2026-Nov-25 06:00,-26.77,-10.59,0.9871669593746,0.0000 /?,2.5269699,101.1452
2026-Nov-25 09:00,-26.77,-10.59,0.98714384427014,0.0000 /?,2.5270941,101.09825
2026-Nov-25 12:00,-26.77,-10.59,0.98712081401827,0.0000 /?,2.5272189,101.05124
2026-Nov-25 15:00,-26.77,-10.59,0.9870978685975,0.0000 /?,2.5273443,101.00415
2026-Nov-25 18:00,-26.77,-10.59,0.98707500795798,0.0000 /?,2.5274704,100.95699
2026-Nov-25 21:00,-26.77,-10.59,0.98705223202174,0.0000 /?,2.527597,100.90977
2026-Nov-26 00:00,-26.77,-10.59,0.98702954068299,0.0000 /?,2.5277241,100.86247
2026-Nov-26 03:00,-26.771,-10.59,0.98700693380852,0.0000 /?,2.5278519,100.8151
2026-Nov-26 06:00,-26.771,-10.59,0.98698441123818,0.0000 /?,2.5279802,100.76766
2026-Nov-26 09:00,-26.771,-10.59,0.98696197278541,0.0000 /?,2.5281091,100.72016
2026-Nov-26 12:00,-26.771,-10.59,0.98693961823783,0.0000 /?,2.5282385,100.67258
2026-Nov-26 15:00,-26.771,-10.59,0.98691734735789,0.0000 /?,2.5283684,100.62493
2026-Nov-26 18:00,-26.771,-10.59,0.98689515988363,0.0000 /?,2.5284987,100.57722
2026-Nov-26 21:00,-26.771,-10.59,0.98687305552944,0.0000 /?,2.5286296,100.52943
2026-Nov-27 00:00,-26.771,-10.59,0.98685103398684,0.0000 /?,2.5287609,100.48158
2026-Nov-27 03:00,-26.771,-10.59,0.98682909492544,0.0000 /?,2.5288927,100.43366
2026-Nov-27 06:00,-26.771,-10.59,0.98680723799378,0.0000 /?,2.5290248,100.38567
2026-Nov-27 09:00,-26.771,-10.59,0.98678546282028,0.0000 /?,2.5291573,100.33761
2026-Nov-27 12:00,-26.771,-10.59,0.98676376901428,0.0000 /?,2.5292902,100.28948
2026-Nov-27 15:00,-26.771,-10.59,0.98674215616697,0.0000 /?,2.5294235,100.24128
2026-Nov-27 18:00,-26.771,-10.59,0.98672062385245,0.0000 /?,2.529557,100.19302
2026-Nov-27 21:00,-26.771,-10.59,0.98669917162877,0.0000 /?,2.5296908,100.14469
2026-Nov-28 00:00,-26.771,-10.59,0.98667779903898,0.0000 /?,2.5298249,100.09629
2026-Nov-28 03:00,-26.771,-10.59,0.9866565056122,0.0000 /?,2.5299592,100.04783
2026-Nov-28 06:00,-26.771,-10.59,0.98663529086462,0.0000 /?,2.5300937,99.999293
2026-Nov-28 09:00,-26.771,-10.59,0.98661415430066,0.0000 /?,2.5302284,99.950694
2026-Nov-28 12:00,-26.771,-10.59,0.9865930954139,0.0000 /?,2.5303632,99.902029
2026-Nov-28 15:00,-26.771,-10.59,0.98657211368825,0.0000 /?,2.5304982,99.853297
2026-Nov-28 18:00,-26.772,-10.59,0.98655120859885,0.0000 /?,2.5306333,99.804499
2026-Nov-28 21:00,-26.772,-10.59,0.98653037961318,0.0000 /?,2.5307684,99.755635
2026-Nov-29 00:00,-26.772,-10.59,0.98650962619199,0.0000 /?,2.5309035,99.706706
2026-Nov-29 03:00,-26.772,-10.59,0.98648894779029,0.0000 /?,2.5310387,99.657712
2026-Nov-29 06:00,-26.772,-10.59,0.98646834385829,0.0000 /?,2.5311738,99.608652
2026-Nov-29 09:00,-26.772,-10.59,0.98644781384232,0.0000 /?,2.5313089,99.559528
2026-Nov-29 12:00,-26.772,-10.59,0.9864273571857,0.0000 /?,2.531444,99.510339
2026-Nov-29 15:00,-26.772,-10.59,0.98640697332961,0.0000 /?,2.5315789,99.461086
2026-Nov-29 18:00,-26.772,-10.59,0.98638666171391,0.0000 /?,2.5317137,99.411769
2026-Nov-29 21:00,-26.772,-10.59,0.98636642177792,0.0000 /?,2.5318483,99.362388
2026-Nov-30 00:00,-26.772,-10.59,0.98634625296121,0.0000 /?,2.5319828,99.312944
2026-Nov-30 03:00,-26.772,-10.59,0.98632615470431,0.0000 /?,2.5321171,99.263436
2026-Nov-30 06:00,-26.772,-10.59,0.98630612644935,0.0000 /?,2.5322511,99.213866
2026-Nov-30 09:00,-26.772,-10.59,0.98628616764083,0.0000 /?,2.5323849,99.164232
2026-Nov-30 12:00,-26.772,-10.59,0.98626627772611,0.0000 /?,2.5325184,99.114537
2026-Nov-30 15:00,-26.772,-10.59,0.98624645615613,0.0000 /?,2.5326516,99.064779
2026-Nov-30 18:00,-26.772,-10.59,0.98622670238585,0.0000 /?,2.5327844,99.01496
2026-Nov-30 21:00,-26.772,-10.59,0.98620701587486,0.0000 /?,2.532917,98.965079
2026-Dec-01 00:00,-26.772,-10.59,0.98618739608783,0.0000 /?,2.5330491,98.915137
2026-Dec-01 03:00,-26.772,-10.59,0.98616784249499,0.0000 /?,2.5331809,98.865134
2026-Dec-01 06:00,-26.772,-10.59,0.98614835457256,0.0000 /?,2.5333123,98.815071
2026-Dec-01 09:00,-26.772,-10.59,0.98612893180313,0.0000 /?,2.5334432,98.764947
2026-Dec-01 12:00,-26.772,-10.59,0.98610957367608,0.0000 /?,2.5335737,98.714763
2026-Dec-01 15:00,-26.773,-10.59,0.9860902796879,0.0000 /?,2.5337037,98.66452
2026-Dec-01 18:00,-26.773,-10.59,0.98607104934251,0.0000 /?,2.5338332,98.614217
2026-Dec-01 21:00,-26.773,-10.59,0.98605188215159,0.0000 /?,2.5339622,98.563856
2026-Dec-02 00:00,-26.773,-10.59,0.98603277763483,0.0000 /?,2.5340907,98.513435
2026-Dec-02 03:00,-26.773,-10.59,0.9860137353202,0.0000 /?,2.5342187,98.462957
2026-Dec-02 06:00,-26.773,-10.59,0.98599475474416,0.0000 /?,2.534346,98.41242
2026-Dec-02 09:00,-26.773,-10.59,0.98597583545192,0.0000 /?,2.5344728,98.361825
2026-Dec-02 12:00,-26.773,-10.59,0.9859569769976,0.0000 /?,2.5345991,98.311173
2026-Dec-02 15:00,-26.773,-10.59,0.98593817894443,0.0000 /?,2.5347247,98.260464
2026-Dec-02 18:00,-26.773,-10.59,0.98591944086491,0.0000 /?,2.5348497,98.209698
2026-Dec-02 21:00,-26.773,-10.59,0.98590076234094,0.0000 /?,2.534974,98.158876
2026-Dec-03 00:00,-26.773,-10.59,0.98588214296401,0.0000 /?,2.5350977,98.107997
2026-Dec-03 03:00,-26.773,-10.59,0.98586358233524,0.0000 /?,2.5352208,98.057063
2026-Dec-03 06:00,-26.773,-10.59,0.98584508006558,0.0000 /?,2.5353432,98.006073
2026-Dec-03 09:00,-26.773,-10.59,0.98582663577584,0.0000 /?,2.5354648,97.955029
2026-Dec-03 12:00,-26.773,-10.59,0.98580824909684,0.0000 /?,2.5355858,97.903929
2026-Dec-03 15:00,-26.773,-10.59,0.98578991966942,0.0000 /?,2.5357061,97.852775
2026-Dec-03 18:00,-26.773,-10.59,0.9857716471446,0.0000 /?,2.5358257,97.801568
2026-Dec-03 21:00,-26.773,-10.59,0.98575343118355,0.0000 /?,2.5359445,97.750306
2026-Dec-04 00:00,-26.773,-10.59,0.98573527145773,0.0000 /?,2.5360625,97.698991
2026-Dec-04 03:00,-26.773,-10.59,0.98571716764889,0.0000 /?,2.5361799,97.647623
2026-Dec-04 06:00,-26.773,-10.59,0.98569911944914,0.0000 /?,2.5362964,97.596202
2026-Dec-04 09:00,-26.773,-10.59,0.98568112656097,0.0000 /?,2.5364122,97.54473
2026-Dec-04 12:00,-26.773,-10.59,0.98566318869729,0.0000 /?,2.5365272,97.493205
2026-Dec-04 15:00,-26.774,-10.59,0.98564530558148,0.0000 /?,2.5366414,97.441628
2026-Dec-04 18:00,-26.774,-10.59,0.9856274769474,0.0000 /?,2.5367548,97.39
2026-Dec-04 21:00,-26.774,-10.59,0.98560970253939,0.0000 /?,2.5368674,97.338322
2026-Dec-05 00:00,-26.774,-10.59,0.98559198211232,0.0000 /?,2.5369792,97.286593
2026-Dec-05 03:00,-26.774,-10.59,0.9855743154316,0.0000 /?,2.5370902,97.234813
2026-Dec-05 06:00,-26.774,-10.59,0.98555670227317,0.0000 /?,2.5372003,97.182984
2026-Dec-05 09:00,-26.774,-10.59,0.98553914242353,0.0000 /?,2.5373096,97.131105
2026-Dec-05 12:00,-26.774,-10.59,0.98552163567972,0.0000 /?,2.5374181,97.079178
2026-Dec-05 15:00,-26.774,-10.59,0.98550418184936,0.0000 /?,2.5375257,97.027201
2026-Dec-05 18:00,-26.774,-10.59,0.98548678075062,0.0000 /?,2.5376325,96.975177
2026-Dec-05 21:00,-26.774,-10.59,0.98546943221223,0.0000 /?,2.5377384,96.923104
2026-Dec-06 00:00,-26.774,-10.59,0.98545213607345,0.0000 /?,2.5378434,96.870983
2026-Dec-06 03:00,-26.774,-10.59,0.9854348921841,0.0000 /?,2.5379476,96.818816
2026-Dec-06 06:00,-26.774,-10.59,0.98541770040452,0.0000 /?,2.5380508,96.766601
2026-Dec-06 09:00,-26.774,-10.59,0.98540056060558,0.0000 /?,2.5381533,96.71434
2026-Dec-06 12:00,-26.774,-10.59,0.98538347266865,0.0000 /?,2.5382548,96.662033
2026-Dec-06 15:00,-26.774,-10.59,0.98536643648556,0.0000 /?,2.5383554,96.60968
2026-Dec-06 18:00,-26.774,-10.59,0.98534945195864,0.0000 /?,2.5384552,96.557282
2026-Dec-06 21:00,-26.774,-10.59,0.98533251900064,0.0000 /?,2.538554,96.504838
2026-Dec-07 00:00,-26.774,-10.59,0.98531563753471,0.0000 /?,2.538652,96.45235
2026-Dec-07 03:00,-26.774,-10.59,0.98529880749442,0.0000 /?,2.5387491,96.399818
2026-Dec-07 06:00,-26.774,-10.59,0.98528202882366,0.0000 /?,2.5388452,96.347242
2026-Dec-07 09:00,-26.774,-10.59,0.98526530147666,0.0000 /?,2.5389405,96.294622
2026-Dec-07 12:00,-26.774,-10.59,0.98524862541793,0.0000 /?,2.5390348,96.241959
2026-Dec-07 15:00,-26.774,-10.59,0.98523200062221,0.0000 /?,2.5391283,96.189254
2026-Dec-07 18:00,-26.774,-10.59,0.98521542707446,0.0000 /?,2.5392208,96.136506
2026-Dec-07 21:00,-26.775,-10.59,0.98519890476977,0.0000 /?,2.5393124,96.083715
2026-Dec-08 00:00,-26.775,-10.59,0.98518243371337,0.0000 /?,2.5394031,96.030884
2026-Dec-08 03:00,-26.775,-10.59,0.98516601392052,0.0000 /?,2.5394929,95.978011
2026-Dec-08 06:00,-26.775,-10.59,0.98514964541649,0.0000 /?,2.5395818,95.925097
2026-Dec-08 09:00,-26.775,-10.59,0.98513332823648,0.0000 /?,2.5396698,95.872143
2026-Dec-08 12:00,-26.775,-10.59,0.98511706242561,0.0000 /?,2.5397568,95.819149
2026-Dec-08 15:00,-26.775,-10.59,0.98510084803877,0.0000 /?,2.539843,95.766115
2026-Dec-08 18:00,-26.775,-10.59,0.98508468514067,0.0000 /?,2.5399282,95.713041
2026-Dec-08 21:00,-26.775,-10.59,0.98506857380565,0.0000 /?,2.5400125,95.659929
2026-Dec-09 00:00,-26.775,-10.59,0.98505251411772,0.0000 /?,2.5400959,95.606778
2026-Dec-09 03:00,-26.775,-10.59,0.98503650617039,0.0000 /?,2.5401784,95.553589
2026-Dec-09 06:00,-26.775,-10.59,0.98502055006669,0.0000 /?,2.54026,95.500362
2026-Dec-09 09:00,-26.775,-10.59,0.985004645919,0.0000 /?,2.5403407,95.447098
2026-Dec-09 12:00,-26.775,-10.59,0.98498879384905,0.0000 /?,2.5404205,95.393797
2026-Dec-09 15:00,-26.775,-10.59,0.9849729939878,0.0000 /?,2.5404993,95.340459
2026-Dec-09 18:00,-26.775,-10.59,0.98495724647534,0.0000 /?,2.5405773,95.287084
2026-Dec-09 21:00,-26.775,-10.59,0.98494155146085,0.0000 /?,2.5406544,95.233674
2026-Dec-10 00:00,-26.775,-10.59,0.9849259091025,0.0000 /?,2.5407305,95.180229
2026-Dec-10 03:00,-26.775,-10.59,0.98491031956734,0.0000 /?,2.5408058,95.126748
2026-Dec-10 06:00,-26.775,-10.59,0.98489478303123,0.0000 /?,2.5408802,95.073233
2026-Dec-10 09:00,-26.775,-10.59,0.98487929967876,0.0000 /?,2.5409537,95.019683
2026-Dec-10 12:00,-26.775,-10.59,0.98486386970315,0.0000 /?,2.5410263,94.966099
2026-Dec-10 15:00,-26.775,-10.59,0.98484849330618,0.0000 /?,2.5410981,94.912482
2026-Dec-10 18:00,-26.775,-10.59,0.98483317069805,0.0000 /?,2.5411689,94.858832
2026-Dec-10 21:00,-26.775,-10.59,0.98481790209736,0.0000 /?,2.5412389,94.805149
2026-Dec-11 00:00,-26.775,-10.59,0.98480268773097,0.0000 /?,2.541308,94.751433
2026-Dec-11 03:00,-26.775,-10.59,0.98478752783395,0.0000 /?,2.5413762,94.697686
2026-Dec-11 06:00,-26.775,-10.59,0.98477242264946,0.0000 /?,2.5414436,94.643906
2026-Dec-11 09:00,-26.775,-10.59,0.98475737242868,0.0000 /?,2.5415101,94.590096
2026-Dec-11 12:00,-26.776,-10.59,0.98474237743073,0.0000 /?,2.5415758,94.536255
2026-Dec-11 15:00,-26.776,-10.59,0.9847274379226,0.0000 /?,2.5416406,94.482383
2026-Dec-11 18:00,-26.776,-10.59,0.98471255417903,0.0000 /?,2.5417045,94.428481
2026-Dec-11 21:00,-26.776,-10.59,0.98469772648246,0.0000 /?,2.5417677,94.37455
2026-Dec-12 00:00,-26.776,-10.59,0.98468295512298,0.0000 /?,2.5418299,94.320589
2026-Dec-12 03:00,-26.776,-10.59,0.98466824039818,0.0000 /?,2.5418914,94.266599
2026-Dec-12 06:00,-26.776,-10.59,0.98465358261317,0.0000 /?,2.541952,94.212581
2026-Dec-12 09:00,-26.776,-10.59,0.98463898208044,0.0000 /?,2.5420118,94.158534
2026-Dec-12 12:00,-26.776,-10.59,0.98462443911984,0.0000 /?,2.5420708,94.10446
2026-Dec-12 15:00,-26.776,-10.59,0.98460995405851,0.0000 /?,2.542129,94.050359
2026-Dec-12 18:00,-26.776,-10.59,0.98459552723081,0.0000 /?,2.5421863,93.99623
2026-Dec-12 21:00,-26.776,-10.59,0.98458115897826,0.0000 /?,2.5422429,93.942075
2026-Dec-13 00:00,-26.776,-10.59,0.98456684964952,0.0000 /?,2.5422987,93.887893
2026-Dec-13 03:00,-26.776,-10.59,0.98455259960032,0.0000 /?,2.5423537,93.833686
2026-Dec-13 06:00,-26.776,-10.59,0.98453840919343,0.0000 /?,2.5424079,93.779453
2026-Dec-13 09:00,-26.776,-10.59,0.98452427879859,0.0000 /?,2.5424613,93.725195
2026-Dec-13 12:00,-26.776,-10.59,0.98451020879253,0.0000 /?,2.542514,93.670913
2026-Dec-13 15:00,-26.776,-10.59,0.98449619955888,0.0000 /?,2.5425658,93.616606
2026-Dec-13 18:00,-26.776,-10.59,0.98448225148818,0.0000 /?,2.542617,93.562275
2026-Dec-13 21:00,-26.776,-10.59,0.98446836497786,0.0000 /?,2.5426674,93.507921
2026-Dec-14 00:00,-26.776,-10.59,0.98445454043218,0.0000 /?,2.542717,93.453544
2026-Dec-14 03:00,-26.776,-10.59,0.98444077826226,0.0000 /?,2.5427659,93.399143
2026-Dec-14 06:00,-26.776,-10.59,0.98442707888604,0.0000 /?,2.5428141,93.344721
2026-Dec-14 09:00,-26.776,-10.59,0.98441344272826,0.0000 /?,2.5428615,93.290276
2026-Dec-14 12:00,-26.776,-10.59,0.9843998702205,0.0000 /?,2.5429082,93.23581
2026-Dec-14 15:00,-26.776,-10.59,0.98438636180113,0.0000 /?,2.5429542,93.181323
2026-Dec-14 18:00,-26.776,-10.59,0.98437291791532,0.0000 /?,2.5429996,93.126814
2026-Dec-14 21:00,-26.776,-10.59,0.98435953901505,0.0000 /?,2.5430442,93.072285
2026-Dec-15 00:00,-26.776,-10.59,0.98434622555912,0.0000 /?,2.5430881,93.017737
2026-Dec-15 03:00,-26.776,-10.59,0.98433297801314,0.0000 /?,2.5431314,92.963168
2026-Dec-15 06:00,-26.776,-10.59,0.98431979684951,0.0000 /?,2.5431739,92.90858
2026-Dec-15 09:00,-26.776,-10.59,0.98430668254749,0.0000 /?,2.5432159,92.853973
2026-Dec-15 12:00,-26.777,-10.59,0.98429363559315,0.0000 /?,2.5432571,92.799347
2026-Dec-15 15:00,-26.777,-10.59,0.9842806564794,0.0000 /?,2.5432977,92.744704
2026-Dec-15 18:00,-26.777,-10.59,0.98426774570599,0.0000 /?,2.5433377,92.690042
2026-Dec-15 21:00,-26.777,-10.59,0.9842549037795,0.0000 /?,2.5433771,92.635363
2026-Dec-16 00:00,-26.777,-10.59,0.98424213121336,0.0000 /?,2.5434158,92.580667
2026-Dec-16 03:00,-26.777,-10.59,0.98422942852784,0.0000 /?,2.543454,92.525955
2026-Dec-16 06:00,-26.777,-10.59,0.98421679625001,0.0000 /?,2.5434915,92.471226
2026-Dec-16 09:00,-26.777,-10.59,0.98420423491379,0.0000 /?,2.5435285,92.416481
2026-Dec-16 12:00,-26.777,-10.59,0.98419174505986,0.0000 /?,2.5435648,92.36172
2026-Dec-16 15:00,-26.777,-10.59,0.9841793272357,0.0000 /?,2.5436007,92.306944
2026-Dec-16 18:00,-26.777,-10.59,0.98416698199549,0.0000 /?,2.5436359,92.252154
2026-Dec-16 21:00,-26.777,-10.59,0.98415470990012,0.0000 /?,2.5436706,92.197349
2026-Dec-17 00:00,-26.777,-10.59,0.9841425115171,0.0000 /?,2.5437048,92.14253
2026-Dec-17 03:00,-26.777,-10.59,0.98413038742051,0.0000 /?,2.5437385,92.087697
2026-Dec-17 06:00,-26.777,-10.59,0.98411833819094,0.0000 /?,2.5437717,92.032851
2026-Dec-17 09:00,-26.777,-10.59,0.98410636441535,0.0000 /?,2.5438044,91.977992
2026-Dec-17 12:00,-26.777,-10.59,0.98409446668699,0.0000 /?,2.5438366,91.92312
2026-Dec-17 15:00,-26.777,-10.59,0.98408264560529,0.0000 /?,2.5438684,91.868236
2026-Dec-17 18:00,-26.777,-10.59,0.98407090177569,0.0000 /?,2.5438997,91.81334
2026-Dec-17 21:00,-26.777,-10.59,0.98405923580948,0.0000 /?,2.5439305,91.758433
2026-Dec-18 00:00,-26.777,-10.59,0.98404764832364,0.0000 /?,2.543961,91.703514
2026-Dec-18 03:00,-26.777,-10.59,0.98403613994059,0.0000 /?,2.5439911,91.648585
2026-Dec-18 06:00,-26.777,-10.59,0.984024711288,0.0000 /?,2.5440207,91.593645
2026-Dec-18 09:00,-26.777,-10.59,0.98401336299853,0.0000 /?,2.5440501,91.538696
2026-Dec-18 12:00,-26.777,-10.59,0.98400209570951,0.0000 /?,2.544079,91.483736
2026-Dec-18 15:00,-26.777,-10.59,0.98399091006267,0.0000 /?,2.5441077,91.428767
2026-Dec-18 18:00,-26.777,-10.59,0.98397980670377,0.0000 /?,2.544136,91.373789
2026-Dec-18 21:00,-26.777,-10.59,0.98396878628224,0.0000 /?,2.5441641,91.318803
2026-Dec-19 00:00,-26.777,-10.59,0.98395784945077,0.0000 /?,2.5441919,91.263808
2026-Dec-19 03:00,-26.777,-10.59,0.98394699686488,0.0000 /?,2.5442194,91.208805
2026-Dec-19 06:00,-26.777,-10.59,0.98393622918241,0.0000 /?,2.5442467,91.153794
2026-Dec-19 09:00,-26.777,-10.59,0.98392554706305,0.0000 /?,2.5442738,91.098776
2026-Dec-19 12:00,-26.777,-10.59,0.98391495116778,0.0000 /?,2.5443007,91.043751
2026-Dec-19 15:00,-26.777,-10.59,0.98390444215826,0.0000 /?,2.5443275,90.988719
2026-Dec-19 18:00,-26.777,-10.59,0.98389402069622,0.0000 /?,2.5443541,90.933681
2026-Dec-19 21:00,-26.777,-10.59,0.98388368744283,0.0000 /?,2.5443806,90.878638
2026-Dec-20 00:00,-26.777,-10.59,0.98387344305792,0.0000 /?,2.544407,90.823588
2026-Dec-20 03:00,-26.777,-10.59,0.98386328819932,0.0000 /?,2.5444333,90.768533
2026-Dec-20 06:00,-26.777,-10.59,0.98385322352202,0.0000 /?,2.5444596,90.713473
2026-Dec-20 09:00,-26.777,-10.59,0.98384324967738,0.0000 /?,2.5444859,90.658408
2026-Dec-20 12:00,-26.778,-10.59,0.98383336731227,0.0000 /?,2.5445122,90.603339
2026-Dec-20 15:00,-26.778,-10.59,0.98382357706817,0.0000 /?,2.5445385,90.548266
2026-Dec-20 18:00,-26.778,-10.59,0.98381387958024,0.0000 /?,2.5445649,90.493189
2026-Dec-20 21:00,-26.778,-10.59,0.98380427547636,0.0000 /?,2.5445914,90.438109
2026-Dec-21 00:00,-26.778,-10.59,0.98379476537617,0.0000 /?,2.5446179,90.383026
2026-Dec-21 03:00,-26.778,-10.59,0.98378534989001,0.0000 /?,2.5446446,90.327939
2026-Dec-21 06:00,-26.778,-10.59,0.98377602961787,0.0000 /?,2.5446715,90.27285
2026-Dec-21 09:00,-26.778,-10.59,0.98376680514838,0.0000 /?,2.5446986,90.217759
2026-Dec-21 12:00,-26.778,-10.59,0.98375767705765,0.0000 /?,2.5447258,90.162666
2026-Dec-21 15:00,-26.778,-10.59,0.98374864590824,0.0000 /?,2.5447534,90.107571
2026-Dec-21 18:00,-26.778,-10.59,0.983739712248,0.0000 /?,2.5447811,90.052475
2026-Dec-21 21:00,-26.778,-10.59,0.98373087660896,0.0000 /?,2.5448092,89.997378
2026-Dec-22 00:00,-26.778,-10.59,0.98372213950625,0.0000 /?,2.5448376,89.94228
2026-Dec-22 03:00,-26.778,-10.59,0.98371350143695,0.0000 /?,2.5448663,89.887182
2026-Dec-22 06:00,-26.778,-10.59,0.98370496287901,0.0000 /?,2.5448953,89.832083
2026-Dec-22 09:00,-26.778,-10.59,0.98369652429014,0.0000 /?,2.5449248,89.776984
2026-Dec-22 12:00,-26.778,-10.59,0.98368818610678,0.0000 /?,2.5449546,89.721886
2026-Dec-22 15:00,-26.778,-10.59,0.98367994874303,0.0000 /?,2.5449848,89.666789
2026-Dec-22 18:00,-26.778,-10.59,0.98367181258967,0.0000 /?,2.5450155,89.611692
2026-Dec-22 21:00,-26.778,-10.59,0.98366377801319,0.0000 /?,2.5450467,89.556597
2026-Dec-23 00:00,-26.778,-10.59,0.98365584535487,0.0000 /?,2.5450783,89.501503
2026-Dec-23 03:00,-26.778,-10.59,0.9836480149299,0.0000 /?,2.5451104,89.446411
2026-Dec-23 06:00,-26.778,-10.59,0.9836402870266,0.0000 /?,2.545143,89.391321
2026-Dec-23 09:00,-26.778,-10.59,0.98363266190565,0.0000 /?,2.5451761,89.336233
2026-Dec-23 12:00,-26.778,-10.59,0.9836251397994,0.0000 /?,2.5452097,89.281148
2026-Dec-23 15:00,-26.778,-10.59,0.98361772091129,0.0000 /?,2.5452438,89.226067
2026-Dec-23 18:00,-26.778,-10.59,0.9836104054153,0.0000 /?,2.5452785,89.170988
2026-Dec-23 21:00,-26.778,-10.59,0.98360319345551,0.0000 /?,2.5453138,89.115913
2026-Dec-24 00:00,-26.778,-10.59,0.9835960851457,0.0000 /?,2.5453496,89.060841
2026-Dec-24 03:00,-26.778,-10.59,0.98358908056912,0.0000 /?,2.5453859,89.005774
2026-Dec-24 06:00,-26.778,-10.59,0.98358217977825,0.0000 /?,2.5454228,88.950711
2026-Dec-24 09:00,-26.778,-10.59,0.98357538279472,0.0000 /?,2.5454603,88.895653
2026-Dec-24 12:00,-26.778,-10.59,0.98356868960928,0.0000 /?,2.5454983,88.8406
2026-Dec-24 15:00,-26.778,-10.59,0.98356210018192,0.0000 /?,2.5455368,88.785553
2026-Dec-24 18:00,-26.778,-10.59,0.98355561444197,0.0000 /?,2.5455759,88.73051
2026-Dec-24 21:00,-26.778,-10.59,0.98354923228843,0.0000 /?,2.5456155,88.675474
2026-Dec-25 00:00,-26.778,-10.59,0.98354295359026,0.0000 /?,2.5456557,88.620445
2026-Dec-25 03:00,-26.778,-10.59,0.98353677818683,0.0000 /?,2.5456963,88.565422
2026-Dec-25 06:00,-26.778,-10.59,0.98353070588847,0.0000 /?,2.5457375,88.510405
2026-Dec-25 09:00,-26.778,-10.59,0.98352473647698,0.0000 /?,2.5457791,88.455396
2026-Dec-25 12:00,-26.778,-10.59,0.98351886970639,0.0000 /?,2.5458213,88.400395
2026-Dec-25 15:00,-26.778,-10.59,0.98351310530361,0.0000 /?,2.5458638,88.345402
2026-Dec-25 18:00,-26.778,-10.59,0.98350744296932,0.0000 /?,2.5459068,88.290416
2026-Dec-25 21:00,-26.778,-10.59,0.98350188237874,0.0000 /?,2.5459503,88.23544
2026-Dec-26 00:00,-26.778,-10.59,0.98349642318263,0.0000 /?,2.5459941,88.180472
2026-Dec-26 03:00,-26.778,-10.59,0.98349106500819,0.0000 /?,2.5460383,88.125514
2026-Dec-26 06:00,-26.778,-10.59,0.98348580746013,0.0000 /?,2.5460829,88.070565
2026-Dec-26 09:00,-26.778,-10.59,0.98348065012165,0.0000 /?,2.5461278,88.015627
2026-Dec-26 12:00,-26.778,-10.59,0.98347559255557,0.0000 /?,2.546173,87.960698
2026-Dec-26 15:00,-26.778,-10.59,0.98347063430539,0.0000 /?,2.5462185,87.905781
2026-Dec-26 18:00,-26.778,-10.59,0.98346577489646,0.0000 /?,2.5462643,87.850874
2026-Dec-26 21:00,-26.778,-10.59,0.98346101383706,0.0000 /?,2.5463103,87.79598
2026-Dec-27 00:00,-26.778,-10.59,0.98345635061956,0.0000 /?,2.5463565,87.741096
2026-Dec-27 03:00,-26.778,-10.59,0.98345178472158,0.0000 /?,2.5464028,87.686226
2026-Dec-27 06:00,-26.778,-10.59,0.98344731560712,0.0000 /?,2.5464494,87.631367
2026-Dec-27 09:00,-26.778,-10.59,0.98344294272766,0.0000 /?,2.546496,87.576522
2026-Dec-27 12:00,-26.778,-10.59,0.98343866552332,0.0000 /?,2.5465428,87.52169
2026-Dec-27 15:00,-26.778,-10.59,0.98343448342396,0.0000 /?,2.5465896,87.466872
2026-Dec-27 18:00,-26.778,-10.59,0.98343039585022,0.0000 /?,2.5466365,87.412068
2026-Dec-27 21:00,-26.778,-10.59,0.98342640221464,0.0000 /?,2.5466834,87.357279
2026-Dec-28 00:00,-26.778,-10.59,0.98342250192262,0.0000 /?,2.5467303,87.302504
2026-Dec-28 03:00,-26.778,-10.59,0.98341869437347,0.0000 /?,2.5467771,87.247745
2026-Dec-28 06:00,-26.778,-10.59,0.98341497896137,0.0000 /?,2.5468239,87.193002
2026-Dec-28 09:00,-26.778,-10.59,0.9834113550763,0.0000 /?,2.5468706,87.138275
2026-Dec-28 12:00,-26.778,-10.59,0.98340782210492,0.0000 /?,2.5469171,87.083564
2026-Dec-28 15:00,-26.778,-10.59,0.98340437943144,0.0000 /?,2.5469636,87.02887
2026-Dec-28 18:00,-26.778,-10.59,0.98340102643845,0.0000 /?,2.5470098,86.974194
2026-Dec-28 21:00,-26.778,-10.59,0.98339776250772,0.0000 /?,2.5470559,86.919535
2026-Dec-29 00:00,-26.778,-10.59,0.98339458702089,0.0000 /?,2.5471018,86.864895
2026-Dec-29 03:00,-26.778,-10.59,0.98339149936021,0.0000 /?,2.5471474,86.810273
2026-Dec-29 06:00,-26.779,-10.59,0.9833884989092,0.0000 /?,2.5471927,86.75567
2026-Dec-29 09:00,-26.779,-10.59,0.98338558505327,0.0000 /?,2.5472378,86.701086
2026-Dec-29 12:00,-26.779,-10.59,0.98338275718031,0.0000 /?,2.5472825,86.646522
2026-Dec-29 15:00,-26.779,-10.59,0.98338001468124,0.0000 /?,2.5473269,86.591979
2026-Dec-29 18:00,-26.779,-10.59,0.98337735695048,0.0000 /?,2.547371,86.537456
2026-Dec-29 21:00,-26.779,-10.59,0.98337478338651,0.0000 /?,2.5474147,86.482954
2026-Dec-30 00:00,-26.779,-10.59,0.98337229339221,0.0000 /?,2.5474579,86.428474
2026-Dec-30 03:00,-26.779,-10.59,0.98336988637534,0.0000 /?,2.5475008,86.374015
2026-Dec-30 06:00,-26.779,-10.59,0.98336756174887,0.0000 /?,2.5475433,86.319579
2026-Dec-30 09:00,-26.779,-10.59,0.98336531893136,0.0000 /?,2.5475852,86.265165
2026-Dec-30 12:00,-26.779,-10.59,0.98336315734722,0.0000 /?,2.5476268,86.210774
2026-Dec-30 15:00,-26.779,-10.59,0.98336107642704,0.0000 /?,2.5476678,86.156407
2026-Dec-30 18:00,-26.779,-10.59,0.98335907560784,0.0000 /?,2.5477083,86.102064
2026-Dec-30 21:00,-26.779,-10.59,0.98335715433326,0.0000 /?,2.5477483,86.047745
2026-Dec-31 00:00,-26.779,-10.59,0.98335531205385,0.0000 /?,2.5477878,85.993451
