time,atmospheric-pressure,atmospheric-temperature,latitude,longitude,mean-displacement,speed
2024-09-12 00:02:20.328510+00:00,0.9861130766666667,23.456666666666667,-20.9553242,55.0726294,16.166766422562517,0.0
2024-09-12 00:02:22.251375+00:00,0.986419945,23.505,-20.9553242,55.0726294,16.166766422562517,0.0
2024-09-12 00:12:24.932001+00:00,0.9864795,23.438,-20.9553242,55.0726294,16.166766422562517,0.0
2024-09-12 00:12:26.726355+00:00,0.9867231759999999,23.4,-20.9553242,55.0726294,16.166766422562517,0.0
2024-09-12 00:22:19.450696+00:00,0.986506548,23.338,-20.9553242,55.0726294,16.166766422562517,0.0
2024-09-12 00:22:21.022222+00:00,0.9859216780000001,23.218,-20.9553242,55.0726294,16.166766422562517,0.0
2024-09-12 00:32:24.038007+00:00,0.9857511540000001,23.098000000000003,-20.9553242,55.0726294,16.166766422562517,0.0
2024-09-12 00:32:25.846295+00:00,0.98552106,23.07,-20.9553242,55.0726294,16.166766422562517,0.0
2024-09-12 00:42:28.749086+00:00,0.985290966,23.042,-20.9553242,55.0726294,16.166766422562517,0.0
2024-09-12 00:52:23.160928+00:00,0.985692182,23.036,-20.9553242,55.0726294,16.166766422562517,0.0
2024-09-12 00:52:24.671933+00:00,0.9860933980000001,23.029999999999998,-20.9553242,55.0726294,16.166766422562517,0.0
2024-09-12 01:02:27.810732+00:00,0.98656689,23.134,-20.9553242,55.0726294,16.166766422562517,0.0
2024-09-12 01:02:29.196433+00:00,0.987224518,23.241999999999997,-20.9553242,55.0726294,16.166766422562517,0.0
2024-09-12 01:12:32.319074+00:00,0.9870993699999999,23.27,-20.9553242,55.0726294,16.166766422562517,0.0
2024-09-12 01:12:33.875909+00:00,0.986803216,23.3,-20.9553242,55.0726294,16.166766422562517,0.0
2024-09-12 01:22:26.858054+00:00,0.9864218059999998,23.296,-20.9553242,55.0726294,16.166766422562517,0.0
2024-09-12 01:22:28.617776+00:00,0.9855537739999999,23.182,-20.9553242,55.0726294,16.166766422562517,0.0
2024-09-12 01:42:35.607158+00:00,0.985389388,23.054000000000002,-20.9553242,55.0726294,16.166766422562517,0.0
2024-09-12 01:42:37.461000+00:00,0.986007778,23.006,-20.9553242,55.0726294,16.166766422562517,0.0
2024-09-12 01:52:29.978719+00:00,0.9861593880000001,22.94,-20.9553242,55.0726294,16.166766422562517,0.0
2024-09-12 01:52:31.835074+00:00,0.986396254,22.908,-20.9553242,55.0726294,16.166766422562517,0.0
2024-09-12 02:02:34.590523+00:00,0.987323546,22.928,-20.9553242,55.0726294,16.166766422562517,0.00040072195079096185
2024-09-12 02:02:36.339838+00:00,0.987119718,22.924,-20.9553242,55.0726294,16.166766422562517,0.005080696464808317
2024-09-12 02:12:31.479902+00:00,0.98691589,22.92,-20.95532507926204,55.07261795538894,15.880323560378642,0.0097606708611784
2024-09-12 02:32:38.103414+00:00,0.986764354,22.976,-20.95534589881048,55.07234696491754,29.42274531607462,0.01444064489110362
2024-09-12 02:32:40.179205+00:00,0.9864677500000001,23.07,-20.955345934626983,55.0723464987244,29.463998422335106,0.01912061859859106
2024-09-12 02:42:34.903898+00:00,0.9857897980000001,23.14,-20.9553561962367,55.07221293202087,41.93407974464618,0.02339987003319672
2024-09-12 02:52:36.972393+00:00,0.9849526519999999,23.302,-20.95536658455921,55.072077716003946,55.26609563222618,0.023399868581424305
2024-09-12 03:02:43.797899+00:00,0.984115506,23.464,-20.955377054961033,55.07194143162999,69.00820766253952,0.023399867183496785
2024-09-12 03:12:38.299880+00:00,0.9842524060000001,23.607999999999997,-20.95538731272799,55.07180791494442,82.62142424747884,0.0233998658938711
2024-09-12 03:12:45.951213+00:00,0.9845343740000001,23.714,-20.955387444747046,55.07180619656387,82.7972742510136,0.02339986453239857
2024-09-12 03:22:40.491705+00:00,0.984341888,23.839999999999996,-20.95539770317849,55.07167267122926,96.49743389901138,0.023399863564753296
2024-09-12 03:22:42.864959+00:00,0.9847360700000001,23.912,-20.95539774412753,55.071672138230205,96.55224292723392,0.023399862755495847
2024-09-12 03:32:45.037010+00:00,0.9854924800000001,24.008,-20.955408134236837,55.07153689895605,110.48247865847031,0.023399861852722414
2024-09-12 03:32:47.524339+00:00,0.985689332,24.08,-20.955408177154176,55.071536340337346,110.5401031964695,0.0233998611814586
2024-09-12 03:42:42.230214+00:00,0.985608088,24.224,-20.955418438439196,55.07140277786008,124.33326596031397,0.023399860606882636
2024-09-12 03:42:49.494757+00:00,0.98569222,24.32,-20.955418563784434,55.07140114634704,124.50192338435127,0.023399859920216537
2024-09-12 03:52:43.861553+00:00,0.985233062,24.506,-20.955428819218852,55.07126766002214,138.3121002814963,0.023399859118169563
2024-09-12 03:52:46.892393+00:00,0.984411676,24.668,-20.95542887151414,55.07126697933858,138.38257243683347,0.023399858487908272
2024-09-12 04:02:48.519369+00:00,0.9774363380000001,25.03,-20.955439252218515,55.071131862480506,152.37966666067013,0.02336496960934168
2024-09-12 04:02:51.476728+00:00,0.970739096,25.32,-20.95543930324593,55.07113119829973,152.4485076015137,0.02359317586772284
2024-09-12 04:12:43.691890+00:00,0.9686292660000001,26.618000000000002,-20.955452700695336,55.070999519926026,166.0987720890988,0.02382138151916012
2024-09-12 04:12:46.711904+00:00,0.967062726,27.826,-20.955452875861663,55.070998831286055,166.17009488126988,0.024049586607923883
2024-09-12 04:22:48.380108+00:00,0.9662559,29.5,-20.95548777371567,55.070861635642046,180.424392835966,0.024277791461299273
2024-09-12 04:22:51.115280+00:00,0.971603026,30.974,-20.95548793236063,55.07086101195334,180.48938024227223,0.024540884013695464
2024-09-12 04:32:45.718197+00:00,0.98256404,32.358000000000004,-20.9555224204151,55.07072542737434,194.651501138369,0.024540881236921597
2024-09-12 04:32:53.007358+00:00,0.988937642,32.734,-20.95552284319974,55.07072376526037,194.82550645176158,0.024540878373943437
2024-09-12 04:42:47.516325+00:00,0.99562409,33.17999999999999,-20.955557325804943,55.07058820210434,209.0452173594789,0.024540876020463814
2024-09-12 04:42:50.376320+00:00,1.001550824,33.160000000000004,-20.955557491689866,55.07058754995281,209.11374710490819,0.02454087344879569
2024-09-12 04:52:52.274985+00:00,1.00943229,33.14,-20.955592402911027,55.07045030175786,223.55901318346608,0.024540870827579067
2024-09-12 04:52:54.999648+00:00,1.0116998679999998,33.21,-20.955592560946457,55.07044968046543,223.62450051068348,0.024540868175699657
2024-09-12 05:02:49.839007+00:00,1.01303898,33.519999999999996,-20.955627062714985,55.07031404197168,237.9398274137344,0.02352231680487465
2024-09-12 05:02:56.765151+00:00,1.014065246,33.76,-20.955627464443978,55.07031246263479,238.10671313548963,0.020004990086735484
2024-09-12 05:12:51.567160+00:00,1.013665152,34.099999999999994,-20.95565506374161,55.070205054686554,249.4686984449243,0.016487663838096706
2024-09-12 05:12:54.991918+00:00,1.0155978060000002,34.41,-20.9556550172592,55.0702052785784,249.445097782774,0.012970338286646052
2024-09-12 05:22:49.622692+00:00,1.0164247539999998,34.74399999999999,-20.955646946653808,55.07024415226834,245.3480158930027,0.009453013328658295
2024-09-12 05:32:54.330210+00:00,1.0197846259999999,34.8,-20.955638739282158,55.07028368472037,241.1828380612938,0.006954237894987628
2024-09-12 05:42:58.822964+00:00,1.023144498,34.856,-20.95563053482538,55.070323203132325,237.02055460299766,0.0069542381785008935
2024-09-12 05:52:53.224489+00:00,1.0306932979999999,34.818,-20.955622467331462,55.07036206183522,232.9292082949128,0.0069542384678496095
2024-09-12 05:52:59.471911+00:00,1.0339546179999999,34.809999999999995,-20.955622382538547,55.070362470257315,232.88621436673225,0.006954238713912858
2024-09-12 06:02:53.944762+00:00,1.042604168,34.29,-20.955614314076552,55.070401333623124,228.79591246676307,0.007523138841857712
2024-09-12 06:02:58.051085+00:00,1.04964926,33.80800000000001,-20.955614258343626,55.07040160207194,228.76766416954771,0.012253852193305012
2024-09-12 06:12:59.279302+00:00,1.0576535,32.998000000000005,-20.955609397274426,55.07045809682538,222.8776132071282,0.016984565121699054
2024-09-12 06:13:03.441725+00:00,1.060028662,31.796000000000003,-20.955609516457162,55.07045931707948,222.75216663006594,0.021715277318215726
2024-09-12 06:22:58.162604+00:00,1.060882836,30.316000000000003,-20.955626545110757,55.0706336651907,204.8533647074054,0.0264459887890481
2024-09-12 06:33:02.837304+00:00,1.057454486,29.324,-20.955643858772287,55.070810931359674,186.71532944362426,0.03060780010642718
2024-09-12 06:42:57.865521+00:00,1.054209998,28.384000000000004,-20.955660896225893,55.07098536956988,168.94496676098197,0.03060779763185604
2024-09-12 06:43:02.133653+00:00,1.050006362,27.772000000000002,-20.955661018435396,55.07098662081361,168.81784054902928,0.030607795161338797
2024-09-12 06:53:02.742106+00:00,1.045347244,27.398000000000003,-20.955678215668005,55.07116269492343,150.98853014579478,0.030607793068574297
2024-09-12 06:53:06.875736+00:00,1.042209114,27.302,-20.955678334026306,55.07116390673657,150.86628239735768,0.0306077914487471
2024-09-12 07:03:01.437915+00:00,1.036534928,27.302,-20.955695358135834,55.071338208323276,133.36579537059546,0.030787130118497135
2024-09-12 07:03:07.502998+00:00,1.034079318,27.427999999999997,-20.955695531797467,55.07133998636038,133.18823790170697,0.0322526460038814
2024-09-12 07:13:02.528691+00:00,1.0316237080000001,27.554000000000002,-20.95570893837683,55.071519941854845,115.2400928034022,0.033718162147034984
2024-09-12 07:23:07.268418+00:00,1.028070794,28.234,-20.955705580102347,55.071740838882064,92.98404344756537,0.03518367898659772
2024-09-12 07:23:10.714249+00:00,1.0245178799999999,28.913999999999998,-20.955705560966766,55.07174209756207,92.85818290257089,0.036649195780530136
2024-09-12 07:43:06.351310+00:00,1.0292812640000002,30.05,-20.955698921288146,55.07217883531982,50.69393454288405,0.03793537309161417
2024-09-12 07:43:09.289682+00:00,1.03064221,31.008,-20.955698904970617,55.0721799086371,50.59711592607357,0.03793537382465666
2024-09-12 08:03:07.754672+00:00,1.030150274,31.986,-20.955692249587784,55.072617679370026,25.14437517427618,0.03793537479229902
2024-09-12 08:03:15.429337+00:00,1.034077634,32.558,-20.955692206968404,55.07262048274245,25.16377504258001,0.03793537541024417
2024-09-12 08:13:10.058812+00:00,1.039186046,33.096000000000004,-20.955688904838738,55.07283768673517,34.98917092158713,0.03793537652659292
2024-09-12 08:13:12.414182+00:00,1.039611748,33.168,-20.955688891758765,55.072838547095756,35.05148671130776,0.037935377371373064
2024-09-12 08:33:18.880884+00:00,1.0400374500000003,33.239999999999995,-20.95568219194038,55.07327924066356,74.58580171636495,0.03793537827672779
2024-09-12 08:53:11.423473+00:00,1.041712476,33.333999999999996,-20.955675569446157,55.07371484808427,118.17186464352619,0.037935379124758736
2024-09-12 08:53:17.701341+00:00,1.040644746,33.366,-20.95567553458355,55.073717141240024,118.40459580028859,0.03712169258166521
2024-09-12 09:03:12.504552+00:00,1.041563584,33.342,-20.955672231489082,55.07393440869444,140.53738493495007,0.03344262250654812
2024-09-12 09:13:17.725314+00:00,1.04204929,33.089999999999996,-20.955673874132106,55.07413179046799,160.82155486391648,0.02976355135450101
2024-09-12 09:33:16.631989+00:00,1.0390297099999999,32.836,-20.9557128846291,55.07435349237253,184.22969702883404,0.026084479508891045
2024-09-12 09:43:21.226963+00:00,1.0366136879999999,32.54,-20.955732557178187,55.07446529411657,196.03583259934962,0.0224054074198764
2024-09-12 09:53:16.834238+00:00,1.039997454,32.326,-20.95575193728199,55.07457543385471,207.66731294500443,0.019540022387622955
2024-09-12 09:53:25.956805+00:00,1.03831534,32.158,-20.955752234115668,55.074577120800456,207.8454713219478,0.01856576549757155
2024-09-12 10:03:20.431374+00:00,1.0359688260000002,32.132,-20.955771577363038,55.07468705107851,219.45554836581624,0.015390666907251101
2024-09-12 10:13:25.673544+00:00,1.03709114,32.007999999999996,-20.955783841836748,55.07477153455987,228.33368734305805,0.012215568882817393
2024-09-12 10:13:25.727750+00:00,1.038213454,31.884000000000004,-20.95578384053253,55.074771533252644,228.33353083787662,0.009040470220113474
2024-09-12 10:33:24.605890+00:00,1.03691368,31.715999999999998,-20.95575499496311,55.07474262121878,224.88836943706886,0.005865372741536246
2024-09-12 10:33:24.625898+00:00,1.040296092,31.32,-20.95575499448171,55.074742620736274,224.88831221693914,0.00366453047405994
2024-09-12 10:43:29.478207+00:00,1.040855608,30.792,-20.955740441451937,55.07472803417418,223.16281562849775,0.003812273883771341
2024-09-12 11:03:28.450448+00:00,1.039776612,30.306,-20.95571159361841,55.074699119870985,219.76847221487228,0.004737065702510837
2024-09-12 11:13:33.621683+00:00,1.035667384,29.833999999999996,-20.955699028410685,55.07467726848894,217.34665588806436,0.0056618584375340035
2024-09-12 11:23:28.017976+00:00,1.030923212,29.386000000000003,-20.95569373792106,55.074630163415144,212.4200088916309,0.006586650340430151
2024-09-12 11:43:34.321161+00:00,1.0231022859999999,29.276,-20.955683001086793,55.07453456557713,202.42157810526587,0.007511442235555383
2024-09-12 11:43:36.977190+00:00,1.018183876,29.546000000000003,-20.955682977446514,55.074534355090556,202.39956363747868,0.00845541406366364
2024-09-12 11:53:31.584249+00:00,1.014940436,29.874000000000002,-20.95567768508094,55.074487233313846,197.4711693278747,0.010349258662848044
2024-09-12 12:13:31.060659+00:00,1.019099814,30.076,-20.955661467012494,55.07438329155276,186.5407534172609,0.012243103838420363
2024-09-12 12:13:37.198594+00:00,1.0232591919999998,30.278000000000002,-20.95566110686181,55.074382315321074,186.43542127190875,0.014136949822285184
2024-09-12 12:33:35.719164+00:00,1.0255847179999997,30.25,-20.955590782233624,55.074191691970405,165.95847344720346,0.016030795994847667
2024-09-12 12:33:40.021581+00:00,1.027830624,29.974,-20.95559052978415,55.074191007675786,165.8853313294121,0.017757719307905807
2024-09-12 12:43:34.696565+00:00,1.03148591,29.622000000000003,-20.95555563651808,55.07409642528743,155.80581114036855,0.017757721782398574
2024-09-12 12:43:40.807206+00:00,1.0307686099999998,29.381999999999998,-20.955555277968916,55.07409545339685,155.70256867046962,0.017757723933642815
2024-09-12 12:53:35.612484+00:00,1.030458066,29.024,-20.95552037705767,55.07400085028534,145.6896759408947,0.017757725615966766
2024-09-12 12:53:39.749431+00:00,1.031210616,28.695999999999998,-20.95552013431736,55.07400019230857,145.62030685081123,0.01775772779078832
2024-09-12 13:03:44.498250+00:00,1.0326165040000002,27.895999999999997,-20.95548464995697,55.073904007688064,135.52618549660951,0.017757731102945325
2024-09-12 13:13:39.520863+00:00,1.030091412,26.76,-20.955449736293346,55.07380937000969,125.69875787900148,0.017757735809412
2024-09-12 13:43:47.180816+00:00,1.0275663199999998,25.624000000000002,-20.955343669683167,55.07352186372422,96.80276114885675,0.017757740981465174
2024-09-12 14:03:43.130387+00:00,1.022957548,24.496000000000002,-20.95527349591141,55.073331649288015,79.05576715636721,0.01741255682306107
2024-09-12 14:03:47.645507+00:00,1.019412362,23.502,-20.955273230981337,55.073330931163234,78.99203012839558,0.01625521833548832
2024-09-12 14:13:44.553487+00:00,1.0136876579999998,22.944,-20.955246733478745,55.073243252105414,71.23332153192433,0.015097878412499552
2024-09-12 14:13:49.892248+00:00,1.010484554,22.798000000000002,-20.95524672009304,55.07324263680417,71.17383156055479,0.013940536758690447
2024-09-12 14:23:45.025771+00:00,1.006978728,22.64,-20.955245227933506,55.073174046657655,64.59520291884657,0.012783194243903964
2024-09-12 14:23:49.314767+00:00,1.0051498259999998,22.592,-20.95524521717984,55.07317355234359,64.54821266972934,0.011971040695064189
2024-09-12 14:33:44.569844+00:00,1.00283394,22.516,-20.955243724715537,55.07310494818778,58.09811671763098,0.011971040756117235
2024-09-12 14:33:49.613887+00:00,1.002044234,22.476,-20.955243712068768,55.07310436685328,58.0441355043821,0.011971040736012552
2024-09-12 14:43:49.201797+00:00,1.000544722,22.413999999999998,-20.955242208740888,55.0730352633311,51.72828711679488,0.011971040730124827
2024-09-12 14:43:54.451624+00:00,0.999347932,22.363999999999997,-20.955242195578162,55.07303465827967,51.67398115938722,0.01197104076192646
2024-09-12 14:53:49.291861+00:00,0.9977638000000001,22.318,-20.955240704153976,55.072966101934846,45.66286110304846,0.01197104081357889
2024-09-12 14:53:53.823752+00:00,0.99654902,22.332,-20.955240692791307,55.07296557962674,45.618290564073845,0.012046938404408163
2024-09-12 15:03:54.084159+00:00,0.99533424,22.346,-20.9552391877773,55.072896398598154,39.92714081856657,0.012409896873259591
2024-09-12 15:13:53.100872+00:00,0.994113248,22.377999999999997,-20.955237512584297,55.07282517564294,34.66344575914827,0.0127728553005507
2024-09-12 15:13:59.309126+00:00,0.9922879739999999,22.413999999999998,-20.955237488431,55.07282435184302,34.60752358620759,0.013135813786107587
2024-09-12 15:23:54.166159+00:00,0.9908500419999999,22.446,-20.955235174131648,55.07274541770436,29.907482582345175,0.013498772260156822
2024-09-12 15:33:52.164502+00:00,0.9897663360000001,22.466,-20.955232847610986,55.07266606673182,26.92953420504002,0.013785833205645262
2024-09-12 15:33:58.811158+00:00,0.9884789780000001,22.491999999999997,-20.95523282175208,55.07266518475844,26.908777777740525,0.01378583338426331
2024-09-12 15:43:57.206073+00:00,0.9874542720000001,22.522,-20.95523049368855,55.07258578116303,26.31127375135448,0.013785833555076264
2024-09-12 15:53:57.892936+00:00,0.987033848,22.548,-20.955228156708166,55.07250607343921,28.235601121897812,0.013785833666189282
2024-09-12 16:03:56.972116+00:00,0.986744794,22.612000000000002,-20.955225825982495,55.07242657904573,32.22627601627937,0.013648679681983675
2024-09-12 16:04:02.655612+00:00,0.9861140340000001,22.631999999999998,-20.955225803870775,55.07242582487821,32.27189437940343,0.013185529562728735
2024-09-12 16:13:57.840896+00:00,0.985686926,22.645999999999997,-20.955219777688104,55.07235101672012,37.650680878384556,0.012722379601906275
2024-09-12 16:23:56.381499+00:00,0.985378092,22.65,-20.955199883152446,55.072288429045024,43.82869260914861,0.01225922967337158
2024-09-12 16:24:02.772885+00:00,0.985141458,22.672,-20.955199670712958,55.072287760716094,43.89576521563713,0.011796080037723623
2024-09-12 16:33:57.450437+00:00,0.9842009380000001,22.718,-20.95517990457895,55.07222557698914,50.21278976151547,0.011470084880293314
2024-09-12 16:44:05.596431+00:00,0.9836743160000001,22.816,-20.955159690775403,55.07216198490583,56.79358764329356,0.010770260960161553
2024-09-12 17:04:03.328823+00:00,0.983147694,22.914,-20.955119880059694,55.07203674146296,69.97828784259734,0.009321301452161307
2024-09-12 17:14:02.264762+00:00,0.982647092,23.014000000000003,-20.955109479882758,55.07199213545837,74.49731670855724,0.007872341867956772
2024-09-12 17:14:08.459291+00:00,0.982468948,23.096,-20.955109684748496,55.07199225958291,74.47426542882597,0.006423381982650922
2024-09-12 17:24:03.470087+00:00,0.9828633200000001,23.116000000000003,-20.955129362972613,55.07200418227164,72.27000618807884,0.004974421641283462
2024-09-12 17:34:08.241485+00:00,0.9828570039999999,23.092000000000002,-20.95514936399981,55.07201630054106,70.05097694371997,0.004225286199172083
2024-09-12 17:34:11.437282+00:00,0.9828506879999999,23.068,-20.95514946969135,55.0720163645777,70.03931180641874,0.0042252861300070745
2024-09-12 17:44:06.172170+00:00,0.983179818,23.044,-20.955169138790623,55.07202828173785,67.88030594904326,0.004225286034611042
2024-09-12 17:44:13.369849+00:00,0.98311429,23.020000000000003,-20.955169376832593,55.072028425963275,67.85432618614053,0.004225285933408577
2024-09-12 18:04:12.406210+00:00,0.982213288,23.014,-20.955209031417677,55.072052451976596,63.581348057446,0.004500710023591134
2024-09-12 18:04:15.147289+00:00,0.981568736,23.016,-20.955209122070766,55.072052506901706,63.571713254827294,0.006169320237936956
2024-09-12 18:14:10.687794+00:00,0.980996584,23.016000000000002,-20.955225086796947,55.07207971211044,60.25062536952144,0.007837930379899626
2024-09-12 18:24:11.843064+00:00,0.9805165880000001,23.012,-20.95523018530639,55.07215226782172,53.33105071074713,0.00950654042153538
2024-09-12 18:34:16.677339+00:00,0.980036592,23.008,-20.955235315018154,55.07222526756605,46.569047047560595,0.011175150197850944
2024-09-12 18:54:16.403471+00:00,0.979708344,22.98,-20.95524549011819,55.0723700670666,34.21574432083909,0.012568335996399024
2024-09-12 18:54:18.581213+00:00,0.97930724,22.978,-20.955245508588025,55.072370329906526,34.19530849304449,0.012568335569761547
2024-09-12 19:04:21.163851+00:00,0.978833736,22.978,-20.955250619203238,55.072443057892265,28.983547039372198,0.012568335115711246
2024-09-12 19:14:15.989227+00:00,0.9778136,23.014,-20.955255664027675,55.0725148496246,25.050360346966794,0.012568334732544576
2024-09-12 19:14:17.452522+00:00,0.976793464,23.05,-20.95525567643815,55.07251502623523,25.042674817966535,0.012568334674543985
2024-09-12 19:44:19.558645+00:00,0.976489202,23.118000000000002,-20.955270960434714,55.072732529263256,25.81506603583211,0.012568334248484452
2024-09-12 19:44:20.597263+00:00,0.976093248,23.168,-20.955270969243426,55.072732654618015,25.821233577500884,0.01256833397601694
2024-09-12 19:54:24.485579+00:00,0.975539374,23.217999999999996,-20.955276090932337,55.07280554019097,30.15974267184531,0.012568333663646663
2024-09-12 19:54:25.294307+00:00,0.9758873619999999,23.244,-20.95527609779131,55.072805637799426,30.16641484446666,0.012908474862649824
2024-09-12 20:04:19.288892+00:00,0.97623535,23.27,-20.95528113556965,55.07287732926042,35.516973618842016,0.014183229274595612
2024-09-12 20:14:24.723602+00:00,0.976466734,23.226,-20.955286580331975,55.072960319360654,42.53483237756258,0.015457983071714077
2024-09-12 20:14:25.237099+00:00,0.976448892,23.154,-20.95528658567209,55.07296041285573,42.543116583091425,0.01673273656493251
2024-09-12 20:24:30.146438+00:00,0.9765889700000001,23.082,-20.955292876428928,55.073070551832295,52.64590402076834,0.018007490049136498
2024-09-12 20:44:27.961013+00:00,0.9770046640000001,23.02,-20.955305333105894,55.073288644136284,73.82837646429748,0.018942101926324527
2024-09-12 20:44:28.799265+00:00,0.977420358,22.958,-20.9553053418233,55.07328879676117,73.84351376464419,0.018942100498857736
2024-09-12 21:04:26.793473+00:00,0.977619284,22.875999999999998,-20.95531780036836,55.07350692177185,95.7227639773371,0.01912162788385607
2024-09-12 21:04:28.000036+00:00,0.9780674359999999,22.822000000000003,-20.955317812916018,55.073507141457036,95.7449905638761,0.01977551923204567
2024-09-12 21:14:31.971117+00:00,0.9779446119999999,22.736,-20.955332100222332,55.07362151738307,107.22893706018844,0.020429410784898884
2024-09-12 21:14:33.245149+00:00,0.9770724119999998,22.64,-20.955332167099726,55.07362178032164,107.25493492683852,0.02108330248034841
2024-09-12 21:24:26.552383+00:00,0.9760887,22.538000000000004,-20.95536331140864,55.073744228871604,119.47560279663485,0.021737193378178633
2024-09-12 21:24:27.856803+00:00,0.975406212,22.5,-20.955363379881195,55.073744498081794,119.50269485931221,0.02221155625265909
2024-09-12 21:34:31.243497+00:00,0.9737122679999999,22.458,-20.955395053288342,55.07386902686132,132.12030467629947,0.022211554548044656
2024-09-12 21:34:32.692133+00:00,0.972150522,22.414,-20.95539512933119,55.07386932583525,132.15078343469162,0.021617611450956736
2024-09-12 21:44:32.801603+00:00,0.9705887759999999,22.369999999999997,-20.955426630707947,55.073993178251335,144.84003820103237,0.019181302702844565
2024-09-12 22:14:30.689653+00:00,0.968745004,22.322,-20.95550695730673,55.07431503523448,178.24882354597074,0.016744994910702672
2024-09-12 22:14:36.584748+00:00,0.966901232,22.274,-20.955506767419973,55.074314503365876,178.19308366121427,0.014308687230482096
2024-09-12 22:24:35.399105+00:00,0.9663635660000001,22.25,-20.955487479025944,55.074260477001346,172.54286563713885,0.01187238065291146
2024-09-12 22:24:41.122355+00:00,0.9662646779999999,22.259999999999998,-20.955487294674484,55.074259960636994,172.4889789329333,0.010030015657643901
2024-09-12 22:44:33.711593+00:00,0.9662847580000001,22.25,-20.955448880212856,55.074152362580676,161.3132159260811,0.010030016430592486
2024-09-12 22:44:40.615541+00:00,0.9666983759999999,22.25,-20.95544865782996,55.07415173969112,161.24884726928175,0.010030017167044917
2024-09-12 22:54:35.116152+00:00,0.9668571440000001,22.217999999999996,-20.95542950838589,55.07409810252235,155.72174507115173,0.010030017984505393
2024-09-12 22:54:38.147242+00:00,0.9667212620000001,22.166000000000004,-20.95542941075153,55.074097829050665,155.6936472681365,0.010030018627697488
2024-09-12 23:04:40.062337+00:00,0.9663221420000001,22.131999999999998,-20.955410022479704,55.074043522930644,150.13176528354794,0.010030019188564101
2024-09-12 23:04:42.742409+00:00,0.965804054,22.118000000000002,-20.955409936151973,55.07404328112859,150.10708272149876,0.010030019807373561
2024-09-12 23:14:37.263825+00:00,0.96476802,22.09,-20.95539078603776,55.07398964208276,144.6511110929239,0.010030020429751974
2024-09-12 23:14:44.681464+00:00,0.9639868359999999,22.094,-20.955390547108372,55.073988972846834,144.5832917610454,0.010030020947757231
2024-09-12 23:24:39.406519+00:00,0.9636581,22.107999999999997,-20.955371390434745,55.07393531542824,139.1676146949598,0.010030021549990444
2024-09-12 23:24:41.797077+00:00,0.963592602,22.104000000000003,-20.955371313432543,55.07393509974678,139.1459365054095,0.010030022153940298
2024-09-12 23:34:44.175796+00:00,0.963290794,22.1,-20.955351910226938,55.073880751797574,133.708436770023,0.010030022667964414
2024-09-12 23:34:46.354046+00:00,0.9635069319999999,22.110000000000003,-20.955351840063383,55.07388055527101,133.68886849729378,0.010030023188136178
2024-09-12 23:44:40.910767+00:00,0.963821978,22.110000000000003,-20.955332688811954,55.073826913039866,128.3751770877773,0.010030023802900391
2024-09-12 23:44:48.752904+00:00,0.963684576,22.1,-20.955332436209083,55.07382620550482,128.3054716603786,0.010030024440215906
2024-09-12 23:54:43.454523+00:00,0.9634294880000001,22.080000000000002,-20.95531328029035,55.07377255020067,123.05086701313753,0.010030024969553786
2024-09-12 23:54:45.712117+00:00,0.96341071,22.06,-20.955313207571045,55.07377234651551,123.03104299533238,0.010030025623547337
2024-09-13 00:04:48.111157+00:00,0.9630552400000001,22.080000000000002,-20.95529380371088,55.073717996732896,117.77768981841729,0.010030026237377846
2024-09-13 00:04:50.391491+00:00,0.9624645299999999,22.080000000000002,-20.955293730259097,55.07371779099608,117.75794739590656,0.010030026917585625
2024-09-13 00:14:53.018240+00:00,0.9618738199999999,22.080000000000002,-20.95527431906421,55.07366342066906,112.58211919130358,0.010030027505926556
2024-09-13 00:24:47.531160+00:00,0.960914348,22.104,-20.95525516922365,55.073609782389745,107.56478991410899,0.010030028184130233
2024-09-13 00:24:49.249943+00:00,0.959954876,22.128,-20.955255113859977,55.07360962731732,107.55042438759784,0.010030028783090481
2024-09-13 00:34:44.679222+00:00,0.959993256,22.15,-20.955235934502607,55.07355590636207,102.62712154182708,0.010030029460895012
2024-09-13 00:34:52.265316+00:00,0.960167968,22.202,-20.955235690147124,55.07355522192777,102.56511479418158,0.010030029857921528
2024-09-13 00:44:46.956741+00:00,0.9604303460000001,22.206,-20.95521653455675,55.07350156754334,97.76617941346812,0.010030030556925853
2024-09-13 00:44:49.537147+00:00,0.9611791719999999,22.195999999999998,-20.955216451439366,55.073501334733386,97.7456362454366,0.010030031321718213
2024-09-13 01:04:49.155204+00:00,0.96156559,22.212,-20.95517781057262,55.07339310252135,88.49900798953513,0.010277736580661556
2024-09-13 01:04:56.004202+00:00,0.961290848,22.189999999999998,-20.955177589959725,55.07339248458951,88.44814005258264,0.011127990042245935
2024-09-13 01:14:51.256714+00:00,0.960426974,22.137999999999998,-20.955163268003897,55.07332973602935,83.04665292822335,0.011978243644079711
2024-09-13 01:14:53.701738+00:00,0.959279132,22.124,-20.95516325103939,55.073329400253755,83.01556326100737,0.012828497050494905
2024-09-13 01:35:00.034038+00:00,0.958541912,22.160000000000004,-20.95515488104637,55.073163734415786,68.13033958900627,0.012904865586228786
2024-09-13 02:05:03.435338+00:00,0.9581671,22.17,-20.955142368361187,55.07291607298158,48.840269477955225,0.01119693441180548
2024-09-13 02:14:58.605876+00:00,0.9575228680000001,22.183999999999997,-20.955135721085973,55.072856822516876,45.51881558782305,0.00888645496622246
2024-09-13 02:14:59.885457+00:00,0.9574677680000001,22.228,-20.955135694303934,55.072856804958384,45.52015185023674,0.006575975582875889
2024-09-13 02:25:03.388635+00:00,0.957965246,22.368000000000002,-20.9551230627885,55.072848523646336,46.175516389692454,0.004265495871968672
2024-09-13 02:25:04.560111+00:00,0.9580521019999999,22.458,-20.95512303826912,55.07284850757126,46.17683660904357,0.0027289009359214977
2024-09-13 02:45:02.610459+00:00,0.95798378,22.613999999999997,-20.95509796269038,55.07283206784213,47.620274244778464,0.0027289010106508775
2024-09-13 02:45:03.410119+00:00,0.958184878,22.766,-20.955097945953238,55.07283205686914,47.62129803930787,0.0027289009324205226
2024-09-13 02:55:07.370605+00:00,0.958905946,22.912,-20.955085304866195,55.07282376928188,48.41645238647539,0.0027289008348095447
2024-09-13 02:55:08.261931+00:00,0.9592707380000001,22.972,-20.95508528621046,55.07282375705105,48.417657685766926,0.0027289009186419583
2024-09-13 03:05:01.930267+00:00,0.95820087,23.044,-20.955072860541428,55.07281561069338,49.24058939774849,0.0027289008600004383
2024-09-13 03:05:03.111927+00:00,0.95728618,23.05,-20.9550728358089,55.07281559447856,49.242266828964034,0.002728900903672348
2024-09-13 03:15:06.718120+00:00,0.957318634,23.056,-20.95506020213733,55.07280731175294,50.11890436251929,0.0027289010570591527
2024-09-13 03:15:07.843498+00:00,0.957094626,23.061999999999998,-20.955060178582805,55.07280729631042,50.12057502455942,0.0027289010945006284
2024-09-13 03:25:11.412663+00:00,0.956870618,23.067999999999998,-20.955047545686238,55.0727990140929,51.03534511087138,0.002728902275987986
2024-09-13 03:35:06.323486+00:00,0.9571236439999999,23.023999999999997,-20.955035094011556,55.07279085068574,51.972328974107974,0.002728902313615462
2024-09-13 03:35:06.367300+00:00,0.95737667,22.979999999999997,-20.955035093094512,55.07279085008452,51.972399226682185,0.002728903252342063
2024-09-13 03:45:11.024498+00:00,0.956457808,22.954,-20.955022437425068,55.072782552936935,52.95875620395672,0.0027289032897769515
2024-09-13 03:45:11.049619+00:00,0.9552754379999999,22.934,-20.955022436899277,55.07278255259222,52.958797869222145,0.0027289032616409823
2024-09-13 03:55:05.507504+00:00,0.954956446,22.986,-20.955009994704728,55.07277439540031,53.96013866342597,0.002728902102752901
2024-09-13 03:55:05.784645+00:00,0.9555950799999999,23.076,-20.955009988904077,55.07277439159736,53.96061253663339,0.0027289021324302357
2024-09-13 04:05:10.004837+00:00,0.9566870380000001,23.282,-20.954997342381308,55.0727661004464,55.00876489433472,0.0027289012499917458
2024-09-13 04:05:10.516878+00:00,0.95800374,23.47,-20.954997331664124,55.07276609342014,55.00966563162027,0.002728901087653544
2024-09-13 04:15:14.587907+00:00,0.9587860960000001,23.572,-20.954984688263387,55.072757804316005,56.08646602166148,0.0027289011786334307
2024-09-13 04:15:15.302241+00:00,0.96013469,23.702,-20.954984673312147,55.07275779451387,56.08775581607339,0.0027289012161114904
2024-09-13 04:25:09.312864+00:00,0.961483284,23.832,-20.954972240478938,55.07274964345931,57.17323194063684,0.0027289009279539787
2024-09-13 04:35:14.093656+00:00,0.961048356,23.736,-20.954959582222628,55.072741344615764,58.30393370744162,0.002728900965683949
2024-09-13 04:35:14.287487+00:00,0.9606134279999999,23.64,-20.954959578165685,55.072741341956004,58.304300068130395,0.0027289011659215852
2024-09-13 04:45:18.742019+00:00,0.9611108780000001,23.578,-20.954946926738103,55.07273304758941,59.45869227788204,0.0027289012031639142
2024-09-13 04:45:19.303360+00:00,0.960178712,23.416,-20.954946914989055,55.07273303988665,59.45977518269889,0.0027289013121933495
2024-09-13 04:55:13.246480+00:00,0.960878184,23.526,-20.954934483568707,55.07272488975838,60.61642511478301,0.002728901677028806
2024-09-13 04:55:14.083903+00:00,0.962907854,23.746000000000002,-20.954934466041173,55.0727248782672,60.61807093366715,0.002728901568598209
2024-09-13 05:15:22.395674+00:00,0.9635595560000001,23.852,-20.954909175687543,55.07270829773012,63.03436441047541,0.0027289016436925625
2024-09-13 05:15:23.653201+00:00,0.9638132260000001,24.009999999999998,-20.954909149367104,55.07270828047425,63.03692072004222,0.002728901651922417
2024-09-13 05:25:17.243919+00:00,0.964308594,24.204,-20.954896725322634,55.072700135181655,64.25268444697672,0.0027289016241251107
2024-09-13 05:25:18.502271+00:00,0.9631723240000001,24.126,-20.954896698984925,55.072700117914465,64.25528068380923,0.0027289017653958766
2024-09-13 05:45:16.064957+00:00,0.960966314,23.982,-20.954871633613102,55.07268368487707,66.76040677474373,0.002728901961133824
2024-09-13 05:45:17.654765+00:00,0.960138272,23.952,-20.954871600337906,55.07268366306161,66.76377626732284,0.0027289019991670197
2024-09-13 05:55:20.486432+00:00,0.9603754840000001,23.952,-20.95485898287741,55.072675390964086,68.04934923754378,0.0027289020785434374
2024-09-13 05:55:22.756365+00:00,0.9603709979999999,23.916,-20.954858935366985,55.07267535981591,68.05421925549437,0.002728902087254136
2024-09-13 06:05:25.106156+00:00,0.958521616,24.04,-20.95484632799231,55.072667094330725,69.35399555771023,0.0027645353766490694
2024-09-13 06:05:27.576670+00:00,0.9577419739999999,24.23,-20.95484627628366,55.07266706043016,69.35935659821021,0.0043677944951080894
2024-09-13 06:15:19.922836+00:00,0.959189536,24.372,-20.954856398321496,55.072654509968295,68.11716629898694,0.005971053550311955
2024-09-13 06:15:22.319092+00:00,0.9595718439999998,24.484,-20.954856615707595,55.07265442454992,68.0923306036437,0.007574312556203666
2024-09-13 06:25:24.908665+00:00,0.961606368,24.674,-20.954911282068757,55.07263294428081,61.87055490854579,0.009177571528595201
2024-09-13 06:25:27.126309+00:00,0.965485788,24.704,-20.954911483251344,55.072632865229345,61.84775357957977,0.01074519707230554
2024-09-13 06:35:21.855549+00:00,0.969101112,24.594,-20.95496543653044,55.0726116651544,55.76390505249304,0.010745196823978412
2024-09-13 06:35:29.517489+00:00,0.970489232,24.532,-20.95496613161445,55.07261139203229,55.685974558003714,0.010745196436563216
2024-09-13 06:45:24.396153+00:00,0.9696173699999999,24.348,-20.955020098449182,55.072590186630876,49.678730568170586,0.010745196149020147
2024-09-13 06:45:26.577597+00:00,0.967093292,24.086,-20.955020296347723,55.07259010886982,49.65687860349722,0.010745195817737344
2024-09-13 07:05:25.771626+00:00,0.964700266,23.938,-20.95512908610583,55.07254736168069,37.932435873117434,0.010824356520902339
2024-09-13 07:05:33.200160+00:00,0.9625713360000001,23.93,-20.95512976001547,55.072547096878715,37.86215973052391,0.014100397533568168
2024-09-13 07:15:28.322575+00:00,0.961610842,23.892,-20.955173925500684,55.07258999443548,32.57894448621368,0.017376438591146792
2024-09-13 07:15:31.191048+00:00,0.96291033,23.976,-20.955174060592707,55.072590729646315,32.561824285931834,0.020652479090840944
2024-09-13 07:25:26.126440+00:00,0.9631862480000001,23.988,-20.955202079343536,55.072743215993825,33.02507202555786,0.023928518700402905
2024-09-13 07:25:33.133970+00:00,0.963331114,23.886,-20.955202409366322,55.072745012075664,33.077437856888615,0.02712539622351774
2024-09-13 07:45:31.703807+00:00,0.963797856,23.796,-20.95525885655381,55.07305221440241,52.434358214020605,0.027125393101452205
2024-09-13 07:45:35.184946+00:00,0.962183564,23.884,-20.95525902049962,55.0730531066441,52.50950704720659,0.02471584628002365
2024-09-13 07:55:29.861255+00:00,0.9611741779999999,24.096,-20.95528702704882,55.073205526586726,66.07718638442307,0.03262542946338694
2024-09-13 08:15:38.984909+00:00,0.961188362,24.380000000000003,-20.95524278915008,55.073374580076546,84.29963106348265,0.04053501910317793
2024-09-13 08:25:33.396456+00:00,0.962218174,24.688,-20.954977905505473,55.073119222216,76.63751176951435,0.048444620427297684
2024-09-13 08:25:39.645216+00:00,0.9629261100000001,24.984,-20.95497512091229,55.073116537762765,76.66178950248367,0.056354232990729926
2024-09-13 08:45:38.322977+00:00,0.96569366,25.046,-20.95444096215357,55.07260158849884,114.06761795352249,0.05449616546294265
2024-09-13 08:45:42.450243+00:00,0.9665296400000001,24.984,-20.954439122947587,55.07259981543465,114.27184430449873,0.04978794904762381
2024-09-13 09:45:50.711969+00:00,0.96736562,24.922,-20.95425132907414,55.07259846431878,135.15355128748917,0.0450797249361541
2024-09-13 09:55:42.055558+00:00,0.9661026899999999,24.754,-20.954395708454822,55.072789328649684,120.72786839175441,0.04037148735569996
2024-09-13 09:55:45.077952+00:00,0.9665807479999999,24.586,-20.954396446386877,55.072790304169224,120.66355673690549,0.03566323125154173
2024-09-13 10:05:50.186310+00:00,0.9645224500000001,24.363999999999997,-20.95454418650211,55.072985611269914,110.16439902704047,0.04313219142516496
2024-09-13 10:25:49.872256+00:00,0.9638257360000001,24.106,-20.954837095594517,55.07337282651957,106.58062121079239,0.04313216587992673
2024-09-13 10:35:54.604545+00:00,0.9631290220000001,23.848,-20.954984743890726,55.07356801223882,114.00831737593712,0.043132139998417134
2024-09-13 10:45:49.345582+00:00,0.9629391159999999,23.628000000000004,-20.955129952774723,55.07375997314317,126.23958704415259,0.043132114448583725
2024-09-13 10:45:53.261742+00:00,0.9620410319999999,23.412,-20.955130908924016,55.07376123713803,126.33346377788712,0.04313209148456052
2024-09-13 10:55:54.062351+00:00,0.962532288,23.336000000000002,-20.955277597281647,55.07395515385313,142.3855304269552,0.043132073422595237
2024-09-13 11:05:48.550304+00:00,0.9626274880000001,23.282,-20.95542274437393,55.07414703307105,160.8221201145817,0.03915592488872673
2024-09-13 11:05:52.062023+00:00,0.9620529020000002,23.206,-20.95542360177699,55.07414816652695,160.9368901989542,0.03340217165747047
2024-09-13 11:15:53.935620+00:00,0.96205479,23.174,-20.955513133761386,55.07424288091251,170.77808837684975,0.027648421175137848
2024-09-13 11:25:51.330065+00:00,0.9614068939999999,23.112000000000002,-20.95550168325755,55.07416116333406,162.26114595568532,0.021894675901853098
2024-09-13 11:25:58.612463+00:00,0.960438792,23.014,-20.95550154367284,55.0741601671749,162.1573635296017,0.01614093372015186
2024-09-13 11:45:57.709681+00:00,0.9598318259999999,22.93,-20.95547856008567,55.07399614268185,145.0848721577759,0.01436332715148848
2024-09-13 11:55:54.101337+00:00,0.960860898,22.868000000000002,-20.95546712880269,55.073914562274844,136.60764580734482,0.01436332801883632
2024-09-13 11:56:02.448049+00:00,0.96188997,22.806,-20.95546696881785,55.07391342052824,136.48908282822566,0.014363328896711653
2024-09-13 12:05:57.357179+00:00,0.961922468,22.812,-20.955455565951056,55.07383204291598,128.0448937096227,0.014363329653924155
2024-09-13 12:05:58.700403+00:00,0.9623168559999999,22.812,-20.95545554020493,55.07383185917638,128.0258429933705,0.014363330302341559
2024-09-13 12:16:02.163794+00:00,0.9627112440000001,22.811999999999998,-20.955443973375115,55.07374931142686,119.4748950811955,0.014363330846094114
2024-09-13 12:25:56.909437+00:00,0.960542824,22.802,-20.955432573641943,55.07366795617798,111.06519249721943,0.014363331494433071
2024-09-13 12:25:57.716146+00:00,0.961259568,22.796,-20.95543255817942,55.07366784582827,111.05379940238417,0.014363332150121626
2024-09-13 12:36:01.429247+00:00,0.9603890820000001,22.729999999999997,-20.95542098656331,55.07358526392091,102.53978774973208,0.014363333123792931
2024-09-13 12:46:06.282328+00:00,0.9594769120000001,22.706,-20.955409393096737,55.0735025260757,94.03853352773412,0.014363333250818528
2024-09-13 13:06:05.318490+00:00,0.9582120959999999,22.747999999999998,-20.955386410679846,55.073338509934466,77.3086314762835,0.01449505848002127
2024-09-13 13:06:05.722997+00:00,0.960427324,22.742,-20.9553864029265,55.07333845460197,77.30302395605995,0.015017497578261593
2024-09-13 13:16:01.039918+00:00,0.9597573880000001,22.732,-20.955370510700497,55.07325403187123,68.85539529347231,0.015539936875718863
2024-09-13 13:36:09.203183+00:00,0.957996506,22.73,-20.955313835046034,55.07306608037857,51.3967810186401,0.01606237630120713
2024-09-13 13:36:10.470348+00:00,0.956235624,22.728,-20.95531377560258,55.073065883248304,51.3796532285355,0.016584816710993645
2024-09-13 13:46:03.944874+00:00,0.9579179699999999,22.614,-20.955285935360997,55.07297355762789,43.78507362849165,0.016975532596172824
2024-09-13 13:46:05.278006+00:00,0.957716828,22.558,-20.955285872822987,55.07297335023526,43.76914076142759,0.016975535035373128
2024-09-13 14:06:13.287998+00:00,0.9554023580000001,22.478,-20.955229204358655,55.07278542258698,32.751491741812714,0.01502192294969713
2024-09-13 14:06:14.971989+00:00,0.957654254,22.394,-20.955229125361637,55.072785160611936,32.74251021724827,0.012430648287380542
2024-09-13 14:26:14.420424+00:00,0.9599061500000001,22.31,-20.955229077066257,55.072701908067316,28.51093187379991,0.009839373265634156
2024-09-13 14:36:09.075616+00:00,0.9571386900000001,22.252,-20.95524114557065,55.07268286245882,26.55894088176595,0.007248097688704667
2024-09-13 14:36:16.254636+00:00,0.9543712299999999,22.194,-20.95524129126859,55.07268263252926,26.53581318595064,0.004656821360880745
2024-09-13 14:46:10.738796+00:00,0.953809978,22.145999999999997,-20.955253356301892,55.07266359239858,24.662556303211897,0.004019159124397429
2024-09-13 14:46:13.859041+00:00,0.951974084,22.112000000000002,-20.955253419627144,55.07266349246341,24.652959614946703,0.004019158961799602
2024-09-13 15:06:12.807285+00:00,0.9511702599999999,22.05,-20.955277752235933,55.07262509256517,21.19428907563908,0.004019158766079724
2024-09-13 15:06:19.583143+00:00,0.95229521,22.008,-20.95527788975171,55.07262487554808,21.176253209047267,0.004019158592385548
2024-09-13 15:26:18.675989+00:00,0.954020788,21.898000000000003,-20.955302225295192,55.072586471018525,18.345458968508623,0.00401915839603297
2024-09-13 15:26:22.288696+00:00,0.9556534859999999,21.802,-20.955302298614946,55.07258635531079,18.338183649985623,0.004019158172177977
2024-09-13 15:46:18.568022+00:00,0.9577998579999999,21.654,-20.95532657705814,55.07254804089262,16.465176121860363,0.004019157975716177
2024-09-13 15:46:21.849614+00:00,0.9578276459999999,21.509999999999998,-20.955326643657926,55.072547935789835,16.461676534928813,0.004019157774082875
2024-09-13 15:56:23.316956+00:00,0.9595770939999999,21.404000000000003,-20.95533885041464,55.072528672001894,15.991948900547758,0.004450884305318921
2024-09-13 16:06:21.021496+00:00,0.960725914,21.366,-20.95535098080544,55.072509528728915,15.87991002688524,0.006209710376120023
2024-09-13 16:16:23.424451+00:00,0.957847246,21.286,-20.95535387244692,55.072473823913455,18.073142650674715,0.007968536674415798
2024-09-13 16:16:26.552958+00:00,0.954454904,21.258000000000003,-20.955353782569187,55.07247345006404,18.108018580024066,0.009727363173329418
2024-09-13 16:26:21.204724+00:00,0.9544947560000001,21.248,-20.955336699035133,55.072402390539125,25.022159615785228,0.01148618981673814
2024-09-13 16:26:28.220175+00:00,0.952812948,21.200000000000003,-20.95533649749079,55.072401552208774,25.106166685407803,0.012813289864245547
2024-09-13 16:36:22.784532+00:00,0.951294732,21.156,-20.955319416467884,55.072330503129045,32.34099281717652,0.012813290603069918
2024-09-13 16:36:26.186751+00:00,0.953804004,21.154,-20.955319318726772,55.07233009657166,32.38289812719939,0.0128132912265151
2024-09-13 16:46:27.553303+00:00,0.956181062,21.291999999999998,-20.955302042286075,55.07225823464518,39.84691282604813,0.012487742169194205
2024-09-13 16:46:31.194066+00:00,0.955905754,21.407999999999998,-20.955301937691925,55.07225779958235,39.89238072039077,0.011724340521998193
2024-09-13 17:26:29.279010+00:00,0.955630446,21.523999999999997,-20.955275462177045,55.07200104182069,65.63669383674163,0.010960938723907191
2024-09-13 17:36:29.311613+00:00,0.9558419459999999,21.616,-20.95528939771629,55.07195124549379,70.09657674322618,0.010197536567302979
2024-09-13 17:36:34.140228+00:00,0.955536208,21.694,-20.95528950985912,55.07195084477007,70.13300142340219,0.009166780077124103
2024-09-13 17:56:32.881869+00:00,0.955362684,21.631999999999998,-20.955317350198296,55.07185136195808,79.39433943419834,0.007682706809587735
2024-09-13 18:16:32.454809+00:00,0.9569009059999999,21.55,-20.955335818772728,55.07176511711795,87.8077275991687,0.006636486108706497
2024-09-13 18:16:37.306686+00:00,0.955899506,21.424,-20.955335759945953,55.07176495285704,87.8256332879449,0.005590265485753544
2024-09-13 18:36:41.484000+00:00,0.954247706,21.318,-20.95532115984986,55.07172418527883,92.27400417802717,0.004544045075078452
2024-09-13 18:46:36.095677+00:00,0.953436952,21.284,-20.955313950456755,55.07170405462386,94.47356969620913,0.0037651789506917372
2024-09-13 18:46:40.245447+00:00,0.9526261979999999,21.25,-20.955313900142702,55.07170391413286,94.48892685129532,0.0037651791322579004
2024-09-13 18:56:34.802188+00:00,0.950224338,21.302,-20.95530669141567,55.07168378533775,96.69010337884937,0.003765179243800981
2024-09-13 18:56:40.844396+00:00,0.9503620999999999,21.398,-20.95530661815668,55.071683580778014,96.71248175075091,0.003765179321167528
2024-09-13 19:06:39.551511+00:00,0.949946042,21.535999999999998,-20.955299359108274,55.07166331147146,98.9307386975034,0.0037651794061175975
2024-09-13 19:06:45.663233+00:00,0.949206176,21.616,-20.955299285006454,55.071663104558326,98.95339149462339,0.003765179490004238
2024-09-13 19:16:40.262583+00:00,0.949314508,21.664,-20.95529207576281,55.071642974320675,101.15801952633484,0.0037651795605164323
2024-09-13 19:16:44.278422+00:00,0.94819333,21.663999999999998,-20.95529202707261,55.07164283836393,101.17291436774494,0.00376517965685488
2024-09-13 19:26:44.871134+00:00,0.947072152,21.664,-20.95528474516221,55.07162250522025,103.40126393408778,0.003765179763533625
2024-09-13 19:36:43.113974+00:00,0.94744966,21.612000000000002,-20.955277491742923,55.071602251631774,105.62228912894572,0.0037651798590928585
2024-09-13 19:36:49.464089+00:00,0.9478271680000001,21.560000000000002,-20.9552774147507,55.07160203664781,105.64587159505228,0.003765180006386189
2024-09-13 19:46:44.102100+00:00,0.9465729319999999,21.497999999999998,-20.95527020503831,55.0715819051013,107.85482072354372,0.0037651801182805875
2024-09-13 19:46:47.763502+00:00,0.946734252,21.445999999999998,-20.955270160645494,55.071581781144054,107.86842585434779,0.0037651802508946947
2024-09-13 20:06:43.012945+00:00,0.944823124,21.412,-20.95525566879573,55.07154131582009,112.31211963661775,0.005481757525274517
2024-09-13 20:06:46.562284+00:00,0.9419671299999999,21.387999999999998,-20.955255625761627,55.071541195656756,112.3253220725265,0.008761088758410408
2024-09-13 20:26:45.895331+00:00,0.9423878159999999,21.369999999999997,-20.955278801428882,55.071681637073176,97.52674500169461,0.012040419487513426
2024-09-13 20:26:52.669980+00:00,0.943592048,21.394,-20.95527903591657,55.071682928261595,97.39019485671388,0.015319749725978188
2024-09-13 20:46:51.583903+00:00,0.944469698,21.401999999999997,-20.955320533351994,55.07191143069957,73.22713498154747,0.01859907961668828
2024-09-13 20:46:54.780459+00:00,0.9474197959999999,21.392,-20.955320643992863,55.07191203993501,73.16271936504693,0.020161832093475145
2024-09-13 20:56:49.211822+00:00,0.9517078959999999,21.36,-20.955341218761934,55.072025333319175,61.185197006843154,0.020161830311145344
2024-09-13 20:56:56.148090+00:00,0.9527193159999999,21.322000000000003,-20.95534145884367,55.07202665531079,61.045451276669986,0.020161828376561358
2024-09-13 21:06:50.815951+00:00,0.952231922,21.259999999999998,-20.95536204179853,55.07213999376938,49.0667786789608,0.02016182646214181
2024-09-13 21:06:54.117915+00:00,0.950962728,21.232,-20.955362156087826,55.072140623094604,49.000280592976466,0.020161823759783443
2024-09-13 21:36:53.984034+00:00,0.949693534,21.204,-20.9554244539948,55.07248366173011,12.869634150606343,0.020161821042864406
2024-09-13 21:46:58.768092+00:00,0.94755418,21.25,-20.955445387096756,55.07259892824675,2.380359585921954,0.020161817799757058
2024-09-13 21:47:01.322524+00:00,0.945414826,21.296,-20.95544547551209,55.072599415099,2.3708913179243276,0.020161814304789045
2024-09-13 22:17:01.915960+00:00,0.9450525939999999,21.324,-20.95550779859334,55.07294259235472,35.9681038086621,0.02016181079106852
2024-09-13 22:17:04.058126+00:00,0.945798744,21.334,-20.955507872739112,55.0729430006327,36.01120274563836,0.0201618077148288
2024-09-13 22:37:00.830799+00:00,0.946586394,21.312,-20.95554929606047,55.073171094967265,60.10988529763685,0.020161804468656296
2024-09-13 22:37:02.827180+00:00,0.9469062019999999,21.238000000000003,-20.955549365160252,55.073171475459894,60.150105571750245,0.020161801944366658
2024-09-13 22:56:59.737416+00:00,0.94772089,21.21,-20.955590793243008,55.073399596012734,84.26898483458876,0.02016179927129015
2024-09-13 22:57:01.477477+00:00,0.948684718,21.2,-20.955590853470916,55.07339992765308,84.30405412634643,0.020161796030267697
2024-09-13 23:17:08.720522+00:00,0.949648546,21.19,-20.955632639198257,55.07363001754833,108.6369912174249,0.02016179166953175
2024-09-13 23:37:07.609070+00:00,0.9499496260000001,21.194,-20.955674135755388,55.07385851515006,132.80415861416782,0.02016178869581866
2024-09-13 23:37:07.853801+00:00,0.9509657220000001,21.182,-20.95567414422614,55.073858561793614,132.80909206352268,0.02016178500817672
2024-09-13 23:47:12.308321+00:00,0.95049608,21.15,-20.95569506592196,55.073973765503254,144.99424731432785,0.016938690256873855
2024-09-14 00:07:10.429384+00:00,0.9501366280000001,21.136000000000003,-20.955736535914497,55.07420211682906,169.14781367540678,0.01695257909426861
2024-09-14 00:17:16.132832+00:00,0.9484738580000001,21.118000000000002,-20.955737876114547,55.07422567548881,171.58204764785143,0.016966470752163385
2024-09-14 00:37:14.740631+00:00,0.947786822,21.107999999999997,-20.955682322809174,55.07399985418893,147.4252732183909,0.016980362159216673
2024-09-14 00:47:19.399657+00:00,0.944911078,21.114,-20.95565429795606,55.073885934617145,135.25152262743984,0.016994255080342132
2024-09-14 00:57:13.957648+00:00,0.9430261919999999,21.094,-20.955626741267658,55.073773918110604,123.2925728318722,0.02023124032882768
2024-09-14 01:07:16.320600+00:00,0.942524944,21.142000000000003,-20.95559882283341,55.07366043112598,111.19196476538717,0.020231244200789304
2024-09-14 01:07:18.570754+00:00,0.943935862,21.204,-20.955598718542838,55.073660007190234,111.14679760032924,0.020231249128673596
2024-09-14 01:37:19.242979+00:00,0.9449922940000001,21.276,-20.95551526063937,55.07332075514897,75.14000441461842,0.020231254180690272
2024-09-14 02:07:22.078932+00:00,0.9469940720000001,21.404,-20.955431702451023,55.07298109545489,39.867538725372796,0.020231259116316413
2024-09-14 02:07:23.776592+00:00,0.9484568299999999,21.462,-20.955431623767556,55.07298077561068,39.835343576136886,0.020231264474034533
2024-09-14 02:17:28.471659+00:00,0.947998312,21.458000000000002,-20.955403597243993,55.07286684924861,28.686769462770147,0.020231268900451547
2024-09-14 02:27:20.599019+00:00,0.9474940860000001,21.451999999999998,-20.955376153210945,55.07275529068022,19.103554918808673,0.020231272073384446
2024-09-14 02:27:22.696294+00:00,0.9475873939999999,21.427999999999997,-20.955376056006042,55.07275489554735,19.074426729568895,0.020231275475598824
2024-09-14 02:47:31.229987+00:00,0.948065774,21.333999999999996,-20.955320042653415,55.07252720417929,17.940765867445208,0.020231278992425418
2024-09-14 02:57:26.064728+00:00,0.9490831739999999,21.31,-20.95529247313815,55.072415135532204,27.208098206218967,0.020231281928042116
2024-09-14 03:07:27.666234+00:00,0.9505532820000001,21.381999999999998,-20.955264589995554,55.072301792006314,38.18453030683472,0.01767427670988247
2024-09-14 03:07:30.738995+00:00,0.95146025,21.445999999999998,-20.955264447578642,55.07230121308897,38.24245020524707,0.015550128602138719
2024-09-14 03:17:25.288927+00:00,0.951490594,21.484,-20.955253643121495,55.07226017864462,42.42259532670994,0.013425979301823954
2024-09-14 03:17:32.758751+00:00,0.9516642120000001,21.536,-20.955253788045738,55.07226085234092,42.35557946430593,0.011301829051859266
2024-09-14 03:37:31.649422+00:00,0.949678904,21.612000000000002,-20.95527704807457,55.07236897914636,31.870246095493286,0.009177678646233398
2024-09-14 03:37:34.329387+00:00,0.950001312,21.595999999999997,-20.955277100069353,55.072369220849836,31.847609936079486,0.009610535980901194
2024-09-14 03:57:32.784862+00:00,0.9487648099999999,21.642,-20.955300351654817,55.072477308405354,22.41051070550439,0.009610535204779745
2024-09-14 04:07:37.468820+00:00,0.9478073979999999,21.732,-20.95531208330528,55.07253184427444,18.563015603799297,0.009610534518479086
2024-09-14 04:17:32.454899+00:00,0.9479664059999999,21.808,-20.955323626804354,55.07258550550106,15.98109548186835,0.009610533912232037
2024-09-14 04:17:38.032310+00:00,0.949476582,21.869999999999997,-20.955323735013337,55.07258600852244,15.964608308979242,0.009610533059303334
2024-09-14 04:37:41.940231+00:00,0.9482263340000001,21.928,-20.9553470923833,55.072694587828856,16.603283114768182,0.009610532281527938
2024-09-14 04:57:34.990723+00:00,0.949716078,21.924,-20.95537023910511,55.072802187914135,23.672965185304864,0.009610531569569963
2024-09-14 04:57:40.898863+00:00,0.9512032060000001,21.962,-20.955370353730665,55.07280272076365,23.716526085116584,0.008326872777816453
2024-09-14 05:07:45.647536+00:00,0.9515739140000001,22.014000000000003,-20.955382086636682,55.07285726246931,28.423302430688228,0.010985273771885098
2024-09-14 05:17:40.591063+00:00,0.951284938,22.018,-20.955380626142894,55.07283903983141,26.70319588336816,0.01364367533699759
2024-09-14 05:17:44.172738+00:00,0.950995962,22.022,-20.955380496823338,55.072838262106806,26.633007808844443,0.01630207720394795
2024-09-14 05:27:38.546767+00:00,0.948623904,22.06,-20.955359036421203,55.07270919978154,16.568009215120924,0.01896047962883456
2024-09-14 05:27:45.203739+00:00,0.9462544620000001,22.056,-20.955358796065326,55.07270775428727,16.484163022900653,0.022902540475786482
2024-09-14 05:37:39.720835+00:00,0.9453391919999999,22.094,-20.955337330497624,55.07257866089642,14.549912106509037,0.0229025420504998
2024-09-14 05:37:43.282520+00:00,0.9458913640000001,22.17,-20.955337201899823,55.07257788751245,14.57592713518761,0.022902543766743215
2024-09-14 05:47:44.338972+00:00,0.9469078400000001,22.272,-20.95531550022288,55.07244737416648,23.042215689991167,0.022902545857618566
2024-09-14 05:47:47.980341+00:00,0.9488263160000001,22.34,-20.955315368748018,55.07244658347991,23.1090491150873,0.022902548053530532
2024-09-14 06:07:43.212002+00:00,0.9498751860000001,22.439999999999998,-20.955272213847504,55.0721870509804,47.938165492688675,0.019991825513524998
2024-09-14 06:07:46.735115+00:00,0.949469884,22.497999999999998,-20.95527208664238,55.07218628597196,48.01544255241387,0.017302896128779437
2024-09-14 06:17:48.234040+00:00,0.94911743,22.552,-20.955268096682236,55.072138113655754,52.71315238008301,0.014613965899813078
2024-09-14 06:17:51.463776+00:00,0.948300672,22.580000000000002,-20.955268190350303,55.07213839019531,52.682715048981606,0.01192503465143044
2024-09-14 07:07:49.511534+00:00,0.9484967880000001,22.774,-20.955355139048084,55.072395091927476,24.546113591621417,0.009236102713187635
2024-09-14 07:07:52.587022+00:00,0.94956251,22.936,-20.955355228242688,55.07239535525987,24.517508860479378,0.009457895003761773
2024-09-14 07:17:54.563514+00:00,0.949825548,23.016000000000002,-20.95537268662771,55.072446898270755,18.94693287283085,0.009457893809097237
2024-09-14 07:17:57.255967+00:00,0.951976578,22.976,-20.955372764713616,55.072447128806544,18.922181707647777,0.009457892736683382
2024-09-14 07:27:59.349381+00:00,0.9531084660000001,23.046,-20.955390226489587,55.07249868182865,13.454335584002683,0.011366365361643356
2024-09-14 07:47:58.219806+00:00,0.9529078480000001,22.913999999999998,-20.955424995856408,55.072601332666636,4.654013681187079,0.016814988762117795
2024-09-14 08:27:57.223810+00:00,0.95270723,22.782,-20.955609717130535,55.072993198562465,43.90976615853288,0.02226360944449874
2024-09-14 08:38:00.786988+00:00,0.95303005,22.688,-20.955709363163475,55.07317791592094,65.88781123917278,0.02771222937048451
2024-09-14 08:38:01.821115+00:00,0.9508781800000001,22.738,-20.955709533893966,55.07317823241006,65.92556731134667,0.03316084594703016
2024-09-14 08:48:05.574809+00:00,0.9497454519999999,22.677999999999997,-20.955809211380423,55.07336300807502,87.99766867472056,0.0367009860300251
2024-09-14 08:58:00.291800+00:00,0.949746212,22.668,-20.95590739694083,55.07354501810416,109.77337688488318,0.036700973240103546
2024-09-14 08:58:00.645365+00:00,0.949746972,22.657999999999998,-20.955907455313085,55.07354512631086,109.78632877022491,0.03670095176495861
2024-09-14 09:18:09.344111+00:00,0.950082046,22.657999999999998,-20.95610700697472,55.073915042249595,154.0875716113764,0.03670093533231168
2024-09-14 09:18:09.580624+00:00,0.9509509700000001,22.637999999999998,-20.956107046022094,55.07391511463309,154.09624360487703,0.03670091572797571
2024-09-14 09:38:08.365321+00:00,0.951612416,22.58,-20.956304960911154,55.074281996428894,198.0602261253982,0.03670089893132271
2024-09-14 09:38:08.475910+00:00,0.9516879279999999,22.536,-20.956304979168976,55.07428203027406,198.06428250554671,0.03670087702192032
2024-09-14 09:58:07.616198+00:00,0.951408408,22.406,-20.956502952764772,55.07464902089661,242.05307800479602,0.036700861251233965
2024-09-14 10:18:16.634768+00:00,0.95096527,22.357999999999997,-20.956702557228134,55.075019034715766,286.4106364160144,0.036700837540031415
2024-09-14 10:28:11.535021+00:00,0.950522132,22.31,-20.956800773044453,55.07520110083135,308.23837886621686,0.03670081884441667
2024-09-14 10:38:14.108164+00:00,0.9496371979999999,22.29,-20.95690025562631,55.075385515194796,330.3483906557598,0.03670079873279063
2024-09-14 10:38:16.560794+00:00,0.9495155740000001,22.244,-20.95690066054639,55.0753862658094,330.43838549235556,0.0367007822936243
2024-09-14 10:48:21.321789+00:00,0.94921945,22.254,-20.957000504334424,55.07557134975346,352.6292838865877,0.035038422841203024
2024-09-14 10:58:15.794640+00:00,0.9485365400000001,22.172,-20.95709864958822,55.07575328506481,374.4431576836052,0.029451228012329793
2024-09-14 11:18:15.154423+00:00,0.94785363,22.09,-20.957232857321475,55.076048010480825,408.4492909539647,0.023864035039455545
2024-09-14 11:28:15.624237+00:00,0.9492365319999999,22.028,-20.957191309297098,55.076072288543266,408.47256925074,0.01827684400671634
2024-09-14 11:28:19.851747+00:00,0.9484998319999999,21.96,-20.957191016784993,55.07607245946901,408.4729735270341,0.012689656727537907
2024-09-14 11:38:24.925672+00:00,0.9489352240000001,21.93,-20.95714915019055,55.076096923683835,408.565495300508,0.008764818047431705
2024-09-14 11:48:19.893040+00:00,0.9507391139999999,21.936,-20.957107982894307,55.0761209792726,408.7235570846854,0.008764818495457061
2024-09-14 11:58:24.560155+00:00,0.9511516959999999,21.945999999999998,-20.957066144448085,55.07614542703937,408.95227184557575,0.008765088594289691
2024-09-14 12:08:18.858976+00:00,0.9508984979999999,21.904000000000003,-20.957025023410306,55.076169455597594,409.2438254551142,0.010351166004840377
2024-09-14 12:18:24.028909+00:00,0.95207769,21.828,-20.957025894142593,55.0762205358676,414.0957508026513,0.011937242533080566
2024-09-14 12:28:28.851936+00:00,0.952614322,21.744,-20.957075544561267,55.07630195714642,424.08775970061316,0.013523318503962633
2024-09-14 12:38:23.633016+00:00,0.95165608,21.651999999999997,-20.957124370628282,55.07638202657831,433.91863657287223,0.01510939403637663
2024-09-14 12:38:26.380748+00:00,0.9520891459999999,21.556,-20.957124596191857,55.076382396477996,433.96406310060297,0.01669519938006641
2024-09-14 12:48:28.474602+00:00,0.9510067720000001,21.47,-20.95717402257048,55.07646345035554,443.9203204943578,0.01669519706788417
2024-09-14 12:48:30.949405+00:00,0.9517387339999999,21.387999999999998,-20.957174225729087,55.076463783513525,443.96125287771144,0.01669519475648237
2024-09-14 12:58:23.172567+00:00,0.949626604,21.32,-20.957222841814517,55.076543508598476,453.7584234915925,0.013893697118903984
2024-09-14 13:08:27.883215+00:00,0.9500792619999998,21.201999999999998,-20.95727248300792,55.076624914748855,463.76611842215107,0.01297247875088113
2024-09-14 13:18:33.289604+00:00,0.94901953,21.084,-20.957270908391337,55.07664049375187,465.149356793328,0.012051261204830011
2024-09-14 13:28:27.718060+00:00,0.9487244799999999,20.997999999999998,-20.95722212016796,55.07659510916638,458.566758946286,0.011130044124319687
2024-09-14 13:38:32.339847+00:00,0.9486493880000001,20.926,-20.95717249531824,55.07654894632053,451.8901441623904,0.010208827982334584
2024-09-14 13:38:32.535623+00:00,0.9514183880000001,20.84,-20.957172479249756,55.07654893137304,451.88798545159307,0.012089108536796223
2024-09-14 13:48:37.043380+00:00,0.9507258759999999,20.71,-20.957122863759132,55.076502777233365,445.2325043622166,0.012089109738614032
2024-09-14 13:48:37.280396+00:00,0.952944772,20.582,-20.957122844305836,55.0765027591372,445.22989888652285,0.01208911111033704
2024-09-14 14:08:36.196787+00:00,0.9551636680000002,20.454,-20.95702444221875,55.07641122192545,432.09251814803395,0.012089112468604337
2024-09-14 14:18:31.104990+00:00,0.9534382920000001,20.306,-20.956975614619722,55.07636580071129,425.6063733600233,0.012089113839908796
2024-09-14 14:18:40.419889+00:00,0.9517698940000001,20.188,-20.956974850091434,55.07636508951917,425.5049955762319,0.012089114630049951
2024-09-14 14:28:35.746666+00:00,0.952280968,20.166,-20.956925988137584,55.0763196363469,419.03771094750863,0.012089116170893376
2024-09-14 14:38:40.399048+00:00,0.951393024,20.142000000000003,-20.956876360776747,55.07627347116512,412.4938593069232,0.012089117405292771
2024-09-14 14:48:34.963782+00:00,0.950094432,20.098000000000003,-20.956827561368236,55.07622807617481,406.084656835028,0.012089118615804476
2024-09-14 14:48:43.007031+00:00,0.950401798,20.094,-20.95682690121169,55.076227462073106,405.9981321228814,0.012089119804540572
2024-09-14 14:58:37.513044+00:00,0.952279484,20.06,-20.95677810662276,55.07618207156614,399.6164089941385,0.0120891208345164
2024-09-14 14:58:39.829000+00:00,0.9525305740000001,20.006,-20.956777916538694,55.076181894743,399.5916018390511,0.012253752860623366
2024-09-14 15:08:44.707097+00:00,0.9536308159999999,19.954,-20.95672827065209,55.07613571232788,393.1271768956711,0.012455464262685718
2024-09-14 15:38:48.419175+00:00,0.9548933,19.926,-20.95656511057586,55.0759950735892,373.195958569319,0.012657175899416498
2024-09-14 15:48:43.302033+00:00,0.9561557840000001,19.898,-20.956510235856726,55.07594841220479,366.6445295846482,0.012858887576020392
2024-09-14 15:58:43.023686+00:00,0.9551759919999998,19.887999999999998,-20.95645491478498,55.07590137127528,360.0898134434483,0.013060599245574487
2024-09-14 15:58:48.205756+00:00,0.95516176,19.912,-20.956454436767114,55.07590096480439,360.03340226776857,0.013097679679512808
2024-09-14 16:08:42.651353+00:00,0.95451105,19.996,-20.95639960238292,55.075854337717814,353.5891014064339,0.013097680992507483
2024-09-14 16:08:47.712679+00:00,0.954108746,20.076,-20.956399135503045,55.075853940717856,353.5344641161463,0.013097682342006187
2024-09-14 16:28:47.149824+00:00,0.9539737340000001,20.172,-20.956288493927865,55.075759859342085,340.7031332845006,0.013097683643582634
2024-09-14 16:28:52.054467+00:00,0.9544537,20.25,-20.95628804150113,55.075759474632,340.6511595126359,0.013097684984791602
2024-09-14 16:38:46.943154+00:00,0.954867438,20.346,-20.956233166244314,55.075712812790385,334.378828285297,0.013097686384799698
2024-09-14 16:38:51.955765+00:00,0.9557421080000001,20.384,-20.956232703858113,55.07571241961151,334.32624831683876,0.013097687700082284
2024-09-14 16:48:51.703798+00:00,0.9556710340000001,20.366,-20.956177380352955,55.075665376612804,328.06917622938136,0.013097688980935687
2024-09-14 16:58:56.338077+00:00,0.95618201,20.346,-20.956121606118096,55.07561795034705,321.832073225046,0.015178436876489343
2024-09-14 17:08:51.146379+00:00,0.956440172,20.274,-20.95606673827634,55.07557129481065,315.7699228484001,0.01919479635529876
2024-09-14 17:18:56.115346+00:00,0.955862718,20.184,-20.956039543447886,55.07543750876826,301.55230546010534,0.02321115639083646
2024-09-14 17:38:55.168220+00:00,0.9546116579999999,20.09,-20.95602335081084,55.075054773710725,262.4091143995413,0.02722751611599783
2024-09-14 17:58:54.433978+00:00,0.9554294259999999,20.076,-20.956007155298888,55.07467197070101,223.48546176200028,0.02834785230645519
2024-09-14 17:58:55.531640+00:00,0.9553978519999999,20.048000000000002,-20.95600714047549,55.07467162032972,223.4499757536516,0.025014578758760238
2024-09-14 18:28:58.190494+00:00,0.955658312,20.072,-20.956014582684737,55.07434709759622,191.4690534079279,0.01974569148370999
2024-09-14 18:28:58.337125+00:00,0.9568206160000001,20.096,-20.956014585471646,55.07434708841749,191.4682483866436,0.014476803083451525
2024-09-14 19:09:04.966737+00:00,0.957356252,20.238,-20.956060326456594,55.074196439667354,178.5247122914752,0.009207914788819792
2024-09-14 19:09:05.042289+00:00,0.956768804,20.356,-20.956060327892555,55.074196434937996,178.5243150125159,0.006835049882998987
2024-09-14 19:19:09.675755+00:00,0.9568562159999999,20.456,-20.95607181970257,55.074158586456655,175.36481804273123,0.006835047623481012
2024-09-14 19:19:10.243415+00:00,0.956904408,20.556,-20.956071830491652,55.07415855092261,175.36187076428791,0.006835047513500232
2024-09-14 19:29:04.359195+00:00,0.95615516,20.64,-20.956083122399974,55.07412136082106,172.29749819623532,0.006835047495883514
2024-09-14 19:29:05.267599+00:00,0.956659732,20.626,-20.956083139665324,55.07412130395732,172.29284431673472,0.006835047212746072
2024-09-14 19:39:10.165722+00:00,0.957164304,20.612000000000002,-20.956094636505473,55.07408343890914,169.21603621609765,0.0068350466323340645
2024-09-14 19:49:05.164375+00:00,0.9578774339999999,20.616,-20.956105945193894,55.07404619354203,166.23435181053753,0.0068350463498501
2024-09-14 19:49:13.120464+00:00,0.958590564,20.62,-20.956106096409247,55.07404569551158,166.19479371624672,0.006835045877858441
2024-09-14 19:59:07.776156+00:00,0.958997772,20.584,-20.95611739857927,55.07400847161292,163.26227668073324,0.006835045594403075
2024-09-14 19:59:09.779916+00:00,0.958777828,20.528,-20.95611743666322,55.07400834618275,163.25247724914288,0.006835045376454555
2024-09-14 20:09:12.443937+00:00,0.958535868,20.524,-20.956128891041484,55.07397062098355,160.3310499544319,0.008619309626559142
2024-09-14 20:09:14.572287+00:00,0.95741049,20.52,-20.956128931493417,55.07397048775438,160.320825945313,0.012471053505915364
2024-09-14 20:19:07.537330+00:00,0.9556558019999999,20.538,-20.956209662247428,55.07399542858833,166.88193376916894,0.016322797070889527
2024-09-14 20:19:09.573456+00:00,0.955004476,20.612000000000002,-20.956210092844,55.07399565035702,166.9256455768748,0.020174540385162587
2024-09-14 20:29:12.072779+00:00,0.95578651,20.686,-20.956337508411206,55.07406127276284,180.08279845526152,0.024026283271212867
2024-09-14 20:29:14.342049+00:00,0.9565905600000001,20.708,-20.9563379883127,55.074061519924875,180.13313102332543,0.026093761373346132
2024-09-14 20:39:09.098762+00:00,0.9570105200000001,20.68,-20.956463766485424,55.07412629902899,193.49830037763772,0.026093759421932206
2024-09-14 20:39:16.805751+00:00,0.9580597899999999,20.630000000000003,-20.956465396346807,55.074127138450955,193.6735978022362,0.0260937569568938
2024-09-14 20:49:11.531683+00:00,0.958926044,20.578,-20.956591168010032,55.0741919142025,207.34212929412251,0.02609375483408739
2024-09-14 20:49:13.804412+00:00,0.9583589379999999,20.526,-20.95659164864299,55.07419216174126,207.39486259635424,0.02609375235607313
2024-09-14 20:59:16.176858+00:00,0.957276226,20.45,-20.956719037378473,55.07425777032803,221.48870228193766,0.026093750239547908
2024-09-14 20:59:18.551037+00:00,0.9565776039999999,20.424,-20.956719539465908,55.07425802891642,221.54468389000286,0.02609374813656204
2024-09-14 21:09:13.237522+00:00,0.9569972919999999,20.398000000000003,-20.956845302786938,55.07432280037151,235.66111353828978,0.022724884167831503
2024-09-14 21:09:20.659419+00:00,0.9578953020000001,20.342000000000002,-20.956846872357517,55.074323608742105,235.838403888643,0.018918071627371354
2024-09-14 21:19:18.466941+00:00,0.9587933119999998,20.286,-20.956873560849644,55.07436853907198,241.3134257927452,0.015111259994056946
2024-09-14 21:29:19.901095+00:00,0.959657368,20.264000000000003,-20.956856482893592,55.07440511105151,243.00558942417888,0.011304448417076444
2024-09-14 21:29:23.196160+00:00,0.9605214240000001,20.242,-20.95685638932894,55.07440531141767,243.015032126195,0.00749763738410103
2024-09-14 21:39:17.476434+00:00,0.9601332859999999,20.296,-20.95683951451009,55.0744414483844,244.7482698306853,0.007059689100060275
2024-09-14 21:39:24.620293+00:00,0.959705452,20.372,-20.95683931165744,55.07444188278785,244.7694678994042,0.00705968961582461
2024-09-14 21:59:26.428742+00:00,0.9592776180000001,20.448,-20.95680518584045,55.074514962299034,248.45562246166406,0.007059690082865824
2024-09-14 22:09:21.000430+00:00,0.959298162,20.586000000000002,-20.95678830274678,55.074551116986065,250.36553556421543,0.009352497979674438
2024-09-14 22:09:27.414174+00:00,0.9593187060000001,20.723999999999997,-20.956788120626037,55.0745515069927,250.3864423222013,0.013062771755959457
2024-09-14 22:19:22.664749+00:00,0.960789858,20.766,-20.956790016841314,55.074657673251565,259.51338832759893,0.01677304518812366
2024-09-14 22:19:26.197540+00:00,0.9620054,20.817999999999998,-20.956790090494493,55.07465854100568,259.59226061432673,0.02048331817937789
2024-09-14 22:29:20.972674+00:00,0.9630653499999999,20.818,-20.956802490627986,55.07480463472226,272.9737490517248,0.02419359094825138
2024-09-14 22:29:27.318582+00:00,0.9642264820000002,20.746,-20.956802622930265,55.07480619345804,273.1175676278732,0.025611056009915246
2024-09-14 22:39:21.969712+00:00,0.965526096,20.631999999999998,-20.956815020478473,55.07495225671575,286.68298116260854,0.025611054901498675
2024-09-14 22:39:25.746180+00:00,0.965508986,20.538,-20.956815099211937,55.07495318432386,286.76966543933554,0.025611053619282585
2024-09-14 22:49:27.092772+00:00,0.96560363,20.419999999999998,-20.956827636350077,55.075100892177744,300.6509617593293,0.025611052589576182
2024-09-14 22:49:30.362281+00:00,0.965749082,20.362000000000002,-20.956827704514236,55.07510169526226,300.7268385835109,0.0256110513129717
2024-09-14 22:59:25.082355+00:00,0.965401524,20.386000000000003,-20.956840103499815,55.07524777545454,314.5950840887043,0.025611049428485834
2024-09-14 23:09:29.896513+00:00,0.9649154839999999,20.452,-20.956852712931298,55.07539633504144,328.8224642992675,0.025611046873760063
2024-09-14 23:39:28.037434+00:00,0.966074714,20.288,-20.956890201363798,55.075838009676275,371.7177616455014,0.02471775618689406
2024-09-14 23:39:32.950332+00:00,0.966489084,20.133999999999997,-20.95689030379005,55.07583921642393,371.83599511286485,0.02281622506114498
2024-09-15 00:39:39.014906+00:00,0.9658716220000001,20.002,-20.95702803104507,55.076558548856866,446.30529175871396,0.020914693717363892
2024-09-15 00:49:43.805787+00:00,0.9669032380000001,19.768,-20.957064405364516,55.076643869265155,456.0405363208885,0.019013162583041778
2024-09-15 00:59:38.633971+00:00,0.9679348539999999,19.534,-20.95710018049121,55.07672778419366,465.61557132232406,0.017111631570933532
2024-09-15 01:09:43.402906+00:00,0.96536728,19.586,-20.957136553490766,55.076813101505984,475.35077544332574,0.016187379337677225
2024-09-15 01:09:45.363622+00:00,0.963432812,19.652,-20.95713667141533,55.076813378112455,475.3823380963298,0.019849803254172838
2024-09-15 01:19:38.503841+00:00,0.963288088,19.69,-20.95708370760844,55.07673793617409,465.87648960796054,0.023512229229563718
2024-09-15 01:19:40.329572+00:00,0.961987296,19.748,-20.95708339355405,55.07673743313167,465.8148241001464,0.027174657797453445
2024-09-15 01:29:42.987600+00:00,0.9607511360000001,19.83,-20.956979726917922,55.076571383180585,445.477403089618,0.03083708845576094
2024-09-15 01:29:44.855176+00:00,0.9615335380000001,19.880000000000003,-20.95697940566554,55.076570868608634,445.41443728045317,0.03441553217349237
2024-09-15 01:39:47.570387+00:00,0.9623159400000001,19.93,-20.956875729192998,55.0764048029019,425.11417883017873,0.03441554204725727
2024-09-15 01:49:41.886541+00:00,0.962869338,20.006,-20.95677349749002,55.076241051381515,405.1406947520463,0.03441555191444078
2024-09-15 01:49:43.639216+00:00,0.9634227360000001,20.082,-20.95677319600241,55.076240568468165,405.0818625696803,0.03441556104222469
2024-09-15 01:59:46.709977+00:00,0.963779172,20.19,-20.956669458369696,55.07607440479699,384.8658652022129,0.03275405065641264
2024-09-15 01:59:48.239978+00:00,0.9640709660000001,20.274,-20.956669195185537,55.076073983236896,384.8146498326473,0.027501999110048515
2024-09-15 02:19:46.100069+00:00,0.964140128,20.363999999999997,-20.9565203058846,55.07581847262842,354.239491395386,0.022249946133229424
2024-09-15 02:19:47.224616+00:00,0.9637851659999999,20.426,-20.95652028473297,55.07581838726311,354.23034803501594,0.016997891944606547
2024-09-15 02:29:50.938473+00:00,0.9636602420000001,20.654,-20.95650892946499,55.07577255882731,349.32193657413603,0.011745836518402455
2024-09-15 02:29:51.940890+00:00,0.963667648,20.826,-20.956508910610502,55.07577248273297,349.3137869137417,0.008155299112427562
2024-09-15 02:49:49.752420+00:00,0.963427144,21.128,-20.95648638094557,55.07568155583414,339.5764382456552,0.00815529989913371
2024-09-15 02:49:50.614646+00:00,0.963409272,21.424,-20.956486364727944,55.07568149038183,339.5694296121821,0.008155300132785499
2024-09-15 02:59:54.284357+00:00,0.96412783,21.852,-20.956475010290305,55.07563566529719,334.66271652930186,0.008155300393794342
2024-09-15 02:59:54.887955+00:00,0.96461635,22.114,-20.95647499893722,55.07563561947756,334.65781064051134,0.00815530069150155
2024-09-15 03:09:48.551370+00:00,0.9645728440000001,22.502000000000002,-20.956463832708234,55.075590553979424,329.83290694899637,0.007937119125763902
2024-09-15 03:09:49.389044+00:00,0.96567919,22.894,-20.956463816952407,55.07559049039087,329.82609923242444,0.007625172601562283
2024-09-15 03:19:53.356455+00:00,0.9667855360000001,23.286,-20.956454464558895,55.075550640619014,325.57957959808994,0.0073132260018068645
2024-09-15 03:29:57.953103+00:00,0.9671299400000001,23.66,-20.95644596696863,55.07551333219692,321.6140821926554,0.007001279432920876
2024-09-15 03:29:58.400468+00:00,0.968947604,23.976,-20.95644596068093,55.07551330459095,321.61114816746425,0.006689332923868849
2024-09-15 03:39:52.488885+00:00,0.971297294,24.166,-20.95643761078358,55.0754766446103,317.71511401148507,0.0065955595196484735
2024-09-15 03:49:57.168312+00:00,0.9739378139999999,24.246000000000002,-20.956429112029863,55.075439331080084,313.7501946472566,0.0065955597302409545
2024-09-15 03:49:57.177268+00:00,0.9765783339999998,24.326,-20.95642911190399,55.07543933052743,313.75013592701714,0.006595567055573824
2024-09-15 04:00:01.736445+00:00,0.9777742939999999,24.278,-20.956420614840383,55.075402024417606,309.786602583324,0.006595567266072892
2024-09-15 04:00:01.778767+00:00,0.9772631879999999,24.502000000000002,-20.956420614245545,55.07540202180599,309.78632513722584,0.006595567477026933
2024-09-15 04:09:56.455906+00:00,0.976752082,24.726,-20.956412256073726,55.07536532549652,305.88818462801754,0.006595576815148041
2024-09-15 04:20:00.543509+00:00,0.976860806,25.068,-20.956403765638083,55.07532804848656,301.9289968799191,0.006595577025915324
2024-09-15 04:20:01.056143+00:00,0.9769695299999999,25.41,-20.956403758433023,55.07532801685296,301.92563735875,0.006595570408479766
2024-09-15 04:30:05.063465+00:00,0.9794070959999999,26.02,-20.956395269125725,55.07529074479699,297.96764563298814,0.006595570760683617
2024-09-15 04:30:06.062432+00:00,0.9820784679999999,26.415999999999997,-20.95639525508527,55.07529068315277,297.9611000839422,0.006595571214975152
2024-09-15 05:20:06.159608+00:00,0.98595881,26.756,-20.956353088797,55.07510555329453,278.3127091621238,0.006595571508251903
2024-09-15 05:20:07.843510+00:00,0.9880265500000001,26.953999999999997,-20.956353065129804,55.07510544938438,278.3016863931215,0.006595571896410496
2024-09-15 05:40:04.861337+00:00,0.991539958,27.160000000000004,-20.95633624107518,55.075031583863485,270.4677746914356,0.006595572359633567
2024-09-15 05:40:06.742941+00:00,0.9939281980000001,27.201999999999998,-20.95633621462929,55.07503146775356,270.4554632877329,0.006595572781807843
2024-09-15 05:50:11.223025+00:00,0.996316438,27.244,-20.95632771867733,55.074994166524405,266.5008022240199,0.006595572952951295
2024-09-15 06:00:13.667279+00:00,0.9998313580000001,27.252,-20.956319251338908,55.07495699092214,262.5604299642712,0.006595573199387593
2024-09-15 06:00:15.911259+00:00,1.003346278,27.26,-20.95631921979983,55.07495685245074,262.545754759948,0.006595573557111908
2024-09-15 06:10:08.081489+00:00,1.006373786,27.127999999999997,-20.956310896862554,55.07492031083748,258.67357156696306,0.006595573873689861
2024-09-15 06:10:10.364395+00:00,1.0055528219999998,27.02,-20.956310864776366,55.07492016996402,258.65864566388393,0.0065955743297854115
2024-09-15 06:50:17.808218+00:00,1.004731858,26.912,-20.956277028215656,55.07477161153155,242.92751031703185,0.006595574948171312
2024-09-15 07:10:12.734637+00:00,1.0053307420000002,27.026,-20.95626023355572,55.07469787506717,235.12677111030973,0.006595575439759365
2024-09-15 07:10:16.924815+00:00,1.005929626,27.139999999999997,-20.95626017466288,55.07469761649986,235.0994261638794,0.006595575869569143
2024-09-15 07:20:17.553902+00:00,1.0034053379999999,27.419999999999998,-20.956251732836584,55.07466055290785,231.1804606609763,0.006595576256144775
2024-09-15 07:20:21.532851+00:00,1.00499592,27.586000000000002,-20.95625167691256,55.074660307375055,231.1545037767008,0.006595576495454561
2024-09-15 07:30:16.146482+00:00,1.008001664,27.824,-20.956243319633348,55.074623614984525,227.2762499902995,0.006595576728230704
2024-09-15 07:30:22.205818+00:00,1.006853074,27.887999999999998,-20.956243234469532,55.07462324107529,227.23673682502442,0.006595577079617066
2024-09-15 08:00:25.652565+00:00,1.005651326,27.965999999999998,-20.956217887072118,55.074511954066566,215.4837939302411,0.006595577520886258
2024-09-15 08:10:19.965776+00:00,1.0092535420000002,27.498,-20.9562095340153,55.074475280214344,211.61416618907464,0.006595578118596847
2024-09-15 08:20:24.571571+00:00,1.009939078,26.946000000000005,-20.956201036296477,55.07443797122781,207.67945494421124,0.006595578898842417
2024-09-15 09:20:33.621338+00:00,1.009209452,26.321999999999996,-20.95615031119528,55.07421526415114,184.23956002388394,0.006595579584811798
2024-09-15 09:30:28.344970+00:00,1.00701611,25.833999999999996,-20.956141952370004,55.07417856497268,180.38612188120587,0.006595580253176166
2024-09-15 09:30:34.229392+00:00,1.004875926,25.332,-20.956141869664606,55.074178201857045,180.34800938608547,0.006595580952805586
2024-09-15 09:50:32.693446+00:00,1.0001429759999998,25.242,-20.956125025283303,55.07410424709244,172.59223229250398,0.006595581409801131
2024-09-15 09:50:37.249879+00:00,0.99861563,25.046,-20.956124961242754,55.07410396592428,172.5627714172048,0.007001858892646281
2024-09-15 10:00:32.022905+00:00,0.994629426,24.878,-20.956116601723245,55.0740672636978,168.71889337217453,0.01297694473886582
2024-09-15 10:20:31.174606+00:00,0.994167094,24.586,-20.956130009482703,55.07416584865578,178.63397862984743,0.018952028824870633
2024-09-15 10:30:35.931934+00:00,0.9935264659999999,24.21,-20.95616472314419,55.07437497565055,200.08057363556296,0.024927111180023546
2024-09-15 10:40:40.888889+00:00,0.991397822,23.881999999999998,-20.95619944826448,55.07458417167706,221.6539666653069,0.03090219109587113
2024-09-15 10:50:35.680270+00:00,0.988980254,23.744,-20.95623358987088,55.07478985241591,242.95066304146746,0.036470992046768264
2024-09-15 11:10:36.068993+00:00,0.988099128,23.634,-20.9563024933564,55.07520495062906,286.1122073129514,0.03447446305825058
2024-09-15 11:10:44.509012+00:00,0.985556682,23.554000000000002,-20.956302977821732,55.075207869214275,286.41634313343843,0.03233500063533424
2024-09-15 11:40:38.971293+00:00,0.981831008,23.506,-20.956492706054483,55.07561805935569,333.6083977894236,0.030195538085473095
2024-09-15 11:40:48.117126+00:00,0.980956186,23.472,-20.956493710879343,55.07562005820084,333.84165292536943,0.028056075337412993
2024-09-15 12:00:46.988696+00:00,0.9800813640000001,23.438,-20.956625427253368,55.07588207464379,364.445114726219,0.025916613437425174
2024-09-15 12:10:41.881163+00:00,0.980088636,23.4,-20.956690786279832,55.07601208991149,379.6486513985148,0.025773672199732856
2024-09-15 12:10:51.903097+00:00,0.9795041659999999,23.332,-20.956691887359256,55.07601428023077,379.9048685430393,0.025773664276669772
2024-09-15 12:20:46.530718+00:00,0.98028122,23.316,-20.956757217287883,55.07614423761568,395.111759039047,0.02577365662172625
2024-09-15 12:30:50.683851+00:00,0.97888899,23.616,-20.956823593755576,55.0762762768256,410.5712972083681,0.02577365043909058
2024-09-15 12:30:51.342749+00:00,0.9781361000000001,23.939999999999998,-20.956823666146686,55.07627642082943,410.58816220288827,0.02577364245518387
2024-09-15 12:50:50.545734+00:00,0.976783764,24.198,-20.956955418932246,55.07653850970393,441.297560046436,0.02226743995745643
2024-09-15 13:00:55.475413+00:00,0.97602317,24.485999999999997,-20.95702188071669,55.07667071862997,456.7988499429831,0.021170694480053234
2024-09-15 13:20:51.867350+00:00,0.9763006040000001,24.716,-20.957041793640197,55.076763262036366,466.5342757789621,0.020073951093596623
2024-09-15 13:20:54.771786+00:00,0.9773382039999999,24.668,-20.957041424680757,55.076762854632705,466.47966506654603,0.018977209347938152
2024-09-15 13:30:56.681272+00:00,0.9774742679999999,24.54,-20.95696496226596,55.076678425114096,455.1854994894873,0.01788047083338199
2024-09-15 13:30:59.375243+00:00,0.9782501,24.426,-20.956964620042537,55.07667804723224,455.1350567299021,0.020289928321581045
2024-09-15 13:40:51.484412+00:00,0.980748212,24.054,-20.956889402592196,55.07659499239883,444.0724372334882,0.020289931592706357
2024-09-15 13:40:54.202462+00:00,0.9814662220000001,23.568,-20.956889057309933,55.07659461113942,444.0217687607488,0.020289936396018886
2024-09-15 14:01:02.954043+00:00,0.982184232,23.082,-20.95673550587586,55.07642506020784,421.60030614742567,0.02028994176204193
2024-09-15 14:20:58.353183+00:00,0.983295706,22.637999999999998,-20.95658365064345,55.076257382215914,399.6696363792144,0.020289947633156356
2024-09-15 14:21:01.766986+00:00,0.9842037080000001,22.212,-20.956583216977542,55.076256903363614,399.60739167476976,0.02028995560782502
2024-09-15 14:41:00.782368+00:00,0.9833894300000001,22.044,-20.956430902362786,55.07608871812339,377.89660578141905,0.020289964032998885
2024-09-15 15:10:59.850137+00:00,0.982024336,22.04,-20.956202361246238,55.07583636385883,345.9744458339741,0.022776162406416334
2024-09-15 15:11:04.687487+00:00,0.981295508,22.072,-20.95620174674279,55.07583568532638,345.88983473254507,0.025765268104077997
2024-09-15 15:21:10.039854+00:00,0.979673768,22.119999999999997,-20.956090696733895,55.07568653607918,328.0292964401989,0.028754376119840563
2024-09-15 15:31:04.947921+00:00,0.9782555000000001,22.15,-20.95597483155916,55.07552729882681,309.2772286047426,0.0317434833688146
2024-09-15 15:41:02.995528+00:00,0.977579396,22.156,-20.95585835492293,55.07536722122315,290.7305900380106,0.03473259067596991
2024-09-15 15:41:09.763386+00:00,0.9781961820000001,22.17,-20.95585703680487,55.07536540969092,290.5226763502133,0.03523550781315713
2024-09-15 15:51:07.641277+00:00,0.979089078,22.11,-20.95574059322282,55.07520537751469,272.3531029108266,0.03523551811438058
2024-09-15 15:51:14.574394+00:00,0.980743618,22.048000000000002,-20.955739242918668,55.07520352174807,272.14485435651636,0.035235526868649565
2024-09-15 16:01:09.159445+00:00,0.981099388,21.956,-20.955623440654993,55.075044370956405,254.5239438101352,0.03523553528042465
2024-09-15 16:01:12.277112+00:00,0.9807129939999999,21.888,-20.955622833453546,55.07504353645984,254.4328799599358,0.035235543814226375
2024-09-15 16:11:06.968845+00:00,0.981028252,21.858,-20.95550701041231,55.07488435711289,237.3535722634725,0.03415333121539309
2024-09-15 16:11:14.039179+00:00,0.98143485,21.824,-20.955505633383613,55.07488246461787,237.15425314459216,0.03291148012111119
2024-09-15 16:21:09.347566+00:00,0.980090656,21.748,-20.95544127185507,55.07472598896647,220.8847216168606,0.03166962888037861
2024-09-15 16:31:14.199141+00:00,0.9800452319999999,21.702,-20.955391888623968,55.07456539864353,204.3605718903841,0.03042777697911587
2024-09-15 16:41:10.736753+00:00,0.9800123939999998,21.706,-20.95534318418811,55.07440701570848,188.2467113383824,0.02918592423645213
2024-09-15 16:41:18.892541+00:00,0.979140292,21.66,-20.95534251830712,55.07440485031669,188.02788466201974,0.02902629242947734
2024-09-15 16:51:13.520177+00:00,0.977264474,21.656,-20.955293969811624,55.07424697448727,172.20119127039902,0.029026298518727282
2024-09-15 17:01:18.315130+00:00,0.9771854440000001,21.688,-20.955244591203428,55.074086399197625,156.41515245693222,0.029026303676231137
2024-09-15 17:01:19.720986+00:00,0.97622731,21.734,-20.955244476422024,55.074086025937675,156.37889688995364,0.02902630965149524
2024-09-15 17:11:12.710629+00:00,0.9752565900000001,21.73,-20.955196061660804,55.07392858500141,141.30779473537729,0.02902631650108629
2024-09-15 17:21:17.693938+00:00,0.9744751199999999,21.776,-20.955146667674274,55.07376795970267,126.49626370183393,0.029026321656799376
2024-09-15 17:21:18.413099+00:00,0.9736936500000001,21.822,-20.95514660895822,55.07376776876275,126.47907547684457,0.0290263265994554
2024-09-15 17:31:22.141304+00:00,0.9728983579999999,21.902,-20.955097317444896,55.073607476698676,112.4906472035754,0.029026332618464924
2024-09-15 17:31:23.059298+00:00,0.9729821700000001,21.968,-20.955097242495086,55.073607232967895,112.47013148727775,0.029026336940758783
2024-09-15 17:51:21.136942+00:00,0.9732295360000001,22.058,-20.95499942519972,55.073289138936715,88.52372443959925,0.029026342117063602
2024-09-15 17:51:21.661821+00:00,0.973425264,22.110000000000003,-20.95499938234588,55.07328899957945,88.51480793373673,0.029026351804074212
2024-09-15 18:01:25.871782+00:00,0.973364678,22.172000000000004,-20.95495005149949,55.073128579607406,79.53343009425758,0.029026357951439298
2024-09-15 18:01:26.175790+00:00,0.973271918,22.206,-20.95495002667868,55.07312849889211,79.52962927675695,0.029026366015945538
2024-09-15 18:11:20.429712+00:00,0.973804454,22.154,-20.95490150869516,55.07297072228518,73.76226220837007,0.024461911729459274
2024-09-15 18:11:20.942469+00:00,0.9741734359999998,22.078,-20.954901466830986,55.07297058614623,73.75883287163714,0.020453756204551674
2024-09-15 18:31:19.871705+00:00,0.9738598419999999,22.016,-20.954966945030012,55.07298524418247,68.54037103317242,0.016445596105510614
2024-09-15 18:31:29.816212+00:00,0.974301696,21.915999999999997,-20.95496764036639,55.072985675570315,68.50393351917994,0.012437438701439377
2024-09-15 18:41:24.323090+00:00,0.97474355,21.816,-20.95500920927117,55.07301146498828,66.50771523559862,0.008429280326575028
2024-09-15 18:51:28.967248+00:00,0.9763966459999999,21.784,-20.955051486991344,55.07303769415649,64.86685934891898,0.00898558129403176
2024-09-15 18:51:29.063628+00:00,0.9780497419999999,21.752000000000002,-20.955051493730405,55.073037698337416,64.86663076202389,0.008985580768793768
2024-09-15 19:11:27.765465+00:00,0.98064719,21.628,-20.955135308946634,55.07308969743756,62.88778559290407,0.008985580198680182
2024-09-15 19:11:28.013987+00:00,0.982745504,21.532,-20.955135326323703,55.073089708218326,62.887560147814085,0.008985579896310174
2024-09-15 19:31:26.738171+00:00,0.983048338,21.442,-20.95521914310245,55.073141708287864,62.72254946526135,0.008985576267157177
2024-09-15 19:31:26.977769+00:00,0.981514634,21.37,-20.955219159855545,55.073141718681505,62.72270133434778,0.008985575245706553
2024-09-15 20:11:33.500659+00:00,0.978702058,21.34,-20.95538742791867,55.07324611246893,67.77264205618944,0.010274260016979106
2024-09-15 20:11:34.273744+00:00,0.975627706,21.387999999999998,-20.955387481974046,55.073246146004976,67.77531240307289,0.01186443904102954
2024-09-15 20:21:38.443424+00:00,0.9734378720000001,21.466,-20.955434773140563,55.07332026856805,74.98057052469818,0.01345461739115593
2024-09-15 20:21:39.647821+00:00,0.9730435180000001,21.538,-20.955434869593667,55.07332043566192,74.99739360483207,0.015044795648088919
2024-09-15 20:31:33.129100+00:00,0.9730620380000001,21.631999999999998,-20.95548239803332,55.073402773198296,83.48131367062871,0.016634974120947377
2024-09-15 20:31:34.250089+00:00,0.97435943,21.684,-20.955482487806755,55.07340292872041,83.49766765845075,0.016936466668501002
2024-09-15 20:41:37.629352+00:00,0.9751924800000001,21.656,-20.955530808917974,55.0734866394688,92.44641384586319,0.016936464165823523
2024-09-15 20:41:38.862891+00:00,0.97534268,21.694,-20.95553090770489,55.07348681060573,92.4649782557576,0.015205011215220884
2024-09-15 21:01:37.864484+00:00,0.97549288,21.732,-20.955626928720005,55.073653155932504,110.90184939053277,0.013059546696545387
2024-09-15 21:21:44.639619+00:00,0.9756711960000001,21.608,-20.955654389839335,55.07374476862093,120.79092498119435,0.010914082434041001
2024-09-15 21:21:46.991665+00:00,0.976406362,21.466,-20.955654260148936,55.07374474640966,120.78616366342615,0.008768618495708964
2024-09-15 22:21:52.352238+00:00,0.9764725839999999,21.418,-20.955455462728644,55.07371069960974,115.44535118090636,0.006623155457624997
2024-09-15 22:31:47.009486+00:00,0.9758975400000001,21.311999999999998,-20.955422673684534,55.07370508403373,114.96009384391918,0.011540288387869933
2024-09-15 23:11:54.163430+00:00,0.975333958,21.284,-20.955289944659363,55.07368235235766,114.20077105039685,0.018562143586893228
2024-09-15 23:21:59.460334+00:00,0.974329386,21.395999999999997,-20.955400166481663,55.07383324790437,128.3779105397535,0.02558399171718423
2024-09-15 23:51:52.570619+00:00,0.973141998,21.516,-20.955822672181988,55.07438494333103,189.6268903333605,0.032605837468940094
2024-09-15 23:51:56.125403+00:00,0.973055946,21.574,-20.955823509786075,55.074386037049635,189.7574094519609,0.034114982813883324
2024-09-16 00:01:57.225861+00:00,0.973409492,21.594,-20.955965145452453,55.0745709807068,212.13554178519865,0.031951763522774644
2024-09-16 00:21:56.629236+00:00,0.9741318339999999,21.53,-20.956051370287447,55.074700271993535,227.67204901682038,0.028097834848060187
2024-09-16 00:21:59.252284+00:00,0.974821228,21.48,-20.956051003522695,55.07469987707487,227.6211057678969,0.024243915024020332
2024-09-16 00:32:01.111857+00:00,0.975136588,21.44,-20.95596684917952,55.074609262802944,216.0239185279989,0.02038999870181484
2024-09-16 00:52:00.005386+00:00,0.975575456,21.464,-20.95579921522967,55.07442876079029,193.5640909156024,0.022048784118195858
2024-09-16 00:52:01.601107+00:00,0.9751479460000001,21.53,-20.955798992109766,55.074428520543066,193.5348660672589,0.022048791048904903
2024-09-16 01:12:08.542084+00:00,0.9743401780000001,21.601999999999997,-20.95563023293447,55.07424680692944,172.07035965290711,0.022048797907116734
2024-09-16 01:22:03.241454+00:00,0.97479166,21.684,-20.95554707975869,55.07415727067739,162.0566042883567,0.022048803511258035
2024-09-16 01:22:04.486724+00:00,0.9752431420000001,21.766,-20.9555469056402,55.074157083193064,162.03609997924772,0.022048808937786456
2024-09-16 01:32:07.658768+00:00,0.9763575899999999,21.824,-20.955462567782263,55.07406627131925,152.3618877619248,0.022048813300821233
2024-09-16 01:32:08.953759+00:00,0.977157866,21.82,-20.955462386711577,55.07406607634906,152.34170561757992,0.022048817664224132
2024-09-16 01:42:12.335725+00:00,0.977958142,21.816,-20.955378019501488,55.07397523286994,143.24826015643043,0.02204882221669736
2024-09-16 02:02:10.951608+00:00,0.978141372,21.86,-20.95521042437319,55.0737947726589,127.3990912344458,0.02040415209713852
2024-09-16 02:02:11.738463+00:00,0.978324602,21.904,-20.95521031435208,55.073794654192255,127.3898398673973,0.017380660402414226
2024-09-16 02:22:10.205445+00:00,0.9772208900000001,21.997999999999998,-20.955128934533633,55.073660986171994,116.49997637954293,0.014357171440274416
2024-09-16 02:22:10.321331+00:00,0.9772977279999999,22.112000000000002,-20.955128937394488,55.073660979069075,116.4991756275884,0.011333680322767287
2024-09-16 02:42:09.104175+00:00,0.979006332,22.598000000000003,-20.955158531553305,55.07358750276501,108.21775741876284,0.008310188385746797
2024-09-16 02:42:09.144084+00:00,0.9801056800000001,23.012,-20.95515853253853,55.073587500318894,108.21748179082681,0.006931370324974736
2024-09-16 03:12:11.939535+00:00,0.980629244,23.518,-20.9552030378592,55.07347700261918,95.77249949527402,0.006931372820411045
2024-09-16 03:12:22.074339+00:00,0.9819665500000001,24.080000000000002,-20.955203288055472,55.0734763814325,95.70257482130393,0.006931372181539495
2024-09-16 03:22:16.471855+00:00,0.983303856,24.642000000000003,-20.955217961851126,55.07343994936906,91.60241888065855,0.006931371607675482
2024-09-16 03:32:20.685705+00:00,0.9827362040000001,24.906,-20.955232877981032,55.07340291563875,87.43646144157103,0.006931371143408101
2024-09-16 03:32:21.051409+00:00,0.9819565319999999,25.183999999999997,-20.955232887009107,55.07340289322387,87.4339406102632,0.006931370747500912
2024-09-16 03:42:15.608785+00:00,0.981752644,25.369999999999997,-20.955247564751197,55.073366451362226,83.33672476858476,0.0069313701315322634
2024-09-16 03:52:18.964314+00:00,0.982447778,25.58,-20.95526245969188,55.073329470240466,79.1814135724595,0.006931369783930759
2024-09-16 03:52:20.043489+00:00,0.982949554,25.834000000000003,-20.955262486333297,55.073329404095226,79.17398381834292,0.0069313695450476855
2024-09-16 04:02:24.708113+00:00,0.984391892,26.071999999999996,-20.95527741359139,55.07329234273588,75.01264790192464,0.00806563891791572
2024-09-16 04:12:19.394470+00:00,0.98604625,26.296,-20.955292094517613,55.07325589296868,70.92340869651419,0.009309318104275188
2024-09-16 04:22:22.348942+00:00,0.9911204579999999,26.582,-20.955314032081546,55.07318658771573,63.334907031149825,0.01055299746206543
2024-09-16 04:22:24.424621+00:00,0.994726974,26.474,-20.95531411000931,55.07318633846106,63.30764858759887,0.011796676312338755
2024-09-16 04:32:28.990291+00:00,0.995816162,26.294,-20.955336807378306,55.0731137401365,55.36983014804422,0.013040354922997982
2024-09-16 04:42:23.708295+00:00,0.9962379800000001,26.056,-20.95535913503377,55.07304232435352,47.56524731097531,0.013149763732857478
2024-09-16 04:52:25.332646+00:00,0.9955612119999999,25.868000000000002,-20.955381721976053,55.07297007923265,39.67637161647175,0.013149762565299173
2024-09-16 04:52:28.297547+00:00,0.991464594,25.617999999999995,-20.95538183328812,55.072969723197126,39.63751602979245,0.013149761452695183
2024-09-16 05:02:29.733543+00:00,0.988000646,25.832,-20.955404413158934,55.07289750069457,31.76228225800128,0.013149760382246394
2024-09-16 05:02:33.053604+00:00,0.9872473840000001,26.074,-20.95540453780487,55.07289710201021,31.718855484169858,0.01314975955701136
2024-09-16 05:12:24.306289+00:00,0.9874253279999999,26.45,-20.95542673536094,55.072826102354675,23.998588408062545,0.012573435707618128
2024-09-16 05:12:27.813023+00:00,0.987804064,26.827999999999996,-20.955426867015188,55.07282568125399,23.952904614056134,0.011954457055438341
2024-09-16 05:22:33.115511+00:00,0.9881828,27.206,-20.955424220317447,55.072765893715236,17.964469958221382,0.011335478548425437
2024-09-16 05:32:27.731539+00:00,0.9886748520000002,27.560000000000002,-20.95541789122102,55.072708717301744,12.623516136141104,0.010716500337426493
2024-09-16 05:32:33.882032+00:00,0.989676204,27.994,-20.955417825755134,55.0727081258896,12.571272657095378,0.01009752232134204
2024-09-16 05:42:32.525131+00:00,0.98981775,28.342000000000002,-20.95541145379454,55.072650562245585,8.156320404946982,0.01005486749469071
2024-09-16 05:52:37.258237+00:00,0.991460942,28.704,-20.955405017011877,55.07259241300558,6.903343337763888,0.01005486783408541
2024-09-16 06:02:31.786042+00:00,0.99417159,29.018,-20.95539868885449,55.072535245075315,10.05927902279365,0.01005486815602592
2024-09-16 06:12:36.469871+00:00,0.997056312,29.170000000000005,-20.95539225259633,55.07247710057362,15.131054522435257,0.010054868621619278
2024-09-16 06:22:31.400997+00:00,0.9994317340000001,29.242,-20.955385920145996,55.07241989386129,20.659188755937333,0.010054869116911029
2024-09-16 06:42:33.338140+00:00,1.002135582,29.256,-20.955373126720122,55.072304319352966,32.32449649025921,0.010054869540511038
2024-09-16 06:42:40.276468+00:00,1.004235578,29.204,-20.955373052868516,55.072303652185084,32.392729897840084,0.010054869838056443
2024-09-16 06:52:34.990265+00:00,1.004514944,29.224,-20.955366722731434,55.07224646637041,38.261827887888074,0.010054870177291057
2024-09-16 06:52:37.895564+00:00,1.0041615959999999,29.238,-20.955366691807416,55.07224618700597,38.29058369567739,0.010054870462880117
2024-09-16 07:02:39.609491+00:00,1.006493974,29.482,-20.95536028716091,55.072188328080756,44.25906374659277,0.010054870645268159
2024-09-16 07:02:42.533228+00:00,1.006452048,29.616000000000003,-20.955360256040635,55.07218804694337,44.288118791850785,0.009180147198526074
2024-09-16 07:12:37.293191+00:00,1.006410122,29.75,-20.95535392541216,55.07213085668954,50.20692682600392,0.008732826092002413
2024-09-16 07:22:38.982247+00:00,1.011964986,29.406,-20.95533861679295,55.072159404028795,47.821909643945766,0.008285505028755158
2024-09-16 07:22:42.345672+00:00,1.010829874,28.286,-20.955338523235355,55.07215963660507,47.80195996849697,0.007853521356851764
2024-09-16 07:42:48.130661+00:00,1.007009036,26.936,-20.95530498291708,55.0722430150019,41.1126475409999,0.007659547096891028
2024-09-16 09:12:48.898274+00:00,1.003496668,25.642000000000003,-20.955395270434135,55.0726420891141,9.12492174010013,0.008340296221285116
2024-09-16 09:12:57.584077+00:00,0.9979347439999999,24.454,-20.955395616319972,55.072642752662446,9.125521898914045,0.008593642716589241
2024-09-16 09:32:56.857774+00:00,0.987529204,23.72,-20.955443373768194,55.072734370683776,14.295345935960498,0.008846988974115306
2024-09-16 09:42:51.741357+00:00,0.9852298919999999,24.323999999999998,-20.95546706320788,55.07277981657067,18.77527577182501,0.009084997393601947
2024-09-16 09:42:51.955916+00:00,0.984157806,24.871999999999996,-20.955467071752043,55.07277983296182,18.776979369928128,0.011149547989535154
2024-09-16 10:12:54.915657+00:00,0.982287794,25.484,-20.95553886917134,55.07291756933043,34.03654313402608,0.013536725456887482
2024-09-16 10:23:00.125143+00:00,0.9823133399999999,26.024,-20.95552682736417,55.07302994560022,45.243890798213116,0.01592390371336275
2024-09-16 10:33:04.696609+00:00,0.982338886,26.564,-20.955509993074067,55.0731509969915,57.51967116236579,0.018311082412164816
2024-09-16 10:42:57.536831+00:00,0.9823695239999999,26.631999999999998,-20.955493485440407,55.0732696994737,69.70806840716493,0.02069826180155029
2024-09-16 10:42:59.451149+00:00,0.9799087199999998,26.836000000000002,-20.95549343213623,55.07327008277142,69.74758214914344,0.021020890279529143
2024-09-16 11:03:07.662207+00:00,0.9799118499999999,27.04,-20.95545978950405,55.07351199896786,94.8085285110408,0.021020892699033
2024-09-16 11:13:00.049936+00:00,0.983945278,27.206,-20.955443294470058,55.07363061084883,107.15389959856091,0.018585663603308288
2024-09-16 11:13:02.266680+00:00,0.987978706,27.372000000000003,-20.955443232744827,55.07363105470036,107.20014314159098,0.0160743639097741
2024-09-16 11:33:08.877054+00:00,0.9907050319999999,27.3,-20.9554611929522,55.0737320138656,117.65340121437167,0.013563063814037648
2024-09-16 11:33:11.951327+00:00,0.994695574,27.148000000000003,-20.95546124329566,55.073732258593125,117.67878393594016,0.011051762916577975
2024-09-16 11:53:07.668954+00:00,0.9986071040000001,26.901999999999997,-20.955480824041917,55.07382744370292,127.57075143774284,0.008540461390792078
2024-09-16 11:53:10.842138+00:00,0.998020228,26.636000000000003,-20.955480876005115,55.07382769630425,127.59705043961445,0.008464390816667453
2024-09-16 12:03:05.568979+00:00,0.997433352,26.369999999999997,-20.95549061508991,55.073875039538436,132.53004784182784,0.008464390463788685
2024-09-16 12:13:06.436317+00:00,0.99555497,26.208,-20.955500454729815,55.07392287158694,137.52141159455476,0.008464390092060518
2024-09-16 12:13:10.118230+00:00,0.9936765879999999,26.046000000000003,-20.95550051502382,55.07392316468565,137.5520183591686,0.008464389751329831
2024-09-16 12:23:11.047539+00:00,0.993061162,26.016000000000002,-20.95551035567855,55.07397100166735,142.550626118089,0.008464389380016136
2024-09-16 12:23:14.880774+00:00,0.993067842,26.01,-20.955510418450558,55.07397130681205,142.58253141476456,0.0084643890684527
2024-09-16 12:43:09.407218+00:00,0.9932534179999999,25.972,-20.955529979690326,55.074066397097695,152.53608500237183,0.008464388645137108
2024-09-16 12:43:13.923831+00:00,0.995058966,25.776,-20.955530053653153,55.074066756642715,152.57375956600873,0.00762158899751577
2024-09-16 12:53:18.498328+00:00,0.9972068820000001,25.5,-20.955539954000486,55.07411488379964,157.61913083297097,0.006734415403395368
2024-09-16 13:23:22.239392+00:00,0.9981708539999999,25.186,-20.9555546752781,55.07418701199003,165.18815589444284,0.005847241858044299
2024-09-16 13:33:17.163450+00:00,0.998448092,24.794000000000004,-20.955549929428642,55.0741644981432,162.82365342745751,0.00496006841065873
2024-09-16 13:33:21.204306+00:00,0.998546434,24.434000000000005,-20.955549897193784,55.07416434522417,162.8075964191458,0.004072895096562
2024-09-16 13:43:15.650252+00:00,0.9985844260000001,24.278000000000002,-20.955545155158337,55.07414184947065,160.44595381917296,0.004028521116755066
2024-09-16 13:43:21.700969+00:00,0.9990116279999999,23.948,-20.95554510689034,55.074141620491986,160.4219202921847,0.004028521214506961
2024-09-16 13:53:16.337856+00:00,0.998957094,23.552,-20.955540363331714,55.07411911751264,158.06052559293428,0.00402852138974683
2024-09-16 14:23:19.441689+00:00,0.99874136,23.214,-20.95552597954737,55.07405088224302,150.9066956375227,0.0040285215494347635
2024-09-16 14:33:24.306443+00:00,0.9985256259999999,22.875999999999998,-20.95552115439864,55.07402799220817,148.50928160257325,0.004028521676882923
2024-09-16 14:53:23.602649+00:00,0.9962722940000001,22.535999999999998,-20.95551158733008,55.0739826069683,143.75971356754377,0.004028521848598626
2024-09-16 14:53:26.045727+00:00,0.993866154,22.546,-20.95551156784107,55.07398251451435,143.75004382122842,0.0041205126371300525
2024-09-16 15:03:28.415144+00:00,0.9920864999999999,22.636,-20.95550676259823,55.07395971891111,141.36658031348244,0.007213182275745349
2024-09-16 15:13:33.591717+00:00,0.9911547800000001,22.746000000000002,-20.955501039854738,55.07393428820963,138.70825277668214,0.010305852404905086
2024-09-16 15:23:28.341405+00:00,0.98980885,22.928,-20.955467233359215,55.07382868001581,127.68960636924483,0.013398523210797588
2024-09-16 15:23:29.785173+00:00,0.9901181600000001,23.110000000000003,-20.955467151293195,55.07382842364958,127.6629820820406,0.016491194609798723
2024-09-16 15:43:27.289241+00:00,0.990276446,23.194,-20.955399083303007,55.073615785889,105.85073007892424,0.019491875893739803
2024-09-16 15:43:28.490712+00:00,0.990730828,23.256,-20.95539901500953,55.07361557254685,105.82917323138956,0.019491879081350194
2024-09-16 15:53:32.069318+00:00,0.991712414,23.375999999999998,-20.955364706664604,55.07350839662445,95.11113216803753,0.01946641936835843
2024-09-16 16:03:36.903724+00:00,0.9931082099999999,23.424,-20.955330326938036,55.07340099771277,84.65015342367234,0.018064903909281456
2024-09-16 16:13:31.999617+00:00,0.993982894,23.366,-20.955296789921615,55.07329599323972,74.8032350188651,0.016663385527459704
2024-09-16 16:13:32.080804+00:00,0.994429832,23.310000000000002,-20.955296787503443,55.07329598382869,74.8023574470479,0.01526239833999186
2024-09-16 16:23:36.825138+00:00,0.9943700080000001,23.247999999999998,-20.955278775072134,55.07322588320984,68.36996820223499,0.013860878884757576
2024-09-16 16:23:36.825923+00:00,0.9937829800000001,23.128,-20.955278775048747,55.07322588311882,68.36995999913431,0.012484820341969866
2024-09-16 16:33:41.734956+00:00,0.993445648,22.994,-20.955260757711844,55.0731557634084,62.1876666418087,0.01248481861988036
2024-09-16 16:33:41.760576+00:00,0.993629428,22.966,-20.955260756948746,55.073155760438596,62.18741120599811,0.01248481524127655
2024-09-16 16:43:36.430743+00:00,0.993753892,22.927999999999997,-20.955243044578516,55.07308682759475,56.435596074685755,0.012484284331248378
2024-09-16 16:43:36.455041+00:00,0.993944272,22.904000000000003,-20.955243043854797,55.07308682477819,56.43536903428811,0.012484284254387504
2024-09-16 16:53:41.122799+00:00,0.993647994,22.862000000000002,-20.955225033704313,55.073016733035814,51.03150746966893,0.012484286546211566
2024-09-16 16:53:41.234243+00:00,0.9935303639999999,22.924,-20.955225030384934,55.07301672011748,51.03056168591228,0.0124374109758211
2024-09-16 17:03:35.785429+00:00,0.993858872,22.910000000000004,-20.95520732155858,55.072947801065666,46.30598870532827,0.011055920396446749
2024-09-16 17:13:41.233685+00:00,0.993641122,22.848,-20.955189642772176,55.07287893173456,42.363350047184426,0.00967442565571112
2024-09-16 17:23:44.333133+00:00,0.993423372,22.785999999999998,-20.955182090630817,55.07284756774172,40.84590892496884,0.008292931702667008
2024-09-16 17:33:38.943660+00:00,0.9940599540000001,22.728,-20.955174644789555,55.07281664521249,39.573342872273734,0.0069114367378660625
2024-09-16 17:33:40.312752+00:00,0.994268192,22.580000000000002,-20.955174627645487,55.072816574013295,39.570686214406614,0.005576817917980587
2024-09-16 17:43:43.684350+00:00,0.993386308,22.491999999999997,-20.95516707209621,55.0727851958674,38.529527148825764,0.005576818075832294
2024-09-16 17:43:45.282787+00:00,0.9931099979999999,22.462,-20.955167052080235,55.072785112741194,38.527121875788666,0.005576818194536033
2024-09-16 17:53:48.510422+00:00,0.9926968199999999,22.556,-20.95515949833369,55.072753742082035,37.758980543966075,0.00557681822289689
2024-09-16 17:53:50.063890+00:00,0.991915968,22.663999999999998,-20.95515947888083,55.072753661294435,37.75736914567532,0.005576818383687473
2024-09-16 18:13:47.727985+00:00,0.9911349819999999,22.75,-20.955144481472725,55.07269137715835,37.10083376542332,0.005576818573778737
2024-09-16 18:13:49.329723+00:00,0.9909979800000001,22.851999999999997,-20.95514446141542,55.07269129386048,37.100753084345236,0.0055768187837425594
2024-09-16 18:23:44.023142+00:00,0.990860978,22.954,-20.955137014536167,55.072660367020475,37.21924116001219,0.005576818980945375
2024-09-16 18:33:46.672230+00:00,0.990946346,22.936,-20.95512946803431,55.07262902644847,37.63824403698287,0.005576819165314271
2024-09-16 18:33:48.793022+00:00,0.991366688,22.886000000000003,-20.955129441477293,55.07262891615736,37.640240205365096,0.005535028337789549
2024-09-16 18:43:53.386381+00:00,0.991787164,22.858,-20.955121870628858,55.07259747447416,38.354065656873374,0.005899954881515671
2024-09-16 19:13:54.620697+00:00,0.9917732499999999,22.767999999999997,-20.955100468773438,55.07250722711558,41.83360297674888,0.00626488123819482
2024-09-16 19:13:57.204309+00:00,0.991759336,22.678,-20.955100539417586,55.07250739501293,41.821985088974714,0.006629807430496089
2024-09-16 19:43:57.366513+00:00,0.991876424,22.564,-20.95514976156432,55.0726243794804,35.35071740824303,0.006994733464010335
2024-09-16 19:44:00.432374+00:00,0.991658538,22.482000000000003,-20.955149845394693,55.07262457871696,35.34297014728913,0.007401450395328575
2024-09-16 19:53:55.050773+00:00,0.9904093020000001,22.334,-20.9551661041485,55.07266322029971,34.093583744625064,0.007275399214722561
2024-09-16 19:54:01.870570+00:00,0.989095668,22.256,-20.95516629062339,55.072663663487724,34.08228513476139,0.006715661001159516
2024-09-16 20:14:04.342558+00:00,0.987782034,22.178,-20.955196607317532,55.072735037725764,33.198386615919745,0.0061559229990870564
2024-09-16 20:23:55.126700+00:00,0.985831692,22.148,-20.95518891703425,55.07271017958193,32.984621435974155,0.005596185098409935
2024-09-16 20:23:59.154242+00:00,0.9838813500000001,22.118000000000002,-20.955188864607422,55.07271001011696,32.98392874055043,0.005036447292217011
2024-09-16 20:33:59.727970+00:00,0.982975562,22.14,-20.955181046892335,55.07268474006137,32.99724340381483,0.0046027602328337315
2024-09-16 20:34:03.944509+00:00,0.982568562,22.154000000000003,-20.95518099200532,55.07268456264406,32.99815548529489,0.0046027604003560894
2024-09-16 20:53:58.540884+00:00,0.9828441980000001,22.144,-20.95516544185108,55.07263429817961,33.70862239735397,0.004602760526371258
2024-09-16 20:54:02.824707+00:00,0.9835400380000001,22.106,-20.95516538608822,55.072634117931216,33.712756913454896,0.004602760673668361
2024-09-16 21:04:03.006640+00:00,0.98429501,22.088,-20.955157573473155,55.072608864360994,34.39899038257572,0.004602760838409228
2024-09-16 21:04:07.535119+00:00,0.9850367779999999,22.084,-20.95515751452559,55.07260867381834,34.40495922858543,0.004602760959099003
2024-09-16 21:14:02.098857+00:00,0.984453386,21.994,-20.955149775043015,55.072583656642244,35.28692973791288,0.004602761052073105
2024-09-16 21:14:07.750559+00:00,0.9831672279999999,21.98,-20.95514970147437,55.07258341883826,35.29622573192852,0.004602761182312077
2024-09-16 21:24:06.783770+00:00,0.9824584040000002,21.990000000000002,-20.95514190381231,55.07255821360227,36.373656339795225,0.004602761339042156
2024-09-16 21:34:11.386190+00:00,0.9816904479999999,21.98,-20.955134033655426,55.07253277403332,37.6350521436946,0.004602761491974916
2024-09-16 21:44:06.000719+00:00,0.980555236,21.932,-20.955126293511697,55.072507754720114,39.02968010181399,0.0046027616750051814
2024-09-16 21:44:10.544483+00:00,0.9807451839999999,21.97,-20.955126234365167,55.072507563534316,39.040884051973634,0.004602761870163754
2024-09-16 22:04:09.467212+00:00,0.9812045899999999,21.951999999999998,-20.955110627894438,55.07245711703192,42.25585444332907,0.004324514010663067
2024-09-16 22:04:15.193235+00:00,0.981086662,21.91,-20.955110553358352,55.072456876100766,42.27235087139897,0.005206606215852267
2024-09-16 22:14:10.258493+00:00,0.9805097,21.844,-20.955104871580925,55.0724395070499,43.518910537261384,0.006088698237809923
2024-09-16 22:14:14.149646+00:00,0.979729216,21.826,-20.955104952836464,55.07243983339649,43.49766696827353,0.006970790077299963
2024-09-16 22:24:14.962636+00:00,0.9795389200000001,21.830000000000002,-20.95511749908725,55.072490222898004,40.44920230606972,0.007852881661194458
2024-09-16 22:34:09.139244+00:00,0.9790534980000001,21.824,-20.955129906756298,55.072540055813725,37.957046934733604,0.009013221044956995
2024-09-16 22:54:18.016061+00:00,0.9786002920000001,21.875999999999998,-20.955155150670745,55.0726414429362,34.93220415633745,0.009013220180118716
2024-09-16 23:04:12.738217+00:00,0.97860612,21.951999999999998,-20.95516756973199,55.07269132160641,34.62558034468012,0.009013219288203835
2024-09-16 23:14:17.287905+00:00,0.9788554279999999,21.95,-20.95518019401297,55.07274202450055,35.15891616788755,0.009013218582747586
2024-09-16 23:14:19.257062+00:00,0.978514548,21.926,-20.95518023513315,55.07274218965149,35.162019857253355,0.00901321799047897
2024-09-16 23:24:14.151720+00:00,0.97856077,21.888,-20.9551926577966,55.072792082789256,36.484913191782375,0.009013217566371173
2024-09-16 23:24:22.054109+00:00,0.978207738,21.774,-20.95519282281526,55.07279274555362,36.50746381142483,0.009013217142013382
2024-09-16 23:34:18.893371+00:00,0.9778547059999999,21.660000000000004,-20.955205286086173,55.072842801783096,38.55430805380975,0.009013216945760953
2024-09-16 23:44:20.955067+00:00,0.977264896,21.628,-20.955217858412595,55.07289329601217,41.23175112664707,0.009013216521051479
2024-09-16 23:44:23.538133+00:00,0.976759396,21.652,-20.9552179123525,55.072893512650985,41.244402056742054,0.009013216053697697
2024-09-16 23:54:25.599706+00:00,0.9759125919999999,21.704,-20.955230484676356,55.072944006869754,44.428255296016836,0.009013215580663985
2024-09-17 00:04:20.097811+00:00,0.975550194,21.814,-20.955242899058938,55.072993866749044,47.968751087099086,0.009013215087193365
2024-09-17 00:04:22.256467+00:00,0.9774258360000001,21.880000000000003,-20.95524294413626,55.07299404779307,47.98222113555149,0.009016116904645526
2024-09-17 00:24:20.649943+00:00,0.9770601360000001,21.8,-20.955267969136294,55.073094555689686,56.00619598765215,0.009849016646215868
2024-09-17 01:14:30.552849+00:00,0.976610126,21.663999999999998,-20.955330806302708,55.07334743275729,79.1741264861205,0.01068191670262179
2024-09-17 01:54:37.215654+00:00,0.9759043820000001,21.54,-20.955377446137827,55.07364873554162,109.45595423842195,0.011514816136722351
2024-09-17 01:54:37.631934+00:00,0.9750333600000001,21.464,-20.955377454205113,55.07364878765791,109.46126225882965,0.012039177124729638
2024-09-17 02:04:31.838564+00:00,0.971924298,21.432,-20.955388969611093,55.07372317951362,117.05473397809382,0.011351675222262813
2024-09-17 02:14:36.231290+00:00,0.97161492,21.497999999999998,-20.955398469920443,55.0737901315021,123.91984177467337,0.009834175824031639
2024-09-17 02:14:36.761434+00:00,0.971305542,21.564,-20.955398456966574,55.07379010655965,123.91734493765726,0.008316676307077202
2024-09-17 02:24:31.426193+00:00,0.9710611420000002,21.642000000000003,-20.955383926559417,55.073762128500356,121.1298816728196,0.006799177491327492
2024-09-17 02:24:40.709516+00:00,0.970864652,21.631999999999998,-20.955383699724948,55.073761691734326,121.08658133091971,0.005590217195414701
2024-09-17 02:34:35.178126+00:00,0.9704222880000002,22.060000000000002,-20.95536917411061,55.07373372290353,118.32819272309936,0.005590217735337503
2024-09-17 02:34:35.971893+00:00,0.969985658,22.522000000000002,-20.955369154715218,55.073733685558025,118.32452897932089,0.0055902183445563774
2024-09-17 03:14:41.801851+00:00,0.9699434339999999,23.003999999999998,-20.955310369175425,55.07362049497088,107.48829270652887,0.005590218792734274
2024-09-17 03:14:43.173772+00:00,0.970091966,23.462,-20.955310335653053,55.07362043042411,107.48228178087969,0.005590219283520862
2024-09-17 03:24:37.833022+00:00,0.9685653160000001,23.944,-20.9552958053805,55.073592452624005,104.89721210293112,0.005590219873923834
2024-09-17 03:24:46.397668+00:00,0.968416296,24.15,-20.95529559610663,55.073592049670616,104.86028465336561,0.005590220250888249
2024-09-17 03:34:42.555439+00:00,0.9692506159999998,24.5,-20.955281029218288,55.07356400136741,102.31219002304489,0.005590220396809479
2024-09-17 03:44:47.232017+00:00,0.96969053,24.830000000000002,-20.95526625417614,55.07353555226749,99.77493273036114,0.0055902206977633765
2024-09-17 03:54:41.828524+00:00,0.9699795099999999,25.259999999999998,-20.955251725436685,55.07350757741933,97.32996402902326,0.005590220961306508
2024-09-17 03:54:48.881636+00:00,0.9729756119999999,25.814,-20.955251553096577,55.07350724558129,97.3012745184163,0.005658218708035664
2024-09-17 04:04:46.498307+00:00,0.9748399580000001,26.206,-20.95523695056057,55.073479128639086,94.89838685020155,0.006636061568128434
2024-09-17 04:14:48.144346+00:00,0.9758591259999999,26.476,-20.9552191661444,55.07345052990064,92.61047835060035,0.007613904538697436
2024-09-17 04:14:51.657738+00:00,0.9768782940000001,26.746,-20.955218892916335,55.0734503296139,92.5996608333535,0.008591747571921085
2024-09-17 04:24:46.223153+00:00,0.976801884,27.016000000000002,-20.95517265498931,55.07341643542396,90.9653605774722,0.009569590668104885
2024-09-17 04:24:52.698674+00:00,0.9780763200000001,27.282,-20.955172151403563,55.07341606627612,90.9497492215182,0.010479436581289237
2024-09-17 04:34:47.195081+00:00,0.979173396,27.634000000000004,-20.955125918843112,55.07338217602009,89.7238342909528,0.010479437611303773
2024-09-17 04:54:49.468061+00:00,0.9801323100000001,27.964,-20.95503242095555,55.073313638450095,88.5418969604355,0.010479438607204426
2024-09-17 05:04:50.120362+00:00,0.982219246,28.362000000000002,-20.95498570966598,55.07327939726709,88.61900666761218,0.010479439541510741
2024-09-17 05:04:54.137924+00:00,0.984429312,28.744,-20.954985397229805,55.07327916823929,88.6210273947395,0.010479440585411937
2024-09-17 05:14:58.905166+00:00,0.984256592,28.982,-20.954938365931145,55.07324469247724,89.15173459476513,0.010479441450658638
2024-09-17 05:24:48.973356+00:00,0.986801274,29.282,-20.954892477742526,55.07321105465909,90.09722279063965,0.010479442076926412
2024-09-17 05:24:53.427266+00:00,0.989345956,29.582,-20.95489213137262,55.07321080075654,90.10593536029882,0.010479442702732465
2024-09-17 05:34:53.976359+00:00,0.9905093019999999,29.806,-20.954845428109305,55.073176565457096,91.49140832378241,0.010479443432540009
2024-09-17 05:34:58.216247+00:00,0.99279603,29.945999999999998,-20.95484509838337,55.07317632375523,91.50265397933362,0.010479444164136436
2024-09-17 05:54:52.474946+00:00,0.99589771,30.062,-20.954752223747224,55.073108243052644,95.44406941635076,0.010479444866324312
2024-09-17 05:54:56.927094+00:00,0.998807752,30.034,-20.954751877514347,55.073107989250545,95.46152816160169,0.010479445701962388
2024-09-17 06:04:57.172248+00:00,1.001717794,30.006,-20.954705197887627,55.073073771277635,97.99040750975927,0.010479446506345731
2024-09-17 06:14:55.801640+00:00,1.004762342,29.738,-20.954658643914854,55.073039645413935,100.840637952315,0.010479447237299044
2024-09-17 06:15:01.762656+00:00,1.00780689,29.47,-20.954658180340925,55.0730393055963,100.87057676940137,0.01047944789103655
2024-09-17 06:24:56.227859+00:00,1.007519094,29.006,-20.954611950207145,55.07300541711912,104.00150339358399,0.010479448622085946
2024-09-17 06:25:00.641505+00:00,1.004882894,28.538,-20.95461160696847,55.07300516551189,104.02579196452042,0.010479449332080445
2024-09-17 06:44:59.375684+00:00,1.00115737,28.084000000000003,-20.95451838428497,55.072936829677126,111.13976373431063,0.01047945003906565
2024-09-17 06:45:05.322732+00:00,0.997550654,27.877999999999997,-20.954517921797308,55.07293649065577,111.17746052914187,0.010479450823170072
2024-09-17 06:54:59.796635+00:00,0.9960279059999999,27.792,-20.954471690986956,55.07290260168263,115.05374849414608,0.010479451526998706
2024-09-17 06:55:04.106942+00:00,0.99702255,27.926,-20.954471355784708,55.072902355966406,115.08260868200506,0.010479452220673088
2024-09-17 07:05:04.267719+00:00,0.996701482,28.03,-20.95442468271979,55.07286814280356,119.19999232644915,0.009387009231341146
2024-09-17 07:05:08.765002+00:00,0.997469738,28.119999999999997,-20.954424332976863,55.072867886428455,119.23156139341776,0.011898504779408792
2024-09-17 07:15:03.822046+00:00,1.0012682,28.115999999999996,-20.954409473518474,55.07284393984124,120.28831591418128,0.014410000066797563
2024-09-17 07:15:08.857921+00:00,0.999672224,27.844,-20.954410505400592,55.072844104764684,120.17979812249608,0.016921495222013735
2024-09-17 07:25:08.615014+00:00,0.9980762479999999,27.571999999999996,-20.954533399358496,55.072863746634994,107.36778986408852,0.0194329902519535
2024-09-17 07:35:03.309440+00:00,0.9975233920000001,27.363999999999997,-20.954655255944502,55.072883222704434,94.94252782108387,0.023036928647205225
2024-09-17 07:35:07.566958+00:00,0.9969705360000001,27.156,-20.95465612833643,55.07288336213691,94.85483896498407,0.023036928418463352
2024-09-17 07:45:07.990578+00:00,0.9919814820000001,27.204,-20.95477915886986,55.072903025835785,82.72240231024806,0.02278441908110452
2024-09-17 07:45:12.135723+00:00,0.990302898,27.4,-20.954780008235865,55.07290316158808,82.64049945115752,0.019279826490870615
2024-09-17 08:15:11.248378+00:00,0.9898482080000001,27.548000000000002,-20.955129052521706,55.07295437263475,52.65065644929461,0.015775233876229644
2024-09-17 08:15:14.470968+00:00,0.9896661099999999,27.662,-20.955129018988618,55.072954205324166,52.64114160074395,0.012270641437554316
2024-09-17 08:25:09.000159+00:00,0.989047408,27.724,-20.95512283253646,55.07292333852848,50.96143696493957,0.00876604895834997
2024-09-17 08:25:16.042927+00:00,0.9898346979999999,27.624000000000002,-20.955122759252006,55.0729229728817,50.94247162960338,0.005513965780458474
2024-09-17 08:35:10.568660+00:00,0.9900035660000001,27.556,-20.95511657283583,55.07289210626555,49.425321641698595,0.005513965912549488
2024-09-17 08:35:13.597936+00:00,0.98894854,27.536,-20.955116541314297,55.07289194899144,49.41802890769593,0.005513966041127929
2024-09-17 08:55:12.372677+00:00,0.989379748,27.553999999999995,-20.955104067305122,55.072829710945655,46.91147892150288,0.0055139661724514935
2024-09-17 08:55:19.335500+00:00,0.9902475599999999,27.624000000000002,-20.955103994852546,55.07282934944948,46.89925017352876,0.005513966389784707
2024-09-17 09:05:14.290697+00:00,0.99172159,27.583999999999996,-20.955097803967526,55.07279846053639,45.96089046325151,0.005513966520741787
2024-09-17 09:05:16.996163+00:00,0.993814042,27.512,-20.955097775815442,55.072798320073865,45.9571145214511,0.005513966767143509
2024-09-17 09:35:17.356607+00:00,0.9952571219999999,27.401999999999997,-20.955079041926638,55.072704848872064,44.494815642741585,0.005513966991696271
2024-09-17 09:35:19.943524+00:00,0.9952139680000001,27.253999999999998,-20.95507901500813,55.072704714564374,44.49427345663225,0.005513967216161412
2024-09-17 09:45:22.135299+00:00,0.996914776,26.977999999999998,-20.95507274882194,55.07267344994227,44.492490451127466,0.005513967373675434
2024-09-17 09:45:24.723384+00:00,0.998009366,26.812,-20.95507272189128,55.072673315573944,44.49301757848605,0.005513967489542712
2024-09-17 10:05:20.869836+00:00,0.99874621,26.718,-20.955060275231112,55.0726112139838,45.22059802444197,0.005402317637234759
2024-09-17 10:05:23.422667+00:00,1.000132426,26.662,-20.95506024866729,55.0726110814458,45.223166981751305,0.00535927996128964
2024-09-17 10:15:18.731834+00:00,0.99960618,26.458,-20.955055242512557,55.07258318108074,45.791944426406396,0.005316242242871768
2024-09-17 10:15:26.169556+00:00,0.9973359720000001,26.381999999999998,-20.95505544658776,55.072583491386865,45.76812123840722,0.005273204510275488
2024-09-17 10:25:20.878882+00:00,0.995297992,26.262,-20.955071764141625,55.07260830300987,43.93592612608048,0.005230166694600977
2024-09-17 10:25:23.385476+00:00,0.992554588,25.99,-20.955071832917213,55.07260840758645,43.928520425428225,0.005298778637602303
2024-09-17 10:45:29.997316+00:00,0.989757788,25.742,-20.9551049397693,55.07265874814236,40.71176485499209,0.005298778330072577
2024-09-17 10:55:26.273821+00:00,0.988761924,25.604000000000003,-20.955121300323203,55.07268362514898,39.40918335425151,0.00529877793977507
2024-09-17 11:05:29.058206+00:00,0.98776606,25.466,-20.955137839439438,55.07270877366819,38.312843367559914,0.005298777503607967
2024-09-17 11:15:24.989279+00:00,0.986367252,25.324,-20.95515419051543,55.072733636263195,37.46584883199561,0.005298777152371899
2024-09-17 11:15:33.737508+00:00,0.9860316140000001,25.262,-20.955154430548156,55.072734001244456,37.45525508355025,0.005298776930936744
2024-09-17 11:25:28.452309+00:00,0.985372358,25.195999999999998,-20.955170748252236,55.072758813095874,36.86483829234662,0.00529877669650851
2024-09-17 11:25:29.514841+00:00,0.9848246279999999,25.168,-20.95517077740585,55.072758857425335,36.86401604702662,0.005298776478446738
2024-09-17 11:35:33.220070+00:00,0.985102554,25.148,-20.955187341788072,55.07278404436269,36.53439478175887,0.005298776285744945
2024-09-17 11:35:33.967166+00:00,0.9849304999999999,25.162,-20.955187362286793,55.07278407553198,36.53415855137169,0.005298776052057726
2024-09-17 11:45:27.968627+00:00,0.9847584460000001,25.176,-20.955203660418352,55.07280885762243,36.48204936494077,0.005298775396868913
2024-09-17 11:55:32.670271+00:00,0.98574938,25.176,-20.955220252140084,55.07283408613081,36.70719780340727,0.0052987751627218875
2024-09-17 11:55:32.729217+00:00,0.9867403140000001,25.176,-20.955220253757435,55.07283408859008,36.707233317108,0.005298775376761065
2024-09-17 12:05:37.276722+00:00,0.9854080999999999,25.3,-20.955236841249917,55.07285931066769,37.20783300300922,0.005280918841487453
2024-09-17 12:05:37.526626+00:00,0.9846965820000001,25.438,-20.955236848106754,55.07285932109383,37.20809556998592,0.005161829805261707
2024-09-17 12:15:32.431982+00:00,0.9849314079999999,25.562,-20.955252163579907,55.072884256582476,38.038705487163455,0.0050427413086680875
2024-09-17 12:15:32.639926+00:00,0.9838088239999999,25.546,-20.955252165852645,55.07288426568119,38.039282655826085,0.0049236524242644445
2024-09-17 12:25:37.462341+00:00,0.9821109079999999,25.55,-20.955258776309652,55.07291073005126,39.78438585235381,0.004804563075562993
2024-09-17 12:45:36.302464+00:00,0.9819104839999999,25.421999999999997,-20.955271879132717,55.07296318602493,43.58697925410613,0.004703330402173941
2024-09-17 13:05:43.378957+00:00,0.983373376,25.375999999999998,-20.955285071975872,55.07301600238594,47.78360764893294,0.004703330340300007
2024-09-17 13:05:45.182236+00:00,0.983889924,25.344,-20.95528509168496,55.073016081289495,47.790105935873335,0.0047033301281107255
2024-09-17 13:15:37.985214+00:00,0.9846984620000001,25.163999999999998,-20.955291570774527,55.07304201974184,49.95856570559922,0.0047033299356938636
2024-09-17 13:15:39.781407+00:00,0.986082332,24.964,-20.95529159040617,55.07304209833536,49.96522955317829,0.004703329766277608
2024-09-17 13:35:38.740366+00:00,0.9869606659999999,24.614,-20.95530469452806,55.07309455950877,54.52379358507135,0.004703329644913069
2024-09-17 13:35:46.869505+00:00,0.986175684,24.182,-20.955304783376164,55.07309491520415,54.55539075888311,0.0047033294398692175
2024-09-17 14:05:41.999268+00:00,0.9856405880000001,23.776,-20.955324403396556,55.073173462191164,61.71708421433371,0.004703329228106793
2024-09-17 14:05:49.648652+00:00,0.9846882939999999,23.566,-20.955324487001135,55.07317379689458,61.748294415303654,0.004703329015689478
2024-09-17 14:15:46.857388+00:00,0.983736,23.356,-20.955331014243804,55.07319992812353,64.20036373821776,0.004703328783781496
2024-09-17 14:25:48.789748+00:00,0.984138042,23.233999999999998,-20.95533759311371,55.0732262660375,66.70031054822766,0.004703328629668978
2024-09-17 14:25:51.546267+00:00,0.9848752620000001,23.072,-20.955337623241313,55.073226386650646,66.71181979535895,0.004703328488065335
2024-09-17 14:35:46.274419+00:00,0.9837925359999999,22.846,-20.95534412337223,55.07325240934015,69.20701517151335,0.004703328333607419
2024-09-17 14:45:50.963474+00:00,0.9836560000000001,22.712,-20.955350732371667,55.073278867874976,71.76683896497758,0.004703328179753766
2024-09-17 14:55:55.606760+00:00,0.9835194640000001,22.577999999999996,-20.955357340870865,55.07330532440715,74.34712810185349,0.004703328092269312
2024-09-17 15:05:50.432898+00:00,0.982238516,22.506,-20.955363842072728,55.07333135138409,76.90366288353171,0.005877250492885871
2024-09-17 15:05:55.973282+00:00,0.9800130360000001,22.381999999999998,-20.955363902626818,55.07333159380694,76.92755407945282,0.007926928915465986
2024-09-17 15:35:54.014346+00:00,0.979646292,22.302,-20.955199779395713,55.073280316761334,76.72506070892175,0.00997660777792916
2024-09-17 16:05:57.236135+00:00,0.979030002,22.216,-20.95497400801328,55.0731856335903,81.93429018635334,0.012026286686775526
2024-09-17 16:15:55.955962+00:00,0.9771304940000001,21.991999999999997,-20.954899045629894,55.07315419614198,85.4934872624675,0.014075966194691095
2024-09-17 16:16:01.991571+00:00,0.9746344539999999,21.796,-20.954898289944843,55.073153879225565,85.53338305568882,0.012562936899098274
2024-09-17 17:06:03.750101+00:00,0.972747768,21.692,-20.954522456435498,55.0729962635523,112.81771488028932,0.015617715861036214
2024-09-17 17:16:02.698619+00:00,0.9705456439999999,21.6,-20.95450625989939,55.07299583837525,114.47997263761529,0.01867249163439229
2024-09-17 17:16:08.528256+00:00,0.968120704,21.503999999999998,-20.954507650821927,55.072996651373586,114.36614283088437,0.021727264077389126
2024-09-17 17:56:06.030461+00:00,0.966787966,21.57,-20.955079682971366,55.07333100585694,87.35291452035484,0.022673388136357338
2024-09-17 18:06:10.868232+00:00,0.9663473719999999,21.608,-20.955223994267307,55.073415356236275,88.96542761093512,0.026439784666947196
2024-09-17 18:46:11.584394+00:00,0.9661303460000001,21.628,-20.955578100313367,55.07316379855045,59.93977438636523,0.024762616222131356
2024-09-17 18:46:18.548901+00:00,0.965940082,21.630000000000003,-20.955578985254633,55.07316268158902,59.84672726284485,0.023085449820747048
2024-09-17 18:56:13.228055+00:00,0.9647736380000002,21.616000000000003,-20.955654547833856,55.07306730747716,52.92050049433351,0.021408286188340196
2024-09-17 18:56:16.353461+00:00,0.96379821,21.578000000000003,-20.95565494496184,55.073066806227345,52.89012801526375,0.021839770030383336
2024-09-17 19:06:17.889104+00:00,0.963320454,21.554,-20.955731378757058,55.072970332477915,48.50071091568077,0.020135765654709363
2024-09-17 19:06:20.942639+00:00,0.96261913,21.548000000000002,-20.95573176675283,55.07296984275466,48.48649669914049,0.017275575928143005
2024-09-17 19:16:13.233957+00:00,0.961990066,21.538,-20.955777737356282,55.07291197372364,47.45105552287949,0.01441538709691526
2024-09-17 19:16:15.590688+00:00,0.9622832819999999,21.580000000000002,-20.955777634967085,55.07291210507734,47.45210470243305,0.011555199129420138
2024-09-17 19:26:17.903558+00:00,0.962851956,21.622,-20.95575146722257,55.07294567531919,47.9358798747816,0.008695011790047122
2024-09-17 19:56:20.870615+00:00,0.962863496,21.660000000000004,-20.955673136534845,55.07304616468806,51.79239626301834,0.007538826632079433
2024-09-17 20:06:25.526250+00:00,0.9631441000000001,21.694,-20.95564686700788,55.073079865505214,53.79752618573093,0.007538827713461725
2024-09-17 20:16:20.674391+00:00,0.963155246,21.742,-20.95562101053812,55.07311303641693,56.06379680210126,0.007538828800236134
2024-09-17 20:26:25.545552+00:00,0.9634431080000001,21.758,-20.955594731647544,55.07314674924654,58.6297349991786,0.007538829713906396
2024-09-17 20:36:28.658780+00:00,0.96327199,21.772,-20.955568529131117,55.07318036409679,61.419000701929505,0.0075388303344810035
2024-09-17 20:36:30.321446+00:00,0.963618958,21.788,-20.95556845689587,55.07318045676641,61.426980283977954,0.007538830954681895
2024-09-17 20:46:24.849147+00:00,0.9636968620000002,21.808,-20.9555426273814,55.07321359309755,64.37340372665135,0.007538831570022051
2024-09-17 20:56:27.657162+00:00,0.9633490419999999,21.812,-20.955516438125084,55.07324719093659,67.53354407648072,0.007538832112227382
2024-09-17 20:56:29.908528+00:00,0.9630012220000002,21.816,-20.955516340313505,55.07324731641773,67.54564253554508,0.007538832686955285
2024-09-17 21:16:26.393466+00:00,0.963059812,21.826,-20.955464358505143,55.07331400316932,74.24586883499668,0.007538833306473776
2024-09-17 21:16:28.727984+00:00,0.9626597779999999,21.823999999999998,-20.955464257080994,55.07331413328498,74.25942201194259,0.007538833859496082
2024-09-17 21:26:30.979944+00:00,0.9625677940000001,21.828,-20.955438091982742,55.073347700131976,77.80996690219958,0.0075388343306317385
2024-09-17 21:26:33.509182+00:00,0.962868516,21.851999999999997,-20.955437982098896,55.07334784110046,77.82509486146789,0.007538834872942306
2024-09-17 21:36:28.101901+00:00,0.963031906,21.866,-20.955412149759688,55.07338098105542,81.42741649747492,0.007538835477821903
2024-09-17 21:46:32.788736+00:00,0.9632800539999999,21.894,-20.955385878877227,55.073414683611524,85.17662578410098,0.00902064345444822
2024-09-17 22:06:31.713691+00:00,0.9634777019999999,21.872,-20.95533379106127,55.07348150635882,92.82472361256103,0.011413597278603643
2024-09-17 22:26:40.991730+00:00,0.9633673,21.844,-20.955183315575308,55.07354737490546,103.40060211335114,0.013806551308903767
2024-09-17 23:06:37.992685+00:00,0.9641957959999999,21.791999999999998,-20.95478048989767,55.073676303183575,135.41779806631666,0.013650377843735555
2024-09-17 23:06:42.322065+00:00,0.9644409279999999,21.733999999999998,-20.954779762327927,55.07367653604935,135.4833759646858,0.017984905296982396
2024-09-17 23:16:43.345996+00:00,0.9643784139999999,21.657999999999998,-20.954748587462543,55.07365615091353,135.7504411337435,0.020837624154825086
2024-09-17 23:26:38.036768+00:00,0.965231904,21.631999999999998,-20.954854255421,55.07353292939777,118.50759673809279,0.02277919483858003
2024-09-17 23:26:41.013994+00:00,0.965574328,21.594,-20.954854784431046,55.0735323125086,118.42136799004469,0.02472076185840923
2024-09-17 23:46:47.067649+00:00,0.9652080699999999,21.566,-20.955069082741243,55.073282414971146,83.6169575143336,0.029211455562993278
2024-09-17 23:56:41.635762+00:00,0.965693394,21.562,-20.955174728904957,55.07315921887067,66.62394255910023,0.029211446512777673
2024-09-17 23:56:43.788484+00:00,0.96627028,21.564,-20.955175111412586,55.07315877282089,66.56276872806075,0.029211436349771976
2024-09-18 00:06:46.269626+00:00,0.965824656,21.556,-20.955282163607254,55.07303393711966,49.61046696072698,0.029211426170286787
2024-09-18 00:16:50.941510+00:00,0.965890098,21.560000000000002,-20.955389605065083,55.072908647490884,33.278982071131686,0.029211419022065366
2024-09-18 00:26:45.592403+00:00,0.9660596160000001,21.588,-20.955495265937635,55.07278543423814,19.61576245215583,0.029211410629138512
2024-09-18 00:26:46.271692+00:00,0.965868202,21.622000000000003,-20.955495386637494,55.072785293487634,19.603510837010518,0.029211401583971668
2024-09-18 00:36:50.680150+00:00,0.965585226,21.65,-20.955602781288363,55.072660058441386,16.396247345125733,0.02921139366245894
2024-09-18 00:46:45.287022+00:00,0.965661716,21.712,-20.955708434339023,55.07253685430991,27.63343937129878,0.02921138687033593
2024-09-18 00:46:55.149795+00:00,0.9657382059999999,21.773999999999997,-20.95571018681129,55.072534810717016,27.87294273573677,0.02921137796169525
2024-09-18 00:56:49.749528+00:00,0.9663739440000001,21.787999999999997,-20.95581583859344,55.072411608064776,43.41712706785094,0.029910139351908997
2024-09-18 00:56:50.111264+00:00,0.967239728,21.788,-20.95581590286869,55.072411533112124,43.427004634355754,0.03719140997115535
2024-09-18 01:36:56.975861+00:00,0.9677974579999999,21.782,-20.95615053683522,55.073079553367855,90.94156723910403,0.04447268092065548
2024-09-18 01:36:57.335368+00:00,0.9681527280000001,21.752,-20.956150576987813,55.07307977643892,90.95801143419777,0.051753946638852674
2024-09-18 01:46:51.710159+00:00,0.9686654019999998,21.722,-20.95621696149191,55.07344858104554,121.41152438355302,0.05903521552128206
2024-09-18 01:46:51.761817+00:00,0.9685147519999999,21.716,-20.956216967261486,55.07344861309889,121.4143836568761,0.06561770379293612
2024-09-18 01:56:56.410360+00:00,0.9684609359999999,21.762,-20.956284499219898,55.073823792482926,156.340930008465,0.061659146915636745
2024-09-18 01:56:56.503317+00:00,0.968321088,21.824,-20.956284509602067,55.07382385016193,156.34647373463167,0.0542817396488937
2024-09-18 02:26:59.609390+00:00,0.9675501860000001,22.182,-20.956582222063155,55.074552915203064,237.80090024800592,0.04615170286530416
2024-09-18 02:37:04.378658+00:00,0.9666218799999999,22.54,-20.95672686305239,55.07461623509348,252.00966442559226,0.03963695629093726
2024-09-18 03:17:00.168640+00:00,0.966743038,22.984,-20.957201246471143,55.07488787081672,306.0804752251409,0.03312222374777181
2024-09-18 03:17:01.717179+00:00,0.9671084999999999,23.41,-20.95720089355465,55.074888187062676,306.08125265468954,0.030566031878213766
2024-09-18 03:27:06.086030+00:00,0.967868048,23.826,-20.95706315614431,55.07501161257807,307.0363733306968,0.0314286925984173
2024-09-18 03:37:08.449810+00:00,0.969346436,24.046,-20.95692587569554,55.075134628613455,309.2712489251746,0.03304399155871804
2024-09-18 03:37:10.817844+00:00,0.969556718,24.286,-20.956925336013725,55.0751351122185,309.28253078431976,0.033044003358632876
2024-09-18 03:57:09.394906+00:00,0.968737394,24.644,-20.956652176832367,55.075379888221335,317.42646174187513,0.029703955259874838
2024-09-18 04:07:13.992911+00:00,0.9675769320000001,24.968,-20.956514387197217,55.075503360535016,323.3025244101691,0.02756566976264932
2024-09-18 04:27:09.325693+00:00,0.966509536,25.47,-20.956351395624534,55.07543312583732,310.2979728966822,0.025427383394263325
2024-09-18 04:27:13.176142+00:00,0.9681456580000001,26.1,-20.95635105000211,55.07543238420853,310.21275175568246,0.02328909659720187
2024-09-18 04:37:17.639133+00:00,0.9716483,26.826,-20.956296792444824,55.07531595956775,296.8403586195566,0.0211508099284246
2024-09-18 04:57:16.659446+00:00,0.975131084,27.348000000000003,-20.95618916647879,55.07508501820103,270.3555731987078,0.022352583894705295
2024-09-18 05:37:18.304126+00:00,0.979460364,27.97,-20.955973591041136,55.07462244129661,217.53954012308648,0.02235259343795647
2024-09-18 05:37:24.222674+00:00,0.9845087720000001,29.047999999999995,-20.955973059782877,55.074621301334645,217.40990618551257,0.022352605046826287
2024-09-18 05:47:18.994133+00:00,0.986765876,29.897999999999996,-20.955919672152866,55.074506743364154,204.4000163051235,0.022352616488265094
2024-09-18 06:17:22.140783+00:00,0.989992322,30.631999999999998,-20.955757818848127,55.074159442199004,165.23569086518816,0.022352624875329234
2024-09-18 06:17:25.586004+00:00,0.993218768,31.365999999999996,-20.955757509599636,55.07415877862057,165.16138601432615,0.022352631315207212
2024-09-18 06:27:20.078976+00:00,0.9944348179999999,31.970000000000006,-20.95570414696706,55.07404427428902,152.37987247755987,0.02235263776305671
2024-09-18 06:27:26.943827+00:00,0.994838674,31.940000000000005,-20.95570353076715,55.07404295206116,152.23278618780876,0.022352642287754097
2024-09-18 06:37:21.724395+00:00,0.9958078619999998,31.858000000000004,-20.9556501423195,55.07392839233621,139.54104079247756,0.022352646968446348
2024-09-18 06:37:24.697867+00:00,0.996970312,31.762,-20.955649875415933,55.073927819620565,139.47787355394405,0.020962355260617658
2024-09-18 07:07:24.727981+00:00,0.996547116,31.784000000000002,-20.955488301856416,55.073581118726395,102.0107773135206,0.01723544322411396
2024-09-18 07:17:29.808819+00:00,0.9972116119999999,31.880000000000003,-20.955453746465047,55.07349935917227,93.50406656810011,0.013508530506646294
2024-09-18 07:27:34.654066+00:00,0.9997792579999999,32.162,-20.955453327820447,55.073477706873504,91.2567136522416,0.009781617142052279
2024-09-18 07:47:33.311629+00:00,1.001781572,32.495999999999995,-20.955452498167705,55.073434797233716,86.80323284140592,0.006054701438727407
2024-09-18 08:07:32.528388+00:00,1.005443268,33.17399999999999,-20.955451668127914,55.073391867575786,82.34802367825259,0.003718081729950641
2024-09-18 08:07:32.935923+00:00,1.01069061,33.733999999999995,-20.95545166784584,55.07339185298682,82.34650971196275,0.0037180818028574895
2024-09-18 08:37:35.397501+00:00,1.0146149740000001,34.17399999999999,-20.955450420269187,55.07332732832238,75.65097920271705,0.003718081815959974
2024-09-18 08:37:36.020234+00:00,1.0208657760000002,34.462,-20.95545041983816,55.07332730602973,75.64866615044679,0.004928781627172772
2024-09-18 08:47:40.111305+00:00,1.027116578,34.75,-20.955450001715565,55.07330568072902,73.40492572194856,0.015932251433424784
2024-09-18 09:17:43.603621+00:00,1.031038114,33.686,-20.955510886786204,55.0731489914217,57.32055664646049,0.026935711512871358
2024-09-18 09:17:43.766234+00:00,1.0272541780000002,31.73,-20.955510934385124,55.07314891485665,57.31308825737632,0.037939147636140313
2024-09-18 09:37:42.987560+00:00,1.024790474,29.872000000000003,-20.955861961951072,55.072584270975426,43.96730343461013,0.03988486590877022
2024-09-18 10:07:44.874240+00:00,1.016742658,28.068,-20.956389397447584,55.071735866876324,136.22681845605132,0.04878540570060705
2024-09-18 10:17:50.391817+00:00,1.0086948420000001,26.264,-20.956401778586187,55.071658584662536,142.63607344435167,0.04789319093718129
2024-09-18 10:57:46.499186+00:00,1.0006404100000001,25.48,-20.95553804346796,55.072502971053915,12.736464689749162,0.04700098830048997
2024-09-18 10:57:47.835766+00:00,1.0002914500000002,25.588,-20.955537561665192,55.07250344206371,12.664849109540253,0.046108814527004154
2024-09-18 11:07:51.215003+00:00,0.9988706820000001,25.704,-20.955320058959245,55.07271607244207,20.346689350497005,0.047222038329701094
2024-09-18 11:07:52.628813+00:00,0.998804438,25.732,-20.955319549317014,55.07271657066769,20.42304411652177,0.039276855162612714
2024-09-18 11:27:50.276184+00:00,0.9984274940000001,25.732,-20.955265388640104,55.072928046799746,40.85302197769866,0.03133165716309416
2024-09-18 11:27:51.313756+00:00,0.9969660320000001,25.733999999999998,-20.95526548319415,55.072928151106176,40.8563197098153,0.02338645559996989
2024-09-18 11:37:54.760045+00:00,0.995802332,25.653999999999996,-20.955320475327465,55.07298881517381,43.62520675787093,0.015441249262867001
2024-09-18 11:37:55.833755+00:00,0.9955516340000001,25.472,-20.955320573174774,55.072988923113165,43.63155117210889,0.0145483627102386
2024-09-18 11:48:00.676723+00:00,0.9953009359999999,25.29,-20.955375692587605,55.07304972758803,47.886643920532016,0.014548361685020869
2024-09-18 11:57:53.431349+00:00,0.9948461720000001,25.084,-20.955429710388366,55.073109316829644,53.150875434624986,0.01454836003738354
2024-09-18 11:57:55.365080+00:00,0.9943914079999999,24.877999999999997,-20.955429886609515,55.073109511226384,53.169484779843565,0.014548358868734387
2024-09-18 12:07:58.038737+00:00,0.9934011220000001,24.785999999999998,-20.955484808332752,55.073170097621784,59.33598901524443,0.01454835722401531
2024-09-18 12:08:00.034950+00:00,0.9926485959999999,24.766,-20.955484990247882,55.07317029829979,59.35750165153737,0.01454835586581332
2024-09-18 12:18:02.762552+00:00,0.991685236,24.695999999999998,-20.955539916887165,55.07323089011829,66.11673401797927,0.014548354340641622
2024-09-18 12:18:04.620185+00:00,0.991236642,24.677999999999997,-20.95554008617349,55.07323107686494,66.138295532374,0.01454835287677295
2024-09-18 12:27:56.961912+00:00,0.99062988,24.639999999999997,-20.95559406634671,55.07329062459807,73.19878932145431,0.014548351498491336
2024-09-18 12:27:59.178954+00:00,0.98988513,24.55,-20.955594268386008,55.073290847475874,73.2258418733654,0.014548349856637494
2024-09-18 12:38:01.460635+00:00,0.98914038,24.46,-20.95564915438843,55.07335139446619,80.71661096811448,0.01454834821834318
2024-09-18 12:47:58.157874+00:00,0.9885604560000001,24.406,-20.95570353147999,55.07341138005614,88.36882516478677,0.014548346573662529
2024-09-18 12:48:06.254847+00:00,0.9879805320000001,24.351999999999997,-20.955704269358126,55.07341219403964,88.4739690564652,0.014548345030028557
2024-09-18 12:58:00.887574+00:00,0.987941274,24.31,-20.95575845831046,55.07347197208554,96.2757429938299,0.01454834338410906
2024-09-18 12:58:02.893623+00:00,0.988277764,24.288,-20.95575864112195,55.07347217375236,96.3023085331384,0.014548342083123073
2024-09-18 13:08:05.431217+00:00,0.988858316,24.240000000000002,-20.95581355044575,55.07353274646944,104.34489451753966,0.014548340688759898
2024-09-18 13:08:07.461246+00:00,0.988846326,24.098,-20.955813735442543,55.073532950546955,104.37218794512442,0.014548338765759084
2024-09-18 13:18:10.049695+00:00,0.988518702,23.906,-20.955868649400784,55.07359352837647,112.52391531220016,0.014548336013817054
2024-09-18 13:38:10.945930+00:00,0.98780858,23.722,-20.955978087219922,55.073714253703194,129.01017390667315,0.014548333259451127
2024-09-18 13:58:06.993915+00:00,0.9869671280000001,23.5,-20.956087083217444,55.07383449163845,145.65823512232473,0.01454833016983724
2024-09-18 13:58:09.985008+00:00,0.985881614,23.304,-20.956087355796132,55.073834792331134,145.70008922595824,0.01454832711226869
2024-09-18 14:08:11.730627+00:00,0.98503331,23.222,-20.956142192947166,55.07389528543148,154.13897440952513,0.014276901456925986
2024-09-18 14:08:14.813741+00:00,0.984283406,23.2,-20.956142473911715,55.07389559537495,154.18230260935186,0.016080079507630584
2024-09-18 14:28:14.106767+00:00,0.983533502,23.178,-20.95616714147329,55.07374555163678,142.26438109545705,0.017883257735848784
2024-09-18 14:38:15.772686+00:00,0.982875738,23.174,-20.95616054515018,55.07360919936394,130.20945622339846,0.019686436816130103
2024-09-18 14:38:18.890045+00:00,0.9822179739999999,23.169999999999998,-20.956160510973227,55.073608492893875,130.14811134403675,0.02148961650409092
2024-09-18 14:48:10.319538+00:00,0.98172491,23.15,-20.956154026876472,55.07347446044655,118.75870298091725,0.02356421952841193
2024-09-18 14:48:13.863618+00:00,0.98144908,23.119999999999997,-20.956153988021192,55.07347365727095,118.69209135955622,0.02356422009162836
2024-09-18 14:58:15.112370+00:00,0.9817520080000002,23.092,-20.956147396271664,55.073337399538424,107.73298650523739,0.023564220820665477
2024-09-18 14:58:18.607688+00:00,0.982094126,23.084,-20.956147357950986,55.07333660741352,107.6714658801565,0.023564221432430765
2024-09-18 15:08:13.375238+00:00,0.982541702,23.05,-20.95614083725767,55.07320181848051,97.65132542568297,0.022613494971463532
2024-09-18 15:08:19.849858+00:00,0.9832259180000001,23.026,-20.956140766273617,55.07320035117259,97.54766296887989,0.031538769969581555
2024-09-18 15:18:15.005616+00:00,0.984028666,22.97,-20.956163120223536,55.0733054726659,106.6615488648156,0.040464042332763975
2024-09-18 15:18:18.585722+00:00,0.984252656,22.912,-20.956163459499226,55.07330779544471,106.85492905933208,0.049389311593149396
2024-09-18 15:28:19.720835+00:00,0.983687976,22.844,-20.95622042723466,55.073697812922624,141.56725239617484,0.058314578634149426
2024-09-18 15:28:23.130515+00:00,0.9833595840000001,22.806,-20.956220750359588,55.073700025128694,141.7737068966884,0.06819056739971421
2024-09-18 15:38:17.631564+00:00,0.983681934,22.758,-20.956277089405084,55.074085738414745,178.751250360006,0.06819054972687559
2024-09-18 15:48:22.494755+00:00,0.983347008,22.716,-20.95633441043907,55.074478174676024,217.67898356430862,0.06819052946499086
2024-09-18 15:58:17.290523+00:00,0.9831300879999999,22.716,-20.956390777414157,55.07486407917608,256.66593475430335,0.06292558306332177
2024-09-18 16:08:27.174260+00:00,0.983649224,22.73,-20.956448574229928,55.07525977277612,297.07938775644544,0.049359606211875705
2024-09-18 16:18:26.852818+00:00,0.9838199839999999,22.746,-20.956484082410274,55.075498541205135,321.6352462729128,0.03579363441862882
2024-09-18 16:28:21.508979+00:00,0.982872764,22.808,-20.95648583011492,55.07549941505746,321.7885702612693,0.02222766768891013
2024-09-18 16:38:26.560393+00:00,0.982937794,22.896,-20.9564876083714,55.0755003041857,321.94464622831083,0.008661706031887127
2024-09-18 16:58:25.444466+00:00,0.9828848180000002,22.942,-20.95649113191224,55.07550206595612,322.254117454756,0.0003606735932305921
2024-09-18 17:08:30.440645+00:00,0.9828452859999999,22.952,-20.956492910006382,55.075502955003195,322.4103941633502,0.006219968844636339
2024-09-18 17:08:33.150458+00:00,0.982615472,22.926,-20.95649291797057,55.07550295898529,322.41109429771706,0.014085955267096833
2024-09-18 17:28:30.210019+00:00,0.982852896,22.863999999999997,-20.956282763057107,55.075245581958576,289.41060656396746,0.021951943690653335
2024-09-18 17:38:34.965692+00:00,0.9825512279999999,22.788,-20.9561404743018,55.075071751691205,267.4739657570145,0.029817934357463383
2024-09-18 17:38:36.086438+00:00,0.9820063400000001,22.718,-20.956140210609277,55.07507142954528,267.43364182328185,0.037683929218612564
2024-09-18 17:48:29.834212+00:00,0.9815006220000001,22.68,-20.956000511825863,55.07490076337548,246.27230683218826,0.039690630174428074
2024-09-18 17:58:34.730975+00:00,0.9813362380000001,22.686,-20.95585818987446,55.07472689255334,225.2052924740343,0.03833297130884189
2024-09-18 17:58:35.200958+00:00,0.981171854,22.692,-20.955858079295435,55.07472675746199,225.18915308501587,0.03295697393890005
2024-09-18 18:18:34.069853+00:00,0.9800409919999999,22.718,-20.955634456919725,55.074431870804844,191.2359510519879,0.027580973298176308
2024-09-18 18:18:34.248598+00:00,0.9795337180000001,22.784,-20.955634450596733,55.074431849818524,191.23371366853237,0.022204969254880365
2024-09-18 18:28:39.123186+00:00,0.9793154919999999,22.866,-20.95561305354833,55.07436083195628,183.66979700346792,0.016828964720812276
2024-09-18 19:08:37.133604+00:00,0.9786963240000001,22.934,-20.955528225476506,55.0740792833891,153.86401157475834,0.012810629169669113
2024-09-18 19:18:41.905554+00:00,0.978077156,23.002000000000002,-20.95550683205886,55.07400827757751,146.4067564802394,0.012810629978483567
2024-09-18 19:28:44.822968+00:00,0.978102898,23.026,-20.955485504244216,55.07393748950554,139.00397398504015,0.012810632618756233
2024-09-18 19:28:46.686118+00:00,0.977748272,23.003999999999998,-20.955485438336492,55.07393727075455,138.98115187089402,0.012810634885997162
2024-09-18 19:58:47.948246+00:00,0.977439706,22.977999999999998,-20.955421719850527,55.07372578594721,117.1123571230662,0.012810636536740508
2024-09-18 19:58:50.034208+00:00,0.97738766,22.951999999999998,-20.955421646060966,55.07372554103601,117.0873003008961,0.012810637867298613
2024-09-18 20:08:42.718148+00:00,0.977479608,22.96,-20.955400680248868,55.07365595446839,109.9996745320532,0.011735301942203357
2024-09-18 20:08:45.194109+00:00,0.977833804,23.002,-20.955400592663352,55.073655663767724,109.97020709802119,0.009192642436129855
2024-09-18 20:18:50.629424+00:00,0.978188,23.044,-20.95538820381134,55.07361440070193,105.80030686142435,0.006649982492306287
2024-09-18 20:28:45.283554+00:00,0.9778713700000001,23.084000000000003,-20.955388456031024,55.073614888326645,105.84845727192955,0.004107322328163007
2024-09-18 20:28:52.145818+00:00,0.977580968,23.128000000000004,-20.95538845894162,55.0736148939538,105.84901298153804,0.0015646621519746304
2024-09-18 20:38:50.791910+00:00,0.977146572,23.137999999999998,-20.955388712854475,55.07361538485198,105.8974965864428,9.733934682179563e-05
2024-09-18 20:48:50.908186+00:00,0.9772450240000001,23.148000000000003,-20.955388967390903,55.07361587695575,105.94610916006518,9.733934700719717e-05
2024-09-18 20:48:55.415018+00:00,0.977389662,23.152,-20.955388969302454,55.07361588065141,105.94647427386164,9.733933328356341e-05
2024-09-18 20:58:50.328985+00:00,0.9778700180000002,23.146000000000004,-20.95538922163235,55.073616368489205,105.99467527578211,9.733932642855225e-05
2024-09-18 21:08:49.666537+00:00,0.978462282,23.136,-20.955389475838484,55.0736168599544,106.04324450610962,0.0014511986759871889
2024-09-18 21:08:55.265343+00:00,0.9790545460000001,23.125999999999998,-20.95538947821319,55.0736168645455,106.04369826961815,0.004103252457797924
2024-09-18 21:18:49.960090+00:00,0.979817806,23.112000000000002,-20.95538880743943,55.07357754583023,101.98112044318168,0.006755306254237146
2024-09-18 21:18:55.045900+00:00,0.9805348799999999,23.104,-20.955388794333658,55.07357689176281,101.91357200401593,0.009407359975771568
2024-09-18 21:28:49.826244+00:00,0.9802467260000001,23.046,-20.95538726162648,55.07350039923702,94.01768456446555,0.012059413820657155
2024-09-18 21:28:54.529682+00:00,0.979820436,22.988,-20.955387249506053,55.073499794345075,93.95527790757365,0.013357608270438897
2024-09-18 21:48:53.535286+00:00,0.9799328300000001,22.954,-20.955384159752818,55.07334559461738,78.0684840191946,0.013357608423702688
2024-09-18 21:48:58.637840+00:00,0.980472564,22.875999999999998,-20.955384146603897,55.07334493839658,78.00098809608767,0.013357608603084787
2024-09-18 22:18:56.478411+00:00,0.9810122980000001,22.798,-20.95537951369501,55.073113724692845,54.32238410821548,0.013357608882572976
2024-09-18 22:38:59.327796+00:00,0.981519652,22.712,-20.95537641403662,55.07295903063054,38.712145860018666,0.013357609089753452
2024-09-18 22:39:05.428575+00:00,0.982027006,22.625999999999998,-20.955376398315344,55.072958246031654,38.63392666057694,0.013357609426811162
2024-09-18 23:09:02.249883+00:00,0.9828102160000001,22.466,-20.955371768033025,55.07272716341164,16.99249346946979,0.013357609633697504
2024-09-18 23:09:08.715775+00:00,0.982587148,22.357999999999997,-20.955371751370876,55.07272633185689,16.92611088411059,0.013357609873892517
2024-09-18 23:29:01.240733+00:00,0.981169268,22.253999999999998,-20.955368678317814,55.07257296558141,11.240122037351178,0.013357610028696325
2024-09-18 23:29:07.632377+00:00,0.980788996,22.208,-20.955368661846993,55.072572143575414,11.26273710277245,0.013357610085254601
2024-09-18 23:39:06.018541+00:00,0.9803170680000001,22.146,-20.955367119847875,55.0724951873183,15.461675574256834,0.013357610132452855
2024-09-18 23:39:12.493798+00:00,0.9790896740000001,22.134,-20.955367103161592,55.0724943545592,15.523418802340515,0.013357610229478723
2024-09-18 23:49:07.388180+00:00,0.977488328,22.110000000000003,-20.955365570160552,55.07241784736739,21.92191989081741,0.013357610252102803
2024-09-18 23:59:12.184350+00:00,0.9770817940000001,22.082,-20.955364011643297,55.07234006674284,29.21664840134059,0.0133576105455733
2024-09-19 00:09:06.796321+00:00,0.9766356979999999,22.066000000000003,-20.95536247937001,55.072263595870886,36.70998336065485,0.01201327302474461
2024-09-19 00:09:08.652420+00:00,0.9758614879999999,22.052,-20.95536247458697,55.072263357164765,36.7336695985912,0.009374940465592025
2024-09-19 00:19:11.873977+00:00,0.975199502,22.002,-20.955362139827418,55.07222480995685,40.56198171236557,0.006736607879112534
2024-09-19 00:29:16.650414+00:00,0.974911468,21.964,-20.955363018761023,55.07222502969026,40.51217810127873,0.004098275938963563
2024-09-19 00:49:15.756730+00:00,0.974341412,21.924,-20.955364761446045,55.07222546536151,40.41398664402692,0.001459943114231246
2024-09-19 00:49:15.822904+00:00,0.9744473539999999,21.864,-20.955364761542217,55.07222546538556,40.413981245426946,0.0001659481580763289
2024-09-19 00:59:20.580327+00:00,0.9749730660000001,21.817999999999998,-20.95536564044819,55.072225685112045,40.36474089427106,0.0001659481815990218
2024-09-19 01:09:14.222765+00:00,0.975334284,21.792,-20.955366503200533,55.072225900800134,40.3165900229304,0.0028376997735393714
2024-09-19 01:09:14.896644+00:00,0.975695502,21.766,-20.955366504179896,55.07222590104497,40.316535468205856,0.007714359586850095
2024-09-19 01:19:18.739048+00:00,0.9757687479999999,21.71,-20.955399808901635,55.072295997727686,32.33426043465576,0.012591019003325002
2024-09-19 01:19:20.086829+00:00,0.975172512,21.676,-20.955399942704922,55.07229628232928,32.30207568821499,0.01746767685911511
2024-09-19 01:29:14.937072+00:00,0.974451324,21.660000000000004,-20.955458997485543,55.072421892733985,18.412105705627777,0.022344332348565164
2024-09-19 01:39:19.603927+00:00,0.973670322,21.684,-20.955519026827186,55.072549576044594,7.751181321593064,0.023263076515552313
2024-09-19 01:59:18.151491+00:00,0.97288932,21.708000000000002,-20.955638014697296,55.07280266503013,28.455390236200284,0.01842173406714185
2024-09-19 02:19:23.925089+00:00,0.9722776699999999,21.78,-20.955725824746267,55.07299087112567,49.85358895777231,0.013580392678407707
2024-09-19 02:19:26.810885+00:00,0.971699066,21.838,-20.955725816662646,55.07299086716469,49.85273393002112,0.008739052854283644
2024-09-19 02:29:21.281273+00:00,0.971577606,21.971999999999998,-20.955724151446546,55.072990051208805,49.67670496120281,0.0038977153686956755
2024-09-19 02:29:28.313978+00:00,0.970779254,22.272,-20.955724131746702,55.07299004155588,49.67462376509936,0.00034253763766559694
2024-09-19 02:39:26.022316+00:00,0.969980902,22.571999999999996,-20.95572245746054,55.072989221155666,49.497851953349205,0.0003425376287603103
2024-09-19 02:59:24.467903+00:00,0.9710879819999999,22.93,-20.955719100403698,55.07298757619781,49.14406658512965,0.0003425376291542703
2024-09-19 02:59:30.934368+00:00,0.9721950620000002,23.288,-20.955719082289992,55.072987567322095,49.142160055008375,0.000342537634353742
2024-09-19 03:09:25.331729+00:00,0.973383748,23.594,-20.955717417278457,55.072986751466445,48.96702270936166,0.012869264625557014
2024-09-19 03:09:29.145465+00:00,0.975302336,23.709999999999997,-20.95571740659551,55.0729867462318,48.965899714443175,0.03454560244492001
2024-09-19 03:19:30.017842+00:00,0.976791174,23.87,-20.955846475135097,55.07332393225715,86.30721387749693,0.05622192587726103
2024-09-19 03:19:34.258817+00:00,0.977327732,23.998,-20.955848053841844,55.073328038316845,86.76498100797116,0.07789822169095337
2024-09-19 03:29:29.044423+00:00,0.97786429,24.125999999999998,-20.956069463311458,55.07390390239111,151.16618100670996,0.09957450356350364
2024-09-19 03:39:28.559700+00:00,0.978032804,24.226,-20.956292633405365,55.07448434567456,216.24036921086343,0.1087240445257508
2024-09-19 03:39:33.668682+00:00,0.978912924,24.356,-20.956294535228455,55.07448929212782,216.79519928545014,0.10872394692716798
2024-09-19 03:49:28.097318+00:00,0.980471194,24.541999999999998,-20.956515811815677,55.07506481058816,281.36669212510964,0.10305327926343835
2024-09-19 03:59:32.714962+00:00,0.981476954,24.686,-20.95674088127022,55.075650193920275,347.06672313045,0.08133233898860512
2024-09-19 04:19:32.256266+00:00,0.9826477480000001,24.834,-20.957070666943338,55.07650884382324,443.4402632069094,0.05961141267170296
2024-09-19 04:19:35.246849+00:00,0.983343378,24.971999999999998,-20.95707066375831,55.076508844242326,443.440160618512,0.03789050028323185
2024-09-19 04:29:36.822977+00:00,0.9848924099999999,25.11,-20.957070023067846,55.0765089285437,443.4195295942691,0.016169615626918397
2024-09-19 04:39:41.345320+00:00,0.986193042,25.148,-20.95706937923961,55.07650901325795,443.3988082679965,0.0001193154344864911
2024-09-19 04:49:36.063591+00:00,0.986846306,25.18,-20.957068745852904,55.0765090965983,443.3784335023777,0.00011931545995063021
2024-09-19 04:49:38.229340+00:00,0.987334536,25.208,-20.957068743546337,55.076509096901795,443.37835932377095,0.00011931547527081923
2024-09-19 04:59:40.675449+00:00,0.9882450119999999,25.259999999999998,-20.95706810192933,55.076509181325086,443.3577304692654,0.00011931547519995662
2024-09-19 04:59:42.706073+00:00,0.98555385,25.454,-20.957068099766676,55.076509181609644,443.3576609548171,0.007167852640977454
2024-09-19 05:09:45.321288+00:00,0.982816012,25.782,-20.95706745796957,55.07650926605663,443.3370370454628,0.019112225810093492
2024-09-19 05:19:40.378471+00:00,0.9807255419999998,26.116000000000003,-20.95693604432629,55.07636345189277,423.66618386770756,0.031056603993911767
2024-09-19 05:29:45.068679+00:00,0.9810836500000001,26.588,-20.956710317572483,55.07611243858269,390.158527786092,0.04300098645815841
2024-09-19 05:29:45.987858+00:00,0.981448922,27.032,-20.95670997444919,55.076112057021746,390.10795747703446,0.054945375154948975
2024-09-19 05:39:39.491323+00:00,0.982796776,27.410000000000004,-20.956488423630695,55.07586568744719,357.72859352646236,0.05984122976032942
2024-09-19 05:39:40.327157+00:00,0.985716004,27.764,-20.95648811161949,55.075865340483595,357.68341328926516,0.05984125770775493
2024-09-19 05:49:44.151639+00:00,0.988635232,28.118000000000002,-20.956262708035307,55.07561468654553,325.4141866912477,0.05984129505776768
2024-09-19 05:59:48.800391+00:00,0.987642946,28.438,-20.95603699675679,55.07536369044433,294.0031605815387,0.05984132300361904
2024-09-19 05:59:48.956567+00:00,0.9879022340000001,28.912,-20.956036938457302,55.07536362561396,293.9951890747177,0.053837881752507165
2024-09-19 06:09:43.588789+00:00,0.98921557,29.28,-20.955814966281476,55.075116787480425,264.2977299090119,0.04189783317124058
2024-09-19 06:19:47.909844+00:00,0.9884824100000001,29.676,-20.95570241078597,55.07499189201191,249.8551482990012,0.029957775271007753
2024-09-19 06:19:48.928107+00:00,0.9878820700000001,30.291999999999994,-20.955702411160054,55.074991893335586,249.85528935362333,0.018017702966927288
2024-09-19 06:29:53.670849+00:00,0.988744666,30.804000000000002,-20.95570263332676,55.074992679463925,249.93906183860707,0.006077635739718877
2024-09-19 06:39:46.706662+00:00,0.988667238,31.308,-20.955702851192644,55.074993450373974,250.0212136053667,0.00014103152399301053
2024-09-19 06:39:48.166030+00:00,0.9903847259999999,31.974,-20.955702851728777,55.07499345227106,250.02141576894786,0.00014103156395404228
2024-09-19 06:49:53.001009+00:00,0.992624012,32.501999999999995,-20.955703073929367,55.0749942385193,250.10520306186916,0.0001410315568587943
2024-09-19 06:59:47.840443+00:00,0.995036928,32.854,-20.955703292457855,55.07499501177395,250.18760667737152,0.0001410315568513049
2024-09-19 06:59:55.558749+00:00,0.9982824880000001,33.22,-20.955703295293358,55.07499502180727,250.18867590715996,0.00415799815775743
2024-09-19 07:09:52.689017+00:00,1.000081438,33.426,-20.955703514663437,55.07499579803986,250.27139788036826,0.010736649942706284
2024-09-19 07:19:54.339386+00:00,1.0000854719999999,33.470000000000006,-20.955676944580674,55.074882115674576,238.22739122314024,0.01731530266457486
2024-09-19 07:29:52.196427+00:00,1.0017322180000001,33.446,-20.955633799602325,55.074697618436225,218.71014464988698,0.023893958067689108
2024-09-19 07:29:59.023980+00:00,1.003072514,33.378,-20.95563330688482,55.074695511469855,218.48749816317044,0.030472616104897488
2024-09-19 07:59:55.145101+00:00,1.001146088,33.43599999999999,-20.955503687926477,55.07414123283149,160.1977074163025,0.03303430853656904
2024-09-19 08:00:01.755158+00:00,1.0003547220000002,33.507999999999996,-20.955503210904805,55.074139192983885,159.98460742741588,0.03303431678719919
2024-09-19 08:09:56.433431+00:00,1.0021364259999999,33.638,-20.95546029532556,55.07395567670562,140.87883408929804,0.029484735038199428
2024-09-19 08:09:59.752634+00:00,1.002275418,33.836,-20.955460055791804,55.07395465240757,140.77261137857366,0.0229470588233222
2024-09-19 08:19:54.894306+00:00,1.0017727520000002,33.952,-20.955439746722444,55.073869783403055,131.99206786516777,0.01640937996795794
2024-09-19 08:20:00.996755+00:00,1.0037041640000002,33.928000000000004,-20.95543973437136,55.0738697679642,131.99049641118185,0.009871700137402767
2024-09-19 08:29:55.510363+00:00,1.005408788,33.87,-20.95543853110231,55.073868263877884,131.8374742776595,0.0033340192839663085
2024-09-19 08:29:59.566406+00:00,1.004238672,33.967999999999996,-20.955438522893058,55.073868253616325,131.83643078330007,0.00034592749378951784
2024-09-19 08:49:58.554456+00:00,1.0030685560000001,34.066,-20.955436096194674,55.07386522024334,131.52826131637866,0.0003459274996168348
2024-09-19 09:00:03.267075+00:00,1.006699192,34.076,-20.95543487228328,55.073863690354095,131.37305779567856,0.003128183299149255
2024-09-19 09:00:08.191670+00:00,1.0103298280000002,34.086,-20.955434862316118,55.07386367789515,131.37179448018594,0.00829471645615119
2024-09-19 09:30:01.455539+00:00,1.01251131,33.524,-20.95539408151359,55.073621367697285,106.46967952747126,0.013461250024873073
2024-09-19 09:30:06.683303+00:00,1.014994462,32.748000000000005,-20.955393870095236,55.07362006934649,106.33703824884425,0.018627783871740734
2024-09-19 09:40:06.124517+00:00,1.017504996,31.810000000000002,-20.955369627823593,55.07347119403783,91.21034026963457,0.023794318672302816
2024-09-19 09:40:11.277354+00:00,1.015856436,31.042,-20.955369419435403,55.07346991429569,91.08114011333689,0.02617859847926668
2024-09-19 10:00:04.931422+00:00,1.0135974840000002,30.54,-20.955321146334594,55.07317346217729,61.81098670973303,0.026178601378911048
2024-09-19 10:00:10.483784+00:00,1.013014474,30.644,-20.955320921789028,55.07317208321037,61.67936960835141,0.026178604297857316
2024-09-19 10:10:09.749130+00:00,1.010694554,31.154000000000003,-20.95529668662975,55.07302325157976,47.94272317970844,0.02490646516127818
2024-09-19 10:10:15.173665+00:00,1.008347252,31.826,-20.95529646725369,55.073021904359535,47.82386260407421,0.022022739540840837
2024-09-19 10:20:10.476263+00:00,1.0050232239999999,30.518000000000008,-20.955276510734006,55.07291031903686,38.63546249848838,0.01913901346193253
2024-09-19 10:20:14.437465+00:00,1.002309588,28.944,-20.95527641273306,55.072909882876324,38.60354969142007,0.016255287350074626
2024-09-19 11:00:11.970733+00:00,0.99928679,27.384000000000004,-20.95521709727319,55.07264589499057,28.188671905647876,0.013371560942178526
2024-09-19 11:00:17.932886+00:00,0.997454698,25.442,-20.955216949768317,55.07264523850911,28.193139723328866,0.009855873779789522
2024-09-19 11:10:16.781725+00:00,0.995826568,23.482,-20.95520213412645,55.07257930038805,29.499907542189213,0.008402132497352735
2024-09-19 11:20:17.869992+00:00,0.995175164,23.502000000000002,-20.955200670365553,55.07256643219519,29.78431505424155,0.006948390864149595
2024-09-19 11:30:15.917490+00:00,0.9936084220000001,23.406,-20.955208579546035,55.07259087285947,28.72456705703479,0.005494648790908699
2024-09-19 11:30:22.738186+00:00,0.9923508419999999,23.296,-20.955208669749766,55.07259115160379,28.71370426864053,0.004040906567178903
2024-09-19 11:40:17.573613+00:00,0.9881857700000001,23.214,-20.9552165364506,55.07261546099898,27.879775437757583,0.00449126683639037
2024-09-19 11:40:20.794680+00:00,0.983816736,23.150000000000002,-20.95521657904922,55.072615592635714,27.875888741685845,0.004491266735847102
2024-09-19 11:50:15.684356+00:00,0.9832177480000001,23.188,-20.955224446467497,55.07263990424793,27.280390093105535,0.00449126661644767
2024-09-19 11:50:22.456984+00:00,0.983534098,23.342,-20.95522453603553,55.07264018102783,27.275042503598957,0.004491266524775184
2024-09-19 12:00:17.295006+00:00,0.9831130979999999,23.442,-20.955232402770676,55.072664490529064,26.93553538298689,0.004491266400797837
2024-09-19 12:00:20.615038+00:00,0.98608016,23.434,-20.955232446678114,55.07266462621024,26.934372089101213,0.008279190896973897
2024-09-19 12:10:25.521649+00:00,0.9858429479999999,23.444,-20.955240446570393,55.07268934718884,26.860083767455176,0.013530162552666192
2024-09-19 12:30:21.803357+00:00,0.9816386999999999,23.342000000000002,-20.95533025946,55.07294156589806,38.675760271017886,0.018781126770949307
2024-09-19 13:30:30.009233+00:00,0.977546796,23.226,-20.95568731952132,55.07393915898143,141.30557270925533,0.024032088854681288
2024-09-19 13:40:32.169972+00:00,0.9736199679999998,23.163999999999998,-20.955746908014273,55.07410564376889,159.51986023720386,0.029283048848747162
2024-09-19 13:50:36.832724+00:00,0.969817542,23.168,-20.955806744100887,55.074272820310334,177.8721215600697,0.030746082131627828
2024-09-19 14:00:31.637881+00:00,0.9692193899999999,23.154,-20.955865604701742,55.07443727143399,195.96910119889645,0.030746067119242687
2024-09-19 14:10:36.255602+00:00,0.9688847199999999,23.131999999999998,-20.95592543633217,55.074604435525266,214.397832130437,0.031014421527857917
2024-09-19 14:10:37.375484+00:00,0.968030676,23.107999999999997,-20.95592554715321,55.074604745149095,214.43199186166868,0.03148037061562874
2024-09-19 14:20:31.463933+00:00,0.967748906,23.084,-20.95600524061719,55.07476728531078,232.97891500622848,0.031946321227413955
2024-09-19 14:30:36.319502+00:00,0.9678887020000001,23.042,-20.956098969824644,55.074931739602754,252.2246881249823,0.032412271547308455
2024-09-19 14:30:36.472089+00:00,0.968028498,23.0,-20.956098993469727,55.07493178108967,252.22955818579942,0.03287821792753112
2024-09-19 14:40:41.073480+00:00,0.967833334,22.95,-20.95619268328938,55.075096166273056,271.5770997383263,0.033075804452176165
2024-09-19 14:40:41.097938+00:00,0.967979176,22.922,-20.956192687079422,55.07509617292294,271.5778843107259,0.03307579393343011
2024-09-19 14:50:35.834701+00:00,0.967893374,22.928,-20.956284848263508,55.075257876010895,290.6956077890722,0.03307577951688539
2024-09-19 15:10:44.811282+00:00,0.967327238,22.942,-20.95647219285044,55.07558658487589,329.758751743314,0.03307576731145014
2024-09-19 15:20:38.441531+00:00,0.96696483,22.96,-20.956564182567647,55.075747987113495,349.0161453482705,0.033075757412243015
2024-09-19 15:20:39.502617+00:00,0.96687089,23.004,-20.95656434699495,55.07574827561242,349.05060466962334,0.03307574479110378
2024-09-19 15:30:43.102557+00:00,0.9664611840000001,23.048000000000002,-20.956657881628452,55.075912388511114,368.67229284581464,0.03307573427590803
2024-09-19 15:30:44.305241+00:00,0.9664809140000001,23.048000000000002,-20.956658067997957,55.07591271550913,368.71142615459513,0.03307572526416243
2024-09-19 15:40:48.999258+00:00,0.9664488139999999,23.032,-20.95675177217108,55.07607712587667,388.40377188004925,0.03307571347572073
2024-09-19 15:50:43.884479+00:00,0.966212986,23.011999999999997,-20.95684395636037,55.07623886932882,407.80596006835236,0.033075702566922674
2024-09-19 16:00:46.447937+00:00,0.965378432,22.997999999999998,-20.9569373303793,55.07640270041829,427.48410206527177,0.03307569118536611
2024-09-19 16:00:48.628774+00:00,0.9651341959999999,23.016,-20.956937668324624,55.076403293366425,427.5553648621758,0.028841816357124673
2024-09-19 16:10:42.933574+00:00,0.9648367280000001,23.048,-20.95702976257114,55.07656487900784,446.98574492301657,0.026205952135350895
2024-09-19 16:30:52.602337+00:00,0.9645910899999999,23.095999999999997,-20.956900841764686,55.07655147701244,440.3121947745792,0.023570091157867255
2024-09-19 16:40:47.875671+00:00,0.9636807959999999,23.146,-20.956802604361314,55.07650739570282,432.1737728650791,0.02093423222106599
2024-09-19 16:40:53.894746+00:00,0.963369228,23.19,-20.956801611038966,55.07650694997697,432.09235669793384,0.01829837463521081
2024-09-19 16:50:48.678837+00:00,0.962847952,23.218,-20.956703454374935,55.07646290489689,424.1367896407191,0.019896383031281765
2024-09-19 16:50:52.694391+00:00,0.962338298,23.272,-20.956702791691793,55.076462607536214,424.0836944336254,0.0198963842111184
2024-09-19 17:00:47.636477+00:00,0.962011034,23.362,-20.95660460895399,55.07641855075626,416.31174644454785,0.021167490271699986
2024-09-19 17:10:52.449116+00:00,0.9623484259999999,23.45,-20.956504797288016,55.07637376303997,408.61087147491406,0.023472856100344622
2024-09-19 17:20:52.563997+00:00,0.9627253280000001,23.538,-20.956412059783155,55.07625906315573,394.3268020109541,0.02577822307579546
2024-09-19 17:20:57.117329+00:00,0.963294,23.61,-20.95641138319698,55.07625789111374,394.18944971866114,0.028083592609910158
2024-09-19 17:30:51.743158+00:00,0.9637064900000001,23.652,-20.956323026886093,55.07610483255232,376.2891006845201,0.0303889632150178
2024-09-19 17:40:51.344074+00:00,0.964311436,23.668,-20.95623393131987,55.07595049338787,358.3201073571115,0.03142322994754974
2024-09-19 17:40:56.521870+00:00,0.964916382,23.684,-20.95623316194367,55.07594916060685,358.16532825186675,0.031423238154648724
2024-09-19 17:50:55.903776+00:00,0.9653563219999999,23.708000000000002,-20.95614409892046,55.07579487781628,340.29804880984415,0.031423246302894316
2024-09-19 17:51:01.376256+00:00,0.96662587,23.742,-20.956143285756752,55.075793469182685,340.1353976124588,0.03244079741224065
2024-09-19 18:00:56.194360+00:00,0.967094618,23.718,-20.956054900875454,55.07564036112909,322.51400753642895,0.03644913115772445
2024-09-19 18:20:55.758696+00:00,0.967301094,23.67,-20.955813961983598,55.075306700930675,283.8051550194012,0.040457470160740736
2024-09-19 18:31:00.659030+00:00,0.9672661760000001,23.578000000000003,-20.955608549525845,55.07510299472567,260.49209197406384,0.04446581425245085
2024-09-19 18:41:05.332323+00:00,0.9673567540000001,23.478,-20.955403214166836,55.07489936497899,238.974545159831,0.04847415993540875
2024-09-19 18:50:59.926744+00:00,0.9661310439999999,23.362000000000002,-20.955201301397903,55.07469912939274,220.0666628646105,0.05146496350836669
2024-09-19 18:51:02.666368+00:00,0.965706134,23.304000000000002,-20.955200371074586,55.07469820679713,219.98563418725317,0.05146498607567453
2024-09-19 19:01:04.536532+00:00,0.9650758180000001,23.274,-20.954995987604015,55.074495521032055,203.77442519778654,0.05146500550650648
2024-09-19 19:01:07.176850+00:00,0.9646868959999999,23.288000000000004,-20.954995091003088,55.074494631878714,203.71084308170822,0.05146502164126594
2024-09-19 19:11:01.670751+00:00,0.9642434879999999,23.336000000000002,-20.954793212368784,55.07429443014356,191.32361976023665,0.051465038166209134
2024-09-19 19:11:09.225191+00:00,0.96409617,23.384,-20.954790647027046,55.07429188611076,191.19255183283232,0.051465054406255394
2024-09-19 19:21:03.993560+00:00,0.963849536,23.442,-20.954588675188685,55.07409159194574,183.18355779149275,0.051465070764931176
2024-09-19 19:21:06.312707+00:00,0.9636957340000001,23.485999999999997,-20.9545878876512,55.07409081094991,183.1616555975637,0.05146508728084529
2024-09-19 19:31:08.632038+00:00,0.9637191359999999,23.54,-20.954383351652254,55.07388797392343,180.0802148294776,0.051465103553526445
2024-09-19 19:31:10.848787+00:00,0.963797024,23.56,-20.954382598887136,55.073887227411134,180.0786321530324,0.05146511984248979
2024-09-19 19:41:03.255446+00:00,0.96353212,23.588,-20.954181429039853,55.07368772857548,182.23332783725357,0.0514651359922627
2024-09-19 19:41:05.304386+00:00,0.9633665319999999,23.606,-20.954180733259435,55.07368703857454,182.24958684820257,0.05146515323015414
2024-09-19 19:51:08.080988+00:00,0.9632660019999999,23.636000000000003,-20.95397604198008,55.073484047557486,189.53612536914716,0.05146517234974516
2024-09-19 19:51:09.939428+00:00,0.963963308,23.65,-20.953975410889726,55.07348342170926,189.5660078611684,0.04587075576373982
2024-09-19 20:11:06.932076+00:00,0.9646606139999999,23.664,-20.95356893533025,55.07308032252748,216.8700927358997,0.04431990972877755
2024-09-19 20:21:12.262869+00:00,0.965375832,23.580000000000002,-20.953672150361523,55.07299945446199,203.8416902035345,0.04276906028273237
2024-09-19 20:21:13.529185+00:00,0.96609105,23.496000000000002,-20.953672645101847,55.07299939553857,203.78658627711135,0.041218206295144305
2024-09-19 20:31:08.004933+00:00,0.966922466,23.318,-20.95390490238696,55.07297173376637,177.9348835109827,0.039667346952986446
2024-09-19 20:31:16.926612+00:00,0.9667788419999999,23.145999999999997,-20.953908388021006,55.07297131862842,177.54720703379522,0.043710920096654435
2024-09-19 20:41:11.820803+00:00,0.965789294,22.932,-20.95414080878871,55.0729436373855,151.72366887406648,0.043710919467681186
2024-09-19 20:41:12.894658+00:00,0.965124626,22.808,-20.95414122833592,55.072943587417555,151.67710986954643,0.04371092024715987
2024-09-19 20:51:16.589211+00:00,0.9644412599999999,22.663999999999998,-20.95437708733997,55.07291549668173,125.54762481474482,0.04371091998080888
2024-09-19 20:51:17.507744+00:00,0.9635766379999999,22.601999999999997,-20.95437744620408,55.07291545394112,125.50795072390804,0.043710920383394115
2024-09-19 21:01:11.273640+00:00,0.962193222,22.535999999999998,-20.954609426155194,55.072887825199324,99.94105427301604,0.04371092017186605
2024-09-19 21:01:12.631053+00:00,0.96165573,22.512,-20.95460995648648,55.07288776203703,99.88283437247453,0.04371091962105428
2024-09-19 21:11:15.963512+00:00,0.9606382840000001,22.496000000000002,-20.954845674023144,55.072859688149926,74.1806620458818,0.03891140753330566
2024-09-19 21:11:17.529868+00:00,0.9596395359999998,22.5,-20.954846285986857,55.07285961526524,74.11454745088399,0.03278002842186316
2024-09-19 21:21:12.737211+00:00,0.9584303499999999,22.506,-20.954937535322152,55.07280286672021,62.542353196379025,0.026648648366157678
2024-09-19 21:21:21.409612+00:00,0.957739958,22.516000000000002,-20.954937822744174,55.072801820841235,62.475586917845035,0.020517269221619363
2024-09-19 21:31:15.826229+00:00,0.957371888,22.52,-20.954957522989194,55.07273013506139,58.24238554854513,0.01438588997068566
2024-09-19 21:31:17.304558+00:00,0.9579567659999999,22.516000000000002,-20.9549575719842,55.07272995677705,58.2327627933331,0.013054020818946873
2024-09-19 21:41:20.627613+00:00,0.958089542,22.491999999999997,-20.954977567407724,55.07265719689374,54.73406996417042,0.013054019657911647
2024-09-19 21:51:15.905436+00:00,0.958432756,22.466,-20.95499729619496,55.072585407253705,52.22487939775774,0.01305401773987445
2024-09-19 22:01:19.807994+00:00,0.9585865080000001,22.422,-20.95501731082447,55.07251257748313,50.77967919685566,0.01305401645631056
2024-09-19 22:01:20.447260+00:00,0.958417938,22.383999999999997,-20.955017332011113,55.072512500388605,50.778776038983054,0.013054014932724118
2024-09-19 22:11:24.639758+00:00,0.957715432,22.375999999999998,-20.95503735624986,55.0724396356517,50.537765370451716,0.013054013972489346
2024-09-19 22:11:25.209439+00:00,0.957465028,22.387999999999998,-20.95503737513031,55.07243956694901,50.53811842448445,0.013054012663249187
2024-09-19 22:21:19.980990+00:00,0.956317988,22.351999999999997,-20.955057087138606,55.072367838364634,51.494640284381646,0.013054012663512485
2024-09-19 22:21:20.306513+00:00,0.9553604099999999,22.334,-20.955057097927135,55.07236779910704,51.49547945353712,0.013054012466912318
2024-09-19 22:31:24.730740+00:00,0.9558822079999999,22.276,-20.955077129845876,55.07229490642396,53.61479854532049,0.013054012070048412
2024-09-19 22:31:25.132952+00:00,0.95544608,22.104,-20.955077143176048,55.07229485791777,53.61656753300958,0.013054011110395872
2024-09-19 22:41:29.661919+00:00,0.9550099519999999,21.932,-20.955097178566092,55.07222195260322,56.76408381893489,0.01305401063323138
2024-09-19 22:51:23.522072+00:00,0.9563689459999999,21.806,-20.9551168603687,55.07215033393211,60.7019677435344,0.013054009672486608
2024-09-19 22:51:24.267457+00:00,0.957604546,21.656,-20.95511688507236,55.07215024403976,60.70737193118432,0.013054007948255128
2024-09-19 23:01:28.215762+00:00,0.956151586,21.486,-20.955136901218015,55.07207740875221,65.41588837857886,0.013054006669497195
2024-09-19 23:11:33.054189+00:00,0.955717494,21.4,-20.955156946864236,55.07200446611721,70.7004583357648,0.013054007170858908
2024-09-19 23:21:27.270675+00:00,0.9564503099999999,21.298000000000002,-20.95517664047648,55.07193280447287,76.3325162722533,0.01305400607589514
2024-09-19 23:21:27.506981+00:00,0.9551086119999999,21.146,-20.955176648308175,55.071932775974695,76.33483014585251,0.013054004797234165
2024-09-19 23:31:31.831385+00:00,0.9538903080000001,21.018,-20.95519667691856,55.071859895330135,82.41763238722042,0.013054003671939202
2024-09-19 23:41:26.677825+00:00,0.9535992819999999,20.956,-20.95521639140884,55.07178815771426,88.68334444599147,0.013054002712618673
2024-09-19 23:41:36.156128+00:00,0.953308256,20.894,-20.955216705540185,55.0717870146447,88.78510040902837,0.013054000360615894
2024-09-19 23:51:30.694316+00:00,0.9506743999999999,20.904,-20.95523640981433,55.07171531420356,95.27186685823519,0.01305399939986325
2024-09-19 23:51:31.415353+00:00,0.9488688159999998,21.056,-20.955236433711047,55.07171522724754,95.27984949411156,0.013053998439575118
2024-09-20 00:01:36.225758+00:00,0.947063232,21.208,-20.95525647842855,55.07164228799198,102.06160010250652,0.013053997504873622
2024-09-20 00:11:29.613265+00:00,0.94582257,21.422,-20.95527614456665,55.071570726321305,108.86125191743585,0.012993580398975347
2024-09-20 00:11:30.761405+00:00,0.944581908,21.636,-20.955276182618476,55.07157058785729,108.8745310624468,0.013646842721290558
2024-09-20 00:21:34.841223+00:00,0.944763508,21.832,-20.95523007661461,55.07151522051581,115.57810055104304,0.014300105714297507
2024-09-20 00:21:35.712785+00:00,0.945292864,21.938,-20.955229965805497,55.071515152074184,115.58782738803752,0.014953369125907171
2024-09-20 00:31:39.386957+00:00,0.9455636399999999,22.074,-20.955153215557203,55.071467747019504,122.53632094399696,0.015606632994306053
2024-09-20 00:31:40.329911+00:00,0.9455514,22.142,-20.95515309567142,55.071467672971636,122.54748605511458,0.016320312912093862
2024-09-20 00:41:33.624826+00:00,0.9450054339999999,22.232,-20.95507766502664,55.0714210829746,129.74395156971875,0.016320314023223623
2024-09-20 00:41:35.007986+00:00,0.944213128,22.284,-20.955077489173732,55.071420974358446,129.76110670390898,0.01632031524798866
2024-09-20 00:51:38.304054+00:00,0.9430497680000001,22.369999999999997,-20.955000786997036,55.07137359899535,137.3931669998427,0.016320316395700897
2024-09-20 00:51:39.773925+00:00,0.9421449880000001,22.426,-20.95500060011978,55.07137348356997,137.41210564295392,0.01632031774155704
2024-09-20 01:01:42.871935+00:00,0.942474812,22.488,-20.954923923123918,55.0713261237599,145.30870453646463,0.01632031926546984
2024-09-20 01:01:44.307333+00:00,0.9433383619999999,22.528,-20.954923740629503,55.071326011041606,145.3277821416737,0.0163203200104794
2024-09-20 01:11:37.397462+00:00,0.944365056,22.582,-20.954848336020937,55.07127943712592,153.31362671908434,0.016515308388609252
2024-09-20 01:11:39.020369+00:00,0.9457628039999999,22.601999999999997,-20.95484812968694,55.07127930968302,153.33574653018843,0.018541631313543132
2024-09-20 01:21:42.496144+00:00,0.9473576959999999,22.622,-20.954878868623727,55.07118433990808,160.78986203185625,0.02056795246707977
2024-09-20 01:21:44.345855+00:00,0.9478433800000001,22.630000000000003,-20.954879140183685,55.07118396915587,160.81276386032775,0.022594271793059
2024-09-20 01:31:38.722835+00:00,0.948881774,22.628,-20.95496640191246,55.07106483348119,168.74664747366856,0.02462058926611921
2024-09-20 01:41:43.241700+00:00,0.949757024,22.612000000000002,-20.95505515259263,55.07094366498833,177.88153367626637,0.026451917750157976
2024-09-20 01:51:45.116907+00:00,0.94975241,22.588,-20.9551435151518,55.07082302638477,187.88946153031196,0.02645191069424807
2024-09-20 01:51:47.846859+00:00,0.9495506519999999,22.564,-20.95514391594177,55.070822479198924,187.936713338198,0.026451903906193584
2024-09-20 02:01:42.572948+00:00,0.949183238,22.556,-20.955231228923964,55.070703273549576,198.58888869225459,0.02645189810165649
2024-09-20 02:01:49.504850+00:00,0.9482631140000001,22.558,-20.955232246611004,55.07070188413369,198.71702246680013,0.026451893175579038
2024-09-20 02:11:43.790847+00:00,0.9481559660000001,22.586000000000002,-20.955319494982383,55.07058276669544,210.0069630585123,0.023926345437515532
2024-09-20 02:11:47.159431+00:00,0.948928682,22.622000000000003,-20.955319989531244,55.07058209150354,210.0725811016795,0.023965957757583454
2024-09-20 02:21:48.926612+00:00,0.949799224,22.668,-20.955374422367996,55.07063705089954,203.9890977273044,0.02400557049743741
2024-09-20 02:21:52.163657+00:00,0.950710026,22.704,-20.95537462016275,55.07063785421265,203.9046804087795,0.024045183737128856
2024-09-20 02:31:43.406259+00:00,0.951487556,22.764,-20.955410747150697,55.07078457844184,188.51404817890455,0.024084797260774646
2024-09-20 02:31:46.928066+00:00,0.95145211,22.798000000000002,-20.955410962345415,55.070785452422214,188.42255330749455,0.026649953910042868
2024-09-20 02:41:47.954146+00:00,0.951400878,22.866,-20.955447687138037,55.07093460454355,172.84527646338634,0.026649950892784557
2024-09-20 02:41:51.956493+00:00,0.9512518200000001,22.924,-20.955447931695417,55.0709355977759,172.74181420081644,0.026649947846632466
2024-09-20 02:51:46.337915+00:00,0.9501564819999999,23.048,-20.95548425047622,55.0710831009424,157.4242476615202,0.026649944621971837
2024-09-20 02:51:52.325979+00:00,0.9491944159999999,23.148000000000003,-20.955484616367844,55.0710845869552,157.27045854310782,0.026649941767958464
2024-09-20 03:01:46.758953+00:00,0.949650808,23.288,-20.95552093829867,55.07123210291503,142.06747488705923,0.026649938743923997
2024-09-20 03:01:50.950810+00:00,0.950122986,23.394,-20.955521194435782,55.07123314317669,141.9607615175713,0.02664993558228444
2024-09-20 03:11:51.282489+00:00,0.9508337179999999,23.479999999999997,-20.95555787679808,55.07138212297375,126.76692860595232,0.031061918845273297
2024-09-20 03:11:55.590902+00:00,0.9524907300000001,23.5,-20.955558140057157,55.07138319216018,126.65860320851135,0.037155082620597635
2024-09-20 03:21:50.861814+00:00,0.9541231699999999,23.496000000000002,-20.955666036240824,55.071637400094254,102.28183754745001,0.043248242821037626
2024-09-20 03:21:56.688562+00:00,0.9543371520000001,23.452,-20.955667348050746,55.071640280761144,102.0216151554095,0.049341399895951724
2024-09-20 03:31:51.247815+00:00,0.9547379639999999,23.552,-20.955801204661864,55.071934222970846,78.40944723926486,0.05543455327416279
2024-09-20 03:31:55.597088+00:00,0.954900222,23.672,-20.95580218383922,55.07193637319378,78.2647672919428,0.057115716348813614
2024-09-20 03:41:55.837921+00:00,0.9544251280000001,23.768,-20.955937319577767,55.072233124301306,64.65977467914033,0.057115695651927326
2024-09-20 03:42:00.305362+00:00,0.9539746060000001,23.887999999999998,-20.955938325358932,55.072235332944835,64.61599652797764,0.05711567496176817
2024-09-20 03:51:54.935659+00:00,0.9530844420000001,24.136000000000003,-20.956072197964627,55.0725293102778,67.70577439289555,0.05711565385457671
2024-09-20 03:52:00.529423+00:00,0.952007448,24.240000000000002,-20.956073457321537,55.072532075760584,67.81497511809683,0.05711563288236603
2024-09-20 04:01:54.991728+00:00,0.953109972,24.312,-20.956207292106193,55.0728259700405,85.64610093547707,0.057115612346889985
2024-09-20 04:01:59.531523+00:00,0.954849848,24.407999999999998,-20.95620831417685,55.072828214454915,85.8197116323266,0.05711559143047068
2024-09-20 04:11:54.101252+00:00,0.9558091559999999,24.446,-20.956342173146496,55.07312216184383,111.4709155522515,0.053227271597522344
2024-09-20 04:11:59.486114+00:00,0.9572081060000001,24.356,-20.956343385472046,55.073124824048165,111.72348863342106,0.04738505046725683
2024-09-20 04:21:54.516097+00:00,0.9587853579999999,24.752,-20.956385438736284,55.073335957601195,127.63385817460728,0.041542834191802505
2024-09-20 04:21:59.104048+00:00,0.958183092,25.18,-20.95638529232229,55.073337180496736,127.69701325448818,0.035700622685065485
2024-09-20 04:41:58.115355+00:00,0.9576066879999999,25.686,-20.956347028611162,55.07365677099501,147.12054236675095,0.029858415769859044
2024-09-20 04:42:03.286247+00:00,0.957810852,26.25,-20.95634686359394,55.07365814927055,147.21522684397814,0.027904512109057405
2024-09-20 04:51:57.776052+00:00,0.9600419419999999,26.932,-20.956327891807735,55.07381660757027,158.60004075281168,0.027904514449422813
2024-09-20 04:52:02.872190+00:00,0.9620947299999999,27.127999999999997,-20.956327729176113,55.0738179659205,158.7016002119219,0.027904516486081228
2024-09-20 05:02:02.551031+00:00,0.9637868339999999,27.429999999999996,-20.95630859179366,55.07397780733196,171.0573434692102,0.02790451822847293
2024-09-20 05:02:07.558559+00:00,0.965453076,27.653999999999996,-20.956308431989825,55.073979142063614,171.1636507967584,0.027904519732914978
2024-09-20 05:12:02.298083+00:00,0.9684410079999999,27.796,-20.956289452234408,55.074137666924706,184.1076633802934,0.028219194039513305
2024-09-20 05:12:07.023184+00:00,0.9694020139999999,27.82,-20.956289301443594,55.07413892637681,184.21284611486928,0.028788061755104156
2024-09-20 05:22:02.071736+00:00,0.970074922,27.786,-20.956233665887424,55.074296993255935,195.8564060250632,0.02935693042424798
2024-09-20 05:22:07.287329+00:00,0.970006308,27.651999999999997,-20.956233056428616,55.07429839302273,195.957792988371,0.029925801024234554
2024-09-20 05:32:11.911875+00:00,0.9699376940000001,27.518,-20.956162404106117,55.07446066284844,208.21441654915392,0.030494672811918533
2024-09-20 05:42:06.433808+00:00,0.970163922,27.512,-20.956092932306465,55.07462022132328,221.12965853648086,0.030748872519661945
2024-09-20 05:42:10.528200+00:00,0.9703901500000001,27.506,-20.956092453863587,55.074621320180896,221.22122756175742,0.030748879583019743
2024-09-20 05:52:05.399380+00:00,0.9714352639999999,27.564,-20.95602294125327,55.0747809723871,234.8632722584437,0.030748886681492872
2024-09-20 05:52:11.165831+00:00,0.9735825840000001,27.615999999999996,-20.956022267424935,55.07478251999379,234.99860509615863,0.030748892452039787
2024-09-20 06:02:05.880702+00:00,0.976841004,27.624000000000002,-20.955952773079826,55.07494213024962,249.23890635000689,0.030748898280799342
2024-09-20 06:02:10.030224+00:00,0.9784828919999999,27.586000000000002,-20.955952288194847,55.07494324390304,249.34012015194097,0.03074890433603663
2024-09-20 06:12:10.611602+00:00,0.978877966,27.53,-20.955882108329533,55.075104428618715,264.23034000347724,0.027066063993563233
2024-09-20 06:12:14.696245+00:00,0.978742252,27.468,-20.955881631025854,55.075105524859886,264.3331561210228,0.025939636052927723
2024-09-20 06:22:09.052529+00:00,0.979160226,27.351999999999997,-20.955865708190696,55.07503701382902,257.0196498204099,0.02481320706026338
2024-09-20 06:22:15.737382+00:00,0.9784670999999999,27.28,-20.95586572775908,55.07503539703755,256.8546584119682,0.02368677685091986
2024-09-20 06:32:10.335421+00:00,0.978245512,27.194,-20.95586746830924,55.074891588185594,242.19516158738972,0.022560345147909465
2024-09-20 06:32:13.795629+00:00,0.980727922,27.18,-20.95586747843821,55.07489075130332,242.10995034727932,0.02511675867849439
2024-09-20 06:42:08.417724+00:00,0.983210332,27.166000000000004,-20.955869219058787,55.074746936633254,227.48584214744173,0.025116758407707763
2024-09-20 06:52:12.820580+00:00,0.982985562,27.152000000000005,-20.955870988310316,55.0746007563986,212.66547520991304,0.02511675822967776
2024-09-20 06:52:19.480958+00:00,0.98186359,27.168,-20.95587100780705,55.07459914552667,212.50244159600496,0.0251167578715898
2024-09-20 07:02:14.231133+00:00,0.98027008,27.198,-20.955872748802555,55.074455299879276,197.97268394575786,0.025116757720708854
2024-09-20 07:12:11.683125+00:00,0.9784855379999999,27.192,-20.955874497707015,55.07431080077326,183.44299501217063,0.025467533644903055
2024-09-20 07:12:18.653166+00:00,0.9767009959999999,27.186,-20.95587451811022,55.07430911500651,183.27394067554897,0.027181385610279447
2024-09-20 07:22:13.782815+00:00,0.9746957180000001,27.22,-20.95575309487183,55.07422659040299,171.98076309315212,0.028895237965133325
2024-09-20 07:22:16.707635+00:00,0.975037948,27.266,-20.955752252737952,55.074226295360454,171.93334362788892,0.030609091135745625
2024-09-20 07:32:18.441918+00:00,0.9750980479999999,27.362000000000002,-20.955578997347178,55.07416559514194,163.1526620510997,0.03232294503059766
2024-09-20 07:42:23.344271+00:00,0.9738919960000001,27.439999999999998,-20.955404829784293,55.074104575342915,156.4904522488061,0.03368602354913216
2024-09-20 07:52:18.073395+00:00,0.972858814,27.516,-20.955233591366163,55.074044581773,152.33231671511257,0.0336860262770046
2024-09-20 07:52:19.330997+00:00,0.97419986,27.606,-20.955233229268906,55.07404445491182,152.3261954897698,0.033686028788767
2024-09-20 08:02:22.670543+00:00,0.976009874,27.645999999999997,-20.95505951167996,55.073983592761664,150.73988557323946,0.03368603105035143
2024-09-20 08:02:23.994776+00:00,0.9767000939999999,27.76,-20.955059130397878,55.07398345917906,150.73939937961245,0.0308298728721282
2024-09-20 08:12:27.648954+00:00,0.9786707979999999,27.792,-20.954885322217983,55.07392256529027,151.88796702597912,0.02744290096605616
2024-09-20 08:22:22.655774+00:00,0.980468632,27.826,-20.95481366781473,55.07384208997006,148.10993080204813,0.024055905319753688
2024-09-20 08:32:27.490058+00:00,0.980928022,27.803999999999995,-20.954801119839264,55.07374545022921,140.18255514813146,0.02066893332505426
2024-09-20 08:32:27.507708+00:00,0.979468138,27.790000000000003,-20.954801119473096,55.07374544740913,140.18232796013822,0.01728195919288971
2024-09-20 08:42:22.117185+00:00,0.978338924,27.688,-20.954788783622885,55.07365044137642,132.68175177848184,0.016751146654373446
2024-09-20 08:42:22.211968+00:00,0.9759292260000001,27.668,-20.954788781656504,55.073650426232106,132.68058196360192,0.016751146332647265
2024-09-20 08:52:26.497281+00:00,0.974748462,27.75,-20.954776245070068,55.07355387420523,125.40938815979072,0.01675117078290785
2024-09-20 08:52:26.968242+00:00,0.974906142,27.887999999999998,-20.954776235299448,55.073553798955636,125.40387545124918,0.016751171299720632
2024-09-20 09:02:31.109349+00:00,0.97449391,28.095999999999997,-20.954763701704724,55.07345726996981,118.55366816925385,0.01675117375039723
2024-09-20 09:02:31.690158+00:00,0.975152932,28.268,-20.95476368965518,55.073457177168805,118.54730773845571,0.01675117404603807
2024-09-20 09:12:25.591554+00:00,0.9775289239999999,28.427999999999997,-20.954751368494918,55.073362284272505,112.29637230511418,0.016751176146785667
2024-09-20 09:12:26.390621+00:00,0.978675982,28.486,-20.954751351917366,55.0733621565985,112.28832130137253,0.016751177742399887
2024-09-20 09:52:33.073223+00:00,0.9801188099999999,28.162,-20.95470142254821,55.07297761956235,93.74766955577037,0.016751179415869955
2024-09-20 09:52:35.030645+00:00,0.9821315499999999,27.768,-20.954701381939266,55.07297730680766,93.73815420984174,0.01675118093628311
2024-09-20 10:02:29.717961+00:00,0.984176494,27.845999999999997,-20.954689044474197,55.072882288337944,91.34772041653963,0.01675118297031857
2024-09-20 10:02:37.649974+00:00,0.9845044680000001,27.936,-20.95468887991556,55.07288102096983,91.32275746919251,0.01675118413013165
2024-09-20 10:22:36.472309+00:00,0.986039916,27.968,-20.954664008982075,55.07268947448706,89.75857507062024,0.016751184997713404
2024-09-20 10:22:38.522129+00:00,0.987279594,28.381999999999998,-20.95466396645623,55.07268914696915,89.75972487162232,0.016751186005241184
2024-09-20 10:32:33.013691+00:00,0.9864121539999999,28.758,-20.9546516330523,55.072594159776784,90.64316597005784,0.016751186951147506
2024-09-20 10:32:41.010496+00:00,0.984427496,28.766000000000002,-20.954651467149482,55.07259288205627,90.66244704524705,0.016751187908047922
2024-09-20 10:42:35.478671+00:00,0.987762858,28.788,-20.95463913423074,55.07249789860064,92.62852970989202,0.016751189076461472
2024-09-20 10:52:42.052670+00:00,0.989890746,28.868000000000002,-20.95462655016291,55.07240098089012,95.66698418311974,0.01675119012748616
2024-09-20 11:02:36.381275+00:00,0.9846155,28.778,-20.95461422013971,55.07230601973486,99.56416393554237,0.016751191037857417
2024-09-20 11:02:44.268111+00:00,0.9862646960000001,28.406,-20.95461405651832,55.07230475958505,99.62154430145911,0.015817136314434044
2024-09-20 11:12:38.711884+00:00,0.988998906,27.93,-20.95460172410583,55.07220978002837,104.3377712817633,0.01487125102028487
2024-09-20 11:52:46.283807+00:00,0.986064522,27.35,-20.954725200559057,55.07196285351123,105.6580907278326,0.013925365370586454
2024-09-20 11:52:48.817351+00:00,0.9831301379999999,26.77,-20.954725341156923,55.07196260178815,105.66223600472351,0.01297947942542784
2024-09-20 12:02:40.858619+00:00,0.9873574359999999,26.233999999999998,-20.954758196217206,55.0719037788672,106.86478317384805,0.01203359310710914
2024-09-20 12:02:43.530037+00:00,0.98676741,26.018,-20.954758344466335,55.07190351344547,106.87125288151876,0.012021762109189297
2024-09-20 12:12:45.454356+00:00,0.9864090799999999,25.788,-20.95479174798203,55.07184370858296,108.56165986111212,0.012021761239748796
2024-09-20 12:12:48.331794+00:00,0.9855031540000001,25.552,-20.954791907664138,55.0718434226919,108.57083574379918,0.012021760057764074
2024-09-20 12:22:43.034030+00:00,0.9845972279999999,25.316000000000003,-20.954824910393636,55.07178433538749,110.68318634092326,0.012021758823362079
2024-09-20 12:32:44.102687+00:00,0.9840594319999999,25.156,-20.95485826642475,55.07172461554024,113.23754069922455,0.012021757638798283
2024-09-20 12:32:47.659011+00:00,0.9835216360000001,24.996000000000002,-20.954858463781335,55.07172426219769,113.25385447735792,0.012021756458489855
2024-09-20 12:42:48.684334+00:00,0.9809677920000001,24.744,-20.954891817407656,55.071664546655924,116.20413156919554,0.012021754680717839
2024-09-20 12:42:52.415790+00:00,0.9793101179999999,24.588,-20.954892024483105,55.07166417591295,116.22361742861051,0.012021752529927796
2024-09-20 13:22:49.955915+00:00,0.9779236039999999,24.407999999999998,-20.955025074879412,55.07142596563798,131.33915508968394,0.012021750277063451
2024-09-20 13:22:56.018456+00:00,0.9764104119999999,24.278,-20.955025411317365,55.071425363287446,131.38318742071112,0.012021748145115151
2024-09-20 13:32:50.492635+00:00,0.974344782,24.116,-20.955058401390925,55.07136629864192,135.82152358473658,0.01202174579921364
2024-09-20 13:32:54.734720+00:00,0.9740635040000001,24.06,-20.955058636803507,55.07136587716482,135.85402481353086,0.012021743793785664
2024-09-20 13:52:53.645881+00:00,0.973070592,24.004,-20.955125169831863,55.07124675800832,145.46575581711005,0.012021742389858255
2024-09-20 13:52:59.218133+00:00,0.97180652,23.972,-20.955125479061444,55.071246204371015,145.51227955007667,0.012021740951728838
2024-09-20 14:02:53.746265+00:00,0.971036638,23.94,-20.955158472129117,55.071187134364905,150.56476485804944,0.012021739528394687
2024-09-20 14:02:58.261811+00:00,0.9710067,23.862000000000002,-20.955158722717275,55.071186685717805,150.60378866542982,0.03087392353887845
2024-09-20 14:13:03.256704+00:00,0.970976762,23.784000000000002,-20.955192296633076,55.07112657577498,155.91482048669585,0.05223543661573978
2024-09-20 14:32:57.993200+00:00,0.9705740740000002,23.664,-20.954544160944007,55.0701197843099,277.13294398934613,0.07359696982931183
2024-09-20 14:33:03.070093+00:00,0.970171386,23.544,-20.954541030950832,55.070115038905584,277.71958099931265,0.09495852374583459
2024-09-20 14:42:58.423345+00:00,0.96920886,23.422,-20.954173985271158,55.06955855840973,346.9091523414474,0.11632009655144213
2024-09-20 14:43:03.036312+00:00,0.968058828,23.378,-20.954171141296317,55.06955424663979,347.4477001168295,0.11882950389254662
2024-09-20 14:52:58.057709+00:00,0.9669784299999999,23.392000000000003,-20.95380430021095,55.06899807633079,417.12436934391746,0.10268571206475496
2024-09-20 14:53:03.902956+00:00,0.9675277600000001,23.476,-20.953800696514083,55.06899261274102,417.81056098053324,0.11116243506852105
2024-09-20 15:23:09.218573+00:00,0.968064218,23.552,-20.95337773593351,55.06850902670998,484.0834468458584,0.1196389639109799
2024-09-20 15:43:09.127221+00:00,0.968659436,23.637999999999998,-20.954216369677162,55.070141129625426,290.6435648734798,0.10333227920653001
2024-09-20 16:13:14.264318+00:00,0.969254654,23.724,-20.955478006455955,55.07259645780711,1.2745693409942918,0.08217307233528513
2024-09-20 16:23:09.378300+00:00,0.970413688,23.72,-20.955546565566213,55.07279720069801,22.410576081390474,0.07715773571066249
2024-09-20 16:23:10.835342+00:00,0.9710273779999999,23.688000000000002,-20.95554655718856,55.07279738336059,22.427627672421067,0.04752186440687911
2024-09-20 16:43:10.690663+00:00,0.97196547,23.598,-20.955539658297813,55.07294780361932,37.11423035130608,0.017886166812851344
2024-09-20 16:43:19.412708+00:00,0.972741776,23.422000000000004,-20.95553960814807,55.0729488970614,37.22383012878465,0.01303366411050066
2024-09-20 17:03:19.746043+00:00,0.973518082,23.246000000000002,-20.955532706508855,55.073099377246514,52.47289997800617,0.013033663720728927
2024-09-20 17:13:15.123320+00:00,0.972242166,23.07,-20.955529283227136,55.07317401691559,60.11208545873186,0.01303366402171358
2024-09-20 17:13:15.833473+00:00,0.97096625,22.894,-20.95552927914392,55.07317410594414,60.121215780551275,0.013033663718315588
2024-09-20 17:33:15.350787+00:00,0.9694627919999999,22.818,-20.955522382196637,55.07332448382855,75.58683030547114,0.013033663988998393
2024-09-20 17:33:15.873952+00:00,0.9676600359999998,22.846,-20.95552237918856,55.07332454941529,75.5935906979291,0.013033664227278852
2024-09-20 17:43:20.685231+00:00,0.96585728,22.874,-20.95551890166351,55.073400371781126,83.415381392546,0.013033666167373698
2024-09-20 17:53:15.913000+00:00,0.965597592,22.945999999999998,-20.955515479241427,55.073474992707034,91.12351760731704,0.013033666377071281
2024-09-20 17:53:16.147233+00:00,0.965239746,23.008,-20.955515477894643,55.07347502207175,91.12655256725039,0.013033667127589391
2024-09-20 18:03:21.028267+00:00,0.9644224979999999,23.046,-20.955511999968518,55.073550853182425,98.96768438043222,0.013033667368335524
2024-09-20 18:13:26.067388+00:00,0.964073222,23.058,-20.955508521133428,55.073626704111724,106.81715255849781,0.013033666904960333
2024-09-20 18:23:20.673944+00:00,0.9637436779999999,23.07,-20.955505102283176,55.0737012471591,114.53614803360848,0.013033665762599502
2024-09-20 18:23:21.267772+00:00,0.9635148399999999,23.044,-20.955505098868805,55.073701321604524,114.5438590067422,0.013033666003875686
2024-09-20 18:33:26.530075+00:00,0.96338416,23.028,-20.95550161875047,55.07377720051312,122.40520004157477,0.013033666185937565
2024-09-20 18:43:21.742306+00:00,0.9632413059999999,22.994,-20.955498196417725,55.07385181949114,130.13924741697204,0.013033666365826873
2024-09-20 18:43:30.388851+00:00,0.963098452,22.96,-20.95549814670209,55.0738529034681,130.25161940204214,0.013033667248321232
2024-09-20 18:53:25.227381+00:00,0.9632056139999999,22.922,-20.955494726518044,55.07392747559696,137.98351306550782,0.013033667428930506
2024-09-20 18:53:27.073250+00:00,0.9630877739999999,22.91,-20.955494715904724,55.07392770700494,138.00750991103877,0.013033667667634436
2024-09-20 19:03:30.338905+00:00,0.9630157880000001,22.901999999999997,-20.955491247266654,55.07400333560311,145.85123002979412,0.013033667846251502
2024-09-20 19:03:32.290266+00:00,0.9633313900000001,22.902,-20.95549123604678,55.07400358023613,145.87660514840124,0.013033667994952536
2024-09-20 19:13:25.559258+00:00,0.9631202240000001,22.916000000000004,-20.95548782488721,55.07407795559933,153.59225342557446,0.013364445951943794
2024-09-20 19:13:37.595120+00:00,0.96321142,22.934,-20.955487755683787,55.07407946447915,153.7488010625783,0.014561537054675212
2024-09-20 19:23:31.335946+00:00,0.963302616,22.952,-20.95548342962501,55.07399561146346,145.03560542641418,0.015758628087968265
2024-09-20 19:33:26.235801+00:00,0.9631042860000001,22.973999999999997,-20.95547893754038,55.07388675740053,133.7271850207618,0.01695571924638712
2024-09-20 19:33:37.977176+00:00,0.96247191,22.996,-20.95547884888134,55.0738846089778,133.50400415074543,0.018152810489179664
2024-09-20 19:43:31.196943+00:00,0.9623663020000001,23.004,-20.95547436948305,55.07377606233538,122.22865845916616,0.01901912385833987
2024-09-20 19:53:28.025454+00:00,0.961945066,23.012,-20.955469862835155,55.07366685536931,110.88619349159572,0.019019124203882805
2024-09-20 19:53:36.388401+00:00,0.96152383,23.02,-20.955469799686604,55.073665325127315,110.72727199152325,0.019019124736608127
2024-09-20 20:03:31.301514+00:00,0.9599969079999999,23.036,-20.955465307501864,55.07355646863846,99.42321092850325,0.019019126177433825
2024-09-20 20:03:33.299289+00:00,0.9589040319999999,23.052,-20.95546529241668,55.07355610308797,99.38525489924729,0.019019128600170392
2024-09-20 23:24:17.069305+00:00,0.95646913,22.906,-20.955374349993907,55.07135234847623,129.861046939615,0.019019131147111627
2024-09-20 23:24:22.062081+00:00,0.9537777459999999,22.759999999999998,-20.955374312293493,55.071351434904074,129.95594684186665,0.019019133618105446
2024-09-20 23:34:16.772160+00:00,0.951995296,22.574,-20.955369821641863,55.071242615566156,141.260426000731,0.019019135919536558
2024-09-20 23:34:22.081694+00:00,0.951562204,22.372,-20.95536978154961,55.07124164403399,141.36135628302353,0.01901913721021394
2024-09-20 23:44:16.883735+00:00,0.9510270459999999,22.124000000000002,-20.955365290203577,55.071132807868956,152.66853901341455,0.01901913755653271
2024-09-20 23:44:21.793704+00:00,0.9518339140000001,22.038,-20.955365253128438,55.07113190944873,152.76188084025767,0.019019137843367458
2024-09-20 23:54:16.560467+00:00,0.953245166,21.938,-20.955360762048787,55.071023079738836,164.06914883934883,0.01901913814135514
2024-09-20 23:54:21.919260+00:00,0.9545440580000001,21.82,-20.95536072158458,55.071022099193314,164.17102920182106,0.019019138544221187
2024-09-21 00:04:27.087031+00:00,0.9558429499999999,21.701999999999998,-20.955356151966992,55.070911366319415,175.67665789831892,0.01901913908882157
2024-09-21 00:24:20.418436+00:00,0.956936142,21.624,-20.955347141129938,55.07069301196827,198.36603596918613,0.01901913955071
2024-09-21 00:24:26.531959+00:00,0.9579612659999999,21.594,-20.95534709496677,55.07069189332316,198.48227927259825,0.019019140128013194
2024-09-21 00:34:31.469753+00:00,0.9583820060000001,21.578,-20.955342527085733,55.070581202530185,209.98481131951158,0.019019140700658126
2024-09-21 00:54:24.475417+00:00,0.9578365919999999,21.602,-20.955333518708347,55.07036290778275,232.6699346740388,0.019019141218984396
2024-09-21 00:54:30.737248+00:00,0.957291178,21.626,-20.955333471425305,55.07036176200043,232.7890065025393,0.01901914158508049
2024-09-21 01:04:25.672780+00:00,0.95780058,21.666000000000004,-20.955328979071286,55.07025290140938,244.10210315524148,0.015730991069000895
2024-09-21 01:04:29.293576+00:00,0.95837805,21.658,-20.95532895173068,55.070252238880485,244.17095559557885,0.015907451560845796
2024-09-21 01:24:25.904836+00:00,0.9591591260000001,21.644000000000002,-20.955317515330464,55.070225167845514,247.0587311518692,0.016083912323483284
2024-09-21 01:24:28.796178+00:00,0.960109782,21.648000000000003,-20.955317479793738,55.070225720674784,247.0017204922584,0.016260373258945884
2024-09-21 01:34:30.683856+00:00,0.9611276419999999,21.613999999999997,-20.955310082149403,55.07034080258077,235.1395031144015,0.01643683434355549
2024-09-21 01:34:33.839563+00:00,0.9613984519999998,21.57,-20.95531004336343,55.07034140595713,235.07734036569283,0.019901446643358103
2024-09-21 02:04:34.602603+00:00,0.9615965620000001,21.54,-20.95528791065497,55.070685714788276,199.67035066580098,0.01990144775223324
2024-09-21 02:04:37.158766+00:00,0.9615910660000001,21.516,-20.95528787923784,55.070686203530826,199.62020010621228,0.019901448580908733
2024-09-21 02:14:32.127862+00:00,0.96164824,21.556,-20.95528056662799,55.070799962592645,187.957761421948,0.019785140349641565
2024-09-21 02:14:39.855144+00:00,0.96163821,21.634,-20.955280471653985,55.07080144006155,187.8064399083807,0.01967376802256527
2024-09-21 02:24:35.234643+00:00,0.9607157300000001,21.836000000000002,-20.95528407490263,55.070912145406474,176.3388588864334,0.01956239509292934
2024-09-21 02:24:37.999106+00:00,0.95986595,22.023999999999997,-20.95528409859656,55.07091265977674,176.2854986448991,0.019451022179111342
2024-09-21 02:34:32.797555+00:00,0.959282752,22.368000000000002,-20.955289196553977,55.07102333104418,164.806341233839,0.019339649080475748
2024-09-21 02:34:40.131545+00:00,0.95872476,22.814,-20.95528925941287,55.07102469564421,164.6648243017934,0.01934458461936492
2024-09-21 02:44:44.957194+00:00,0.9581667680000001,23.26,-20.955294443312404,55.07113723262421,152.9963570940713,0.01934458394439759
2024-09-21 02:54:39.843584+00:00,0.958577384,23.718,-20.955299542023553,55.07124792025443,141.52473596552542,0.019344583546009174
2024-09-21 02:54:41.936755+00:00,0.9589880000000001,24.176,-20.955299559963912,55.07124830972061,141.48438223072444,0.019344583127910733
2024-09-21 03:04:36.818086+00:00,0.9592788240000001,24.633999999999997,-20.9553046586317,55.071358996409515,130.0192812546882,0.01934458273052591
2024-09-21 03:04:44.781463+00:00,0.960121502,25.36,-20.955304726885004,55.07136047811654,129.8658548639176,0.019344582200044796
2024-09-21 03:14:39.795713+00:00,0.9609641800000001,26.086000000000002,-20.95530982669203,55.07147118953704,118.40658147856918,0.019344581663935764
2024-09-21 03:44:44.463150+00:00,0.96493985,27.071999999999996,-20.955325294314317,55.07180697526907,83.73646118895711,0.02054587458412284
2024-09-21 03:44:53.314446+00:00,0.9696413859999999,27.964,-20.95532537017788,55.07180862218686,83.56690902869455,0.023268872582134746
2024-09-21 04:44:50.618173+00:00,0.9742502380000001,28.686,-20.955566365173347,55.07264807793241,12.188050649877145,0.0259918679314902
2024-09-21 04:54:55.690578+00:00,0.9805010239999999,28.862000000000002,-20.955644552535087,55.072820921253744,30.359417984022627,0.026626011315436016
2024-09-21 05:04:50.439451+00:00,0.98675181,29.038,-20.95572140589163,55.07299081558327,49.566597782504786,0.027506203942722803
2024-09-21 05:54:52.608888+00:00,0.9895242,28.706,-20.955467862454473,55.07358244222246,102.12024776848237,0.027185103764308598
2024-09-21 05:54:54.465518+00:00,0.991570724,28.468,-20.955467607583905,55.07358276744032,102.15398954112241,0.025342299242559114
2024-09-21 06:04:57.641778+00:00,0.9920775980000001,28.324,-20.955384806016635,55.07368842322103,113.49207023512405,0.020826435498357283
2024-09-21 06:04:59.445457+00:00,0.99200297,28.368000000000002,-20.95538455841497,55.073688739163686,113.52698623343407,0.01888733650695744
2024-09-21 06:24:59.481906+00:00,0.9919283419999999,28.412,-20.955284569159257,55.07374283288712,120.49121930733544,0.01670218864975731
2024-09-21 06:35:01.255334+00:00,0.9922699959999999,28.740000000000002,-20.955276270301802,55.073669073330265,113.11760856457303,0.014517040112698859
2024-09-21 06:35:04.418452+00:00,0.99261165,29.068,-20.95527622668029,55.07366868562589,113.07897066104076,0.01233189098521485
2024-09-21 06:55:00.397025+00:00,0.99439547,29.398000000000003,-20.955259733337055,55.073522094158974,98.58010698976369,0.012819803928867172
2024-09-21 06:55:03.993973+00:00,0.9974810399999999,29.736,-20.95525968373274,55.07352165327994,98.53688165675966,0.012819804489350262
2024-09-21 07:05:09.071853+00:00,1.00056661,30.074,-20.955251339304684,55.07344748869536,91.30573545860018,0.012819804869592794
2024-09-21 07:15:00.212974+00:00,1.002470612,29.806,-20.95524318707384,55.07337503234368,84.33144260508706,0.012819805359887342
2024-09-21 07:15:04.317544+00:00,1.000541936,29.294,-20.955243130469082,55.07337452924527,84.2833814038233,0.01281980593133673
2024-09-21 07:25:09.512745+00:00,0.9981703279999999,28.748,-20.95523478442309,55.073300350280626,77.26206916574934,0.012819806629165523
2024-09-21 07:45:09.388982+00:00,0.9927968080000001,28.118000000000002,-20.955218237328463,55.07315328107581,63.847975641721575,0.012819807260438711
2024-09-21 07:55:04.590950+00:00,0.9877541580000001,28.014,-20.95521002909583,55.07308032698487,57.56038428206843,0.01281980804692352
2024-09-21 07:55:08.885264+00:00,0.985294376,28.912,-20.955209969874375,55.073079800629465,57.51620066257715,0.012819809167529884
2024-09-21 08:15:14.979561+00:00,0.987655942,29.896000000000004,-20.955193337028547,55.072931969275096,46.0435618694306,0.012819810567170378
2024-09-21 09:05:19.158711+00:00,0.990503818,30.832000000000004,-20.955151907391777,55.07256374609918,35.204734939937524,0.012819811956877775
2024-09-21 09:25:19.067051+00:00,0.99314562,30.786,-20.95513535985443,55.072416672959505,41.43294293490931,0.012819813356017845
2024-09-21 09:25:20.865451+00:00,0.9890346620000001,30.066000000000003,-20.955135335053292,55.072416452529055,41.44586023625292,0.012819815193185674
2024-09-21 09:45:19.380517+00:00,0.983395368,28.778000000000002,-20.955118806730123,55.07226955016339,51.64932778482898,0.012819816791870553
2024-09-21 10:47:59.714663+00:00,0.976433922,27.833999999999996,-20.955066949210977,55.07180864483368,93.34085020164821,0.012819818158411054
2024-09-21 10:48:00.162941+00:00,0.971329916,26.798000000000002,-20.955066943028925,55.07180858988811,93.3461943920862,0.01281981960691445
2024-09-21 10:58:05.146250+00:00,0.966431984,26.744,-20.955058599905065,55.07173443689512,100.59902789450356,0.01281982142290988
2024-09-21 11:28:09.634151+00:00,0.967201268,26.913999999999998,-20.955033714811815,55.07151326024999,122.59835621794674,0.012819822491548168
2024-09-21 11:28:10.446455+00:00,0.967970552,27.083999999999996,-20.955033703609597,55.071513160685626,122.60835337067628,0.012819823665112404
2024-09-21 11:38:04.651699+00:00,0.969605742,27.226,-20.955025509122454,55.07144032876345,129.93885629769787,0.012819824434402322
2024-09-21 11:38:05.467500+00:00,0.972688612,27.552,-20.95502549787201,55.071440228770456,129.94894325308837,0.012819825272910063
2024-09-21 11:58:05.622821+00:00,0.9757714820000001,27.877999999999997,-20.95500894692863,55.071293125358224,144.8453054271589,0.012819825974780989
2024-09-21 12:28:08.550368+00:00,0.9785597599999999,27.974,-20.954984083353704,55.07107213996618,167.38978399028082,0.01807779598341259
2024-09-21 12:28:10.804837+00:00,0.9813480379999999,28.07,-20.954984052263068,55.0710718636352,167.41807180761325,0.02367209554240496
2024-09-21 12:48:11.539176+00:00,0.9892656320000001,27.784,-20.954973428255943,55.07061977237131,212.72059128465858,0.029266395609089595
2024-09-21 12:48:19.058570+00:00,0.990403844,27.086000000000002,-20.954973363875943,55.070616819362414,213.0187188661901,0.03486069588886225
2024-09-21 13:18:16.493194+00:00,0.9899475499999999,26.206,-20.95495797449242,55.069910932639125,284.80743431025127,0.0378058171280208
2024-09-21 13:28:22.012772+00:00,0.9899507059999999,25.294,-20.954952790118593,55.06967313359755,309.1534634328937,0.03573397763495646
2024-09-21 13:38:17.845419+00:00,0.9882806399999999,24.236,-20.95499390873676,55.06982493103123,292.82139332994734,0.033325805222710274
2024-09-21 13:58:17.573933+00:00,0.980948834,23.401999999999997,-20.955078376018665,55.07014454942789,258.5056904076619,0.030917630904590855
2024-09-21 14:18:21.998645+00:00,0.9764811120000001,22.868000000000002,-20.955163173937933,55.07046541893363,224.1103799054251,0.0285094553006563
2024-09-21 14:18:27.974484+00:00,0.9730607360000001,22.57,-20.955163594668846,55.07046701095053,223.93990381620776,0.02642544535957036
2024-09-21 14:28:23.273708+00:00,0.970230176,22.458,-20.95520550690715,55.07062560398329,206.96851469338142,0.024045727071369795
2024-09-21 14:58:28.451499+00:00,0.9683760360000001,22.5,-20.9552073027718,55.07092330777713,176.38153401187782,0.021666011824925446
2024-09-21 14:58:31.954314+00:00,0.966170226,22.607999999999997,-20.95520729917589,55.070923876222636,176.32336726855007,0.019286298145496983
2024-09-21 15:08:33.894033+00:00,0.9645745940000001,22.735999999999997,-20.955206681238113,55.071021560494,166.3367509402161,0.01690658512454899
2024-09-21 15:28:26.382159+00:00,0.9634060520000001,22.84,-20.95520545705663,55.07121508042642,146.61625299577344,0.016851885261006234
2024-09-21 15:28:33.587903+00:00,0.96232283,22.948,-20.955205449659374,55.071216249792414,146.49739958826092,0.016851885359531603
2024-09-21 15:48:33.365636+00:00,0.96169203,23.064,-20.955204217994545,55.07141095270033,126.77607960895453,0.016851885443419833
2024-09-21 15:58:38.790483+00:00,0.9614129,23.114,-20.955203596479016,55.071509202546906,116.88893091852071,0.01685188582576504
2024-09-21 16:08:34.383612+00:00,0.9609752520000001,23.176000000000002,-20.95520298505651,55.07160585687791,107.22002176192031,0.01685188596561868
2024-09-21 16:08:36.170532+00:00,0.9606576739999999,23.208,-20.955202983222097,55.07160614686375,107.19111452577539,0.01685188599485923
2024-09-21 16:18:31.557778+00:00,0.960312124,23.266,-20.955202372010945,55.07170276778353,97.60006058490376,0.016851886037868538
2024-09-21 16:18:39.967824+00:00,0.9602109540000001,23.308,-20.95520236337738,55.07170413258665,97.46522162034279,0.016851886436968676
2024-09-21 16:28:35.142483+00:00,0.9603403500000001,23.346,-20.955201752384465,55.07180071900732,87.97772694135178,0.01924618907723103
2024-09-21 16:28:36.865999+00:00,0.960628264,23.372,-20.955201750615142,55.0718009987038,87.95042765857151,0.021752154146630762
2024-09-21 16:48:35.704267+00:00,0.9608645360000001,23.381999999999998,-20.95522664703343,55.072132695057974,55.29699745224242,0.02425811833363449
2024-09-21 16:48:37.251760+00:00,0.96105044,23.354,-20.955226680665056,55.072133131438136,55.25551450073614,0.026764081722316452
2024-09-21 17:08:45.742136+00:00,0.9612363439999999,23.326,-20.95525294475237,55.07247391565562,27.095551676194432,0.029270043873188843
2024-09-21 17:18:41.146102+00:00,0.9610158560000001,23.272,-20.95526588465,55.07264181461341,22.778040624458285,0.028609018737456936
2024-09-21 17:18:42.258695+00:00,0.960795368,23.218,-20.95526590882995,55.072642128355334,22.781784516307145,0.027652038471420594
2024-09-21 18:08:45.880053+00:00,0.960870288,23.172,-20.955314817365874,55.073378392892415,82.67715596765564,0.026695059185245486
2024-09-21 18:08:46.605629+00:00,0.9610032399999999,23.148,-20.955314828230826,55.0733785643662,82.69433915358847,0.024201547623236966
2024-09-21 18:18:51.278764+00:00,0.960939436,23.114,-20.955323882753834,55.07352146545444,97.0975654924762,0.020212015126990984
2024-09-21 18:38:52.171321+00:00,0.9608942020000001,23.1,-20.955343879682122,55.07371589835356,116.78090081601626,0.016995167157351384
2024-09-21 18:58:51.965881+00:00,0.960848968,23.086,-20.95536584080081,55.07382233425154,127.52571804896495,0.013962612128894419
2024-09-21 19:08:56.065957+00:00,0.9606661799999999,23.062,-20.95537689828841,55.073875925037996,132.9718241444637,0.010930056690958303
2024-09-21 19:08:57.340154+00:00,0.960609266,23.022000000000002,-20.955376921611393,55.07387603807427,132.98333374172873,0.009434033898563924
2024-09-21 19:59:01.860541+00:00,0.9607491079999999,22.991999999999997,-20.955431916550538,55.07414257439308,160.33142841106394,0.009434032847860738
2024-09-21 20:08:54.858638+00:00,0.961039818,22.968,-20.955442770826785,55.07419518030335,165.76865224007435,0.009434031922055787
2024-09-21 20:08:56.897474+00:00,0.96158311,23.016,-20.955442808145772,55.074195361172094,165.78736444628723,0.009434030931719958
2024-09-21 20:19:02.083469+00:00,0.9618918000000001,23.023999999999997,-20.955453885510103,55.074249048292344,171.34680488065078,0.011992651640411522
2024-09-21 20:28:57.169794+00:00,0.9618512020000001,23.044,-20.95546477800941,55.074301839453,176.82278118339093,0.01476587438336378
2024-09-21 20:39:02.909525+00:00,0.9618106040000001,23.064,-20.955442256498483,55.0741744428197,163.61649182741874,0.01753909765333638
2024-09-21 20:49:04.211550+00:00,0.9614868060000001,23.092,-20.955418774972312,55.0740418838334,149.92389174648258,0.02031232123255281
2024-09-21 20:49:08.184152+00:00,0.9609104260000001,23.048000000000002,-20.95541861983769,55.074041008060355,149.8336246818449,0.02308554542153245
2024-09-21 20:58:59.216934+00:00,0.9607322920000001,23.058,-20.95539553933711,55.073910712962096,136.43820838068498,0.023300148470333508
2024-09-21 20:59:03.405194+00:00,0.9607125599999999,23.058,-20.955395375780803,55.07390978964654,136.34355101085393,0.023300150156087905
2024-09-21 21:09:04.214467+00:00,0.9604975120000001,23.52,-20.95537191349715,55.073777339289,122.8123968885112,0.023300152427162067
2024-09-21 21:09:08.670101+00:00,0.9562769019999999,23.564,-20.95537173949959,55.07377635703002,122.71244113669485,0.023352935742825494
2024-09-21 21:36:42.996963+00:00,0.952056292,23.607999999999997,-20.955307136159007,55.0734116552949,86.23289513160589,0.025276433651166164
2024-09-22 00:09:43.986046+00:00,0.9467730060000001,23.566,-20.955026230462476,55.071350084317345,138.63282639094845,0.027199930111066018
2024-09-22 00:09:46.629992+00:00,0.9414897200000001,23.524,-20.95502652610271,55.07134930827089,138.69660845089504,0.029123424742642033
2024-09-22 00:19:49.096458+00:00,0.93668917,23.038,-20.955093892579857,55.07117247335429,153.82593607192126,0.03104691606742881
2024-09-22 00:19:51.432518+00:00,0.9361837699999999,22.966,-20.955094153792945,55.07117178767802,153.88667917915976,0.0329176242726758
2024-09-22 00:39:48.475046+00:00,0.936649158,22.918,-20.955228004459578,55.07082043382261,186.58679665173239,0.03291761545676326
2024-09-22 00:39:50.642234+00:00,0.9379073659999999,22.96,-20.955228246789805,55.07081979771326,186.6483470912777,0.03291760663435212
2024-09-22 00:49:45.538038+00:00,0.9396842440000001,22.939999999999998,-20.955294766732134,55.070645184924345,203.7855068824427,0.0329175980475497
2024-09-22 00:49:53.490349+00:00,0.940925532,22.884,-20.95529565594209,55.07064285077574,204.01756999590623,0.029075475950968904
2024-09-22 00:59:48.575221+00:00,0.94216682,22.827999999999996,-20.955362197025593,55.0704681824919,221.57118028075138,0.025154740498763282
2024-09-22 01:09:54.111771+00:00,0.94189155,22.752,-20.955326031086113,55.070398259757766,229.06193588876573,0.02123400682535728
2024-09-22 01:09:55.366039+00:00,0.9416162800000001,22.676,-20.9553259177186,55.07039815428404,229.07372449328992,0.017313274327154828
2024-09-22 01:19:49.325919+00:00,0.941126264,22.644,-20.955272232425074,55.07034820710234,234.72320745892145,0.013392543612763656
2024-09-22 01:19:50.292070+00:00,0.9408844179999999,22.630000000000003,-20.95527214509915,55.07034812585693,234.73250332313035,0.013313928694106867
2024-09-22 01:29:54.461480+00:00,0.9409007060000001,22.595999999999997,-20.955217537013294,55.070297320137016,240.60989697122702,0.013313929356789938
2024-09-22 01:29:55.163634+00:00,0.941462764,22.558,-20.955217473548835,55.070297261091596,240.61680048733757,0.013313930150188908
2024-09-22 01:39:59.441771+00:00,0.941289418,22.516000000000002,-20.955162855635642,55.07024644622862,246.61775410497165,0.013313931450906827
2024-09-22 01:40:00.071283+00:00,0.940812148,22.491999999999997,-20.955162798736964,55.070246393291804,246.62406636376375,0.013313932084994378
2024-09-22 01:49:54.454859+00:00,0.940543424,22.485999999999997,-20.955109075147497,55.07019641048071,252.63778919775325,0.013313933301214368
2024-09-22 01:49:55.158652+00:00,0.940016566,22.5,-20.955109011534905,55.07019635129747,252.64497195819283,0.013313935193964987
2024-09-22 01:59:59.526769+00:00,0.9394191080000001,22.496000000000002,-20.955054385488847,55.07014552886792,258.86466583863927,0.012786922563541714
2024-09-22 02:00:00.029570+00:00,0.9398795719999999,22.490000000000002,-20.955054340042967,55.07014548658645,258.8698821974444,0.012431932038285715
2024-09-22 02:09:54.978386+00:00,0.940340036,22.484,-20.955093281924697,55.07010071384781,262.7275953718769,0.012076942273301647
2024-09-22 02:19:59.676018+00:00,0.940597238,22.474,-20.95513974753937,55.070055553066226,266.60537215807534,0.01172195100955339
2024-09-22 02:20:00.145283+00:00,0.9408544400000001,22.464,-20.955139783598206,55.07005551801998,266.60843044978685,0.011366958308815229
2024-09-22 02:30:04.579065+00:00,0.941049542,22.486,-20.955186228938363,55.07001037694357,270.60890314902264,0.011538980224878764
2024-09-22 02:30:05.303382+00:00,0.9409221259999999,22.514,-20.95518628459565,55.07001032284923,270.61376942861324,0.011538979481677373
2024-09-22 02:39:59.120711+00:00,0.941128844,22.552,-20.955231914156162,55.06996597464399,274.6598642554009,0.011538977955209669
2024-09-22 02:40:00.228136+00:00,0.941330278,22.576,-20.95523199925189,55.0699658919379,274.66751392544023,0.011538977095356704
2024-09-22 02:50:03.903223+00:00,0.94134511,22.628,-20.955278386293116,55.06992080752329,278.8933944407264,0.011538976505237837
2024-09-22 02:50:05.443104+00:00,0.941492642,22.666,-20.95527850461922,55.06992069251998,278.9043145833846,0.011538975867981178
2024-09-22 02:59:58.697531+00:00,0.9412623339999999,22.8,-20.955324090925735,55.069876386354096,283.1630378784405,0.010678636746465475
2024-09-22 03:00:00.422485+00:00,0.940697892,22.924,-20.95532422347306,55.069876257528925,283.1755684927966,0.009819765324244433
2024-09-22 03:10:04.763467+00:00,0.939208788,23.247999999999998,-20.955363528247926,55.069877892063204,282.79491385999194,0.008960894029086041
2024-09-22 03:10:05.981528+00:00,0.9379062859999999,23.544,-20.955363607486,55.06987789676491,282.79406833978,0.00810202282313207
2024-09-22 03:20:00.651118+00:00,0.9379714480000001,23.994,-20.95540229230597,55.0698801921849,282.4139037764475,0.007243151625546526
2024-09-22 03:20:09.621825+00:00,0.940130802,24.356,-20.955402875874036,55.069880226811755,282.4086681883461,0.007244619009375739
2024-09-22 03:30:05.705959+00:00,0.942290156,24.717999999999996,-20.955441652713805,55.06988252769187,282.0941102260659,0.0072446188766940684
2024-09-22 03:40:09.055126+00:00,0.945626936,24.93,-20.95548090216308,55.069884856614955,281.84275028159135,0.00724461887360691
2024-09-22 03:40:10.540308+00:00,0.9489637160000001,25.142000000000003,-20.95548099877807,55.06988486234774,281.8422149069567,0.007244618747992061
2024-09-22 03:50:03.537754+00:00,0.9496930820000001,25.238,-20.95551957482069,55.06988715131327,281.66121782749434,0.007244618744954018
2024-09-22 03:50:05.405352+00:00,0.9487060960000001,25.326,-20.955519696312837,55.06988715852218,281.6607511169908,0.007244618719559735
2024-09-22 04:00:08.324193+00:00,0.9485805920000001,25.648000000000003,-20.955558917768276,55.06988948578421,281.5440312519638,0.007244618755745347
2024-09-22 04:00:10.365750+00:00,0.94898598,25.903999999999996,-20.955559050576923,55.069889493664604,281.54375106008223,0.0072446187519161305
2024-09-22 04:10:05.726399+00:00,0.949391368,26.159999999999997,-20.955597780352097,55.06989179175207,281.49518859304385,0.007244618806985742
2024-09-22 04:20:08.398432+00:00,0.952419914,26.233999999999998,-20.955636985752022,55.06989411806143,281.5133350853686,0.0072446188034227445
2024-09-22 04:20:10.442225+00:00,0.95544846,26.308,-20.95563711870612,55.06989412595045,281.51351183321646,0.007244618793523279
2024-09-22 04:30:13.610546+00:00,0.9565926060000001,26.119999999999997,-20.955676356390885,55.06989645417547,281.5996895159275,0.0072446187900441356
2024-09-22 04:30:15.634214+00:00,0.956953096,25.947999999999997,-20.955676488035806,55.069896461986815,281.6000927338164,0.007244618960860641
2024-09-22 04:40:08.667142+00:00,0.9556942279999999,25.704,-20.95571506638661,55.0698987510893,281.75110014090296,0.0072446190359162594
2024-09-22 04:40:10.485743+00:00,0.953051952,25.603999999999996,-20.9557151846914,55.06989875810908,281.75166385620025,0.007244619115740406
2024-09-22 04:50:13.411906+00:00,0.9509575140000001,25.51,-20.955754406623143,55.06990108539938,281.9724275502054,0.007244619140941019
2024-09-22 04:50:15.530608+00:00,0.9518630180000001,25.516000000000002,-20.955754544450283,55.06990109357755,281.97332232000593,0.010654329751888049
2024-09-22 05:00:18.413318+00:00,0.9527685220000001,25.522000000000002,-20.955793763555285,55.069903420700115,282.26172907201743,0.014241064252195313
2024-09-22 05:10:13.847230+00:00,0.9544644800000001,25.624000000000002,-20.95582201560649,55.070039396347866,268.7095325730345,0.017827798600822432
2024-09-22 05:10:15.494812+00:00,0.9561604380000001,25.726,-20.955822093008155,55.07003978714731,268.6706581429814,0.021414532414602037
2024-09-22 05:20:18.848502+00:00,0.9579384340000001,25.883999999999997,-20.95585043793009,55.07018290007967,254.490023012425,0.02500126585602616
2024-09-22 05:20:20.828171+00:00,0.957739406,25.97,-20.955850530932857,55.070183369648745,254.44368686999195,0.025178288213357148
2024-09-22 05:30:13.813837+00:00,0.9581019679999999,26.07,-20.95587838877592,55.070324023329846,240.627396956081,0.025178286070029605
2024-09-22 05:30:15.980599+00:00,0.9592934339999999,26.146000000000004,-20.955878490568118,55.07032453727658,240.57715652475787,0.025178283969957728
2024-09-22 05:40:19.044717+00:00,0.9606025499999999,26.156,-20.95590682188626,55.07046758152368,226.67154851112704,0.025178281693906717
2024-09-22 05:40:21.145285+00:00,0.960456834,26.303999999999995,-20.955906920568736,55.070468079769505,226.62339989410404,0.024346548452484025
2024-09-22 05:50:15.922215+00:00,0.9603111179999999,26.451999999999998,-20.95593486256349,55.070609158330754,213.08053648565115,0.023027893626860925
2024-09-22 06:10:23.622980+00:00,0.959550876,26.656,-20.95592766841115,55.07085350345203,188.3588934195055,0.02170923994444297
2024-09-22 06:10:26.143869+00:00,0.958790634,26.860000000000003,-20.955927481286015,55.07085390769625,188.31283933641646,0.02039058721820694
2024-09-22 06:20:18.300038+00:00,0.9579306559999999,27.15,-20.955883525637603,55.07094886456486,177.50629736676277,0.01907193533484178
2024-09-22 06:20:21.303619+00:00,0.957895634,27.24,-20.9558833026823,55.07094934621258,177.451545814658,0.018585015363409126
2024-09-22 06:30:23.409041+00:00,0.957685684,27.354000000000003,-20.955838608502592,55.07104589852163,166.49026108836267,0.01858501784777187
2024-09-22 06:30:26.355848+00:00,0.959274716,27.394,-20.955838389761624,55.071046371065165,166.43668957361672,0.018585020513476484
2024-09-22 06:40:21.416554+00:00,0.9608637479999999,27.433999999999997,-20.955794218509933,55.07114179369899,155.635818308396,0.01858502291806579
2024-09-22 06:50:22.985528+00:00,0.964026556,27.476,-20.95574956415065,55.07123825998446,144.7564730263843,0.018585025591461652
2024-09-22 06:50:26.522658+00:00,0.967189364,27.518,-20.955749301590114,55.07123882719089,144.6926398208208,0.018585028095135882
2024-09-22 07:00:28.072515+00:00,0.970051254,27.504,-20.95570464864989,55.07133529041079,133.86351912127938,0.01858503076870114
2024-09-22 07:00:31.777043+00:00,0.9711670980000001,27.494,-20.955704373663433,55.07133588446078,133.79700879831316,0.018585033044644716
2024-09-22 07:10:26.798466+00:00,0.9703082000000001,27.45,-20.95566020532771,55.07143130079528,123.1474822814883,0.01858503530813219
2024-09-22 07:10:32.961381+00:00,0.9678576119999999,27.384000000000004,-20.955659747855606,55.07143228906687,123.03755767834318,0.0185850375477662
2024-09-22 07:20:28.074900+00:00,0.9667828719999999,27.374000000000002,-20.95561557268363,55.07152772016965,112.4662162163999,0.018585039895164933
2024-09-22 07:20:32.162058+00:00,0.9661839780000001,27.396000000000004,-20.955615269294608,55.07152837557737,112.39393898832884,0.01858504213928195
2024-09-22 07:30:27.415912+00:00,0.966242998,27.406,-20.955571083705586,55.07162382918398,101.92468892063093,0.018585044316915232
2024-09-22 07:30:33.267176+00:00,0.96827676,27.45,-20.955570649367285,55.07162476747988,101.82240058731874,0.018585046631714976
2024-09-22 07:40:28.301022+00:00,0.969247288,27.426,-20.95552648010941,55.0717201858065,91.49817315324148,0.018585049281701304
2024-09-22 07:40:32.827087+00:00,0.9688419679999999,27.345999999999997,-20.95552614414039,55.07172091159641,91.42030129233675,0.018585052530523283
2024-09-22 08:00:28.254439+00:00,0.97038732,27.256,-20.955437407778035,55.07191260771297,71.3508860923705,0.018585055620332552
2024-09-22 08:00:32.579394+00:00,0.9712747579999998,27.177999999999997,-20.955437086737376,55.07191330125332,71.28058973681978,0.01858505877758786
2024-09-22 08:10:33.591240+00:00,0.9701724219999999,27.014,-20.95539247373362,55.072009678198924,61.751674346266455,0.01858506180118649
2024-09-22 08:10:37.896416+00:00,0.9701333200000001,26.918,-20.955392154161157,55.07201036856754,61.68540292787391,0.018585064445826534
2024-09-22 08:20:32.979107+00:00,0.9708013799999999,26.85,-20.955347981277523,55.072105794726845,52.89197404048558,0.018585066537363186
2024-09-22 08:20:38.855905+00:00,0.969518768,26.791999999999994,-20.955347545043843,55.072106737117316,52.809382153329494,0.018585068765672872
2024-09-22 08:30:34.081112+00:00,0.966241372,26.729999999999997,-20.955303361581272,55.07220218613017,45.035507772566795,0.0185850709453422
2024-09-22 08:30:38.217976+00:00,0.9649537499999999,26.754,-20.955303054502586,55.072202849508635,44.98629696087758,0.018585073113628597
2024-09-22 08:40:33.364578+00:00,0.9646252800000001,26.802,-20.955258876874854,55.07229828591655,38.85401191288584,0.0185850753678555
2024-09-22 08:40:39.385300+00:00,0.964881742,26.832,-20.955258429957723,55.072299251386355,38.80313471074672,0.018585078039248495
2024-09-22 08:50:38.594091+00:00,0.9640894680000001,26.79,-20.955213950794413,55.072395339198025,35.181364387962574,0.018585081153895656
2024-09-22 09:00:43.913396+00:00,0.965291978,26.752,-20.95516901804873,55.072492406878354,34.91251565465592,0.01858508441348484
2024-09-22 09:10:39.805468+00:00,0.966565726,26.644,-20.955124785084895,55.0725879628282,38.046952925447606,0.018585088027147697
2024-09-22 09:10:43.817122+00:00,0.9668803220000001,26.512,-20.955124487300512,55.07258860612829,38.07809662012793,0.01858509212524833
2024-09-22 09:30:39.474491+00:00,0.9657716500000001,26.354000000000003,-20.955035733864037,55.07278033912987,51.49757398013544,0.018585095679279434
2024-09-22 09:30:43.990857+00:00,0.965711714,26.267999999999994,-20.955035398614974,55.07278106336447,51.55979940600962,0.01858509885111887
2024-09-22 09:40:39.384982+00:00,0.9665088820000001,26.130000000000003,-20.954991202613652,55.07287653946464,60.22612533104725,0.018585101818700708
2024-09-22 09:40:44.723139+00:00,0.967234812,26.062,-20.95499080636319,55.072877395479836,60.30737602233649,0.018585104562503604
2024-09-22 09:50:39.944671+00:00,0.9673602960000001,25.97,-20.954946623173424,55.07297284390335,69.65952298405865,0.018585106690175802
2024-09-22 09:50:44.647609+00:00,0.9651701860000002,25.814,-20.954946274075155,55.07297359805622,69.73540913608242,0.019316343814198965
2024-09-22 10:00:45.288190+00:00,0.962980076,25.657999999999998,-20.954901688630336,55.07306991546658,79.62168981397048,0.020822318091361005
2024-09-22 10:10:44.981583+00:00,0.961083586,25.544,-20.9549110188335,55.07294185837226,71.32076708477285,0.02232829158329399
2024-09-22 10:10:51.197206+00:00,0.9591870960000002,25.43,-20.954911168558898,55.072940303445,71.22586295465581,0.023834264206869387
2024-09-22 10:30:44.911440+00:00,0.9587881380000001,25.364,-20.954939923414322,55.07264167870005,58.752667009131535,0.025340236057503872
2024-09-22 10:30:51.321560+00:00,0.959801684,25.334,-20.95494007782488,55.0726400751165,58.7232190552261,0.026114972064959985
2024-09-22 10:40:46.668259+00:00,0.960827774,25.224,-20.9549544188688,55.07249114059675,58.06413789315285,0.026114969661251475
2024-09-22 10:50:52.188534+00:00,0.96070314,25.124000000000002,-20.954969004979507,55.072339661010986,61.55537662587948,0.0261149670298223
2024-09-22 11:10:52.503038+00:00,0.960896806,25.003999999999998,-20.954997918825924,55.07203938511377,78.0715433052305,0.026114964627613996
2024-09-22 11:10:55.830950+00:00,0.9601933859999999,24.86,-20.954997998990525,55.07203855258884,78.1299648160606,0.026114962441178786
2024-09-22 11:20:50.891180+00:00,0.960378886,24.851999999999997,-20.955012333133826,55.07188968973339,89.32444997900284,0.02611496019079112
2024-09-22 11:20:57.896154+00:00,0.959756152,24.880000000000003,-20.955012501873554,55.0718879373386,89.46396353607112,0.026114957944727596
2024-09-22 11:40:50.654405+00:00,0.959276936,24.845999999999997,-20.955041233700733,55.071589551746484,115.00841120960989,0.02445915077867693
2024-09-22 11:50:52.540516+00:00,0.9570731720000001,24.766,-20.955055732269663,55.07143898129899,128.8381969671137,0.02104674779922399
2024-09-22 12:11:03.121710+00:00,0.9548694080000001,24.686,-20.955071540096775,55.071231739014834,148.6248043264183,0.017634344924941724
2024-09-22 12:31:03.567236+00:00,0.955816228,24.546,-20.95507306580195,55.07112709554011,158.99072690027214,0.014221942682205044
2024-09-22 12:31:04.836736+00:00,0.957558738,24.45,-20.95507306741542,55.07112698487713,159.00172457081845,0.010809541169503292
2024-09-22 12:40:58.681960+00:00,0.956800716,24.36,-20.955073822162483,55.07107521907324,164.15363858632995,0.00905294521582389
2024-09-22 12:40:59.821098+00:00,0.9574489419999999,24.336000000000002,-20.955073823610267,55.07107511977398,164.16353500906,0.009052945218323147
2024-09-22 12:51:03.970502+00:00,0.95885359,24.422000000000004,-20.955074591453418,55.071022455749244,169.41916260588957,0.009052945268258079
2024-09-22 12:51:04.841192+00:00,0.9572529980000001,24.476,-20.95507459256002,55.07102237985073,169.4267466900945,0.009052945065953295
2024-09-22 13:00:59.082719+00:00,0.956147662,24.434,-20.955075347810762,55.07097057950089,174.60900693698864,0.00768362251680816
2024-09-22 13:00:59.746654+00:00,0.9572488939999999,24.432,-20.95507534865459,55.07097052162533,174.6148036559643,0.006219706336721248
2024-09-22 13:11:05.116076+00:00,0.958350126,24.43,-20.955077845978742,55.07095794022347,175.8118054072641,0.0047557901364347534
2024-09-22 13:21:00.612288+00:00,0.958405366,24.310000000000002,-20.955080424116815,55.07094839093573,176.70318466026072,0.003291873959488695
2024-09-22 13:21:09.753048+00:00,0.958181248,24.136000000000003,-20.955080463690773,55.070948244355876,176.71687911802164,0.001827957961876086
2024-09-22 13:31:05.799323+00:00,0.957461874,24.058,-20.955083044210287,55.070938686247416,177.61063246051245,0.001733364184065314
2024-09-22 13:41:10.282122+00:00,0.957002518,23.936,-20.955085661254845,55.07092899285211,178.5185729794002,0.0017333641674680787
2024-09-22 13:41:10.881858+00:00,0.956543162,23.814,-20.95508566385134,55.070928983234836,178.5194745505097,0.0017333641465547421
2024-09-22 13:51:05.124818+00:00,0.9555990979999999,23.665999999999997,-20.955088236563594,55.07091945404406,179.41352207337866,0.002483452436869917
2024-09-22 13:51:06.195717+00:00,0.9551941059999999,23.529999999999998,-20.955088241199938,55.07091943687128,179.41513457352283,0.010070387991699188
2024-09-22 14:01:12.027922+00:00,0.9547891140000001,23.394,-20.955103473864117,55.07089191333486,181.8107898390294,0.017657321496051308
2024-09-22 14:11:07.295672+00:00,0.954178118,23.288,-20.955229106383772,55.070708579406926,198.07410875834967,0.025244252664181132
2024-09-22 14:11:15.239288+00:00,0.9535671219999999,23.182,-20.955230782900756,55.07070613288715,198.3011294937167,0.03283118223029409
2024-09-22 14:21:10.559377+00:00,0.9529088440000001,23.104000000000003,-20.955356426466597,55.070522782839646,215.94500042336634,0.039668020753531465
2024-09-22 14:21:12.723074+00:00,0.951990852,23.068,-20.955356883119464,55.07052211645196,216.0112073989318,0.039668009628025545
2024-09-22 14:31:08.144549+00:00,0.9511769860000001,23.044,-20.95548254808309,55.07033873517896,234.71401439621692,0.0396679987013763
2024-09-22 14:31:15.616776+00:00,0.9504595520000001,23.05,-20.95548412511239,55.07033643384029,234.95435117613985,0.03966798808799392
2024-09-22 14:41:10.777558+00:00,0.950046776,23.029999999999998,-20.955609735056203,55.07015313285698,254.47723201411958,0.039667976583606906
2024-09-22 14:41:13.613722+00:00,0.95045556,23.016,-20.95561033363464,55.07015225935912,254.57192312257013,0.03966796525621892
2024-09-22 14:51:15.767173+00:00,0.950648754,23.066,-20.955737419396048,55.069966804734094,274.9801410002051,0.03943820829494785
2024-09-22 14:51:18.868607+00:00,0.950737822,23.104,-20.955738073960234,55.069965849536956,275.0867045414345,0.031521130384527966
2024-09-22 15:01:10.840526+00:00,0.950726038,23.088,-20.955859396157024,55.069788812970046,295.05860249997187,0.023604054335591592
2024-09-22 15:01:14.489437+00:00,0.950009594,23.083999999999996,-20.955859395337413,55.06978881573623,295.05830493672323,0.015686980778389266
2024-09-22 15:11:15.780659+00:00,0.9492931500000001,23.080000000000002,-20.95585926027687,55.06978927156557,295.00927071064746,0.007769909783930705
2024-09-22 15:21:14.587788+00:00,0.9492396839999999,23.008,-20.955859125774296,55.06978972551175,294.96043926593734,8.258681582450786e-05
2024-09-22 15:21:20.993336+00:00,0.949186218,22.936,-20.9558591243355,55.069789730367695,294.95991690835797,8.258681087090994e-05
2024-09-22 15:31:15.962984+00:00,0.9489045700000001,22.922,-20.955858990694892,55.06979018140474,294.9113986094267,8.258681093603654e-05
2024-09-22 15:31:19.743283+00:00,0.949022924,22.922000000000004,-20.95585898984577,55.06979018427053,294.91109033572997,8.258680539031545e-05
2024-09-22 15:41:15.018595+00:00,0.949107268,22.936,-20.955858856136505,55.0697906355393,294.8625473164653,8.2586808616955e-05
2024-09-22 15:41:20.991226+00:00,0.948744224,22.954,-20.955858854794947,55.069790640067055,294.86206026651143,8.258681114258092e-05
2024-09-22 15:51:16.151469+00:00,0.9481893020000001,22.986,-20.95585872111153,55.06979109124859,294.8135268383003,0.0005806180896756595
2024-09-22 15:51:20.512414+00:00,0.947963414,23.014,-20.955858720131985,55.06979109455455,294.8131712177698,0.005492625270122115
2024-09-22 16:01:21.830686+00:00,0.9479734480000002,23.052,-20.955854902222438,55.06980542089541,293.2791807112938,0.01040463292213099
2024-09-22 16:01:26.343266+00:00,0.948017492,23.076,-20.95585462861604,55.06980645093195,293.16890962875607,0.015316640983903076
2024-09-22 16:11:21.548410+00:00,0.948310102,23.116,-20.955818540185547,55.06994231179918,278.6307372756193,0.020228649738405376
2024-09-22 16:11:27.104584+00:00,0.94879459,23.142000000000003,-20.955818203304062,55.06994358004527,278.4950888814945,0.024642627842290803
2024-09-22 16:21:22.541762+00:00,0.949587756,23.176000000000002,-20.9557821008049,55.07007949387633,263.96568944840055,0.02464263052513079
2024-09-22 16:21:27.049648+00:00,0.950145,23.2,-20.95578182748311,55.070080522841415,263.8557521395533,0.024642633227035287
2024-09-22 16:31:22.296382+00:00,0.950689624,23.216,-20.95574573653095,55.07021639320188,249.34795199206005,0.024642636141711492
2024-09-22 16:31:27.802630+00:00,0.950985682,23.215999999999998,-20.95574540267657,55.07021765005194,249.21383735391896,0.024642638939948038
2024-09-22 16:41:22.957316+00:00,0.950511992,23.216,-20.95570931730543,55.07035349940171,234.728429839576,0.024642641622679224
2024-09-22 16:41:27.812656+00:00,0.949729624,23.208,-20.955709022916846,55.07035460767625,234.61034857847028,0.02464264429035246
2024-09-22 16:51:23.142148+00:00,0.94926951,23.356,-20.9556729269469,55.070490496927,220.1448326036642,0.02464264713488088
2024-09-22 16:51:28.481674+00:00,0.948822016,23.512,-20.955672603201194,55.07049171572127,220.01521380804897,0.024642649931524492
2024-09-22 17:01:23.750822+00:00,0.9485242740000001,23.534,-20.955636510890024,55.07062759119794,205.58047592561277,0.024642653237688255
2024-09-22 17:01:28.382685+00:00,0.94899628,23.556,-20.955636230051276,55.07062864846187,205.4682875270464,0.024642657218574674
2024-09-22 17:21:28.481696+00:00,0.9494015040000001,23.508,-20.955563465744415,55.070902581733506,176.48507806546186,0.024642661770227763
2024-09-22 17:21:33.924399+00:00,0.9489195500000001,23.298,-20.955563135742878,55.07090382407889,176.35407958782906,0.02464266731789197
2024-09-22 17:41:28.295699+00:00,0.948437596,23.088,-20.955490718718146,55.0711764499495,147.74283739030835,0.024642672970307988
2024-09-22 17:51:28.188774+00:00,0.9477341559999999,23.004,-20.955454346049404,55.071313380878635,133.5071217929457,0.028575814667584482
2024-09-22 17:51:33.538027+00:00,0.9470307159999999,22.919999999999998,-20.95545402171392,55.071314601893235,133.38071730644347,0.03560522963084263
2024-09-22 18:11:34.141674+00:00,0.946249714,22.904,-20.955383172927,55.07182124698307,81.29646203720381,0.04263464646866203
2024-09-22 18:11:38.047613+00:00,0.9460336359999999,22.894,-20.955382947350955,55.07182348295427,81.06868685392062,0.04966406369018085
2024-09-22 18:31:34.116900+00:00,0.9453360180000001,22.9,-20.95531387187902,55.07250817785623,19.4448161612122,0.05384117656688438
2024-09-22 18:31:37.907227+00:00,0.94491993,22.922000000000004,-20.955313652979818,55.07251034764476,19.35793939572841,0.04517235700617963
2024-09-22 19:11:43.918606+00:00,0.9445038419999999,22.944,-20.95521277732722,55.0735597039896,103.68067601115587,0.033407262979090094
2024-09-22 19:31:43.721285+00:00,0.9447548399999999,22.93,-20.955222956964768,55.07356200816432,103.60895327663312,0.02164216605591948
2024-09-22 19:31:46.863427+00:00,0.94436131,22.919999999999998,-20.95522298362404,55.073562014198686,103.60878233893584,0.009990115518468469
2024-09-22 19:41:38.774872+00:00,0.9446590699999999,22.9,-20.95522800565314,55.07356315094176,103.5781572489766,0.0034494279520685565
2024-09-22 20:01:49.090464+00:00,0.9452275400000001,22.866,-20.95523943396604,55.07357611437183,104.5653785879901,0.005821535259734258
2024-09-22 20:21:48.846209+00:00,0.945648022,22.793999999999997,-20.955265459757875,55.07372164567104,118.70538719908616,0.008193642239620994
2024-09-22 20:41:48.446618+00:00,0.9455457620000001,22.759999999999998,-20.95529148218008,55.07386715812789,133.12029995038512,0.010565750793570498
2024-09-22 20:51:53.299707+00:00,0.9464718320000001,22.77,-20.955304603001252,55.07394052727507,140.46650856963134,0.012824809135538651
2024-09-22 20:51:53.495135+00:00,0.9471881520000001,22.774,-20.95530460724059,55.07394055098065,140.4688892705312,0.012824808568449902
2024-09-22 21:01:48.194538+00:00,0.947010476,22.698,-20.95531750780217,55.07401268847791,147.732751557205,0.01282480781404951
2024-09-22 21:01:48.680663+00:00,0.947288964,22.666,-20.955317518347474,55.07401274744525,147.73870422276917,0.012824807060803167
2024-09-22 21:11:53.696559+00:00,0.947567452,22.634,-20.955330642700357,55.07408613634109,155.16435854634645,0.01282480463439917
2024-09-22 21:31:51.664784+00:00,0.947244506,22.564,-20.955356629716277,55.07423145081271,169.95554945283996,0.012824803664909724
2024-09-22 21:31:53.278496+00:00,0.94692156,22.494,-20.955356664721847,55.07423164655724,169.9755422868044,0.0128248020537311
2024-09-22 21:51:52.730814+00:00,0.947254912,22.514000000000003,-20.95538268393157,55.07437714105051,184.87874989939203,0.013827622414974422
2024-09-22 21:52:01.159132+00:00,0.947280088,22.528000000000002,-20.955382866763493,55.07437816341199,184.98374959116484,0.01921543971923667
2024-09-22 22:12:00.910148+00:00,0.947292676,22.536,-20.95528785994371,55.07419891507099,167.32221221788149,0.024603259358995305
2024-09-22 22:12:02.492674+00:00,0.9475228960000001,22.534,-20.955287618417632,55.074198367032494,167.2689044740114,0.02999108139343838
2024-09-22 22:21:56.013224+00:00,0.947600888,22.544,-20.955197034948416,55.07399282720572,147.81042387682737,0.03537890558651783
2024-09-22 22:21:57.324137+00:00,0.9477766540000001,22.564,-20.95519683487607,55.07399237322846,147.768781689155,0.039763912407782084
2024-09-22 22:32:02.508390+00:00,0.94795242,22.583999999999996,-20.955104471285363,55.0737827941894,129.35881043388693,0.039763924728198896
2024-09-22 22:41:57.235093+00:00,0.948553954,22.708,-20.955013703732305,55.07357683666433,113.35032467243853,0.039494294811084726
2024-09-22 22:42:05.358319+00:00,0.949155488,22.832,-20.955012463960568,55.07357402354103,113.15020713533383,0.03254466733878913
2024-09-22 23:02:05.377576+00:00,0.949501548,22.86,-20.954836572560634,55.07317201277306,91.93060174615056,0.025595037863151742
2024-09-22 23:02:07.600954+00:00,0.949507026,22.874000000000002,-20.954836671817933,55.07317202815983,91.92322297190431,0.018645404419903984
2024-09-22 23:22:02.600792+00:00,0.949518802,22.892,-20.95489001967333,55.07318029809421,88.07230634320413,0.011695768837611902
2024-09-22 23:22:03.516834+00:00,0.949117398,22.812,-20.95489006056779,55.073180304433635,88.06944625947243,0.005015773166980024
2024-09-22 23:32:07.592688+00:00,0.9485565599999999,22.752,-20.954917028062084,55.07318448490924,86.2160549255342,0.005015773073380543
2024-09-22 23:32:08.704566+00:00,0.9487694,22.804,-20.954917077699164,55.073184492603936,86.21270496817401,0.005015773060861028
2024-09-22 23:42:03.690770+00:00,0.948680878,22.842,-20.954943639408178,55.07318861017509,84.45385369371596,0.005775047590904218
2024-09-22 23:52:08.766842+00:00,0.9485860580000001,22.875999999999998,-20.95497065155477,55.07319279757266,82.73725749307462,0.01439910745245714
2024-09-23 00:02:04.609056+00:00,0.948759444,22.927999999999997,-20.9549947751101,55.07314932953165,77.59138224808217,0.02302316682715123
2024-09-23 00:02:11.627056+00:00,0.9490922639999999,22.96,-20.954994925896752,55.073146080298024,77.33184676555678,0.03164722594095583
2024-09-23 00:12:06.460748+00:00,0.949367662,22.97,-20.955007706315367,55.07287068081083,58.32463821538036,0.04027128439693771
2024-09-23 00:12:09.586298+00:00,0.94978189,22.970000000000002,-20.95500777347,55.07286923372587,58.24556177945901,0.048136067469644106
2024-09-23 00:22:14.615943+00:00,0.950196118,22.97,-20.955020772955812,55.07258911365839,49.6059241633323,0.04813606499929457
2024-09-23 00:32:09.440219+00:00,0.95128605,22.898,-20.95503355317212,55.072313718530644,56.55411378673618,0.04813606251333393
2024-09-23 00:32:15.927211+00:00,0.9523759820000001,22.826,-20.95503369254969,55.072310715146116,56.70494054054581,0.048136059350483415
2024-09-23 00:42:10.845667+00:00,0.9520754720000001,22.716,-20.955046474789526,55.07203527641433,74.90724605106944,0.048136056869831675
2024-09-23 00:42:14.496252+00:00,0.951937494,22.630000000000003,-20.9550465532249,55.072033586245794,75.03904952435262,0.048136054429925045
2024-09-23 00:52:15.775311+00:00,0.95285682,22.648000000000003,-20.95505947212675,55.07175520264578,98.63488403563616,0.04787388815102385
2024-09-23 00:52:19.282676+00:00,0.9528322360000001,22.72,-20.95505954748494,55.07175357878604,98.78086642929966,0.03840011660336283
2024-09-23 01:02:10.539578+00:00,0.9519663679999999,22.698,-20.95507185949949,55.07148728734341,123.51219445234076,0.02892634591356444
2024-09-23 01:02:14.715552+00:00,0.9519395660000001,22.706,-20.955071849148208,55.071487258550185,123.51539823174306,0.019452575204074108
2024-09-23 01:12:19.886461+00:00,0.951714864,22.724,-20.95507034906803,55.07148308591337,123.97968135740335,0.00997880528026547
2024-09-23 01:22:15.069251+00:00,0.9504328579999999,22.638,-20.955068873746114,55.07147898214436,124.43630169530572,0.0007671994404284034
2024-09-23 01:32:14.103263+00:00,0.949340862,22.558,-20.9550673888779,55.071474851821286,124.89587669564033,0.0007671994532874274
2024-09-23 01:32:20.082767+00:00,0.94909015,22.572,-20.955067374056078,55.07147481059277,124.90046413274933,0.0007671994577057953
2024-09-23 01:42:15.064607+00:00,0.949265202,22.602,-20.955065899232274,55.071470708209304,125.35693036318287,0.0007671994616530737
2024-09-23 01:42:18.669328+00:00,0.949677584,22.622000000000003,-20.955065890296993,55.07147068335485,125.35969588196784,0.0023569621258688845
2024-09-23 01:52:20.010024+00:00,0.950089966,22.642000000000003,-20.955064399711038,55.07146653712725,125.82104061586831,0.010802915311465721
2024-09-23 02:02:17.764344+00:00,0.949969244,22.674,-20.95507153263662,55.07141694855339,130.3770619723306,0.019248867420284532
2024-09-23 02:02:25.359955+00:00,0.9498485219999999,22.706,-20.95507208899598,55.07141386040417,130.65821732217853,0.027694818361687457
2024-09-23 02:12:20.166098+00:00,0.9490752499999999,22.758000000000003,-20.955115657047386,55.07117202993728,153.2358255108277,0.036140768025011594
2024-09-23 02:12:22.934802+00:00,0.9481687799999999,22.976,-20.95511585984798,55.07117090426467,153.3431204562354,0.04299695259691718
2024-09-23 02:22:27.668768+00:00,0.9472623099999999,23.194,-20.95516015508742,55.07092503744051,177.1383818320159,0.0429969449862642
2024-09-23 02:32:19.756555+00:00,0.946118122,23.596000000000004,-20.9552035240261,55.07068431217621,200.96641861705172,0.042996937680921964
2024-09-23 02:32:22.282363+00:00,0.9449739340000001,23.998,-20.955203709035164,55.070683285257935,201.06892323968603,0.042996929549298374
2024-09-23 02:42:24.626863+00:00,0.944901868,24.886000000000003,-20.955247829252247,55.070438389919445,225.67672965580087,0.04241419632759238
2024-09-23 02:42:27.115078+00:00,0.9449235699999999,25.608000000000004,-20.955248011507713,55.070437378285405,225.77898061946004,0.033844180243651004
2024-09-23 03:02:24.940106+00:00,0.946170968,26.468,-20.95532990457956,55.0699834,272.0319298411161,0.025274165803290442
2024-09-23 03:02:26.860850+00:00,0.9479991780000001,27.125999999999998,-20.955329907116287,55.0699834,272.03191405580213,0.016704152140161847
2024-09-23 03:12:29.939381+00:00,0.950196386,27.988,-20.955330703602318,55.0699834,272.026972174333,0.0081341404759347
2024-09-23 03:12:31.880574+00:00,0.953753244,28.55,-20.955330706166052,55.0699834,272.02695631378754,0.00014685517886586018
2024-09-23 03:22:24.899371+00:00,0.9573101019999999,29.112000000000002,-20.955331489366188,55.0699834,272.0221249871439,0.00014685514165198988
2024-09-23 03:32:29.823372+00:00,0.960027698,29.669999999999998,-20.955332288289533,55.0699834,272.0172253072512,0.0001468551416521151
2024-09-23 03:32:31.412933+00:00,0.964271288,30.348000000000003,-20.955332290388867,55.0699834,272.0172124704605,0.0001468551470902048
2024-09-23 03:42:34.861648+00:00,0.96814588,30.821999999999996,-20.955333087363798,55.0699834,272.01235363467276,0.0001468551523287426
2024-09-23 03:52:29.567587+00:00,0.970967252,31.089999999999996,-20.955333872792142,55.0699834,272.0075933565431,0.001093019395636468
2024-09-23 03:52:30.559962+00:00,0.973788624,31.357999999999997,-20.955333874102774,55.0699834,272.0075854365176,0.005808646249909328
2024-09-23 04:02:34.985322+00:00,0.9756745780000001,31.564,-20.9553603711557,55.06998239341806,271.9678105289491,0.010524273429735739
2024-09-23 04:02:35.783336+00:00,0.9760345380000001,31.65,-20.955360541310842,55.06998238679775,271.96767458655876,0.015239900974462196
2024-09-23 04:12:29.986656+00:00,0.977915254,31.732,-20.95548723928692,55.06997745729649,272.23218481270146,0.019955528142336972
2024-09-23 04:12:30.826424+00:00,0.97797728,31.712,-20.955487418345015,55.06997745032979,272.2330750476281,0.023724991067173008
2024-09-23 04:22:35.910996+00:00,0.978039306,31.692,-20.955616436457213,55.06997243055783,273.25164793905174,0.023724991118248988
2024-09-23 04:32:39.730739+00:00,0.979829308,31.672000000000004,-20.955745184878445,55.06996742127888,275.01235187986737,0.023724991101762568
2024-09-23 04:32:41.055120+00:00,0.9816193099999999,31.651999999999997,-20.95574546726728,55.069967410291845,275.0170214612894,0.023724991296063234
2024-09-23 04:42:34.382353+00:00,0.982355024,31.574,-20.955871978441213,55.069962488058586,277.45920882292234,0.023724991280157155
2024-09-23 04:42:36.039929+00:00,0.9840004840000001,31.583999999999996,-20.95587233187503,55.06996247430736,277.46700179012856,0.02372499114525343
2024-09-23 04:52:39.131510+00:00,0.986382968,31.580000000000002,-20.956000925035173,55.06995747106923,280.65398560106894,0.021015899004959385
2024-09-23 04:52:41.092564+00:00,0.9875864599999999,31.503999999999998,-20.956001343177512,55.06995745480036,280.66547939387385,0.016288249644389862
2024-09-23 05:12:39.408412+00:00,0.989546832,31.413999999999998,-20.95611098841023,55.06995368068372,283.87711472293387,0.011560599774658746
2024-09-23 05:12:40.768464+00:00,0.9910407360000001,31.385999999999996,-20.956110988983742,55.069953681639575,283.87703477004084,0.0068329504664405875
2024-09-23 05:22:44.354980+00:00,0.991303798,31.353999999999996,-20.95611124350709,55.069954105845156,283.8415544251106,0.002105301302258114
2024-09-23 05:22:45.744511+00:00,0.990829836,31.336000000000002,-20.956111244093037,55.069954106821726,283.8414727514291,8.674437877540498e-05
2024-09-23 05:32:39.273516+00:00,0.9915644020000001,31.363999999999997,-20.956111494375282,55.069954523958806,283.8065887182508,8.674444533552012e-05
2024-09-23 05:32:40.645989+00:00,0.9915420880000001,31.406,-20.956111494954033,55.06995452492339,283.8065080591003,8.674439642337994e-05
2024-09-23 05:42:44.017630+00:00,0.991820978,31.447999999999997,-20.95611174938677,55.06995494897796,283.77105072640035,8.674441658066613e-05
2024-09-23 05:42:45.657566+00:00,0.9933307100000001,31.494,-20.956111750078307,55.069954950130516,283.7709543625006,8.674441704565757e-05
2024-09-23 05:52:40.727159+00:00,0.993893316,31.484,-20.956112001010197,55.069955368350335,283.7359900335792,0.0036236274376818672
2024-09-23 05:52:48.851770+00:00,0.993247394,31.427999999999997,-20.956112004436225,55.06995537406038,283.73551269340305,0.01988746119825918
2024-09-23 06:02:44.008571+00:00,0.992246704,31.375999999999998,-20.956103384060036,55.070056810029655,273.3078209998336,0.036151296792101315
2024-09-23 06:02:46.109160+00:00,0.99094481,31.324,-20.95610324109746,55.070058449667684,273.1392547735594,0.05241513625323206
2024-09-23 06:12:48.925169+00:00,0.9907514080000001,31.178000000000004,-20.95606221444828,55.07052898437314,224.91691517753193,0.06867897619961172
2024-09-23 06:12:51.061669+00:00,0.991505132,31.088,-20.95606206904165,55.07053065204203,224.74666036070641,0.08140593580356359
2024-09-23 06:22:44.106791+00:00,0.9910866219999999,30.93,-20.95602170738271,55.07099355997341,177.7625767506604,0.08140594640382867
2024-09-23 06:22:45.826409+00:00,0.9941036480000001,30.691999999999997,-20.95602159034838,55.0709949022403,177.62734832289598,0.08140595961885166
2024-09-23 06:32:49.221817+00:00,0.9971206739999999,30.453999999999997,-20.95598052426627,55.071465889202194,130.79681609064505,0.08140597111252226
2024-09-23 06:42:44.860762+00:00,0.996036812,30.357999999999997,-20.95593998607606,55.07193082177099,87.07880257372798,0.08140598436484918
2024-09-23 06:42:54.198649+00:00,0.9949529500000001,30.262,-20.95593935055509,55.07193811056199,86.43395834214216,0.08140599743798371
2024-09-23 06:52:49.121572+00:00,0.993049392,30.348000000000003,-20.95589886109614,55.07240248423188,52.19809210785513,0.07897068910894946
2024-09-23 06:52:49.917935+00:00,0.9880650660000001,30.509999999999998,-20.955898806897007,55.072403105841836,52.16734097864391,0.06270775163676437
2024-09-23 07:02:54.737949+00:00,0.985247438,30.971999999999998,-20.955863866550995,55.072804595410275,49.042706616262244,0.046444812005796365
2024-09-23 07:02:55.439883+00:00,0.985422206,31.385999999999996,-20.955863867126155,55.072804595370606,49.042762400739555,0.030181870080642055
2024-09-23 07:12:49.272432+00:00,0.986328112,31.9,-20.955864353708574,55.0728045618132,49.08996321369563,0.013918925766525581
2024-09-23 07:12:50.187288+00:00,0.989225948,32.3,-20.9558643544582,55.0728045617615,49.090035942138904,9.130107881054881e-05
2024-09-23 07:22:54.238491+00:00,0.9920719179999999,32.672000000000004,-20.955864849413715,55.07280452762664,49.138063866257326,9.130111481617978e-05
2024-09-23 07:22:55.200229+00:00,0.9927511900000001,32.744,-20.955864850201756,55.072804527572295,49.13814034600403,9.130111620190945e-05
2024-09-23 07:32:49.843278+00:00,0.9928695080000001,32.87,-20.955865337448294,55.07280449396908,49.18543484822498,9.1301165927405e-05
2024-09-23 07:32:59.331907+00:00,0.9922566880000001,32.896,-20.955865345223213,55.07280449343288,49.18618963685098,9.130165956399959e-05
2024-09-23 07:42:54.394142+00:00,0.9919977620000001,32.95,-20.955865832813227,55.07280445980599,49.233532161772345,9.130163915827771e-05
2024-09-23 07:42:54.493031+00:00,0.9907778479999999,32.932,-20.955865832894258,55.072804459800395,49.23354003053297,0.0023297055307715075
2024-09-23 07:52:59.614860+00:00,0.9895579340000001,32.914,-20.955866328727037,55.072804425605035,49.28169767224827,0.011856956852548103
2024-09-23 08:02:54.276660+00:00,0.992073658,32.956,-20.95585880092368,55.07286853710726,51.80099965429384,0.021384208234086315
2024-09-23 08:02:55.165965+00:00,0.9945893819999998,32.998000000000005,-20.955858751014834,55.07286894234565,51.81907980974558,0.030911460712348
2024-09-23 08:12:59.233868+00:00,0.99627413,33.016000000000005,-20.955824850015258,55.07314420390248,69.21141427507565,0.040438715271400257
2024-09-23 08:13:00.360527+00:00,0.9971866620000001,33.288,-20.95582478678583,55.07314471729829,69.25098662501567,0.0477275691147397
2024-09-23 08:32:59.726659+00:00,0.99738179,33.684000000000005,-20.95575747695107,55.07369124424843,117.93391835268888,0.047727577635632665
2024-09-23 08:43:04.919214+00:00,0.996301062,34.396,-20.955723512834705,55.073967018286496,144.89432318044774,0.04059105270568782
2024-09-23 08:53:00.211408+00:00,0.9952203340000001,35.108,-20.955690104338228,55.07423828092969,172.02412911030322,0.0350267665771319
2024-09-23 09:13:00.427959+00:00,0.994349624,35.924,-20.955609137977586,55.07434720687598,182.22223296274692,0.029462480378969064
2024-09-23 09:13:06.301110+00:00,0.9952639839999999,36.586,-20.955608693511568,55.07434618654135,182.1123933724638,0.023898192433307312
2024-09-23 09:43:04.719598+00:00,0.997579064,37.053999999999995,-20.955472593502652,55.074033749713024,148.9854987064454,0.01833390443431836
2024-09-23 09:43:10.755359+00:00,0.9983406840000001,37.00600000000001,-20.95547213673071,55.07403270112839,148.8764032231283,0.019906153307790178
2024-09-23 10:23:13.617685+00:00,1.000429434,36.824,-20.955290293858116,55.07361525508398,107.33703341846169,0.019906164270207465
2024-09-23 10:53:18.660726+00:00,1.002785248,36.534000000000006,-20.95515369251888,55.073301667380974,80.84505716507512,0.019906174818257003
2024-09-23 11:13:13.902278+00:00,1.004568736,35.995999999999995,-20.955063239497548,55.07309401967159,68.23342499621234,0.019906184327193717
2024-09-23 11:13:20.761113+00:00,1.005668908,35.528000000000006,-20.955062720437308,55.07309282809537,68.17828404559532,0.01990619225456919
2024-09-23 11:23:16.465004+00:00,1.0067556979999999,34.391999999999996,-20.95501763899191,55.072989337258534,64.32125432711476,0.019906198216741108
2024-09-23 11:23:19.351713+00:00,1.0065153580000001,33.39,-20.95501742053268,55.07298883575446,64.30732431636457,0.01990620313992326
2024-09-23 11:53:22.400984+00:00,1.008046056,32.444,-20.954880970077188,55.07267559442643,65.62432428861965,0.019544705038097732
2024-09-23 11:53:25.027010+00:00,1.0101490800000001,31.746000000000002,-20.954880771345824,55.072675138210464,65.64053708708889,0.018863460334442535
2024-09-23 12:03:19.047388+00:00,1.011338192,30.865999999999996,-20.954854565612013,55.072575480132386,68.12052187030861,0.01818221442340328
2024-09-23 12:03:20.456250+00:00,1.012195318,30.74,-20.9548546330748,55.07257526824496,68.11381792593119,0.01750096698174778
2024-09-23 12:13:25.082685+00:00,1.014067162,30.652000000000005,-20.954883585362577,55.07248433476639,65.93402917292319,0.016819716978983122
2024-09-23 12:13:26.336812+00:00,1.014167968,30.508,-20.954883645415936,55.07248414615052,65.9310017571396,0.016499966850869
2024-09-23 12:43:21.251845+00:00,1.014662408,30.288,-20.95496959418295,55.07221419786792,68.2148335866201,0.01801752025094468
2024-09-23 12:43:21.402990+00:00,1.01607076,30.25,-20.954969601420462,55.0722141751363,68.21556409242062,0.021908506649038775
2024-09-23 13:13:27.820619+00:00,1.015446376,29.874000000000002,-20.9550338154458,55.07180082386313,95.8523324346892,0.025799493379770277
2024-09-23 13:13:28.797139+00:00,1.011790634,29.136000000000003,-20.955033832282904,55.07180048622338,95.88171106278091,0.02969048048456289
2024-09-23 13:23:33.496894+00:00,1.008134892,28.398000000000003,-20.955044258485117,55.07159140633965,114.69472291073443,0.033581467054504766
2024-09-23 13:43:34.724090+00:00,1.004291512,27.606,-20.955064969982917,55.0711760722165,154.3661052020805,0.03595489814630336
2024-09-23 13:43:35.237290+00:00,1.000448132,26.814,-20.955064978831484,55.071175894773454,154.38345757365133,0.03595489808656348
2024-09-23 13:53:30.173063+00:00,0.9989153119999999,26.298000000000002,-20.955075236683616,55.07097019086635,174.65116932710973,0.035954896099955135
2024-09-23 13:53:31.114393+00:00,0.999399132,26.106,-20.955075252913982,55.07096986539374,174.6834499042113,0.03595489450032431
2024-09-23 14:03:36.037504+00:00,0.9993469600000001,25.758,-20.955085682967283,55.07076070828288,195.5372498183012,0.035954895346859604
2024-09-23 14:03:37.611038+00:00,0.999088792,25.54,-20.955085710098075,55.07076016422065,195.591749522829,0.035954894017984095
2024-09-23 14:13:31.217261+00:00,0.997879996,25.23,-20.955095945026176,55.070554920016264,216.2275495251669,0.03595489141409315
2024-09-23 14:13:33.375852+00:00,0.996393376,24.982000000000003,-20.95509598224449,55.07055417366579,216.3028400503692,0.03595489022417757
2024-09-23 14:23:37.091035+00:00,0.994372862,24.64,-20.955106391470757,55.07034543420593,237.41879329934525,0.03595488909561505
2024-09-23 14:23:39.243814+00:00,0.99288834,24.454,-20.955106428588863,55.07034468986499,237.49428088091264,0.03595488804843185
2024-09-23 14:33:32.948694+00:00,0.989928098,24.23,-20.955116665218004,55.07013941154913,258.35590960324873,0.03595488689289592
2024-09-23 14:33:35.355950+00:00,0.9878861860000001,24.059999999999995,-20.95511670672379,55.07013857922067,258.4406570824702,0.035954885404772985
2024-09-23 14:43:41.266632+00:00,0.9856537700000001,23.863999999999997,-20.95512715380474,55.069929080649075,279.8068946707911,0.03541826680805138
2024-09-23 14:53:37.146731+00:00,0.9834028800000001,23.729999999999997,-20.95513742793889,55.069723050233485,300.87806120690806,0.03480518711134901
2024-09-23 15:03:43.850410+00:00,0.9811519900000001,23.595999999999997,-20.955176810658163,55.06953328440055,319.9749222582666,0.0341921061933292
2024-09-23 15:13:39.610632+00:00,0.980225596,23.494,-20.955297872532793,55.06939616930896,333.11402923844093,0.03357902416123025
2024-09-23 15:13:45.103245+00:00,0.9793315,23.43,-20.955298988663102,55.06939490517597,333.2381150597892,0.03296594126943227
2024-09-23 15:23:40.835277+00:00,0.978285212,23.407999999999998,-20.955420044809376,55.069257796572344,346.991524880049,0.032889474204491065
2024-09-23 15:23:45.336868+00:00,0.977791292,23.418,-20.95542095955835,55.069256760524546,347.0975869044886,0.03288946698617287
2024-09-23 15:33:41.291044+00:00,0.977257588,23.438000000000002,-20.95554206084555,55.06911960079415,361.3996584717008,0.03288945976121122
2024-09-23 15:33:45.951638+00:00,0.976875108,23.464,-20.95554300790481,55.069118528151606,361.51346431653786,0.03288945273351521
2024-09-23 15:43:41.717762+00:00,0.97632136,23.494,-20.95566407097878,55.06898141170165,376.2921207391513,0.032889445584730136
2024-09-23 15:43:47.168633+00:00,0.976110308,23.508,-20.955665178626862,55.06898015717566,376.42936578909837,0.03288943868367076
2024-09-23 15:53:42.858728+00:00,0.9756209979999999,23.574,-20.955786226251266,55.06884305822393,391.6327285341211,0.03207258127485936
2024-09-23 15:53:47.532589+00:00,0.9751714720000001,23.630000000000003,-20.955787176006503,55.06884198252792,391.7535571506034,0.046795487301125836
2024-09-23 16:03:43.076856+00:00,0.974742416,23.666000000000004,-20.955787621784445,55.06867677972999,408.84447483909696,0.061518402643723255
2024-09-23 16:03:49.959713+00:00,0.9744846279999999,23.698,-20.955781780932465,55.068673506182826,409.1270008445113,0.07624132757740447
2024-09-23 16:13:45.608150+00:00,0.973482082,23.744000000000003,-20.955276308514197,55.068390210559336,437.5562041393143,0.09096426127029714
2024-09-23 16:13:48.835011+00:00,0.9737587400000001,23.744,-20.955273570171983,55.068388675835905,437.73022758983933,0.10650406260330159
2024-09-23 16:23:51.596379+00:00,0.974035398,23.744000000000003,-20.954762061659068,55.068101997240106,473.5016118805189,0.10650411027669113
2024-09-23 16:33:47.767730+00:00,0.97447123,23.701999999999998,-20.954256145491414,55.06781845291411,514.3455331463755,0.10650415702467683
2024-09-23 16:33:49.221716+00:00,0.974907062,23.66,-20.954254911626272,55.067817761385584,514.4507622004543,0.10650420321878293
2024-09-23 16:43:45.012043+00:00,0.9750364680000001,23.548,-20.95374931879888,55.06753439827795,559.5146359267777,0.10650425002910058
2024-09-23 16:43:53.703078+00:00,0.974837176,23.39,-20.95374194351147,55.06753026474549,560.1983653202384,0.09402101380080188
2024-09-23 16:53:49.442370+00:00,0.9746378840000001,23.232,-20.95323639399272,55.06724692591049,608.592309491442,0.09453180171879602
2024-09-23 17:03:47.060392+00:00,0.973853338,23.066000000000003,-20.953010926136628,55.06716889526485,626.5152934555305,0.09504256840894662
2024-09-23 17:03:56.268393+00:00,0.9730687920000001,22.9,-20.953017712917887,55.06717527530277,625.5902053556547,0.09555331332337975
2024-09-23 17:13:52.069069+00:00,0.972238688,22.774,-20.953456849365914,55.067588093557106,566.3060411971527,0.09606403618571113
2024-09-23 17:13:52.896706+00:00,0.9707363359999999,22.688,-20.953457459377926,55.06758866701006,566.2245575893861,0.10905801157362685
2024-09-23 17:23:57.935470+00:00,0.968787048,22.604,-20.95390340478285,55.06800788614892,507.4520413723315,0.10905794116503378
2024-09-23 17:23:58.054627+00:00,0.9672433699999999,22.59,-20.95390349260782,55.0680079687104,507.44064129601253,0.10905787410251522
2024-09-23 17:33:53.739486+00:00,0.96546364,22.566,-20.954342543692466,55.06842070671731,451.52822085509877,0.10905780400025307
2024-09-23 17:33:53.984565+00:00,0.96457766,22.544,-20.954342724328612,55.068420876527625,451.50571589516505,0.10905771972772678
2024-09-23 17:43:59.876775+00:00,0.9636916799999999,22.522,-20.95478929876806,55.06884068700191,397.47067548845945,0.1090576390193364
2024-09-23 17:53:54.910741+00:00,0.963443294,22.496000000000002,-20.955227870110463,55.069252974018355,348.4677967926073,0.10467073608754188
2024-09-23 17:53:55.843695+00:00,0.962815638,22.434,-20.955228557746732,55.06925362044341,348.3950441411427,0.09176561014405682
2024-09-23 18:03:52.790017+00:00,0.962424034,22.381999999999998,-20.95554399701808,55.069623417620114,309.10546402183996,0.07886050113421203
2024-09-23 18:13:57.258020+00:00,0.960915598,22.344,-20.95552791748467,55.06988207244494,282.2093045616087,0.06595542146923648
2024-09-23 18:13:58.861609+00:00,0.9594071620000001,22.306,-20.95552787482739,55.06988275862848,282.1379575269625,0.05305035364979706
2024-09-23 18:23:55.177086+00:00,0.9587249379999999,22.288,-20.95551201216041,55.07013792494739,255.60911260249532,0.04453212168303802
2024-09-23 18:24:02.640510+00:00,0.9584219839999999,22.306,-20.955511813624877,55.070141118583145,255.2771149584803,0.04453212401487779
2024-09-23 18:33:58.128658+00:00,0.9572800780000001,22.296,-20.955495972965785,55.070395930883905,228.79125238302092,0.0445321271798339
2024-09-23 18:34:00.920550+00:00,0.9574579959999999,22.286,-20.955495898698295,55.07039712554818,228.66709355286503,0.044532129458341764
2024-09-23 18:43:56.822477+00:00,0.958081988,22.284,-20.955480047032207,55.07065211490709,202.17139153172124,0.04453213182536323
2024-09-23 18:44:03.722293+00:00,0.9576891099999999,22.264,-20.955479863489288,55.070655067372186,201.8646668635588,0.04453213387899868
2024-09-23 18:53:58.814125+00:00,0.9568495300000001,22.246,-20.955464033372646,55.07090971008743,175.41752652860413,0.04453213629232344
2024-09-23 18:54:02.565330+00:00,0.9566125160000001,22.256,-20.95546393358635,55.0709113152464,175.25086636139227,0.04453214103305107
2024-09-23 19:04:08.726033+00:00,0.956596628,22.302,-20.955447809025205,55.07117069438582,148.33158812531437,0.04389892752879159
2024-09-23 19:54:04.916655+00:00,0.956134666,22.34,-20.955368106961632,55.0724527790563,18.734595979528514,0.040763600964753385
2024-09-23 20:04:04.550163+00:00,0.954101706,22.392000000000003,-20.955350109872068,55.07269087151414,16.10398480788926,0.037055460726365966
2024-09-23 20:04:11.585573+00:00,0.9533592259999999,22.491999999999997,-20.955349788397154,55.07269279598982,16.251760503866716,0.03402345421930831
2024-09-23 21:04:13.821701+00:00,0.9525818020000001,22.616,-20.955187756937935,55.073577589509576,106.24778780622366,0.030991445609557522
2024-09-23 21:14:19.319968+00:00,0.951583252,22.704,-20.955168538715817,55.07340756047626,90.27316988859249,0.02859265383386119
2024-09-23 21:24:14.572785+00:00,0.95072043,22.824,-20.955149645679324,55.07324040845193,75.36342695081272,0.028695976684738656
2024-09-23 21:24:14.731291+00:00,0.9520007979999999,22.93,-20.955149640648422,55.07324036394211,75.35960408983708,0.029372114159897673
2024-09-23 21:44:15.201281+00:00,0.9524373879999999,22.986,-20.955111538311584,55.07290326181794,50.58292178035424,0.029372117122585667
2024-09-23 21:54:19.869444+00:00,0.954115322,23.074,-20.955092346436558,55.072733465884795,43.9153245269255,0.028683841141990796
2024-09-23 21:54:20.656162+00:00,0.955469946,23.072,-20.955092321466513,55.07273324496774,43.91066937471036,0.025615007380599342
2024-09-23 22:04:17.265712+00:00,0.9566888419999999,23.038,-20.955075670913285,55.072585332366295,43.51408672813081,0.02254617155848517
2024-09-23 22:14:20.240311+00:00,0.957191778,22.990000000000002,-20.955066837052183,55.072504427023304,45.544732815372235,0.019477334719399424
2024-09-23 22:14:23.032192+00:00,0.957694714,22.942,-20.955066796149815,55.072504052416996,45.55757725484133,0.01640849783455254
2024-09-23 22:24:25.455958+00:00,0.9572092139999999,22.817999999999998,-20.955057970358673,55.072423220983126,48.9870623570194,0.01402793935248087
2024-09-23 22:24:28.457874+00:00,0.9570470239999999,22.784,-20.955057926379197,55.07242281819496,49.00719971615215,0.014027939712213135
2024-09-23 22:34:20.172452+00:00,0.95753775,22.708,-20.95504925748269,55.07234342368814,53.478263179677946,0.014027940210358487
2024-09-23 22:34:24.181635+00:00,0.958172244,22.645999999999997,-20.955049198746273,55.072342885747865,53.51167443274795,0.01402794065339485
2024-09-23 22:54:25.146223+00:00,0.9585168960000001,22.598,-20.955031604050944,55.072181743882034,64.95439691484853,0.014027941339992103
2024-09-23 22:54:30.428262+00:00,0.958572208,22.552,-20.955031526666595,55.07218103515374,65.00991851951845,0.01402794199105592
2024-09-23 23:04:31.249532+00:00,0.958923718,22.496000000000002,-20.95502272435277,55.072100418738025,71.54534005979485,0.01402794285433171
2024-09-23 23:14:30.574588+00:00,0.9586223119999999,22.482,-20.955013943959187,55.07202000307988,78.42512913341197,0.01402794365169906
2024-09-23 23:34:27.055547+00:00,0.9581511260000001,22.45,-20.95499641495113,55.07185946281409,92.91455152787105,0.01402794459382179
2024-09-23 23:34:31.409798+00:00,0.95782876,22.456,-20.954996351159306,55.07185887857361,92.96869135903725,0.01429838293041694
2024-09-23 23:54:37.438167+00:00,0.9581550379999999,22.494,-20.954978682277204,55.07169705726465,108.24899424521907,0.019929343350675914
2024-09-24 00:04:34.141396+00:00,0.9581851180000001,22.542,-20.955048205968513,55.071649428670106,109.03817497269382,0.02556030299833275
2024-09-24 00:14:29.908354+00:00,0.9588524780000001,22.594,-20.955273723419808,55.07166538634417,99.29621861668684,0.031191262975339647
2024-09-24 00:14:32.420305+00:00,0.95936778,22.66,-20.955274674276087,55.07166545362701,99.26658941990819,0.0368222227110079
2024-09-24 00:24:35.684709+00:00,0.960024104,22.674,-20.95550302975813,55.07168161212088,95.34784083103541,0.042182744777674294
2024-09-24 00:34:32.871276+00:00,0.960008928,22.708000000000002,-20.95572908457821,55.0716976078193,98.0401884380351,0.042182744552876544
2024-09-24 00:34:41.133301+00:00,0.96044564,22.774,-20.955732212027268,55.07169782911842,98.12228513652344,0.042182744749015635
2024-09-24 01:04:36.924999+00:00,0.960245072,22.836000000000002,-20.95641197843808,55.07174592956813,137.45185510082365,0.04218274121474978
2024-09-24 01:14:42.753264+00:00,0.9609838159999999,22.916000000000004,-20.956641304426103,55.071762156735254,156.86814062375748,0.04218274093887107
2024-09-24 01:14:43.416827+00:00,0.961862666,22.954,-20.9566415556065,55.07176217450885,156.89037204873543,0.04218274067109207
2024-09-24 01:24:38.271307+00:00,0.9630721340000001,22.958,-20.956866727654784,55.071778107742105,177.4766888488821,0.042182761895354415
2024-09-24 01:34:43.718210+00:00,0.96467291,22.886000000000003,-20.957095909284643,55.07179432469441,199.491966217394,0.04218276172159613
2024-09-24 01:34:43.749989+00:00,0.9662736860000001,22.814,-20.95709592131407,55.07179432554562,199.49314381732256,0.04218277251582217
2024-09-24 01:44:39.068379+00:00,0.9664180139999999,22.68,-20.957321268967455,55.07181027120474,221.8778666487434,0.04218277234658978
2024-09-24 01:44:39.174399+00:00,0.966422236,22.588,-20.95732130909956,55.071810274044495,221.88190513644633,0.0421827836977982
2024-09-24 01:54:44.651454+00:00,0.9658785440000001,22.55,-20.957550502142922,55.07182649180442,245.191242619451,0.042182762082509
2024-09-24 01:54:44.699457+00:00,0.9644916560000001,22.556,-20.957550520313667,55.071826493090185,245.1931082401674,0.042182762098219896
2024-09-24 02:04:41.068456+00:00,0.96400567,22.548000000000002,-20.957776265657284,55.071842466889976,268.5489111691641,0.042182754219937016
2024-09-24 02:04:50.338543+00:00,0.9643586579999999,22.588,-20.957779774691147,55.07184271519014,268.91452274393646,0.042182753108106055
2024-09-24 02:14:45.854091+00:00,0.964457178,22.588,-20.958005196975396,55.071858666130154,292.53945866168226,0.04218274147934602
2024-09-24 02:14:46.743868+00:00,0.965103612,22.534000000000002,-20.95800553378531,55.071858689962916,292.5749437826139,0.04218274148543198
2024-09-24 02:24:50.881709+00:00,0.9656171520000001,22.514,-20.958234219892052,55.07187487185187,316.7775166936393,0.042182741192431664
2024-09-24 02:24:52.579566+00:00,0.9652297900000001,22.508,-20.95823486258696,55.07187491732913,316.8458183351948,0.042182741041295393
2024-09-24 02:34:46.265460+00:00,0.9645484919999999,22.598000000000003,-20.95845959228679,55.0718908192617,340.812243856065,0.042182741875345084
2024-09-24 02:34:48.041620+00:00,0.9641216619999999,22.728,-20.958460264621955,55.07189086683631,340.88417771166934,0.04218274166140201
2024-09-24 02:44:51.937815+00:00,0.96250482,22.950000000000003,-20.958688859257684,55.071907042252754,365.411416686849,0.04218274137861034
2024-09-24 02:44:53.817036+00:00,0.9639072499999999,23.51,-20.958689570604832,55.071907092587864,365.4879433870409,0.051340245664406224
2024-09-24 02:54:48.999173+00:00,0.963902362,23.964000000000002,-20.95891486668209,55.07192303459745,389.7804747141934,0.07091916154164586
2024-09-24 03:14:50.873722+00:00,0.964785352,24.204,-20.958391410637997,55.07107300647273,361.75395392071124,0.09049815788940374
2024-09-24 03:24:56.405365+00:00,0.9656683420000001,24.444,-20.957905213118,55.0704435718557,351.58487650020777,0.11007720819341973
2024-09-24 03:44:52.978497+00:00,0.96754354,24.592,-20.956944452609235,55.0691997647649,389.34535572669375,0.12965628497431697
2024-09-24 03:44:57.344568+00:00,0.9668498939999999,24.348000000000003,-20.95694094697425,55.069195226346004,389.60849492866794,0.1309247493053258
2024-09-24 03:54:52.748038+00:00,0.9675635659999999,24.21,-20.95646288163476,55.06857631970518,432.1508472598884,0.10525076621564385
2024-09-24 04:04:54.815931+00:00,0.96706384,24.186,-20.95615198296398,55.06814251567664,468.99263743798,0.07957670258831476
2024-09-24 04:04:59.336700+00:00,0.966564114,24.162,-20.956152428916045,55.06814233750964,469.0189498086248,0.05390258503941677
2024-09-24 04:14:54.990637+00:00,0.9650649620000001,24.198,-20.956211187304625,55.068118862327744,472.5248873015328,0.028228440921101328
2024-09-24 04:15:00.203734+00:00,0.9632482760000001,24.253999999999998,-20.956211701551503,55.06811865687556,472.5559103187432,0.011707404742277315
2024-09-24 04:24:55.468281+00:00,0.961612678,24.85,-20.95627042152863,55.068095197039824,476.13647098091826,0.011707404434893673
2024-09-24 04:25:00.848221+00:00,0.960596536,25.45,-20.95627095223375,55.06809498501224,476.1691740214115,0.011707404083812344
2024-09-24 04:34:56.557452+00:00,0.960839934,26.518,-20.956329716076816,55.06807150765116,479.8276671330655,0.011707403810548455
2024-09-24 04:35:01.163677+00:00,0.9622805619999999,27.526,-20.95633017045869,55.06807132611628,479.8562420731711,0.011707403477927838
2024-09-24 04:45:02.271141+00:00,0.9641666900000001,28.886000000000003,-20.956389466811416,55.06804763600667,483.6223501201449,0.011707403253191034
2024-09-24 04:45:06.616150+00:00,0.969051024,30.022000000000002,-20.95638989542559,55.06804746476651,483.64983882751187,0.011707402912439253
2024-09-24 04:54:57.713835+00:00,0.973935358,31.158000000000005,-20.956448204361866,55.06802416915003,487.4244551997315,0.011707402690402626
2024-09-24 05:05:03.838439+00:00,0.978213244,31.798000000000002,-20.95650799563123,55.068000281311065,491.3661319840088,0.011707402349557514
2024-09-24 05:05:08.065738+00:00,0.98249113,32.438,-20.9565084126339,55.06800011470994,491.3938712526305,0.011707402029863642
2024-09-24 05:15:03.161795+00:00,0.986893538,32.73,-20.956567115990303,55.06797666151452,495.3326970948522,0.011707401689067507
2024-09-24 05:15:09.611916+00:00,0.9881166520000001,32.705999999999996,-20.95656775226363,55.067976407310276,495.3757543995984,0.011707401496359241
2024-09-24 05:25:05.301670+00:00,0.989771178,32.75,-20.95662651418536,55.06795293071681,499.3854576904572,0.011707401161602644
2024-09-24 05:25:08.193890+00:00,0.9895518400000001,32.968,-20.95662679948893,55.06795281673218,499.4050848173244,0.011707400820214516
2024-09-24 05:35:10.735536+00:00,0.9938337919999999,33.272000000000006,-20.956686237316784,55.06792907010035,503.52700947300104,0.011707400452204543
2024-09-24 05:45:06.174321+00:00,0.992892164,33.534000000000006,-20.95674497448162,55.06790560339777,507.66376284667865,0.011193912366667084
2024-09-24 05:55:11.653103+00:00,0.991950536,33.79600000000001,-20.956804702043787,55.067881741011135,511.9333319984886,0.016630567422372504
2024-09-24 06:05:07.928219+00:00,0.991712998,34.089999999999996,-20.956804110085347,55.06793422140456,506.7021087576512,0.022067222666003354
2024-09-24 06:05:08.538850+00:00,0.9926962319999999,34.238,-20.956803998931292,55.06793441668671,506.67909653510173,0.02750387740388317
2024-09-24 06:15:13.681248+00:00,0.9899241400000001,34.72,-20.956693844005372,55.068127943507356,483.90865475109877,0.03294053701925496
2024-09-24 06:15:13.871592+00:00,0.991805606,35.239999999999995,-20.956693809356796,55.068128004380064,483.9015039418143,0.03889068619839036
2024-09-24 06:25:09.310668+00:00,0.9953930719999999,35.912,-20.956585420740264,55.06831842804179,461.5709965378681,0.03889069452708477
2024-09-24 06:25:09.449847+00:00,0.997845036,36.483999999999995,-20.956585395405313,55.06831847255176,461.565786484607,0.038890704452367406
2024-09-24 06:35:14.793601+00:00,1.000409968,36.995999999999995,-20.956475203826265,55.068512063766825,438.9516361399619,0.03889071750746649
2024-09-24 06:35:15.193077+00:00,1.0022289359999998,37.088,-20.95647513110909,55.068512191520746,438.9367449181759,0.038890726047379046
2024-09-24 06:45:10.344698+00:00,1.005425046,37.018,-20.956366794818397,55.068702523253286,416.8036016995956,0.03889073666093305
2024-09-24 06:45:10.721388+00:00,1.006915156,36.796,-20.956366726248998,55.068702643720144,416.7896277802364,0.03889074759673223
2024-09-24 06:55:15.762303+00:00,1.008212076,36.525999999999996,-20.95625658979617,55.06889613808614,394.40796174424173,0.03910237859079284
2024-09-24 06:55:16.094389+00:00,1.0093960279999998,36.316,-20.956256529346085,55.0688962442885,394.39571393761145,0.04161879593796949
2024-09-24 07:05:12.013903+00:00,1.010149138,36.082,-20.956221617305097,55.06912243564088,370.6360960633008,0.044135218070897764
2024-09-24 07:05:12.326203+00:00,1.009525106,36.010000000000005,-20.956221659520672,55.06912258369879,370.62218417350186,0.04665163613742725
2024-09-24 07:15:17.546857+00:00,1.00921926,35.924,-20.956303471102974,55.06940951220509,344.01611658743803,0.04916804661684901
2024-09-24 07:15:17.986051+00:00,1.009106604,35.886,-20.956303530471676,55.06940972042222,343.9970863939662,0.051472835782650536
2024-09-24 07:25:13.111580+00:00,1.0094260720000001,36.086,-20.956383977430736,55.06969186293983,318.6400804714638,0.051472830595931204
2024-09-24 07:25:13.503243+00:00,1.010176382,36.31,-20.956384030374366,55.06969204862303,318.62369783818446,0.051472819773121514
2024-09-24 07:35:18.628978+00:00,1.009571204,36.644,-20.95646582912583,55.06997893212919,293.8738078144815,0.05147280457569332
2024-09-24 07:35:18.930442+00:00,1.009468582,37.33,-20.95646586987667,55.069979075050014,293.8617811036976,0.05147278920722298
2024-09-24 07:45:24.628272+00:00,1.00936596,38.016000000000005,-20.956547745961938,55.07026622978027,270.4168132745363,0.05147277101850155
2024-09-24 07:55:18.795272+00:00,1.006335588,38.273999999999994,-20.956628063350443,55.07054791786973,249.0712414275126,0.052213859600020396
2024-09-24 07:55:20.573630+00:00,1.003305216,38.532,-20.956628303742576,55.07054876096986,249.01024526831463,0.05613667311882116
2024-09-24 08:05:17.092560+00:00,1.00578821,38.821999999999996,-20.956616350859367,55.07086548058268,220.7772068030069,0.06005949704149285
2024-09-24 08:05:25.346543+00:00,1.007450462,38.773999999999994,-20.956614183523275,55.07087063249972,220.2015169354521,0.06398233308403865
2024-09-24 08:15:20.709778+00:00,1.008481476,38.40599999999999,-20.956457852671747,55.07124224241293,178.8664385116415,0.06790517703596394
2024-09-24 08:15:22.864194+00:00,1.012008116,38.227999999999994,-20.956457286963808,55.071243587142234,178.71770031088013,0.0710869271827583
2024-09-24 08:25:26.271506+00:00,1.018732486,37.69799999999999,-20.956298843893485,55.071620217954624,137.44125394513355,0.07108695797243451
2024-09-24 08:25:28.417540+00:00,1.0212989780000001,37.025999999999996,-20.956298280386484,55.07162155745214,137.29622330228173,0.07108699000307397
2024-09-24 08:35:21.780839+00:00,1.0269164979999998,35.7,-20.956142474679407,55.071991919058426,98.07608053029222,0.07108702039296874
2024-09-24 08:35:24.063970+00:00,1.0331652559999998,34.694,-20.9561418751734,55.071993344128224,97.92992240366627,0.07108705214152386
2024-09-24 08:45:27.454271+00:00,1.033741704,32.986000000000004,-20.95598343656982,55.07236996432283,62.17676395244481,0.07108708204287649
2024-09-24 08:45:29.712472+00:00,1.031120422,31.630000000000003,-20.955982843609963,55.072371373831956,62.05995469552457,0.07108711384734971
2024-09-24 08:55:22.965107+00:00,1.026854118,29.982,-20.95582706696109,55.072741666364756,42.711719837737625,0.06602096665681631
2024-09-24 08:55:25.255970+00:00,1.019536786,28.988,-20.95582646542482,55.072743096260645,42.70079054026589,0.05363935676066145
2024-09-24 09:05:29.152135+00:00,1.010553784,27.976,-20.95571306850016,55.07297987749111,48.10489762536834,0.041257739972452745
2024-09-24 09:05:32.499780+00:00,1.007243092,27.666000000000004,-20.955712820726323,55.072980008528916,48.10041035184063,0.028876117653914922
2024-09-24 09:15:24.704834+00:00,1.0042762459999999,27.514,-20.95566898904484,55.073003189376955,47.612989266696765,0.016494488460595494
2024-09-24 09:15:28.117839+00:00,1.0029544219999997,27.654000000000003,-20.955668736433438,55.07300332297317,47.61196440382322,0.009179031257931371
2024-09-24 09:25:30.349821+00:00,0.999459302,27.974,-20.955624162615248,55.07302689630805,47.75363584110311,0.009179031409241607
2024-09-24 09:25:33.963659+00:00,0.997629852,28.312,-20.955623895139315,55.07302703776553,47.75641610815529,0.009179031647221331
2024-09-24 09:35:26.022069+00:00,0.9969721359999999,28.656,-20.955580074311595,55.07305021287344,48.51694425633122,0.009179031871073348
2024-09-24 09:35:29.618846+00:00,0.995970574,28.841999999999995,-20.955579808098427,55.073050353663085,48.52338813919209,0.009179032096459431
2024-09-24 09:45:31.317573+00:00,0.9967341379999999,28.98,-20.955535273748744,55.073073906124634,49.89803023077102,0.009179032328096366
2024-09-24 09:45:35.204130+00:00,0.996789534,28.924,-20.9555349860877,55.07307405825721,49.90877311158638,0.00917903264922422
2024-09-24 09:55:30.959254+00:00,0.99684493,28.868000000000002,-20.955490891650037,55.07309737806664,51.82026720450756,0.009179033005218893
2024-09-24 10:05:33.177977+00:00,0.998484066,28.764,-20.955446318813188,55.073120950882526,54.24656017245723,0.009179033379818393
2024-09-24 10:05:37.894253+00:00,0.999983598,28.65,-20.95544596974101,55.07312113549304,54.267355731912104,0.009179033904242089
2024-09-24 10:25:37.864116+00:00,0.999718004,28.584000000000003,-20.95535715473265,55.07316810624896,60.339837967684396,0.009179034382870545
2024-09-24 10:35:33.212908+00:00,1.004036744,28.546,-20.955313090369387,55.07319141015322,63.845417682011956,0.009179034810340509
2024-09-24 10:35:38.064214+00:00,1.0083554840000002,28.508,-20.95531273130305,55.07319160004925,63.8751136595112,0.009179035238292513
2024-09-24 10:45:33.281627+00:00,1.0075072779999998,28.15,-20.955268676663735,55.073214898810896,67.64221214980267,0.009179035612362005
2024-09-24 10:45:39.005501+00:00,1.006798676,27.802,-20.95526825301483,55.073215122862095,67.67956142891518,0.009179035852758586
2024-09-24 10:55:34.658142+00:00,1.003780882,27.286,-20.955224166162374,55.07323843866,71.67052641087616,0.008547324231565907
2024-09-24 10:55:38.875216+00:00,0.999060218,26.756,-20.955223854038323,55.073238603730104,71.69947586194591,0.009202251888038044
2024-09-24 11:05:35.531534+00:00,0.99441258,26.212,-20.955194142829544,55.07322502243831,71.72782188631881,0.00985717960410942
2024-09-24 11:05:41.347314+00:00,0.990676706,25.972,-20.95519406632037,55.073224329775805,71.66624230462104,0.010512107401597363
2024-09-24 11:15:36.876350+00:00,0.9869408319999999,25.732000000000006,-20.955186231870798,55.0731534019475,65.47820626325591,0.011167035279934965
2024-09-24 11:25:42.736925+00:00,0.9863872419999999,25.639999999999997,-20.95517826150523,55.07308124362736,59.47189678675323,0.012453674992493186
2024-09-24 11:25:46.239744+00:00,0.985833652,25.548000000000002,-20.955178215424088,55.07308082643972,59.43819105848622,0.01245367542097263
2024-09-24 11:35:38.354095+00:00,0.9842373,25.408,-20.955170425896217,55.073010305302226,53.94529087853982,0.012453675875035042
2024-09-24 11:35:41.577442+00:00,0.9841406559999999,25.326,-20.95517038349165,55.07300992139987,53.91661723189732,0.012453676296796626
2024-09-24 11:55:42.454987+00:00,0.9840238939999999,25.254,-20.955154585412973,55.07286689623877,44.48622572365757,0.012453676709628528
2024-09-24 11:55:49.184436+00:00,0.9830340399999999,25.201999999999998,-20.955154496884077,55.072866094757785,44.44192249796819,0.012453677169663844
2024-09-24 12:05:45.423329+00:00,0.981431976,25.088,-20.95514665309602,55.07279508238513,41.00939403940499,0.012453677638800956
2024-09-24 12:05:48.569237+00:00,0.980799648,25.036,-20.955146611710198,55.072794707705796,40.99408793968099,0.012453678035581546
2024-09-24 12:15:44.489275+00:00,0.980102452,24.95,-20.955138772116825,55.07272373330896,38.70559379720631,0.012453678458074205
2024-09-24 12:15:51.240616+00:00,0.9794253740000001,24.854000000000003,-20.95513868329993,55.07272292922062,38.68704784686055,0.012453678886283603
2024-09-24 12:35:45.175091+00:00,0.978094958,24.758,-20.955122976560425,55.07258073098287,38.27783956549685,0.01245367933522211
2024-09-24 12:35:52.373608+00:00,0.977376752,24.724,-20.955122881860728,55.07257987363563,38.29287286318358,0.012453679648869006
2024-09-24 12:45:48.183234+00:00,0.97724566,24.695999999999998,-20.955115043719868,55.0725089123889,40.21618396839013,0.01245368022690217
2024-09-24 12:45:50.846822+00:00,0.9771794359999999,24.701999999999998,-20.955115008679186,55.072508595154154,40.22764875969671,0.012453680712663218
2024-09-24 13:15:55.144516+00:00,0.9770691619999999,24.642000000000003,-20.955091272339825,55.07229370232892,52.42763304405067,0.012453681322547951
2024-09-24 13:15:56.981654+00:00,0.977612226,24.582,-20.95509124817146,55.07229348352481,52.443515269494256,0.012453681604852187
2024-09-24 13:25:50.744055+00:00,0.9778537540000001,24.468,-20.955083436962756,55.072222766103685,57.82289948600192,0.012453682330298633
2024-09-24 13:25:52.090910+00:00,0.977508168,24.348000000000003,-20.955083419244282,55.072222605692545,57.83560769437803,0.01245368300600236
2024-09-24 13:35:56.546367+00:00,0.977646554,24.118000000000002,-20.955075467363667,55.0721506147227,63.729016386977285,0.012453683623053413
2024-09-24 13:35:57.690072+00:00,0.9774038239999999,23.844,-20.95507545231772,55.07215047850681,63.740493618922756,0.012453684271690652
2024-09-24 14:05:53.280657+00:00,0.9771610940000001,23.57,-20.95505183052426,55.071936622702985,82.82563781119579,0.01245368032025311
2024-09-24 14:15:58.975488+00:00,0.975693484,23.366000000000003,-20.955043862339128,55.071864484123026,89.60600090721519,0.012453681033493555
2024-09-24 14:15:59.028945+00:00,0.974225874,23.162,-20.95504386163588,55.07186447775628,89.60660470346231,0.012453681692360705
2024-09-24 14:35:56.339697+00:00,0.972747882,23.068,-20.955028110479947,55.07172187740213,103.32132520340392,0.01245368234158418
2024-09-24 14:35:59.421877+00:00,0.9718144759999999,23.054,-20.955028069932496,55.07172151031283,103.35705787748502,0.013920687179739622
2024-09-24 14:46:01.466881+00:00,0.970744346,22.998,-20.955020149762465,55.071649806429235,110.37090403323629,0.02133974247540263
2024-09-24 15:06:04.496314+00:00,0.9712006320000001,22.926000000000002,-20.955058725254478,55.071424299506454,130.14831236372825,0.028758789461607703
2024-09-24 15:16:05.099639+00:00,0.9708094660000001,22.844,-20.955174461291346,55.071165896389026,152.32372547752834,0.03617783326107846
2024-09-24 15:16:06.507937+00:00,0.96994471,22.762,-20.955174732669843,55.071165290483975,152.3787599799296,0.043596874505483496
2024-09-24 15:26:04.333373+00:00,0.9684923339999999,22.744,-20.955289933408533,55.07090808252341,176.68424962779414,0.049548907663811384
2024-09-24 15:26:07.222041+00:00,0.9671766819999998,22.767999999999997,-20.95529049005381,55.07090683970502,176.80562902530494,0.04954889209747094
2024-09-24 15:36:04.685498+00:00,0.965616406,22.82,-20.955405621039304,55.07064978748197,202.5220156925894,0.049548876676147505
2024-09-24 15:36:08.841797+00:00,0.964903582,22.881999999999998,-20.955406421956575,55.070647999279046,202.7046292137879,0.04954886064880924
2024-09-24 15:46:05.036965+00:00,0.9643016979999999,22.96,-20.955521308543243,55.07039149272371,229.30922025313927,0.04954884454079629
2024-09-24 15:46:09.519004+00:00,0.9646796480000001,23.036,-20.95552217223045,55.07038956437475,229.51194666415648,0.04623080458460525
2024-09-24 15:56:06.172684+00:00,0.9650575979999999,23.112000000000002,-20.955637147172236,55.0701328605495,256.78505726085126,0.037572606729702765
2024-09-24 16:06:06.985656+00:00,0.9657797840000001,23.14,-20.955723397559268,55.06996602213126,274.8947256174689,0.02891441201188129
2024-09-24 16:06:13.280324+00:00,0.9663440940000001,23.168,-20.955723750101978,55.06996598489207,274.90264295323607,0.020256220852059165
2024-09-24 16:16:09.276423+00:00,0.9667974640000001,23.18,-20.955757129794133,55.06996245898537,275.6767446886845,0.011598032305594861
2024-09-24 16:26:15.087415+00:00,0.96615997,23.166,-20.95579105918471,55.069958875013874,276.51293373273876,0.006257871301764295
2024-09-24 16:26:16.612817+00:00,0.966001568,23.176,-20.955791144617223,55.06995886598961,276.51510162577154,0.00625787129703935
2024-09-24 16:36:10.837368+00:00,0.9660047,23.25,-20.955824425091084,55.069955350563376,277.3833118336844,0.006257871285009526
2024-09-24 16:46:16.742974+00:00,0.9661657080000001,23.324,-20.955858359780652,55.06995176603214,278.3169626759822,0.006257871388842808
2024-09-24 17:06:17.056072+00:00,0.9667028460000001,23.378,-20.955925585189974,55.06994466499239,280.30884366990637,0.00625787143521919
2024-09-24 17:06:18.342986+00:00,0.967819214,23.426,-20.955925657265606,55.06994465737902,280.3110796840126,0.006257871239196469
2024-09-24 17:16:12.905456+00:00,0.9689763320000001,23.454,-20.955958956665146,55.069941139953656,281.3668861880802,0.0062578712287025854
2024-09-24 17:16:14.313493+00:00,0.9698723040000001,23.438,-20.955959035524447,55.06994113162372,281.3694402320416,0.006257871290149547
2024-09-24 17:26:18.081183+00:00,0.969926078,23.413999999999998,-20.9559928504767,55.069937559740374,282.48781652938055,0.006257871167058336
2024-09-24 17:26:20.117701+00:00,0.9696037220000001,23.41,-20.955992964535078,55.069937547692355,282.49166685187026,0.006257871164124999
2024-09-24 17:36:15.917462+00:00,0.970242772,23.394,-20.95602633323102,55.069934022947194,283.64045495889127,0.006257871340774676
2024-09-24 17:36:23.239414+00:00,0.9703619800000001,23.374,-20.956026743308374,55.069933979630605,283.6548486359965,0.006257871359280598
2024-09-24 17:46:18.594711+00:00,0.9702055700000001,23.332,-20.95606008711142,55.069930457514886,284.8474443640859,0.0062578712825151084
2024-09-24 17:46:21.906372+00:00,0.97108118,23.326,-20.956060272586168,55.069930437923134,284.85420048768344,0.008066875380349676
2024-09-24 17:56:17.379089+00:00,0.9728003620000001,23.276,-20.956093622965493,55.06992691511276,286.09083569970176,0.014090238963975094
2024-09-24 18:06:24.367056+00:00,0.9735581380000001,23.238,-20.95610117055937,55.070016001082585,277.34030312273103,0.020113603352787744
2024-09-24 18:16:20.246694+00:00,0.9737313180000001,23.172,-20.956074993172376,55.07022284444747,255.84138911349174,0.026136968184172115
2024-09-24 18:16:25.763275+00:00,0.9743296060000001,23.186,-20.956074750825316,55.070224759378156,255.64249366604423,0.032160336190905456
2024-09-24 18:26:26.233900+00:00,0.9747380720000001,23.172,-20.956048371753223,55.07043319637897,234.01111028215473,0.03637470263290125
2024-09-24 19:06:27.109413+00:00,0.9744143059999999,23.22,-20.955942899702457,55.07126659483416,148.1405956756114,0.03637471020534142
2024-09-24 19:06:32.308517+00:00,0.974117076,23.259999999999998,-20.955942671302378,55.07126839956132,147.95649821419093,0.03637471823166128
2024-09-24 19:16:32.596142+00:00,0.9745305460000001,23.29,-20.955916300269596,55.071476773038654,126.7999883269405,0.03637472704757104
2024-09-24 19:26:28.256489+00:00,0.9747945259999999,23.261999999999997,-20.95589013251621,55.071683540282606,106.07884490558408,0.03637473330460799
2024-09-24 19:36:27.439429+00:00,0.9761113180000001,23.218,-20.955863810012964,55.071891530298736,85.70841171765228,0.0363747376977912
2024-09-24 19:36:33.869411+00:00,0.9773167700000001,23.156,-20.9558635275396,55.07189376229161,85.4936222966846,0.03637474206356128
2024-09-24 19:46:29.419147+00:00,0.978280568,22.978,-20.955837364645422,55.072100491139985,66.16362511634226,0.036374745840993025
2024-09-24 19:46:32.827307+00:00,0.9791182620000001,22.838,-20.955837214922695,55.072101674189774,66.05717155026177,0.036374749092444474
2024-09-24 19:56:27.958028+00:00,0.97941144,22.660000000000004,-20.955811070436123,55.07230825758855,48.75474981852788,0.03637475228554591
2024-09-24 19:56:35.017295+00:00,0.978651806,22.497999999999998,-20.955810760317846,55.072310708020595,48.57043018760564,0.036374755803270084
2024-09-24 20:06:31.115099+00:00,0.976934798,22.288,-20.955784573346687,55.07251762711577,36.331887177663695,0.03637475899573463
2024-09-24 20:06:34.096183+00:00,0.974258434,22.194,-20.955784442385685,55.07251866191783,36.29287204538084,0.03637476341597575
2024-09-24 20:16:36.801899+00:00,0.97158207,22.1,-20.955757965124565,55.07272787476951,35.033133620935104,0.03637476773804061
2024-09-24 20:36:37.956911+00:00,0.9688774800000001,22.086000000000002,-20.955705197589673,55.073144822972814,62.57068990695862,0.036374773418000994
2024-09-24 20:36:39.953640+00:00,0.9655612640000001,22.092000000000002,-20.955705109872053,55.07314551608277,62.631764025357946,0.030486406660308614
2024-09-24 20:56:38.547350+00:00,0.963202422,22.145999999999997,-20.955652454856853,55.073561575199925,102.06299429080806,0.02593978200380521
2024-09-24 21:16:40.385809+00:00,0.96207925,22.168,-20.955577848430657,55.07356906791678,101.48544063763353,0.021393155528452616
2024-09-24 21:16:41.881306+00:00,0.9609560779999999,22.19,-20.955577746406288,55.07356890462853,101.46723077470851,0.016846528856574488
2024-09-24 21:36:41.136670+00:00,0.9589084480000001,22.18,-20.955495931963608,55.073437962020215,87.17752456815855,0.012299900892352866
2024-09-24 21:36:42.119323+00:00,0.959001604,22.156,-20.955495864926007,55.073437854727686,87.16611423605985,0.013641645398183567
2024-09-24 21:56:41.558824+00:00,0.958602394,22.132,-20.955414037921297,55.07330689201405,73.74066719183651,0.013641648572152828
2024-09-24 22:16:42.734425+00:00,0.9575511500000001,22.148000000000003,-20.95533209247804,55.07317573974156,61.73270140041766,0.013641652448723545
2024-09-24 22:36:53.667554+00:00,0.956499906,22.164,-20.95524948136613,55.073043522077846,52.10100390802802,0.013641647510061233
2024-09-24 22:46:49.316089+00:00,0.95691723,22.208000000000002,-20.955208845606315,55.072978485243176,48.738607732462256,0.013019716872691356
2024-09-24 22:46:49.372838+00:00,0.9558053940000001,22.246000000000002,-20.95520884173485,55.07297847904697,48.73834087687447,0.012069434901553383
2024-09-24 23:26:49.550683+00:00,0.954727002,22.366,-20.95512848045935,55.07275075857301,40.78579977621446,0.011119151771510374
2024-09-24 23:26:51.248644+00:00,0.954239448,22.485999999999997,-20.955128464297903,55.072750614237016,40.78166920226099,0.01016886787885036
2024-09-25 00:06:59.023301+00:00,0.954195604,22.656,-20.95510554673948,55.072545940218916,40.545089213980866,0.009218592519655401
2024-09-25 00:07:02.398749+00:00,0.9552394,22.784,-20.955105514611464,55.07254565328739,40.552688436674316,0.008890242329928206
2024-09-25 00:16:58.036338+00:00,0.956283196,22.912,-20.955099845244025,55.07249502083376,42.207465455533,0.008890242364417555
2024-09-25 00:26:59.573327+00:00,0.9575655559999999,22.901999999999997,-20.95509411972521,55.072443886898846,44.460023303856644,0.008890242666412692
2024-09-25 00:27:03.901819+00:00,0.9588479160000001,22.892000000000003,-20.95509407852598,55.072443518953364,44.47814876210446,0.008890243012639435
2024-09-25 00:36:59.270899+00:00,0.96027378,22.788,-20.95508841171425,55.07239290932446,47.20440834671393,0.008523348723354491
2024-09-25 00:37:04.980128+00:00,0.96116724,22.663999999999998,-20.955088357372954,55.07239242400876,47.23266104179349,0.007721674890846068
2024-09-25 01:07:05.986967+00:00,0.961667608,22.517999999999997,-20.95508538750305,55.07227009036451,54.45372428456648,0.006920001107014323
2024-09-25 01:17:01.460096+00:00,0.9623883339999999,22.428,-20.95510892835031,55.07228226723687,51.62610660736581,0.0061183271344101104
2024-09-25 01:27:07.258693+00:00,0.963219898,22.355999999999998,-20.95513287739444,55.072294655255476,48.759042861725085,0.0053166531179834895
2024-09-25 01:27:09.226777+00:00,0.963464248,22.328,-20.95513295519873,55.072294695500965,48.749746104204746,0.004881873559349039
2024-09-25 01:37:02.556704+00:00,0.963384048,22.357999999999997,-20.955156411318754,55.072306828546836,45.95283486429415,0.004881873471333464
2024-09-25 01:37:04.712813+00:00,0.96369694,22.41,-20.955156496556242,55.07230687263726,45.94269365373423,0.004881873553700545
2024-09-25 01:47:08.138353+00:00,0.964521446,22.484,-20.955180351786268,55.072319212129045,43.11174286697745,0.00488187350916088
2024-09-25 01:47:09.530980+00:00,0.965438286,22.554000000000002,-20.955180406841016,55.07231924060698,43.10522721221837,0.005121611061508947
2024-09-25 01:57:13.561115+00:00,0.966092382,22.62,-20.955204285972503,55.07233159246217,40.28798238092867,0.006206441206817999
2024-09-25 02:07:10.485275+00:00,0.966544424,22.652,-20.955231810227772,55.07231280198981,39.572558372843574,0.00729127173625551
2024-09-25 02:17:15.138333+00:00,0.967089176,23.392000000000003,-20.95526354490792,55.07226333966076,41.54163118758277,0.010454968551250596
2024-09-25 02:17:15.843482+00:00,0.967122314,24.110000000000003,-20.95526358191705,55.07226328197756,41.54441872118624,0.020455768781653314
2024-09-25 03:17:16.323101+00:00,0.969905786,24.96,-20.955393010774177,55.07155904288397,108.30154365400858,0.03021682751501208
2024-09-25 03:17:16.715288+00:00,0.9729520019999999,25.814,-20.9553930059054,55.07155883565521,108.32304155139136,0.039132793906687245
2024-09-25 03:27:21.631200+00:00,0.9750874079999999,26.712,-20.955385496220927,55.07123920260507,141.49175202477764,0.048048760241666495
2024-09-25 03:27:22.371200+00:00,0.9771301040000001,26.901999999999997,-20.95538548703425,55.0712388115946,141.53233702337394,0.05488585901569084
2024-09-25 03:37:16.974393+00:00,0.9797742379999999,27.137999999999998,-20.955378105376273,55.07092462770808,174.1477088852115,0.05488585622508365
2024-09-25 03:37:17.868895+00:00,0.979464866,27.228,-20.955378094271545,55.07092415505996,174.19678002449257,0.05488585747581243
2024-09-25 03:47:22.324843+00:00,0.979369306,27.419999999999998,-20.95537059029726,55.070604765051314,207.35903679966205,0.054885858887535055
2024-09-25 03:47:23.400811+00:00,0.980184556,27.568,-20.955370576939732,55.07060419651786,207.41807155696077,0.0549263647670314
2024-09-25 03:57:17.970651+00:00,0.9811366400000001,27.768,-20.955363195695817,55.07029003025493,240.04168156483308,0.05103066388310816
2024-09-25 03:57:17.970702+00:00,0.9814872859999999,27.922000000000004,-20.95536319569518,55.07029003022788,240.0416843736083,0.044203294670181595
2024-09-25 04:07:24.469683+00:00,0.9838916080000001,27.846000000000004,-20.95538457861993,55.070084498633136,261.2675632394668,0.037375920579252396
2024-09-25 04:07:24.617070+00:00,0.986082118,27.668,-20.955384589589787,55.070084471626934,261.27032316896407,0.030548542065965644
2024-09-25 04:17:19.698928+00:00,0.988700326,27.244,-20.955428880863305,55.06997543293824,272.46557157249174,0.023680661754727116
2024-09-25 04:17:19.924553+00:00,0.9911817,26.768,-20.955428897656308,55.06997539159631,272.46983511926805,0.020748988975906248
2024-09-25 04:27:25.045610+00:00,0.9877268499999999,26.238,-20.955473936136116,55.069864513394144,283.951948590958,0.020748982167883227
2024-09-25 04:27:25.476426+00:00,0.986749544,26.310000000000002,-20.955473968201268,55.069864434454395,283.9601556536619,0.02074897851585599
2024-09-25 04:37:20.586823+00:00,0.985772238,26.381999999999998,-20.9555182615989,55.069755390536436,295.33760302674074,0.020748980971721637
2024-09-25 04:57:30.786622+00:00,0.98073245,26.671999999999997,-20.955608335409057,55.06953364188563,318.69736678423305,0.01972840497618356
2024-09-25 04:57:30.860192+00:00,0.9756926620000002,26.962,-20.955608340884794,55.06953362840516,318.6987949557244,0.019720481227047077
2024-09-25 05:07:25.897558+00:00,0.981066394,27.726,-20.95568818529019,55.06950664268687,322.0542789777721,0.019712557684737207
2024-09-25 05:07:27.136709+00:00,0.9847888619999999,27.983999999999998,-20.95568840647951,55.06950671320411,322.04885864521134,0.019704635469569045
2024-09-25 05:17:32.934278+00:00,0.9869074440000001,27.842000000000002,-20.955796541760368,55.069541187753615,319.6347559828938,0.019696710937098766
2024-09-25 05:27:28.465186+00:00,0.99266081,27.727999999999998,-20.955902844435276,55.06957507805101,317.72688670204434,0.02070936197109229
2024-09-25 05:37:31.823376+00:00,0.996443874,27.436,-20.95601054428532,55.06960941378105,316.2730236169402,0.02070936077647793
2024-09-25 05:37:33.968971+00:00,0.995325862,26.74,-20.956010927275518,55.069609535881945,316.26872250583193,0.02070935981111299
2024-09-25 05:47:29.463172+00:00,0.991383918,26.302,-20.956117223398188,55.06964342409044,315.3148404034177,0.018682017186398538
2024-09-25 05:57:32.013535+00:00,0.987867344,26.25,-20.95622477905057,55.0696777138489,314.83877770012043,0.016356887706975912
2024-09-25 06:07:30.944106+00:00,0.98435077,26.198,-20.956267825329366,55.069717637985896,312.1781446439761,0.01403175818710709
2024-09-25 06:17:33.449895+00:00,0.9848971580000001,26.590000000000003,-20.956244823971062,55.06976423483353,306.8128011040002,0.011706629167122371
2024-09-25 06:17:36.962011+00:00,0.9858673259999999,26.966,-20.956244689891957,55.06976450645504,306.781536685756,0.009381500462909762
2024-09-25 06:27:32.734085+00:00,0.9846168500000001,27.328000000000003,-20.956221945601033,55.06981058252779,301.4799839904624,0.009083713801934155
2024-09-25 06:27:38.780065+00:00,0.9883556800000001,27.651999999999997,-20.95622171478873,55.069811050114346,301.42620316171724,0.009083714455592324
2024-09-25 06:37:38.278816+00:00,0.9920945099999999,27.976,-20.956198828227592,55.06985741440241,296.09555559044975,0.009083715187510177
2024-09-25 06:47:33.965791+00:00,0.990523936,28.042,-20.956176087185433,55.06990348389372,290.80302277232715,0.009083715839919801
2024-09-25 06:47:39.144568+00:00,0.988953362,28.107999999999997,-20.9561758894796,55.06990388441217,290.75702973260655,0.009083716525706744
2024-09-25 06:57:34.507994+00:00,0.992428804,28.413999999999998,-20.956153160789295,55.069949928880725,285.47184968321386,0.012462265587505569
2024-09-25 06:57:39.545317+00:00,0.9920934559999999,28.772,-20.95615296848364,55.06995031845934,285.4271518357748,0.01880361115657193
2024-09-25 07:07:36.180785+00:00,0.9924469,29.062,-20.956194202657898,55.07009289125701,272.51549622619723,0.025144954177165047
2024-09-25 07:07:40.515343+00:00,0.996017088,29.343999999999994,-20.95619484306154,55.07009444975933,272.3821134311024,0.03148629541666327
2024-09-25 07:17:36.162716+00:00,0.998643916,29.53,-20.956282846204303,55.07030861640969,254.5566692405716,0.03782763420072123
2024-09-25 07:17:41.874725+00:00,0.9983893480000001,29.365999999999996,-20.95628369011764,55.07031067017831,254.3909178685883,0.04079042237406128
2024-09-25 07:27:37.604592+00:00,0.9981138380000001,29.232,-20.956371705448404,55.070524866489684,237.724141087741,0.040790411842859475
2024-09-25 07:27:41.608772+00:00,0.997149536,29.165999999999997,-20.95637229704074,55.0705263062036,237.6165685983491,0.04079040196919716
2024-09-25 07:37:43.343847+00:00,0.9951926280000001,29.104000000000003,-20.956461199603087,55.07074266170395,222.22493389202967,0.04079039148158568
2024-09-25 07:37:47.568077+00:00,0.99417908,29.137999999999998,-20.956461823706448,55.07074418053752,222.12270070013471,0.040790381447435395
2024-09-25 07:47:43.235062+00:00,0.994557206,29.188,-20.956549829746788,55.07095835423948,208.63196142158122,0.040790371338901246
2024-09-25 07:47:48.900463+00:00,0.9949562740000001,29.208,-20.956550666774067,55.07096039125002,208.5130532400786,0.04079036097860228
2024-09-25 07:57:44.727052+00:00,0.9949572400000001,29.178000000000004,-20.956638696394887,55.07117462233803,197.1227929696853,0.038831134014714185
2024-09-25 07:57:48.908658+00:00,0.9946749800000001,29.082,-20.956639314200782,55.07117612584592,197.05112072560485,0.03623119228325078
2024-09-25 08:07:41.253554+00:00,0.995144088,29.002,-20.956650162923676,55.0713525481572,184.57309439605655,0.03363125431959995
2024-09-25 08:17:47.257491+00:00,0.993791476,28.838,-20.95659043320575,55.07150158881928,169.10559285453533,0.031031320378631454
2024-09-25 08:27:52.921286+00:00,0.991255172,28.670000000000005,-20.95653073701333,55.071650545826785,153.93513358896757,0.028431390513863085
2024-09-25 08:37:48.416017+00:00,0.9891169699999999,28.552000000000003,-20.95647204311691,55.07179700185381,139.391754538593,0.027790680043983256
2024-09-25 08:47:45.227645+00:00,0.9896240439999999,28.514,-20.956413219422835,55.0719437817586,125.31653980849983,0.027790687488852404
2024-09-25 08:47:54.082041+00:00,0.987661786,28.362000000000002,-20.95641234670477,55.07194595940958,125.1123495215894,0.031082471229204312
2024-09-25 08:57:50.806438+00:00,0.9861295739999999,28.278000000000002,-20.95635353160849,55.07209271786071,111.7409446925621,0.03857999538927842
2024-09-25 09:07:47.309010+00:00,0.9858789339999999,28.092000000000002,-20.95630288040424,55.072341053398816,96.75041414091226,0.04607751935114377
2024-09-25 09:07:55.792248+00:00,0.985628294,27.906,-20.956302270588274,55.072346346208896,96.53443803786104,0.05357504429323867
2024-09-25 09:17:51.548425+00:00,0.985048508,27.758,-20.956259444768403,55.072718046760905,89.001302990256,0.061072570106116705
2024-09-25 09:17:53.181247+00:00,0.9861866859999999,27.708,-20.9562593273933,55.07271906550124,89.00313395876167,0.06527831978887157
2024-09-25 09:27:57.440354+00:00,0.9885970780000001,27.447999999999997,-20.956215890341902,55.07309607114946,97.99129620261868,0.06527833073423064
2024-09-25 09:27:58.221730+00:00,0.99090959,27.294,-20.956215834172838,55.0730965586608,98.01266294610335,0.06527834192551717
2024-09-25 09:47:58.294990+00:00,0.9925819060000001,26.98,-20.956129567133967,55.0738453010331,148.92801424670125,0.06527835475217743
2024-09-25 09:47:59.425042+00:00,0.993213924,26.610000000000003,-20.956129485900405,55.07384600608814,148.9871714596552,0.06527836739867218
2024-09-25 09:57:53.921951+00:00,0.9944020080000001,26.2,-20.956086750602758,55.07421692096545,181.59743465691656,0.07218669489081535
2024-09-25 09:57:54.917747+00:00,0.994317878,26.0,-20.956086679020157,55.074217542256385,181.65410174103326,0.08743952172976463
2024-09-25 10:08:00.494007+00:00,0.990526668,25.727999999999998,-20.955689969627183,55.07461555710474,210.864382890154,0.1026923872947886
2024-09-25 10:08:00.793939+00:00,0.987375654,25.616000000000003,-20.955689639187714,55.07461576189174,210.88117988953147,0.11794528099174902
2024-09-25 10:28:01.106141+00:00,0.983923498,25.438,-20.954367237261796,55.07543530904452,318.8932627422188,0.12632775701368376
2024-09-25 10:28:01.635560+00:00,0.9799152760000001,25.3,-20.954366653992945,55.07543567052034,318.9528002494437,0.12139092911174856
2024-09-25 11:08:02.969061+00:00,0.974973782,24.927999999999997,-20.952311343946917,55.07657611233605,541.9124536499495,0.10810957843829723
2024-09-25 11:08:03.923579+00:00,0.97290142,24.772000000000002,-20.95231172310264,55.07657555362688,541.8409414349389,0.09482814011343706
2024-09-25 11:38:09.762512+00:00,0.970829058,24.615999999999996,-20.953029042564953,55.07551853948931,406.6782394731792,0.08154664663250696
2024-09-25 12:08:07.188385+00:00,0.9690799519999999,24.485999999999997,-20.953743020172436,55.07446644977939,272.6592273985072,0.07513554553306365
2024-09-25 12:08:14.570586+00:00,0.966346222,24.282,-20.953745952547198,55.07446212874567,272.1109020384958,0.07513539235837174
2024-09-25 12:38:13.378448+00:00,0.964545764,24.311999999999998,-20.954460479111347,55.0734092301145,139.99822898044096,0.0751352444529356
2024-09-25 12:58:11.139814+00:00,0.9626882740000001,24.357999999999997,-20.95493625661473,55.07270814283911,60.07171890771767,0.06485462405676137
2024-09-25 12:58:14.535408+00:00,0.960830784,24.404000000000003,-20.954937605420426,55.07270615529136,59.88575000255632,0.052545034081498264
2024-09-25 13:18:13.160352+00:00,0.961710238,24.491999999999997,-20.9550389395798,55.07245462159399,49.881840955500024,0.04023546769626589
2024-09-25 13:18:16.761209+00:00,0.9617458360000001,24.554,-20.955039001131688,55.072454155058665,49.88989785891574,0.02792594024373236
2024-09-25 13:28:18.330468+00:00,0.961781434,24.616,-20.95504928416202,55.072376214362855,51.87008757387352,0.01561642732644582
2024-09-25 13:38:14.137405+00:00,0.9628441200000001,24.516,-20.955059468693083,55.072299020246746,54.97078451891403,0.01358743383113176
2024-09-25 13:38:17.596009+00:00,0.963906806,24.416,-20.95505952781334,55.07229857214206,54.99175256289577,0.013587433221079795
2024-09-25 13:48:19.913624+00:00,0.9628437919999999,24.186,-20.955069823635828,55.07222053448751,59.101547801818185,0.013587432580168321
2024-09-25 13:48:23.588760+00:00,0.963609258,24.056,-20.955069886457416,55.07222005832844,59.12922444774885,0.013587431958788412
2024-09-25 14:08:21.164512+00:00,0.9645293840000001,23.860000000000003,-20.955090357429956,55.072064897661576,69.48481691132227,0.013587431306489317
2024-09-25 14:08:25.252759+00:00,0.9648200960000001,23.612000000000002,-20.955090427313127,55.072064367978896,69.52404954055693,0.013587430574605925
2024-09-25 14:18:20.926667+00:00,0.965394922,23.336000000000002,-20.955100609570238,55.07198719109831,75.45975003281255,0.013587429717156518
2024-09-25 14:28:19.299657+00:00,0.96533639,23.188,-20.95511083796458,55.071909664518465,81.79584511432498,0.013587428867643466
2024-09-25 14:38:28.457813+00:00,0.96504806,23.032,-20.955121250717063,55.07183074058771,88.54776234919395,0.01358742820838707
2024-09-25 14:38:29.543263+00:00,0.964624794,22.942,-20.955121269271395,55.07183059995431,88.56002446793663,0.013587427475524536
2024-09-25 14:48:27.006693+00:00,0.9647180580000001,22.918,-20.955131482118016,55.07175319121912,95.41632807101635,0.017689519487293588
2024-09-25 14:58:27.333267+00:00,0.964527208,22.921999999999997,-20.95514174390629,55.07167541152846,102.49131779405094,0.02448354822100483
2024-09-25 15:08:23.540434+00:00,0.9646588680000001,22.918,-20.95504624595852,55.07150846694089,122.51766531478644,0.03127758010831577
2024-09-25 15:08:26.589195+00:00,0.964960678,22.932,-20.955045455270465,55.07150735664912,122.65779375315061,0.038071618235821426
2024-09-25 15:18:32.877812+00:00,0.9652427639999999,22.946,-20.954888215934865,55.07128655966111,150.70725561286272,0.04486565989800821
2024-09-25 15:28:28.976295+00:00,0.964952186,22.97,-20.95473361938334,55.07106947369594,178.5290596776607,0.04755761506677649
2024-09-25 15:28:34.369292+00:00,0.9652925380000001,23.004,-20.954732220723923,55.07106750968493,178.7815241502275,0.04755764306087609
2024-09-25 15:48:34.557041+00:00,0.96531038,23.046,-20.954420955232628,55.07063042768706,235.1825863923667,0.04755767121403003
2024-09-25 15:58:30.582322+00:00,0.965070042,23.12,-20.954266377665828,55.07041336838041,263.3004192974162,0.0475576962570058
2024-09-25 15:58:34.986738+00:00,0.9648297039999999,23.194,-20.95426523539229,55.070411764388915,263.50838188490206,0.04755772145220786
2024-09-25 16:08:31.073020+00:00,0.9649779219999999,23.252000000000002,-20.954110642005052,55.070194682867054,291.6735271497674,0.04755774334708892
2024-09-25 16:08:36.895088+00:00,0.9644952099999999,23.3,-20.954109132067185,55.07019256259778,291.9487957021764,0.04755775893750955
2024-09-25 16:18:32.879272+00:00,0.964161876,23.386,-20.95395456515884,55.06997551825784,320.14180497076893,0.04755777462863584
2024-09-25 16:18:37.237020+00:00,0.9641463700000001,23.43,-20.953953434988527,55.06997393126181,320.3480460873477,0.04755779000382794
2024-09-25 16:28:33.066103+00:00,0.964288874,23.474,-20.953798908305128,55.06975694340613,348.55834296400906,0.047557805299517864
2024-09-25 16:28:38.503824+00:00,0.964596262,23.512,-20.953797498046733,55.06975496310772,348.8158930582737,0.047557821448033576
2024-09-25 16:38:33.957883+00:00,0.965013634,23.588,-20.95364306862484,55.069538111827576,377.0275064600997,0.047557840329096934
2024-09-25 16:38:38.695088+00:00,0.965268276,23.630000000000003,-20.953641840043293,55.06953638664155,377.2520116033497,0.04637477693643122
2024-09-25 16:58:40.271846+00:00,0.9655229179999999,23.672000000000004,-20.953330214316246,55.06909879879717,434.2233597540872,0.05266516501023468
2024-09-25 17:08:36.705014+00:00,0.9657909739999999,23.71,-20.95353302206392,55.06919902447594,413.38333601554535,0.05895554397231177
2024-09-25 17:08:40.060804+00:00,0.9660590299999999,23.747999999999998,-20.95353504681462,55.06920037303912,413.1466407899996,0.06524591362386797
2024-09-25 17:18:35.876505+00:00,0.96635,23.724,-20.953894538388983,55.0694398084917,371.73095625322816,0.07153627246682469
2024-09-25 17:18:42.600051+00:00,0.9666543219999999,23.695999999999998,-20.953898595110015,55.06944251042661,371.27129408675756,0.07900970507202769
2024-09-25 17:28:38.209806+00:00,0.966860878,23.646,-20.954257962424812,55.06968186311745,331.40200080292567,0.07900967796170925
2024-09-25 17:28:41.646681+00:00,0.966896506,23.59,-20.954260036098944,55.069683244265555,331.17741764704607,0.07900964047809114
2024-09-25 17:38:44.121470+00:00,0.966932134,23.534,-20.954623545502947,55.06992535574985,293.0398593631232,0.07900951434919548
2024-09-25 17:58:49.256237+00:00,0.96726288,23.5,-20.955350676046876,55.070409653138945,227.7097911920354,0.07109187757508653
2024-09-25 17:58:49.281362+00:00,0.967593626,23.466,-20.955350691206224,55.070409663235665,227.70864884536374,0.060903937401560845
2024-09-25 18:08:46.096852+00:00,0.9676148440000001,23.436,-20.955473515398026,55.070594153483924,208.18610073120456,0.05071600289390439
2024-09-25 18:08:46.666609+00:00,0.9675694260000001,23.422,-20.955473532885936,55.070594306356995,208.17023341894566,0.04052808376599838
2024-09-25 18:18:42.494974+00:00,0.967524008,23.408,-20.955491821021464,55.07075417472874,191.58829812744005,0.030340259050983982
2024-09-25 18:28:47.489403+00:00,0.967149298,23.396,-20.955510390496773,55.07091650247268,174.77914848488092,0.028069949236268155
2024-09-25 18:28:48.407881+00:00,0.966774588,23.384,-20.9555104186882,55.07091674891209,174.753654950734,0.02806994784854592
2024-09-25 18:38:44.315997+00:00,0.9666620440000001,23.398,-20.955528709271572,55.07107663868203,158.23314546689556,0.02806994579765612
2024-09-25 18:38:53.284160+00:00,0.9668195260000001,23.41,-20.955528984537054,55.0710790449549,157.984850967809,0.02806994375240298
2024-09-25 18:48:50.056939+00:00,0.966977008,23.422,-20.95554730166008,55.07123916672499,141.48980733431637,0.028069941299907652
2024-09-25 18:58:46.175991+00:00,0.966745456,23.445999999999998,-20.955565598717847,55.07139911309178,125.08087839569754,0.02771556025149415
2024-09-25 18:58:53.670232+00:00,0.9665139039999999,23.47,-20.95556582874331,55.07140112389251,124.87513747138424,0.027202900217803687
2024-09-25 19:08:49.537406+00:00,0.9666906479999999,23.490000000000002,-20.955579740728222,55.07155129294369,109.51752852946466,0.026690240184890635
2024-09-25 19:08:52.461901+00:00,0.9663934080000001,23.51,-20.95557979935173,55.071552008549304,109.44445858599084,0.026177580420481062
2024-09-25 19:18:48.398916+00:00,0.966096168,23.53,-20.955591745317797,55.071697830600364,94.60432895451461,0.02566492080802345
2024-09-25 19:28:50.809299+00:00,0.9663390919999999,23.544000000000004,-20.955603821046957,55.07184523664394,79.74104700559874,0.025506640319098384
2024-09-25 19:28:54.253118+00:00,0.9665820159999999,23.558,-20.95560389008067,55.07184607932486,79.65662545478892,0.02550663892189541
2024-09-25 19:38:56.511601+00:00,0.966858526,23.558,-20.95561596276489,55.07199344819948,65.03232158086733,0.025506637696958573
2024-09-25 19:38:59.957704+00:00,0.967405134,23.554000000000002,-20.955616031844393,55.07199429143928,64.94962124508288,0.025506636681322865
2024-09-25 19:48:51.890600+00:00,0.96768953,23.526,-20.955627897545146,55.072139133707516,51.00293949913289,0.025506635633733364
2024-09-25 19:48:55.579037+00:00,0.9674001740000001,23.52,-20.955627971482393,55.072140036244924,50.91809462522161,0.02321801799024662
2024-09-25 19:59:02.070693+00:00,0.9671108180000001,23.514,-20.955640129023475,55.072288440950494,37.57001627706416,0.01952487629756249
2024-09-25 20:08:52.902009+00:00,0.9668017200000001,23.508,-20.95563373391479,55.072368166324864,30.31784175597142,0.01583173494275253
2024-09-25 20:08:58.149841+00:00,0.966492622,23.502,-20.95563356394315,55.0723684720833,30.281167104468135,0.01213859390080129
2024-09-25 20:18:58.088161+00:00,0.966016022,23.554000000000002,-20.955614132584692,55.0724034267473,26.09359209115864,0.008445453156920055
2024-09-25 20:19:04.146841+00:00,0.9660678199999999,23.572000000000003,-20.955613936350545,55.072403779748804,26.05136263601785,0.0070409294450993285
2024-09-25 20:39:05.437716+00:00,0.9661196179999999,23.589999999999996,-20.95557502782809,55.072473771475444,17.718951679538545,0.007040929917760473
2024-09-25 20:49:01.001707+00:00,0.9658292620000001,23.604,-20.955555738149457,55.07250847127458,13.645505294252873,0.007040930458888805
2024-09-25 20:49:03.533371+00:00,0.9658233299999999,23.590000000000003,-20.95555565615158,55.07250861877884,13.62834482431661,0.007040931088582556
2024-09-25 20:58:59.432010+00:00,0.9660629820000001,23.538,-20.955536355634056,55.07254333807583,9.65638302760273,0.0070409318317253885
2024-09-25 21:19:07.229647+00:00,0.9660981340000001,23.492,-20.955497236364554,55.07261370891093,3.7133353929830695,0.0070409323929943425
2024-09-25 21:29:02.844365+00:00,0.966311958,23.426,-20.95547794504293,55.072648411665604,5.277837834308685,0.007040933108155814
2024-09-25 21:29:04.712350+00:00,0.96679567,23.356,-20.955477884540905,55.07264852050144,5.287250560426958,0.00704093378430484
2024-09-25 21:39:08.354179+00:00,0.9666534779999999,23.299999999999997,-20.955458333229764,55.07268369094581,8.843717756627504,0.007040934459595365
2024-09-25 21:49:04.040869+00:00,0.966695416,23.247999999999998,-20.955439039577044,55.07271839789385,12.775866981670722,0.007040935055258328
2024-09-25 22:09:05.098463+00:00,0.966869994,23.172,-20.955400138610308,55.07278837602867,21.0145136233221,0.007040935711989852
2024-09-25 22:09:15.475408+00:00,0.9668659,23.116,-20.955399802512197,55.07278898062852,21.086446034179286,0.007040843549531664
2024-09-25 22:19:10.908581+00:00,0.9664271939999999,23.072,-20.955380517070612,55.07282367280572,25.224847706119363,0.007040844091237584
2024-09-25 22:19:10.910376+00:00,0.9658895359999999,23.038,-20.95538051701248,55.072823672910296,25.2248602078586,0.007040844634389781
2024-09-25 22:29:16.544626+00:00,0.9656926840000001,23.028,-20.955360901168966,55.07285895944061,29.449838609382358,0.0070408453244118025
2024-09-25 22:49:17.252502+00:00,0.9653631919999999,23.042,-20.955322011529216,55.07292891719955,37.85216248232237,0.0070408460640597175
2024-09-25 23:09:16.389683+00:00,0.965006552,23.074,-20.955283172762595,55.07299878344388,46.26233303557386,0.007040939647248071
2024-09-25 23:09:18.208467+00:00,0.9659610859999999,23.046,-20.955283113854133,55.07299888941308,46.27509820766695,0.007040940594653528
2024-09-25 23:29:19.240809+00:00,0.96645834,22.954,-20.955244213705278,55.073068866076625,54.708730938208554,0.007040941473215563
2024-09-25 23:39:21.801559+00:00,0.9663411180000001,22.786,-20.955224697409125,55.07310397353327,58.94236250995648,0.007040942216277458
2024-09-25 23:49:20.062442+00:00,0.9658944719999999,22.642000000000003,-20.955205320381058,55.07313883046348,63.14697379521131,0.007812496433803972
2024-09-25 23:59:16.265873+00:00,0.965461676,22.483999999999998,-20.955186009991657,55.073173567518786,67.33808434761603,0.009682131956152014
2024-09-26 00:09:22.327458+00:00,0.962078436,22.35,-20.95517587536628,55.07311089017515,62.223755964813556,0.011551767575328512
2024-09-26 00:19:27.965925+00:00,0.958407272,22.25,-20.955168912835703,55.07301559366851,54.48321315459694,0.01342140366087859
2024-09-26 00:49:23.478915+00:00,0.955009778,22.201999999999998,-20.955148271290007,55.07273307179305,38.05581097515454,0.015291040015879557
2024-09-26 01:39:29.558679+00:00,0.95257101,22.14,-20.955113712847286,55.072260068647196,52.727065048675385,0.016389122887285144
2024-09-26 01:39:31.354935+00:00,0.95014554,22.074,-20.955113692197198,55.07225978600841,52.748369558591264,0.016389124662895688
2024-09-26 01:59:30.476444+00:00,0.9490032099999999,22.074,-20.955099906877034,55.07207110563713,68.3321512670162,0.014859540132065016
2024-09-26 01:59:31.630570+00:00,0.9490465159999999,22.108,-20.955099893608992,55.07207092403674,68.34816071759005,0.012635126825496352
2024-09-26 02:09:36.545185+00:00,0.949410494,22.156,-20.955099684290204,55.07202000342447,72.67213020567961,0.010410712919318318
2024-09-26 02:09:36.903698+00:00,0.9484878480000001,22.503999999999998,-20.955099686008122,55.07201998533308,72.67357715989746,0.008186298850458991
2024-09-26 02:19:32.135319+00:00,0.947565202,22.852,-20.95510253822897,55.0719899485732,75.10295956112566,0.005961884612485995
2024-09-26 02:49:37.139444+00:00,0.948492008,23.272,-20.955111187417316,55.0718988639037,82.76054198660385,0.0052670561621791945
2024-09-26 02:49:37.509724+00:00,0.949349456,23.654,-20.955111189191616,55.07189884521851,82.76215222085521,0.0052670558661342725
2024-09-26 02:59:43.412698+00:00,0.949423326,23.964,-20.955114092547277,55.071868269957555,85.41602878945314,0.005267055745336829
2024-09-26 03:09:38.672517+00:00,0.9501545180000001,23.964,-20.955116944903246,55.07183823177474,88.0580352009346,0.005267055750223407
2024-09-26 03:19:42.336095+00:00,0.950343022,23.990000000000002,-20.9551198375282,55.071807769518884,90.76940911585346,0.005267055470541383
2024-09-26 03:19:44.317581+00:00,0.94746027,24.168,-20.955119847023052,55.071807669528525,90.77835904669683,0.005267055390106334
2024-09-26 03:29:39.923740+00:00,0.944646876,24.384,-20.955122701038608,55.07177761386861,93.4825543704658,0.005267055355444402
2024-09-26 03:39:42.569011+00:00,0.94492563,24.928,-20.95512558878406,55.07174720299886,96.24545300398013,0.005267055295313336
2024-09-26 03:39:45.439138+00:00,0.9469467939999999,25.620000000000005,-20.955125602537088,55.07174705816563,96.25867213245013,0.005267055129888937
2024-09-26 03:49:40.694002+00:00,0.9507978359999999,26.368000000000002,-20.95512845486931,55.07171702023287,99.01201462352812,0.0052670550501780515
2024-09-26 03:59:47.100891+00:00,0.955439756,27.15,-20.955131360639623,55.071686419543205,101.83964939681506,0.005267054959529192
2024-09-26 04:09:48.282364+00:00,0.960081676,27.932,-20.95513424137087,55.07165608254007,104.66372533226196,0.005267054867008045
2024-09-26 04:29:48.836178+00:00,0.9649511499999999,28.701999999999998,-20.9551399941644,55.0715954998268,110.35900749347608,0.005267054756822534
2024-09-26 04:29:52.992569+00:00,0.9680782139999999,29.324,-20.95514001408093,55.07159529008572,110.37884370542251,0.005267054692650578
2024-09-26 04:49:48.898837+00:00,0.970816456,29.906,-20.955145744604426,55.07153494189833,116.11694820953608,0.00526705459198175
2024-09-26 04:49:53.368538+00:00,0.9745716200000001,30.206,-20.955145766022266,55.0715347163469,116.13850340395551,0.005267054479172524
2024-09-26 04:59:49.229087+00:00,0.977678478,30.881999999999998,-20.9551486212568,55.07150464784988,119.0187892142903,0.005196505759235459
2024-09-26 04:59:54.427612+00:00,0.97792854,31.3,-20.955148646167004,55.07150438552033,119.04397540379094,0.00531138480652813
2024-09-26 05:19:50.651792+00:00,0.9831906079999999,31.496000000000002,-20.9551951420724,55.07153132950622,114.90942205064367,0.0054262637483375575
2024-09-26 05:19:55.101559+00:00,0.9871746079999999,31.18,-20.955195334553327,55.07153147154899,114.88956596052954,0.005541142681431225
2024-09-26 05:29:56.414572+00:00,0.991825862,31.118000000000002,-20.955221345191845,55.07155066629764,112.2294049816563,0.005656021559390987
2024-09-26 05:39:52.118332+00:00,0.9971254220000001,30.68,-20.955247113194243,55.07156968199113,109.64138839327299,0.00584144899927825
2024-09-26 05:59:53.281735+00:00,0.9978178660000001,30.338,-20.955299071203466,55.071608024799474,104.58043683645123,0.005841448659126154
2024-09-26 05:59:55.533512+00:00,0.9973014320000001,30.512,-20.955299168607244,55.071608096679334,104.57116136152719,0.005841448332963235
2024-09-26 06:09:59.409813+00:00,0.9955446700000001,31.224,-20.955325290124385,55.071627373251715,102.11443681726638,0.005841448006300753
2024-09-26 06:19:55.081370+00:00,0.99499758,31.706,-20.95535105673381,55.07164638791724,99.75404502839528,0.005841447711750596
2024-09-26 06:30:00.694558+00:00,0.99315444,32.098,-20.955377253382427,55.07166571993347,97.42306209957393,0.005841447374441646
2024-09-26 06:39:56.300668+00:00,0.995918416,32.394,-20.95540301716084,55.07168473250983,95.20317431987448,0.005841447036368338
2024-09-26 06:50:01.186347+00:00,0.995877986,32.25600000000001,-20.955429182340048,55.071704041302965,93.02769558295982,0.005841446774347931
2024-09-26 06:50:02.109036+00:00,0.997598588,32.04,-20.955429222252256,55.07170407075648,93.02444077850642,0.0047309565080099385
2024-09-26 07:00:08.322443+00:00,0.9981706280000001,31.624000000000002,-20.955455444864196,55.07172342193254,90.92989607222965,0.003796456230768386
2024-09-26 07:10:04.279832+00:00,1.000038718,31.298000000000002,-20.955456960079687,55.07172376593175,90.89199495022237,0.0028619560289154236
2024-09-26 07:30:02.770863+00:00,0.9984763040000001,31.024,-20.955447513187117,55.07171483901345,91.83742264179628,0.0019274558983164828
2024-09-26 07:30:05.450858+00:00,0.998458032,30.982,-20.955447492062532,55.07171481905161,91.83954979347294,0.000992955760020634
2024-09-26 07:40:11.226920+00:00,0.9988622680000001,30.907999999999998,-20.955442717140375,55.07171030694991,92.32183336160757,0.001168945694984894
2024-09-26 07:50:06.948226+00:00,0.997434174,31.022000000000002,-20.955438021473043,55.07170586974071,92.79893723093964,0.0011689457112740202
2024-09-26 08:00:13.425439+00:00,0.9960060800000001,31.136000000000003,-20.95543324102419,55.07170135241652,93.28748866920482,0.0011689457273337419
2024-09-26 08:20:08.204433+00:00,0.9990105960000001,31.227999999999998,-20.95542382339109,55.07169245314719,94.25814179444303,0.0011689457434475574
2024-09-26 08:20:14.408632+00:00,0.9983365020000001,31.444,-20.955423774487592,55.07169240693543,94.26321008239435,0.0011689457612773552
2024-09-26 08:30:10.234851+00:00,0.997098896,31.701999999999998,-20.955419077993305,55.071687968944794,94.75127127402614,0.0011689457928744534
2024-09-26 08:50:11.437579+00:00,0.9986130559999999,31.99,-20.955409609726264,55.071679021828515,95.74305678756976,0.001168945809025795
2024-09-26 08:50:14.583367+00:00,1.0001272159999999,32.278,-20.95540958493015,55.071678998397225,95.74566768747796,0.0011689458078535373
2024-09-26 09:10:12.801333+00:00,1.003780422,31.448,-20.955400140189962,55.07167007351284,96.74519007552449,0.0011689458257202257
2024-09-26 09:10:15.590332+00:00,1.0019636200000002,29.786,-20.955400118206175,55.07167005273908,96.74752819497036,0.001168945845195873
2024-09-26 09:30:14.205268+00:00,1.0001454239999998,28.227999999999998,-20.955390670336943,55.07166112489788,97.75725873228114,0.0011689458523431407
2024-09-26 09:50:15.515154+00:00,0.9961910740000001,26.629999999999995,-20.95538120122525,55.071652176983434,98.77884470275504,0.001168945873524285
2024-09-26 10:00:21.601084+00:00,0.992236724,25.032,-20.955376423860613,55.0716476625737,99.29780446891023,0.0011689459016696088
2024-09-26 10:10:17.087357+00:00,0.9866586959999999,24.56,-20.955371730045886,55.07164322711514,99.80995827080801,0.0011689459196337656
2024-09-26 10:10:26.491825+00:00,0.987686422,24.704,-20.95537165591684,55.07164315706629,99.8180645345835,0.0011689459001355221
2024-09-26 10:20:22.543086+00:00,0.983709738,24.886,-20.955366957648696,55.07163871739943,100.33295743040301,0.0011689459181394074
2024-09-26 10:20:23.381040+00:00,0.982075032,25.008,-20.955366951043672,55.07163871115796,100.333682834323,0.0011689459438729531
2024-09-26 11:20:26.881848+00:00,0.9776442340000001,24.85,-20.95533854708892,55.071611870608905,103.49190482228951,0.0011689459743626548
2024-09-26 11:30:32.888978+00:00,0.97233535,24.648,-20.955333770345412,55.07160735678611,104.03036464575021,0.0011689460098437824
2024-09-26 11:50:33.781950+00:00,0.9670264659999999,24.446,-20.95532430451997,55.071598411977035,105.10335839049156,0.0011689460903113503
2024-09-26 12:20:30.806013+00:00,0.967032642,24.107999999999997,-20.955310139797135,55.0715850269065,106.72333302290876,0.0011689461210102666
2024-09-26 12:20:37.919686+00:00,0.965185194,23.827999999999996,-20.95531008372487,55.07158497392055,106.72977912683808,0.0011689461372067268
2024-09-26 12:30:33.579146+00:00,0.965319564,23.784,-20.95530538854503,55.07158053717201,107.27045265378558,0.00116894615492859
2024-09-26 12:30:36.697741+00:00,0.966325138,23.836000000000002,-20.95530536396326,55.07158051394327,107.27328808995252,0.0011689461694758712
2024-09-26 12:40:32.707379+00:00,0.9673307120000001,23.887999999999998,-20.955300666023206,55.07157607458644,107.81607583836244,0.0011689462159599987
2024-09-26 13:00:35.334311+00:00,0.9651831359999999,23.796,-20.95529118653013,55.07156711686203,108.91664493740278,0.0011689462354592703
2024-09-26 13:00:38.204100+00:00,0.96303556,23.704,-20.955291163909525,55.0715670954865,108.91927959040046,0.0011689464264973456
2024-09-26 13:50:47.237832+00:00,0.9636515299999999,23.631999999999998,-20.955267445735863,55.071544682804564,111.70301055377193,0.001168946452420478
2024-09-26 13:50:47.767278+00:00,0.960645504,23.362000000000002,-20.955267441562597,55.071544678861,111.70350399932136,0.0011689464784353323
2024-09-26 14:00:44.093842+00:00,0.9576394779999999,23.092,-20.95526274112443,55.07154023714356,112.26007118203526,0.0011689463605669256
2024-09-26 14:20:45.768730+00:00,0.9579308440000001,22.96,-20.955253269135667,55.071531286510414,113.38634537825968,0.001168946380189348
2024-09-26 14:20:46.374973+00:00,0.958018682,22.826,-20.95525326435707,55.07153128199484,113.38691515013923,0.0011689462345503567
2024-09-26 14:30:51.564838+00:00,0.956157248,22.716,-20.955248494055503,55.071526774259404,113.95647451478938,0.0011689462615370274
2024-09-26 14:40:47.346323+00:00,0.956256504,22.706,-20.955243797913823,55.071522336601966,114.51868122624039,0.0011689462728833803
2024-09-26 14:40:47.704700+00:00,0.9563487420000001,22.704,-20.95524379508898,55.071522333932606,114.51901985105674,0.0011689463853241128
2024-09-26 14:50:53.520596+00:00,0.95598613,22.722,-20.955239019852836,55.07151782153421,115.0922016503532,0.00243798811641907
2024-09-26 15:00:49.829545+00:00,0.95592498,22.752,-20.955234319553515,55.07151337994797,115.65784910351746,0.004003311180844612
2024-09-26 15:10:56.181168+00:00,0.9558032940000001,22.802,-20.955237431047372,55.0715571303577,111.15445277385273,0.005568634177934242
2024-09-26 15:20:52.064918+00:00,0.9558048620000001,22.878,-20.955241863226846,55.07160853231136,105.84879323937989,0.00713395713306342
2024-09-26 15:30:57.774056+00:00,0.9558522119999999,22.956,-20.955246368487494,55.07166078181983,100.46159639503465,0.008699280030945649
2024-09-26 15:40:53.632396+00:00,0.95631399,23.034,-20.955250800477973,55.0717121815816,95.1688451144872,0.008995561127744503
2024-09-26 15:50:59.427356+00:00,0.956891094,23.058,-20.955255306376962,55.071764438493226,89.79601975628488,0.008995560754843233
2024-09-26 16:11:01.989347+00:00,0.95716793,23.048000000000002,-20.955264251025273,55.07186817355188,79.16148727272756,0.008995560328792496
2024-09-26 16:40:58.407519+00:00,0.957038274,23.020000000000003,-20.955277612772008,55.072023135662604,63.39092294645864,0.008995559902379732
2024-09-26 16:51:04.303548+00:00,0.956869854,22.982,-20.95528211942275,55.07207540129262,58.12006896965889,0.008995559504453934
2024-09-26 17:01:00.846113+00:00,0.956615996,22.942,-20.95528655650249,55.072126860076814,52.966095545723995,0.008995559131431866
2024-09-26 17:01:02.593249+00:00,0.956407266,22.914,-20.955286569497677,55.07212701078776,52.951062678321236,0.008995558785617296
2024-09-26 17:21:02.069555+00:00,0.9561465159999999,22.88,-20.95529549119468,55.07223047966991,42.74663156553725,0.008995558465858236
2024-09-26 17:41:03.313868+00:00,0.956721068,22.839999999999996,-20.955304426042105,55.0723341010634,32.90373712424898,0.008995558145842006
2024-09-26 17:51:09.256670+00:00,0.95729562,22.8,-20.955308933040744,55.07238637072813,28.207447726443714,0.00899555776152159
2024-09-26 18:01:04.446633+00:00,0.9575749800000001,22.747999999999998,-20.955313360059836,55.07243771283455,23.908306023798733,0.008995557468480077
2024-09-26 18:01:05.593405+00:00,0.9575959519999999,22.727999999999998,-20.95531336858952,55.07243781175706,23.900433987574953,0.008995557457773432
2024-09-26 18:11:10.262195+00:00,0.95766212,22.722,-20.95531786611207,55.072489971523346,20.060672653458848,0.008995557298091999
2024-09-26 18:11:11.383032+00:00,0.957091786,22.796,-20.955317874448845,55.07249006820867,20.054242366250598,0.008995557111541971
2024-09-26 18:21:07.083235+00:00,0.9568386459999999,22.945999999999998,-20.955322305263103,55.07254145432927,17.14196204233894,0.008995556908425455
2024-09-26 18:41:08.203664+00:00,0.9565530600000001,23.09,-20.95533123918908,55.07264506503628,15.813572453619013,0.008995556732834377
2024-09-26 19:01:16.749843+00:00,0.956470614,23.248,-20.955340228347737,55.07274931630124,21.016069833059735,0.008995556235935061
2024-09-26 19:01:19.762831+00:00,0.9576178360000001,23.419999999999998,-20.955340250758322,55.07274957620677,21.03445434620163,0.008995555889433616
2024-09-26 19:11:15.334398+00:00,0.958580338,23.494,-20.955344680615784,55.07280095123098,24.982176434356372,0.008995555543285242
2024-09-26 19:31:16.266569+00:00,0.9592129079999999,23.483999999999998,-20.9553536131415,55.072904545698556,34.13209321736065,0.008995555222654456
2024-09-26 19:41:22.339269+00:00,0.9599135799999999,23.544,-20.955358121106322,55.072956826568536,39.07162486213302,0.008995554705275051
2024-09-26 20:01:23.755963+00:00,0.9612299180000001,23.552,-20.955367057235915,55.07306046283187,49.18431241035048,0.00899555422685252
2024-09-26 20:31:19.992081+00:00,0.962837278,23.354,-20.955380417628536,55.073215409238315,64.72396361765648,0.008995553773655122
2024-09-26 20:41:25.802466+00:00,0.964015092,23.064,-20.95538492364226,55.07326766748055,70.02812762787649,0.008995553346662825
2024-09-26 20:51:21.485283+00:00,0.9637727220000001,22.7,-20.9553893543272,55.0733190521014,75.26388384231416,0.008995552921160947
2024-09-26 21:01:27.840327+00:00,0.96321291,22.268,-20.955393864392093,55.07337135732683,80.61001217307668,0.008995552547580015
2024-09-26 21:21:28.762309+00:00,0.962245352,21.916,-20.955402796842023,55.0734749509155,91.2362074840561,0.008995552200207655
2024-09-26 21:31:34.387127+00:00,0.959060754,21.782,-20.9554073014755,55.07352719315038,96.6098688371051,0.00902227735367715
2024-09-26 21:51:35.087518+00:00,0.956725574,21.764,-20.955416232277237,55.07363076762421,107.28573848561557,0.009165228684634173
2024-09-26 22:11:34.772080+00:00,0.95510693,21.845999999999997,-20.955440701235545,55.07373293200372,117.7828415060561,0.009308180212415964
2024-09-26 22:11:36.894235+00:00,0.953737626,21.926,-20.9554407826989,55.07373311024934,117.80112219334224,0.009451131700559954
2024-09-26 22:21:32.888956+00:00,0.9527987299999999,21.939999999999998,-20.95546366120455,55.07378316948692,122.96426278609735,0.009594083146190677
2024-09-26 22:21:40.348508+00:00,0.952959266,21.89,-20.955463947555078,55.07378379603524,123.02923736629394,0.00971030878272189
2024-09-26 22:31:38.575402+00:00,0.9525492760000001,21.84,-20.955486911747368,55.07383404275918,128.265965957379,0.009710307934785372
2024-09-26 22:51:38.917544+00:00,0.9528556719999999,21.772,-20.95553298939455,55.07393486280061,138.91077181893206,0.00971030683496182
2024-09-26 23:01:35.061882+00:00,0.951649306,21.758000000000003,-20.95555587364357,55.07398493460495,144.2555535440198,0.011302355758727265
2024-09-26 23:01:40.785058+00:00,0.949601472,21.767999999999997,-20.955556093339663,55.073985415310254,144.30703114314133,0.013568122585163416
2024-09-26 23:11:36.363568+00:00,0.9498890579999999,21.784,-20.955520948227147,55.07389131187005,134.32832401711332,0.015833890273049316
2024-09-26 23:11:41.203290+00:00,0.9499931079999999,21.796,-20.955520604588934,55.07389040295435,134.23232832177413,0.018099659353075455
2024-09-26 23:21:38.294284+00:00,0.9500971579999999,21.808,-20.955478208913174,55.07377826730317,122.46129690916692,0.020365429048316164
2024-09-26 23:31:43.851645+00:00,0.9508638140000001,21.732,-20.955435212093953,55.07366454164045,110.70113827037589,0.02103914939270036
2024-09-26 23:31:46.416380+00:00,0.9516304700000001,21.656,-20.95543502998825,55.07366405997479,110.65179169146279,0.021039152431829
2024-09-26 23:41:38.804681+00:00,0.9497430440000001,21.636,-20.955392968221137,55.07355280750479,99.38254095245361,0.021039155526887548
2024-09-26 23:41:41.635805+00:00,0.948494756,21.664,-20.95539276720083,55.0735522758104,99.32936829702189,0.02103915861898814
2024-09-26 23:51:44.504841+00:00,0.947818246,21.767999999999997,-20.955349961262645,55.07343905502392,88.19291621886963,0.021039162259995952
2024-09-27 00:01:40.568513+00:00,0.94864824,21.91,-20.955307638530552,55.07332711230716,77.65025956745392,0.021039166388600546
2024-09-27 00:11:46.254406+00:00,0.948848662,22.042,-20.95526463258508,55.07321336250571,67.6395144035423,0.02103917107334428
2024-09-27 00:21:51.809531+00:00,0.9486353279999999,22.086000000000002,-20.955221635924616,55.0730996372629,58.69946652127932,0.02103917674269446
2024-09-27 00:31:47.453418+00:00,0.948536918,22.086000000000002,-20.95517934299881,55.07298777338314,51.491205044129494,0.021039181473210232
2024-09-27 00:51:47.121325+00:00,0.94831474,22.072000000000003,-20.955094162126677,55.07276247180712,44.77682453541284,0.020233845412255633
2024-09-27 00:51:47.715922+00:00,0.947436214,22.054000000000002,-20.955094119908093,55.07276236013987,44.776774688281826,0.018596538954121843
2024-09-27 01:11:48.066110+00:00,0.947325122,22.046,-20.95505079126239,55.07257125514614,46.34708281925645,0.0169592314921353
2024-09-27 01:11:49.112232+00:00,0.9479109940000001,22.108000000000004,-20.95505079908275,55.072571125935795,46.347051147929456,0.01532192253620086
2024-09-27 01:21:53.647325+00:00,0.947886334,22.17,-20.955055318327155,55.07249645760211,46.97688685772433,0.01368461336717208
2024-09-27 01:21:54.659583+00:00,0.9474136639999999,22.17,-20.95505532589436,55.072496332574424,46.9790120895909,0.012852644501506532
2024-09-27 01:31:49.113627+00:00,0.947452264,22.18,-20.95505976977718,55.07242290938787,48.81355463029587,0.012852644374878531
2024-09-27 01:31:50.307098+00:00,0.947308102,22.176000000000002,-20.955059778699056,55.07242276197788,48.81837120739933,0.01285264414379413
2024-09-27 01:41:55.947076+00:00,0.9474474799999999,22.156,-20.95506430620311,55.07234795717582,51.7936168043415,0.01285264379006972
2024-09-27 01:51:59.715736+00:00,0.94819739,22.136,-20.95506881971799,55.07227338350707,55.69220234849365,0.012852643372210237
2024-09-27 02:01:55.659202+00:00,0.9478285759999998,22.15,-20.95507327473509,55.072199776356555,60.27717087171166,0.01285264252307442
2024-09-27 02:01:57.041791+00:00,0.947608618,22.192,-20.95507328507073,55.072199605587954,60.28853400518996,0.012852642215569008
2024-09-27 02:12:00.741182+00:00,0.9486341680000001,22.268,-20.955077798067784,55.07212504047487,65.52292351141699,0.012852641908112836
2024-09-27 02:21:58.047506+00:00,0.948850334,22.364,-20.95508226327302,55.0720512649928,71.15706433021181,0.012852641601600018
2024-09-27 02:32:01.338075+00:00,0.9490665,22.46,-20.9550867732139,55.071976750374816,77.20599560404919,0.012852641453872968
2024-09-27 02:41:57.265752+00:00,0.9496784,22.526000000000003,-20.955091228112966,55.07190314517444,83.45839319127313,0.012852641146982305
2024-09-27 02:41:58.628831+00:00,0.9496301739999999,22.554,-20.95509123830276,55.071902976815586,83.47296320391051,0.012852640829351425
2024-09-27 02:52:02.503896+00:00,0.948916642,22.606,-20.95509575261308,55.071828390004356,90.03125579451597,0.01285264059933047
2024-09-27 02:52:04.208885+00:00,0.948858006,22.768,-20.955095765358845,55.07182817941495,90.05004340716148,0.011239238266882803
2024-09-27 03:01:59.936449+00:00,0.950101742,22.94,-20.955100218761952,55.07175459893128,96.6950646666686,0.009691675222327568
2024-09-27 03:12:06.290135+00:00,0.952068468,23.107999999999997,-20.95512605198732,55.07175064050141,95.89714751272446,0.008144112215198104
2024-09-27 03:22:02.193762+00:00,0.955658586,23.322,-20.955153362282392,55.07175315188819,94.49595375789242,0.00659654930519144
2024-09-27 03:22:07.168568+00:00,0.956018094,23.259999999999998,-20.955153590278016,55.071753172854095,94.48458249740433,0.005048986383465496
2024-09-27 03:32:07.640703+00:00,0.9562485500000001,23.084,-20.955181109948047,55.07175570349447,93.15290597908141,0.005114825659265373
2024-09-27 03:42:03.359752+00:00,0.9563133,22.894,-20.955208411783897,55.07175821410335,91.9141547316948,0.00511482565481154
2024-09-27 03:42:08.195109+00:00,0.95637805,22.704,-20.955208633388573,55.071758234481564,91.9044449822766,0.0051148256736635814
2024-09-27 03:52:03.543296+00:00,0.953345354,22.504,-20.955235918227793,55.07176074352748,90.75251723891301,0.005114825669594462
2024-09-27 03:52:09.043831+00:00,0.953007966,22.536,-20.955236170317608,55.071760766709026,90.74228260627612,0.005114825673022627
2024-09-27 04:02:04.896737+00:00,0.9533650379999999,22.688,-20.95526347828813,55.071763277882035,89.67896209387563,0.005114825649120258
2024-09-27 04:02:09.816108+00:00,0.952585444,22.844,-20.955263703743167,55.07176329861432,89.6705619473424,0.0051148256526515916
2024-09-27 04:12:05.049467+00:00,0.9525699839999999,22.985999999999997,-20.95529098331981,55.0717658071763,88.70098398527576,0.005114825637051303
2024-09-27 04:12:11.380328+00:00,0.954028578,23.092,-20.95529127346351,55.07176583385719,88.69117634415122,0.005114825643569151
2024-09-27 04:22:06.710473+00:00,0.954890246,23.174,-20.95531855747587,55.07176834282707,87.81737528433489,0.005114825633323278
2024-09-27 04:22:10.618370+00:00,0.955057454,23.136000000000003,-20.955318736575002,55.07176835929658,87.81195954478132,0.005114825597149089
2024-09-27 04:32:12.464943+00:00,0.956564702,23.236,-20.955346319235606,55.07177089572941,87.02868198787462,0.005114825587138918
2024-09-27 04:32:16.220391+00:00,0.9583500820000002,23.442,-20.95534649134798,55.071770911556435,87.02411415553473,0.005114825582925789
2024-09-27 04:42:18.178714+00:00,0.9570929360000001,23.532,-20.9553740791301,55.07177344846022,86.34406870813329,0.00511482556807232
2024-09-27 04:52:13.736281+00:00,0.9564327159999999,23.645999999999997,-20.95540137356522,55.07177595838855,85.7747729868178,0.005114825542741916
2024-09-27 05:02:12.201209+00:00,0.9556370080000001,23.88,-20.95542880124485,55.07177848056971,85.30850654854177,0.006746175688815134
2024-09-27 05:02:19.967963+00:00,0.9553596219999999,24.168,-20.955429157195592,55.07177851330206,85.30316070273099,0.00846488440738971
2024-09-27 05:12:15.598719+00:00,0.9555398220000001,24.564,-20.95545024968298,55.07170581506268,92.76768626170983,0.01018359277364965
2024-09-27 05:22:21.212595+00:00,0.9587625479999999,25.076,-20.955471469988165,55.071629162810396,100.71037569022994,0.011902300636833858
2024-09-27 05:32:16.793908+00:00,0.96078137,25.657999999999998,-20.955492338759058,55.0715537803747,108.57392546318093,0.01362100867073257
2024-09-27 05:32:17.431529+00:00,0.96293568,26.119999999999997,-20.95549236110087,55.07155369967133,108.58236786817385,0.013708366908259589
2024-09-27 05:42:22.212871+00:00,0.962985848,26.472,-20.955513552234624,55.07147715279246,116.60975756140763,0.013708365844463083
2024-09-27 05:42:23.116056+00:00,0.961536164,26.624000000000002,-20.955513583881626,55.07147703847676,116.62177326383413,0.013708365131010722
2024-09-27 05:52:17.632660+00:00,0.961949504,26.869999999999997,-20.955534415345824,55.07140179080078,124.54657628304962,0.013708364571312586
2024-09-27 05:52:18.630849+00:00,0.961588356,27.052,-20.9555344503217,55.071401664460474,124.55990639033227,0.013708363507374501
2024-09-27 06:02:23.946645+00:00,0.962648804,27.044,-20.955555660182362,55.07132504993603,132.6567244542908,0.013708361748421475
2024-09-27 06:12:19.144667+00:00,0.9639550320000001,26.954,-20.955576515522992,55.071249716013305,140.64105985032202,0.013708360556035065
2024-09-27 06:22:23.958470+00:00,0.9667268740000001,26.714,-20.955597707794155,55.07117316502587,148.7738221063321,0.013708359143041549
2024-09-27 06:22:24.764112+00:00,0.967635692,26.380000000000003,-20.955597736023314,55.07117306305615,148.78466699760799,0.013708357874751453
2024-09-27 06:32:20.230637+00:00,0.97043976,25.983999999999998,-20.955618600772116,55.0710976951491,156.80795095633889,0.013708356810632228
2024-09-27 06:32:28.696841+00:00,0.9718222320000001,25.778,-20.955618897422237,55.07109662358581,156.92212792715205,0.013708355620942659
2024-09-27 06:42:24.178501+00:00,0.972532822,25.53,-20.95563976270136,55.07102125376313,164.95950106334965,0.013708354687485876
2024-09-27 06:42:25.899175+00:00,0.9717777980000001,25.432,-20.95563982299262,55.07102103597828,164.98274333403265,0.013708353805706544
2024-09-27 06:52:21.447010+00:00,0.9712058960000001,25.369999999999997,-20.955660690590467,55.070945657779866,173.0328124076087,0.013708352945425783
2024-09-27 06:52:29.647960+00:00,0.970717136,25.364,-20.955660977946273,55.070944619789636,173.14373976897636,0.0137083519103851
2024-09-27 07:02:25.732728+00:00,0.966707636,25.406,-20.95568186435789,55.07086917363189,181.2114084443805,0.015619228556122727
2024-09-27 07:02:27.571689+00:00,0.963370018,25.490000000000002,-20.95568192879385,55.070868940875506,181.23631210561823,0.01766100851254058
2024-09-27 07:12:23.593575+00:00,0.9624135599999999,25.660000000000004,-20.95560808478162,55.070976531645115,169.20934332416076,0.01970278943930171
2024-09-27 07:12:31.381617+00:00,0.96127398,25.794,-20.955607097484574,55.0709779807804,169.049349028228,0.02174457147823295
2024-09-27 07:22:26.912478+00:00,0.959820694,25.962,-20.955531601504905,55.071088792301865,156.98674676674244,0.023786354497391197
2024-09-27 07:22:29.345697+00:00,0.9618881480000001,26.082,-20.95553129304355,55.07108924505541,156.93821123187547,0.023917261108142275
2024-09-27 07:32:25.238511+00:00,0.9625017440000001,26.244,-20.95545575117877,55.07120012392615,145.26577734132394,0.023917265087186834
2024-09-27 07:32:32.874799+00:00,0.9621911799999999,26.322000000000003,-20.955454783119716,55.071201544824284,145.11918726364883,0.023917269855291162
2024-09-27 07:42:30.984537+00:00,0.961880616,26.4,-20.955378960213512,55.07131283620212,133.91317044224044,0.023917274430558275
2024-09-27 07:52:33.459027+00:00,0.9591817820000001,26.5,-20.955302583983816,55.071424939737355,123.27546470182041,0.023917279206908556
2024-09-27 07:52:36.937350+00:00,0.956482948,26.6,-20.955302143033705,55.0714255869553,123.21627512580164,0.023917284043393765
2024-09-27 08:02:29.429072+00:00,0.9541779479999999,27.119999999999997,-20.955227032328413,55.071535832978576,113.57397165073338,0.020436863344467517
2024-09-27 08:02:32.972690+00:00,0.960271706,27.65,-20.955226583100785,55.0715364923461,113.51916000318143,0.017155357244449793
2024-09-27 08:22:34.411460+00:00,0.960402992,27.829999999999995,-20.955238662966224,55.071462229738536,120.73838142326817,0.01387385032436747
2024-09-27 08:32:35.594539+00:00,0.9632362540000001,27.953999999999997,-20.95524760542851,55.071419819777475,124.84945795377625,0.010592342503288554
2024-09-27 08:42:35.655838+00:00,0.967456056,28.084000000000003,-20.955256531204572,55.07137748895145,128.97978552732806,0.007310833788789747
2024-09-27 08:42:41.424891+00:00,0.9735534080000001,27.838,-20.95525661701793,55.0713770819784,129.0196170806566,0.007509749717879312
2024-09-27 08:52:36.981965+00:00,0.968232774,27.426,-20.95526547579467,55.07133506889917,133.1432867984975,0.007083788751272567
2024-09-27 09:02:42.473649+00:00,0.9688746119999999,27.363999999999997,-20.955274482346475,55.07129235499115,137.35812420899885,0.0068058469441668115
2024-09-27 09:12:38.219816+00:00,0.96888904,27.35,-20.955283242297373,55.07132176050029,134.1911099603007,0.006527905112971885
2024-09-27 09:12:42.830025+00:00,0.969440792,27.336000000000002,-20.95528331003786,55.071322022350316,134.16309004967314,0.006249963254421845
2024-09-27 09:22:38.695013+00:00,0.9676811860000001,27.160000000000004,-20.95529206542906,55.07135586620856,130.54225054290464,0.0059720214154733945
2024-09-27 09:32:44.363153+00:00,0.9677263220000001,27.345999999999997,-20.955300964863675,55.07139026686488,126.86336068315634,0.006120040186160837
2024-09-27 09:42:39.788658+00:00,0.967771458,27.532000000000004,-20.95530971379729,55.07142408576143,123.24831119960777,0.006120039838127081
2024-09-27 10:02:41.322260+00:00,0.9685971139999999,27.666000000000004,-20.955327368630073,55.071492330302924,115.9588791469133,0.006120039502437627
2024-09-27 10:02:43.822147+00:00,0.967498906,27.794,-20.95532740536237,55.07149247229117,115.94372132608902,0.0061200392679475165
2024-09-27 10:12:47.227230+00:00,0.966517438,28.084000000000003,-20.955336271544574,55.07152674441069,112.28615711158265,0.0061200389988597
2024-09-27 10:12:49.349573+00:00,0.965293456,28.166000000000004,-20.955336302729396,55.071526864955246,112.27329652223501,0.0061200388944722146
2024-09-27 10:22:42.731270+00:00,0.9670012120000001,28.538,-20.95534502163215,55.07156056776785,108.67882642760942,0.006120038636796157
2024-09-27 10:22:44.980780+00:00,0.967856344,28.904000000000003,-20.955345054685512,55.07156069553522,108.66520447860897,0.006120038301560502
2024-09-27 10:52:49.224963+00:00,0.968711476,29.27,-20.955371565495778,55.07166317275001,97.7526707049696,0.006120037900703197
2024-09-27 11:02:46.185389+00:00,0.972532298,29.532000000000004,-20.95538033698288,55.07169707882679,94.14875024274417,0.006120037565667447
2024-09-27 11:02:55.495286+00:00,0.976041642,29.669999999999998,-20.955380473778618,55.071697607609046,94.0925755348958,0.006120037099132664
2024-09-27 11:12:51.442317+00:00,0.9766192479999999,29.518,-20.955389230375324,55.071731456127154,90.49879589388331,0.006117804966851193
2024-09-27 11:22:57.146604+00:00,0.97900932,29.48,-20.95539813034107,55.07176585883656,86.85074219407343,0.006117804765426596
2024-09-27 11:22:57.146696+00:00,0.9813993919999999,29.442,-20.95539813034242,55.07176585884177,86.85074164134494,0.006117339989151779
2024-09-27 11:32:52.915904+00:00,0.981250058,29.383999999999997,-20.95540688432627,55.07179969725992,83.26759920292821,0.00611733978791796
2024-09-27 11:32:52.916348+00:00,0.9849050939999999,29.174,-20.955406884332792,55.07179969728513,83.26759653559472,0.006117339586789799
2024-09-27 11:42:58.422727+00:00,0.98856013,28.964,-20.95541578139056,55.07183408875378,79.63175140864726,0.006119571437079176
2024-09-27 11:52:53.358817+00:00,0.9878670639999999,28.625999999999998,-20.95542452313292,55.071867879852604,76.06594619729334,0.006119571235228867
2024-09-27 11:52:54.281317+00:00,0.9871083159999999,27.998,-20.95542453668775,55.071867932248644,76.06042264101166,0.006120035540034751
2024-09-27 12:03:00.550395+00:00,0.987300376,27.407999999999998,-20.9554334449523,55.071902367036955,72.434404682927,0.006120035078659234
2024-09-27 12:22:59.808325+00:00,0.9845843000000001,26.826,-20.955451066347308,55.07197048232515,65.2897276115742,0.006120034776554947
2024-09-27 12:23:01.387051+00:00,0.981868224,26.244,-20.955451089544447,55.071970571993404,65.28035071440324,0.006120034233642697
2024-09-27 12:43:00.394535+00:00,0.980742594,25.518,-20.955468707259506,55.07203867305679,58.18573709253012,0.006120033898584027
2024-09-27 12:43:02.835538+00:00,0.976508634,24.915999999999997,-20.955468743126584,55.072038811700544,58.17135508808438,0.0061200333952807695
2024-09-27 12:53:06.223916+00:00,0.972274674,24.314,-20.955477609063333,55.07207308287127,54.62545834347279,0.006120032902867731
2024-09-27 14:03:06.222365+00:00,0.9668189680000001,23.859999999999996,-20.955539322085897,55.07231163380978,30.911576449564336,0.006120032265032873
2024-09-27 14:03:13.384663+00:00,0.9613632620000001,23.406,-20.955539427325714,55.07231204061301,30.87385798962052,0.006120031662575063
2024-09-27 14:13:09.327977+00:00,0.957587988,23.073999999999998,-20.9555481838678,55.07234588892,27.798388244953212,0.006120031059005429
2024-09-27 14:13:12.223030+00:00,0.9565213120000001,22.892,-20.955548226406503,55.072346053352824,27.783785466375928,0.006120030656267835
2024-09-27 14:23:08.035406+00:00,0.9557706680000001,22.7,-20.955556981024642,55.07237989422282,24.864797457984057,0.006120030368979669
2024-09-27 14:33:14.051560+00:00,0.955657014,22.628,-20.95556588557283,55.07241431464559,22.11843209298532,0.006120030054214402
2024-09-27 14:53:11.266324+00:00,0.954650144,22.552,-20.955583476946412,55.07248231388632,17.753119640947297,0.006065868141561297
2024-09-27 14:53:15.125144+00:00,0.9539848019999999,22.48,-20.9555835336463,55.07248253305905,17.7422053947215,0.007642677208545144
2024-09-27 15:03:11.680377+00:00,0.952733692,22.432,-20.955586862560722,55.07251594682656,15.894693268921383,0.009219486494646377
2024-09-27 15:13:17.642697+00:00,0.9511665499999999,22.394,-20.955514978638853,55.07254339050677,7.877887920351089,0.010796295840454008
2024-09-27 15:23:13.379279+00:00,0.950203076,22.362000000000002,-20.95544430777283,55.072570371069276,3.885144830765455,0.012373105458198003
2024-09-27 15:23:18.232753+00:00,0.949717476,22.354,-20.955443732016352,55.072570590880275,3.909395606455471,0.014004076917079694
2024-09-27 15:33:19.082175+00:00,0.9488967779999999,22.52,-20.955372454625838,55.07259780300032,10.4908119519893,0.014004077668711151
2024-09-27 15:53:19.898159+00:00,0.949202556,22.558,-20.955230004576475,55.0726521872562,26.90264473440443,0.01303479281302231
2024-09-27 16:03:16.536593+00:00,0.9491858719999999,22.601999999999997,-20.955159226725854,55.07267920866304,35.19932163074714,0.011435114590653672
2024-09-27 17:23:31.046772+00:00,0.949417328,22.759999999999998,-20.954773599332253,55.072777989471476,79.28877048998405,0.009835435978358417
2024-09-27 17:53:37.662872+00:00,0.949291978,22.768,-20.954824848065368,55.07268907479906,71.99123678350321,0.008235756942941288
2024-09-27 18:03:33.867058+00:00,0.9491244699999999,22.644,-20.954841760739402,55.07265973192988,69.78599588155868,0.006636077511666713
2024-09-27 18:33:37.367498+00:00,0.948581444,22.616,-20.954892921089808,55.07257097059822,63.87814354985626,0.006005683460103287
2024-09-27 18:33:40.928872+00:00,0.948728938,22.578,-20.9548930221162,55.07257079532114,63.86775388334457,0.006005682667318337
2024-09-27 18:53:42.192691+00:00,0.947459536,22.424,-20.954927098668964,55.07251167375184,60.69275152343283,0.00600568192524913
2024-09-27 19:03:38.368637+00:00,0.94765189,22.4,-20.954944010541908,55.07248233227252,59.380024924744596,0.00600568123080647
2024-09-27 19:23:39.715172+00:00,0.9472468660000001,22.372,-20.954978089441106,55.07242320663225,57.32583145753987,0.006005680560143738
2024-09-27 19:33:45.514108+00:00,0.947939696,22.416,-20.954995274291825,55.07239339154651,56.61135946005765,0.006005679668611572
2024-09-27 19:53:46.748392+00:00,0.9481856179999999,22.464000000000002,-20.955029350006765,55.07233427143081,55.872360253202366,0.006005678678021367
2024-09-27 20:33:48.691887+00:00,0.9491621800000001,22.491999999999997,-20.95509748654177,55.07221605704147,57.16346501788381,0.006013578915085718
2024-09-27 20:43:44.570802+00:00,0.9496287320000001,22.488,-20.955114389988758,55.072186730180874,58.037029590270755,0.006617360391280884
2024-09-27 21:13:51.598615+00:00,0.950331708,22.484,-20.955199881304416,55.07213490440501,56.59858026036389,0.007221142012074235
2024-09-27 21:23:57.433868+00:00,0.9503277220000002,22.45,-20.95524890398072,55.0721389720466,53.56314779498066,0.007824923927014768
2024-09-27 21:33:53.065586+00:00,0.9505524,22.433999999999997,-20.955297101012434,55.07214297118058,50.975851851902874,0.008428706085844439
2024-09-27 21:43:58.749366+00:00,0.9510548959999999,22.482,-20.955346111431925,55.072147037805166,48.81351289071659,0.009024587161225617
2024-09-27 21:53:54.494031+00:00,0.952020314,22.482,-20.955394317603044,55.07215103769748,47.210316811794996,0.009024587143351902
2024-09-27 22:04:00.916985+00:00,0.95342278,22.419999999999998,-20.955443387834645,55.07215510928496,46.16799245284365,0.009024587126545663
2024-09-27 22:13:56.611552+00:00,0.954580942,22.386000000000003,-20.955491589951944,55.07215910884091,45.76238633881562,0.0090245871068229
2024-09-27 22:24:02.470628+00:00,0.95558929,22.334,-20.955540614555954,55.07216317664245,45.99522388925629,0.009024587106169855
2024-09-27 22:43:56.343797+00:00,0.95631573,22.278000000000002,-20.955637219792468,55.07217119243243,48.29755368880227,0.009024587088839468
2024-09-27 22:44:03.356685+00:00,0.9573759559999999,22.35,-20.955637787257864,55.072171239517694,48.31785177004457,0.008301141939733872
2024-09-27 22:53:58.999790+00:00,0.958360088,22.488,-20.955685985210998,55.07217523872813,50.30325943478426,0.0103314315424858
2024-09-27 23:04:06.016917+00:00,0.959643844,22.552,-20.9557136250076,55.07218633675348,50.887958418439,0.01236172168243208
2024-09-27 23:04:07.006239+00:00,0.9609276000000001,22.615999999999996,-20.955713472816253,55.07218641932886,50.87161143928484,0.014392012766170914
2024-09-27 23:24:06.390504+00:00,0.961478256,22.636000000000003,-20.955528966751903,55.07228652789651,33.17629940380599,0.01642230363415837
2024-09-27 23:24:06.906016+00:00,0.962011588,22.616,-20.955528887448626,55.07228657092457,33.170092816831406,0.01917604012211641
2024-09-27 23:34:02.280873+00:00,0.962152708,22.553999999999995,-20.95543729856016,55.072336264859935,27.47973842187442,0.019176042347518893
2024-09-27 23:44:06.860033+00:00,0.9621478399999999,22.520000000000003,-20.95534429373704,55.07238672704751,25.91236067392686,0.019176063136519067
2024-09-27 23:54:12.776606+00:00,0.9611913919999999,22.472,-20.955251083174367,55.07243730086443,29.27947413595997,0.01835402892566953
2024-09-27 23:54:12.780639+00:00,0.960806582,22.424,-20.95525108255395,55.07243730120105,29.27951060467869,0.017924985329454017
2024-09-28 00:14:14.359051+00:00,0.959187594,22.358,-20.955174373161242,55.07259106930579,32.526167387225755,0.01749594107537806
2024-09-28 00:34:14.646357+00:00,0.957899802,22.365999999999996,-20.955184596761452,55.07278762303141,36.989770976612434,0.01673766518282886
2024-09-28 00:44:10.037513+00:00,0.956673026,22.342,-20.95518966808156,55.072885121646394,42.80490708774418,0.01506002884920371
2024-09-28 01:04:12.028093+00:00,0.95639783,22.332,-20.95519854417219,55.07306295072471,56.662530688712835,0.014204446529293393
2024-09-28 01:14:13.346987+00:00,0.955796058,22.294,-20.95519215804055,55.07300085531252,51.70885785777862,0.012955874039932688
2024-09-28 01:14:17.632583+00:00,0.955469482,22.266,-20.95519211252663,55.07300041275892,51.674771414965015,0.011707301819581763
2024-09-28 01:44:17.860098+00:00,0.954705244,22.204,-20.955172993736234,55.07281451161613,39.59856284656929,0.01078796083787564
2024-09-28 01:44:23.367370+00:00,0.9538799900000001,22.174,-20.95517293524786,55.07281394290571,39.570589702621035,0.01078796121455953
2024-09-28 01:54:18.914689+00:00,0.953178536,22.158,-20.955166610411545,55.07275244349729,36.98656776700257,0.010787961741790529
2024-09-28 01:54:22.846589+00:00,0.9523996800000001,22.218,-20.95516656865395,55.072752037468234,36.972617409130315,0.010787962196205363
2024-09-28 02:14:20.733896+00:00,0.9516208240000001,22.278,-20.955153846841764,55.072628337204,34.93116533980702,0.01078796279101069
2024-09-28 02:24:26.401244+00:00,0.951814862,22.416000000000004,-20.95514741452864,55.072565792747156,35.68047640655076,0.01078796315477572
2024-09-28 02:24:28.159660+00:00,0.9520089,22.553999999999995,-20.955147395853892,55.07256561116368,35.68437074037656,0.010787963596633142
2024-09-28 02:34:21.628622+00:00,0.9516498160000001,22.788,-20.955141093090162,55.07250432637755,37.527102966356644,0.010787963914806954
2024-09-28 02:34:23.131184+00:00,0.9516947099999999,22.973999999999997,-20.95514107713264,55.07250417121494,37.53303965117588,0.010787964209009565
2024-09-28 02:44:27.058680+00:00,0.9521423139999999,23.465999999999998,-20.955134663297105,55.072441806424536,40.378037909742716,0.010787964291969319
2024-09-28 02:44:28.638287+00:00,0.9521157020000001,23.881999999999998,-20.955134646521348,55.072441643305844,40.38659449479652,0.010787964520011415
2024-09-28 03:04:27.858703+00:00,0.9542261700000001,24.845999999999997,-20.955121910551266,55.07231780537763,48.20082260883651,0.01078796492927342
2024-09-28 03:04:29.116291+00:00,0.9589765120000001,25.901999999999997,-20.955121897195422,55.07231767551236,48.21017459335689,0.010661088088433891
2024-09-28 03:44:28.563755+00:00,0.9640048800000001,26.98,-20.95509641456462,55.07206989570572,68.66519138657924,0.008870857375989952
2024-09-28 04:04:30.089880+00:00,0.968630538,27.752,-20.955084714631834,55.07195307988503,79.39678245827591,0.007080626568442236
2024-09-28 04:14:33.813124+00:00,0.97215293,28.586000000000002,-20.955088830611945,55.07196280703802,78.2987328904491,0.005290395822332114
2024-09-28 04:14:35.596929+00:00,0.9743843739999999,29.036,-20.95508884277332,55.07196283577858,78.29548896745413,0.003500164796381018
2024-09-28 04:24:39.393513+00:00,0.974405266,29.284,-20.955092959253438,55.071972564113224,77.19761793569789,0.0018368109397382524
2024-09-28 04:34:34.949974+00:00,0.974048438,29.662,-20.955097019555193,55.0719821596835,76.11504758260625,0.0018368109145078513
2024-09-28 04:34:36.146343+00:00,0.9758626579999999,30.236,-20.95509702771163,55.071982178959324,76.11287321490529,0.0018368109476372299
2024-09-28 04:44:41.818867+00:00,0.9787801439999999,30.748,-20.95510115698127,55.071991937519,75.01225301169272,0.00183681090383439
2024-09-28 05:04:40.156987+00:00,0.9809634779999999,31.21,-20.955109326843733,55.072011245071515,72.83571281617823,0.001836810870165283
2024-09-28 05:04:42.903778+00:00,0.983146812,31.672000000000004,-20.95510934557042,55.07201128932765,72.83072552009607,0.001836810895641827
2024-09-28 05:14:35.281609+00:00,0.9865695139999999,31.977999999999998,-20.955113384201358,55.07202083368402,71.75534594734906,0.0018368108626081142
2024-09-28 05:14:38.395067+00:00,0.987821168,32.088,-20.955113405427856,55.07202088384787,71.74969490980693,0.001836810833285975
2024-09-28 05:24:40.829285+00:00,0.9885837900000001,32.194,-20.955117512619825,55.07203059023216,70.65646050237604,0.0018368108185077153
2024-09-28 05:24:43.867565+00:00,0.9892344320000002,32.186,-20.955117533333787,55.072030639184746,70.65094800203568,0.0018368108224566307
2024-09-28 05:34:39.380077+00:00,0.99107846,32.172000000000004,-20.955121593335914,55.072040234046916,69.57069055505066,0.0018368108191777672
2024-09-28 05:34:46.468289+00:00,0.98956812,32.11800000000001,-20.955121641660938,55.07204034825177,69.55783512181594,0.0018368107937129987
2024-09-28 05:44:45.111961+00:00,0.99141096,32.126000000000005,-20.95512572301025,55.072049993563006,68.47233777399674,0.0018368107687430292
2024-09-28 05:54:46.715104+00:00,0.9937428319999999,32.138,-20.955129824536233,55.072059686557054,67.38193471155257,0.0018368107115676058
2024-09-28 06:04:42.051639+00:00,0.993817512,32.126,-20.955133883338608,55.072069278583896,66.30336668234274,0.0018368106579852745
2024-09-28 06:04:46.735241+00:00,0.9945423879999999,32.232,-20.955133915269816,55.07206935404581,66.29488336844774,0.0018368106243595744
2024-09-28 06:14:42.397137+00:00,0.997432878,32.42,-20.95513797629039,55.07207895131485,65.21622826408037,0.001836810591186017
2024-09-28 06:24:48.044923+00:00,0.9971453379999999,32.40599999999999,-20.955142105391374,55.07208870947595,64.12002744293679,0.0018368105536549842
2024-09-28 06:34:43.843603+00:00,0.996126894,32.398,-20.9551461673445,55.07209830894884,63.042208987606564,0.0019655642941825346
2024-09-28 06:54:54.641307+00:00,0.9973656419999999,32.414,-20.955154422152173,55.07211781724943,60.85365837652848,0.002966789694152751
2024-09-28 07:04:51.434574+00:00,0.9989567859999999,32.184,-20.955155864312054,55.07213198976432,59.55794020686383,0.003968015238948026
2024-09-28 07:04:53.808777+00:00,1.00059701,31.916000000000004,-20.955155817916644,55.07213213812328,59.548392322231194,0.004969240874993612
2024-09-28 07:14:48.712809+00:00,1.0015468559999998,31.559999999999995,-20.955144192618555,55.07216931242892,57.25118041061625,0.005970466537092063
2024-09-28 07:14:57.341209+00:00,1.0032276059999998,31.198,-20.955144024006948,55.072169851599554,57.21931427715896,0.006842938514493821
2024-09-28 07:24:53.157580+00:00,1.004436248,30.768,-20.955132380880418,55.07220708291534,55.12737082787306,0.006842938844453821
2024-09-28 07:24:54.744043+00:00,1.002257856,30.552,-20.9551323498786,55.072207182050086,55.12209724837036,0.006842939183324753
2024-09-28 07:34:58.922527+00:00,1.000812026,30.194,-20.955120543344105,55.07224493589679,53.23685842251942,0.0073858652821367264
2024-09-28 07:54:59.919665+00:00,1.000669328,30.016,-20.955097074096994,55.07231998368984,50.295179656479355,0.00837932517309364
2024-09-28 08:15:01.063048+00:00,1.00052663,29.838,-20.955108578708018,55.072429849316514,43.532897022023036,0.009372785083222469
2024-09-28 08:24:55.264669+00:00,0.99818309,29.732,-20.955125174833636,55.07249505192358,39.490365776249874,0.010366244630846507
2024-09-28 08:24:56.657292+00:00,0.9970306059999998,29.546,-20.955125213729772,55.07249520473814,39.48187029812111,0.011359703937944119
2024-09-28 08:35:01.171053+00:00,0.9950230039999999,29.552000000000003,-20.955142097874752,55.07256153891132,36.31360636884846,0.011810237250733413
2024-09-28 08:35:02.488090+00:00,0.994553764,29.651999999999997,-20.955142134659763,55.07256168343171,36.30793458146774,0.01181023651004777
2024-09-28 08:44:58.206522+00:00,0.9926074979999999,29.806,-20.955158773150103,55.07262705248066,34.37394485330501,0.011810235443879708
2024-09-28 08:55:03.979868+00:00,0.9933341819999999,29.956,-20.955175692475443,55.072693524869905,33.824277454588035,0.011810234567215184
2024-09-28 09:05:00.099499+00:00,0.99313052,30.028000000000002,-20.955192342171326,55.072758937943014,34.74373703512939,0.011810233675165647
2024-09-28 09:05:07.236586+00:00,0.9946193959999998,29.98,-20.955192541511057,55.07275972110594,34.763236565666396,0.01181023268940293
2024-09-28 09:15:02.330132+00:00,0.993782006,29.886000000000003,-20.955209162548254,55.07282502158524,37.03350357318928,0.011810231828450212
2024-09-28 09:25:01.630806+00:00,0.993968236,29.742,-20.95522590109106,55.07289078371881,40.44096130936466,0.011810231087005314
2024-09-28 09:25:08.031275+00:00,0.994154466,29.598000000000003,-20.95522607985696,55.072891486051574,40.482483675527526,0.011810230385584852
2024-09-28 09:35:03.144412+00:00,0.994463146,29.412,-20.955242701441332,55.07295678868061,44.7346089157038,0.011810229644701084
2024-09-28 09:35:07.410567+00:00,0.9939883760000001,29.268,-20.955242820595576,55.072957256811996,44.76761642107328,0.011810228902625824
2024-09-28 09:45:13.478164+00:00,0.993687396,29.1,-20.95525974813939,55.073023761489864,49.753656234037095,0.012349144161120405
2024-09-28 09:55:04.084177+00:00,0.992560364,28.810000000000002,-20.955276243839226,55.07308856954564,55.075130743223305,0.015309438228011474
2024-09-28 10:15:10.840830+00:00,0.991026432,28.696000000000005,-20.955400526417908,55.07298511773758,40.76530231582412,0.01826973043668751
2024-09-28 10:25:06.555039+00:00,0.99034429,28.619999999999997,-20.95548842522194,55.072864918966374,27.71687472758302,0.02123002083915685
2024-09-28 10:35:12.513131+00:00,0.988875616,28.571999999999996,-20.955577835531074,55.07274265326084,19.363559432650046,0.0241903105022175
2024-09-28 10:45:09.263499+00:00,0.989908028,28.516,-20.955665887222402,55.072622245421194,22.269267853567996,0.02661168330197019
2024-09-28 10:45:18.428992+00:00,0.9922198980000001,28.577999999999996,-20.955667239608932,55.07262039607636,22.398911045995177,0.02661167775544644
2024-09-28 10:55:14.530676+00:00,0.994300228,28.464,-20.955755195585656,55.07250011912335,33.67271328509736,0.02579875426301992
2024-09-28 10:55:15.178661+00:00,0.996336664,28.432,-20.955755291197143,55.072499988377736,33.68698003224811,0.020502518580979276
2024-09-28 11:05:11.011304+00:00,0.9976379419999999,28.297999999999995,-20.955829859091967,55.07239819506099,45.43831869267249,0.015206283584278302
2024-09-28 11:05:11.477815+00:00,0.9962643440000001,28.195999999999998,-20.955829859395347,55.07239819554904,45.43832540710677,0.009910049496828898
2024-09-28 11:15:16.139056+00:00,0.9947190939999999,28.056,-20.95583025261802,55.07239882812465,45.44709653980528,0.004613815149627654
2024-09-28 11:15:17.456121+00:00,0.993812284,27.915999999999997,-20.955830253474534,55.07239882950251,45.44711579313346,0.0001305006969574149
2024-09-28 11:25:13.561586+00:00,0.9906277059999999,27.9,-20.955830641133225,55.07239945312736,45.45589553800591,0.00013050039672713078
2024-09-28 11:25:21.987309+00:00,0.988570496,28.110000000000003,-20.955830646612633,55.07239946194206,45.45602057825533,0.00013050039672357082
2024-09-28 11:35:19.607026+00:00,0.9865132859999999,28.32,-20.955831035256068,55.07240008715107,45.464956398846546,0.0001305004721731077
2024-09-28 11:45:15.451840+00:00,0.987209206,28.622000000000003,-20.955831422745252,55.07240071050323,45.47399709292124,0.00013050047197269785
2024-09-28 11:45:22.662424+00:00,0.9879051259999999,28.924,-20.955831427434433,55.072400718046694,45.47410730182656,0.00013050046639918677
2024-09-28 11:55:18.235767+00:00,0.99225847,29.062,-20.95583181474707,55.07240134111486,45.48327651115621,0.0014943125363210583
2024-09-28 11:55:21.524128+00:00,0.996219604,29.076,-20.955831816885556,55.072401344555026,45.483327501602474,0.0065583439960716266
2024-09-28 12:05:18.663281+00:00,1.000173036,29.148000000000003,-20.95581809356202,55.07243850852101,42.469530732866275,0.011622376220136907
2024-09-28 12:05:24.651943+00:00,1.0006797760000001,29.131999999999998,-20.95581757512001,55.07243986727042,42.36127361846975,0.016686409951369708
2024-09-28 12:15:24.731818+00:00,1.001186516,29.116000000000003,-20.955765625850862,55.07257601757791,33.314226931369795,0.021750444461915205
2024-09-28 12:25:20.725981+00:00,1.000751486,29.212,-20.955714030284224,55.072711240890534,29.859689008329376,0.025450667647167014
2024-09-28 12:25:25.714686+00:00,0.999925634,29.218,-20.955713598409083,55.07271237276272,29.8616191899466,0.025450672952566273
2024-09-28 12:35:26.662899+00:00,0.9991074839999999,29.165999999999997,-20.955661573967408,55.07284872008478,33.78561136736321,0.02545067827367713
2024-09-28 12:45:22.622482+00:00,0.9991266299999999,29.195999999999998,-20.955609981394378,55.072983935551655,43.025376889638906,0.025450682830389076
2024-09-28 12:45:26.767100+00:00,0.998777782,29.274,-20.955609622592352,55.072984875911494,43.101390366721475,0.024196165854820775
2024-09-28 12:55:28.611390+00:00,0.9979910479999999,29.279999999999994,-20.955557520576757,55.07312142654176,55.17820584027211,0.019970849763273714
2024-09-28 13:05:25.857120+00:00,0.9982153300000001,29.365999999999996,-20.955515419204563,55.07322209698293,64.92731559363831,0.015745532194276393
2024-09-28 13:05:28.753822+00:00,0.998179972,29.442,-20.955515379084684,55.073221984269004,64.91528059403218,0.011520213887373343
2024-09-28 13:15:32.097274+00:00,0.9981725320000001,29.470000000000006,-20.955507022661546,55.07319850749749,62.41276265066333,0.007294894895198049
2024-09-28 13:25:28.306891+00:00,0.999154384,29.377999999999997,-20.95549876504341,55.07317530831152,59.94874602776583,0.004324096651655616
2024-09-28 13:25:29.437969+00:00,1.000605068,28.886000000000003,-20.95549874937776,55.073175264300005,59.94408062232289,0.004324096831116058
2024-09-28 13:35:34.274802+00:00,1.001355032,28.198,-20.95549037227101,55.073151729419365,57.45465690861289,0.00432409704045702
2024-09-28 13:55:35.576719+00:00,1.001840268,27.310000000000002,-20.955473734007853,55.073104985412236,52.54656314669961,0.004324097251043715
2024-09-28 14:05:31.245382+00:00,1.001835402,26.27,-20.95546548388203,55.07308180727539,50.13428373626477,0.004324097445227227
2024-09-28 14:15:37.125581+00:00,0.99956125,25.195999999999998,-20.955457092324462,55.0730582317962,47.698188331529714,0.004324097717959498
2024-09-28 14:25:33.061165+00:00,0.996370368,24.535999999999998,-20.955448838501727,55.07303504327316,45.32208286140398,0.004324097990719734
2024-09-28 14:45:34.510718+00:00,0.9926737640000001,24.084000000000003,-20.955432198193787,55.072988293521355,40.6062063643628,0.004234780368628479
2024-09-28 14:55:40.415449+00:00,0.989198882,23.818,-20.955423806296444,55.0729647170876,38.275043481602246,0.004461550986879512
2024-09-28 15:35:43.380635+00:00,0.985582132,23.694,-20.95537978642807,55.07304106749612,46.91212193170711,0.004688321670160854
2024-09-28 15:45:39.226335+00:00,0.9836133700000002,23.676000000000002,-20.9553682486531,55.07306984571963,50.10488515530024,0.004915092489077321
2024-09-28 16:05:41.193457+00:00,0.982810428,23.626,-20.955344974127208,55.073127898464634,56.566050362750914,0.005141863154407808
2024-09-28 16:05:42.917078+00:00,0.9820282180000002,23.538000000000004,-20.955344940751534,55.07312798171228,56.57533205609707,0.005457951723996673
2024-09-28 16:15:47.274307+00:00,0.9817076720000001,23.39,-20.955333238161902,55.07315717102659,59.83221494030951,0.005457952153876988
2024-09-28 16:25:43.266839+00:00,0.981440372,23.259999999999998,-20.955321697543724,55.0731859563418,63.04826397928476,0.005170976019885356
2024-09-28 16:55:49.844522+00:00,0.981120778,23.112000000000002,-20.955286715522757,55.073273210636565,72.81678528124472,0.004096247903395955
2024-09-28 17:05:56.532486+00:00,0.978560922,23.086,-20.955278104525732,55.07329483124615,75.23923874198853,0.0030215198769484803
2024-09-28 17:25:57.784911+00:00,0.976566582,23.095999999999997,-20.955278138135213,55.0732958059212,75.33539906039924,0.0019467917874693725
2024-09-28 17:45:54.040167+00:00,0.975293086,23.258,-20.95527817160488,55.07329677654162,75.43117267001196,0.0008720635463602439
2024-09-28 17:45:58.950477+00:00,0.974737226,23.392,-20.95527817174227,55.07329678052576,75.43156582264731,0.0014107332068128175
2024-09-28 17:55:54.671858+00:00,0.97423366,23.544,-20.95527818840978,55.07329726388359,75.47926494908103,0.005777280181526561
2024-09-28 18:05:54.257834+00:00,0.974251826,23.584,-20.95527582810009,55.07325856501472,71.70497753588866,0.010143827222968766
2024-09-28 18:06:01.189251+00:00,0.974506646,23.636000000000003,-20.955275739392185,55.073257105125265,71.56312340217349,0.01451037459273502
2024-09-28 18:15:57.109545+00:00,0.973749772,23.622,-20.955268112836364,55.07313159287541,59.55324396709039,0.01887692230612496
2024-09-28 18:35:58.447589+00:00,0.9729596060000001,23.622,-20.95525273817679,55.07287856802913,37.540016529745,0.021917048800954533
2024-09-28 18:46:04.379336+00:00,0.9724715080000002,23.645999999999997,-20.955244983494932,55.07275094717517,29.278854368347726,0.020889011659945507
2024-09-28 18:56:00.498419+00:00,0.9723143180000001,23.625999999999998,-20.95523735439502,55.07262539305652,25.659225323636853,0.01653479205795252
2024-09-28 19:06:07.631073+00:00,0.9723355579999999,23.583999999999996,-20.955231251543328,55.07252752037027,27.22279360755178,0.012180572118344805
2024-09-28 19:16:03.347366+00:00,0.971922848,23.532,-20.955230628173304,55.072528025805426,27.275258804761815,0.00782635184414469
2024-09-28 19:26:09.157531+00:00,0.9718525640000001,23.474,-20.955229994240845,55.072528539804715,27.328793356242123,0.0034721313436579014
2024-09-28 19:36:05.086424+00:00,0.970526632,23.378,-20.955229370648354,55.072529045420254,27.38163115390296,0.00014594894903032467
2024-09-28 19:46:11.091846+00:00,0.9700811,23.330000000000002,-20.95522873651157,55.072529559585206,27.43554078649431,0.0007886015290864895
2024-09-28 19:56:07.120754+00:00,0.969220484,23.291999999999998,-20.955228112814424,55.0725300652856,27.4887373782637,0.0017521579771599244
2024-09-28 20:16:08.766106+00:00,0.968261458,23.253999999999998,-20.955231417851557,55.07256877673884,26.360228592856053,0.0027157143594090808
2024-09-28 20:16:09.379983+00:00,0.966854386,23.228,-20.955231420679187,55.072568805926444,26.359555640302442,0.0036792707417384316
2024-09-28 20:46:13.787573+00:00,0.966802524,23.21,-20.95523973210699,55.07265459888752,25.89964130153164,0.0046428270878918695
2024-09-28 20:46:15.752365+00:00,0.9668810440000002,23.220000000000002,-20.955239741157175,55.07265469230617,25.900824203478894,0.004963730835787518
2024-09-28 20:56:11.471115+00:00,0.966157122,23.224,-20.95524248514551,55.072683016547224,26.423543253933246,0.004963730697830503
2024-09-28 21:06:17.746159+00:00,0.966097392,23.236,-20.95524527775805,55.07271184270133,27.276259638016313,0.00496373057489106
2024-09-28 21:16:13.202275+00:00,0.966782616,23.212,-20.955248020536647,55.0727401544551,28.400682054730115,0.004963730465946381
2024-09-28 21:16:17.826353+00:00,0.967370556,23.146,-20.955248041835986,55.072740374313035,28.410442971937726,0.0049637303570545565
2024-09-28 21:46:19.113533+00:00,0.967617414,23.056,-20.955256338890614,55.07282601891007,33.216195997216445,0.004963730260578381
2024-09-28 21:56:16.186287+00:00,0.968990054,22.934,-20.95525908911574,55.07285440752905,35.1676978563459,0.004619964370975993
2024-09-28 21:56:24.624413+00:00,0.969357256,22.812,-20.955259127983275,55.07285480873098,35.1962904249726,0.006748655327557099
2024-09-28 22:06:21.529532+00:00,0.968979504,22.726,-20.955273434620413,55.07284416817924,33.32210602234237,0.008877345427155656
2024-09-28 22:26:20.253850+00:00,0.968290978,22.686,-20.955344242739155,55.072680732212845,16.053496361093472,0.011006035489269669
2024-09-28 22:26:22.170569+00:00,0.968016442,22.645999999999997,-20.955344355958896,55.07268047088437,16.028473063664187,0.013134724946604271
2024-09-28 22:36:27.878351+00:00,0.9674185659999999,22.644,-20.95538013485143,55.07259788772891,9.63676573508692,0.015607179922254156
2024-09-28 22:46:23.769496+00:00,0.968056242,22.637999999999998,-20.955415333879525,55.07251664298927,10.29041762818192,0.015607177785588658
2024-09-28 22:46:29.812495+00:00,0.9686939179999999,22.632,-20.955415690836823,55.07251581907724,10.339768881131299,0.015607176111614144
2024-09-28 22:56:24.825093+00:00,0.9694021659999998,22.672000000000004,-20.955450837969533,55.07243469412007,17.15438352219246,0.014867589105133323
2024-09-28 22:56:29.542615+00:00,0.9696652520000001,22.664,-20.95545111663148,55.072434050925686,17.217651395042342,0.0117791267888117
2024-09-28 23:06:26.489624+00:00,0.9699283380000001,22.656,-20.955477839015508,55.072371855113964,23.61955830761933,0.008690664756790131
2024-09-28 23:16:24.822119+00:00,0.969166392,22.648000000000003,-20.955477159892403,55.07237124390316,23.679145124492656,0.005602203050084981
2024-09-28 23:16:32.198939+00:00,0.9684044460000001,22.639999999999997,-20.95547715151952,55.07237123636757,23.679881396584918,0.002513741738520551
2024-09-28 23:26:27.564274+00:00,0.968261448,22.595999999999997,-20.95547647576422,55.0723706281878,23.739434311111182,0.00016486581821780128
2024-09-28 23:26:29.835489+00:00,0.968149622,22.6,-20.95547647318633,55.0723706258677,23.73966198613703,0.00016486588124472432
2024-09-28 23:36:33.307481+00:00,0.968234578,22.614,-20.95547578822976,55.07237000940679,23.800287818903975,0.00016486588997755486
2024-09-28 23:36:34.765740+00:00,0.968246538,22.642000000000003,-20.955475786574596,55.07237000791714,23.800434635289747,0.00016486589017670485
2024-09-28 23:46:28.849327+00:00,0.9688045260000001,22.656,-20.955475112274115,55.07236940104671,23.86037267455403,0.0024515318626783505
2024-09-28 23:56:34.456479+00:00,0.9686532660000001,22.660000000000004,-20.95547442489408,55.07236878240467,23.921731530659272,0.008690221511497741
2024-09-29 00:06:31.290692+00:00,0.968495946,22.65,-20.95549782241127,55.072430556834746,17.829017717336786,0.014928908789217238
2024-09-29 00:16:37.080887+00:00,0.9677741839999999,22.622,-20.95556268639066,55.072599798294036,10.66305711010821,0.021167593825879717
2024-09-29 00:26:32.500968+00:00,0.968294438,22.594,-20.9556264400073,55.07276614262285,24.82609043653058,0.027406276553251802
2024-09-29 00:36:37.927319+00:00,0.9682356839999999,22.583999999999996,-20.955691265028715,55.07293528243397,42.92236836334509,0.03011293640782926
2024-09-29 00:46:33.256689+00:00,0.9683486160000001,22.548000000000002,-20.955755008932623,55.07310160142056,61.243900190950356,0.026020080149905707
2024-09-29 01:06:34.876414+00:00,0.9684676080000001,22.526,-20.955851052912507,55.07337362580996,91.08063703697464,0.02192723066101499
2024-09-29 01:16:40.617523+00:00,0.9692236939999999,22.509999999999998,-20.955807257991044,55.07333073995087,84.89211187627951,0.017834379306138477
2024-09-29 01:16:40.676373+00:00,0.9693240519999999,22.46,-20.9558072537362,55.07333073578434,84.89151364016718,0.013741530547717293
2024-09-29 01:26:46.289677+00:00,0.969891112,22.394,-20.955763468055,55.07328785897371,78.77093573014356,0.010894038962804919
2024-09-29 01:36:41.640569+00:00,0.969898966,22.356,-20.95572042434347,55.07324570873149,72.83530267898627,0.010894040262536386
2024-09-29 01:46:47.248576+00:00,0.969260476,22.532,-20.95567663904525,55.07320283229589,66.90228330857282,0.010894037819698454
2024-09-29 02:06:48.562197+00:00,0.96914295,22.848000000000003,-20.95558978438919,55.07311778050411,55.57837441149505,0.010894040122310067
2024-09-29 02:36:43.903308+00:00,0.9691876620000001,23.336000000000002,-20.955459981703207,55.072990672165645,40.67762493632277,0.010894042426457853
2024-09-29 02:46:49.545064+00:00,0.9687986519999999,23.836,-20.955416193964947,55.07294779334065,36.65245543875682,0.010894044612181705
2024-09-29 02:56:46.309121+00:00,0.969997768,24.497999999999998,-20.955373048081956,55.072905543047774,33.49414245943515,0.010595982844512384
2024-09-29 02:56:55.000517+00:00,0.971843228,24.946,-20.955372419696324,55.0729049277057,33.45527577302523,0.009918023969746854
2024-09-29 03:06:51.428236+00:00,0.9725836400000001,25.332,-20.955340895796564,55.07286276366282,30.758899141097714,0.009240064560427499
2024-09-29 03:06:51.642332+00:00,0.9763953080000001,25.535999999999998,-20.955340892611883,55.07286274857123,30.75766492757942,0.008562104946574924
2024-09-29 03:16:57.381956+00:00,0.9802069760000001,25.74,-20.955331882222424,55.07282005008387,27.420635677127198,0.007884145169868096
2024-09-29 03:26:50.894399+00:00,0.9812162360000001,25.802,-20.95532305371254,55.072778213488526,24.53059076884895,0.0075042489923231506
2024-09-29 03:26:52.961276+00:00,0.9838200839999999,25.857999999999997,-20.9553230229677,55.07277806779471,24.521344687581564,0.007504249287520267
2024-09-29 03:36:55.885936+00:00,0.983427094,25.901999999999997,-20.95531405445089,55.0727355677337,22.12547898233928,0.007504249628624391
2024-09-29 03:46:53.227664+00:00,0.982778186,26.294,-20.955305168980317,55.072693461212694,20.47406508060238,0.007504249969800462
2024-09-29 03:56:58.910113+00:00,0.982129278,26.686,-20.955296159441335,55.07265076675559,19.720258092426942,0.007504250357963896
2024-09-29 04:06:54.582484+00:00,0.985098204,27.162,-20.955287298802478,55.07260877790727,19.984730026867233,0.007504250698856939
2024-09-29 04:06:59.471844+00:00,0.9864725419999999,27.644,-20.955287226073146,55.072608433257074,19.991022589795655,0.007504250976538483
2024-09-29 04:16:54.273336+00:00,0.989946536,28.106,-20.95527837838863,55.072566505796864,21.220969046158327,0.007504251232213733
2024-09-29 04:16:59.699585+00:00,0.99072458,28.253999999999998,-20.955278297673065,55.07256612330146,21.236180474483856,0.007504251435829452
2024-09-29 04:26:59.433591+00:00,0.9923509779999999,28.492,-20.9552693766173,55.072523848149146,23.297942578144163,0.007504251639125592
2024-09-29 04:27:05.254968+00:00,0.993245814,28.625999999999998,-20.955269290024198,55.07252343780123,23.321318391250834,0.007504251895177766
2024-09-29 04:37:00.902448+00:00,0.9923046080000001,28.875999999999998,-20.95526042975559,55.072481450707464,25.991621588169245,0.007504252215983066
2024-09-29 04:47:06.327807+00:00,0.992575234,29.082,-20.955251424040835,55.072438774372614,29.16085737537801,0.007504252375406255
2024-09-29 04:57:01.757903+00:00,0.9949337079999999,29.472,-20.95524256700582,55.072396802602206,32.59642419105452,0.007000097089905763
2024-09-29 04:57:02.990707+00:00,0.9964438280000001,29.772000000000002,-20.955242548667837,55.07239671570206,32.60379703502928,0.00551803366019419
2024-09-29 05:06:58.477171+00:00,0.9969594,30.178000000000004,-20.95523659223179,55.072368858199724,35.0196288673977,0.004035970148515708
2024-09-29 05:07:08.180996+00:00,1.0000288480000001,30.612000000000002,-20.95523658705738,55.07236885139129,35.02053190663914,0.002553906551255588
2024-09-29 05:27:08.979351+00:00,1.003738532,31.139999999999997,-20.955235946751188,55.072368008883146,35.13228176134805,0.0010718430508154858
2024-09-29 05:47:09.552161+00:00,1.004857006,31.504,-20.955235306565264,55.07236716653324,35.24401729553729,0.0009369757147984316
2024-09-29 05:57:05.063336+00:00,1.00597548,31.868000000000002,-20.955234989018614,55.0723667487087,35.29944309403134,0.0030379874276660044
2024-09-29 06:07:06.820477+00:00,1.005996352,32.184000000000005,-20.95523733714478,55.07239159331162,33.389705677771204,0.005138999028083011
2024-09-29 06:07:12.046820+00:00,1.0055341500000001,32.501999999999995,-20.955237390767934,55.072392123664685,33.3496471034591,0.007240010543533432
2024-09-29 06:17:07.887293+00:00,1.006773722,32.812,-20.95524350419073,55.072452587704575,29.11418319713816,0.009341021971334094
2024-09-29 06:27:13.713018+00:00,1.0085166559999998,33.102,-20.955249720063883,55.072514065016854,25.698661572699024,0.010598992424624669
2024-09-29 06:37:09.509846+00:00,1.01039626,33.306,-20.955255833038873,55.07257452462779,23.595160823087138,0.010598992056848215
2024-09-29 06:37:11.236443+00:00,1.01316845,33.168000000000006,-20.955255850754046,55.072574699837475,23.59124887121737,0.010286445369315361
2024-09-29 06:47:15.030867+00:00,1.016195222,32.815999999999995,-20.95526204578571,55.07263597101962,23.088249943365685,0.008578241353559873
2024-09-29 07:07:17.011365+00:00,1.01687342,32.344,-20.955270470761594,55.07274017826747,26.295398245989873,0.0068700374356115675
2024-09-29 07:17:12.822501+00:00,1.0175516180000002,31.872000000000003,-20.95526561788835,55.07275078146312,27.364063215971694,0.005161833783518076
2024-09-29 07:27:15.676159+00:00,1.016480724,31.482,-20.95526070765387,55.07276150998914,28.458289217605227,0.003453629962381969
2024-09-29 07:27:18.775715+00:00,1.0167618360000001,31.504,-20.955260682408028,55.07276156514958,28.46394618922264,0.0020579725869738393
2024-09-29 07:37:14.622246+00:00,1.0160046280000001,31.57,-20.955255829246497,55.07277216897512,29.556880098447486,0.008500040605417952
2024-09-29 07:57:20.139484+00:00,1.014331442,31.848000000000003,-20.955246010325713,55.072793622644504,31.79785242464927,0.025277473402602647
2024-09-29 08:07:25.295339+00:00,1.012658256,32.126,-20.955065880017525,55.07284536354459,51.39810398159219,0.042054907980514075
2024-09-29 08:17:20.134302+00:00,1.013544598,32.628,-20.954618620852884,55.07295940945256,101.46644793896655,0.05883234494355276
2024-09-29 08:17:27.292528+00:00,1.013020184,33.001999999999995,-20.954613238585647,55.07296078186838,102.07533485392125,0.0756097848568701
2024-09-29 08:37:20.219340+00:00,1.016077762,33.436,-20.95371627742034,55.07318949657923,204.07800153597603,0.08594515800286233
2024-09-29 08:37:28.418021+00:00,1.0200578820000001,33.692,-20.9537101128355,55.07319106847698,204.78084946285725,0.08594516951934646
2024-09-29 08:47:24.267144+00:00,1.019204174,33.730000000000004,-20.95326209413207,55.07330530805855,255.8875318382971,0.08594517884707983
2024-09-29 08:47:25.517784+00:00,1.01740336,33.548,-20.95326115377629,55.07330554783839,255.9948443095546,0.0859451775052939
2024-09-29 08:57:30.239226+00:00,1.015352558,33.542,-20.952806463979787,55.073421488471446,307.89782189365303,0.08594518430059502
2024-09-29 08:57:30.611196+00:00,1.0102687419999998,33.5,-20.95280618429586,55.07342155978761,307.92975516105815,0.08594519019119015
2024-09-29 09:07:25.822447+00:00,1.006596332,33.477999999999994,-20.95235864520783,55.073535677072805,359.0362554562603,0.0859451967671909
2024-09-29 09:07:26.493816+00:00,1.0077577500000001,33.67399999999999,-20.952358140405796,55.07353580579148,359.0939089634903,0.08594520674981902
2024-09-29 09:27:25.610994+00:00,1.0104194499999999,33.854,-20.951456524706945,55.07376570735448,462.08647938151057,0.08005353981295191
2024-09-29 09:27:28.072830+00:00,1.01418699,33.644,-20.951454673653473,55.073766179351686,462.2979575152832,0.09982426333715569
2024-09-29 10:07:30.644510+00:00,1.0179545300000001,33.434,-20.950258781625802,55.074027301925646,597.7960083539655,0.11959497141364483
2024-09-29 10:17:36.791343+00:00,1.0182616880000002,32.998000000000005,-20.951213367325757,55.073682688617566,486.1625028131908,0.13936566686579
2024-09-29 10:17:39.411622+00:00,1.018568846,32.562,-20.95121749385174,55.073681198907664,485.68031010905486,0.15913634687132147
2024-09-29 10:27:32.918539+00:00,1.0156524980000001,32.205999999999996,-20.95215217367669,55.073343771784586,376.59548757334426,0.18479870066437662
2024-09-29 10:27:34.833919+00:00,1.011880298,32.064,-20.95215519009817,55.07334268283156,376.2440059682677,0.18479864039685473
2024-09-29 10:37:38.974423+00:00,1.01233375,31.698,-20.95310661614612,55.0729992101839,265.7097637067485,0.18479857189010415
2024-09-29 10:37:40.298689+00:00,1.01179086,31.032,-20.953108701656266,55.072998457297544,265.4684949367039,0.1577988194043504
2024-09-29 10:57:40.244209+00:00,1.0112411620000001,30.332,-20.95499842667229,55.072316250986304,59.78660633146787,0.12523940281350995
2024-09-29 11:27:38.497396+00:00,1.012759916,29.52,-20.955803201505397,55.0722831405932,49.75027923301901,0.09267999673488295
2024-09-29 11:37:44.356759+00:00,1.01377989,28.645999999999997,-20.955901638537657,55.07235640389622,54.52158015642751,0.06012060221831946
2024-09-29 11:47:40.121811+00:00,1.010574212,27.996,-20.955998435496173,55.07242844654868,61.71194860556829,0.027561230498245392
2024-09-29 11:57:46.147171+00:00,1.00882022,27.842000000000002,-20.956096899498817,55.07250172992483,70.7889485687633,0.020455682349401087
2024-09-29 11:57:49.508778+00:00,1.005877662,27.732,-20.95609744567608,55.07250213642581,70.84305378206804,0.019066148957671114
2024-09-29 12:07:43.061536+00:00,1.004841078,27.722,-20.956135181385132,55.07257300614544,74.37030799015908,0.017676617132962168
2024-09-29 12:17:49.082035+00:00,1.0035262020000002,27.732,-20.95608688228114,55.07264402528328,69.10894519741538,0.016287086869853983
2024-09-29 12:27:44.965187+00:00,1.002211326,27.742,-20.956039391111485,55.072713856432216,64.77717037889957,0.014897557549274376
2024-09-29 12:37:48.962664+00:00,1.003857864,27.728,-20.95599125323992,55.07278463849346,61.42033280984602,0.015053897686349339
2024-09-29 12:37:51.278121+00:00,1.006699776,27.703999999999997,-20.955991068700783,55.07278490984032,61.40970156061054,0.015053899888886673
2024-09-29 12:47:46.896231+00:00,1.007296366,27.560000000000002,-20.955943598654667,55.07285470992914,59.295466879912404,0.015053901780320799
2024-09-29 12:47:54.254951+00:00,1.008670028,27.458,-20.955943012173545,55.072855572292625,59.27735669299326,0.015053903538585
2024-09-29 12:57:49.836188+00:00,1.010142456,27.304000000000002,-20.955895545066163,55.07292536806033,58.492612254418106,0.015408851566913628
2024-09-29 12:57:52.780826+00:00,1.010247102,27.184000000000005,-20.955895310382044,55.07292571314051,58.49212049781097,0.01686946699280121
2024-09-29 13:07:49.579201+00:00,1.007302218,27.03,-20.955876637136264,55.07302034256917,63.1747060649991,0.018330081905730884
2024-09-29 13:07:55.422089+00:00,1.004351454,26.944,-20.9558768070671,55.07302158732469,63.27790317581289,0.019790696171865137
2024-09-29 13:17:50.670679+00:00,1.003880024,26.894,-20.955894118898403,55.073148397726726,74.24530724939673,0.021251309758434176
2024-09-29 13:17:55.922825+00:00,1.003309828,26.895999999999997,-20.955894271648475,55.073149516631915,74.34547905196058,0.022356976676264385
2024-09-29 13:27:51.853288+00:00,1.0016787219999999,26.886000000000003,-20.955911603310938,55.0732764722986,85.99530543609023,0.02235697545220749
2024-09-29 13:27:55.730437+00:00,1.003097146,26.910000000000004,-20.955911716071476,55.073277298277624,86.07268938760937,0.022356974288500815
2024-09-29 13:37:51.079111+00:00,1.0046349060000002,26.944,-20.95592903081355,55.073404130001265,98.13985092829469,0.022356973080617244
2024-09-29 13:37:57.830370+00:00,1.003878818,26.881999999999998,-20.955929227162876,55.07340556827412,98.27853324281811,0.022356971545478877
2024-09-29 13:47:53.682476+00:00,1.00312273,26.82,-20.955946556546454,55.073532507247805,110.6447754507029,0.022356970483370327
2024-09-29 13:57:59.380497+00:00,1.0030560940000002,26.640000000000004,-20.955964172282354,55.073661543772744,123.41929422898185,0.018882286731972613
2024-09-29 13:58:00.907888+00:00,1.002989458,26.46,-20.95596421670403,55.07366186916469,123.45171447334192,0.01909834111314907
2024-09-29 14:07:56.243321+00:00,1.00172523,26.112000000000002,-20.95594542166258,55.073682149085975,124.42982046191723,0.01931439769482408
2024-09-29 14:07:56.890066+00:00,1.000275516,25.824,-20.955945351349573,55.073682024028884,124.41473824193213,0.019530456961857203
2024-09-29 14:18:02.031166+00:00,0.9979809059999999,25.394000000000002,-20.955879561431587,55.07356501159833,110.31181721146854,0.01974651587755808
2024-09-29 14:18:02.448333+00:00,0.996057754,25.094,-20.955879516077886,55.07356493093328,110.30210212465651,0.023437259107487556
2024-09-29 14:38:02.320020+00:00,0.993738782,24.794,-20.95574906805531,55.07333291908938,82.42005144920837,0.023437265439952955
2024-09-29 14:38:03.123922+00:00,0.991891358,24.636000000000003,-20.95574898065645,55.07333276364378,82.40142534935792,0.02343727144313976
2024-09-29 14:47:57.435650+00:00,0.99001772,24.464000000000002,-20.95568436808948,55.07321784522259,68.66358263087595,0.02153404910129967
2024-09-29 14:58:04.791377+00:00,0.988461508,24.426,-20.955618337401006,55.0731004045632,54.724177860542476,0.018989418678410225
2024-09-29 15:18:06.547241+00:00,0.986905296,24.388,-20.955556908313216,55.07295333378905,38.13337710019621,0.01644478715217756
2024-09-29 15:28:02.357422+00:00,0.9859889980000001,24.344,-20.955538399995902,55.07289514126825,31.7647034406453,0.013900154723304314
2024-09-29 15:28:07.695089+00:00,0.985165282,24.306,-20.955538234185994,55.072894619940655,31.707675679974958,0.01135552103262143
2024-09-29 15:38:08.123808+00:00,0.9838993239999999,24.296,-20.955519582397873,55.07283597632926,25.297309280579782,0.010626235891208242
2024-09-29 15:48:03.772704+00:00,0.983160836,24.294,-20.95550107909074,55.0727777995611,18.95317475173794,0.010380969285629711
2024-09-29 16:08:06.264251+00:00,0.981869366,24.259999999999998,-20.9554560891959,55.07266900582021,7.365445672602762,0.010135702269355503
2024-09-29 16:08:06.856032+00:00,0.980333802,24.232,-20.955456054250906,55.0726689667901,7.362075385036604,0.009890436111264597
2024-09-29 16:18:12.188814+00:00,0.979384974,24.209999999999997,-20.955420309026284,55.07262904289837,6.036954593200854,0.009645168898437572
2024-09-29 16:18:12.362352+00:00,0.978641356,24.162,-20.95542029877877,55.072629031452905,6.037316420149089,0.00948777954222073
2024-09-29 16:28:08.110330+00:00,0.977897738,24.113999999999997,-20.955385119541955,55.07258973971376,9.132641653359656,0.009487779581032045
2024-09-29 16:38:12.841429+00:00,0.97790453,24.107999999999997,-20.955349409847045,55.07254985550522,14.014962915687047,0.009487780284427944
2024-09-29 16:38:13.994694+00:00,0.977825424,24.107999999999997,-20.955349341746135,55.07254977944322,14.024892544972413,0.009487780170681082
2024-09-29 16:48:10.191239+00:00,0.977673708,24.112000000000002,-20.9553141360212,55.07251045811945,19.305241324022653,0.009487781092259518
2024-09-29 16:58:12.990354+00:00,0.9777725700000002,24.112000000000002,-20.955278540410973,55.07247070133226,24.81324146743605,0.009523696854882276
2024-09-29 16:58:16.302902+00:00,0.977463376,24.094,-20.955278344803236,55.072470482857696,24.84377317629544,0.0097460567898657
2024-09-29 17:18:18.643951+00:00,0.976956754,24.066,-20.955263972793194,55.072359610127585,33.56488229917787,0.009968416468858734
2024-09-29 17:28:14.629707+00:00,0.9771293780000001,24.022000000000002,-20.955267212080052,55.072298873499,38.26004175969418,0.010190775822249852
2024-09-29 17:28:17.688334+00:00,0.976570978,23.968,-20.955267228704226,55.07229856179575,38.285340907175545,0.01041313491125287
2024-09-29 17:38:20.398931+00:00,0.9764877760000001,23.882,-20.955270504541772,55.072237139841775,43.45556348154898,0.010599578879605626
2024-09-29 17:48:16.166608+00:00,0.9768126300000001,23.814,-20.95527374264333,55.07217642543751,48.85034795102699,0.01059957864641265
2024-09-29 17:58:22.263538+00:00,0.9764597,23.732,-20.95527703688619,55.07211465838391,54.54174795468534,0.021674455005788507
2024-09-29 17:58:22.608584+00:00,0.975716756,23.683999999999997,-20.955277038761576,55.072114623220436,54.545034391286435,0.04805455212587643
2024-09-29 18:08:19.302577+00:00,0.9751786299999999,23.628,-20.95493405581128,55.0720206621073,84.35523175496131,0.07443465506624927
2024-09-29 18:28:20.691464+00:00,0.974204566,23.613999999999997,-20.953414992648952,55.07175214849337,244.51095251461862,0.10081476188530591
2024-09-29 18:38:26.573034+00:00,0.973230502,23.6,-20.952648902348198,55.07161673234982,329.51956720960146,0.12719487196229345
2024-09-29 18:48:22.388434+00:00,0.9729152219999999,23.578000000000003,-20.95189553993961,55.07148356602208,413.65331280537754,0.1425001060656565
2024-09-29 18:48:26.960325+00:00,0.972396608,23.532000000000004,-20.951889759137426,55.07148254419223,414.30011395870946,0.14250012196814138
2024-09-29 18:58:22.314876+00:00,0.972753522,23.490000000000002,-20.951136979436882,55.07134948086551,498.6314101105534,0.1151758711390434
2024-09-29 18:58:28.288182+00:00,0.971997422,23.466,-20.951129426654123,55.07134814581569,499.4783920109205,0.11573458128428556
2024-09-29 19:08:24.972432+00:00,0.972038746,23.413999999999998,-20.951159604585744,55.0713383041614,496.50746187271176,0.1162932857780905
2024-09-29 19:18:30.960900+00:00,0.97209907,23.383999999999997,-20.95194491984985,55.07144675475503,409.48564637900876,0.1168519941513757
2024-09-29 19:28:26.599712+00:00,0.972114844,23.308,-20.95271682274143,55.07155335312468,324.4891941561796,0.11741069304093474
2024-09-29 19:28:27.245680+00:00,0.9712420820000001,23.244,-20.95271765986731,55.07155346873022,324.39745963006294,0.14529365041724604
2024-09-29 19:38:32.415908+00:00,0.9714557420000001,23.168,-20.953501914753875,55.07166177288766,239.18063309273842,0.14529364174856652
2024-09-29 19:48:27.008173+00:00,0.971167582,23.130000000000003,-20.954272461399697,55.07176818396226,158.36643090616877,0.14529363433735681
2024-09-29 19:48:28.241645+00:00,0.970879422,23.092000000000002,-20.954274059886203,55.07176840471031,158.20490897730815,0.14529362007234475
2024-09-29 19:58:32.093017+00:00,0.9696931,23.144,-20.955056605635132,55.07187647283899,87.80438011366294,0.13219942472604296
2024-09-29 19:58:34.038902+00:00,0.9690459920000001,23.198,-20.95505912735496,55.071876821083855,87.62809974636897,0.10517214290537842
2024-09-29 20:08:30.531230+00:00,0.967754322,23.246000000000002,-20.95548608471226,55.07191172035761,71.40038428998473,0.07814486237698307
2024-09-29 20:08:37.251181+00:00,0.9673571040000001,23.308,-20.955485933262484,55.071911083361336,71.46599693504955,0.05111758325282666
2024-09-29 20:18:36.376882+00:00,0.9658738360000001,23.369999999999997,-20.955472430567056,55.071854291156434,77.33416760178068,0.024090306610994885
2024-09-29 20:28:32.004393+00:00,0.96533328,23.387999999999998,-20.9554590067115,55.07179783055124,83.19902655914002,0.010157218174614985
2024-09-29 20:38:37.601889+00:00,0.965122004,23.402,-20.95544535815907,55.071740424873205,89.18740659875725,0.010157218747088451
2024-09-29 20:38:41.654390+00:00,0.96555529,23.422,-20.955445266826505,55.07174004072933,89.22755389226683,0.010157219425698015
2024-09-29 20:48:33.513150+00:00,0.965113964,23.428000000000004,-20.955431927908545,55.07168393737086,95.1002948832729,0.010157220031044505
2024-09-29 20:48:36.529602+00:00,0.9656628620000001,23.372,-20.95543185992576,55.071683651435926,95.13027019006758,0.010157220809512393
2024-09-29 21:08:44.763332+00:00,0.96621176,23.316000000000003,-20.95540462955985,55.07156912078322,107.16700220445817,0.010157229436468986
2024-09-29 21:28:45.364053+00:00,0.9659118640000001,23.262,-20.95537757122161,55.07145531367721,119.17530084143988,0.010157230299941906
2024-09-29 21:28:45.412144+00:00,0.9657378019999999,23.19,-20.955377570137767,55.07145530911856,119.17578260368172,0.01015723117614679
2024-09-29 21:38:41.132572+00:00,0.9662287900000001,23.094,-20.955364144188113,55.07139883970563,125.14751275438763,0.010157232125737437
2024-09-29 21:48:46.884586+00:00,0.9659988780000001,23.088,-20.955350492153258,55.07134141938055,131.22723876378916,0.009413061213999895
2024-09-29 21:58:42.698293+00:00,0.965554432,23.029999999999998,-20.95533706410134,55.07128494112551,137.21356989142623,0.007381608681851422
2024-09-29 22:08:49.372114+00:00,0.965400262,22.956,-20.9553284,55.0712485,141.0790606002812,0.0053501638490634565
2024-09-29 22:18:44.982460+00:00,0.965870456,22.880000000000003,-20.9553284,55.0712485,141.0790606002812,0.0033187188426243215
2024-09-29 22:28:50.656313+00:00,0.964552344,22.808,-20.9553284,55.0712485,141.0790606002812,0.0012872736634746789
2024-09-29 22:38:46.301099+00:00,0.964050958,22.708000000000002,-20.9553284,55.0712485,141.0790606002812,0.0
2024-09-29 22:48:52.320716+00:00,0.9632312859999999,22.67,-20.9553284,55.0712485,141.0790606002812,0.0
2024-09-29 22:48:52.741376+00:00,0.9625909239999999,22.720000000000002,-20.9553284,55.0712485,141.0790606002812,0.0
2024-09-29 22:58:48.273241+00:00,0.961896224,22.814,-20.9553284,55.0712485,141.0790606002812,0.0
2024-09-29 23:08:54.390852+00:00,0.9620093359999998,22.918,-20.9553284,55.0712485,141.0790606002812,0.0
2024-09-29 23:18:49.805171+00:00,0.962676426,22.990000000000002,-20.9553284,55.0712485,141.0790606002812,0.0
2024-09-29 23:18:56.690995+00:00,0.962693836,23.032,-20.9553284,55.0712485,141.0790606002812,0.0
2024-09-29 23:38:50.209611+00:00,0.962761174,23.004,-20.9553284,55.0712485,141.0790606002812,0.0
2024-09-29 23:48:50.583060+00:00,0.9625854075000001,22.970000000000002,-20.9553284,55.0712485,141.0790606002812,0.0
2024-09-29 23:48:55.933765+00:00,0.9622924633333335,22.913333333333338,-20.9553284,55.0712485,141.0790606002812,0.0
