time,apparent-magnitude,surface brightness,distance-from-observer,solar-elongation,sky-motion-speed,sky-motion-position
2026-Jan-01 00:00,1.072,3.756,2.41069876736921,2.2993 /T,1.915497,84.991647
2026-Jan-01 03:00,1.123,3.807,2.41060037113665,2.2705 /T,1.9157018,84.95046
2026-Jan-01 06:00,1.131,3.816,2.41050169368366,2.2419 /T,1.9159066,84.909289
2026-Jan-01 09:00,1.124,3.808,2.4104027361475,2.2133 /T,1.9161114,84.868134
2026-Jan-01 12:00,1.146,3.83,2.41030349964849,2.1848 /T,1.9163162,84.826994
2026-Jan-01 15:00,1.104,3.789,2.41020398527028,2.1564 /T,1.9165209,84.78587
2026-Jan-01 18:00,1.055,3.74,2.41010419408336,2.1281 /T,1.9167257,84.744761
2026-Jan-01 21:00,1.058,3.743,2.41000412712531,2.0999 /T,1.9169305,84.703669
2026-Jan-02 00:00,1.077,3.762,2.40990378540528,2.0718 /T,1.9171352,84.662593
2026-Jan-02 03:00,1.104,3.789,2.40980316991436,2.0438 /T,1.9173401,84.621533
2026-Jan-02 06:00,1.14,3.825,2.4097022816028,2.0160 /T,1.9175449,84.58049
2026-Jan-02 09:00,1.122,3.807,2.4096011214031,1.9882 /T,1.9177497,84.539463
2026-Jan-02 12:00,1.134,3.819,2.40949969021526,1.9606 /T,1.9179546,84.498452
2026-Jan-02 15:00,1.106,3.792,2.40939798890532,1.9331 /T,1.9181595,84.457459
2026-Jan-02 18:00,1.056,3.742,2.40929601832126,1.9057 /T,1.9183645,84.416482
2026-Jan-02 21:00,1.044,3.73,2.40919377926876,1.8785 /T,1.9185694,84.375523
2026-Jan-03 00:00,1.057,3.743,2.40909127253229,1.8514 /T,1.9187745,84.33458
2026-Jan-03 03:00,1.095,3.781,2.40898849886608,1.8244 /T,1.9189795,84.293655
2026-Jan-03 06:00,1.137,3.823,2.40888545898694,1.7976 /T,1.9191846,84.252747
2026-Jan-03 09:00,1.138,3.824,2.4087821535946,1.7709 /T,1.9193897,84.211857
2026-Jan-03 12:00,1.126,3.812,2.4086785833477,1.7445 /T,1.9195949,84.170985
2026-Jan-03 15:00,1.105,3.791,2.4085747488815,1.7182 /T,1.9198001,84.13013
2026-Jan-03 18:00,1.068,3.755,2.40847065080547,1.6920 /T,1.9200053,84.089294
2026-Jan-03 21:00,1.03,3.717,2.40836628969071,1.6661 /T,1.9202105,84.048475
2026-Jan-04 00:00,1.05,3.737,2.40826166609343,1.6404 /T,1.9204158,84.007675
2026-Jan-04 03:00,1.081,3.768,2.40815678053266,1.6148 /T,1.920621,83.966893
2026-Jan-04 06:00,1.114,3.801,2.40805163350332,1.5895 /T,1.9208263,83.92613
2026-Jan-04 09:00,1.122,3.809,2.40794622548028,1.5644 /T,1.9210316,83.885385
2026-Jan-04 12:00,1.112,3.799,2.40784055690122,1.5395 /T,1.9212369,83.844659
2026-Jan-04 15:00,1.11,3.797,2.40773462819163,1.5149 /T,1.9214422,83.803952
2026-Jan-04 18:00,1.07,3.757,2.40762843974573,1.4906 /T,1.9216474,83.763265
2026-Jan-04 21:00,1.021,3.708,2.40752199193397,1.4665 /T,1.9218526,83.722596
2026-Jan-05 00:00,1.041,3.728,2.40741528511353,1.4427 /T,1.9220578,83.681947
2026-Jan-05 03:00,1.047,3.734,2.40730831960763,1.4191 /T,1.922263,83.641318
2026-Jan-05 06:00,1.101,3.788,2.40720109573037,1.3959 /T,1.9224681,83.600708
2026-Jan-05 09:00,1.107,3.795,2.40709361377197,1.3730 /T,1.9226731,83.560118
2026-Jan-05 12:00,1.102,3.79,2.40698587400017,1.3505 /T,1.9228781,83.519548
2026-Jan-05 15:00,1.119,3.807,2.40687787667607,1.3283 /T,1.923083,83.478999
2026-Jan-05 18:00,1.076,3.763,2.40676962203134,1.3065 /T,1.9232879,83.438469
2026-Jan-05 21:00,1.025,3.713,2.40666111029103,1.2851 /T,1.9234926,83.397961
2026-Jan-06 00:00,1.036,3.724,2.4065523416643,1.2641 /T,1.9236972,83.357473
2026-Jan-06 03:00,1.055,3.744,2.40644331633947,1.2435 /T,1.9239018,83.317005
2026-Jan-06 06:00,1.089,3.777,2.40633403450437,1.2234 /T,1.9241062,83.276559
2026-Jan-06 09:00,1.109,3.797,2.40622449632299,1.2037 /T,1.9243104,83.236134
2026-Jan-06 12:00,1.095,3.784,2.40611470195471,1.1846 /T,1.9245146,83.19573
2026-Jan-06 15:00,1.118,3.806,2.40600465155095,1.1660 /T,1.9247185,83.155348
2026-Jan-06 18:00,1.083,3.771,2.40589434524428,1.1479 /T,1.9249223,83.114987
2026-Jan-06 21:00,1.031,3.72,2.40578378317162,1.1304 /T,1.925126,83.074648
2026-Jan-07 00:00,1.029,3.718,2.40567296545184,1.1135 /T,1.9253294,83.034331
2026-Jan-07 03:00,1.041,3.73,2.40556189220018,1.0972 /T,1.9255327,82.994037
2026-Jan-07 06:00,1.076,3.765,2.40545056353101,1.0815 /T,1.9257358,82.953764
2026-Jan-07 09:00,1.121,3.81,2.40533897954184,1.0666 /T,1.9259386,82.913514
2026-Jan-07 12:00,1.11,3.8,2.40522714033799,1.0523 /T,1.9261413,82.873287
2026-Jan-07 15:00,1.106,3.796,2.40511504601276,1.0388 /T,1.9263437,82.833082
2026-Jan-07 18:00,1.083,3.773,2.40500269665598,1.0261 /T,1.9265459,82.7929
2026-Jan-07 21:00,1.041,3.73,2.40489009236286,1.0141 /T,1.9267478,82.752742
2026-Jan-08 00:00,1.014,3.704,2.40477723321374,1.0030 /T,1.9269495,82.712606
2026-Jan-08 03:00,1.033,3.723,2.4046641192986,0.9927 /T,1.9271509,82.672494
2026-Jan-08 06:00,1.069,3.759,2.40455075070098,0.9833 /T,1.927352,82.632406
2026-Jan-08 09:00,1.105,3.795,2.40443712750022,0.9748 /T,1.9275529,82.592342
2026-Jan-08 12:00,1.111,3.801,2.40432324978575,0.9672 /T,1.9277535,82.552301
2026-Jan-08 15:00,1.1,3.79,2.4042091176342,0.9605 /T,1.9279537,82.512285
2026-Jan-08 18:00,1.087,3.777,2.4040947311322,0.9548 /T,1.9281537,82.472293
2026-Jan-08 21:00,1.05,3.74,2.40398009036527,0.9501 /T,1.9283534,82.432325
2026-Jan-09 00:00,1.006,3.697,2.4038651954137,0.9463 /T,1.9285527,82.392382
2026-Jan-09 03:00,1.027,3.717,2.40375004637128,0.9436 /T,1.9287517,82.352463
2026-Jan-09 06:00,1.046,3.737,2.40363464332132,0.9418 /T,1.9289504,82.31257
2026-Jan-09 09:00,1.086,3.777,2.40351898635607,0.9411 /T,1.9291487,82.272701
2026-Jan-09 12:00,1.096,3.787,2.40340307557137,0.9414 /T,1.9293467,82.232858
2026-Jan-09 15:00,1.089,3.78,2.40328691105636,0.9427 /T,1.9295443,82.19304
2026-Jan-09 18:00,1.098,3.79,2.40317049291555,0.9450 /T,1.9297416,82.153247
2026-Jan-09 21:00,1.056,3.747,2.40305382124544,0.9483 /T,1.9299385,82.113481
2026-Jan-10 00:00,1.005,3.696,2.40293689614952,0.9526 /T,1.930135,82.07374
2026-Jan-10 03:00,1.023,3.715,2.402819717739,0.9579 /L,1.9303312,82.034025
2026-Jan-10 06:00,1.032,3.723,2.40270228611732,0.9641 /L,1.9305269,81.994336
2026-Jan-10 09:00,1.083,3.775,2.40258460140394,0.9713 /L,1.9307223,81.954674
2026-Jan-10 12:00,1.093,3.784,2.4024666637132,0.9793 /L,1.9309172,81.915038
2026-Jan-10 15:00,1.086,3.777,2.40234847316366,0.9883 /L,1.9311118,81.875428
2026-Jan-10 18:00,1.108,3.8,2.40223002988502,0.9981 /L,1.9313059,81.835846
2026-Jan-10 21:00,1.067,3.759,2.40211133399822,1.0088 /L,1.9314997,81.79629
2026-Jan-11 00:00,1.019,3.711,2.40199238563962,1.0203 /L,1.931693,81.756762
2026-Jan-11 03:00,1.023,3.715,2.40187318494349,1.0325 /L,1.9318858,81.717261
2026-Jan-11 06:00,1.042,3.735,2.40175373204537,1.0455 /L,1.9320783,81.677787
2026-Jan-11 09:00,1.07,3.762,2.40163402709465,1.0593 /L,1.9322703,81.638341
2026-Jan-11 12:00,1.107,3.8,2.40151407023186,1.0737 /L,1.9324619,81.598923
2026-Jan-11 15:00,1.09,3.782,2.4013938616115,1.0889 /L,1.932653,81.559533
2026-Jan-11 18:00,1.102,3.795,2.40127340138935,1.1046 /L,1.9328436,81.52017
2026-Jan-11 21:00,1.076,3.769,2.40115268971948,1.1210 /L,1.9330339,81.480836
2026-Jan-12 00:00,1.026,3.719,2.40103172677159,1.1380 /L,1.9332236,81.441531
2026-Jan-12 03:00,1.015,3.708,2.40091051270701,1.1555 /L,1.9334129,81.402254
2026-Jan-12 06:00,1.028,3.722,2.40078904769869,1.1735 /L,1.9336017,81.363006
2026-Jan-12 09:00,1.067,3.761,2.40066733192424,1.1921 /L,1.93379,81.323787
2026-Jan-12 12:00,1.11,3.803,2.40054536555695,1.2112 /L,1.9339779,81.284597
2026-Jan-12 15:00,1.112,3.806,2.40042314878688,1.2307 /L,1.9341652,81.245436
2026-Jan-12 18:00,1.1,3.794,2.40030068179723,1.2506 /L,1.9343521,81.206304
2026-Jan-12 21:00,1.081,3.774,2.4001779647801,1.2710 /L,1.9345385,81.167202
2026-Jan-13 00:00,1.045,3.739,2.40005499793577,1.2918 /L,1.9347244,81.12813
2026-Jan-13 03:00,1.007,3.701,2.39993178145817,1.3129 /L,1.9349098,81.089088
2026-Jan-13 06:00,1.028,3.722,2.39980831555824,1.3344 /L,1.9350946,81.050076
2026-Jan-13 09:00,1.06,3.754,2.39968460044215,1.3563 /L,1.935279,81.011095
2026-Jan-13 12:00,1.093,3.788,2.39956063632194,1.3784 /L,1.9354628,80.972143
2026-Jan-13 15:00,1.103,3.797,2.39943642342103,1.4009 /L,1.9356462,80.933222
2026-Jan-13 18:00,1.093,3.788,2.39931196195531,1.4237 /L,1.935829,80.894332
2026-Jan-13 21:00,1.092,3.786,2.39918725215728,1.4468 /L,1.9360112,80.855473
2026-Jan-14 00:00,1.052,3.747,2.39906229425777,1.4701 /L,1.936193,80.816645
2026-Jan-14 03:00,1.005,3.7,2.3989370884906,1.4936 /L,1.9363741,80.777848
2026-Jan-14 06:00,1.025,3.72,2.39881163510397,1.5174 /L,1.9365548,80.739083
2026-Jan-14 09:00,1.031,3.727,2.39868593433834,1.5415 /L,1.9367349,80.700349
2026-Jan-14 12:00,1.087,3.782,2.39855998644969,1.5657 /L,1.9369145,80.661647
2026-Jan-14 15:00,1.094,3.789,2.39843379169575,1.5902 /L,1.9370935,80.622977
2026-Jan-14 18:00,1.09,3.785,2.39830735033454,1.6149 /L,1.9372719,80.584338
2026-Jan-14 21:00,1.107,3.803,2.39818066264088,1.6397 /L,1.9374498,80.545732
2026-Jan-15 00:00,1.065,3.76,2.39805372888269,1.6647 /L,1.9376271,80.507159
2026-Jan-15 03:00,1.015,3.711,2.39792654934183,1.6899 /L,1.9378038,80.468618
2026-Jan-15 06:00,1.027,3.723,2.39779912430605,1.7153 /L,1.93798,80.430109
2026-Jan-15 09:00,1.047,3.743,2.39767145406134,1.7408 /L,1.9381555,80.391634
2026-Jan-15 12:00,1.081,3.777,2.39754353891242,1.7664 /L,1.9383305,80.353191
2026-Jan-15 15:00,1.102,3.798,2.39741537915903,1.7922 /L,1.9385049,80.314782
2026-Jan-15 18:00,1.089,3.785,2.39728697511287,1.8182 /L,1.9386787,80.276406
2026-Jan-15 21:00,1.112,3.808,2.39715832709556,1.8442 /L,1.9388519,80.238064
2026-Jan-16 00:00,1.078,3.774,2.39702943542548,1.8704 /L,1.9390245,80.199755
2026-Jan-16 03:00,1.027,3.723,2.39690030044095,1.8967 /L,1.9391965,80.16148
2026-Jan-16 06:00,1.026,3.722,2.3967709224781,1.9231 /L,1.9393679,80.123239
2026-Jan-16 09:00,1.038,3.735,2.39664130188291,1.9496 /L,1.9395387,80.085032
2026-Jan-16 12:00,1.074,3.771,2.39651143901549,1.9762 /L,1.9397089,80.04686
2026-Jan-16 15:00,1.119,3.817,2.39638133423228,2.0029 /L,1.9398784,80.008722
2026-Jan-16 18:00,1.11,3.807,2.3962509879102,2.0297 /L,1.9400473,79.970619
2026-Jan-16 21:00,1.106,3.804,2.39612040042765,2.0566 /L,1.9402156,79.93255
2026-Jan-17 00:00,1.084,3.782,2.39598957217066,2.0836 /L,1.9403832,79.894517
2026-Jan-17 03:00,1.042,3.74,2.39585850354312,2.1107 /L,1.9405502,79.856519
2026-Jan-17 06:00,1.016,3.713,2.39572719494551,2.1378 /L,1.9407166,79.818556
2026-Jan-17 09:00,1.036,3.733,2.39559564679852,2.1650 /L,1.9408823,79.780628
2026-Jan-17 12:00,1.072,3.77,2.39546385952849,2.1923 /L,1.9410474,79.742736
2026-Jan-17 15:00,1.109,3.807,2.39533183356743,2.2196 /L,1.9412118,79.70488
2026-Jan-17 18:00,1.115,3.813,2.39519956936854,2.2470 /L,1.9413756,79.667059
2026-Jan-17 21:00,1.105,3.803,2.39506706738295,2.2745 /L,1.9415387,79.629275
2026-Jan-18 00:00,1.092,3.791,2.39493432808123,2.3020 /L,1.9417012,79.591527
2026-Jan-18 03:00,1.056,3.754,2.39480135194408,2.3296 /L,1.941863,79.553816
2026-Jan-18 06:00,1.013,3.711,2.39466813945611,2.3572 /L,1.9420241,79.516141
2026-Jan-18 09:00,1.033,3.732,2.39453469112555,2.3849 /L,1.9421845,79.478503
2026-Jan-18 12:00,1.053,3.752,2.3944010074606,2.4127 /L,1.9423443,79.440901
2026-Jan-18 15:00,1.094,3.793,2.39426708898725,2.4405 /L,1.9425034,79.403337
2026-Jan-18 18:00,1.104,3.803,2.39413293624611,2.4683 /L,1.9426618,79.36581
2026-Jan-18 21:00,1.098,3.797,2.39399854978043,2.4962 /L,1.9428196,79.32832
2026-Jan-19 00:00,1.108,3.807,2.39386393015876,2.5241 /L,1.9429767,79.290868
2026-Jan-19 03:00,1.066,3.765,2.39372907795244,2.5521 /L,1.9431331,79.253454
2026-Jan-19 06:00,1.015,3.715,2.39359399374875,2.5801 /L,1.9432888,79.216077
2026-Jan-19 09:00,1.034,3.733,2.39345867815368,2.6081 /L,1.9434438,79.178738
2026-Jan-19 12:00,1.043,3.743,2.39332313177509,2.6362 /L,1.9435981,79.141438
2026-Jan-19 15:00,1.094,3.794,2.39318735524662,2.6643 /L,1.9437517,79.104176
2026-Jan-19 18:00,1.104,3.804,2.39305134920788,2.6924 /L,1.9439047,79.066952
2026-Jan-19 21:00,1.097,3.797,2.39291511431191,2.7206 /L,1.944057,79.029766
2026-Jan-20 00:00,1.121,3.821,2.39277865123399,2.7488 /L,1.9442085,78.99262
2026-Jan-20 03:00,1.08,3.781,2.39264196065105,2.7770 /L,1.9443594,78.955512
2026-Jan-20 06:00,1.032,3.733,2.3925050432654,2.8053 /L,1.9445096,78.918444
2026-Jan-20 09:00,1.037,3.737,2.39236789978891,2.8336 /L,1.9446591,78.881414
2026-Jan-20 12:00,1.056,3.757,2.39223053094432,2.8619 /L,1.9448079,78.844424
2026-Jan-20 15:00,1.084,3.785,2.39209293747936,2.8902 /L,1.944956,78.807473
2026-Jan-20 18:00,1.123,3.823,2.39195512014371,2.9186 /L,1.9451034,78.770562
2026-Jan-20 21:00,1.106,3.806,2.39181707971078,2.9469 /L,1.9452502,78.733691
2026-Jan-21 00:00,1.118,3.819,2.39167881696703,2.9753 /L,1.9453962,78.696859
2026-Jan-21 03:00,1.092,3.793,2.39154033270693,3.0038 /L,1.9455416,78.660068
2026-Jan-21 06:00,1.043,3.744,2.39140162775162,3.0322 /L,1.9456862,78.623316
2026-Jan-21 09:00,1.031,3.732,2.39126270292501,3.0606 /L,1.9458302,78.586605
2026-Jan-21 12:00,1.045,3.747,2.39112355907234,3.0891 /L,1.9459735,78.549935
2026-Jan-21 15:00,1.084,3.786,2.39098419705526,3.1176 /L,1.9461161,78.513305
2026-Jan-21 18:00,1.127,3.828,2.39084461774093,3.1461 /L,1.9462581,78.476715
2026-Jan-21 21:00,1.13,3.832,2.39070482202368,3.1746 /L,1.9463994,78.440167
2026-Jan-22 00:00,1.118,3.82,2.39056481080192,3.2032 /L,1.94654,78.403659
2026-Jan-22 03:00,1.099,3.801,2.39042458499201,3.2317 /L,1.9466799,78.367192
2026-Jan-22 06:00,1.064,3.766,2.39028414552942,3.2603 /L,1.9468191,78.330767
2026-Jan-22 09:00,1.026,3.728,2.3901434933527,3.2888 /L,1.9469577,78.294383
2026-Jan-22 12:00,1.047,3.75,2.3900026294268,3.3174 /L,1.9470957,78.25804
2026-Jan-22 15:00,1.079,3.781,2.38986155472237,3.3460 /L,1.947233,78.221739
2026-Jan-22 18:00,1.113,3.815,2.38972027022419,3.3746 /L,1.9473696,78.18548
2026-Jan-22 21:00,1.122,3.825,2.38957877693834,3.4032 /L,1.9475056,78.149262
2026-Jan-23 00:00,1.113,3.816,2.38943707587204,3.4319 /L,1.9476409,78.113087
2026-Jan-23 03:00,1.113,3.816,2.38929516805709,3.4605 /L,1.9477756,78.076953
2026-Jan-23 06:00,1.073,3.777,2.38915305453276,3.4892 /L,1.9479097,78.040862
2026-Jan-23 09:00,1.026,3.729,2.38901073634809,3.5178 /L,1.9480432,78.004812
2026-Jan-23 12:00,1.046,3.75,2.38886821457455,3.5465 /L,1.948176,77.968806
2026-Jan-23 15:00,1.052,3.756,2.3887254902831,3.5751 /L,1.9483082,77.932841
2026-Jan-23 18:00,1.108,3.812,2.38858256456616,3.6038 /L,1.9484398,77.896919
2026-Jan-23 21:00,1.116,3.82,2.38843943852547,3.6325 /L,1.9485708,77.86104
2026-Jan-24 00:00,1.112,3.816,2.38829611326809,3.6612 /L,1.9487012,77.825204
2026-Jan-24 03:00,1.13,3.834,2.38815258992372,3.6898 /L,1.9488311,77.78941
2026-Jan-24 06:00,1.088,3.792,2.38800886962061,3.7185 /L,1.9489603,77.75366
2026-Jan-24 09:00,1.039,3.743,2.38786495350445,3.7472 /L,1.949089,77.717952
2026-Jan-24 12:00,1.05,3.754,2.3877208427318,3.7759 /L,1.9492171,77.682288
2026-Jan-24 15:00,1.071,3.776,2.38757653846001,3.8046 /L,1.9493446,77.646667
2026-Jan-24 18:00,1.104,3.809,2.38743204186797,3.8334 /L,1.9494716,77.61109
2026-Jan-24 21:00,1.127,3.831,2.38728735413239,3.8621 /L,1.949598,77.575555
2026-Jan-25 00:00,1.113,3.818,2.3871424764424,3.8908 /L,1.9497239,77.540065
2026-Jan-25 03:00,1.136,3.841,2.38699740999906,3.9195 /L,1.9498493,77.504618
2026-Jan-25 06:00,1.103,3.808,2.38685215600002,3.9482 /L,1.9499741,77.469214
2026-Jan-25 09:00,1.052,3.757,2.38670671566225,3.9769 /L,1.9500985,77.433855
2026-Jan-25 12:00,1.051,3.756,2.38656109020028,4.0057 /L,1.9502223,77.398539
2026-Jan-25 15:00,1.063,3.768,2.38641528083551,4.0344 /L,1.9503457,77.363268
2026-Jan-25 18:00,1.099,3.805,2.38626928880159,4.0631 /L,1.9504685,77.32804
2026-Jan-25 21:00,1.146,3.851,2.38612311532476,4.0918 /L,1.9505909,77.292857
2026-Jan-26 00:00,1.137,3.843,2.38597676164684,4.1206 /L,1.9507128,77.257717
2026-Jan-26 03:00,1.133,3.839,2.38583022900703,4.1493 /L,1.9508343,77.222622
2026-Jan-26 06:00,1.111,3.817,2.38568351864506,4.1780 /L,1.9509553,77.187572
2026-Jan-26 09:00,1.07,3.776,2.38553663181238,4.2067 /L,1.9510759,77.152566
2026-Jan-26 12:00,1.043,3.749,2.3853895697494,4.2355 /L,1.9511961,77.117604
2026-Jan-26 15:00,1.063,3.769,2.38524233370739,4.2642 /L,1.9513158,77.082687
2026-Jan-26 18:00,1.1,3.806,2.38509492493483,4.2929 /L,1.9514351,77.047814
2026-Jan-26 21:00,1.136,3.842,2.38494734467433,4.3216 /L,1.9515541,77.012987
2026-Jan-27 00:00,1.143,3.849,2.38479959417851,4.3504 /L,1.9516726,76.978204
2026-Jan-27 03:00,1.133,3.84,2.38465167468568,4.3791 /L,1.9517908,76.943466
2026-Jan-27 06:00,1.121,3.828,2.38450358743899,4.4078 /L,1.9519087,76.908772
2026-Jan-27 09:00,1.085,3.792,2.38435533367819,4.4365 /L,1.9520261,76.874124
2026-Jan-27 12:00,1.042,3.749,2.38420691463057,4.4652 /L,1.9521432,76.839521
2026-Jan-27 15:00,1.062,3.77,2.38405833153049,4.4939 /L,1.95226,76.804963
2026-Jan-27 18:00,1.081,3.788,2.38390958559523,4.5226 /L,1.9523765,76.77045
2026-Jan-27 21:00,1.123,3.831,2.38376067804014,4.5514 /L,1.9524927,76.735983
2026-Jan-28 00:00,1.134,3.842,2.38361161007641,4.5801 /L,1.9526085,76.701561
2026-Jan-28 03:00,1.128,3.836,2.38346238289647,4.6088 /L,1.9527241,76.667184
2026-Jan-28 06:00,1.139,3.847,2.38331299769581,4.6375 /L,1.9528394,76.632852
2026-Jan-28 09:00,1.097,3.805,2.38316345565047,4.6662 /L,1.9529544,76.598567
2026-Jan-28 12:00,1.046,3.755,2.38301375792708,4.6948 /L,1.9530692,76.564326
2026-Jan-28 15:00,1.065,3.773,2.38286390568666,4.7235 /L,1.9531837,76.530132
2026-Jan-28 18:00,1.076,3.784,2.38271390006559,4.7522 /L,1.953298,76.495983
2026-Jan-28 21:00,1.126,3.834,2.3825637421983,4.7809 /L,1.953412,76.461879
2026-Jan-29 00:00,1.136,3.845,2.38241343319803,4.8096 /L,1.9535259,76.427822
2026-Jan-29 03:00,1.129,3.838,2.38226297416112,4.8382 /L,1.9536395,76.393811
2026-Jan-29 06:00,1.153,3.862,2.38211236617669,4.8669 /L,1.9537529,76.359845
2026-Jan-29 09:00,1.113,3.822,2.38196161030435,4.8956 /L,1.9538661,76.325925
2026-Jan-29 12:00,1.065,3.774,2.3818107075962,4.9242 /L,1.9539792,76.292052
2026-Jan-29 15:00,1.069,3.778,2.38165965908199,4.9529 /L,1.954092,76.258225
2026-Jan-29 18:00,1.087,3.797,2.38150846576737,4.9815 /L,1.9542047,76.224444
2026-Jan-29 21:00,1.116,3.826,2.3813571286487,5.0102 /L,1.9543173,76.190709
2026-Jan-30 00:00,1.156,3.866,2.3812056486891,5.0388 /L,1.9544297,76.15702
2026-Jan-30 03:00,1.139,3.849,2.38105402683835,5.0675 /L,1.9545419,76.123378
2026-Jan-30 06:00,1.15,3.86,2.38090226402361,5.0961 /L,1.954654,76.089782
2026-Jan-30 09:00,1.124,3.835,2.38075036114181,5.1247 /L,1.954766,76.056233
2026-Jan-30 12:00,1.076,3.787,2.38059831907872,5.1534 /L,1.9548778,76.022731
2026-Jan-30 15:00,1.063,3.774,2.38044613868491,5.1820 /L,1.9549896,75.989275
2026-Jan-30 18:00,1.078,3.789,2.38029382079215,5.2106 /L,1.9551012,75.955866
2026-Jan-30 21:00,1.117,3.828,2.38014136621023,5.2392 /L,1.9552127,75.922504
2026-Jan-31 00:00,1.159,3.87,2.37998877571394,5.2678 /L,1.955324,75.889188
2026-Jan-31 03:00,1.163,3.874,2.37983605006502,5.2964 /L,1.9554353,75.85592
2026-Jan-31 06:00,1.151,3.862,2.37968318998981,5.3250 /L,1.9555465,75.822698
2026-Jan-31 09:00,1.133,3.844,2.37953019619106,5.3536 /L,1.9556576,75.789524
2026-Jan-31 12:00,1.098,3.809,2.37937706935122,5.3822 /L,1.9557686,75.756397
2026-Jan-31 15:00,1.059,3.771,2.379223810115,5.4107 /L,1.9558795,75.723317
2026-Jan-31 18:00,1.081,3.792,2.37907041911282,5.4393 /L,1.9559903,75.690284
2026-Jan-31 21:00,1.111,3.823,2.37891689694155,5.4679 /L,1.956101,75.657299
2026-Feb-01 00:00,1.145,3.857,2.37876324417099,5.4964 /L,1.9562116,75.624362
2026-Feb-01 03:00,1.155,3.867,2.37860946135315,5.5250 /L,1.9563221,75.591471
2026-Feb-01 06:00,1.146,3.858,2.37845554900161,5.5535 /L,1.9564325,75.558629
2026-Feb-01 09:00,1.147,3.859,2.37830150761472,5.5821 /L,1.9565428,75.525834
2026-Feb-01 12:00,1.108,3.82,2.37814733766083,5.6106 /L,1.956653,75.493087
2026-Feb-01 15:00,1.06,3.772,2.37799303957896,5.6391 /L,1.9567631,75.460388
2026-Feb-01 18:00,1.08,3.793,2.37783861379369,5.6677 /L,1.9568731,75.427738
2026-Feb-01 21:00,1.086,3.798,2.37768406069266,5.6962 /L,1.956983,75.395135
2026-Feb-02 00:00,1.143,3.855,2.37752938064808,5.7247 /L,1.9570928,75.36258
2026-Feb-02 03:00,1.15,3.863,2.37737457400734,5.7532 /L,1.9572024,75.330073
2026-Feb-02 06:00,1.146,3.859,2.37721964108785,5.7817 /L,1.957312,75.297615
2026-Feb-02 09:00,1.165,3.878,2.37706458219624,5.8102 /L,1.9574214,75.265205
2026-Feb-02 12:00,1.123,3.836,2.37690939760546,5.8387 /L,1.9575307,75.232844
2026-Feb-02 15:00,1.074,3.787,2.37675408757308,5.8672 /L,1.9576398,75.200531
2026-Feb-02 18:00,1.084,3.798,2.37659865233792,5.8957 /L,1.9577488,75.168267
2026-Feb-02 21:00,1.106,3.82,2.3764430921093,5.9241 /L,1.9578577,75.136052
2026-Feb-03 00:00,1.138,3.852,2.37628740708944,5.9526 /L,1.9579664,75.103886
2026-Feb-03 03:00,1.162,3.876,2.37613159745183,5.9810 /L,1.9580749,75.071768
2026-Feb-03 06:00,1.148,3.862,2.37597566335503,6.0095 /L,1.9581833,75.0397
2026-Feb-03 09:00,1.17,3.884,2.37581960494544,6.0379 /L,1.9582915,75.007681
2026-Feb-03 12:00,1.138,3.852,2.37566342234177,6.0664 /L,1.9583995,74.975711
2026-Feb-03 15:00,1.087,3.801,2.37550711565888,6.0948 /L,1.9585073,74.94379
2026-Feb-03 18:00,1.084,3.799,2.37535068498874,6.1232 /L,1.9586149,74.911919
2026-Feb-03 21:00,1.096,3.811,2.37519413040872,6.1516 /L,1.9587223,74.880097
2026-Feb-04 00:00,1.134,3.849,2.37503745199031,6.1801 /L,1.9588295,74.848325
2026-Feb-04 03:00,1.18,3.895,2.37488064977986,6.2085 /L,1.9589365,74.816602
2026-Feb-04 06:00,1.173,3.888,2.37472372382239,6.2369 /L,1.9590433,74.78493
2026-Feb-04 09:00,1.167,3.883,2.37456667414645,6.2653 /L,1.9591498,74.753307
2026-Feb-04 12:00,1.146,3.861,2.37440950076646,6.2936 /L,1.959256,74.721734
2026-Feb-04 15:00,1.105,3.821,2.37425220369677,6.3220 /L,1.959362,74.690211
2026-Feb-04 18:00,1.077,3.792,2.37409478292987,6.3504 /L,1.9594678,74.658739
2026-Feb-04 21:00,1.097,3.813,2.37393723845849,6.3788 /L,1.9595733,74.627316
2026-Feb-05 00:00,1.133,3.849,2.37377957026525,6.4071 /L,1.9596785,74.595944
2026-Feb-05 03:00,1.168,3.884,2.37362177831885,6.4355 /L,1.9597834,74.564623
2026-Feb-05 06:00,1.175,3.891,2.37346386259245,6.4638 /L,1.959888,74.533352
2026-Feb-05 09:00,1.164,3.881,2.37330582304098,6.4922 /L,1.9599923,74.502131
2026-Feb-05 12:00,1.154,3.87,2.37314765962008,6.5205 /L,1.9600963,74.470961
2026-Feb-05 15:00,1.116,3.833,2.3729893722814,6.5488 /L,1.9602,74.439843
2026-Feb-05 18:00,1.072,3.789,2.37283096096294,6.5771 /L,1.9603033,74.408775
2026-Feb-05 21:00,1.092,3.809,2.37267242561066,6.6055 /L,1.9604064,74.377758
2026-Feb-06 00:00,1.108,3.825,2.37251376615623,6.6338 /L,1.960509,74.346792
2026-Feb-06 03:00,1.152,3.868,2.37235498253155,6.6621 /L,1.9606114,74.315877
2026-Feb-06 06:00,1.162,3.879,2.37219607466995,6.6904 /L,1.9607133,74.285014
2026-Feb-06 09:00,1.155,3.873,2.37203704249126,6.7186 /L,1.9608149,74.254202
2026-Feb-06 12:00,1.167,3.884,2.37187788592506,6.7469 /L,1.9609162,74.223441
2026-Feb-06 15:00,1.124,3.842,2.37171860489073,6.7752 /L,1.9610171,74.192732
2026-Feb-06 18:00,1.073,3.791,2.3715591993065,6.8035 /L,1.9611175,74.162075
2026-Feb-06 21:00,1.09,3.808,2.37139966909662,6.8317 /L,1.9612176,74.131469
2026-Feb-07 00:00,1.102,3.82,2.37124001417232,6.8600 /L,1.9613173,74.100915
2026-Feb-07 03:00,1.149,3.867,2.3710802344553,6.8882 /L,1.9614166,74.070413
2026-Feb-07 06:00,1.16,3.878,2.37092032986116,6.9165 /L,1.9615155,74.039963
2026-Feb-07 09:00,1.151,3.869,2.37076030030255,6.9447 /L,1.9616139,74.009565
2026-Feb-07 12:00,1.175,3.893,2.3706001457016,6.9729 /L,1.961712,73.97922
2026-Feb-07 15:00,1.135,3.853,2.37043986596811,7.0011 /L,1.9618096,73.948926
2026-Feb-07 18:00,1.086,3.804,2.37027946102159,7.0293 /L,1.9619068,73.918685
2026-Feb-07 21:00,1.088,3.807,2.37011893077937,7.0575 /L,1.9620035,73.888497
2026-Feb-08 00:00,1.105,3.824,2.3699582751537,7.0857 /L,1.9620998,73.85836
2026-Feb-08 03:00,1.134,3.853,2.36979749406876,7.1139 /L,1.9621956,73.828277
2026-Feb-08 06:00,1.174,3.893,2.36963658743767,7.1421 /L,1.962291,73.798246
2026-Feb-08 09:00,1.158,3.877,2.36947555518165,7.1703 /L,1.9623859,73.768268
2026-Feb-08 12:00,1.165,3.885,2.36931439722368,7.1984 /L,1.9624803,73.738343
2026-Feb-08 15:00,1.14,3.859,2.36915311347955,7.2266 /L,1.9625743,73.708471
2026-Feb-08 18:00,1.092,3.811,2.36899170387837,7.2548 /L,1.9626678,73.678652
2026-Feb-08 21:00,1.076,3.796,2.36883016833975,7.2829 /L,1.9627608,73.648886
2026-Feb-09 00:00,1.091,3.811,2.36866850678893,7.3110 /L,1.9628533,73.619173
2026-Feb-09 03:00,1.129,3.849,2.36850671915632,7.3392 /L,1.9629453,73.589514
2026-Feb-09 06:00,1.169,3.889,2.36834480536333,7.3673 /L,1.9630368,73.559908
2026-Feb-09 09:00,1.173,3.893,2.36818276534508,7.3954 /L,1.9631279,73.530356
2026-Feb-09 12:00,1.161,3.881,2.36802059902949,7.4235 /L,1.9632184,73.500857
2026-Feb-09 15:00,1.142,3.862,2.36785830634729,7.4516 /L,1.9633084,73.471411
2026-Feb-09 18:00,1.107,3.827,2.36769588723758,7.4797 /L,1.9633978,73.44202
2026-Feb-09 21:00,1.066,3.787,2.36753334162933,7.5078 /L,1.9634868,73.412682
2026-Feb-10 00:00,1.086,3.807,2.36737066946457,7.5359 /L,1.9635752,73.383398
2026-Feb-10 03:00,1.115,3.836,2.36720787068082,7.5640 /L,1.9636631,73.354168
2026-Feb-10 06:00,1.149,3.87,2.36704494521533,7.5920 /L,1.9637504,73.324993
2026-Feb-10 09:00,1.158,3.879,2.36688189301615,7.6201 /L,1.9638372,73.295871
2026-Feb-10 12:00,1.148,3.87,2.3667187140208,7.6482 /L,1.9639235,73.266803
2026-Feb-10 15:00,1.15,3.872,2.36655540817851,7.6762 /L,1.9640092,73.23779
2026-Feb-10 18:00,1.109,3.831,2.36639197543723,7.7042 /L,1.9640944,73.208832
2026-Feb-10 21:00,1.06,3.782,2.36622841574183,7.7323 /L,1.964179,73.179927
2026-Feb-11 00:00,1.079,3.801,2.36606472905013,7.7603 /L,1.964263,73.151078
2026-Feb-11 03:00,1.083,3.805,2.36590091530991,7.7883 /L,1.9643464,73.122283
2026-Feb-11 06:00,1.14,3.862,2.36573697447873,7.8163 /L,1.9644293,73.093543
2026-Feb-11 09:00,1.146,3.869,2.36557290651625,7.8443 /L,1.9645116,73.064857
2026-Feb-11 12:00,1.141,3.863,2.36540871137658,7.8723 /L,1.9645934,73.036226
2026-Feb-11 15:00,1.16,3.882,2.36524438902805,7.9003 /L,1.9646745,73.007651
2026-Feb-11 18:00,1.117,3.84,2.36507993943038,7.9283 /L,1.964755,72.97913
2026-Feb-11 21:00,1.067,3.79,2.36491536255078,7.9563 /L,1.964835,72.950665
2026-Feb-12 00:00,1.076,3.799,2.36475065836222,7.9842 /L,1.9649143,72.922255
2026-Feb-12 03:00,1.097,3.82,2.36458582683052,8.0122 /L,1.9649931,72.8939
2026-Feb-12 06:00,1.126,3.849,2.36442086793658,8.0401 /L,1.9650712,72.8656
2026-Feb-12 09:00,1.152,3.875,2.36425578165518,8.0681 /L,1.9651487,72.837356
2026-Feb-12 12:00,1.136,3.859,2.36409056796609,8.0960 /L,1.9652256,72.809168
2026-Feb-12 15:00,1.156,3.879,2.36392522685848,8.1239 /L,1.9653018,72.781035
2026-Feb-12 18:00,1.124,3.848,2.36375975831346,8.1519 /L,1.9653775,72.752957
2026-Feb-12 21:00,1.072,3.796,2.36359416232734,8.1798 /L,1.9654524,72.724936
2026-Feb-13 00:00,1.067,3.791,2.36342843889351,8.2077 /L,1.9655268,72.696971
2026-Feb-13 03:00,1.078,3.802,2.3632625880081,8.2356 /L,1.9656005,72.669061
2026-Feb-13 06:00,1.115,3.84,2.36309660968016,8.2635 /L,1.9656736,72.641207
2026-Feb-13 09:00,1.16,3.884,2.36293050391103,8.2913 /L,1.965746,72.61341
2026-Feb-13 12:00,1.154,3.878,2.36276427071702,8.3192 /L,1.9658177,72.585669
2026-Feb-13 15:00,1.146,3.87,2.36259791011562,8.3471 /L,1.9658888,72.557984
2026-Feb-13 18:00,1.123,3.848,2.36243142212513,8.3749 /L,1.9659592,72.530355
2026-Feb-13 21:00,1.083,3.808,2.36226480677989,8.4028 /L,1.9660289,72.502783
2026-Feb-14 00:00,1.052,3.777,2.36209806410785,8.4306 /L,1.966098,72.475267
2026-Feb-14 03:00,1.072,3.797,2.36193119415111,8.4585 /L,1.9661663,72.447808
2026-Feb-14 06:00,1.106,3.831,2.36176419695745,8.4863 /L,1.966234,72.420406
2026-Feb-14 09:00,1.14,3.866,2.36159707257415,8.5141 /L,1.966301,72.39306
2026-Feb-14 12:00,1.146,3.872,2.36142982106727,8.5419 /L,1.9663672,72.365772
2026-Feb-14 15:00,1.136,3.861,2.36126244249908,8.5697 /L,1.9664328,72.33854
2026-Feb-14 18:00,1.126,3.852,2.36109493694509,8.5975 /L,1.9664977,72.311365
2026-Feb-14 21:00,1.088,3.814,2.36092730449141,8.6253 /L,1.9665618,72.284247
2026-Feb-15 00:00,1.042,3.768,2.36075954522305,8.6531 /L,1.9666253,72.257186
2026-Feb-15 03:00,1.062,3.788,2.36059165924596,8.6809 /L,1.966688,72.230183
2026-Feb-15 06:00,1.075,3.801,2.36042364666565,8.7087 /L,1.9667499,72.203237
2026-Feb-15 09:00,1.12,3.847,2.36025550759964,8.7364 /L,1.9668112,72.176348
2026-Feb-15 12:00,1.129,3.856,2.36008724218084,8.7642 /L,1.9668717,72.149517
2026-Feb-15 15:00,1.123,3.85,2.35991885054132,8.7919 /L,1.9669314,72.122744
2026-Feb-15 18:00,1.135,3.862,2.35975033283557,8.8197 /L,1.9669904,72.096028
2026-Feb-15 21:00,1.092,3.819,2.35958168922202,8.8474 /L,1.9670487,72.069369
2026-Feb-16 00:00,1.041,3.768,2.35941291986997,8.8751 /L,1.9671062,72.042769
2026-Feb-16 03:00,1.056,3.783,2.35924402496877,8.9028 /L,1.967163,72.016226
2026-Feb-16 06:00,1.069,3.797,2.35907500470796,8.9305 /L,1.9672189,71.989741
2026-Feb-16 09:00,1.113,3.841,2.35890585930027,8.9582 /L,1.9672742,71.963315
2026-Feb-16 12:00,1.125,3.853,2.35873658896695,8.9859 /L,1.9673286,71.936946
2026-Feb-16 15:00,1.115,3.843,2.35856719393893,9.0136 /L,1.9673823,71.910635
2026-Feb-16 18:00,1.139,3.867,2.35839767447102,9.0413 /L,1.9674352,71.884383
2026-Feb-16 21:00,1.099,3.827,2.35822803082003,9.0689 /L,1.9674873,71.858189
2026-Feb-17 00:00,1.049,3.777,2.35805826326588,9.0966 /L,1.9675386,71.832054
2026-Feb-17 03:00,1.05,3.779,2.35788837210204,9.1242 /L,1.9675892,71.805976
2026-Feb-17 06:00,1.065,3.794,2.35771835763057,9.1519 /L,1.9676389,71.779957
2026-Feb-17 09:00,1.094,3.823,2.3575482201806,9.1795 /L,1.9676879,71.753997
2026-Feb-17 12:00,1.136,3.865,2.35737796008562,9.2071 /L,1.9677361,71.728096
2026-Feb-17 15:00,1.121,3.85,2.35720757770125,9.2348 /L,1.9677835,71.702253
2026-Feb-17 18:00,1.125,3.854,2.35703707340126,9.2624 /L,1.9678301,71.676469
2026-Feb-17 21:00,1.1,3.829,2.3568664475669,9.2900 /L,1.9678759,71.650743
2026-Feb-18 00:00,1.053,3.782,2.3566957006083,9.3176 /L,1.9679209,71.625077
2026-Feb-18 03:00,1.034,3.764,2.35652483294265,9.3451 /L,1.9679651,71.599469
2026-Feb-18 06:00,1.05,3.78,2.3563538450075,9.3727 /L,1.9680085,71.57392
2026-Feb-18 09:00,1.087,3.817,2.35618273726266,9.4003 /L,1.9680511,71.548431
2026-Feb-18 12:00,1.126,3.856,2.3560115101746,9.4279 /L,1.9680929,71.523
2026-Feb-18 15:00,1.129,3.86,2.35584016423926,9.4554 /L,1.9681339,71.497629
2026-Feb-18 18:00,1.118,3.848,2.35566869996253,9.4830 /L,1.9681742,71.472316
2026-Feb-18 21:00,1.099,3.83,2.35549711786799,9.5105 /L,1.9682136,71.447063
2026-Feb-19 00:00,1.064,3.794,2.3553254185045,9.5380 /L,1.9682523,71.42187
2026-Feb-19 03:00,1.022,3.752,2.3551536024267,9.5655 /L,1.9682901,71.396735
2026-Feb-19 06:00,1.042,3.773,2.35498167021765,9.5930 /L,1.9683272,71.37166
2026-Feb-19 09:00,1.069,3.8,2.35480962247299,9.6206 /L,1.9683635,71.346644
2026-Feb-19 12:00,1.103,3.834,2.3546374598028,9.6480 /L,1.968399,71.321688
2026-Feb-19 15:00,1.112,3.843,2.35446518284434,9.6755 /L,1.9684337,71.296791
2026-Feb-19 18:00,1.103,3.834,2.35429279224003,9.7030 /L,1.9684677,71.271953
2026-Feb-19 21:00,1.106,3.837,2.35412028865838,9.7305 /L,1.9685009,71.247175
2026-Feb-20 00:00,1.064,3.796,2.35394767278282,9.7579 /L,1.9685333,71.222457
2026-Feb-20 03:00,1.014,3.746,2.35377494530734,9.7854 /L,1.968565,71.197798
2026-Feb-20 06:00,1.033,3.765,2.35360210695353,9.8128 /L,1.9685959,71.173199
2026-Feb-20 09:00,1.036,3.768,2.3534291584474,9.8403 /L,1.9686261,71.148659
2026-Feb-20 12:00,1.093,3.825,2.35325610053724,9.8677 /L,1.9686555,71.124179
2026-Feb-20 15:00,1.1,3.832,2.35308293398791,9.8951 /L,1.9686842,71.099758
2026-Feb-20 18:00,1.094,3.826,2.35290965957073,9.9225 /L,1.9687122,71.075398
2026-Feb-20 21:00,1.114,3.846,2.35273627808366,9.9499 /L,1.9687394,71.051097
2026-Feb-21 00:00,1.071,3.804,2.35256279032863,9.9773 /L,1.9687659,71.026855
2026-Feb-21 03:00,1.022,3.755,2.35238919712511,10.0047 /L,1.9687917,71.002674
2026-Feb-21 06:00,1.03,3.763,2.35221549931013,10.0321 /L,1.9688168,70.978552
2026-Feb-21 09:00,1.052,3.785,2.35204169772298,10.0595 /L,1.9688413,70.954489
2026-Feb-21 12:00,1.079,3.812,2.35186779322709,10.0868 /L,1.968865,70.930487
2026-Feb-21 15:00,1.109,3.842,2.35169378668935,10.1142 /L,1.968888,70.906544
2026-Feb-21 18:00,1.092,3.826,2.35151967898846,10.1415 /L,1.9689104,70.882661
2026-Feb-21 21:00,1.111,3.844,2.3513454710207,10.1689 /L,1.9689321,70.858838
2026-Feb-22 00:00,1.081,3.814,2.35117116368065,10.1962 /L,1.9689532,70.835075
2026-Feb-22 03:00,1.029,3.763,2.35099675788336,10.2235 /L,1.9689736,70.811371
2026-Feb-22 06:00,1.023,3.757,2.35082225454709,10.2508 /L,1.9689934,70.787727
2026-Feb-22 09:00,1.035,3.769,2.35064765459583,10.2781 /L,1.9690126,70.764143
2026-Feb-22 12:00,1.073,3.808,2.35047295897043,10.3054 /L,1.9690311,70.740618
2026-Feb-22 15:00,1.118,3.852,2.35029816860644,10.3327 /L,1.9690491,70.717154
2026-Feb-22 18:00,1.115,3.849,2.35012328445497,10.3600 /L,1.9690665,70.693749
2026-Feb-22 21:00,1.106,3.84,2.34994830746997,10.3872 /L,1.9690832,70.670403
2026-Feb-23 00:00,1.084,3.819,2.34977323860475,10.4145 /L,1.9690994,70.647118
2026-Feb-23 03:00,1.046,3.781,2.34959807882768,10.4417 /L,1.9691151,70.623892
2026-Feb-23 06:00,1.013,3.748,2.34942282909884,10.4690 /L,1.9691301,70.600726
2026-Feb-23 09:00,1.034,3.769,2.34924749038819,10.4962 /L,1.9691447,70.57762
2026-Feb-23 12:00,1.068,3.803,2.34907206366828,10.5234 /L,1.9691587,70.554573
2026-Feb-23 15:00,1.102,3.837,2.34889654990499,10.5506 /L,1.9691722,70.531586
2026-Feb-23 18:00,1.11,3.845,2.34872095007669,10.5778 /L,1.9691851,70.508659
2026-Feb-23 21:00,1.099,3.835,2.3485452651511,10.6050 /L,1.9691976,70.485792
2026-Feb-24 00:00,1.093,3.828,2.34836949609942,10.6322 /L,1.9692096,70.462984
2026-Feb-24 03:00,1.055,3.791,2.34819364389489,10.6594 /L,1.9692211,70.440236
2026-Feb-24 06:00,1.009,3.745,2.34801770949833,10.6866 /L,1.9692321,70.417547
2026-Feb-24 09:00,1.029,3.765,2.34784169387947,10.7137 /L,1.9692427,70.394918
2026-Feb-24 12:00,1.04,3.777,2.34766559799568,10.7409 /L,1.9692528,70.372349
2026-Feb-24 15:00,1.089,3.826,2.3474894228012,10.7680 /L,1.9692625,70.349839
2026-Feb-24 18:00,1.098,3.835,2.34731316925167,10.7952 /L,1.9692718,70.327389
2026-Feb-24 21:00,1.093,3.83,2.34713683828539,10.8223 /L,1.9692806,70.304999
2026-Feb-25 00:00,1.108,3.845,2.34696043084531,10.8494 /L,1.9692891,70.282668
2026-Feb-25 03:00,1.065,3.802,2.34678394786102,10.8765 /L,1.9692971,70.260397
2026-Feb-25 06:00,1.015,3.752,2.34660739025218,10.9036 /L,1.9693048,70.238186
2026-Feb-25 09:00,1.03,3.767,2.34643075893866,10.9307 /L,1.9693121,70.216034
2026-Feb-25 12:00,1.046,3.784,2.34625405481879,10.9578 /L,1.969319,70.193941
2026-Feb-25 15:00,1.087,3.825,2.34607727879054,10.9849 /L,1.9693256,70.171908
2026-Feb-25 18:00,1.103,3.84,2.3459004317379,11.0120 /L,1.9693318,70.149935
2026-Feb-25 21:00,1.092,3.83,2.34572351452864,11.0390 /L,1.9693377,70.128022
2026-Feb-26 00:00,1.117,3.855,2.34554652802914,11.0661 /L,1.9693433,70.106168
2026-Feb-26 03:00,1.079,3.817,2.34536947308127,11.0931 /L,1.9693486,70.084373
2026-Feb-26 06:00,1.029,3.767,2.3451923505212,11.1201 /L,1.9693535,70.062638
2026-Feb-26 09:00,1.03,3.769,2.34501516117099,11.1472 /L,1.9693582,70.040963
2026-Feb-26 12:00,1.045,3.783,2.3448379058306,11.1742 /L,1.9693625,70.019347
2026-Feb-26 15:00,1.077,3.815,2.34466058529648,11.2012 /L,1.9693666,69.997791
2026-Feb-26 18:00,1.121,3.86,2.34448320033846,11.2282 /L,1.9693704,69.976294
2026-Feb-26 21:00,1.108,3.847,2.34430575171494,11.2552 /L,1.969374,69.954857
2026-Feb-27 00:00,1.11,3.849,2.34412824017046,11.2822 /L,1.9693773,69.933479
2026-Feb-27 03:00,1.086,3.826,2.34395066642249,11.3091 /L,1.9693803,69.912161
2026-Feb-27 06:00,1.042,3.781,2.34377303118259,11.3361 /L,1.9693831,69.890903
2026-Feb-27 09:00,1.021,3.76,2.34359533513492,11.3631 /L,1.9693857,69.869704
2026-Feb-27 12:00,1.039,3.779,2.34341757894679,11.3900 /L,1.969388,69.848564
2026-Feb-27 15:00,1.077,3.816,2.34323976327212,11.4170 /L,1.9693902,69.827485
2026-Feb-27 18:00,1.115,3.855,2.34306188873391,11.4439 /L,1.9693921,69.806465
2026-Feb-27 21:00,1.12,3.861,2.34288395594637,11.4708 /L,1.9693938,69.785504
2026-Feb-28 00:00,1.11,3.85,2.34270596549659,11.4977 /L,1.9693953,69.764603
2026-Feb-28 03:00,1.094,3.835,2.34252791794958,11.5246 /L,1.9693966,69.743762
2026-Feb-28 06:00,1.059,3.799,2.34234981385764,11.5515 /L,1.9693977,69.722981
2026-Feb-28 09:00,1.017,3.758,2.34217165373968,11.5784 /L,1.9693986,69.702259
2026-Feb-28 12:00,1.038,3.779,2.34199343810306,11.6053 /L,1.9693993,69.681596
2026-Feb-28 15:00,1.064,3.805,2.34181516742947,11.6322 /L,1.9693998,69.660994
2026-Feb-28 18:00,1.1,3.841,2.34163684217434,11.6591 /L,1.9694002,69.640451
2026-Feb-28 21:00,1.111,3.852,2.34145846278114,11.6859 /L,1.9694004,69.619968
2026-Mar-01 00:00,1.103,3.844,2.34128002965912,11.7128 /L,1.9694004,69.599544
2026-Mar-01 03:00,1.11,3.851,2.341101543203,11.7396 /L,1.9694002,69.579181
2026-Mar-01 06:00,1.069,3.81,2.34092300378423,11.7665 /L,1.9693999,69.558877
2026-Mar-01 09:00,1.019,3.761,2.34074441174464,11.7933 /L,1.9693994,69.538633
2026-Mar-01 12:00,1.039,3.781,2.34056576741496,11.8201 /L,1.9693988,69.518448
2026-Mar-01 15:00,1.044,3.786,2.34038707109242,11.8469 /L,1.9693979,69.498324
2026-Mar-01 18:00,1.101,3.843,2.34020832305722,11.8737 /L,1.9693969,69.478259
2026-Mar-01 21:00,1.109,3.851,2.34002952356965,11.9005 /L,1.9693958,69.458254
2026-Mar-02 00:00,1.104,3.846,2.33985067285851,11.9273 /L,1.9693944,69.43831
2026-Mar-02 03:00,1.125,3.868,2.33967177114245,11.9541 /L,1.969393,69.418425
2026-Mar-02 06:00,1.084,3.827,2.33949281860878,11.9809 /L,1.9693913,69.3986
2026-Mar-02 09:00,1.036,3.779,2.33931381542564,12.0077 /L,1.9693895,69.378835
2026-Mar-02 12:00,1.043,3.786,2.33913476174504,12.0344 /L,1.9693875,69.35913
2026-Mar-02 15:00,1.065,3.808,2.33895565768682,12.0612 /L,1.9693853,69.339485
2026-Mar-02 18:00,1.092,3.835,2.33877650336146,12.0879 /L,1.9693829,69.3199
2026-Mar-02 21:00,1.126,3.869,2.33859729885174,12.1146 /L,1.9693804,69.300375
2026-Mar-03 00:00,1.109,3.852,2.33841804421972,12.1414 /L,1.9693777,69.28091
2026-Mar-03 03:00,1.125,3.869,2.33823873951557,12.1681 /L,1.9693748,69.261506
2026-Mar-03 06:00,1.098,3.841,2.33805938475823,12.1948 /L,1.9693717,69.242161
2026-Mar-03 09:00,1.048,3.792,2.33787997995797,12.2215 /L,1.9693685,69.222877
2026-Mar-03 12:00,1.039,3.783,2.33770052510205,12.2482 /L,1.969365,69.203653
2026-Mar-03 15:00,1.052,3.796,2.3375210201559,12.2749 /L,1.9693613,69.184489
2026-Mar-03 18:00,1.092,3.836,2.33734146507714,12.3016 /L,1.9693575,69.165386
2026-Mar-03 21:00,1.136,3.88,2.3371618597942,12.3283 /L,1.9693534,69.146342
2026-Mar-04 00:00,1.136,3.881,2.33698220422718,12.3550 /L,1.9693491,69.12736
2026-Mar-04 03:00,1.126,3.871,2.33680249827854,12.3816 /L,1.9693446,69.108437
2026-Mar-04 06:00,1.106,3.851,2.33662274182859,12.4083 /L,1.9693398,69.089575
2026-Mar-04 09:00,1.069,3.814,2.3364429347537,12.4349 /L,1.9693349,69.070774
2026-Mar-04 12:00,1.034,3.78,2.33626307690434,12.4616 /L,1.9693297,69.052032
2026-Mar-04 15:00,1.056,3.801,2.33608316812273,12.4882 /L,1.9693242,69.033352
2026-Mar-04 18:00,1.089,3.835,2.3359032082392,12.5148 /L,1.9693186,69.014732
2026-Mar-04 21:00,1.123,3.869,2.33572319706199,12.5415 /L,1.9693126,68.996172
2026-Mar-05 00:00,1.132,3.878,2.3355431343985,12.5681 /L,1.9693064,68.977673
2026-Mar-05 03:00,1.123,3.869,2.33536302003416,12.5947 /L,1.9693,68.959235
2026-Mar-05 06:00,1.119,3.865,2.33518285374585,12.6213 /L,1.9692933,68.940857
2026-Mar-05 09:00,1.081,3.827,2.33500263530404,12.6479 /L,1.9692863,68.92254
2026-Mar-05 12:00,1.035,3.781,2.33482236445797,12.6745 /L,1.969279,68.904283
2026-Mar-05 15:00,1.056,3.802,2.33464204095837,12.7010 /L,1.9692714,68.886088
2026-Mar-05 18:00,1.065,3.811,2.33446166453871,12.7276 /L,1.9692636,68.867953
2026-Mar-05 21:00,1.118,3.864,2.33428123492334,12.7542 /L,1.9692554,68.849879
2026-Mar-06 00:00,1.126,3.873,2.33410075183525,12.7807 /L,1.9692469,68.831866
2026-Mar-06 03:00,1.122,3.869,2.33392021497745,12.8073 /L,1.9692381,68.813913
2026-Mar-06 06:00,1.139,3.886,2.33373962405562,12.8338 /L,1.969229,68.796022
2026-Mar-06 09:00,1.097,3.844,2.33355897876299,12.8604 /L,1.9692196,68.778192
2026-Mar-06 12:00,1.047,3.795,2.3333782787827,12.8869 /L,1.9692098,68.760422
2026-Mar-06 15:00,1.06,3.808,2.33319752380082,12.9134 /L,1.9691997,68.742713
2026-Mar-06 18:00,1.08,3.827,2.33301671348525,12.9400 /L,1.9691893,68.725066
2026-Mar-06 21:00,1.117,3.865,2.33283584750687,12.9665 /L,1.9691785,68.707479
2026-Mar-07 00:00,1.136,3.884,2.33265492552914,12.9930 /L,1.9691674,68.689954
2026-Mar-07 03:00,1.124,3.872,2.33247394720443,13.0195 /L,1.9691558,68.67249
2026-Mar-07 06:00,1.149,3.897,2.33229291219133,13.0460 /L,1.969144,68.655086
2026-Mar-07 09:00,1.113,3.862,2.33211182013246,13.0725 /L,1.9691317,68.637744
2026-Mar-07 12:00,1.063,3.811,2.33193067067264,13.0990 /L,1.9691191,68.620463
2026-Mar-07 15:00,1.064,3.812,2.33174946345381,13.1254 /L,1.9691061,68.603244
2026-Mar-07 18:00,1.077,3.826,2.33156819810578,13.1519 /L,1.9690926,68.586085
2026-Mar-07 21:00,1.112,3.861,2.33138687426671,13.1784 /L,1.9690788,68.568988
2026-Mar-08 00:00,1.158,3.907,2.33120549156146,13.2048 /L,1.9690646,68.551952
2026-Mar-08 03:00,1.147,3.896,2.33102404961564,13.2313 /L,1.96905,68.534978
2026-Mar-08 06:00,1.146,3.895,2.3308425480563,13.2577 /L,1.969035,68.518065
2026-Mar-08 09:00,1.124,3.873,2.33066098649766,13.2842 /L,1.9690195,68.501213
2026-Mar-08 12:00,1.081,3.831,2.33047936456324,13.3106 /L,1.9690037,68.484423
2026-Mar-08 15:00,1.057,3.807,2.33029768186625,13.3370 /L,1.9689873,68.467694
2026-Mar-08 18:00,1.077,3.827,2.33011593801845,13.3635 /L,1.9689706,68.451026
2026-Mar-08 21:00,1.114,3.864,2.32993413263656,13.3899 /L,1.9689534,68.43442
2026-Mar-09 00:00,1.152,3.902,2.32975226532396,13.4163 /L,1.9689358,68.417876
2026-Mar-09 03:00,1.158,3.908,2.32957033569319,13.4427 /L,1.9689177,68.401393
2026-Mar-09 06:00,1.148,3.899,2.32938834334977,13.4691 /L,1.9688992,68.384971
2026-Mar-09 09:00,1.135,3.886,2.3292062878954,13.4955 /L,1.9688802,68.368611
2026-Mar-09 12:00,1.1,3.85,2.32902416893964,13.5219 /L,1.9688607,68.352313
2026-Mar-09 15:00,1.058,3.808,2.32884198607894,13.5482 /L,1.9688408,68.336077
2026-Mar-09 18:00,1.079,3.83,2.32865973891781,13.5746 /L,1.9688204,68.319902
2026-Mar-09 21:00,1.101,3.852,2.3284774270571,13.6010 /L,1.9687995,68.303789
2026-Mar-10 00:00,1.141,3.892,2.32829505009128,13.6273 /L,1.9687782,68.287737
2026-Mar-10 03:00,1.152,3.903,2.3281126076246,13.6537 /L,1.9687563,68.271747
2026-Mar-10 06:00,1.145,3.897,2.32793009924885,13.6800 /L,1.968734,68.255819
2026-Mar-10 09:00,1.155,3.907,2.32774752456199,13.7064 /L,1.9687111,68.239953
2026-Mar-10 12:00,1.114,3.865,2.32756488316174,13.7327 /L,1.9686878,68.224149
2026-Mar-10 15:00,1.064,3.816,2.3273821746372,13.7591 /L,1.9686639,68.208406
2026-Mar-10 18:00,1.083,3.835,2.32719939858857,13.7854 /L,1.9686396,68.192726
2026-Mar-10 21:00,1.092,3.844,2.32701655460507,13.8117 /L,1.9686147,68.177107
2026-Mar-11 00:00,1.145,3.898,2.32683364227965,13.8380 /L,1.9685893,68.16155
2026-Mar-11 03:00,1.155,3.908,2.32665066120832,13.8643 /L,1.9685634,68.146055
2026-Mar-11 06:00,1.149,3.902,2.32646761097664,13.8906 /L,1.9685369,68.130622
2026-Mar-11 09:00,1.173,3.925,2.32628449118147,13.9169 /L,1.9685099,68.115251
2026-Mar-11 12:00,1.132,3.885,2.32610130141077,13.9432 /L,1.9684824,68.099942
2026-Mar-11 15:00,1.085,3.838,2.32591804125347,13.9695 /L,1.9684543,68.084695
2026-Mar-11 18:00,1.09,3.843,2.32573471030463,13.9958 /L,1.9684257,68.06951
2026-Mar-11 21:00,1.11,3.864,2.32555130814786,14.0221 /L,1.9683966,68.054387
2026-Mar-12 00:00,1.139,3.892,2.32536783437778,14.0483 /L,1.9683668,68.039326
2026-Mar-12 03:00,1.177,3.93,2.32518428858297,14.0746 /L,1.9683365,68.024328
2026-Mar-12 06:00,1.16,3.913,2.32500067035026,14.1009 /L,1.9683057,68.009391
2026-Mar-12 09:00,1.174,3.927,2.32481697927538,14.1271 /L,1.9682743,67.994517
2026-Mar-12 12:00,1.148,3.902,2.32463321494239,14.1534 /L,1.9682422,67.979705
2026-Mar-12 15:00,1.099,3.853,2.32444937694525,14.1796 /L,1.9682097,67.964955
2026-Mar-12 18:00,1.088,3.842,2.32426546487515,14.2059 /L,1.9681765,67.950268
2026-Mar-12 21:00,1.103,3.857,2.3240814783191,14.2321 /L,1.9681427,67.935643
2026-Mar-13 00:00,1.143,3.897,2.32389741687536,14.2583 /L,1.9681084,67.92108
2026-Mar-13 03:00,1.185,3.94,2.32371328013144,14.2845 /L,1.9680734,67.906579
2026-Mar-13 06:00,1.189,3.944,2.32352906768342,14.3108 /L,1.9680378,67.892141
2026-Mar-13 09:00,1.178,3.933,2.32334477912855,14.3370 /L,1.9680016,67.877765
2026-Mar-13 12:00,1.159,3.914,2.32316041405809,14.3632 /L,1.9679648,67.863451
2026-Mar-13 15:00,1.124,3.879,2.32297597207649,14.3894 /L,1.9679274,67.8492
2026-Mar-13 18:00,1.087,3.842,2.32279145277934,14.4156 /L,1.9678894,67.835012
2026-Mar-13 21:00,1.109,3.864,2.32260685576912,14.4418 /L,1.9678507,67.820886
2026-Mar-14 00:00,1.141,3.896,2.32242218065354,14.4680 /L,1.9678113,67.806822
2026-Mar-14 03:00,1.175,3.931,2.32223742703335,14.4941 /L,1.9677714,67.792821
2026-Mar-14 06:00,1.185,3.941,2.3220525945239,14.5203 /L,1.9677307,67.778883
2026-Mar-14 09:00,1.176,3.932,2.32186768273486,14.5465 /L,1.9676895,67.765007
2026-Mar-14 12:00,1.176,3.932,2.3216826912813,14.5726 /L,1.9676475,67.751194
2026-Mar-14 15:00,1.137,3.894,2.321497619788,14.5988 /L,1.9676049,67.737443
2026-Mar-14 18:00,1.09,3.847,2.3213124678728,14.6250 /L,1.9675616,67.723755
2026-Mar-14 21:00,1.112,3.868,2.32112723516937,14.6511 /L,1.9675177,67.71013
2026-Mar-15 00:00,1.118,3.875,2.32094192130964,14.6772 /L,1.967473,67.696568
2026-Mar-15 03:00,1.174,3.931,2.32075652592962,14.7034 /L,1.9674277,67.683068
2026-Mar-15 06:00,1.182,3.939,2.32057104867929,14.7295 /L,1.9673816,67.669631
2026-Mar-15 09:00,1.179,3.936,2.32038548920296,14.7557 /L,1.9673349,67.656257
2026-Mar-15 12:00,1.198,3.955,2.32019984716141,14.7818 /L,1.9672874,67.642946
2026-Mar-15 15:00,1.156,3.913,2.32001412221876,14.8079 /L,1.9672392,67.629697
2026-Mar-15 18:00,1.107,3.865,2.31982831404249,14.8340 /L,1.9671903,67.616512
2026-Mar-15 21:00,1.119,3.877,2.31964242231837,14.8601 /L,1.9671407,67.603389
2026-Mar-16 00:00,1.141,3.898,2.31945644672897,14.8862 /L,1.9670904,67.590329
2026-Mar-16 03:00,1.174,3.932,2.31927038697382,14.9123 /L,1.9670393,67.577333
2026-Mar-16 06:00,1.197,3.955,2.31908424276134,14.9384 /L,1.9669874,67.564399
2026-Mar-16 09:00,1.184,3.942,2.31889801380308,14.9645 /L,1.9669348,67.551528
2026-Mar-16 12:00,1.207,3.966,2.31871169983261,14.9906 /L,1.9668814,67.53872
2026-Mar-16 15:00,1.175,3.933,2.31852530058381,15.0167 /L,1.9668273,67.525976
2026-Mar-16 18:00,1.124,3.883,2.31833881580775,15.0427 /L,1.9667724,67.513294
2026-Mar-16 21:00,1.123,3.882,2.31815224527026,15.0688 /L,1.9667168,67.500675
2026-Mar-17 00:00,1.136,3.895,2.31796558874097,15.0949 /L,1.9666603,67.48812
2026-Mar-17 03:00,1.173,3.932,2.31777884601483,15.1209 /L,1.9666031,67.475628
2026-Mar-17 06:00,1.22,3.979,2.31759201689168,15.1470 /L,1.9665451,67.463198
2026-Mar-17 09:00,1.212,3.972,2.31740510118842,15.1730 /L,1.9664863,67.450832
2026-Mar-17 12:00,1.208,3.968,2.3172180987425,15.1991 /L,1.9664266,67.438529
2026-Mar-17 15:00,1.187,3.946,2.31703100939625,15.2251 /L,1.9663662,67.42629
2026-Mar-17 18:00,1.146,3.906,2.31684383301969,15.2511 /L,1.966305,67.414113
2026-Mar-17 21:00,1.119,3.879,2.31665656949257,15.2772 /L,1.966243,67.402
2026-Mar-18 00:00,1.14,3.9,2.3164692187114,15.3032 /L,1.9661801,67.38995
2026-Mar-18 03:00,1.177,3.937,2.31628178059842,15.3292 /L,1.9661164,67.377963
2026-Mar-18 06:00,1.213,3.974,2.31609425508252,15.3552 /L,1.966052,67.366039
2026-Mar-18 09:00,1.221,3.981,2.31590664212166,15.3812 /L,1.9659866,67.354178
2026-Mar-18 12:00,1.211,3.972,2.3157189416887,15.4072 /L,1.9659205,67.342381
2026-Mar-18 15:00,1.201,3.962,2.31553115377252,15.4332 /L,1.9658535,67.330647
2026-Mar-18 18:00,1.165,3.926,2.31534327839185,15.4592 /L,1.9657857,67.318976
2026-Mar-18 21:00,1.122,3.883,2.31515531557389,15.4852 /L,1.9657171,67.307368
2026-Mar-19 00:00,1.143,3.904,2.31496726537478,15.5112 /L,1.9656477,67.295824
2026-Mar-19 03:00,1.161,3.922,2.31477912787022,15.5372 /L,1.9655774,67.284342
2026-Mar-19 06:00,1.204,3.966,2.31459090315062,15.5632 /L,1.9655063,67.272924
2026-Mar-19 09:00,1.216,3.977,2.31440259133891,15.5891 /L,1.9654343,67.261569
2026-Mar-19 12:00,1.21,3.972,2.31421419256843,15.6151 /L,1.9653615,67.250277
2026-Mar-19 15:00,1.223,3.985,2.31402570700004,15.6411 /L,1.9652879,67.239048
2026-Mar-19 18:00,1.181,3.943,2.31383713481805,15.6670 /L,1.9652135,67.227883
2026-Mar-19 21:00,1.131,3.893,2.31364847621965,15.6930 /L,1.9651383,67.21678
2026-Mar-20 00:00,1.149,3.912,2.31345973143535,15.7189 /L,1.9650622,67.20574
2026-Mar-20 03:00,1.162,3.924,2.31327090070753,15.7448 /L,1.9649853,67.194764
2026-Mar-20 06:00,1.211,3.973,2.31308198430296,15.7708 /L,1.9649076,67.18385
2026-Mar-20 09:00,1.223,3.985,2.31289298251428,15.7967 /L,1.9648291,67.173
2026-Mar-20 12:00,1.215,3.978,2.31270389564458,15.8226 /L,1.9647498,67.162212
2026-Mar-20 15:00,1.24,4.003,2.31251472402913,15.8485 /L,1.9646697,67.151487
2026-Mar-20 18:00,1.201,3.964,2.31232546801605,15.8745 /L,1.9645888,67.140825
2026-Mar-20 21:00,1.153,3.916,2.31213612797353,15.9004 /L,1.9645072,67.130226
2026-Mar-21 00:00,1.157,3.92,2.31194670429667,15.9263 /L,1.9644247,67.11969
2026-Mar-21 03:00,1.175,3.938,2.31175719738812,15.9522 /L,1.9643415,67.109217
2026-Mar-21 06:00,1.204,3.968,2.31156760767955,15.9781 /L,1.9642575,67.098806
2026-Mar-21 09:00,1.246,4.01,2.31137793561573,16.0040 /L,1.9641727,67.088458
2026-Mar-21 12:00,1.231,3.995,2.31118818165573,16.0298 /L,1.9640872,67.078172
2026-Mar-21 15:00,1.24,4.004,2.3109983462849,16.0557 /L,1.964001,67.067949
2026-Mar-21 18:00,1.215,3.98,2.31080842999279,16.0816 /L,1.963914,67.057788
2026-Mar-21 21:00,1.168,3.933,2.31061843329312,16.1075 /L,1.9638264,67.04769
2026-Mar-22 00:00,1.154,3.918,2.31042835671239,16.1333 /L,1.963738,67.037654
2026-Mar-22 03:00,1.17,3.935,2.31023820078514,16.1592 /L,1.9636489,67.027681
2026-Mar-22 06:00,1.209,3.974,2.31004796607003,16.1850 /L,1.9635591,67.01777
2026-Mar-22 09:00,1.251,4.016,2.30985765312675,16.2109 /L,1.9634686,67.007921
2026-Mar-22 12:00,1.255,4.02,2.30966726253286,16.2367 /L,1.9633775,66.998135
2026-Mar-22 15:00,1.245,4.01,2.30947679487763,16.2626 /L,1.9632857,66.98841
2026-Mar-22 18:00,1.227,3.993,2.30928625075171,16.2884 /L,1.9631932,66.978748
2026-Mar-22 21:00,1.193,3.959,2.30909563076624,16.3142 /L,1.9631002,66.969148
2026-Mar-23 00:00,1.154,3.919,2.30890493553033,16.3401 /L,1.9630065,66.959609
2026-Mar-23 03:00,1.175,3.941,2.30871416566379,16.3659 /L,1.9629122,66.950133
2026-Mar-23 06:00,1.205,3.971,2.30852332179681,16.3917 /L,1.9628173,66.940718
2026-Mar-23 09:00,1.24,4.006,2.30833240455462,16.4175 /L,1.9627218,66.931365
2026-Mar-23 12:00,1.251,4.017,2.30814141457848,16.4433 /L,1.9626257,66.922075
2026-Mar-23 15:00,1.242,4.009,2.30795035250515,16.4691 /L,1.962529,66.912845
2026-Mar-23 18:00,1.245,4.012,2.30775921897456,16.4949 /L,1.9624319,66.903678
2026-Mar-23 21:00,1.206,3.973,2.30756801463515,16.5207 /L,1.9623341,66.894572
2026-Mar-24 00:00,1.158,3.924,2.30737674012469,16.5465 /L,1.9622359,66.885527
2026-Mar-24 03:00,1.178,3.946,2.30718539609155,16.5722 /L,1.9621371,66.876544
2026-Mar-24 06:00,1.183,3.95,2.3069939831777,16.5980 /L,1.9620378,66.867623
2026-Mar-24 09:00,1.241,4.009,2.30680250202088,16.6238 /L,1.9619381,66.858763
2026-Mar-24 12:00,1.249,4.017,2.30661095326534,16.6496 /L,1.9618378,66.849964
2026-Mar-24 15:00,1.245,4.013,2.30641933754013,16.6753 /L,1.9617371,66.841227
2026-Mar-24 18:00,1.265,4.033,2.30622765547922,16.7011 /L,1.9616359,66.832551
2026-Mar-24 21:00,1.223,3.991,2.3060359077091,16.7268 /L,1.9615343,66.823936
2026-Mar-25 00:00,1.174,3.942,2.30584409484516,16.7526 /L,1.9614323,66.815383
2026-Mar-25 03:00,1.184,3.952,2.30565221750698,16.7783 /L,1.9613298,66.806891
2026-Mar-25 06:00,1.206,3.974,2.30546027629545,16.8040 /L,1.9612269,66.798459
2026-Mar-25 09:00,1.235,4.004,2.30526827181042,16.8298 /L,1.9611236,66.790089
2026-Mar-25 12:00,1.262,4.031,2.30507620464366,16.8555 /L,1.96102,66.78178
2026-Mar-25 15:00,1.247,4.016,2.30488407536983,16.8812 /L,1.9609159,66.773532
2026-Mar-25 18:00,1.267,4.036,2.30469188456535,16.9069 /L,1.9608115,66.765345
2026-Mar-25 21:00,1.237,4.006,2.30449963278594,16.9326 /L,1.9607067,66.757219
2026-Mar-26 00:00,1.186,3.955,2.3043073205805,16.9583 /L,1.9606016,66.749154
2026-Mar-26 03:00,1.181,3.95,2.30411494848993,16.9840 /L,1.9604962,66.741149
2026-Mar-26 06:00,1.193,3.962,2.3039225170331,17.0097 /L,1.9603904,66.733206
2026-Mar-26 09:00,1.231,4.001,2.30373002672785,17.0354 /L,1.9602843,66.725323
2026-Mar-26 12:00,1.276,4.046,2.30353747807038,17.0611 /L,1.9601779,66.717501
2026-Mar-26 15:00,1.272,4.042,2.30334487154444,17.0868 /L,1.9600712,66.70974
2026-Mar-26 18:00,1.264,4.034,2.303152207626,17.1125 /L,1.9599642,66.70204
2026-Mar-26 21:00,1.243,4.013,2.30295948676527,17.1381 /L,1.9598569,66.6944
2026-Mar-27 00:00,1.204,3.974,2.30276670940848,17.1638 /L,1.9597493,66.686822
2026-Mar-27 03:00,1.173,3.943,2.30257387598059,17.1895 /L,1.9596415,66.679303
2026-Mar-27 06:00,1.193,3.964,2.30238098688904,17.2151 /L,1.9595334,66.671846
2026-Mar-27 09:00,1.228,3.999,2.30218804253401,17.2408 /L,1.959425,66.664449
2026-Mar-27 12:00,1.263,4.033,2.30199504328742,17.2664 /L,1.9593165,66.657113
2026-Mar-27 15:00,1.27,4.041,2.30180198951402,17.2921 /L,1.9592076,66.649837
2026-Mar-27 18:00,1.26,4.031,2.30160888155839,17.3177 /L,1.9590986,66.642622
2026-Mar-27 21:00,1.252,4.023,2.301415719743,17.3433 /L,1.9589893,66.635468
2026-Mar-28 00:00,1.214,3.986,2.30122250438326,17.3690 /L,1.9588798,66.628374
2026-Mar-28 03:00,1.169,3.941,2.3010292357652,17.3946 /L,1.9587701,66.621341
2026-Mar-28 06:00,1.19,3.961,2.3008359141643,17.4202 /L,1.9586602,66.614368
2026-Mar-28 09:00,1.202,3.974,2.30064253983787,17.4458 /L,1.95855,66.607456
2026-Mar-28 12:00,1.25,4.022,2.30044911301748,17.4715 /L,1.9584397,66.600605
2026-Mar-28 15:00,1.259,4.031,2.30025563392773,17.4971 /L,1.9583292,66.593814
2026-Mar-28 18:00,1.254,4.026,2.30006210276404,17.5227 /L,1.9582185,66.587083
2026-Mar-28 21:00,1.268,4.04,2.29986851970776,17.5483 /L,1.9581076,66.580413
2026-Mar-29 00:00,1.225,3.997,2.29967488492439,17.5739 /L,1.9579965,66.573804
2026-Mar-29 03:00,1.174,3.947,2.29948119855083,17.5995 /L,1.9578853,66.567255
2026-Mar-29 06:00,1.19,3.963,2.29928746071665,17.6251 /L,1.9577739,66.560767
2026-Mar-29 09:00,1.205,3.978,2.29909367152347,17.6506 /L,1.9576623,66.554339
2026-Mar-29 12:00,1.248,4.021,2.29889983105561,17.6762 /L,1.9575505,66.547971
2026-Mar-29 15:00,1.262,4.035,2.29870593938416,17.7018 /L,1.9574386,66.541664
2026-Mar-29 18:00,1.251,4.025,2.29851199655002,17.7274 /L,1.9573265,66.535418
2026-Mar-29 21:00,1.276,4.049,2.29831800258618,17.7529 /L,1.9572143,66.529232
2026-Mar-30 00:00,1.237,4.011,2.29812395750005,17.7785 /L,1.9571019,66.523106
2026-Mar-30 03:00,1.187,3.961,2.29792986127868,17.8041 /L,1.9569893,66.517042
2026-Mar-30 06:00,1.189,3.963,2.29773571389841,17.8296 /L,1.9568766,66.511037
2026-Mar-30 09:00,1.204,3.978,2.29754151530484,17.8552 /L,1.9567637,66.505093
2026-Mar-30 12:00,1.235,4.009,2.29734726543453,17.8807 /L,1.9566507,66.49921
2026-Mar-30 15:00,1.278,4.053,2.2971529642016,17.9063 /L,1.9565375,66.493387
2026-Mar-30 18:00,1.264,4.039,2.29695861149734,17.9318 /L,1.9564242,66.487624
2026-Mar-30 21:00,1.267,4.042,2.2967642072048,17.9573 /L,1.9563107,66.481922
2026-Mar-31 00:00,1.243,4.018,2.29656975117708,17.9829 /L,1.956197,66.476281
2026-Mar-31 03:00,1.197,3.972,2.29637524325702,18.0084 /L,1.9560832,66.4707
2026-Mar-31 06:00,1.177,3.953,2.29618068326886,18.0339 /L,1.9559693,66.465179
2026-Mar-31 09:00,1.195,3.97,2.29598607101215,18.0595 /L,1.9558551,66.459719
2026-Mar-31 12:00,1.232,4.007,2.29579140628021,18.0850 /L,1.9557409,66.45432
2026-Mar-31 15:00,1.271,4.046,2.29559668883816,18.1105 /L,1.9556264,66.448981
2026-Mar-31 18:00,1.275,4.051,2.29540191843931,18.1360 /L,1.9555118,66.443702
2026-Mar-31 21:00,1.264,4.04,2.29520709482254,18.1615 /L,1.9553971,66.438484
2026-Apr-01 00:00,1.247,4.024,2.29501221770094,18.1870 /L,1.9552822,66.433327
2026-Apr-01 03:00,1.212,3.988,2.2948172867831,18.2125 /L,1.9551671,66.42823
2026-Apr-01 06:00,1.17,3.946,2.29462230175236,18.2380 /L,1.9550518,66.423194
2026-Apr-01 09:00,1.191,3.967,2.29442726227877,18.2635 /L,1.9549364,66.418218
2026-Apr-01 12:00,1.217,3.994,2.29423216802231,18.2890 /L,1.9548208,66.413303
2026-Apr-01 15:00,1.252,4.029,2.29403701861697,18.3145 /L,1.954705,66.408448
2026-Apr-01 18:00,1.262,4.039,2.29384181369322,18.3400 /L,1.954589,66.403654
2026-Apr-01 21:00,1.253,4.03,2.29364655285996,18.3655 /L,1.9544729,66.398921
2026-Apr-02 00:00,1.259,4.036,2.29345123571121,18.3910 /L,1.9543565,66.394248
2026-Apr-02 03:00,1.217,3.995,2.29325586183498,18.4165 /L,1.95424,66.389636
2026-Apr-02 06:00,1.167,3.945,2.293060430794,18.4419 /L,1.9541233,66.385084
2026-Apr-02 09:00,1.186,3.964,2.29286494214801,18.4674 /L,1.9540063,66.380593
2026-Apr-02 12:00,1.19,3.967,2.29266939543965,18.4929 /L,1.9538892,66.376162
2026-Apr-02 15:00,1.247,4.025,2.29247379019538,18.5184 /L,1.9537719,66.371792
2026-Apr-02 18:00,1.255,4.033,2.29227812593936,18.5438 /L,1.9536543,66.367483
2026-Apr-02 21:00,1.249,4.027,2.29208240217214,18.5693 /L,1.9535366,66.363234
2026-Apr-03 00:00,1.269,4.048,2.291886618391,18.5947 /L,1.9534186,66.359046
2026-Apr-03 03:00,1.228,4.006,2.29169077408074,18.6202 /L,1.9533004,66.354919
2026-Apr-03 06:00,1.179,3.957,2.29149486870883,18.6457 /L,1.953182,66.350852
2026-Apr-03 09:00,1.185,3.964,2.29129890174343,18.6711 /L,1.9530633,66.346846
2026-Apr-03 12:00,1.207,3.986,2.29110287263144,18.6966 /L,1.9529444,66.3429
2026-Apr-03 15:00,1.233,4.012,2.2909067808158,18.7220 /L,1.9528253,66.339015
2026-Apr-03 18:00,1.265,4.044,2.29071062573183,18.7475 /L,1.9527059,66.335191
2026-Apr-03 21:00,1.248,4.027,2.29051440679687,18.7729 /L,1.9525863,66.331427
2026-Apr-04 00:00,1.264,4.044,2.29031812343122,18.7983 /L,1.9524664,66.327724
2026-Apr-04 03:00,1.235,4.015,2.29012177503695,18.8238 /L,1.9523463,66.324082
2026-Apr-04 06:00,1.184,3.964,2.28992536101094,18.8492 /L,1.9522259,66.320501
2026-Apr-04 09:00,1.176,3.956,2.28972888074678,18.8747 /L,1.9521052,66.31698
2026-Apr-04 12:00,1.187,3.967,2.28953233361984,18.9001 /L,1.9519842,66.313519
2026-Apr-04 15:00,1.226,4.007,2.28933571900958,18.9255 /L,1.951863,66.31012
2026-Apr-04 18:00,1.269,4.05,2.28913903628083,18.9509 /L,1.9517415,66.306781
2026-Apr-04 21:00,1.268,4.049,2.28894228479161,18.9764 /L,1.9516197,66.303503
2026-Apr-05 00:00,1.258,4.038,2.28874546390079,19.0018 /L,1.9514976,66.300285
2026-Apr-05 03:00,1.237,4.017,2.28854857294936,19.0272 /L,1.9513752,66.297128
2026-Apr-05 06:00,1.199,3.98,2.28835161128275,19.0526 /L,1.9512525,66.294032
2026-Apr-05 09:00,1.164,3.945,2.28815457823567,19.0781 /L,1.9511295,66.290997
2026-Apr-05 12:00,1.184,3.965,2.28795747313412,19.1035 /L,1.9510062,66.288022
2026-Apr-05 15:00,1.217,3.998,2.28776029530818,19.1289 /L,1.9508826,66.285108
2026-Apr-05 18:00,1.25,4.032,2.28756304407085,19.1543 /L,1.9507587,66.282255
2026-Apr-05 21:00,1.258,4.04,2.2873657187388,19.1797 /L,1.9506344,66.279463
2026-Apr-06 00:00,1.248,4.029,2.28716831862202,19.2051 /L,1.9505098,66.276731
2026-Apr-06 03:00,1.243,4.025,2.28697084301993,19.2305 /L,1.9503849,66.27406
2026-Apr-06 06:00,1.204,3.986,2.28677329123856,19.2559 /L,1.9502596,66.271449
2026-Apr-06 09:00,1.156,3.939,2.28657566256839,19.2813 /L,1.950134,66.2689
2026-Apr-06 12:00,1.176,3.959,2.2863779563022,19.3067 /L,1.950008,66.266411
2026-Apr-06 15:00,1.185,3.967,2.28618017172996,19.3321 /L,1.9498817,66.263983
2026-Apr-06 18:00,1.236,4.019,2.28598230812942,19.3575 /L,1.9497551,66.261615
2026-Apr-06 21:00,1.244,4.027,2.2857843647863,19.3829 /L,1.949628,66.259309
2026-Apr-07 00:00,1.239,4.022,2.28558634097269,19.4083 /L,1.9495006,66.257063
2026-Apr-07 03:00,1.254,4.037,2.28538823596079,19.4337 /L,1.9493729,66.254878
2026-Apr-07 06:00,1.211,3.994,2.28519004902365,19.4591 /L,1.9492447,66.252753
2026-Apr-07 09:00,1.161,3.944,2.28499177942078,19.4845 /L,1.9491162,66.250689
2026-Apr-07 12:00,1.173,3.957,2.28479342642023,19.5099 /L,1.9489873,66.248687
2026-Apr-07 15:00,1.191,3.975,2.28459498927905,19.5353 /L,1.948858,66.246744
2026-Apr-07 18:00,1.228,4.012,2.28439646725192,19.5607 /L,1.9487283,66.244863
2026-Apr-07 21:00,1.245,4.03,2.28419785959757,19.5861 /L,1.9485983,66.243042
2026-Apr-08 00:00,1.233,4.017,2.28399916556046,19.6115 /L,1.9484678,66.241282
2026-Apr-08 03:00,1.256,4.041,2.28380038439301,19.6369 /L,1.9483369,66.239583
2026-Apr-08 06:00,1.22,4.004,2.2836015153395,19.6623 /L,1.9482056,66.237945
2026-Apr-08 09:00,1.168,3.953,2.28340255763911,19.6876 /L,1.9480739,66.236367
2026-Apr-08 12:00,1.168,3.953,2.28320351053761,19.7130 /L,1.9479418,66.234851
2026-Apr-08 15:00,1.181,3.966,2.28300437326648,19.7384 /L,1.9478092,66.233395
2026-Apr-08 18:00,1.214,3.999,2.28280514506393,19.7638 /L,1.9476762,66.231999
2026-Apr-08 21:00,1.259,4.044,2.28260582516343,19.7892 /L,1.9475428,66.230665
2026-Apr-09 00:00,1.247,4.032,2.28240641279079,19.8145 /L,1.947409,66.229391
2026-Apr-09 03:00,1.245,4.03,2.28220690718044,19.8399 /L,1.9472747,66.228178
2026-Apr-09 06:00,1.222,4.007,2.28200730755316,19.8653 /L,1.94714,66.227026
2026-Apr-09 09:00,1.178,3.964,2.28180761313456,19.8907 /L,1.9470048,66.225935
2026-Apr-09 12:00,1.154,3.94,2.28160782314881,19.9161 /L,1.9468691,66.224904
2026-Apr-09 15:00,1.173,3.959,2.28140793681019,19.9414 /L,1.946733,66.223934
2026-Apr-09 18:00,1.21,3.996,2.28120795334276,19.9668 /L,1.9465965,66.223026
2026-Apr-09 21:00,1.247,4.033,2.28100787195861,19.9922 /L,1.9464594,66.222177
2026-Apr-10 00:00,1.253,4.039,2.28080769187237,20.0176 /L,1.9463219,66.22139
2026-Apr-10 03:00,1.242,4.029,2.28060741230083,20.0429 /L,1.9461839,66.220664
2026-Apr-10 06:00,1.228,4.015,2.28040703244946,20.0683 /L,1.9460454,66.219998
2026-Apr-10 09:00,1.192,3.979,2.28020655153415,20.0937 /L,1.9459065,66.219393
2026-Apr-10 12:00,1.15,3.937,2.28000596876121,20.1191 /L,1.945767,66.218849
2026-Apr-10 15:00,1.17,3.958,2.27980528333706,20.1444 /L,1.945627,66.218366
2026-Apr-10 18:00,1.192,3.98,2.27960449447365,20.1698 /L,1.9454866,66.217943
2026-Apr-10 21:00,1.231,4.019,2.27940360137086,20.1952 /L,1.9453456,66.217582
2026-Apr-11 00:00,1.242,4.029,2.27920260323901,20.2205 /L,1.9452041,66.217281
2026-Apr-11 03:00,1.234,4.022,2.27900149928212,20.2459 /L,1.9450621,66.217041
2026-Apr-11 06:00,1.244,4.032,2.27880028870222,20.2713 /L,1.9449195,66.216862
2026-Apr-11 09:00,1.202,3.99,2.27859897071022,20.2966 /L,1.9447764,66.216744
2026-Apr-11 12:00,1.151,3.94,2.27839754450554,20.3220 /L,1.9446328,66.216686
2026-Apr-11 15:00,1.17,3.959,2.27819600929772,20.3474 /L,1.9444886,66.21669
2026-Apr-11 18:00,1.178,3.967,2.27799436429406,20.3728 /L,1.9443439,66.216754
2026-Apr-11 21:00,1.231,4.02,2.27779260869808,20.3981 /L,1.9441986,66.216879
2026-Apr-12 00:00,1.241,4.029,2.27759074172528,20.4235 /L,1.9440528,66.217066
2026-Apr-12 03:00,1.234,4.023,2.27738876258125,20.4489 /L,1.9439063,66.217312
2026-Apr-12 06:00,1.257,4.046,2.2771866704811,20.4742 /L,1.9437593,66.21762
2026-Apr-12 09:00,1.216,4.005,2.27698446464242,20.4996 /L,1.9436117,66.217989
2026-Apr-12 12:00,1.168,3.957,2.27678214427825,20.5250 /L,1.9434636,66.218419
2026-Apr-12 15:00,1.173,3.962,2.27657970861658,20.5503 /L,1.9433148,66.218909
2026-Apr-12 18:00,1.193,3.983,2.27637715687855,20.5757 /L,1.9431654,66.219461
2026-Apr-12 21:00,1.22,4.01,2.27617448829438,20.6011 /L,1.9430154,66.220073
2026-Apr-13 00:00,1.257,4.048,2.27597170210203,20.6264 /L,1.9428648,66.220746
2026-Apr-13 03:00,1.24,4.03,2.27576879753505,20.6518 /L,1.9427135,66.22148
2026-Apr-13 06:00,1.254,4.044,2.2755657738445,20.6772 /L,1.9425616,66.222275
2026-Apr-13 09:00,1.227,4.018,2.27536263027885,20.7026 /L,1.9424091,66.223131
2026-Apr-13 12:00,1.178,3.969,2.27515936609525,20.7279 /L,1.9422559,66.224048
2026-Apr-13 15:00,1.167,3.958,2.27495598056423,20.7533 /L,1.9421021,66.225026
2026-Apr-13 18:00,1.18,3.972,2.27475247295339,20.7787 /L,1.9419475,66.226064
2026-Apr-13 21:00,1.22,4.011,2.27454884255032,20.8040 /L,1.9417924,66.227164
2026-Apr-14 00:00,1.262,4.054,2.27434508864556,20.8294 /L,1.9416365,66.228324
2026-Apr-14 03:00,1.265,4.057,2.27414121053849,20.8548 /L,1.94148,66.229546
2026-Apr-14 06:00,1.253,4.045,2.27393720754765,20.8801 /L,1.9413227,66.230828
2026-Apr-14 09:00,1.234,4.026,2.27373307899121,20.9055 /L,1.9411648,66.232171
2026-Apr-14 12:00,1.199,3.991,2.2735288242094,20.9309 /L,1.9410062,66.233575
2026-Apr-14 15:00,1.161,3.953,2.27332444255162,20.9563 /L,1.9408468,66.23504
2026-Apr-14 18:00,1.182,3.975,2.27311993337666,20.9816 /L,1.9406867,66.236565
2026-Apr-14 21:00,1.214,4.007,2.27291529606799,21.0070 /L,1.9405259,66.238152
2026-Apr-15 00:00,1.248,4.041,2.27271053001249,21.0324 /L,1.9403644,66.239799
2026-Apr-15 03:00,1.258,4.05,2.27250563462092,21.0578 /L,1.9402021,66.241507
2026-Apr-15 06:00,1.248,4.041,2.2723006093201,21.0831 /L,1.940039,66.243276
2026-Apr-15 09:00,1.248,4.041,2.27209545354731,21.1085 /L,1.9398752,66.245106
2026-Apr-15 12:00,1.208,4.002,2.27189016676944,21.1339 /L,1.9397107,66.246997
2026-Apr-15 15:00,1.161,3.954,2.27168474846134,21.1593 /L,1.9395454,66.248948
2026-Apr-15 18:00,1.182,3.975,2.27147919812277,21.1846 /L,1.9393793,66.25096
2026-Apr-15 21:00,1.188,3.981,2.27127351527615,21.2100 /L,1.9392125,66.253032
2026-Apr-16 00:00,1.244,4.037,2.2710676994556,21.2354 /L,1.9390448,66.255165
2026-Apr-16 03:00,1.251,4.045,2.27086175022863,21.2608 /L,1.9388764,66.257359
2026-Apr-16 06:00,1.247,4.041,2.27065566717568,21.2861 /L,1.9387072,66.259613
2026-Apr-16 09:00,1.265,4.06,2.27044944990244,21.3115 /L,1.9385373,66.261928
2026-Apr-16 12:00,1.223,4.018,2.27024309804334,21.3369 /L,1.9383665,66.264304
2026-Apr-16 15:00,1.174,3.969,2.27003661124576,21.3623 /L,1.9381949,66.266739
2026-Apr-16 18:00,1.185,3.98,2.26982998919273,21.3877 /L,1.9380226,66.269236
2026-Apr-16 21:00,1.207,4.001,2.26962323158494,21.4130 /L,1.9378494,66.271792
2026-Apr-17 00:00,1.24,4.035,2.26941633814733,21.4384 /L,1.9376755,66.274409
2026-Apr-17 03:00,1.262,4.057,2.26920930863805,21.4638 /L,1.9375007,66.277086
2026-Apr-17 06:00,1.249,4.044,2.26900214282891,21.4892 /L,1.9373252,66.279824
2026-Apr-17 09:00,1.272,4.067,2.26879484052767,21.5146 /L,1.9371489,66.282621
2026-Apr-17 12:00,1.239,4.034,2.26858740156355,21.5399 /L,1.9369718,66.285479
2026-Apr-17 15:00,1.188,3.984,2.26837982578797,21.5653 /L,1.9367939,66.288396
2026-Apr-17 18:00,1.186,3.982,2.26817211308813,21.5907 /L,1.9366152,66.291374
2026-Apr-17 21:00,1.199,3.995,2.26796426336507,21.6161 /L,1.9364358,66.294411
2026-Apr-18 00:00,1.236,4.032,2.26775627655378,21.6415 /L,1.9362555,66.297509
2026-Apr-18 03:00,1.282,4.078,2.26754815261323,21.6669 /L,1.9360745,66.300665
2026-Apr-18 06:00,1.274,4.07,2.26733989152084,21.6922 /L,1.9358928,66.303882
2026-Apr-18 09:00,1.269,4.066,2.26713149328992,21.7176 /L,1.9357102,66.307158
2026-Apr-18 12:00,1.248,4.044,2.26692295794673,21.7430 /L,1.935527,66.310494
2026-Apr-18 15:00,1.207,4.004,2.26671428554708,21.7684 /L,1.935343,66.31389
2026-Apr-18 18:00,1.179,3.977,2.2665054761717,21.7938 /L,1.9351582,66.317344
2026-Apr-18 21:00,1.2,3.997,2.26629652991494,21.8192 /L,1.9349727,66.320858
2026-Apr-19 00:00,1.236,4.034,2.26608744690478,21.8446 /L,1.9347865,66.324431
2026-Apr-19 03:00,1.272,4.07,2.26587822728055,21.8700 /L,1.9345996,66.328064
2026-Apr-19 06:00,1.279,4.077,2.26566887120477,21.8953 /L,1.934412,66.331755
2026-Apr-19 09:00,1.27,4.068,2.26545937886411,21.9207 /L,1.9342238,66.335505
2026-Apr-19 12:00,1.259,4.057,2.26524975045293,21.9461 /L,1.9340348,66.339315
2026-Apr-19 15:00,1.223,4.021,2.26503998619459,21.9715 /L,1.9338452,66.343183
2026-Apr-19 18:00,1.179,3.978,2.26483008632129,21.9969 /L,1.9336549,66.34711
2026-Apr-19 21:00,1.2,3.999,2.2646200510806,22.0223 /L,1.933464,66.351095
2026-Apr-20 00:00,1.218,4.016,2.26440988074188,22.0477 /L,1.9332725,66.35514
2026-Apr-20 03:00,1.261,4.06,2.26419957557613,22.0731 /L,1.9330803,66.359242
2026-Apr-20 06:00,1.272,4.071,2.26398913587709,22.0985 /L,1.9328875,66.363403
2026-Apr-20 09:00,1.266,4.065,2.26377856194468,22.1239 /L,1.9326942,66.367623
2026-Apr-20 12:00,1.278,4.078,2.26356785408562,22.1493 /L,1.9325003,66.371901
2026-Apr-20 15:00,1.236,4.036,2.26335701262501,22.1747 /L,1.9323058,66.376237
2026-Apr-20 18:00,1.186,3.986,2.26314603788357,22.2001 /L,1.9321108,66.380631
2026-Apr-20 21:00,1.204,4.004,2.26293493019726,22.2255 /L,1.9319152,66.385083
2026-Apr-21 00:00,1.216,4.016,2.26272368990538,22.2509 /L,1.9317191,66.389593
2026-Apr-21 03:00,1.265,4.065,2.2625123173455,22.2763 /L,1.9315225,66.394162
2026-Apr-21 06:00,1.276,4.077,2.26230081286934,22.3017 /L,1.9313255,66.398788
2026-Apr-21 09:00,1.268,4.069,2.26208917681925,22.3271 /L,1.9311279,66.403472
2026-Apr-21 12:00,1.293,4.093,2.26187740954501,22.3525 /L,1.9309299,66.408214
2026-Apr-21 15:00,1.254,4.054,2.26166551139754,22.3779 /L,1.9307314,66.413013
2026-Apr-21 18:00,1.205,4.006,2.26145348271812,22.4033 /L,1.9305325,66.41787
2026-Apr-21 21:00,1.209,4.01,2.26124132385775,22.4287 /L,1.9303331,66.422785
2026-Apr-22 00:00,1.227,4.028,2.26102903515419,22.4541 /L,1.9301334,66.427757
2026-Apr-22 03:00,1.256,4.058,2.26081661694473,22.4795 /L,1.9299333,66.432787
2026-Apr-22 06:00,1.298,4.099,2.26060406956593,22.5049 /L,1.9297327,66.437874
2026-Apr-22 09:00,1.282,4.084,2.26039139333812,22.5303 /L,1.9295318,66.443019
2026-Apr-22 12:00,1.291,4.093,2.26017858858671,22.5557 /L,1.9293306,66.448221
2026-Apr-22 15:00,1.266,4.068,2.25996565562166,22.5811 /L,1.929129,66.45348
2026-Apr-22 18:00,1.219,4.021,2.25975259474533,22.6065 /L,1.928927,66.458797
2026-Apr-22 21:00,1.204,4.007,2.25953940625819,22.6319 /L,1.9287247,66.46417
2026-Apr-23 00:00,1.221,4.023,2.25932609043955,22.6573 /L,1.9285222,66.469601
2026-Apr-23 03:00,1.259,4.062,2.25911264756935,22.6827 /L,1.9283193,66.47509
2026-Apr-23 06:00,1.301,4.103,2.25889907791114,22.7081 /L,1.9281161,66.480635
2026-Apr-23 09:00,1.305,4.108,2.25868538171448,22.7335 /L,1.9279127,66.486237
2026-Apr-23 12:00,1.294,4.097,2.2584715592262,22.7589 /L,1.927709,66.491897
2026-Apr-23 15:00,1.276,4.08,2.25825761066862,22.7844 /L,1.927505,66.497613
2026-Apr-23 18:00,1.242,4.046,2.25804353626037,22.8098 /L,1.9273008,66.503387
2026-Apr-23 21:00,1.202,4.006,2.25782933620419,22.8352 /L,1.9270963,66.509218
2026-Apr-24 00:00,1.224,4.028,2.25761501068368,22.8606 /L,1.9268916,66.515105
2026-Apr-24 03:00,1.254,4.058,2.25740055987924,22.8860 /L,1.9266867,66.52105
2026-Apr-24 06:00,1.288,4.092,2.2571859839452,22.9114 /L,1.9264816,66.527051
2026-Apr-24 09:00,1.299,4.103,2.25697128302816,22.9368 /L,1.9262762,66.533109
2026-Apr-24 12:00,1.29,4.095,2.25675645726019,22.9623 /L,1.9260707,66.539225
2026-Apr-24 15:00,1.293,4.098,2.25654150675,22.9877 /L,1.925865,66.545397
2026-Apr-24 18:00,1.253,4.058,2.25632643160252,23.0131 /L,1.9256591,66.551626
2026-Apr-24 21:00,1.205,4.01,2.25611123189645,23.0385 /L,1.925453,66.557911
2026-Apr-25 00:00,1.226,4.031,2.25589590769889,23.0639 /L,1.9252467,66.564254
2026-Apr-25 03:00,1.23,4.036,2.25568045906446,23.0894 /L,1.9250403,66.570653
2026-Apr-25 06:00,1.288,4.094,2.25546488602161,23.1148 /L,1.9248338,66.57711
2026-Apr-25 09:00,1.295,4.101,2.25524918859437,23.1402 /L,1.9246271,66.583623
2026-Apr-25 12:00,1.291,4.096,2.25503336678178,23.1656 /L,1.9244202,66.590192
2026-Apr-25 15:00,1.31,4.116,2.25481742056764,23.1911 /L,1.9242132,66.596819
2026-Apr-25 18:00,1.268,4.074,2.25460134992566,23.2165 /L,1.9240061,66.603502
2026-Apr-25 21:00,1.219,4.025,2.25438515480139,23.2419 /L,1.9237988,66.610242
2026-Apr-26 00:00,1.228,4.035,2.25416883513488,23.2673 /L,1.9235914,66.617039
2026-Apr-26 03:00,1.25,4.057,2.25395239084332,23.2928 /L,1.9233839,66.623892
2026-Apr-26 06:00,1.279,4.086,2.25373582182532,23.3182 /L,1.9231763,66.630802
2026-Apr-26 09:00,1.306,4.113,2.25351912797168,23.3436 /L,1.9229686,66.637769
2026-Apr-26 12:00,1.291,4.098,2.2533023091445,23.3691 /L,1.9227608,66.644792
2026-Apr-26 15:00,1.311,4.118,2.25308536519894,23.3945 /L,1.9225528,66.651873
2026-Apr-26 18:00,1.28,4.088,2.25286829597033,23.4200 /L,1.9223448,66.659009
2026-Apr-26 21:00,1.229,4.036,2.25265110127256,23.4454 /L,1.9221366,66.666203
2026-Apr-27 00:00,1.224,4.032,2.25243378091359,23.4708 /L,1.9219284,66.673453
2026-Apr-27 03:00,1.236,4.043,2.25221633467302,23.4963 /L,1.9217201,66.68076
2026-Apr-27 06:00,1.274,4.082,2.2519987623215,23.5217 /L,1.9215117,66.688123
2026-Apr-27 09:00,1.319,4.127,2.25178106361322,23.5472 /L,1.9213032,66.695544
2026-Apr-27 12:00,1.314,4.122,2.25156323827848,23.5726 /L,1.9210946,66.70302
2026-Apr-27 15:00,1.306,4.115,2.25134528604314,23.5981 /L,1.9208859,66.710554
2026-Apr-27 18:00,1.285,4.093,2.25112720660614,23.6235 /L,1.9206771,66.718144
2026-Apr-27 21:00,1.245,4.054,2.25090899965537,23.6490 /L,1.9204683,66.72579
2026-Apr-28 00:00,1.214,4.023,2.25069066486588,23.6744 /L,1.9202594,66.733494
2026-Apr-28 03:00,1.235,4.044,2.25047220188718,23.6999 /L,1.9200504,66.741253
2026-Apr-28 06:00,1.269,4.079,2.25025361036504,23.7254 /L,1.9198413,66.74907
2026-Apr-28 09:00,1.304,4.113,2.25003488992063,23.7508 /L,1.9196321,66.756943
2026-Apr-28 12:00,1.311,4.121,2.24981604016147,23.7763 /L,1.9194229,66.764873
2026-Apr-28 15:00,1.301,4.11,2.24959706068568,23.8017 /L,1.9192136,66.772859
2026-Apr-28 18:00,1.292,4.102,2.24937795106492,23.8272 /L,1.9190042,66.780902
2026-Apr-28 21:00,1.255,4.065,2.24915871086725,23.8527 /L,1.9187947,66.789001
2026-Apr-29 00:00,1.209,4.02,2.24893933963918,23.8781 /L,1.9185852,66.797157
2026-Apr-29 03:00,1.23,4.04,2.24871983691125,23.9036 /L,1.9183756,66.80537
2026-Apr-29 06:00,1.243,4.053,2.24850020220792,23.9291 /L,1.9181659,66.813639
2026-Apr-29 09:00,1.289,4.1,2.24828043502718,23.9546 /L,1.9179561,66.821965
2026-Apr-29 12:00,1.299,4.11,2.24806053486282,23.9801 /L,1.9177463,66.830347
2026-Apr-29 15:00,1.293,4.104,2.24784050119062,24.0055 /L,1.9175363,66.838786
2026-Apr-29 18:00,1.307,4.118,2.24762033346809,24.0310 /L,1.9173263,66.847281
2026-Apr-29 21:00,1.264,4.075,2.24740003114928,24.0565 /L,1.9171162,66.855833
2026-Apr-30 00:00,1.213,4.025,2.24717959366266,24.0820 /L,1.9169061,66.864441
2026-Apr-30 03:00,1.229,4.04,2.24695902043131,24.1075 /L,1.9166958,66.873106
2026-Apr-30 06:00,1.244,4.055,2.24673831086439,24.1330 /L,1.9164855,66.881828
2026-Apr-30 09:00,1.287,4.099,2.24651746435098,24.1585 /L,1.916275,66.890606
2026-Apr-30 12:00,1.3,4.112,2.24629648027892,24.1840 /L,1.9160645,66.89944
2026-Apr-30 15:00,1.29,4.102,2.2460753580123,24.2095 /L,1.9158539,66.908332
2026-Apr-30 18:00,1.314,4.127,2.24585409690821,24.2350 /L,1.9156432,66.917279
2026-Apr-30 21:00,1.276,4.088,2.24563269631386,24.2605 /L,1.9154324,66.926283
2026-May-01 00:00,1.225,4.038,2.24541115555493,24.2860 /L,1.9152215,66.935344
2026-May-01 03:00,1.227,4.04,2.24518947395725,24.3115 /L,1.9150105,66.944461
2026-May-01 06:00,1.242,4.055,2.24496765082545,24.3370 /L,1.9147994,66.953634
2026-May-01 09:00,1.273,4.086,2.24474568545522,24.3626 /L,1.9145882,66.962864
2026-May-01 12:00,1.316,4.13,2.24452357713644,24.3881 /L,1.9143769,66.972151
2026-May-01 15:00,1.302,4.115,2.24430132513695,24.4136 /L,1.9141654,66.981494
2026-May-01 18:00,1.305,4.119,2.2440789287254,24.4391 /L,1.9139539,66.990893
2026-May-01 21:00,1.281,4.095,2.24385638715266,24.4647 /L,1.9137422,67.000349
2026-May-02 00:00,1.235,4.049,2.24363369965858,24.4902 /L,1.9135305,67.009862
2026-May-02 03:00,1.215,4.03,2.24341086548078,24.5158 /L,1.9133186,67.01943
2026-May-02 06:00,1.232,4.047,2.24318788383488,24.5413 /L,1.9131066,67.029055
2026-May-02 09:00,1.269,4.084,2.24296475393714,24.5668 /L,1.9128944,67.038737
2026-May-02 12:00,1.309,4.123,2.24274147498977,24.5924 /L,1.9126821,67.048475
2026-May-02 15:00,1.313,4.128,2.24251804618191,24.6179 /L,1.9124697,67.05827
2026-May-02 18:00,1.302,4.117,2.2422944667037,24.6435 /L,1.9122572,67.068121
2026-May-02 21:00,1.285,4.1,2.24207073572423,24.6691 /L,1.9120445,67.078028
2026-May-03 00:00,1.249,4.064,2.24184685241252,24.6946 /L,1.9118316,67.087991
2026-May-03 03:00,1.207,4.023,2.24162281592766,24.7202 /L,1.9116187,67.098011
2026-May-03 06:00,1.228,4.044,2.24139862541387,24.7457 /L,1.9114055,67.108088
2026-May-03 09:00,1.255,4.071,2.24117428001867,24.7713 /L,1.9111922,67.118221
2026-May-03 12:00,1.289,4.105,2.24094977887023,24.7969 /L,1.9109788,67.12841
2026-May-03 15:00,1.299,4.116,2.240725121095,24.8225 /L,1.9107651,67.138655
2026-May-03 18:00,1.29,4.107,2.2405003058136,24.8481 /L,1.9105514,67.148957
2026-May-03 21:00,1.295,4.112,2.24027533213035,24.8736 /L,1.9103374,67.159315
2026-May-04 00:00,1.254,4.071,2.24005019915444,24.8992 /L,1.9101233,67.16973
2026-May-04 03:00,1.204,4.021,2.23982490597819,24.9248 /L,1.909909,67.180201
2026-May-04 06:00,1.223,4.041,2.23959945169031,24.9504 /L,1.9096945,67.190728
2026-May-04 09:00,1.226,4.044,2.23937383537771,24.9760 /L,1.9094798,67.201311
2026-May-04 12:00,1.284,4.102,2.23914805611001,25.0016 /L,1.909265,67.211951
2026-May-04 15:00,1.291,4.109,2.23892211296233,25.0273 /L,1.9090499,67.222647
2026-May-04 18:00,1.286,4.103,2.2386960049958,25.0529 /L,1.9088346,67.233399
2026-May-04 21:00,1.306,4.124,2.23846973126556,25.0785 /L,1.9086192,67.244208
2026-May-05 00:00,1.264,4.082,2.23824329082835,25.1041 /L,1.9084035,67.255072
2026-May-05 03:00,1.215,4.033,2.23801668272333,25.1297 /L,1.9081877,67.265993
2026-May-05 06:00,1.222,4.04,2.23778990599488,25.1554 /L,1.9079716,67.276971
2026-May-05 09:00,1.244,4.063,2.23756295967687,25.1810 /L,1.9077553,67.288004
2026-May-05 12:00,1.27,4.089,2.23733584279487,25.2067 /L,1.9075387,67.299094
2026-May-05 15:00,1.301,4.12,2.23710855437897,25.2323 /L,1.907322,67.31024
2026-May-05 18:00,1.284,4.103,2.23688109344204,25.2579 /L,1.907105,67.321442
2026-May-05 21:00,1.301,4.121,2.23665345900105,25.2836 /L,1.9068878,67.3327
2026-May-06 00:00,1.272,4.091,2.23642565006599,25.3093 /L,1.9066703,67.344014
2026-May-06 03:00,1.221,4.04,2.23619766563608,25.3349 /L,1.9064526,67.355385
2026-May-06 06:00,1.213,4.033,2.23596950471715,25.3606 /L,1.9062347,67.366811
2026-May-06 09:00,1.224,4.044,2.23574116629887,25.3863 /L,1.9060165,67.378294
2026-May-06 12:00,1.263,4.084,2.23551264937314,25.4119 /L,1.9057981,67.389833
2026-May-06 15:00,1.307,4.127,2.2352839529287,25.4376 /L,1.9055793,67.401428
2026-May-06 18:00,1.305,4.126,2.23505507594153,25.4633 /L,1.9053604,67.413079
2026-May-06 21:00,1.295,4.116,2.2348260173956,25.4890 /L,1.9051411,67.424786
2026-May-07 00:00,1.274,4.094,2.23459677626047,25.5147 /L,1.9049216,67.43655
2026-May-07 03:00,1.235,4.056,2.23436735150555,25.5404 /L,1.9047018,67.448369
2026-May-07 06:00,1.201,4.022,2.23413774210057,25.5661 /L,1.9044817,67.460244
2026-May-07 09:00,1.221,4.043,2.23390794700089,25.5918 /L,1.9042614,67.472176
2026-May-07 12:00,1.255,4.076,2.23367796517013,25.6175 /L,1.9040407,67.484163
2026-May-07 15:00,1.288,4.11,2.23344779555997,25.6432 /L,1.9038198,67.496207
2026-May-07 18:00,1.296,4.118,2.2332174371193,25.6690 /L,1.9035985,67.508306
2026-May-07 21:00,1.285,4.108,2.2329868888006,25.6947 /L,1.903377,67.520462
2026-May-08 00:00,1.28,4.102,2.23275614954132,25.7204 /L,1.9031551,67.532673
2026-May-08 03:00,1.241,4.063,2.23252521828678,25.7462 /L,1.9029329,67.544941
2026-May-08 06:00,1.194,4.017,2.23229409397346,25.7719 /L,1.9027104,67.557264
2026-May-08 09:00,1.214,4.037,2.23206277553232,25.7977 /L,1.9024876,67.569644
2026-May-08 12:00,1.223,4.046,2.23183126190069,25.8234 /L,1.9022644,67.582079
2026-May-08 15:00,1.274,4.097,2.23159955200079,25.8492 /L,1.902041,67.59457
2026-May-08 18:00,1.282,4.105,2.23136764476156,25.8750 /L,1.9018171,67.607117
2026-May-08 21:00,1.277,4.1,2.2311355391066,25.9007 /L,1.9015929,67.61972
2026-May-09 00:00,1.292,4.115,2.23090323395162,25.9265 /L,1.9013684,67.632379
2026-May-09 03:00,1.248,4.072,2.2306707282211,25.9523 /L,1.9011435,67.645094
2026-May-09 06:00,1.198,4.022,2.23043802082548,25.9781 /L,1.9009183,67.657865
2026-May-09 09:00,1.211,4.035,2.23020511068052,26.0039 /L,1.9006926,67.670691
2026-May-09 12:00,1.228,4.053,2.22997199670056,26.0297 /L,1.9004666,67.683574
2026-May-09 15:00,1.267,4.091,2.22973867779023,26.0555 /L,1.9002402,67.696512
2026-May-09 18:00,1.283,4.108,2.22950515286468,26.0813 /L,1.9000135,67.709506
2026-May-09 21:00,1.271,4.096,2.22927142082704,26.1071 /L,1.8997863,67.722555
2026-May-10 00:00,1.295,4.12,2.2290374805839,26.1329 /L,1.8995587,67.735661
2026-May-10 03:00,1.258,4.083,2.22880333104466,26.1588 /L,1.8993308,67.748822
2026-May-10 06:00,1.207,4.032,2.22856897110803,26.1846 /L,1.8991024,67.762039
2026-May-10 09:00,1.207,4.033,2.2283343996847,26.2104 /L,1.8988736,67.775312
2026-May-10 12:00,1.22,4.046,2.22809961567666,26.2363 /L,1.8986443,67.788641
2026-May-10 15:00,1.253,4.079,2.22786461798777,26.2621 /L,1.8984147,67.802025
2026-May-10 18:00,1.297,4.123,2.22762940552917,26.2880 /L,1.8981845,67.815465
2026-May-10 21:00,1.285,4.111,2.22739397720152,26.3139 /L,1.897954,67.82896
2026-May-11 00:00,1.284,4.11,2.22715833191841,26.3397 /L,1.8977229,67.842512
2026-May-11 03:00,1.261,4.087,2.22692246858897,26.3656 /L,1.8974915,67.856118
2026-May-11 06:00,1.217,4.044,2.22668638612293,26.3915 /L,1.8972595,67.869781
2026-May-11 09:00,1.194,4.021,2.22645008344174,26.4174 /L,1.897027,67.883499
2026-May-11 12:00,1.213,4.04,2.22621355945797,26.4433 /L,1.8967941,67.897273
2026-May-11 15:00,1.25,4.078,2.22597681309799,26.4692 /L,1.8965607,67.911102
2026-May-11 18:00,1.288,4.116,2.22573984328921,26.4951 /L,1.8963267,67.924987
2026-May-11 21:00,1.294,4.122,2.22550264895923,26.5210 /L,1.8960923,67.938927
2026-May-12 00:00,1.284,4.112,2.225265229052,26.5469 /L,1.8958573,67.952923
2026-May-12 03:00,1.269,4.097,2.22502758250558,26.5729 /L,1.8956218,67.966974
2026-May-12 06:00,1.233,4.062,2.22478970827266,26.5988 /L,1.8953858,67.981081
2026-May-12 09:00,1.192,4.02,2.22455160531313,26.6247 /L,1.8951492,67.995243
2026-May-12 12:00,1.213,4.041,2.22431327258748,26.6507 /L,1.894912,68.00946
2026-May-12 15:00,1.236,4.065,2.22407470907701,26.6766 /L,1.8946743,68.023733
2026-May-12 18:00,1.274,4.103,2.22383591376164,26.7026 /L,1.894436,68.038061
2026-May-12 21:00,1.285,4.114,2.22359688563692,26.7285 /L,1.8941971,68.052445
2026-May-13 00:00,1.277,4.107,2.2233576237126,26.7545 /L,1.8939577,68.066883
2026-May-13 03:00,1.286,4.115,2.22311812700079,26.7805 /L,1.8937176,68.081377
2026-May-13 06:00,1.245,4.074,2.22287839453868,26.8065 /L,1.8934769,68.095926
2026-May-13 09:00,1.195,4.025,2.22263842536799,26.8325 /L,1.8932356,68.11053
2026-May-13 12:00,1.214,4.044,2.22239821854705,26.8585 /L,1.8929937,68.125189
2026-May-13 15:00,1.221,4.051,2.22215777315559,26.8845 /L,1.8927512,68.139904
2026-May-13 18:00,1.276,4.107,2.22191708827829,26.9105 /L,1.892508,68.154673
2026-May-13 21:00,1.285,4.116,2.22167616302871,26.9365 /L,1.8922641,68.169497
2026-May-14 00:00,1.279,4.11,2.22143499653163,26.9625 /L,1.8920196,68.184376
2026-May-14 03:00,1.302,4.133,2.2211935879298,26.9886 /L,1.8917745,68.19931
2026-May-14 06:00,1.261,4.092,2.22095193639439,27.0146 /L,1.8915287,68.214299
2026-May-14 09:00,1.213,4.044,2.22071004110517,27.0406 /L,1.8912821,68.229342
2026-May-14 12:00,1.219,4.051,2.22046790127393,27.0667 /L,1.891035,68.24444
2026-May-14 15:00,1.241,4.072,2.2202255161308,27.0927 /L,1.8907871,68.259593
2026-May-14 18:00,1.268,4.1,2.21998288492497,27.1188 /L,1.8905385,68.2748
2026-May-14 21:00,1.303,4.136,2.21974000694006,27.1449 /L,1.8902892,68.290061
2026-May-15 00:00,1.286,4.119,2.21949688147219,27.1710 /L,1.8900393,68.305377
2026-May-15 03:00,1.302,4.134,2.21925350785125,27.1970 /L,1.8897886,68.320747
2026-May-15 06:00,1.275,4.108,2.21900988543225,27.2231 /L,1.8895372,68.336171
2026-May-15 09:00,1.226,4.058,2.21876601358994,27.2492 /L,1.8892851,68.35165
2026-May-15 12:00,1.216,4.049,2.21852189173808,27.2753 /L,1.8890323,68.367182
2026-May-15 15:00,1.229,4.063,2.21827751930687,27.3014 /L,1.8887787,68.382769
2026-May-15 18:00,1.269,4.103,2.21803289576047,27.3276 /L,1.8885245,68.398409
2026-May-15 21:00,1.313,4.147,2.21778802059381,27.3537 /L,1.8882695,68.414103
2026-May-16 00:00,1.315,4.149,2.21754289332125,27.3798 /L,1.8880138,68.42985
2026-May-16 03:00,1.304,4.138,2.21729751349838,27.4060 /L,1.8877574,68.445652
2026-May-16 06:00,1.284,4.119,2.21705188070011,27.4321 /L,1.8875003,68.461506
2026-May-16 09:00,1.249,4.083,2.21680599453335,27.4583 /L,1.8872425,68.477414
2026-May-16 12:00,1.213,4.047,2.21655985463946,27.4844 /L,1.886984,68.493376
2026-May-16 15:00,1.235,4.069,2.21631346067778,27.5106 /L,1.8867247,68.50939
2026-May-16 18:00,1.268,4.103,2.21606681234849,27.5368 /L,1.8864648,68.525458
2026-May-16 21:00,1.302,4.137,2.21581990937286,27.5629 /L,1.8862042,68.541578
2026-May-17 00:00,1.311,4.146,2.21557275150009,27.5891 /L,1.8859428,68.557751
2026-May-17 03:00,1.302,4.138,2.21532533851513,27.6153 /L,1.8856808,68.573977
2026-May-17 06:00,1.3,4.136,2.21507767021804,27.6415 /L,1.8854182,68.590256
2026-May-17 09:00,1.262,4.097,2.21482974644624,27.6677 /L,1.8851548,68.606587
2026-May-17 12:00,1.215,4.051,2.21458156705825,27.6939 /L,1.8848909,68.622971
2026-May-17 15:00,1.236,4.072,2.21433313193418,27.7202 /L,1.8846262,68.639407
2026-May-17 18:00,1.244,4.081,2.21408444098862,27.7464 /L,1.884361,68.655895
2026-May-17 21:00,1.299,4.135,2.21383549414714,27.7726 /L,1.8840951,68.672435
2026-May-18 00:00,1.307,4.144,2.21358629136674,27.7989 /L,1.8838286,68.689027
2026-May-18 03:00,1.303,4.14,2.21333683262411,27.8251 /L,1.8835615,68.705671
2026-May-18 06:00,1.321,4.158,2.21308711790985,27.8514 /L,1.8832938,68.722367
2026-May-18 09:00,1.279,4.116,2.21283714724527,27.8776 /L,1.8830255,68.739115
2026-May-18 12:00,1.23,4.067,2.21258692065793,27.9039 /L,1.8827567,68.755914
2026-May-18 15:00,1.243,4.08,2.21233643819851,27.9302 /L,1.8824873,68.772765
2026-May-18 18:00,1.263,4.101,2.21208569993464,27.9565 /L,1.8822174,68.789667
2026-May-18 21:00,1.299,4.137,2.21183470593917,27.9828 /L,1.881947,68.80662
2026-May-19 00:00,1.319,4.158,2.21158345631005,28.0091 /L,1.8816761,68.823625
2026-May-19 03:00,1.307,4.146,2.21133195114661,28.0354 /L,1.8814046,68.84068
2026-May-19 06:00,1.332,4.17,2.21108019056193,28.0617 /L,1.8811327,68.857787
2026-May-19 09:00,1.297,4.136,2.21082817468278,28.0880 /L,1.8808604,68.874945
2026-May-19 12:00,1.247,4.086,2.21057590363271,28.1143 /L,1.8805876,68.892153
2026-May-19 15:00,1.248,4.087,2.21032337755374,28.1406 /L,1.8803144,68.909413
2026-May-19 18:00,1.261,4.1,2.21007059658482,28.1670 /L,1.8800407,68.926723
2026-May-19 21:00,1.297,4.136,2.20981756086894,28.1933 /L,1.8797667,68.944084
2026-May-20 00:00,1.343,4.183,2.20956427055908,28.2197 /L,1.8794923,68.961495
2026-May-20 03:00,1.333,4.173,2.20931072579742,28.2460 /L,1.8792175,68.978957
2026-May-20 06:00,1.331,4.172,2.20905692673744,28.2724 /L,1.8789423,68.99647
2026-May-20 09:00,1.31,4.15,2.20880287352614,28.2988 /L,1.8786668,69.014033
2026-May-20 12:00,1.268,4.109,2.20854856630562,28.3252 /L,1.878391,69.031646
2026-May-20 15:00,1.243,4.084,2.20829400522461,28.3515 /L,1.8781149,69.04931
2026-May-20 18:00,1.264,4.105,2.20803919041528,28.3779 /L,1.8778384,69.067023
2026-May-20 21:00,1.301,4.142,2.20778412201406,28.4043 /L,1.8775617,69.084787
2026-May-21 00:00,1.339,4.18,2.20752880014893,28.4307 /L,1.8772847,69.102602
2026-May-21 03:00,1.345,4.187,2.207273224935,28.4572 /L,1.8770075,69.120466
2026-May-21 06:00,1.336,4.178,2.20701739649095,28.4836 /L,1.87673,69.13838
2026-May-21 09:00,1.323,4.165,2.20676131491487,28.5100 /L,1.8764523,69.156344
2026-May-21 12:00,1.288,4.13,2.20650498030258,28.5364 /L,1.8761744,69.174359
2026-May-21 15:00,1.246,4.088,2.20624839274077,28.5629 /L,1.8758962,69.192423
2026-May-21 18:00,1.267,4.11,2.20599155229703,28.5893 /L,1.8756179,69.210537
2026-May-21 21:00,1.288,4.131,2.20573445904007,28.6158 /L,1.8753394,69.228701
2026-May-22 00:00,1.329,4.172,2.20547711301619,28.6423 /L,1.8750607,69.246915
2026-May-22 03:00,1.341,4.184,2.2052195142637,28.6687 /L,1.8747818,69.265179
2026-May-22 06:00,1.334,4.178,2.20496166281221,28.6952 /L,1.8745028,69.283492
2026-May-22 09:00,1.345,4.189,2.2047035586677,28.7217 /L,1.8742236,69.301855
2026-May-22 12:00,1.304,4.148,2.20444520183488,28.7482 /L,1.8739443,69.320268
2026-May-22 15:00,1.254,4.098,2.20418659229598,28.7747 /L,1.8736649,69.338731
2026-May-22 18:00,1.274,4.118,2.20392773002016,28.8012 /L,1.8733854,69.357243
2026-May-22 21:00,1.283,4.128,2.20366861496916,28.8277 /L,1.8731057,69.375805
2026-May-23 00:00,1.336,4.181,2.2034092470783,28.8542 /L,1.872826,69.394416
2026-May-23 03:00,1.346,4.191,2.20314962627966,28.8807 /L,1.8725461,69.413077
2026-May-23 06:00,1.34,4.185,2.20288975248441,28.9073 /L,1.8722662,69.431788
2026-May-23 09:00,1.364,4.209,2.2026296255865,28.9338 /L,1.8719862,69.450548
2026-May-23 12:00,1.324,4.17,2.20236924547416,28.9604 /L,1.8717061,69.469357
2026-May-23 15:00,1.277,4.123,2.20210861200787,28.9869 /L,1.871426,69.488217
2026-May-23 18:00,1.282,4.128,2.2018477250427,29.0135 /L,1.8711458,69.507125
2026-May-23 21:00,1.302,4.148,2.20158658441532,29.0401 /L,1.8708655,69.526083
2026-May-24 00:00,1.331,4.177,2.20132518994174,29.0666 /L,1.8705852,69.545091
2026-May-24 03:00,1.37,4.216,2.20106354143383,29.0932 /L,1.8703048,69.564148
2026-May-24 06:00,1.353,4.2,2.20080163867597,29.1198 /L,1.8700244,69.583254
2026-May-24 09:00,1.366,4.213,2.20053948144496,29.1464 /L,1.869744,69.602409
2026-May-24 12:00,1.341,4.188,2.20027706950255,29.1730 /L,1.8694635,69.621614
2026-May-24 15:00,1.293,4.14,2.20001440258733,29.1996 /L,1.8691831,69.640869
2026-May-24 18:00,1.282,4.129,2.19975148043499,29.2263 /L,1.8689026,69.660172
2026-May-24 21:00,1.297,4.144,2.19948830275511,29.2529 /L,1.868622,69.679525
2026-May-25 00:00,1.336,4.184,2.19922486924709,29.2795 /L,1.8683415,69.698927
2026-May-25 03:00,1.379,4.228,2.1989611795988,29.3062 /L,1.868061,69.718379
2026-May-25 06:00,1.383,4.232,2.19869723347309,29.3328 /L,1.8677804,69.737879
2026-May-25 09:00,1.372,4.221,2.19843303053055,29.3595 /L,1.8674998,69.757429
2026-May-25 12:00,1.354,4.202,2.198168570408,29.3862 /L,1.8672193,69.777028
2026-May-25 15:00,1.319,4.168,2.19790385272958,29.4128 /L,1.8669387,69.796676
2026-May-25 18:00,1.282,4.131,2.1976388771115,29.4395 /L,1.8666582,69.816373
2026-May-25 21:00,1.304,4.153,2.19737364314403,29.4662 /L,1.8663776,69.83612
2026-May-26 00:00,1.336,4.186,2.19710815041511,29.4929 /L,1.8660971,69.855915
2026-May-26 03:00,1.371,4.22,2.19684239849193,29.5196 /L,1.8658165,69.87576
2026-May-26 06:00,1.381,4.231,2.19657638692628,29.5463 /L,1.865536,69.895653
2026-May-26 09:00,1.372,4.222,2.19631011526503,29.5730 /L,1.8652555,69.915596
2026-May-26 12:00,1.372,4.223,2.1960435830289,29.5998 /L,1.864975,69.935587
2026-May-26 15:00,1.334,4.184,2.19577678973542,29.6265 /L,1.8646945,69.955628
2026-May-26 18:00,1.287,4.137,2.19550973488491,29.6533 /L,1.864414,69.975717
2026-May-26 21:00,1.308,4.159,2.19524241795984,29.6800 /L,1.8641336,69.995856
2026-May-27 00:00,1.315,4.166,2.19497483844038,29.7068 /L,1.8638532,70.016043
2026-May-27 03:00,1.371,4.223,2.1947069957813,29.7335 /L,1.8635727,70.036279
2026-May-27 06:00,1.379,4.231,2.19443888943267,29.7603 /L,1.8632924,70.056565
2026-May-27 09:00,1.376,4.228,2.19417051883108,29.7871 /L,1.863012,70.076898
2026-May-27 12:00,1.394,4.246,2.19390188339291,29.8139 /L,1.8627316,70.097281
2026-May-27 15:00,1.351,4.204,2.19363298253397,29.8407 /L,1.8624513,70.117713
2026-May-27 18:00,1.302,4.155,2.19336381564604,29.8675 /L,1.862171,70.138193
2026-May-27 21:00,1.313,4.166,2.19309438211404,29.8943 /L,1.8618907,70.158722
2026-May-28 00:00,1.334,4.187,2.19282468131327,29.9212 /L,1.8616105,70.1793
2026-May-28 03:00,1.367,4.22,2.19255471259707,29.9480 /L,1.8613302,70.199926
2026-May-28 06:00,1.389,4.242,2.1922844753192,29.9749 /L,1.86105,70.220601
2026-May-28 09:00,1.375,4.229,2.1920139688118,30.0017 /L,1.8607698,70.241325
2026-May-28 12:00,1.397,4.251,2.19174319239757,30.0286 /L,1.8604897,70.262097
2026-May-28 15:00,1.364,4.218,2.1914721453932,30.0554 /L,1.8602095,70.282918
2026-May-28 18:00,1.313,4.167,2.19120082709217,30.0823 /L,1.8599294,70.303787
2026-May-28 21:00,1.311,4.165,2.19092923678838,30.1092 /L,1.8596493,70.324705
2026-May-29 00:00,1.323,4.177,2.19065737375688,30.1361 /L,1.8593692,70.345671
2026-May-29 03:00,1.359,4.214,2.19038523726057,30.1630 /L,1.8590891,70.366686
2026-May-29 06:00,1.405,4.26,2.19011282655956,30.1899 /L,1.8588091,70.38775
2026-May-29 09:00,1.396,4.251,2.18984014089039,30.2168 /L,1.858529,70.408861
2026-May-29 12:00,1.391,4.247,2.18956717948939,30.2438 /L,1.858249,70.430021
2026-May-29 15:00,1.369,4.225,2.18929394157753,30.2707 /L,1.857969,70.45123
2026-May-29 18:00,1.327,4.183,2.18902042636099,30.2977 /L,1.857689,70.472487
2026-May-29 21:00,1.3,4.156,2.18874663304578,30.3246 /L,1.857409,70.493792
2026-May-30 00:00,1.319,4.176,2.18847256081471,30.3516 /L,1.857129,70.515145
2026-May-30 03:00,1.355,4.212,2.18819820884887,30.3786 /L,1.8568491,70.536547
2026-May-30 06:00,1.391,4.248,2.18792357631759,30.4055 /L,1.8565691,70.557996
2026-May-30 09:00,1.397,4.254,2.18764866237299,30.4325 /L,1.8562891,70.579494
2026-May-30 12:00,1.387,4.244,2.18737346616896,30.4595 /L,1.8560092,70.60104
2026-May-30 15:00,1.375,4.232,2.18709798683761,30.4866 /L,1.8557292,70.622635
2026-May-30 18:00,1.338,4.196,2.18682222350734,30.5136 /L,1.8554493,70.644277
2026-May-30 21:00,1.294,4.152,2.18654617529875,30.5406 /L,1.8551693,70.665967
2026-May-31 00:00,1.314,4.172,2.18626984131337,30.5676 /L,1.8548894,70.687706
2026-May-31 03:00,1.332,4.19,2.18599322065562,30.5947 /L,1.8546094,70.709492
2026-May-31 06:00,1.374,4.232,2.18571631241023,30.6218 /L,1.8543294,70.731326
2026-May-31 09:00,1.384,4.243,2.18543911565573,30.6488 /L,1.8540494,70.753209
2026-May-31 12:00,1.377,4.236,2.18516162946646,30.6759 /L,1.8537694,70.775139
2026-May-31 15:00,1.388,4.247,2.18488385289639,30.7030 /L,1.8534894,70.797117
2026-May-31 18:00,1.345,4.205,2.18460578500274,30.7301 /L,1.8532093,70.819142
2026-May-31 21:00,1.294,4.154,2.18432742482597,30.7572 /L,1.8529293,70.841216
2026-Jun-01 00:00,1.312,4.171,2.18404877139776,30.7843 /L,1.8526492,70.863337
2026-Jun-01 03:00,1.322,4.182,2.18376982374911,30.8114 /L,1.852369,70.885507
2026-Jun-01 06:00,1.371,4.231,2.18349058089026,30.8386 /L,1.8520889,70.907723
2026-Jun-01 09:00,1.381,4.242,2.1832110418342,30.8657 /L,1.8518087,70.929988
2026-Jun-01 12:00,1.373,4.233,2.1829312055805,30.8929 /L,1.8515285,70.9523
2026-Jun-01 15:00,1.396,4.257,2.18265107111728,30.9200 /L,1.8512482,70.97466
2026-Jun-01 18:00,1.355,4.217,2.18237063743477,30.9472 /L,1.8509679,70.997067
2026-Jun-01 21:00,1.307,4.168,2.18208990350271,30.9744 /L,1.8506875,71.019522
2026-Jun-02 00:00,1.31,4.171,2.18180886829242,31.0016 /L,1.8504071,71.042024
2026-Jun-02 03:00,1.327,4.189,2.18152753076557,31.0288 /L,1.8501266,71.064574
2026-Jun-02 06:00,1.355,4.217,2.18124588987011,31.0560 /L,1.8498461,71.087171
2026-Jun-02 09:00,1.394,4.257,2.1809639445584,31.0832 /L,1.8495655,71.109815
2026-Jun-02 12:00,1.377,4.24,2.18068169376353,31.1105 /L,1.8492849,71.132507
2026-Jun-02 15:00,1.387,4.249,2.18039913641835,31.1377 /L,1.8490041,71.155246
2026-Jun-02 18:00,1.36,4.223,2.18011627144991,31.1650 /L,1.8487234,71.178033
2026-Jun-02 21:00,1.312,4.175,2.17983309776945,31.1922 /L,1.8484425,71.200866
2026-Jun-03 00:00,1.297,4.161,2.17954961429393,31.2195 /L,1.8481615,71.223747
2026-Jun-03 03:00,1.312,4.175,2.17926581992298,31.2468 /L,1.8478805,71.246675
2026-Jun-03 06:00,1.35,4.213,2.17898171355364,31.2741 /L,1.8475994,71.269651
2026-Jun-03 09:00,1.39,4.254,2.178697294081,31.3014 /L,1.8473182,71.292673
2026-Jun-03 12:00,1.393,4.257,2.17841256038302,31.3287 /L,1.8470368,71.315742
2026-Jun-03 15:00,1.381,4.245,2.17812751134401,31.3560 /L,1.8467554,71.338858
2026-Jun-03 18:00,1.362,4.226,2.17784214583367,31.3834 /L,1.8464739,71.362022
2026-Jun-03 21:00,1.326,4.191,2.17755646271655,31.4107 /L,1.8461923,71.385232
2026-Jun-04 00:00,1.286,4.151,2.17727046085866,31.4381 /L,1.8459105,71.408489
2026-Jun-04 03:00,1.306,4.172,2.17698413910811,31.4655 /L,1.8456286,71.431793
2026-Jun-04 06:00,1.336,4.202,2.17669749631889,31.4928 /L,1.8453467,71.455144
2026-Jun-04 09:00,1.369,4.235,2.17641053133365,31.5202 /L,1.8450645,71.478541
2026-Jun-04 12:00,1.378,4.244,2.17612324298711,31.5476 /L,1.8447823,71.501985
2026-Jun-04 15:00,1.368,4.235,2.17583563011852,31.5751 /L,1.8444999,71.525476
2026-Jun-04 18:00,1.368,4.235,2.17554769154938,31.6025 /L,1.8442174,71.549014
2026-Jun-04 21:00,1.328,4.195,2.17525942610607,31.6299 /L,1.8439347,71.572598
2026-Jun-05 00:00,1.279,4.146,2.17497083260736,31.6574 /L,1.8436519,71.596229
2026-Jun-05 03:00,1.298,4.166,2.17468190986158,31.6848 /L,1.8433689,71.619906
2026-Jun-05 06:00,1.303,4.17,2.1743926566839,31.7123 /L,1.8430857,71.64363
2026-Jun-05 09:00,1.359,4.226,2.17410307187261,31.7398 /L,1.8428024,71.6674
2026-Jun-05 12:00,1.365,4.233,2.17381315422907,31.7673 /L,1.8425189,71.691216
2026-Jun-05 15:00,1.36,4.228,2.17352290255077,31.7948 /L,1.8422352,71.715079
2026-Jun-05 18:00,1.378,4.246,2.17323231562273,31.8223 /L,1.8419514,71.738989
2026-Jun-05 21:00,1.335,4.203,2.17294139223837,31.8498 /L,1.8416673,71.762944
2026-Jun-06 00:00,1.285,4.153,2.17265013117623,31.8773 /L,1.8413831,71.786946
2026-Jun-06 03:00,1.294,4.163,2.17235853121578,31.9049 /L,1.8410986,71.810994
2026-Jun-06 06:00,1.315,4.184,2.1720665911367,31.9324 /L,1.840814,71.835088
2026-Jun-06 09:00,1.345,4.214,2.17177430970473,31.9600 /L,1.8405291,71.859228
2026-Jun-06 12:00,1.368,4.238,2.1714816856949,31.9876 /L,1.840244,71.883414
2026-Jun-06 15:00,1.353,4.223,2.17118871787,32.0152 /L,1.8399587,71.907646
2026-Jun-06 18:00,1.374,4.244,2.17089540499131,32.0428 /L,1.8396731,71.931924
2026-Jun-06 21:00,1.341,4.211,2.17060174582413,32.0704 /L,1.8393873,71.956248
2026-Jun-07 00:00,1.289,4.159,2.17030773911915,32.0980 /L,1.8391013,71.980617
2026-Jun-07 03:00,1.285,4.156,2.17001338363671,32.1257 /L,1.838815,72.005033
2026-Jun-07 06:00,1.296,4.167,2.16971867812848,32.1533 /L,1.8385285,72.029494
2026-Jun-07 09:00,1.332,4.204,2.16942362134257,32.1810 /L,1.8382416,72.054001
2026-Jun-07 12:00,1.378,4.249,2.16912821203481,32.2087 /L,1.8379545,72.078554
2026-Jun-07 15:00,1.369,4.241,2.168832448947,32.2364 /L,1.8376672,72.103152
2026-Jun-07 18:00,1.362,4.234,2.16853633083028,32.2641 /L,1.8373795,72.127796
2026-Jun-07 21:00,1.34,4.212,2.16823985643142,32.2918 /L,1.8370915,72.152485
2026-Jun-08 00:00,1.298,4.171,2.16794302449178,32.3195 /L,1.8368033,72.17722
2026-Jun-08 03:00,1.268,4.141,2.16764583376374,32.3472 /L,1.8365147,72.202
2026-Jun-08 06:00,1.288,4.161,2.16734828298744,32.3750 /L,1.8362258,72.226825
2026-Jun-08 09:00,1.323,4.196,2.16705037091179,32.4027 /L,1.8359365,72.251695
2026-Jun-08 12:00,1.357,4.231,2.16675209628647,32.4305 /L,1.835647,72.276611
2026-Jun-08 15:00,1.363,4.237,2.16645345785488,32.4583 /L,1.835357,72.301572
2026-Jun-08 18:00,1.352,4.226,2.16615445437464,32.4861 /L,1.8350668,72.326578
2026-Jun-08 21:00,1.341,4.215,2.16585508459433,32.5139 /L,1.8347761,72.351629
2026-Jun-09 00:00,1.303,4.177,2.16555534727072,32.5417 /L,1.8344851,72.376725
2026-Jun-09 03:00,1.258,4.132,2.16525524116689,32.5696 /L,1.8341937,72.401866
2026-Jun-09 06:00,1.277,4.152,2.1649547650397,32.5974 /L,1.8339019,72.427051
2026-Jun-09 09:00,1.293,4.168,2.16465391766306,32.6253 /L,1.8336097,72.452282
2026-Jun-09 12:00,1.335,4.211,2.16435269780627,32.6531 /L,1.8333171,72.477557
2026-Jun-09 15:00,1.345,4.22,2.16405110424657,32.6810 /L,1.8330241,72.502877
2026-Jun-09 18:00,1.338,4.214,2.16374913577365,32.7089 /L,1.8327307,72.528241
2026-Jun-09 21:00,1.349,4.225,2.16344679117252,32.7368 /L,1.8324368,72.553649
2026-Jun-10 00:00,1.305,4.182,2.16314406924804,32.7648 /L,1.8321424,72.579102
2026-Jun-10 03:00,1.254,4.13,2.16284096880635,32.7927 /L,1.8318476,72.6046
2026-Jun-10 06:00,1.27,4.147,2.16253748866175,32.8206 /L,1.8315524,72.630141
2026-Jun-10 09:00,1.281,4.158,2.16223362764724,32.8486 /L,1.8312566,72.655727
2026-Jun-10 12:00,1.328,4.205,2.16192938459392,32.8766 /L,1.8309604,72.681357
2026-Jun-10 15:00,1.338,4.216,2.16162475835527,32.9046 /L,1.8306637,72.707031
2026-Jun-10 18:00,1.329,4.207,2.1613197477929,32.9326 /L,1.8303664,72.732748
2026-Jun-10 21:00,1.352,4.23,2.16101435177749,32.9606 /L,1.8300687,72.75851
2026-Jun-11 00:00,1.311,4.19,2.16070856920479,32.9886 /L,1.8297704,72.784315
2026-Jun-11 03:00,1.262,4.14,2.16040239897308,33.0166 /L,1.8294716,72.810163
2026-Jun-11 06:00,1.264,4.142,2.16009584000538,33.0447 /L,1.8291722,72.836055
2026-Jun-11 09:00,1.28,4.159,2.15978889124065,33.0727 /L,1.8288723,72.861991
2026-Jun-11 12:00,1.308,4.187,2.1594815516285,33.1008 /L,1.8285718,72.88797
2026-Jun-11 15:00,1.348,4.228,2.15917382014948,33.1289 /L,1.8282708,72.913992
2026-Jun-11 18:00,1.331,4.211,2.15886569579199,33.1570 /L,1.8279691,72.940057
2026-Jun-11 21:00,1.338,4.218,2.15855717757108,33.1851 /L,1.8276669,72.966165
2026-Jun-12 00:00,1.312,4.192,2.15824826452557,33.2132 /L,1.8273641,72.992316
2026-Jun-12 03:00,1.264,4.144,2.15793895570706,33.2414 /L,1.8270607,73.018509
2026-Jun-12 06:00,1.248,4.128,2.1576292502032,33.2695 /L,1.8267566,73.044745
2026-Jun-12 09:00,1.262,4.143,2.15731914711567,33.2977 /L,1.826452,73.071024
2026-Jun-12 12:00,1.3,4.181,2.15700864557422,33.3259 /L,1.8261467,73.097345
2026-Jun-12 15:00,1.339,4.221,2.15669774473978,33.3541 /L,1.8258408,73.123708
2026-Jun-12 18:00,1.342,4.224,2.1563864437884,33.3823 /L,1.8255343,73.150113
2026-Jun-12 21:00,1.33,4.212,2.15607474193572,33.4105 /L,1.8252271,73.17656
2026-Jun-13 00:00,1.311,4.193,2.15576263841739,33.4387 /L,1.8249193,73.203049
2026-Jun-13 03:00,1.276,4.159,2.15545013249727,33.4670 /L,1.8246108,73.229579
2026-Jun-13 06:00,1.236,4.119,2.15513722347646,33.4952 /L,1.8243017,73.256151
2026-Jun-13 09:00,1.257,4.14,2.15482391067309,33.5235 /L,1.823992,73.282765
2026-Jun-13 12:00,1.287,4.17,2.15451019344647,33.5518 /L,1.8236816,73.309419
2026-Jun-13 15:00,1.32,4.204,2.15419607118132,33.5801 /L,1.8233705,73.336115
2026-Jun-13 18:00,1.33,4.214,2.1538815432894,33.6084 /L,1.8230588,73.362852
2026-Jun-13 21:00,1.321,4.205,2.15356660922376,33.6367 /L,1.8227465,73.389629
2026-Jun-14 00:00,1.323,4.207,2.15325126845558,33.6651 /L,1.8224335,73.416447
2026-Jun-14 03:00,1.282,4.167,2.1529355204962,33.6934 /L,1.8221198,73.443306
2026-Jun-14 06:00,1.234,4.118,2.15261936488596,33.7218 /L,1.8218056,73.470205
2026-Jun-14 09:00,1.254,4.139,2.15230280118924,33.7501 /L,1.8214906,73.497144
2026-Jun-14 12:00,1.258,4.143,2.15198582901281,33.7785 /L,1.8211751,73.524123
2026-Jun-14 15:00,1.315,4.201,2.1516684479814,33.8069 /L,1.8208589,73.551142
2026-Jun-14 18:00,1.322,4.208,2.15135065775621,33.8354 /L,1.8205421,73.578201
2026-Jun-14 21:00,1.318,4.204,2.15103245802909,33.8638 /L,1.8202247,73.605299
2026-Jun-15 00:00,1.337,4.223,2.15071384851137,33.8922 /L,1.8199067,73.632437
2026-Jun-15 03:00,1.295,4.182,2.15039482895498,33.9207 /L,1.8195881,73.659614
2026-Jun-15 06:00,1.246,4.133,2.15007539912827,33.9492 /L,1.8192689,73.68683
2026-Jun-15 09:00,1.255,4.143,2.14975555882961,33.9776 /L,1.8189491,73.714086
2026-Jun-15 12:00,1.277,4.165,2.14943530788738,34.0061 /L,1.8186288,73.74138
2026-Jun-15 15:00,1.307,4.195,2.1491146461431,34.0347 /L,1.8183079,73.768713
2026-Jun-15 18:00,1.333,4.221,2.14879357347408,34.0632 /L,1.8179865,73.796085
2026-Jun-15 21:00,1.318,4.206,2.14847208977135,34.0917 /L,1.8176646,73.823495
2026-Jun-16 00:00,1.339,4.227,2.14815019494742,34.1203 /L,1.8173421,73.850943
2026-Jun-16 03:00,1.308,4.196,2.14782788894229,34.1488 /L,1.8170191,73.87843
2026-Jun-16 06:00,1.256,4.145,2.1475051717021,34.1774 /L,1.8166957,73.905954
2026-Jun-16 09:00,1.253,4.142,2.14718204320187,34.2060 /L,1.8163718,73.933517
2026-Jun-16 12:00,1.265,4.154,2.14685850342684,34.2346 /L,1.8160474,73.961117
2026-Jun-16 15:00,1.302,4.192,2.14653455237401,34.2632 /L,1.8157226,73.988756
2026-Jun-16 18:00,1.348,4.238,2.14621019006354,34.2918 /L,1.8153973,74.016432
2026-Jun-16 21:00,1.342,4.232,2.14588541651465,34.3205 /L,1.8150716,74.044145
2026-Jun-17 00:00,1.336,4.226,2.14556023176678,34.3491 /L,1.8147456,74.071896
2026-Jun-17 03:00,1.314,4.205,2.14523463586593,34.3778 /L,1.8144191,74.099684
2026-Jun-17 06:00,1.274,4.165,2.14490862885996,34.4065 /L,1.8140923,74.12751
2026-Jun-17 09:00,1.245,4.136,2.14458221081497,34.4352 /L,1.8137651,74.155373
2026-Jun-17 12:00,1.265,4.157,2.14425538178981,34.4639 /L,1.8134376,74.183272
2026-Jun-17 15:00,1.301,4.193,2.14392814185466,34.4926 /L,1.8131098,74.211209
2026-Jun-17 18:00,1.336,4.228,2.14360049108304,34.5213 /L,1.8127817,74.239182
2026-Jun-17 21:00,1.343,4.236,2.14327242954112,34.5501 /L,1.8124532,74.267193
2026-Jun-18 00:00,1.333,4.226,2.14294395730793,34.5789 /L,1.8121245,74.29524
2026-Jun-18 03:00,1.324,4.217,2.14261507445034,34.6076 /L,1.8117956,74.323324
2026-Jun-18 06:00,1.287,4.18,2.14228578103763,34.6364 /L,1.8114664,74.351444
2026-Jun-18 09:00,1.243,4.136,2.14195607713991,34.6652 /L,1.8111369,74.379601
2026-Jun-18 12:00,1.264,4.157,2.14162596281244,34.6940 /L,1.8108073,74.407794
2026-Jun-18 15:00,1.279,4.173,2.14129543811816,34.7229 /L,1.8104774,74.436023
2026-Jun-18 18:00,1.324,4.218,2.14096450310498,34.7517 /L,1.8101474,74.464289
2026-Jun-18 21:00,1.335,4.229,2.14063315781534,34.7806 /L,1.8098171,74.492591
2026-Jun-19 00:00,1.329,4.224,2.1403014022911,34.8094 /L,1.8094867,74.520929
2026-Jun-19 03:00,1.342,4.237,2.13996923655353,34.8383 /L,1.8091562,74.549304
2026-Jun-19 06:00,1.3,4.195,2.13963666062677,34.8672 /L,1.8088255,74.577714
2026-Jun-19 09:00,1.249,4.145,2.13930367451881,34.8961 /L,1.8084947,74.606161
2026-Jun-19 12:00,1.266,4.162,2.1389702782253,34.9250 /L,1.8081637,74.634643
2026-Jun-19 15:00,1.28,4.176,2.13863647174061,34.9540 /L,1.8078327,74.663161
2026-Jun-19 18:00,1.327,4.223,2.138302255035,34.9829 /L,1.8075016,74.691715
2026-Jun-19 21:00,1.339,4.236,2.13796762807742,35.0119 /L,1.8071703,74.720305
2026-Jun-20 00:00,1.33,4.227,2.13763259082136,35.0408 /L,1.806839,74.74893
2026-Jun-20 03:00,1.355,4.252,2.1372971432027,35.0698 /L,1.8065076,74.777592
2026-Jun-20 06:00,1.316,4.213,2.13696128515602,35.0988 /L,1.8061762,74.806288
2026-Jun-20 09:00,1.267,4.165,2.13662501659024,35.1278 /L,1.8058447,74.835021
2026-Jun-20 12:00,1.27,4.169,2.1362883374091,35.1569 /L,1.8055132,74.863789
2026-Jun-20 15:00,1.288,4.186,2.13595124750276,35.1859 /L,1.8051816,74.892592
2026-Jun-20 18:00,1.317,4.216,2.13561374673968,35.2150 /L,1.80485,74.921431
2026-Jun-20 21:00,1.359,4.258,2.13527583498708,35.2440 /L,1.8045184,74.950305
2026-Jun-21 00:00,1.344,4.244,2.13493751208688,35.2731 /L,1.8041868,74.979214
2026-Jun-21 03:00,1.352,4.251,2.13459877787234,35.3022 /L,1.8038552,75.008159
2026-Jun-21 06:00,1.327,4.227,2.13425963216609,35.3313 /L,1.8035235,75.037139
2026-Jun-21 09:00,1.281,4.181,2.13392007476644,35.3604 /L,1.8031919,75.066154
2026-Jun-21 12:00,1.265,4.166,2.13358010547061,35.3896 /L,1.8028603,75.095204
2026-Jun-21 15:00,1.282,4.182,2.13323972405221,35.4187 /L,1.8025287,75.124289
2026-Jun-21 18:00,1.32,4.221,2.13289893027295,35.4479 /L,1.8021971,75.15341
2026-Jun-21 21:00,1.361,4.263,2.13255772388699,35.4771 /L,1.8018655,75.182565
2026-Jun-22 00:00,1.366,4.267,2.13221610462267,35.5063 /L,1.801534,75.211755
2026-Jun-22 03:00,1.355,4.257,2.13187407220681,35.5355 /L,1.8012025,75.24098
2026-Jun-22 06:00,1.337,4.239,2.13153162634543,35.5647 /L,1.8008711,75.27024
2026-Jun-22 09:00,1.303,4.205,2.13118876672982,35.5939 /L,1.8005396,75.299534
2026-Jun-22 12:00,1.263,4.166,2.13084549304689,35.6231 /L,1.8002083,75.328864
2026-Jun-22 15:00,1.285,4.188,2.13050180495745,35.6524 /L,1.799877,75.358227
2026-Jun-22 18:00,1.315,4.218,2.13015770212002,35.6817 /L,1.7995457,75.387626
2026-Jun-22 21:00,1.349,4.253,2.12981318417584,35.7110 /L,1.7992145,75.417059
2026-Jun-23 00:00,1.36,4.263,2.12946825074872,35.7403 /L,1.7988833,75.446526
2026-Jun-23 03:00,1.351,4.255,2.12912290146066,35.7696 /L,1.7985522,75.476028
2026-Jun-23 06:00,1.354,4.259,2.12877713590813,35.7989 /L,1.7982212,75.505564
2026-Jun-23 09:00,1.314,4.219,2.12843095368374,35.8282 /L,1.7978902,75.535135
2026-Jun-23 12:00,1.266,4.171,2.12808435436672,35.8576 /L,1.7975593,75.56474
2026-Jun-23 15:00,1.287,4.192,2.12773733751663,35.8870 /L,1.7972285,75.594379
2026-Jun-23 18:00,1.292,4.197,2.12738990269325,35.9163 /L,1.7968977,75.624052
2026-Jun-23 21:00,1.35,4.255,2.12704204943248,35.9457 /L,1.7965671,75.653759
2026-Jun-24 00:00,1.357,4.263,2.12669377726428,35.9751 /L,1.7962364,75.6835
2026-Jun-24 03:00,1.353,4.26,2.12634508570929,36.0046 /L,1.7959059,75.713275
2026-Jun-24 06:00,1.373,4.28,2.1259959742665,36.0340 /L,1.7955754,75.743084
2026-Jun-24 09:00,1.332,4.239,2.12564644243617,36.0635 /L,1.7952451,75.772927
2026-Jun-24 12:00,1.283,4.191,2.12529648969683,36.0929 /L,1.7949148,75.802804
2026-Jun-24 15:00,1.293,4.201,2.12494611551842,36.1224 /L,1.7945846,75.832714
2026-Jun-24 18:00,1.316,4.224,2.12459531936531,36.1519 /L,1.7942544,75.862658
2026-Jun-24 21:00,1.346,4.254,2.12424410067896,36.1814 /L,1.7939244,75.892636
2026-Jun-25 00:00,1.373,4.281,2.12389245890231,36.2109 /L,1.7935944,75.922647
2026-Jun-25 03:00,1.358,4.267,2.12354039345949,36.2405 /L,1.7932645,75.952692
2026-Jun-25 06:00,1.38,4.289,2.12318790376336,36.2700 /L,1.7929347,75.98277
2026-Jun-25 09:00,1.349,4.258,2.12283498922432,36.2996 /L,1.792605,76.012881
2026-Jun-25 12:00,1.298,4.208,2.12248164922932,36.3292 /L,1.7922754,76.043026
2026-Jun-25 15:00,1.295,4.205,2.12212788316584,36.3587 /L,1.7919459,76.073204
2026-Jun-25 18:00,1.307,4.218,2.12177369040575,36.3884 /L,1.7916164,76.103415
2026-Jun-25 21:00,1.346,4.256,2.12141907030662,36.4180 /L,1.7912871,76.133659
2026-Jun-26 00:00,1.392,4.303,2.12106402222611,36.4476 /L,1.7909578,76.163936
2026-Jun-26 03:00,1.387,4.298,2.12070854549864,36.4773 /L,1.7906286,76.194246
2026-Jun-26 06:00,1.381,4.292,2.1203526394575,36.5069 /L,1.7902995,76.224589
2026-Jun-26 09:00,1.36,4.271,2.11999630342402,36.5366 /L,1.7899706,76.254965
2026-Jun-26 12:00,1.32,4.232,2.11963953670249,36.5663 /L,1.7896416,76.285373
2026-Jun-26 15:00,1.291,4.203,2.11928233859915,36.5960 /L,1.7893128,76.315815
2026-Jun-26 18:00,1.312,4.225,2.11892470839775,36.6257 /L,1.7889841,76.346288
2026-Jun-26 21:00,1.348,4.261,2.11856664537857,36.6555 /L,1.7886554,76.376795
2026-Jun-27 00:00,1.384,4.297,2.11820814881333,36.6852 /L,1.7883269,76.407334
2026-Jun-27 03:00,1.392,4.305,2.11784921795426,36.7150 /L,1.7879984,76.437905
2026-Jun-27 06:00,1.382,4.296,2.11748985205633,36.7448 /L,1.78767,76.468509
2026-Jun-27 09:00,1.373,4.288,2.1171300503538,36.7746 /L,1.7873417,76.499145
2026-Jun-27 12:00,1.337,4.251,2.11676981207458,36.8044 /L,1.7870135,76.529813
2026-Jun-27 15:00,1.293,4.208,2.1164091364416,36.8342 /L,1.7866854,76.560513
2026-Jun-27 18:00,1.314,4.229,2.11604802265647,36.8641 /L,1.7863573,76.591246
2026-Jun-27 21:00,1.33,4.245,2.11568646992363,36.8939 /L,1.7860294,76.62201
2026-Jun-28 00:00,1.375,4.291,2.1153244774291,36.9238 /L,1.7857015,76.652807
2026-Jun-28 03:00,1.386,4.302,2.1149620443494,36.9537 /L,1.7853737,76.683635
2026-Jun-28 06:00,1.381,4.298,2.11459916985894,36.9836 /L,1.785046,76.714495
2026-Jun-28 09:00,1.395,4.311,2.11423585310975,37.0135 /L,1.7847183,76.745387
2026-Jun-28 12:00,1.353,4.27,2.11387209325572,37.0434 /L,1.7843908,76.77631
2026-Jun-28 15:00,1.303,4.22,2.11350788943534,37.0734 /L,1.7840633,76.807265
2026-Jun-28 18:00,1.32,4.238,2.11314324077447,37.1033 /L,1.7837359,76.838252
2026-Jun-28 21:00,1.334,4.252,2.11277814639957,37.1333 /L,1.7834085,76.86927
2026-Jun-29 00:00,1.381,4.299,2.11241260541455,37.1633 /L,1.7830813,76.900319
2026-Jun-29 03:00,1.394,4.312,2.11204661692363,37.1933 /L,1.7827541,76.9314
2026-Jun-29 06:00,1.385,4.304,2.11168018001898,37.2234 /L,1.7824269,76.962512
2026-Jun-29 09:00,1.41,4.329,2.11131329377716,37.2534 /L,1.7820998,76.993655
2026-Jun-29 12:00,1.372,4.291,2.11094595727714,37.2834 /L,1.7817728,77.024829
2026-Jun-29 15:00,1.323,4.243,2.11057816957599,37.3135 /L,1.7814459,77.056034
2026-Jun-29 18:00,1.327,4.247,2.11020992972879,37.3436 /L,1.781119,77.087271
2026-Jun-29 21:00,1.344,4.264,2.10984123678223,37.3737 /L,1.7807921,77.118538
2026-Jun-30 00:00,1.373,4.294,2.10947208976499,37.4038 /L,1.7804653,77.149835
2026-Jun-30 03:00,1.415,4.336,2.10910248770945,37.4340 /L,1.7801386,77.181164
2026-Jun-30 06:00,1.4,4.321,2.10873242962778,37.4641 /L,1.7798119,77.212523
2026-Jun-30 09:00,1.407,4.328,2.10836191452762,37.4943 /L,1.7794852,77.243913
2026-Jun-30 12:00,1.382,4.304,2.10799094141179,37.5245 /L,1.7791586,77.275333
2026-Jun-30 15:00,1.335,4.257,2.10761950926327,37.5547 /L,1.778832,77.306784
2026-Jun-30 18:00,1.319,4.241,2.10724761706903,37.5849 /L,1.7785055,77.338265
2026-Jun-30 21:00,1.335,4.258,2.10687526379827,37.6151 /L,1.778179,77.369776
2026-Jul-01 00:00,1.373,4.296,2.10650244841267,37.6453 /L,1.7778525,77.401318
2026-Jul-01 03:00,1.414,4.337,2.10612916987259,37.6756 /L,1.777526,77.432889
2026-Jul-01 06:00,1.418,4.341,2.10575542711763,37.7059 /L,1.7771996,77.464491
2026-Jul-01 09:00,1.406,4.33,2.10538121909116,37.7362 /L,1.7768731,77.496122
2026-Jul-01 12:00,1.388,4.312,2.10500654472193,37.7665 /L,1.7765467,77.527784
2026-Jul-01 15:00,1.353,4.278,2.10463140292846,37.7968 /L,1.7762203,77.559475
2026-Jul-01 18:00,1.313,4.238,2.10425579263099,37.8271 /L,1.7758939,77.591196
2026-Jul-01 21:00,1.334,4.259,2.10387971272885,37.8575 /L,1.7755674,77.622947
2026-Jul-02 00:00,1.363,4.289,2.103503162124,37.8879 /L,1.775241,77.654727
2026-Jul-02 03:00,1.397,4.323,2.10312613970736,37.9183 /L,1.7749146,77.686537
2026-Jul-02 06:00,1.407,4.333,2.10274864435696,37.9487 /L,1.7745881,77.718376
2026-Jul-02 09:00,1.398,4.325,2.10237067495504,37.9791 /L,1.7742616,77.750244
2026-Jul-02 12:00,1.4,4.327,2.10199223036392,38.0095 /L,1.7739351,77.782142
2026-Jul-02 15:00,1.36,4.287,2.10161330944685,38.0400 /L,1.7736086,77.814069
2026-Jul-02 18:00,1.311,4.239,2.10123391106028,38.0705 /L,1.7732821,77.846024
2026-Jul-02 21:00,1.331,4.259,2.10085403404556,38.1010 /L,1.7729554,77.878009
2026-Jul-03 00:00,1.335,4.264,2.10047367725008,38.1315 /L,1.7726288,77.910023
2026-Jul-03 03:00,1.393,4.321,2.10009283950311,38.1620 /L,1.7723021,77.942066
2026-Jul-03 06:00,1.4,4.329,2.09971151963266,38.1925 /L,1.7719753,77.974137
2026-Jul-03 09:00,1.395,4.324,2.09932971646387,38.2231 /L,1.7716485,78.006237
2026-Jul-03 12:00,1.414,4.344,2.09894742880526,38.2537 /L,1.7713216,78.038365
2026-Jul-03 15:00,1.372,4.302,2.09856465547238,38.2842 /L,1.7709946,78.070522
2026-Jul-03 18:00,1.323,4.253,2.09818139526546,38.3149 /L,1.7706676,78.102708
2026-Jul-03 21:00,1.332,4.263,2.09779764698116,38.3455 /L,1.7703404,78.134922
2026-Jul-04 00:00,1.354,4.285,2.09741340941737,38.3761 /L,1.7700132,78.167163
2026-Jul-04 03:00,1.383,4.315,2.09702868135469,38.4068 /L,1.7696858,78.199433
2026-Jul-04 06:00,1.409,4.341,2.09664346158107,38.4375 /L,1.7693584,78.231732
2026-Jul-04 09:00,1.394,4.326,2.09625774887254,38.4681 /L,1.7690308,78.264057
2026-Jul-04 12:00,1.414,4.347,2.09587154199915,38.4989 /L,1.7687031,78.296411
2026-Jul-04 15:00,1.383,4.316,2.09548483973572,38.5296 /L,1.7683753,78.328793
2026-Jul-04 18:00,1.331,4.264,2.09509764083995,38.5603 /L,1.7680474,78.361202
2026-Jul-04 21:00,1.327,4.261,2.09470994407646,38.5911 /L,1.7677193,78.393639
2026-Jul-05 00:00,1.339,4.272,2.0943217482022,38.6219 /L,1.767391,78.426103
2026-Jul-05 03:00,1.376,4.31,2.093933051966,38.6527 /L,1.7670626,78.458595
2026-Jul-05 06:00,1.422,4.356,2.09354385412484,38.6835 /L,1.7667341,78.491114
2026-Jul-05 09:00,1.415,4.35,2.09315415341991,38.7143 /L,1.7664053,78.52366
2026-Jul-05 12:00,1.409,4.343,2.09276394859844,38.7452 /L,1.7660764,78.556233
2026-Jul-05 15:00,1.387,4.322,2.09237323840451,38.7760 /L,1.7657473,78.588833
2026-Jul-05 18:00,1.346,4.282,2.09198202157247,38.8069 /L,1.765418,78.62146
2026-Jul-05 21:00,1.316,4.252,2.09159029684738,38.8378 /L,1.7650885,78.654114
2026-Jul-06 00:00,1.336,4.273,2.09119806296081,38.8687 /L,1.7647587,78.686795
2026-Jul-06 03:00,1.372,4.308,2.09080531864916,38.8997 /L,1.7644288,78.719502
2026-Jul-06 06:00,1.406,4.343,2.09041206265063,38.9306 /L,1.7640986,78.752235
2026-Jul-06 09:00,1.413,4.35,2.09001829369295,38.9616 /L,1.7637681,78.784995
2026-Jul-06 12:00,1.403,4.34,2.08962401051685,38.9926 /L,1.7634375,78.817781
2026-Jul-06 15:00,1.393,4.331,2.08922921185319,39.0236 /L,1.7631065,78.850594
2026-Jul-06 18:00,1.355,4.293,2.08883389643635,39.0546 /L,1.7627753,78.883432
2026-Jul-06 21:00,1.31,4.249,2.08843806300762,39.0857 /L,1.7624438,78.916296
2026-Jul-07 00:00,1.331,4.27,2.08804171029802,39.1168 /L,1.762112,78.949186
2026-Jul-07 03:00,1.345,4.285,2.08764483705312,39.1478 /L,1.76178,78.982102
2026-Jul-07 06:00,1.39,4.329,2.08724744201318,39.1789 /L,1.7614476,79.015043
2026-Jul-07 09:00,1.4,4.34,2.08684952392088,39.2101 /L,1.7611149,79.04801
2026-Jul-07 12:00,1.394,4.334,2.08645108153109,39.2412 /L,1.7607818,79.081002
2026-Jul-07 15:00,1.406,4.346,2.08605211358992,39.2723 /L,1.7604485,79.114019
2026-Jul-07 18:00,1.363,4.304,2.08565261885948,39.3035 /L,1.7601147,79.147061
2026-Jul-07 21:00,1.312,4.253,2.08525259610229,39.3347 /L,1.7597807,79.180129
2026-Jul-08 00:00,1.328,4.27,2.08485204408283,39.3659 /L,1.7594462,79.213221
2026-Jul-08 03:00,1.341,4.283,2.08445096158283,39.3972 /L,1.7591114,79.246337
2026-Jul-08 06:00,1.387,4.33,2.08404934737808,39.4284 /L,1.7587762,79.279479
2026-Jul-08 09:00,1.399,4.341,2.08364720026138,39.4597 /L,1.7584405,79.312645
2026-Jul-08 12:00,1.389,4.332,2.08324451903236,39.4909 /L,1.7581045,79.345835
2026-Jul-08 15:00,1.413,4.356,2.08284130249286,39.5223 /L,1.7577681,79.379049
2026-Jul-08 18:00,1.373,4.317,2.08243754946693,39.5536 /L,1.7574312,79.412287
2026-Jul-08 21:00,1.324,4.268,2.08203325877702,39.5849 /L,1.7570938,79.445549
2026-Jul-09 00:00,1.326,4.271,2.08162842926372,39.6163 /L,1.756756,79.478835
2026-Jul-09 03:00,1.343,4.288,2.08122305978165,39.6477 /L,1.7564178,79.512144
2026-Jul-09 06:00,1.372,4.317,2.08081714918893,39.6791 /L,1.756079,79.545477
2026-Jul-09 09:00,1.413,4.358,2.08041069637045,39.7105 /L,1.7557398,79.578833
2026-Jul-09 12:00,1.397,4.342,2.08000370021505,39.7419 /L,1.7554001,79.612212
2026-Jul-09 15:00,1.403,4.35,2.07959615963055,39.7734 /L,1.7550599,79.645614
2026-Jul-09 18:00,1.378,4.325,2.07918807354616,39.8048 /L,1.7547191,79.679039
2026-Jul-09 21:00,1.33,4.277,2.07877944089679,39.8363 /L,1.7543779,79.712487
2026-Jul-10 00:00,1.314,4.261,2.07837026064817,39.8678 /L,1.7540361,79.745957
2026-Jul-10 03:00,1.329,4.277,2.07796053177661,39.8994 /L,1.7536937,79.779449
2026-Jul-10 06:00,1.367,4.315,2.07755025327848,39.9309 /L,1.7533508,79.812964
2026-Jul-10 09:00,1.408,4.356,2.07713942417884,39.9625 /L,1.7530073,79.8465
2026-Jul-10 12:00,1.411,4.36,2.0767280435116,39.9941 /L,1.7526633,79.880058
2026-Jul-10 15:00,1.399,4.348,2.07631611034474,40.0257 /L,1.7523186,79.913638
2026-Jul-10 18:00,1.38,4.33,2.07590362376372,40.0573 /L,1.7519734,79.947239
2026-Jul-10 21:00,1.345,4.295,2.07549058287485,40.0889 /L,1.7516276,79.980862
2026-Jul-11 00:00,1.304,4.255,2.07507698681952,40.1206 /L,1.7512812,80.014505
2026-Jul-11 03:00,1.325,4.275,2.0746628347515,40.1523 /L,1.7509342,80.04817
2026-Jul-11 06:00,1.354,4.305,2.07424812586063,40.1840 /L,1.7505865,80.081855
2026-Jul-11 09:00,1.387,4.339,2.0738328593613,40.2157 /L,1.7502383,80.115561
2026-Jul-11 12:00,1.397,4.348,2.0734170344892,40.2475 /L,1.7498894,80.149287
2026-Jul-11 15:00,1.387,4.339,2.07300065052019,40.2792 /L,1.7495398,80.183033
2026-Jul-11 18:00,1.389,4.341,2.07258370674632,40.3110 /L,1.7491897,80.216799
2026-Jul-11 21:00,1.348,4.301,2.07216620249605,40.3428 /L,1.7488389,80.250585
2026-Jul-12 00:00,1.299,4.252,2.07174813712838,40.3746 /L,1.7484875,80.28439
2026-Jul-12 03:00,1.318,4.272,2.07132951002317,40.4065 /L,1.7481354,80.318215
2026-Jul-12 06:00,1.322,4.276,2.07091032060338,40.4383 /L,1.7477827,80.352059
2026-Jul-12 09:00,1.379,4.333,2.07049056831116,40.4702 /L,1.7474293,80.385922
2026-Jul-12 12:00,1.385,4.34,2.07007025262359,40.5021 /L,1.7470753,80.419803
2026-Jul-12 15:00,1.38,4.335,2.06964937305274,40.5340 /L,1.7467207,80.453704
2026-Jul-12 18:00,1.399,4.354,2.06922792913025,40.5659 /L,1.7463654,80.487623
2026-Jul-12 21:00,1.356,4.312,2.06880592043133,40.5979 /L,1.7460095,80.52156
2026-Jul-13 00:00,1.307,4.263,2.06838334655254,40.6299 /L,1.745653,80.555515
2026-Jul-13 03:00,1.316,4.272,2.06796020712167,40.6619 /L,1.7452959,80.589488
2026-Jul-13 06:00,1.337,4.294,2.06753650180369,40.6939 /L,1.7449381,80.623478
2026-Jul-13 09:00,1.366,4.324,2.0671122302804,40.7259 /L,1.7445797,80.657487
2026-Jul-13 12:00,1.391,4.349,2.06668739227465,40.7580 /L,1.7442207,80.691512
2026-Jul-13 15:00,1.376,4.334,2.06626198753127,40.7900 /L,1.7438611,80.725555
2026-Jul-13 18:00,1.396,4.354,2.06583601582056,40.8221 /L,1.7435009,80.759614
2026-Jul-13 21:00,1.364,4.323,2.06540947694974,40.8542 /L,1.7431401,80.793691
2026-Jul-14 00:00,1.312,4.271,2.06498237073929,40.8864 /L,1.7427788,80.827784
2026-Jul-14 03:00,1.308,4.267,2.06455469704554,40.9185 /L,1.7424168,80.861893
2026-Jul-14 06:00,1.319,4.279,2.06412645574615,40.9507 /L,1.7420544,80.896019
2026-Jul-14 09:00,1.356,4.316,2.06369764673679,40.9829 /L,1.7416914,80.930161
2026-Jul-14 12:00,1.401,4.362,2.06326826994737,41.0151 /L,1.7413278,80.964319
2026-Jul-14 15:00,1.394,4.355,2.06283832531635,41.0473 /L,1.7409638,80.998493
2026-Jul-14 18:00,1.387,4.348,2.06240781281051,41.0796 /L,1.7405992,81.032683
2026-Jul-14 21:00,1.365,4.326,2.06197673241587,41.1118 /L,1.7402342,81.066888
2026-Jul-15 00:00,1.324,4.286,2.06154508412803,41.1441 /L,1.7398686,81.101109
2026-Jul-15 03:00,1.294,4.256,2.06111286797209,41.1764 /L,1.7395026,81.135345
2026-Jul-15 06:00,1.313,4.276,2.0606800839771,41.2087 /L,1.7391362,81.169596
2026-Jul-15 09:00,1.349,4.312,2.06024673219147,41.2411 /L,1.7387693,81.203862
2026-Jul-15 12:00,1.383,4.347,2.05981281268008,41.2734 /L,1.738402,81.238143
2026-Jul-15 15:00,1.389,4.353,2.05937832550883,41.3058 /L,1.7380343,81.272438
2026-Jul-15 18:00,1.379,4.343,2.058943270767,41.3382 /L,1.7376662,81.306749
2026-Jul-15 21:00,1.368,4.333,2.05850764854329,41.3707 /L,1.7372977,81.341074
2026-Jul-16 00:00,1.33,4.295,2.05807145893607,41.4031 /L,1.7369288,81.375413
2026-Jul-16 03:00,1.285,4.251,2.05763470205695,41.4356 /L,1.7365596,81.409767
2026-Jul-16 06:00,1.305,4.271,2.05719737801067,41.4680 /L,1.7361901,81.444135
2026-Jul-16 09:00,1.32,4.287,2.05675948691857,41.5005 /L,1.7358203,81.478517
2026-Jul-16 12:00,1.364,4.33,2.05632102889798,41.5331 /L,1.7354501,81.512913
2026-Jul-16 15:00,1.373,4.341,2.05588200406675,41.5656 /L,1.7350797,81.547323
2026-Jul-16 18:00,1.367,4.334,2.0554424125529,41.5982 /L,1.734709,81.581747
2026-Jul-16 21:00,1.378,4.346,2.05500225447117,41.6307 /L,1.734338,81.616185
2026-Jul-17 00:00,1.335,4.303,2.05456152994599,41.6633 /L,1.7339668,81.650636
2026-Jul-17 03:00,1.284,4.253,2.0541202390955,41.6960 /L,1.7335953,81.685101
2026-Jul-17 06:00,1.3,4.27,2.05367838202994,41.7286 /L,1.7332236,81.71958
2026-Jul-17 09:00,1.312,4.282,2.05323595886683,41.7612 /L,1.7328517,81.754071
2026-Jul-17 12:00,1.36,4.329,2.05279296970593,41.7939 /L,1.7324797,81.788576
2026-Jul-17 15:00,1.37,4.341,2.05234941465013,41.8266 /L,1.7321074,81.823095
2026-Jul-17 18:00,1.361,4.332,2.05190529379531,41.8593 /L,1.731735,81.857626
2026-Jul-17 21:00,1.385,4.356,2.0514606072227,41.8921 /L,1.7313624,81.892171
2026-Jul-18 00:00,1.345,4.317,2.05101535501854,41.9248 /L,1.7309896,81.926728
2026-Jul-18 03:00,1.296,4.268,2.05056953724888,41.9576 /L,1.7306168,81.961299
2026-Jul-18 06:00,1.299,4.271,2.05012315397695,41.9904 /L,1.7302437,81.995882
2026-Jul-18 09:00,1.316,4.288,2.04967620525934,42.0232 /L,1.7298706,82.030478
2026-Jul-18 12:00,1.344,4.317,2.04922869113274,42.0560 /L,1.7294974,82.065087
2026-Jul-18 15:00,1.385,4.358,2.0487806116368,42.0889 /L,1.7291241,82.099708
2026-Jul-18 18:00,1.368,4.342,2.04833196679042,42.1217 /L,1.7287507,82.134342
2026-Jul-18 21:00,1.376,4.351,2.04788275660453,42.1546 /L,1.7283772,82.168988
2026-Jul-19 00:00,1.351,4.325,2.04743298108489,42.1875 /L,1.7280036,82.203647
2026-Jul-19 03:00,1.302,4.278,2.0469826402141,42.2205 /L,1.72763,82.238318
2026-Jul-19 06:00,1.287,4.263,2.04653173397592,42.2534 /L,1.7272564,82.273001
2026-Jul-19 09:00,1.302,4.278,2.04608026233466,42.2864 /L,1.7268826,82.307697
2026-Jul-19 12:00,1.34,4.317,2.0456282252422,42.3194 /L,1.7265089,82.342404
2026-Jul-19 15:00,1.381,4.358,2.0451756226471,42.3524 /L,1.7261351,82.377124
2026-Jul-19 18:00,1.384,4.362,2.04472245447298,42.3854 /L,1.7257613,82.411855
2026-Jul-19 21:00,1.373,4.35,2.04426872064265,42.4185 /L,1.7253874,82.446599
2026-Jul-20 00:00,1.354,4.332,2.04381442106195,42.4515 /L,1.7250136,82.481354
2026-Jul-20 03:00,1.318,4.297,2.04335955562067,42.4846 /L,1.7246397,82.516121
2026-Jul-20 06:00,1.278,4.257,2.0429041242074,42.5177 /L,1.7242658,82.550899
2026-Jul-20 09:00,1.299,4.278,2.04244812668559,42.5508 /L,1.723892,82.585689
2026-Jul-20 12:00,1.329,4.309,2.04199156291604,42.5840 /L,1.7235181,82.620491
2026-Jul-20 15:00,1.362,4.342,2.04153443274592,42.6171 /L,1.7231443,82.655303
2026-Jul-20 18:00,1.372,4.352,2.04107673600351,42.6503 /L,1.7227704,82.690128
2026-Jul-20 21:00,1.362,4.343,2.04061847251751,42.6835 /L,1.7223966,82.724963
2026-Jul-21 00:00,1.363,4.344,2.04015964209251,42.7168 /L,1.7220228,82.75981
2026-Jul-21 03:00,1.323,4.304,2.03970024452797,42.7500 /L,1.721649,82.794667
2026-Jul-21 06:00,1.274,4.256,2.03924027961356,42.7833 /L,1.7212753,82.829536
2026-Jul-21 09:00,1.294,4.276,2.03877974711789,42.8165 /L,1.7209016,82.864415
2026-Jul-21 12:00,1.298,4.281,2.03831864681123,42.8498 /L,1.7205279,82.899306
2026-Jul-21 15:00,1.355,4.338,2.03785697844189,42.8832 /L,1.7201543,82.934207
2026-Jul-21 18:00,1.361,4.345,2.03739474175059,42.9165 /L,1.7197806,82.969118
2026-Jul-21 21:00,1.357,4.341,2.03693193647217,42.9499 /L,1.7194071,83.004041
2026-Jul-22 00:00,1.375,4.36,2.03646856231898,42.9833 /L,1.7190336,83.038973
2026-Jul-22 03:00,1.333,4.318,2.03600461900532,43.0167 /L,1.7186601,83.073917
2026-Jul-22 06:00,1.283,4.269,2.03554010622631,43.0501 /L,1.7182867,83.10887
2026-Jul-22 09:00,1.293,4.279,2.03507502366664,43.0835 /L,1.7179133,83.143834
2026-Jul-22 12:00,1.314,4.3,2.03460937100855,43.1170 /L,1.71754,83.178808
2026-Jul-22 15:00,1.345,4.331,2.03414314791115,43.1505 /L,1.7171668,83.213791
2026-Jul-22 18:00,1.368,4.356,2.03367635403505,43.1840 /L,1.7167936,83.248785
2026-Jul-22 21:00,1.354,4.341,2.03320898902514,43.2175 /L,1.7164204,83.283789
2026-Jul-23 00:00,1.375,4.363,2.03274105251315,43.2510 /L,1.7160473,83.318803
2026-Jul-23 03:00,1.343,4.331,2.03227254413127,43.2846 /L,1.7156743,83.353826
2026-Jul-23 06:00,1.291,4.28,2.0318034634887,43.3182 /L,1.7153014,83.388859
2026-Jul-23 09:00,1.288,4.277,2.03133381019468,43.3518 /L,1.7149285,83.423901
2026-Jul-23 12:00,1.299,4.289,2.03086358384625,43.3854 /L,1.7145557,83.458953
2026-Jul-23 15:00,1.336,4.326,2.03039278402449,43.4190 /L,1.7141829,83.494014
2026-Jul-23 18:00,1.382,4.372,2.0299214103129,43.4527 /L,1.7138102,83.529084
2026-Jul-23 21:00,1.374,4.365,2.02944946227281,43.4864 /L,1.7134376,83.564164
2026-Jul-24 00:00,1.368,4.359,2.0289769394635,43.5201 /L,1.713065,83.599252
2026-Jul-24 03:00,1.346,4.337,2.02850384143575,43.5538 /L,1.7126925,83.63435
2026-Jul-24 06:00,1.304,4.297,2.02803016772198,43.5875 /L,1.7123201,83.669456
2026-Jul-24 09:00,1.276,4.268,2.02755591785821,43.6213 /L,1.7119478,83.704572
2026-Jul-24 12:00,1.296,4.289,2.02708109135985,43.6551 /L,1.7115755,83.739696
2026-Jul-24 15:00,1.331,4.325,2.02660568773727,43.6889 /L,1.7112033,83.774828
2026-Jul-24 18:00,1.366,4.36,2.02612970649579,43.7227 /L,1.7108312,83.809969
2026-Jul-24 21:00,1.373,4.367,2.02565314712017,43.7566 /L,1.7104592,83.845119
2026-Jul-25 00:00,1.362,4.357,2.02517600909876,43.7904 /L,1.7100872,83.880277
2026-Jul-25 03:00,1.351,4.346,2.02469829190145,43.8243 /L,1.7097153,83.915443
2026-Jul-25 06:00,1.314,4.31,2.02421999498985,43.8582 /L,1.7093435,83.950617
2026-Jul-25 09:00,1.27,4.266,2.02374111782358,43.8921 /L,1.7089717,83.9858
2026-Jul-25 12:00,1.29,4.287,2.02326165984039,43.9261 /L,1.7086001,84.02099
2026-Jul-25 15:00,1.307,4.304,2.02278162048073,43.9601 /L,1.7082285,84.056188
2026-Jul-25 18:00,1.349,4.347,2.0223009991692,43.9940 /L,1.7078569,84.091394
2026-Jul-25 21:00,1.36,4.358,2.02181979531866,44.0281 /L,1.7074855,84.126608
2026-Jul-26 00:00,1.353,4.351,2.02133800834223,44.0621 /L,1.7071141,84.161829
2026-Jul-26 03:00,1.364,4.363,2.02085563763036,44.0961 /L,1.7067429,84.197058
2026-Jul-26 06:00,1.321,4.321,2.02037268257427,44.1302 /L,1.7063716,84.232294
2026-Jul-26 09:00,1.27,4.27,2.01988914255234,44.1643 /L,1.7060005,84.267538
2026-Jul-26 12:00,1.288,4.288,2.01940501692773,44.1984 /L,1.7056294,84.302788
2026-Jul-26 15:00,1.299,4.299,2.01892030506568,44.2325 /L,1.7052585,84.338046
2026-Jul-26 18:00,1.347,4.349,2.01843500630891,44.2667 /L,1.7048875,84.373311
2026-Jul-26 21:00,1.358,4.359,2.01794911999842,44.3009 /L,1.7045167,84.408583
2026-Jul-27 00:00,1.35,4.351,2.01746264546546,44.3351 /L,1.7041459,84.443862
2026-Jul-27 03:00,1.373,4.375,2.01697558202302,44.3693 /L,1.7037752,84.479147
2026-Jul-27 06:00,1.333,4.335,2.01648792898688,44.4035 /L,1.7034046,84.514439
2026-Jul-27 09:00,1.284,4.287,2.01599968565116,44.4378 /L,1.7030341,84.549738
2026-Jul-27 12:00,1.287,4.291,2.015510851305,44.4721 /L,1.7026636,84.585043
2026-Jul-27 15:00,1.305,4.309,2.01502142523097,44.5064 /L,1.7022931,84.620354
2026-Jul-27 18:00,1.333,4.338,2.01453140669083,44.5407 /L,1.7019228,84.655672
2026-Jul-27 21:00,1.372,4.378,2.01404079494927,44.5750 /L,1.7015525,84.690996
2026-Jul-28 00:00,1.355,4.361,2.01354958925115,44.6094 /L,1.7011823,84.726326
2026-Jul-28 03:00,1.365,4.371,2.01305778883298,44.6438 /L,1.7008121,84.761662
2026-Jul-28 06:00,1.339,4.346,2.01256539292774,44.6782 /L,1.700442,84.797004
2026-Jul-28 09:00,1.291,4.298,2.01207240074579,44.7126 /L,1.7000719,84.832352
2026-Jul-28 12:00,1.277,4.284,2.0115788114996,44.7471 /L,1.6997019,84.867705
2026-Jul-28 15:00,1.291,4.299,2.01108462438416,44.7816 /L,1.699332,84.903064
2026-Jul-28 18:00,1.33,4.338,2.01058983858266,44.8161 /L,1.698962,84.938429
2026-Jul-28 21:00,1.371,4.38,2.01009445327728,44.8506 /L,1.6985922,84.973799
2026-Jul-29 00:00,1.374,4.383,2.00959846762688,44.8851 /L,1.6982224,85.009174
2026-Jul-29 03:00,1.362,4.372,2.00910188079096,44.9197 /L,1.6978526,85.044555
2026-Jul-29 06:00,1.343,4.353,2.00860469191485,44.9542 /L,1.6974828,85.079941
2026-Jul-29 09:00,1.307,4.318,2.00810690012887,44.9889 /L,1.6971131,85.115331
2026-Jul-29 12:00,1.268,4.279,2.00760850456462,45.0235 /L,1.6967434,85.150727
2026-Jul-29 15:00,1.289,4.301,2.00710950433054,45.0581 /L,1.6963738,85.186127
2026-Jul-29 18:00,1.32,4.332,2.00660989853368,45.0928 /L,1.6960041,85.221533
2026-Jul-29 21:00,1.353,4.366,2.00610968627037,45.1275 /L,1.6956345,85.256942
2026-Jul-30 00:00,1.362,4.375,2.00560886661917,45.1622 /L,1.6952649,85.292357
2026-Jul-30 03:00,1.353,4.366,2.00510743866148,45.1969 /L,1.6948953,85.327775
2026-Jul-30 06:00,1.353,4.367,2.00460540145691,45.2317 /L,1.6945257,85.363198
2026-Jul-30 09:00,1.313,4.327,2.00410275406136,45.2665 /L,1.6941561,85.398626
2026-Jul-30 12:00,1.264,4.279,2.0035994955239,45.3013 /L,1.6937865,85.434057
2026-Jul-30 15:00,1.285,4.3,2.00309562487409,45.3361 /L,1.6934168,85.469492
2026-Jul-30 18:00,1.29,4.306,2.00259114114525,45.3709 /L,1.6930472,85.504932
2026-Jul-30 21:00,1.346,4.362,2.00208604335132,45.4058 /L,1.6926775,85.540375
2026-Jul-31 00:00,1.352,4.369,2.00158033049992,45.4407 /L,1.6923078,85.575822
2026-Jul-31 03:00,1.348,4.365,2.00107400159568,45.4756 /L,1.6919381,85.611272
2026-Jul-31 06:00,1.366,4.384,2.00056705562254,45.5105 /L,1.6915683,85.646726
2026-Jul-31 09:00,1.323,4.341,2.00005949156858,45.5455 /L,1.6911985,85.682183
2026-Jul-31 12:00,1.274,4.292,1.9995513084058,45.5805 /L,1.6908286,85.717644
2026-Jul-31 15:00,1.284,4.303,1.99904250509744,45.6155 /L,1.6904587,85.753107
2026-Jul-31 18:00,1.305,4.324,1.99853308060767,45.6505 /L,1.6900886,85.788574
2026-Jul-31 21:00,1.337,4.357,1.99802303388005,45.6855 /L,1.6897186,85.824044
2026-Aug-01 00:00,1.359,4.38,1.99751236386213,45.7206 /L,1.6893484,85.859516
2026-Aug-01 03:00,1.345,4.366,1.99700106948941,45.7557 /L,1.6889781,85.894991
2026-Aug-01 06:00,1.367,4.389,1.99648914968648,45.7908 /L,1.6886078,85.930469
2026-Aug-01 09:00,1.334,4.356,1.99597660338209,45.8259 /L,1.6882373,85.96595
2026-Aug-01 12:00,1.282,4.305,1.99546342948554,45.8611 /L,1.6878667,86.001432
2026-Aug-01 15:00,1.28,4.303,1.99494962690926,45.8963 /L,1.687496,86.036917
2026-Aug-01 18:00,1.292,4.316,1.99443519455831,45.9315 /L,1.6871252,86.072404
2026-Aug-01 21:00,1.328,4.352,1.99392013132526,45.9667 /L,1.6867542,86.107893
2026-Aug-02 00:00,1.374,4.398,1.99340443610993,46.0020 /L,1.686383,86.143384
2026-Aug-02 03:00,1.365,4.39,1.99288810779496,46.0373 /L,1.6860117,86.178877
2026-Aug-02 06:00,1.36,4.386,1.99237114526513,46.0726 /L,1.6856403,86.214371
2026-Aug-02 09:00,1.338,4.364,1.99185354740289,46.1079 /L,1.6852687,86.249867
2026-Aug-02 12:00,1.296,4.322,1.99133531307715,46.1432 /L,1.6848968,86.285365
2026-Aug-02 15:00,1.269,4.295,1.99081644116639,46.1786 /L,1.6845248,86.320863
2026-Aug-02 18:00,1.288,4.316,1.99029693053515,46.2140 /L,1.6841526,86.356363
2026-Aug-02 21:00,1.324,4.352,1.98977678004878,46.2494 /L,1.6837802,86.391864
2026-Aug-03 00:00,1.36,4.389,1.98925598857538,46.2848 /L,1.6834075,86.427365
2026-Aug-03 03:00,1.366,4.395,1.98873455496963,46.3203 /L,1.6830346,86.462868
2026-Aug-03 06:00,1.356,4.385,1.98821247809755,46.3558 /L,1.6826614,86.498371
2026-Aug-03 09:00,1.344,4.373,1.98768975681564,46.3913 /L,1.682288,86.533874
2026-Aug-03 12:00,1.307,4.337,1.98716638998004,46.4268 /L,1.6819144,86.569378
2026-Aug-03 15:00,1.263,4.294,1.98664237645473,46.4624 /L,1.6815404,86.604882
2026-Aug-03 18:00,1.284,4.315,1.98611771509114,46.4980 /L,1.6811662,86.640387
2026-Aug-03 21:00,1.302,4.334,1.9855924047532,46.5336 /L,1.6807916,86.675891
2026-Aug-04 00:00,1.343,4.376,1.98506644430037,46.5692 /L,1.6804168,86.711395
2026-Aug-04 03:00,1.354,4.386,1.98453983259068,46.6048 /L,1.6800416,86.746898
2026-Aug-04 06:00,1.346,4.38,1.98401256849475,46.6405 /L,1.6796661,86.782402
2026-Aug-04 09:00,1.356,4.39,1.98348465087292,46.6762 /L,1.6792903,86.817904
2026-Aug-04 12:00,1.314,4.348,1.98295607859874,46.7119 /L,1.678914,86.853406
2026-Aug-04 15:00,1.262,4.297,1.98242685054722,46.7477 /L,1.6785375,86.888907
2026-Aug-04 18:00,1.28,4.315,1.9818969655915,46.7835 /L,1.6781605,86.924406
2026-Aug-04 21:00,1.289,4.325,1.98136642262184,46.8193 /L,1.6777832,86.959905
2026-Aug-05 00:00,1.34,4.376,1.98083522052132,46.8551 /L,1.6774054,86.995402
2026-Aug-05 03:00,1.349,4.386,1.9803033581866,46.8909 /L,1.6770272,87.030898
2026-Aug-05 06:00,1.341,4.379,1.97977083452193,46.9268 /L,1.6766486,87.066392
2026-Aug-05 09:00,1.364,4.402,1.97923764842993,46.9627 /L,1.6762696,87.101884
2026-Aug-05 12:00,1.323,4.361,1.97870379883409,46.9986 /L,1.6758901,87.137374
2026-Aug-05 15:00,1.274,4.313,1.97816928465542,47.0346 /L,1.6755102,87.172861
2026-Aug-05 18:00,1.277,4.317,1.97763410482855,47.0705 /L,1.6751297,87.208347
2026-Aug-05 21:00,1.296,4.336,1.97709825830245,47.1065 /L,1.6747488,87.24383
2026-Aug-06 00:00,1.323,4.364,1.97656174402562,47.1425 /L,1.6743674,87.27931
2026-Aug-06 03:00,1.361,4.402,1.97602456097082,47.1786 /L,1.6739855,87.314788
2026-Aug-06 06:00,1.343,4.384,1.97548670811375,47.2146 /L,1.6736031,87.350262
2026-Aug-06 09:00,1.355,4.397,1.9749481844438,47.2507 /L,1.6732201,87.385733
2026-Aug-06 12:00,1.328,4.37,1.97440898897111,47.2869 /L,1.6728366,87.421201
2026-Aug-06 15:00,1.278,4.321,1.97386912070739,47.3230 /L,1.6724525,87.456665
2026-Aug-06 18:00,1.266,4.309,1.97332857869132,47.3592 /L,1.6720679,87.492126
2026-Aug-06 21:00,1.279,4.323,1.9727873619708,47.3954 /L,1.6716826,87.527583
2026-Aug-07 00:00,1.318,4.362,1.9722454696078,47.4316 /L,1.6712968,87.563035
2026-Aug-07 03:00,1.359,4.404,1.97170290069134,47.4678 /L,1.6709104,87.598483
2026-Aug-07 06:00,1.361,4.407,1.97115965431512,47.5041 /L,1.6705234,87.633927
2026-Aug-07 09:00,1.349,4.395,1.97061572960185,47.5404 /L,1.6701357,87.669366
2026-Aug-07 12:00,1.329,4.375,1.97007112569026,47.5767 /L,1.6697475,87.704801
2026-Aug-07 15:00,1.292,4.34,1.96952584173352,47.6130 /L,1.6693586,87.74023
2026-Aug-07 18:00,1.254,4.302,1.96897987691713,47.6494 /L,1.668969,87.775654
2026-Aug-07 21:00,1.275,4.323,1.96843323043524,47.6858 /L,1.6685788,87.811073
2026-Aug-08 00:00,1.306,4.354,1.96788590151209,47.7222 /L,1.6681879,87.846486
2026-Aug-08 03:00,1.339,4.388,1.9673378893948,47.7587 /L,1.6677963,87.881893
2026-Aug-08 06:00,1.347,4.397,1.96678919334561,47.7951 /L,1.667404,87.917294
2026-Aug-08 09:00,1.337,4.387,1.96623981266365,47.8316 /L,1.6670111,87.952689
2026-Aug-08 12:00,1.335,4.386,1.96568974666113,47.8681 /L,1.6666175,87.988078
2026-Aug-08 15:00,1.295,4.347,1.96513899468063,47.9047 /L,1.6662231,88.02346
2026-Aug-08 18:00,1.247,4.299,1.964587556094,47.9412 /L,1.665828,88.058835
2026-Aug-08 21:00,1.267,4.319,1.96403543028868,47.9778 /L,1.6654323,88.094203
2026-Aug-09 00:00,1.273,4.326,1.96348261669186,48.0145 /L,1.6650358,88.129564
2026-Aug-09 03:00,1.327,4.38,1.96292911474819,48.0511 /L,1.6646385,88.164918
2026-Aug-09 06:00,1.334,4.388,1.96237492393185,48.0878 /L,1.6642406,88.200264
2026-Aug-09 09:00,1.329,4.383,1.96182004375156,48.1245 /L,1.6638419,88.235603
2026-Aug-09 12:00,1.346,4.401,1.9612644737321,48.1612 /L,1.6634424,88.270933
2026-Aug-09 15:00,1.302,4.358,1.96070821343916,48.1980 /L,1.6630423,88.306256
2026-Aug-09 18:00,1.252,4.308,1.9601512624601,48.2347 /L,1.6626414,88.34157
2026-Aug-09 21:00,1.263,4.32,1.95959362040973,48.2715 /L,1.6622397,88.376875
2026-Aug-10 00:00,1.283,4.34,1.95903528694103,48.3084 /L,1.6618373,88.412172
2026-Aug-10 03:00,1.316,4.374,1.95847626172289,48.3452 /L,1.6614342,88.44746
2026-Aug-10 06:00,1.336,4.395,1.95791654446407,48.3821 /L,1.6610303,88.482739
2026-Aug-10 09:00,1.323,4.381,1.95735613489798,48.4190 /L,1.6606257,88.518009
2026-Aug-10 12:00,1.345,4.405,1.9567950327821,48.4559 /L,1.6602204,88.553269
2026-Aug-10 15:00,1.31,4.37,1.95623323791362,48.4929 /L,1.6598143,88.58852
2026-Aug-10 18:00,1.258,4.319,1.9556707501051,48.5299 /L,1.6594075,88.623761
2026-Aug-10 21:00,1.257,4.318,1.95510756920567,48.5669 /L,1.659,88.658992
2026-Aug-11 00:00,1.269,4.33,1.95454369509127,48.6039 /L,1.6585918,88.694213
2026-Aug-11 03:00,1.303,4.365,1.95397912765715,48.6410 /L,1.6581828,88.729423
2026-Aug-11 06:00,1.348,4.411,1.95341386683764,48.6781 /L,1.6577731,88.764624
2026-Aug-11 09:00,1.337,4.4,1.95284791258092,48.7152 /L,1.6573628,88.799813
2026-Aug-11 12:00,1.334,4.398,1.9522812648663,48.7523 /L,1.6569518,88.834992
2026-Aug-11 15:00,1.311,4.375,1.95171392370023,48.7895 /L,1.65654,88.87016
2026-Aug-11 18:00,1.267,4.332,1.95114588910279,48.8267 /L,1.6561276,88.905317
2026-Aug-11 21:00,1.241,4.307,1.95057716113013,48.8639 /L,1.6557146,88.940463
2026-Aug-12 00:00,1.26,4.326,1.9500077398503,48.9011 /L,1.6553009,88.975598
2026-Aug-12 03:00,1.296,4.363,1.94943762535548,48.9384 /L,1.6548865,89.010721
2026-Aug-12 06:00,1.332,4.4,1.94886681776403,48.9757 /L,1.6544715,89.045833
2026-Aug-12 09:00,1.338,4.405,1.94829531720186,49.0130 /L,1.6540559,89.080933
2026-Aug-12 12:00,1.327,4.395,1.94772312382588,49.0503 /L,1.6536397,89.116021
2026-Aug-12 15:00,1.312,4.381,1.94715023780253,49.0877 /L,1.6532229,89.151098
2026-Aug-12 18:00,1.275,4.345,1.94657665931396,49.1251 /L,1.6528055,89.186162
2026-Aug-12 21:00,1.232,4.302,1.94600238856623,49.1625 /L,1.6523876,89.221214
2026-Aug-13 00:00,1.252,4.323,1.94542742576664,49.2000 /L,1.651969,89.256254
2026-Aug-13 03:00,1.273,4.344,1.94485177114703,49.2375 /L,1.65155,89.291282
2026-Aug-13 06:00,1.311,4.383,1.94427542494639,49.2750 /L,1.6511304,89.326297
2026-Aug-13 09:00,1.321,4.393,1.94369838741091,49.3125 /L,1.6507102,89.361299
2026-Aug-13 12:00,1.313,4.386,1.94312065880748,49.3500 /L,1.6502896,89.396289
2026-Aug-13 15:00,1.322,4.395,1.94254223939887,49.3876 /L,1.6498685,89.431267
2026-Aug-13 18:00,1.279,4.353,1.94196312946489,49.4252 /L,1.6494469,89.466231
2026-Aug-13 21:00,1.228,4.302,1.94138332929048,49.4628 /L,1.6490248,89.501183
2026-Aug-14 00:00,1.246,4.321,1.94080283915919,49.5005 /L,1.6486023,89.536122
2026-Aug-14 03:00,1.253,4.328,1.94022165937158,49.5382 /L,1.6481794,89.571047
2026-Aug-14 06:00,1.305,4.381,1.9396397902195,49.5759 /L,1.647756,89.60596
2026-Aug-14 09:00,1.314,4.39,1.93905723200426,49.6136 /L,1.6473322,89.640859
2026-Aug-14 12:00,1.307,4.384,1.93847398503073,49.6514 /L,1.646908,89.675745
2026-Aug-14 15:00,1.328,4.406,1.93789004959517,49.6892 /L,1.6464834,89.710618
2026-Aug-14 18:00,1.286,4.365,1.93730542600695,49.7270 /L,1.6460584,89.745477
2026-Aug-14 21:00,1.237,4.316,1.93672011456388,49.7648 /L,1.6456331,89.780323
2026-Aug-15 00:00,1.242,4.321,1.93613411556585,49.8027 /L,1.6452074,89.815155
2026-Aug-15 03:00,1.261,4.342,1.93554742931538,49.8406 /L,1.6447814,89.849974
2026-Aug-15 06:00,1.288,4.369,1.93496005610037,49.8785 /L,1.6443551,89.884779
2026-Aug-15 09:00,1.323,4.404,1.93437199621778,49.9164 /L,1.6439284,89.91957
2026-Aug-15 12:00,1.305,4.387,1.93378324995164,49.9544 /L,1.6435014,89.954348
2026-Aug-15 15:00,1.318,4.401,1.93319381758129,49.9924 /L,1.6430742,89.989111
2026-Aug-15 18:00,1.29,4.374,1.93260369938851,50.0304 /L,1.6426466,90.023861
2026-Aug-15 21:00,1.24,4.324,1.93201289563637,50.0685 /L,1.6422188,90.058597
2026-Aug-16 00:00,1.229,4.313,1.93142140659321,50.1065 /L,1.6417907,90.093318
2026-Aug-16 03:00,1.241,4.326,1.93082923251477,50.1446 /L,1.6413624,90.128026
2026-Aug-16 06:00,1.28,4.365,1.93023637364634,50.1828 /L,1.6409338,90.162719
2026-Aug-16 09:00,1.322,4.408,1.92964283023581,50.2209 /L,1.640505,90.197399
2026-Aug-16 12:00,1.323,4.409,1.92904860250986,50.2591 /L,1.6400759,90.232064
2026-Aug-16 15:00,1.311,4.398,1.92845369069665,50.2973 /L,1.6396467,90.266714
2026-Aug-16 18:00,1.29,4.378,1.92785809501319,50.3355 /L,1.6392172,90.30135
2026-Aug-16 21:00,1.253,4.341,1.92726181566141,50.3738 /L,1.6387875,90.335972
2026-Aug-17 00:00,1.216,4.305,1.92666485284616,50.4121 /L,1.6383576,90.370579
2026-Aug-17 03:00,1.236,4.326,1.9260672067505,50.4504 /L,1.6379275,90.405172
2026-Aug-17 06:00,1.268,4.358,1.92546887755555,50.4887 /L,1.6374972,90.43975
2026-Aug-17 09:00,1.301,4.392,1.9248698654338,50.5271 /L,1.6370668,90.474313
2026-Aug-17 12:00,1.309,4.4,1.9242701705392,50.5654 /L,1.6366362,90.508861
2026-Aug-17 15:00,1.298,4.39,1.92366979302883,50.6039 /L,1.6362054,90.543395
2026-Aug-17 18:00,1.294,4.387,1.92306873303873,50.6423 /L,1.6357744,90.577913
2026-Aug-17 21:00,1.255,4.348,1.92246699069948,50.6808 /L,1.6353433,90.612417
2026-Aug-18 00:00,1.207,4.301,1.92186456613596,50.7192 /L,1.634912,90.646906
2026-Aug-18 03:00,1.226,4.321,1.92126145945216,50.7578 /L,1.6344806,90.68138
2026-Aug-18 06:00,1.234,4.329,1.92065767075508,50.7963 /L,1.6340491,90.715838
2026-Aug-18 09:00,1.286,4.382,1.92005320013282,50.8349 /L,1.6336174,90.750281
2026-Aug-18 12:00,1.293,4.389,1.91944804766488,50.8735 /L,1.6331856,90.784709
2026-Aug-18 15:00,1.288,4.385,1.91884221342827,50.9121 /L,1.6327536,90.819122
2026-Aug-18 18:00,1.304,4.401,1.91823569747784,50.9507 /L,1.6323215,90.853519
2026-Aug-18 21:00,1.26,4.358,1.91762849987082,50.9894 /L,1.6318893,90.8879
2026-Aug-19 00:00,1.21,4.308,1.91702062064844,51.0281 /L,1.631457,90.922266
2026-Aug-19 03:00,1.222,4.321,1.9164120598401,51.0668 /L,1.6310245,90.956617
2026-Aug-19 06:00,1.24,4.34,1.91580281747554,51.1056 /L,1.630592,90.990951
2026-Aug-19 09:00,1.276,4.376,1.91519289356203,51.1444 /L,1.6301593,91.02527
2026-Aug-19 12:00,1.293,4.395,1.91458228810803,51.1832 /L,1.6297265,91.059573
2026-Aug-19 15:00,1.28,4.382,1.91397100110951,51.2220 /L,1.6292936,91.093861
2026-Aug-19 18:00,1.304,4.406,1.913359032548,51.2609 /L,1.6288606,91.128132
2026-Aug-19 21:00,1.267,4.37,1.91274638240761,51.2997 /L,1.6284275,91.162387
2026-Aug-20 00:00,1.215,4.319,1.91213305065082,51.3386 /L,1.6279943,91.196626
2026-Aug-20 03:00,1.215,4.319,1.91151903723931,51.3776 /L,1.627561,91.230849
2026-Aug-20 06:00,1.228,4.332,1.91090434212594,51.4165 /L,1.6271276,91.265055
2026-Aug-20 09:00,1.261,4.366,1.91028896524655,51.4555 /L,1.6266941,91.299245
2026-Aug-20 12:00,1.305,4.411,1.90967290654101,51.4946 /L,1.6262605,91.333419
2026-Aug-20 15:00,1.292,4.399,1.90905616592897,51.5336 /L,1.6258269,91.367576
2026-Aug-20 18:00,1.291,4.398,1.90843874332675,51.5727 /L,1.6253931,91.401717
2026-Aug-20 21:00,1.267,4.375,1.90782063864562,51.6118 /L,1.6249592,91.435841
2026-Aug-21 00:00,1.223,4.331,1.90720185177788,51.6509 /L,1.6245253,91.469948
2026-Aug-21 03:00,1.199,4.308,1.90658238262048,51.6900 /L,1.6240913,91.504039
2026-Aug-21 06:00,1.217,4.327,1.90596223105234,51.7292 /L,1.6236572,91.538112
2026-Aug-21 09:00,1.253,4.363,1.90534139694602,51.7684 /L,1.623223,91.572169
2026-Aug-21 12:00,1.29,4.401,1.90471988017226,51.8076 /L,1.6227887,91.606209
2026-Aug-21 15:00,1.295,4.406,1.90409768058128,51.8469 /L,1.6223543,91.640231
2026-Aug-21 18:00,1.284,4.396,1.90347479802734,51.8862 /L,1.6219199,91.674237
2026-Aug-21 21:00,1.268,4.381,1.90285123234924,51.9255 /L,1.6214854,91.708225
2026-Aug-22 00:00,1.231,4.345,1.90222698337611,51.9648 /L,1.6210508,91.742196
2026-Aug-22 03:00,1.188,4.302,1.90160205093801,52.0042 /L,1.6206161,91.77615
2026-Aug-22 06:00,1.208,4.323,1.90097643484373,52.0436 /L,1.6201814,91.810086
2026-Aug-22 09:00,1.231,4.347,1.90035013490467,52.0830 /L,1.6197466,91.844005
2026-Aug-22 12:00,1.268,4.384,1.89972315091973,52.1224 /L,1.6193117,91.877906
2026-Aug-22 15:00,1.278,4.395,1.89909548267472,52.1619 /L,1.6188767,91.911789
2026-Aug-22 18:00,1.269,4.387,1.89846712995821,52.2014 /L,1.6184417,91.945655
2026-Aug-22 21:00,1.276,4.394,1.8978380925372,52.2409 /L,1.6180066,91.979502
2026-Aug-23 00:00,1.234,4.353,1.8972083701788,52.2805 /L,1.6175714,92.013332
2026-Aug-23 03:00,1.183,4.303,1.89657796264054,52.3200 /L,1.6171362,92.047144
2026-Aug-23 06:00,1.202,4.322,1.89594686966362,52.3596 /L,1.6167008,92.080938
2026-Aug-23 09:00,1.207,4.327,1.89531509099289,52.3993 /L,1.6162655,92.114714
2026-Aug-23 12:00,1.262,4.384,1.89468262635234,52.4389 /L,1.61583,92.148472
2026-Aug-23 15:00,1.27,4.392,1.89404947546291,52.4786 /L,1.6153945,92.182211
2026-Aug-23 18:00,1.264,4.386,1.89341563803893,52.5183 /L,1.6149589,92.215932
2026-Aug-23 21:00,1.285,4.408,1.89278111377542,52.5581 /L,1.6145232,92.249635
2026-Aug-24 00:00,1.243,4.367,1.89214590237101,52.5978 /L,1.6140875,92.283319
2026-Aug-24 03:00,1.194,4.318,1.89151000350446,52.6376 /L,1.6136517,92.316985
2026-Aug-24 06:00,1.2,4.325,1.89087341684772,52.6774 /L,1.6132159,92.350632
2026-Aug-24 09:00,1.221,4.347,1.89023614206862,52.7173 /L,1.6127799,92.38426
2026-Aug-24 12:00,1.247,4.374,1.88959817881334,52.7572 /L,1.6123439,92.41787
2026-Aug-24 15:00,1.28,4.407,1.88895952673058,52.7971 /L,1.6119079,92.45146
2026-Aug-24 18:00,1.262,4.39,1.88832018545113,52.8370 /L,1.6114717,92.485032
2026-Aug-24 21:00,1.278,4.406,1.88768015459501,52.8770 /L,1.6110355,92.518585
2026-Aug-25 00:00,1.249,4.378,1.88703943378035,52.9169 /L,1.6105993,92.552119
2026-Aug-25 03:00,1.198,4.328,1.88639802260199,52.9570 /L,1.6101629,92.585634
2026-Aug-25 06:00,1.19,4.32,1.88575592065531,52.9970 /L,1.6097265,92.619129
2026-Aug-25 09:00,1.201,4.332,1.88511312751996,53.0371 /L,1.60929,92.652605
2026-Aug-25 12:00,1.24,4.372,1.88446964276076,53.0772 /L,1.6088534,92.686062
2026-Aug-25 15:00,1.283,4.416,1.88382546594222,53.1173 /L,1.6084168,92.7195
2026-Aug-25 18:00,1.282,4.415,1.88318059660463,53.1574 /L,1.6079801,92.752918
2026-Aug-25 21:00,1.272,4.405,1.88253503428638,53.1976 /L,1.6075433,92.786316
2026-Aug-26 00:00,1.25,4.385,1.88188877851282,53.2378 /L,1.6071064,92.819695
2026-Aug-26 03:00,1.212,4.347,1.88124182879096,53.2781 /L,1.6066694,92.853054
2026-Aug-26 06:00,1.178,4.313,1.88059418462851,53.3183 /L,1.6062324,92.886394
2026-Aug-26 09:00,1.198,4.335,1.87994584550922,53.3586 /L,1.6057952,92.919713
2026-Aug-26 12:00,1.231,4.368,1.87929681091178,53.3989 /L,1.605358,92.953013
2026-Aug-26 15:00,1.265,4.402,1.87864708030472,53.4393 /L,1.6049206,92.986292
2026-Aug-26 18:00,1.272,4.411,1.8779966531351,53.4797 /L,1.6044832,93.019552
2026-Aug-26 21:00,1.262,4.401,1.87734552885101,53.5201 /L,1.6040457,93.052791
2026-Aug-27 00:00,1.256,4.396,1.87669370687779,53.5605 /L,1.603608,93.08601
2026-Aug-27 03:00,1.217,4.358,1.87604118663246,53.6009 /L,1.6031703,93.119209
2026-Aug-27 06:00,1.171,4.312,1.87538796752499,53.6414 /L,1.6027324,93.152387
2026-Aug-27 09:00,1.191,4.332,1.87473404894204,53.6820 /L,1.6022944,93.185545
2026-Aug-27 12:00,1.2,4.343,1.87407943027104,53.7225 /L,1.6018563,93.218682
2026-Aug-27 15:00,1.25,4.393,1.87342411087903,53.7631 /L,1.601418,93.251799
2026-Aug-27 18:00,1.258,4.402,1.87276809012148,53.8037 /L,1.6009796,93.284895
2026-Aug-27 21:00,1.253,4.398,1.87211136734988,53.8443 /L,1.6005411,93.31797
2026-Aug-28 00:00,1.268,4.413,1.8714539418913,53.8850 /L,1.6001024,93.351025
2026-Aug-28 03:00,1.225,4.371,1.87079581307294,53.9256 /L,1.5996636,93.384058
2026-Aug-28 06:00,1.174,4.321,1.8701369802047,53.9664 /L,1.5992246,93.41707
2026-Aug-28 09:00,1.188,4.335,1.86947744258227,54.0071 /L,1.5987854,93.450061
2026-Aug-28 12:00,1.204,4.352,1.86881719950039,54.0479 /L,1.5983461,93.483031
2026-Aug-28 15:00,1.244,4.393,1.86815625022984,54.0887 /L,1.5979065,93.51598
2026-Aug-28 18:00,1.259,4.409,1.86749459404058,54.1295 /L,1.5974668,93.548907
2026-Aug-28 21:00,1.248,4.398,1.86683223018949,54.1704 /L,1.5970269,93.581813
2026-Aug-29 00:00,1.272,4.423,1.866169157917,54.2112 /L,1.5965868,93.614697
2026-Aug-29 03:00,1.234,4.385,1.86550537646539,54.2522 /L,1.5961464,93.647559
2026-Aug-29 06:00,1.183,4.335,1.86484088505456,54.2931 /L,1.5957058,93.6804
2026-Aug-29 09:00,1.184,4.337,1.86417568290237,54.3341 /L,1.595265,93.713219
2026-Aug-29 12:00,1.198,4.352,1.86350976921828,54.3751 /L,1.594824,93.746016
2026-Aug-29 15:00,1.23,4.384,1.86284314319419,54.4161 /L,1.5943827,93.77879
2026-Aug-29 18:00,1.274,4.428,1.86217580402637,54.4572 /L,1.5939411,93.811543
2026-Aug-29 21:00,1.26,4.415,1.86150775089187,54.4983 /L,1.5934992,93.844273
2026-Aug-30 00:00,1.261,4.417,1.86083898296465,54.5394 /L,1.5930571,93.876981
2026-Aug-30 03:00,1.237,4.394,1.86016949941552,54.5806 /L,1.5926146,93.909667
2026-Aug-30 06:00,1.192,4.35,1.85949929939748,54.6217 /L,1.5921719,93.94233
2026-Aug-30 09:00,1.171,4.329,1.85882838207009,54.6629 /L,1.5917288,93.97497
2026-Aug-30 12:00,1.188,4.347,1.85815674657779,54.7042 /L,1.5912854,94.007587
2026-Aug-30 15:00,1.225,4.385,1.85748439206084,54.7454 /L,1.5908417,94.040182
2026-Aug-30 18:00,1.264,4.424,1.85681131766168,54.7867 /L,1.5903975,94.072753
2026-Aug-30 21:00,1.268,4.43,1.8561375225061,54.8281 /L,1.5899531,94.105302
2026-Aug-31 00:00,1.257,4.419,1.85546300572807,54.8694 /L,1.5895082,94.137827
2026-Aug-31 03:00,1.24,4.403,1.85478776645193,54.9108 /L,1.5890629,94.170328
2026-Aug-31 06:00,1.204,4.368,1.85411180379723,54.9522 /L,1.5886173,94.202807
2026-Aug-31 09:00,1.163,4.327,1.85343511689103,54.9937 /L,1.5881712,94.235261
2026-Aug-31 12:00,1.183,4.348,1.85275770484592,55.0352 /L,1.5877246,94.267692
2026-Aug-31 15:00,1.21,4.375,1.85207956678394,55.0767 /L,1.5872777,94.300099
2026-Aug-31 18:00,1.244,4.411,1.85140070182336,55.1182 /L,1.5868302,94.332482
2026-Aug-31 21:00,1.254,4.421,1.8507211090774,55.1598 /L,1.5863823,94.364841
2026-Sep-01 00:00,1.245,4.413,1.85004078767173,55.2014 /L,1.5859339,94.397175
2026-Sep-01 03:00,1.25,4.419,1.84935973672085,55.2430 /L,1.585485,94.429486
2026-Sep-01 06:00,1.209,4.378,1.84867795534966,55.2847 /L,1.5850355,94.461771
2026-Sep-01 09:00,1.159,4.329,1.84799544268585,55.3264 /L,1.5845856,94.494032
2026-Sep-01 12:00,1.178,4.349,1.84731219785255,55.3681 /L,1.584135,94.526269
2026-Sep-01 15:00,1.181,4.352,1.84662821998976,55.4098 /L,1.583684,94.55848
2026-Sep-01 18:00,1.239,4.411,1.84594350823071,55.4516 /L,1.5832323,94.590666
2026-Sep-01 21:00,1.246,4.419,1.84525806171938,55.4934 /L,1.58278,94.622827
2026-Sep-02 00:00,1.241,4.414,1.84457187960916,55.5353 /L,1.5823272,94.654963
2026-Sep-02 03:00,1.261,4.435,1.84388496104985,55.5772 /L,1.5818737,94.687073
2026-Sep-02 06:00,1.219,4.394,1.84319730521164,55.6191 /L,1.5814196,94.719158
2026-Sep-02 09:00,1.169,4.345,1.84250891126323,55.6610 /L,1.5809648,94.751217
2026-Sep-02 12:00,1.177,4.353,1.84181977838437,55.7030 /L,1.5805094,94.78325
2026-Sep-02 15:00,1.199,4.376,1.84112990577077,55.7450 /L,1.5800533,94.815257
2026-Sep-02 18:00,1.226,4.404,1.84043929261642,55.7870 /L,1.5795965,94.847237
2026-Sep-02 21:00,1.255,4.434,1.83974793813857,55.8291 /L,1.579139,94.879192
2026-Sep-03 00:00,1.239,4.418,1.83905584155893,55.8712 /L,1.5786808,94.911119
2026-Sep-03 03:00,1.257,4.437,1.83836300211019,55.9133 /L,1.5782219,94.94302
2026-Sep-03 06:00,1.227,4.408,1.83766941904701,55.9554 /L,1.5777622,94.974895
2026-Sep-03 09:00,1.175,4.357,1.83697509162474,55.9976 /L,1.5773017,95.006742
2026-Sep-03 12:00,1.169,4.351,1.83628001912391,56.0399 /L,1.5768405,95.038562
2026-Sep-03 15:00,1.18,4.363,1.83558420083573,56.0821 /L,1.5763784,95.070355
2026-Sep-03 18:00,1.219,4.402,1.83488763606258,56.1244 /L,1.5759156,95.10212
2026-Sep-03 21:00,1.263,4.447,1.83419032413419,56.1667 /L,1.575452,95.133857
2026-Sep-04 00:00,1.259,4.445,1.83349226438433,56.2091 /L,1.5749875,95.165567
2026-Sep-04 03:00,1.25,4.436,1.83279345617309,56.2514 /L,1.5745222,95.197249
2026-Sep-04 06:00,1.229,4.416,1.83209389887769,56.2938 /L,1.5740561,95.228903
2026-Sep-04 09:00,1.19,4.377,1.8313935918866,56.3363 /L,1.5735891,95.260528
2026-Sep-04 12:00,1.157,4.345,1.83069253461991,56.3788 /L,1.5731212,95.292125
2026-Sep-04 15:00,1.177,4.366,1.82999072650565,56.4213 /L,1.5726524,95.323694
2026-Sep-04 18:00,1.212,4.401,1.82928816699821,56.4638 /L,1.5721827,95.355234
2026-Sep-04 21:00,1.246,4.436,1.82858485557536,56.5064 /L,1.5717122,95.386744
2026-Sep-05 00:00,1.253,4.444,1.82788079172658,56.5490 /L,1.5712407,95.418226
2026-Sep-05 03:00,1.242,4.434,1.82717597497622,56.5916 /L,1.5707682,95.449679
2026-Sep-05 06:00,1.234,4.427,1.82647040486103,56.6343 /L,1.5702949,95.481102
2026-Sep-05 09:00,1.196,4.39,1.82576408094361,56.6770 /L,1.5698206,95.512495
2026-Sep-05 12:00,1.15,4.345,1.8250570028157,56.7197 /L,1.5693454,95.543859
2026-Sep-05 15:00,1.171,4.366,1.82434917008116,56.7625 /L,1.5688691,95.575193
2026-Sep-05 18:00,1.183,4.379,1.82364058238066,56.8053 /L,1.568392,95.606497
2026-Sep-05 21:00,1.23,4.427,1.8229312393716,56.8481 /L,1.5679138,95.63777
2026-Sep-06 00:00,1.239,4.437,1.822221140736,56.8910 /L,1.5674347,95.669014
2026-Sep-06 03:00,1.234,4.432,1.82151028618966,56.9339 /L,1.5669545,95.700226
2026-Sep-06 06:00,1.247,4.446,1.82079867546131,56.9768 /L,1.5664734,95.731409
2026-Sep-06 09:00,1.204,4.404,1.82008630831706,57.0198 /L,1.5659913,95.76256
2026-Sep-06 12:00,1.153,4.354,1.81937318454419,57.0628 /L,1.5655081,95.79368
2026-Sep-06 15:00,1.168,4.369,1.81865930395282,57.1058 /L,1.565024,95.82477
2026-Sep-06 18:00,1.183,4.385,1.81794466639025,57.1489 /L,1.5645388,95.855828
2026-Sep-06 21:00,1.226,4.429,1.81722927171755,57.1920 /L,1.5640526,95.886855
2026-Sep-07 00:00,1.239,4.443,1.81651311983199,57.2351 /L,1.5635654,95.91785
2026-Sep-07 03:00,1.229,4.433,1.81579621065583,57.2782 /L,1.5630772,95.948813
2026-Sep-07 06:00,1.253,4.458,1.81507854413158,57.3214 /L,1.562588,95.979745
2026-Sep-07 09:00,1.214,4.42,1.81436012024068,57.3647 /L,1.5620977,96.010645
2026-Sep-07 12:00,1.164,4.371,1.8136409389793,57.4079 /L,1.5616064,96.041512
2026-Sep-07 15:00,1.166,4.373,1.8129210003771,57.4512 /L,1.5611141,96.072348
2026-Sep-07 18:00,1.181,4.389,1.812200304492,57.4945 /L,1.5606208,96.103151
2026-Sep-07 21:00,1.211,4.42,1.8114788513991,57.5379 /L,1.5601264,96.133922
2026-Sep-08 00:00,1.253,4.463,1.8107566412126,57.5813 /L,1.559631,96.16466
2026-Sep-08 03:00,1.238,4.449,1.81003367406187,57.6247 /L,1.5591346,96.195366
2026-Sep-08 06:00,1.243,4.454,1.80930995010567,57.6682 /L,1.5586372,96.226039
2026-Sep-08 09:00,1.218,4.431,1.80858546953281,57.7117 /L,1.5581387,96.256679
2026-Sep-08 12:00,1.171,4.384,1.80786023254574,57.7552 /L,1.5576393,96.287286
2026-Sep-08 15:00,1.153,4.367,1.80713423938407,57.7988 /L,1.5571388,96.31786
2026-Sep-08 18:00,1.17,4.384,1.80640749030292,57.8423 /L,1.5566374,96.348401
2026-Sep-08 21:00,1.207,4.422,1.80567998558149,57.8860 /L,1.556135,96.378908
2026-Sep-09 00:00,1.247,4.463,1.80495172552969,57.9296 /L,1.5556315,96.409383
2026-Sep-09 03:00,1.251,4.468,1.80422271046743,57.9733 /L,1.5551271,96.439823
2026-Sep-09 06:00,1.239,4.457,1.80349294074813,58.0171 /L,1.5546218,96.470231
2026-Sep-09 09:00,1.221,4.44,1.8027624167406,58.0608 /L,1.5541154,96.500604
2026-Sep-09 12:00,1.186,4.405,1.80203113883131,58.1046 /L,1.5536081,96.530944
2026-Sep-09 15:00,1.145,4.365,1.80129910743653,58.1484 /L,1.5530999,96.561251
2026-Sep-09 18:00,1.165,4.386,1.80056632297869,58.1923 /L,1.5525907,96.591523
2026-Sep-09 21:00,1.194,4.416,1.79983278590843,58.2362 /L,1.5520806,96.621762
2026-Sep-10 00:00,1.227,4.45,1.79909849669133,58.2801 /L,1.5515695,96.651967
2026-Sep-10 03:00,1.237,4.461,1.7983634558038,58.3241 /L,1.5510576,96.682137
2026-Sep-10 06:00,1.228,4.452,1.79762766375008,58.3681 /L,1.5505447,96.712274
2026-Sep-10 09:00,1.23,4.456,1.79689112103709,58.4121 /L,1.550031,96.742377
2026-Sep-10 12:00,1.19,4.416,1.79615382819357,58.4562 /L,1.5495163,96.772445
2026-Sep-10 15:00,1.14,4.367,1.79541578576239,58.5003 /L,1.5490008,96.80248
2026-Sep-10 18:00,1.16,4.387,1.79467699429032,58.5444 /L,1.5484845,96.83248
2026-Sep-10 21:00,1.163,4.391,1.79393745434855,58.5886 /L,1.5479673,96.862446
2026-Sep-11 00:00,1.22,4.449,1.79319716650793,58.6328 /L,1.5474492,96.892378
2026-Sep-11 03:00,1.227,4.457,1.79245613135392,58.6770 /L,1.5469303,96.922275
2026-Sep-11 06:00,1.221,4.452,1.79171434948507,58.7213 /L,1.5464106,96.952138
2026-Sep-11 09:00,1.24,4.472,1.79097182149762,58.7656 /L,1.5458901,96.981967
2026-Sep-11 12:00,1.198,4.43,1.79022854800804,58.8099 /L,1.5453689,97.011761
2026-Sep-11 15:00,1.148,4.381,1.78948452963048,58.8543 /L,1.5448468,97.041521
2026-Sep-11 18:00,1.156,4.391,1.78873976698627,58.8987 /L,1.5443239,97.071246
2026-Sep-11 21:00,1.178,4.413,1.78799426070888,58.9431 /L,1.5438003,97.100937
2026-Sep-12 00:00,1.206,4.442,1.78724801142376,58.9876 /L,1.543276,97.130594
2026-Sep-12 03:00,1.232,4.469,1.78650101977195,59.0321 /L,1.5427509,97.160216
2026-Sep-12 06:00,1.216,4.454,1.7857532863907,59.0766 /L,1.5422251,97.189803
2026-Sep-12 09:00,1.236,4.474,1.78500481191744,59.1212 /L,1.5416985,97.219356
2026-Sep-12 12:00,1.205,4.444,1.78425559700051,59.1658 /L,1.5411713,97.248875
2026-Sep-12 15:00,1.152,4.392,1.78350564227618,59.2104 /L,1.5406434,97.278359
2026-Sep-12 18:00,1.148,4.389,1.78275494839136,59.2551 /L,1.5401148,97.307808
2026-Sep-12 21:00,1.159,4.401,1.78200351598904,59.2998 /L,1.5395855,97.337223
2026-Sep-13 00:00,1.196,4.439,1.78125134570604,59.3445 /L,1.5390555,97.366603
2026-Sep-13 03:00,1.241,4.484,1.78049843818895,59.3893 /L,1.5385249,97.395948
2026-Sep-13 06:00,1.234,4.478,1.77974479406958,59.4341 /L,1.5379936,97.425259
2026-Sep-13 09:00,1.227,4.472,1.77899041398517,59.4790 /L,1.5374617,97.454536
2026-Sep-13 12:00,1.204,4.45,1.77823529856967,59.5238 /L,1.5369292,97.483777
2026-Sep-13 15:00,1.164,4.41,1.77747944844541,59.5687 /L,1.5363961,97.512984
2026-Sep-13 18:00,1.133,4.381,1.7767228642433,59.6137 /L,1.5358623,97.542157
2026-Sep-13 21:00,1.153,4.401,1.77596554657835,59.6587 /L,1.5353279,97.571294
2026-Sep-14 00:00,1.188,4.437,1.77520749606624,59.7037 /L,1.534793,97.600397
2026-Sep-14 03:00,1.222,4.472,1.77444871332074,59.7487 /L,1.5342574,97.629466
2026-Sep-14 06:00,1.228,4.479,1.77368919894006,59.7938 /L,1.5337213,97.658499
2026-Sep-14 09:00,1.217,4.469,1.77292895352954,59.8389 /L,1.5331846,97.687498
2026-Sep-14 12:00,1.207,4.46,1.77216797767889,59.8841 /L,1.5326473,97.716462
2026-Sep-14 15:00,1.169,4.423,1.77140627197386,59.9293 /L,1.5321095,97.745392
2026-Sep-14 18:00,1.124,4.378,1.77064383699998,59.9745 /L,1.5315711,97.774286
2026-Sep-14 21:00,1.144,4.399,1.76988067332434,60.0197 /L,1.5310322,97.803146
2026-Sep-15 00:00,1.159,4.415,1.76911678151959,60.0650 /L,1.5304927,97.831971
2026-Sep-15 03:00,1.202,4.459,1.76835216214434,60.1103 /L,1.5299527,97.860761
2026-Sep-15 06:00,1.212,4.47,1.76758681574913,60.1557 /L,1.5294122,97.889516
2026-Sep-15 09:00,1.205,4.464,1.76682074288643,60.2011 /L,1.5288711,97.918237
2026-Sep-15 12:00,1.217,4.476,1.76605394408877,60.2465 /L,1.5283295,97.946922
2026-Sep-15 15:00,1.173,4.434,1.76528641989237,60.2919 /L,1.5277874,97.975573
2026-Sep-15 18:00,1.122,4.383,1.76451817082187,60.3374 /L,1.5272448,98.004189
2026-Sep-15 21:00,1.138,4.401,1.76374919739014,60.3830 /L,1.5267016,98.03277
2026-Sep-16 00:00,1.15,4.413,1.76297950011367,60.4285 /L,1.526158,98.061316
2026-Sep-16 03:00,1.197,4.461,1.76220907948869,60.4741 /L,1.5256138,98.089827
2026-Sep-16 06:00,1.207,4.472,1.7614379360129,60.5197 /L,1.5250692,98.118303
2026-Sep-16 09:00,1.198,4.464,1.76066607017546,60.5654 /L,1.5245241,98.146744
2026-Sep-16 12:00,1.221,4.488,1.75989348245101,60.6111 /L,1.5239784,98.17515
2026-Sep-16 15:00,1.181,4.448,1.75912017331908,60.6568 /L,1.5234323,98.20352
2026-Sep-16 18:00,1.131,4.4,1.75834614324001,60.7026 /L,1.5228857,98.231856
2026-Sep-16 21:00,1.133,4.403,1.75757139267289,60.7484 /L,1.5223386,98.260157
2026-Sep-17 00:00,1.15,4.42,1.75679592207178,60.7942 /L,1.5217911,98.288422
2026-Sep-17 03:00,1.178,4.449,1.75601973187368,60.8401 /L,1.521243,98.316653
2026-Sep-17 06:00,1.218,4.49,1.7552428225211,60.8860 /L,1.5206945,98.344848
2026-Sep-17 09:00,1.201,4.474,1.75446519443908,60.9319 /L,1.5201455,98.373008
2026-Sep-17 12:00,1.209,4.483,1.75368684804846,60.9779 /L,1.519596,98.401133
2026-Sep-17 15:00,1.183,4.457,1.75290778376842,61.0239 /L,1.5190461,98.429222
2026-Sep-17 18:00,1.134,4.41,1.75212800199958,61.0700 /L,1.5184957,98.457277
2026-Sep-17 21:00,1.119,4.395,1.75134750314797,61.1160 /L,1.5179448,98.485296
2026-Sep-18 00:00,1.133,4.411,1.75056628760467,61.1621 /L,1.5173935,98.513279
2026-Sep-18 03:00,1.171,4.449,1.74978435575363,61.2083 /L,1.5168417,98.541227
2026-Sep-18 06:00,1.212,4.491,1.74900170797993,61.2545 /L,1.5162894,98.56914
2026-Sep-18 09:00,1.214,4.494,1.74821834464914,61.3007 /L,1.5157367,98.597018
2026-Sep-18 12:00,1.202,4.483,1.74743426613112,61.3469 /L,1.5151835,98.62486
2026-Sep-18 15:00,1.182,4.464,1.74664947278369,61.3932 /L,1.5146299,98.652666
2026-Sep-18 18:00,1.146,4.429,1.74586396495425,61.4395 /L,1.5140758,98.680437
2026-Sep-18 21:00,1.106,4.39,1.74507774299374,61.4859 /L,1.5135212,98.708173
2026-Sep-19 00:00,1.127,4.411,1.74429080723343,61.5323 /L,1.5129662,98.735872
2026-Sep-19 03:00,1.156,4.442,1.74350315800709,61.5787 /L,1.5124107,98.763537
2026-Sep-19 06:00,1.189,4.475,1.74271479563964,61.6252 /L,1.5118548,98.791166
2026-Sep-19 09:00,1.198,4.485,1.74192572044259,61.6716 /L,1.5112984,98.818759
2026-Sep-19 12:00,1.188,4.476,1.74113593273231,61.7182 /L,1.5107416,98.846316
2026-Sep-19 15:00,1.188,4.477,1.74034543280598,61.7647 /L,1.5101844,98.873838
2026-Sep-19 18:00,1.147,4.437,1.73955422096041,61.8113 /L,1.5096267,98.901324
2026-Sep-19 21:00,1.098,4.389,1.73876229748664,61.8580 /L,1.5090685,98.928774
2026-Sep-20 00:00,1.117,4.409,1.73796966265928,61.9046 /L,1.5085099,98.956189
2026-Sep-20 03:00,1.122,4.414,1.73717631675838,61.9513 /L,1.5079508,98.983567
2026-Sep-20 06:00,1.177,4.471,1.73638226004585,61.9981 /L,1.5073914,99.01091
2026-Sep-20 09:00,1.183,4.478,1.73558749278,62.0449 /L,1.5068314,99.038217
2026-Sep-20 12:00,1.178,4.474,1.73479201521617,62.0917 /L,1.506271,99.065488
2026-Sep-20 15:00,1.196,4.492,1.73399582759088,62.1385 /L,1.5057102,99.092723
2026-Sep-20 18:00,1.152,4.45,1.73319893014535,62.1854 /L,1.5051489,99.119923
2026-Sep-20 21:00,1.102,4.401,1.73240132310421,62.2323 /L,1.5045872,99.147086
2026-Sep-21 00:00,1.112,4.411,1.73160300668451,62.2793 /L,1.5040251,99.174213
2026-Sep-21 03:00,1.132,4.432,1.73080398110245,62.3262 /L,1.5034625,99.201304
2026-Sep-21 06:00,1.163,4.464,1.73000424655342,62.3733 /L,1.5028995,99.22836
2026-Sep-21 09:00,1.185,4.487,1.7292038032358,62.4203 /L,1.502336,99.255379
2026-Sep-21 12:00,1.171,4.473,1.72840265133333,62.4674 /L,1.5017721,99.282362
2026-Sep-21 15:00,1.192,4.496,1.72760079101817,62.5146 /L,1.5012077,99.309309
2026-Sep-21 18:00,1.158,4.463,1.72679822246324,62.5617 /L,1.500643,99.33622
2026-Sep-21 21:00,1.106,4.411,1.72599494581928,62.6089 /L,1.5000777,99.363094
2026-Sep-22 00:00,1.103,4.41,1.72519096123736,62.6562 /L,1.4995121,99.389933
2026-Sep-22 03:00,1.114,4.422,1.72438626885597,62.7034 /L,1.498946,99.416735
2026-Sep-22 06:00,1.15,4.458,1.72358086879779,62.7507 /L,1.4983794,99.443501
2026-Sep-22 09:00,1.195,4.504,1.72277476118682,62.7981 /L,1.4978124,99.47023
2026-Sep-22 12:00,1.185,4.495,1.72196794612421,62.8455 /L,1.497245,99.496924
2026-Sep-22 15:00,1.179,4.491,1.72116042370797,62.8929 /L,1.4966772,99.523581
2026-Sep-22 18:00,1.156,4.469,1.72035219402571,62.9403 /L,1.4961088,99.550201
2026-Sep-22 21:00,1.114,4.427,1.71954325714556,62.9878 /L,1.4955401,99.576786
2026-Sep-23 00:00,1.086,4.4,1.71873361313683,63.0353 /L,1.4949709,99.603333
2026-Sep-23 03:00,1.105,4.42,1.7179232620461,63.0829 /L,1.4944013,99.629845
2026-Sep-23 06:00,1.14,4.456,1.71711220391285,63.1305 /L,1.4938312,99.65632
2026-Sep-23 09:00,1.175,4.492,1.71630043876818,63.1781 /L,1.4932606,99.682758
2026-Sep-23 12:00,1.181,4.499,1.71548796662033,63.2258 /L,1.4926896,99.70916
2026-Sep-23 15:00,1.17,4.489,1.71467478747766,63.2735 /L,1.4921182,99.735525
2026-Sep-23 18:00,1.157,4.477,1.71386090132664,63.3212 /L,1.4915463,99.761853
2026-Sep-23 21:00,1.119,4.44,1.71304630814233,63.3690 /L,1.4909739,99.788145
2026-Sep-24 00:00,1.075,4.397,1.71223100789356,63.4168 /L,1.4904011,99.8144
2026-Sep-24 03:00,1.094,4.417,1.71141500052386,63.4647 /L,1.4898278,99.840619
2026-Sep-24 06:00,1.113,4.436,1.71059828597532,63.5125 /L,1.489254,99.866801
2026-Sep-24 09:00,1.153,4.478,1.70978086416996,63.5605 /L,1.4886798,99.892946
2026-Sep-24 12:00,1.162,4.488,1.70896273501427,63.6084 /L,1.488105,99.919054
2026-Sep-24 15:00,1.155,4.481,1.70814389841021,63.6564 /L,1.4875298,99.945125
2026-Sep-24 18:00,1.164,4.492,1.70732435423308,63.7045 /L,1.4869541,99.97116
2026-Sep-24 21:00,1.121,4.45,1.70650410235454,63.7525 /L,1.4863779,99.997157
2026-Sep-25 00:00,1.069,4.399,1.70568314262861,63.8006 /L,1.4858013,100.02312
2026-Sep-25 03:00,1.087,4.417,1.70486147489022,63.8488 /L,1.485224,100.04904
2026-Sep-25 06:00,1.095,4.427,1.70403909897149,63.8970 /L,1.4846463,100.07493
2026-Sep-25 09:00,1.145,4.478,1.70321601467794,63.9452 /L,1.4840681,100.10078
2026-Sep-25 12:00,1.154,4.488,1.70239222180928,63.9934 /L,1.4834893,100.12659
2026-Sep-25 15:00,1.146,4.481,1.70156772015094,64.0417 /L,1.48291,100.15236
2026-Sep-25 18:00,1.168,4.504,1.70074250946669,64.0900 /L,1.4823301,100.1781
2026-Sep-25 21:00,1.126,4.463,1.69991658951891,64.1384 /L,1.4817497,100.2038
2026-Sep-26 00:00,1.077,4.415,1.69908996004477,64.1868 /L,1.4811687,100.22946
2026-Sep-26 03:00,1.08,4.419,1.69826262077345,64.2353 /L,1.4805871,100.25509
2026-Sep-26 06:00,1.099,4.438,1.69743457142384,64.2837 /L,1.480005,100.28067
2026-Sep-26 09:00,1.126,4.466,1.69660581169176,64.3323 /L,1.4794222,100.30622
2026-Sep-26 12:00,1.162,4.504,1.69577634127314,64.3808 /L,1.4788389,100.33174
2026-Sep-26 15:00,1.144,4.486,1.69494615984183,64.4294 /L,1.4782549,100.35721
2026-Sep-26 18:00,1.156,4.499,1.69411526706212,64.4780 /L,1.4776703,100.38265
2026-Sep-26 21:00,1.128,4.472,1.69328366259274,64.5267 /L,1.477085,100.40805
2026-Sep-27 00:00,1.078,4.423,1.69245134606954,64.5754 /L,1.4764991,100.43341
2026-Sep-27 03:00,1.065,4.412,1.69161831712981,64.6241 /L,1.4759125,100.45873
2026-Sep-27 06:00,1.078,4.425,1.69078457539332,64.6729 /L,1.4753252,100.48401
2026-Sep-27 09:00,1.116,4.465,1.68995012046916,64.7217 /L,1.4747372,100.50926
2026-Sep-27 12:00,1.158,4.507,1.68911495196592,64.7706 /L,1.4741485,100.53447
2026-Sep-27 15:00,1.159,4.51,1.68827906947108,64.8195 /L,1.473559,100.55964
2026-Sep-27 18:00,1.146,4.498,1.68744247257509,64.8684 /L,1.4729688,100.58477
2026-Sep-27 21:00,1.125,4.478,1.68660516085677,64.9174 /L,1.4723778,100.60986
2026-Sep-28 00:00,1.088,4.442,1.68576713388432,64.9664 /L,1.4717861,100.63492
2026-Sep-28 03:00,1.05,4.405,1.68492839123083,65.0155 /L,1.4711935,100.65993
2026-Sep-28 06:00,1.07,4.426,1.68408893245171,65.0645 /L,1.4706001,100.68491
2026-Sep-28 09:00,1.101,4.458,1.68324875710677,65.1137 /L,1.4700059,100.70984
2026-Sep-28 12:00,1.134,4.492,1.68240786475101,65.1628 /L,1.4694108,100.73474
2026-Sep-28 15:00,1.142,4.501,1.68156625492958,65.2120 /L,1.4688149,100.7596
2026-Sep-28 18:00,1.131,4.491,1.68072392719774,65.2613 /L,1.4682181,100.78442
2026-Sep-28 21:00,1.128,4.489,1.67988088109783,65.3106 /L,1.4676203,100.8092
2026-Sep-29 00:00,1.088,4.45,1.67903711617809,65.3599 /L,1.4670216,100.83394
2026-Sep-29 03:00,1.04,4.402,1.67819263198955,65.4093 /L,1.466422,100.85864
2026-Sep-29 06:00,1.059,4.423,1.67734742807525,65.4587 /L,1.4658214,100.8833
2026-Sep-29 09:00,1.065,4.43,1.6765015039933,65.5081 /L,1.4652198,100.90792
2026-Sep-29 12:00,1.118,4.484,1.67565485929488,65.5576 /L,1.4646172,100.9325
2026-Sep-29 15:00,1.125,4.491,1.67480749353848,65.6071 /L,1.4640136,100.95704
2026-Sep-29 18:00,1.119,4.487,1.67395940629284,65.6566 /L,1.463409,100.98154
2026-Sep-29 21:00,1.135,4.504,1.67311059712129,65.7062 /L,1.4628032,101.006
2026-Sep-30 00:00,1.092,4.462,1.67226106560631,65.7559 /L,1.4621964,101.03042
2026-Sep-30 03:00,1.041,4.412,1.67141081133019,65.8056 /L,1.4615885,101.0548
2026-Sep-30 06:00,1.052,4.424,1.67055983388378,65.8553 /L,1.4609795,101.07914
2026-Sep-30 09:00,1.07,4.443,1.66970813287545,65.9050 /L,1.4603693,101.10343
2026-Sep-30 12:00,1.105,4.479,1.66885570791157,65.9548 /L,1.459758,101.12769
2026-Sep-30 15:00,1.124,4.499,1.66800255862106,66.0047 /L,1.4591454,101.1519
2026-Sep-30 18:00,1.11,4.486,1.66714868463974,66.0546 /L,1.4585317,101.17607
2026-Sep-30 21:00,1.133,4.51,1.66629408561296,66.1045 /L,1.4579168,101.20021
2026-Oct-01 00:00,1.097,4.475,1.66543876121,66.1544 /L,1.4573006,101.2243
2026-Oct-01 03:00,1.045,4.424,1.66458271110187,66.2044 /L,1.4566831,101.24834
2026-Oct-01 06:00,1.044,4.424,1.66372593498422,66.2545 /L,1.4560644,101.27235
2026-Oct-01 09:00,1.056,4.437,1.66286843256653,66.3046 /L,1.4554444,101.29631
2026-Oct-01 12:00,1.089,4.472,1.66201020356875,66.3547 /L,1.4548231,101.32023
2026-Oct-01 15:00,1.134,4.517,1.66115124774003,66.4049 /L,1.4542005,101.34411
2026-Oct-01 18:00,1.122,4.506,1.66029156483556,66.4551 /L,1.4535765,101.36795
2026-Oct-01 21:00,1.119,4.505,1.65943115463621,66.5053 /L,1.4529511,101.39174
2026-Oct-02 00:00,1.095,4.482,1.65857001694345,66.5556 /L,1.4523244,101.41549
2026-Oct-02 03:00,1.051,4.439,1.6577081515698,66.6059 /L,1.4516963,101.4392
2026-Oct-02 06:00,1.026,4.415,1.65684555836078,66.6563 /L,1.4510668,101.46287
2026-Oct-02 09:00,1.044,4.434,1.65598223717228,66.7067 /L,1.4504358,101.48649
2026-Oct-02 12:00,1.081,4.472,1.65511818788567,66.7572 /L,1.4498034,101.51007
2026-Oct-02 15:00,1.117,4.509,1.65425341040876,66.8077 /L,1.4491696,101.5336
2026-Oct-02 18:00,1.122,4.515,1.65338790466102,66.8582 /L,1.4485343,101.55709
2026-Oct-02 21:00,1.11,4.505,1.65252167059737,66.9088 /L,1.4478976,101.58054
2026-Oct-03 00:00,1.095,4.49,1.65165470818757,66.9594 /L,1.4472593,101.60394
2026-Oct-03 03:00,1.058,4.454,1.6507870174259,67.0101 /L,1.4466195,101.6273
2026-Oct-03 06:00,1.015,4.412,1.6499185983381,67.0608 /L,1.4459783,101.65062
2026-Oct-03 09:00,1.035,4.433,1.64904945096209,67.1115 /L,1.4453355,101.67389
2026-Oct-03 12:00,1.057,4.456,1.64817957537211,67.1623 /L,1.4446911,101.69712
2026-Oct-03 15:00,1.094,4.495,1.64730897166133,67.2132 /L,1.4440452,101.7203
2026-Oct-03 18:00,1.103,4.505,1.64643763994568,67.2640 /L,1.4433978,101.74344
2026-Oct-03 21:00,1.095,4.497,1.64556558037611,67.3150 /L,1.4427488,101.76653
2026-Oct-04 00:00,1.102,4.506,1.6446927931166,67.3659 /L,1.4420982,101.78958
2026-Oct-04 03:00,1.059,4.464,1.64381927836678,67.4169 /L,1.441446,101.81259
2026-Oct-04 06:00,1.008,4.414,1.64294503634934,67.4680 /L,1.4407923,101.83554
2026-Oct-04 09:00,1.026,4.434,1.64207006730753,67.5191 /L,1.4401369,101.85846
2026-Oct-04 12:00,1.031,4.44,1.64119437152206,67.5702 /L,1.43948,101.88133
2026-Oct-04 15:00,1.086,4.495,1.64031794928754,67.6214 /L,1.4388214,101.90415
2026-Oct-04 18:00,1.093,4.504,1.63944080093227,67.6726 /L,1.4381612,101.92693
2026-Oct-04 21:00,1.086,4.498,1.63856292681102,67.7238 /L,1.4374994,101.94966
2026-Oct-05 00:00,1.107,4.52,1.63768432729639,67.7752 /L,1.4368359,101.97235
2026-Oct-05 03:00,1.065,4.479,1.63680500279949,67.8265 /L,1.4361709,101.99499
2026-Oct-05 06:00,1.015,4.43,1.63592495374624,67.8779 /L,1.4355041,102.01758
2026-Oct-05 09:00,1.021,4.437,1.63504418059328,67.9293 /L,1.4348358,102.04013
2026-Oct-05 12:00,1.041,4.458,1.63416268382665,67.9808 /L,1.4341658,102.06264
2026-Oct-05 15:00,1.067,4.485,1.63328046394764,68.0323 /L,1.4334941,102.08509
2026-Oct-05 18:00,1.1,4.519,1.63239752149558,68.0839 /L,1.4328209,102.10751
2026-Oct-05 21:00,1.082,4.502,1.63151385702584,68.1355 /L,1.4321459,102.12987
2026-Oct-06 00:00,1.097,4.518,1.63062947112046,68.1872 /L,1.4314693,102.15219
2026-Oct-06 03:00,1.068,4.49,1.62974436439269,68.2389 /L,1.4307911,102.17446
2026-Oct-06 06:00,1.017,4.44,1.62885853746841,68.2906 /L,1.4301112,102.19669
2026-Oct-06 09:00,1.007,4.432,1.62797199100954,68.3424 /L,1.4294297,102.21887
2026-Oct-06 12:00,1.018,4.444,1.62708472569519,68.3942 /L,1.4287465,102.241
2026-Oct-06 15:00,1.057,4.484,1.62619674222645,68.4461 /L,1.4280617,102.26309
2026-Oct-06 18:00,1.1,4.528,1.62530804133677,68.4980 /L,1.4273752,102.28513
2026-Oct-06 21:00,1.098,4.528,1.62441862376979,68.5500 /L,1.4266871,102.30713
2026-Oct-07 00:00,1.087,4.517,1.6235284903021,68.6020 /L,1.4259973,102.32908
2026-Oct-07 03:00,1.065,4.497,1.6226376417285,68.6540 /L,1.4253059,102.35098
2026-Oct-07 06:00,1.027,4.46,1.6217460788606,68.7061 /L,1.4246129,102.37283
2026-Oct-07 09:00,0.992,4.426,1.62085380254207,68.7582 /L,1.4239182,102.39464
2026-Oct-07 12:00,1.012,4.447,1.61996081362467,68.8104 /L,1.4232219,102.4164
2026-Oct-07 15:00,1.044,4.48,1.61906711298851,68.8627 /L,1.422524,102.43812
2026-Oct-07 18:00,1.077,4.514,1.61817270153272,68.9149 /L,1.4218245,102.45978
2026-Oct-07 21:00,1.084,4.523,1.61727758016801,68.9672 /L,1.4211233,102.48141
2026-Oct-08 00:00,1.074,4.513,1.61638174983581,69.0196 /L,1.4204206,102.50298
2026-Oct-08 03:00,1.067,4.508,1.61548521148408,69.0720 /L,1.4197162,102.52451
2026-Oct-08 06:00,1.028,4.47,1.61458796608377,69.1245 /L,1.4190103,102.54599
2026-Oct-08 09:00,0.981,4.424,1.61369001462533,69.1770 /L,1.4183028,102.56742
2026-Oct-08 12:00,1.0,4.445,1.61279135810557,69.2295 /L,1.4175937,102.58881
2026-Oct-08 15:00,1.009,4.455,1.61189199754943,69.2821 /L,1.416883,102.61015
2026-Oct-08 18:00,1.059,4.506,1.61099193398701,69.3347 /L,1.4161707,102.63145
2026-Oct-08 21:00,1.067,4.514,1.61009116846527,69.3874 /L,1.4154569,102.65269
2026-Oct-09 00:00,1.061,4.51,1.60918970205064,69.4401 /L,1.4147416,102.67389
2026-Oct-09 03:00,1.075,4.525,1.60828753581119,69.4929 /L,1.4140246,102.69505
2026-Oct-09 06:00,1.032,4.483,1.60738467083961,69.5457 /L,1.4133062,102.71616
2026-Oct-09 09:00,0.981,4.433,1.60648110823309,69.5985 /L,1.4125862,102.73722
2026-Oct-09 12:00,0.994,4.447,1.60557684909938,69.6514 /L,1.4118647,102.75823
2026-Oct-09 15:00,1.01,4.464,1.60467189456522,69.7044 /L,1.4111417,102.7792
2026-Oct-09 18:00,1.049,4.505,1.6037662457549,69.7574 /L,1.4104172,102.80012
2026-Oct-09 21:00,1.064,4.521,1.60285990381279,69.8104 /L,1.4096912,102.82099
2026-Oct-10 00:00,1.052,4.51,1.60195286988743,69.8635 /L,1.4089637,102.84182
2026-Oct-10 03:00,1.075,4.535,1.60104514513144,69.9166 /L,1.4082347,102.8626
2026-Oct-10 06:00,1.037,4.497,1.60013673071552,69.9698 /L,1.4075042,102.88334
2026-Oct-10 09:00,0.985,4.447,1.5992276278046,70.0230 /L,1.4067723,102.90403
2026-Oct-10 12:00,0.986,4.449,1.5983178375789,70.0763 /L,1.4060389,102.92467
2026-Oct-10 15:00,0.999,4.463,1.59740736122297,70.1296 /L,1.4053041,102.94526
2026-Oct-10 18:00,1.03,4.496,1.59649619991966,70.1829 /L,1.4045678,102.96581
2026-Oct-10 21:00,1.074,4.54,1.59558435486834,70.2363 /L,1.4038301,102.98631
2026-Oct-11 00:00,1.059,4.527,1.59467182726064,70.2898 /L,1.403091,103.00677
2026-Oct-11 03:00,1.06,4.529,1.59375861829791,70.3433 /L,1.4023505,103.02718
2026-Oct-11 06:00,1.036,4.506,1.5928447291863,70.3968 /L,1.4016085,103.04754
2026-Oct-11 09:00,0.99,4.461,1.59193016112503,70.4504 /L,1.4008652,103.06786
2026-Oct-11 12:00,0.968,4.441,1.59101491532789,70.5040 /L,1.4001205,103.08813
2026-Oct-11 15:00,0.985,4.459,1.59009899299989,70.5577 /L,1.3993743,103.10835
2026-Oct-11 18:00,1.022,4.496,1.58918239535045,70.6114 /L,1.3986268,103.12853
2026-Oct-11 21:00,1.06,4.536,1.58826512359463,70.6652 /L,1.397878,103.14867
2026-Oct-12 00:00,1.063,4.541,1.58734717893662,70.7190 /L,1.3971277,103.16875
2026-Oct-12 03:00,1.052,4.53,1.58642856259274,70.7729 /L,1.3963761,103.18879
2026-Oct-12 06:00,1.034,4.514,1.58550927577061,70.8268 /L,1.3956232,103.20879
2026-Oct-12 09:00,0.998,4.479,1.58458931967708,70.8807 /L,1.3948689,103.22873
2026-Oct-12 12:00,0.955,4.437,1.58366869552539,70.9347 /L,1.3941132,103.24863
2026-Oct-12 15:00,0.975,4.459,1.58274740451492,70.9887 /L,1.3933563,103.26849
2026-Oct-12 18:00,1.002,4.486,1.58182544785432,71.0428 /L,1.392598,103.2883
2026-Oct-12 21:00,1.036,4.521,1.58090282674474,71.0970 /L,1.3918383,103.30806
2026-Oct-13 00:00,1.045,4.532,1.57997954238183,71.1512 /L,1.3910774,103.32778
2026-Oct-13 03:00,1.035,4.523,1.57905559596856,71.2054 /L,1.3903151,103.34745
2026-Oct-13 06:00,1.04,4.529,1.57813098869244,71.2597 /L,1.3895516,103.36708
2026-Oct-13 09:00,0.997,4.488,1.57720572174727,71.3140 /L,1.3887867,103.38666
2026-Oct-13 12:00,0.947,4.439,1.57627979632126,71.3683 /L,1.3880206,103.4062
2026-Oct-13 15:00,0.966,4.459,1.57535321359289,71.4228 /L,1.3872531,103.42568
2026-Oct-13 18:00,0.968,4.462,1.57442597474852,71.4772 /L,1.3864844,103.44513
2026-Oct-13 21:00,1.025,4.521,1.57349808095853,71.5317 /L,1.3857143,103.46452
2026-Oct-14 00:00,1.032,4.528,1.57256953339623,71.5863 /L,1.384943,103.48388
2026-Oct-14 03:00,1.026,4.523,1.5716403332318,71.6409 /L,1.3841704,103.50318
2026-Oct-14 06:00,1.045,4.544,1.5707104816225,71.6955 /L,1.3833965,103.52244
2026-Oct-14 09:00,1.002,4.503,1.56977997973366,71.7502 /L,1.3826214,103.54165
2026-Oct-14 12:00,0.952,4.454,1.56884882871547,71.8050 /L,1.381845,103.56082
2026-Oct-14 15:00,0.959,4.462,1.56791702971771,71.8597 /L,1.3810673,103.57995
2026-Oct-14 18:00,0.981,4.485,1.56698458388974,71.9146 /L,1.3802883,103.59902
2026-Oct-14 21:00,1.007,4.513,1.56605149236546,71.9695 /L,1.3795081,103.61805
2026-Oct-15 00:00,1.036,4.542,1.56511775628645,72.0244 /L,1.3787266,103.63704
2026-Oct-15 03:00,1.018,4.526,1.56418337678072,72.0794 /L,1.3779439,103.65598
2026-Oct-15 06:00,1.036,4.545,1.56324835497245,72.1344 /L,1.3771599,103.67487
2026-Oct-15 09:00,1.006,4.516,1.56231269198794,72.1894 /L,1.3763746,103.69372
2026-Oct-15 12:00,0.953,4.465,1.56137638893669,72.2446 /L,1.3755881,103.71252
2026-Oct-15 15:00,0.947,4.459,1.56043944693491,72.2997 /L,1.3748003,103.73128
2026-Oct-15 18:00,0.957,4.471,1.55950186708776,72.3549 /L,1.3740113,103.74999
2026-Oct-15 21:00,0.995,4.51,1.55856365049336,72.4102 /L,1.373221,103.76866
2026-Oct-16 00:00,1.039,4.555,1.55762479825427,72.4655 /L,1.3724295,103.78728
2026-Oct-16 03:00,1.034,4.552,1.55668531145557,72.5208 /L,1.3716368,103.80585
2026-Oct-16 06:00,1.025,4.544,1.55574519118725,72.5762 /L,1.3708427,103.82438
2026-Oct-16 09:00,1.002,4.523,1.5548044385312,72.6317 /L,1.3700475,103.84287
2026-Oct-16 12:00,0.962,4.484,1.55386305455904,72.6872 /L,1.369251,103.8613
2026-Oct-16 15:00,0.929,4.452,1.55292104034856,72.7427 /L,1.3684532,103.8797
2026-Oct-16 18:00,0.949,4.473,1.55197839696033,72.7983 /L,1.3676542,103.89804
2026-Oct-16 21:00,0.983,4.508,1.55103512545765,72.8540 /L,1.3668539,103.91634
2026-Oct-17 00:00,1.016,4.543,1.55009122689896,72.9096 /L,1.3660524,103.9346
2026-Oct-17 03:00,1.023,4.551,1.5491467023296,72.9654 /L,1.3652497,103.95281
2026-Oct-17 06:00,1.012,4.541,1.54820155280215,73.0212 /L,1.3644457,103.97097
2026-Oct-17 09:00,1.002,4.533,1.54725577935286,73.0770 /L,1.3636404,103.98909
2026-Oct-17 12:00,0.964,4.495,1.54630938301776,73.1329 /L,1.362834,104.00716
2026-Oct-17 15:00,0.917,4.451,1.54536236483089,73.1888 /L,1.3620262,104.02519
2026-Oct-17 18:00,0.937,4.471,1.54441472581088,73.2448 /L,1.3612173,104.04317
2026-Oct-17 21:00,0.949,4.485,1.54346646698345,73.3008 /L,1.360407,104.06111
2026-Oct-18 00:00,0.995,4.532,1.5425175893597,73.3568 /L,1.3595956,104.079
2026-Oct-18 03:00,1.003,4.542,1.54156809394725,73.4130 /L,1.3587828,104.09684
2026-Oct-18 06:00,0.997,4.537,1.54061798175443,73.4691 /L,1.3579689,104.11464
2026-Oct-18 09:00,1.009,4.55,1.53966725377234,73.5253 /L,1.3571537,104.13239
2026-Oct-18 12:00,0.965,4.508,1.53871591099827,73.5816 /L,1.3563372,104.1501
2026-Oct-18 15:00,0.914,4.457,1.53776395441679,73.6379 /L,1.3555195,104.16776
2026-Oct-18 18:00,0.929,4.474,1.53681138500516,73.6943 /L,1.3547006,104.18538
2026-Oct-18 21:00,0.942,4.488,1.53585820374341,73.7507 /L,1.3538804,104.20295
2026-Oct-19 00:00,0.986,4.533,1.53490441159291,73.8071 /L,1.3530589,104.22048
2026-Oct-19 03:00,0.997,4.546,1.53395000951906,73.8636 /L,1.3522362,104.23795
2026-Oct-19 06:00,0.987,4.537,1.5329949984769,73.9202 /L,1.3514123,104.25539
2026-Oct-19 09:00,1.01,4.561,1.53203937941044,73.9768 /L,1.3505871,104.27278
2026-Oct-19 12:00,0.97,4.522,1.53108315326759,74.0334 /L,1.3497607,104.29012
2026-Oct-19 15:00,0.919,4.473,1.53012632097697,74.0901 /L,1.348933,104.30742
2026-Oct-19 18:00,0.921,4.476,1.52916888346832,74.1469 /L,1.348104,104.32467
2026-Oct-19 21:00,0.936,4.493,1.52821084166317,74.2037 /L,1.3472738,104.34187
2026-Oct-20 00:00,0.965,4.522,1.52725219646807,74.2605 /L,1.3464424,104.35903
2026-Oct-20 03:00,1.006,4.565,1.52629294879367,74.3174 /L,1.3456097,104.37615
2026-Oct-20 06:00,0.989,4.55,1.52533309953094,74.3744 /L,1.3447757,104.39321
2026-Oct-20 09:00,0.995,4.556,1.5243726495682,74.4313 /L,1.3439405,104.41024
2026-Oct-20 12:00,0.969,4.532,1.52341159978761,74.4884 /L,1.3431041,104.42721
2026-Oct-20 15:00,0.921,4.485,1.52244995105276,74.5455 /L,1.3422663,104.44414
2026-Oct-20 18:00,0.903,4.469,1.5214877042306,74.6026 /L,1.3414273,104.46103
2026-Oct-20 21:00,0.918,4.485,1.52052486016882,74.6598 /L,1.3405871,104.47787
2026-Oct-21 00:00,0.955,4.523,1.51956141970801,74.7170 /L,1.3397456,104.49466
2026-Oct-21 03:00,0.994,4.564,1.5185973836842,74.7743 /L,1.3389028,104.51141
2026-Oct-21 06:00,0.997,4.568,1.51763275291168,74.8317 /L,1.3380588,104.52811
2026-Oct-21 09:00,0.985,4.557,1.51666752820606,74.8891 /L,1.3372135,104.54477
2026-Oct-21 12:00,0.965,4.539,1.51570171036434,74.9465 /L,1.3363669,104.56138
2026-Oct-21 15:00,0.929,4.504,1.51473530017173,75.0040 /L,1.3355191,104.57795
2026-Oct-21 18:00,0.888,4.464,1.51376829840996,75.0615 /L,1.3346699,104.59446
2026-Oct-21 21:00,0.908,4.485,1.51280070583654,75.1191 /L,1.3338195,104.61094
2026-Oct-22 00:00,0.936,4.515,1.51183252320765,75.1768 /L,1.3329679,104.62736
2026-Oct-22 03:00,0.969,4.549,1.51086375126212,75.2345 /L,1.3321149,104.64375
2026-Oct-22 06:00,0.977,4.559,1.50989439072231,75.2922 /L,1.3312606,104.66008
2026-Oct-22 09:00,0.967,4.55,1.50892444230764,75.3500 /L,1.3304051,104.67637
2026-Oct-22 12:00,0.968,4.552,1.50795390671154,75.4078 /L,1.3295482,104.69261
2026-Oct-22 15:00,0.926,4.512,1.5069827846226,75.4657 /L,1.32869,104.70881
2026-Oct-22 18:00,0.876,4.464,1.50601107671361,75.5237 /L,1.3278306,104.72496
2026-Oct-22 21:00,0.895,4.484,1.50503878363652,75.5816 /L,1.3269698,104.74107
2026-Oct-23 00:00,0.899,4.489,1.50406590604046,75.6397 /L,1.3261077,104.75713
2026-Oct-23 03:00,0.955,4.546,1.50309244454794,75.6978 /L,1.3252442,104.77314
2026-Oct-23 06:00,0.96,4.553,1.50211839977308,75.7559 /L,1.3243794,104.78911
2026-Oct-23 09:00,0.955,4.549,1.50114377231636,75.8141 /L,1.3235133,104.80503
2026-Oct-23 12:00,0.973,4.568,1.50016856275397,75.8724 /L,1.3226458,104.8209
2026-Oct-23 15:00,0.929,4.526,1.49919277165894,75.9307 /L,1.321777,104.83673
2026-Oct-23 18:00,0.879,4.477,1.49821639957842,75.9890 /L,1.3209068,104.85251
2026-Oct-23 21:00,0.887,4.487,1.49723944704741,76.0474 /L,1.3200352,104.86824
2026-Oct-24 00:00,0.907,4.508,1.49626191458983,76.1059 /L,1.3191622,104.88393
2026-Oct-24 03:00,0.937,4.539,1.49528380270299,76.1644 /L,1.3182878,104.89957
2026-Oct-24 06:00,0.96,4.564,1.4943051118808,76.2229 /L,1.317412,104.91517
2026-Oct-24 09:00,0.944,4.55,1.49332584259344,76.2815 /L,1.3165347,104.93071
2026-Oct-24 12:00,0.964,4.571,1.49234599529612,76.3402 /L,1.315656,104.94621
2026-Oct-24 15:00,0.931,4.539,1.49136557043622,76.3989 /L,1.3147758,104.96167
2026-Oct-24 18:00,0.878,4.488,1.49038456843405,76.4577 /L,1.3138942,104.97707
2026-Oct-24 21:00,0.874,4.485,1.48940298970639,76.5165 /L,1.3130111,104.99243
2026-Oct-25 00:00,0.885,4.497,1.48842083464997,76.5753 /L,1.3121264,105.00775
2026-Oct-25 03:00,0.921,4.534,1.48743810364457,76.6343 /L,1.3112403,105.02301
2026-Oct-25 06:00,0.965,4.58,1.48645479706596,76.6932 /L,1.3103525,105.03823
2026-Oct-25 09:00,0.956,4.573,1.48547091526423,76.7523 /L,1.3094633,105.0534
2026-Oct-25 12:00,0.949,4.567,1.48448645858627,76.8113 /L,1.3085724,105.06852
2026-Oct-25 15:00,0.926,4.545,1.48350142736432,76.8705 /L,1.30768,105.08359
2026-Oct-25 18:00,0.884,4.505,1.48251582191338,76.9297 /L,1.3067859,105.09862
2026-Oct-25 21:00,0.854,4.476,1.4815296425491,76.9889 /L,1.3058901,105.1136
2026-Oct-26 00:00,0.873,4.497,1.48054288956492,77.0482 /L,1.3049927,105.12853
2026-Oct-26 03:00,0.908,4.533,1.47955556325222,77.1075 /L,1.3040936,105.14341
2026-Oct-26 06:00,0.942,4.568,1.47856766389449,77.1669 /L,1.3031928,105.15824
2026-Oct-26 09:00,0.948,4.575,1.47757919175915,77.2264 /L,1.3022903,105.17302
2026-Oct-26 12:00,0.936,4.565,1.47659014711915,77.2859 /L,1.301386,105.18776
2026-Oct-26 15:00,0.923,4.554,1.47560053023085,77.3454 /L,1.3004799,105.20245
2026-Oct-26 18:00,0.885,4.517,1.47461034135023,77.4050 /L,1.299572,105.21708
2026-Oct-26 21:00,0.84,4.474,1.47361958073343,77.4647 /L,1.2986622,105.23167
2026-Oct-27 00:00,0.86,4.494,1.47262824862355,77.5244 /L,1.2977506,105.24621
2026-Oct-27 03:00,0.876,4.512,1.47163634527453,77.5842 /L,1.2968371,105.26069
2026-Oct-27 06:00,0.917,4.554,1.47064387093109,77.6440 /L,1.2959216,105.27513
2026-Oct-27 09:00,0.926,4.565,1.46965082584003,77.7039 /L,1.2950042,105.28952
2026-Oct-27 12:00,0.918,4.559,1.46865721025675,77.7638 /L,1.2940848,105.30386
2026-Oct-27 15:00,0.928,4.57,1.46766302442796,77.8238 /L,1.2931635,105.31814
2026-Oct-27 18:00,0.884,4.528,1.46666826861619,77.8839 /L,1.29224,105.33238
2026-Oct-27 21:00,0.832,4.477,1.46567294308323,77.9440 /L,1.2913145,105.34657
2026-Oct-28 00:00,0.849,4.495,1.46467704809565,78.0041 /L,1.290387,105.3607
2026-Oct-28 03:00,0.858,4.505,1.46368058393724,78.0643 /L,1.2894573,105.37478
2026-Oct-28 06:00,0.906,4.555,1.46268355088856,78.1246 /L,1.2885254,105.38882
2026-Oct-28 09:00,0.915,4.566,1.46168594925067,78.1849 /L,1.2875914,105.4028
2026-Oct-28 12:00,0.906,4.558,1.46068777933286,78.2453 /L,1.2866551,105.41672
2026-Oct-28 15:00,0.928,4.582,1.45968904145218,78.3057 /L,1.2857167,105.4306
2026-Oct-28 18:00,0.887,4.541,1.45868973595054,78.3662 /L,1.2847759,105.44442
2026-Oct-28 21:00,0.837,4.493,1.45768986317261,78.4268 /L,1.2838329,105.45819
2026-Oct-29 00:00,0.839,4.497,1.45668942348694,78.4874 /L,1.2828875,105.47191
2026-Oct-29 03:00,0.857,4.516,1.45568841727901,78.5481 /L,1.2819398,105.48558
2026-Oct-29 06:00,0.883,4.544,1.45468684494474,78.6088 /L,1.2809898,105.49919
2026-Oct-29 09:00,0.921,4.583,1.45368470691129,78.6695 /L,1.2800373,105.51275
2026-Oct-29 12:00,0.902,4.566,1.45268200361481,78.7304 /L,1.2790824,105.52626
2026-Oct-29 15:00,0.912,4.577,1.4516787355176,78.7913 /L,1.278125,105.53971
2026-Oct-29 18:00,0.884,4.551,1.45067490310689,78.8522 /L,1.2771652,105.55311
2026-Oct-29 21:00,0.834,4.502,1.44967050688259,78.9132 /L,1.2762029,105.56645
2026-Oct-30 00:00,0.82,4.49,1.44866554738042,78.9743 /L,1.275238,105.57974
2026-Oct-30 03:00,0.833,4.504,1.44766002515078,79.0354 /L,1.2742706,105.59298
2026-Oct-30 06:00,0.871,4.543,1.44665394077098,79.0966 /L,1.2733007,105.60616
2026-Oct-30 09:00,0.911,4.586,1.44564729484959,79.1578 /L,1.2723281,105.61929
2026-Oct-30 12:00,0.913,4.589,1.44464008800974,79.2191 /L,1.2713529,105.63236
2026-Oct-30 15:00,0.9,4.577,1.44363232091287,79.2804 /L,1.2703751,105.64538
2026-Oct-30 18:00,0.879,4.557,1.4426239942404,79.3418 /L,1.2693947,105.65834
2026-Oct-30 21:00,0.842,4.522,1.44161510870014,79.4033 /L,1.2684115,105.67124
2026-Oct-31 00:00,0.802,4.484,1.44060566503619,79.4648 /L,1.2674257,105.6841
2026-Oct-31 03:00,0.822,4.505,1.43959566400852,79.5264 /L,1.2664372,105.69689
2026-Oct-31 06:00,0.852,4.537,1.43858510641588,79.5881 /L,1.2654459,105.70963
2026-Oct-31 09:00,0.885,4.571,1.43757399308142,79.6498 /L,1.2644519,105.72231
2026-Oct-31 12:00,0.892,4.58,1.43656232485285,79.7115 /L,1.2634552,105.73494
2026-Oct-31 15:00,0.881,4.57,1.43555010261729,79.7733 /L,1.2624556,105.74751
2026-Oct-31 18:00,0.878,4.569,1.43453732727859,79.8352 /L,1.2614533,105.76002
2026-Oct-31 21:00,0.838,4.53,1.43352399977818,79.8972 /L,1.2604482,105.77248
2026-Nov-01 00:00,0.789,4.482,1.43251012108556,79.9592 /L,1.2594403,105.78488
2026-Nov-01 03:00,0.807,4.503,1.43149569219246,80.0212 /L,1.2584295,105.79723
2026-Nov-01 06:00,0.813,4.509,1.4304807141315,80.0833 /L,1.2574159,105.80951
2026-Nov-01 09:00,0.866,4.564,1.42946518795283,80.1455 /L,1.2563995,105.82174
2026-Nov-01 12:00,0.872,4.571,1.42844911474144,80.2078 /L,1.2553802,105.83392
2026-Nov-01 15:00,0.866,4.567,1.42743249561311,80.2701 /L,1.254358,105.84603
2026-Nov-01 18:00,0.882,4.585,1.42641533170288,80.3324 /L,1.2533329,105.85809
2026-Nov-01 21:00,0.838,4.542,1.42539762418646,80.3948 /L,1.252305,105.87009
2026-Nov-02 00:00,0.787,4.493,1.42437937425787,80.4573 /L,1.2512741,105.88204
2026-Nov-02 03:00,0.797,4.504,1.42336058314203,80.5199 /L,1.2502404,105.89392
2026-Nov-02 06:00,0.815,4.524,1.42234125209681,80.5825 /L,1.2492037,105.90575
2026-Nov-02 09:00,0.849,4.559,1.42132138239648,80.6451 /L,1.2481641,105.91752
2026-Nov-02 12:00,0.867,4.579,1.42030097535456,80.7079 /L,1.2471216,105.92923
2026-Nov-02 15:00,0.853,4.567,1.4192800323037,80.7707 /L,1.2460761,105.94089
2026-Nov-02 18:00,0.875,4.59,1.41825855460298,80.8335 /L,1.2450278,105.95249
2026-Nov-02 21:00,0.839,4.555,1.41723654364548,80.8964 /L,1.2439764,105.96402
2026-Nov-03 00:00,0.786,4.504,1.41621400083797,80.9594 /L,1.2429222,105.9755
2026-Nov-03 03:00,0.784,4.504,1.41519092762366,81.0224 /L,1.241865,105.98693
2026-Nov-03 06:00,0.796,4.517,1.41416732546585,81.0855 /L,1.2408048,105.99829
2026-Nov-03 09:00,0.829,4.551,1.41314319584933,81.1487 /L,1.2397417,106.0096
2026-Nov-03 12:00,0.873,4.597,1.41211854029333,81.2119 /L,1.2386756,106.02084
2026-Nov-03 15:00,0.86,4.586,1.41109336032873,81.2752 /L,1.2376065,106.03203
2026-Nov-03 18:00,0.857,4.584,1.4100676575192,81.3385 /L,1.2365345,106.04316
2026-Nov-03 21:00,0.833,4.562,1.40904143344963,81.4020 /L,1.2354595,106.05423
2026-Nov-04 00:00,0.788,4.519,1.40801468972147,81.4654 /L,1.2343816,106.06525
2026-Nov-04 03:00,0.762,4.494,1.40698742797001,81.5290 /L,1.2333007,106.0762
2026-Nov-04 06:00,0.78,4.513,1.40595964984063,81.5926 /L,1.2322168,106.0871
2026-Nov-04 09:00,0.815,4.55,1.40493135700686,81.6562 /L,1.23113,106.09793
2026-Nov-04 12:00,0.851,4.588,1.40390255116449,81.7200 /L,1.2300402,106.10871
2026-Nov-04 15:00,0.855,4.593,1.40287323402121,81.7838 /L,1.2289474,106.11943
2026-Nov-04 18:00,0.843,4.583,1.40184340731715,81.8476 /L,1.2278516,106.13009
2026-Nov-04 21:00,0.827,4.569,1.40081307280181,81.9115 /L,1.2267529,106.1407
2026-Nov-05 00:00,0.79,4.533,1.39978223224787,81.9755 /L,1.2256512,106.15124
2026-Nov-05 03:00,0.746,4.49,1.39875088745117,82.0396 /L,1.2245466,106.16172
2026-Nov-05 06:00,0.765,4.511,1.39771904021529,82.1037 /L,1.223439,106.17215
2026-Nov-05 09:00,0.786,4.534,1.39668669237386,82.1678 /L,1.2223284,106.18251
2026-Nov-05 12:00,0.823,4.572,1.39565384576961,82.2321 /L,1.2212149,106.19282
2026-Nov-05 15:00,0.832,4.583,1.39462050226291,82.2964 /L,1.2200984,106.20307
2026-Nov-05 18:00,0.822,4.575,1.3935866637378,82.3608 /L,1.2189789,106.21326
2026-Nov-05 21:00,0.829,4.583,1.39255233208253,82.4252 /L,1.2178565,106.22339
2026-Nov-06 00:00,0.786,4.542,1.3915175092123,82.4897 /L,1.2167312,106.23346
2026-Nov-06 03:00,0.734,4.491,1.39048219705173,82.5542 /L,1.2156029,106.24348
2026-Nov-06 06:00,0.752,4.511,1.38944639753777,82.6189 /L,1.2144717,106.25343
2026-Nov-06 09:00,0.756,4.517,1.3884101126311,82.6836 /L,1.2133375,106.26332
2026-Nov-06 12:00,0.809,4.572,1.38737334429384,82.7483 /L,1.2122003,106.27316
2026-Nov-06 15:00,0.816,4.58,1.38633609451109,82.8131 /L,1.2110603,106.28294
2026-Nov-06 18:00,0.809,4.574,1.38529836527797,82.8780 /L,1.2099173,106.29265
2026-Nov-06 21:00,0.829,4.596,1.38426015859653,82.9430 /L,1.2087714,106.30231
2026-Nov-07 00:00,0.786,4.555,1.3832214764919,83.0080 /L,1.2076225,106.31191
2026-Nov-07 03:00,0.736,4.507,1.38218232098873,83.0731 /L,1.2064707,106.32145
2026-Nov-07 06:00,0.74,4.513,1.38114269413015,83.1382 /L,1.205316,106.33093
2026-Nov-07 09:00,0.76,4.534,1.38010259797026,83.2035 /L,1.2041584,106.34036
2026-Nov-07 12:00,0.786,4.561,1.37906203456534,83.2687 /L,1.2029979,106.34972
2026-Nov-07 15:00,0.818,4.595,1.37802100599348,83.3341 /L,1.2018345,106.35902
2026-Nov-07 18:00,0.799,4.577,1.3769795143313,83.3995 /L,1.2006682,106.36827
2026-Nov-07 21:00,0.813,4.594,1.37593756166883,83.4650 /L,1.1994989,106.37745
2026-Nov-08 00:00,0.784,4.566,1.37489515010802,83.5305 /L,1.1983268,106.38658
2026-Nov-08 03:00,0.732,4.515,1.37385228174855,83.5962 /L,1.1971517,106.39565
2026-Nov-08 06:00,0.722,4.507,1.37280895871001,83.6618 /L,1.1959738,106.40466
2026-Nov-08 09:00,0.732,4.519,1.37176518311008,83.7276 /L,1.194793,106.41361
2026-Nov-08 12:00,0.77,4.559,1.37072095707494,83.7934 /L,1.1936093,106.4225
2026-Nov-08 15:00,0.812,4.602,1.36967628274347,83.8593 /L,1.1924228,106.43133
2026-Nov-08 18:00,0.81,4.602,1.36863116224907,83.9252 /L,1.1912333,106.4401
2026-Nov-08 21:00,0.798,4.591,1.36758559774239,83.9913 /L,1.190041,106.44881
2026-Nov-09 00:00,0.776,4.571,1.36653959137274,84.0573 /L,1.1888458,106.45747
2026-Nov-09 03:00,0.737,4.534,1.36549314529282,84.1235 /L,1.1876477,106.46606
2026-Nov-09 06:00,0.701,4.499,1.36444626166861,84.1897 /L,1.1864468,106.4746
2026-Nov-09 09:00,0.72,4.52,1.36339894265799,84.2560 /L,1.185243,106.48307
2026-Nov-09 12:00,0.752,4.554,1.36235119043281,84.3224 /L,1.1840363,106.49149
2026-Nov-09 15:00,0.784,4.587,1.36130300716479,84.3888 /L,1.1828268,106.49984
2026-Nov-09 18:00,0.791,4.596,1.36025439502426,84.4553 /L,1.1816145,106.50814
2026-Nov-09 21:00,0.779,4.586,1.35920535619523,84.5218 /L,1.1803993,106.51638
2026-Nov-10 00:00,0.772,4.581,1.35815589285222,84.5885 /L,1.1791812,106.52456
2026-Nov-10 03:00,0.732,4.542,1.35710600718019,84.6552 /L,1.1779603,106.53268
2026-Nov-10 06:00,0.684,4.496,1.35605570136561,84.7219 /L,1.1767365,106.54074
2026-Nov-10 09:00,0.703,4.516,1.35500497758939,84.7887 /L,1.1755099,106.54874
2026-Nov-10 12:00,0.712,4.527,1.35395383804583,84.8556 /L,1.1742805,106.55668
2026-Nov-10 15:00,0.76,4.577,1.35290228491924,84.9226 /L,1.1730482,106.56457
2026-Nov-10 18:00,0.767,4.586,1.35185032040045,84.9897 /L,1.1718131,106.57239
2026-Nov-10 21:00,0.761,4.581,1.35079794668364,85.0568 /L,1.1705751,106.58015
2026-Nov-11 00:00,0.774,4.596,1.34974516595411,85.1239 /L,1.1693343,106.58785
2026-Nov-11 03:00,0.73,4.554,1.34869198040985,85.1912 /L,1.1680907,106.5955
2026-Nov-11 06:00,0.678,4.504,1.3476383922396,85.2585 /L,1.1668442,106.60308
2026-Nov-11 09:00,0.691,4.518,1.34658440363464,85.3259 /L,1.1655949,106.61061
2026-Nov-11 12:00,0.706,4.535,1.34553001679177,85.3933 /L,1.1643428,106.61807
2026-Nov-11 15:00,0.745,4.575,1.34447523389624,85.4609 /L,1.1630878,106.62548
2026-Nov-11 18:00,0.759,4.591,1.34342005714471,85.5285 /L,1.16183,106.63282
2026-Nov-11 21:00,0.746,4.58,1.34236448872591,85.5961 /L,1.1605693,106.64011
2026-Nov-12 00:00,0.769,4.605,1.34130853082724,85.6638 /L,1.1593058,106.64733
2026-Nov-12 03:00,0.73,4.567,1.3402521856434,85.7316 /L,1.1580395,106.6545
2026-Nov-12 06:00,0.678,4.517,1.339195455356,85.7995 /L,1.1567703,106.6616
2026-Nov-12 09:00,0.678,4.518,1.3381383421563,85.8675 /L,1.1554983,106.66864
2026-Nov-12 12:00,0.691,4.533,1.33708084822993,85.9355 /L,1.1542235,106.67563
2026-Nov-12 15:00,0.721,4.565,1.33602297575758,86.0036 /L,1.1529458,106.68255
2026-Nov-12 18:00,0.763,4.609,1.33496472692884,86.0717 /L,1.1516653,106.68942
2026-Nov-12 21:00,0.748,4.595,1.33390610391963,86.1399 /L,1.1503819,106.69622
2026-Nov-13 00:00,0.748,4.598,1.33284710891306,86.2082 /L,1.1490957,106.70296
2026-Nov-13 03:00,0.723,4.574,1.3317877440892,86.2766 /L,1.1478067,106.70965
2026-Nov-13 06:00,0.676,4.529,1.33072801161979,86.3450 /L,1.1465148,106.71627
2026-Nov-13 09:00,0.655,4.509,1.32966791368652,86.4135 /L,1.14522,106.72283
2026-Nov-13 12:00,0.67,4.527,1.32860745245773,86.4821 /L,1.1439224,106.72933
2026-Nov-13 15:00,0.706,4.564,1.32754663010621,86.5508 /L,1.142622,106.73577
2026-Nov-13 18:00,0.744,4.604,1.32648544880464,86.6195 /L,1.1413187,106.74215
2026-Nov-13 21:00,0.747,4.608,1.32542391071477,86.6883 /L,1.1400125,106.74846
2026-Nov-14 00:00,0.734,4.598,1.32436201800863,86.7571 /L,1.1387034,106.75472
2026-Nov-14 03:00,0.716,4.581,1.32329977284607,86.8261 /L,1.1373915,106.76091
2026-Nov-14 06:00,0.679,4.546,1.32223717738816,86.8951 /L,1.1360768,106.76705
2026-Nov-14 09:00,0.636,4.505,1.32117423379855,86.9642 /L,1.1347591,106.77312
2026-Nov-14 12:00,0.655,4.526,1.32011094422775,87.0333 /L,1.1334386,106.77913
2026-Nov-14 15:00,0.681,4.553,1.31904731083603,87.1025 /L,1.1321152,106.78508
2026-Nov-14 18:00,0.714,4.588,1.31798333577334,87.1718 /L,1.130789,106.79097
2026-Nov-14 21:00,0.723,4.598,1.31691902118752,87.2412 /L,1.1294598,106.79679
2026-Nov-15 00:00,0.712,4.59,1.31585436923142,87.3107 /L,1.1281278,106.80256
2026-Nov-15 03:00,0.715,4.594,1.31478938204351,87.3802 /L,1.1267929,106.80826
2026-Nov-15 06:00,0.673,4.554,1.31372406177066,87.4498 /L,1.1254551,106.8139
2026-Nov-15 09:00,0.621,4.504,1.31265841055167,87.5194 /L,1.1241144,106.81948
2026-Nov-15 12:00,0.64,4.524,1.31159243051976,87.5891 /L,1.1227707,106.82499
2026-Nov-15 15:00,0.641,4.528,1.31052612381483,87.6590 /L,1.1214242,106.83045
2026-Nov-15 18:00,0.698,4.586,1.3094594925615,87.7288 /L,1.1200748,106.83584
2026-Nov-15 21:00,0.703,4.593,1.30839253889059,87.7988 /L,1.1187225,106.84116
2026-Nov-16 00:00,0.697,4.588,1.30732526492742,87.8688 /L,1.1173673,106.84643
2026-Nov-16 03:00,0.715,4.609,1.30625767278811,87.9389 /L,1.1160091,106.85163
2026-Nov-16 06:00,0.671,4.567,1.30518976459674,88.0091 /L,1.114648,106.85677
2026-Nov-16 09:00,0.621,4.518,1.30412154246197,88.0793 /L,1.113284,106.86185
2026-Nov-16 12:00,0.627,4.526,1.30305300849572,88.1497 /L,1.1119171,106.86686
2026-Nov-16 15:00,0.648,4.548,1.30198416480682,88.2200 /L,1.1105473,106.87181
2026-Nov-16 18:00,0.675,4.577,1.30091501349163,88.2905 /L,1.1091745,106.8767
2026-Nov-16 21:00,0.701,4.605,1.29984555665429,88.3611 /L,1.1077987,106.88152
2026-Nov-17 00:00,0.683,4.589,1.29877579638391,88.4317 /L,1.1064201,106.88628
2026-Nov-17 03:00,0.701,4.609,1.29770573476906,88.5024 /L,1.1050384,106.89098
2026-Nov-17 06:00,0.669,4.579,1.29663537389737,88.5731 /L,1.1036539,106.89561
2026-Nov-17 09:00,0.616,4.527,1.295564715841,88.6440 /L,1.1022663,106.90018
2026-Nov-17 12:00,0.609,4.523,1.29449376267899,88.7149 /L,1.1008758,106.90468
2026-Nov-17 15:00,0.619,4.534,1.29342251647618,88.7859 /L,1.0994824,106.90912
2026-Nov-17 18:00,0.656,4.573,1.29235097929277,88.8570 /L,1.098086,106.91349
2026-Nov-17 21:00,0.699,4.618,1.29127915318954,88.9281 /L,1.0966866,106.9178
2026-Nov-18 00:00,0.692,4.613,1.29020704020918,88.9993 /L,1.0952842,106.92205
2026-Nov-18 03:00,0.683,4.605,1.28913464239903,89.0706 /L,1.0938788,106.92623
2026-Nov-18 06:00,0.66,4.584,1.28806196179331,89.1420 /L,1.0924705,106.93034
2026-Nov-18 09:00,0.618,4.544,1.28698900041685,89.2134 /L,1.0910591,106.93439
2026-Nov-18 12:00,0.586,4.514,1.28591576029599,89.2850 /L,1.0896448,106.93838
2026-Nov-18 15:00,0.605,4.534,1.28484224343692,89.3566 /L,1.0882274,106.9423
2026-Nov-18 18:00,0.638,4.57,1.28376845184738,89.4282 /L,1.0868071,106.94615
2026-Nov-18 21:00,0.671,4.605,1.28269438752341,89.5000 /L,1.0853837,106.94994
2026-Nov-19 00:00,0.677,4.612,1.28162005244701,89.5718 /L,1.0839573,106.95366
2026-Nov-19 03:00,0.665,4.602,1.2805454486018,89.6437 /L,1.0825279,106.95731
2026-Nov-19 06:00,0.653,4.592,1.27947057794961,89.7157 /L,1.0810954,106.9609
2026-Nov-19 09:00,0.614,4.555,1.27839544244997,89.7878 /L,1.0796599,106.96442
2026-Nov-19 12:00,0.568,4.511,1.27732004405175,89.8599 /L,1.0782214,106.96788
2026-Nov-19 15:00,0.587,4.531,1.27624438468539,89.9321 /L,1.0767798,106.97127
2026-Nov-19 18:00,0.6,4.546,1.27516846628207,90.0044 /L,1.0753351,106.97459
2026-Nov-19 21:00,0.643,4.591,1.27409229075055,90.0768 /L,1.0738873,106.97784
2026-Nov-20 00:00,0.651,4.601,1.27301585999281,90.1492 /L,1.0724365,106.98103
2026-Nov-20 03:00,0.644,4.596,1.27193917590164,90.2218 /L,1.0709826,106.98414
2026-Nov-20 06:00,0.654,4.608,1.27086224034759,90.2944 /L,1.0695255,106.98719
2026-Nov-20 09:00,0.61,4.565,1.26978505520051,90.3670 /L,1.0680654,106.99017
2026-Nov-20 12:00,0.557,4.515,1.26870762230788,90.4398 /L,1.0666021,106.99308
2026-Nov-20 15:00,0.572,4.532,1.26762994350574,90.5126 /L,1.0651357,106.99593
2026-Nov-20 18:00,0.583,4.544,1.26655202062232,90.5856 /L,1.0636661,106.9987
2026-Nov-20 21:00,0.628,4.592,1.26547385546047,90.6585 /L,1.0621933,107.0014
2026-Nov-21 00:00,0.638,4.603,1.26439544982059,90.7316 /L,1.0607174,107.00404
2026-Nov-21 03:00,0.627,4.594,1.26331680548183,90.8048 /L,1.0592383,107.0066
2026-Nov-21 06:00,0.65,4.618,1.26223792420778,90.8780 /L,1.057756,107.0091
2026-Nov-21 09:00,0.608,4.579,1.26115880775598,90.9513 /L,1.0562704,107.01152
2026-Nov-21 12:00,0.557,4.53,1.26007945785707,91.0247 /L,1.0547816,107.01387
2026-Nov-21 15:00,0.558,4.533,1.25899987623737,91.0982 /L,1.0532895,107.01615
2026-Nov-21 18:00,0.574,4.551,1.25792006460443,91.1717 /L,1.0517942,107.01836
2026-Nov-21 21:00,0.601,4.579,1.25684002464686,91.2454 /L,1.0502955,107.0205
2026-Nov-22 00:00,0.64,4.62,1.25575975804917,91.3191 /L,1.0487935,107.02256
2026-Nov-22 03:00,0.622,4.604,1.25467926646923,91.3929 /L,1.0472882,107.02455
2026-Nov-22 06:00,0.629,4.613,1.25359855155913,91.4668 /L,1.0457795,107.02647
2026-Nov-22 09:00,0.601,4.587,1.25251761495602,91.5407 /L,1.0442674,107.02831
2026-Nov-22 12:00,0.551,4.539,1.25143645827662,91.6148 /L,1.0427519,107.03008
2026-Nov-22 15:00,0.535,4.525,1.25035508313627,91.6889 /L,1.0412329,107.03177
2026-Nov-22 18:00,0.548,4.54,1.24927349112625,91.7631 /L,1.0397105,107.03339
2026-Nov-22 21:00,0.585,4.579,1.24819168383161,91.8374 /L,1.0381845,107.03494
2026-Nov-23 00:00,0.624,4.62,1.24710966282796,91.9117 /L,1.036655,107.0364
2026-Nov-23 03:00,0.626,4.624,1.24602742967071,91.9862 /L,1.035122,107.0378
2026-Nov-23 06:00,0.612,4.612,1.24494498591735,92.0607 /L,1.0335853,107.03911
2026-Nov-23 09:00,0.592,4.593,1.2438623331062,92.1353 /L,1.032045,107.04035
2026-Nov-23 12:00,0.555,4.558,1.2427794727701,92.2100 /L,1.0305011,107.0415
2026-Nov-23 15:00,0.514,4.519,1.24169640643947,92.2848 /L,1.0289534,107.04258
2026-Nov-23 18:00,0.533,4.54,1.24061313562742,92.3596 /L,1.0274021,107.04359
2026-Nov-23 21:00,0.562,4.571,1.23952966185358,92.4346 /L,1.0258469,107.04451
2026-Nov-24 00:00,0.593,4.604,1.23844598662577,92.5096 /L,1.024288,107.04535
2026-Nov-24 03:00,0.601,4.614,1.2373621114487,92.5847 /L,1.0227251,107.04611
2026-Nov-24 06:00,0.59,4.605,1.23627803783302,92.6599 /L,1.0211584,107.04678
2026-Nov-24 09:00,0.588,4.605,1.23519376727699,92.7352 /L,1.0195878,107.04738
2026-Nov-24 12:00,0.546,4.565,1.23410930129052,92.8106 /L,1.0180132,107.04789
2026-Nov-24 15:00,0.496,4.517,1.23302464138082,92.8860 /L,1.0164346,107.04832
2026-Nov-24 18:00,0.515,4.537,1.23193978905568,92.9615 /L,1.014852,107.04867
2026-Nov-24 21:00,0.518,4.543,1.23085474583798,93.0372 /L,1.0132652,107.04893
2026-Nov-25 00:00,0.572,4.599,1.22976951324518,93.1129 /L,1.0116744,107.0491
2026-Nov-25 03:00,0.577,4.606,1.22868409281206,93.1887 /L,1.0100793,107.04919
2026-Nov-25 06:00,0.571,4.602,1.22759848608131,93.2645 /L,1.00848,107.04919
2026-Nov-25 09:00,0.587,4.62,1.22651269460086,93.3405 /L,1.0068765,107.04911
2026-Nov-25 12:00,0.543,4.577,1.22542671994289,93.4165 /L,1.0052686,107.04893
2026-Nov-25 15:00,0.491,4.528,1.22434056368233,93.4927 /L,1.0036564,107.04867
2026-Nov-25 18:00,0.5,4.539,1.22325422741664,93.5689 /L,1.0020398,107.04832
2026-Nov-25 21:00,0.519,4.559,1.22216771276191,93.6452 /L,1.0004188,107.04788
2026-Nov-26 00:00,0.55,4.593,1.22108102134449,93.7216 /L,0.9987933,107.04735
2026-Nov-26 03:00,0.57,4.614,1.21999415482323,93.7981 /L,0.9971633,107.04672
2026-Nov-26 06:00,0.554,4.601,1.2189071148685,93.8747 /L,0.9955287,107.04601
2026-Nov-26 09:00,0.575,4.623,1.21781990317767,93.9513 /L,0.9938895,107.0452
2026-Nov-26 12:00,0.539,4.59,1.21673252147687,94.0281 /L,0.9922457,107.0443
2026-Nov-26 15:00,0.486,4.538,1.21564497150749,94.1049 /L,0.9905972,107.0433
2026-Nov-26 18:00,0.483,4.537,1.2145572550499,94.1818 /L,0.988944,107.04221
2026-Nov-26 21:00,0.493,4.55,1.2134693739042,94.2589 /L,0.987286,107.04102
2026-Nov-27 00:00,0.527,4.585,1.2123813299004,94.3360 /L,0.9856232,107.03974
2026-Nov-27 03:00,0.57,4.631,1.21129312490566,94.4132 /L,0.9839556,107.03836
2026-Nov-27 06:00,0.559,4.621,1.21020476080648,94.4905 /L,0.9822831,107.03688
2026-Nov-27 09:00,0.553,4.618,1.20911623953254,94.5678 /L,0.9806057,107.0353
2026-Nov-27 12:00,0.529,4.595,1.20802756304055,94.6453 /L,0.9789234,107.03363
2026-Nov-27 15:00,0.485,4.553,1.20693873331846,94.7229 /L,0.977236,107.03185
2026-Nov-27 18:00,0.457,4.527,1.20584975239767,94.8005 /L,0.9755438,107.02997
2026-Nov-27 21:00,0.474,4.547,1.20476062233217,94.8782 /L,0.9738464,107.028
2026-Nov-28 00:00,0.509,4.583,1.20367134522073,94.9561 /L,0.972144,107.02592
2026-Nov-28 03:00,0.544,4.62,1.20258192319491,95.0340 /L,0.9704366,107.02374
2026-Nov-28 06:00,0.548,4.626,1.20149235841692,95.1120 /L,0.968724,107.02146
2026-Nov-28 09:00,0.535,4.616,1.20040265309612,95.1901 /L,0.9670062,107.01907
2026-Nov-28 12:00,0.52,4.602,1.1993128094665,95.2683 /L,0.9652833,107.01658
2026-Nov-28 15:00,0.481,4.566,1.198222829806,95.3466 /L,0.9635552,107.01398
2026-Nov-28 18:00,0.437,4.523,1.19713271642959,95.4250 /L,0.9618219,107.01128
2026-Nov-28 21:00,0.455,4.544,1.196042471681,95.5035 /L,0.9600833,107.00847
2026-Nov-29 00:00,0.474,4.565,1.19495209795273,95.5821 /L,0.9583395,107.00556
2026-Nov-29 03:00,0.512,4.605,1.19386159766305,95.6607 /L,0.9565904,107.00254
2026-Nov-29 06:00,0.52,4.615,1.19277097327139,95.7395 /L,0.9548361,106.99941
2026-Nov-29 09:00,0.511,4.608,1.19168022727676,95.8183 /L,0.9530764,106.99617
2026-Nov-29 12:00,0.518,4.617,1.19058936220411,95.8973 /L,0.9513113,106.99282
2026-Nov-29 15:00,0.474,4.575,1.18949838062626,95.9763 /L,0.949541,106.98936
2026-Nov-29 18:00,0.421,4.524,1.18840728514238,96.0555 /L,0.9477652,106.9858
2026-Nov-29 21:00,0.438,4.543,1.18731607838843,96.1347 /L,0.9459841,106.98212
2026-Nov-30 00:00,0.443,4.55,1.18622476304129,96.2141 /L,0.9441976,106.97833
2026-Nov-30 03:00,0.495,4.604,1.18513334180075,96.2935 /L,0.9424057,106.97443
2026-Nov-30 06:00,0.502,4.613,1.18404181741196,96.3730 /L,0.9406084,106.97041
2026-Nov-30 09:00,0.493,4.607,1.18295019264699,96.4526 /L,0.9388056,106.96629
2026-Nov-30 12:00,0.513,4.629,1.18185847030937,96.5324 /L,0.9369974,106.96204
2026-Nov-30 15:00,0.47,4.588,1.18076665324379,96.6122 /L,0.9351838,106.95769
2026-Nov-30 18:00,0.42,4.539,1.17967474431463,96.6921 /L,0.9333647,106.95322
2026-Nov-30 21:00,0.423,4.545,1.1785827464279,96.7721 /L,0.9315401,106.94863
2026-Dec-01 00:00,0.442,4.566,1.17749066251666,96.8522 /L,0.9297101,106.94393
2026-Dec-01 03:00,0.467,4.593,1.17639849553997,96.9324 /L,0.9278746,106.93911
2026-Dec-01 06:00,0.499,4.627,1.17530624849729,97.0127 /L,0.9260336,106.93417
2026-Dec-01 09:00,0.48,4.61,1.17421392440546,97.0931 /L,0.924187,106.92911
2026-Dec-01 12:00,0.493,4.625,1.17312152631826,97.1736 /L,0.922335,106.92394
2026-Dec-01 15:00,0.463,4.597,1.17202905731708,97.2542 /L,0.9204775,106.91864
2026-Dec-01 18:00,0.411,4.547,1.17093652050393,97.3349 /L,0.9186145,106.91323
2026-Dec-01 21:00,0.4,4.538,1.1698439190198,97.4157 /L,0.9167459,106.90769
2026-Dec-02 00:00,0.41,4.55,1.16875125602112,97.4966 /L,0.9148718,106.90204
2026-Dec-02 03:00,0.447,4.59,1.16765853469606,97.5777 /L,0.9129922,106.89626
2026-Dec-02 06:00,0.489,4.633,1.16656575826086,97.6588 /L,0.9111071,106.89036
2026-Dec-02 09:00,0.487,4.633,1.16547292994746,97.7400 /L,0.9092164,106.88433
2026-Dec-02 12:00,0.474,4.623,1.16438005302476,97.8213 /L,0.9073202,106.87818
2026-Dec-02 15:00,0.451,4.602,1.16328713077625,97.9027 /L,0.9054184,106.87191
2026-Dec-02 18:00,0.412,4.565,1.16219416651185,97.9842 /L,0.9035111,106.86551
2026-Dec-02 21:00,0.374,4.53,1.16110116357015,98.0658 /L,0.9015982,106.85899
2026-Dec-03 00:00,0.393,4.551,1.1600081253015,98.1475 /L,0.8996798,106.85234
2026-Dec-03 03:00,0.424,4.584,1.15891505509033,98.2293 /L,0.8977558,106.84556
2026-Dec-03 06:00,0.456,4.618,1.15782195633565,98.3112 /L,0.8958263,106.83865
2026-Dec-03 09:00,0.462,4.626,1.15672883245734,98.3932 /L,0.8938911,106.83161
2026-Dec-03 12:00,0.45,4.616,1.15563568690434,98.4754 /L,0.8919505,106.82445
2026-Dec-03 15:00,0.443,4.611,1.15454252313417,98.5576 /L,0.8900042,106.81715
2026-Dec-03 18:00,0.402,4.572,1.15344934463523,98.6399 /L,0.8880524,106.80973
2026-Dec-03 21:00,0.354,4.526,1.15235615491108,98.7224 /L,0.886095,106.80217
2026-Dec-04 00:00,0.372,4.546,1.15126295748132,98.8049 /L,0.8841321,106.79448
2026-Dec-04 03:00,0.379,4.556,1.1501697558946,98.8875 /L,0.8821635,106.78665
2026-Dec-04 06:00,0.428,4.607,1.14907655370612,98.9703 /L,0.8801894,106.7787
2026-Dec-04 09:00,0.434,4.615,1.14798335449819,99.0531 /L,0.8782097,106.7706
2026-Dec-04 12:00,0.427,4.61,1.14689016186936,99.1361 /L,0.8762245,106.76237
2026-Dec-04 15:00,0.44,4.625,1.14579697942934,99.2191 /L,0.8742336,106.75401
2026-Dec-04 18:00,0.395,4.583,1.14470381081654,99.3023 /L,0.8722372,106.7455
2026-Dec-04 21:00,0.343,4.532,1.14361065967466,99.3856 /L,0.8702352,106.73686
2026-Dec-05 00:00,0.354,4.546,1.14251752967037,99.4689 /L,0.8682276,106.72808
2026-Dec-05 03:00,0.369,4.563,1.14142442448804,99.5524 /L,0.8662144,106.71916
2026-Dec-05 06:00,0.407,4.603,1.14033134781922,99.6360 /L,0.8641956,106.7101
2026-Dec-05 09:00,0.42,4.619,1.13923830338319,99.7197 /L,0.8621713,106.7009
2026-Dec-05 12:00,0.407,4.608,1.13814529490432,99.8035 /L,0.8601413,106.69155
2026-Dec-05 15:00,0.43,4.632,1.13705232612549,99.8874 /L,0.8581058,106.68206
2026-Dec-05 18:00,0.389,4.594,1.13595940080867,99.9714 /L,0.8560647,106.67243
2026-Dec-05 21:00,0.337,4.544,1.13486652271944,100.0556 /L,0.854018,106.66265
2026-Dec-06 00:00,0.336,4.545,1.13377369564937,100.1398 /L,0.8519657,106.65273
2026-Dec-06 03:00,0.348,4.56,1.13268092339564,100.2241 /L,0.8499078,106.64265
2026-Dec-06 06:00,0.378,4.591,1.1315882097693,100.3086 /L,0.8478443,106.63243
2026-Dec-06 09:00,0.419,4.635,1.13049555860185,100.3931 /L,0.8457753,106.62206
2026-Dec-06 12:00,0.403,4.621,1.12940297372581,100.4778 /L,0.8437006,106.61154
2026-Dec-06 15:00,0.403,4.624,1.12831045899744,100.5626 /L,0.8416203,106.60087
2026-Dec-06 18:00,0.378,4.6,1.12721801827973,100.6475 /L,0.8395345,106.59005
2026-Dec-06 21:00,0.33,4.554,1.12612565544507,100.7324 /L,0.837443,106.57907
2026-Dec-07 00:00,0.308,4.535,1.12503337438704,100.8175 /L,0.835346,106.56793
2026-Dec-07 03:00,0.323,4.552,1.12394117899841,100.9028 /L,0.8332434,106.55665
2026-Dec-07 06:00,0.358,4.589,1.12284907319252,100.9881 /L,0.8311352,106.5452
2026-Dec-07 09:00,0.395,4.628,1.12175706089099,101.0735 /L,0.8290214,106.5336
2026-Dec-07 12:00,0.397,4.633,1.12066514602061,101.1591 /L,0.8269019,106.52184
2026-Dec-07 15:00,0.384,4.622,1.11957333252966,101.2447 /L,0.8247769,106.50991
2026-Dec-07 18:00,0.365,4.605,1.1184816243648,101.3305 /L,0.8226463,106.49783
2026-Dec-07 21:00,0.327,4.569,1.11739002548979,101.4164 /L,0.8205101,106.48559
2026-Dec-08 00:00,0.284,4.528,1.11629853987857,101.5023 /L,0.8183684,106.47318
2026-Dec-08 03:00,0.302,4.549,1.11520717150638,101.5884 /L,0.816221,106.4606
2026-Dec-08 06:00,0.328,4.577,1.11411592436955,101.6746 /L,0.814068,106.44786
2026-Dec-08 09:00,0.36,4.611,1.11302480246264,101.7610 /L,0.8119094,106.43495
2026-Dec-08 12:00,0.368,4.621,1.11193380979332,101.8474 /L,0.8097452,106.42187
2026-Dec-08 15:00,0.357,4.612,1.1108429503812,101.9340 /L,0.8075755,106.40862
2026-Dec-08 18:00,0.358,4.616,1.10975222824401,102.0206 /L,0.8054001,106.39521
2026-Dec-08 21:00,0.315,4.575,1.10866164741965,102.1074 /L,0.8032191,106.38161
2026-Dec-09 00:00,0.263,4.526,1.10757121194495,102.1943 /L,0.8010326,106.36785
2026-Dec-09 03:00,0.281,4.546,1.10648092586586,102.2813 /L,0.7988404,106.3539
2026-Dec-09 06:00,0.282,4.549,1.1053907932421,102.3684 /L,0.7966426,106.33978
2026-Dec-09 09:00,0.338,4.607,1.10430081812908,102.4556 /L,0.7944393,106.32548
2026-Dec-09 12:00,0.343,4.614,1.10321100460052,102.5430 /L,0.7922303,106.31101
2026-Dec-09 15:00,0.335,4.609,1.10212135673046,102.6304 /L,0.7900157,106.29635
2026-Dec-09 18:00,0.353,4.629,1.10103187859791,102.7180 /L,0.7877956,106.2815
2026-Dec-09 21:00,0.308,4.586,1.09994257429698,102.8057 /L,0.7855698,106.26647
2026-Dec-10 00:00,0.257,4.537,1.09885344791584,102.8935 /L,0.7833384,106.25126
2026-Dec-10 03:00,0.263,4.546,1.09776450355877,102.9814 /L,0.7811014,106.23586
2026-Dec-10 06:00,0.283,4.568,1.09667574533237,103.0695 /L,0.7788588,106.22026
2026-Dec-10 09:00,0.309,4.596,1.09558717734436,103.1576 /L,0.7766106,106.20448
2026-Dec-10 12:00,0.334,4.623,1.09449880371874,103.2459 /L,0.7743568,106.1885
2026-Dec-10 15:00,0.316,4.608,1.0934106285728,103.3343 /L,0.7720974,106.17233
2026-Dec-10 18:00,0.334,4.627,1.09232265603706,103.4228 /L,0.7698323,106.15596
2026-Dec-10 21:00,0.3,4.597,1.09123489024662,103.5114 /L,0.7675617,106.1394
2026-Dec-11 00:00,0.246,4.545,1.09014733533409,103.6001 /L,0.7652854,106.12263
2026-Dec-11 03:00,0.24,4.54,1.08905999544874,103.6890 /L,0.7630035,106.10566
2026-Dec-11 06:00,0.249,4.552,1.08797287473339,103.7779 /L,0.760716,106.08849
2026-Dec-11 09:00,0.284,4.59,1.08688597734078,103.8670 /L,0.7584229,106.07111
2026-Dec-11 12:00,0.327,4.635,1.08579930743078,103.9562 /L,0.7561242,106.05353
2026-Dec-11 15:00,0.319,4.629,1.08471286915806,104.0456 /L,0.7538198,106.03573
2026-Dec-11 18:00,0.309,4.622,1.08362666669369,104.1350 /L,0.7515098,106.01772
2026-Dec-11 21:00,0.285,4.6,1.08254070420339,104.2246 /L,0.7491942,105.9995
2026-Dec-12 00:00,0.243,4.559,1.08145498585921,104.3142 /L,0.7468729,105.98106
2026-Dec-12 03:00,0.21,4.529,1.08036951584265,104.4040 /L,0.7445461,105.96241
2026-Dec-12 06:00,0.228,4.55,1.07928429832771,104.4940 /L,0.7422136,105.94353
2026-Dec-12 09:00,0.261,4.585,1.0781993375038,104.5840 /L,0.7398754,105.92444
2026-Dec-12 12:00,0.294,4.62,1.07711463755661,104.6742 /L,0.7375316,105.90511
2026-Dec-12 15:00,0.298,4.627,1.07603020267472,104.7645 /L,0.7351822,105.88556
2026-Dec-12 18:00,0.286,4.616,1.07494603705812,104.8549 /L,0.7328271,105.86578
2026-Dec-12 21:00,0.273,4.606,1.07386214489813,104.9454 /L,0.7304664,105.84577
2026-Dec-13 00:00,0.233,4.568,1.07277853039978,105.0360 /L,0.7281001,105.82553
2026-Dec-13 03:00,0.186,4.524,1.07169519776667,105.1268 /L,0.7257281,105.80505
2026-Dec-13 06:00,0.204,4.544,1.07061215120165,105.2177 /L,0.7233504,105.78433
2026-Dec-13 09:00,0.218,4.561,1.0695293949205,105.3087 /L,0.7209671,105.76337
2026-Dec-13 12:00,0.259,4.604,1.06844693312956,105.3998 /L,0.7185781,105.74216
2026-Dec-13 15:00,0.267,4.614,1.06736477004643,105.4911 /L,0.7161835,105.72071
2026-Dec-13 18:00,0.258,4.608,1.06628290988975,105.5824 /L,0.7137832,105.699
2026-Dec-13 21:00,0.267,4.619,1.0652013568741,105.6739 /L,0.7113773,105.67705
2026-Dec-14 00:00,0.222,4.576,1.0641201152279,105.7656 /L,0.7089657,105.65484
2026-Dec-14 03:00,0.169,4.525,1.06303918917029,105.8573 /L,0.7065484,105.63237
2026-Dec-14 06:00,0.184,4.542,1.06195858292876,105.9492 /L,0.7041255,105.60964
2026-Dec-14 09:00,0.192,4.553,1.06087830073435,106.0412 /L,0.7016969,105.58665
2026-Dec-14 12:00,0.239,4.602,1.05979834681102,106.1333 /L,0.6992626,105.56339
2026-Dec-14 15:00,0.247,4.612,1.05871872539645,106.2255 /L,0.6968226,105.53986
2026-Dec-14 18:00,0.236,4.604,1.0576394407197,106.3179 /L,0.694377,105.51606
2026-Dec-14 21:00,0.257,4.627,1.05656049701455,106.4104 /L,0.6919256,105.49199
2026-Dec-15 00:00,0.214,4.587,1.05548189852062,106.5030 /L,0.6894686,105.46763
2026-Dec-15 03:00,0.163,4.538,1.05440364946778,106.5957 /L,0.6870059,105.44299
2026-Dec-15 06:00,0.164,4.542,1.0533257540988,106.6886 /L,0.6845376,105.41806
2026-Dec-15 09:00,0.18,4.56,1.05224821664918,106.7816 /L,0.6820635,105.39285
2026-Dec-15 12:00,0.206,4.588,1.05117104135523,106.8747 /L,0.6795837,105.36734
2026-Dec-15 15:00,0.242,4.626,1.05009423246088,106.9680 /L,0.6770983,105.34154
2026-Dec-15 18:00,0.222,4.609,1.04901779419836,107.0613 /L,0.6746071,105.31543
2026-Dec-15 21:00,0.231,4.62,1.04794173081064,107.1548 /L,0.6721103,105.28903
2026-Dec-16 00:00,0.202,4.594,1.04686604653494,107.2485 /L,0.6696077,105.26231
2026-Dec-16 03:00,0.151,4.544,1.04579074560504,107.3422 /L,0.6670995,105.23528
2026-Dec-16 06:00,0.135,4.532,1.04471583226345,107.4361 /L,0.6645855,105.20794
2026-Dec-16 09:00,0.147,4.546,1.04364131073939,107.5301 /L,0.6620659,105.18028
2026-Dec-16 12:00,0.183,4.584,1.04256718527008,107.6243 /L,0.6595405,105.1523
2026-Dec-16 15:00,0.223,4.626,1.0414934600887,107.7185 /L,0.6570094,105.12399
2026-Dec-16 18:00,0.223,4.629,1.04042013942099,107.8129 /L,0.6544726,105.09534
2026-Dec-16 21:00,0.208,4.616,1.03934722750163,107.9074 /L,0.6519301,105.06636
2026-Dec-17 00:00,0.186,4.597,1.03827472855107,108.0021 /L,0.6493818,105.03704
2026-Dec-17 03:00,0.148,4.561,1.03720264679403,108.0969 /L,0.6468278,105.00738
2026-Dec-17 06:00,0.107,4.523,1.03613098645277,108.1918 /L,0.6442681,104.97736
2026-Dec-17 09:00,0.126,4.543,1.03505975173796,108.2868 /L,0.6417027,104.94699
2026-Dec-17 12:00,0.155,4.575,1.03398894686859,108.3820 /L,0.6391315,104.91626
2026-Dec-17 15:00,0.186,4.608,1.03291857604905,108.4773 /L,0.6365546,104.88517
2026-Dec-17 18:00,0.192,4.617,1.03184864348383,108.5727 /L,0.633972,104.85371
2026-Dec-17 21:00,0.18,4.607,1.03077915337652,108.6683 /L,0.6313835,104.82187
2026-Dec-18 00:00,0.175,4.605,1.02971010991563,108.7640 /L,0.6287894,104.78965
2026-Dec-18 03:00,0.133,4.565,1.02864151729655,108.8598 /L,0.6261895,104.75705
2026-Dec-18 06:00,0.083,4.518,1.02757337970034,108.9558 /L,0.6235838,104.72406
2026-Dec-18 09:00,0.101,4.538,1.02650570130359,109.0519 /L,0.6209723,104.69067
2026-Dec-18 12:00,0.105,4.545,1.02543848628314,109.1481 /L,0.6183551,104.65688
2026-Dec-18 15:00,0.157,4.598,1.02437173879781,109.2445 /L,0.6157321,104.62268
2026-Dec-18 18:00,0.161,4.606,1.02330546301109,109.3410 /L,0.6131033,104.58806
2026-Dec-18 21:00,0.154,4.601,1.02223966307321,109.4376 /L,0.6104687,104.55303
2026-Dec-19 00:00,0.168,4.617,1.02117434312545,109.5344 /L,0.6078283,104.51757
2026-Dec-19 03:00,0.123,4.575,1.02010950731063,109.6312 /L,0.605182,104.48168
2026-Dec-19 06:00,0.071,4.524,1.0190451597518,109.7283 /L,0.60253,104.44534
2026-Dec-19 09:00,0.08,4.536,1.01798130457422,109.8254 /L,0.5998721,104.40856
2026-Dec-19 12:00,0.097,4.555,1.01691794589171,109.9227 /L,0.5972083,104.37133
2026-Dec-19 15:00,0.13,4.591,1.01585508780532,110.0202 /L,0.5945387,104.33363
2026-Dec-19 18:00,0.146,4.61,1.01479273441862,110.1177 /L,0.5918632,104.29547
2026-Dec-19 21:00,0.131,4.597,1.01373088981498,110.2154 /L,0.5891818,104.25683
2026-Dec-20 00:00,0.152,4.621,1.01266955807744,110.3133 /L,0.5864945,104.2177
2026-Dec-20 03:00,0.114,4.584,1.01160874328051,110.4113 /L,0.5838013,104.17809
2026-Dec-20 06:00,0.06,4.533,1.01054844948341,110.5094 /L,0.5811022,104.13797
2026-Dec-20 09:00,0.058,4.533,1.00948868074929,110.6076 /L,0.5783971,104.09735
2026-Dec-20 12:00,0.068,4.546,1.00842944112262,110.7060 /L,0.575686,104.05621
2026-Dec-20 15:00,0.099,4.58,1.00737073464584,110.8045 /L,0.5729689,104.01454
2026-Dec-20 18:00,0.141,4.624,1.006312565357,110.9032 /L,0.5702458,103.97234
2026-Dec-20 21:00,0.127,4.612,1.0052549372779,111.0020 /L,0.5675167,103.92959
2026-Dec-21 00:00,0.123,4.611,1.0041978544362,111.1009 /L,0.5647815,103.88629
2026-Dec-21 03:00,0.097,4.588,1.00314132084446,111.2000 /L,0.5620402,103.84243
2026-Dec-21 06:00,0.051,4.544,1.00208534051251,111.2992 /L,0.5592928,103.79799
2026-Dec-21 09:00,0.025,4.52,1.00102991745132,111.3986 /L,0.5565393,103.75297
2026-Dec-21 12:00,0.041,4.539,0.99997505565711,111.4981 /L,0.5537796,103.70735
2026-Dec-21 15:00,0.075,4.576,0.99892075913505,111.5977 /L,0.5510137,103.66113
2026-Dec-21 18:00,0.111,4.613,0.9978670318812,111.6975 /L,0.5482416,103.61429
2026-Dec-21 21:00,0.113,4.618,0.99681387789009,111.7974 /L,0.5454632,103.56682
2026-Dec-22 00:00,0.1,4.607,0.99576130116447,111.8975 /L,0.5426786,103.51871
2026-Dec-22 03:00,0.081,4.591,0.9947093056963,111.9977 /L,0.5398876,103.46995
2026-Dec-22 06:00,0.043,4.555,0.99365789549047,112.0980 /L,0.5370903,103.42052
2026-Dec-22 09:00,-0.002,4.513,0.9926070745511,112.1985 /L,0.5342866,103.37042
2026-Dec-22 12:00,0.016,4.534,0.99155684688368,112.2991 /L,0.5314764,103.31962
2026-Dec-22 15:00,0.039,4.559,0.99050721651029,112.3999 /L,0.5286598,103.26812
2026-Dec-22 18:00,0.072,4.595,0.9894581874489,112.5008 /L,0.5258367,103.2159
2026-Dec-22 21:00,0.08,4.605,0.98840976373569,112.6019 /L,0.5230071,103.16295
2026-Dec-23 00:00,0.069,4.596,0.98736194941651,112.7031 /L,0.5201709,103.10925
2026-Dec-23 03:00,0.072,4.602,0.98631474854346,112.8044 /L,0.5173281,103.05479
2026-Dec-23 06:00,0.028,4.56,0.98526816519456,112.9059 /L,0.5144787,102.99954
2026-Dec-23 09:00,-0.025,4.51,0.98422220345244,113.0076 /L,0.5116226,102.94351
2026-Dec-23 12:00,-0.008,4.529,0.98317686742377,113.1093 /L,0.5087598,102.88666
2026-Dec-23 15:00,-0.007,4.532,0.98213216123638,113.2113 /L,0.5058902,102.82899
2026-Dec-23 18:00,0.048,4.59,0.98108808903053,113.3133 /L,0.5030138,102.77047
2026-Dec-23 21:00,0.053,4.597,0.98004465498173,113.4156 /L,0.5001306,102.71109
2026-Dec-24 00:00,0.044,4.592,0.97900186328028,113.5179 /L,0.4972406,102.65083
2026-Dec-24 03:00,0.062,4.612,0.97795971814657,113.6204 /L,0.4943436,102.58967
2026-Dec-24 06:00,0.018,4.57,0.97691822383401,113.7231 /L,0.4914398,102.5276
2026-Dec-24 09:00,-0.034,4.521,0.97587738461536,113.8259 /L,0.488529,102.46458
2026-Dec-24 12:00,-0.029,4.528,0.9748372048071,113.9289 /L,0.4856111,102.40061
2026-Dec-24 15:00,-0.009,4.55,0.97379768875094,114.0320 /L,0.4826863,102.33566
2026-Dec-24 18:00,0.015,4.577,0.97275884082382,114.1353 /L,0.4797544,102.26971
2026-Dec-24 21:00,0.042,4.607,0.97172066544629,114.2387 /L,0.4768154,102.20274
2026-Dec-25 00:00,0.023,4.59,0.97068316706484,114.3422 /L,0.4738694,102.13472
2026-Dec-25 03:00,0.039,4.608,0.96964635017616,114.4459 /L,0.4709162,102.06563
2026-Dec-25 06:00,0.006,4.578,0.96861021931195,114.5498 /L,0.4679559,101.99546
2026-Dec-25 09:00,-0.048,4.527,0.96757477904286,114.6538 /L,0.4649884,101.92417
2026-Dec-25 12:00,-0.057,4.521,0.96654003399189,114.7580 /L,0.4620137,101.85174
2026-Dec-25 15:00,-0.048,4.532,0.96550598881369,114.8623 /L,0.4590318,101.77814
2026-Dec-25 18:00,-0.012,4.57,0.96447264821696,114.9668 /L,0.4560427,101.70335
2026-Dec-25 21:00,0.03,4.615,0.96344001695343,115.0714 /L,0.4530464,101.62734
2026-Dec-26 00:00,0.023,4.611,0.96240809981546,115.1762 /L,0.4500429,101.55009
2026-Dec-26 03:00,0.012,4.602,0.96137690165347,115.2811 /L,0.4470321,101.47156
2026-Dec-26 06:00,-0.012,4.58,0.96034642735343,115.3862 /L,0.4440141,101.39172
2026-Dec-26 09:00,-0.054,4.541,0.95931668185639,115.4914 /L,0.4409889,101.31054
2026-Dec-26 12:00,-0.088,4.509,0.95828767015223,115.5968 /L,0.4379564,101.228
2026-Dec-26 15:00,-0.071,4.529,0.9572593972712,115.7024 /L,0.4349168,101.14405
2026-Dec-26 18:00,-0.038,4.564,0.95623186830439,115.8081 /L,0.4318699,101.05868
2026-Dec-26 21:00,-0.007,4.598,0.95520508838097,115.9140 /L,0.4288157,100.97183
2026-Dec-27 00:00,-0.002,4.605,0.95417906268337,116.0200 /L,0.4257544,100.88348
2026-Dec-27 03:00,-0.015,4.595,0.95315379644625,116.1262 /L,0.422686,100.7936
2026-Dec-27 06:00,-0.027,4.586,0.95212929494266,116.2325 /L,0.4196103,100.70213
2026-Dec-27 09:00,-0.067,4.548,0.95110556350594,116.3390 /L,0.4165276,100.60905
2026-Dec-27 12:00,-0.115,4.503,0.95008260750863,116.4457 /L,0.4134377,100.51431
2026-Dec-27 15:00,-0.097,4.523,0.94906043237225,116.5525 /L,0.4103407,100.41787
2026-Dec-27 18:00,-0.086,4.537,0.948039043572,116.6595 /L,0.4072367,100.3197
2026-Dec-27 21:00,-0.044,4.582,0.94701844661828,116.7666 /L,0.4041256,100.21974
2026-Dec-28 00:00,-0.036,4.592,0.94599864707919,116.8739 /L,0.4010076,100.11795
2026-Dec-28 03:00,-0.045,4.586,0.9449796505621,116.9813 /L,0.3978826,100.01428
2026-Dec-28 06:00,-0.035,4.598,0.94396146271781,117.0890 /L,0.3947507,99.908685
2026-Dec-28 09:00,-0.081,4.555,0.94294408925032,117.1967 /L,0.391612,99.801114
2026-Dec-28 12:00,-0.134,4.504,0.94192753589514,117.3047 /L,0.3884664,99.691515
2026-Dec-28 15:00,-0.12,4.52,0.94091180844083,117.4128 /L,0.3853141,99.579832
2026-Dec-28 18:00,-0.111,4.532,0.93989691271468,117.5211 /L,0.3821551,99.466011
2026-Dec-28 21:00,-0.067,4.579,0.9388828545809,117.6295 /L,0.3789894,99.349993
2026-Dec-29 00:00,-0.058,4.59,0.93786963995525,117.7381 /L,0.3758171,99.231718
2026-Dec-29 03:00,-0.07,4.581,0.93685727478165,117.8468 /L,0.3726382,99.111124
2026-Dec-29 06:00,-0.049,4.605,0.93584576505135,117.9558 /L,0.3694529,98.988146
2026-Dec-29 09:00,-0.091,4.564,0.93483511679379,118.0648 /L,0.3662612,98.862718
2026-Dec-29 12:00,-0.143,4.515,0.93382533606899,118.1741 /L,0.3630631,98.734769
2026-Dec-29 15:00,-0.143,4.518,0.93281642898587,118.2835 /L,0.3598588,98.604227
2026-Dec-29 18:00,-0.128,4.535,0.9318084016786,118.3931 /L,0.3566483,98.471018
2026-Dec-29 21:00,-0.103,4.563,0.93080126032235,118.5028 /L,0.3534317,98.335064
2026-Dec-30 00:00,-0.065,4.603,0.92979501112971,118.6128 /L,0.350209,98.196283
2026-Dec-30 03:00,-0.085,4.586,0.928789660338,118.7228 /L,0.3469804,98.054592
2026-Dec-30 06:00,-0.078,4.595,0.9277852142302,118.8331 /L,0.3437459,97.909902
2026-Dec-30 09:00,-0.107,4.569,0.92678167911265,118.9435 /L,0.3405057,97.762125
2026-Dec-30 12:00,-0.158,4.521,0.92577906132641,119.0541 /L,0.3372598,97.611162
2026-Dec-30 15:00,-0.175,4.506,0.92477736724959,119.1649 /L,0.3340084,97.456919
2026-Dec-30 18:00,-0.163,4.521,0.92377660328006,119.2758 /L,0.3307514,97.299289
2026-Dec-30 21:00,-0.127,4.559,0.92277677585774,119.3869 /L,0.3274892,97.138168
2026-Dec-31 00:00,-0.089,4.6,0.9217778914449,119.4981 /L,0.3242216,96.973444
