time,apparent-magnitude,surface brightness,distance-from-observer,solar-elongation,sky-motion-speed,sky-motion-position
2026-Jan-01 00:00,14.572,9.086,36.3280661073045,22.4528 /T,0.0751107,77.717175
2026-Jan-01 03:00,14.572,9.086,36.3289656133339,22.3311 /T,0.0751671,77.725693
2026-Jan-01 06:00,14.572,9.086,36.3298609249861,22.2094 /T,0.0752226,77.73446
2026-Jan-01 09:00,14.572,9.086,36.3307520502304,22.0877 /T,0.0752771,77.743413
2026-Jan-01 12:00,14.572,9.086,36.3316389959801,21.9660 /T,0.0753306,77.752485
2026-Jan-01 15:00,14.572,9.086,36.3325217679437,21.8444 /T,0.075383,77.761608
2026-Jan-01 18:00,14.572,9.085,36.333400370494,21.7228 /T,0.0754343,77.770712
2026-Jan-01 21:00,14.572,9.085,36.3342748065579,21.6012 /T,0.0754845,77.779729
2026-Jan-02 00:00,14.572,9.085,36.3351450775281,21.4797 /T,0.0755337,77.788591
2026-Jan-02 03:00,14.572,9.085,36.3360111831974,21.3582 /T,0.0755818,77.797234
2026-Jan-02 06:00,14.572,9.085,36.3368731217184,21.2367 /T,0.075629,77.805596
2026-Jan-02 09:00,14.572,9.085,36.3377308895866,21.1152 /T,0.0756751,77.813619
2026-Jan-02 12:00,14.572,9.085,36.3385844816494,20.9937 /T,0.0757203,77.821253
2026-Jan-02 15:00,14.571,9.085,36.3394338911395,20.8723 /T,0.0757647,77.82845
2026-Jan-02 18:00,14.571,9.084,36.3402791097326,20.7509 /T,0.0758083,77.835171
2026-Jan-02 21:00,14.571,9.084,36.3411201276289,20.6295 /T,0.0758512,77.841384
2026-Jan-03 00:00,14.571,9.084,36.3419569336559,20.5082 /T,0.0758935,77.847063
2026-Jan-03 03:00,14.571,9.084,36.3427895153926,20.3869 /T,0.0759353,77.852193
2026-Jan-03 06:00,14.571,9.084,36.3436178593121,20.2656 /T,0.0759767,77.856765
2026-Jan-03 09:00,14.571,9.084,36.3444419509406,20.1443 /T,0.0760177,77.860778
2026-Jan-03 12:00,14.571,9.084,36.3452617750309,20.0231 /T,0.0760585,77.864241
2026-Jan-03 15:00,14.571,9.084,36.3460773157468,19.9019 /T,0.0760992,77.867171
2026-Jan-03 18:00,14.571,9.083,36.3468885568573,19.7807 /T,0.0761399,77.869592
2026-Jan-03 21:00,14.571,9.083,36.3476954819357,19.6595 /T,0.0761807,77.871537
2026-Jan-04 00:00,14.571,9.083,36.3484980745621,19.5384 /T,0.0762216,77.873044
2026-Jan-04 03:00,14.571,9.083,36.3492963185256,19.4174 /T,0.0762627,77.87416
2026-Jan-04 06:00,14.57,9.083,36.3500901980231,19.2963 /T,0.0763041,77.874937
2026-Jan-04 09:00,14.57,9.083,36.3508796978523,19.1753 /T,0.076346,77.875431
2026-Jan-04 12:00,14.57,9.083,36.3516648035951,19.0543 /T,0.0763882,77.875704
2026-Jan-04 15:00,14.57,9.083,36.3524455017893,18.9333 /T,0.076431,77.87582
2026-Jan-04 18:00,14.57,9.082,36.3532217800861,18.8124 /T,0.0764742,77.875846
2026-Jan-04 21:00,14.57,9.082,36.35399362739,18.6915 /T,0.076518,77.87585
2026-Jan-05 00:00,14.57,9.082,36.3547610339808,18.5707 /T,0.0765624,77.875901
2026-Jan-05 03:00,14.57,9.082,36.3555239916133,18.4499 /T,0.0766073,77.876065
2026-Jan-05 06:00,14.57,9.082,36.3562824935959,18.3291 /T,0.0766527,77.87641
2026-Jan-05 09:00,14.57,9.082,36.357036534845,18.2084 /T,0.0766986,77.876998
2026-Jan-05 12:00,14.57,9.082,36.3577861119148,18.0877 /T,0.076745,77.877888
2026-Jan-05 15:00,14.57,9.082,36.3585312230029,17.9670 /T,0.0767918,77.879135
2026-Jan-05 18:00,14.57,9.081,36.3592718679301,17.8464 /T,0.076839,77.880789
2026-Jan-05 21:00,14.569,9.081,36.3600080480963,17.7258 /T,0.0768864,77.882892
2026-Jan-06 00:00,14.569,9.081,36.3607397664113,17.6053 /T,0.0769341,77.885481
2026-Jan-06 03:00,14.569,9.081,36.3614670272043,17.4848 /T,0.0769819,77.888584
2026-Jan-06 06:00,14.569,9.081,36.36218983611,17.3643 /T,0.0770297,77.892223
2026-Jan-06 09:00,14.569,9.081,36.3629081999362,17.2439 /T,0.0770775,77.896411
2026-Jan-06 12:00,14.569,9.081,36.3636221265129,17.1235 /T,0.0771251,77.901153
2026-Jan-06 15:00,14.569,9.081,36.3643316245264,17.0032 /T,0.0771724,77.906444
2026-Jan-06 18:00,14.569,9.08,36.3650367033396,16.8829 /T,0.0772194,77.912273
2026-Jan-06 21:00,14.569,9.08,36.3657373728033,16.7627 /T,0.077266,77.918621
2026-Jan-07 00:00,14.569,9.08,36.3664336430591,16.6425 /T,0.077312,77.925459
2026-Jan-07 03:00,14.569,9.08,36.3671255243387,16.5224 /T,0.0773573,77.932752
2026-Jan-07 06:00,14.569,9.08,36.3678130267617,16.4023 /T,0.0774019,77.94046
2026-Jan-07 09:00,14.568,9.08,36.3684961601352,16.2823 /T,0.0774457,77.948534
2026-Jan-07 12:00,14.568,9.08,36.3691749337586,16.1623 /T,0.0774886,77.956921
2026-Jan-07 15:00,14.568,9.08,36.3698493562358,16.0424 /T,0.0775306,77.965563
2026-Jan-07 18:00,14.568,9.079,36.370519435299,15.9225 /T,0.0775716,77.974398
2026-Jan-07 21:00,14.568,9.079,36.3711851776449,15.8027 /T,0.0776115,77.983364
2026-Jan-08 00:00,14.568,9.079,36.3718465887877,15.6829 /T,0.0776503,77.992393
2026-Jan-08 03:00,14.568,9.079,36.3725036729295,15.5632 /T,0.0776881,78.001419
2026-Jan-08 06:00,14.568,9.079,36.3731564328515,15.4436 /T,0.0777248,78.010375
2026-Jan-08 09:00,14.568,9.079,36.3738048698261,15.3240 /T,0.0777604,78.019195
2026-Jan-08 12:00,14.568,9.079,36.3744489835531,15.2045 /T,0.0777949,78.027817
2026-Jan-08 15:00,14.568,9.079,36.3750887721184,15.0851 /T,0.0778284,78.03618
2026-Jan-08 18:00,14.568,9.078,36.3757242319789,14.9657 /T,0.0778609,78.044228
2026-Jan-08 21:00,14.567,9.078,36.3763553579713,14.8464 /T,0.0778924,78.051909
2026-Jan-09 00:00,14.567,9.078,36.3769821433452,14.7271 /T,0.0779231,78.059177
2026-Jan-09 03:00,14.567,9.078,36.3776045798215,14.6079 /T,0.0779529,78.065994
2026-Jan-09 06:00,14.567,9.078,36.3782226576731,14.4888 /T,0.0779821,78.072325
2026-Jan-09 09:00,14.567,9.078,36.3788363658281,14.3698 /T,0.0780105,78.078147
2026-Jan-09 12:00,14.567,9.078,36.3794456919933,14.2508 /T,0.0780384,78.083441
2026-Jan-09 15:00,14.567,9.078,36.3800506227966,14.1319 /T,0.0780659,78.088197
2026-Jan-09 18:00,14.567,9.077,36.3806511439456,14.0131 /T,0.078093,78.092414
2026-Jan-09 21:00,14.567,9.077,36.3812472404004,13.8944 /T,0.0781198,78.096099
2026-Jan-10 00:00,14.567,9.077,36.3818388965582,13.7758 /T,0.0781465,78.099266
2026-Jan-10 03:00,14.567,9.077,36.3824260964468,13.6572 /T,0.0781731,78.101937
2026-Jan-10 06:00,14.566,9.077,36.383008823923,13.5387 /T,0.0781997,78.104143
2026-Jan-10 09:00,14.566,9.077,36.3835870628751,13.4204 /T,0.0782264,78.105921
2026-Jan-10 12:00,14.566,9.077,36.3841607974248,13.3021 /T,0.0782534,78.107314
2026-Jan-10 15:00,14.566,9.077,36.3847300121258,13.1839 /T,0.0782806,78.108372
2026-Jan-10 18:00,14.566,9.076,36.3852946921562,13.0658 /T,0.0783081,78.109149
2026-Jan-10 21:00,14.566,9.076,36.3858548235023,12.9478 /T,0.0783361,78.109704
2026-Jan-11 00:00,14.566,9.076,36.3864103931303,12.8299 /T,0.0783644,78.1101
2026-Jan-11 03:00,14.566,9.076,36.3869613891435,12.7121 /T,0.0783933,78.1104
2026-Jan-11 06:00,14.566,9.076,36.3875078009226,12.5944 /T,0.0784227,78.110671
2026-Jan-11 09:00,14.566,9.076,36.3880496192477,12.4768 /T,0.0784525,78.11098
2026-Jan-11 12:00,14.566,9.076,36.3885868363984,12.3594 /T,0.0784829,78.111393
2026-Jan-11 15:00,14.565,9.076,36.3891194462329,12.2420 /T,0.0785138,78.111974
2026-Jan-11 18:00,14.565,9.075,36.3896474442425,12.1248 /T,0.0785451,78.112786
2026-Jan-11 21:00,14.565,9.075,36.3901708275824,12.0077 /T,0.0785769,78.113886
2026-Jan-12 00:00,14.565,9.075,36.3906895950768,11.8907 /T,0.0786091,78.11533
2026-Jan-12 03:00,14.565,9.075,36.3912037472003,11.7739 /T,0.0786417,78.117166
2026-Jan-12 06:00,14.565,9.075,36.3917132860334,11.6572 /T,0.0786744,78.119438
2026-Jan-12 09:00,14.565,9.075,36.3922182151947,11.5406 /T,0.0787074,78.122182
2026-Jan-12 12:00,14.565,9.075,36.39271853975,11.4242 /T,0.0787405,78.125427
2026-Jan-12 15:00,14.565,9.075,36.3932142660995,11.3080 /T,0.0787736,78.129197
2026-Jan-12 18:00,14.565,9.074,36.3937054018456,11.1918 /T,0.0788066,78.133504
2026-Jan-12 21:00,14.564,9.074,36.3941919556423,11.0759 /T,0.0788394,78.138356
2026-Jan-13 00:00,14.564,9.074,36.3946739370292,10.9601 /T,0.078872,78.143749
2026-Jan-13 03:00,14.564,9.074,36.3951513562531,10.8445 /T,0.0789042,78.149675
2026-Jan-13 06:00,14.564,9.074,36.3956242240779,10.7290 /T,0.0789359,78.156115
2026-Jan-13 09:00,14.564,9.074,36.3960925515887,10.6137 /T,0.078967,78.163044
2026-Jan-13 12:00,14.564,9.074,36.3965563499902,10.4987 /T,0.0789975,78.170428
2026-Jan-13 15:00,14.564,9.074,36.3970156304045,10.3838 /T,0.0790272,78.178229
2026-Jan-13 18:00,14.564,9.073,36.3974704036701,10.2691 /T,0.0790561,78.1864
2026-Jan-13 21:00,14.564,9.073,36.3979206801466,10.1546 /T,0.0790841,78.194891
2026-Jan-14 00:00,14.564,9.073,36.3983664695257,10.0403 /T,0.0791111,78.203646
2026-Jan-14 03:00,14.564,9.073,36.3988077806545,9.9262 /T,0.0791371,78.212605
2026-Jan-14 06:00,14.563,9.073,36.3992446213706,9.8124 /T,0.079162,78.221706
2026-Jan-14 09:00,14.563,9.073,36.3996769983542,9.6988 /T,0.0791858,78.230885
2026-Jan-14 12:00,14.563,9.073,36.4001049169974,9.5854 /T,0.0792086,78.240076
2026-Jan-14 15:00,14.563,9.073,36.4005283812938,9.4723 /T,0.0792301,78.249214
2026-Jan-14 18:00,14.563,9.072,36.4009473937497,9.3594 /T,0.0792506,78.258235
2026-Jan-14 21:00,14.563,9.072,36.4013619553184,9.2469 /T,0.07927,78.267075
2026-Jan-15 00:00,14.563,9.072,36.401772065358,9.1346 /T,0.0792883,78.275676
2026-Jan-15 03:00,14.563,9.072,36.4021777216144,9.0225 /T,0.0793056,78.283981
2026-Jan-15 06:00,14.563,9.072,36.4025789202282,8.9108 /T,0.0793219,78.29194
2026-Jan-15 09:00,14.563,9.072,36.4029756557672,8.7994 /T,0.0793373,78.299505
2026-Jan-15 12:00,14.562,9.072,36.4033679212826,8.6883 /T,0.0793518,78.306637
2026-Jan-15 15:00,14.562,9.072,36.403755708388,8.5776 /T,0.0793656,78.313303
2026-Jan-15 18:00,14.562,9.072,36.4041390073619,8.4672 /T,0.0793786,78.319476
2026-Jan-15 21:00,14.562,9.071,36.404517807269,8.3571 /T,0.0793911,78.325138
2026-Jan-16 00:00,14.562,9.071,36.4048920961017,8.2475 /T,0.0794031,78.330276
2026-Jan-16 03:00,14.562,9.071,36.4052618609373,8.1382 /T,0.0794147,78.33489
2026-Jan-16 06:00,14.562,9.071,36.4056270881102,8.0293 /T,0.079426,78.338982
2026-Jan-16 09:00,14.562,9.071,36.4059877633947,7.9209 /T,0.0794371,78.342567
2026-Jan-16 12:00,14.562,9.071,36.406343872198,7.8129 /T,0.0794481,78.345664
2026-Jan-16 15:00,14.562,9.071,36.4066953997583,7.7054 /T,0.079459,78.348303
2026-Jan-16 18:00,14.561,9.071,36.4070423313463,7.5983 /T,0.0794701,78.350517
2026-Jan-16 21:00,14.561,9.07,36.4073846524666,7.4917 /T,0.0794813,78.35235
2026-Jan-17 00:00,14.561,9.07,36.4077223490567,7.3857 /T,0.0794928,78.353847
2026-Jan-17 03:00,14.561,9.07,36.4080554076789,7.2802 /T,0.0795045,78.355063
2026-Jan-17 06:00,14.561,9.07,36.4083838157043,7.1753 /T,0.0795167,78.356053
2026-Jan-17 09:00,14.561,9.07,36.4087075614849,7.0710 /T,0.0795292,78.356879
2026-Jan-17 12:00,14.561,9.07,36.4090266345112,6.9673 /T,0.0795422,78.357604
2026-Jan-17 15:00,14.561,9.07,36.4093410255535,6.8642 /T,0.0795557,78.358293
2026-Jan-17 18:00,14.561,9.07,36.4096507267837,6.7618 /T,0.0795696,78.359011
2026-Jan-17 21:00,14.561,9.07,36.409955731878,6.6601 /T,0.0795841,78.359823
2026-Jan-18 00:00,14.561,9.069,36.4102560360952,6.5592 /T,0.079599,78.360794
2026-Jan-18 03:00,14.56,9.069,36.4105516363337,6.4591 /T,0.0796144,78.361985
2026-Jan-18 06:00,14.56,9.069,36.4108425311628,6.3597 /T,0.0796302,78.363455
2026-Jan-18 09:00,14.56,9.069,36.4111287208299,6.2612 /T,0.0796464,78.365257
2026-Jan-18 12:00,14.56,9.069,36.4114102072425,6.1636 /T,0.079663,78.367442
2026-Jan-18 15:00,14.56,9.069,36.4116869939254,6.0670 /T,0.0796797,78.370053
2026-Jan-18 18:00,14.56,9.069,36.4119590859547,5.9713 /T,0.0796967,78.373127
2026-Jan-18 21:00,14.56,9.069,36.412226489868,5.8766 /T,0.0797137,78.376695
2026-Jan-19 00:00,14.56,9.069,36.4124892135531,5.7831 /T,0.0797308,78.380781
2026-Jan-19 03:00,14.56,9.069,36.4127472661168,5.6906 /T,0.0797478,78.385399
2026-Jan-19 06:00,14.56,9.068,36.4130006577364,5.5994 /T,0.0797645,78.390558
2026-Jan-19 09:00,14.56,9.068,36.4132493994944,5.5094 /T,0.0797811,78.396256
2026-Jan-19 12:00,14.56,9.068,36.413493503201,5.4207 /T,0.0797972,78.402487
2026-Jan-19 15:00,14.559,9.068,36.4137329812055,5.3334 /T,0.0798128,78.409232
2026-Jan-19 18:00,14.559,9.068,36.4139678462008,5.2475 /T,0.0798279,78.416469
2026-Jan-19 21:00,14.559,9.068,36.4141981110228,5.1631 /T,0.0798423,78.424166
2026-Jan-20 00:00,14.559,9.068,36.4144237884485,5.0803 /T,0.0798559,78.432286
2026-Jan-20 03:00,14.559,9.068,36.4146448909956,4.9992 /T,0.0798687,78.440785
2026-Jan-20 06:00,14.559,9.068,36.414861430727,4.9199 /T,0.0798806,78.449613
2026-Jan-20 09:00,14.559,9.068,36.4150734190625,4.8423 /T,0.0798915,78.458715
2026-Jan-20 12:00,14.559,9.068,36.4152808666009,4.7667 /T,0.0799014,78.468034
2026-Jan-20 15:00,14.559,9.067,36.4154837829559,4.6932 /T,0.0799102,78.477509
2026-Jan-20 18:00,14.559,9.067,36.4156821766068,4.6217 /T,0.0799179,78.487076
2026-Jan-20 21:00,14.559,9.067,36.4158760547675,4.5524 /T,0.0799245,78.49667
2026-Jan-21 00:00,14.559,9.067,36.4160654232754,4.4855 /T,0.0799299,78.506228
2026-Jan-21 03:00,14.559,9.067,36.4162502865012,4.4210 /T,0.0799342,78.515684
2026-Jan-21 06:00,14.559,9.067,36.4164306472823,4.3590 /T,0.0799374,78.524976
2026-Jan-21 09:00,14.559,9.067,36.4166065068795,4.2996 /T,0.0799395,78.534045
2026-Jan-21 12:00,14.558,9.067,36.4167778649584,4.2430 /T,0.0799406,78.542834
2026-Jan-21 15:00,14.558,9.067,36.4169447195952,4.1893 /T,0.0799406,78.551292
2026-Jan-21 18:00,14.558,9.067,36.4171070673071,4.1385 /T,0.0799398,78.559372
2026-Jan-21 21:00,14.558,9.067,36.4172649031075,4.0908 /T,0.079938,78.567033
2026-Jan-22 00:00,14.558,9.067,36.4174182205833,4.0463 /T,0.0799355,78.57424
2026-Jan-22 03:00,14.558,9.067,36.4175670119954,4.0051 /T,0.0799323,78.580967
2026-Jan-22 06:00,14.558,9.067,36.417711268399,3.9672 /T,0.0799284,78.587192
2026-Jan-22 09:00,14.558,9.067,36.4178509797828,3.9329 /T,0.0799241,78.592903
2026-Jan-22 12:00,14.558,9.067,36.4179861352254,3.9022 /T,0.0799193,78.598096
2026-Jan-22 15:00,14.558,9.067,36.4181167230651,3.8751 /T,0.0799142,78.602773
2026-Jan-22 18:00,14.558,9.067,36.4182427310821,3.8518 /T,0.0799089,78.606947
2026-Jan-22 21:00,14.558,9.067,36.4183641466896,3.8323 /T,0.0799035,78.610636
2026-Jan-23 00:00,14.558,9.067,36.4184809571306,3.8166 /T,0.079898,78.613867
2026-Jan-23 03:00,14.558,9.067,36.4185931496787,3.8049 /T,0.0798926,78.616672
2026-Jan-23 06:00,14.558,9.067,36.4187007118381,3.7971 /T,0.0798874,78.619093
2026-Jan-23 09:00,14.558,9.067,36.4188036315414,3.7933 /T,0.0798824,78.621175
2026-Jan-23 12:00,14.558,9.067,36.4189018973413,3.7936 /T,0.0798777,78.622969
2026-Jan-23 15:00,14.558,9.067,36.4189954985939,3.7978 /T,0.0798734,78.624532
2026-Jan-23 18:00,14.558,9.067,36.4190844256293,3.8059 /T,0.0798694,78.625922
2026-Jan-23 21:00,14.558,9.067,36.4191686699102,3.8181 /T,0.079866,78.627203
2026-Jan-24 00:00,14.558,9.067,36.4192482241715,3.8341 /T,0.079863,78.628439
2026-Jan-24 03:00,14.558,9.067,36.4193230825436,3.8540 /T,0.0798605,78.629694
2026-Jan-24 06:00,14.558,9.067,36.419393240653,3.8777 /T,0.0798585,78.631034
2026-Jan-24 09:00,14.558,9.067,36.4194586957025,3.9052 /T,0.079857,78.632522
2026-Jan-24 12:00,14.558,9.067,36.4195194465274,3.9363 /L,0.0798559,78.634221
2026-Jan-24 15:00,14.559,9.067,36.419575493627,3.9709 /L,0.0798553,78.636189
2026-Jan-24 18:00,14.559,9.067,36.4196268391724,4.0091 /L,0.0798551,78.63848
2026-Jan-24 21:00,14.559,9.067,36.4196734869883,4.0506 /L,0.0798553,78.641146
2026-Jan-25 00:00,14.559,9.067,36.4197154425114,4.0954 /L,0.0798557,78.644231
2026-Jan-25 03:00,14.559,9.067,36.4197527127239,4.1434 /L,0.0798563,78.647773
2026-Jan-25 06:00,14.559,9.067,36.4197853060642,4.1944 /L,0.0798571,78.651804
2026-Jan-25 09:00,14.559,9.067,36.4198132323161,4.2484 /L,0.0798578,78.656349
2026-Jan-25 12:00,14.559,9.067,36.4198365024779,4.3052 /L,0.0798586,78.661424
2026-Jan-25 15:00,14.559,9.067,36.4198551286135,4.3647 /L,0.0798591,78.667039
2026-Jan-25 18:00,14.559,9.067,36.4198691236881,4.4269 /L,0.0798595,78.673194
2026-Jan-25 21:00,14.559,9.067,36.4198785013897,4.4915 /L,0.0798594,78.679883
2026-Jan-26 00:00,14.559,9.068,36.4198832759413,4.5586 /L,0.0798589,78.687091
2026-Jan-26 03:00,14.559,9.068,36.4198834619043,4.6280 /L,0.0798579,78.694796
2026-Jan-26 06:00,14.559,9.068,36.4198790739781,4.6995 /L,0.0798563,78.702968
2026-Jan-26 09:00,14.56,9.068,36.4198701267974,4.7731 /L,0.0798539,78.71157
2026-Jan-26 12:00,14.56,9.068,36.4198566347315,4.8488 /L,0.0798507,78.720559
2026-Jan-26 15:00,14.56,9.068,36.4198386116872,4.9263 /L,0.0798466,78.729887
2026-Jan-26 18:00,14.56,9.068,36.4198160709202,5.0057 /L,0.0798416,78.739501
2026-Jan-26 21:00,14.56,9.068,36.4197890248559,5.0868 /L,0.0798356,78.749343
2026-Jan-27 00:00,14.56,9.068,36.4197574849236,5.1695 /L,0.0798286,78.759352
2026-Jan-27 03:00,14.56,9.068,36.4197214614064,5.2538 /L,0.0798204,78.769466
2026-Jan-27 06:00,14.56,9.069,36.419680963308,5.3397 /L,0.0798112,78.779619
2026-Jan-27 09:00,14.56,9.069,36.4196359982399,5.4269 /L,0.0798009,78.789747
2026-Jan-27 12:00,14.56,9.069,36.4195865723301,5.5155 /L,0.0797895,78.799786
2026-Jan-27 15:00,14.561,9.069,36.4195326901535,5.6054 /L,0.079777,78.809672
2026-Jan-27 18:00,14.561,9.069,36.4194743546874,5.6965 /L,0.0797634,78.819346
2026-Jan-27 21:00,14.561,9.069,36.41941156729,5.7888 /L,0.0797488,78.828749
2026-Jan-28 00:00,14.561,9.069,36.4193443277048,5.8822 /L,0.0797332,78.83783
2026-Jan-28 03:00,14.561,9.069,36.4192726340884,5.9767 /L,0.0797168,78.84654
2026-Jan-28 06:00,14.561,9.069,36.4191964830634,6.0722 /L,0.0796994,78.854838
2026-Jan-28 09:00,14.561,9.07,36.4191158697937,6.1686 /L,0.0796814,78.862686
2026-Jan-28 12:00,14.561,9.07,36.4190307880828,6.2660 /L,0.0796626,78.870057
2026-Jan-28 15:00,14.561,9.07,36.4189412304917,6.3643 /L,0.0796433,78.876927
2026-Jan-28 18:00,14.561,9.07,36.4188471884763,6.4634 /L,0.0796234,78.883285
2026-Jan-28 21:00,14.562,9.07,36.4187486525418,6.5633 /L,0.0796032,78.889122
2026-Jan-29 00:00,14.562,9.07,36.4186456124104,6.6639 /L,0.0795827,78.894441
2026-Jan-29 03:00,14.562,9.07,36.4185380572023,6.7653 /L,0.079562,78.899251
2026-Jan-29 06:00,14.562,9.07,36.4184259756244,6.8674 /L,0.0795412,78.903571
2026-Jan-29 09:00,14.562,9.07,36.4183093561664,6.9702 /L,0.0795204,78.907424
2026-Jan-29 12:00,14.562,9.071,36.4181881872999,7.0736 /L,0.0794997,78.910844
2026-Jan-29 15:00,14.562,9.071,36.4180624576773,7.1776 /L,0.0794791,78.913868
2026-Jan-29 18:00,14.562,9.071,36.4179321563293,7.2822 /L,0.0794589,78.916544
2026-Jan-29 21:00,14.563,9.071,36.4177972728549,7.3873 /L,0.079439,78.91892
2026-Jan-30 00:00,14.563,9.071,36.417657797605,7.4930 /L,0.0794194,78.921052
2026-Jan-30 03:00,14.563,9.071,36.4175137218528,7.5992 /L,0.0794004,78.923
2026-Jan-30 06:00,14.563,9.071,36.4173650379514,7.7059 /L,0.0793818,78.924826
2026-Jan-30 09:00,14.563,9.071,36.417211739475,7.8131 /L,0.0793637,78.926594
2026-Jan-30 12:00,14.563,9.072,36.4170538213409,7.9207 /L,0.0793462,78.928369
2026-Jan-30 15:00,14.563,9.072,36.4168912799122,8.0287 /L,0.0793292,78.930217
2026-Jan-30 18:00,14.563,9.072,36.4167241130778,8.1372 /L,0.0793127,78.932202
2026-Jan-30 21:00,14.563,9.072,36.4165523203098,8.2460 /L,0.0792968,78.934388
2026-Jan-31 00:00,14.564,9.072,36.4163759026963,8.3553 /L,0.0792813,78.936833
2026-Jan-31 03:00,14.564,9.072,36.4161948629499,8.4649 /L,0.0792663,78.939595
2026-Jan-31 06:00,14.564,9.072,36.4160092053921,8.5749 /L,0.0792517,78.942725
2026-Jan-31 09:00,14.564,9.072,36.4158189359119,8.6852 /L,0.0792374,78.946268
2026-Jan-31 12:00,14.564,9.073,36.4156240619017,8.7958 /L,0.0792234,78.950265
2026-Jan-31 15:00,14.564,9.073,36.4154245921697,8.9068 /L,0.0792095,78.95475
2026-Jan-31 18:00,14.564,9.073,36.4152205368308,9.0180 /L,0.0791958,78.959749
2026-Jan-31 21:00,14.564,9.073,36.4150119071778,9.1296 /L,0.079182,78.96528
2026-Feb-01 00:00,14.565,9.073,36.4147987155341,9.2414 /L,0.0791681,78.971354
2026-Feb-01 03:00,14.565,9.073,36.4145809750914,9.3535 /L,0.079154,78.977974
2026-Feb-01 06:00,14.565,9.073,36.4143586997335,9.4658 /L,0.0791396,78.985134
2026-Feb-01 09:00,14.565,9.074,36.4141319038498,9.5784 /L,0.0791248,78.992822
2026-Feb-01 12:00,14.565,9.074,36.4139006021413,9.6913 /L,0.0791095,79.001016
2026-Feb-01 15:00,14.565,9.074,36.4136648094214,9.8044 /L,0.0790937,79.009688
2026-Feb-01 18:00,14.565,9.074,36.4134245404154,9.9177 /L,0.0790771,79.018803
2026-Feb-01 21:00,14.565,9.074,36.4131798095609,10.0312 /L,0.0790598,79.028318
2026-Feb-02 00:00,14.565,9.074,36.4129306308134,10.1450 /L,0.0790416,79.038185
2026-Feb-02 03:00,14.566,9.074,36.4126770174579,10.2589 /L,0.0790225,79.048353
2026-Feb-02 06:00,14.566,9.074,36.4124189819324,10.3731 /L,0.0790025,79.058764
2026-Feb-02 09:00,14.566,9.075,36.4121565356629,10.4874 /L,0.0789814,79.069356
2026-Feb-02 12:00,14.566,9.075,36.411889688914,10.6019 /L,0.0789593,79.080068
2026-Feb-02 15:00,14.566,9.075,36.4116184506582,10.7166 /L,0.0789362,79.090834
2026-Feb-02 18:00,14.566,9.075,36.4113428284633,10.8315 /L,0.0789119,79.101588
2026-Feb-02 21:00,14.566,9.075,36.4110628284022,10.9466 /L,0.0788866,79.112266
2026-Feb-03 00:00,14.566,9.075,36.4107784549846,11.0618 /L,0.0788601,79.122804
2026-Feb-03 03:00,14.567,9.075,36.410489711113,11.1771 /L,0.0788327,79.133141
2026-Feb-03 06:00,14.567,9.076,36.4101965980628,11.2927 /L,0.0788042,79.143218
2026-Feb-03 09:00,14.567,9.076,36.4098991154863,11.4083 /L,0.0787748,79.15298
2026-Feb-03 12:00,14.567,9.076,36.4095972614426,11.5241 /L,0.0787444,79.162379
2026-Feb-03 15:00,14.567,9.076,36.4092910324503,11.6401 /L,0.0787132,79.171371
2026-Feb-03 18:00,14.567,9.076,36.4089804235639,11.7561 /L,0.0786813,79.179918
2026-Feb-03 21:00,14.567,9.076,36.4086654284729,11.8724 /L,0.0786487,79.18799
2026-Feb-04 00:00,14.567,9.076,36.4083460396203,11.9887 /L,0.0786155,79.195562
2026-Feb-04 03:00,14.567,9.076,36.4080222483412,12.1052 /L,0.0785817,79.20262
2026-Feb-04 06:00,14.568,9.077,36.4076940450174,12.2217 /L,0.0785476,79.209156
2026-Feb-04 09:00,14.568,9.077,36.4073614192466,12.3384 /L,0.0785132,79.21517
2026-Feb-04 12:00,14.568,9.077,36.4070243600238,12.4552 /L,0.0784786,79.220671
2026-Feb-04 15:00,14.568,9.077,36.4066828559315,12.5722 /L,0.0784439,79.225674
2026-Feb-04 18:00,14.568,9.077,36.4063368953367,12.6892 /L,0.0784091,79.230203
2026-Feb-04 21:00,14.568,9.077,36.4059864665911,12.8063 /L,0.0783745,79.234291
2026-Feb-05 00:00,14.568,9.077,36.4056315582314,12.9236 /L,0.07834,79.237975
2026-Feb-05 03:00,14.568,9.078,36.4052721591779,13.0409 /L,0.0783058,79.241301
2026-Feb-05 06:00,14.569,9.078,36.4049082589266,13.1583 /L,0.0782718,79.244317
2026-Feb-05 09:00,14.569,9.078,36.4045398477333,13.2758 /L,0.0782383,79.247081
2026-Feb-05 12:00,14.569,9.078,36.4041669167867,13.3934 /L,0.0782052,79.249651
2026-Feb-05 15:00,14.569,9.078,36.4037894583668,13.5111 /L,0.0781726,79.25209
2026-Feb-05 18:00,14.569,9.078,36.4034074659884,13.6289 /L,0.0781405,79.254462
2026-Feb-05 21:00,14.569,9.078,36.403020934525,13.7468 /L,0.0781089,79.256835
2026-Feb-06 00:00,14.569,9.079,36.4026298603129,13.8647 /L,0.0780779,79.259275
2026-Feb-06 03:00,14.569,9.079,36.4022342412335,13.9827 /L,0.0780474,79.261848
2026-Feb-06 06:00,14.569,9.079,36.4018340767724,14.1008 /L,0.0780174,79.264618
2026-Feb-06 09:00,14.57,9.079,36.4014293680543,14.2190 /L,0.0779878,79.267646
2026-Feb-06 12:00,14.57,9.079,36.4010201178536,14.3372 /L,0.0779587,79.270991
2026-Feb-06 15:00,14.57,9.079,36.4006063305801,14.4556 /L,0.07793,79.274705
2026-Feb-06 18:00,14.57,9.079,36.40018801224,14.5739 /L,0.0779016,79.278838
2026-Feb-06 21:00,14.57,9.079,36.3997651703734,14.6924 /L,0.0778735,79.283431
2026-Feb-07 00:00,14.57,9.08,36.3993378139685,14.8109 /L,0.0778455,79.28852
2026-Feb-07 03:00,14.57,9.08,36.3989059533539,14.9295 /L,0.0778176,79.294132
2026-Feb-07 06:00,14.57,9.08,36.3984696000711,15.0481 /L,0.0777897,79.300289
2026-Feb-07 09:00,14.57,9.08,36.3980287667293,15.1668 /L,0.0777617,79.307003
2026-Feb-07 12:00,14.571,9.08,36.3975834668433,15.2856 /L,0.0777335,79.314279
2026-Feb-07 15:00,14.571,9.08,36.3971337146591,15.4044 /L,0.077705,79.322112
2026-Feb-07 18:00,14.571,9.08,36.3966795249679,15.5233 /L,0.0776761,79.330492
2026-Feb-07 21:00,14.571,9.081,36.3962209129124,15.6422 /L,0.0776466,79.339397
2026-Feb-08 00:00,14.571,9.081,36.3957578937889,15.7612 /L,0.0776166,79.348802
2026-Feb-08 03:00,14.571,9.081,36.3952904828462,15.8803 /L,0.0775859,79.358671
2026-Feb-08 06:00,14.571,9.081,36.3948186950867,15.9994 /L,0.0775544,79.368963
2026-Feb-08 09:00,14.571,9.081,36.3943425450711,16.1185 /L,0.077522,79.37963
2026-Feb-08 12:00,14.571,9.081,36.3938620467305,16.2377 /L,0.0774887,79.390619
2026-Feb-08 15:00,14.572,9.081,36.3933772131885,16.3569 /L,0.0774545,79.401874
2026-Feb-08 18:00,14.572,9.082,36.3928880565959,16.4762 /L,0.0774192,79.413332
2026-Feb-08 21:00,14.572,9.082,36.3923945879802,16.5955 /L,0.0773829,79.424931
2026-Feb-09 00:00,14.572,9.082,36.3918968171135,16.7149 /L,0.0773454,79.436604
2026-Feb-09 03:00,14.572,9.082,36.3913947523992,16.8343 /L,0.0773069,79.448285
2026-Feb-09 06:00,14.572,9.082,36.3908884007793,16.9538 /L,0.0772672,79.459906
2026-Feb-09 09:00,14.572,9.082,36.3903777676657,17.0733 /L,0.0772265,79.471404
2026-Feb-09 12:00,14.572,9.082,36.3898628568936,17.1929 /L,0.0771847,79.482714
2026-Feb-09 15:00,14.572,9.082,36.3893436706998,17.3124 /L,0.0771418,79.493776
2026-Feb-09 18:00,14.572,9.083,36.3888202097254,17.4321 /L,0.077098,79.504534
2026-Feb-09 21:00,14.573,9.083,36.388292473043,17.5517 /L,0.0770532,79.514936
2026-Feb-10 00:00,14.573,9.083,36.387760458208,17.6714 /L,0.0770076,79.524937
2026-Feb-10 03:00,14.573,9.083,36.3872241613326,17.7912 /L,0.0769611,79.534497
2026-Feb-10 06:00,14.573,9.083,36.386683577183,17.9110 /L,0.076914,79.543583
2026-Feb-10 09:00,14.573,9.083,36.3861386992961,18.0308 /L,0.0768662,79.55217
2026-Feb-10 12:00,14.573,9.083,36.385589520116,18.1506 /L,0.0768179,79.560239
2026-Feb-10 15:00,14.573,9.084,36.3850360311468,18.2705 /L,0.0767691,79.567782
2026-Feb-10 18:00,14.573,9.084,36.3844782231201,18.3904 /L,0.0767201,79.574796
2026-Feb-10 21:00,14.573,9.084,36.3839160861745,18.5104 /L,0.0766708,79.58129
2026-Feb-11 00:00,14.573,9.084,36.3833496100449,18.6303 /L,0.0766213,79.587277
2026-Feb-11 03:00,14.574,9.084,36.3827787842575,18.7503 /L,0.0765719,79.59278
2026-Feb-11 06:00,14.574,9.084,36.3822035983289,18.8704 /L,0.0765225,79.597831
2026-Feb-11 09:00,14.574,9.084,36.3816240419658,18.9905 /L,0.0764732,79.602467
2026-Feb-11 12:00,14.574,9.085,36.3810401052619,19.1106 /L,0.0764241,79.606733
2026-Feb-11 15:00,14.574,9.085,36.38045177889,19.2307 /L,0.0763754,79.610678
2026-Feb-11 18:00,14.574,9.085,36.3798590542855,19.3508 /L,0.076327,79.61436
2026-Feb-11 21:00,14.574,9.085,36.3792619238184,19.4710 /L,0.076279,79.617837
2026-Feb-12 00:00,14.574,9.085,36.3786603809528,19.5912 /L,0.0762315,79.621173
2026-Feb-12 03:00,14.574,9.085,36.3780544203891,19.7115 /L,0.0761845,79.624435
2026-Feb-12 06:00,14.574,9.085,36.377444038189,19.8317 /L,0.076138,79.627691
2026-Feb-12 09:00,14.575,9.085,36.3768292318795,19.9520 /L,0.076092,79.631008
2026-Feb-12 12:00,14.575,9.086,36.376210000536,20.0723 /L,0.0760466,79.634455
2026-Feb-12 15:00,14.575,9.086,36.3755863448416,20.1927 /L,0.0760016,79.638098
2026-Feb-12 18:00,14.575,9.086,36.3749582671233,20.3130 /L,0.0759571,79.642
2026-Feb-12 21:00,14.575,9.086,36.3743257713633,20.4334 /L,0.0759131,79.646223
2026-Feb-13 00:00,14.575,9.086,36.3736888631854,20.5538 /L,0.0758694,79.650822
2026-Feb-13 03:00,14.575,9.086,36.3730475498175,20.6742 /L,0.0758261,79.655847
2026-Feb-13 06:00,14.575,9.086,36.3724018400299,20.7947 /L,0.075783,79.661343
2026-Feb-13 09:00,14.575,9.087,36.3717517440508,20.9152 /L,0.0757401,79.667349
2026-Feb-13 12:00,14.575,9.087,36.3710972734596,21.0356 /L,0.0756972,79.673894
2026-Feb-13 15:00,14.576,9.087,36.3704384410612,21.1562 /L,0.0756544,79.681002
2026-Feb-13 18:00,14.576,9.087,36.3697752607407,21.2767 /L,0.0756114,79.688687
2026-Feb-13 21:00,14.576,9.087,36.3691077473038,21.3972 /L,0.0755683,79.696956
2026-Feb-14 00:00,14.576,9.087,36.3684359163024,21.5178 /L,0.0755248,79.705807
2026-Feb-14 03:00,14.576,9.087,36.3677597838499,21.6384 /L,0.075481,79.715229
2026-Feb-14 06:00,14.576,9.087,36.367079366429,21.7590 /L,0.0754366,79.725204
2026-Feb-14 09:00,14.576,9.088,36.3663946806933,21.8796 /L,0.0753917,79.735705
2026-Feb-14 12:00,14.576,9.088,36.3657057432679,22.0003 /L,0.0753461,79.746699
2026-Feb-14 15:00,14.576,9.088,36.3650125705506,22.1209 /L,0.0752997,79.758144
2026-Feb-14 18:00,14.576,9.088,36.3643151785171,22.2416 /L,0.0752524,79.769992
2026-Feb-14 21:00,14.576,9.088,36.3636135825333,22.3623 /L,0.0752043,79.78219
2026-Feb-15 00:00,14.577,9.088,36.3629077971775,22.4830 /L,0.0751551,79.794681
2026-Feb-15 03:00,14.577,9.088,36.3621978360752,22.6037 /L,0.0751049,79.807401
2026-Feb-15 06:00,14.577,9.089,36.3614837117484,22.7244 /L,0.0750537,79.820286
2026-Feb-15 09:00,14.577,9.089,36.3607654354832,22.8452 /L,0.0750013,79.833269
2026-Feb-15 12:00,14.577,9.089,36.3600430172159,22.9660 /L,0.0749479,79.84628
2026-Feb-15 15:00,14.577,9.089,36.3593164654403,23.0867 /L,0.0748933,79.859251
2026-Feb-15 18:00,14.577,9.089,36.3585857871378,23.2075 /L,0.0748377,79.872114
2026-Feb-15 21:00,14.577,9.089,36.3578509877304,23.3283 /L,0.0747809,79.884804
2026-Feb-16 00:00,14.577,9.089,36.3571120710578,23.4492 /L,0.0747231,79.897258
2026-Feb-16 03:00,14.577,9.089,36.3563690393801,23.5700 /L,0.0746643,79.909416
2026-Feb-16 06:00,14.577,9.09,36.3556218934029,23.6909 /L,0.0746045,79.921224
2026-Feb-16 09:00,14.578,9.09,36.3548706323284,23.8117 /L,0.0745439,79.932635
2026-Feb-16 12:00,14.578,9.09,36.3541152539282,23.9326 /L,0.0744825,79.943604
2026-Feb-16 15:00,14.578,9.09,36.3533557546394,24.0535 /L,0.0744203,79.954097
2026-Feb-16 18:00,14.578,9.09,36.3525921296804,24.1744 /L,0.0743575,79.964086
2026-Feb-16 21:00,14.578,9.09,36.3518243731864,24.2953 /L,0.0742941,79.973551
2026-Feb-17 00:00,14.578,9.09,36.3510524783609,24.4162 /L,0.0742303,79.98248
2026-Feb-17 03:00,14.578,9.091,36.3502764376431,24.5372 /L,0.0741661,79.99087
2026-Feb-17 06:00,14.578,9.091,36.3494962428858,24.6581 /L,0.0741017,79.998725
2026-Feb-17 09:00,14.578,9.091,36.3487118855441,24.7791 /L,0.0740372,80.00606
2026-Feb-17 12:00,14.578,9.091,36.3479233568699,24.9001 /L,0.0739726,80.012896
2026-Feb-17 15:00,14.578,9.091,36.3471306481103,25.0211 /L,0.073908,80.019264
2026-Feb-17 18:00,14.578,9.091,36.3463337507069,25.1421 /L,0.0738436,80.0252
2026-Feb-17 21:00,14.579,9.091,36.3455326564924,25.2631 /L,0.0737794,80.03075
2026-Feb-18 00:00,14.579,9.091,36.3447273578818,25.3841 /L,0.0737155,80.035964
2026-Feb-18 03:00,14.579,9.092,36.3439178480566,25.5051 /L,0.0736519,80.040899
2026-Feb-18 06:00,14.579,9.092,36.3431041211362,25.6261 /L,0.0735888,80.045617
2026-Feb-18 09:00,14.579,9.092,36.3422861723377,25.7472 /L,0.0735261,80.050181
2026-Feb-18 12:00,14.579,9.092,36.341463998118,25.8682 /L,0.0734639,80.054661
2026-Feb-18 15:00,14.579,9.092,36.3406375962993,25.9893 /L,0.0734022,80.059126
2026-Feb-18 18:00,14.579,9.092,36.3398069661734,26.1103 /L,0.0733411,80.063647
2026-Feb-18 21:00,14.579,9.092,36.3389721085848,26.2314 /L,0.0732805,80.068295
2026-Feb-19 00:00,14.579,9.092,36.338133025991,26.3525 /L,0.0732204,80.073139
2026-Feb-19 03:00,14.579,9.093,36.3372897224991,26.4736 /L,0.0731608,80.078245
2026-Feb-19 06:00,14.579,9.093,36.336442203877,26.5947 /L,0.0731016,80.083677
2026-Feb-19 09:00,14.58,9.093,36.3355904775413,26.7158 /L,0.0730429,80.089495
2026-Feb-19 12:00,14.58,9.093,36.3347345525194,26.8369 /L,0.0729845,80.095751
2026-Feb-19 15:00,14.58,9.093,36.3338744393892,26.9580 /L,0.0729263,80.102494
2026-Feb-19 18:00,14.58,9.093,36.333010150194,27.0792 /L,0.0728684,80.109765
2026-Feb-19 21:00,14.58,9.093,36.3321416983375,27.2003 /L,0.0728106,80.117596
2026-Feb-20 00:00,14.58,9.093,36.3312690984568,27.3214 /L,0.0727528,80.126014
2026-Feb-20 03:00,14.58,9.094,36.3303923662791,27.4426 /L,0.0726949,80.135036
2026-Feb-20 06:00,14.58,9.094,36.3295115184607,27.5637 /L,0.0726369,80.14467
2026-Feb-20 09:00,14.58,9.094,36.3286265724134,27.6849 /L,0.0725786,80.154917
2026-Feb-20 12:00,14.58,9.094,36.3277375461196,27.8060 /L,0.0725199,80.165766
2026-Feb-20 15:00,14.58,9.094,36.3268444579392,27.9272 /L,0.0724607,80.177201
2026-Feb-20 18:00,14.58,9.094,36.3259473264114,28.0484 /L,0.072401,80.189196
2026-Feb-20 21:00,14.58,9.094,36.3250461700545,28.1696 /L,0.0723407,80.201717
2026-Feb-21 00:00,14.581,9.095,36.324141007166,28.2907 /L,0.0722796,80.214722
2026-Feb-21 03:00,14.581,9.095,36.323231855627,28.4119 /L,0.0722177,80.228164
2026-Feb-21 06:00,14.581,9.095,36.3223187327135,28.5331 /L,0.0721549,80.241988
2026-Feb-21 09:00,14.581,9.095,36.3214016549168,28.6543 /L,0.0720912,80.256135
2026-Feb-21 12:00,14.581,9.095,36.3204806377772,28.7755 /L,0.0720265,80.27054
2026-Feb-21 15:00,14.581,9.095,36.3195556957318,28.8967 /L,0.0719607,80.285137
2026-Feb-21 18:00,14.581,9.095,36.3186268419795,29.0179 /L,0.0718939,80.299855
2026-Feb-21 21:00,14.581,9.095,36.3176940883658,29.1391 /L,0.0718259,80.314622
2026-Feb-22 00:00,14.581,9.096,36.316757445288,29.2603 /L,0.071757,80.329367
2026-Feb-22 03:00,14.581,9.096,36.3158169216226,29.3816 /L,0.0716869,80.34402
2026-Feb-22 06:00,14.581,9.096,36.3148725246766,29.5028 /L,0.0716158,80.35851
2026-Feb-22 09:00,14.581,9.096,36.313924260162,29.6240 /L,0.0715436,80.372771
2026-Feb-22 12:00,14.581,9.096,36.3129721321955,29.7453 /L,0.0714705,80.386741
2026-Feb-22 15:00,14.581,9.096,36.3120161433224,29.8665 /L,0.0713964,80.400361
2026-Feb-22 18:00,14.582,9.096,36.3110562945638,29.9877 /L,0.0713215,80.413579
2026-Feb-22 21:00,14.582,9.096,36.3100925854882,30.1090 /L,0.0712459,80.42635
2026-Feb-23 00:00,14.582,9.097,36.3091250143039,30.2302 /L,0.0711695,80.438633
2026-Feb-23 03:00,14.582,9.097,36.3081535779736,30.3515 /L,0.0710925,80.450398
2026-Feb-23 06:00,14.582,9.097,36.3071782723464,30.4727 /L,0.0710149,80.461623
2026-Feb-23 09:00,14.582,9.097,36.3061990923085,30.5940 /L,0.070937,80.472292
2026-Feb-23 12:00,14.582,9.097,36.3052160319467,30.7152 /L,0.0708587,80.482399
2026-Feb-23 15:00,14.582,9.097,36.3042290847257,30.8365 /L,0.0707802,80.491949
2026-Feb-23 18:00,14.582,9.097,36.3032382436745,30.9578 /L,0.0707016,80.500953
2026-Feb-23 21:00,14.582,9.097,36.3022435015789,31.0790 /L,0.070623,80.509433
2026-Feb-24 00:00,14.582,9.098,36.3012448511787,31.2003 /L,0.0705445,80.517417
2026-Feb-24 03:00,14.582,9.098,36.3002422853653,31.3216 /L,0.0704661,80.524942
2026-Feb-24 06:00,14.582,9.098,36.2992357973774,31.4428 /L,0.070388,80.532055
2026-Feb-24 09:00,14.582,9.098,36.2982253809915,31.5641 /L,0.0703102,80.538806
2026-Feb-24 12:00,14.582,9.098,36.2972110307044,31.6854 /L,0.0702328,80.545254
2026-Feb-24 15:00,14.583,9.098,36.296192741905,31.8067 /L,0.0701558,80.551462
2026-Feb-24 18:00,14.583,9.098,36.2951705110329,31.9279 /L,0.0700794,80.557496
2026-Feb-24 21:00,14.583,9.098,36.294144335721,32.0492 /L,0.0700035,80.563429
2026-Feb-25 00:00,14.583,9.099,36.2931142149203,32.1705 /L,0.0699282,80.569332
2026-Feb-25 03:00,14.583,9.099,36.2920801490049,32.2918 /L,0.0698535,80.575281
2026-Feb-25 06:00,14.583,9.099,36.2910421398555,32.4131 /L,0.0697793,80.581348
2026-Feb-25 09:00,14.583,9.099,36.2900001909196,32.5344 /L,0.0697057,80.587608
2026-Feb-25 12:00,14.583,9.099,36.2889543072491,32.6557 /L,0.0696327,80.594131
2026-Feb-25 15:00,14.583,9.099,36.2879044955126,32.7769 /L,0.0695602,80.600985
2026-Feb-25 18:00,14.583,9.099,36.2868507639835,32.8982 /L,0.0694881,80.608233
2026-Feb-25 21:00,14.583,9.099,36.2857931225039,33.0195 /L,0.0694165,80.615932
2026-Feb-26 00:00,14.583,9.1,36.2847315824245,33.1408 /L,0.0693452,80.624135
2026-Feb-26 03:00,14.583,9.1,36.2836661565214,33.2621 /L,0.0692741,80.632887
2026-Feb-26 06:00,14.583,9.1,36.2825968588915,33.3834 /L,0.0692033,80.642225
2026-Feb-26 09:00,14.583,9.1,36.2815237048275,33.5047 /L,0.0691325,80.652177
2026-Feb-26 12:00,14.583,9.1,36.2804467106752,33.6260 /L,0.0690618,80.662763
2026-Feb-26 15:00,14.583,9.1,36.2793658936739,33.7473 /L,0.0689909,80.673996
2026-Feb-26 18:00,14.584,9.1,36.2782812717838,33.8686 /L,0.0689199,80.685877
2026-Feb-26 21:00,14.584,9.1,36.2771928635023,33.9899 /L,0.0688485,80.698398
2026-Feb-27 00:00,14.584,9.1,36.276100687672,34.1112 /L,0.0687767,80.711545
2026-Feb-27 03:00,14.584,9.101,36.2750047632832,34.2325 /L,0.0687045,80.725291
2026-Feb-27 06:00,14.584,9.101,36.2739051092747,34.3538 /L,0.0686317,80.739603
2026-Feb-27 09:00,14.584,9.101,36.2728017443348,34.4751 /L,0.0685581,80.75444
2026-Feb-27 12:00,14.584,9.101,36.2716946867062,34.5964 /L,0.0684839,80.769752
2026-Feb-27 15:00,14.584,9.101,36.2705839539978,34.7177 /L,0.0684088,80.785483
2026-Feb-27 18:00,14.584,9.101,36.2694695630062,34.8390 /L,0.0683328,80.801574
2026-Feb-27 21:00,14.584,9.101,36.2683515295486,34.9603 /L,0.0682559,80.817956
2026-Feb-28 00:00,14.584,9.101,36.267229868312,35.0816 /L,0.068178,80.83456
2026-Feb-28 03:00,14.584,9.102,36.266104592718,35.2029 /L,0.0680991,80.851313
2026-Feb-28 06:00,14.584,9.102,36.2649757148076,35.3242 /L,0.0680191,80.868139
2026-Feb-28 09:00,14.584,9.102,36.2638432451464,35.4455 /L,0.0679381,80.884964
2026-Feb-28 12:00,14.584,9.102,36.2627071927525,35.5668 /L,0.0678561,80.901712
2026-Feb-28 15:00,14.584,9.102,36.261567565047,35.6881 /L,0.0677731,80.918309
2026-Feb-28 18:00,14.584,9.102,36.2604243678291,35.8094 /L,0.067689,80.934685
2026-Feb-28 21:00,14.584,9.102,36.2592776052755,35.9307 /L,0.0676041,80.950772
2026-Mar-01 00:00,14.585,9.102,36.2581272799637,36.0520 /L,0.0675182,80.966508
2026-Mar-01 03:00,14.585,9.103,36.2569733929202,36.1733 /L,0.0674315,80.981837
2026-Mar-01 06:00,14.585,9.103,36.2558159436908,36.2946 /L,0.0673441,80.996707
2026-Mar-01 09:00,14.585,9.103,36.2546549304344,36.4159 /L,0.0672559,81.011077
2026-Mar-01 12:00,14.585,9.103,36.2534903500361,36.5372 /L,0.0671672,81.024912
2026-Mar-01 15:00,14.585,9.103,36.252322198241,36.6585 /L,0.067078,81.038184
2026-Mar-01 18:00,14.585,9.103,36.2511504698038,36.7798 /L,0.0669884,81.050878
2026-Mar-01 21:00,14.585,9.103,36.2499751586535,36.9011 /L,0.0668985,81.062984
2026-Mar-02 00:00,14.585,9.103,36.2487962580712,37.0224 /L,0.0668083,81.074504
2026-Mar-02 03:00,14.585,9.103,36.2476137608763,37.1437 /L,0.0667181,81.085449
2026-Mar-02 06:00,14.585,9.104,36.246427659621,37.2651 /L,0.0666279,81.095838
2026-Mar-02 09:00,14.585,9.104,36.2452379467874,37.3864 /L,0.0665378,81.105702
2026-Mar-02 12:00,14.585,9.104,36.244044614987,37.5077 /L,0.0664478,81.115078
2026-Mar-02 15:00,14.585,9.104,36.2428476571571,37.6290 /L,0.0663581,81.124012
2026-Mar-02 18:00,14.585,9.104,36.2416470667529,37.7503 /L,0.0662688,81.132556
2026-Mar-02 21:00,14.585,9.104,36.2404428379317,37.8716 /L,0.0661798,81.140772
2026-Mar-03 00:00,14.585,9.104,36.2392349657263,37.9929 /L,0.0660914,81.148725
2026-Mar-03 03:00,14.585,9.104,36.2380234462058,38.1142 /L,0.0660035,81.156487
2026-Mar-03 06:00,14.585,9.105,36.2368082766199,38.2355 /L,0.0659161,81.164131
2026-Mar-03 09:00,14.585,9.105,36.2355894555262,38.3569 /L,0.0658293,81.171734
2026-Mar-03 12:00,14.585,9.105,36.2343669828971,38.4782 /L,0.0657432,81.179377
2026-Mar-03 15:00,14.585,9.105,36.2331408602062,38.5995 /L,0.0656576,81.187137
2026-Mar-03 18:00,14.586,9.105,36.2319110904909,38.7208 /L,0.0655726,81.195093
2026-Mar-03 21:00,14.586,9.105,36.2306776783922,38.8421 /L,0.0654882,81.203322
2026-Mar-04 00:00,14.586,9.105,36.2294406301703,38.9634 /L,0.0654044,81.211895
2026-Mar-04 03:00,14.586,9.105,36.2281999536947,39.0847 /L,0.065321,81.220883
2026-Mar-04 06:00,14.586,9.105,36.2269556584111,39.2061 /L,0.065238,81.230349
2026-Mar-04 09:00,14.586,9.106,36.2257077552841,39.3274 /L,0.0651555,81.240349
2026-Mar-04 12:00,14.586,9.106,36.2244562567162,39.4487 /L,0.0650732,81.250933
2026-Mar-04 15:00,14.586,9.106,36.2232011764462,39.5700 /L,0.0649911,81.262143
2026-Mar-04 18:00,14.586,9.106,36.2219425294264,39.6913 /L,0.0649092,81.274013
2026-Mar-04 21:00,14.586,9.106,36.2206803316823,39.8126 /L,0.0648272,81.286567
2026-Mar-05 00:00,14.586,9.106,36.2194146001553,39.9339 /L,0.0647452,81.299818
2026-Mar-05 03:00,14.586,9.106,36.2181453525321,40.0552 /L,0.064663,81.313773
2026-Mar-05 06:00,14.586,9.106,36.216872607063,40.1766 /L,0.0645806,81.328426
2026-Mar-05 09:00,14.586,9.106,36.2155963823718,40.2979 /L,0.0644977,81.343763
2026-Mar-05 12:00,14.586,9.107,36.2143166972598,40.4192 /L,0.0644144,81.359759
2026-Mar-05 15:00,14.586,9.107,36.2130335705076,40.5405 /L,0.0643306,81.376381
2026-Mar-05 18:00,14.586,9.107,36.2117470206777,40.6618 /L,0.064246,81.393587
2026-Mar-05 21:00,14.586,9.107,36.2104570659204,40.7831 /L,0.0641607,81.411327
2026-Mar-06 00:00,14.586,9.107,36.209163723786,40.9044 /L,0.0640746,81.429544
2026-Mar-06 03:00,14.586,9.107,36.207867011047,41.0257 /L,0.0639877,81.448173
2026-Mar-06 06:00,14.586,9.107,36.2065669435314,41.1471 /L,0.0638997,81.467146
2026-Mar-06 09:00,14.586,9.107,36.2052635359716,41.2684 /L,0.0638108,81.486389
2026-Mar-06 12:00,14.586,9.107,36.2039568018697,41.3897 /L,0.0637209,81.505824
2026-Mar-06 15:00,14.586,9.108,36.2026467533814,41.5110 /L,0.06363,81.525372
2026-Mar-06 18:00,14.586,9.108,36.2013334012214,41.6323 /L,0.063538,81.544952
2026-Mar-06 21:00,14.586,9.108,36.2000167545896,41.7536 /L,0.063445,81.564484
2026-Mar-07 00:00,14.586,9.108,36.1986968211219,41.8749 /L,0.0633509,81.58389
2026-Mar-07 03:00,14.586,9.108,36.1973736068637,41.9963 /L,0.0632559,81.603092
2026-Mar-07 06:00,14.587,9.108,36.1960471162684,42.1176 /L,0.0631598,81.622018
2026-Mar-07 09:00,14.587,9.108,36.1947173522195,42.2389 /L,0.0630629,81.6406
2026-Mar-07 12:00,14.587,9.108,36.1933843160777,42.3602 /L,0.0629651,81.658775
2026-Mar-07 15:00,14.587,9.108,36.1920480077497,42.4815 /L,0.0628666,81.676489
2026-Mar-07 18:00,14.587,9.109,36.1907084257808,42.6028 /L,0.0627673,81.693692
2026-Mar-07 21:00,14.587,9.109,36.1893655674668,42.7242 /L,0.0626674,81.710347
2026-Mar-08 00:00,14.587,9.109,36.188019428986,42.8455 /L,0.062567,81.726421
2026-Mar-08 03:00,14.587,9.109,36.1866700055478,42.9668 /L,0.0624662,81.741894
2026-Mar-08 06:00,14.587,9.109,36.1853172915565,43.0881 /L,0.0623651,81.756756
2026-Mar-08 09:00,14.587,9.109,36.183961280787,43.2094 /L,0.0622637,81.771003
2026-Mar-08 12:00,14.587,9.109,36.1826019665707,43.3307 /L,0.0621622,81.784647
2026-Mar-08 15:00,14.587,9.109,36.1812393419885,43.4521 /L,0.0620606,81.797704
2026-Mar-08 18:00,14.587,9.109,36.1798734000672,43.5734 /L,0.0619592,81.810206
2026-Mar-08 21:00,14.587,9.11,36.1785041339781,43.6947 /L,0.0618579,81.822188
2026-Mar-09 00:00,14.587,9.11,36.1771315372326,43.8160 /L,0.0617568,81.8337
2026-Mar-09 03:00,14.587,9.11,36.1757556038738,43.9374 /L,0.0616561,81.844795
2026-Mar-09 06:00,14.587,9.11,36.1743763286606,44.0587 /L,0.0615558,81.855537
2026-Mar-09 09:00,14.587,9.11,36.1729937072405,44.1800 /L,0.0614559,81.865995
2026-Mar-09 12:00,14.587,9.11,36.1716077363097,44.3013 /L,0.0613565,81.876245
2026-Mar-09 15:00,14.587,9.11,36.1702184137587,44.4226 /L,0.0612577,81.886364
2026-Mar-09 18:00,14.587,9.11,36.1688257387982,44.5440 /L,0.0611595,81.896437
2026-Mar-09 21:00,14.587,9.11,36.1674297120677,44.6653 /L,0.0610619,81.906547
2026-Mar-10 00:00,14.587,9.11,36.1660303357207,44.7866 /L,0.0609648,81.916779
2026-Mar-10 03:00,14.587,9.111,36.1646276134892,44.9079 /L,0.0608684,81.92722
2026-Mar-10 06:00,14.587,9.111,36.1632215507227,45.0293 /L,0.0607726,81.93795
2026-Mar-10 09:00,14.587,9.111,36.1618121544054,45.1506 /L,0.0606772,81.949051
2026-Mar-10 12:00,14.587,9.111,36.1603994331463,45.2719 /L,0.0605824,81.960598
2026-Mar-10 15:00,14.587,9.111,36.1589833971471,45.3932 /L,0.0604881,81.972661
2026-Mar-10 18:00,14.587,9.111,36.1575640581453,45.5146 /L,0.0603941,81.985304
2026-Mar-10 21:00,14.587,9.111,36.1561414293345,45.6359 /L,0.0603004,81.998582
2026-Mar-11 00:00,14.587,9.111,36.1547155252625,45.7572 /L,0.0602069,82.012544
2026-Mar-11 03:00,14.587,9.111,36.15328636171,45.8785 /L,0.0601136,82.027228
2026-Mar-11 06:00,14.587,9.112,36.1518539555505,45.9998 /L,0.0600203,82.042663
2026-Mar-11 09:00,14.587,9.112,36.1504183245935,46.1212 /L,0.0599269,82.058868
2026-Mar-11 12:00,14.587,9.112,36.1489794874146,46.2425 /L,0.0598334,82.075851
2026-Mar-11 15:00,14.587,9.112,36.1475374631739,46.3638 /L,0.0597397,82.093611
2026-Mar-11 18:00,14.587,9.112,36.1460922714257,46.4851 /L,0.0596455,82.112134
2026-Mar-11 21:00,14.587,9.112,36.1446439319235,46.6064 /L,0.059551,82.131398
2026-Mar-12 00:00,14.587,9.112,36.1431924644213,46.7278 /L,0.0594558,82.151369
2026-Mar-12 03:00,14.587,9.112,36.1417378884757,46.8491 /L,0.0593601,82.172004
2026-Mar-12 06:00,14.587,9.112,36.1402802232521,46.9704 /L,0.0592635,82.193253
2026-Mar-12 09:00,14.587,9.112,36.138819487336,47.0917 /L,0.0591662,82.215056
2026-Mar-12 12:00,14.587,9.113,36.1373556985546,47.2130 /L,0.0590681,82.237344
2026-Mar-12 15:00,14.587,9.113,36.13588887381,47.3344 /L,0.058969,82.260046
2026-Mar-12 18:00,14.587,9.113,36.1344190289266,47.4557 /L,0.0588689,82.283083
2026-Mar-12 21:00,14.587,9.113,36.1329461785156,47.5770 /L,0.0587678,82.306372
2026-Mar-13 00:00,14.587,9.113,36.131470335858,47.6983 /L,0.0586657,82.329828
2026-Mar-13 03:00,14.587,9.113,36.1299915128086,47.8196 /L,0.0585625,82.353363
2026-Mar-13 06:00,14.587,9.113,36.1285097197217,47.9409 /L,0.0584584,82.376892
2026-Mar-13 09:00,14.588,9.113,36.1270249653995,48.0623 /L,0.0583531,82.400328
2026-Mar-13 12:00,14.588,9.113,36.1255372570652,48.1836 /L,0.0582469,82.423587
2026-Mar-13 15:00,14.588,9.113,36.1240466003597,48.3049 /L,0.0581397,82.44659
2026-Mar-13 18:00,14.588,9.114,36.1225529993627,48.4262 /L,0.0580316,82.46926
2026-Mar-13 21:00,14.588,9.114,36.121056456638,48.5475 /L,0.0579226,82.491528
2026-Mar-14 00:00,14.588,9.114,36.1195569733015,48.6688 /L,0.0578129,82.513333
2026-Mar-14 03:00,14.588,9.114,36.1180545491122,48.7902 /L,0.0577024,82.534619
2026-Mar-14 06:00,14.588,9.114,36.1165491825834,48.9115 /L,0.0575913,82.55534
2026-Mar-14 09:00,14.588,9.114,36.1150408711128,49.0328 /L,0.0574796,82.575462
2026-Mar-14 12:00,14.588,9.114,36.1135296111311,49.1541 /L,0.0573676,82.594958
2026-Mar-14 15:00,14.588,9.114,36.1120153982641,49.2754 /L,0.0572551,82.613812
2026-Mar-14 18:00,14.588,9.114,36.1104982275083,49.3967 /L,0.0571425,82.63202
2026-Mar-14 21:00,14.588,9.114,36.108978093416,49.5180 /L,0.0570297,82.649589
2026-Mar-15 00:00,14.588,9.115,36.1074549902875,49.6394 /L,0.0569168,82.666536
2026-Mar-15 03:00,14.588,9.115,36.1059289123681,49.7607 /L,0.056804,82.682889
2026-Mar-15 06:00,14.588,9.115,36.1043998540457,49.8820 /L,0.0566914,82.698687
2026-Mar-15 09:00,14.588,9.115,36.1028678100473,50.0033 /L,0.056579,82.713979
2026-Mar-15 12:00,14.588,9.115,36.1013327756306,50.1246 /L,0.0564669,82.728822
2026-Mar-15 15:00,14.588,9.115,36.0997947467679,50.2459 /L,0.0563552,82.743283
2026-Mar-15 18:00,14.588,9.115,36.0982537203206,50.3672 /L,0.056244,82.757435
2026-Mar-15 21:00,14.588,9.115,36.0967096941996,50.4886 /L,0.0561333,82.771359
2026-Mar-16 00:00,14.588,9.115,36.0951626675116,50.6099 /L,0.0560232,82.78514
2026-Mar-16 03:00,14.588,9.115,36.0936126406867,50.7312 /L,0.0559136,82.798867
2026-Mar-16 06:00,14.588,9.115,36.0920596155874,50.8525 /L,0.0558047,82.812633
2026-Mar-16 09:00,14.588,9.116,36.0905035955962,50.9738 /L,0.0556963,82.82653
2026-Mar-16 12:00,14.588,9.116,36.0889445856802,51.0951 /L,0.0555886,82.840653
2026-Mar-16 15:00,14.588,9.116,36.0873825924331,51.2164 /L,0.0554815,82.855092
2026-Mar-16 18:00,14.588,9.116,36.0858176240923,51.3377 /L,0.0553749,82.869937
2026-Mar-16 21:00,14.588,9.116,36.0842496905323,51.4590 /L,0.0552688,82.885271
2026-Mar-17 00:00,14.588,9.116,36.0826788032328,51.5803 /L,0.0551633,82.901175
2026-Mar-17 03:00,14.588,9.116,36.081104975224,51.7016 /L,0.0550581,82.917721
2026-Mar-17 06:00,14.588,9.116,36.0795282210079,51.8229 /L,0.0549533,82.934971
2026-Mar-17 09:00,14.588,9.116,36.0779485564587,51.9442 /L,0.0548487,82.952984
2026-Mar-17 12:00,14.588,9.116,36.0763659987022,52.0655 /L,0.0547443,82.971803
2026-Mar-17 15:00,14.588,9.116,36.0747805659767,52.1868 /L,0.0546399,82.991465
2026-Mar-17 18:00,14.588,9.117,36.0731922774778,52.3081 /L,0.0545356,83.011994
2026-Mar-17 21:00,14.588,9.117,36.0716011531893,52.4294 /L,0.0544311,83.033403
2026-Mar-18 00:00,14.588,9.117,36.0700072137021,52.5507 /L,0.0543264,83.055694
2026-Mar-18 03:00,14.588,9.117,36.0684104800249,52.6720 /L,0.0542214,83.078856
2026-Mar-18 06:00,14.588,9.117,36.0668109733886,52.7933 /L,0.054116,83.102869
2026-Mar-18 09:00,14.588,9.117,36.065208715049,52.9146 /L,0.05401,83.1277
2026-Mar-18 12:00,14.588,9.117,36.0636037260878,53.0359 /L,0.0539035,83.153304
2026-Mar-18 15:00,14.588,9.117,36.0619960272189,53.1571 /L,0.0537963,83.179629
2026-Mar-18 18:00,14.588,9.117,36.060385638599,53.2784 /L,0.0536882,83.206613
2026-Mar-18 21:00,14.588,9.117,36.0587725796485,53.3997 /L,0.0535794,83.234184
2026-Mar-19 00:00,14.588,9.117,36.0571568688833,53.5210 /L,0.0534697,83.262263
2026-Mar-19 03:00,14.588,9.118,36.0555385237614,53.6423 /L,0.053359,83.290767
2026-Mar-19 06:00,14.588,9.118,36.0539175605456,53.7635 /L,0.0532473,83.319606
2026-Mar-19 09:00,14.588,9.118,36.052293994185,53.8848 /L,0.0531347,83.348687
2026-Mar-19 12:00,14.588,9.118,36.0506678382171,54.0061 /L,0.053021,83.377914
2026-Mar-19 15:00,14.588,9.118,36.0490391046909,54.1274 /L,0.0529063,83.407192
2026-Mar-19 18:00,14.588,9.118,36.0474078041141,54.2486 /L,0.0527906,83.436426
2026-Mar-19 21:00,14.588,9.118,36.0457739454229,54.3699 /L,0.052674,83.465521
2026-Mar-20 00:00,14.588,9.118,36.0441375359766,54.4912 /L,0.0525563,83.494389
2026-Mar-20 03:00,14.587,9.118,36.0424985815765,54.6124 /L,0.0524378,83.522944
2026-Mar-20 06:00,14.587,9.118,36.0408570865079,54.7337 /L,0.0523184,83.551106
2026-Mar-20 09:00,14.587,9.118,36.0392130536058,54.8549 /L,0.0521983,83.578805
2026-Mar-20 12:00,14.587,9.119,36.0375664843432,54.9762 /L,0.0520775,83.605976
2026-Mar-20 15:00,14.587,9.119,36.0359173789392,55.0974 /L,0.051956,83.632566
2026-Mar-20 18:00,14.587,9.119,36.0342657364875,55.2187 /L,0.051834,83.658531
2026-Mar-20 21:00,14.587,9.119,36.0326115551009,55.3400 /L,0.0517116,83.683838
2026-Mar-21 00:00,14.587,9.119,36.030954832072,55.4612 /L,0.0515889,83.708467
2026-Mar-21 03:00,14.587,9.119,36.0292955640459,55.5825 /L,0.051466,83.732406
2026-Mar-21 06:00,14.587,9.119,36.0276337472029,55.7037 /L,0.0513429,83.75566
2026-Mar-21 09:00,14.587,9.119,36.0259693774486,55.8249 /L,0.0512198,83.778244
2026-Mar-21 12:00,14.587,9.119,36.0243024506089,55.9462 /L,0.0510968,83.800184
2026-Mar-21 15:00,14.587,9.119,36.0226329626255,56.0674 /L,0.050974,83.821519
2026-Mar-21 18:00,14.587,9.119,36.0209609097504,56.1887 /L,0.0508515,83.8423
2026-Mar-21 21:00,14.587,9.119,36.0192862887365,56.3099 /L,0.0507293,83.862587
2026-Mar-22 00:00,14.587,9.12,36.0176090970196,56.4311 /L,0.0506075,83.882449
2026-Mar-22 03:00,14.587,9.12,36.0159293328918,56.5524 /L,0.0504862,83.901968
2026-Mar-22 06:00,14.587,9.12,36.014246995661,56.6736 /L,0.0503655,83.921228
2026-Mar-22 09:00,14.587,9.12,36.0125620857955,56.7948 /L,0.0502454,83.940324
2026-Mar-22 12:00,14.587,9.12,36.0108746050523,56.9160 /L,0.0501259,83.959352
2026-Mar-22 15:00,14.587,9.12,36.0091845565841,57.0372 /L,0.0500071,83.978416
2026-Mar-22 18:00,14.587,9.12,36.0074919450273,57.1585 /L,0.0498889,83.997618
2026-Mar-22 21:00,14.587,9.12,36.0057967765662,57.2797 /L,0.0497715,84.017064
2026-Mar-23 00:00,14.587,9.12,36.0040990589747,57.4009 /L,0.0496547,84.036855
2026-Mar-23 03:00,14.587,9.12,36.0023988016334,57.5221 /L,0.0495385,84.057093
2026-Mar-23 06:00,14.587,9.12,36.000696015523,57.6433 /L,0.0494229,84.077874
2026-Mar-23 09:00,14.587,9.12,35.9989907131928,57.7645 /L,0.0493079,84.099288
2026-Mar-23 12:00,14.587,9.121,35.997282908706,57.8857 /L,0.0491933,84.12142
2026-Mar-23 15:00,14.587,9.121,35.9955726175614,58.0069 /L,0.0490792,84.144346
2026-Mar-23 18:00,14.587,9.121,35.9938598565937,58.1281 /L,0.0489654,84.16813
2026-Mar-23 21:00,14.587,9.121,35.9921446438534,58.2493 /L,0.0488519,84.192829
2026-Mar-24 00:00,14.587,9.121,35.9904269984682,58.3705 /L,0.0487385,84.218488
2026-Mar-24 03:00,14.587,9.121,35.9887069404877,58.4916 /L,0.0486253,84.245137
2026-Mar-24 06:00,14.587,9.121,35.9869844907144,58.6128 /L,0.0485119,84.272798
2026-Mar-24 09:00,14.587,9.121,35.9852596705232,58.7340 /L,0.0483985,84.301477
2026-Mar-24 12:00,14.587,9.121,35.9835325016715,58.8552 /L,0.0482848,84.331168
2026-Mar-24 15:00,14.587,9.121,35.9818030061045,58.9763 /L,0.0481708,84.361853
2026-Mar-24 18:00,14.587,9.121,35.9800712057563,59.0975 /L,0.0480564,84.393499
2026-Mar-24 21:00,14.587,9.121,35.9783371223526,59.2187 /L,0.0479415,84.426063
2026-Mar-25 00:00,14.587,9.122,35.9766007772148,59.3398 /L,0.0478259,84.45949
2026-Mar-25 03:00,14.587,9.122,35.9748621910719,59.4610 /L,0.0477097,84.493713
2026-Mar-25 06:00,14.587,9.122,35.9731213838796,59.5821 /L,0.0475927,84.528658
2026-Mar-25 09:00,14.587,9.122,35.9713783746524,59.7033 /L,0.0474749,84.564238
2026-Mar-25 12:00,14.587,9.122,35.969633181309,59.8244 /L,0.0473563,84.600364
2026-Mar-25 15:00,14.587,9.122,35.9678858205349,59.9455 /L,0.0472367,84.636935
2026-Mar-25 18:00,14.587,9.122,35.9661363076625,60.0667 /L,0.0471163,84.673851
2026-Mar-25 21:00,14.587,9.122,35.9643846565727,60.1878 /L,0.0469948,84.711005
2026-Mar-26 00:00,14.587,9.122,35.9626308796175,60.3090 /L,0.0468725,84.74829
2026-Mar-26 03:00,14.587,9.122,35.9608749875658,60.4301 /L,0.0467491,84.785598
2026-Mar-26 06:00,14.586,9.122,35.9591169895729,60.5512 /L,0.0466249,84.822823
2026-Mar-26 09:00,14.586,9.122,35.9573568931742,60.6723 /L,0.0464997,84.859864
2026-Mar-26 12:00,14.586,9.122,35.955594704303,60.7934 /L,0.0463737,84.896622
2026-Mar-26 15:00,14.586,9.123,35.9538304273323,60.9146 /L,0.046247,84.933007
2026-Mar-26 18:00,14.586,9.123,35.9520640651401,61.0357 /L,0.0461195,84.968933
2026-Mar-26 21:00,14.586,9.123,35.9502956191965,61.1568 /L,0.0459913,85.004326
2026-Mar-27 00:00,14.586,9.123,35.9485250896723,61.2779 /L,0.0458626,85.039121
2026-Mar-27 03:00,14.586,9.123,35.9467524755668,61.3990 /L,0.0457333,85.073264
2026-Mar-27 06:00,14.586,9.123,35.9449777748526,61.5201 /L,0.0456037,85.106714
2026-Mar-27 09:00,14.586,9.123,35.943200984636,61.6412 /L,0.0454738,85.139442
2026-Mar-27 12:00,14.586,9.123,35.9414221013304,61.7623 /L,0.0453437,85.171432
2026-Mar-27 15:00,14.586,9.123,35.9396411208397,61.8834 /L,0.0452135,85.202682
2026-Mar-27 18:00,14.586,9.123,35.9378580387488,62.0045 /L,0.0450834,85.233204
2026-Mar-27 21:00,14.586,9.123,35.9360728505193,62.1256 /L,0.0449533,85.263024
2026-Mar-28 00:00,14.586,9.123,35.9342855516868,62.2467 /L,0.0448235,85.29218
2026-Mar-28 03:00,14.586,9.123,35.9324961380565,62.3677 /L,0.0446939,85.320726
2026-Mar-28 06:00,14.586,9.123,35.9307046058948,62.4888 /L,0.0445648,85.348725
2026-Mar-28 09:00,14.586,9.124,35.9289109521145,62.6099 /L,0.0444361,85.376254
2026-Mar-28 12:00,14.586,9.124,35.9271151744485,62.7310 /L,0.0443079,85.403399
2026-Mar-28 15:00,14.586,9.124,35.9253172716124,62.8520 /L,0.0441803,85.430255
2026-Mar-28 18:00,14.586,9.124,35.9235172434519,62.9731 /L,0.0440534,85.456928
2026-Mar-28 21:00,14.586,9.124,35.9217150910722,63.0942 /L,0.0439272,85.483527
2026-Mar-29 00:00,14.586,9.124,35.9199108169491,63.2152 /L,0.0438017,85.510168
2026-Mar-29 03:00,14.586,9.124,35.9181044250187,63.3363 /L,0.0436769,85.536967
2026-Mar-29 06:00,14.586,9.124,35.9162959207452,63.4574 /L,0.0435528,85.564046
2026-Mar-29 09:00,14.586,9.124,35.9144853111652,63.5784 /L,0.0434294,85.591524
2026-Mar-29 12:00,14.586,9.124,35.9126726049079,63.6995 /L,0.0433067,85.619517
2026-Mar-29 15:00,14.586,9.124,35.9108578121915,63.8205 /L,0.0431847,85.64814
2026-Mar-29 18:00,14.585,9.124,35.9090409447948,63.9416 /L,0.0430633,85.677499
2026-Mar-29 21:00,14.585,9.124,35.9072220160052,64.0626 /L,0.0429424,85.707696
2026-Mar-30 00:00,14.585,9.124,35.9054010405438,64.1837 /L,0.042822,85.738822
2026-Mar-30 03:00,14.585,9.124,35.9035780344685,64.3047 /L,0.042702,85.770959
2026-Mar-30 06:00,14.585,9.125,35.9017530150565,64.4257 /L,0.0425823,85.804177
2026-Mar-30 09:00,14.585,9.125,35.8999260006683,64.5468 /L,0.0424629,85.838534
2026-Mar-30 12:00,14.585,9.125,35.8980970105951,64.6678 /L,0.0423436,85.874074
2026-Mar-30 15:00,14.585,9.125,35.8962660648923,64.7888 /L,0.0422243,85.910828
2026-Mar-30 18:00,14.585,9.125,35.8944331842005,64.9098 /L,0.042105,85.948812
2026-Mar-30 21:00,14.585,9.125,35.8925983895583,65.0309 /L,0.0419855,85.988026
2026-Mar-31 00:00,14.585,9.125,35.890761702209,65.1519 /L,0.0418658,86.028457
2026-Mar-31 03:00,14.585,9.125,35.8889231434033,65.2729 /L,0.0417456,86.070078
2026-Mar-31 06:00,14.585,9.125,35.8870827342032,65.3939 /L,0.0416251,86.112845
2026-Mar-31 09:00,14.585,9.125,35.8852404952874,65.5149 /L,0.0415039,86.156702
2026-Mar-31 12:00,14.585,9.125,35.8833964467636,65.6359 /L,0.0413822,86.201581
2026-Mar-31 15:00,14.585,9.125,35.8815506079888,65.7569 /L,0.0412597,86.247402
2026-Mar-31 18:00,14.585,9.125,35.8797029974016,65.8779 /L,0.0411365,86.294073
2026-Mar-31 21:00,14.585,9.125,35.8778536323675,65.9989 /L,0.0410124,86.341493
2026-Apr-01 00:00,14.585,9.125,35.8760025290417,66.1199 /L,0.0408875,86.389556
2026-Apr-01 03:00,14.585,9.126,35.8741497022492,66.2409 /L,0.0407616,86.438145
2026-Apr-01 06:00,14.585,9.126,35.8722951653859,66.3619 /L,0.0406349,86.487144
2026-Apr-01 09:00,14.585,9.126,35.8704389303404,66.4829 /L,0.0405072,86.536429
2026-Apr-01 12:00,14.584,9.126,35.8685810074396,66.6039 /L,0.0403786,86.58588
2026-Apr-01 15:00,14.584,9.126,35.8667214054172,66.7249 /L,0.0402491,86.635373
2026-Apr-01 18:00,14.584,9.126,35.8648601314067,66.8459 /L,0.0401186,86.684791
2026-Apr-01 21:00,14.584,9.126,35.862997190958,66.9669 /L,0.0399874,86.734019
2026-Apr-02 00:00,14.584,9.126,35.8611325880787,67.0879 /L,0.0398553,86.782948
2026-Apr-02 03:00,14.584,9.126,35.8592663252979,67.2088 /L,0.0397226,86.83148
2026-Apr-02 06:00,14.584,9.126,35.8573984037531,67.3298 /L,0.0395891,86.879522
2026-Apr-02 09:00,14.584,9.126,35.855528823297,67.4508 /L,0.0394551,86.926996
2026-Apr-02 12:00,14.584,9.126,35.853657582625,67.5718 /L,0.0393205,86.973834
2026-Apr-02 15:00,14.584,9.126,35.851784679419,67.6928 /L,0.0391856,87.019981
2026-Apr-02 18:00,14.584,9.126,35.8499101105073,67.8137 /L,0.0390504,87.065399
2026-Apr-02 21:00,14.584,9.126,35.848033872037,67.9347 /L,0.0389149,87.110061
2026-Apr-03 00:00,14.584,9.126,35.8461559596574,68.0557 /L,0.0387793,87.153959
2026-Apr-03 03:00,14.584,9.127,35.8442763687096,68.1767 /L,0.0386438,87.197099
2026-Apr-03 06:00,14.584,9.127,35.8423950944228,68.2976 /L,0.0385083,87.239505
2026-Apr-03 09:00,14.584,9.127,35.8405121321107,68.4186 /L,0.038373,87.281215
2026-Apr-03 12:00,14.584,9.127,35.8386274773678,68.5396 /L,0.038238,87.322283
2026-Apr-03 15:00,14.584,9.127,35.8367411262614,68.6605 /L,0.0381034,87.362778
2026-Apr-03 18:00,14.584,9.127,35.8348530755163,68.7815 /L,0.0379692,87.402783
2026-Apr-03 21:00,14.583,9.127,35.8329633226902,68.9025 /L,0.0378356,87.442394
2026-Apr-04 00:00,14.583,9.127,35.8310718663366,69.0234 /L,0.0377025,87.481719
2026-Apr-04 03:00,14.583,9.127,35.829178706153,69.1444 /L,0.0375701,87.520876
2026-Apr-04 06:00,14.583,9.127,35.8272838431114,69.2654 /L,0.0374384,87.55999
2026-Apr-04 09:00,14.583,9.127,35.8253872795705,69.3863 /L,0.0373073,87.599196
2026-Apr-04 12:00,14.583,9.127,35.8234890193667,69.5073 /L,0.0371771,87.638631
2026-Apr-04 15:00,14.583,9.127,35.8215890678832,69.6282 /L,0.0370475,87.678436
2026-Apr-04 18:00,14.583,9.127,35.8196874320954,69.7492 /L,0.0369187,87.718753
2026-Apr-04 21:00,14.583,9.127,35.817784120593,69.8702 /L,0.0367906,87.759724
2026-Apr-05 00:00,14.583,9.127,35.8158791435771,69.9911 /L,0.0366632,87.801485
2026-Apr-05 03:00,14.583,9.127,35.813972512834,70.1121 /L,0.0365364,87.844168
2026-Apr-05 06:00,14.583,9.127,35.8120642416838,70.2330 /L,0.0364102,87.887898
2026-Apr-05 09:00,14.583,9.128,35.8101543449075,70.3540 /L,0.0362845,87.932791
2026-Apr-05 12:00,14.583,9.128,35.8082428386506,70.4749 /L,0.0361593,87.978952
2026-Apr-05 15:00,14.583,9.128,35.8063297403073,70.5959 /L,0.0360344,88.026472
2026-Apr-05 18:00,14.583,9.128,35.804415068385,70.7168 /L,0.0359099,88.075431
2026-Apr-05 21:00,14.583,9.128,35.8024988423533,70.8378 /L,0.0357855,88.125893
2026-Apr-06 00:00,14.582,9.128,35.8005810824769,70.9587 /L,0.0356612,88.177904
2026-Apr-06 03:00,14.582,9.128,35.7986618096386,71.0796 /L,0.0355369,88.231496
2026-Apr-06 06:00,14.582,9.128,35.7967410451512,71.2006 /L,0.0354124,88.286682
2026-Apr-06 09:00,14.582,9.128,35.7948188105647,71.3215 /L,0.0352878,88.34346
2026-Apr-06 12:00,14.582,9.128,35.7928951274693,71.4425 /L,0.0351629,88.401808
2026-Apr-06 15:00,14.582,9.128,35.7909700172982,71.5634 /L,0.0350375,88.461689
2026-Apr-06 18:00,14.582,9.128,35.7890435011331,71.6843 /L,0.0349116,88.52305
2026-Apr-06 21:00,14.582,9.128,35.7871155995154,71.8053 /L,0.0347852,88.585819
2026-Apr-07 00:00,14.582,9.128,35.7851863322658,71.9262 /L,0.0346581,88.649914
2026-Apr-07 03:00,14.582,9.128,35.7832557183148,72.0472 /L,0.0345303,88.715236
2026-Apr-07 06:00,14.582,9.128,35.7813237755477,72.1681 /L,0.0344017,88.781677
2026-Apr-07 09:00,14.582,9.128,35.779390520665,72.2890 /L,0.0342723,88.849117
2026-Apr-07 12:00,14.582,9.128,35.7774559690612,72.4100 /L,0.034142,88.917427
2026-Apr-07 15:00,14.582,9.128,35.775520134724,72.5309 /L,0.0340108,88.986473
2026-Apr-07 18:00,14.582,9.129,35.7735830301544,72.6518 /L,0.0338786,89.056115
2026-Apr-07 21:00,14.581,9.129,35.7716446663099,72.7727 /L,0.0337456,89.126212
2026-Apr-08 00:00,14.581,9.129,35.7697050525712,72.8937 /L,0.0336117,89.19662
2026-Apr-08 03:00,14.581,9.129,35.7677641967331,73.0146 /L,0.0334769,89.267201
2026-Apr-08 06:00,14.581,9.129,35.7658221050191,73.1355 /L,0.0333413,89.337816
2026-Apr-08 09:00,14.581,9.129,35.7638787821202,73.2565 /L,0.0332048,89.408334
2026-Apr-08 12:00,14.581,9.129,35.7619342312573,73.3774 /L,0.0330677,89.478634
2026-Apr-08 15:00,14.581,9.129,35.7599884542651,73.4983 /L,0.0329299,89.548602
2026-Apr-08 18:00,14.581,9.129,35.7580414516983,73.6193 /L,0.0327914,89.618137
2026-Apr-08 21:00,14.581,9.129,35.7560932229561,73.7402 /L,0.0326525,89.687151
2026-Apr-09 00:00,14.581,9.129,35.7541437664253,73.8611 /L,0.0325131,89.755572
2026-Apr-09 03:00,14.581,9.129,35.7521930796381,73.9820 /L,0.0323735,89.823342
2026-Apr-09 06:00,14.581,9.129,35.7502411594437,74.1030 /L,0.0322336,89.890423
2026-Apr-09 09:00,14.581,9.129,35.7482880021897,74.2239 /L,0.0320935,89.956793
2026-Apr-09 12:00,14.581,9.129,35.7463336039121,74.3448 /L,0.0319535,90.022449
2026-Apr-09 15:00,14.58,9.129,35.7443779605297,74.4658 /L,0.0318135,90.08741
2026-Apr-09 18:00,14.58,9.129,35.7424210680407,74.5867 /L,0.0316737,90.15171
2026-Apr-09 21:00,14.58,9.129,35.7404629227185,74.7076 /L,0.0315342,90.215404
2026-Apr-10 00:00,14.58,9.129,35.7385035213038,74.8285 /L,0.0313951,90.278566
2026-Apr-10 03:00,14.58,9.129,35.7365428611894,74.9495 /L,0.0312564,90.341288
2026-Apr-10 06:00,14.58,9.129,35.7345809405962,75.0704 /L,0.0311182,90.403676
2026-Apr-10 09:00,14.58,9.129,35.7326177587367,75.1913 /L,0.0309806,90.465853
2026-Apr-10 12:00,14.58,9.13,35.7306533159637,75.3122 /L,0.0308437,90.527958
2026-Apr-10 15:00,14.58,9.13,35.7286876139026,75.4332 /L,0.0307075,90.590137
2026-Apr-10 18:00,14.58,9.13,35.7267206555644,75.5541 /L,0.030572,90.652552
2026-Apr-10 21:00,14.58,9.13,35.7247524454379,75.6750 /L,0.0304373,90.715367
2026-Apr-11 00:00,14.58,9.13,35.7227829895606,75.7959 /L,0.0303033,90.778755
2026-Apr-11 03:00,14.58,9.13,35.7208122955659,75.9169 /L,0.0301702,90.842893
2026-Apr-11 06:00,14.579,9.13,35.7188403727064,76.0378 /L,0.0300377,90.907956
2026-Apr-11 09:00,14.579,9.13,35.7168672318537,76.1587 /L,0.0299061,90.974118
2026-Apr-11 12:00,14.579,9.13,35.7148928854726,76.2796 /L,0.0297751,91.04155
2026-Apr-11 15:00,14.579,9.13,35.7129173475732,76.4006 /L,0.0296448,91.110415
2026-Apr-11 18:00,14.579,9.13,35.7109406336383,76.5215 /L,0.029515,91.180867
2026-Apr-11 21:00,14.579,9.13,35.7089627605299,76.6424 /L,0.0293858,91.25305
2026-Apr-12 00:00,14.579,9.13,35.7069837463743,76.7633 /L,0.0292571,91.327093
2026-Apr-12 03:00,14.579,9.13,35.7050036104287,76.8843 /L,0.0291287,91.40311
2026-Apr-12 06:00,14.579,9.13,35.7030223729311,77.0052 /L,0.0290006,91.4812
2026-Apr-12 09:00,14.579,9.13,35.7010400549353,77.1261 /L,0.0288727,91.561441
2026-Apr-12 12:00,14.579,9.13,35.6990566781341,77.2470 /L,0.0287449,91.643894
2026-Apr-12 15:00,14.579,9.13,35.697072264673,77.3679 /L,0.028617,91.7286
2026-Apr-12 18:00,14.578,9.13,35.6950868369576,77.4889 /L,0.0284891,91.815577
2026-Apr-12 21:00,14.578,9.13,35.6931004174574,77.6098 /L,0.0283609,91.904823
2026-Apr-13 00:00,14.578,9.13,35.6911130285091,77.7307 /L,0.0282324,91.996317
2026-Apr-13 03:00,14.578,9.13,35.6891246921219,77.8516 /L,0.0281035,92.090016
2026-Apr-13 06:00,14.578,9.13,35.6871354297889,77.9725 /L,0.0279742,92.185857
2026-Apr-13 09:00,14.578,9.13,35.6851452623062,78.0934 /L,0.0278443,92.283759
2026-Apr-13 12:00,14.578,9.13,35.6831542096034,78.2144 /L,0.0277137,92.383625
2026-Apr-13 15:00,14.578,9.13,35.6811622905872,78.3353 /L,0.0275825,92.485338
2026-Apr-13 18:00,14.578,9.131,35.6791695230012,78.4562 /L,0.0274505,92.588771
2026-Apr-13 21:00,14.578,9.131,35.6771759233041,78.5771 /L,0.0273177,92.693782
2026-Apr-14 00:00,14.578,9.131,35.6751815065668,78.6980 /L,0.0271841,92.80022
2026-Apr-14 03:00,14.578,9.131,35.673186286392,78.8189 /L,0.0270496,92.907926
2026-Apr-14 06:00,14.577,9.131,35.6711902748553,78.9398 /L,0.0269143,93.016735
2026-Apr-14 09:00,14.577,9.131,35.6691934824708,79.0607 /L,0.0267781,93.12648
2026-Apr-14 12:00,14.577,9.131,35.6671959181798,79.1817 /L,0.0266412,93.236993
2026-Apr-14 15:00,14.577,9.131,35.6651975893641,79.3026 /L,0.0265034,93.348107
2026-Apr-14 18:00,14.577,9.131,35.6631985018831,79.4235 /L,0.0263649,93.459663
2026-Apr-14 21:00,14.577,9.131,35.6611986601336,79.5444 /L,0.0262257,93.571505
2026-Apr-15 00:00,14.577,9.131,35.6591980671334,79.6653 /L,0.0260858,93.68349
2026-Apr-15 03:00,14.577,9.131,35.6571967246242,79.7862 /L,0.0259454,93.795485
2026-Apr-15 06:00,14.577,9.131,35.6551946331958,79.9071 /L,0.0258045,93.907375
2026-Apr-15 09:00,14.577,9.131,35.6531917924265,80.0280 /L,0.0256631,94.019056
2026-Apr-15 12:00,14.577,9.131,35.6511882010401,80.1489 /L,0.0255215,94.130447
2026-Apr-15 15:00,14.576,9.131,35.6491838570758,80.2698 /L,0.0253797,94.241485
2026-Apr-15 18:00,14.576,9.131,35.6471787580684,80.3908 /L,0.0252377,94.352128
2026-Apr-15 21:00,14.576,9.131,35.6451729012371,80.5117 /L,0.0250958,94.462358
2026-Apr-16 00:00,14.576,9.131,35.6431662836788,80.6326 /L,0.0249539,94.57218
2026-Apr-16 03:00,14.576,9.131,35.6411589025642,80.7535 /L,0.0248123,94.681621
2026-Apr-16 06:00,14.576,9.131,35.6391507553323,80.8744 /L,0.0246709,94.790734
2026-Apr-16 09:00,14.576,9.131,35.6371418398822,80.9953 /L,0.0245299,94.899596
2026-Apr-16 12:00,14.576,9.131,35.6351321547575,81.1162 /L,0.0243894,95.008306
2026-Apr-16 15:00,14.576,9.131,35.633121699322,81.2371 /L,0.0242495,95.116986
2026-Apr-16 18:00,14.576,9.131,35.6311104739227,81.3580 /L,0.0241102,95.225779
2026-Apr-16 21:00,14.576,9.131,35.6290984800386,81.4789 /L,0.0239716,95.33485
2026-Apr-17 00:00,14.575,9.131,35.627085720413,81.5998 /L,0.0238338,95.444379
2026-Apr-17 03:00,14.575,9.131,35.6250721991664,81.7207 /L,0.0236968,95.554563
2026-Apr-17 06:00,14.575,9.131,35.6230579218893,81.8416 /L,0.0235606,95.665612
2026-Apr-17 09:00,14.575,9.131,35.6210428957129,81.9625 /L,0.0234253,95.777747
2026-Apr-17 12:00,14.575,9.131,35.6190271293561,82.0834 /L,0.0232908,95.891198
2026-Apr-17 15:00,14.575,9.131,35.6170106331502,82.2043 /L,0.0231573,96.006198
2026-Apr-17 18:00,14.575,9.132,35.6149934190371,82.3252 /L,0.0230246,96.122984
2026-Apr-17 21:00,14.575,9.132,35.6129755005458,82.4461 /L,0.0228927,96.241789
2026-Apr-18 00:00,14.575,9.132,35.6109568927425,82.5670 /L,0.0227617,96.362845
2026-Apr-18 03:00,14.575,9.132,35.6089376121592,82.6879 /L,0.0226313,96.486375
2026-Apr-18 06:00,14.574,9.132,35.6069176766996,82.8088 /L,0.0225017,96.61259
2026-Apr-18 09:00,14.574,9.132,35.6048971055239,82.9297 /L,0.0223727,96.741692
2026-Apr-18 12:00,14.574,9.132,35.6028759189153,83.0506 /L,0.0222443,96.873863
2026-Apr-18 15:00,14.574,9.132,35.6008541381287,83.1714 /L,0.0221163,97.009269
2026-Apr-18 18:00,14.574,9.132,35.5988317852253,83.2923 /L,0.0219887,97.148056
2026-Apr-18 21:00,14.574,9.132,35.5968088828948,83.4132 /L,0.0218615,97.290347
2026-Apr-19 00:00,14.574,9.132,35.5947854542678,83.5341 /L,0.0217344,97.436241
2026-Apr-19 03:00,14.574,9.132,35.5927615227217,83.6550 /L,0.0216074,97.585813
2026-Apr-19 06:00,14.574,9.132,35.5907371116832,83.7758 /L,0.0214805,97.739112
2026-Apr-19 09:00,14.574,9.132,35.5887122444292,83.8967 /L,0.0213534,97.896162
2026-Apr-19 12:00,14.573,9.132,35.5866869438909,84.0176 /L,0.0212262,98.056961
2026-Apr-19 15:00,14.573,9.132,35.5846612324623,84.1385 /L,0.0210987,98.221479
2026-Apr-19 18:00,14.573,9.132,35.5826351318172,84.2593 /L,0.0209709,98.389664
2026-Apr-19 21:00,14.573,9.132,35.5806086627372,84.3802 /L,0.0208427,98.56144
2026-Apr-20 00:00,14.573,9.132,35.5785818449523,84.5010 /L,0.020714,98.736706
2026-Apr-20 03:00,14.573,9.132,35.5765546969985,84.6219 /L,0.0205848,98.915342
2026-Apr-20 06:00,14.573,9.132,35.5745272360925,84.7428 /L,0.020455,99.097211
2026-Apr-20 09:00,14.573,9.132,35.5724994780263,84.8636 /L,0.0203246,99.282157
2026-Apr-20 12:00,14.573,9.132,35.5704714370833,84.9845 /L,0.0201936,99.470012
2026-Apr-20 15:00,14.573,9.132,35.568443125977,85.1053 /L,0.0200619,99.660594
2026-Apr-20 18:00,14.572,9.132,35.5664145558133,85.2262 /L,0.0199295,99.853718
2026-Apr-20 21:00,14.572,9.132,35.5643857360762,85.3470 /L,0.0197965,100.04919
2026-Apr-21 00:00,14.572,9.132,35.5623566746386,85.4679 /L,0.0196629,100.24681
2026-Apr-21 03:00,14.572,9.132,35.5603273777961,85.5887 /L,0.0195286,100.44639
2026-Apr-21 06:00,14.572,9.132,35.5582978503255,85.7096 /L,0.0193939,100.64774
2026-Apr-21 09:00,14.572,9.132,35.5562680955643,85.8304 /L,0.0192586,100.85068
2026-Apr-21 12:00,14.572,9.132,35.554238115513,85.9513 /L,0.0191229,101.05503
2026-Apr-21 15:00,14.572,9.132,35.5522079109564,86.0721 /L,0.0189868,101.26065
2026-Apr-21 18:00,14.572,9.132,35.5501774816029,86.1929 /L,0.0188505,101.46738
2026-Apr-21 21:00,14.572,9.132,35.5481468262398,86.3138 /L,0.018714,101.67511
2026-Apr-22 00:00,14.571,9.132,35.5461159429024,86.4346 /L,0.0185774,101.88375
2026-Apr-22 03:00,14.571,9.132,35.5440848290532,86.5554 /L,0.0184408,102.09322
2026-Apr-22 06:00,14.571,9.132,35.5420534817706,86.6763 /L,0.0183043,102.30347
2026-Apr-22 09:00,14.571,9.132,35.5400218979417,86.7971 /L,0.018168,102.51449
2026-Apr-22 12:00,14.571,9.132,35.5379900744592,86.9179 /L,0.018032,102.7263
2026-Apr-22 15:00,14.571,9.132,35.535958008416,87.0387 /L,0.0178964,102.93893
2026-Apr-22 18:00,14.571,9.132,35.5339256972986,87.1595 /L,0.0177614,103.15246
2026-Apr-22 21:00,14.571,9.132,35.5318931391723,87.2804 /L,0.0176269,103.36701
2026-Apr-23 00:00,14.571,9.132,35.5298603328589,87.4012 /L,0.0174931,103.58271
2026-Apr-23 03:00,14.57,9.132,35.5278272781012,87.5220 /L,0.0173601,103.79974
2026-Apr-23 06:00,14.57,9.132,35.5257939757152,87.6428 /L,0.017228,104.0183
2026-Apr-23 09:00,14.57,9.132,35.5237604277236,87.7636 /L,0.0170968,104.23862
2026-Apr-23 12:00,14.57,9.132,35.5217266374725,87.8844 /L,0.0169665,104.46096
2026-Apr-23 15:00,14.57,9.132,35.5196926097269,88.0052 /L,0.0168373,104.68561
2026-Apr-23 18:00,14.57,9.132,35.5176583507446,88.1260 /L,0.0167092,104.91287
2026-Apr-23 21:00,14.57,9.132,35.5156238683272,88.2468 /L,0.0165822,105.14307
2026-Apr-24 00:00,14.57,9.132,35.5135891718476,88.3676 /L,0.0164563,105.37654
2026-Apr-24 03:00,14.57,9.132,35.5115542722527,88.4884 /L,0.0163315,105.61364
2026-Apr-24 06:00,14.569,9.132,35.5095191820426,88.6092 /L,0.0162078,105.85473
2026-Apr-24 09:00,14.569,9.132,35.5074839152258,88.7300 /L,0.0160852,106.10018
2026-Apr-24 12:00,14.569,9.132,35.5054484872504,88.8508 /L,0.0159637,106.35034
2026-Apr-24 15:00,14.569,9.132,35.5034129149145,88.9716 /L,0.0158432,106.60559
2026-Apr-24 18:00,14.569,9.133,35.5013772162543,89.0924 /L,0.0157237,106.86627
2026-Apr-24 21:00,14.569,9.133,35.4993414104142,89.2132 /L,0.0156051,107.13272
2026-Apr-25 00:00,14.569,9.133,35.4973055174989,89.3339 /L,0.0154874,107.40527
2026-Apr-25 03:00,14.569,9.133,35.4952695584114,89.4547 /L,0.0153704,107.68423
2026-Apr-25 06:00,14.568,9.133,35.4932335546778,89.5755 /L,0.0152542,107.96988
2026-Apr-25 09:00,14.568,9.133,35.4911975282629,89.6963 /L,0.0151386,108.26248
2026-Apr-25 12:00,14.568,9.133,35.4891615013788,89.8170 /L,0.0150236,108.56227
2026-Apr-25 15:00,14.568,9.133,35.4871254962891,89.9378 /L,0.0149091,108.86945
2026-Apr-25 18:00,14.568,9.133,35.4850895351125,90.0586 /L,0.0147949,109.18419
2026-Apr-25 21:00,14.568,9.133,35.4830536396283,90.1793 /L,0.0146811,109.50663
2026-Apr-26 00:00,14.568,9.133,35.4810178310864,90.3001 /L,0.0145675,109.83689
2026-Apr-26 03:00,14.568,9.133,35.4789821300261,90.4208 /L,0.014454,110.17504
2026-Apr-26 06:00,14.568,9.133,35.4769465561039,90.5416 /L,0.0143406,110.52112
2026-Apr-26 09:00,14.567,9.133,35.4749111279365,90.6624 /L,0.0142273,110.87514
2026-Apr-26 12:00,14.567,9.133,35.4728758629571,90.7831 /L,0.0141139,111.23709
2026-Apr-26 15:00,14.567,9.133,35.4708407772914,90.9039 /L,0.0140004,111.60692
2026-Apr-26 18:00,14.567,9.133,35.4688058856521,91.0246 /L,0.0138868,111.98455
2026-Apr-26 21:00,14.567,9.133,35.4667712012545,91.1453 /L,0.0137731,112.36989
2026-Apr-27 00:00,14.567,9.133,35.4647367357553,91.2661 /L,0.0136592,112.76281
2026-Apr-27 03:00,14.567,9.133,35.4627024992139,91.3868 /L,0.0135451,113.16316
2026-Apr-27 06:00,14.567,9.133,35.460668500078,91.5076 /L,0.0134308,113.5708
2026-Apr-27 09:00,14.566,9.133,35.4586347451932,91.6283 /L,0.0133164,113.98555
2026-Apr-27 12:00,14.566,9.133,35.4566012398371,91.7491 /L,0.0132018,114.40723
2026-Apr-27 15:00,14.566,9.133,35.4545679877754,91.8698 /L,0.0130871,114.83566
2026-Apr-27 18:00,14.566,9.133,35.4525349913425,91.9905 /L,0.0129724,115.27064
2026-Apr-27 21:00,14.566,9.133,35.4505022515415,92.1113 /L,0.0128577,115.712
2026-Apr-28 00:00,14.566,9.133,35.4484697681658,92.2320 /L,0.012743,116.15956
2026-Apr-28 03:00,14.566,9.133,35.4464375399377,92.3527 /L,0.0126285,116.61313
2026-Apr-28 06:00,14.566,9.133,35.444405564663,92.4734 /L,0.0125142,117.07258
2026-Apr-28 09:00,14.565,9.133,35.4423738393996,92.5942 /L,0.0124001,117.53776
2026-Apr-28 12:00,14.565,9.133,35.4403423606373,92.7149 /L,0.0122865,118.00856
2026-Apr-28 15:00,14.565,9.133,35.4383111244855,92.8356 /L,0.0121734,118.48488
2026-Apr-28 18:00,14.565,9.133,35.4362801268672,92.9564 /L,0.0120609,118.96667
2026-Apr-28 21:00,14.565,9.133,35.434249363715,93.0771 /L,0.0119491,119.45388
2026-Apr-29 00:00,14.565,9.133,35.4322188311677,93.1978 /L,0.0118381,119.94653
2026-Apr-29 03:00,14.565,9.133,35.4301885257629,93.3185 /L,0.0117281,120.44465
2026-Apr-29 06:00,14.565,9.133,35.4281584446246,93.4392 /L,0.011619,120.94831
2026-Apr-29 09:00,14.564,9.133,35.4261285856407,93.5600 /L,0.0115111,121.45764
2026-Apr-29 12:00,14.564,9.133,35.4240989476299,93.6807 /L,0.0114045,121.97278
2026-Apr-29 15:00,14.564,9.133,35.4220695304944,93.8014 /L,0.0112992,122.49394
2026-Apr-29 18:00,14.564,9.133,35.4200403353557,93.9221 /L,0.0111953,123.02135
2026-Apr-29 21:00,14.564,9.133,35.4180113646727,94.0428 /L,0.0110929,123.55529
2026-Apr-30 00:00,14.564,9.133,35.4159826223392,94.1636 /L,0.0109922,124.09608
2026-Apr-30 03:00,14.564,9.133,35.4139541137593,94.2843 /L,0.0108931,124.64406
2026-Apr-30 06:00,14.564,9.133,35.4119258459011,94.4050 /L,0.0107957,125.19964
2026-Apr-30 09:00,14.563,9.133,35.4098978273256,94.5257 /L,0.0107002,125.76322
2026-Apr-30 12:00,14.563,9.133,35.4078700681917,94.6464 /L,0.0106065,126.33525
2026-Apr-30 15:00,14.563,9.133,35.4058425802374,94.7671 /L,0.0105147,126.9162
2026-Apr-30 18:00,14.563,9.133,35.4038153767368,94.8878 /L,0.0104248,127.50656
2026-Apr-30 21:00,14.563,9.133,35.4017884724335,95.0085 /L,0.0103369,128.10683
2026-May-01 00:00,14.563,9.133,35.3997618834521,95.1292 /L,0.0102509,128.71751
2026-May-01 03:00,14.563,9.133,35.3977356271888,95.2499 /L,0.0101669,129.33913
2026-May-01 06:00,14.563,9.133,35.395709722182,95.3706 /L,0.0100849,129.97219
2026-May-01 09:00,14.562,9.133,35.3936841879663,95.4913 /L,0.0100048,130.61719
2026-May-01 12:00,14.562,9.133,35.3916590449112,95.6120 /L,0.0099267,131.27461
2026-May-01 15:00,14.562,9.133,35.3896343140471,95.7327 /L,0.0098505,131.94491
2026-May-01 18:00,14.562,9.133,35.387610016881,95.8534 /L,0.0097761,132.62853
2026-May-01 21:00,14.562,9.133,35.3855861752055,95.9741 /L,0.0097037,133.32586
2026-May-02 00:00,14.562,9.133,35.3835628109033,96.0948 /L,0.009633,134.03727
2026-May-02 03:00,14.562,9.133,35.3815399457505,96.2155 /L,0.0095642,134.76308
2026-May-02 06:00,14.562,9.133,35.3795176012211,96.3362 /L,0.0094971,135.50355
2026-May-02 09:00,14.561,9.133,35.3774957982973,96.4569 /L,0.0094318,136.2589
2026-May-02 12:00,14.561,9.133,35.375474557286,96.5776 /L,0.0093681,137.02929
2026-May-02 15:00,14.561,9.133,35.3734538976465,96.6983 /L,0.0093061,137.81481
2026-May-02 18:00,14.561,9.133,35.3714338378311,96.8190 /L,0.0092456,138.6155
2026-May-02 21:00,14.561,9.133,35.3694143951403,96.9397 /L,0.0091868,139.43134
2026-May-03 00:00,14.561,9.132,35.3673955855968,97.0604 /L,0.0091295,140.26221
2026-May-03 03:00,14.561,9.132,35.3653774238376,97.1811 /L,0.0090738,141.10796
2026-May-03 06:00,14.56,9.132,35.3633599230282,97.3018 /L,0.0090196,141.96836
2026-May-03 09:00,14.56,9.132,35.3613430947981,97.4225 /L,0.0089669,142.8431
2026-May-03 12:00,14.56,9.132,35.3593269492003,97.5432 /L,0.0089157,143.73181
2026-May-03 15:00,14.56,9.132,35.3573114946949,97.6639 /L,0.0088661,144.63405
2026-May-03 18:00,14.56,9.132,35.3552967381556,97.7846 /L,0.0088179,145.54933
2026-May-03 21:00,14.56,9.132,35.3532826849014,97.9053 /L,0.0087713,146.47708
2026-May-04 00:00,14.56,9.132,35.3512693387509,98.0259 /L,0.0087262,147.41667
2026-May-04 03:00,14.56,9.132,35.3492567021002,98.1466 /L,0.0086827,148.36743
2026-May-04 06:00,14.559,9.132,35.3472447760211,98.2673 /L,0.0086408,149.32862
2026-May-04 09:00,14.559,9.132,35.3452335603802,98.3880 /L,0.0086006,150.29947
2026-May-04 12:00,14.559,9.132,35.3432230539761,98.5087 /L,0.0085621,151.27914
2026-May-04 15:00,14.559,9.132,35.3412132546921,98.6294 /L,0.0085252,152.26679
2026-May-04 18:00,14.559,9.132,35.3392041596636,98.7501 /L,0.0084902,153.26153
2026-May-04 21:00,14.559,9.132,35.3371957654563,98.8708 /L,0.0084571,154.26242
2026-May-05 00:00,14.559,9.132,35.3351880682533,98.9915 /L,0.0084258,155.26855
2026-May-05 03:00,14.558,9.132,35.333181064048,99.1122 /L,0.0083965,156.27897
2026-May-05 06:00,14.558,9.132,35.3311747488402,99.2329 /L,0.0083693,157.29273
2026-May-05 09:00,14.558,9.132,35.3291691188319,99.3536 /L,0.0083441,158.30887
2026-May-05 12:00,14.558,9.132,35.3271641706202,99.4743 /L,0.0083212,159.32647
2026-May-05 15:00,14.558,9.132,35.3251599013851,99.5950 /L,0.0083004,160.3446
2026-May-05 18:00,14.558,9.132,35.3231563090679,99.7157 /L,0.008282,161.36237
2026-May-05 21:00,14.558,9.132,35.3211533925387,99.8364 /L,0.0082659,162.37892
2026-May-06 00:00,14.557,9.132,35.3191511517498,99.9571 /L,0.0082522,163.39342
2026-May-06 03:00,14.557,9.132,35.3171495878733,100.0778 /L,0.0082411,164.4051
2026-May-06 06:00,14.557,9.132,35.3151487034202,100.1985 /L,0.0082325,165.41321
2026-May-06 09:00,14.557,9.132,35.3131485023396,100.3192 /L,0.0082265,166.41709
2026-May-06 12:00,14.557,9.132,35.3111489900961,100.4399 /L,0.0082232,167.41612
2026-May-06 15:00,14.557,9.132,35.3091501737247,100.5606 /L,0.0082226,168.40974
2026-May-06 18:00,14.557,9.132,35.3071520618618,100.6813 /L,0.0082247,169.39746
2026-May-06 21:00,14.556,9.132,35.3051546647527,100.8020 /L,0.0082296,170.37885
2026-May-07 00:00,14.556,9.132,35.3031579942337,100.9227 /L,0.0082374,171.35356
2026-May-07 03:00,14.556,9.132,35.3011620636919,101.0434 /L,0.008248,172.32128
2026-May-07 06:00,14.556,9.132,35.2991668879997,101.1642 /L,0.0082615,173.2818
2026-May-07 09:00,14.556,9.132,35.2971724834287,101.2849 /L,0.0082779,174.23492
2026-May-07 12:00,14.556,9.132,35.2951788675411,101.4056 /L,0.0082973,175.18055
2026-May-07 15:00,14.556,9.132,35.2931860590628,101.5263 /L,0.0083195,176.11861
2026-May-07 18:00,14.555,9.132,35.2911940777379,101.6470 /L,0.0083446,177.0491
2026-May-07 21:00,14.555,9.132,35.2892029441686,101.7677 /L,0.0083726,177.97204
2026-May-08 00:00,14.555,9.132,35.2872126796423,101.8884 /L,0.0084035,178.8875
2026-May-08 03:00,14.555,9.132,35.2852233059478,102.0091 /L,0.0084373,179.79556
2026-May-08 06:00,14.555,9.132,35.2832348451848,102.1298 /L,0.0084739,180.69634
2026-May-08 09:00,14.555,9.132,35.2812473195684,102.2505 /L,0.0085132,181.58996
2026-May-08 12:00,14.555,9.132,35.2792607512322,102.3712 /L,0.0085553,182.47656
2026-May-08 15:00,14.554,9.132,35.2772751620329,102.4919 /L,0.0086001,183.35627
2026-May-08 18:00,14.554,9.132,35.2752905733594,102.6127 /L,0.0086475,184.22922
2026-May-08 21:00,14.554,9.132,35.2733070059486,102.7334 /L,0.0086975,185.09553
2026-May-09 00:00,14.554,9.132,35.2713244797124,102.8541 /L,0.0087499,185.95528
2026-May-09 03:00,14.554,9.132,35.2693430135761,102.9748 /L,0.0088048,186.80857
2026-May-09 06:00,14.554,9.132,35.2673626253335,103.0955 /L,0.0088621,187.65542
2026-May-09 09:00,14.554,9.132,35.2653833315175,103.2162 /L,0.0089215,188.49586
2026-May-09 12:00,14.553,9.132,35.2634051472918,103.3369 /L,0.0089832,189.32986
2026-May-09 15:00,14.553,9.132,35.2614280863621,103.4577 /L,0.0090469,190.15738
2026-May-09 18:00,14.553,9.132,35.2594521609105,103.5784 /L,0.0091126,190.97832
2026-May-09 21:00,14.553,9.131,35.2574773815523,103.6991 /L,0.0091801,191.79255
2026-May-10 00:00,14.553,9.131,35.2555037573175,103.8198 /L,0.0092495,192.5999
2026-May-10 03:00,14.553,9.131,35.2535312956552,103.9405 /L,0.0093205,193.40017
2026-May-10 06:00,14.553,9.131,35.2515600024636,104.0613 /L,0.0093932,194.19312
2026-May-10 09:00,14.552,9.131,35.2495898821418,104.1820 /L,0.0094673,194.97848
2026-May-10 12:00,14.552,9.131,35.2476209376659,104.3027 /L,0.0095428,195.75595
2026-May-10 15:00,14.552,9.131,35.2456531706856,104.4234 /L,0.0096196,196.52521
2026-May-10 18:00,14.552,9.131,35.2436865816415,104.5442 /L,0.0096976,197.28591
2026-May-10 21:00,14.552,9.131,35.241721169901,104.6649 /L,0.0097768,198.03769
2026-May-11 00:00,14.552,9.131,35.2397569339095,104.7856 /L,0.009857,198.78017
2026-May-11 03:00,14.551,9.131,35.2377938713573,104.9064 /L,0.0099381,199.51297
2026-May-11 06:00,14.551,9.131,35.2358319793563,105.0271 /L,0.0100202,200.23569
2026-May-11 09:00,14.551,9.131,35.2338712546273,105.1478 /L,0.010103,200.94796
2026-May-11 12:00,14.551,9.131,35.2319116936924,105.2686 /L,0.0101867,201.64939
2026-May-11 15:00,14.551,9.131,35.2299532930706,105.3893 /L,0.010271,202.33961
2026-May-11 18:00,14.551,9.131,35.2279960494748,105.5101 /L,0.010356,203.01829
2026-May-11 21:00,14.551,9.131,35.2260399600049,105.6308 /L,0.0104417,203.68508
2026-May-12 00:00,14.55,9.131,35.2240850223359,105.7515 /L,0.0105279,204.3397
2026-May-12 03:00,14.55,9.131,35.2221312348981,105.8723 /L,0.0106147,204.98186
2026-May-12 06:00,14.55,9.131,35.2201785970452,105.9930 /L,0.0107021,205.61134
2026-May-12 09:00,14.55,9.131,35.2182271092099,106.1138 /L,0.0107901,206.22794
2026-May-12 12:00,14.55,9.131,35.2162767730424,106.2345 /L,0.0108785,206.8315
2026-May-12 15:00,14.55,9.131,35.214327591532,106.3553 /L,0.0109676,207.42191
2026-May-12 18:00,14.549,9.131,35.2123795691076,106.4760 /L,0.0110572,207.99911
2026-May-12 21:00,14.549,9.131,35.2104327117175,106.5968 /L,0.0111475,208.56308
2026-May-13 00:00,14.549,9.131,35.2084870268861,106.7175 /L,0.0112384,209.11386
2026-May-13 03:00,14.549,9.131,35.2065425237474,106.8383 /L,0.0113299,209.65154
2026-May-13 06:00,14.549,9.131,35.2045992130541,106.9590 /L,0.0114222,210.17625
2026-May-13 09:00,14.549,9.131,35.202657107162,107.0798 /L,0.0115153,210.68818
2026-May-13 12:00,14.549,9.131,35.2007162199911,107.2005 /L,0.0116091,211.18756
2026-May-13 15:00,14.548,9.131,35.198776566963,107.3213 /L,0.0117038,211.67468
2026-May-13 18:00,14.548,9.131,35.1968381649151,107.4421 /L,0.0117994,212.14987
2026-May-13 21:00,14.548,9.131,35.1949010319944,107.5628 /L,0.0118959,212.61349
2026-May-14 00:00,14.548,9.13,35.1929651875308,107.6836 /L,0.0119934,213.06596
2026-May-14 03:00,14.548,9.13,35.1910306518932,107.8043 /L,0.012092,213.50772
2026-May-14 06:00,14.548,9.13,35.1890974463297,107.9251 /L,0.0121917,213.93925
2026-May-14 09:00,14.547,9.13,35.1871655927948,108.0458 /L,0.0122926,214.36103
2026-May-14 12:00,14.547,9.13,35.1852351137656,108.1666 /L,0.0123946,214.7736
2026-May-14 15:00,14.547,9.13,35.183306032051,108.2874 /L,0.0124978,215.17748
2026-May-14 18:00,14.547,9.13,35.1813783705948,108.4081 /L,0.0126022,215.57321
2026-May-14 21:00,14.547,9.13,35.1794521522785,108.5289 /L,0.0127079,215.96135
2026-May-15 00:00,14.547,9.13,35.1775273997236,108.6496 /L,0.0128148,216.34243
2026-May-15 03:00,14.547,9.13,35.1756041350987,108.7704 /L,0.012923,216.71699
2026-May-15 06:00,14.546,9.13,35.1736823799339,108.8912 /L,0.0130324,217.08554
2026-May-15 09:00,14.546,9.13,35.171762154944,109.0119 /L,0.013143,217.4486
2026-May-15 12:00,14.546,9.13,35.1698434798649,109.1327 /L,0.0132549,217.80662
2026-May-15 15:00,14.546,9.13,35.1679263733047,109.2535 /L,0.0133679,218.16007
2026-May-15 18:00,14.546,9.13,35.1660108526117,109.3742 /L,0.013482,218.50935
2026-May-15 21:00,14.546,9.13,35.1640969337613,109.4950 /L,0.0135972,218.85485
2026-May-16 00:00,14.545,9.13,35.1621846312641,109.6158 /L,0.0137134,219.1969
2026-May-16 03:00,14.545,9.13,35.1602739580957,109.7365 /L,0.0138305,219.5358
2026-May-16 06:00,14.545,9.13,35.1583649256496,109.8573 /L,0.0139485,219.87181
2026-May-16 09:00,14.545,9.13,35.156457543714,109.9780 /L,0.0140672,220.20513
2026-May-16 12:00,14.545,9.13,35.1545518204725,110.0988 /L,0.0141867,220.53594
2026-May-16 15:00,14.545,9.13,35.152647762529,110.2196 /L,0.0143068,220.86435
2026-May-16 18:00,14.544,9.13,35.150745374956,110.3403 /L,0.0144273,221.19043
2026-May-16 21:00,14.544,9.13,35.1488446613658,110.4611 /L,0.0145483,221.51422
2026-May-17 00:00,14.544,9.13,35.1469456240036,110.5819 /L,0.0146696,221.83571
2026-May-17 03:00,14.544,9.129,35.1450482638608,110.7026 /L,0.0147911,222.15485
2026-May-17 06:00,14.544,9.129,35.1431525808068,110.8234 /L,0.0149128,222.47156
2026-May-17 09:00,14.544,9.129,35.1412585737374,110.9442 /L,0.0150345,222.78572
2026-May-17 12:00,14.544,9.129,35.139366240738,111.0650 /L,0.0151561,223.09719
2026-May-17 15:00,14.543,9.129,35.1374755792581,111.1857 /L,0.0152776,223.40579
2026-May-17 18:00,14.543,9.129,35.1355865862953,111.3065 /L,0.0153989,223.71133
2026-May-17 21:00,14.543,9.129,35.133699258586,111.4273 /L,0.0155199,224.0136
2026-May-18 00:00,14.543,9.129,35.1318135927994,111.5480 /L,0.0156406,224.31237
2026-May-18 03:00,14.543,9.129,35.1299295857321,111.6688 /L,0.0157609,224.60741
2026-May-18 06:00,14.543,9.129,35.1280472345012,111.7896 /L,0.0158807,224.89847
2026-May-18 09:00,14.542,9.129,35.1261665367313,111.9103 /L,0.016,225.18532
2026-May-18 12:00,14.542,9.129,35.1242874907338,112.0311 /L,0.0161188,225.46773
2026-May-18 15:00,14.542,9.129,35.1224100956764,112.1519 /L,0.0162371,225.74546
2026-May-18 18:00,14.542,9.129,35.1205343517374,112.2726 /L,0.0163548,226.01831
2026-May-18 21:00,14.542,9.129,35.1186602602467,112.3934 /L,0.016472,226.28606
2026-May-19 00:00,14.542,9.129,35.1167878238069,112.5142 /L,0.0165887,226.54854
2026-May-19 03:00,14.541,9.129,35.1149170463962,112.6349 /L,0.0167049,226.8056
2026-May-19 06:00,14.541,9.129,35.1130479334494,112.7557 /L,0.0168206,227.0571
2026-May-19 09:00,14.541,9.129,35.1111804919168,112.8765 /L,0.016936,227.30293
2026-May-19 12:00,14.541,9.129,35.1093147302992,112.9972 /L,0.0170509,227.54303
2026-May-19 15:00,14.541,9.129,35.1074506586596,113.1180 /L,0.0171656,227.77734
2026-May-19 18:00,14.541,9.129,35.1055882886099,113.2388 /L,0.01728,228.00587
2026-May-19 21:00,14.54,9.128,35.1037276332748,113.3595 /L,0.0173943,228.22863
2026-May-20 00:00,14.54,9.128,35.101868707231,113.4803 /L,0.0175085,228.44569
2026-May-20 03:00,14.54,9.128,35.1000115264244,113.6010 /L,0.0176227,228.65714
2026-May-20 06:00,14.54,9.128,35.0981561080664,113.7218 /L,0.0177369,228.8631
2026-May-20 09:00,14.54,9.128,35.0963024705097,113.8425 /L,0.0178514,229.06373
2026-May-20 12:00,14.54,9.128,35.0944506331067,113.9633 /L,0.017966,229.25923
2026-May-20 15:00,14.539,9.128,35.092600616052,114.0840 /L,0.018081,229.44982
2026-May-20 18:00,14.539,9.128,35.0907524402117,114.2048 /L,0.0181965,229.63572
2026-May-20 21:00,14.539,9.128,35.0889061269418,114.3256 /L,0.0183123,229.81723
2026-May-21 00:00,14.539,9.128,35.0870616978993,114.4463 /L,0.0184288,229.99461
2026-May-21 03:00,14.539,9.128,35.0852191748469,114.5670 /L,0.0185459,230.16818
2026-May-21 06:00,14.539,9.128,35.0833785794568,114.6878 /L,0.0186636,230.33825
2026-May-21 09:00,14.538,9.128,35.0815399331152,114.8085 /L,0.0187821,230.50515
2026-May-21 12:00,14.538,9.128,35.0797032567299,114.9293 /L,0.0189013,230.66921
2026-May-21 15:00,14.538,9.128,35.0778685705458,115.0500 /L,0.0190213,230.83076
2026-May-21 18:00,14.538,9.128,35.0760358939688,115.1708 /L,0.0191421,230.99013
2026-May-21 21:00,14.538,9.128,35.0742052454028,115.2915 /L,0.0192637,231.14763
2026-May-22 00:00,14.538,9.128,35.0723766421012,115.4122 /L,0.0193861,231.30358
2026-May-22 03:00,14.537,9.128,35.0705501000353,115.5330 /L,0.0195092,231.45827
2026-May-22 06:00,14.537,9.128,35.068725633781,115.6537 /L,0.0196332,231.61198
2026-May-22 09:00,14.537,9.127,35.0669032564277,115.7744 /L,0.0197579,231.76495
2026-May-22 12:00,14.537,9.127,35.0650829795073,115.8952 /L,0.0198832,231.91742
2026-May-22 15:00,14.537,9.127,35.0632648129477,116.0159 /L,0.0200091,232.06959
2026-May-22 18:00,14.537,9.127,35.0614487650493,116.1366 /L,0.0201357,232.22163
2026-May-22 21:00,14.536,9.127,35.0596348424857,116.2574 /L,0.0202626,232.37368
2026-May-23 00:00,14.536,9.127,35.0578230503286,116.3781 /L,0.02039,232.52586
2026-May-23 03:00,14.536,9.127,35.0560133920965,116.4988 /L,0.0205177,232.67824
2026-May-23 06:00,14.536,9.127,35.0542058698257,116.6196 /L,0.0206456,232.83087
2026-May-23 09:00,14.536,9.127,35.052400484164,116.7403 /L,0.0207737,232.98377
2026-May-23 12:00,14.536,9.127,35.0505972344844,116.8610 /L,0.0209018,233.13692
2026-May-23 15:00,14.535,9.127,35.0487961190175,116.9817 /L,0.0210298,233.29028
2026-May-23 18:00,14.535,9.127,35.046997135001,117.1025 /L,0.0211576,233.44376
2026-May-23 21:00,14.535,9.127,35.0452002788436,117.2232 /L,0.0212853,233.59728
2026-May-24 00:00,14.535,9.127,35.043405546301,117.3439 /L,0.0214125,233.75069
2026-May-24 03:00,14.535,9.127,35.0416129326614,117.4646 /L,0.0215394,233.90386
2026-May-24 06:00,14.535,9.127,35.0398224329375,117.5853 /L,0.0216657,234.05662
2026-May-24 09:00,14.534,9.127,35.0380340420631,117.7061 /L,0.0217915,234.20879
2026-May-24 12:00,14.534,9.126,35.0362477550895,117.8268 /L,0.0219166,234.36017
2026-May-24 15:00,14.534,9.126,35.034463567381,117.9475 /L,0.022041,234.51056
2026-May-24 18:00,14.534,9.126,35.0326814748043,118.0682 /L,0.0221647,234.65975
2026-May-24 21:00,14.534,9.126,35.0309014739114,118.1889 /L,0.0222876,234.80751
2026-May-25 00:00,14.534,9.126,35.0291235621106,118.3097 /L,0.0224097,234.95365
2026-May-25 03:00,14.533,9.126,35.0273477378256,118.4304 /L,0.022531,235.09795
2026-May-25 06:00,14.533,9.126,35.0255740006381,118.5511 /L,0.0226514,235.2402
2026-May-25 09:00,14.533,9.126,35.0238023514135,118.6718 /L,0.0227711,235.38021
2026-May-25 12:00,14.533,9.126,35.0220327924065,118.7925 /L,0.02289,235.51781
2026-May-25 15:00,14.533,9.126,35.0202653273457,118.9132 /L,0.0230081,235.65283
2026-May-25 18:00,14.533,9.126,35.0184999614956,119.0339 /L,0.0231254,235.78513
2026-May-25 21:00,14.532,9.126,35.0167367016956,119.1546 /L,0.0232422,235.91457
2026-May-26 00:00,14.532,9.126,35.0149755563744,119.2753 /L,0.0233583,236.04106
2026-May-26 03:00,14.532,9.126,35.0132165355401,119.3961 /L,0.0234739,236.16452
2026-May-26 06:00,14.532,9.126,35.0114596507472,119.5168 /L,0.023589,236.28489
2026-May-26 09:00,14.532,9.126,35.0097049150384,119.6375 /L,0.0237037,236.40215
2026-May-26 12:00,14.532,9.126,35.0079523428649,119.7582 /L,0.0238182,236.5163
2026-May-26 15:00,14.531,9.125,35.0062019499845,119.8789 /L,0.0239325,236.62736
2026-May-26 18:00,14.531,9.125,35.00445375334,119.9996 /L,0.0240466,236.73539
2026-May-26 21:00,14.531,9.125,35.002707770919,120.1203 /L,0.0241608,236.84047
2026-May-27 00:00,14.531,9.125,35.0009640215983,120.2410 /L,0.024275,236.9427
2026-May-27 03:00,14.531,9.125,34.9992225249743,120.3617 /L,0.0243895,237.0422
2026-May-27 06:00,14.53,9.125,34.9974833011818,120.4824 /L,0.0245041,237.13914
2026-May-27 09:00,14.53,9.125,34.9957463707056,120.6031 /L,0.0246192,237.23367
2026-May-27 12:00,14.53,9.125,34.9940117541859,120.7237 /L,0.0247346,237.32599
2026-May-27 15:00,14.53,9.125,34.9922794722212,120.8444 /L,0.0248506,237.41629
2026-May-27 18:00,14.53,9.125,34.9905495451721,120.9651 /L,0.0249671,237.50479
2026-May-27 21:00,14.53,9.125,34.9888219929682,121.0858 /L,0.0250843,237.59172
2026-May-28 00:00,14.529,9.125,34.987096834922,121.2065 /L,0.0252021,237.6773
2026-May-28 03:00,14.529,9.125,34.9853740895513,121.3272 /L,0.0253206,237.76176
2026-May-28 06:00,14.529,9.125,34.9836537744142,121.4479 /L,0.0254398,237.84534
2026-May-28 09:00,14.529,9.125,34.9819359059581,121.5686 /L,0.0255597,237.92825
2026-May-28 12:00,14.529,9.124,34.9802204993858,121.6893 /L,0.0256804,238.01073
2026-May-28 15:00,14.529,9.124,34.9785075685399,121.8100 /L,0.0258017,238.09298
2026-May-28 18:00,14.528,9.124,34.9767971258082,121.9306 /L,0.0259237,238.1752
2026-May-28 21:00,14.528,9.124,34.9750891820501,122.0513 /L,0.0260464,238.25757
2026-May-29 00:00,14.528,9.124,34.9733837465471,122.1720 /L,0.0261697,238.34026
2026-May-29 03:00,14.528,9.124,34.971680826976,122.2927 /L,0.0262934,238.42341
2026-May-29 06:00,14.528,9.124,34.9699804294067,122.4134 /L,0.0264177,238.50714
2026-May-29 09:00,14.528,9.124,34.9682825583239,122.5341 /L,0.0265424,238.59156
2026-May-29 12:00,14.527,9.124,34.9665872166729,122.6548 /L,0.0266673,238.67675
2026-May-29 15:00,14.527,9.124,34.9648944059278,122.7754 /L,0.0267925,238.76275
2026-May-29 18:00,14.527,9.124,34.9632041261824,122.8961 /L,0.0269178,238.8496
2026-May-29 21:00,14.527,9.124,34.9615163762613,123.0168 /L,0.0270432,238.9373
2026-May-30 00:00,14.527,9.124,34.9598311538502,123.1375 /L,0.0271685,239.02583
2026-May-30 03:00,14.526,9.124,34.9581484556434,123.2582 /L,0.0272936,239.11514
2026-May-30 06:00,14.526,9.123,34.9564682775058,123.3789 /L,0.0274184,239.20516
2026-May-30 09:00,14.526,9.123,34.9547906146473,123.4996 /L,0.0275429,239.29582
2026-May-30 12:00,14.526,9.123,34.9531154618073,123.6202 /L,0.027667,239.387
2026-May-30 15:00,14.526,9.123,34.9514428134461,123.7409 /L,0.0277905,239.47857
2026-May-30 18:00,14.526,9.123,34.9497726639403,123.8616 /L,0.0279134,239.57039
2026-May-30 21:00,14.525,9.123,34.9481050077801,123.9823 /L,0.0280357,239.66232
2026-May-31 00:00,14.525,9.123,34.9464398397636,124.1030 /L,0.0281571,239.75419
2026-May-31 03:00,14.525,9.123,34.9447771551879,124.2237 /L,0.0282778,239.84581
2026-May-31 06:00,14.525,9.123,34.9431169500321,124.3444 /L,0.0283977,239.93703
2026-May-31 09:00,14.525,9.123,34.9414592211297,124.4651 /L,0.0285166,240.02765
2026-May-31 12:00,14.525,9.123,34.9398039663288,124.5857 /L,0.0286346,240.11749
2026-May-31 15:00,14.524,9.123,34.9381511846367,124.7064 /L,0.0287518,240.20638
2026-May-31 18:00,14.524,9.123,34.936500876347,124.8271 /L,0.028868,240.29414
2026-May-31 21:00,14.524,9.123,34.9348530431475,124.9478 /L,0.0289833,240.38062
2026-Jun-01 00:00,14.524,9.122,34.9332076882069,125.0685 /L,0.0290978,240.46564
2026-Jun-01 03:00,14.524,9.122,34.9315648162393,125.1892 /L,0.0292114,240.54909
2026-Jun-01 06:00,14.523,9.122,34.9299244335453,125.3099 /L,0.0293243,240.63081
2026-Jun-01 09:00,14.523,9.122,34.9282865480287,125.4306 /L,0.0294364,240.71072
2026-Jun-01 12:00,14.523,9.122,34.9266511691899,125.5513 /L,0.0295478,240.78871
2026-Jun-01 15:00,14.523,9.122,34.9250183080939,125.6719 /L,0.0296587,240.86471
2026-Jun-01 18:00,14.523,9.122,34.9233879773156,125.7926 /L,0.029769,240.93867
2026-Jun-01 21:00,14.523,9.122,34.9217601908614,125.9133 /L,0.0298789,241.01055
2026-Jun-02 00:00,14.522,9.122,34.9201349640701,126.0340 /L,0.0299885,241.08036
2026-Jun-02 03:00,14.522,9.122,34.9185123134923,126.1547 /L,0.0300979,241.1481
2026-Jun-02 06:00,14.522,9.122,34.9168922567524,126.2754 /L,0.0302072,241.21381
2026-Jun-02 09:00,14.522,9.122,34.9152748123939,126.3961 /L,0.0303164,241.27754
2026-Jun-02 12:00,14.522,9.122,34.9136599997109,126.5168 /L,0.0304257,241.33938
2026-Jun-02 15:00,14.521,9.121,34.912047838568,126.6375 /L,0.0305351,241.39941
2026-Jun-02 18:00,14.521,9.121,34.9104383492121,126.7581 /L,0.0306448,241.45775
2026-Jun-02 21:00,14.521,9.121,34.9088315520774,126.8788 /L,0.0307548,241.51453
2026-Jun-03 00:00,14.521,9.121,34.9072274675889,126.9995 /L,0.0308653,241.5699
2026-Jun-03 03:00,14.521,9.121,34.9056261159652,127.1202 /L,0.0309762,241.62402
2026-Jun-03 06:00,14.521,9.121,34.9040275170246,127.2409 /L,0.0310876,241.67704
2026-Jun-03 09:00,14.52,9.121,34.9024316899975,127.3616 /L,0.0311997,241.72914
2026-Jun-03 12:00,14.52,9.121,34.9008386533479,127.4823 /L,0.0313124,241.78051
2026-Jun-03 15:00,14.52,9.121,34.8992484246063,127.6030 /L,0.0314258,241.83132
2026-Jun-03 18:00,14.52,9.121,34.8976610202166,127.7237 /L,0.0315398,241.88176
2026-Jun-03 21:00,14.52,9.121,34.8960764554001,127.8444 /L,0.0316545,241.932
2026-Jun-04 00:00,14.52,9.121,34.8944947440374,127.9651 /L,0.0317699,241.98222
2026-Jun-04 03:00,14.519,9.121,34.8929158985712,128.0857 /L,0.031886,242.03257
2026-Jun-04 06:00,14.519,9.12,34.8913399299302,128.2064 /L,0.0320027,242.08322
2026-Jun-04 09:00,14.519,9.12,34.8897668474765,128.3271 /L,0.03212,242.1343
2026-Jun-04 12:00,14.519,9.12,34.8881966589761,128.4478 /L,0.0322378,242.18594
2026-Jun-04 15:00,14.519,9.12,34.8866293705939,128.5685 /L,0.0323561,242.23826
2026-Jun-04 18:00,14.518,9.12,34.8850649869127,128.6892 /L,0.0324748,242.29135
2026-Jun-04 21:00,14.518,9.12,34.8835035109759,128.8099 /L,0.0325938,242.34527
2026-Jun-05 00:00,14.518,9.12,34.8819449443535,128.9306 /L,0.0327131,242.4001
2026-Jun-05 03:00,14.518,9.12,34.8803892872305,129.0513 /L,0.0328325,242.45585
2026-Jun-05 06:00,14.518,9.12,34.8788365385157,129.1720 /L,0.0329519,242.51256
2026-Jun-05 09:00,14.518,9.12,34.8772866959701,129.2927 /L,0.0330713,242.5702
2026-Jun-05 12:00,14.517,9.12,34.8757397563522,129.4134 /L,0.0331906,242.62877
2026-Jun-05 15:00,14.517,9.12,34.874195715579,129.5341 /L,0.0333096,242.6882
2026-Jun-05 18:00,14.517,9.119,34.8726545688994,129.6548 /L,0.0334282,242.74845
2026-Jun-05 21:00,14.517,9.119,34.871116311077,129.7755 /L,0.0335464,242.80942
2026-Jun-06 00:00,14.517,9.119,34.869580936582,129.8962 /L,0.033664,242.87103
2026-Jun-06 03:00,14.516,9.119,34.8680484397858,130.0170 /L,0.033781,242.93316
2026-Jun-06 06:00,14.516,9.119,34.8665188151581,130.1377 /L,0.0338974,242.99569
2026-Jun-06 09:00,14.516,9.119,34.8649920574628,130.2584 /L,0.0340129,243.05848
2026-Jun-06 12:00,14.516,9.119,34.8634681619491,130.3791 /L,0.0341276,243.12139
2026-Jun-06 15:00,14.516,9.119,34.8619471245356,130.4998 /L,0.0342415,243.18428
2026-Jun-06 18:00,14.516,9.119,34.8604289419848,130.6205 /L,0.0343544,243.247
2026-Jun-06 21:00,14.515,9.119,34.8589136120642,130.7412 /L,0.0344663,243.30937
2026-Jun-07 00:00,14.515,9.119,34.8574011336936,130.8619 /L,0.0345773,243.37126
2026-Jun-07 03:00,14.515,9.119,34.855891507074,130.9827 /L,0.0346873,243.43252
2026-Jun-07 06:00,14.515,9.118,34.854384733798,131.1034 /L,0.0347964,243.49298
2026-Jun-07 09:00,14.515,9.118,34.8528808169391,131.2241 /L,0.0349045,243.55253
2026-Jun-07 12:00,14.514,9.118,34.8513797611187,131.3448 /L,0.0350117,243.61102
2026-Jun-07 15:00,14.514,9.118,34.8498815725502,131.4655 /L,0.0351181,243.66833
2026-Jun-07 18:00,14.514,9.118,34.8483862590583,131.5863 /L,0.0352236,243.72437
2026-Jun-07 21:00,14.514,9.118,34.846893830075,131.7070 /L,0.0353284,243.77904
2026-Jun-08 00:00,14.514,9.118,34.8454042966108,131.8277 /L,0.0354325,243.83227
2026-Jun-08 03:00,14.514,9.118,34.8439176712018,131.9484 /L,0.035536,243.88399
2026-Jun-08 06:00,14.513,9.118,34.8424339678349,132.0692 /L,0.035639,243.93416
2026-Jun-08 09:00,14.513,9.118,34.8409532018498,132.1899 /L,0.0357415,243.98276
2026-Jun-08 12:00,14.513,9.118,34.839475389821,132.3106 /L,0.0358438,244.02979
2026-Jun-08 15:00,14.513,9.117,34.838000549422,132.4313 /L,0.0359458,244.07526
2026-Jun-08 18:00,14.513,9.117,34.8365286992713,132.5520 /L,0.0360477,244.1192
2026-Jun-08 21:00,14.512,9.117,34.835059858766,132.6728 /L,0.0361496,244.16167
2026-Jun-09 00:00,14.512,9.117,34.8335940479017,132.7935 /L,0.0362515,244.20272
2026-Jun-09 03:00,14.512,9.117,34.8321312870855,132.9142 /L,0.0363536,244.24245
2026-Jun-09 06:00,14.512,9.117,34.8306715969413,133.0350 /L,0.036456,244.28095
2026-Jun-09 09:00,14.512,9.117,34.8292149981121,133.1557 /L,0.0365587,244.31833
2026-Jun-09 12:00,14.512,9.117,34.8277615110636,133.2764 /L,0.0366618,244.35473
2026-Jun-09 15:00,14.511,9.117,34.8263111558884,133.3971 /L,0.0367654,244.39026
2026-Jun-09 18:00,14.511,9.117,34.8248639521176,133.5179 /L,0.0368695,244.42507
2026-Jun-09 21:00,14.511,9.117,34.8234199185405,133.6386 /L,0.0369742,244.45932
2026-Jun-10 00:00,14.511,9.116,34.8219790730353,133.7593 /L,0.0370795,244.49314
2026-Jun-10 03:00,14.511,9.116,34.8205414324142,133.8801 /L,0.0371855,244.52669
2026-Jun-10 06:00,14.51,9.116,34.8191070122849,134.0008 /L,0.0372921,244.56013
2026-Jun-10 09:00,14.51,9.116,34.8176758269291,134.1215 /L,0.0373993,244.59359
2026-Jun-10 12:00,14.51,9.116,34.8162478892027,134.2423 /L,0.0375072,244.62722
2026-Jun-10 15:00,14.51,9.116,34.8148232104568,134.3630 /L,0.0376157,244.66116
2026-Jun-10 18:00,14.51,9.116,34.813401800481,134.4837 /L,0.0377247,244.69553
2026-Jun-10 21:00,14.51,9.116,34.8119836674713,134.6045 /L,0.0378343,244.73044
2026-Jun-11 00:00,14.509,9.116,34.810568818021,134.7252 /L,0.0379443,244.766
2026-Jun-11 03:00,14.509,9.116,34.8091572571366,134.8459 /L,0.0380547,244.80229
2026-Jun-11 06:00,14.509,9.116,34.8077489882768,134.9667 /L,0.0381654,244.83938
2026-Jun-11 09:00,14.509,9.115,34.806344013415,135.0874 /L,0.0382764,244.87734
2026-Jun-11 12:00,14.509,9.115,34.8049423331245,135.2081 /L,0.0383874,244.9162
2026-Jun-11 15:00,14.508,9.115,34.8035439466842,135.3289 /L,0.0384985,244.95597
2026-Jun-11 18:00,14.508,9.115,34.8021488522036,135.4496 /L,0.0386095,244.99668
2026-Jun-11 21:00,14.508,9.115,34.8007570467655,135.5703 /L,0.0387204,245.03829
2026-Jun-12 00:00,14.508,9.115,34.7993685265845,135.6911 /L,0.038831,245.08079
2026-Jun-12 03:00,14.508,9.115,34.7979832871773,135.8118 /L,0.0389412,245.12412
2026-Jun-12 06:00,14.508,9.115,34.7966013235445,135.9326 /L,0.0390509,245.16823
2026-Jun-12 09:00,14.507,9.115,34.7952226303593,136.0533 /L,0.0391601,245.21303
2026-Jun-12 12:00,14.507,9.115,34.7938472021616,136.1740 /L,0.0392686,245.25844
2026-Jun-12 15:00,14.507,9.115,34.7924750335532,136.2948 /L,0.0393764,245.30435
2026-Jun-12 18:00,14.507,9.114,34.791106119393,136.4155 /L,0.0394833,245.35066
2026-Jun-12 21:00,14.507,9.114,34.7897404549868,136.5363 /L,0.0395894,245.39724
2026-Jun-13 00:00,14.506,9.114,34.7883780362716,136.6570 /L,0.0396945,245.44396
2026-Jun-13 03:00,14.506,9.114,34.7870188599896,136.7777 /L,0.0397987,245.4907
2026-Jun-13 06:00,14.506,9.114,34.7856629238494,136.8985 /L,0.0399018,245.53732
2026-Jun-13 09:00,14.506,9.114,34.7843102266732,137.0192 /L,0.0400039,245.58368
2026-Jun-13 12:00,14.506,9.114,34.7829607685268,137.1400 /L,0.0401049,245.62965
2026-Jun-13 15:00,14.506,9.114,34.7816145508302,137.2607 /L,0.0402049,245.6751
2026-Jun-13 18:00,14.505,9.114,34.7802715764478,137.3814 /L,0.0403039,245.7199
2026-Jun-13 21:00,14.505,9.114,34.7789318497565,137.5022 /L,0.0404018,245.76394
2026-Jun-14 00:00,14.505,9.113,34.7775953766902,137.6229 /L,0.0404988,245.8071
2026-Jun-14 03:00,14.505,9.113,34.7762621647608,137.7436 /L,0.0405949,245.84929
2026-Jun-14 06:00,14.505,9.113,34.7749322230548,137.8644 /L,0.0406901,245.89041
2026-Jun-14 09:00,14.504,9.113,34.7736055622055,137.9851 /L,0.0407845,245.93039
2026-Jun-14 12:00,14.504,9.113,34.7722821943417,138.1058 /L,0.0408782,245.96918
2026-Jun-14 15:00,14.504,9.113,34.7709621330127,138.2266 /L,0.0409713,246.00672
2026-Jun-14 18:00,14.504,9.113,34.7696453930916,138.3473 /L,0.0410639,246.04299
2026-Jun-14 21:00,14.504,9.113,34.7683319906582,138.4680 /L,0.041156,246.07797
2026-Jun-15 00:00,14.504,9.113,34.7670219428627,138.5888 /L,0.0412477,246.11167
2026-Jun-15 03:00,14.503,9.113,34.7657152677729,138.7095 /L,0.0413393,246.1441
2026-Jun-15 06:00,14.503,9.112,34.7644119842069,138.8302 /L,0.0414306,246.17529
2026-Jun-15 09:00,14.503,9.112,34.7631121115534,138.9509 /L,0.041522,246.20531
2026-Jun-15 12:00,14.503,9.112,34.7618156695838,139.0716 /L,0.0416134,246.23421
2026-Jun-15 15:00,14.503,9.112,34.7605226782567,139.1923 /L,0.0417049,246.26207
2026-Jun-15 18:00,14.502,9.112,34.7592331575201,139.3131 /L,0.0417967,246.28898
2026-Jun-15 21:00,14.502,9.112,34.7579471271123,139.4338 /L,0.0418888,246.31505
2026-Jun-16 00:00,14.502,9.112,34.7566646063659,139.5545 /L,0.0419812,246.34038
2026-Jun-16 03:00,14.502,9.112,34.7553856140173,139.6752 /L,0.0420741,246.3651
2026-Jun-16 06:00,14.502,9.112,34.7541101680243,139.7959 /L,0.0421675,246.38933
2026-Jun-16 09:00,14.502,9.112,34.7528382853956,139.9166 /L,0.0422615,246.4132
2026-Jun-16 12:00,14.501,9.111,34.7515699820329,140.0373 /L,0.0423559,246.43685
2026-Jun-16 15:00,14.501,9.111,34.7503052725905,140.1580 /L,0.042451,246.46039
2026-Jun-16 18:00,14.501,9.111,34.7490441703517,140.2787 /L,0.0425466,246.48398
2026-Jun-16 21:00,14.501,9.111,34.7477866871266,140.3994 /L,0.0426428,246.50772
2026-Jun-17 00:00,14.501,9.111,34.7465328331705,140.5201 /L,0.0427395,246.53175
2026-Jun-17 03:00,14.5,9.111,34.7452826171254,140.6408 /L,0.0428368,246.55617
2026-Jun-17 06:00,14.5,9.111,34.7440360459853,140.7614 /L,0.0429345,246.58109
2026-Jun-17 09:00,14.5,9.111,34.7427931250854,140.8821 /L,0.0430326,246.60661
2026-Jun-17 12:00,14.5,9.111,34.741553858116,141.0028 /L,0.043131,246.63281
2026-Jun-17 15:00,14.5,9.111,34.7403182471597,141.1235 /L,0.0432297,246.65975
2026-Jun-17 18:00,14.5,9.11,34.7390862927532,141.2441 /L,0.0433286,246.6875
2026-Jun-17 21:00,14.499,9.11,34.7378579939705,141.3648 /L,0.0434276,246.71609
2026-Jun-18 00:00,14.499,9.11,34.7366333485283,141.4855 /L,0.0435266,246.74555
2026-Jun-18 03:00,14.499,9.11,34.7354123529106,141.6061 /L,0.0436255,246.77589
2026-Jun-18 06:00,14.499,9.11,34.7341950025114,141.7268 /L,0.0437242,246.8071
2026-Jun-18 09:00,14.499,9.11,34.7329812917934,141.8475 /L,0.0438226,246.83917
2026-Jun-18 12:00,14.498,9.11,34.731771214459,141.9681 /L,0.0439205,246.87206
2026-Jun-18 15:00,14.498,9.11,34.7305647636339,142.0888 /L,0.044018,246.90572
2026-Jun-18 18:00,14.498,9.11,34.7293619320567,142.2094 /L,0.0441149,246.94009
2026-Jun-18 21:00,14.498,9.109,34.7281627122754,142.3301 /L,0.044211,246.97509
2026-Jun-19 00:00,14.498,9.109,34.7269670968457,142.4507 /L,0.0443064,247.01064
2026-Jun-19 03:00,14.498,9.109,34.7257750785279,142.5713 /L,0.044401,247.04664
2026-Jun-19 06:00,14.497,9.109,34.7245866504815,142.6920 /L,0.0444946,247.08298
2026-Jun-19 09:00,14.497,9.109,34.7234018064524,142.8126 /L,0.0445872,247.11956
2026-Jun-19 12:00,14.497,9.109,34.7222205409509,142.9332 /L,0.0446789,247.15626
2026-Jun-19 15:00,14.497,9.109,34.721042849418,143.0539 /L,0.0447694,247.19296
2026-Jun-19 18:00,14.497,9.109,34.7198687283771,143.1745 /L,0.0448589,247.22953
2026-Jun-19 21:00,14.496,9.109,34.7186981755687,143.2951 /L,0.0449473,247.26586
2026-Jun-20 00:00,14.496,9.108,34.7175311900666,143.4157 /L,0.0450345,247.30183
2026-Jun-20 03:00,14.496,9.108,34.7163677723733,143.5363 /L,0.0451207,247.33732
2026-Jun-20 06:00,14.496,9.108,34.7152079244935,143.6569 /L,0.0452059,247.37223
2026-Jun-20 09:00,14.496,9.108,34.7140516499843,143.7775 /L,0.04529,247.40645
2026-Jun-20 12:00,14.496,9.108,34.7128989539819,143.8981 /L,0.0453731,247.43988
2026-Jun-20 15:00,14.495,9.108,34.7117498432035,144.0187 /L,0.0454553,247.47245
2026-Jun-20 18:00,14.495,9.108,34.7106043259247,144.1393 /L,0.0455367,247.50407
2026-Jun-20 21:00,14.495,9.108,34.7094624119337,144.2599 /L,0.0456173,247.5347
2026-Jun-21 00:00,14.495,9.108,34.7083241124614,144.3804 /L,0.0456973,247.56427
2026-Jun-21 03:00,14.495,9.108,34.7071894400894,144.5010 /L,0.0457766,247.59277
2026-Jun-21 06:00,14.495,9.107,34.7060584086372,144.6216 /L,0.0458554,247.62016
2026-Jun-21 09:00,14.494,9.107,34.7049310330303,144.7421 /L,0.0459339,247.64645
2026-Jun-21 12:00,14.494,9.107,34.7038073291511,144.8627 /L,0.0460121,247.67165
2026-Jun-21 15:00,14.494,9.107,34.7026873136744,144.9832 /L,0.04609,247.69577
2026-Jun-21 18:00,14.494,9.107,34.7015710038918,145.1038 /L,0.0461679,247.71887
2026-Jun-21 21:00,14.494,9.107,34.7004584175248,145.2243 /L,0.0462458,247.74098
2026-Jun-22 00:00,14.493,9.107,34.6993495725323,145.3448 /L,0.0463238,247.76218
2026-Jun-22 03:00,14.493,9.107,34.6982444869137,145.4654 /L,0.046402,247.78255
2026-Jun-22 06:00,14.493,9.107,34.6971431785108,145.5859 /L,0.0464805,247.80216
2026-Jun-22 09:00,14.493,9.106,34.6960456648126,145.7064 /L,0.0465594,247.82113
2026-Jun-22 12:00,14.493,9.106,34.6949519627644,145.8269 /L,0.0466386,247.83954
2026-Jun-22 15:00,14.493,9.106,34.6938620885853,145.9474 /L,0.0467184,247.85752
2026-Jun-22 18:00,14.492,9.106,34.6927760575962,146.0679 /L,0.0467986,247.87518
2026-Jun-22 21:00,14.492,9.106,34.6916938840613,146.1884 /L,0.0468794,247.89263
2026-Jun-23 00:00,14.492,9.106,34.6906155810454,146.3089 /L,0.0469608,247.90999
2026-Jun-23 03:00,14.492,9.106,34.6895411602886,146.4294 /L,0.0470427,247.92739
2026-Jun-23 06:00,14.492,9.106,34.6884706321015,146.5499 /L,0.0471252,247.94494
2026-Jun-23 09:00,14.491,9.106,34.687404005281,146.6703 /L,0.0472083,247.96275
2026-Jun-23 12:00,14.491,9.105,34.6863412870493,146.7908 /L,0.0472919,247.98092
2026-Jun-23 15:00,14.491,9.105,34.685282483016,146.9112 /L,0.047376,247.99956
2026-Jun-23 18:00,14.491,9.105,34.6842275971642,147.0317 /L,0.0474605,248.01875
2026-Jun-23 21:00,14.491,9.105,34.6831766318611,147.1521 /L,0.0475454,248.03857
2026-Jun-24 00:00,14.491,9.105,34.6821295878926,147.2726 /L,0.0476305,248.05908
2026-Jun-24 03:00,14.49,9.105,34.6810864645215,147.3930 /L,0.0477159,248.08035
2026-Jun-24 06:00,14.49,9.105,34.6800472595678,147.5134 /L,0.0478014,248.10242
2026-Jun-24 09:00,14.49,9.105,34.6790119695116,147.6339 /L,0.0478869,248.12531
2026-Jun-24 12:00,14.49,9.105,34.6779805896144,147.7543 /L,0.0479724,248.14904
2026-Jun-24 15:00,14.49,9.104,34.67695311406,147.8747 /L,0.0480576,248.17361
2026-Jun-24 18:00,14.489,9.104,34.6759295361104,147.9951 /L,0.0481426,248.199
2026-Jun-24 21:00,14.489,9.104,34.6749098482754,148.1155 /L,0.0482273,248.22519
2026-Jun-25 00:00,14.489,9.104,34.6738940424941,148.2359 /L,0.0483114,248.25214
2026-Jun-25 03:00,14.489,9.104,34.6728821103237,148.3563 /L,0.048395,248.2798
2026-Jun-25 06:00,14.489,9.104,34.6718740431348,148.4766 /L,0.0484779,248.30809
2026-Jun-25 09:00,14.489,9.104,34.6708698323086,148.5970 /L,0.0485601,248.33696
2026-Jun-25 12:00,14.488,9.104,34.6698694694349,148.7174 /L,0.0486414,248.3663
2026-Jun-25 15:00,14.488,9.103,34.6688729465054,148.8377 /L,0.0487219,248.39603
2026-Jun-25 18:00,14.488,9.103,34.6678802561022,148.9581 /L,0.0488013,248.42604
2026-Jun-25 21:00,14.488,9.103,34.6668913915762,149.0784 /L,0.0488798,248.45624
2026-Jun-26 00:00,14.488,9.103,34.6659063472149,149.1988 /L,0.0489572,248.48651
2026-Jun-26 03:00,14.488,9.103,34.6649251183948,149.3191 /L,0.0490335,248.51675
2026-Jun-26 06:00,14.487,9.103,34.6639477017188,149.4394 /L,0.0491087,248.54683
2026-Jun-26 09:00,14.487,9.103,34.662974095133,149.5597 /L,0.0491828,248.57666
2026-Jun-26 12:00,14.487,9.103,34.6620042980253,149.6800 /L,0.0492558,248.60611
2026-Jun-26 15:00,14.487,9.103,34.6610383113005,149.8003 /L,0.0493278,248.6351
2026-Jun-26 18:00,14.487,9.102,34.6600761374331,149.9206 /L,0.0493987,248.66352
2026-Jun-26 21:00,14.486,9.102,34.659117780496,150.0409 /L,0.0494687,248.69129
2026-Jun-27 00:00,14.486,9.102,34.6581632461652,150.1612 /L,0.0495377,248.71832
2026-Jun-27 03:00,14.486,9.102,34.6572125416996,150.2814 /L,0.0496058,248.74454
2026-Jun-27 06:00,14.486,9.102,34.6562656758973,150.4017 /L,0.0496731,248.76989
2026-Jun-27 09:00,14.486,9.102,34.6553226590278,150.5220 /L,0.0497398,248.79432
2026-Jun-27 12:00,14.486,9.102,34.6543835027424,150.6422 /L,0.0498058,248.8178
2026-Jun-27 15:00,14.485,9.102,34.6534482199628,150.7624 /L,0.0498713,248.84031
2026-Jun-27 18:00,14.485,9.102,34.6525168247512,150.8827 /L,0.0499364,248.86183
2026-Jun-27 21:00,14.485,9.101,34.6515893321621,151.0029 /L,0.0500012,248.88237
2026-Jun-28 00:00,14.485,9.101,34.6506657580795,151.1231 /L,0.0500658,248.90194
2026-Jun-28 03:00,14.485,9.101,34.649746119041,151.2433 /L,0.0501302,248.92059
2026-Jun-28 06:00,14.485,9.101,34.6488304320521,151.3635 /L,0.0501947,248.93835
2026-Jun-28 09:00,14.484,9.101,34.6479187143937,151.4836 /L,0.0502592,248.95527
2026-Jun-28 12:00,14.484,9.101,34.647010983424,151.6038 /L,0.0503239,248.97143
2026-Jun-28 15:00,14.484,9.101,34.646107256381,151.7240 /L,0.0503889,248.9869
2026-Jun-28 18:00,14.484,9.101,34.645207550185,151.8441 /L,0.0504542,249.00177
2026-Jun-28 21:00,14.484,9.1,34.6443118812474,151.9642 /L,0.0505199,249.01614
2026-Jun-29 00:00,14.483,9.1,34.6434202652854,152.0844 /L,0.0505861,249.03009
2026-Jun-29 03:00,14.483,9.1,34.6425327171491,152.2045 /L,0.0506528,249.04374
2026-Jun-29 06:00,14.483,9.1,34.6416492506598,152.3246 /L,0.05072,249.05719
2026-Jun-29 09:00,14.483,9.1,34.6407698784652,152.4447 /L,0.0507878,249.07056
2026-Jun-29 12:00,14.483,9.1,34.6398946119114,152.5648 /L,0.0508562,249.08395
2026-Jun-29 15:00,14.483,9.1,34.6390234609349,152.6848 /L,0.0509251,249.09747
2026-Jun-29 18:00,14.482,9.1,34.6381564339757,152.8049 /L,0.0509946,249.11123
2026-Jun-29 21:00,14.482,9.099,34.6372935379127,152.9250 /L,0.0510647,249.12532
2026-Jun-30 00:00,14.482,9.099,34.636434778023,153.0450 /L,0.0511352,249.13984
2026-Jun-30 03:00,14.482,9.099,34.6355801579645,153.1650 /L,0.0512062,249.15487
2026-Jun-30 06:00,14.482,9.099,34.6347296797838,153.2851 /L,0.0512776,249.17049
2026-Jun-30 09:00,14.482,9.099,34.6338833439471,153.4051 /L,0.0513492,249.18677
2026-Jun-30 12:00,14.481,9.099,34.6330411493958,153.5251 /L,0.0514211,249.20375
2026-Jun-30 15:00,14.481,9.099,34.6322030936243,153.6451 /L,0.0514932,249.22149
2026-Jun-30 18:00,14.481,9.099,34.6313691727798,153.7650 /L,0.0515653,249.24001
2026-Jun-30 21:00,14.481,9.099,34.6305393817818,153.8850 /L,0.0516373,249.25933
2026-Jul-01 00:00,14.481,9.098,34.6297137144607,154.0049 /L,0.0517092,249.27945
2026-Jul-01 03:00,14.481,9.098,34.6288921637119,154.1249 /L,0.0517808,249.30038
2026-Jul-01 06:00,14.48,9.098,34.6280747216647,154.2448 /L,0.0518521,249.32207
2026-Jul-01 09:00,14.48,9.098,34.6272613798616,154.3647 /L,0.051923,249.34451
2026-Jul-01 12:00,14.48,9.098,34.6264521294478,154.4846 /L,0.0519932,249.36764
2026-Jul-01 15:00,14.48,9.098,34.6256469613653,154.6045 /L,0.0520629,249.39142
2026-Jul-01 18:00,14.48,9.098,34.6248458665507,154.7244 /L,0.0521317,249.41576
2026-Jul-01 21:00,14.479,9.098,34.6240488361333,154.8443 /L,0.0521998,249.4406
2026-Jul-02 00:00,14.479,9.097,34.6232558616298,154.9641 /L,0.052267,249.46585
2026-Jul-02 03:00,14.479,9.097,34.6224669351335,155.0839 /L,0.0523332,249.49141
2026-Jul-02 06:00,14.479,9.097,34.6216820494948,155.2038 /L,0.0523983,249.5172
2026-Jul-02 09:00,14.479,9.097,34.6209011984903,155.3236 /L,0.0524625,249.54312
2026-Jul-02 12:00,14.479,9.097,34.6201243769781,155.4434 /L,0.0525255,249.56904
2026-Jul-02 15:00,14.478,9.097,34.6193515810364,155.5631 /L,0.0525875,249.59489
2026-Jul-02 18:00,14.478,9.097,34.6185828080847,155.6829 /L,0.0526483,249.62054
2026-Jul-02 21:00,14.478,9.097,34.6178180569837,155.8027 /L,0.052708,249.6459
2026-Jul-03 00:00,14.478,9.096,34.6170573281139,155.9224 /L,0.0527667,249.67087
2026-Jul-03 03:00,14.478,9.096,34.6163006234316,156.0421 /L,0.0528242,249.69536
2026-Jul-03 06:00,14.478,9.096,34.6155479465002,156.1618 /L,0.0528808,249.71927
2026-Jul-03 09:00,14.477,9.096,34.6147993024985,156.2815 /L,0.0529364,249.74254
2026-Jul-03 12:00,14.477,9.096,34.6140546982032,156.4011 /L,0.0529912,249.7651
2026-Jul-03 15:00,14.477,9.096,34.6133141419478,156.5208 /L,0.0530451,249.78687
2026-Jul-03 18:00,14.477,9.096,34.6125776435583,156.6404 /L,0.0530982,249.80782
2026-Jul-03 21:00,14.477,9.096,34.6118452142654,156.7600 /L,0.0531508,249.82791
2026-Jul-04 00:00,14.477,9.095,34.611116866596,156.8796 /L,0.0532027,249.8471
2026-Jul-04 03:00,14.476,9.095,34.6103926142448,156.9992 /L,0.0532542,249.8654
2026-Jul-04 06:00,14.476,9.095,34.6096724719283,157.1188 /L,0.0533054,249.88279
2026-Jul-04 09:00,14.476,9.095,34.6089564552229,157.2383 /L,0.0533563,249.89929
2026-Jul-04 12:00,14.476,9.095,34.6082445803909,157.3578 /L,0.0534071,249.91493
2026-Jul-04 15:00,14.476,9.095,34.6075368641945,157.4773 /L,0.0534578,249.92975
2026-Jul-04 18:00,14.476,9.095,34.6068333237039,157.5968 /L,0.0535086,249.94378
2026-Jul-04 21:00,14.475,9.095,34.6061339760997,157.7163 /L,0.0535595,249.9571
2026-Jul-05 00:00,14.475,9.094,34.6054388384739,157.8357 /L,0.0536107,249.96977
2026-Jul-05 03:00,14.475,9.094,34.6047479276323,157.9551 /L,0.0536622,249.98186
2026-Jul-05 06:00,14.475,9.094,34.6040612599011,158.0745 /L,0.053714,249.99348
2026-Jul-05 09:00,14.475,9.094,34.6033788509411,158.1939 /L,0.0537663,250.00469
2026-Jul-05 12:00,14.475,9.094,34.6027007155719,158.3132 /L,0.0538191,250.01562
2026-Jul-05 15:00,14.474,9.094,34.6020268676083,158.4326 /L,0.0538723,250.02635
2026-Jul-05 18:00,14.474,9.094,34.6013573197128,158.5519 /L,0.0539262,250.03699
2026-Jul-05 21:00,14.474,9.094,34.6006920832644,158.6711 /L,0.0539806,250.04764
2026-Jul-06 00:00,14.474,9.093,34.6000311682485,158.7904 /L,0.0540356,250.0584
2026-Jul-06 03:00,14.474,9.093,34.5993745831655,158.9096 /L,0.0540911,250.06937
2026-Jul-06 06:00,14.474,9.093,34.598722334964,159.0288 /L,0.0541471,250.08066
2026-Jul-06 09:00,14.473,9.093,34.5980744289959,159.1480 /L,0.0542037,250.09234
2026-Jul-06 12:00,14.473,9.093,34.5974308689963,159.2672 /L,0.0542606,250.10449
2026-Jul-06 15:00,14.473,9.093,34.5967916570869,159.3863 /L,0.054318,250.1172
2026-Jul-06 18:00,14.473,9.093,34.5961567938048,159.5054 /L,0.0543756,250.13053
2026-Jul-06 21:00,14.473,9.093,34.5955262781541,159.6245 /L,0.0544335,250.14453
2026-Jul-07 00:00,14.473,9.092,34.5949001076806,159.7435 /L,0.0544915,250.15925
2026-Jul-07 03:00,14.472,9.092,34.594278278569,159.8625 /L,0.0545496,250.17472
2026-Jul-07 06:00,14.472,9.092,34.5936607857597,159.9815 /L,0.0546076,250.19096
2026-Jul-07 09:00,14.472,9.092,34.5930476230849,160.1005 /L,0.0546655,250.20797
2026-Jul-07 12:00,14.472,9.092,34.5924387834205,160.2194 /L,0.0547231,250.22576
2026-Jul-07 15:00,14.472,9.092,34.5918342588534,160.3383 /L,0.0547804,250.2443
2026-Jul-07 18:00,14.472,9.092,34.5912340408595,160.4572 /L,0.0548372,250.26357
2026-Jul-07 21:00,14.471,9.092,34.5906381204915,160.5760 /L,0.0548934,250.28353
2026-Jul-08 00:00,14.471,9.091,34.5900464885727,160.6948 /L,0.054949,250.30412
2026-Jul-08 03:00,14.471,9.091,34.5894591358947,160.8136 /L,0.0550038,250.32529
2026-Jul-08 06:00,14.471,9.091,34.5888760534146,160.9323 /L,0.0550578,250.34696
2026-Jul-08 09:00,14.471,9.091,34.5882972324509,161.0510 /L,0.0551109,250.36906
2026-Jul-08 12:00,14.471,9.091,34.5877226648728,161.1697 /L,0.0551629,250.3915
2026-Jul-08 15:00,14.47,9.091,34.5871523432819,161.2883 /L,0.055214,250.41418
2026-Jul-08 18:00,14.47,9.091,34.5865862611825,161.4069 /L,0.055264,250.43703
2026-Jul-08 21:00,14.47,9.091,34.5860244131384,161.5255 /L,0.0553129,250.45993
2026-Jul-09 00:00,14.47,9.09,34.5854667949134,161.6440 /L,0.0553606,250.48279
2026-Jul-09 03:00,14.47,9.09,34.5849134035942,161.7625 /L,0.0554072,250.50552
2026-Jul-09 06:00,14.47,9.09,34.5843642376925,161.8809 /L,0.0554526,250.528
2026-Jul-09 09:00,14.469,9.09,34.5838192972259,161.9993 /L,0.0554969,250.55015
2026-Jul-09 12:00,14.469,9.09,34.5832785837757,162.1177 /L,0.0555401,250.57188
2026-Jul-09 15:00,14.469,9.09,34.5827421005213,162.2360 /L,0.0555822,250.59311
2026-Jul-09 18:00,14.469,9.09,34.5822098522496,162.3542 /L,0.0556234,250.61375
2026-Jul-09 21:00,14.469,9.09,34.5816818453405,162.4725 /L,0.0556636,250.63374
2026-Jul-10 00:00,14.469,9.089,34.5811580877274,162.5906 /L,0.0557029,250.65301
2026-Jul-10 03:00,14.469,9.089,34.5806385888347,162.7088 /L,0.0557414,250.67153
2026-Jul-10 06:00,14.468,9.089,34.5801233594912,162.8268 /L,0.0557792,250.68924
2026-Jul-10 09:00,14.468,9.089,34.5796124118239,162.9449 /L,0.0558164,250.70613
2026-Jul-10 12:00,14.468,9.089,34.5791057591293,163.0628 /L,0.0558531,250.72217
2026-Jul-10 15:00,14.468,9.089,34.5786034157288,163.1808 /L,0.0558893,250.73737
2026-Jul-10 18:00,14.468,9.089,34.5781053968072,163.2986 /L,0.0559252,250.75172
2026-Jul-10 21:00,14.468,9.089,34.5776117182377,163.4165 /L,0.055961,250.76526
2026-Jul-11 00:00,14.467,9.088,34.5771223963961,163.5342 /L,0.0559966,250.77802
2026-Jul-11 03:00,14.467,9.088,34.5766374479679,163.6519 /L,0.0560322,250.79003
2026-Jul-11 06:00,14.467,9.088,34.5761568897488,163.7696 /L,0.0560679,250.80135
2026-Jul-11 09:00,14.467,9.088,34.5756807384444,163.8872 /L,0.0561037,250.81205
2026-Jul-11 12:00,14.467,9.088,34.5752090104701,164.0047 /L,0.0561398,250.82219
2026-Jul-11 15:00,14.467,9.088,34.5747417217555,164.1221 /L,0.0561762,250.83186
2026-Jul-11 18:00,14.466,9.088,34.5742788875552,164.2395 /L,0.056213,250.84115
2026-Jul-11 21:00,14.466,9.088,34.5738205222696,164.3569 /L,0.0562502,250.85014
2026-Jul-12 00:00,14.466,9.087,34.5733666392782,164.4741 /L,0.0562879,250.85894
2026-Jul-12 03:00,14.466,9.087,34.5729172507879,164.5913 /L,0.056326,250.86763
2026-Jul-12 06:00,14.466,9.087,34.5724723676979,164.7084 /L,0.0563647,250.87632
2026-Jul-12 09:00,14.466,9.087,34.5720319994849,164.8255 /L,0.0564039,250.88511
2026-Jul-12 12:00,14.466,9.087,34.5715961541081,164.9425 /L,0.0564436,250.89409
2026-Jul-12 15:00,14.465,9.087,34.5711648379369,165.0594 /L,0.0564838,250.90335
2026-Jul-12 18:00,14.465,9.087,34.5707380557026,165.1762 /L,0.0565244,250.91298
2026-Jul-12 21:00,14.465,9.087,34.570315810473,165.2929 /L,0.0565654,250.92307
2026-Jul-13 00:00,14.465,9.086,34.5698981036521,165.4096 /L,0.0566067,250.93367
2026-Jul-13 03:00,14.465,9.086,34.5694849350044,165.5262 /L,0.0566483,250.94487
2026-Jul-13 06:00,14.465,9.086,34.5690763027023,165.6427 /L,0.0566901,250.95671
2026-Jul-13 09:00,14.464,9.086,34.5686722033979,165.7591 /L,0.056732,250.96925
2026-Jul-13 12:00,14.464,9.086,34.5682726323159,165.8754 /L,0.0567739,250.9825
2026-Jul-13 15:00,14.464,9.086,34.5678775833676,165.9916 /L,0.0568157,250.9965
2026-Jul-13 18:00,14.464,9.086,34.5674870492846,166.1077 /L,0.0568573,251.01126
2026-Jul-13 21:00,14.464,9.086,34.5671010217686,166.2237 /L,0.0568987,251.02677
2026-Jul-14 00:00,14.464,9.085,34.5667194916559,166.3397 /L,0.0569396,251.04303
2026-Jul-14 03:00,14.464,9.085,34.5663424490954,166.4555 /L,0.0569801,251.06
2026-Jul-14 06:00,14.463,9.085,34.565969883735,166.5712 /L,0.0570199,251.07766
2026-Jul-14 09:00,14.463,9.085,34.5656017849149,166.6868 /L,0.0570591,251.09595
2026-Jul-14 12:00,14.463,9.085,34.5652381418661,166.8023 /L,0.0570974,251.11482
2026-Jul-14 15:00,14.463,9.085,34.5648789439081,166.9177 /L,0.0571349,251.13421
2026-Jul-14 18:00,14.463,9.085,34.564524180646,167.0329 /L,0.0571714,251.15404
2026-Jul-14 21:00,14.463,9.085,34.5641738421621,167.1481 /L,0.057207,251.17422
2026-Jul-15 00:00,14.463,9.084,34.5638279191993,167.2631 /L,0.0572414,251.19469
2026-Jul-15 03:00,14.462,9.084,34.5634864033347,167.3780 /L,0.0572747,251.21533
2026-Jul-15 06:00,14.462,9.084,34.5631492871393,167.4927 /L,0.0573068,251.23607
2026-Jul-15 09:00,14.462,9.084,34.5628165643224,167.6073 /L,0.0573378,251.2568
2026-Jul-15 12:00,14.462,9.084,34.562488229858,167.7218 /L,0.0573676,251.27742
2026-Jul-15 15:00,14.462,9.084,34.5621642800918,167.8361 /L,0.0573961,251.29786
2026-Jul-15 18:00,14.462,9.084,34.5618447128262,167.9503 /L,0.0574235,251.318
2026-Jul-15 21:00,14.461,9.084,34.5615295273833,168.0643 /L,0.0574498,251.33777
2026-Jul-16 00:00,14.461,9.083,34.5612187246436,168.1782 /L,0.0574749,251.35708
2026-Jul-16 03:00,14.461,9.083,34.5609123070613,168.2919 /L,0.0574989,251.37585
2026-Jul-16 06:00,14.461,9.083,34.560610278654,168.4055 /L,0.057522,251.39401
2026-Jul-16 09:00,14.461,9.083,34.5603126449691,168.5188 /L,0.0575441,251.41152
2026-Jul-16 12:00,14.461,9.083,34.5600194130256,168.6320 /L,0.0575654,251.4283
2026-Jul-16 15:00,14.461,9.083,34.5597305912334,168.7450 /L,0.0575859,251.44433
2026-Jul-16 18:00,14.46,9.083,34.5594461892906,168.8578 /L,0.0576058,251.45957
2026-Jul-16 21:00,14.46,9.083,34.5591662180605,168.9705 /L,0.0576251,251.47401
2026-Jul-17 00:00,14.46,9.082,34.558890689431,169.0829 /L,0.0576439,251.48764
2026-Jul-17 03:00,14.46,9.082,34.5586196161565,169.1951 /L,0.0576623,251.50046
2026-Jul-17 06:00,14.46,9.082,34.5583530116876,169.3071 /L,0.0576805,251.51249
2026-Jul-17 09:00,14.46,9.082,34.5580908899883,169.4189 /L,0.0576985,251.52376
2026-Jul-17 12:00,14.46,9.082,34.5578332653456,169.5304 /L,0.0577165,251.53431
2026-Jul-17 15:00,14.459,9.082,34.5575801521733,169.6418 /L,0.0577345,251.54418
2026-Jul-17 18:00,14.459,9.082,34.5573315648138,169.7528 /L,0.0577527,251.55345
2026-Jul-17 21:00,14.459,9.082,34.5570875173396,169.8637 /L,0.0577711,251.56216
2026-Jul-18 00:00,14.459,9.081,34.5568480233592,169.9742 /L,0.0577897,251.57041
2026-Jul-18 03:00,14.459,9.081,34.5566130958292,170.0845 /L,0.0578088,251.57827
2026-Jul-18 06:00,14.459,9.081,34.5563827468754,170.1945 /L,0.0578282,251.58584
2026-Jul-18 09:00,14.459,9.081,34.5561569876268,170.3043 /L,0.0578481,251.59319
2026-Jul-18 12:00,14.459,9.081,34.5559358280635,170.4137 /L,0.0578684,251.60044
2026-Jul-18 15:00,14.458,9.081,34.5557192768819,170.5228 /L,0.0578893,251.60767
2026-Jul-18 18:00,14.458,9.081,34.5555073413785,170.6316 /L,0.0579107,251.61497
2026-Jul-18 21:00,14.458,9.081,34.5553000273548,170.7401 /L,0.0579325,251.62245
2026-Jul-19 00:00,14.458,9.08,34.5550973390439,170.8482 /L,0.0579549,251.6302
2026-Jul-19 03:00,14.458,9.08,34.5548992790607,170.9560 /L,0.0579777,251.63829
2026-Jul-19 06:00,14.458,9.08,34.5547058483756,171.0634 /L,0.0580009,251.64681
2026-Jul-19 09:00,14.458,9.08,34.5545170463128,171.1705 /L,0.0580245,251.65584
2026-Jul-19 12:00,14.457,9.08,34.5543328705734,171.2771 /L,0.0580484,251.66543
2026-Jul-19 15:00,14.457,9.08,34.5541533172812,171.3833 /L,0.0580725,251.67565
2026-Jul-19 18:00,14.457,9.08,34.5539783810535,171.4891 /L,0.0580967,251.68654
2026-Jul-19 21:00,14.457,9.08,34.5538080550928,171.5945 /L,0.0581209,251.69814
2026-Jul-20 00:00,14.457,9.079,34.5536423313,171.6994 /L,0.0581451,251.71047
2026-Jul-20 03:00,14.457,9.079,34.553481200407,171.8039 /L,0.0581691,251.72355
2026-Jul-20 06:00,14.457,9.079,34.5533246521258,171.9078 /L,0.0581929,251.73737
2026-Jul-20 09:00,14.457,9.079,34.5531726753131,172.0113 /L,0.0582164,251.75193
2026-Jul-20 12:00,14.456,9.079,34.5530252581475,172.1142 /L,0.0582393,251.76721
2026-Jul-20 15:00,14.456,9.079,34.5528823883166,172.2165 /L,0.0582617,251.78317
2026-Jul-20 18:00,14.456,9.079,34.5527440532104,172.3183 /L,0.0582835,251.79977
2026-Jul-20 21:00,14.456,9.079,34.5526102401204,172.4195 /L,0.0583045,251.81696
2026-Jul-21 00:00,14.456,9.079,34.5524809364384,172.5200 /L,0.0583246,251.83468
2026-Jul-21 03:00,14.456,9.078,34.5523561298549,172.6199 /L,0.0583438,251.85286
2026-Jul-21 06:00,14.456,9.078,34.5522358085516,172.7191 /L,0.0583621,251.87141
2026-Jul-21 09:00,14.456,9.078,34.5521199613875,172.8177 /L,0.0583793,251.89026
2026-Jul-21 12:00,14.456,9.078,34.5520085780736,172.9154 /L,0.0583954,251.90933
2026-Jul-21 15:00,14.455,9.078,34.5519016493352,173.0125 /L,0.0584104,251.9285
2026-Jul-21 18:00,14.455,9.078,34.5517991670585,173.1087 /L,0.0584242,251.94771
2026-Jul-21 21:00,14.455,9.078,34.5517011244199,173.2041 /L,0.0584368,251.96684
2026-Jul-22 00:00,14.455,9.078,34.5516075159945,173.2986 /L,0.0584483,251.98581
2026-Jul-22 03:00,14.455,9.078,34.5515183378453,173.3923 /L,0.0584586,252.00452
2026-Jul-22 06:00,14.455,9.078,34.5514335875875,173.4849 /L,0.0584678,252.02289
2026-Jul-22 09:00,14.455,9.077,34.551353264431,173.5767 /L,0.0584759,252.04084
2026-Jul-22 12:00,14.455,9.077,34.5512773691974,173.6673 /L,0.0584829,252.05829
2026-Jul-22 15:00,14.455,9.077,34.551205904313,173.7569 /L,0.0584889,252.07516
2026-Jul-22 18:00,14.454,9.077,34.5511388737771,173.8454 /L,0.0584941,252.0914
2026-Jul-22 21:00,14.454,9.077,34.5510762831063,173.9327 /L,0.0584983,252.10695
2026-Jul-23 00:00,14.454,9.077,34.5510181392556,174.0188 /L,0.0585019,252.12178
2026-Jul-23 03:00,14.454,9.077,34.5509644505174,174.1037 /L,0.0585047,252.13584
2026-Jul-23 06:00,14.454,9.077,34.5509152264003,174.1872 /L,0.058507,252.14913
2026-Jul-23 09:00,14.454,9.077,34.5508704774888,174.2693 /L,0.0585089,252.16162
2026-Jul-23 12:00,14.454,9.077,34.5508302152871,174.3500 /L,0.0585104,252.17333
2026-Jul-23 15:00,14.454,9.076,34.5507944520478,174.4291 /L,0.0585116,252.18426
2026-Jul-23 18:00,14.454,9.076,34.5507632005903,174.5067 /L,0.0585127,252.19444
2026-Jul-23 21:00,14.454,9.076,34.5507364741093,174.5826 /L,0.0585137,252.2039
2026-Jul-24 00:00,14.454,9.076,34.5507142859781,174.6569 /L,0.0585148,252.2127
2026-Jul-24 03:00,14.453,9.076,34.5506966495486,174.7293 /L,0.0585161,252.22089
2026-Jul-24 06:00,14.453,9.076,34.550683577952,174.7999 /L,0.0585175,252.22853
2026-Jul-24 09:00,14.453,9.076,34.5506750839021,174.8686 /L,0.0585193,252.23569
2026-Jul-24 12:00,14.453,9.076,34.5506711795052,174.9352 /L,0.0585214,252.24247
2026-Jul-24 15:00,14.453,9.076,34.5506718760787,174.9997 /L,0.058524,252.24893
2026-Jul-24 18:00,14.453,9.076,34.5506771839818,175.0621 /L,0.058527,252.25518
2026-Jul-24 21:00,14.453,9.076,34.5506871124605,175.1222 /L,0.0585305,252.26131
2026-Jul-25 00:00,14.453,9.076,34.5507016695089,175.1799 /L,0.0585345,252.2674
2026-Jul-25 03:00,14.453,9.076,34.5507208617498,175.2352 /L,0.0585391,252.27355
2026-Jul-25 06:00,14.453,9.076,34.5507446943354,175.2880 /L,0.0585442,252.27987
2026-Jul-25 09:00,14.453,9.075,34.5507731708703,175.3382 /L,0.0585498,252.28643
2026-Jul-25 12:00,14.453,9.075,34.5508062933574,175.3857 /L,0.0585559,252.29332
2026-Jul-25 15:00,14.453,9.075,34.5508440621683,175.4305 /L,0.0585625,252.30063
2026-Jul-25 18:00,14.453,9.075,34.5508864760369,175.4723 /L,0.0585694,252.30843
2026-Jul-25 21:00,14.453,9.075,34.5509335320793,175.5113 /L,0.0585766,252.31678
2026-Jul-26 00:00,14.453,9.075,34.5509852258362,175.5472 /L,0.0585841,252.32575
2026-Jul-26 03:00,14.453,9.075,34.5510415513392,175.5800 /L,0.0585918,252.33537
2026-Jul-26 06:00,14.453,9.075,34.5511025012007,175.6097 /L,0.0585995,252.3457
2026-Jul-26 09:00,14.452,9.075,34.5511680667234,175.6362 /L,0.0586072,252.35676
2026-Jul-26 12:00,14.452,9.075,34.5512382380302,175.6594 /L,0.0586148,252.36856
2026-Jul-26 15:00,14.452,9.075,34.5513130042117,175.6792 /L,0.0586222,252.38111
2026-Jul-26 18:00,14.452,9.075,34.5513923534885,175.6957 /L,0.0586292,252.3944
2026-Jul-26 21:00,14.452,9.075,34.5514762733872,175.7087 /L,0.0586359,252.40841
2026-Jul-27 00:00,14.452,9.075,34.5515647509262,175.7184 /L,0.058642,252.42312
2026-Jul-27 03:00,14.452,9.075,34.5516577728089,175.7245 /L,0.0586475,252.43848
2026-Jul-27 06:00,14.452,9.075,34.5517553256223,175.7271 /L,0.0586522,252.45444
2026-Jul-27 09:00,14.452,9.075,34.5518573960364,175.7263 /L,0.0586562,252.47095
2026-Jul-27 12:00,14.452,9.075,34.5519639710028,175.7219 /L,0.0586592,252.48793
2026-Jul-27 15:00,14.452,9.075,34.5520750379491,175.7141 /L,0.0586613,252.50532
2026-Jul-27 18:00,14.453,9.075,34.5521905849656,175.7028 /L,0.0586624,252.52302
2026-Jul-27 21:00,14.453,9.075,34.5523106009827,175.6881 /L,0.0586624,252.54096
2026-Jul-28 00:00,14.453,9.075,34.5524350759349,175.6700 /L,0.0586613,252.55905
2026-Jul-28 03:00,14.453,9.075,34.5525640009101,175.6485 /L,0.0586591,252.57718
2026-Jul-28 06:00,14.453,9.075,34.5526973682815,175.6237 /L,0.0586557,252.59527
2026-Jul-28 09:00,14.453,9.075,34.5528351718196,175.5956 /L,0.0586511,252.61323
2026-Jul-28 12:00,14.453,9.075,34.552977406784,175.5644 /T,0.0586454,252.63095
2026-Jul-28 15:00,14.453,9.075,34.5531240699913,175.5300 /T,0.0586386,252.64837
2026-Jul-28 18:00,14.453,9.075,34.5532751598609,175.4926 /T,0.0586307,252.66538
2026-Jul-28 21:00,14.453,9.075,34.5534306764354,175.4522 /T,0.0586217,252.68192
2026-Jul-29 00:00,14.453,9.076,34.5535906213771,175.4089 /T,0.0586118,252.6979
2026-Jul-29 03:00,14.453,9.076,34.5537549979391,175.3627 /T,0.0586009,252.71328
2026-Jul-29 06:00,14.453,9.076,34.5539238109134,175.3139 /T,0.0585892,252.72798
2026-Jul-29 09:00,14.453,9.076,34.5540970665544,175.2624 /T,0.0585767,252.74198
2026-Jul-29 12:00,14.453,9.076,34.5542747724813,175.2083 /T,0.0585636,252.75523
2026-Jul-29 15:00,14.453,9.076,34.5544569375584,175.1517 /T,0.0585499,252.76771
2026-Jul-29 18:00,14.453,9.076,34.5546435717579,175.0927 /T,0.0585357,252.77941
2026-Jul-29 21:00,14.454,9.076,34.5548346860048,175.0315 /T,0.0585212,252.79032
2026-Jul-30 00:00,14.454,9.076,34.5550302920077,174.9680 /T,0.0585064,252.80047
2026-Jul-30 03:00,14.454,9.076,34.5552304020775,174.9023 /T,0.0584914,252.80986
2026-Jul-30 06:00,14.454,9.076,34.5554350289372,174.8346 /T,0.0584764,252.81854
2026-Jul-30 09:00,14.454,9.076,34.5556441855251,174.7649 /T,0.0584615,252.82655
2026-Jul-30 12:00,14.454,9.076,34.5558578847948,174.6933 /T,0.0584466,252.83394
2026-Jul-30 15:00,14.454,9.077,34.5560761395149,174.6199 /T,0.058432,252.84077
2026-Jul-30 18:00,14.454,9.077,34.5562989620718,174.5447 /T,0.0584177,252.84712
2026-Jul-30 21:00,14.454,9.077,34.5565263642778,174.4679 /T,0.0584038,252.85307
2026-Jul-31 00:00,14.454,9.077,34.5567583571879,174.3894 /T,0.0583903,252.85869
2026-Jul-31 03:00,14.455,9.077,34.5569949509285,174.3094 /T,0.0583773,252.86408
2026-Jul-31 06:00,14.455,9.077,34.5572361545399,174.2278 /T,0.0583647,252.86934
2026-Jul-31 09:00,14.455,9.077,34.5574819758346,174.1449 /T,0.0583527,252.87455
2026-Jul-31 12:00,14.455,9.077,34.5577324212753,174.0606 /T,0.0583413,252.8798
2026-Jul-31 15:00,14.455,9.077,34.557987495872,173.9750 /T,0.0583303,252.8852
2026-Jul-31 18:00,14.455,9.077,34.5582472031019,173.8881 /T,0.0583199,252.89084
2026-Jul-31 21:00,14.455,9.078,34.5585115448518,173.8001 /T,0.05831,252.8968
2026-Aug-01 00:00,14.455,9.078,34.5587805213846,173.7109 /T,0.0583006,252.90316
2026-Aug-01 03:00,14.456,9.078,34.5590541313304,173.6206 /T,0.0582915,252.91001
2026-Aug-01 06:00,14.456,9.078,34.5593323717014,173.5292 /T,0.0582828,252.9174
2026-Aug-01 09:00,14.456,9.078,34.5596152379323,173.4368 /T,0.0582744,252.92541
2026-Aug-01 12:00,14.456,9.078,34.5599027239429,173.3435 /T,0.0582661,252.93408
2026-Aug-01 15:00,14.456,9.078,34.5601948222243,173.2492 /T,0.0582579,252.94345
2026-Aug-01 18:00,14.456,9.078,34.5604915239467,173.1541 /T,0.0582498,252.95355
2026-Aug-01 21:00,14.456,9.078,34.560792819086,173.0580 /T,0.0582415,252.9644
2026-Aug-02 00:00,14.456,9.079,34.561098696569,172.9612 /T,0.0582331,252.97601
2026-Aug-02 03:00,14.457,9.079,34.5614091444344,172.8636 /T,0.0582243,252.98838
2026-Aug-02 06:00,14.457,9.079,34.5617241500065,172.7652 /T,0.0582152,253.00148
2026-Aug-02 09:00,14.457,9.079,34.5620437000801,172.6661 /T,0.0582055,253.01529
2026-Aug-02 12:00,14.457,9.079,34.5623677811132,172.5663 /T,0.0581952,253.02978
2026-Aug-02 15:00,14.457,9.079,34.5626963794242,172.4658 /T,0.0581842,253.04489
2026-Aug-02 18:00,14.457,9.079,34.5630294813922,172.3647 /T,0.0581725,253.06058
2026-Aug-02 21:00,14.457,9.079,34.5633670736556,172.2630 /T,0.0581598,253.07676
2026-Aug-03 00:00,14.458,9.079,34.563709143307,172.1606 /T,0.0581462,253.09337
2026-Aug-03 03:00,14.458,9.08,34.5640556780812,172.0577 /T,0.0581316,253.11032
2026-Aug-03 06:00,14.458,9.08,34.5644066665336,171.9543 /T,0.0581159,253.12754
2026-Aug-03 09:00,14.458,9.08,34.5647620982066,171.8503 /T,0.0580991,253.14493
2026-Aug-03 12:00,14.458,9.08,34.5651219637802,171.7458 /T,0.0580812,253.16239
2026-Aug-03 15:00,14.458,9.08,34.5654862552062,171.6408 /T,0.0580621,253.17984
2026-Aug-03 18:00,14.458,9.08,34.5658549658231,171.5354 /T,0.0580419,253.19718
2026-Aug-03 21:00,14.459,9.08,34.5662280904496,171.4295 /T,0.0580204,253.21431
2026-Aug-04 00:00,14.459,9.081,34.5666056254563,171.3232 /T,0.0579979,253.23116
2026-Aug-04 03:00,14.459,9.081,34.5669875688129,171.2164 /T,0.0579742,253.24762
2026-Aug-04 06:00,14.459,9.081,34.5673739201124,171.1092 /T,0.0579495,253.26362
2026-Aug-04 09:00,14.459,9.081,34.5677646805696,171.0017 /T,0.0579238,253.27909
2026-Aug-04 12:00,14.459,9.081,34.5681598529953,170.8937 /T,0.0578971,253.29396
2026-Aug-04 15:00,14.46,9.081,34.5685594417463,170.7854 /T,0.0578696,253.30818
2026-Aug-04 18:00,14.46,9.081,34.5689634526516,170.6767 /T,0.0578412,253.32169
2026-Aug-04 21:00,14.46,9.081,34.5693718929163,170.5677 /T,0.0578122,253.33445
2026-Aug-05 00:00,14.46,9.082,34.5697847710042,170.4584 /T,0.0577826,253.34645
2026-Aug-05 03:00,14.46,9.082,34.5702020965015,170.3488 /T,0.0577525,253.35767
2026-Aug-05 06:00,14.46,9.082,34.5706238799632,170.2388 /T,0.057722,253.3681
2026-Aug-05 09:00,14.461,9.082,34.571050132744,170.1285 /T,0.0576912,253.37775
2026-Aug-05 12:00,14.461,9.082,34.5714808668178,170.0180 /T,0.0576602,253.38665
2026-Aug-05 15:00,14.461,9.082,34.571916094587,169.9072 /T,0.0576291,253.39481
2026-Aug-05 18:00,14.461,9.082,34.5723558286851,169.7961 /T,0.057598,253.4023
2026-Aug-05 21:00,14.461,9.082,34.5728000817759,169.6847 /T,0.0575671,253.40915
2026-Aug-06 00:00,14.461,9.083,34.5732488663519,169.5731 /T,0.0575363,253.41543
2026-Aug-06 03:00,14.461,9.083,34.5737021945345,169.4613 /T,0.0575058,253.42121
2026-Aug-06 06:00,14.462,9.083,34.5741600778804,169.3492 /T,0.0574756,253.42657
2026-Aug-06 09:00,14.462,9.083,34.574622527196,169.2368 /T,0.0574458,253.43159
2026-Aug-06 12:00,14.462,9.083,34.5750895523624,169.1243 /T,0.0574165,253.43636
2026-Aug-06 15:00,14.462,9.083,34.575561162175,169.0115 /T,0.0573876,253.44098
2026-Aug-06 18:00,14.462,9.083,34.5760373641982,168.8986 /T,0.0573592,253.44553
2026-Aug-06 21:00,14.462,9.084,34.5765181646392,168.7854 /T,0.0573314,253.45013
2026-Aug-07 00:00,14.463,9.084,34.5770035682414,168.6720 /T,0.0573041,253.45485
2026-Aug-07 03:00,14.463,9.084,34.5774935782001,168.5584 /T,0.0572772,253.45981
2026-Aug-07 06:00,14.463,9.084,34.5779881961002,168.4447 /T,0.0572509,253.46507
2026-Aug-07 09:00,14.463,9.084,34.5784874218789,168.3307 /T,0.057225,253.47074
2026-Aug-07 12:00,14.463,9.084,34.5789912538118,168.2166 /T,0.0571994,253.47689
2026-Aug-07 15:00,14.463,9.084,34.5794996885242,168.1023 /T,0.0571742,253.48359
2026-Aug-07 18:00,14.464,9.084,34.5800127210266,167.9879 /T,0.0571492,253.49091
2026-Aug-07 21:00,14.464,9.085,34.5805303447739,167.8732 /T,0.0571244,253.4989
2026-Aug-08 00:00,14.464,9.085,34.5810525517471,167.7585 /T,0.0570997,253.5076
2026-Aug-08 03:00,14.464,9.085,34.5815793325581,167.6435 /T,0.057075,253.51705
2026-Aug-08 06:00,14.464,9.085,34.5821106765725,167.5285 /T,0.0570501,253.52726
2026-Aug-08 09:00,14.464,9.085,34.5826465720522,167.4132 /T,0.0570251,253.53826
2026-Aug-08 12:00,14.465,9.085,34.5831870063134,167.2979 /T,0.0569997,253.55003
2026-Aug-08 15:00,14.465,9.085,34.5837319658983,167.1824 /T,0.056974,253.56257
2026-Aug-08 18:00,14.465,9.086,34.584281436758,167.0667 /T,0.0569477,253.57584
2026-Aug-08 21:00,14.465,9.086,34.5848354044437,166.9510 /T,0.0569207,253.58982
2026-Aug-09 00:00,14.465,9.086,34.5853938543035,166.8351 /T,0.0568931,253.60446
2026-Aug-09 03:00,14.465,9.086,34.5859567716813,166.7190 /T,0.0568646,253.61969
2026-Aug-09 06:00,14.466,9.086,34.5865241421157,166.6029 /T,0.0568353,253.63546
2026-Aug-09 09:00,14.466,9.086,34.5870959515356,166.4866 /T,0.0568049,253.65169
2026-Aug-09 12:00,14.466,9.086,34.5876721864482,166.3703 /T,0.0567736,253.66829
2026-Aug-09 15:00,14.466,9.087,34.5882528341193,166.2538 /T,0.0567411,253.68519
2026-Aug-09 18:00,14.466,9.087,34.5888378827407,166.1372 /T,0.0567075,253.7023
2026-Aug-09 21:00,14.467,9.087,34.589427321583,166.0205 /T,0.0566727,253.71951
2026-Aug-10 00:00,14.467,9.087,34.5900211411321,165.9037 /T,0.0566368,253.73672
2026-Aug-10 03:00,14.467,9.087,34.5906193332063,165.7867 /T,0.0565996,253.75386
2026-Aug-10 06:00,14.467,9.087,34.591221891053,165.6697 /T,0.0565612,253.77081
2026-Aug-10 09:00,14.467,9.087,34.5918288094226,165.5526 /T,0.0565217,253.78749
2026-Aug-10 12:00,14.467,9.087,34.5924400846201,165.4354 /T,0.056481,253.80381
2026-Aug-10 15:00,14.468,9.088,34.5930557145311,165.3181 /T,0.0564393,253.81967
2026-Aug-10 18:00,14.468,9.088,34.5936756986248,165.2007 /T,0.0563964,253.83502
2026-Aug-10 21:00,14.468,9.088,34.5943000379306,165.0833 /T,0.0563526,253.84977
2026-Aug-11 00:00,14.468,9.088,34.5949287349921,164.9657 /T,0.0563079,253.86386
2026-Aug-11 03:00,14.468,9.088,34.5955617937961,164.8481 /T,0.0562623,253.87725
2026-Aug-11 06:00,14.468,9.088,34.5961992196798,164.7304 /T,0.056216,253.88989
2026-Aug-11 09:00,14.469,9.088,34.5968410192162,164.6126 /T,0.0561691,253.90176
2026-Aug-11 12:00,14.469,9.089,34.5974872000808,164.4947 /T,0.0561216,253.91283
2026-Aug-11 15:00,14.469,9.089,34.5981377708999,164.3767 /T,0.0560737,253.9231
2026-Aug-11 18:00,14.469,9.089,34.5987927410845,164.2587 /T,0.0560254,253.93257
2026-Aug-11 21:00,14.469,9.089,34.5994521206517,164.1406 /T,0.0559769,253.94126
2026-Aug-12 00:00,14.47,9.089,34.6001159200349,164.0224 /T,0.0559283,253.94921
2026-Aug-12 03:00,14.47,9.089,34.6007841498889,163.9042 /T,0.0558797,253.95644
2026-Aug-12 06:00,14.47,9.089,34.6014568208892,163.7858 /T,0.0558311,253.96302
2026-Aug-12 09:00,14.47,9.09,34.6021339435318,163.6675 /T,0.0557826,253.96901
2026-Aug-12 12:00,14.47,9.09,34.6028155279333,163.5490 /T,0.0557344,253.97447
2026-Aug-12 15:00,14.47,9.09,34.6035015836381,163.4305 /T,0.0556865,253.97948
2026-Aug-12 18:00,14.471,9.09,34.6041921194318,163.3119 /T,0.055639,253.98413
2026-Aug-12 21:00,14.471,9.09,34.6048871431666,163.1933 /T,0.0555919,253.98851
2026-Aug-13 00:00,14.471,9.09,34.6055866615996,163.0746 /T,0.0555453,253.99272
2026-Aug-13 03:00,14.471,9.09,34.6062906802471,162.9558 /T,0.0554991,253.99684
2026-Aug-13 06:00,14.471,9.091,34.6069992032573,162.8370 /T,0.0554534,254.00099
2026-Aug-13 09:00,14.472,9.091,34.6077122333023,162.7181 /T,0.0554083,254.00526
2026-Aug-13 12:00,14.472,9.091,34.6084297714927,162.5992 /T,0.0553636,254.00975
2026-Aug-13 15:00,14.472,9.091,34.6091518173143,162.4802 /T,0.0553194,254.01455
2026-Aug-13 18:00,14.472,9.091,34.609878368589,162.3612 /T,0.0552757,254.01975
2026-Aug-13 21:00,14.472,9.091,34.6106094214602,162.2421 /T,0.0552323,254.02544
2026-Aug-14 00:00,14.472,9.091,34.6113449704026,162.1230 /T,0.0551893,254.03169
2026-Aug-14 03:00,14.473,9.091,34.6120850082565,162.0038 /T,0.0551465,254.03856
2026-Aug-14 06:00,14.473,9.092,34.6128295262867,161.8845 /T,0.055104,254.04612
2026-Aug-14 09:00,14.473,9.092,34.6135785142635,161.7652 /T,0.0550615,254.05442
2026-Aug-14 12:00,14.473,9.092,34.6143319605661,161.6459 /T,0.055019,254.06349
2026-Aug-14 15:00,14.473,9.092,34.6150898523069,161.5265 /T,0.0549765,254.07335
2026-Aug-14 18:00,14.474,9.092,34.6158521754729,161.4071 /T,0.0549338,254.08402
2026-Aug-14 21:00,14.474,9.092,34.6166189150849,161.2876 /T,0.0548907,254.09551
2026-Aug-15 00:00,14.474,9.092,34.6173900553699,161.1681 /T,0.0548473,254.10779
2026-Aug-15 03:00,14.474,9.093,34.6181655799454,161.0485 /T,0.0548034,254.12086
2026-Aug-15 06:00,14.474,9.093,34.6189454720116,160.9289 /T,0.054759,254.13466
2026-Aug-15 09:00,14.474,9.093,34.6197297145509,160.8092 /T,0.0547138,254.14917
2026-Aug-15 12:00,14.475,9.093,34.6205182905286,160.6896 /T,0.0546678,254.16431
2026-Aug-15 15:00,14.475,9.093,34.6213111830949,160.5698 /T,0.054621,254.18003
2026-Aug-15 18:00,14.475,9.093,34.6221083757827,160.4501 /T,0.0545733,254.19624
2026-Aug-15 21:00,14.475,9.093,34.6229098527002,160.3302 /T,0.0545246,254.21288
2026-Aug-16 00:00,14.475,9.094,34.6237155987138,160.2104 /T,0.0544748,254.22984
2026-Aug-16 03:00,14.476,9.094,34.6245255996195,160.0905 /T,0.0544239,254.24703
2026-Aug-16 06:00,14.476,9.094,34.6253398423003,159.9706 /T,0.0543718,254.26437
2026-Aug-16 09:00,14.476,9.094,34.6261583148668,159.8506 /T,0.0543186,254.28174
2026-Aug-16 12:00,14.476,9.094,34.6269810067782,159.7306 /T,0.0542643,254.29904
2026-Aug-16 15:00,14.476,9.094,34.6278079089444,159.6106 /T,0.0542087,254.31619
2026-Aug-16 18:00,14.477,9.094,34.6286390138039,159.4905 /T,0.0541521,254.33307
2026-Aug-16 21:00,14.477,9.094,34.62947431538,159.3705 /T,0.0540943,254.3496
2026-Aug-17 00:00,14.477,9.095,34.6303138093115,159.2503 /T,0.0540354,254.36568
2026-Aug-17 03:00,14.477,9.095,34.63115749286,159.1302 /T,0.0539755,254.38124
2026-Aug-17 06:00,14.477,9.095,34.6320053648906,159.0100 /T,0.0539147,254.3962
2026-Aug-17 09:00,14.477,9.095,34.6328574258302,158.8897 /T,0.053853,254.41049
2026-Aug-17 12:00,14.478,9.095,34.6337136775998,158.7695 /T,0.0537905,254.42406
2026-Aug-17 15:00,14.478,9.095,34.6345741235254,158.6492 /T,0.0537272,254.43686
2026-Aug-17 18:00,14.478,9.095,34.6354387682265,158.5289 /T,0.0536634,254.44886
2026-Aug-17 21:00,14.478,9.096,34.6363076174851,158.4086 /T,0.053599,254.46004
2026-Aug-18 00:00,14.478,9.096,34.6371806780968,158.2882 /T,0.0535342,254.47038
2026-Aug-18 03:00,14.479,9.096,34.6380579577062,158.1678 /T,0.0534691,254.47989
2026-Aug-18 06:00,14.479,9.096,34.6389394646291,158.0474 /T,0.0534038,254.48859
2026-Aug-18 09:00,14.479,9.096,34.6398252076645,157.9269 /T,0.0533384,254.49649
2026-Aug-18 12:00,14.479,9.096,34.6407151958992,157.8064 /T,0.053273,254.50365
2026-Aug-18 15:00,14.479,9.096,34.6416094385073,157.6859 /T,0.0532077,254.51012
2026-Aug-18 18:00,14.48,9.096,34.6425079445488,157.5654 /T,0.0531426,254.51594
2026-Aug-18 21:00,14.48,9.097,34.6434107227695,157.4448 /T,0.0530777,254.52121
2026-Aug-19 00:00,14.48,9.097,34.6443177814053,157.3242 /T,0.0530132,254.52599
2026-Aug-19 03:00,14.48,9.097,34.6452291279943,157.2036 /T,0.0529491,254.53038
2026-Aug-19 06:00,14.48,9.097,34.6461447691997,157.0830 /T,0.0528854,254.53446
2026-Aug-19 09:00,14.481,9.097,34.6470647106444,156.9623 /T,0.0528223,254.53834
2026-Aug-19 12:00,14.481,9.097,34.6479889567631,156.8416 /T,0.0527597,254.54212
2026-Aug-19 15:00,14.481,9.097,34.6489175106705,156.7209 /T,0.0526976,254.54591
2026-Aug-19 18:00,14.481,9.098,34.6498503740504,156.6002 /T,0.0526361,254.5498
2026-Aug-19 21:00,14.481,9.098,34.6507875470654,156.4795 /T,0.0525751,254.55391
2026-Aug-20 00:00,14.481,9.098,34.6517290282901,156.3587 /T,0.0525146,254.55832
2026-Aug-20 03:00,14.482,9.098,34.6526748146676,156.2379 /T,0.0524547,254.56314
2026-Aug-20 06:00,14.482,9.098,34.6536249014904,156.1171 /T,0.0523951,254.56845
2026-Aug-20 09:00,14.482,9.098,34.6545792824063,155.9962 /T,0.052336,254.57434
2026-Aug-20 12:00,14.482,9.098,34.6555379494484,155.8753 /T,0.0522772,254.58089
2026-Aug-20 15:00,14.482,9.098,34.6565008930898,155.7545 /T,0.0522186,254.58814
2026-Aug-20 18:00,14.483,9.099,34.6574681023209,155.6336 /T,0.0521602,254.59616
2026-Aug-20 21:00,14.483,9.099,34.6584395647494,155.5126 /T,0.0521019,254.60499
2026-Aug-21 00:00,14.483,9.099,34.6594152667203,155.3917 /T,0.0520435,254.61466
2026-Aug-21 03:00,14.483,9.099,34.6603951934555,155.2707 /T,0.0519851,254.62519
2026-Aug-21 06:00,14.483,9.099,34.6613793292093,155.1497 /T,0.0519264,254.63658
2026-Aug-21 09:00,14.484,9.099,34.662367657439,155.0287 /T,0.0518674,254.64882
2026-Aug-21 12:00,14.484,9.099,34.6633601609867,154.9077 /T,0.0518079,254.66189
2026-Aug-21 15:00,14.484,9.1,34.6643568222707,154.7866 /T,0.0517479,254.67576
2026-Aug-21 18:00,14.484,9.1,34.6653576234832,154.6656 /T,0.0516873,254.69038
2026-Aug-21 21:00,14.484,9.1,34.6663625467907,154.5445 /T,0.051626,254.70569
2026-Aug-22 00:00,14.485,9.1,34.6673715745356,154.4234 /T,0.0515638,254.72163
2026-Aug-22 03:00,14.485,9.1,34.6683846894342,154.3023 /T,0.0515008,254.73812
2026-Aug-22 06:00,14.485,9.1,34.6694018747699,154.1811 /T,0.0514368,254.75508
2026-Aug-22 09:00,14.485,9.1,34.6704231145772,154.0600 /T,0.0513719,254.77241
2026-Aug-22 12:00,14.485,9.1,34.6714483938142,153.9388 /T,0.0513058,254.79002
2026-Aug-22 15:00,14.486,9.101,34.6724776985222,153.8176 /T,0.0512387,254.8078
2026-Aug-22 18:00,14.486,9.101,34.6735110159672,153.6964 /T,0.0511705,254.82564
2026-Aug-22 21:00,14.486,9.101,34.674548334765,153.5752 /T,0.0511011,254.84345
2026-Aug-23 00:00,14.486,9.101,34.6755896449839,153.4539 /T,0.0510306,254.86111
2026-Aug-23 03:00,14.486,9.101,34.6766349382265,153.3327 /T,0.050959,254.87853
2026-Aug-23 06:00,14.487,9.101,34.6776842076882,153.2114 /T,0.0508864,254.8956
2026-Aug-23 09:00,14.487,9.101,34.6787374481914,153.0901 /T,0.0508126,254.91222
2026-Aug-23 12:00,14.487,9.102,34.6797946561944,152.9688 /T,0.0507379,254.9283
2026-Aug-23 15:00,14.487,9.102,34.6808558297769,152.8475 /T,0.0506623,254.94378
2026-Aug-23 18:00,14.487,9.102,34.6819209685993,152.7261 /T,0.0505858,254.95856
2026-Aug-23 21:00,14.488,9.102,34.682990073839,152.6048 /T,0.0505085,254.9726
2026-Aug-24 00:00,14.488,9.102,34.6840631481034,152.4834 /T,0.0504305,254.98583
2026-Aug-24 03:00,14.488,9.102,34.6851401953207,152.3620 /T,0.0503519,254.99823
2026-Aug-24 06:00,14.488,9.102,34.686221220611,152.2406 /T,0.0502729,255.00976
2026-Aug-24 09:00,14.488,9.102,34.6873062301393,152.1192 /T,0.0501934,255.02041
2026-Aug-24 12:00,14.489,9.103,34.6883952309525,151.9978 /T,0.0501136,255.03017
2026-Aug-24 15:00,14.489,9.103,34.6894882308025,151.8763 /T,0.0500337,255.03908
2026-Aug-24 18:00,14.489,9.103,34.6905852379592,151.7549 /T,0.0499536,255.04714
2026-Aug-24 21:00,14.489,9.103,34.6916862610154,151.6334 /T,0.0498736,255.0544
2026-Aug-25 00:00,14.489,9.103,34.6927913086866,151.5119 /T,0.0497937,255.06091
2026-Aug-25 03:00,14.49,9.103,34.6939003896089,151.3904 /T,0.049714,255.06673
2026-Aug-25 06:00,14.49,9.103,34.6950135121384,151.2689 /T,0.0496345,255.07194
2026-Aug-25 09:00,14.49,9.103,34.6961306841543,151.1474 /T,0.0495555,255.07662
2026-Aug-25 12:00,14.49,9.104,34.6972519128699,151.0259 /T,0.0494768,255.08087
2026-Aug-25 15:00,14.49,9.104,34.6983772046529,150.9043 /T,0.0493987,255.08477
2026-Aug-25 18:00,14.49,9.104,34.6995065648589,150.7828 /T,0.049321,255.08844
2026-Aug-25 21:00,14.491,9.104,34.7006399976805,150.6612 /T,0.0492439,255.09199
2026-Aug-26 00:00,14.491,9.104,34.7017775060131,150.5396 /T,0.0491674,255.09552
2026-Aug-26 03:00,14.491,9.104,34.7029190913412,150.4180 /T,0.0490915,255.09915
2026-Aug-26 06:00,14.491,9.104,34.7040647536452,150.2964 /T,0.0490162,255.10298
2026-Aug-26 09:00,14.491,9.104,34.7052144913313,150.1748 /T,0.0489414,255.10713
2026-Aug-26 12:00,14.492,9.105,34.7063683011852,150.0531 /T,0.0488671,255.1117
2026-Aug-26 15:00,14.492,9.105,34.7075261783496,149.9315 /T,0.0487934,255.11678
2026-Aug-26 18:00,14.492,9.105,34.708688116327,149.8098 /T,0.04872,255.12247
2026-Aug-26 21:00,14.492,9.105,34.7098541070071,149.6881 /T,0.048647,255.12884
2026-Aug-27 00:00,14.492,9.105,34.7110241407176,149.5665 /T,0.0485743,255.13598
2026-Aug-27 03:00,14.493,9.105,34.7121982062998,149.4448 /T,0.0485019,255.14393
2026-Aug-27 06:00,14.493,9.105,34.7133762912053,149.3230 /T,0.0484295,255.15275
2026-Aug-27 09:00,14.493,9.105,34.7145583816145,149.2013 /T,0.0483571,255.16246
2026-Aug-27 12:00,14.493,9.106,34.7157444625731,149.0796 /T,0.0482847,255.17311
2026-Aug-27 15:00,14.493,9.106,34.7169345181469,148.9578 /T,0.0482121,255.18468
2026-Aug-27 18:00,14.494,9.106,34.7181285315901,148.8361 /T,0.0481392,255.19718
2026-Aug-27 21:00,14.494,9.106,34.719326485527,148.7143 /T,0.048066,255.21058
2026-Aug-28 00:00,14.494,9.106,34.720528362142,148.5925 /T,0.0479922,255.22486
2026-Aug-28 03:00,14.494,9.106,34.7217341433772,148.4707 /T,0.0479179,255.23997
2026-Aug-28 06:00,14.494,9.106,34.7229438111331,148.3489 /T,0.0478429,255.25585
2026-Aug-28 09:00,14.495,9.106,34.7241573474701,148.2271 /T,0.0477671,255.27243
2026-Aug-28 12:00,14.495,9.107,34.7253747348082,148.1053 /T,0.0476905,255.28963
2026-Aug-28 15:00,14.495,9.107,34.7265959561202,147.9834 /T,0.0476129,255.30735
2026-Aug-28 18:00,14.495,9.107,34.727820995118,147.8616 /T,0.0475344,255.32552
2026-Aug-28 21:00,14.495,9.107,34.7290498364268,147.7397 /T,0.0474549,255.34401
2026-Aug-29 00:00,14.496,9.107,34.7302824657461,147.6178 /T,0.0473743,255.36272
2026-Aug-29 03:00,14.496,9.107,34.7315188699945,147.4959 /T,0.0472926,255.38154
2026-Aug-29 06:00,14.496,9.107,34.7327590374364,147.3740 /T,0.0472098,255.40035
2026-Aug-29 09:00,14.496,9.107,34.7340029577878,147.2521 /T,0.047126,255.41904
2026-Aug-29 12:00,14.496,9.108,34.7352506223006,147.1302 /T,0.047041,255.4375
2026-Aug-29 15:00,14.497,9.108,34.7365020238243,147.0083 /T,0.0469549,255.45561
2026-Aug-29 18:00,14.497,9.108,34.7377571568424,146.8863 /T,0.0468679,255.47328
2026-Aug-29 21:00,14.497,9.108,34.739016017485,146.7644 /T,0.0467798,255.4904
2026-Aug-30 00:00,14.497,9.108,34.740278603516,146.6424 /T,0.0466908,255.50688
2026-Aug-30 03:00,14.498,9.108,34.7415449142958,146.5204 /T,0.046601,255.52265
2026-Aug-30 06:00,14.498,9.108,34.7428149507198,146.3985 /T,0.0465104,255.53762
2026-Aug-30 09:00,14.498,9.108,34.7440887151332,146.2765 /T,0.0464191,255.55176
2026-Aug-30 12:00,14.498,9.109,34.7453662112243,146.1545 /T,0.0463272,255.565
2026-Aug-30 15:00,14.498,9.109,34.7466474438969,146.0325 /T,0.0462348,255.57731
2026-Aug-30 18:00,14.499,9.109,34.7479324191248,145.9104 /T,0.046142,255.58869
2026-Aug-30 21:00,14.499,9.109,34.7492211437891,145.7884 /T,0.0460489,255.59912
2026-Aug-31 00:00,14.499,9.109,34.7505136255029,145.6664 /T,0.0459556,255.60861
2026-Aug-31 03:00,14.499,9.109,34.7518098724235,145.5443 /T,0.0458622,255.61719
2026-Aug-31 06:00,14.499,9.109,34.7531098930574,145.4222 /T,0.0457688,255.6249
2026-Aug-31 09:00,14.5,9.109,34.7544136960592,145.3002 /T,0.0456756,255.6318
2026-Aug-31 12:00,14.5,9.11,34.7557212900287,145.1781 /T,0.0455825,255.63793
2026-Aug-31 15:00,14.5,9.11,34.7570326833079,145.0560 /T,0.0454897,255.6434
2026-Aug-31 18:00,14.5,9.11,34.7583478837832,144.9339 /T,0.0453973,255.64827
2026-Aug-31 21:00,14.5,9.11,34.7596668986932,144.8118 /T,0.0453052,255.65266
2026-Sep-01 00:00,14.501,9.11,34.7609897344466,144.6897 /T,0.0452137,255.65666
2026-Sep-01 03:00,14.501,9.11,34.7623163964526,144.5675 /T,0.0451227,255.6604
2026-Sep-01 06:00,14.501,9.11,34.7636468889666,144.4454 /T,0.0450322,255.66397
2026-Sep-01 09:00,14.501,9.11,34.7649812149523,144.3233 /T,0.0449423,255.66752
2026-Sep-01 12:00,14.501,9.11,34.7663193759641,144.2011 /T,0.044853,255.67115
2026-Sep-01 15:00,14.502,9.111,34.7676613720503,144.0789 /T,0.0447643,255.675
2026-Sep-01 18:00,14.502,9.111,34.7690072016783,143.9568 /T,0.0446761,255.67917
2026-Sep-01 21:00,14.502,9.111,34.7703568616843,143.8346 /T,0.0445885,255.68378
2026-Sep-02 00:00,14.502,9.111,34.7717103472467,143.7124 /T,0.0445014,255.68894
2026-Sep-02 03:00,14.502,9.111,34.7730676518846,143.5902 /T,0.0444147,255.69476
2026-Sep-02 06:00,14.503,9.111,34.7744287674806,143.4679 /T,0.0443283,255.70132
2026-Sep-02 09:00,14.503,9.111,34.7757936843285,143.3457 /T,0.0442423,255.7087
2026-Sep-02 12:00,14.503,9.111,34.777162391204,143.2235 /T,0.0441565,255.71698
2026-Sep-02 15:00,14.503,9.112,34.7785348754587,143.1012 /T,0.0440708,255.72621
2026-Sep-02 18:00,14.503,9.112,34.779911123134,142.9790 /T,0.0439852,255.73643
2026-Sep-02 21:00,14.504,9.112,34.7812911190961,142.8567 /T,0.0438995,255.74767
2026-Sep-03 00:00,14.504,9.112,34.7826748471864,142.7344 /T,0.0438136,255.75995
2026-Sep-03 03:00,14.504,9.112,34.7840622903884,142.6122 /T,0.0437274,255.77326
2026-Sep-03 06:00,14.504,9.112,34.785453431007,142.4899 /T,0.0436409,255.78758
2026-Sep-03 09:00,14.504,9.112,34.7868482508566,142.3676 /T,0.0435539,255.80289
2026-Sep-03 12:00,14.505,9.112,34.7882467314579,142.2453 /T,0.0434663,255.81913
2026-Sep-03 15:00,14.505,9.112,34.7896488542372,142.1229 /T,0.0433781,255.83625
2026-Sep-03 18:00,14.505,9.113,34.7910546007282,142.0006 /T,0.0432891,255.85418
2026-Sep-03 21:00,14.505,9.113,34.7924639527705,141.8783 /T,0.0431993,255.87283
2026-Sep-04 00:00,14.505,9.113,34.7938768927045,141.7559 /T,0.0431085,255.8921
2026-Sep-04 03:00,14.506,9.113,34.7952934035575,141.6336 /T,0.0430168,255.91189
2026-Sep-04 06:00,14.506,9.113,34.7967134692193,141.5112 /T,0.042924,255.93208
2026-Sep-04 09:00,14.506,9.113,34.7981370746048,141.3888 /T,0.0428302,255.95257
2026-Sep-04 12:00,14.506,9.113,34.7995642058005,141.2664 /T,0.0427353,255.97322
2026-Sep-04 15:00,14.506,9.113,34.8009948501926,141.1440 /T,0.0426393,255.99391
2026-Sep-04 18:00,14.507,9.114,34.8024289965759,141.0216 /T,0.0425421,256.01451
2026-Sep-04 21:00,14.507,9.114,34.8038666352404,140.8992 /T,0.0424439,256.03491
2026-Sep-05 00:00,14.507,9.114,34.805307758035,140.7768 /T,0.0423446,256.05497
2026-Sep-05 03:00,14.507,9.114,34.8067523584069,140.6544 /T,0.0422442,256.07458
2026-Sep-05 06:00,14.507,9.114,34.808200431417,140.5320 /T,0.0421428,256.09363
2026-Sep-05 09:00,14.508,9.114,34.80965197373,140.4095 /T,0.0420405,256.11201
2026-Sep-05 12:00,14.508,9.114,34.811106983579,140.2871 /T,0.0419372,256.12964
2026-Sep-05 15:00,14.508,9.114,34.8125654607075,140.1646 /T,0.0418332,256.14644
2026-Sep-05 18:00,14.508,9.114,34.8140274062859,140.0421 /T,0.0417285,256.16232
2026-Sep-05 21:00,14.508,9.115,34.8154928228076,139.9197 /T,0.0416231,256.17725
2026-Sep-06 00:00,14.509,9.115,34.8169617139634,139.7972 /T,0.0415172,256.19118
2026-Sep-06 03:00,14.509,9.115,34.8184340844972,139.6747 /T,0.0414109,256.20409
2026-Sep-06 06:00,14.509,9.115,34.8199099400458,139.5522 /T,0.0413042,256.21596
2026-Sep-06 09:00,14.509,9.115,34.8213892869642,139.4297 /T,0.0411973,256.22681
2026-Sep-06 12:00,14.51,9.115,34.822872132139,139.3072 /T,0.0410903,256.23665
2026-Sep-06 15:00,14.51,9.115,34.8243584827938,139.1847 /T,0.0409833,256.24553
2026-Sep-06 18:00,14.51,9.115,34.8258483462885,139.0622 /T,0.0408763,256.2535
2026-Sep-06 21:00,14.51,9.115,34.8273417299165,138.9396 /T,0.0407695,256.26063
2026-Sep-07 00:00,14.51,9.116,34.8288386407012,138.8171 /T,0.040663,256.267
2026-Sep-07 03:00,14.511,9.116,34.8303390851973,138.6945 /T,0.0405567,256.2727
2026-Sep-07 06:00,14.511,9.116,34.8318430692978,138.5720 /T,0.0404509,256.27785
2026-Sep-07 09:00,14.511,9.116,34.8333505980507,138.4494 /T,0.0403456,256.28256
2026-Sep-07 12:00,14.511,9.116,34.8348616754876,138.3268 /T,0.0402407,256.28695
2026-Sep-07 15:00,14.511,9.116,34.8363763044678,138.2043 /T,0.0401364,256.29115
2026-Sep-07 18:00,14.512,9.116,34.8378944865384,138.0817 /T,0.0400327,256.2953
2026-Sep-07 21:00,14.512,9.116,34.8394162218148,137.9591 /T,0.0399295,256.29953
2026-Sep-08 00:00,14.512,9.116,34.840941508881,137.8365 /T,0.0398269,256.30397
2026-Sep-08 03:00,14.512,9.117,34.8424703447135,137.7139 /T,0.0397249,256.30877
2026-Sep-08 06:00,14.512,9.117,34.8440027246282,137.5913 /T,0.0396234,256.31405
2026-Sep-08 09:00,14.513,9.117,34.8455386422515,137.4687 /T,0.0395224,256.31993
2026-Sep-08 12:00,14.513,9.117,34.8470780895167,137.3460 /T,0.0394218,256.32654
2026-Sep-08 15:00,14.513,9.117,34.8486210566851,137.2234 /T,0.0393216,256.33397
2026-Sep-08 18:00,14.513,9.117,34.8501675323911,137.1008 /T,0.0392218,256.34233
2026-Sep-08 21:00,14.513,9.117,34.8517175037124,136.9781 /T,0.0391221,256.35169
2026-Sep-09 00:00,14.514,9.117,34.853270956261,136.8555 /T,0.0390226,256.36213
2026-Sep-09 03:00,14.514,9.117,34.8548278742979,136.7328 /T,0.0389232,256.37369
2026-Sep-09 06:00,14.514,9.117,34.8563882408655,136.6101 /T,0.0388238,256.38641
2026-Sep-09 09:00,14.514,9.118,34.857952037939,136.4875 /T,0.0387242,256.40031
2026-Sep-09 12:00,14.514,9.118,34.8595192465924,136.3648 /T,0.0386243,256.4154
2026-Sep-09 15:00,14.515,9.118,34.8610898471785,136.2421 /T,0.0385241,256.43167
2026-Sep-09 18:00,14.515,9.118,34.8626638195179,136.1194 /T,0.0384235,256.44907
2026-Sep-09 21:00,14.515,9.118,34.8642411430963,135.9967 /T,0.0383223,256.46757
2026-Sep-10 00:00,14.515,9.118,34.8658217972665,135.8740 /T,0.0382205,256.48711
2026-Sep-10 03:00,14.515,9.118,34.8674057614511,135.7513 /T,0.0381179,256.50759
2026-Sep-10 06:00,14.516,9.118,34.8689930153444,135.6286 /T,0.0380146,256.52894
2026-Sep-10 09:00,14.516,9.118,34.8705835391094,135.5059 /T,0.0379103,256.55105
2026-Sep-10 12:00,14.516,9.119,34.8721773135673,135.3831 /T,0.0378052,256.5738
2026-Sep-10 15:00,14.516,9.119,34.8737743203771,135.2604 /T,0.037699,256.59707
2026-Sep-10 18:00,14.516,9.119,34.8753745422015,135.1377 /T,0.0375918,256.62073
2026-Sep-10 21:00,14.517,9.119,34.8769779628575,135.0149 /T,0.0374835,256.64463
2026-Sep-11 00:00,14.517,9.119,34.8785845674495,134.8922 /T,0.0373742,256.66865
2026-Sep-11 03:00,14.517,9.119,34.8801943424822,134.7694 /T,0.0372638,256.69262
2026-Sep-11 06:00,14.517,9.119,34.8818072759524,134.6466 /T,0.0371522,256.71642
2026-Sep-11 09:00,14.517,9.119,34.8834233574169,134.5239 /T,0.0370397,256.7399
2026-Sep-11 12:00,14.518,9.119,34.8850425780376,134.4011 /T,0.0369261,256.76293
2026-Sep-11 15:00,14.518,9.119,34.8866649306013,134.2783 /T,0.0368115,256.78537
2026-Sep-11 18:00,14.518,9.12,34.8882904095145,134.1555 /T,0.036696,256.80712
2026-Sep-11 21:00,14.518,9.12,34.8899190107737,134.0328 /T,0.0365797,256.82805
2026-Sep-12 00:00,14.518,9.12,34.8915507319106,133.9100 /T,0.0364625,256.84807
2026-Sep-12 03:00,14.519,9.12,34.8931855719142,133.7872 /T,0.0363447,256.86711
2026-Sep-12 06:00,14.519,9.12,34.8948235311304,133.6644 /T,0.0362263,256.88508
2026-Sep-12 09:00,14.519,9.12,34.8964646111403,133.5416 /T,0.0361073,256.90195
2026-Sep-12 12:00,14.519,9.12,34.89810881462,133.4188 /T,0.035988,256.91767
2026-Sep-12 15:00,14.52,9.12,34.899756145183,133.2960 /T,0.0358683,256.93222
2026-Sep-12 18:00,14.52,9.12,34.9014066072081,133.1731 /T,0.0357485,256.94562
2026-Sep-12 21:00,14.52,9.12,34.9030602056559,133.0503 /T,0.0356285,256.95788
2026-Sep-13 00:00,14.52,9.121,34.9047169458755,132.9275 /T,0.0355086,256.96904
2026-Sep-13 03:00,14.52,9.121,34.9063768334059,132.8047 /T,0.0353887,256.97915
2026-Sep-13 06:00,14.521,9.121,34.9080398737731,132.6818 /T,0.0352691,256.9883
2026-Sep-13 09:00,14.521,9.121,34.9097060722885,132.5590 /T,0.0351497,256.99656
2026-Sep-13 12:00,14.521,9.121,34.9113754338497,132.4362 /T,0.0350307,257.00404
2026-Sep-13 15:00,14.521,9.121,34.9130479627471,132.3133 /T,0.0349122,257.01087
2026-Sep-13 18:00,14.521,9.121,34.9147236624799,132.1905 /T,0.0347941,257.01717
2026-Sep-13 21:00,14.522,9.121,34.9164025355841,132.0676 /T,0.0346766,257.02308
2026-Sep-14 00:00,14.522,9.121,34.9180845834744,131.9448 /T,0.0345597,257.02874
2026-Sep-14 03:00,14.522,9.121,34.9197698063033,131.8219 /T,0.0344434,257.03433
2026-Sep-14 06:00,14.522,9.122,34.9214582028387,131.6990 /T,0.0343278,257.03998
2026-Sep-14 09:00,14.522,9.122,34.9231497703628,131.5762 /T,0.0342128,257.04586
2026-Sep-14 12:00,14.523,9.122,34.9248445045926,131.4533 /T,0.0340984,257.05212
2026-Sep-14 15:00,14.523,9.122,34.9265423996244,131.3304 /T,0.0339846,257.05892
2026-Sep-14 18:00,14.523,9.122,34.9282434479025,131.2075 /T,0.0338713,257.06641
2026-Sep-14 21:00,14.523,9.122,34.9299476402122,131.0847 /T,0.0337586,257.07471
2026-Sep-15 00:00,14.523,9.122,34.931654965698,130.9618 /T,0.0336463,257.08397
2026-Sep-15 03:00,14.524,9.122,34.9333654119064,130.8389 /T,0.0335344,257.0943
2026-Sep-15 06:00,14.524,9.122,34.9350789648525,130.7160 /T,0.0334229,257.1058
2026-Sep-15 09:00,14.524,9.122,34.9367956091088,130.5931 /T,0.0333115,257.11855
2026-Sep-15 12:00,14.524,9.123,34.9385153279173,130.4702 /T,0.0332003,257.13262
2026-Sep-15 15:00,14.524,9.123,34.9402381033192,130.3473 /T,0.0330892,257.14807
2026-Sep-15 18:00,14.525,9.123,34.9419639163044,130.2244 /T,0.0329779,257.16492
2026-Sep-15 21:00,14.525,9.123,34.9436927469761,130.1015 /T,0.0328666,257.18319
2026-Sep-16 00:00,14.525,9.123,34.9454245747278,129.9785 /T,0.0327549,257.20286
2026-Sep-16 03:00,14.525,9.123,34.9471593784326,129.8556 /T,0.0326429,257.22392
2026-Sep-16 06:00,14.525,9.123,34.9488971366383,129.7327 /T,0.0325305,257.24631
2026-Sep-16 09:00,14.526,9.123,34.9506378277693,129.6098 /T,0.0324174,257.26997
2026-Sep-16 12:00,14.526,9.123,34.9523814303288,129.4868 /T,0.0323038,257.29481
2026-Sep-16 15:00,14.526,9.123,34.9541279231006,129.3639 /T,0.0321894,257.32074
2026-Sep-16 18:00,14.526,9.123,34.9558772853466,129.2410 /T,0.0320742,257.34763
2026-Sep-16 21:00,14.526,9.124,34.9576294969965,129.1180 /T,0.0319581,257.37535
2026-Sep-17 00:00,14.527,9.124,34.9593845388288,128.9951 /T,0.0318412,257.40378
2026-Sep-17 03:00,14.527,9.124,34.9611423926373,128.8721 /T,0.0317232,257.43274
2026-Sep-17 06:00,14.527,9.124,34.9629030413838,128.7492 /T,0.0316043,257.46209
2026-Sep-17 09:00,14.527,9.124,34.9646664693322,128.6262 /T,0.0314843,257.49166
2026-Sep-17 12:00,14.527,9.124,34.9664326621638,128.5033 /T,0.0313634,257.52127
2026-Sep-17 15:00,14.528,9.124,34.9682016070702,128.3803 /T,0.0312414,257.55078
2026-Sep-17 18:00,14.528,9.124,34.9699732928244,128.2573 /T,0.0311184,257.58
2026-Sep-17 21:00,14.528,9.124,34.9717477098271,128.1344 /T,0.0309944,257.60877
2026-Sep-18 00:00,14.528,9.124,34.9735248501291,128.0114 /T,0.0308695,257.63695
2026-Sep-18 03:00,14.528,9.124,34.9753047074284,127.8884 /T,0.0307438,257.66438
2026-Sep-18 06:00,14.529,9.125,34.977087277042,127.7655 /T,0.0306172,257.69094
2026-Sep-18 09:00,14.529,9.125,34.9788725558535,127.6425 /T,0.0304899,257.71649
2026-Sep-18 12:00,14.529,9.125,34.9806605422374,127.5195 /T,0.0303619,257.74094
2026-Sep-18 15:00,14.529,9.125,34.9824512359593,127.3965 /T,0.0302334,257.7642
2026-Sep-18 18:00,14.529,9.125,34.9842446380568,127.2735 /T,0.0301044,257.7862
2026-Sep-18 21:00,14.53,9.125,34.9860407506997,127.1506 /T,0.029975,257.80688
2026-Sep-19 00:00,14.53,9.125,34.9878395770335,127.0276 /T,0.0298453,257.82623
2026-Sep-19 03:00,14.53,9.125,34.9896411210084,126.9046 /T,0.0297155,257.84424
2026-Sep-19 06:00,14.53,9.125,34.9914453871953,126.7816 /T,0.0295856,257.86091
2026-Sep-19 09:00,14.53,9.125,34.9932523805931,126.6586 /T,0.0294557,257.8763
2026-Sep-19 12:00,14.531,9.125,34.9950621064292,126.5356 /T,0.029326,257.89045
2026-Sep-19 15:00,14.531,9.126,34.9968745699566,126.4126 /T,0.0291966,257.90345
2026-Sep-19 18:00,14.531,9.126,34.9986897762506,126.2896 /T,0.0290674,257.9154
2026-Sep-19 21:00,14.531,9.126,35.0005077300082,126.1666 /T,0.0289386,257.92641
2026-Sep-20 00:00,14.531,9.126,35.0023284353537,126.0436 /T,0.0288103,257.93663
2026-Sep-20 03:00,14.532,9.126,35.0041518956519,125.9206 /T,0.0286826,257.9462
2026-Sep-20 06:00,14.532,9.126,35.0059781133344,125.7976 /T,0.0285554,257.9553
2026-Sep-20 09:00,14.532,9.126,35.0078070897386,125.6745 /T,0.0284289,257.96409
2026-Sep-20 12:00,14.532,9.126,35.0096388249642,125.5515 /T,0.0283031,257.97276
2026-Sep-20 15:00,14.532,9.126,35.0114733177481,125.4285 /T,0.0281779,257.98149
2026-Sep-20 18:00,14.533,9.126,35.0133105653596,125.3055 /T,0.0280534,257.99049
2026-Sep-20 21:00,14.533,9.126,35.0151505635189,125.1824 /T,0.0279295,257.99995
2026-Sep-21 00:00,14.533,9.127,35.0169933063372,125.0594 /T,0.0278064,258.01004
2026-Sep-21 03:00,14.533,9.127,35.018838786283,124.9364 /T,0.0276838,258.02096
2026-Sep-21 06:00,14.533,9.127,35.0206869941713,124.8134 /T,0.0275618,258.03289
2026-Sep-21 09:00,14.534,9.127,35.0225379191795,124.6903 /T,0.0274404,258.04597
2026-Sep-21 12:00,14.534,9.127,35.0243915488864,124.5673 /T,0.0273193,258.06037
2026-Sep-21 15:00,14.534,9.127,35.0262478693363,124.4442 /T,0.0271987,258.07622
2026-Sep-21 18:00,14.534,9.127,35.0281068651258,124.3212 /T,0.0270784,258.09363
2026-Sep-21 21:00,14.534,9.127,35.0299685195122,124.1981 /T,0.0269582,258.1127
2026-Sep-22 00:00,14.535,9.127,35.0318328145425,124.0751 /T,0.0268382,258.1335
2026-Sep-22 03:00,14.535,9.127,35.0336997312002,123.9520 /T,0.0267182,258.15608
2026-Sep-22 06:00,14.535,9.127,35.0355692495686,123.8290 /T,0.0265981,258.18047
2026-Sep-22 09:00,14.535,9.127,35.0374413490071,123.7059 /T,0.0264778,258.20667
2026-Sep-22 12:00,14.535,9.128,35.0393160083388,123.5829 /T,0.0263572,258.23467
2026-Sep-22 15:00,14.536,9.128,35.0411932060466,123.4598 /T,0.0262362,258.26441
2026-Sep-22 18:00,14.536,9.128,35.0430729204738,123.3367 /T,0.0261148,258.29582
2026-Sep-22 21:00,14.536,9.128,35.0449551300271,123.2136 /T,0.0259927,258.32883
2026-Sep-23 00:00,14.536,9.128,35.0468398133795,123.0906 /T,0.02587,258.3633
2026-Sep-23 03:00,14.536,9.128,35.0487269496682,122.9675 /T,0.0257466,258.39912
2026-Sep-23 06:00,14.537,9.128,35.0506165186866,122.8444 /T,0.0256223,258.43613
2026-Sep-23 09:00,14.537,9.128,35.0525085010662,122.7213 /T,0.0254972,258.47417
2026-Sep-23 12:00,14.537,9.128,35.0544028784457,122.5982 /T,0.0253712,258.51305
2026-Sep-23 15:00,14.537,9.128,35.0562996336259,122.4752 /T,0.0252442,258.55258
2026-Sep-23 18:00,14.537,9.128,35.0581987507065,122.3521 /T,0.0251163,258.59257
2026-Sep-23 21:00,14.538,9.128,35.0601002152036,122.2290 /T,0.0249874,258.63281
2026-Sep-24 00:00,14.538,9.128,35.0620040141464,122.1059 /T,0.0248575,258.6731
2026-Sep-24 03:00,14.538,9.129,35.0639101361506,121.9828 /T,0.0247267,258.71322
2026-Sep-24 06:00,14.538,9.129,35.0658185714683,121.8597 /T,0.0245949,258.75298
2026-Sep-24 09:00,14.538,9.129,35.0677293120133,121.7366 /T,0.0244623,258.79218
2026-Sep-24 12:00,14.539,9.129,35.0696423513608,121.6135 /T,0.0243287,258.83063
2026-Sep-24 15:00,14.539,9.129,35.0715576847233,121.4904 /T,0.0241945,258.86817
2026-Sep-24 18:00,14.539,9.129,35.0734753089002,121.3672 /T,0.0240594,258.90462
2026-Sep-24 21:00,14.539,9.129,35.0753952222051,121.2441 /T,0.0239238,258.93986
2026-Sep-25 00:00,14.539,9.129,35.0773174243688,121.1210 /T,0.0237876,258.97376
2026-Sep-25 03:00,14.54,9.129,35.0792419164217,120.9979 /T,0.0236509,259.00622
2026-Sep-25 06:00,14.54,9.129,35.081168700557,120.8748 /T,0.0235139,259.03717
2026-Sep-25 09:00,14.54,9.129,35.0830977799749,120.7516 /T,0.0233767,259.06656
2026-Sep-25 12:00,14.54,9.129,35.0850291587136,120.6285 /T,0.0232392,259.09438
2026-Sep-25 15:00,14.54,9.129,35.0869628414658,120.5054 /T,0.0231017,259.12061
2026-Sep-25 18:00,14.541,9.13,35.0888988333869,120.3823 /T,0.0229643,259.14531
2026-Sep-25 21:00,14.541,9.13,35.0908371398952,120.2591 /T,0.022827,259.16853
2026-Sep-26 00:00,14.541,9.13,35.0927777664693,120.1360 /T,0.02269,259.19036
2026-Sep-26 03:00,14.541,9.13,35.0947207184435,120.0128 /T,0.0225532,259.21092
2026-Sep-26 06:00,14.541,9.13,35.0966660008068,119.8897 /T,0.0224169,259.23035
2026-Sep-26 09:00,14.542,9.13,35.0986136180064,119.7666 /T,0.0222811,259.24881
2026-Sep-26 12:00,14.542,9.13,35.1005635737594,119.6434 /T,0.0221459,259.2665
2026-Sep-26 15:00,14.542,9.13,35.1025158708768,119.5203 /T,0.0220112,259.2836
2026-Sep-26 18:00,14.542,9.13,35.1044705111001,119.3971 /T,0.0218772,259.30035
2026-Sep-26 21:00,14.542,9.13,35.1064274949547,119.2739 /T,0.0217439,259.31699
2026-Sep-27 00:00,14.542,9.13,35.108386821622,119.1508 /T,0.0216113,259.33375
2026-Sep-27 03:00,14.543,9.13,35.1103484888313,119.0276 /T,0.0214794,259.35088
2026-Sep-27 06:00,14.543,9.13,35.112312492774,118.9045 /T,0.0213482,259.36865
2026-Sep-27 09:00,14.543,9.13,35.1142788280416,118.7813 /T,0.0212177,259.38729
2026-Sep-27 12:00,14.543,9.131,35.1162474875865,118.6581 /T,0.0210878,259.40707
2026-Sep-27 15:00,14.543,9.131,35.1182184627088,118.5349 /T,0.0209586,259.42822
2026-Sep-27 18:00,14.544,9.131,35.1201917430674,118.4118 /T,0.0208299,259.45097
2026-Sep-27 21:00,14.544,9.131,35.122167316716,118.2886 /T,0.0207017,259.47552
2026-Sep-28 00:00,14.544,9.131,35.1241451701629,118.1654 /T,0.0205739,259.50209
2026-Sep-28 03:00,14.544,9.131,35.1261252884544,118.0422 /T,0.0204465,259.53082
2026-Sep-28 06:00,14.544,9.131,35.1281076552799,117.9190 /T,0.0203193,259.56188
2026-Sep-28 09:00,14.545,9.131,35.1300922530975,117.7958 /T,0.0201923,259.59539
2026-Sep-28 12:00,14.545,9.131,35.1320790632779,117.6726 /T,0.0200654,259.63144
2026-Sep-28 15:00,14.545,9.131,35.1340680662647,117.5494 /T,0.0199384,259.67009
2026-Sep-28 18:00,14.545,9.131,35.1360592417486,117.4262 /T,0.0198112,259.71138
2026-Sep-28 21:00,14.545,9.131,35.1380525688527,117.3030 /T,0.0196839,259.7553
2026-Sep-29 00:00,14.546,9.131,35.1400480263264,117.1797 /T,0.0195562,259.80183
2026-Sep-29 03:00,14.546,9.131,35.1420455927448,117.0565 /T,0.019428,259.8509
2026-Sep-29 06:00,14.546,9.132,35.1440452467107,116.9333 /T,0.0192993,259.90243
2026-Sep-29 09:00,14.546,9.132,35.1460469670561,116.8101 /T,0.01917,259.9563
2026-Sep-29 12:00,14.546,9.132,35.1480507330403,116.6868 /T,0.01904,260.01235
2026-Sep-29 15:00,14.547,9.132,35.150056524541,116.5636 /T,0.0189092,260.07041
2026-Sep-29 18:00,14.547,9.132,35.1520643222367,116.4404 /T,0.0187776,260.13028
2026-Sep-29 21:00,14.547,9.132,35.1540741077764,116.3171 /T,0.0186451,260.19175
2026-Sep-30 00:00,14.547,9.132,35.156085863935,116.1939 /T,0.0185117,260.25459
2026-Sep-30 03:00,14.547,9.132,35.1580995747508,116.0706 /T,0.0183774,260.31854
2026-Sep-30 06:00,14.547,9.132,35.1601152256449,115.9473 /T,0.0182421,260.38334
2026-Sep-30 09:00,14.548,9.132,35.1621328035185,115.8241 /T,0.0181058,260.44874
2026-Sep-30 12:00,14.548,9.132,35.1641522968284,115.7008 /T,0.0179686,260.51445
2026-Sep-30 15:00,14.548,9.132,35.1661736956382,115.5776 /T,0.0178305,260.58023
2026-Sep-30 18:00,14.548,9.132,35.1681969916453,115.4543 /T,0.0176914,260.64579
2026-Sep-30 21:00,14.548,9.132,35.1702221781828,115.3310 /T,0.0175516,260.7109
2026-Oct-01 00:00,14.549,9.132,35.1722492501962,115.2077 /T,0.0174109,260.77531
2026-Oct-01 03:00,14.549,9.132,35.174278204196,115.0844 /T,0.0172695,260.83881
2026-Oct-01 06:00,14.549,9.133,35.1763090381852,114.9612 /T,0.0171274,260.90118
2026-Oct-01 09:00,14.549,9.133,35.1783417515647,114.8379 /T,0.0169847,260.96225
2026-Oct-01 12:00,14.549,9.133,35.180376345017,114.7146 /T,0.0168416,261.02188
2026-Oct-01 15:00,14.55,9.133,35.1824128203698,114.5913 /T,0.0166981,261.07994
2026-Oct-01 18:00,14.55,9.133,35.1844511804423,114.4680 /T,0.0165543,261.13635
2026-Oct-01 21:00,14.55,9.133,35.1864914288755,114.3447 /T,0.0164103,261.19106
2026-Oct-02 00:00,14.55,9.133,35.1885335699504,114.2214 /T,0.0162662,261.24406
2026-Oct-02 03:00,14.55,9.133,35.1905776083954,114.0981 /T,0.0161221,261.29537
2026-Oct-02 06:00,14.55,9.133,35.1926235491871,113.9747 /T,0.0159782,261.34506
2026-Oct-02 09:00,14.551,9.133,35.1946713973469,113.8514 /T,0.0158344,261.39323
2026-Oct-02 12:00,14.551,9.133,35.196721157736,113.7281 /T,0.015691,261.44002
2026-Oct-02 15:00,14.551,9.133,35.1987728348529,113.6048 /T,0.0155479,261.48562
2026-Oct-02 18:00,14.551,9.133,35.2008264326361,113.4814 /T,0.0154054,261.53025
2026-Oct-02 21:00,14.551,9.133,35.2028819542748,113.3581 /T,0.0152633,261.57415
2026-Oct-03 00:00,14.552,9.133,35.2049394020302,113.2348 /T,0.0151218,261.61761
2026-Oct-03 03:00,14.552,9.133,35.2069987770708,113.1114 /T,0.014981,261.66095
2026-Oct-03 06:00,14.552,9.134,35.2090600793238,112.9881 /T,0.0148408,261.70451
2026-Oct-03 09:00,14.552,9.134,35.2111233073446,112.8647 /T,0.0147014,261.74864
2026-Oct-03 12:00,14.552,9.134,35.2131884582067,112.7414 /T,0.0145626,261.79371
2026-Oct-03 15:00,14.553,9.134,35.2152555274135,112.6180 /T,0.0144246,261.84013
2026-Oct-03 18:00,14.553,9.134,35.2173245088337,112.4947 /T,0.0142873,261.88828
2026-Oct-03 21:00,14.553,9.134,35.2193953946597,112.3713 /T,0.0141506,261.93856
2026-Oct-04 00:00,14.553,9.134,35.2214681753925,112.2479 /T,0.0140146,261.99136
2026-Oct-04 03:00,14.553,9.134,35.2235428398498,112.1245 /T,0.0138792,262.04707
2026-Oct-04 06:00,14.553,9.134,35.2256193752005,112.0012 /T,0.0137443,262.10605
2026-Oct-04 09:00,14.554,9.134,35.2276977670222,111.8778 /T,0.0136099,262.16866
2026-Oct-04 12:00,14.554,9.134,35.229777999383,111.7544 /T,0.0134759,262.23523
2026-Oct-04 15:00,14.554,9.134,35.2318600549452,111.6310 /T,0.0133422,262.30606
2026-Oct-04 18:00,14.554,9.134,35.2339439150893,111.5076 /T,0.0132087,262.38141
2026-Oct-04 21:00,14.554,9.134,35.2360295600577,111.3842 /T,0.0130753,262.46151
2026-Oct-05 00:00,14.555,9.134,35.2381169691134,111.2608 /T,0.012942,262.54657
2026-Oct-05 03:00,14.555,9.134,35.240206120715,111.1374 /T,0.0128085,262.63673
2026-Oct-05 06:00,14.555,9.134,35.2422969927015,111.0140 /T,0.012675,262.73212
2026-Oct-05 09:00,14.555,9.134,35.2443895624868,110.8906 /T,0.0125411,262.83279
2026-Oct-05 12:00,14.555,9.135,35.2464838072604,110.7672 /T,0.0124069,262.93879
2026-Oct-05 15:00,14.555,9.135,35.2485797041901,110.6437 /T,0.0122723,263.05008
2026-Oct-05 18:00,14.556,9.135,35.2506772306256,110.5203 /T,0.0121371,263.16661
2026-Oct-05 21:00,14.556,9.135,35.2527763642981,110.3969 /T,0.0120013,263.28829
2026-Oct-06 00:00,14.556,9.135,35.2548770835147,110.2735 /T,0.0118648,263.41497
2026-Oct-06 03:00,14.556,9.135,35.2569793673426,110.1500 /T,0.0117276,263.54648
2026-Oct-06 06:00,14.556,9.135,35.2590831957823,110.0266 /T,0.0115896,263.6826
2026-Oct-06 09:00,14.557,9.135,35.2611885499263,109.9031 /T,0.0114508,263.82312
2026-Oct-06 12:00,14.557,9.135,35.2632954121001,109.7797 /T,0.011311,263.96775
2026-Oct-06 15:00,14.557,9.135,35.2654037659856,109.6562 /T,0.0111704,264.11622
2026-Oct-06 18:00,14.557,9.135,35.2675135967219,109.5328 /T,0.011029,264.26823
2026-Oct-06 21:00,14.557,9.135,35.2696248909857,109.4093 /T,0.0108866,264.42347
2026-Oct-07 00:00,14.557,9.135,35.2717376370458,109.2859 /T,0.0107433,264.58164
2026-Oct-07 03:00,14.558,9.135,35.2738518247955,109.1624 /T,0.0105992,264.7424
2026-Oct-07 06:00,14.558,9.135,35.2759674457577,109.0389 /T,0.0104544,264.90547
2026-Oct-07 09:00,14.558,9.135,35.2780844930669,108.9155 /T,0.0103087,265.07054
2026-Oct-07 12:00,14.558,9.135,35.2802029614251,108.7920 /T,0.0101624,265.23736
2026-Oct-07 15:00,14.558,9.135,35.282322847034,108.6685 /T,0.0100155,265.40566
2026-Oct-07 18:00,14.559,9.135,35.2844441475043,108.5450 /T,0.009868,265.57524
2026-Oct-07 21:00,14.559,9.135,35.2865668617427,108.4216 /T,0.0097201,265.74592
2026-Oct-08 00:00,14.559,9.136,35.2886909898195,108.2981 /T,0.0095718,265.91758
2026-Oct-08 03:00,14.559,9.136,35.2908165328177,108.1746 /T,0.0094233,266.09012
2026-Oct-08 06:00,14.559,9.136,35.2929434926666,108.0511 /T,0.0092746,266.26354
2026-Oct-08 09:00,14.559,9.136,35.2950718719625,107.9276 /T,0.0091259,266.43786
2026-Oct-08 12:00,14.56,9.136,35.2972016737783,107.8041 /T,0.0089772,266.6132
2026-Oct-08 15:00,14.56,9.136,35.2993329014663,107.6806 /T,0.0088286,266.78973
2026-Oct-08 18:00,14.56,9.136,35.3014655584563,107.5571 /T,0.0086803,266.96771
2026-Oct-08 21:00,14.56,9.136,35.3035996480516,107.4336 /T,0.0085324,267.14746
2026-Oct-09 00:00,14.56,9.136,35.305735173228,107.3101 /T,0.0083848,267.3294
2026-Oct-09 03:00,14.56,9.136,35.3078721364363,107.1866 /T,0.0082378,267.51404
2026-Oct-09 06:00,14.561,9.136,35.3100105394133,107.0631 /T,0.0080914,267.70195
2026-Oct-09 09:00,14.561,9.136,35.312150383003,106.9396 /T,0.0079457,267.8938
2026-Oct-09 12:00,14.561,9.136,35.3142916669914,106.8161 /T,0.0078007,268.09036
2026-Oct-09 15:00,14.561,9.136,35.3164343899571,106.6926 /T,0.0076565,268.29246
2026-Oct-09 18:00,14.561,9.136,35.3185785491397,106.5691 /T,0.0075131,268.50103
2026-Oct-09 21:00,14.562,9.136,35.3207241403285,106.4455 /T,0.0073705,268.71709
2026-Oct-10 00:00,14.562,9.136,35.322871157773,106.3220 /T,0.0072288,268.94173
2026-Oct-10 03:00,14.562,9.136,35.3250195941163,106.1985 /T,0.007088,269.17612
2026-Oct-10 06:00,14.562,9.136,35.3271694403524,106.0750 /T,0.0069481,269.4215
2026-Oct-10 09:00,14.562,9.136,35.3293206858089,105.9514 /T,0.0068091,269.6792
2026-Oct-10 12:00,14.562,9.136,35.3314733181535,105.8279 /T,0.0066708,269.95058
2026-Oct-10 15:00,14.563,9.136,35.3336273234265,105.7044 /T,0.0065334,270.23712
2026-Oct-10 18:00,14.563,9.136,35.3357826860971,105.5808 /T,0.0063967,270.54032
2026-Oct-10 21:00,14.563,9.137,35.3379393891429,105.4573 /T,0.0062608,270.86176
2026-Oct-11 00:00,14.563,9.137,35.3400974141523,105.3338 /T,0.0061255,271.20308
2026-Oct-11 03:00,14.563,9.137,35.3422567414474,105.2102 /T,0.0059908,271.56598
2026-Oct-11 06:00,14.563,9.137,35.3444173502258,105.0867 /T,0.0058567,271.95224
2026-Oct-11 09:00,14.564,9.137,35.3465792187194,104.9631 /T,0.0057231,272.36369
2026-Oct-11 12:00,14.564,9.137,35.3487423243671,104.8396 /T,0.0055898,272.80225
2026-Oct-11 15:00,14.564,9.137,35.3509066440003,104.7160 /T,0.0054569,273.26992
2026-Oct-11 18:00,14.564,9.137,35.353072154037,104.5925 /T,0.0053243,273.7688
2026-Oct-11 21:00,14.564,9.137,35.3552388306816,104.4689 /T,0.005192,274.30109
2026-Oct-12 00:00,14.564,9.137,35.3574066501288,104.3454 /T,0.0050598,274.86915
2026-Oct-12 03:00,14.565,9.137,35.3595755887674,104.2218 /T,0.0049278,275.47547
2026-Oct-12 06:00,14.565,9.137,35.3617456233805,104.0983 /T,0.0047959,276.12272
2026-Oct-12 09:00,14.565,9.137,35.3639167313414,103.9747 /T,0.0046641,276.81381
2026-Oct-12 12:00,14.565,9.137,35.3660888907988,103.8511 /T,0.0045325,277.55187
2026-Oct-12 15:00,14.565,9.137,35.3682620808517,103.7276 /T,0.0044009,278.34033
2026-Oct-12 18:00,14.566,9.137,35.3704362817096,103.6040 /T,0.0042695,279.18299
2026-Oct-12 21:00,14.566,9.137,35.3726114748361,103.4804 /T,0.0041382,280.08402
2026-Oct-13 00:00,14.566,9.137,35.3747876430735,103.3569 /T,0.0040073,281.04806
2026-Oct-13 03:00,14.566,9.137,35.3769647707468,103.2333 /T,0.0038766,282.08031
2026-Oct-13 06:00,14.566,9.137,35.3791428437454,103.1097 /T,0.0037464,283.18658
2026-Oct-13 09:00,14.566,9.137,35.381321849581,102.9862 /T,0.0036168,284.37338
2026-Oct-13 12:00,14.567,9.137,35.3835017774212,102.8626 /T,0.003488,285.64804
2026-Oct-13 15:00,14.567,9.137,35.3856826180983,102.7390 /T,0.0033601,287.01882
2026-Oct-13 18:00,14.567,9.137,35.3878643640926,102.6154 /T,0.0032334,288.495
2026-Oct-13 21:00,14.567,9.137,35.3900470094906,102.4919 /T,0.0031081,290.08701
2026-Oct-14 00:00,14.567,9.137,35.3922305499197,102.3683 /T,0.0029846,291.8065
2026-Oct-14 03:00,14.567,9.137,35.394414982459,102.2447 /T,0.0028632,293.66645
2026-Oct-14 06:00,14.568,9.138,35.3966003055279,102.1211 /T,0.0027443,295.68123
2026-Oct-14 09:00,14.568,9.138,35.3987865187555,101.9976 /T,0.0026284,297.86649
2026-Oct-14 12:00,14.568,9.138,35.4009736228305,101.8740 /T,0.0025161,300.23908
2026-Oct-14 15:00,14.568,9.138,35.4031616193357,101.7504 /T,0.0024078,302.81673
2026-Oct-14 18:00,14.568,9.138,35.4053505105693,101.6268 /T,0.0023043,305.61744
2026-Oct-14 21:00,14.568,9.138,35.407540299355,101.5032 /T,0.0022063,308.65863
2026-Oct-15 00:00,14.569,9.138,35.4097309888441,101.3797 /T,0.0021147,311.95582
2026-Oct-15 03:00,14.569,9.138,35.4119225823135,101.2561 /T,0.0020302,315.52081
2026-Oct-15 06:00,14.569,9.138,35.4141150829613,101.1325 /T,0.001954,319.35942
2026-Oct-15 09:00,14.569,9.138,35.4163084937038,101.0089 /T,0.0018869,323.46875
2026-Oct-15 12:00,14.569,9.138,35.4185028169773,100.8853 /T,0.00183,327.83449
2026-Oct-15 15:00,14.569,9.138,35.4206980545469,100.7618 /T,0.0017841,332.4286
2026-Oct-15 18:00,14.57,9.138,35.4228942073259,100.6382 /T,0.00175,337.20822
2026-Oct-15 21:00,14.57,9.138,35.4250912752083,100.5146 /T,0.0017284,342.11639
2026-Oct-16 00:00,14.57,9.138,35.4272892569166,100.3910 /T,0.0017196,347.08515
2026-Oct-16 03:00,14.57,9.138,35.4294881498674,100.2674 /T,0.0017238,352.04068
2026-Oct-16 06:00,14.57,9.138,35.4316879500577,100.1438 /T,0.0017406,356.90966
2026-Oct-16 09:00,14.57,9.138,35.4338886519716,100.0202 /T,0.0017696,1.6255806
2026-Oct-16 12:00,14.57,9.138,35.4360902485107,99.8967 /T,0.0018102,6.1336496
2026-Oct-16 15:00,14.571,9.138,35.4382927309487,99.7731 /T,0.0018615,10.393527
2026-Oct-16 18:00,14.571,9.138,35.4404960889097,99.6495 /T,0.0019225,14.379809
2026-Oct-16 21:00,14.571,9.138,35.4427003103728,99.5259 /T,0.0019923,18.080708
2026-Oct-17 00:00,14.571,9.138,35.4449053817001,99.4023 /T,0.0020699,21.495656
2026-Oct-17 03:00,14.571,9.138,35.4471112876907,99.2787 /T,0.0021545,24.632532
2026-Oct-17 06:00,14.571,9.138,35.4493180116568,99.1551 /T,0.0022452,27.505004
2026-Oct-17 09:00,14.572,9.138,35.4515255355237,99.0315 /T,0.0023415,30.13028
2026-Oct-17 12:00,14.572,9.138,35.4537338399497,98.9079 /T,0.0024425,32.52736
2026-Oct-17 15:00,14.572,9.138,35.4559429044659,98.7843 /T,0.0025478,34.715762
2026-Oct-17 18:00,14.572,9.138,35.4581527076325,98.6607 /T,0.002657,36.714665
2026-Oct-17 21:00,14.572,9.138,35.4603632272101,98.5371 /T,0.0027697,38.542367
2026-Oct-18 00:00,14.572,9.138,35.4625744403435,98.4135 /T,0.0028854,40.215973
2026-Oct-18 03:00,14.573,9.138,35.4647863237544,98.2899 /T,0.003004,41.751254
2026-Oct-18 06:00,14.573,9.138,35.4669988539408,98.1664 /T,0.0031253,43.1626
2026-Oct-18 09:00,14.573,9.138,35.4692120073803,98.0428 /T,0.0032489,44.463054
2026-Oct-18 12:00,14.573,9.138,35.4714257607332,97.9192 /T,0.0033748,45.664372
2026-Oct-18 15:00,14.573,9.138,35.473640091044,97.7956 /T,0.0035028,46.777114
2026-Oct-18 18:00,14.573,9.138,35.4758549759363,97.6720 /T,0.0036328,47.810741
2026-Oct-18 21:00,14.574,9.139,35.4780703938002,97.5484 /T,0.0037647,48.773705
2026-Oct-19 00:00,14.574,9.139,35.4802863239676,97.4247 /T,0.0038983,49.673549
2026-Oct-19 03:00,14.574,9.139,35.4825027468741,97.3011 /T,0.0040336,50.51699
2026-Oct-19 06:00,14.574,9.139,35.4847196442038,97.1775 /T,0.0041705,51.31
2026-Oct-19 09:00,14.574,9.139,35.4869369990164,97.0539 /T,0.0043088,52.057878
2026-Oct-19 12:00,14.574,9.139,35.4891547958532,96.9303 /T,0.0044485,52.765319
2026-Oct-19 15:00,14.574,9.139,35.4913730208206,96.8067 /T,0.0045896,53.436469
2026-Oct-19 18:00,14.575,9.139,35.4935916616509,96.6831 /T,0.0047318,54.07498
2026-Oct-19 21:00,14.575,9.139,35.4958107077383,96.5595 /T,0.0048751,54.684062
2026-Oct-20 00:00,14.575,9.139,35.49803015015,96.4359 /T,0.0050194,55.26652
2026-Oct-20 03:00,14.575,9.139,35.5002499816122,96.3123 /T,0.0051646,55.8248
2026-Oct-20 06:00,14.575,9.139,35.502470196471,96.1887 /T,0.0053106,56.361021
2026-Oct-20 09:00,14.575,9.139,35.5046907906292,96.0651 /T,0.0054573,56.877009
2026-Oct-20 12:00,14.576,9.139,35.5069117614597,95.9415 /T,0.0056046,57.374329
2026-Oct-20 15:00,14.576,9.139,35.5091331076967,95.8179 /T,0.0057523,57.854309
2026-Oct-20 18:00,14.576,9.139,35.511354829306,95.6943 /T,0.0059004,58.31807
2026-Oct-20 21:00,14.576,9.139,35.513576927338,95.5707 /T,0.0060488,58.766544
2026-Oct-21 00:00,14.576,9.139,35.5157994037632,95.4471 /T,0.0061973,59.200504
2026-Oct-21 03:00,14.576,9.139,35.5180222612949,95.3235 /T,0.0063458,59.620577
2026-Oct-21 06:00,14.576,9.139,35.5202455032002,95.1999 /T,0.0064943,60.027264
2026-Oct-21 09:00,14.577,9.139,35.5224691331034,95.0763 /T,0.0066426,60.420962
2026-Oct-21 12:00,14.577,9.139,35.5246931547841,94.9527 /T,0.0067907,60.801976
2026-Oct-21 15:00,14.577,9.139,35.526917571973,94.8291 /T,0.0069385,61.170535
2026-Oct-21 18:00,14.577,9.139,35.5291423881488,94.7055 /T,0.0070858,61.526808
2026-Oct-21 21:00,14.577,9.139,35.5313676063396,94.5819 /T,0.0072328,61.870915
2026-Oct-22 00:00,14.577,9.139,35.533593228931,94.4583 /T,0.0073792,62.20294
2026-Oct-22 03:00,14.578,9.139,35.5358192574844,94.3347 /T,0.007525,62.522942
2026-Oct-22 06:00,14.578,9.139,35.5380456925682,94.2111 /T,0.0076703,62.830964
2026-Oct-22 09:00,14.578,9.139,35.5402725336041,94.0875 /T,0.0078149,63.127045
2026-Oct-22 12:00,14.578,9.139,35.5424997787312,93.9638 /T,0.007959,63.411227
2026-Oct-22 15:00,14.578,9.139,35.5447274246897,93.8402 /T,0.0081024,63.683561
2026-Oct-22 18:00,14.578,9.139,35.546955466726,93.7166 /T,0.0082452,63.944119
2026-Oct-22 21:00,14.578,9.139,35.549183898521,93.5930 /T,0.0083874,64.192995
2026-Oct-23 00:00,14.579,9.139,35.5514127121417,93.4694 /T,0.0085291,64.430309
2026-Oct-23 03:00,14.579,9.139,35.5536418980176,93.3458 /T,0.0086703,64.656219
2026-Oct-23 06:00,14.579,9.139,35.5558714449425,93.2222 /T,0.0088109,64.870917
2026-Oct-23 09:00,14.579,9.139,35.5581013401004,93.0986 /T,0.0089512,65.074635
2026-Oct-23 12:00,14.579,9.139,35.5603315691164,92.9750 /T,0.0090912,65.267644
2026-Oct-23 15:00,14.579,9.139,35.5625621161314,92.8514 /T,0.0092309,65.45026
2026-Oct-23 18:00,14.579,9.139,35.5647929638987,92.7278 /T,0.0093705,65.62284
2026-Oct-23 21:00,14.58,9.139,35.5670240939026,92.6042 /T,0.00951,65.785782
2026-Oct-24 00:00,14.58,9.139,35.5692554864956,92.4805 /T,0.0096494,65.939524
2026-Oct-24 03:00,14.58,9.139,35.5714871210532,92.3569 /T,0.009789,66.08454
2026-Oct-24 06:00,14.58,9.139,35.5737189761433,92.2333 /T,0.0099288,66.221341
2026-Oct-24 09:00,14.58,9.139,35.5759510297087,92.1097 /T,0.0100688,66.350466
2026-Oct-24 12:00,14.58,9.139,35.5781832592583,91.9861 /T,0.0102092,66.472482
2026-Oct-24 15:00,14.58,9.139,35.580415642066,91.8625 /T,0.01035,66.587975
2026-Oct-24 18:00,14.581,9.139,35.5826481553723,91.7389 /T,0.0104913,66.697549
2026-Oct-24 21:00,14.581,9.139,35.584880776588,91.6152 /T,0.0106333,66.801817
2026-Oct-25 00:00,14.581,9.139,35.5871134834944,91.4916 /T,0.0107759,66.901395
2026-Oct-25 03:00,14.581,9.139,35.5893462544387,91.3680 /T,0.0109192,66.996898
2026-Oct-25 06:00,14.581,9.139,35.5915790685213,91.2444 /T,0.0110632,67.088932
2026-Oct-25 09:00,14.581,9.139,35.5938119057715,91.1207 /T,0.011208,67.178088
2026-Oct-25 12:00,14.581,9.139,35.5960447473096,90.9971 /T,0.0113536,67.264936
2026-Oct-25 15:00,14.582,9.139,35.5982775754932,90.8735 /T,0.0115001,67.35002
2026-Oct-25 18:00,14.582,9.139,35.6005103740442,90.7499 /T,0.0116473,67.433853
2026-Oct-25 21:00,14.582,9.139,35.602743128156,90.6262 /T,0.0117954,67.516909
2026-Oct-26 00:00,14.582,9.139,35.6049758245785,90.5026 /T,0.0119442,67.599624
2026-Oct-26 03:00,14.582,9.139,35.6072084516792,90.3790 /T,0.0120938,67.682386
2026-Oct-26 06:00,14.582,9.139,35.6094409994808,90.2554 /T,0.012244,67.765538
2026-Oct-26 09:00,14.582,9.139,35.611673459673,90.1317 /T,0.0123949,67.849371
2026-Oct-26 12:00,14.583,9.139,35.6139058255999,90.0081 /T,0.0125464,67.934127
2026-Oct-26 15:00,14.583,9.139,35.6161380922215,89.8845 /T,0.0126984,68.019992
2026-Oct-26 18:00,14.583,9.139,35.6183702560516,89.7608 /T,0.0128508,68.107102
2026-Oct-26 21:00,14.583,9.139,35.6206023150714,89.6372 /T,0.0130035,68.19554
2026-Oct-27 00:00,14.583,9.139,35.6228342686216,89.5136 /T,0.0131565,68.285339
2026-Oct-27 03:00,14.583,9.139,35.6250661172729,89.3899 /T,0.0133096,68.37648
2026-Oct-27 06:00,14.583,9.139,35.6272978626792,89.2663 /T,0.0134628,68.468902
2026-Oct-27 09:00,14.584,9.139,35.6295295074124,89.1426 /T,0.0136159,68.562498
2026-Oct-27 12:00,14.584,9.139,35.6317610547853,89.0190 /T,0.0137689,68.657119
2026-Oct-27 15:00,14.584,9.139,35.6339925086617,88.8954 /T,0.0139216,68.752585
2026-Oct-27 18:00,14.584,9.139,35.6362238732588,88.7717 /T,0.0140741,68.848678
2026-Oct-27 21:00,14.584,9.139,35.6384551529439,88.6481 /T,0.0142261,68.945158
2026-Oct-28 00:00,14.584,9.139,35.6406863520287,88.5244 /T,0.0143776,69.041758
2026-Oct-28 03:00,14.584,9.139,35.6429174745649,88.4008 /T,0.0145285,69.138196
2026-Oct-28 06:00,14.584,9.139,35.645148524143,88.2771 /T,0.0146789,69.234174
2026-Oct-28 09:00,14.585,9.139,35.6473795036982,88.1535 /T,0.0148285,69.329389
2026-Oct-28 12:00,14.585,9.139,35.6496104153265,88.0298 /T,0.0149774,69.423532
2026-Oct-28 15:00,14.585,9.139,35.6518412601127,87.9062 /T,0.0151256,69.516298
2026-Oct-28 18:00,14.585,9.139,35.654072037974,87.7825 /T,0.015273,69.607387
2026-Oct-28 21:00,14.585,9.139,35.6563027475212,87.6589 /T,0.0154196,69.696509
2026-Oct-29 00:00,14.585,9.139,35.658533385939,87.5352 /T,0.0155654,69.783391
2026-Oct-29 03:00,14.585,9.139,35.6607639488884,87.4116 /T,0.0157104,69.867776
2026-Oct-29 06:00,14.586,9.139,35.6629944304305,87.2879 /T,0.0158546,69.949433
2026-Oct-29 09:00,14.586,9.139,35.6652248229761,87.1643 /T,0.0159982,70.028155
2026-Oct-29 12:00,14.586,9.139,35.6674551172583,87.0406 /T,0.0161411,70.103764
2026-Oct-29 15:00,14.586,9.139,35.6696853023309,86.9169 /T,0.0162833,70.176112
2026-Oct-29 18:00,14.586,9.139,35.6719153655917,86.7933 /T,0.0164251,70.245086
2026-Oct-29 21:00,14.586,9.139,35.6741452928301,86.6696 /T,0.0165663,70.310606
2026-Oct-30 00:00,14.586,9.139,35.6763750682991,86.5459 /T,0.0167071,70.37263
2026-Oct-30 03:00,14.586,9.139,35.6786046748098,86.4222 /T,0.0168477,70.431151
2026-Oct-30 06:00,14.587,9.139,35.680834093847,86.2986 /T,0.016988,70.486197
2026-Oct-30 09:00,14.587,9.139,35.683063305705,86.1749 /T,0.0171282,70.537834
2026-Oct-30 12:00,14.587,9.139,35.6852922896406,86.0512 /T,0.0172684,70.586163
2026-Oct-30 15:00,14.587,9.139,35.6875210240412,85.9275 /T,0.0174087,70.631316
2026-Oct-30 18:00,14.587,9.139,35.6897494866059,85.8038 /T,0.0175491,70.673459
2026-Oct-30 21:00,14.587,9.139,35.6919776545367,85.6801 /T,0.0176898,70.712786
2026-Oct-31 00:00,14.587,9.139,35.6942055047367,85.5564 /T,0.0178309,70.749516
2026-Oct-31 03:00,14.587,9.139,35.6964330140123,85.4328 /T,0.0179724,70.783894
2026-Oct-31 06:00,14.588,9.139,35.6986601592767,85.3091 /T,0.0181144,70.816181
2026-Oct-31 09:00,14.588,9.139,35.7008869177519,85.1854 /T,0.018257,70.846657
2026-Oct-31 12:00,14.588,9.139,35.7031132671649,85.0617 /T,0.0184002,70.87561
2026-Oct-31 15:00,14.588,9.139,35.7053391859365,84.9380 /T,0.0185442,70.903339
2026-Oct-31 18:00,14.588,9.139,35.7075646533596,84.8142 /T,0.0186889,70.930145
2026-Oct-31 21:00,14.588,9.139,35.7097896497634,84.6905 /T,0.0188344,70.956327
2026-Nov-01 00:00,14.588,9.139,35.7120141566619,84.5668 /T,0.0189806,70.98218
2026-Nov-01 03:00,14.588,9.139,35.7142381568849,84.4431 /T,0.0191277,71.00799
2026-Nov-01 06:00,14.589,9.139,35.7164616346873,84.3194 /T,0.0192756,71.034028
2026-Nov-01 09:00,14.589,9.139,35.7186845758382,84.1957 /T,0.0194242,71.06055
2026-Nov-01 12:00,14.589,9.139,35.7209069676855,84.0720 /T,0.0195736,71.087791
2026-Nov-01 15:00,14.589,9.139,35.7231287991972,83.9483 /T,0.0197237,71.115964
2026-Nov-01 18:00,14.589,9.139,35.7253500609771,83.8245 /T,0.0198744,71.145253
2026-Nov-01 21:00,14.589,9.139,35.7275707452561,83.7008 /T,0.0200257,71.175819
2026-Nov-02 00:00,14.589,9.139,35.7297908458577,83.5771 /T,0.0201775,71.207788
2026-Nov-02 03:00,14.589,9.139,35.7320103581398,83.4534 /T,0.0203298,71.241261
2026-Nov-02 06:00,14.59,9.139,35.7342292789124,83.3296 /T,0.0204824,71.276301
2026-Nov-02 09:00,14.59,9.139,35.7364476063333,83.2059 /T,0.0206353,71.312945
2026-Nov-02 12:00,14.59,9.139,35.7386653397826,83.0822 /T,0.0207883,71.351195
2026-Nov-02 15:00,14.59,9.139,35.7408824797187,82.9584 /T,0.0209414,71.391022
2026-Nov-02 18:00,14.59,9.139,35.7430990275179,82.8347 /T,0.0210944,71.432368
2026-Nov-02 21:00,14.59,9.139,35.7453149852986,82.7110 /T,0.0212473,71.475147
2026-Nov-03 00:00,14.59,9.139,35.7475303557358,82.5872 /T,0.0214,71.519247
2026-Nov-03 03:00,14.59,9.139,35.7497451418653,82.4635 /T,0.0215523,71.564529
2026-Nov-03 06:00,14.591,9.139,35.7519593468831,82.3398 /T,0.0217043,71.610834
2026-Nov-03 09:00,14.591,9.139,35.7541729739418,82.2160 /T,0.0218557,71.657986
2026-Nov-03 12:00,14.591,9.139,35.7563860259476,82.0923 /T,0.0220065,71.70579
2026-Nov-03 15:00,14.591,9.139,35.758598505361,81.9685 /T,0.0221567,71.754039
2026-Nov-03 18:00,14.591,9.139,35.7608104140036,81.8448 /T,0.0223061,71.802518
2026-Nov-03 21:00,14.591,9.139,35.7630217528752,81.7210 /T,0.0224548,71.851003
2026-Nov-04 00:00,14.591,9.139,35.7652325219823,81.5973 /T,0.0226027,71.89927
2026-Nov-04 03:00,14.591,9.139,35.7674427201824,81.4735 /T,0.0227498,71.947094
2026-Nov-04 06:00,14.592,9.139,35.7696523450447,81.3498 /T,0.022896,71.994254
2026-Nov-04 09:00,14.592,9.139,35.7718613927309,81.2260 /T,0.0230414,72.040536
2026-Nov-04 12:00,14.592,9.139,35.7740698578966,81.1023 /T,0.0231859,72.085737
2026-Nov-04 15:00,14.592,9.139,35.7762777336155,80.9785 /T,0.0233296,72.129666
2026-Nov-04 18:00,14.592,9.139,35.7784850113275,80.8548 /T,0.0234725,72.172146
2026-Nov-04 21:00,14.592,9.139,35.7806916808112,80.7310 /T,0.0236147,72.213022
2026-Nov-05 00:00,14.592,9.139,35.782897730181,80.6072 /T,0.0237561,72.252156
2026-Nov-05 03:00,14.592,9.139,35.7851031459097,80.4835 /T,0.0238969,72.289432
2026-Nov-05 06:00,14.592,9.139,35.7873079128754,80.3597 /T,0.0240372,72.324759
2026-Nov-05 09:00,14.593,9.139,35.7895120144325,80.2359 /T,0.024177,72.35807
2026-Nov-05 12:00,14.593,9.139,35.791715432505,80.1122 /T,0.0243164,72.389323
2026-Nov-05 15:00,14.593,9.139,35.7939181477019,79.9884 /T,0.0244555,72.418503
2026-Nov-05 18:00,14.593,9.138,35.7961201394522,79.8646 /T,0.0245943,72.44562
2026-Nov-05 21:00,14.593,9.138,35.7983213861569,79.7409 /T,0.0247331,72.47071
2026-Nov-06 00:00,14.593,9.138,35.8005218653572,79.6171 /T,0.0248718,72.493834
2026-Nov-06 03:00,14.593,9.138,35.8027215539154,79.4933 /T,0.0250106,72.515078
2026-Nov-06 06:00,14.593,9.138,35.8049204282056,79.3695 /T,0.0251496,72.53455
2026-Nov-06 09:00,14.593,9.138,35.8071184643124,79.2458 /T,0.0252889,72.552378
2026-Nov-06 12:00,14.594,9.138,35.8093156382332,79.1220 /T,0.0254285,72.56871
2026-Nov-06 15:00,14.594,9.138,35.8115119260828,78.9982 /T,0.0255685,72.583711
2026-Nov-06 18:00,14.594,9.138,35.8137073042954,78.8744 /T,0.0257091,72.59756
2026-Nov-06 21:00,14.594,9.138,35.8159017498222,78.7506 /T,0.0258502,72.610446
2026-Nov-07 00:00,14.594,9.138,35.8180952403216,78.6269 /T,0.025992,72.622569
2026-Nov-07 03:00,14.594,9.138,35.8202877543385,78.5031 /T,0.0261344,72.634132
2026-Nov-07 06:00,14.594,9.138,35.8224792714702,78.3793 /T,0.0262775,72.645343
2026-Nov-07 09:00,14.594,9.138,35.8246697725169,78.2555 /T,0.0264214,72.656407
2026-Nov-07 12:00,14.594,9.138,35.826859239614,78.1317 /T,0.026566,72.667528
2026-Nov-07 15:00,14.595,9.138,35.8290476563441,78.0079 /T,0.0267113,72.678902
2026-Nov-07 18:00,14.595,9.138,35.8312350078276,77.8841 /T,0.0268573,72.690715
2026-Nov-07 21:00,14.595,9.138,35.8334212807904,77.7604 /T,0.0270041,72.703143
2026-Nov-08 00:00,14.595,9.138,35.835606463606,77.6366 /T,0.0271515,72.716344
2026-Nov-08 03:00,14.595,9.138,35.837790546315,77.5128 /T,0.0272994,72.730464
2026-Nov-08 06:00,14.595,9.138,35.8399735206174,77.3890 /T,0.027448,72.745628
2026-Nov-08 09:00,14.595,9.138,35.8421553798412,77.2652 /T,0.027597,72.761939
2026-Nov-08 12:00,14.595,9.138,35.8443361188856,77.1414 /T,0.0277464,72.779481
2026-Nov-08 15:00,14.595,9.138,35.8465157341411,77.0176 /T,0.0278961,72.798317
2026-Nov-08 18:00,14.595,9.138,35.8486942233868,76.8938 /T,0.028046,72.818482
2026-Nov-08 21:00,14.596,9.138,35.8508715856668,76.7701 /T,0.028196,72.839993
2026-Nov-09 00:00,14.596,9.138,35.8530478211476,76.6463 /T,0.0283461,72.862841
2026-Nov-09 03:00,14.596,9.138,35.8552229309585,76.5225 /T,0.0284961,72.886995
2026-Nov-09 06:00,14.596,9.138,35.8573969170176,76.3987 /T,0.0286459,72.912402
2026-Nov-09 09:00,14.596,9.138,35.8595697818466,76.2749 /T,0.0287954,72.938989
2026-Nov-09 12:00,14.596,9.138,35.8617415283752,76.1511 /T,0.0289446,72.966663
2026-Nov-09 15:00,14.596,9.138,35.8639121597414,76.0273 /T,0.0290933,72.995314
2026-Nov-09 18:00,14.596,9.138,35.8660816790873,75.9035 /T,0.0292414,73.024815
2026-Nov-09 21:00,14.596,9.138,35.868250089356,75.7798 /T,0.0293889,73.055026
2026-Nov-10 00:00,14.596,9.138,35.8704173930912,75.6560 /T,0.0295358,73.085796
2026-Nov-10 03:00,14.597,9.138,35.8725835922441,75.5322 /T,0.0296818,73.116964
2026-Nov-10 06:00,14.597,9.138,35.8747486879879,75.4084 /T,0.029827,73.148363
2026-Nov-10 09:00,14.597,9.137,35.8769126805462,75.2846 /T,0.0299714,73.179821
2026-Nov-10 12:00,14.597,9.137,35.8790755690347,75.1608 /T,0.0301148,73.211166
2026-Nov-10 15:00,14.597,9.137,35.8812373513206,75.0371 /T,0.0302574,73.242226
2026-Nov-10 18:00,14.597,9.137,35.883398023901,74.9133 /T,0.030399,73.272832
2026-Nov-10 21:00,14.597,9.137,35.8855575818022,74.7895 /T,0.0305397,73.302823
2026-Nov-11 00:00,14.597,9.137,35.8877160185016,74.6657 /T,0.0306795,73.332043
2026-Nov-11 03:00,14.597,9.137,35.889873325873,74.5419 /T,0.0308185,73.36035
2026-Nov-11 06:00,14.597,9.137,35.8920294941567,74.4181 /T,0.0309566,73.387613
2026-Nov-11 09:00,14.598,9.137,35.8941845119545,74.2944 /T,0.0310939,73.413715
2026-Nov-11 12:00,14.598,9.137,35.896338366249,74.1706 /T,0.0312305,73.438554
2026-Nov-11 15:00,14.598,9.137,35.8984910424483,74.0468 /T,0.0313665,73.462047
2026-Nov-11 18:00,14.598,9.137,35.9006425244542,73.9230 /T,0.0315019,73.48413
2026-Nov-11 21:00,14.598,9.137,35.9027927947533,73.7992 /T,0.0316369,73.504756
2026-Nov-12 00:00,14.598,9.137,35.9049418345303,73.6755 /T,0.0317714,73.5239
2026-Nov-12 03:00,14.598,9.137,35.9070896238,73.5517 /T,0.0319057,73.541555
2026-Nov-12 06:00,14.598,9.137,35.9092361415581,73.4279 /T,0.0320397,73.557735
2026-Nov-12 09:00,14.598,9.137,35.9113813659473,73.3041 /T,0.0321737,73.572475
2026-Nov-12 12:00,14.598,9.137,35.9135252744365,73.1804 /T,0.0323076,73.585827
2026-Nov-12 15:00,14.598,9.137,35.91566784401,73.0566 /T,0.0324416,73.597863
2026-Nov-12 18:00,14.599,9.137,35.9178090513655,72.9328 /T,0.0325758,73.608672
2026-Nov-12 21:00,14.599,9.137,35.919948873115,72.8090 /T,0.0327103,73.618358
2026-Nov-13 00:00,14.599,9.137,35.922087285989,72.6853 /T,0.0328452,73.627039
2026-Nov-13 03:00,14.599,9.137,35.9242242670378,72.5615 /T,0.0329805,73.634847
2026-Nov-13 06:00,14.599,9.137,35.9263597938298,72.4377 /T,0.0331163,73.641921
2026-Nov-13 09:00,14.599,9.137,35.9284938446407,72.3139 /T,0.0332527,73.648412
2026-Nov-13 12:00,14.599,9.137,35.9306263986338,72.1902 /T,0.0333896,73.654474
2026-Nov-13 15:00,14.599,9.137,35.9327574360264,72.0664 /T,0.0335272,73.660266
2026-Nov-13 18:00,14.599,9.137,35.934886938241,71.9426 /T,0.0336655,73.665948
2026-Nov-13 21:00,14.599,9.136,35.9370148880386,71.8189 /T,0.0338045,73.671677
2026-Nov-14 00:00,14.599,9.136,35.939141269632,71.6951 /T,0.0339441,73.677609
2026-Nov-14 03:00,14.6,9.136,35.9412660687774,71.5713 /T,0.0340844,73.683892
2026-Nov-14 06:00,14.6,9.136,35.9433892728438,71.4476 /T,0.0342254,73.690666
2026-Nov-14 09:00,14.6,9.136,35.9455108708567,71.3238 /T,0.0343669,73.698063
2026-Nov-14 12:00,14.6,9.136,35.9476308535189,71.2000 /T,0.0345091,73.7062
2026-Nov-14 15:00,14.6,9.136,35.9497492132047,71.0763 /T,0.0346517,73.715183
2026-Nov-14 18:00,14.6,9.136,35.9518659439301,70.9525 /T,0.0347948,73.7251
2026-Nov-14 21:00,14.6,9.136,35.9539810412975,70.8288 /T,0.0349382,73.736025
2026-Nov-15 00:00,14.6,9.136,35.9560945024177,70.7050 /T,0.0350819,73.748015
2026-Nov-15 03:00,14.6,9.136,35.9582063258082,70.5813 /T,0.0352258,73.761106
2026-Nov-15 06:00,14.6,9.136,35.9603165112714,70.4575 /T,0.0353699,73.775319
2026-Nov-15 09:00,14.6,9.136,35.9624250597532,70.3338 /T,0.0355139,73.790655
2026-Nov-15 12:00,14.6,9.136,35.9645319731843,70.2100 /T,0.0356578,73.807098
2026-Nov-15 15:00,14.601,9.136,35.9666372543076,70.0863 /T,0.0358015,73.824613
2026-Nov-15 18:00,14.601,9.136,35.9687409064927,69.9625 /T,0.0359448,73.843149
2026-Nov-15 21:00,14.601,9.136,35.9708429335423,69.8388 /T,0.0360878,73.862637
2026-Nov-16 00:00,14.601,9.136,35.9729433394913,69.7150 /T,0.0362303,73.882995
2026-Nov-16 03:00,14.601,9.136,35.9750421284038,69.5913 /T,0.0363723,73.904127
2026-Nov-16 06:00,14.601,9.136,35.9771393041691,69.4676 /T,0.0365135,73.925925
2026-Nov-16 09:00,14.601,9.136,35.9792348703016,69.3438 /T,0.0366541,73.94827
2026-Nov-16 12:00,14.601,9.136,35.9813288297459,69.2201 /T,0.0367938,73.971037
2026-Nov-16 15:00,14.601,9.136,35.983421184692,69.0964 /T,0.0369327,73.994091
2026-Nov-16 18:00,14.601,9.135,35.9855119364015,68.9726 /T,0.0370706,74.017295
2026-Nov-16 21:00,14.601,9.135,35.9876010850484,68.8489 /T,0.0372077,74.040509
2026-Nov-17 00:00,14.601,9.135,35.9896886295771,68.7252 /T,0.0373438,74.063594
2026-Nov-17 03:00,14.602,9.135,35.9917745675793,68.6015 /T,0.0374789,74.08641
2026-Nov-17 06:00,14.602,9.135,35.9938588951916,68.4778 /T,0.0376131,74.108823
2026-Nov-17 09:00,14.602,9.135,35.9959416070154,68.3540 /T,0.0377463,74.130705
2026-Nov-17 12:00,14.602,9.135,35.9980226960608,68.2303 /T,0.0378786,74.151933
2026-Nov-17 15:00,14.602,9.135,36.0001021537142,68.1066 /T,0.03801,74.172397
2026-Nov-17 18:00,14.602,9.135,36.0021799697316,67.9829 /T,0.0381407,74.191996
2026-Nov-17 21:00,14.602,9.135,36.0042561322562,67.8592 /T,0.0382705,74.21064
2026-Nov-18 00:00,14.602,9.135,36.0063306278608,67.7355 /T,0.0383996,74.228256
2026-Nov-18 03:00,14.602,9.135,36.0084034416144,67.6117 /T,0.0385282,74.244782
2026-Nov-18 06:00,14.602,9.135,36.0104745571717,67.4880 /T,0.0386561,74.260174
2026-Nov-18 09:00,14.602,9.135,36.0125439568843,67.3643 /T,0.0387837,74.274403
2026-Nov-18 12:00,14.602,9.135,36.0146116219316,67.2406 /T,0.0389109,74.287457
2026-Nov-18 15:00,14.602,9.135,36.0166775324702,67.1169 /T,0.0390378,74.299339
2026-Nov-18 18:00,14.603,9.135,36.0187416677988,66.9932 /T,0.0391646,74.31007
2026-Nov-18 21:00,14.603,9.135,36.0208040065363,66.8695 /T,0.0392913,74.319686
2026-Nov-19 00:00,14.603,9.135,36.0228645268106,66.7458 /T,0.039418,74.328239
2026-Nov-19 03:00,14.603,9.135,36.0249232064555,66.6221 /T,0.0395449,74.335795
2026-Nov-19 06:00,14.603,9.134,36.026980023212,66.4984 /T,0.039672,74.342434
2026-Nov-19 09:00,14.603,9.134,36.0290349549319,66.3747 /T,0.0397995,74.348248
2026-Nov-19 12:00,14.603,9.134,36.0310879797797,66.2510 /T,0.0399273,74.35334
2026-Nov-19 15:00,14.603,9.134,36.0331390764304,66.1274 /T,0.0400555,74.357823
2026-Nov-19 18:00,14.603,9.134,36.0351882242607,66.0037 /T,0.0401843,74.361815
2026-Nov-19 21:00,14.603,9.134,36.0372354035288,65.8800 /T,0.0403137,74.365442
2026-Nov-20 00:00,14.603,9.134,36.0392805955426,65.7563 /T,0.0404437,74.368833
2026-Nov-20 03:00,14.603,9.134,36.0413237828118,65.6326 /T,0.0405742,74.372119
2026-Nov-20 06:00,14.603,9.134,36.0433649491826,65.5089 /T,0.0407055,74.375431
2026-Nov-20 09:00,14.603,9.134,36.0454040799526,65.3853 /T,0.0408374,74.378897
2026-Nov-20 12:00,14.603,9.134,36.047441161964,65.2616 /T,0.0409699,74.382643
2026-Nov-20 15:00,14.604,9.134,36.0494761836741,65.1379 /T,0.0411031,74.386786
2026-Nov-20 18:00,14.604,9.134,36.051509135202,65.0142 /T,0.0412369,74.391437
2026-Nov-20 21:00,14.604,9.134,36.0535400083497,64.8906 /T,0.0413712,74.396699
2026-Nov-21 00:00,14.604,9.134,36.055568796599,64.7669 /T,0.041506,74.402661
2026-Nov-21 03:00,14.604,9.134,36.057595495083,64.6432 /T,0.0416412,74.409404
2026-Nov-21 06:00,14.604,9.134,36.0596201005327,64.5196 /T,0.0417768,74.416992
2026-Nov-21 09:00,14.604,9.134,36.0616426111999,64.3959 /T,0.0419126,74.425478
2026-Nov-21 12:00,14.604,9.133,36.0636630267576,64.2722 /T,0.0420486,74.434898
2026-Nov-21 15:00,14.604,9.133,36.065681348179,64.1486 /T,0.0421848,74.445275
2026-Nov-21 18:00,14.604,9.133,36.0676975775967,64.0249 /T,0.0423209,74.456614
2026-Nov-21 21:00,14.604,9.133,36.0697117181458,63.9013 /T,0.0424569,74.468907
2026-Nov-22 00:00,14.604,9.133,36.0717237737905,63.7776 /T,0.0425927,74.482131
2026-Nov-22 03:00,14.604,9.133,36.0737337491401,63.6540 /T,0.0427282,74.496247
2026-Nov-22 06:00,14.604,9.133,36.0757416492542,63.5303 /T,0.0428633,74.511202
2026-Nov-22 09:00,14.604,9.133,36.0777474794425,63.4067 /T,0.0429979,74.526932
2026-Nov-22 12:00,14.605,9.133,36.0797512450604,63.2830 /T,0.043132,74.54336
2026-Nov-22 15:00,14.605,9.133,36.0817529513043,63.1594 /T,0.0432653,74.560397
2026-Nov-22 18:00,14.605,9.133,36.0837526030105,63.0358 /T,0.043398,74.577948
2026-Nov-22 21:00,14.605,9.133,36.0857502044583,62.9121 /T,0.0435298,74.595907
2026-Nov-23 00:00,14.605,9.133,36.0877457591838,62.7885 /T,0.0436608,74.614163
2026-Nov-23 03:00,14.605,9.133,36.0897392698035,62.6649 /T,0.0437909,74.632602
2026-Nov-23 06:00,14.605,9.133,36.0917307378529,62.5412 /T,0.04392,74.651105
2026-Nov-23 09:00,14.605,9.133,36.0937201636421,62.4176 /T,0.0440482,74.669554
2026-Nov-23 12:00,14.605,9.133,36.0957075461295,62.2940 /T,0.0441754,74.687831
2026-Nov-23 15:00,14.605,9.132,36.097692882816,62.1703 /T,0.0443017,74.705819
2026-Nov-23 18:00,14.605,9.132,36.0996761696624,62.0467 /T,0.044427,74.723409
2026-Nov-23 21:00,14.605,9.132,36.1016574010292,61.9231 /T,0.0445513,74.740493
2026-Nov-24 00:00,14.605,9.132,36.1036365696411,61.7995 /T,0.0446748,74.756976
2026-Nov-24 03:00,14.605,9.132,36.1056136665766,61.6759 /T,0.0447975,74.772766
2026-Nov-24 06:00,14.605,9.132,36.1075886812816,61.5522 /T,0.0449193,74.787786
2026-Nov-24 09:00,14.605,9.132,36.1095616016085,61.4286 /T,0.0450405,74.801967
2026-Nov-24 12:00,14.605,9.132,36.1115324138792,61.3050 /T,0.045161,74.815253
2026-Nov-24 15:00,14.605,9.132,36.1135011029708,61.1814 /T,0.045281,74.827601
2026-Nov-24 18:00,14.606,9.132,36.1154676524232,61.0578 /T,0.0454005,74.838982
2026-Nov-24 21:00,14.606,9.132,36.1174320445671,60.9342 /T,0.0455196,74.849381
2026-Nov-25 00:00,14.606,9.132,36.1193942606697,60.8105 /T,0.0456385,74.858795
2026-Nov-25 03:00,14.606,9.132,36.121354281097,60.6869 /T,0.0457572,74.867238
2026-Nov-25 06:00,14.606,9.132,36.1233120854886,60.5633 /T,0.0458758,74.874736
2026-Nov-25 09:00,14.606,9.132,36.1252676529444,60.4397 /T,0.0459945,74.881327
2026-Nov-25 12:00,14.606,9.132,36.127220962219,60.3161 /T,0.0461133,74.887066
2026-Nov-25 15:00,14.606,9.131,36.129171991921,60.1925 /T,0.0462323,74.892015
2026-Nov-25 18:00,14.606,9.131,36.1311207207145,60.0689 /T,0.0463516,74.896251
2026-Nov-25 21:00,14.606,9.131,36.1330671275201,59.9453 /T,0.0464714,74.899858
2026-Nov-26 00:00,14.606,9.131,36.1350111917113,59.8217 /T,0.0465915,74.902929
2026-Nov-26 03:00,14.606,9.131,36.1369528933048,59.6981 /T,0.0467122,74.905565
2026-Nov-26 06:00,14.606,9.131,36.1388922131399,59.5745 /T,0.0468335,74.907872
2026-Nov-26 09:00,14.606,9.131,36.1408291330464,59.4509 /T,0.0469553,74.909959
2026-Nov-26 12:00,14.606,9.131,36.142763635997,59.3273 /T,0.0470778,74.911938
2026-Nov-26 15:00,14.606,9.131,36.144695706242,59.2037 /T,0.047201,74.913921
2026-Nov-26 18:00,14.606,9.131,36.1466253294251,59.0801 /T,0.0473249,74.91602
2026-Nov-26 21:00,14.606,9.131,36.1485524926779,58.9565 /T,0.0474493,74.918341
2026-Nov-27 00:00,14.606,9.131,36.1504771846908,58.8329 /T,0.0475745,74.92099
2026-Nov-27 03:00,14.607,9.131,36.1523993957615,58.7093 /T,0.0477002,74.924064
2026-Nov-27 06:00,14.607,9.131,36.1543191178177,58.5857 /T,0.0478266,74.927652
2026-Nov-27 09:00,14.607,9.131,36.156236344416,58.4621 /T,0.0479534,74.931836
2026-Nov-27 12:00,14.607,9.13,36.1581510707144,58.3385 /T,0.0480807,74.936687
2026-Nov-27 15:00,14.607,9.13,36.160063293422,58.2149 /T,0.0482083,74.942265
2026-Nov-27 18:00,14.607,9.13,36.1619730107236,58.0913 /T,0.0483363,74.948619
2026-Nov-27 21:00,14.607,9.13,36.1638802221818,57.9677 /T,0.0484645,74.955784
2026-Nov-28 00:00,14.607,9.13,36.1657849286189,57.8441 /T,0.0485927,74.963784
2026-Nov-28 03:00,14.607,9.13,36.167687131978,57.7205 /T,0.0487211,74.972628
2026-Nov-28 06:00,14.607,9.13,36.1695868351681,57.5969 /T,0.0488493,74.982313
2026-Nov-28 09:00,14.607,9.13,36.1714840418934,57.4733 /T,0.0489773,74.992821
2026-Nov-28 12:00,14.607,9.13,36.173378756471,57.3497 /T,0.0491051,75.004124
2026-Nov-28 15:00,14.607,9.13,36.1752709836381,57.2262 /T,0.0492325,75.016179
2026-Nov-28 18:00,14.607,9.13,36.177160728354,57.1026 /T,0.0493594,75.028934
2026-Nov-28 21:00,14.607,9.13,36.1790479955973,56.9790 /T,0.0494858,75.042325
2026-Nov-29 00:00,14.607,9.13,36.180932790163,56.8554 /T,0.0496115,75.056278
2026-Nov-29 03:00,14.607,9.13,36.1828151164629,56.7318 /T,0.0497365,75.070711
2026-Nov-29 06:00,14.607,9.129,36.1846949783306,56.6082 /T,0.0498608,75.085535
2026-Nov-29 09:00,14.607,9.129,36.1865723788359,56.4847 /T,0.0499841,75.100655
2026-Nov-29 12:00,14.607,9.129,36.18844732011,56.3611 /T,0.0501066,75.115972
2026-Nov-29 15:00,14.607,9.129,36.1903198031857,56.2375 /T,0.0502281,75.131384
2026-Nov-29 18:00,14.607,9.129,36.1921898278531,56.1139 /T,0.0503487,75.146787
2026-Nov-29 21:00,14.607,9.129,36.1940573925346,55.9903 /T,0.0504683,75.162077
2026-Nov-30 00:00,14.607,9.129,36.1959224941803,55.8668 /T,0.0505869,75.177154
2026-Nov-30 03:00,14.608,9.129,36.1977851281855,55.7432 /T,0.0507046,75.191919
2026-Nov-30 06:00,14.608,9.129,36.1996452883316,55.6196 /T,0.0508213,75.206278
2026-Nov-30 09:00,14.608,9.129,36.2015029667511,55.4960 /T,0.0509372,75.220145
2026-Nov-30 12:00,14.608,9.129,36.2033581539178,55.3725 /T,0.0510521,75.233437
2026-Nov-30 15:00,14.608,9.129,36.2052108386611,55.2489 /T,0.0511663,75.246085
2026-Nov-30 18:00,14.608,9.129,36.207061008206,55.1253 /T,0.0512797,75.258024
2026-Nov-30 21:00,14.608,9.129,36.2089086482362,55.0018 /T,0.0513924,75.269205
2026-Dec-01 00:00,14.608,9.128,36.2107537429808,54.8782 /T,0.0515046,75.279585
2026-Dec-01 03:00,14.608,9.128,36.2125962753232,54.7546 /T,0.0516163,75.289135
2026-Dec-01 06:00,14.608,9.128,36.214436226929,54.6310 /T,0.0517276,75.297839
2026-Dec-01 09:00,14.608,9.128,36.2162735783934,54.5075 /T,0.0518385,75.305692
2026-Dec-01 12:00,14.608,9.128,36.2181083094042,54.3839 /T,0.0519493,75.3127
2026-Dec-01 15:00,14.608,9.128,36.2199403989179,54.2603 /T,0.0520599,75.318885
2026-Dec-01 18:00,14.608,9.128,36.221769825348,54.1368 /T,0.0521706,75.324278
2026-Dec-01 21:00,14.608,9.128,36.2235965667603,54.0132 /T,0.0522813,75.328922
2026-Dec-02 00:00,14.608,9.128,36.2254206010739,53.8896 /T,0.0523922,75.33287
2026-Dec-02 03:00,14.608,9.128,36.2272419062652,53.7661 /T,0.0525033,75.336186
2026-Dec-02 06:00,14.608,9.128,36.2290604605693,53.6425 /T,0.0526148,75.338942
2026-Dec-02 09:00,14.608,9.128,36.2308762426798,53.5189 /T,0.0527267,75.341219
2026-Dec-02 12:00,14.608,9.127,36.2326892319401,53.3954 /T,0.0528391,75.343103
2026-Dec-02 15:00,14.608,9.127,36.2344994085259,53.2718 /T,0.052952,75.344687
2026-Dec-02 18:00,14.608,9.127,36.2363067536147,53.1483 /T,0.0530654,75.346065
2026-Dec-02 21:00,14.608,9.127,36.238111249541,53.0247 /T,0.0531795,75.347336
2026-Dec-03 00:00,14.608,9.127,36.2399128799334,52.9011 /T,0.0532941,75.348599
2026-Dec-03 03:00,14.608,9.127,36.2417116298331,52.7776 /T,0.0534094,75.349952
2026-Dec-03 06:00,14.608,9.127,36.2435074857902,52.6540 /T,0.0535253,75.351491
2026-Dec-03 09:00,14.608,9.127,36.2453004359386,52.5305 /T,0.0536418,75.353309
2026-Dec-03 12:00,14.608,9.127,36.2470904700455,52.4069 /T,0.0537589,75.355494
2026-Dec-03 15:00,14.608,9.127,36.2488775795378,52.2834 /T,0.0538765,75.358127
2026-Dec-03 18:00,14.608,9.127,36.250661757503,52.1598 /T,0.0539946,75.361281
2026-Dec-03 21:00,14.608,9.127,36.2524429986641,52.0363 /T,0.0541131,75.365022
2026-Dec-04 00:00,14.608,9.127,36.2542212993316,51.9127 /T,0.0542319,75.369406
2026-Dec-04 03:00,14.608,9.126,36.2559966573304,51.7892 /T,0.054351,75.374479
2026-Dec-04 06:00,14.608,9.126,36.257769071904,51.6656 /T,0.0544703,75.380275
2026-Dec-04 09:00,14.609,9.126,36.2595385435977,51.5421 /T,0.0545896,75.386818
2026-Dec-04 12:00,14.609,9.126,36.261305074122,51.4186 /T,0.054709,75.394118
2026-Dec-04 15:00,14.609,9.126,36.2630686661989,51.2950 /T,0.0548282,75.402177
2026-Dec-04 18:00,14.609,9.126,36.2648293233922,51.1715 /T,0.0549472,75.410982
2026-Dec-04 21:00,14.609,9.126,36.2665870499263,51.0480 /T,0.0550659,75.42051
2026-Dec-05 00:00,14.609,9.126,36.2683418504943,50.9244 /T,0.0551841,75.430726
2026-Dec-05 03:00,14.609,9.126,36.2700937300602,50.8009 /T,0.0553019,75.441586
2026-Dec-05 06:00,14.609,9.126,36.2718426936564,50.6774 /T,0.055419,75.453036
2026-Dec-05 09:00,14.609,9.126,36.273588746181,50.5539 /T,0.0555355,75.465011
2026-Dec-05 12:00,14.609,9.126,36.2753318921974,50.4304 /T,0.0556512,75.477442
2026-Dec-05 15:00,14.609,9.125,36.277072135739,50.3068 /T,0.0557661,75.490249
2026-Dec-05 18:00,14.609,9.125,36.2788094801227,50.1833 /T,0.0558801,75.50335
2026-Dec-05 21:00,14.609,9.125,36.2805439277734,50.0598 /T,0.0559931,75.516657
2026-Dec-06 00:00,14.609,9.125,36.2822754800623,49.9363 /T,0.0561052,75.530079
2026-Dec-06 03:00,14.609,9.125,36.2840041371618,49.8128 /T,0.0562162,75.543524
2026-Dec-06 06:00,14.609,9.125,36.2857298979183,49.6893 /T,0.0563263,75.556899
2026-Dec-06 09:00,14.609,9.125,36.2874527597462,49.5658 /T,0.0564352,75.570113
2026-Dec-06 12:00,14.609,9.125,36.2891727185432,49.4423 /T,0.0565432,75.583077
2026-Dec-06 15:00,14.609,9.125,36.2908897686291,49.3188 /T,0.0566502,75.595707
2026-Dec-06 18:00,14.609,9.125,36.2926039027091,49.1953 /T,0.0567562,75.607922
2026-Dec-06 21:00,14.609,9.125,36.294315111861,49.0718 /T,0.0568613,75.619649
2026-Dec-07 00:00,14.609,9.125,36.2960233855482,48.9483 /T,0.0569655,75.630821
2026-Dec-07 03:00,14.609,9.124,36.2977287116566,48.8249 /T,0.0570689,75.641381
2026-Dec-07 06:00,14.609,9.124,36.2994310765558,48.7014 /T,0.0571716,75.651279
2026-Dec-07 09:00,14.609,9.124,36.301130465184,48.5779 /T,0.0572737,75.660476
2026-Dec-07 12:00,14.609,9.124,36.3028268611538,48.4544 /T,0.0573752,75.668943
2026-Dec-07 15:00,14.609,9.124,36.3045202468791,48.3309 /T,0.0574762,75.676662
2026-Dec-07 18:00,14.609,9.124,36.3062106037199,48.2075 /T,0.0575768,75.683626
2026-Dec-07 21:00,14.609,9.124,36.307897912144,48.0840 /T,0.0576772,75.689839
2026-Dec-08 00:00,14.609,9.124,36.309582151901,47.9605 /T,0.0577774,75.695316
2026-Dec-08 03:00,14.609,9.124,36.3112633022097,47.8371 /T,0.0578775,75.700083
2026-Dec-08 06:00,14.609,9.124,36.3129413419515,47.7136 /T,0.0579776,75.704175
2026-Dec-08 09:00,14.609,9.124,36.314616249871,47.5902 /T,0.0580778,75.707638
2026-Dec-08 12:00,14.609,9.123,36.3162880047783,47.4667 /T,0.0581782,75.710527
2026-Dec-08 15:00,14.609,9.123,36.3179565857511,47.3433 /T,0.0582789,75.712906
2026-Dec-08 18:00,14.609,9.123,36.3196219723325,47.2198 /T,0.05838,75.714845
2026-Dec-08 21:00,14.609,9.123,36.3212841447231,47.0964 /T,0.0584815,75.71642
2026-Dec-09 00:00,14.609,9.123,36.3229430839632,46.9729 /T,0.0585834,75.717713
2026-Dec-09 03:00,14.609,9.123,36.3245987721026,46.8495 /T,0.0586858,75.71881
2026-Dec-09 06:00,14.609,9.123,36.3262511923557,46.7261 /T,0.0587888,75.719797
2026-Dec-09 09:00,14.609,9.123,36.3279003292398,46.6026 /T,0.0588924,75.720764
2026-Dec-09 12:00,14.609,9.123,36.3295461686938,46.4792 /T,0.0589965,75.721801
2026-Dec-09 15:00,14.609,9.123,36.331188698176,46.3558 /T,0.0591012,75.722993
2026-Dec-09 18:00,14.609,9.123,36.3328279067388,46.2324 /T,0.0592065,75.724425
2026-Dec-09 21:00,14.609,9.122,36.3344637850807,46.1090 /T,0.0593122,75.726179
2026-Dec-10 00:00,14.609,9.122,36.3360963255731,45.9856 /T,0.0594185,75.728327
2026-Dec-10 03:00,14.609,9.122,36.3377255222622,45.8622 /T,0.0595252,75.73094
2026-Dec-10 06:00,14.609,9.122,36.3393513708457,45.7388 /T,0.0596323,75.734078
2026-Dec-10 09:00,14.609,9.122,36.3409738686261,45.6154 /T,0.0597397,75.737793
2026-Dec-10 12:00,14.609,9.122,36.3425930144381,45.4920 /T,0.0598473,75.742129
2026-Dec-10 15:00,14.609,9.122,36.3442088085551,45.3686 /T,0.0599551,75.747119
2026-Dec-10 18:00,14.609,9.122,36.3458212525725,45.2452 /T,0.0600629,75.752788
2026-Dec-10 21:00,14.609,9.122,36.3474303492731,45.1218 /T,0.0601707,75.759149
2026-Dec-11 00:00,14.609,9.122,36.3490361024734,44.9985 /T,0.0602783,75.766203
2026-Dec-11 03:00,14.609,9.122,36.3506385168557,44.8751 /T,0.0603857,75.773943
2026-Dec-11 06:00,14.609,9.121,36.3522375977866,44.7517 /T,0.0604927,75.782351
2026-Dec-11 09:00,14.609,9.121,36.3538333511265,44.6284 /T,0.0605993,75.791396
2026-Dec-11 12:00,14.609,9.121,36.3554257830316,44.5050 /T,0.0607054,75.801041
2026-Dec-11 15:00,14.609,9.121,36.3570148997516,44.3817 /T,0.0608108,75.811239
2026-Dec-11 18:00,14.609,9.121,36.358600707427,44.2583 /T,0.0609156,75.821933
2026-Dec-11 21:00,14.609,9.121,36.3601832118885,44.1350 /T,0.0610195,75.833061
2026-Dec-12 00:00,14.609,9.121,36.3617624184614,44.0117 /T,0.0611226,75.844554
2026-Dec-12 03:00,14.609,9.121,36.3633383317783,43.8883 /T,0.0612247,75.856335
2026-Dec-12 06:00,14.609,9.121,36.3649109556027,43.7650 /T,0.0613259,75.868327
2026-Dec-12 09:00,14.609,9.121,36.3664802926663,43.6417 /T,0.0614261,75.880448
2026-Dec-12 12:00,14.609,9.12,36.3680463445232,43.5184 /T,0.0615252,75.892613
2026-Dec-12 15:00,14.609,9.12,36.3696091114208,43.3951 /T,0.0616232,75.904738
2026-Dec-12 18:00,14.609,9.12,36.3711685921925,43.2718 /T,0.0617202,75.916739
2026-Dec-12 21:00,14.609,9.12,36.372724784172,43.1485 /T,0.0618162,75.928535
2026-Dec-13 00:00,14.609,9.12,36.3742776831295,43.0252 /T,0.0619111,75.940048
2026-Dec-13 03:00,14.609,9.12,36.3758272832339,42.9019 /T,0.062005,75.951203
2026-Dec-13 06:00,14.609,9.12,36.3773735770383,42.7787 /T,0.0620979,75.961932
2026-Dec-13 09:00,14.609,9.12,36.3789165554906,42.6554 /T,0.06219,75.972172
2026-Dec-13 12:00,14.609,9.12,36.3804562079692,42.5321 /T,0.0622812,75.981868
2026-Dec-13 15:00,14.609,9.12,36.381992522342,42.4089 /T,0.0623716,75.990974
2026-Dec-13 18:00,14.609,9.119,36.3835254850497,42.2856 /T,0.0624613,75.999451
2026-Dec-13 21:00,14.609,9.119,36.38505508121,42.1624 /T,0.0625504,76.007271
2026-Dec-14 00:00,14.609,9.119,36.3865812947426,42.0391 /T,0.062639,76.014415
2026-Dec-14 03:00,14.609,9.119,36.388104108513,41.9159 /T,0.0627272,76.020873
2026-Dec-14 06:00,14.609,9.119,36.389623504492,41.7926 /T,0.0628151,76.026648
2026-Dec-14 09:00,14.609,9.119,36.3911394639296,41.6694 /T,0.0629027,76.031749
2026-Dec-14 12:00,14.609,9.119,36.3926519675401,41.5462 /T,0.0629903,76.036199
2026-Dec-14 15:00,14.609,9.119,36.3941609956956,41.4230 /T,0.0630778,76.040029
2026-Dec-14 18:00,14.609,9.119,36.3956665286254,41.2998 /T,0.0631653,76.043277
2026-Dec-14 21:00,14.609,9.119,36.3971685466178,41.1766 /T,0.063253,76.045993
2026-Dec-15 00:00,14.609,9.119,36.3986670302217,41.0534 /T,0.063341,76.048233
2026-Dec-15 03:00,14.609,9.118,36.400161960445,40.9302 /T,0.0634293,76.050059
2026-Dec-15 06:00,14.609,9.118,36.4016533189457,40.8070 /T,0.0635179,76.051541
2026-Dec-15 09:00,14.609,9.118,36.4031410882152,40.6838 /T,0.063607,76.052752
2026-Dec-15 12:00,14.609,9.118,36.4046252517482,40.5607 /T,0.0636966,76.05377
2026-Dec-15 15:00,14.609,9.118,36.4061057941986,40.4375 /T,0.0637867,76.054675
2026-Dec-15 18:00,14.609,9.118,36.4075827015185,40.3143 /T,0.0638773,76.055548
2026-Dec-15 21:00,14.609,9.118,36.4090559610779,40.1912 /T,0.0639684,76.056472
2026-Dec-16 00:00,14.609,9.118,36.4105255617635,40.0680 /T,0.0640602,76.057527
2026-Dec-16 03:00,14.609,9.118,36.4119914940552,39.9449 /T,0.0641524,76.05879
2026-Dec-16 06:00,14.609,9.117,36.4134537500787,39.8218 /T,0.0642452,76.060337
2026-Dec-16 09:00,14.609,9.117,36.4149123236343,39.6987 /T,0.0643384,76.062238
2026-Dec-16 12:00,14.609,9.117,36.4163672102,39.5755 /T,0.064432,76.064557
2026-Dec-16 15:00,14.609,9.117,36.4178184069103,39.4524 /T,0.0645261,76.067352
2026-Dec-16 18:00,14.609,9.117,36.4192659125101,39.3293 /T,0.0646204,76.070673
2026-Dec-16 21:00,14.609,9.117,36.4207097272845,39.2062 /T,0.0647149,76.074562
2026-Dec-17 00:00,14.609,9.117,36.4221498529663,39.0831 /T,0.0648096,76.079052
2026-Dec-17 03:00,14.609,9.117,36.4235862926214,38.9601 /T,0.0649043,76.084167
2026-Dec-17 06:00,14.609,9.117,36.4250190505146,38.8370 /T,0.064999,76.089922
2026-Dec-17 09:00,14.609,9.117,36.4264481319578,38.7139 /T,0.0650935,76.09632
2026-Dec-17 12:00,14.609,9.116,36.4278735431432,38.5909 /T,0.0651878,76.103357
2026-Dec-17 15:00,14.609,9.116,36.4292952909626,38.4678 /T,0.0652817,76.111018
2026-Dec-17 18:00,14.609,9.116,36.4307133828179,38.3448 /T,0.0653752,76.119277
2026-Dec-17 21:00,14.609,9.116,36.4321278264234,38.2218 /T,0.0654681,76.128102
2026-Dec-18 00:00,14.609,9.116,36.4335386296042,38.0987 /T,0.0655604,76.13745
2026-Dec-18 03:00,14.609,9.116,36.434945800094,37.9757 /T,0.065652,76.147271
2026-Dec-18 06:00,14.609,9.116,36.436349345334,37.8527 /T,0.0657428,76.157509
2026-Dec-18 09:00,14.609,9.116,36.4377492722775,37.7297 /T,0.0658328,76.1681
2026-Dec-18 12:00,14.609,9.116,36.4391455872021,37.6067 /T,0.0659218,76.178976
2026-Dec-18 15:00,14.609,9.116,36.4405382955328,37.4837 /T,0.0660098,76.190065
2026-Dec-18 18:00,14.608,9.115,36.4419274016788,37.3608 /T,0.0660969,76.201291
2026-Dec-18 21:00,14.608,9.115,36.4433129088858,37.2378 /T,0.0661828,76.212577
2026-Dec-19 00:00,14.608,9.115,36.4446948191069,37.1148 /T,0.0662677,76.223844
2026-Dec-19 03:00,14.608,9.115,36.4460731328932,36.9919 /T,0.0663515,76.235014
2026-Dec-19 06:00,14.608,9.115,36.4474478493067,36.8690 /T,0.0664343,76.246012
2026-Dec-19 09:00,14.608,9.115,36.4488189658553,36.7460 /T,0.066516,76.256764
2026-Dec-19 12:00,14.608,9.115,36.4501864784526,36.6231 /T,0.0665967,76.267199
2026-Dec-19 15:00,14.608,9.115,36.4515503814018,36.5002 /T,0.0666764,76.277254
2026-Dec-19 18:00,14.608,9.115,36.4529106674044,36.3773 /T,0.0667552,76.286867
2026-Dec-19 21:00,14.608,9.114,36.4542673275935,36.2544 /T,0.0668332,76.295987
2026-Dec-20 00:00,14.608,9.114,36.4556203515914,36.1315 /T,0.0669103,76.304569
2026-Dec-20 03:00,14.608,9.114,36.4569697275896,36.0086 /T,0.0669868,76.312574
2026-Dec-20 06:00,14.608,9.114,36.4583154424517,35.8857 /T,0.0670626,76.319974
2026-Dec-20 09:00,14.608,9.114,36.4596574818362,35.7629 /T,0.0671379,76.32675
2026-Dec-20 12:00,14.608,9.114,36.4609958303376,35.6400 /T,0.0672128,76.332891
2026-Dec-20 15:00,14.608,9.114,36.4623304716445,35.5172 /T,0.0672873,76.338396
2026-Dec-20 18:00,14.608,9.114,36.4636613887107,35.3943 /T,0.0673616,76.343273
2026-Dec-20 21:00,14.608,9.114,36.4649885639389,35.2715 /T,0.0674357,76.34754
2026-Dec-21 00:00,14.608,9.113,36.4663119793721,35.1487 /T,0.0675099,76.351224
2026-Dec-21 03:00,14.608,9.113,36.4676316168911,35.0258 /T,0.067584,76.354359
2026-Dec-21 06:00,14.608,9.113,36.468947458415,34.9030 /T,0.0676584,76.35699
2026-Dec-21 09:00,14.608,9.113,36.4702594861006,34.7802 /T,0.0677329,76.359166
2026-Dec-21 12:00,14.608,9.113,36.4715676825399,34.6575 /T,0.0678078,76.360945
2026-Dec-21 15:00,14.608,9.113,36.4728720309497,34.5347 /T,0.0678831,76.362391
2026-Dec-21 18:00,14.608,9.113,36.4741725153533,34.4119 /T,0.0679587,76.36357
2026-Dec-21 21:00,14.608,9.113,36.47546912075,34.2892 /T,0.0680349,76.364556
2026-Dec-22 00:00,14.608,9.113,36.4767618332696,34.1664 /T,0.0681116,76.365421
2026-Dec-22 03:00,14.608,9.113,36.4780506403106,34.0437 /T,0.0681888,76.366242
2026-Dec-22 06:00,14.608,9.112,36.4793355306591,33.9209 /T,0.0682666,76.367096
2026-Dec-22 09:00,14.608,9.112,36.4806164945871,33.7982 /T,0.068345,76.368057
2026-Dec-22 12:00,14.608,9.112,36.4818935239285,33.6755 /T,0.0684239,76.369199
2026-Dec-22 15:00,14.608,9.112,36.4831666121312,33.5528 /T,0.0685033,76.370593
2026-Dec-22 18:00,14.608,9.112,36.4844357542851,33.4301 /T,0.0685833,76.372306
2026-Dec-22 21:00,14.608,9.112,36.4857009471255,33.3074 /T,0.0686636,76.374398
2026-Dec-23 00:00,14.607,9.112,36.4869621890112,33.1847 /T,0.0687444,76.376925
2026-Dec-23 03:00,14.607,9.112,36.4882194798783,33.0621 /T,0.0688255,76.379936
2026-Dec-23 06:00,14.607,9.112,36.4894728211698,32.9394 /T,0.0689069,76.383471
2026-Dec-23 09:00,14.607,9.111,36.4907222157427,32.8168 /T,0.0689884,76.387564
2026-Dec-23 12:00,14.607,9.111,36.4919676677532,32.6941 /T,0.06907,76.392239
2026-Dec-23 15:00,14.607,9.111,36.4932091825224,32.5715 /T,0.0691515,76.397512
2026-Dec-23 18:00,14.607,9.111,36.4944467663844,32.4489 /T,0.069233,76.403387
2026-Dec-23 21:00,14.607,9.111,36.4956804265184,32.3263 /T,0.0693143,76.409863
2026-Dec-24 00:00,14.607,9.111,36.4969101707685,32.2037 /T,0.0693952,76.416927
2026-Dec-24 03:00,14.607,9.111,36.4981360074533,32.0811 /T,0.0694758,76.424558
2026-Dec-24 06:00,14.607,9.111,36.4993579451678,31.9586 /T,0.0695558,76.432726
2026-Dec-24 09:00,14.607,9.111,36.5005759925817,31.8360 /T,0.0696353,76.441394
2026-Dec-24 12:00,14.607,9.11,36.5017901582355,31.7134 /T,0.0697141,76.450516
2026-Dec-24 15:00,14.607,9.11,36.5030004503402,31.5909 /T,0.0697921,76.460041
2026-Dec-24 18:00,14.607,9.11,36.5042068765798,31.4684 /T,0.0698693,76.469909
2026-Dec-24 21:00,14.607,9.11,36.5054094439238,31.3459 /T,0.0699456,76.480059
2026-Dec-25 00:00,14.607,9.11,36.5066081584489,31.2234 /T,0.0700209,76.490423
2026-Dec-25 03:00,14.607,9.11,36.507803025175,31.1009 /T,0.0700953,76.50093
2026-Dec-25 06:00,14.607,9.11,36.508994047917,30.9784 /T,0.0701686,76.511508
2026-Dec-25 09:00,14.607,9.11,36.5101812291544,30.8559 /T,0.0702409,76.522083
2026-Dec-25 12:00,14.607,9.109,36.5113645699217,30.7334 /T,0.0703122,76.532583
2026-Dec-25 15:00,14.607,9.109,36.5125440697193,30.6110 /T,0.0703824,76.542934
2026-Dec-25 18:00,14.607,9.109,36.513719726449,30.4886 /T,0.0704515,76.553068
2026-Dec-25 21:00,14.607,9.109,36.5148915363727,30.3661 /T,0.0705197,76.562917
2026-Dec-26 00:00,14.607,9.109,36.5160594940951,30.2437 /T,0.0705869,76.57242
2026-Dec-26 03:00,14.606,9.109,36.5172235925726,30.1213 /T,0.0706533,76.581519
2026-Dec-26 06:00,14.606,9.109,36.5183838231459,29.9989 /T,0.0707187,76.590164
2026-Dec-26 09:00,14.606,9.109,36.5195401755969,29.8765 /T,0.0707834,76.59831
2026-Dec-26 12:00,14.606,9.109,36.5206926382296,29.7541 /T,0.0708474,76.605921
2026-Dec-26 15:00,14.606,9.108,36.5218411979722,29.6318 /T,0.0709108,76.612968
2026-Dec-26 18:00,14.606,9.108,36.5229858405001,29.5094 /T,0.0709736,76.619431
2026-Dec-26 21:00,14.606,9.108,36.5241265503781,29.3871 /T,0.071036,76.625298
2026-Dec-27 00:00,14.606,9.108,36.5252633112182,29.2648 /T,0.0710981,76.630566
2026-Dec-27 03:00,14.606,9.108,36.5263961058527,29.1425 /T,0.07116,76.635242
2026-Dec-27 06:00,14.606,9.108,36.5275249165178,29.0202 /T,0.0712217,76.639341
2026-Dec-27 09:00,14.606,9.108,36.5286497250471,28.8979 /T,0.0712834,76.642886
2026-Dec-27 12:00,14.606,9.108,36.5297705130704,28.7756 /T,0.0713451,76.645909
2026-Dec-27 15:00,14.606,9.108,36.5308872622159,28.6533 /T,0.0714069,76.64845
2026-Dec-27 18:00,14.606,9.107,36.531999954312,28.5311 /T,0.071469,76.650555
2026-Dec-27 21:00,14.606,9.107,36.5331085715865,28.4088 /T,0.0715314,76.652277
2026-Dec-28 00:00,14.606,9.107,36.5342130968595,28.2866 /T,0.0715942,76.653676
2026-Dec-28 03:00,14.606,9.107,36.5353135137272,28.1644 /T,0.0716574,76.654814
2026-Dec-28 06:00,14.606,9.107,36.5364098067344,28.0422 /T,0.0717211,76.65576
2026-Dec-28 09:00,14.606,9.107,36.5375019615326,27.9200 /T,0.0717853,76.656582
2026-Dec-28 12:00,14.606,9.107,36.5385899650213,27.7978 /T,0.07185,76.657352
2026-Dec-28 15:00,14.605,9.107,36.5396738054704,27.6757 /T,0.0719153,76.658144
2026-Dec-28 18:00,14.605,9.107,36.5407534726221,27.5535 /T,0.0719811,76.659028
2026-Dec-28 21:00,14.605,9.106,36.5418289577707,27.4314 /T,0.0720475,76.660076
2026-Dec-29 00:00,14.605,9.106,36.5429002538189,27.3093 /T,0.0721144,76.661354
2026-Dec-29 03:00,14.605,9.106,36.5439673553092,27.1872 /T,0.0721817,76.662926
2026-Dec-29 06:00,14.605,9.106,36.5450302584318,27.0651 /T,0.0722495,76.664853
2026-Dec-29 09:00,14.605,9.106,36.5460889610063,26.9430 /T,0.0723178,76.667187
2026-Dec-29 12:00,14.605,9.106,36.5471434624396,26.8210 /T,0.0723863,76.669977
2026-Dec-29 15:00,14.605,9.106,36.5481937636596,26.6989 /T,0.072455,76.673262
2026-Dec-29 18:00,14.605,9.106,36.5492398670257,26.5769 /T,0.0725239,76.677076
2026-Dec-29 21:00,14.605,9.105,36.5502817762182,26.4549 /T,0.0725929,76.681444
2026-Dec-30 00:00,14.605,9.105,36.5513194961074,26.3329 /T,0.0726619,76.686382
2026-Dec-30 03:00,14.605,9.105,36.5523530326048,26.2109 /T,0.0727307,76.691897
2026-Dec-30 06:00,14.605,9.105,36.5533823924989,26.0890 /T,0.0727994,76.697989
2026-Dec-30 09:00,14.605,9.105,36.5544075832778,25.9670 /T,0.0728676,76.704648
2026-Dec-30 12:00,14.605,9.105,36.5554286129414,25.8451 /T,0.0729355,76.711855
2026-Dec-30 15:00,14.605,9.105,36.5564454898061,25.7232 /T,0.0730029,76.719585
2026-Dec-30 18:00,14.605,9.105,36.5574582223048,25.6013 /T,0.0730696,76.727802
2026-Dec-30 21:00,14.604,9.104,36.558466818786,25.4794 /T,0.0731357,76.736466
2026-Dec-31 00:00,14.604,9.104,36.5594712873137,25.3576 /T,0.0732009,76.745527
